# Converted from NanoShaper .vert/.face
v -6.760000 -15.167000 -2.571000
v -6.579000 -15.167000 -2.571000
v -7.367000 -15.167000 -2.071000
v -5.907000 -15.167000 -2.071000
v -7.795000 -15.167000 -1.571000
v -5.099000 -15.167000 -1.571000
v -8.264000 -15.167000 -1.071000
v -5.085000 -15.167000 -1.071000
v -8.384000 -15.167000 -0.571000
v -5.659000 -15.167000 -0.571000
v -8.757000 -15.167000 -0.071000
v -6.043000 -15.167000 -0.071000
v -8.764000 -15.167000 0.429000
v -6.478000 -15.167000 0.429000
v -8.825000 -15.167000 0.929000
v -6.569000 -15.167000 0.929000
v -8.847000 -15.167000 1.429000
v -6.519000 -15.167000 1.429000
v -8.727000 -15.167000 1.929000
v -6.435000 -15.167000 1.929000
v -8.393000 -15.167000 2.429000
v -5.988000 -15.167000 2.429000
v -4.383000 -15.167000 2.429000
v -0.259000 -15.167000 2.429000
v -8.356000 -15.167000 2.929000
v -0.040000 -15.167000 2.929000
v -8.595000 -15.167000 3.429000
v -0.025000 -15.167000 3.429000
v -9.091000 -15.167000 3.929000
v 0.027000 -15.167000 3.929000
v -9.533000 -15.167000 4.429000
v 0.318000 -15.167000 4.429000
v -10.106000 -15.167000 4.929000
v -1.451000 -15.167000 4.929000
v -0.775000 -15.167000 4.929000
v 0.354000 -15.167000 4.929000
v -10.421000 -15.167000 5.429000
v -1.343000 -15.167000 5.429000
v -0.950000 -15.167000 5.429000
v 0.474000 -15.167000 5.429000
v -10.802000 -15.167000 5.929000
v -2.972000 -15.167000 5.929000
v -2.003000 -15.167000 5.929000
v 0.497000 -15.167000 5.929000
v -10.821000 -15.167000 6.429000
v -7.528000 -15.167000 6.429000
v -6.756000 -15.167000 6.429000
v -4.487000 -15.167000 6.429000
v -1.918000 -15.167000 6.429000
v 0.025000 -15.167000 6.429000
v -10.387000 -15.167000 6.929000
v -8.452000 -15.167000 6.929000
v -2.252000 -15.167000 6.929000
v -0.455000 -15.167000 6.929000
v -10.269000 -15.167000 7.429000
v -8.953000 -15.167000 7.429000
v -2.231000 -15.167000 7.429000
v -1.047000 -15.167000 7.429000
v -10.256000 -15.167000 7.929000
v -9.047000 -15.167000 7.929000
v -10.178000 -15.167000 8.429000
v -9.058000 -15.167000 8.429000
v -4.709000 -11.167000 -8.071000
v -3.032000 -11.167000 -8.071000
v -5.293000 -11.167000 -7.571000
v -2.467000 -11.167000 -7.571000
v -5.751000 -11.167000 -7.071000
v -2.023000 -11.167000 -7.071000
v -6.297000 -11.167000 -6.571000
v -1.839000 -11.167000 -6.571000
v -6.506000 -11.167000 -6.071000
v -1.851000 -11.167000 -6.071000
v -6.558000 -11.167000 -5.571000
v -2.059000 -11.167000 -5.571000
v -6.555000 -11.167000 -5.071000
v -2.294000 -11.167000 -5.071000
v -6.373000 -11.167000 -4.571000
v -2.450000 -11.167000 -4.571000
v -6.027000 -11.167000 -4.071000
v -2.714000 -11.167000 -4.071000
v -5.667000 -11.167000 -3.571000
v -3.542000 -11.167000 -3.571000
v -5.330000 -11.167000 -3.071000
v -4.078000 -11.167000 -3.071000
v -6.849000 -11.167000 -1.571000
v -6.565000 -11.167000 -1.571000
v -7.543000 -11.167000 -1.071000
v -6.007000 -11.167000 -1.071000
v -8.149000 -11.167000 -0.571000
v -5.656000 -11.167000 -0.571000
v -8.448000 -11.167000 -0.071000
v -5.471000 -11.167000 -0.071000
v -8.780000 -11.167000 0.429000
v -5.465000 -11.167000 0.429000
v -8.803000 -11.167000 0.929000
v -5.691000 -11.167000 0.929000
v -10.657000 -15.167000 5.723000
v -10.657000 -15.167000 6.683000
v -10.157000 -15.167000 5.000000
v -10.157000 -15.167000 8.478000
v -9.657000 -15.167000 4.548000
v -9.657000 -15.167000 8.821000
v -9.157000 -15.167000 4.011000
v -9.157000 -15.167000 8.604000
v -8.657000 -15.167000 -0.242000
v -8.657000 -15.167000 2.049000
v -8.657000 -15.167000 3.502000
v -8.657000 -15.167000 7.072000
v -8.157000 -15.167000 -1.253000
v -8.157000 -15.167000 6.759000
v -7.657000 -15.167000 -1.765000
v -7.657000 -15.167000 6.474000
v -7.157000 -15.167000 -2.383000
v -7.157000 -15.167000 6.379000
v -6.657000 -15.167000 -2.577000
v -6.657000 -15.167000 6.453000
v -6.157000 -15.167000 -2.359000
v -6.157000 -15.167000 0.119000
v -6.157000 -15.167000 2.309000
v -6.157000 -15.167000 6.532000
v -5.657000 -15.167000 -1.939000
v -5.657000 -15.167000 -0.572000
v -5.657000 -15.167000 2.574000
v -5.657000 -15.167000 6.557000
v -5.157000 -15.167000 -1.670000
v -5.157000 -15.167000 -0.941000
v -5.157000 -15.167000 2.633000
v -5.157000 -15.167000 6.576000
v -4.657000 -15.167000 2.523000
v -4.657000 -15.167000 6.483000
v -4.157000 -15.167000 2.355000
v -4.157000 -15.167000 6.305000
v -3.657000 -15.167000 2.301000
v -3.657000 -15.167000 6.113000
v -3.157000 -15.167000 2.287000
v -3.157000 -15.167000 6.033000
v -2.657000 -15.167000 2.324000
v -2.657000 -15.167000 5.821000
v -2.157000 -15.167000 2.278000
v -2.157000 -15.167000 5.835000
v -2.157000 -15.167000 6.728000
v -2.157000 -15.167000 7.553000
v -1.657000 -15.167000 2.071000
v -1.657000 -15.167000 7.801000
v -1.157000 -15.167000 1.970000
v -1.157000 -15.167000 4.648000
v -1.157000 -15.167000 5.475000
v -1.157000 -15.167000 7.554000
v -0.657000 -15.167000 2.096000
v -0.657000 -15.167000 7.169000
v -0.157000 -15.167000 2.588000
v -0.157000 -15.167000 6.687000
v 0.343000 -15.167000 4.478000
v 0.343000 -15.167000 6.167000
v -8.657000 -11.167000 0.242000
v -8.657000 -11.167000 1.165000
v -8.157000 -11.167000 -0.560000
v -8.157000 -11.167000 1.370000
v -7.657000 -11.167000 -0.983000
v -7.657000 -11.167000 1.394000
v -7.157000 -11.167000 -1.427000
v -7.157000 -11.167000 1.405000
v -6.657000 -11.167000 -1.583000
v -6.657000 -11.167000 1.410000
v -6.157000 -11.167000 -6.745000
v -6.157000 -11.167000 -4.239000
v -6.157000 -11.167000 -1.330000
v -6.157000 -11.167000 1.297000
v -5.657000 -11.167000 -7.151000
v -5.657000 -11.167000 -3.557000
v -5.657000 -11.167000 -0.573000
v -5.657000 -11.167000 0.883000
v -5.157000 -11.167000 -7.746000
v -5.157000 -11.167000 -2.827000
v -4.657000 -11.167000 -8.093000
v -4.657000 -11.167000 -2.634000
v -4.157000 -11.167000 -8.192000
v -4.157000 -11.167000 -2.926000
v -3.657000 -11.167000 -8.211000
v -3.657000 -11.167000 -3.504000
v -3.157000 -11.167000 -8.125000
v -3.157000 -11.167000 -3.744000
v -2.657000 -11.167000 -7.801000
v -2.657000 -11.167000 -4.141000
v -2.157000 -11.167000 -7.255000
v -2.157000 -11.167000 -5.380000
v -6.157000 -12.811000 -5.071000
v -6.157000 -9.869000 -5.071000
v -5.657000 -13.349000 -5.071000
v -5.657000 -9.563000 -5.071000
v -5.157000 -13.685000 -5.071000
v -5.157000 -9.487000 -5.071000
v -4.657000 -13.792000 -5.071000
v -4.657000 -9.539000 -5.071000
v -4.157000 -13.841000 -5.071000
v -4.157000 -9.643000 -5.071000
v -3.657000 -13.785000 -5.071000
v -3.657000 -9.852000 -5.071000
v -3.157000 -13.679000 -5.071000
v -3.157000 -10.090000 -5.071000
v -2.657000 -13.334000 -5.071000
v -2.657000 -10.396000 -5.071000
v -8.657000 -14.855000 -1.071000
v -8.657000 -12.251000 -1.071000
v -8.157000 -15.218000 -1.071000
v -8.157000 -11.750000 -1.071000
v -7.657000 -15.327000 -1.071000
v -7.657000 -11.247000 -1.071000
v -7.157000 -15.335000 -1.071000
v -7.157000 -11.014000 -1.071000
v -6.657000 -15.298000 -1.071000
v -6.657000 -10.972000 -1.071000
v -6.157000 -15.336000 -1.071000
v -6.157000 -11.088000 -1.071000
v -5.657000 -15.292000 -1.071000
v -5.657000 -11.376000 -1.071000
v -5.157000 -15.198000 -1.071000
v -5.157000 -11.538000 -1.071000
v -4.657000 -14.864000 -1.071000
v -4.657000 -11.658000 -1.071000
v -4.157000 -14.482000 -1.071000
v -4.157000 -11.798000 -1.071000
v -3.657000 -14.179000 -1.071000
v -3.657000 -12.195000 -1.071000
v -3.157000 -13.887000 -1.071000
v -3.157000 -12.925000 -1.071000
v -8.657000 -14.963000 2.929000
v -8.657000 -12.426000 2.929000
v -8.157000 -15.256000 2.929000
v -8.157000 -12.092000 2.929000
v -7.657000 -15.384000 2.929000
v -7.657000 -11.996000 2.929000
v -7.157000 -15.525000 2.929000
v -7.157000 -11.981000 2.929000
v -6.657000 -15.628000 2.929000
v -6.657000 -12.048000 2.929000
v -6.157000 -15.569000 2.929000
v -6.157000 -12.156000 2.929000
v -5.657000 -15.537000 2.929000
v -5.657000 -12.508000 2.929000
v -5.157000 -15.648000 2.929000
v -5.157000 -13.335000 2.929000
v -4.657000 -16.103000 2.929000
v -4.657000 -14.022000 2.929000
v -4.157000 -16.502000 2.929000
v -4.157000 -14.202000 2.929000
v -3.657000 -16.596000 2.929000
v -3.657000 -14.233000 2.929000
v -3.157000 -16.587000 2.929000
v -3.157000 -14.209000 2.929000
v -2.657000 -16.678000 2.929000
v -2.657000 -14.301000 2.929000
v -2.157000 -16.948000 2.929000
v -2.157000 -14.526000 2.929000
v -1.657000 -17.251000 2.929000
v -1.657000 -14.594000 2.929000
v -1.157000 -17.334000 2.929000
v -1.157000 -14.564000 2.929000
v -0.657000 -17.231000 2.929000
v -0.657000 -14.668000 2.929000
v -0.157000 -16.921000 2.929000
v -0.157000 -15.019000 2.929000
v -11.657000 -14.075000 6.929000
v -11.657000 -12.777000 6.929000
v -11.157000 -14.644000 6.929000
v -11.157000 -12.332000 6.929000
v -10.657000 -15.062000 6.929000
v -10.657000 -11.932000 6.929000
v -10.157000 -15.218000 6.929000
v -10.157000 -11.624000 6.929000
v -9.657000 -15.309000 6.929000
v -9.657000 -11.548000 6.929000
v -9.157000 -15.325000 6.929000
v -9.157000 -11.568000 6.929000
v -8.657000 -15.255000 6.929000
v -8.657000 -11.673000 6.929000
v -8.157000 -14.938000 6.929000
v -8.157000 -12.029000 6.929000
v -7.657000 -14.418000 6.929000
v -7.657000 -12.949000 6.929000
v -3.157000 -16.439000 6.929000
v -3.157000 -15.946000 6.929000
v -2.657000 -17.366000 6.929000
v -2.657000 -15.375000 6.929000
v -2.157000 -17.702000 6.929000
v -2.157000 -15.131000 6.929000
v -1.657000 -17.796000 6.929000
v -1.657000 -15.034000 6.929000
v -1.157000 -17.759000 6.929000
v -1.157000 -15.005000 6.929000
v -0.657000 -17.664000 6.929000
v -0.657000 -15.090000 6.929000
v -0.157000 -17.463000 6.929000
v -0.157000 -15.293000 6.929000
v 0.343000 -17.045000 6.929000
v 0.343000 -15.728000 6.929000
v -6.769000 -14.667000 -3.071000
v -6.571000 -14.667000 -3.071000
v -7.652000 -14.667000 -2.571000
v -3.092000 -14.667000 -2.571000
v -8.058000 -14.667000 -2.071000
v -3.070000 -14.667000 -2.071000
v -8.554000 -14.667000 -1.571000
v -4.015000 -14.667000 -1.571000
v -8.803000 -14.667000 -1.071000
v -4.427000 -14.667000 -1.071000
v -9.124000 -14.667000 -0.571000
v -4.736000 -14.667000 -0.571000
v -9.347000 -14.667000 -0.071000
v -5.269000 -14.667000 -0.071000
v -9.337000 -14.667000 0.429000
v -5.676000 -14.667000 0.429000
v -9.356000 -14.667000 0.929000
v -5.940000 -14.667000 0.929000
v -9.369000 -14.667000 1.429000
v -5.954000 -14.667000 1.429000
v -9.294000 -14.667000 1.929000
v -5.815000 -14.667000 1.929000
v -9.083000 -14.667000 2.429000
v -5.361000 -14.667000 2.429000
v -8.953000 -14.667000 2.929000
v -0.659000 -14.667000 2.929000
v -9.047000 -14.667000 3.429000
v -0.708000 -14.667000 3.429000
v -9.326000 -14.667000 3.929000
v -1.647000 -14.667000 3.929000
v -9.843000 -14.667000 4.429000
v -1.980000 -14.667000 4.429000
v -10.431000 -14.667000 4.929000
v -2.229000 -14.667000 4.929000
v -11.101000 -14.667000 5.429000
v -3.125000 -14.667000 5.429000
v -11.362000 -14.667000 5.929000
v -3.899000 -14.667000 5.929000
v -11.372000 -14.667000 6.429000
v -4.606000 -14.667000 6.429000
v -11.140000 -14.667000 6.929000
v -7.928000 -14.667000 6.929000
v -10.892000 -14.667000 7.429000
v -8.350000 -14.667000 7.429000
v -10.822000 -14.667000 7.929000
v -8.455000 -14.667000 7.929000
v -10.771000 -14.667000 8.429000
v -8.464000 -14.667000 8.429000
v -10.556000 -14.667000 8.929000
v -8.680000 -14.667000 8.929000
v -4.745000 -10.667000 -8.071000
v -3.010000 -10.667000 -8.071000
v -5.311000 -10.667000 -7.571000
v -2.448000 -10.667000 -7.571000
v -5.594000 -10.667000 -7.071000
v -2.029000 -10.667000 -7.071000
v -6.043000 -10.667000 -6.571000
v -1.844000 -10.667000 -6.571000
v -6.359000 -10.667000 -6.071000
v -1.856000 -10.667000 -6.071000
v -6.558000 -10.667000 -5.571000
v -2.072000 -10.667000 -5.571000
v -6.571000 -10.667000 -5.071000
v -2.462000 -10.667000 -5.071000
v -6.390000 -10.667000 -4.571000
v -2.744000 -10.667000 -4.571000
v -5.898000 -10.667000 -4.071000
v -3.602000 -10.667000 -4.071000
v -7.832000 -10.667000 -0.071000
v -6.000000 -10.667000 -0.071000
v -7.813000 -10.667000 0.429000
v -5.987000 -10.667000 0.429000
v -11.157000 -14.667000 5.501000
v -11.157000 -14.667000 6.905000
v -10.657000 -14.667000 5.092000
v -10.657000 -14.667000 8.766000
v -10.157000 -14.667000 4.670000
v -10.157000 -14.667000 9.267000
v -9.657000 -14.667000 4.274000
v -9.657000 -14.667000 9.398000
v -9.157000 -14.667000 -0.525000
v -9.157000 -14.667000 2.273000
v -9.157000 -14.667000 3.661000
v -9.157000 -14.667000 9.304000
v -8.657000 -14.667000 -1.421000
v -8.657000 -14.667000 8.897000
v -8.157000 -14.667000 -1.949000
v -8.157000 -14.667000 7.130000
v -7.657000 -14.667000 -2.563000
v -7.657000 -14.667000 6.773000
v -7.157000 -14.667000 -2.972000
v -7.157000 -14.667000 6.617000
v -6.657000 -14.667000 -3.075000
v -6.657000 -14.667000 6.598000
v -6.157000 -14.667000 -3.026000
v -6.157000 -14.667000 6.556000
v -5.657000 -14.667000 -2.992000
v -5.657000 -14.667000 0.399000
v -5.657000 -14.667000 2.184000
v -5.657000 -14.667000 6.548000
v -5.157000 -14.667000 -2.865000
v -5.157000 -14.667000 -0.194000
v -5.157000 -14.667000 2.525000
v -5.157000 -14.667000 6.550000
v -4.657000 -14.667000 -2.896000
v -4.657000 -14.667000 -0.683000
v -4.657000 -14.667000 2.614000
v -4.657000 -14.667000 6.451000
v -4.157000 -14.667000 -2.997000
v -4.157000 -14.667000 -1.445000
v -4.157000 -14.667000 2.557000
v -4.157000 -14.667000 6.148000
v -3.657000 -14.667000 -2.906000
v -3.657000 -14.667000 -1.685000
v -3.657000 -14.667000 2.496000
v -3.657000 -14.667000 5.786000
v -3.157000 -14.667000 -2.673000
v -3.157000 -14.667000 -1.918000
v -3.157000 -14.667000 2.474000
v -3.157000 -14.667000 5.446000
v -2.657000 -14.667000 2.563000
v -2.657000 -14.667000 5.259000
v -2.157000 -14.667000 2.709000
v -2.157000 -14.667000 4.825000
v -1.657000 -14.667000 2.720000
v -1.657000 -14.667000 3.940000
v -1.157000 -14.667000 2.569000
v -1.157000 -14.667000 3.693000
v -7.657000 -10.667000 -0.335000
v -7.657000 -10.667000 0.647000
v -7.157000 -10.667000 -0.514000
v -7.157000 -10.667000 0.825000
v -6.657000 -10.667000 -0.505000
v -6.657000 -10.667000 0.897000
v -6.157000 -10.667000 -6.417000
v -6.157000 -10.667000 -4.280000
v -6.157000 -10.667000 -0.305000
v -6.157000 -10.667000 0.696000
v -5.657000 -10.667000 -6.982000
v -5.657000 -10.667000 -3.928000
v -5.157000 -10.667000 -7.768000
v -5.157000 -10.667000 -3.737000
v -4.657000 -10.667000 -8.110000
v -4.657000 -10.667000 -3.657000
v -4.157000 -10.667000 -8.208000
v -4.157000 -10.667000 -3.783000
v -3.657000 -10.667000 -8.219000
v -3.657000 -10.667000 -4.052000
v -3.157000 -10.667000 -8.135000
v -3.157000 -10.667000 -4.218000
v -2.657000 -10.667000 -7.821000
v -2.657000 -10.667000 -4.704000
v -2.157000 -10.667000 -7.248000
v -2.157000 -10.667000 -5.460000
v -6.157000 -12.727000 -4.571000
v -6.157000 -10.135000 -4.571000
v -5.657000 -13.577000 -4.571000
v -5.657000 -9.755000 -4.571000
v -5.157000 -14.018000 -4.571000
v -5.157000 -9.666000 -4.571000
v -4.657000 -14.138000 -4.571000
v -4.657000 -9.751000 -4.571000
v -4.157000 -14.091000 -4.571000
v -4.157000 -9.879000 -4.571000
v -3.657000 -14.106000 -4.571000
v -3.657000 -10.162000 -4.571000
v -3.157000 -14.006000 -4.571000
v -3.157000 -10.326000 -4.571000
v -2.657000 -13.592000 -4.571000
v -2.657000 -10.795000 -4.571000
v -9.157000 -14.624000 -0.571000
v -9.157000 -13.106000 -0.571000
v -8.657000 -15.038000 -0.571000
v -8.657000 -11.769000 -0.571000
v -8.157000 -15.251000 -0.571000
v -8.157000 -11.178000 -0.571000
v -7.657000 -15.346000 -0.571000
v -7.657000 -10.790000 -0.571000
v -7.157000 -15.306000 -0.571000
v -7.157000 -10.700000 -0.571000
v -6.657000 -15.293000 -0.571000
v -6.657000 -10.708000 -0.571000
v -6.157000 -15.261000 -0.571000
v -6.157000 -10.815000 -0.571000
v -5.657000 -15.167000 -0.571000
v -5.657000 -11.166000 -0.571000
v -5.157000 -14.993000 -0.571000
v -5.157000 -11.569000 -0.571000
v -4.657000 -14.559000 -0.571000
v -4.657000 -12.002000 -0.571000
v -4.157000 -13.754000 -0.571000
v -4.157000 -12.493000 -0.571000
v -8.657000 -15.123000 3.429000
v -8.657000 -12.448000 3.429000
v -8.157000 -15.347000 3.429000
v -8.157000 -12.122000 3.429000
v -7.657000 -15.486000 3.429000
v -7.657000 -12.017000 3.429000
v -7.157000 -15.709000 3.429000
v -7.157000 -12.003000 3.429000
v -6.657000 -15.813000 3.429000
v -6.657000 -12.045000 3.429000
v -6.157000 -15.831000 3.429000
v -6.157000 -12.131000 3.429000
v -5.657000 -15.962000 3.429000
v -5.657000 -12.445000 3.429000
v -5.157000 -16.173000 3.429000
v -5.157000 -13.021000 3.429000
v -4.657000 -16.503000 3.429000
v -4.657000 -13.371000 3.429000
v -4.157000 -16.712000 3.429000
v -4.157000 -13.732000 3.429000
v -3.657000 -16.791000 3.429000
v -3.657000 -13.960000 3.429000
v -3.157000 -16.777000 3.429000
v -3.157000 -14.018000 3.429000
v -2.657000 -16.803000 3.429000
v -2.657000 -14.097000 3.429000
v -2.157000 -16.965000 3.429000
v -2.157000 -14.366000 3.429000
v -1.657000 -17.232000 3.429000
v -1.657000 -14.546000 3.429000
v -1.157000 -17.339000 3.429000
v -1.157000 -14.582000 3.429000
v -0.657000 -17.352000 3.429000
v -0.657000 -14.687000 3.429000
v -0.157000 -17.252000 3.429000
v -0.157000 -15.033000 3.429000
v 0.343000 -16.914000 3.429000
v 0.343000 -15.666000 3.429000
v -11.157000 -14.349000 7.429000
v -11.157000 -12.558000 7.429000
v -10.657000 -14.924000 7.429000
v -10.657000 -12.162000 7.429000
v -10.157000 -15.211000 7.429000
v -10.157000 -11.835000 7.429000
v -9.657000 -15.303000 7.429000
v -9.657000 -11.745000 7.429000
v -9.157000 -15.238000 7.429000
v -9.157000 -11.771000 7.429000
v -8.657000 -14.995000 7.429000
v -8.657000 -11.895000 7.429000
v -8.157000 -14.432000 7.429000
v -8.157000 -12.339000 7.429000
v -2.657000 -17.362000 7.429000
v -2.657000 -15.470000 7.429000
v -2.157000 -17.699000 7.429000
v -2.157000 -15.136000 7.429000
v -1.657000 -17.793000 7.429000
v -1.657000 -15.041000 7.429000
v -1.157000 -17.699000 7.429000
v -1.157000 -15.131000 7.429000
v -0.657000 -17.448000 7.429000
v -0.657000 -15.315000 7.429000
v -0.157000 -17.011000 7.429000
v -0.157000 -15.743000 7.429000
v -5.288000 -14.167000 -4.071000
v -2.992000 -14.167000 -4.071000
v -5.859000 -14.167000 -3.571000
v -2.906000 -14.167000 -3.571000
v -7.352000 -14.167000 -3.071000
v -2.720000 -14.167000 -3.071000
v -7.863000 -14.167000 -2.571000
v -2.493000 -14.167000 -2.571000
v -8.292000 -14.167000 -2.071000
v -2.482000 -14.167000 -2.071000
v -8.776000 -14.167000 -1.571000
v -2.710000 -14.167000 -1.571000
v -9.015000 -14.167000 -1.071000
v -3.636000 -14.167000 -1.071000
v -9.368000 -14.167000 -0.571000
v -4.424000 -14.167000 -0.571000
v -9.551000 -14.167000 -0.071000
v -4.975000 -14.167000 -0.071000
v -9.540000 -14.167000 0.429000
v -5.429000 -14.167000 0.429000
v -9.540000 -14.167000 0.929000
v -5.717000 -14.167000 0.929000
v -9.551000 -14.167000 1.429000
v -5.783000 -14.167000 1.429000
v -9.489000 -14.167000 1.929000
v -5.686000 -14.167000 1.929000
v -9.298000 -14.167000 2.429000
v -5.338000 -14.167000 2.429000
v -9.122000 -14.167000 2.929000
v -4.345000 -14.167000 2.929000
v -9.141000 -14.167000 3.429000
v -2.494000 -14.167000 3.429000
v -9.366000 -14.167000 3.929000
v -2.486000 -14.167000 3.929000
v -9.865000 -14.167000 4.429000
v -2.541000 -14.167000 4.429000
v -10.729000 -14.167000 4.929000
v -3.250000 -14.167000 4.929000
v -11.570000 -14.167000 5.429000
v -3.836000 -14.167000 5.429000
v -11.818000 -14.167000 5.929000
v -4.284000 -14.167000 5.929000
v -11.823000 -14.167000 6.429000
v -5.079000 -14.167000 6.429000
v -11.591000 -14.167000 6.929000
v -7.478000 -14.167000 6.929000
v -11.294000 -14.167000 7.429000
v -7.928000 -14.167000 7.429000
v -11.091000 -14.167000 7.929000
v -8.147000 -14.167000 7.929000
v -10.977000 -14.167000 8.429000
v -8.259000 -14.167000 8.429000
v -10.800000 -14.167000 8.929000
v -8.436000 -14.167000 8.929000
v -10.285000 -14.167000 9.429000
v -8.951000 -14.167000 9.429000
v -4.156000 -10.167000 -8.071000
v -3.098000 -10.167000 -8.071000
v -5.094000 -10.167000 -7.571000
v -2.475000 -10.167000 -7.571000
v -5.334000 -10.167000 -7.071000
v -2.232000 -10.167000 -7.071000
v -5.633000 -10.167000 -6.571000
v -2.049000 -10.167000 -6.571000
v -6.123000 -10.167000 -6.071000
v -2.063000 -10.167000 -6.071000
v -6.379000 -10.167000 -5.571000
v -2.328000 -10.167000 -5.571000
v -6.394000 -10.167000 -5.071000
v -2.971000 -10.167000 -5.071000
v -6.181000 -10.167000 -4.571000
v -3.645000 -10.167000 -4.571000
v -11.657000 -14.167000 5.548000
v -11.657000 -14.167000 6.836000
v -11.157000 -14.167000 5.113000
v -11.157000 -14.167000 7.763000
v -10.657000 -14.167000 4.902000
v -10.657000 -14.167000 9.126000
v -10.157000 -14.167000 4.627000
v -10.157000 -14.167000 9.491000
v -9.657000 -14.167000 4.267000
v -9.657000 -14.167000 9.601000
v -9.157000 -14.167000 -0.849000
v -9.157000 -14.167000 2.775000
v -9.157000 -14.167000 3.494000
v -9.157000 -14.167000 9.522000
v -8.657000 -14.167000 -1.727000
v -8.657000 -14.167000 9.210000
v -8.157000 -14.167000 -2.230000
v -8.157000 -14.167000 7.963000
v -7.657000 -14.167000 -2.837000
v -7.657000 -14.167000 7.078000
v -7.157000 -14.167000 -3.162000
v -7.157000 -14.167000 6.754000
v -6.657000 -14.167000 -3.275000
v -6.657000 -14.167000 6.624000
v -6.157000 -14.167000 -3.431000
v -6.157000 -14.167000 6.534000
v -5.657000 -14.167000 -3.690000
v -5.657000 -14.167000 0.784000
v -5.657000 -14.167000 1.999000
v -5.657000 -14.167000 6.533000
v -5.157000 -14.167000 -4.284000
v -5.157000 -14.167000 0.143000
v -5.157000 -14.167000 2.573000
v -5.157000 -14.167000 6.457000
v -4.657000 -14.167000 -4.522000
v -4.657000 -14.167000 -0.359000
v -4.657000 -14.167000 2.852000
v -4.657000 -14.167000 6.230000
v -4.157000 -14.167000 -4.435000
v -4.157000 -14.167000 -0.759000
v -4.157000 -14.167000 2.960000
v -4.157000 -14.167000 5.757000
v -3.657000 -14.167000 -4.474000
v -3.657000 -14.167000 -1.062000
v -3.657000 -14.167000 3.041000
v -3.657000 -14.167000 5.237000
v -3.157000 -14.167000 -4.295000
v -3.157000 -14.167000 -1.222000
v -3.157000 -14.167000 3.002000
v -3.157000 -14.167000 4.887000
v -2.657000 -14.167000 -2.953000
v -2.657000 -14.167000 -1.644000
v -2.657000 -14.167000 3.184000
v -2.657000 -14.167000 4.618000
v -6.157000 -10.167000 -6.028000
v -6.157000 -10.167000 -4.540000
v -5.657000 -10.167000 -6.539000
v -5.657000 -10.167000 -4.162000
v -5.157000 -10.167000 -7.483000
v -5.157000 -10.167000 -4.074000
v -4.657000 -10.167000 -7.917000
v -4.657000 -10.167000 -4.156000
v -4.157000 -10.167000 -8.071000
v -4.157000 -10.167000 -4.293000
v -3.657000 -10.167000 -8.168000
v -3.657000 -10.167000 -4.564000
v -3.157000 -10.167000 -8.093000
v -3.157000 -10.167000 -4.899000
v -2.657000 -10.167000 -7.787000
v -2.657000 -10.167000 -5.305000
v -2.157000 -10.167000 -6.897000
v -2.157000 -10.167000 -5.819000
v -4.657000 -11.250000 -8.071000
v -4.657000 -10.499000 -8.071000
v -4.157000 -11.509000 -8.071000
v -4.157000 -10.168000 -8.071000
v -3.657000 -11.557000 -8.071000
v -3.657000 -9.864000 -8.071000
v -3.157000 -11.353000 -8.071000
v -3.157000 -10.078000 -8.071000
v -6.157000 -12.892000 -4.071000
v -6.157000 -11.930000 -4.071000
v -5.657000 -13.915000 -4.071000
v -5.657000 -10.340000 -4.071000
v -5.157000 -14.226000 -4.071000
v -5.157000 -10.173000 -4.071000
v -4.657000 -14.327000 -4.071000
v -4.657000 -10.257000 -4.071000
v -4.157000 -14.287000 -4.071000
v -4.157000 -10.384000 -4.071000
v -3.657000 -14.323000 -4.071000
v -3.657000 -10.645000 -4.071000
v -3.157000 -14.240000 -4.071000
v -3.157000 -10.817000 -4.071000
v -2.657000 -13.921000 -4.071000
v -2.657000 -11.246000 -4.071000
v -9.157000 -14.896000 -0.071000
v -9.157000 -11.771000 -0.071000
v -8.657000 -15.207000 -0.071000
v -8.657000 -11.324000 -0.071000
v -8.157000 -15.295000 -0.071000
v -8.157000 -10.900000 -0.071000
v -7.657000 -15.330000 -0.071000
v -7.657000 -10.592000 -0.071000
v -7.157000 -15.317000 -0.071000
v -7.157000 -10.515000 -0.071000
v -6.657000 -15.302000 -0.071000
v -6.657000 -10.505000 -0.071000
v -6.157000 -15.215000 -0.071000
v -6.157000 -10.595000 -0.071000
v -5.657000 -14.963000 -0.071000
v -5.657000 -10.926000 -0.071000
v -5.157000 -14.533000 -0.071000
v -5.157000 -11.733000 -0.071000
v -9.157000 -15.074000 3.929000
v -9.157000 -13.131000 3.929000
v -8.657000 -15.506000 3.929000
v -8.657000 -12.401000 3.929000
v -8.157000 -15.610000 3.929000
v -8.157000 -12.105000 3.929000
v -7.657000 -15.696000 3.929000
v -7.657000 -12.012000 3.929000
v -7.157000 -15.794000 3.929000
v -7.157000 -11.993000 3.929000
v -6.657000 -15.869000 3.929000
v -6.657000 -12.037000 3.929000
v -6.157000 -16.029000 3.929000
v -6.157000 -12.121000 3.929000
v -5.657000 -16.205000 3.929000
v -5.657000 -12.427000 3.929000
v -5.157000 -16.489000 3.929000
v -5.157000 -12.901000 3.929000
v -4.657000 -16.691000 3.929000
v -4.657000 -13.158000 3.929000
v -4.157000 -16.774000 3.929000
v -4.157000 -13.482000 3.929000
v -3.657000 -16.793000 3.929000
v -3.657000 -13.847000 3.929000
v -3.157000 -16.777000 3.929000
v -3.157000 -13.984000 3.929000
v -2.657000 -16.745000 3.929000
v -2.657000 -14.088000 3.929000
v -2.157000 -16.813000 3.929000
v -2.157000 -14.398000 3.929000
v -1.657000 -17.045000 3.929000
v -1.657000 -14.663000 3.929000
v -1.157000 -17.343000 3.929000
v -1.157000 -14.793000 3.929000
v -0.657000 -17.542000 3.929000
v -0.657000 -14.890000 3.929000
v -0.157000 -17.638000 3.929000
v -0.157000 -15.075000 3.929000
v 0.343000 -17.534000 3.929000
v 0.343000 -15.357000 3.929000
v 0.843000 -17.105000 3.929000
v 0.843000 -15.821000 3.929000
v -11.157000 -14.014000 7.929000
v -11.157000 -12.946000 7.929000
v -10.657000 -14.876000 7.929000
v -10.657000 -12.432000 7.929000
v -10.157000 -15.210000 7.929000
v -10.157000 -12.290000 7.929000
v -9.657000 -15.304000 7.929000
v -9.657000 -12.195000 7.929000
v -9.157000 -15.214000 7.929000
v -9.157000 -12.183000 7.929000
v -8.657000 -14.901000 7.929000
v -8.657000 -12.273000 7.929000
v -8.157000 -14.187000 7.929000
v -8.157000 -12.658000 7.929000
v -2.657000 -17.037000 7.929000
v -2.657000 -15.798000 7.929000
v -2.157000 -17.482000 7.929000
v -2.157000 -15.352000 7.929000
v -1.657000 -17.594000 7.929000
v -1.657000 -15.240000 7.929000
v -1.157000 -17.483000 7.929000
v -1.157000 -15.352000 7.929000
v -0.657000 -17.039000 7.929000
v -0.657000 -15.793000 7.929000
v -0.807000 -17.667000 4.429000
v 0.524000 -17.667000 4.429000
v -0.840000 -17.667000 4.929000
v 0.539000 -17.667000 4.929000
v -0.878000 -17.667000 5.429000
v 0.509000 -17.667000 5.429000
v -1.143000 -17.667000 5.929000
v 0.467000 -17.667000 5.929000
v -1.656000 -17.667000 6.429000
v -0.142000 -17.667000 6.429000
v -2.240000 -17.667000 6.929000
v -0.667000 -17.667000 6.929000
v -2.233000 -17.667000 7.429000
v -1.081000 -17.667000 7.429000
v -5.199000 -13.667000 -5.071000
v -3.130000 -13.667000 -5.071000
v -5.589000 -13.667000 -4.571000
v -2.717000 -13.667000 -4.571000
v -5.862000 -13.667000 -4.071000
v -2.458000 -13.667000 -4.071000
v -6.329000 -13.667000 -3.571000
v -2.437000 -13.667000 -3.571000
v -7.320000 -13.667000 -3.071000
v -2.418000 -13.667000 -3.071000
v -7.861000 -13.667000 -2.571000
v -2.288000 -13.667000 -2.571000
v -8.304000 -13.667000 -2.071000
v -2.279000 -13.667000 -2.071000
v -8.761000 -13.667000 -1.571000
v -2.467000 -13.667000 -1.571000
v -9.008000 -13.667000 -1.071000
v -3.010000 -13.667000 -1.071000
v -9.373000 -13.667000 -0.571000
v -4.112000 -13.667000 -0.571000
v -9.556000 -13.667000 -0.071000
v -4.945000 -13.667000 -0.071000
v -9.552000 -13.667000 0.429000
v -5.403000 -13.667000 0.429000
v -9.564000 -13.667000 0.929000
v -5.682000 -13.667000 0.929000
v -9.556000 -13.667000 1.429000
v -5.747000 -13.667000 1.429000
v -9.490000 -13.667000 1.929000
v -5.665000 -13.667000 1.929000
v -9.289000 -13.667000 2.429000
v -5.420000 -13.667000 2.429000
v -9.114000 -13.667000 2.929000
v -4.956000 -13.667000 2.929000
v -9.110000 -13.667000 3.429000
v -4.244000 -13.667000 3.429000
v -9.269000 -13.667000 3.929000
v -3.949000 -13.667000 3.929000
v -9.725000 -13.667000 4.429000
v -3.951000 -13.667000 4.429000
v -11.213000 -13.667000 4.929000
v -4.038000 -13.667000 4.929000
v -11.808000 -13.667000 5.429000
v -4.295000 -13.667000 5.429000
v -12.013000 -13.667000 5.929000
v -4.687000 -13.667000 5.929000
v -12.018000 -13.667000 6.429000
v -5.995000 -13.667000 6.429000
v -11.825000 -13.667000 6.929000
v -7.382000 -13.667000 6.929000
v -11.494000 -13.667000 7.429000
v -7.722000 -13.667000 7.429000
v -11.256000 -13.667000 7.929000
v -7.946000 -13.667000 7.929000
v -11.002000 -13.667000 8.429000
v -8.221000 -13.667000 8.429000
v -10.807000 -13.667000 8.929000
v -8.429000 -13.667000 8.929000
v -10.298000 -13.667000 9.429000
v -8.938000 -13.667000 9.429000
v -4.486000 -9.667000 -7.571000
v -2.736000 -9.667000 -7.571000
v -4.816000 -9.667000 -7.071000
v -2.475000 -9.667000 -7.071000
v -4.971000 -9.667000 -6.571000
v -2.460000 -9.667000 -6.571000
v -5.365000 -9.667000 -6.071000
v -2.627000 -9.667000 -6.071000
v -5.858000 -9.667000 -5.571000
v -3.424000 -9.667000 -5.571000
v -5.886000 -9.667000 -5.071000
v -4.097000 -9.667000 -5.071000
v -5.262000 -9.667000 -4.571000
v -5.143000 -9.667000 -4.571000
v -2.157000 -17.667000 6.786000
v -2.157000 -17.667000 7.555000
v -1.657000 -17.667000 6.431000
v -1.657000 -17.667000 7.802000
v -1.157000 -17.667000 5.953000
v -1.157000 -17.667000 7.557000
v -0.657000 -17.667000 4.196000
v -0.657000 -17.667000 6.914000
v -0.157000 -17.667000 3.976000
v -0.157000 -17.667000 6.444000
v 0.343000 -17.667000 4.164000
v 0.343000 -17.667000 6.127000
v -11.657000 -13.667000 5.240000
v -11.657000 -13.667000 7.154000
v -11.157000 -13.667000 4.906000
v -11.157000 -13.667000 8.089000
v -10.657000 -13.667000 4.802000
v -10.657000 -13.667000 9.136000
v -10.157000 -13.667000 4.672000
v -10.157000 -13.667000 9.498000
v -9.657000 -13.667000 4.378000
v -9.657000 -13.667000 9.607000
v -9.157000 -13.667000 -0.852000
v -9.157000 -13.667000 2.741000
v -9.157000 -13.667000 3.656000
v -9.157000 -13.667000 9.529000
v -8.657000 -13.667000 -1.708000
v -8.657000 -13.667000 9.219000
v -8.157000 -13.667000 -2.243000
v -8.157000 -13.667000 8.289000
v -7.657000 -13.667000 -2.814000
v -7.657000 -13.667000 7.300000
v -7.157000 -13.667000 -3.146000
v -7.157000 -13.667000 6.763000
v -6.657000 -13.667000 -3.360000
v -6.657000 -13.667000 6.583000
v -6.157000 -13.667000 -3.714000
v -6.157000 -13.667000 6.474000
v -5.657000 -13.667000 -4.467000
v -5.657000 -13.667000 0.859000
v -5.657000 -13.667000 1.952000
v -5.657000 -13.667000 6.367000
v -5.157000 -13.667000 -5.114000
v -5.157000 -13.667000 0.175000
v -5.157000 -13.667000 2.760000
v -5.157000 -13.667000 6.270000
v -4.657000 -13.667000 -5.364000
v -4.657000 -13.667000 -0.313000
v -4.657000 -13.667000 3.127000
v -4.657000 -13.667000 5.892000
v -4.157000 -13.667000 -5.505000
v -4.157000 -13.667000 -0.552000
v -4.157000 -13.667000 3.522000
v -4.157000 -13.667000 5.225000
v -3.657000 -13.667000 -5.368000
v -3.657000 -13.667000 -0.835000
v -3.157000 -13.667000 -5.100000
v -3.157000 -13.667000 -1.006000
v -2.657000 -13.667000 -4.491000
v -2.657000 -13.667000 -1.329000
v -5.657000 -9.667000 -5.837000
v -5.657000 -9.667000 -4.732000
v -5.157000 -9.667000 -6.339000
v -5.157000 -9.667000 -4.570000
v -4.657000 -9.667000 -7.371000
v -4.657000 -9.667000 -4.712000
v -4.157000 -9.667000 -7.826000
v -4.157000 -9.667000 -4.982000
v -3.657000 -9.667000 -7.962000
v -3.657000 -9.667000 -5.427000
v -3.157000 -9.667000 -7.872000
v -3.157000 -9.667000 -5.684000
v -2.657000 -9.667000 -7.472000
v -2.657000 -9.667000 -6.025000
v -5.157000 -11.492000 -7.571000
v -5.157000 -10.261000 -7.571000
v -4.657000 -11.942000 -7.571000
v -4.657000 -9.800000 -7.571000
v -4.157000 -12.058000 -7.571000
v -4.157000 -9.412000 -7.571000
v -3.657000 -12.087000 -7.571000
v -3.657000 -9.276000 -7.571000
v -3.157000 -11.987000 -7.571000
v -3.157000 -9.365000 -7.571000
v -2.657000 -11.576000 -7.571000
v -2.657000 -9.766000 -7.571000
v -6.157000 -13.942000 -3.571000
v -6.157000 -12.038000 -3.571000
v -5.657000 -14.253000 -3.571000
v -5.657000 -11.155000 -3.571000
v -5.157000 -14.350000 -3.571000
v -5.157000 -10.824000 -3.571000
v -4.657000 -14.380000 -3.571000
v -4.657000 -10.742000 -3.571000
v -4.157000 -14.373000 -3.571000
v -4.157000 -10.870000 -3.571000
v -3.657000 -14.385000 -3.571000
v -3.657000 -11.118000 -3.571000
v -3.157000 -14.296000 -3.571000
v -3.157000 -11.343000 -3.571000
v -2.657000 -13.961000 -3.571000
v -2.657000 -11.738000 -3.571000
v -9.157000 -14.888000 0.429000
v -9.157000 -11.439000 0.429000
v -8.657000 -15.212000 0.429000
v -8.657000 -11.114000 0.429000
v -8.157000 -15.305000 0.429000
v -8.157000 -10.879000 0.429000
v -7.657000 -15.303000 0.429000
v -7.657000 -10.601000 0.429000
v -7.157000 -15.325000 0.429000
v -7.157000 -10.523000 0.429000
v -6.657000 -15.234000 0.429000
v -6.657000 -10.498000 0.429000
v -6.157000 -15.039000 0.429000
v -6.157000 -10.588000 0.429000
v -5.657000 -14.644000 0.429000
v -5.657000 -10.917000 0.429000
v -9.657000 -15.011000 4.429000
v -9.657000 -13.497000 4.429000
v -9.157000 -15.474000 4.429000
v -9.157000 -12.600000 4.429000
v -8.657000 -15.741000 4.429000
v -8.657000 -12.293000 4.429000
v -8.157000 -15.824000 4.429000
v -8.157000 -12.088000 4.429000
v -7.657000 -15.786000 4.429000
v -7.657000 -12.010000 4.429000
v -7.157000 -15.849000 4.429000
v -7.157000 -11.998000 4.429000
v -6.657000 -15.985000 4.429000
v -6.657000 -12.107000 4.429000
v -6.157000 -16.223000 4.429000
v -6.157000 -12.312000 4.429000
v -5.657000 -16.464000 4.429000
v -5.657000 -12.580000 4.429000
v -5.157000 -16.690000 4.429000
v -5.157000 -12.899000 4.429000
v -4.657000 -16.780000 4.429000
v -4.657000 -13.152000 4.429000
v -4.157000 -16.776000 4.429000
v -4.157000 -13.476000 4.429000
v -3.657000 -16.761000 4.429000
v -3.657000 -13.852000 4.429000
v -3.157000 -16.742000 4.429000
v -3.157000 -13.994000 4.429000
v -2.657000 -16.672000 4.429000
v -2.657000 -14.110000 4.429000
v -2.157000 -16.675000 4.429000
v -2.157000 -14.477000 4.429000
v -1.657000 -16.899000 4.429000
v -1.657000 -14.931000 4.429000
v -1.157000 -17.395000 4.429000
v -1.157000 -15.095000 4.429000
v -0.657000 -17.738000 4.429000
v -0.657000 -15.070000 4.429000
v -0.157000 -17.839000 4.429000
v -0.157000 -15.074000 4.429000
v 0.343000 -17.751000 4.429000
v 0.343000 -15.176000 4.429000
v 0.843000 -17.425000 4.429000
v 0.843000 -15.502000 4.429000
v -10.657000 -14.815000 8.429000
v -10.657000 -12.901000 8.429000
v -10.157000 -15.176000 8.429000
v -10.157000 -12.594000 8.429000
v -9.657000 -15.284000 8.429000
v -9.657000 -12.495000 8.429000
v -9.157000 -15.206000 8.429000
v -9.157000 -12.529000 8.429000
v -8.657000 -14.898000 8.429000
v -8.657000 -12.754000 8.429000
v -2.157000 -16.772000 8.429000
v -2.157000 -16.062000 8.429000
v -1.657000 -17.031000 8.429000
v -1.657000 -15.803000 8.429000
v -1.157000 -16.774000 8.429000
v -1.157000 -16.060000 8.429000
v -1.844000 -17.167000 2.929000
v -0.514000 -17.167000 2.929000
v -1.807000 -17.167000 3.429000
v 0.034000 -17.167000 3.429000
v -1.476000 -17.167000 3.929000
v 0.799000 -17.167000 3.929000
v -1.370000 -17.167000 4.429000
v 1.041000 -17.167000 4.429000
v -1.377000 -17.167000 4.929000
v 1.047000 -17.167000 4.929000
v -1.561000 -17.167000 5.429000
v 1.044000 -17.167000 5.429000
v -2.045000 -17.167000 5.929000
v 1.048000 -17.167000 5.929000
v -2.588000 -17.167000 6.429000
v 0.822000 -17.167000 6.429000
v -2.814000 -17.167000 6.929000
v 0.236000 -17.167000 6.929000
v -2.811000 -17.167000 7.429000
v -0.279000 -17.167000 7.429000
v -2.564000 -17.167000 7.929000
v -0.750000 -17.167000 7.929000
v -5.659000 -13.167000 -5.571000
v -2.789000 -13.167000 -5.571000
v -5.821000 -13.167000 -5.071000
v -2.521000 -13.167000 -5.071000
v -5.905000 -13.167000 -4.571000
v -2.422000 -13.167000 -4.571000
v -6.061000 -13.167000 -4.071000
v -2.275000 -13.167000 -4.071000
v -6.425000 -13.167000 -3.571000
v -2.258000 -13.167000 -3.571000
v -7.151000 -13.167000 -3.071000
v -2.330000 -13.167000 -3.071000
v -7.783000 -13.167000 -2.571000
v -2.284000 -13.167000 -2.571000
v -8.277000 -13.167000 -2.071000
v -2.275000 -13.167000 -2.071000
v -8.552000 -13.167000 -1.571000
v -2.462000 -13.167000 -1.571000
v -8.886000 -13.167000 -1.071000
v -3.001000 -13.167000 -1.071000
v -9.181000 -13.167000 -0.571000
v -4.066000 -13.167000 -0.571000
v -9.415000 -13.167000 -0.071000
v -4.929000 -13.167000 -0.071000
v -9.529000 -13.167000 0.429000
v -5.293000 -13.167000 0.429000
v -9.566000 -13.167000 0.929000
v -5.531000 -13.167000 0.929000
v -9.558000 -13.167000 1.429000
v -5.636000 -13.167000 1.429000
v -9.463000 -13.167000 1.929000
v -5.630000 -13.167000 1.929000
v -9.251000 -13.167000 2.429000
v -5.486000 -13.167000 2.429000
v -9.064000 -13.167000 2.929000
v -5.252000 -13.167000 2.929000
v -9.054000 -13.167000 3.429000
v -4.980000 -13.167000 3.429000
v -9.168000 -13.167000 3.929000
v -4.634000 -13.167000 3.929000
v -9.484000 -13.167000 4.429000
v -4.619000 -13.167000 4.429000
v -11.205000 -13.167000 4.929000
v -4.705000 -13.167000 4.929000
v -11.804000 -13.167000 5.429000
v -4.957000 -13.167000 5.429000
v -12.010000 -13.167000 5.929000
v -5.580000 -13.167000 5.929000
v -12.015000 -13.167000 6.429000
v -6.859000 -13.167000 6.429000
v -11.821000 -13.167000 6.929000
v -7.518000 -13.167000 6.929000
v -11.482000 -13.167000 7.429000
v -7.733000 -13.167000 7.429000
v -11.239000 -13.167000 7.929000
v -7.932000 -13.167000 7.929000
v -10.853000 -13.167000 8.429000
v -8.338000 -13.167000 8.429000
v -10.583000 -13.167000 8.929000
v -8.653000 -13.167000 8.929000
v -4.120000 -9.167000 -7.071000
v -3.097000 -9.167000 -7.071000
v -4.144000 -9.167000 -6.571000
v -3.073000 -9.167000 -6.571000
v -2.657000 -17.167000 6.531000
v -2.657000 -17.167000 7.801000
v -2.157000 -17.167000 6.051000
v -2.157000 -17.167000 8.242000
v -1.657000 -17.167000 2.628000
v -1.657000 -17.167000 3.636000
v -1.657000 -17.167000 5.554000
v -1.657000 -17.167000 8.353000
v -1.157000 -17.167000 2.441000
v -1.157000 -17.167000 8.242000
v -0.657000 -17.167000 2.684000
v -0.657000 -17.167000 7.807000
v -0.157000 -17.167000 3.311000
v -0.157000 -17.167000 7.290000
v 0.343000 -17.167000 3.581000
v 0.343000 -17.167000 6.830000
v 0.843000 -17.167000 3.985000
v 0.843000 -17.167000 6.401000
v -11.657000 -13.167000 5.245000
v -11.657000 -13.167000 7.146000
v -11.157000 -13.167000 4.910000
v -11.157000 -13.167000 8.033000
v -10.657000 -13.167000 4.816000
v -10.657000 -13.167000 8.812000
v -10.157000 -13.167000 4.772000
v -10.157000 -13.167000 9.291000
v -9.657000 -13.167000 4.569000
v -9.657000 -13.167000 9.420000
v -9.157000 -13.167000 -0.617000
v -9.157000 -13.167000 2.620000
v -9.157000 -13.167000 3.898000
v -9.157000 -13.167000 9.328000
v -8.657000 -13.167000 -1.434000
v -8.657000 -13.167000 8.935000
v -8.157000 -13.167000 -2.229000
v -8.157000 -13.167000 8.213000
v -7.657000 -13.167000 -2.712000
v -7.657000 -13.167000 7.219000
v -7.157000 -13.167000 -3.068000
v -7.157000 -13.167000 6.555000
v -6.657000 -13.167000 -3.342000
v -6.657000 -13.167000 6.381000
v -6.157000 -13.167000 -3.902000
v -6.157000 -13.167000 6.265000
v -5.657000 -13.167000 -5.574000
v -5.657000 -13.167000 5.973000
v -5.157000 -13.167000 -5.927000
v -5.157000 -13.167000 0.201000
v -5.157000 -13.167000 3.113000
v -5.157000 -13.167000 5.697000
v -4.657000 -13.167000 -6.016000
v -4.657000 -13.167000 -0.295000
v -4.657000 -13.167000 3.888000
v -4.657000 -13.167000 4.795000
v -4.157000 -13.167000 -6.025000
v -4.157000 -13.167000 -0.534000
v -3.657000 -13.167000 -5.981000
v -3.657000 -13.167000 -0.803000
v -3.157000 -13.167000 -5.846000
v -3.157000 -13.167000 -1.002000
v -2.657000 -13.167000 -5.396000
v -2.657000 -13.167000 -1.323000
v -3.657000 -9.167000 -7.375000
v -3.657000 -9.167000 -6.218000
v -3.157000 -9.167000 -7.162000
v -3.157000 -9.167000 -6.430000
v -5.657000 -11.752000 -7.071000
v -5.657000 -10.824000 -7.071000
v -5.157000 -12.110000 -7.071000
v -5.157000 -9.940000 -7.071000
v -4.657000 -12.237000 -7.071000
v -4.657000 -9.544000 -7.071000
v -4.157000 -12.277000 -7.071000
v -4.157000 -9.183000 -7.071000
v -3.657000 -12.294000 -7.071000
v -3.657000 -9.069000 -7.071000
v -3.157000 -12.197000 -7.071000
v -3.157000 -9.144000 -7.071000
v -2.657000 -12.002000 -7.071000
v -2.657000 -9.451000 -7.071000
v -2.157000 -11.526000 -7.071000
v -2.157000 -10.328000 -7.071000
v -7.157000 -14.481000 -3.071000
v -7.157000 -13.183000 -3.071000
v -6.657000 -14.674000 -3.071000
v -6.657000 -12.526000 -3.071000
v -6.157000 -14.620000 -3.071000
v -6.157000 -11.924000 -3.071000
v -5.657000 -14.624000 -3.071000
v -5.657000 -11.397000 -3.071000
v -5.157000 -14.557000 -3.071000
v -5.157000 -11.091000 -3.071000
v -4.657000 -14.569000 -3.071000
v -4.657000 -11.013000 -3.071000
v -4.157000 -14.623000 -3.071000
v -4.157000 -11.128000 -3.071000
v -3.657000 -14.575000 -3.071000
v -3.657000 -11.436000 -3.071000
v -3.157000 -14.476000 -3.071000
v -3.157000 -11.715000 -3.071000
v -2.657000 -14.095000 -3.071000
v -2.657000 -12.216000 -3.071000
v -9.157000 -14.920000 0.929000
v -9.157000 -11.425000 0.929000
v -8.657000 -15.242000 0.929000
v -8.657000 -11.103000 0.929000
v -8.157000 -15.328000 0.929000
v -8.157000 -10.986000 0.929000
v -7.657000 -15.330000 0.929000
v -7.657000 -10.822000 0.929000
v -7.157000 -15.310000 0.929000
v -7.157000 -10.729000 0.929000
v -6.657000 -15.206000 0.929000
v -6.657000 -10.686000 0.929000
v -6.157000 -14.897000 0.929000
v -6.157000 -10.792000 0.929000
v -5.657000 -13.518000 0.929000
v -5.657000 -11.214000 0.929000
v -11.157000 -13.767000 4.929000
v -11.157000 -13.085000 4.929000
v -10.657000 -14.289000 4.929000
v -10.657000 -12.820000 4.929000
v -10.157000 -15.102000 4.929000
v -10.157000 -12.531000 4.929000
v -9.657000 -15.494000 4.929000
v -9.657000 -12.251000 4.929000
v -9.157000 -15.688000 4.929000
v -9.157000 -12.186000 4.929000
v -8.657000 -15.799000 4.929000
v -8.657000 -12.092000 4.929000
v -8.157000 -15.843000 4.929000
v -8.157000 -12.081000 4.929000
v -7.657000 -15.819000 4.929000
v -7.657000 -12.151000 4.929000
v -7.157000 -15.926000 4.929000
v -7.157000 -12.195000 4.929000
v -6.657000 -16.163000 4.929000
v -6.657000 -12.319000 4.929000
v -6.157000 -16.376000 4.929000
v -6.157000 -12.545000 4.929000
v -5.657000 -16.676000 4.929000
v -5.657000 -12.774000 4.929000
v -5.157000 -16.766000 4.929000
v -5.157000 -13.018000 4.929000
v -4.657000 -16.773000 4.929000
v -4.657000 -13.185000 4.929000
v -4.157000 -16.778000 4.929000
v -4.157000 -13.533000 4.929000
v -3.657000 -16.673000 4.929000
v -3.657000 -13.987000 4.929000
v -3.157000 -16.586000 4.929000
v -3.157000 -14.192000 4.929000
v -2.657000 -16.605000 4.929000
v -2.657000 -14.340000 4.929000
v -2.157000 -16.622000 4.929000
v -2.157000 -14.726000 4.929000
v -1.657000 -16.874000 4.929000
v -1.657000 -15.094000 4.929000
v -1.157000 -17.420000 4.929000
v -1.157000 -15.197000 4.929000
v -0.657000 -17.754000 4.929000
v -0.657000 -15.145000 4.929000
v -0.157000 -17.849000 4.929000
v -0.157000 -15.071000 4.929000
v 0.343000 -17.759000 4.929000
v 0.343000 -15.162000 4.929000
v 0.843000 -17.434000 4.929000
v 0.843000 -15.488000 4.929000
v -10.657000 -14.522000 8.929000
v -10.657000 -13.278000 8.929000
v -10.157000 -14.984000 8.929000
v -10.157000 -12.815000 8.929000
v -9.657000 -15.111000 8.929000
v -9.657000 -12.689000 8.929000
v -9.157000 -15.020000 8.929000
v -9.157000 -12.779000 8.929000
v -8.657000 -14.638000 8.929000
v -8.657000 -13.161000 8.929000
v -2.165000 -16.667000 2.429000
v -0.208000 -16.667000 2.429000
v -2.690000 -16.667000 2.929000
v 0.048000 -16.667000 2.929000
v -4.273000 -16.667000 3.429000
v 0.483000 -16.667000 3.429000
v -4.729000 -16.667000 3.929000
v 1.016000 -16.667000 3.929000
v -5.217000 -16.667000 4.429000
v 1.219000 -16.667000 4.429000
v -5.681000 -16.667000 4.929000
v -3.637000 -16.667000 4.929000
v -1.997000 -16.667000 4.929000
v 1.225000 -16.667000 4.929000
v -5.690000 -16.667000 5.429000
v -4.609000 -16.667000 5.429000
v -2.403000 -16.667000 5.429000
v 1.241000 -16.667000 5.429000
v -2.790000 -16.667000 5.929000
v 1.250000 -16.667000 5.929000
v -3.034000 -16.667000 6.429000
v 1.063000 -16.667000 6.429000
v -3.079000 -16.667000 6.929000
v 0.551000 -16.667000 6.929000
v -3.010000 -16.667000 7.429000
v 0.010000 -16.667000 7.429000
v -2.807000 -16.667000 7.929000
v -0.498000 -16.667000 7.929000
v -2.218000 -16.667000 8.429000
v -1.096000 -16.667000 8.429000
v -6.026000 -12.667000 -6.071000
v -2.783000 -12.667000 -6.071000
v -6.275000 -12.667000 -5.571000
v -2.500000 -12.667000 -5.571000
v -6.274000 -12.667000 -5.071000
v -2.306000 -12.667000 -5.071000
v -6.189000 -12.667000 -4.571000
v -2.257000 -12.667000 -4.571000
v -6.209000 -12.667000 -4.071000
v -2.239000 -12.667000 -4.071000
v -6.382000 -12.667000 -3.571000
v -2.272000 -12.667000 -3.571000
v -6.786000 -12.667000 -3.071000
v -2.409000 -12.667000 -3.071000
v -7.502000 -12.667000 -2.571000
v -2.464000 -12.667000 -2.571000
v -8.032000 -12.667000 -2.071000
v -2.468000 -12.667000 -2.071000
v -8.395000 -12.667000 -1.571000
v -2.694000 -12.667000 -1.571000
v -8.846000 -12.667000 -1.071000
v -3.359000 -12.667000 -1.071000
v -9.056000 -12.667000 -0.571000
v -4.054000 -12.667000 -0.571000
v -9.334000 -12.667000 -0.071000
v -4.908000 -12.667000 -0.071000
v -9.535000 -12.667000 0.429000
v -5.216000 -12.667000 0.429000
v -9.566000 -12.667000 0.929000
v -5.342000 -12.667000 0.929000
v -9.552000 -12.667000 1.429000
v -5.518000 -12.667000 1.429000
v -9.359000 -12.667000 1.929000
v -5.643000 -12.667000 1.929000
v -9.024000 -12.667000 2.429000
v -5.644000 -12.667000 2.429000
v -8.842000 -12.667000 2.929000
v -5.531000 -12.667000 2.929000
v -8.841000 -12.667000 3.429000
v -5.474000 -12.667000 3.429000
v -8.938000 -12.667000 3.929000
v -5.421000 -12.667000 3.929000
v -9.231000 -12.667000 4.429000
v -5.489000 -12.667000 4.429000
v -10.292000 -12.667000 4.929000
v -5.887000 -12.667000 4.929000
v -11.555000 -12.667000 5.429000
v -6.039000 -12.667000 5.429000
v -11.806000 -12.667000 5.929000
v -7.087000 -12.667000 5.929000
v -11.812000 -12.667000 6.429000
v -7.574000 -12.667000 6.429000
v -11.577000 -12.667000 6.929000
v -7.805000 -12.667000 6.929000
v -11.246000 -12.667000 7.429000
v -7.932000 -12.667000 7.429000
v -10.965000 -12.667000 7.929000
v -8.150000 -12.667000 7.929000
v -10.334000 -12.667000 8.429000
v -8.786000 -12.667000 8.429000
v -5.657000 -16.667000 4.887000
v -5.657000 -16.667000 5.490000
v -5.157000 -16.667000 4.323000
v -5.157000 -16.667000 5.759000
v -4.657000 -16.667000 3.812000
v -4.657000 -16.667000 5.471000
v -4.157000 -16.667000 3.257000
v -4.157000 -16.667000 5.298000
v -3.657000 -16.667000 3.055000
v -3.657000 -16.667000 4.962000
v -3.157000 -16.667000 3.076000
v -3.157000 -16.667000 4.683000
v -2.657000 -16.667000 2.907000
v -2.657000 -16.667000 4.454000
v -2.657000 -16.667000 5.818000
v -2.657000 -16.667000 8.118000
v -2.157000 -16.667000 2.421000
v -2.157000 -16.667000 4.500000
v -2.157000 -16.667000 5.167000
v -2.157000 -16.667000 8.454000
v -1.657000 -16.667000 2.026000
v -1.657000 -16.667000 8.548000
v -1.157000 -16.667000 1.929000
v -1.157000 -16.667000 8.455000
v -0.657000 -16.667000 2.050000
v -0.657000 -16.667000 8.119000
v -0.157000 -16.667000 2.505000
v -0.157000 -16.667000 7.611000
v 0.343000 -16.667000 3.305000
v 0.343000 -16.667000 7.128000
v 0.843000 -16.667000 3.716000
v 0.843000 -16.667000 6.701000
v -11.657000 -12.667000 5.569000
v -11.657000 -12.667000 6.815000
v -11.157000 -12.667000 5.126000
v -11.157000 -12.667000 7.653000
v -10.657000 -12.667000 5.008000
v -10.657000 -12.667000 8.173000
v -10.157000 -12.667000 4.887000
v -10.157000 -12.667000 8.615000
v -9.657000 -12.667000 4.699000
v -9.657000 -12.667000 8.890000
v -9.157000 -12.667000 -0.350000
v -9.157000 -12.667000 2.233000
v -9.157000 -12.667000 4.352000
v -9.157000 -12.667000 8.706000
v -8.657000 -12.667000 -1.308000
v -8.657000 -12.667000 8.344000
v -8.157000 -12.667000 -1.888000
v -8.157000 -12.667000 7.938000
v -7.657000 -12.667000 -2.410000
v -7.657000 -12.667000 6.599000
v -7.157000 -12.667000 -2.833000
v -7.157000 -12.667000 5.972000
v -6.657000 -12.667000 -3.187000
v -6.657000 -12.667000 5.815000
v -6.157000 -12.667000 -5.882000
v -6.157000 -12.667000 5.611000
v -5.657000 -12.667000 -6.363000
v -5.657000 -12.667000 4.681000
v -5.157000 -12.667000 -6.500000
v -5.157000 -12.667000 0.298000
v -4.657000 -12.667000 -6.553000
v -4.657000 -12.667000 -0.293000
v -4.157000 -12.667000 -6.534000
v -4.157000 -12.667000 -0.531000
v -3.657000 -12.667000 -6.517000
v -3.657000 -12.667000 -0.833000
v -3.157000 -12.667000 -6.374000
v -3.157000 -12.667000 -1.201000
v -2.657000 -12.667000 -5.883000
v -2.657000 -12.667000 -1.621000
v -6.157000 -12.038000 -6.571000
v -6.157000 -10.824000 -6.571000
v -5.657000 -12.488000 -6.571000
v -5.657000 -10.200000 -6.571000
v -5.157000 -12.606000 -6.571000
v -5.157000 -9.766000 -6.571000
v -4.657000 -12.649000 -6.571000
v -4.657000 -9.472000 -6.571000
v -4.157000 -12.628000 -6.571000
v -4.157000 -9.173000 -6.571000
v -3.657000 -12.614000 -6.571000
v -3.657000 -9.060000 -6.571000
v -3.157000 -12.472000 -6.571000
v -3.157000 -9.135000 -6.571000
v -2.657000 -12.224000 -6.571000
v -2.657000 -9.438000 -6.571000
v -2.157000 -11.837000 -6.571000
v -2.157000 -10.024000 -6.571000
v -7.657000 -14.659000 -2.571000
v -7.657000 -12.883000 -2.571000
v -7.157000 -15.068000 -2.571000
v -7.157000 -12.334000 -2.571000
v -6.657000 -15.170000 -2.571000
v -6.657000 -12.013000 -2.571000
v -6.157000 -15.057000 -2.571000
v -6.157000 -11.747000 -2.571000
v -5.657000 -14.844000 -2.571000
v -5.657000 -11.446000 -2.571000
v -5.157000 -14.765000 -2.571000
v -5.157000 -11.275000 -2.571000
v -4.657000 -14.776000 -2.571000
v -4.657000 -11.202000 -2.571000
v -4.157000 -14.821000 -2.571000
v -4.157000 -11.321000 -2.571000
v -3.657000 -14.779000 -2.571000
v -3.657000 -11.574000 -2.571000
v -3.157000 -14.693000 -2.571000
v -3.157000 -11.904000 -2.571000
v -2.657000 -14.369000 -2.571000
v -2.657000 -12.401000 -2.571000
v -9.157000 -14.936000 1.429000
v -9.157000 -11.708000 1.429000
v -8.657000 -15.253000 1.429000
v -8.657000 -11.301000 1.429000
v -8.157000 -15.337000 1.429000
v -8.157000 -11.201000 1.429000
v -7.657000 -15.343000 1.429000
v -7.657000 -11.190000 1.429000
v -7.157000 -15.338000 1.429000
v -7.157000 -11.187000 1.429000
v -6.657000 -15.233000 1.429000
v -6.657000 -11.190000 1.429000
v -6.157000 -14.899000 1.429000
v -6.157000 -11.340000 1.429000
v -5.657000 -13.236000 1.429000
v -5.657000 -11.855000 1.429000
v -11.657000 -14.043000 5.429000
v -11.657000 -12.808000 5.429000
v -11.157000 -14.591000 5.429000
v -11.157000 -12.363000 5.429000
v -10.657000 -15.013000 5.429000
v -10.657000 -12.192000 5.429000
v -10.157000 -15.376000 5.429000
v -10.157000 -11.879000 5.429000
v -9.657000 -15.686000 5.429000
v -9.657000 -11.750000 5.429000
v -9.157000 -15.770000 5.429000
v -9.157000 -11.753000 5.429000
v -8.657000 -15.811000 5.429000
v -8.657000 -11.839000 5.429000
v -8.157000 -15.823000 5.429000
v -8.157000 -12.036000 5.429000
v -7.657000 -15.793000 5.429000
v -7.657000 -12.284000 5.429000
v -7.157000 -15.907000 5.429000
v -7.157000 -12.492000 5.429000
v -6.657000 -16.157000 5.429000
v -6.657000 -12.528000 5.429000
v -6.157000 -16.378000 5.429000
v -6.157000 -12.618000 5.429000
v -5.657000 -16.680000 5.429000
v -5.657000 -12.895000 5.429000
v -5.157000 -16.768000 5.429000
v -5.157000 -13.078000 5.429000
v -4.657000 -16.678000 5.429000
v -4.657000 -13.364000 5.429000
v -4.157000 -16.599000 5.429000
v -4.157000 -13.844000 5.429000
v -3.657000 -16.569000 5.429000
v -3.657000 -14.310000 5.429000
v -3.157000 -16.494000 5.429000
v -3.157000 -14.647000 5.429000
v -2.657000 -16.568000 5.429000
v -2.657000 -14.841000 5.429000
v -2.157000 -16.779000 5.429000
v -2.157000 -15.002000 5.429000
v -1.657000 -17.074000 5.429000
v -1.657000 -15.135000 5.429000
v -1.157000 -17.510000 5.429000
v -1.157000 -15.178000 5.429000
v -0.657000 -17.754000 5.429000
v -0.657000 -15.118000 5.429000
v -0.157000 -17.840000 5.429000
v -0.157000 -15.037000 5.429000
v 0.343000 -17.744000 5.429000
v 0.343000 -15.113000 5.429000
v 0.843000 -17.418000 5.429000
v 0.843000 -15.420000 5.429000
v -10.157000 -14.374000 9.429000
v -10.157000 -13.425000 9.429000
v -9.657000 -14.617000 9.429000
v -9.657000 -13.182000 9.429000
v -9.157000 -14.451000 9.429000
v -9.157000 -13.348000 9.429000
v -1.868000 -16.167000 1.929000
v -0.500000 -16.167000 1.929000
v -2.728000 -16.167000 2.429000
v 0.008000 -16.167000 2.429000
v -4.607000 -16.167000 2.929000
v 0.212000 -16.167000 2.929000
v -5.168000 -16.167000 3.429000
v 0.522000 -16.167000 3.429000
v -5.747000 -16.167000 3.929000
v 0.995000 -16.167000 3.929000
v -6.273000 -16.167000 4.429000
v 1.202000 -16.167000 4.429000
v -6.646000 -16.167000 4.929000
v 1.209000 -16.167000 4.929000
v -6.630000 -16.167000 5.429000
v 1.243000 -16.167000 5.429000
v -6.113000 -16.167000 5.929000
v 1.253000 -16.167000 5.929000
v -3.348000 -16.167000 6.429000
v 1.066000 -16.167000 6.429000
v -3.195000 -16.167000 6.929000
v 0.561000 -16.167000 6.929000
v -3.027000 -16.167000 7.429000
v 0.031000 -16.167000 7.429000
v -2.807000 -16.167000 7.929000
v -0.492000 -16.167000 7.929000
v -2.217000 -16.167000 8.429000
v -1.096000 -16.167000 8.429000
v -4.963000 -12.167000 -7.071000
v -3.076000 -12.167000 -7.071000
v -6.067000 -12.167000 -6.571000
v -2.565000 -12.167000 -6.571000
v -6.334000 -12.167000 -6.071000
v -2.401000 -12.167000 -6.071000
v -6.498000 -12.167000 -5.571000
v -2.329000 -12.167000 -5.571000
v -6.496000 -12.167000 -5.071000
v -2.266000 -12.167000 -5.071000
v -6.343000 -12.167000 -4.571000
v -2.247000 -12.167000 -4.571000
v -6.208000 -12.167000 -4.071000
v -2.265000 -12.167000 -4.071000
v -6.214000 -12.167000 -3.571000
v -2.437000 -12.167000 -3.571000
v -6.374000 -12.167000 -3.071000
v -2.700000 -12.167000 -3.071000
v -6.934000 -12.167000 -2.571000
v -2.915000 -12.167000 -2.571000
v -7.668000 -12.167000 -2.071000
v -2.966000 -12.167000 -2.071000
v -8.079000 -12.167000 -1.571000
v -3.236000 -12.167000 -1.571000
v -8.592000 -12.167000 -1.071000
v -3.678000 -12.167000 -1.071000
v -8.908000 -12.167000 -0.571000
v -4.479000 -12.167000 -0.571000
v -9.318000 -12.167000 -0.071000
v -5.028000 -12.167000 -0.071000
v -9.530000 -12.167000 0.429000
v -5.252000 -12.167000 0.429000
v -9.540000 -12.167000 0.929000
v -5.334000 -12.167000 0.929000
v -9.385000 -12.167000 1.429000
v -5.546000 -12.167000 1.429000
v -9.128000 -12.167000 1.929000
v -5.851000 -12.167000 1.929000
v -8.611000 -12.167000 2.429000
v -6.081000 -12.167000 2.429000
v -8.319000 -12.167000 2.929000
v -6.132000 -12.167000 2.929000
v -8.260000 -12.167000 3.429000
v -6.069000 -12.167000 3.429000
v -8.298000 -12.167000 3.929000
v -6.042000 -12.167000 3.929000
v -8.395000 -12.167000 4.429000
v -6.514000 -12.167000 4.429000
v -9.025000 -12.167000 4.929000
v -7.475000 -12.167000 4.929000
v -10.606000 -12.167000 5.429000
v -7.887000 -12.167000 5.429000
v -11.213000 -12.167000 5.929000
v -7.925000 -12.167000 5.929000
v -11.224000 -12.167000 6.429000
v -7.961000 -12.167000 6.429000
v -10.918000 -12.167000 6.929000
v -8.049000 -12.167000 6.929000
v -10.665000 -12.167000 7.429000
v -8.304000 -12.167000 7.429000
v -6.157000 -16.167000 4.229000
v -6.157000 -16.167000 5.892000
v -5.657000 -16.167000 3.838000
v -5.657000 -16.167000 6.246000
v -5.157000 -16.167000 3.421000
v -5.157000 -16.167000 6.352000
v -4.657000 -16.167000 2.990000
v -4.657000 -16.167000 6.267000
v -4.157000 -16.167000 2.593000
v -4.157000 -16.167000 6.138000
v -3.657000 -16.167000 2.499000
v -3.657000 -16.167000 6.132000
v -3.157000 -16.167000 2.498000
v -3.157000 -16.167000 7.045000
v -2.657000 -16.167000 2.406000
v -2.657000 -16.167000 8.117000
v -2.157000 -16.167000 2.135000
v -2.157000 -16.167000 8.454000
v -1.657000 -16.167000 1.832000
v -1.657000 -16.167000 8.548000
v -1.157000 -16.167000 1.748000
v -1.157000 -16.167000 8.454000
v -0.657000 -16.167000 1.852000
v -0.657000 -16.167000 8.119000
v -0.157000 -16.167000 2.204000
v -0.157000 -16.167000 7.632000
v 0.343000 -16.167000 3.184000
v 0.343000 -16.167000 7.149000
v 0.843000 -16.167000 3.740000
v 0.843000 -16.167000 6.705000
v -11.157000 -12.167000 5.836000
v -11.157000 -12.167000 6.549000
v -10.657000 -12.167000 5.464000
v -10.657000 -12.167000 7.439000
v -10.157000 -12.167000 5.124000
v -10.157000 -12.167000 7.791000
v -9.657000 -12.167000 4.988000
v -9.657000 -12.167000 7.895000
v -9.157000 -12.167000 -0.267000
v -9.157000 -12.167000 1.890000
v -9.157000 -12.167000 4.953000
v -9.157000 -12.167000 7.906000
v -8.657000 -12.167000 -0.981000
v -8.657000 -12.167000 2.379000
v -8.657000 -12.167000 4.761000
v -8.657000 -12.167000 7.759000
v -8.157000 -12.167000 -1.479000
v -8.157000 -12.167000 7.215000
v -7.657000 -12.167000 -2.085000
v -7.657000 -12.167000 4.988000
v -7.157000 -12.167000 -2.472000
v -7.157000 -12.167000 4.879000
v -6.657000 -12.167000 -2.733000
v -6.657000 -12.167000 4.632000
v -6.157000 -12.167000 -6.448000
v -6.157000 -12.167000 4.121000
v -5.657000 -12.167000 -6.882000
v -5.657000 -12.167000 1.604000
v -5.157000 -12.167000 -7.021000
v -5.157000 -12.167000 0.157000
v -4.657000 -12.167000 -7.178000
v -4.657000 -12.167000 -0.457000
v -4.157000 -12.167000 -7.362000
v -4.157000 -12.167000 -0.721000
v -3.657000 -12.167000 -7.421000
v -3.657000 -12.167000 -1.097000
v -3.157000 -12.167000 -7.171000
v -3.157000 -12.167000 -1.672000
v -2.657000 -12.167000 -6.723000
v -2.657000 -12.167000 -3.141000
v -6.157000 -12.494000 -6.071000
v -6.157000 -10.215000 -6.071000
v -5.657000 -12.939000 -6.071000
v -5.657000 -9.801000 -6.071000
v -5.157000 -13.056000 -6.071000
v -5.157000 -9.586000 -6.071000
v -4.657000 -13.124000 -6.071000
v -4.657000 -9.464000 -6.071000
v -4.157000 -13.120000 -6.071000
v -4.157000 -9.345000 -6.071000
v -3.657000 -13.090000 -6.071000
v -3.657000 -9.244000 -6.071000
v -3.157000 -12.960000 -6.071000
v -3.157000 -9.331000 -6.071000
v -2.657000 -12.508000 -6.071000
v -2.657000 -9.646000 -6.071000
v -2.157000 -11.829000 -6.071000
v -2.157000 -10.042000 -6.071000
v -8.157000 -14.514000 -2.071000
v -8.157000 -12.851000 -2.071000
v -7.657000 -15.012000 -2.071000
v -7.657000 -12.153000 -2.071000
v -7.157000 -15.257000 -2.071000
v -7.157000 -11.747000 -2.071000
v -6.657000 -15.345000 -2.071000
v -6.657000 -11.584000 -2.071000
v -6.157000 -15.248000 -2.071000
v -6.157000 -11.488000 -2.071000
v -5.657000 -15.103000 -2.071000
v -5.657000 -11.467000 -2.071000
v -5.157000 -14.988000 -2.071000
v -5.157000 -11.485000 -2.071000
v -4.657000 -14.877000 -2.071000
v -4.657000 -11.428000 -2.071000
v -4.157000 -14.826000 -2.071000
v -4.157000 -11.506000 -2.071000
v -3.657000 -14.788000 -2.071000
v -3.657000 -11.615000 -2.071000
v -3.157000 -14.703000 -2.071000
v -3.157000 -11.957000 -2.071000
v -2.657000 -14.382000 -2.071000
v -2.657000 -12.431000 -2.071000
v -9.157000 -14.846000 1.929000
v -9.157000 -12.206000 1.929000
v -8.657000 -15.198000 1.929000
v -8.657000 -11.796000 1.929000
v -8.157000 -15.302000 1.929000
v -8.157000 -11.647000 1.929000
v -7.657000 -15.332000 1.929000
v -7.657000 -11.624000 1.929000
v -7.157000 -15.337000 1.929000
v -7.157000 -11.634000 1.929000
v -6.657000 -15.254000 1.929000
v -6.657000 -11.698000 1.929000
v -6.157000 -15.003000 1.929000
v -6.157000 -11.861000 1.929000
v -5.657000 -13.511000 1.929000
v -5.657000 -12.601000 1.929000
v -1.657000 -16.489000 1.929000
v -1.657000 -15.409000 1.929000
v -1.157000 -16.667000 1.929000
v -1.157000 -15.232000 1.929000
v -0.657000 -16.438000 1.929000
v -0.657000 -15.461000 1.929000
v -11.657000 -14.372000 5.929000
v -11.657000 -12.480000 5.929000
v -11.157000 -14.912000 5.929000
v -11.157000 -12.144000 5.929000
v -10.657000 -15.229000 5.929000
v -10.657000 -11.969000 5.929000
v -10.157000 -15.418000 5.929000
v -10.157000 -11.678000 5.929000
v -9.657000 -15.672000 5.929000
v -9.657000 -11.568000 5.929000
v -9.157000 -15.756000 5.929000
v -9.157000 -11.543000 5.929000
v -8.657000 -15.804000 5.929000
v -8.657000 -11.625000 5.929000
v -8.157000 -15.707000 5.929000
v -8.157000 -11.938000 5.929000
v -7.657000 -15.618000 5.929000
v -7.657000 -12.397000 5.929000
v -7.157000 -15.689000 5.929000
v -7.157000 -12.647000 5.929000
v -6.657000 -15.940000 5.929000
v -6.657000 -12.731000 5.929000
v -6.157000 -16.139000 5.929000
v -6.157000 -12.829000 5.929000
v -5.657000 -16.473000 5.929000
v -5.657000 -13.132000 5.929000
v -5.157000 -16.577000 5.929000
v -5.157000 -13.302000 5.929000
v -4.657000 -16.471000 5.929000
v -4.657000 -13.708000 5.929000
v -4.157000 -16.311000 5.929000
v -4.157000 -14.335000 5.929000
v -3.657000 -16.338000 5.929000
v -3.657000 -14.863000 5.929000
v -3.157000 -16.526000 5.929000
v -3.157000 -15.087000 5.929000
v -2.657000 -16.728000 5.929000
v -2.657000 -15.226000 5.929000
v -2.157000 -17.067000 5.929000
v -2.157000 -15.195000 5.929000
v -1.657000 -17.456000 5.929000
v -1.657000 -15.136000 5.929000
v -1.157000 -17.661000 5.929000
v -1.157000 -15.080000 5.929000
v -0.657000 -17.756000 5.929000
v -0.657000 -15.007000 5.929000
v -0.157000 -17.791000 5.929000
v -0.157000 -15.025000 5.929000
v 0.343000 -17.716000 5.929000
v 0.343000 -15.103000 5.929000
v 0.843000 -17.413000 5.929000
v 0.843000 -15.406000 5.929000
v -1.844000 -15.667000 1.929000
v -0.524000 -15.667000 1.929000
v -4.278000 -15.667000 2.429000
v -0.006000 -15.667000 2.429000
v -5.122000 -15.667000 2.929000
v 0.174000 -15.667000 2.929000
v -7.253000 -15.667000 3.429000
v 0.343000 -15.667000 3.429000
v -7.779000 -15.667000 3.929000
v 0.722000 -15.667000 3.929000
v -8.824000 -15.667000 4.429000
v 0.980000 -15.667000 4.429000
v -9.212000 -15.667000 4.929000
v 0.992000 -15.667000 4.929000
v -9.708000 -15.667000 5.429000
v 1.046000 -15.667000 5.429000
v -9.672000 -15.667000 5.929000
v -8.005000 -15.667000 5.929000
v -7.229000 -15.667000 5.929000
v 1.058000 -15.667000 5.929000
v -5.787000 -15.667000 6.429000
v -4.397000 -15.667000 6.429000
v -3.312000 -15.667000 6.429000
v 0.833000 -15.667000 6.429000
v -2.991000 -15.667000 6.929000
v 0.296000 -15.667000 6.929000
v -2.822000 -15.667000 7.429000
v -0.212000 -15.667000 7.429000
v -2.564000 -15.667000 7.929000
v -0.750000 -15.667000 7.929000
v -5.025000 -11.667000 -7.571000
v -2.728000 -11.667000 -7.571000
v -5.703000 -11.667000 -7.071000
v -2.252000 -11.667000 -7.071000
v -6.303000 -11.667000 -6.571000
v -2.032000 -11.667000 -6.571000
v -6.511000 -11.667000 -6.071000
v -2.046000 -11.667000 -6.071000
v -6.538000 -11.667000 -5.571000
v -2.170000 -11.667000 -5.571000
v -6.522000 -11.667000 -5.071000
v -2.230000 -11.667000 -5.071000
v -6.339000 -11.667000 -4.571000
v -2.271000 -11.667000 -4.571000
v -6.105000 -11.667000 -4.071000
v -2.447000 -11.667000 -4.071000
v -5.964000 -11.667000 -3.571000
v -2.716000 -11.667000 -3.571000
v -5.917000 -11.667000 -3.071000
v -3.230000 -11.667000 -3.071000
v -6.050000 -11.667000 -2.571000
v -3.487000 -11.667000 -2.571000
v -6.964000 -11.667000 -2.071000
v -3.542000 -11.667000 -2.071000
v -7.693000 -11.667000 -1.571000
v -3.953000 -11.667000 -1.571000
v -8.095000 -11.667000 -1.071000
v -4.621000 -11.667000 -1.071000
v -8.581000 -11.667000 -0.571000
v -5.041000 -11.667000 -0.571000
v -9.082000 -11.667000 -0.071000
v -5.187000 -11.667000 -0.071000
v -9.338000 -11.667000 0.429000
v -5.284000 -11.667000 0.429000
v -9.350000 -11.667000 0.929000
v -5.466000 -11.667000 0.929000
v -9.127000 -11.667000 1.429000
v -5.781000 -11.667000 1.429000
v -8.290000 -11.667000 1.929000
v -6.918000 -11.667000 1.929000
v -10.130000 -11.667000 5.929000
v -8.554000 -11.667000 5.929000
v -10.267000 -11.667000 6.429000
v -8.528000 -11.667000 6.429000
v -10.264000 -11.667000 6.929000
v -8.672000 -11.667000 6.929000
v -9.657000 -15.667000 5.334000
v -9.657000 -15.667000 5.951000
v -9.157000 -15.667000 4.845000
v -9.157000 -15.667000 6.211000
v -8.657000 -15.667000 4.205000
v -8.657000 -15.667000 6.339000
v -8.157000 -15.667000 4.024000
v -8.157000 -15.667000 6.075000
v -7.657000 -15.667000 3.843000
v -7.657000 -15.667000 5.802000
v -7.157000 -15.667000 3.262000
v -7.157000 -15.667000 5.962000
v -6.657000 -15.667000 2.998000
v -6.657000 -15.667000 6.211000
v -6.157000 -15.667000 3.102000
v -6.157000 -15.667000 6.333000
v -5.657000 -15.667000 3.076000
v -5.657000 -15.667000 6.472000
v -5.157000 -15.667000 2.947000
v -5.157000 -15.667000 6.560000
v -4.657000 -15.667000 2.652000
v -4.657000 -15.667000 6.484000
v -4.157000 -15.667000 2.381000
v -4.157000 -15.667000 6.375000
v -3.657000 -15.667000 2.303000
v -3.657000 -15.667000 6.292000
v -3.157000 -15.667000 2.294000
v -3.157000 -15.667000 6.576000
v -2.657000 -15.667000 2.269000
v -2.657000 -15.667000 7.800000
v -2.157000 -15.667000 2.109000
v -2.157000 -15.667000 8.241000
v -1.657000 -15.667000 1.844000
v -1.657000 -15.667000 8.353000
v -1.157000 -15.667000 1.760000
v -1.157000 -15.667000 8.242000
v -0.657000 -15.667000 1.865000
v -0.657000 -15.667000 7.823000
v -0.157000 -15.667000 2.221000
v -0.157000 -15.667000 7.365000
v 0.343000 -15.667000 3.428000
v 0.343000 -15.667000 6.877000
v 0.843000 -15.667000 4.092000
v 0.843000 -15.667000 6.416000
v -10.157000 -11.667000 6.008000
v -10.157000 -11.667000 7.091000
v -9.657000 -11.667000 5.591000
v -9.657000 -11.667000 7.291000
v -9.157000 -11.667000 0.026000
v -9.157000 -11.667000 1.387000
v -9.157000 -11.667000 5.575000
v -9.157000 -11.667000 7.240000
v -8.657000 -11.667000 -0.478000
v -8.657000 -11.667000 1.805000
v -8.657000 -11.667000 5.779000
v -8.657000 -11.667000 6.900000
v -8.157000 -11.667000 -0.989000
v -8.157000 -11.667000 1.952000
v -7.657000 -11.667000 -1.618000
v -7.657000 -11.667000 1.983000
v -7.157000 -11.667000 -1.999000
v -7.157000 -11.667000 1.970000
v -6.657000 -11.667000 -2.145000
v -6.657000 -11.667000 1.893000
v -6.157000 -11.667000 -6.753000
v -6.157000 -11.667000 -4.193000
v -6.157000 -11.667000 -2.423000
v -6.157000 -11.667000 1.731000
v -5.657000 -11.667000 -7.094000
v -5.657000 -11.667000 1.260000
v -5.157000 -11.667000 -7.438000
v -5.157000 -11.667000 -0.197000
v -4.657000 -11.667000 -7.858000
v -4.657000 -11.667000 -1.050000
v -4.157000 -11.667000 -7.977000
v -4.157000 -11.667000 -1.301000
v -3.657000 -11.667000 -8.005000
v -3.657000 -11.667000 -1.883000
v -3.157000 -11.667000 -7.903000
v -3.157000 -11.667000 -3.149000
v -2.657000 -11.667000 -7.481000
v -2.657000 -11.667000 -3.651000
v -2.157000 -11.667000 -6.925000
v -2.157000 -11.667000 -5.635000
v -6.157000 -12.811000 -5.571000
v -6.157000 -9.887000 -5.571000
v -5.657000 -13.168000 -5.571000
v -5.657000 -9.578000 -5.571000
v -5.157000 -13.458000 -5.571000
v -5.157000 -9.499000 -5.571000
v -4.657000 -13.556000 -5.571000
v -4.657000 -9.502000 -5.571000
v -4.157000 -13.625000 -5.571000
v -4.157000 -9.518000 -5.571000
v -3.657000 -13.551000 -5.571000
v -3.657000 -9.587000 -5.571000
v -3.157000 -13.438000 -5.571000
v -3.157000 -9.758000 -5.571000
v -2.657000 -12.991000 -5.571000
v -2.657000 -9.905000 -5.571000
v -2.157000 -11.627000 -5.571000
v -2.157000 -10.424000 -5.571000
v -8.657000 -14.506000 -1.571000
v -8.657000 -13.397000 -1.571000
v -8.157000 -14.999000 -1.571000
v -8.157000 -12.275000 -1.571000
v -7.657000 -15.222000 -1.571000
v -7.657000 -11.620000 -1.571000
v -7.157000 -15.332000 -1.571000
v -7.157000 -11.245000 -1.571000
v -6.657000 -15.332000 -1.571000
v -6.657000 -11.160000 -1.571000
v -6.157000 -15.338000 -1.571000
v -6.157000 -11.266000 -1.571000
v -5.657000 -15.287000 -1.571000
v -5.657000 -11.457000 -1.571000
v -5.157000 -15.192000 -1.571000
v -5.157000 -11.531000 -1.571000
v -4.657000 -14.924000 -1.571000
v -4.657000 -11.505000 -1.571000
v -4.157000 -14.705000 -1.571000
v -4.157000 -11.580000 -1.571000
v -3.657000 -14.608000 -1.571000
v -3.657000 -11.822000 -1.571000
v -3.157000 -14.505000 -1.571000
v -3.157000 -12.252000 -1.571000
v -2.657000 -14.097000 -1.571000
v -2.657000 -12.715000 -1.571000
v -9.157000 -14.549000 2.429000
v -9.157000 -12.894000 2.429000
v -8.657000 -15.030000 2.429000
v -8.657000 -12.201000 2.429000
v -8.157000 -15.253000 2.429000
v -8.157000 -11.966000 2.429000
v -7.657000 -15.338000 2.429000
v -7.657000 -11.904000 2.429000
v -7.157000 -15.363000 2.429000
v -7.157000 -11.913000 2.429000
v -6.657000 -15.360000 2.429000
v -6.657000 -11.980000 2.429000
v -6.157000 -15.234000 2.429000
v -6.157000 -12.120000 2.429000
v -5.657000 -14.994000 2.429000
v -5.657000 -12.642000 2.429000
v -4.157000 -15.843000 2.429000
v -4.157000 -14.899000 2.429000
v -3.657000 -16.043000 2.429000
v -3.657000 -14.784000 2.429000
v -3.157000 -16.051000 2.429000
v -3.157000 -14.746000 2.429000
v -2.657000 -16.209000 2.429000
v -2.657000 -14.894000 2.429000
v -2.157000 -16.675000 2.429000
v -2.157000 -14.941000 2.429000
v -1.657000 -17.064000 2.429000
v -1.657000 -14.828000 2.429000
v -1.157000 -17.160000 2.429000
v -1.157000 -14.738000 2.429000
v -0.657000 -17.040000 2.429000
v -0.657000 -14.858000 2.429000
v -0.157000 -16.593000 2.429000
v -0.157000 -15.306000 2.429000
v -11.657000 -14.379000 6.429000
v -11.657000 -12.473000 6.429000
v -11.157000 -14.924000 6.429000
v -11.157000 -12.139000 6.429000
v -10.657000 -15.238000 6.429000
v -10.657000 -11.903000 6.429000
v -10.157000 -15.334000 6.429000
v -10.157000 -11.623000 6.429000
v -9.657000 -15.466000 6.429000
v -9.657000 -11.544000 6.429000
v -9.157000 -15.548000 6.429000
v -9.157000 -11.531000 6.429000
v -8.657000 -15.616000 6.429000
v -8.657000 -11.613000 6.429000
v -8.157000 -15.493000 6.429000
v -8.157000 -11.926000 6.429000
v -7.657000 -15.229000 6.429000
v -7.657000 -12.579000 6.429000
v -7.157000 -15.055000 6.429000
v -7.157000 -13.027000 6.429000
v -6.657000 -15.247000 6.429000
v -6.657000 -13.242000 6.429000
v -6.157000 -15.476000 6.429000
v -6.157000 -13.498000 6.429000
v -5.657000 -15.820000 6.429000
v -5.657000 -13.802000 6.429000
v -5.157000 -16.037000 6.429000
v -5.157000 -14.033000 6.429000
v -4.657000 -15.872000 6.429000
v -4.657000 -14.582000 6.429000
v -3.157000 -16.494000 6.429000
v -3.157000 -15.512000 6.429000
v -2.657000 -17.096000 6.429000
v -2.657000 -15.316000 6.429000
v -2.157000 -17.494000 6.429000
v -2.157000 -15.209000 6.429000
v -1.657000 -17.666000 6.429000
v -1.657000 -15.090000 6.429000
v -1.157000 -17.759000 6.429000
v -1.157000 -14.995000 6.429000
v -0.657000 -17.761000 6.429000
v -0.657000 -14.995000 6.429000
v -0.157000 -17.671000 6.429000
v -0.157000 -15.095000 6.429000
v 0.343000 -17.521000 6.429000
v 0.343000 -15.298000 6.429000
v 0.843000 -17.141000 6.429000
v 0.843000 -15.679000 6.429000
f 451 1371 187
f 187 1371 1369
f 1371 1647 1369
f 1649 1647 1371
f 1649 1925 1647
f 1927 1925 1649
f 1927 75 1925
f 77 75 1927
f 77 359 75
f 361 359 77
f 361 621 359
f 623 621 361
f 623 452 621
f 621 452 188
f 453 1097 189
f 189 1097 1095
f 187 1095 1097
f 187 1097 451
f 454 954 889
f 188 454 889
f 452 454 188
f 954 190 889
f 455 821 191
f 191 821 819
f 189 819 821
f 189 821 453
f 891 954 454
f 891 456 954
f 456 190 954
f 456 192 190
f 457 191 193
f 457 455 191
f 892 458 958
f 958 194 892
f 194 456 892
f 194 192 456
f 459 193 195
f 459 457 193
f 460 960 958
f 460 958 458
f 194 958 196
f 196 958 960
f 461 195 197
f 461 459 195
f 198 890 960
f 460 198 960
f 462 198 460
f 196 960 890
f 463 197 199
f 463 461 197
f 624 464 692
f 692 200 624
f 200 462 624
f 200 198 462
f 199 820 463
f 463 820 822
f 465 822 820
f 465 820 201
f 362 466 448
f 692 464 362
f 692 362 448
f 622 692 448
f 202 622 448
f 200 692 622
f 201 1096 465
f 465 1096 1098
f 1370 1098 1096
f 1370 1372 1098
f 1648 1372 1370
f 1648 1650 1372
f 1926 1650 1648
f 1926 1928 1650
f 76 1928 1926
f 76 78 1928
f 466 78 448
f 78 360 448
f 78 76 360
f 202 448 360
f 467 567 635
f 635 567 915
f 915 567 837
f 915 837 1185
f 1185 837 1113
f 1113 468 1185
f 469 307 203
f 203 307 305
f 307 467 635
f 565 307 635
f 305 307 565
f 915 835 565
f 915 565 635
f 1185 1111 835
f 1185 835 915
f 1111 1185 468
f 1387 1111 468
f 1385 1111 1387
f 204 1385 1741
f 1385 1665 1741
f 1385 1387 1665
f 1665 470 1741
f 471 9 205
f 205 9 7
f 203 7 9
f 203 9 469
f 1741 1663 204
f 470 1943 2017
f 470 2017 206
f 1741 470 206
f 1663 1741 206
f 1943 472 2017
f 473 205 207
f 473 471 205
f 2017 1941 206
f 472 89 159
f 472 159 208
f 2017 472 208
f 1941 2017 208
f 89 474 159
f 475 207 209
f 475 473 207
f 159 87 208
f 159 474 87
f 474 210 87
f 474 476 210
f 477 209 211
f 477 475 209
f 210 478 212
f 476 478 210
f 479 211 213
f 479 477 211
f 212 480 214
f 478 480 212
f 10 479 122
f 479 215 122
f 479 213 215
f 481 10 122
f 88 171 216
f 88 214 171
f 214 482 171
f 214 480 482
f 217 126 215
f 215 126 122
f 481 122 126
f 481 126 483
f 216 171 90
f 484 216 90
f 218 216 484
f 171 482 90
f 8 126 217
f 308 483 402
f 402 483 219
f 483 126 219
f 126 8 219
f 485 308 402
f 1944 486 2034
f 2034 220 1944
f 220 484 1944
f 220 218 484
f 306 402 219
f 568 485 664
f 664 485 221
f 485 402 221
f 402 306 221
f 487 568 664
f 1666 488 1762
f 2034 486 1666
f 2034 1666 1762
f 1942 2034 1762
f 222 1942 1762
f 220 2034 1942
f 223 668 221
f 221 668 664
f 948 838 487
f 664 948 487
f 668 948 664
f 838 948 1214
f 838 1214 1114
f 1114 1214 1492
f 1114 1492 1388
f 1762 488 1388
f 1762 1388 1492
f 1664 1762 1492
f 224 1664 1492
f 222 1762 1664
f 566 668 223
f 225 950 566
f 950 668 566
f 950 948 668
f 1216 948 950
f 1214 948 1216
f 1386 1492 226
f 1492 1216 226
f 1492 1214 1216
f 224 1492 1386
f 836 950 225
f 1112 1216 836
f 836 1216 950
f 226 1216 1112
f 489 323 227
f 227 323 321
f 323 581 321
f 583 581 323
f 583 851 581
f 853 851 583
f 853 1127 851
f 1129 1127 853
f 1129 1401 1127
f 1403 1401 1129
f 1403 490 1401
f 1401 490 228
f 491 27 229
f 229 27 25
f 227 25 27
f 227 27 489
f 1679 228 490
f 1679 490 1681
f 1681 492 1679
f 1679 492 230
f 493 229 231
f 493 491 229
f 230 494 232
f 492 494 230
f 495 1891 1971
f 233 1971 1891
f 493 233 1891
f 231 233 493
f 232 496 234
f 494 496 232
f 1973 497 1971
f 1971 497 495
f 1971 233 235
f 1971 235 1973
f 234 498 236
f 496 498 234
f 1975 499 1973
f 1973 499 497
f 1973 235 237
f 1973 237 1975
f 236 500 238
f 498 500 236
f 1977 501 1975
f 1975 501 499
f 1975 237 239
f 1975 239 1977
f 1682 502 240
f 1682 240 1680
f 1680 238 1682
f 1682 238 500
f 503 1617 1703
f 501 1977 1617
f 1977 1703 1617
f 1977 1979 1703
f 1977 239 241
f 1977 241 1979
f 1128 1205 242
f 1404 504 1205
f 1128 1404 1205
f 1402 1404 1128
f 1402 240 1404
f 1404 240 502
f 1705 505 1703
f 1703 505 503
f 1979 1889 243
f 1705 1979 243
f 1703 1979 1705
f 1979 241 1889
f 852 941 244
f 1205 1130 242
f 242 1130 852
f 1130 506 852
f 506 941 852
f 1205 504 1130
f 507 1339 1431
f 505 1705 1339
f 1339 1705 1431
f 1705 1615 1431
f 1615 245 1431
f 1705 243 1615
f 582 665 246
f 941 854 244
f 244 854 582
f 854 508 582
f 508 665 582
f 941 506 854
f 1433 509 1431
f 1431 509 507
f 1431 245 247
f 1431 247 1433
f 669 248 246
f 669 246 665
f 665 508 669
f 669 508 510
f 1435 511 1433
f 1433 511 509
f 1433 247 249
f 1433 249 1435
f 673 250 248
f 673 248 669
f 669 510 673
f 673 510 512
f 1337 251 1435
f 251 511 1435
f 251 513 511
f 1435 249 1337
f 677 252 250
f 677 250 673
f 673 512 677
f 677 512 514
f 515 251 253
f 515 513 251
f 252 677 584
f 516 252 584
f 254 252 516
f 677 514 584
f 517 1073 255
f 255 1073 1071
f 253 1071 1073
f 253 1073 515
f 254 518 256
f 516 518 254
f 519 255 257
f 519 517 255
f 256 520 258
f 518 520 256
f 521 257 259
f 521 519 257
f 324 522 260
f 324 260 322
f 322 258 324
f 324 258 520
f 1169 523 1072
f 523 259 1072
f 523 521 259
f 261 1169 1072
f 260 524 262
f 522 524 260
f 1169 1074 523
f 1453 525 1338
f 1338 525 261
f 525 1074 261
f 1074 1169 261
f 1616 1725 1453
f 1616 1453 1338
f 1890 2001 1725
f 1890 1725 1616
f 28 526 2001
f 1890 28 2001
f 26 28 1890
f 26 262 28
f 28 262 524
f 1453 1340 525
f 1340 1453 1618
f 1618 1453 1725
f 1618 1725 1892
f 1892 1725 2001
f 2001 526 1892
f 906 867 263
f 1176 1143 906
f 906 1143 867
f 1176 264 1143
f 527 599 265
f 265 599 597
f 869 906 263
f 597 869 263
f 599 869 597
f 906 869 1145
f 906 1145 1176
f 1417 264 1176
f 1145 1417 1176
f 1419 1417 1145
f 1419 528 1417
f 1417 528 266
f 529 339 267
f 267 339 337
f 265 337 339
f 265 339 527
f 1695 266 528
f 1695 528 1697
f 1697 530 1695
f 1695 530 268
f 531 55 269
f 269 55 51
f 267 51 55
f 267 55 529
f 532 2006 1959
f 268 532 1959
f 530 532 268
f 2006 270 1959
f 533 269 271
f 533 531 269
f 534 2008 2006
f 534 2006 532
f 270 2006 272
f 272 2006 2008
f 535 271 273
f 535 533 271
f 536 2012 2008
f 536 2008 534
f 272 2008 274
f 274 2008 2012
f 56 535 108
f 535 275 108
f 535 273 275
f 537 56 108
f 276 1960 2012
f 536 276 2012
f 538 276 536
f 274 2012 1960
f 52 108 275
f 340 537 384
f 384 537 277
f 537 108 277
f 108 52 277
f 539 340 384
f 1698 540 1746
f 1746 278 1698
f 278 538 1698
f 278 276 538
f 338 384 277
f 600 539 644
f 644 539 279
f 539 384 279
f 384 338 279
f 600 644 924
f 600 924 870
f 870 924 1194
f 870 1194 1146
f 1146 1194 280
f 1418 1146 280
f 1420 1146 1418
f 540 1420 1746
f 1420 1696 1746
f 1420 1418 1696
f 278 1746 1696
f 598 644 279
f 868 924 598
f 598 924 644
f 1144 1194 868
f 868 1194 924
f 280 1194 1144
f 1712 1631 281
f 1712 282 1631
f 541 1089 283
f 283 1089 1087
f 1089 1357 1087
f 1359 1357 1089
f 1633 1712 281
f 1357 1633 281
f 1359 1633 1357
f 1909 282 1712
f 1633 1909 1712
f 1911 1909 1633
f 1911 542 1909
f 1909 542 284
f 543 817 285
f 285 817 815
f 283 815 817
f 283 817 541
f 53 284 542
f 53 542 57
f 57 544 53
f 53 544 286
f 545 285 287
f 545 543 285
f 286 546 288
f 544 546 286
f 547 287 289
f 547 545 287
f 288 548 290
f 546 548 288
f 289 816 547
f 547 816 818
f 549 818 816
f 549 816 291
f 58 550 150
f 150 292 58
f 292 548 58
f 292 290 548
f 1090 549 1170
f 549 293 1170
f 549 291 293
f 551 1090 1170
f 1912 552 2000
f 150 550 1912
f 150 1912 2000
f 54 150 2000
f 294 54 2000
f 292 150 54
f 1088 1170 293
f 1360 551 1454
f 1454 551 295
f 551 1170 295
f 1170 1088 295
f 1360 1454 1726
f 1360 1726 1634
f 2000 552 1634
f 2000 1634 1726
f 1910 2000 1726
f 296 1910 1726
f 294 2000 1910
f 1358 1454 295
f 1632 1726 1358
f 1358 1726 1454
f 296 1726 1632
f 697 63 175
f 175 63 439
f 439 63 347
f 347 698 439
f 177 699 175
f 175 699 697
f 175 441 177
f 175 439 441
f 439 698 441
f 441 698 700
f 179 701 177
f 177 701 699
f 177 443 179
f 177 441 443
f 609 689 700
f 689 441 700
f 689 443 441
f 609 702 689
f 181 703 179
f 179 703 701
f 179 445 181
f 179 443 445
f 443 691 445
f 443 689 691
f 689 702 691
f 691 702 704
f 181 64 703
f 64 181 348
f 348 181 445
f 348 445 610
f 610 445 691
f 691 704 610
f 705 1373 451
f 451 1373 1371
f 1373 1649 1371
f 1651 1649 1373
f 2026 1927 706
f 1927 1651 706
f 1927 1649 1651
f 166 77 2026
f 2026 77 1927
f 432 361 166
f 166 361 77
f 680 623 432
f 432 623 361
f 680 452 623
f 707 823 931
f 931 823 453
f 823 1097 453
f 823 1099 1097
f 451 1097 1099
f 451 1099 705
f 1929 2026 706
f 2026 1929 79
f 2026 79 166
f 166 79 363
f 166 363 432
f 432 363 708
f 682 432 708
f 680 432 682
f 452 680 454
f 454 680 682
f 709 553 655
f 707 931 553
f 553 931 655
f 931 821 655
f 821 455 655
f 931 453 821
f 710 684 682
f 710 682 708
f 454 682 891
f 682 956 891
f 682 684 956
f 956 456 891
f 659 711 655
f 655 711 709
f 655 455 457
f 655 457 659
f 712 686 684
f 712 684 710
f 892 956 458
f 956 686 458
f 956 684 686
f 456 956 892
f 663 713 659
f 659 713 711
f 659 457 459
f 659 459 663
f 714 688 686
f 714 686 712
f 458 686 460
f 460 686 688
f 667 715 663
f 663 715 713
f 663 459 461
f 663 461 667
f 716 690 688
f 716 688 714
f 460 688 462
f 462 688 690
f 671 717 667
f 667 717 715
f 667 461 463
f 667 463 671
f 364 718 446
f 690 716 364
f 690 364 446
f 624 690 446
f 464 624 446
f 462 690 624
f 671 554 717
f 951 719 822
f 822 719 463
f 719 554 463
f 554 671 463
f 465 951 822
f 80 720 184
f 446 718 80
f 446 80 184
f 362 446 184
f 466 362 184
f 464 446 362
f 951 824 719
f 465 1098 951
f 1098 824 951
f 1098 1100 824
f 1372 1100 1098
f 1372 1374 1100
f 1650 1374 1372
f 1650 1652 1374
f 1928 1652 1650
f 1928 1930 1652
f 720 1930 184
f 1930 78 184
f 1930 1928 78
f 466 184 78
f 721 309 377
f 377 309 467
f 309 567 467
f 309 569 567
f 569 837 567
f 839 837 569
f 839 1113 837
f 1115 1113 839
f 468 1113 1467
f 1113 1389 1467
f 1113 1115 1389
f 1467 1389 1737
f 1737 1389 1667
f 1667 722 1737
f 723 11 105
f 721 377 11
f 11 377 105
f 377 307 105
f 307 469 105
f 377 467 307
f 1467 1387 468
f 1737 1665 1387
f 1737 1387 1467
f 722 1945 2013
f 722 2013 470
f 1737 722 470
f 1665 1737 470
f 1945 724 2013
f 9 471 105
f 471 723 105
f 471 725 723
f 105 469 9
f 2013 1943 470
f 724 91 157
f 724 157 472
f 2013 724 472
f 1943 2013 472
f 91 726 157
f 727 471 473
f 727 725 471
f 157 89 472
f 726 365 425
f 726 425 474
f 157 726 474
f 89 157 474
f 365 728 425
f 729 473 475
f 729 727 473
f 427 476 474
f 427 474 425
f 425 728 427
f 427 728 730
f 731 475 477
f 731 729 475
f 429 478 476
f 429 476 427
f 427 730 429
f 429 730 732
f 733 477 479
f 733 731 477
f 433 480 478
f 433 478 429
f 429 732 433
f 433 732 734
f 479 10 733
f 733 10 12
f 735 12 10
f 735 10 481
f 480 433 366
f 736 480 366
f 482 480 736
f 433 734 366
f 310 735 398
f 735 483 398
f 735 481 483
f 737 310 398
f 1946 738 2032
f 1946 2032 484
f 90 1946 484
f 92 1946 90
f 90 482 92
f 92 482 736
f 308 398 483
f 570 737 660
f 660 737 485
f 737 398 485
f 398 308 485
f 570 660 940
f 570 940 840
f 840 940 1208
f 840 1208 1116
f 1116 1208 1488
f 1116 1488 1390
f 1390 1488 1760
f 1390 1760 1668
f 2032 738 1668
f 2032 1668 1760
f 1944 2032 1760
f 486 1944 1760
f 484 2032 1944
f 568 660 485
f 487 944 568
f 944 660 568
f 944 940 660
f 1212 940 944
f 1208 940 1212
f 1490 1208 1212
f 1488 1208 1490
f 1666 1760 488
f 1760 1490 488
f 1760 1488 1490
f 486 1760 1666
f 838 944 487
f 1114 1212 838
f 838 1212 944
f 1388 1490 1114
f 1114 1490 1212
f 488 1490 1388
f 739 325 379
f 379 325 637
f 637 325 585
f 637 585 917
f 917 585 855
f 917 855 1187
f 1187 855 1131
f 1131 740 1187
f 741 29 107
f 739 379 29
f 29 379 107
f 379 323 107
f 323 489 107
f 637 583 323
f 637 323 379
f 917 853 583
f 917 583 637
f 1187 1129 853
f 1187 853 917
f 1129 1187 740
f 1405 1129 740
f 1403 1129 1405
f 1405 742 1403
f 1403 742 490
f 27 491 107
f 491 741 107
f 491 743 741
f 107 489 27
f 1681 490 742
f 1681 742 1683
f 1683 744 1681
f 1681 744 492
f 745 1893 1969
f 493 1969 1893
f 743 493 1893
f 491 493 743
f 492 746 494
f 744 746 492
f 1891 495 1969
f 495 745 1969
f 495 747 745
f 1969 493 1891
f 494 748 496
f 746 748 494
f 749 495 497
f 749 747 495
f 496 750 498
f 748 750 496
f 751 497 499
f 751 749 497
f 498 752 500
f 750 752 498
f 753 1619 1701
f 501 1701 1619
f 751 501 1619
f 499 501 751
f 1684 754 502
f 1684 502 1682
f 1682 500 1684
f 1684 500 752
f 1617 503 1701
f 503 753 1701
f 503 755 753
f 1701 501 1617
f 1406 756 504
f 1406 504 1404
f 1404 502 1406
f 1406 502 754
f 757 1341 1429
f 505 1429 1341
f 755 505 1341
f 503 505 755
f 1130 1209 506
f 1130 504 1209
f 504 758 1209
f 504 756 758
f 1339 507 1429
f 507 757 1429
f 507 759 757
f 1429 505 1339
f 854 945 508
f 1209 1132 506
f 506 1132 854
f 1132 760 854
f 760 945 854
f 1209 758 1132
f 761 507 509
f 761 759 507
f 508 945 856
f 762 508 856
f 510 508 762
f 945 760 856
f 763 509 511
f 763 761 509
f 510 764 512
f 762 764 510
f 765 511 513
f 765 763 511
f 512 766 514
f 764 766 512
f 767 513 515
f 767 765 513
f 586 768 516
f 586 516 584
f 584 514 586
f 586 514 766
f 1162 1073 517
f 515 1073 1162
f 769 515 1162
f 767 515 769
f 516 770 518
f 768 770 516
f 1162 517 1075
f 517 771 1075
f 517 519 771
f 769 1162 1075
f 326 772 424
f 424 520 326
f 520 770 326
f 520 518 770
f 773 519 521
f 773 771 519
f 522 324 424
f 772 522 424
f 774 522 772
f 520 424 324
f 775 521 523
f 775 773 521
f 522 776 524
f 774 776 522
f 1171 777 1074
f 777 523 1074
f 777 775 523
f 525 1171 1074
f 30 778 526
f 30 526 28
f 28 524 30
f 30 524 776
f 1171 1076 777
f 1455 779 1340
f 1340 779 525
f 779 1076 525
f 1076 1171 525
f 1618 1727 1455
f 1618 1455 1340
f 1894 780 1727
f 1618 1894 1727
f 1892 1894 1618
f 1892 526 1894
f 1894 526 778
f 1455 1342 779
f 1342 1455 1620
f 1620 1455 1727
f 1727 780 1620
f 628 599 527
f 781 871 628
f 871 599 628
f 871 869 599
f 871 1145 869
f 1147 1145 871
f 1460 1419 782
f 1419 1147 782
f 1419 1145 1147
f 1460 528 1419
f 783 341 529
f 529 341 339
f 601 628 527
f 339 601 527
f 341 601 339
f 781 628 601
f 1421 1460 782
f 784 1732 1697
f 784 1697 528
f 1421 784 528
f 1460 1421 528
f 1732 530 1697
f 785 59 531
f 531 59 55
f 529 55 59
f 529 59 783
f 786 1734 1732
f 786 1732 784
f 530 1732 532
f 532 1732 1734
f 787 531 533
f 787 785 531
f 788 1736 1734
f 788 1734 786
f 532 1734 534
f 534 1734 1736
f 789 533 535
f 789 787 533
f 790 1740 1736
f 790 1736 788
f 534 1736 536
f 536 1736 1740
f 535 56 789
f 789 56 60
f 791 60 56
f 791 56 537
f 792 1744 1740
f 792 1740 790
f 536 1740 538
f 538 1740 1744
f 537 340 791
f 791 340 342
f 793 342 340
f 793 340 539
f 540 1698 1744
f 792 540 1744
f 794 540 792
f 538 1744 1698
f 539 600 793
f 793 600 602
f 870 602 600
f 870 872 602
f 1146 872 870
f 1146 1148 872
f 1420 1148 1146
f 1420 1422 1148
f 1420 540 1422
f 1422 540 794
f 1158 1089 541
f 795 1361 1158
f 1361 1089 1158
f 1361 1359 1089
f 1361 1633 1359
f 1635 1633 1361
f 1990 1911 796
f 1911 1635 796
f 1911 1633 1635
f 1990 542 1911
f 894 817 543
f 1091 1158 541
f 1091 541 817
f 797 1091 817
f 894 797 817
f 795 1158 1091
f 1913 1990 796
f 798 142 57
f 798 57 542
f 1913 798 542
f 1990 1913 542
f 142 544 57
f 545 896 543
f 543 896 894
f 797 894 896
f 797 896 799
f 800 144 142
f 800 142 798
f 544 142 546
f 546 142 144
f 547 898 545
f 545 898 896
f 799 896 898
f 799 898 801
f 802 148 144
f 802 144 800
f 546 144 548
f 548 144 148
f 818 898 547
f 1092 801 1168
f 1168 801 549
f 801 898 549
f 898 818 549
f 803 1092 1168
f 1914 804 1998
f 148 802 1914
f 148 1914 1998
f 58 148 1998
f 550 58 1998
f 548 148 58
f 1090 1168 549
f 1362 803 1452
f 1452 803 551
f 803 1168 551
f 1168 1090 551
f 1362 1452 1724
f 1362 1724 1636
f 1998 804 1636
f 1998 1636 1724
f 1912 1998 1724
f 552 1912 1724
f 550 1998 1912
f 1360 1452 551
f 1634 1724 1360
f 1360 1724 1452
f 552 1724 1634
f 967 65 173
f 173 65 437
f 437 65 349
f 349 968 437
f 969 1915 2033
f 967 173 1915
f 1915 173 2033
f 173 63 2033
f 63 697 2033
f 437 347 63
f 437 63 173
f 968 611 685
f 968 685 698
f 437 968 698
f 347 437 698
f 611 970 685
f 2035 971 2033
f 2033 971 969
f 2033 697 699
f 2033 699 2035
f 687 700 698
f 687 698 685
f 879 959 970
f 959 685 970
f 959 687 685
f 879 972 959
f 2037 973 2035
f 2035 973 971
f 2035 699 701
f 2035 701 2037
f 687 609 700
f 961 702 609
f 687 961 609
f 959 961 687
f 959 972 961
f 961 972 974
f 2039 975 2037
f 2037 975 973
f 2037 701 703
f 2037 703 2039
f 963 704 702
f 963 702 961
f 961 974 963
f 963 974 976
f 2039 1916 975
f 183 977 64
f 64 977 703
f 977 1916 703
f 1916 2039 703
f 348 447 183
f 348 183 64
f 610 693 447
f 610 447 348
f 963 880 704
f 704 880 610
f 880 978 610
f 978 693 610
f 963 976 880
f 183 66 977
f 66 183 350
f 350 183 447
f 350 447 612
f 612 447 693
f 693 978 612
f 979 825 929
f 929 825 1199
f 1199 825 1101
f 1199 1101 705
f 1101 1373 705
f 1101 1375 1373
f 1375 1651 1373
f 1653 1651 1375
f 1653 980 1651
f 1651 980 706
f 981 555 651
f 979 929 555
f 555 929 651
f 929 823 651
f 823 707 651
f 1199 1099 823
f 1199 823 929
f 1199 705 1099
f 1929 706 980
f 1929 980 1931
f 1931 79 1929
f 81 79 1931
f 436 363 982
f 363 81 982
f 363 79 81
f 436 708 363
f 553 709 651
f 709 981 651
f 709 983 981
f 651 707 553
f 984 438 436
f 984 436 982
f 708 436 710
f 710 436 438
f 985 709 711
f 985 983 709
f 986 440 438
f 986 438 984
f 710 438 712
f 712 438 440
f 987 711 713
f 987 985 711
f 988 442 440
f 988 440 986
f 712 440 714
f 714 440 442
f 989 713 715
f 989 987 713
f 990 444 442
f 990 442 988
f 714 442 716
f 716 442 444
f 991 715 717
f 991 989 715
f 82 992 182
f 444 990 82
f 444 82 182
f 364 444 182
f 718 364 182
f 716 444 364
f 717 554 991
f 991 554 556
f 993 556 554
f 993 554 719
f 1932 994 2042
f 182 992 1932
f 182 1932 2042
f 80 182 2042
f 720 80 2042
f 718 182 80
f 719 824 993
f 993 824 826
f 1100 826 824
f 1100 1102 826
f 1374 1102 1100
f 1374 1376 1102
f 1652 1376 1374
f 1652 1654 1376
f 994 1654 2042
f 1654 1930 2042
f 1654 1652 1930
f 720 2042 1930
f 995 311 721
f 721 311 309
f 311 569 309
f 571 569 311
f 571 839 569
f 841 839 571
f 841 1115 839
f 1117 1115 841
f 1117 1389 1115
f 1391 1389 1117
f 1391 1667 1389
f 1669 1667 1391
f 722 1667 2009
f 1667 1947 2009
f 1667 1669 1947
f 1947 996 2009
f 997 13 723
f 723 13 11
f 721 11 13
f 721 13 995
f 2009 1945 722
f 996 93 155
f 996 155 724
f 2009 996 724
f 1945 2009 724
f 93 998 155
f 999 723 725
f 999 997 723
f 155 91 724
f 155 998 91
f 998 726 91
f 998 1000 726
f 1001 725 727
f 1001 999 725
f 365 726 1000
f 365 1000 367
f 367 1002 365
f 365 1002 728
f 1003 727 729
f 1003 1001 727
f 728 1004 730
f 1002 1004 728
f 1005 729 731
f 1005 1003 729
f 730 1006 732
f 1004 1006 730
f 14 1005 118
f 1005 733 118
f 1005 731 733
f 1007 14 118
f 732 1008 734
f 1006 1008 732
f 12 118 733
f 312 1007 394
f 394 1007 735
f 1007 118 735
f 118 12 735
f 1009 312 394
f 368 1010 736
f 368 736 366
f 366 734 368
f 368 734 1008
f 310 394 735
f 572 1009 656
f 656 1009 737
f 1009 394 737
f 394 310 737
f 572 656 936
f 572 936 842
f 842 936 1204
f 842 1204 1118
f 1118 1204 1486
f 1118 1486 1392
f 1392 1486 1758
f 1392 1758 1670
f 1670 1758 738
f 1946 1670 738
f 1948 1670 1946
f 92 1948 1946
f 92 94 1948
f 92 736 94
f 94 736 1010
f 570 656 737
f 840 936 570
f 570 936 656
f 1116 1204 840
f 840 1204 936
f 1390 1486 1116
f 1116 1486 1204
f 1668 1758 1390
f 1390 1758 1486
f 738 1758 1668
f 1011 327 375
f 375 327 633
f 633 327 587
f 633 587 913
f 913 587 857
f 857 1012 913
f 1013 31 103
f 1011 375 31
f 31 375 103
f 375 325 103
f 325 739 103
f 633 585 325
f 633 325 375
f 913 855 585
f 913 585 633
f 855 913 1012
f 1133 855 1012
f 1131 855 1133
f 740 1131 1469
f 1131 1407 1469
f 1131 1133 1407
f 1407 1014 1469
f 1015 1895 1965
f 1013 103 1895
f 1895 103 1965
f 103 29 1965
f 29 741 1965
f 103 739 29
f 1469 1405 740
f 1469 1014 1405
f 1014 742 1405
f 1014 1016 742
f 1967 1017 1965
f 1965 1017 1015
f 1965 741 743
f 1965 743 1967
f 1683 742 1016
f 1683 1016 1685
f 1685 1018 1683
f 1683 1018 744
f 1893 745 1967
f 745 1017 1967
f 745 1019 1017
f 1967 743 1893
f 744 1020 746
f 1018 1020 744
f 1021 745 747
f 1021 1019 745
f 746 1022 748
f 1020 1022 746
f 1023 747 749
f 1023 1021 747
f 748 1024 750
f 1022 1024 748
f 1025 1621 1699
f 751 1699 1621
f 1023 751 1621
f 749 751 1023
f 1686 1026 1754
f 1754 752 1686
f 752 1024 1686
f 752 750 1024
f 1619 753 1699
f 753 1025 1699
f 753 1027 1025
f 1699 751 1619
f 754 1684 1754
f 1026 754 1754
f 1028 754 1026
f 752 1754 1684
f 1029 1343 1427
f 755 1427 1343
f 1027 755 1343
f 753 755 1027
f 1408 1030 756
f 1408 756 1406
f 1406 754 1408
f 1408 754 1028
f 1341 757 1427
f 757 1029 1427
f 757 1031 1029
f 1427 755 1341
f 756 1032 758
f 1030 1032 756
f 1033 757 759
f 1033 1031 757
f 1134 1034 760
f 1134 760 1132
f 1132 758 1134
f 1134 758 1032
f 1035 759 761
f 1035 1033 759
f 858 1036 762
f 858 762 856
f 856 760 858
f 858 760 1034
f 1037 761 763
f 1037 1035 761
f 762 1038 764
f 1036 1038 762
f 1039 763 765
f 1039 1037 763
f 764 1040 766
f 1038 1040 764
f 1041 765 767
f 1041 1039 765
f 588 1042 768
f 588 768 586
f 586 766 588
f 588 766 1040
f 1043 767 769
f 1043 1041 767
f 328 1044 422
f 422 770 328
f 770 1042 328
f 770 768 1042
f 1045 1077 771
f 771 1077 1075
f 769 1075 1077
f 769 1077 1043
f 772 326 422
f 1044 772 422
f 1046 772 1044
f 770 422 326
f 1047 805 899
f 773 899 805
f 1045 773 805
f 771 773 1045
f 772 1048 774
f 1046 1048 772
f 901 1049 899
f 899 1049 1047
f 899 773 775
f 899 775 901
f 774 1050 776
f 1048 1050 774
f 903 1051 901
f 901 1051 1049
f 901 775 777
f 901 777 903
f 32 1052 778
f 32 778 30
f 30 776 32
f 32 776 1050
f 903 806 1051
f 1173 1053 1076
f 1076 1053 777
f 1053 806 777
f 806 903 777
f 779 1173 1076
f 1894 2003 780
f 1894 778 2003
f 778 1054 2003
f 778 1052 1054
f 1173 1078 1053
f 779 1342 1173
f 1342 1078 1173
f 1342 1344 1078
f 1620 1344 1342
f 1620 1622 1344
f 2003 1896 780
f 1896 1620 780
f 1896 1622 1620
f 2003 1054 1896
f 908 871 781
f 1178 1147 908
f 908 1147 871
f 1178 782 1147
f 1055 343 783
f 783 343 341
f 343 601 341
f 603 601 343
f 873 908 781
f 601 873 781
f 603 873 601
f 908 873 1149
f 908 1149 1178
f 1056 1462 1421
f 1056 1421 782
f 1149 1056 782
f 1178 1149 782
f 1462 784 1421
f 1057 61 785
f 785 61 59
f 783 59 61
f 783 61 1055
f 1423 1462 1056
f 1423 1058 1462
f 1058 784 1462
f 1058 786 784
f 1059 785 787
f 1059 1057 785
f 786 1060 788
f 1058 1060 786
f 1061 787 789
f 1061 1059 787
f 788 1062 790
f 1060 1062 788
f 789 60 1061
f 1061 60 62
f 1063 62 60
f 1063 60 791
f 1424 1064 1472
f 1472 792 1424
f 792 1062 1424
f 792 790 1062
f 791 342 1063
f 1063 342 344
f 342 793 642
f 604 342 642
f 344 342 604
f 604 642 922
f 604 922 874
f 874 922 1192
f 874 1192 1150
f 1472 1064 1150
f 1192 1472 1150
f 1474 1472 1192
f 792 1472 794
f 794 1472 1474
f 602 642 793
f 872 922 602
f 602 922 642
f 1148 1192 872
f 872 1192 922
f 1422 1474 1148
f 1148 1474 1192
f 794 1474 1422
f 1440 1361 795
f 1714 1635 1440
f 1440 1635 1361
f 1714 796 1635
f 1160 1091 797
f 1363 1440 795
f 1363 795 1091
f 1065 1363 1091
f 1160 1065 1091
f 1440 1363 1637
f 1440 1637 1714
f 1066 1992 1913
f 1066 1913 796
f 1637 1066 796
f 1714 1637 796
f 1992 798 1913
f 799 1164 797
f 797 1164 1160
f 1065 1160 1164
f 1065 1164 1067
f 1068 1994 1992
f 1068 1992 1066
f 798 1992 800
f 800 1992 1994
f 801 1166 799
f 799 1166 1164
f 1067 1164 1166
f 1067 1166 1069
f 1070 1996 1994
f 1070 1994 1068
f 800 1994 802
f 802 1994 1996
f 1092 1166 801
f 1364 1069 1450
f 1450 1069 803
f 1069 1166 803
f 1166 1092 803
f 1364 1450 1722
f 1364 1722 1638
f 1996 1070 1638
f 1996 1638 1722
f 1914 1996 1722
f 804 1914 1722
f 802 1996 1914
f 1362 1450 803
f 1636 1722 1362
f 1362 1722 1450
f 804 1722 1636
f 1223 1917 2029
f 2029 1917 169
f 169 1917 67
f 67 1224 169
f 2031 1225 2029
f 2029 1225 1223
f 169 65 967
f 2031 169 967
f 2029 169 2031
f 65 169 1224
f 351 65 1224
f 349 65 351
f 968 349 683
f 349 613 683
f 349 351 613
f 613 1226 683
f 1227 1639 1759
f 1225 2031 1639
f 1639 2031 1759
f 2031 1915 1759
f 1915 969 1759
f 2031 967 1915
f 683 611 968
f 1226 881 957
f 1226 957 970
f 683 1226 970
f 611 683 970
f 881 1228 957
f 1761 1229 1759
f 1759 1229 1227
f 1759 969 971
f 1759 971 1761
f 957 879 970
f 957 1228 879
f 1228 972 879
f 1228 1230 972
f 1763 1231 1761
f 1761 1231 1229
f 1761 971 973
f 1761 973 1763
f 1230 1153 1219
f 974 1230 1219
f 972 1230 974
f 1153 1232 1219
f 1765 1233 1763
f 1763 1233 1231
f 1763 973 975
f 1763 975 1765
f 1221 976 974
f 1221 974 1219
f 1219 1232 1221
f 1221 1232 1234
f 1765 1640 1233
f 2041 1235 1916
f 1916 1235 975
f 1235 1640 975
f 1640 1765 975
f 977 2041 1916
f 880 965 978
f 1221 1154 976
f 976 1154 880
f 1154 1236 880
f 1236 965 880
f 1221 1234 1154
f 2041 1918 1235
f 185 1237 66
f 66 1237 977
f 1237 1918 977
f 1918 2041 977
f 350 449 185
f 350 185 66
f 614 1238 449
f 350 614 449
f 612 614 350
f 965 882 978
f 882 612 978
f 882 614 612
f 965 1236 882
f 185 68 1237
f 68 185 352
f 352 185 449
f 449 1238 352
f 1239 557 645
f 645 557 925
f 925 557 827
f 827 1240 925
f 1241 297 389
f 1239 645 297
f 645 389 297
f 645 647 389
f 645 927 647
f 645 925 927
f 1103 1197 1240
f 1197 925 1240
f 1197 927 925
f 1197 1103 1479
f 1479 1103 1377
f 1377 1242 1479
f 389 298 1241
f 298 389 1243
f 389 649 1243
f 389 647 649
f 927 825 979
f 649 927 979
f 647 927 649
f 1197 1101 825
f 1197 825 927
f 1479 1375 1101
f 1479 1101 1197
f 1375 1479 1242
f 1655 1375 1242
f 1653 1375 1655
f 1655 1244 1653
f 1653 1244 980
f 555 981 649
f 981 1243 649
f 981 1245 1243
f 649 979 555
f 1931 980 1244
f 1931 1244 1933
f 170 81 1246
f 81 1933 1246
f 81 1931 1933
f 170 982 81
f 1247 981 983
f 1247 1245 981
f 83 170 1246
f 83 1248 170
f 1248 982 170
f 1248 984 982
f 1249 983 985
f 1249 1247 983
f 984 1250 986
f 1248 1250 984
f 1251 985 987
f 1251 1249 985
f 986 1252 988
f 1250 1252 986
f 1253 987 989
f 1253 1251 987
f 84 1254 180
f 180 990 84
f 990 1252 84
f 990 988 1252
f 1255 989 991
f 1255 1253 989
f 1934 1256 2040
f 180 1254 1934
f 180 1934 2040
f 82 180 2040
f 992 82 2040
f 990 180 82
f 991 556 1255
f 1255 556 558
f 1257 558 556
f 1257 556 993
f 1656 1258 1768
f 2040 1256 1656
f 2040 1656 1768
f 1932 2040 1768
f 994 1932 1768
f 992 2040 1932
f 993 826 1257
f 1257 826 828
f 1102 828 826
f 1102 1104 828
f 1376 1104 1102
f 1376 1378 1104
f 1258 1378 1768
f 1378 1654 1768
f 1378 1376 1654
f 994 1768 1654
f 1259 313 995
f 995 313 311
f 313 571 311
f 573 571 313
f 573 841 571
f 843 841 573
f 843 1117 841
f 1119 1117 843
f 1119 1391 1117
f 1393 1391 1119
f 1393 1669 1391
f 1671 1669 1393
f 1671 1947 1669
f 1949 1947 1671
f 1949 1260 1947
f 1947 1260 996
f 1261 15 997
f 997 15 13
f 995 13 15
f 995 15 1259
f 93 996 1260
f 93 1260 95
f 95 1262 93
f 93 1262 998
f 1263 997 999
f 1263 1261 997
f 998 1264 1000
f 1262 1264 998
f 1265 999 1001
f 1265 1263 999
f 1266 426 367
f 1000 1266 367
f 1264 1266 1000
f 426 1002 367
f 1267 1001 1003
f 1267 1265 1001
f 1268 428 426
f 1268 426 1266
f 1002 426 1004
f 1004 426 428
f 1269 1003 1005
f 1269 1267 1003
f 1270 430 428
f 1270 428 1268
f 1004 428 1006
f 1006 428 430
f 1005 14 1269
f 1269 14 16
f 1271 16 14
f 1271 14 1007
f 1272 434 430
f 1272 430 1270
f 1006 430 1008
f 1008 430 434
f 1007 312 1271
f 1271 312 314
f 312 1009 652
f 574 312 652
f 314 312 574
f 574 652 932
f 574 932 844
f 1273 844 932
f 96 1274 172
f 434 1272 96
f 434 96 172
f 368 434 172
f 1010 368 172
f 1008 434 368
f 572 652 1009
f 842 932 572
f 572 932 652
f 932 842 1273
f 842 1120 1273
f 842 1118 1120
f 1392 1120 1118
f 1392 1394 1120
f 1670 1394 1392
f 1670 1672 1394
f 1948 1672 1670
f 1948 1950 1672
f 1274 1950 172
f 1950 94 172
f 1950 1948 94
f 1010 172 94
f 1275 859 907
f 907 859 1177
f 1177 859 1135
f 1135 1276 1177
f 1277 589 629
f 1275 907 589
f 907 629 589
f 907 909 629
f 907 1179 909
f 907 1177 1179
f 1177 1276 1179
f 1179 1276 1278
f 1279 329 373
f 1277 629 329
f 629 373 329
f 629 631 373
f 629 911 631
f 629 909 911
f 909 1181 911
f 909 1179 1181
f 1409 1463 1278
f 1463 1179 1278
f 1463 1181 1179
f 1409 1280 1463
f 1281 33 101
f 1279 373 33
f 33 373 101
f 373 327 101
f 327 1011 101
f 631 587 327
f 631 327 373
f 911 857 587
f 911 587 631
f 1183 1012 857
f 911 1183 857
f 1181 1183 911
f 1181 1465 1183
f 1181 1463 1465
f 1463 1280 1465
f 1465 1280 1282
f 1283 1897 1963
f 1281 101 1897
f 1897 101 1963
f 101 31 1963
f 31 1013 1963
f 101 1011 31
f 1183 1133 1012
f 1465 1407 1133
f 1465 1133 1183
f 1465 1282 1407
f 1282 1014 1407
f 1282 1284 1014
f 1895 1015 1963
f 1015 1283 1963
f 1015 1285 1283
f 1963 1013 1895
f 1284 1687 1743
f 1016 1284 1743
f 1014 1284 1016
f 1687 1286 1743
f 1287 1015 1017
f 1287 1285 1015
f 1743 1685 1016
f 1743 1286 1685
f 1286 1018 1685
f 1286 1288 1018
f 1289 1017 1019
f 1289 1287 1017
f 1018 1290 1020
f 1288 1290 1018
f 1291 1019 1021
f 1291 1289 1019
f 1688 1292 1750
f 1750 1022 1688
f 1022 1290 1688
f 1022 1020 1290
f 1293 1021 1023
f 1293 1291 1021
f 1294 1752 1750
f 1294 1750 1292
f 1022 1750 1024
f 1024 1750 1752
f 1295 1623 1025
f 1025 1623 1621
f 1023 1621 1623
f 1023 1623 1293
f 1026 1686 1752
f 1294 1026 1752
f 1296 1026 1294
f 1024 1752 1686
f 1297 1345 1425
f 1027 1425 1345
f 1295 1027 1345
f 1025 1027 1295
f 1410 1298 1484
f 1484 1028 1410
f 1028 1296 1410
f 1028 1026 1296
f 1343 1029 1425
f 1029 1297 1425
f 1029 1299 1297
f 1425 1027 1343
f 1030 1408 1484
f 1298 1030 1484
f 1300 1030 1298
f 1028 1484 1408
f 1301 1029 1031
f 1301 1299 1029
f 1136 1302 1210
f 1210 1032 1136
f 1032 1300 1136
f 1032 1030 1300
f 1303 1031 1033
f 1303 1301 1031
f 1034 1134 1210
f 1302 1034 1210
f 1304 1034 1302
f 1032 1210 1134
f 1305 1033 1035
f 1305 1303 1033
f 860 1306 1036
f 860 1036 858
f 858 1034 860
f 860 1034 1304
f 1346 1305 1436
f 1305 1037 1436
f 1305 1035 1037
f 1307 1346 1436
f 590 1308 674
f 674 1038 590
f 1038 1306 590
f 1038 1036 1306
f 1039 1438 1037
f 1037 1438 1436
f 1307 1436 1438
f 1307 1438 1309
f 1310 678 674
f 1310 674 1308
f 1038 674 1040
f 1040 674 678
f 1041 1442 1039
f 1039 1442 1438
f 1309 1438 1442
f 1309 1442 1311
f 330 1312 420
f 678 1310 330
f 678 330 420
f 588 678 420
f 1042 588 420
f 1040 678 588
f 1442 1041 1347
f 1041 1313 1347
f 1041 1043 1313
f 1311 1442 1347
f 1044 328 420
f 1312 1044 420
f 1314 1044 1312
f 1042 420 328
f 1315 1079 1045
f 1045 1079 1077
f 1043 1077 1079
f 1043 1079 1313
f 34 1316 146
f 146 1046 34
f 1046 1314 34
f 1046 1044 1314
f 1317 807 1047
f 1047 807 805
f 1045 805 807
f 1045 807 1315
f 35 146 1316
f 35 1318 146
f 1318 1046 146
f 1318 1048 1046
f 1319 1047 1049
f 1319 1317 1047
f 1048 1320 1050
f 1318 1320 1048
f 1321 1049 1051
f 1321 1319 1049
f 32 153 1052
f 32 1050 153
f 1050 1322 153
f 1050 1320 1322
f 1051 806 1321
f 1321 806 808
f 1323 808 806
f 1323 806 1053
f 1052 153 36
f 1324 1052 36
f 1054 1052 1324
f 153 1322 36
f 1053 1078 1323
f 1323 1078 1080
f 1344 1080 1078
f 1344 1348 1080
f 1622 1348 1344
f 1622 1624 1348
f 1896 1624 1622
f 1896 1898 1624
f 1896 1054 1898
f 1898 1054 1324
f 372 343 1055
f 1325 605 372
f 605 343 372
f 605 603 343
f 605 873 603
f 875 873 605
f 1180 1149 1326
f 1149 875 1326
f 1149 873 875
f 1180 1056 1149
f 100 61 1057
f 345 372 1055
f 345 1055 61
f 1327 345 61
f 100 1327 61
f 1325 372 345
f 1151 1180 1326
f 1328 1464 1423
f 1328 1423 1056
f 1151 1328 1056
f 1180 1151 1056
f 1464 1058 1423
f 1059 102 1057
f 1057 102 100
f 1327 100 102
f 1327 102 1329
f 1330 1466 1464
f 1330 1464 1328
f 1058 1464 1060
f 1060 1464 1466
f 1061 104 1059
f 1059 104 102
f 1329 102 104
f 1329 104 1331
f 1332 1470 1466
f 1332 1466 1330
f 1060 1466 1062
f 1062 1466 1470
f 62 104 1061
f 346 1331 382
f 382 1331 1063
f 1331 104 1063
f 104 62 1063
f 1333 346 382
f 1064 1424 1470
f 1332 1064 1470
f 1334 1064 1332
f 1062 1470 1424
f 344 382 1063
f 382 344 1333
f 344 606 1333
f 344 604 606
f 874 606 604
f 874 876 606
f 1150 876 874
f 1150 1152 876
f 1150 1064 1152
f 1152 1064 1334
f 1444 1363 1065
f 1716 1637 1444
f 1444 1637 1363
f 1716 1066 1637
f 1067 1446 1065
f 1065 1446 1444
f 1718 1444 1446
f 1716 1444 1718
f 1066 1716 1068
f 1068 1716 1718
f 1069 1448 1067
f 1067 1448 1446
f 1720 1446 1448
f 1718 1446 1720
f 1068 1718 1070
f 1070 1718 1720
f 1364 1448 1069
f 1638 1720 1364
f 1364 1720 1448
f 1070 1720 1638
f 1497 1919 2025
f 2025 1919 165
f 165 1919 69
f 69 1498 165
f 1499 1641 1755
f 1497 2025 1641
f 1641 2025 1755
f 2025 1917 1755
f 1917 1223 1755
f 165 67 1917
f 165 1917 2025
f 1498 353 435
f 1498 435 1224
f 165 1498 1224
f 67 165 1224
f 353 1500 435
f 1757 1501 1755
f 1755 1501 1499
f 1755 1223 1225
f 1755 1225 1757
f 435 351 1224
f 351 435 1500
f 615 351 1500
f 613 351 615
f 615 1502 613
f 613 1502 1226
f 1639 1227 1757
f 1227 1501 1757
f 1227 1503 1501
f 1757 1225 1639
f 881 1226 1502
f 881 1502 883
f 883 1504 881
f 881 1504 1228
f 1505 1227 1229
f 1505 1503 1227
f 1228 1506 1230
f 1504 1506 1228
f 1507 1229 1231
f 1507 1505 1229
f 1153 1230 1506
f 1153 1506 1155
f 1155 1508 1153
f 1153 1508 1232
f 1509 1231 1233
f 1509 1507 1231
f 1232 1510 1234
f 1508 1510 1232
f 1767 1511 1640
f 1511 1233 1640
f 1511 1509 1233
f 1235 1767 1640
f 1156 1512 1236
f 1156 1236 1154
f 1154 1234 1156
f 1156 1234 1510
f 1767 1642 1511
f 2043 1513 1918
f 1918 1513 1235
f 1513 1642 1235
f 1642 1767 1235
f 1237 2043 1918
f 614 695 1238
f 884 1514 695
f 614 884 695
f 882 884 614
f 882 1236 884
f 884 1236 1512
f 2043 1920 1513
f 1237 68 2043
f 68 1920 2043
f 68 70 1920
f 352 70 68
f 352 354 70
f 695 616 1238
f 616 352 1238
f 616 354 352
f 695 1514 616
f 1515 559 643
f 643 559 923
f 923 559 829
f 923 829 1193
f 1193 829 1105
f 1105 1516 1193
f 1517 299 387
f 1515 643 299
f 299 643 387
f 643 557 387
f 557 1239 387
f 923 827 557
f 923 557 643
f 1195 1240 827
f 923 1195 827
f 1193 1195 923
f 1379 1477 1516
f 1477 1193 1516
f 1477 1195 1193
f 1379 1518 1477
f 1519 1 115
f 1517 387 1
f 1 387 115
f 387 297 115
f 297 1241 115
f 387 1239 297
f 1195 1103 1240
f 1477 1377 1103
f 1477 1103 1195
f 1518 1657 1751
f 1518 1751 1242
f 1477 1518 1242
f 1377 1477 1242
f 1657 1520 1751
f 115 2 1519
f 391 1521 298
f 298 1521 1241
f 1521 2 1241
f 2 115 1241
f 1243 391 298
f 1751 1655 1242
f 1751 1520 1655
f 1520 1244 1655
f 1520 1522 1244
f 393 1523 391
f 391 1523 1521
f 391 1243 1245
f 391 1245 393
f 1933 1244 1522
f 1933 1522 1935
f 1935 1524 1933
f 1933 1524 1246
f 397 1525 393
f 393 1525 1523
f 393 1245 1247
f 393 1247 397
f 1526 174 83
f 1246 1526 83
f 1524 1526 1246
f 174 1248 83
f 401 1527 397
f 397 1527 1525
f 397 1247 1249
f 397 1249 401
f 1528 176 174
f 1528 174 1526
f 1248 174 1250
f 1250 174 176
f 405 1529 401
f 401 1529 1527
f 401 1249 1251
f 401 1251 405
f 1530 178 176
f 1530 176 1528
f 1250 176 1252
f 1252 176 178
f 409 1531 405
f 405 1531 1529
f 405 1251 1253
f 405 1253 409
f 1254 84 178
f 1530 1254 178
f 1532 1254 1530
f 1252 178 84
f 413 1533 409
f 409 1533 1531
f 409 1253 1255
f 409 1255 413
f 1936 1534 1256
f 1936 1256 1934
f 1934 1254 1936
f 1936 1254 1532
f 413 300 1533
f 675 1535 558
f 558 1535 1255
f 1535 300 1255
f 300 413 1255
f 1257 675 558
f 1658 1536 1258
f 1658 1258 1656
f 1656 1256 1658
f 1658 1256 1534
f 675 560 1535
f 1257 828 675
f 828 560 675
f 828 830 560
f 1104 830 828
f 1104 1106 830
f 1378 1106 1104
f 1378 1380 1106
f 1378 1258 1380
f 1380 1258 1536
f 1537 315 1259
f 1259 315 313
f 315 573 313
f 575 573 315
f 575 843 573
f 845 843 575
f 845 1119 843
f 1121 1119 845
f 1121 1393 1119
f 1395 1393 1121
f 1395 1671 1393
f 1673 1671 1395
f 2010 1949 1538
f 1949 1673 1538
f 1949 1671 1673
f 2010 1260 1949
f 1539 17 1261
f 1261 17 15
f 1259 15 17
f 1259 17 1537
f 1951 2010 1538
f 1540 156 95
f 1540 95 1260
f 1951 1540 1260
f 2010 1951 1260
f 156 1262 95
f 1541 1261 1263
f 1541 1539 1261
f 1542 158 156
f 1542 156 1540
f 1262 156 1264
f 1264 156 158
f 1543 1263 1265
f 1543 1541 1263
f 1544 160 158
f 1544 158 1542
f 1264 158 1266
f 1266 158 160
f 1545 1265 1267
f 1545 1543 1265
f 1546 162 160
f 1546 160 1544
f 1266 160 1268
f 1268 160 162
f 1547 1267 1269
f 1547 1545 1267
f 1548 164 162
f 1548 162 1546
f 1268 162 1270
f 1270 162 164
f 1269 16 1547
f 1547 16 18
f 1549 18 16
f 1549 16 1271
f 1550 168 164
f 1550 164 1548
f 1270 164 1272
f 1272 164 168
f 1271 314 1549
f 1549 314 316
f 574 316 314
f 574 576 316
f 844 576 574
f 844 846 576
f 1551 846 844
f 1551 844 1273
f 1952 1552 2030
f 168 1550 1952
f 168 1952 2030
f 96 168 2030
f 1274 96 2030
f 1272 168 96
f 1273 1120 1551
f 1551 1120 1122
f 1394 1122 1120
f 1394 1396 1122
f 1672 1396 1394
f 1672 1674 1396
f 1552 1674 2030
f 1674 1950 2030
f 1674 1672 1950
f 1274 2030 1950
f 1553 861 905
f 905 861 1175
f 1175 861 1137
f 1137 1554 1175
f 1555 591 627
f 1553 905 591
f 591 905 627
f 905 859 627
f 859 1275 627
f 1175 1135 859
f 1175 859 905
f 1554 1411 1459
f 1554 1459 1276
f 1175 1554 1276
f 1135 1175 1276
f 1411 1556 1459
f 1557 331 371
f 1555 627 331
f 331 627 371
f 627 589 371
f 589 1277 371
f 627 1275 589
f 1461 1278 1276
f 1461 1276 1459
f 1459 1556 1461
f 1461 1556 1558
f 1559 37 99
f 1557 371 37
f 37 371 99
f 371 329 99
f 329 1279 99
f 371 1277 329
f 1461 1409 1278
f 1558 1689 1733
f 1558 1733 1280
f 1461 1558 1280
f 1409 1461 1280
f 1689 1560 1733
f 1561 1899 1961
f 1559 99 1899
f 1899 99 1961
f 99 33 1961
f 33 1281 1961
f 99 1279 33
f 1735 1282 1280
f 1735 1280 1733
f 1733 1560 1735
f 1735 1560 1562
f 1897 1283 1961
f 1283 1561 1961
f 1283 1563 1561
f 1961 1281 1897
f 1739 1284 1282
f 1739 1282 1735
f 1735 1562 1739
f 1739 1562 1564
f 1565 1283 1285
f 1565 1563 1283
f 1739 1687 1284
f 1739 1564 1687
f 1564 1286 1687
f 1564 1566 1286
f 1567 1285 1287
f 1567 1565 1285
f 1286 1568 1288
f 1566 1568 1286
f 1569 1287 1289
f 1569 1567 1287
f 1690 1570 1748
f 1748 1290 1690
f 1290 1568 1690
f 1290 1288 1568
f 1571 1289 1291
f 1571 1569 1289
f 1292 1688 1748
f 1570 1292 1748
f 1572 1292 1570
f 1290 1748 1688
f 1573 1291 1293
f 1573 1571 1291
f 1292 1574 1294
f 1572 1574 1292
f 1575 1625 1295
f 1295 1625 1623
f 1293 1623 1625
f 1293 1625 1573
f 1294 1576 1296
f 1574 1576 1294
f 1577 1349 1297
f 1297 1349 1345
f 1295 1345 1349
f 1295 1349 1575
f 1412 1578 1298
f 1412 1298 1410
f 1410 1296 1412
f 1412 1296 1576
f 1579 1297 1299
f 1579 1577 1297
f 1298 1580 1300
f 1578 1580 1298
f 1581 1299 1301
f 1581 1579 1299
f 1138 1582 1302
f 1138 1302 1136
f 1136 1300 1138
f 1138 1300 1580
f 1350 1581 1432
f 1581 1303 1432
f 1581 1301 1303
f 1583 1350 1432
f 862 1584 946
f 946 1304 862
f 1304 1582 862
f 1304 1302 1582
f 1305 1434 1303
f 1303 1434 1432
f 1583 1432 1434
f 1583 1434 1585
f 592 1586 670
f 946 1584 592
f 946 592 670
f 860 946 670
f 1306 860 670
f 1304 946 860
f 1346 1434 1305
f 1585 1434 1346
f 1307 1585 1346
f 1587 1585 1307
f 1308 590 670
f 1586 1308 670
f 1588 1308 1586
f 1306 670 590
f 1589 1307 1309
f 1589 1587 1307
f 332 1590 418
f 418 1310 332
f 1310 1588 332
f 1310 1308 1588
f 1591 1351 1443
f 1311 1443 1351
f 1589 1311 1351
f 1309 1311 1589
f 1312 330 418
f 1590 1312 418
f 1592 1312 1590
f 1310 418 330
f 1347 1313 1443
f 1313 1591 1443
f 1313 1593 1591
f 1443 1311 1347
f 1312 1594 1314
f 1592 1594 1312
f 1595 1081 1315
f 1315 1081 1079
f 1313 1079 1081
f 1313 1081 1593
f 38 1596 1316
f 38 1316 34
f 34 1314 38
f 38 1314 1594
f 1597 809 1317
f 1317 809 807
f 1315 807 809
f 1315 809 1595
f 35 1316 1596
f 35 1596 39
f 39 1598 35
f 35 1598 1318
f 1599 1317 1319
f 1599 1597 1317
f 1318 1600 1320
f 1598 1600 1318
f 1601 1319 1321
f 1601 1599 1319
f 1320 1602 1322
f 1600 1602 1320
f 1321 808 1601
f 1601 808 810
f 1603 810 808
f 1603 808 1323
f 40 1604 1324
f 40 1324 36
f 36 1322 40
f 40 1322 1602
f 1323 1080 1603
f 1603 1080 1082
f 1348 1082 1080
f 1348 1352 1082
f 1624 1352 1348
f 1624 1626 1352
f 1898 1626 1624
f 1898 1900 1626
f 1898 1324 1900
f 1900 1324 1604
f 630 605 1325
f 910 875 630
f 630 875 605
f 910 1326 875
f 374 345 1327
f 607 630 1325
f 607 1325 345
f 1605 607 345
f 374 1605 345
f 630 607 877
f 630 877 910
f 1606 1182 1151
f 1606 1151 1326
f 877 1606 1326
f 910 877 1326
f 1182 1328 1151
f 1329 376 1327
f 1327 376 374
f 1605 374 376
f 1605 376 1607
f 1608 1184 1182
f 1608 1182 1606
f 1328 1182 1330
f 1330 1182 1184
f 1331 380 1329
f 1329 380 376
f 1607 376 380
f 1607 380 1609
f 1610 1188 1184
f 1610 1184 1608
f 1330 1184 1332
f 1332 1184 1188
f 346 380 1331
f 608 1609 640
f 640 1609 1333
f 1609 380 1333
f 380 346 1333
f 608 640 920
f 608 920 878
f 1188 1610 878
f 920 1188 878
f 1190 1188 920
f 1332 1188 1334
f 1334 1188 1190
f 606 640 1333
f 876 920 606
f 606 920 640
f 1152 1190 876
f 876 1190 920
f 1334 1190 1152
f 1769 1643 1753
f 1753 1643 1497
f 1643 1919 1497
f 1643 1921 1919
f 1921 69 1919
f 71 69 1921
f 1498 69 431
f 69 355 431
f 69 71 355
f 355 1770 431
f 1771 1365 1483
f 1769 1753 1365
f 1365 1753 1483
f 1753 1641 1483
f 1641 1499 1483
f 1753 1497 1641
f 431 353 1498
f 1770 617 681
f 1770 681 1500
f 431 1770 1500
f 353 431 1500
f 617 1772 681
f 1485 1773 1483
f 1483 1773 1771
f 1483 1499 1501
f 1483 1501 1485
f 681 615 1500
f 1772 885 955
f 1772 955 1502
f 681 1772 1502
f 615 681 1502
f 885 1774 955
f 1487 1775 1485
f 1485 1775 1773
f 1485 1501 1503
f 1485 1503 1487
f 955 883 1502
f 955 1774 883
f 1774 1504 883
f 1774 1776 1504
f 1489 1777 1487
f 1487 1777 1775
f 1487 1503 1505
f 1487 1505 1489
f 1504 1778 1506
f 1776 1778 1504
f 1491 1779 1489
f 1489 1779 1777
f 1489 1505 1507
f 1489 1507 1491
f 1780 1220 1155
f 1506 1780 1155
f 1778 1780 1506
f 1220 1508 1155
f 1493 1781 1491
f 1491 1781 1779
f 1491 1507 1509
f 1491 1509 1493
f 1782 1222 1220
f 1782 1220 1780
f 1508 1220 1510
f 1510 1220 1222
f 1493 1366 1781
f 1783 1366 1493
f 1509 1783 1493
f 1511 1783 1509
f 1512 1156 1222
f 1782 1512 1222
f 1784 1512 1782
f 1510 1222 1156
f 1511 1642 1783
f 1783 1642 1644
f 1785 1644 1642
f 1785 1642 1513
f 886 1786 1514
f 886 1514 884
f 884 1512 886
f 886 1512 1784
f 1513 1920 1785
f 1785 1920 1922
f 70 1922 1920
f 70 72 1922
f 354 72 70
f 354 356 72
f 616 356 354
f 616 618 356
f 616 1514 618
f 618 1514 1786
f 1787 561 641
f 641 561 921
f 921 561 831
f 921 831 1191
f 1191 831 1107
f 1107 1788 1191
f 1789 301 385
f 1787 641 301
f 301 641 385
f 641 559 385
f 559 1515 385
f 921 829 559
f 921 559 641
f 1191 1105 829
f 1191 829 921
f 1788 1381 1475
f 1788 1475 1516
f 1191 1788 1516
f 1105 1191 1516
f 1475 1381 1747
f 1747 1381 1659
f 1659 1790 1747
f 1791 3 113
f 1789 385 3
f 3 385 113
f 385 299 113
f 299 1517 113
f 385 1515 299
f 1475 1379 1516
f 1749 1518 1379
f 1475 1749 1379
f 1747 1749 1475
f 1747 1790 1749
f 1749 1790 1792
f 1 1519 113
f 1519 1791 113
f 1519 1793 1791
f 113 1517 1
f 1749 1657 1518
f 1792 1937 2023
f 1792 2023 1520
f 1749 1792 1520
f 1657 1749 1520
f 1937 1794 2023
f 117 1795 2
f 1795 1519 2
f 1795 1793 1519
f 1521 117 2
f 2027 1522 1520
f 2027 1520 2023
f 2023 1794 2027
f 2027 1794 1796
f 117 4 1795
f 1797 4 117
f 1521 1797 117
f 1523 1797 1521
f 2027 1935 1522
f 2027 1796 1935
f 1796 1524 1935
f 1796 1798 1524
f 1799 1523 1525
f 1799 1797 1523
f 1524 1800 1526
f 1798 1800 1524
f 1801 1525 1527
f 1801 1799 1525
f 1526 1802 1528
f 1800 1802 1526
f 1803 1527 1529
f 1803 1801 1527
f 1528 1804 1530
f 1802 1804 1528
f 1805 1529 1531
f 1805 1803 1529
f 1530 1806 1532
f 1804 1806 1530
f 1807 1531 1533
f 1807 1805 1531
f 1938 1808 1534
f 1938 1534 1936
f 1936 1532 1938
f 1938 1532 1806
f 1533 300 1807
f 1807 300 302
f 1809 302 300
f 1809 300 1535
f 1660 1810 1536
f 1660 1536 1658
f 1658 1534 1660
f 1660 1534 1808
f 1535 560 1809
f 1809 560 562
f 830 562 560
f 830 832 562
f 1106 832 830
f 1106 1108 832
f 1380 1108 1106
f 1380 1382 1108
f 1380 1536 1382
f 1382 1536 1810
f 1811 317 1537
f 1537 317 315
f 317 575 315
f 577 575 317
f 577 845 575
f 847 845 577
f 847 1121 845
f 1123 1121 847
f 1123 1395 1121
f 1397 1395 1123
f 1738 1673 1812
f 1673 1397 1812
f 1673 1395 1397
f 1738 1538 1673
f 1813 19 1539
f 1539 19 17
f 1537 17 19
f 1537 19 1811
f 1675 1738 1812
f 1814 2014 1951
f 1814 1951 1538
f 1675 1814 1538
f 1738 1675 1538
f 2014 1540 1951
f 1815 1539 1541
f 1815 1813 1539
f 1953 2014 1814
f 1953 1816 2014
f 1816 1540 2014
f 1816 1542 1540
f 1817 1541 1543
f 1817 1815 1541
f 1542 1818 1544
f 1816 1818 1542
f 1819 1543 1545
f 1819 1817 1543
f 1544 1820 1546
f 1818 1820 1544
f 1821 1545 1547
f 1821 1819 1545
f 1954 1822 2024
f 2024 1548 1954
f 1548 1820 1954
f 1548 1546 1820
f 1547 18 1821
f 1821 18 20
f 1823 20 18
f 1823 18 1549
f 1824 2028 2024
f 1824 2024 1822
f 1548 2024 1550
f 1550 2024 2028
f 1549 316 1823
f 1823 316 318
f 576 318 316
f 576 578 318
f 846 578 576
f 846 848 578
f 1825 848 846
f 1825 846 1551
f 1676 1826 1756
f 2028 1824 1676
f 2028 1676 1756
f 1952 2028 1756
f 1552 1952 1756
f 1550 2028 1952
f 1551 1122 1825
f 1825 1122 1124
f 1396 1124 1122
f 1396 1398 1124
f 1826 1398 1756
f 1398 1674 1756
f 1398 1396 1674
f 1552 1756 1674
f 1827 1611 1717
f 1717 1611 1993
f 1993 1611 1885
f 1885 1828 1993
f 1719 1829 1717
f 1717 1829 1827
f 1717 1995 1719
f 1717 1993 1995
f 1993 1828 1995
f 1995 1828 1830
f 1721 1831 1719
f 1719 1831 1829
f 1719 1997 1721
f 1719 1995 1997
f 1995 1830 1997
f 1997 1830 1832
f 1721 1612 1831
f 1612 1721 1886
f 1886 1721 1997
f 1997 1832 1886
f 1833 593 625
f 625 593 1553
f 593 861 1553
f 593 863 861
f 863 1137 861
f 1139 1137 863
f 1554 1137 1457
f 1137 1413 1457
f 1137 1139 1413
f 1413 1834 1457
f 1835 333 369
f 1833 625 333
f 333 625 369
f 625 591 369
f 591 1555 369
f 625 1553 591
f 1457 1411 1554
f 1834 1691 1729
f 1834 1729 1556
f 1457 1834 1556
f 1411 1457 1556
f 1691 1836 1729
f 1837 41 97
f 1835 369 41
f 41 369 97
f 369 331 97
f 331 1557 97
f 369 1555 331
f 1731 1558 1556
f 1731 1556 1729
f 1729 1836 1731
f 1731 1836 1838
f 37 1559 97
f 1559 1837 97
f 1559 1839 1837
f 97 1557 37
f 1731 1689 1558
f 1731 1838 1689
f 1838 1560 1689
f 1838 1840 1560
f 1841 1901 1561
f 1561 1901 1899
f 1559 1899 1901
f 1559 1901 1839
f 1840 1955 2007
f 1562 1840 2007
f 1560 1840 1562
f 1955 1842 2007
f 1843 1561 1563
f 1843 1841 1561
f 2011 1564 1562
f 2011 1562 2007
f 2007 1842 2011
f 2011 1842 1844
f 1845 1563 1565
f 1845 1843 1563
f 2015 1566 1564
f 2015 1564 2011
f 2011 1844 2015
f 2015 1844 1846
f 1847 1565 1567
f 1847 1845 1565
f 1566 2015 1956
f 1848 1566 1956
f 1568 1566 1848
f 2015 1846 1956
f 1902 1847 1970
f 1847 1569 1970
f 1847 1567 1569
f 1849 1902 1970
f 1692 1850 1570
f 1692 1570 1690
f 1690 1568 1692
f 1692 1568 1848
f 1970 1569 1903
f 1569 1851 1903
f 1569 1571 1851
f 1849 1970 1903
f 1570 1852 1572
f 1850 1852 1570
f 1853 1571 1573
f 1853 1851 1571
f 1414 1854 1480
f 1480 1574 1414
f 1574 1852 1414
f 1574 1572 1852
f 1700 1625 1575
f 1573 1625 1700
f 1855 1573 1700
f 1853 1573 1855
f 1856 1482 1480
f 1856 1480 1854
f 1574 1480 1576
f 1576 1480 1482
f 1426 1349 1577
f 1627 1700 1575
f 1627 1575 1349
f 1857 1627 1349
f 1426 1857 1349
f 1855 1700 1627
f 1578 1412 1482
f 1856 1578 1482
f 1858 1578 1856
f 1576 1482 1412
f 1579 1428 1577
f 1577 1428 1426
f 1857 1426 1428
f 1857 1428 1859
f 1140 1860 1206
f 1206 1580 1140
f 1580 1858 1140
f 1580 1578 1858
f 1581 1430 1579
f 1579 1430 1428
f 1859 1428 1430
f 1859 1430 1861
f 864 1862 942
f 1206 1860 864
f 1206 864 942
f 1138 1206 942
f 1582 1138 942
f 1580 1206 1138
f 1350 1430 1581
f 1861 1430 1350
f 1583 1861 1350
f 1863 1861 1583
f 594 1864 666
f 942 1862 594
f 942 594 666
f 862 942 666
f 1584 862 666
f 1582 942 862
f 1865 1583 1585
f 1865 1863 1583
f 334 1866 412
f 666 1864 334
f 666 334 412
f 592 666 412
f 1586 592 412
f 1584 666 592
f 1867 1585 1587
f 1867 1865 1585
f 1868 416 412
f 1868 412 1866
f 1586 412 1588
f 1588 412 416
f 1869 1353 1439
f 1589 1439 1353
f 1867 1589 1353
f 1587 1589 1867
f 42 1870 138
f 416 1868 42
f 416 42 138
f 332 416 138
f 1590 332 138
f 1588 416 332
f 1351 1591 1439
f 1591 1869 1439
f 1591 1871 1869
f 1439 1589 1351
f 1872 140 138
f 1872 138 1870
f 1590 138 1592
f 1592 138 140
f 1873 1083 1163
f 1593 1163 1083
f 1871 1593 1083
f 1591 1593 1871
f 43 140 1872
f 43 1874 140
f 1874 1592 140
f 1874 1594 1592
f 1081 1595 1163
f 1595 1873 1163
f 1595 1875 1873
f 1163 1593 1081
f 38 147 1596
f 38 1594 147
f 1594 1876 147
f 1594 1874 1876
f 1877 811 1597
f 1597 811 809
f 1595 809 811
f 1595 811 1875
f 147 39 1596
f 147 1876 39
f 1876 1598 39
f 1876 1878 1598
f 1879 1597 1599
f 1879 1877 1597
f 1598 1880 1600
f 1878 1880 1598
f 1881 1599 1601
f 1881 1879 1599
f 1600 1882 1602
f 1880 1882 1600
f 1601 810 1881
f 1881 810 812
f 1883 812 810
f 1883 810 1603
f 44 1884 1604
f 44 1604 40
f 40 1602 44
f 44 1602 1882
f 1603 1082 1883
f 1883 1082 1084
f 1352 1084 1082
f 1352 1354 1084
f 1626 1354 1352
f 1626 1628 1354
f 1900 1628 1626
f 1900 1904 1628
f 1900 1604 1904
f 1904 1604 1884
f 632 607 1605
f 912 877 632
f 632 877 607
f 912 1606 877
f 1607 634 1605
f 1605 634 632
f 914 632 634
f 912 632 914
f 1606 912 1608
f 1608 912 914
f 1609 638 1607
f 1607 638 634
f 918 634 638
f 914 634 918
f 1608 914 1610
f 1610 914 918
f 608 638 1609
f 878 918 608
f 608 918 638
f 1610 918 878
f 2045 1367 1481
f 1481 1367 1769
f 1367 1643 1769
f 1367 1645 1643
f 1645 1921 1643
f 1923 1921 1645
f 1923 71 1921
f 73 71 1923
f 73 355 71
f 357 355 73
f 1770 355 679
f 355 619 679
f 355 357 619
f 619 2046 679
f 2047 1093 1201
f 2045 1481 1093
f 1093 1481 1201
f 1481 1365 1201
f 1365 1771 1201
f 1481 1769 1365
f 679 617 1770
f 2046 887 953
f 2046 953 1772
f 679 2046 1772
f 617 679 1772
f 887 2048 953
f 1203 2049 1201
f 1201 2049 2047
f 1201 1771 1773
f 1201 1773 1203
f 953 885 1772
f 953 2048 885
f 2048 1774 885
f 2048 2050 1774
f 1207 2051 1203
f 1203 2051 2049
f 1203 1773 1775
f 1203 1775 1207
f 1774 2052 1776
f 2050 2052 1774
f 1211 2053 1207
f 1207 2053 2051
f 1207 1775 1777
f 1207 1777 1211
f 1776 2054 1778
f 2052 2054 1776
f 1213 2055 1211
f 1211 2055 2053
f 1211 1777 1779
f 1211 1779 1213
f 1778 2056 1780
f 2054 2056 1778
f 1215 2057 1213
f 1213 2057 2055
f 1213 1779 1781
f 1213 1781 1215
f 888 2058 964
f 964 1782 888
f 1782 2056 888
f 1782 1780 2056
f 1215 1094 2057
f 1495 2059 1366
f 1366 2059 1781
f 2059 1094 1781
f 1094 1215 1781
f 1783 1495 1366
f 2060 966 964
f 2060 964 2058
f 1782 964 1784
f 1784 964 966
f 1495 1368 2059
f 1783 1644 1495
f 1644 1368 1495
f 1644 1646 1368
f 1644 1785 2044
f 1924 1644 2044
f 1646 1644 1924
f 2061 1924 2044
f 620 2062 696
f 966 2060 620
f 966 620 696
f 886 966 696
f 1786 886 696
f 1784 966 886
f 1922 2044 1785
f 2044 1922 2061
f 1922 74 2061
f 1922 72 74
f 356 74 72
f 356 358 74
f 2062 358 696
f 358 618 696
f 358 356 618
f 1786 696 618
f 2063 563 639
f 639 563 919
f 919 563 833
f 833 2064 919
f 2065 303 383
f 2063 639 303
f 303 639 383
f 639 561 383
f 561 1787 383
f 919 831 561
f 919 561 639
f 831 919 2064
f 1109 831 2064
f 1107 831 1109
f 1788 1107 1473
f 1107 1383 1473
f 1107 1109 1383
f 1383 2066 1473
f 2067 5 111
f 2065 383 5
f 5 383 111
f 383 301 111
f 301 1789 111
f 383 1787 301
f 1473 1381 1788
f 1381 1473 2066
f 1661 1381 2066
f 1659 1381 1661
f 1790 1659 2019
f 1659 1939 2019
f 1659 1661 1939
f 1939 2068 2019
f 3 1791 111
f 1791 2067 111
f 1791 2069 2067
f 111 1789 3
f 2021 1792 1790
f 2021 1790 2019
f 2019 2068 2021
f 2021 2068 2070
f 2071 1791 1793
f 2071 2069 1791
f 2021 1937 1792
f 2070 85 163
f 2070 163 1794
f 2021 2070 1794
f 1937 2021 1794
f 85 2072 163
f 2073 1793 1795
f 2073 2071 1793
f 1794 163 86
f 2074 1794 86
f 1796 1794 2074
f 163 2072 86
f 121 2075 4
f 2075 1795 4
f 2075 2073 1795
f 1797 121 4
f 1796 2076 1798
f 2074 2076 1796
f 125 2077 121
f 121 2077 2075
f 121 1797 1799
f 121 1799 125
f 1798 2078 1800
f 2076 2078 1798
f 125 6 2077
f 2079 6 125
f 1799 2079 125
f 1801 2079 1799
f 1800 2080 1802
f 2078 2080 1800
f 2081 1801 1803
f 2081 2079 1801
f 1802 2082 1804
f 2080 2082 1802
f 304 2081 410
f 2081 1805 410
f 2081 1803 1805
f 2083 304 410
f 1940 2084 2038
f 2038 1806 1940
f 1806 2082 1940
f 1806 1804 2082
f 1807 414 1805
f 1805 414 410
f 2083 410 414
f 2083 414 2085
f 1662 2086 1766
f 2038 2084 1662
f 2038 1662 1766
f 1938 2038 1766
f 1808 1938 1766
f 1806 2038 1938
f 302 414 1807
f 564 2085 676
f 676 2085 1809
f 2085 414 1809
f 414 302 1809
f 2087 564 676
f 1384 2088 1496
f 1766 2086 1384
f 1766 1384 1496
f 1660 1766 1496
f 1810 1660 1496
f 1808 1766 1660
f 562 676 1809
f 676 562 2087
f 562 834 2087
f 562 832 834
f 1108 834 832
f 1108 1110 834
f 2088 1110 1496
f 1110 1382 1496
f 1110 1108 1382
f 1810 1496 1382
f 378 317 1811
f 2089 579 378
f 579 317 378
f 579 577 317
f 579 847 577
f 849 847 579
f 849 1123 847
f 1125 1123 849
f 1468 1397 2090
f 1397 1125 2090
f 1397 1123 1125
f 1468 1812 1397
f 106 19 1813
f 319 378 1811
f 319 1811 19
f 2091 319 19
f 106 2091 19
f 2089 378 319
f 1399 1468 2090
f 2092 1742 1675
f 2092 1675 1812
f 1399 2092 1812
f 1468 1399 1812
f 1742 1814 1675
f 106 1813 21
f 1813 2093 21
f 1813 1815 2093
f 2091 106 21
f 1677 1742 2092
f 2094 2018 1953
f 2094 1953 1814
f 1677 2094 1814
f 1742 1677 1814
f 2018 1816 1953
f 2095 1815 1817
f 2095 2093 1815
f 2096 2020 2018
f 2096 2018 2094
f 1816 2018 1818
f 1818 2018 2020
f 2097 1817 1819
f 2097 2095 1817
f 2098 2022 2020
f 2098 2020 2096
f 1818 2020 1820
f 1820 2020 2022
f 2099 1819 1821
f 2099 2097 1819
f 1822 1954 2022
f 2098 1822 2022
f 2100 1822 2098
f 1820 2022 1954
f 119 2101 20
f 2101 1821 20
f 2101 2099 1821
f 1823 119 20
f 1822 2102 1824
f 2100 2102 1822
f 119 22 2101
f 395 2103 318
f 318 2103 1823
f 2103 22 1823
f 22 119 1823
f 578 653 395
f 578 395 318
f 848 933 653
f 848 653 578
f 1825 933 848
f 1678 2104 1826
f 1678 1826 1676
f 1676 1824 1678
f 1678 1824 2102
f 395 320 2103
f 320 395 580
f 580 395 653
f 580 653 850
f 850 653 933
f 1825 1124 933
f 1124 850 933
f 1124 1126 850
f 1398 1126 1124
f 1398 1400 1126
f 1398 1826 1400
f 1400 1826 2104
f 2105 1887 1983
f 1983 1887 131
f 131 1887 23
f 23 2106 131
f 1985 2107 1983
f 1983 2107 2105
f 1983 133 1985
f 1983 131 133
f 131 2106 133
f 133 2106 2108
f 1987 2109 1985
f 1985 2109 2107
f 1985 135 1987
f 1985 133 135
f 133 2108 135
f 135 2108 2110
f 2111 1613 1713
f 2109 1987 1613
f 1987 1713 1613
f 1987 1989 1713
f 1987 137 1989
f 1987 135 137
f 135 2110 137
f 137 2110 2112
f 2113 1335 1441
f 2111 1713 1335
f 1713 1441 1335
f 1713 1715 1441
f 1713 1991 1715
f 1713 1989 1991
f 1989 139 1991
f 1989 137 139
f 137 2112 139
f 139 2112 2114
f 1445 2115 1441
f 1441 2115 2113
f 1715 1611 1827
f 1445 1715 1827
f 1441 1715 1445
f 1991 1885 1611
f 1991 1611 1715
f 143 1828 1885
f 1991 143 1885
f 139 143 1991
f 139 2114 143
f 143 2114 2116
f 1447 2117 1445
f 1445 2117 2115
f 1445 1827 1829
f 1445 1829 1447
f 145 1830 1828
f 145 1828 143
f 143 2116 145
f 145 2116 2118
f 1449 2119 1447
f 1447 2119 2117
f 1447 1829 1831
f 1447 1831 1449
f 149 1832 1830
f 149 1830 145
f 145 2118 149
f 149 2118 2120
f 1449 1336 2119
f 1723 2121 1612
f 1612 2121 1831
f 2121 1336 1831
f 1336 1449 1831
f 1886 1999 1723
f 1886 1723 1612
f 149 24 1832
f 1832 24 1886
f 24 2122 1886
f 2122 1999 1886
f 149 2120 24
f 1723 1614 2121
f 1614 1723 1888
f 1888 1723 1999
f 1999 2122 1888
f 2123 595 1833
f 1833 595 593
f 595 863 593
f 865 863 595
f 865 1139 863
f 1141 1139 865
f 1141 1413 1139
f 1415 1413 1141
f 1415 2124 1413
f 1413 2124 1834
f 2125 335 1835
f 1835 335 333
f 1833 333 335
f 1833 335 2123
f 1691 1834 2124
f 1691 2124 1693
f 1693 2126 1691
f 1691 2126 1836
f 2127 45 1837
f 1837 45 41
f 1835 41 45
f 1835 45 2125
f 1836 2128 1838
f 2126 2128 1836
f 2129 1837 1839
f 2129 2127 1837
f 2128 1957 2005
f 1840 2128 2005
f 1838 2128 1840
f 1957 2130 2005
f 1962 1901 1841
f 1839 1901 1962
f 2131 1839 1962
f 2129 1839 2131
f 2005 1955 1840
f 2005 2130 1955
f 2130 1842 1955
f 2130 2132 1842
f 1843 1964 1841
f 1841 1964 1962
f 2131 1962 1964
f 2131 1964 2133
f 1842 2134 1844
f 2132 2134 1842
f 1845 1966 1843
f 1843 1966 1964
f 2133 1964 1966
f 2133 1966 2135
f 1844 2136 1846
f 2134 2136 1844
f 1847 1968 1845
f 1845 1968 1966
f 2135 1966 1968
f 2135 1968 2137
f 1958 2138 1848
f 1958 1848 1956
f 1956 1846 1958
f 1958 1846 2136
f 1902 1968 1847
f 2137 1968 1902
f 1849 2137 1902
f 2139 2137 1849
f 1694 2140 1850
f 1694 1850 1692
f 1692 1848 1694
f 1694 1848 2138
f 1972 1903 1851
f 2139 1849 1903
f 114 2139 1903
f 1972 114 1903
f 2139 114 46
f 2141 46 114
f 1416 2142 1478
f 1478 1852 1416
f 1852 2140 1416
f 1852 1850 2140
f 1853 1974 1851
f 1851 1974 1972
f 1974 2143 47
f 114 1974 47
f 1972 1974 114
f 2141 114 47
f 1142 2144 1198
f 1478 2142 1142
f 1478 1142 1198
f 1414 1478 1198
f 1854 1414 1198
f 1852 1478 1414
f 1855 1976 1853
f 1853 1976 1974
f 2143 1974 1976
f 2143 1976 2145
f 2146 1200 1198
f 2146 1198 2144
f 1854 1198 1856
f 1856 1198 1200
f 1702 1627 1857
f 1905 1976 1855
f 1905 1855 1627
f 2147 1905 1627
f 1702 2147 1627
f 2145 1976 1905
f 866 2148 934
f 1200 2146 866
f 934 1200 866
f 1202 1200 934
f 1856 1200 1858
f 1858 1200 1202
f 1859 1704 1857
f 1857 1704 1702
f 2147 1702 1704
f 2147 1704 2149
f 2150 938 934
f 2150 934 2148
f 1140 1202 1860
f 1202 938 1860
f 1202 934 938
f 1858 1202 1140
f 1861 1706 1859
f 1859 1706 1704
f 2149 1704 1706
f 2149 1706 2151
f 596 2152 662
f 938 2150 596
f 938 596 662
f 864 938 662
f 1862 864 662
f 1860 938 864
f 1863 1708 1861
f 1861 1708 1706
f 1984 1906 2151
f 1706 1984 2151
f 1708 1984 1706
f 1906 1984 132
f 1906 132 48
f 48 132 408
f 48 408 336
f 662 2152 336
f 662 336 408
f 594 662 408
f 1864 594 408
f 1862 662 594
f 1865 1710 1863
f 1863 1710 1708
f 1986 1708 1710
f 1984 1708 1986
f 134 1984 1986
f 132 1984 134
f 334 408 1866
f 408 134 1866
f 408 132 134
f 1864 408 334
f 1710 1865 1629
f 1865 2153 1629
f 1865 1867 2153
f 1710 1629 1907
f 1710 1907 1986
f 1986 1907 2154
f 136 1986 2154
f 134 1986 136
f 1866 134 1868
f 1868 134 136
f 2155 1355 1869
f 1869 1355 1353
f 1867 1353 1355
f 1867 1355 2153
f 1870 42 136
f 2154 1870 136
f 2156 1870 2154
f 1868 136 42
f 2157 1085 1159
f 1871 1159 1085
f 2155 1871 1085
f 1869 1871 2155
f 1870 2158 1872
f 2156 2158 1870
f 1083 1873 1159
f 1873 2157 1159
f 1873 2159 2157
f 1159 1871 1083
f 43 1872 2158
f 43 2158 49
f 49 2160 43
f 43 2160 1874
f 2161 813 897
f 1875 897 813
f 2159 1875 813
f 1873 1875 2159
f 1874 2162 1876
f 2160 2162 1874
f 811 1877 897
f 1877 2161 897
f 1877 2163 2161
f 897 1875 811
f 1876 2164 1878
f 2162 2164 1876
f 2165 1877 1879
f 2165 2163 1877
f 1878 2166 1880
f 2164 2166 1878
f 814 2165 904
f 2165 1881 904
f 2165 1879 1881
f 2167 814 904
f 50 2168 154
f 154 1882 50
f 1882 2166 50
f 1882 1880 2166
f 812 904 1881
f 1086 2167 1174
f 1174 2167 1883
f 2167 904 1883
f 904 812 1883
f 2169 1086 1174
f 1908 2170 2004
f 154 2168 1908
f 154 1908 2004
f 44 154 2004
f 1884 44 2004
f 1882 154 44
f 1084 1174 1883
f 1174 1084 2169
f 1084 1356 2169
f 1084 1354 1356
f 1628 1356 1354
f 1628 1630 1356
f 2170 1630 2004
f 1630 1904 2004
f 1630 1628 1904
f 1884 2004 1904
f 187 1369 2045
f 2045 1369 1367
f 1369 1645 1367
f 1647 1645 1369
f 1647 1923 1645
f 1925 1923 1647
f 1925 73 1923
f 75 73 1925
f 75 357 73
f 359 357 75
f 359 619 357
f 621 619 359
f 621 188 619
f 619 188 2046
f 189 1095 2047
f 2047 1095 1093
f 2045 1093 1095
f 2045 1095 187
f 887 2046 188
f 887 188 889
f 889 190 887
f 887 190 2048
f 191 819 935
f 2049 935 819
f 189 2049 819
f 2047 2049 189
f 2048 192 2050
f 190 192 2048
f 939 193 935
f 935 193 191
f 935 2049 2051
f 935 2051 939
f 2050 194 2052
f 192 194 2050
f 943 195 939
f 939 195 193
f 939 2051 2053
f 939 2053 943
f 2052 196 2054
f 194 196 2052
f 947 197 943
f 943 197 195
f 943 2053 2055
f 943 2055 947
f 890 198 962
f 962 2056 890
f 2056 196 890
f 2056 2054 196
f 949 199 947
f 947 199 197
f 947 2055 2057
f 947 2057 949
f 2058 888 962
f 198 2058 962
f 200 2058 198
f 2056 962 888
f 949 820 199
f 1217 201 1094
f 1094 201 2057
f 201 820 2057
f 820 949 2057
f 2059 1217 1094
f 622 202 694
f 694 2060 622
f 2060 200 622
f 2060 2058 200
f 1217 1096 201
f 2059 1368 1217
f 1368 1096 1217
f 1368 1370 1096
f 1646 1370 1368
f 1646 1648 1370
f 1924 1648 1646
f 1924 1926 1648
f 1924 2061 186
f 76 1924 186
f 1926 1924 76
f 76 186 450
f 76 450 360
f 694 202 360
f 694 360 450
f 620 694 450
f 2062 620 450
f 2060 694 620
f 74 186 2061
f 358 450 74
f 74 450 186
f 2062 450 358
f 203 305 381
f 381 305 2063
f 305 563 2063
f 305 565 563
f 565 833 563
f 835 833 565
f 2064 833 1189
f 833 1111 1189
f 833 835 1111
f 1189 1111 1471
f 1471 1111 1385
f 1385 204 1471
f 205 7 109
f 203 381 7
f 7 381 109
f 381 303 109
f 303 2065 109
f 381 2063 303
f 1189 1109 2064
f 1471 1383 1109
f 1471 1109 1189
f 204 1663 1745
f 204 1745 2066
f 1471 204 2066
f 1383 1471 2066
f 1663 206 1745
f 5 2067 109
f 2067 205 109
f 2067 207 205
f 109 2065 5
f 1745 1661 2066
f 1661 1745 206
f 1941 1661 206
f 1939 1661 1941
f 1941 208 1939
f 1939 208 2068
f 209 2067 2069
f 209 207 2067
f 208 87 161
f 2070 208 161
f 2068 208 2070
f 87 210 161
f 211 2069 2071
f 211 209 2069
f 161 85 2070
f 161 210 85
f 210 2072 85
f 210 212 2072
f 213 2071 2073
f 213 211 2071
f 86 167 2074
f 86 2072 167
f 2072 214 167
f 2072 212 214
f 215 2073 2075
f 215 213 2073
f 2074 167 88
f 216 2074 88
f 2076 2074 216
f 167 214 88
f 217 2075 2077
f 217 215 2075
f 2076 218 2078
f 216 218 2076
f 2077 6 217
f 217 6 8
f 219 8 6
f 219 6 2079
f 2078 220 2080
f 218 220 2078
f 306 219 406
f 219 2081 406
f 219 2079 2081
f 221 306 406
f 1942 222 2036
f 2036 2082 1942
f 2082 220 1942
f 2082 2080 220
f 304 406 2081
f 221 406 304
f 2083 221 304
f 223 221 2083
f 1664 224 1764
f 2036 222 1664
f 2036 1664 1764
f 1940 2036 1764
f 2084 1940 1764
f 2082 2036 1940
f 566 223 672
f 223 2085 672
f 223 2083 2085
f 225 566 672
f 1386 226 1494
f 1764 224 1386
f 1764 1386 1494
f 1662 1764 1494
f 2086 1662 1494
f 2084 1764 1662
f 564 672 2085
f 836 225 952
f 952 225 2087
f 225 672 2087
f 672 564 2087
f 836 952 1218
f 836 1218 1112
f 1494 226 1112
f 1494 1112 1218
f 1384 1494 1218
f 2088 1384 1218
f 2086 1494 1384
f 834 952 2087
f 1110 1218 834
f 834 1218 952
f 2088 1218 1110
f 636 579 2089
f 916 849 636
f 636 849 579
f 1186 1125 916
f 916 1125 849
f 1186 2090 1125
f 227 321 2091
f 2091 321 319
f 581 636 2089
f 319 581 2089
f 321 581 319
f 636 581 851
f 636 851 916
f 916 851 1127
f 916 1127 1186
f 1399 2090 1186
f 1127 1399 1186
f 1401 1399 1127
f 1401 228 1399
f 1399 228 2092
f 229 25 2093
f 2093 25 21
f 2091 21 25
f 2091 25 227
f 1677 2092 228
f 1677 228 1679
f 1679 230 1677
f 1677 230 2094
f 231 2093 2095
f 231 229 2093
f 2094 232 2096
f 230 232 2094
f 233 2095 2097
f 233 231 2095
f 2096 234 2098
f 232 234 2096
f 235 2097 2099
f 235 233 2097
f 2098 236 2100
f 234 236 2098
f 237 2099 2101
f 237 235 2099
f 2100 238 2102
f 236 238 2100
f 123 239 22
f 239 2101 22
f 239 237 2101
f 2103 123 22
f 1680 240 2104
f 1680 2104 1678
f 1678 2102 1680
f 1680 2102 238
f 127 241 123
f 123 241 239
f 123 2103 320
f 399 123 320
f 127 123 399
f 580 657 399
f 580 399 320
f 850 937 657
f 850 657 580
f 1128 242 937
f 850 1128 937
f 1126 1128 850
f 1400 1128 1126
f 1400 1402 1128
f 1400 2104 1402
f 1402 2104 240
f 243 1889 1981
f 241 127 1889
f 127 1981 1889
f 127 129 1981
f 127 403 129
f 127 399 403
f 399 661 403
f 399 657 661
f 244 661 852
f 661 937 852
f 661 657 937
f 937 242 852
f 245 1615 1707
f 243 1981 1615
f 1615 1981 1707
f 1981 1887 1707
f 1887 2105 1707
f 129 23 1887
f 129 1887 1981
f 407 2106 23
f 129 407 23
f 403 407 129
f 246 407 582
f 407 661 582
f 407 403 661
f 661 244 582
f 1709 247 1707
f 1707 247 245
f 1707 2105 2107
f 1707 2107 1709
f 411 2108 2106
f 411 2106 407
f 407 246 411
f 411 246 248
f 1711 249 1709
f 1709 249 247
f 1709 2107 2109
f 1709 2109 1711
f 415 2110 2108
f 415 2108 411
f 411 248 415
f 415 248 250
f 251 1337 1437
f 249 1711 1337
f 1337 1711 1437
f 1711 1613 1437
f 1613 2111 1437
f 1711 2109 1613
f 417 2112 2110
f 417 2110 415
f 415 250 417
f 417 250 252
f 1335 2113 1437
f 2113 251 1437
f 2113 253 251
f 1437 2111 1335
f 419 2114 2112
f 419 2112 417
f 417 252 419
f 419 252 254
f 255 1071 1161
f 2115 1161 1071
f 253 2115 1071
f 2113 2115 253
f 421 2116 2114
f 421 2114 419
f 419 254 421
f 421 254 256
f 1165 257 1161
f 1161 257 255
f 1161 2115 2117
f 1161 2117 1165
f 423 2118 2116
f 423 2116 421
f 421 256 423
f 423 256 258
f 1167 259 1165
f 1165 259 257
f 1165 2117 2119
f 1165 2119 1167
f 2118 423 322
f 260 2118 322
f 2120 2118 260
f 423 258 322
f 1167 1072 259
f 1451 261 1336
f 1336 261 2119
f 261 1072 2119
f 1072 1167 2119
f 2121 1451 1336
f 24 151 2122
f 24 2120 151
f 2120 262 151
f 2120 260 262
f 1451 1338 261
f 2121 1614 1451
f 1614 1338 1451
f 1614 1616 1338
f 1888 1616 1614
f 1888 1890 1616
f 151 26 2122
f 26 1888 2122
f 26 1890 1888
f 151 262 26
f 626 595 2123
f 263 867 626
f 867 595 626
f 867 865 595
f 867 1141 865
f 1143 1141 867
f 1458 1415 264
f 1415 1143 264
f 1415 1141 1143
f 1458 2124 1415
f 370 335 2125
f 597 626 2123
f 597 2123 335
f 265 597 335
f 370 265 335
f 263 626 597
f 1417 1458 264
f 266 1730 1693
f 266 1693 2124
f 1417 266 2124
f 1458 1417 2124
f 1730 2126 1693
f 98 45 2127
f 337 370 2125
f 337 2125 45
f 267 337 45
f 98 267 45
f 265 370 337
f 1695 1730 266
f 1695 268 1730
f 268 2126 1730
f 268 2128 2126
f 98 2127 51
f 2127 269 51
f 2127 2129 269
f 267 98 51
f 1957 2128 268
f 1957 268 1959
f 1959 270 1957
f 1957 270 2130
f 271 2129 2131
f 271 269 2129
f 2130 272 2132
f 270 272 2130
f 273 2131 2133
f 273 271 2131
f 2132 274 2134
f 272 274 2132
f 275 2133 2135
f 275 273 2133
f 1960 276 2016
f 2016 2136 1960
f 2136 274 1960
f 2136 2134 274
f 52 275 110
f 275 2137 110
f 275 2135 2137
f 277 52 110
f 2138 1958 2016
f 276 2138 2016
f 278 2138 276
f 2136 2016 1958
f 2139 112 2137
f 2137 112 110
f 386 338 277
f 110 386 277
f 112 386 110
f 279 338 386
f 1418 280 1476
f 1418 1476 2140
f 1694 1418 2140
f 1696 1418 1694
f 1694 2138 1696
f 1696 2138 278
f 46 112 2139
f 2141 388 46
f 388 112 46
f 388 386 112
f 646 598 279
f 386 646 279
f 388 646 386
f 598 646 926
f 598 926 868
f 868 926 1196
f 868 1196 1144
f 1476 280 1144
f 1476 1144 1196
f 1416 1476 1196
f 2142 1416 1196
f 2140 1476 1416
f 116 47 2143
f 47 116 2141
f 116 388 2141
f 116 390 388
f 648 388 390
f 646 388 648
f 928 646 648
f 926 646 928
f 1142 1196 2144
f 1196 928 2144
f 1196 926 928
f 2142 1196 1142
f 2145 120 2143
f 2143 120 116
f 392 116 120
f 390 116 392
f 650 390 392
f 648 390 650
f 930 648 650
f 928 648 930
f 2144 928 2146
f 2146 928 930
f 1978 1905 2147
f 1905 1978 2145
f 1978 120 2145
f 1978 124 120
f 396 120 124
f 392 120 396
f 654 392 396
f 650 392 654
f 866 930 2148
f 930 654 2148
f 930 650 654
f 2146 930 866
f 2149 1980 2147
f 2147 1980 1978
f 128 1978 1980
f 124 1978 128
f 400 124 128
f 396 124 400
f 658 396 400
f 654 396 658
f 2148 654 2150
f 2150 654 658
f 2151 1982 2149
f 2149 1982 1980
f 130 1980 1982
f 128 1980 130
f 404 128 130
f 400 128 404
f 596 658 2152
f 658 404 2152
f 658 400 404
f 2150 658 596
f 1906 1982 2151
f 48 130 1906
f 1906 130 1982
f 336 404 48
f 48 404 130
f 2152 404 336
f 281 1631 2153
f 2153 1631 1629
f 1988 1907 282
f 1907 1631 282
f 1907 1629 1631
f 1988 2154 1907
f 283 1087 1157
f 1157 1087 2155
f 1087 1355 2155
f 1087 1357 1355
f 2153 1355 1357
f 2153 1357 281
f 1909 1988 282
f 1909 284 1988
f 284 2154 1988
f 284 2156 2154
f 285 815 893
f 283 1157 815
f 815 1157 893
f 1157 1085 893
f 1085 2157 893
f 1157 2155 1085
f 284 53 141
f 2158 284 141
f 2156 284 2158
f 53 286 141
f 895 287 893
f 893 287 285
f 893 2157 2159
f 893 2159 895
f 141 49 2158
f 141 286 49
f 286 2160 49
f 286 288 2160
f 813 2161 895
f 2161 287 895
f 2161 289 287
f 895 2159 813
f 2160 290 2162
f 288 290 2160
f 816 289 900
f 289 2163 900
f 289 2161 2163
f 291 816 900
f 2162 292 2164
f 290 292 2162
f 2165 902 2163
f 2163 902 900
f 291 900 902
f 291 902 293
f 54 294 152
f 152 2166 54
f 2166 292 54
f 2166 2164 292
f 814 902 2165
f 1088 293 1172
f 1172 293 2167
f 293 902 2167
f 902 814 2167
f 295 1088 1172
f 1910 296 2002
f 152 294 1910
f 152 1910 2002
f 50 152 2002
f 2168 50 2002
f 2166 152 50
f 1086 1172 2167
f 1358 295 1456
f 1456 295 2169
f 295 1172 2169
f 1172 1086 2169
f 1358 1456 1728
f 1358 1728 1632
f 2002 296 1632
f 2002 1632 1728
f 1908 2002 1728
f 2170 1908 1728
f 2168 2002 1908
f 1356 1456 2169
f 1630 1728 1356
f 1356 1728 1456
f 2170 1728 1630
