# Converted from NanoShaper .vert/.face
v 32.845000 -5.170000 -10.334000
v 34.047000 -5.170000 -10.334000
v 32.272000 -5.170000 -9.834000
v 34.609000 -5.170000 -9.834000
v 32.062000 -5.170000 -9.334000
v 34.822000 -5.170000 -9.334000
v 32.026000 -5.170000 -8.834000
v 35.122000 -5.170000 -8.834000
v 32.029000 -5.170000 -8.334000
v 35.325000 -5.170000 -8.334000
v 32.120000 -5.170000 -7.834000
v 35.329000 -5.170000 -7.834000
v 32.325000 -5.170000 -7.334000
v 35.163000 -5.170000 -7.334000
v 32.701000 -5.170000 -6.834000
v 34.846000 -5.170000 -6.834000
v 34.011000 -5.170000 -0.334000
v 35.932000 -5.170000 -0.334000
v 33.777000 -5.170000 0.166000
v 36.148000 -5.170000 0.166000
v 33.794000 -5.170000 0.666000
v 36.132000 -5.170000 0.666000
v 34.072000 -5.170000 1.166000
v 35.871000 -5.170000 1.166000
v 33.348000 -5.170000 6.666000
v 34.468000 -5.170000 6.666000
v 33.309000 -5.170000 7.166000
v 34.531000 -5.170000 7.166000
v 33.398000 -5.170000 7.666000
v 34.481000 -5.170000 7.666000
v 32.451000 -1.170000 -9.334000
v 33.930000 -1.170000 -9.334000
v 31.800000 -1.170000 -8.834000
v 34.560000 -1.170000 -8.834000
v 31.334000 -1.170000 -8.334000
v 34.774000 -1.170000 -8.334000
v 31.116000 -1.170000 -7.834000
v 34.836000 -1.170000 -7.834000
v 31.101000 -1.170000 -7.334000
v 34.889000 -1.170000 -7.334000
v 31.279000 -1.170000 -6.834000
v 35.096000 -1.170000 -6.834000
v 31.510000 -1.170000 -6.334000
v 35.327000 -1.170000 -6.334000
v 31.590000 -1.170000 -5.834000
v 35.618000 -1.170000 -5.834000
v 31.779000 -1.170000 -5.334000
v 35.823000 -1.170000 -5.334000
v 32.219000 -1.170000 -4.834000
v 35.898000 -1.170000 -4.834000
v 32.556000 -1.170000 -4.334000
v 36.120000 -1.170000 -4.334000
v 32.808000 -1.170000 -3.834000
v 36.335000 -1.170000 -3.834000
v 33.300000 -1.170000 -3.334000
v 36.669000 -1.170000 -3.334000
v 33.764000 -1.170000 -2.834000
v 37.169000 -1.170000 -2.834000
v 34.194000 -1.170000 -2.334000
v 37.692000 -1.170000 -2.334000
v 34.447000 -1.170000 -1.834000
v 38.137000 -1.170000 -1.834000
v 34.513000 -1.170000 -1.334000
v 38.319000 -1.170000 -1.334000
v 34.494000 -1.170000 -0.834000
v 38.336000 -1.170000 -0.834000
v 34.440000 -1.170000 -0.334000
v 38.324000 -1.170000 -0.334000
v 34.274000 -1.170000 0.166000
v 38.124000 -1.170000 0.166000
v 34.274000 -1.170000 0.666000
v 37.669000 -1.170000 0.666000
v 34.281000 -1.170000 1.166000
v 37.189000 -1.170000 1.166000
v 34.287000 -1.170000 1.666000
v 36.806000 -1.170000 1.666000
v 34.248000 -1.170000 2.166000
v 36.720000 -1.170000 2.166000
v 34.101000 -1.170000 2.666000
v 36.842000 -1.170000 2.666000
v 33.861000 -1.170000 3.166000
v 37.128000 -1.170000 3.166000
v 33.620000 -1.170000 3.666000
v 37.318000 -1.170000 3.666000
v 33.277000 -1.170000 4.166000
v 37.330000 -1.170000 4.166000
v 33.077000 -1.170000 4.666000
v 37.328000 -1.170000 4.666000
v 33.037000 -1.170000 5.166000
v 37.297000 -1.170000 5.166000
v 33.093000 -1.170000 5.666000
v 37.267000 -1.170000 5.666000
v 33.196000 -1.170000 6.166000
v 37.323000 -1.170000 6.166000
v 33.212000 -1.170000 6.666000
v 37.339000 -1.170000 6.666000
v 33.232000 -1.170000 7.166000
v 37.315000 -1.170000 7.166000
v 33.237000 -1.170000 7.666000
v 37.276000 -1.170000 7.666000
v 33.500000 -1.170000 8.166000
v 37.101000 -1.170000 8.166000
v 34.204000 -1.170000 8.666000
v 36.787000 -1.170000 8.666000
v 34.372000 2.830000 -6.834000
v 34.534000 2.830000 -6.834000
v 33.468000 2.830000 -6.334000
v 35.900000 2.830000 -6.334000
v 33.244000 2.830000 -5.834000
v 36.160000 2.830000 -5.834000
v 33.239000 2.830000 -5.334000
v 36.518000 2.830000 -5.334000
v 33.217000 2.830000 -4.834000
v 36.738000 2.830000 -4.834000
v 33.244000 2.830000 -4.334000
v 36.809000 2.830000 -4.334000
v 33.497000 2.830000 -3.834000
v 36.933000 2.830000 -3.834000
v 33.991000 2.830000 -3.334000
v 37.112000 2.830000 -3.334000
v 34.247000 2.830000 -2.834000
v 37.149000 2.830000 -2.834000
v 34.470000 2.830000 -2.334000
v 37.127000 2.830000 -2.334000
v 35.090000 2.830000 -1.834000
v 36.858000 2.830000 -1.834000
v 32.439000 -5.170000 -10.042000
v 32.439000 -5.170000 -7.159000
v 32.939000 -5.170000 -10.375000
v 32.939000 -5.170000 -6.624000
v 33.439000 -5.170000 -10.472000
v 33.439000 -5.170000 -6.395000
v 33.439000 -5.170000 6.535000
v 33.439000 -5.170000 7.732000
v 33.939000 -5.170000 -10.381000
v 33.939000 -5.170000 -6.377000
v 33.939000 -5.170000 -0.226000
v 33.939000 -5.170000 0.985000
v 33.939000 -5.170000 6.327000
v 33.939000 -5.170000 7.991000
v 34.439000 -5.170000 -10.050000
v 34.439000 -5.170000 -6.527000
v 34.439000 -5.170000 -0.692000
v 34.439000 -5.170000 1.449000
v 34.439000 -5.170000 6.615000
v 34.439000 -5.170000 7.734000
v 34.939000 -5.170000 -9.098000
v 34.939000 -5.170000 -6.943000
v 34.939000 -5.170000 -0.817000
v 34.939000 -5.170000 1.573000
v 35.439000 -5.170000 -0.724000
v 35.439000 -5.170000 1.479000
v 35.939000 -5.170000 -0.324000
v 35.939000 -5.170000 1.081000
v 31.439000 -1.170000 -8.466000
v 31.439000 -1.170000 -6.534000
v 31.939000 -1.170000 -9.002000
v 31.939000 -1.170000 -5.125000
v 32.439000 -1.170000 -9.330000
v 32.439000 -1.170000 -4.537000
v 32.939000 -1.170000 -9.423000
v 32.939000 -1.170000 -3.673000
v 33.439000 -1.170000 -9.429000
v 33.439000 -1.170000 -3.165000
v 33.439000 -1.170000 3.955000
v 33.439000 -1.170000 8.091000
v 33.939000 -1.170000 -9.331000
v 33.939000 -1.170000 -2.617000
v 33.939000 -1.170000 3.045000
v 33.939000 -1.170000 8.529000
v 34.439000 -1.170000 -8.986000
v 34.439000 -1.170000 -1.861000
v 34.439000 -1.170000 -0.333000
v 34.439000 -1.170000 8.748000
v 34.939000 -1.170000 -7.161000
v 34.939000 -1.170000 8.876000
v 35.439000 -1.170000 -6.100000
v 35.439000 -1.170000 8.997000
v 35.939000 -1.170000 -4.700000
v 35.939000 -1.170000 9.071000
v 36.439000 -1.170000 -3.633000
v 36.439000 -1.170000 8.940000
v 36.939000 -1.170000 -3.087000
v 36.939000 -1.170000 1.434000
v 36.939000 -1.170000 2.858000
v 36.939000 -1.170000 8.455000
v 37.439000 -1.170000 -2.598000
v 37.439000 -1.170000 0.927000
v 37.939000 -1.170000 -2.091000
v 37.939000 -1.170000 0.393000
v 33.439000 2.830000 -6.294000
v 33.439000 2.830000 -3.908000
v 33.939000 2.830000 -6.725000
v 33.939000 2.830000 -3.401000
v 34.439000 2.830000 -6.837000
v 34.439000 2.830000 -2.377000
v 34.939000 2.830000 -6.827000
v 34.939000 2.830000 -1.954000
v 35.439000 2.830000 -6.712000
v 35.439000 2.830000 -1.572000
v 35.939000 2.830000 -6.278000
v 35.939000 2.830000 -1.444000
v 36.439000 2.830000 -5.437000
v 36.439000 2.830000 -1.537000
v 36.939000 2.830000 -3.816000
v 36.939000 2.830000 -1.935000
v 31.439000 -1.453000 -8.334000
v 31.439000 0.251000 -8.334000
v 31.939000 -3.924000 -8.334000
v 31.939000 1.005000 -8.334000
v 32.439000 -6.391000 -8.334000
v 32.439000 1.544000 -8.334000
v 32.939000 -6.704000 -8.334000
v 32.939000 1.863000 -8.334000
v 33.439000 -6.795000 -8.334000
v 33.439000 1.949000 -8.334000
v 33.939000 -6.831000 -8.334000
v 33.939000 1.847000 -8.334000
v 34.439000 -6.732000 -8.334000
v 34.439000 1.503000 -8.334000
v 34.939000 -6.386000 -8.334000
v 34.939000 -3.328000 -8.334000
v 32.939000 -2.834000 -4.334000
v 32.939000 2.290000 -4.334000
v 33.439000 -3.161000 -4.334000
v 33.439000 3.064000 -4.334000
v 33.939000 -3.276000 -4.334000
v 33.939000 3.454000 -4.334000
v 34.439000 -3.341000 -4.334000
v 34.439000 3.810000 -4.334000
v 34.939000 -3.249000 -4.334000
v 34.939000 3.937000 -4.334000
v 35.439000 -3.012000 -4.334000
v 35.439000 4.002000 -4.334000
v 35.939000 -2.531000 -4.334000
v 35.939000 3.911000 -4.334000
v 36.439000 0.909000 -4.334000
v 36.439000 3.580000 -4.334000
v 33.439000 -4.569000 -0.334000
v 33.439000 -2.319000 -0.334000
v 33.939000 -5.076000 -0.334000
v 33.939000 -1.810000 -0.334000
v 34.439000 -5.523000 -0.334000
v 34.439000 -1.171000 -0.334000
v 34.939000 -5.646000 -0.334000
v 34.939000 -0.231000 -0.334000
v 35.439000 -5.552000 -0.334000
v 35.439000 0.461000 -0.334000
v 35.939000 -5.160000 -0.334000
v 35.939000 0.672000 -0.334000
v 36.439000 -4.402000 -0.334000
v 36.439000 0.596000 -0.334000
v 36.939000 -3.866000 -0.334000
v 36.939000 0.476000 -0.334000
v 37.439000 -3.143000 -0.334000
v 37.439000 0.334000 -0.334000
v 37.939000 -2.324000 -0.334000
v 37.939000 0.014000 -0.334000
v 33.439000 -3.074000 3.666000
v 33.439000 -1.865000 3.666000
v 33.939000 -3.558000 3.666000
v 33.939000 0.225000 3.666000
v 34.439000 -3.677000 3.666000
v 34.439000 0.671000 3.666000
v 34.939000 -3.566000 3.666000
v 34.939000 0.787000 3.666000
v 35.439000 -3.266000 3.666000
v 35.439000 0.732000 3.666000
v 35.939000 -2.948000 3.666000
v 35.939000 0.602000 3.666000
v 36.439000 -2.416000 3.666000
v 36.439000 0.351000 3.666000
v 36.939000 -1.923000 3.666000
v 36.939000 0.013000 3.666000
v 31.939000 -3.631000 7.666000
v 31.939000 -2.269000 7.666000
v 32.439000 -4.126000 7.666000
v 32.439000 -1.857000 7.666000
v 32.939000 -4.848000 7.666000
v 32.939000 -1.454000 7.666000
v 33.439000 -5.187000 7.666000
v 33.439000 -0.898000 7.666000
v 33.939000 -5.282000 7.666000
v 33.939000 0.039000 7.666000
v 34.439000 -5.187000 7.666000
v 34.439000 0.361000 7.666000
v 34.939000 -4.849000 7.666000
v 34.939000 0.447000 7.666000
v 35.439000 -4.425000 7.666000
v 35.439000 0.346000 7.666000
v 35.939000 -3.836000 7.666000
v 35.939000 0.125000 7.666000
v 36.439000 -3.257000 7.666000
v 36.439000 -0.105000 7.666000
v 36.939000 -2.846000 7.666000
v 36.939000 -0.461000 7.666000
v 32.858000 -4.670000 -10.334000
v 34.034000 -4.670000 -10.334000
v 32.284000 -4.670000 -9.834000
v 34.606000 -4.670000 -9.834000
v 32.079000 -4.670000 -9.334000
v 34.824000 -4.670000 -9.334000
v 32.035000 -4.670000 -8.834000
v 35.124000 -4.670000 -8.834000
v 32.026000 -4.670000 -8.334000
v 35.324000 -4.670000 -8.334000
v 32.088000 -4.670000 -7.834000
v 35.340000 -4.670000 -7.834000
v 32.194000 -4.670000 -7.334000
v 35.297000 -4.670000 -7.334000
v 32.301000 -4.670000 -6.834000
v 35.101000 -4.670000 -6.834000
v 32.551000 -4.670000 -6.334000
v 34.819000 -4.670000 -6.334000
v 34.044000 -4.670000 -0.834000
v 36.084000 -4.670000 -0.834000
v 33.515000 -4.670000 -0.334000
v 36.264000 -4.670000 -0.334000
v 33.284000 -4.670000 0.166000
v 36.346000 -4.670000 0.166000
v 33.294000 -4.670000 0.666000
v 36.322000 -4.670000 0.666000
v 33.553000 -4.670000 1.166000
v 36.106000 -4.670000 1.166000
v 34.234000 -4.670000 1.666000
v 35.478000 -4.670000 1.666000
v 33.030000 -4.670000 6.166000
v 35.053000 -4.670000 6.166000
v 32.746000 -4.670000 6.666000
v 35.126000 -4.670000 6.666000
v 32.737000 -4.670000 7.166000
v 35.131000 -4.670000 7.166000
v 32.799000 -4.670000 7.666000
v 35.130000 -4.670000 7.666000
v 33.066000 -4.670000 8.166000
v 34.820000 -4.670000 8.166000
v 32.395000 -0.670000 -9.334000
v 33.983000 -0.670000 -9.334000
v 31.762000 -0.670000 -8.834000
v 34.602000 -0.670000 -8.834000
v 31.276000 -0.670000 -8.334000
v 34.815000 -0.670000 -8.334000
v 31.061000 -0.670000 -7.834000
v 34.863000 -0.670000 -7.834000
v 31.049000 -0.670000 -7.334000
v 34.977000 -0.670000 -7.334000
v 31.141000 -0.670000 -6.834000
v 35.173000 -0.670000 -6.834000
v 31.347000 -0.670000 -6.334000
v 35.330000 -0.670000 -6.334000
v 31.553000 -0.670000 -5.834000
v 35.609000 -0.670000 -5.834000
v 31.749000 -0.670000 -5.334000
v 35.809000 -0.670000 -5.334000
v 32.209000 -0.670000 -4.834000
v 35.891000 -0.670000 -4.834000
v 32.632000 -0.670000 -4.334000
v 36.124000 -0.670000 -4.334000
v 33.025000 -0.670000 -3.834000
v 36.324000 -0.670000 -3.834000
v 33.449000 -0.670000 -3.334000
v 36.633000 -0.670000 -3.334000
v 33.762000 -0.670000 -2.834000
v 37.130000 -0.670000 -2.834000
v 34.179000 -0.670000 -2.334000
v 37.647000 -0.670000 -2.334000
v 34.420000 -0.670000 -1.834000
v 38.130000 -0.670000 -1.834000
v 34.531000 -0.670000 -1.334000
v 38.309000 -0.670000 -1.334000
v 34.656000 -0.670000 -0.834000
v 38.319000 -0.670000 -0.834000
v 34.699000 -0.670000 -0.334000
v 38.310000 -0.670000 -0.334000
v 34.727000 -0.670000 0.166000
v 38.107000 -0.670000 0.166000
v 34.808000 -0.670000 0.666000
v 37.533000 -0.670000 0.666000
v 34.888000 -0.670000 1.166000
v 36.833000 -0.670000 1.166000
v 34.804000 -0.670000 1.666000
v 36.409000 -0.670000 1.666000
v 34.565000 -0.670000 2.166000
v 36.437000 -0.670000 2.166000
v 34.309000 -0.670000 2.666000
v 36.744000 -0.670000 2.666000
v 34.068000 -0.670000 3.166000
v 37.113000 -0.670000 3.166000
v 33.744000 -0.670000 3.666000
v 37.306000 -0.670000 3.666000
v 33.456000 -0.670000 4.166000
v 37.319000 -0.670000 4.166000
v 33.255000 -0.670000 4.666000
v 37.330000 -0.670000 4.666000
v 33.253000 -0.670000 5.166000
v 37.307000 -0.670000 5.166000
v 33.433000 -0.670000 5.666000
v 37.239000 -0.670000 5.666000
v 33.514000 -0.670000 6.166000
v 37.157000 -0.670000 6.166000
v 33.529000 -0.670000 6.666000
v 37.133000 -0.670000 6.666000
v 33.542000 -0.670000 7.166000
v 37.125000 -0.670000 7.166000
v 33.549000 -0.670000 7.666000
v 37.094000 -0.670000 7.666000
v 33.749000 -0.670000 8.166000
v 36.874000 -0.670000 8.166000
v 34.292000 -0.670000 8.666000
v 35.826000 -0.670000 8.666000
v 34.364000 3.330000 -6.334000
v 34.542000 3.330000 -6.334000
v 33.771000 3.330000 -5.834000
v 35.776000 3.330000 -5.834000
v 33.733000 3.330000 -5.334000
v 36.268000 3.330000 -5.334000
v 33.730000 3.330000 -4.834000
v 36.536000 3.330000 -4.834000
v 33.795000 3.330000 -4.334000
v 36.630000 3.330000 -4.334000
v 34.110000 3.330000 -3.834000
v 36.635000 3.330000 -3.834000
v 34.493000 3.330000 -3.334000
v 36.589000 3.330000 -3.334000
v 34.828000 3.330000 -2.834000
v 36.597000 3.330000 -2.834000
v 35.384000 3.330000 -2.334000
v 36.556000 3.330000 -2.334000
v 32.439000 -4.670000 -10.031000
v 32.439000 -4.670000 -6.491000
v 32.939000 -4.670000 -10.370000
v 32.939000 -4.670000 -6.033000
v 32.939000 -4.670000 6.276000
v 32.939000 -4.670000 7.996000
v 33.439000 -4.670000 -10.467000
v 33.439000 -4.670000 -5.914000
v 33.439000 -4.670000 -0.227000
v 33.439000 -4.670000 1.012000
v 33.439000 -4.670000 5.846000
v 33.439000 -4.670000 8.442000
v 33.939000 -4.670000 -10.375000
v 33.939000 -4.670000 -5.889000
v 33.939000 -4.670000 -0.718000
v 33.939000 -4.670000 1.476000
v 33.939000 -4.670000 5.699000
v 33.939000 -4.670000 8.553000
v 34.439000 -4.670000 -10.044000
v 34.439000 -4.670000 -6.018000
v 34.439000 -4.670000 -1.118000
v 34.439000 -4.670000 1.736000
v 34.439000 -4.670000 5.771000
v 34.439000 -4.670000 8.442000
v 34.939000 -4.670000 -9.102000
v 34.939000 -4.670000 -6.522000
v 34.939000 -4.670000 -1.232000
v 34.939000 -4.670000 1.775000
v 34.939000 -4.670000 5.996000
v 34.939000 -4.670000 8.032000
v 35.439000 -4.670000 -1.275000
v 35.439000 -4.670000 1.681000
v 35.939000 -4.670000 -1.039000
v 35.939000 -4.670000 1.364000
v 31.439000 -0.670000 -8.529000
v 31.439000 -0.670000 -6.158000
v 31.939000 -0.670000 -9.026000
v 31.939000 -0.670000 -5.095000
v 32.439000 -0.670000 -9.352000
v 32.439000 -0.670000 -4.565000
v 32.939000 -0.670000 -9.443000
v 32.939000 -0.670000 -3.948000
v 33.439000 -0.670000 -9.439000
v 33.439000 -0.670000 -3.349000
v 33.439000 -0.670000 4.198000
v 33.439000 -0.670000 5.683000
v 33.939000 -0.670000 -9.351000
v 33.939000 -0.670000 -2.618000
v 33.939000 -0.670000 3.340000
v 33.939000 -0.670000 8.406000
v 34.439000 -0.670000 -9.031000
v 34.439000 -0.670000 -1.763000
v 34.439000 -0.670000 2.369000
v 34.439000 -0.670000 8.731000
v 34.939000 -0.670000 -7.479000
v 34.939000 -0.670000 8.817000
v 35.439000 -0.670000 -6.101000
v 35.439000 -0.670000 8.756000
v 35.939000 -0.670000 -4.688000
v 35.939000 -0.670000 8.651000
v 36.439000 -0.670000 -3.597000
v 36.439000 -0.670000 1.581000
v 36.439000 -0.670000 2.172000
v 36.439000 -0.670000 8.525000
v 36.939000 -0.670000 -3.046000
v 36.939000 -0.670000 1.087000
v 36.939000 -0.670000 2.923000
v 36.939000 -0.670000 8.069000
v 37.439000 -0.670000 -2.545000
v 37.439000 -0.670000 0.724000
v 37.939000 -0.670000 -2.083000
v 37.939000 -0.670000 0.373000
v 33.939000 3.330000 -6.121000
v 33.939000 3.330000 -4.048000
v 34.439000 3.330000 -6.340000
v 34.439000 3.330000 -3.415000
v 34.939000 3.330000 -6.333000
v 34.939000 3.330000 -2.689000
v 35.439000 3.330000 -6.149000
v 35.439000 3.330000 -2.262000
v 35.939000 3.330000 -5.636000
v 35.939000 3.330000 -1.981000
v 36.439000 3.330000 -5.089000
v 36.439000 3.330000 -2.173000
v 31.439000 -1.903000 -7.834000
v 31.439000 0.580000 -7.834000
v 31.939000 -4.062000 -7.834000
v 31.939000 1.055000 -7.834000
v 32.439000 -6.080000 -7.834000
v 32.439000 1.576000 -7.834000
v 32.939000 -6.498000 -7.834000
v 32.939000 1.860000 -7.834000
v 33.439000 -6.745000 -7.834000
v 33.439000 2.002000 -7.834000
v 33.939000 -6.833000 -7.834000
v 33.939000 1.970000 -7.834000
v 34.439000 -6.734000 -7.834000
v 34.439000 1.746000 -7.834000
v 34.939000 -6.389000 -7.834000
v 34.939000 -3.152000 -7.834000
v 32.939000 -2.037000 -3.834000
v 32.939000 -0.847000 -3.834000
v 32.939000 0.465000 -3.834000
v 32.939000 1.687000 -3.834000
v 33.439000 -2.572000 -3.834000
v 33.439000 2.755000 -3.834000
v 33.939000 -3.036000 -3.834000
v 33.939000 3.177000 -3.834000
v 34.439000 -3.242000 -3.834000
v 34.439000 3.607000 -3.834000
v 34.939000 -3.316000 -3.834000
v 34.939000 3.904000 -3.834000
v 35.439000 -3.239000 -3.834000
v 35.439000 4.001000 -3.834000
v 35.939000 -2.958000 -3.834000
v 35.939000 3.909000 -3.834000
v 36.439000 0.238000 -3.834000
v 36.439000 3.577000 -3.834000
v 36.939000 1.387000 -3.834000
v 36.939000 2.817000 -3.834000
v 33.439000 -4.862000 0.166000
v 33.439000 -1.984000 0.166000
v 33.939000 -5.363000 0.166000
v 33.939000 -1.514000 0.166000
v 34.439000 -5.719000 0.166000
v 34.439000 -0.956000 0.166000
v 34.939000 -5.825000 0.166000
v 34.939000 -0.492000 0.166000
v 35.439000 -5.744000 0.166000
v 35.439000 -0.089000 0.166000
v 35.939000 -5.431000 0.166000
v 35.939000 0.056000 0.166000
v 36.439000 -4.402000 0.166000
v 36.439000 0.111000 0.166000
v 36.939000 -3.545000 0.166000
v 36.939000 0.221000 0.166000
v 37.439000 -2.517000 0.166000
v 37.439000 0.121000 0.166000
v 37.939000 -1.978000 0.166000
v 37.939000 -0.295000 0.166000
v 33.439000 -3.404000 4.166000
v 33.439000 -0.714000 4.166000
v 33.939000 -3.742000 4.166000
v 33.939000 0.530000 4.166000
v 34.439000 -3.836000 4.166000
v 34.439000 0.874000 4.166000
v 34.939000 -3.742000 4.166000
v 34.939000 0.973000 4.166000
v 35.439000 -3.450000 4.166000
v 35.439000 0.932000 4.166000
v 35.939000 -3.046000 4.166000
v 35.939000 0.836000 4.166000
v 36.439000 -2.454000 4.166000
v 36.439000 0.659000 4.166000
v 36.939000 -1.933000 4.166000
v 36.939000 0.226000 4.166000
v 32.439000 -3.654000 8.166000
v 32.439000 -2.257000 8.166000
v 32.939000 -4.492000 8.166000
v 32.939000 -1.748000 8.166000
v 33.439000 -4.954000 8.166000
v 33.439000 -1.241000 8.166000
v 33.939000 -5.068000 8.166000
v 33.939000 -0.245000 8.166000
v 34.439000 -4.955000 8.166000
v 34.439000 0.163000 8.166000
v 34.939000 -4.573000 8.166000
v 34.939000 0.264000 8.166000
v 35.439000 -4.159000 8.166000
v 35.439000 0.145000 8.166000
v 35.939000 -3.549000 8.166000
v 35.939000 -0.142000 8.166000
v 36.439000 -3.205000 8.166000
v 36.439000 -0.308000 8.166000
v 36.939000 -2.838000 8.166000
v 36.939000 -0.768000 8.166000
v 32.998000 -4.170000 -10.334000
v 33.883000 -4.170000 -10.334000
v 32.325000 -4.170000 -9.834000
v 34.556000 -4.170000 -9.834000
v 32.102000 -4.170000 -9.334000
v 34.794000 -4.170000 -9.334000
v 32.047000 -4.170000 -8.834000
v 35.112000 -4.170000 -8.834000
v 31.983000 -4.170000 -8.334000
v 35.311000 -4.170000 -8.334000
v 31.982000 -4.170000 -7.834000
v 35.319000 -4.170000 -7.834000
v 32.022000 -4.170000 -7.334000
v 35.303000 -4.170000 -7.334000
v 32.075000 -4.170000 -6.834000
v 35.260000 -4.170000 -6.834000
v 32.304000 -4.170000 -6.334000
v 35.079000 -4.170000 -6.334000
v 32.820000 -4.170000 -5.834000
v 34.620000 -4.170000 -5.834000
v 35.236000 -4.170000 -1.834000
v 35.627000 -4.170000 -1.834000
v 34.344000 -4.170000 -1.334000
v 36.574000 -4.170000 -1.334000
v 33.751000 -4.170000 -0.834000
v 36.641000 -4.170000 -0.834000
v 33.265000 -4.170000 -0.334000
v 36.620000 -4.170000 -0.334000
v 33.075000 -4.170000 0.166000
v 36.542000 -4.170000 0.166000
v 33.084000 -4.170000 0.666000
v 36.396000 -4.170000 0.666000
v 33.245000 -4.170000 1.166000
v 36.151000 -4.170000 1.166000
v 33.485000 -4.170000 1.666000
v 35.790000 -4.170000 1.666000
v 33.778000 -4.170000 5.166000
v 34.356000 -4.170000 5.166000
v 32.926000 -4.170000 5.666000
v 35.347000 -4.170000 5.666000
v 32.391000 -4.170000 6.166000
v 35.607000 -4.170000 6.166000
v 32.224000 -4.170000 6.666000
v 35.632000 -4.170000 6.666000
v 32.234000 -4.170000 7.166000
v 35.638000 -4.170000 7.166000
v 32.476000 -4.170000 7.666000
v 35.644000 -4.170000 7.666000
v 32.800000 -4.170000 8.166000
v 35.431000 -4.170000 8.166000
v 33.458000 -4.170000 8.666000
v 34.539000 -4.170000 8.666000
v 32.351000 -0.170000 -9.334000
v 34.024000 -0.170000 -9.334000
v 31.765000 -0.170000 -8.834000
v 34.621000 -0.170000 -8.834000
v 31.265000 -0.170000 -8.334000
v 34.831000 -0.170000 -8.334000
v 31.051000 -0.170000 -7.834000
v 34.902000 -0.170000 -7.834000
v 31.039000 -0.170000 -7.334000
v 35.097000 -0.170000 -7.334000
v 31.130000 -0.170000 -6.834000
v 35.301000 -0.170000 -6.834000
v 31.335000 -0.170000 -6.334000
v 35.413000 -0.170000 -6.334000
v 31.544000 -0.170000 -5.834000
v 35.650000 -0.170000 -5.834000
v 31.746000 -0.170000 -5.334000
v 35.775000 -0.170000 -5.334000
v 32.216000 -0.170000 -4.834000
v 35.863000 -0.170000 -4.834000
v 32.709000 -0.170000 -4.334000
v 36.097000 -0.170000 -4.334000
v 33.134000 -0.170000 -3.834000
v 36.344000 -0.170000 -3.834000
v 33.521000 -0.170000 -3.334000
v 36.671000 -0.170000 -3.334000
v 33.761000 -0.170000 -2.834000
v 37.127000 -0.170000 -2.834000
v 34.074000 -0.170000 -2.334000
v 37.571000 -0.170000 -2.334000
v 34.278000 -0.170000 -1.834000
v 37.890000 -0.170000 -1.834000
v 34.466000 -0.170000 -1.334000
v 38.105000 -0.170000 -1.334000
v 34.712000 -0.170000 -0.834000
v 38.108000 -0.170000 -0.834000
v 34.976000 -0.170000 -0.334000
v 38.093000 -0.170000 -0.334000
v 35.310000 -0.170000 0.166000
v 37.841000 -0.170000 0.166000
v 34.858000 -0.170000 2.666000
v 36.097000 -0.170000 2.666000
v 34.257000 -0.170000 3.166000
v 36.853000 -0.170000 3.166000
v 33.782000 -0.170000 3.666000
v 37.090000 -0.170000 3.666000
v 33.592000 -0.170000 4.166000
v 37.162000 -0.170000 4.166000
v 33.560000 -0.170000 4.666000
v 37.289000 -0.170000 4.666000
v 33.580000 -0.170000 5.166000
v 37.306000 -0.170000 5.166000
v 33.628000 -0.170000 5.666000
v 37.134000 -0.170000 5.666000
v 33.708000 -0.170000 6.166000
v 36.877000 -0.170000 6.166000
v 33.735000 -0.170000 6.666000
v 36.741000 -0.170000 6.666000
v 33.749000 -0.170000 7.166000
v 36.637000 -0.170000 7.166000
v 33.769000 -0.170000 7.666000
v 36.570000 -0.170000 7.666000
v 33.997000 -0.170000 8.166000
v 36.014000 -0.170000 8.166000
v 34.409000 3.830000 -5.334000
v 35.402000 3.830000 -5.334000
v 34.388000 3.830000 -4.834000
v 35.947000 3.830000 -4.834000
v 34.490000 3.830000 -4.334000
v 36.113000 3.830000 -4.334000
v 34.782000 3.830000 -3.834000
v 36.109000 3.830000 -3.834000
v 32.439000 -4.170000 -9.973000
v 32.439000 -4.170000 -6.168000
v 32.439000 -4.170000 6.089000
v 32.439000 -4.170000 7.600000
v 32.939000 -4.170000 -10.313000
v 32.939000 -4.170000 -5.762000
v 32.939000 -4.170000 5.655000
v 32.939000 -4.170000 8.325000
v 33.439000 -4.170000 -10.408000
v 33.439000 -4.170000 -5.620000
v 33.439000 -4.170000 -0.558000
v 33.439000 -4.170000 1.601000
v 33.439000 -4.170000 5.298000
v 33.439000 -4.170000 8.658000
v 33.939000 -4.170000 -10.314000
v 33.939000 -4.170000 -5.574000
v 33.939000 -4.170000 -1.037000
v 33.939000 -4.170000 2.028000
v 33.939000 -4.170000 5.131000
v 33.939000 -4.170000 8.753000
v 34.439000 -4.170000 -9.976000
v 34.439000 -4.170000 -5.714000
v 34.439000 -4.170000 -1.390000
v 34.439000 -4.170000 2.142000
v 34.439000 -4.170000 5.177000
v 34.439000 -4.170000 8.685000
v 34.939000 -4.170000 -9.070000
v 34.939000 -4.170000 -6.143000
v 34.939000 -4.170000 -1.713000
v 34.939000 -4.170000 2.046000
v 34.939000 -4.170000 5.335000
v 34.939000 -4.170000 8.558000
v 35.439000 -4.170000 -1.858000
v 35.439000 -4.170000 1.913000
v 35.439000 -4.170000 5.785000
v 35.439000 -4.170000 8.154000
v 35.939000 -4.170000 -1.797000
v 35.939000 -4.170000 1.503000
v 36.439000 -4.170000 -1.559000
v 36.439000 -4.170000 0.557000
v 31.439000 -0.170000 -8.541000
v 31.439000 -0.170000 -6.141000
v 31.939000 -0.170000 -9.025000
v 31.939000 -0.170000 -5.100000
v 32.439000 -0.170000 -9.375000
v 32.439000 -0.170000 -4.572000
v 32.939000 -0.170000 -9.480000
v 32.939000 -0.170000 -4.090000
v 33.439000 -0.170000 -9.460000
v 33.439000 -0.170000 -3.482000
v 33.939000 -0.170000 -9.369000
v 33.939000 -0.170000 -2.575000
v 33.939000 -0.170000 3.459000
v 33.939000 -0.170000 8.085000
v 34.439000 -0.170000 -9.052000
v 34.439000 -0.170000 -1.395000
v 34.439000 -0.170000 3.006000
v 34.439000 -0.170000 8.512000
v 34.939000 -0.170000 -7.699000
v 34.939000 -0.170000 -0.392000
v 34.939000 -0.170000 2.606000
v 34.939000 -0.170000 8.615000
v 35.439000 -0.170000 -6.267000
v 35.439000 -0.170000 0.308000
v 35.439000 -0.170000 2.386000
v 35.439000 -0.170000 8.494000
v 35.939000 -0.170000 -4.624000
v 35.939000 -0.170000 0.565000
v 35.939000 -0.170000 2.580000
v 35.939000 -0.170000 8.205000
v 36.439000 -0.170000 -3.641000
v 36.439000 -0.170000 0.596000
v 36.439000 -0.170000 2.833000
v 36.439000 -0.170000 7.896000
v 36.939000 -0.170000 -3.078000
v 36.939000 -0.170000 0.583000
v 36.939000 -0.170000 3.286000
v 36.939000 -0.170000 6.037000
v 37.439000 -0.170000 -2.499000
v 37.439000 -0.170000 0.466000
v 37.939000 -0.170000 -1.760000
v 37.939000 -0.170000 0.034000
v 34.439000 3.830000 -5.384000
v 34.439000 3.830000 -4.452000
v 34.939000 3.830000 -5.629000
v 34.939000 3.830000 -3.591000
v 35.439000 3.830000 -5.286000
v 35.439000 3.830000 -3.379000
v 35.939000 3.830000 -4.850000
v 35.939000 3.830000 -3.578000
v 31.439000 -1.948000 -7.334000
v 31.439000 0.626000 -7.334000
v 31.939000 -4.007000 -7.334000
v 31.939000 1.301000 -7.334000
v 32.439000 -5.456000 -7.334000
v 32.439000 1.712000 -7.334000
v 32.939000 -6.112000 -7.334000
v 32.939000 1.916000 -7.334000
v 33.439000 -6.536000 -7.334000
v 33.439000 2.178000 -7.334000
v 33.939000 -6.640000 -7.334000
v 33.939000 2.257000 -7.334000
v 34.439000 -6.523000 -7.334000
v 34.439000 2.200000 -7.334000
v 34.939000 -6.069000 -7.334000
v 34.939000 -2.847000 -7.334000
v 34.939000 -0.822000 -7.334000
v 34.939000 1.914000 -7.334000
v 33.439000 -2.060000 -3.334000
v 33.439000 -0.720000 -3.334000
v 33.439000 0.367000 -3.334000
v 33.439000 2.148000 -3.334000
v 33.939000 -2.872000 -3.334000
v 33.939000 2.755000 -3.334000
v 34.439000 -3.252000 -3.334000
v 34.439000 3.267000 -3.334000
v 34.939000 -3.502000 -3.334000
v 34.939000 3.688000 -3.334000
v 35.439000 -3.586000 -3.334000
v 35.439000 3.803000 -3.334000
v 35.939000 -3.469000 -3.334000
v 35.939000 3.705000 -3.334000
v 36.439000 -3.007000 -3.334000
v 36.439000 3.432000 -3.334000
v 36.939000 0.358000 -3.334000
v 36.939000 3.043000 -3.334000
v 33.439000 -4.850000 0.666000
v 33.439000 -1.964000 0.666000
v 33.939000 -5.342000 0.666000
v 33.939000 -1.523000 0.666000
v 34.439000 -5.704000 0.666000
v 34.439000 -0.956000 0.666000
v 34.939000 -5.811000 0.666000
v 34.939000 -0.608000 0.666000
v 35.439000 -5.730000 0.666000
v 35.439000 -0.348000 0.666000
v 35.939000 -5.412000 0.666000
v 35.939000 -0.228000 0.666000
v 36.439000 -4.012000 0.666000
v 36.439000 -0.210000 0.666000
v 36.939000 -2.677000 0.666000
v 36.939000 -0.260000 0.666000
v 37.439000 -2.124000 0.666000
v 37.439000 -0.538000 0.666000
v 32.939000 -3.024000 4.666000
v 32.939000 -2.235000 4.666000
v 33.439000 -3.604000 4.666000
v 33.439000 -0.391000 4.666000
v 33.939000 -3.874000 4.666000
v 33.939000 0.538000 4.666000
v 34.439000 -3.919000 4.666000
v 34.439000 0.887000 4.666000
v 34.939000 -3.811000 4.666000
v 34.939000 0.990000 4.666000
v 35.439000 -3.652000 4.666000
v 35.439000 0.975000 4.666000
v 35.939000 -3.289000 4.666000
v 35.939000 0.993000 4.666000
v 36.439000 -2.484000 4.666000
v 36.439000 0.897000 4.666000
v 36.939000 -1.925000 4.666000
v 36.939000 0.555000 4.666000
v 32.939000 -3.435000 8.666000
v 32.939000 -2.476000 8.666000
v 33.439000 -4.131000 8.666000
v 33.439000 -1.929000 8.666000
v 33.939000 -4.458000 8.666000
v 33.939000 -1.560000 8.666000
v 34.439000 -4.219000 8.666000
v 34.439000 -0.452000 8.666000
v 34.939000 -3.975000 8.666000
v 34.939000 -0.254000 8.666000
v 35.439000 -3.347000 8.666000
v 35.439000 -0.480000 8.666000
v 35.939000 -3.137000 8.666000
v 35.939000 -0.691000 8.666000
v 36.439000 -2.980000 8.666000
v 36.439000 -0.867000 8.666000
v 36.939000 -2.482000 8.666000
v 36.939000 -1.394000 8.666000
v 32.598000 -3.670000 -9.834000
v 34.283000 -3.670000 -9.834000
v 32.288000 -3.670000 -9.334000
v 34.614000 -3.670000 -9.334000
v 32.084000 -3.670000 -8.834000
v 34.896000 -3.670000 -8.834000
v 31.878000 -3.670000 -8.334000
v 35.127000 -3.670000 -8.334000
v 31.719000 -3.670000 -7.834000
v 35.168000 -3.670000 -7.834000
v 31.714000 -3.670000 -7.334000
v 35.260000 -3.670000 -7.334000
v 31.745000 -3.670000 -6.834000
v 35.276000 -3.670000 -6.834000
v 32.006000 -3.670000 -6.334000
v 35.136000 -3.670000 -6.334000
v 32.490000 -3.670000 -5.834000
v 34.945000 -3.670000 -5.834000
v 32.817000 -3.670000 -5.334000
v 34.677000 -3.670000 -5.334000
v 34.862000 -3.670000 -2.834000
v 36.001000 -3.670000 -2.834000
v 34.728000 -3.670000 -2.334000
v 36.497000 -3.670000 -2.334000
v 34.494000 -3.670000 -1.834000
v 37.082000 -3.670000 -1.834000
v 34.145000 -3.670000 -1.334000
v 37.157000 -3.670000 -1.334000
v 33.711000 -3.670000 -0.834000
v 37.150000 -3.670000 -0.834000
v 33.231000 -3.670000 -0.334000
v 37.093000 -3.670000 -0.334000
v 33.045000 -3.670000 0.166000
v 36.855000 -3.670000 0.166000
v 33.044000 -3.670000 0.666000
v 36.556000 -3.670000 0.666000
v 33.057000 -3.670000 1.166000
v 36.264000 -3.670000 1.166000
v 33.235000 -3.670000 1.666000
v 36.032000 -3.670000 1.666000
v 33.655000 -3.670000 2.166000
v 35.530000 -3.670000 2.166000
v 34.214000 -3.670000 2.666000
v 34.633000 -3.670000 2.666000
v 34.315000 -3.670000 3.666000
v 34.555000 -3.670000 3.666000
v 33.784000 -3.670000 4.166000
v 35.093000 -3.670000 4.166000
v 33.522000 -3.670000 4.666000
v 35.395000 -3.670000 4.666000
v 32.963000 -3.670000 5.166000
v 35.564000 -3.670000 5.166000
v 32.052000 -3.670000 5.666000
v 35.744000 -3.670000 5.666000
v 31.808000 -3.670000 6.166000
v 35.844000 -3.670000 6.166000
v 31.720000 -3.670000 6.666000
v 36.039000 -3.670000 6.666000
v 31.725000 -3.670000 7.166000
v 36.077000 -3.670000 7.166000
v 31.968000 -3.670000 7.666000
v 36.066000 -3.670000 7.666000
v 32.450000 -3.670000 8.166000
v 35.819000 -3.670000 8.166000
v 33.232000 -3.670000 8.666000
v 35.149000 -3.670000 8.666000
v 32.348000 0.330000 -9.334000
v 34.099000 0.330000 -9.334000
v 31.802000 0.330000 -8.834000
v 34.608000 0.330000 -8.834000
v 31.491000 0.330000 -8.334000
v 34.790000 0.330000 -8.334000
v 31.240000 0.330000 -7.834000
v 34.864000 0.330000 -7.834000
v 31.226000 0.330000 -7.334000
v 35.085000 0.330000 -7.334000
v 31.313000 0.330000 -6.834000
v 35.386000 0.330000 -6.834000
v 31.468000 0.330000 -6.334000
v 35.599000 0.330000 -6.334000
v 31.664000 0.330000 -5.834000
v 35.794000 0.330000 -5.834000
v 31.961000 0.330000 -5.334000
v 35.834000 0.330000 -5.334000
v 32.356000 0.330000 -4.834000
v 35.971000 0.330000 -4.834000
v 32.653000 0.330000 -4.334000
v 36.180000 0.330000 -4.334000
v 33.006000 0.330000 -3.834000
v 36.470000 0.330000 -3.834000
v 33.448000 0.330000 -3.334000
v 36.921000 0.330000 -3.334000
v 33.765000 0.330000 -2.834000
v 37.226000 0.330000 -2.834000
v 34.006000 0.330000 -2.334000
v 37.442000 0.330000 -2.334000
v 34.104000 0.330000 -1.834000
v 37.579000 0.330000 -1.834000
v 34.305000 0.330000 -1.334000
v 37.620000 0.330000 -1.334000
v 34.759000 0.330000 -0.834000
v 37.542000 0.330000 -0.834000
v 35.309000 0.330000 -0.334000
v 37.450000 0.330000 -0.334000
v 34.013000 0.330000 3.666000
v 36.488000 0.330000 3.666000
v 33.785000 0.330000 4.166000
v 36.856000 0.330000 4.166000
v 33.781000 0.330000 4.666000
v 37.108000 0.330000 4.666000
v 33.806000 0.330000 5.166000
v 37.129000 0.330000 5.166000
v 33.846000 0.330000 5.666000
v 36.922000 0.330000 5.666000
v 34.059000 0.330000 6.166000
v 36.603000 0.330000 6.166000
v 34.227000 0.330000 6.666000
v 36.369000 0.330000 6.666000
v 34.277000 0.330000 7.166000
v 36.005000 0.330000 7.166000
v 34.363000 0.330000 7.666000
v 35.480000 0.330000 7.666000
v 31.939000 -3.670000 -8.475000
v 31.939000 -3.670000 -6.419000
v 31.939000 -3.670000 5.827000
v 31.939000 -3.670000 7.629000
v 32.439000 -3.670000 -9.623000
v 32.439000 -3.670000 -5.905000
v 32.439000 -3.670000 5.364000
v 32.439000 -3.670000 8.150000
v 32.939000 -3.670000 -10.083000
v 32.939000 -3.670000 -5.201000
v 32.939000 -3.670000 5.178000
v 32.939000 -3.670000 8.552000
v 33.439000 -3.670000 -10.197000
v 33.439000 -3.670000 -4.946000
v 33.439000 -3.670000 -0.596000
v 33.439000 -3.670000 1.932000
v 33.439000 -3.670000 4.765000
v 33.439000 -3.670000 8.716000
v 33.939000 -3.670000 -10.084000
v 33.939000 -3.670000 -4.868000
v 33.939000 -3.670000 -1.079000
v 33.939000 -3.670000 2.450000
v 33.939000 -3.670000 3.939000
v 33.939000 -3.670000 8.774000
v 34.439000 -3.670000 -9.632000
v 34.439000 -3.670000 -5.049000
v 34.439000 -3.670000 -1.746000
v 34.439000 -3.670000 2.729000
v 34.439000 -3.670000 3.644000
v 34.439000 -3.670000 8.842000
v 34.939000 -3.670000 -8.768000
v 34.939000 -3.670000 -5.821000
v 34.939000 -3.670000 -2.956000
v 34.939000 -3.670000 2.505000
v 34.939000 -3.670000 3.940000
v 34.939000 -3.670000 8.759000
v 35.439000 -3.670000 -3.190000
v 35.439000 -3.670000 2.231000
v 35.439000 -3.670000 4.772000
v 35.439000 -3.670000 8.489000
v 35.939000 -3.670000 -2.936000
v 35.939000 -3.670000 1.782000
v 35.939000 -3.670000 6.404000
v 35.939000 -3.670000 7.997000
v 36.439000 -3.670000 -2.387000
v 36.439000 -3.670000 0.833000
v 36.939000 -3.670000 -2.054000
v 36.939000 -3.670000 0.041000
v 31.439000 0.330000 -8.262000
v 31.439000 0.330000 -6.406000
v 31.939000 0.330000 -9.018000
v 31.939000 0.330000 -5.360000
v 32.439000 0.330000 -9.376000
v 32.439000 0.330000 -4.711000
v 32.939000 0.330000 -9.486000
v 32.939000 0.330000 -3.924000
v 33.439000 0.330000 -9.514000
v 33.439000 0.330000 -3.347000
v 33.939000 0.330000 -9.412000
v 33.939000 0.330000 -2.514000
v 33.939000 0.330000 3.772000
v 33.939000 0.330000 5.935000
v 34.439000 0.330000 -9.063000
v 34.439000 0.330000 -1.158000
v 34.439000 0.330000 3.322000
v 34.439000 0.330000 7.801000
v 34.939000 0.330000 -7.614000
v 34.939000 0.330000 -0.649000
v 34.939000 0.330000 3.198000
v 34.939000 0.330000 8.042000
v 35.439000 0.330000 -6.715000
v 35.439000 0.330000 -0.257000
v 35.439000 0.330000 3.233000
v 35.439000 0.330000 7.742000
v 35.939000 0.330000 -4.923000
v 35.939000 0.330000 -0.120000
v 35.939000 0.330000 3.296000
v 35.939000 0.330000 7.239000
v 36.439000 0.330000 -3.872000
v 36.439000 0.330000 -0.076000
v 36.439000 0.330000 3.606000
v 36.439000 0.330000 6.556000
v 36.939000 0.330000 -3.311000
v 36.939000 0.330000 -0.038000
v 36.939000 0.330000 4.288000
v 36.939000 0.330000 5.641000
v 37.439000 0.330000 -2.344000
v 37.439000 0.330000 -0.315000
v 31.439000 -1.600000 -6.834000
v 31.439000 0.591000 -6.834000
v 31.939000 -3.937000 -6.834000
v 31.939000 1.588000 -6.834000
v 32.439000 -4.870000 -6.834000
v 32.439000 1.905000 -6.834000
v 32.939000 -5.362000 -6.834000
v 32.939000 2.174000 -6.834000
v 33.439000 -5.870000 -6.834000
v 33.439000 2.434000 -6.834000
v 33.939000 -6.094000 -6.834000
v 33.939000 2.694000 -6.834000
v 34.439000 -5.836000 -6.834000
v 34.439000 2.834000 -6.834000
v 34.939000 -5.028000 -6.834000
v 34.939000 2.817000 -6.834000
v 35.439000 0.511000 -6.834000
v 35.439000 2.586000 -6.834000
v 33.939000 -2.626000 -2.834000
v 33.939000 2.249000 -2.834000
v 34.439000 -3.369000 -2.834000
v 34.439000 3.054000 -2.834000
v 34.939000 -3.703000 -2.834000
v 34.939000 3.380000 -2.834000
v 35.439000 -3.794000 -2.834000
v 35.439000 3.501000 -2.834000
v 35.939000 -3.697000 -2.834000
v 35.939000 3.530000 -2.834000
v 36.439000 -3.463000 -2.834000
v 36.439000 3.402000 -2.834000
v 36.939000 -3.053000 -2.834000
v 36.939000 3.088000 -2.834000
v 33.439000 -4.517000 1.166000
v 33.439000 -2.234000 1.166000
v 33.939000 -5.012000 1.166000
v 33.939000 -1.667000 1.166000
v 34.439000 -5.469000 1.166000
v 34.439000 -0.978000 1.166000
v 34.939000 -5.599000 1.166000
v 34.939000 -0.649000 1.166000
v 35.439000 -5.501000 1.166000
v 35.439000 -0.503000 1.166000
v 35.939000 -5.077000 1.166000
v 35.939000 -0.459000 1.166000
v 36.439000 -3.177000 1.166000
v 36.439000 -0.504000 1.166000
v 36.939000 -2.266000 1.166000
v 36.939000 -0.753000 1.166000
v 32.439000 -3.284000 5.166000
v 32.439000 -2.427000 5.166000
v 32.939000 -3.654000 5.166000
v 32.939000 -1.413000 5.166000
v 33.439000 -4.015000 5.166000
v 33.439000 -0.407000 5.166000
v 33.939000 -4.201000 5.166000
v 33.939000 0.508000 5.166000
v 34.439000 -4.162000 5.166000
v 34.439000 0.868000 5.166000
v 34.939000 -4.032000 5.166000
v 34.939000 0.976000 5.166000
v 35.439000 -3.763000 5.166000
v 35.439000 0.983000 5.166000
v 35.939000 -3.393000 5.166000
v 35.939000 1.010000 5.166000
v 36.439000 -2.587000 5.166000
v 36.439000 0.916000 5.166000
v 36.939000 -1.919000 5.166000
v 36.939000 0.581000 5.166000
v 35.439000 -2.324000 9.166000
v 35.439000 -1.552000 9.166000
v 35.939000 -2.538000 9.166000
v 35.939000 -1.338000 9.166000
v 36.439000 -2.205000 9.166000
v 36.439000 -1.671000 9.166000
v 32.554000 -3.170000 -9.334000
v 34.363000 -3.170000 -9.334000
v 32.138000 -3.170000 -8.834000
v 34.670000 -3.170000 -8.834000
v 31.730000 -3.170000 -8.334000
v 34.884000 -3.170000 -8.334000
v 31.541000 -3.170000 -7.834000
v 34.944000 -3.170000 -7.834000
v 31.537000 -3.170000 -7.334000
v 35.079000 -3.170000 -7.334000
v 31.565000 -3.170000 -6.834000
v 35.163000 -3.170000 -6.834000
v 31.783000 -3.170000 -6.334000
v 35.164000 -3.170000 -6.334000
v 32.136000 -3.170000 -5.834000
v 35.171000 -3.170000 -5.834000
v 32.320000 -3.170000 -5.334000
v 35.155000 -3.170000 -5.334000
v 32.547000 -3.170000 -4.834000
v 35.089000 -3.170000 -4.834000
v 33.468000 -3.170000 -4.334000
v 35.146000 -3.170000 -4.334000
v 34.231000 -3.170000 -3.834000
v 35.626000 -3.170000 -3.834000
v 34.311000 -3.170000 -3.334000
v 36.323000 -3.170000 -3.334000
v 34.272000 -3.170000 -2.834000
v 36.838000 -3.170000 -2.834000
v 34.260000 -3.170000 -2.334000
v 37.420000 -3.170000 -2.334000
v 34.236000 -3.170000 -1.834000
v 37.649000 -3.170000 -1.834000
v 34.066000 -3.170000 -1.334000
v 37.657000 -3.170000 -1.334000
v 33.697000 -3.170000 -0.834000
v 37.648000 -3.170000 -0.834000
v 33.229000 -3.170000 -0.334000
v 37.419000 -3.170000 -0.334000
v 33.036000 -3.170000 0.166000
v 37.091000 -3.170000 0.166000
v 33.027000 -3.170000 0.666000
v 36.714000 -3.170000 0.666000
v 33.047000 -3.170000 1.166000
v 36.443000 -3.170000 1.166000
v 33.223000 -3.170000 1.666000
v 36.233000 -3.170000 1.666000
v 33.543000 -3.170000 2.166000
v 35.856000 -3.170000 2.166000
v 33.749000 -3.170000 2.666000
v 35.558000 -3.170000 2.666000
v 33.728000 -3.170000 3.166000
v 35.494000 -3.170000 3.166000
v 33.499000 -3.170000 3.666000
v 35.635000 -3.170000 3.666000
v 33.261000 -3.170000 4.166000
v 35.823000 -3.170000 4.166000
v 33.019000 -3.170000 4.666000
v 36.031000 -3.170000 4.666000
v 32.371000 -3.170000 5.166000
v 36.123000 -3.170000 5.166000
v 31.794000 -3.170000 5.666000
v 36.141000 -3.170000 5.666000
v 31.596000 -3.170000 6.166000
v 36.181000 -3.170000 6.166000
v 31.535000 -3.170000 6.666000
v 36.288000 -3.170000 6.666000
v 31.539000 -3.170000 7.166000
v 36.407000 -3.170000 7.166000
v 31.742000 -3.170000 7.666000
v 36.547000 -3.170000 7.666000
v 32.219000 -3.170000 8.166000
v 36.510000 -3.170000 8.166000
v 32.773000 -3.170000 8.666000
v 35.828000 -3.170000 8.666000
v 32.743000 0.830000 -9.334000
v 34.087000 0.830000 -9.334000
v 32.036000 0.830000 -8.834000
v 34.600000 0.830000 -8.834000
v 31.807000 0.830000 -8.334000
v 34.778000 0.830000 -8.334000
v 31.731000 0.830000 -7.834000
v 34.863000 0.830000 -7.834000
v 31.592000 0.830000 -7.334000
v 35.110000 0.830000 -7.334000
v 31.524000 0.830000 -6.834000
v 35.550000 0.830000 -6.834000
v 31.536000 0.830000 -6.334000
v 35.769000 0.830000 -6.334000
v 31.735000 0.830000 -5.834000
v 35.857000 0.830000 -5.834000
v 32.186000 0.830000 -5.334000
v 35.978000 0.830000 -5.334000
v 32.453000 0.830000 -4.834000
v 36.158000 0.830000 -4.834000
v 32.583000 0.830000 -4.334000
v 36.396000 0.830000 -4.334000
v 32.794000 0.830000 -3.834000
v 36.727000 0.830000 -3.834000
v 33.291000 0.830000 -3.334000
v 37.152000 0.830000 -3.334000
v 33.740000 0.830000 -2.834000
v 37.331000 0.830000 -2.834000
v 34.002000 0.830000 -2.334000
v 37.366000 0.830000 -2.334000
v 34.101000 0.830000 -1.834000
v 37.356000 0.830000 -1.834000
v 34.300000 0.830000 -1.334000
v 37.205000 0.830000 -1.334000
v 34.875000 0.830000 -0.834000
v 36.832000 0.830000 -0.834000
v 34.341000 0.830000 4.166000
v 35.960000 0.830000 4.166000
v 34.318000 0.830000 4.666000
v 36.584000 0.830000 4.666000
v 34.356000 0.830000 5.166000
v 36.620000 0.830000 5.166000
v 34.487000 0.830000 5.666000
v 36.242000 0.830000 5.666000
v 34.773000 0.830000 6.166000
v 36.057000 0.830000 6.166000
v 31.939000 -3.170000 -8.603000
v 31.939000 -3.170000 -6.136000
v 31.939000 -3.170000 5.479000
v 31.939000 -3.170000 7.902000
v 32.439000 -3.170000 -9.194000
v 32.439000 -3.170000 -5.000000
v 32.439000 -3.170000 5.131000
v 32.439000 -3.170000 8.424000
v 32.939000 -3.170000 -9.633000
v 32.939000 -3.170000 -4.510000
v 32.939000 -3.170000 4.762000
v 32.939000 -3.170000 8.738000
v 33.439000 -3.170000 -9.774000
v 33.439000 -3.170000 -4.343000
v 33.439000 -3.170000 -0.597000
v 33.439000 -3.170000 1.993000
v 33.439000 -3.170000 3.764000
v 33.439000 -3.170000 8.820000
v 33.939000 -3.170000 -9.645000
v 33.939000 -3.170000 -4.152000
v 33.939000 -3.170000 -1.116000
v 33.939000 -3.170000 8.806000
v 34.439000 -3.170000 -9.242000
v 34.439000 -3.170000 8.841000
v 34.939000 -3.170000 -7.860000
v 34.939000 -3.170000 8.819000
v 35.439000 -3.170000 -3.968000
v 35.439000 -3.170000 8.759000
v 35.939000 -3.170000 -3.633000
v 35.939000 -3.170000 2.060000
v 35.939000 -3.170000 4.407000
v 35.939000 -3.170000 8.627000
v 36.439000 -3.170000 -3.197000
v 36.439000 -3.170000 1.173000
v 36.439000 -3.170000 7.277000
v 36.439000 -3.170000 8.291000
v 36.939000 -3.170000 -2.738000
v 36.939000 -3.170000 0.360000
v 37.439000 -3.170000 -2.309000
v 37.439000 -3.170000 -0.362000
v 31.939000 0.830000 -8.690000
v 31.939000 0.830000 -5.588000
v 32.439000 0.830000 -9.170000
v 32.439000 0.830000 -4.880000
v 32.939000 0.830000 -9.422000
v 32.939000 0.830000 -3.654000
v 33.439000 0.830000 -9.508000
v 33.439000 0.830000 -3.161000
v 33.939000 0.830000 -9.406000
v 33.939000 0.830000 -2.499000
v 34.439000 0.830000 -9.054000
v 34.439000 0.830000 -1.155000
v 34.439000 0.830000 3.991000
v 34.439000 0.830000 5.513000
v 34.939000 0.830000 -7.629000
v 34.939000 0.830000 -0.801000
v 34.939000 0.830000 3.742000
v 34.939000 0.830000 6.422000
v 35.439000 0.830000 -6.972000
v 35.439000 0.830000 -0.545000
v 35.439000 0.830000 3.844000
v 35.439000 0.830000 6.614000
v 35.939000 0.830000 -5.454000
v 35.939000 0.830000 -0.429000
v 35.939000 0.830000 4.148000
v 35.939000 0.830000 6.370000
v 36.439000 0.830000 -4.259000
v 36.439000 0.830000 -0.541000
v 36.439000 0.830000 4.459000
v 36.439000 0.830000 5.469000
v 36.939000 0.830000 -3.606000
v 36.939000 0.830000 -0.940000
v 32.939000 -5.625000 -10.334000
v 32.939000 -4.298000 -10.334000
v 33.439000 -5.927000 -10.334000
v 33.439000 -3.928000 -10.334000
v 33.939000 -5.430000 -10.334000
v 33.939000 -4.288000 -10.334000
v 31.439000 -0.992000 -6.334000
v 31.439000 0.198000 -6.334000
v 31.939000 -3.573000 -6.334000
v 31.939000 1.588000 -6.334000
v 32.439000 -4.508000 -6.334000
v 32.439000 2.047000 -6.334000
v 32.939000 -4.977000 -6.334000
v 32.939000 2.405000 -6.334000
v 33.439000 -5.112000 -6.334000
v 33.439000 2.797000 -6.334000
v 33.939000 -5.124000 -6.334000
v 33.939000 3.219000 -6.334000
v 34.439000 -4.972000 -6.334000
v 34.439000 3.333000 -6.334000
v 34.939000 -4.506000 -6.334000
v 34.939000 3.329000 -6.334000
v 35.439000 -0.097000 -6.334000
v 35.439000 3.214000 -6.334000
v 35.939000 1.463000 -6.334000
v 35.939000 2.772000 -6.334000
v 34.439000 -3.422000 -2.334000
v 34.439000 2.791000 -2.334000
v 34.939000 -3.790000 -2.334000
v 34.939000 3.173000 -2.334000
v 35.439000 -3.899000 -2.334000
v 35.439000 3.351000 -2.334000
v 35.939000 -3.843000 -2.334000
v 35.939000 3.459000 -2.334000
v 36.439000 -3.693000 -2.334000
v 36.439000 3.379000 -2.334000
v 36.939000 -3.529000 -2.334000
v 36.939000 3.063000 -2.334000
v 37.439000 -3.146000 -2.334000
v 37.439000 0.346000 -2.334000
v 33.439000 -4.112000 1.666000
v 33.439000 -2.672000 1.666000
v 33.939000 -4.513000 1.666000
v 33.939000 -2.007000 1.666000
v 34.439000 -4.779000 1.666000
v 34.439000 -0.965000 1.666000
v 34.939000 -4.991000 1.666000
v 34.939000 -0.604000 1.666000
v 35.439000 -4.731000 1.666000
v 35.439000 -0.487000 1.666000
v 35.939000 -3.923000 1.666000
v 35.939000 -0.508000 1.666000
v 36.439000 -2.874000 1.666000
v 36.439000 -0.690000 1.666000
v 31.939000 -3.517000 5.666000
v 31.939000 -2.269000 5.666000
v 32.439000 -3.963000 5.666000
v 32.439000 -1.790000 5.666000
v 32.939000 -4.178000 5.666000
v 32.939000 -1.337000 5.666000
v 33.439000 -4.528000 5.666000
v 33.439000 -0.658000 5.666000
v 33.939000 -4.646000 5.666000
v 33.939000 0.449000 5.666000
v 34.439000 -4.600000 5.666000
v 34.439000 0.811000 5.666000
v 34.939000 -4.490000 5.666000
v 34.939000 0.933000 5.666000
v 35.439000 -4.055000 5.666000
v 35.439000 0.983000 5.666000
v 35.939000 -3.422000 5.666000
v 35.939000 0.925000 5.666000
v 36.439000 -2.840000 5.666000
v 36.439000 0.738000 5.666000
v 36.939000 -2.126000 5.666000
v 36.939000 0.305000 5.666000
v 32.888000 -6.670000 -9.334000
v 33.936000 -6.670000 -9.334000
v 32.818000 -6.670000 -8.834000
v 34.135000 -6.670000 -8.834000
v 32.853000 -6.670000 -8.334000
v 34.572000 -6.670000 -8.334000
v 33.271000 -6.670000 -7.834000
v 34.576000 -6.670000 -7.834000
v 32.786000 -2.670000 -9.334000
v 34.137000 -2.670000 -9.334000
v 32.236000 -2.670000 -8.834000
v 34.595000 -2.670000 -8.834000
v 31.742000 -2.670000 -8.334000
v 34.807000 -2.670000 -8.334000
v 31.551000 -2.670000 -7.834000
v 34.843000 -2.670000 -7.834000
v 31.546000 -2.670000 -7.334000
v 34.895000 -2.670000 -7.334000
v 31.579000 -2.670000 -6.834000
v 35.081000 -2.670000 -6.834000
v 31.797000 -2.670000 -6.334000
v 35.247000 -2.670000 -6.334000
v 32.027000 -2.670000 -5.834000
v 35.387000 -2.670000 -5.834000
v 32.117000 -2.670000 -5.334000
v 35.561000 -2.670000 -5.334000
v 32.304000 -2.670000 -4.834000
v 35.614000 -2.670000 -4.834000
v 32.829000 -2.670000 -4.334000
v 35.842000 -2.670000 -4.334000
v 33.515000 -2.670000 -3.834000
v 36.154000 -2.670000 -3.834000
v 33.774000 -2.670000 -3.334000
v 36.591000 -2.670000 -3.334000
v 33.960000 -2.670000 -2.834000
v 37.145000 -2.670000 -2.834000
v 34.072000 -2.670000 -2.334000
v 37.656000 -2.670000 -2.334000
v 34.122000 -2.670000 -1.834000
v 37.846000 -2.670000 -1.834000
v 34.027000 -2.670000 -1.334000
v 37.866000 -2.670000 -1.334000
v 33.747000 -2.670000 -0.834000
v 37.855000 -2.670000 -0.834000
v 33.284000 -2.670000 -0.334000
v 37.699000 -2.670000 -0.334000
v 33.065000 -2.670000 0.166000
v 37.311000 -2.670000 0.166000
v 33.051000 -2.670000 0.666000
v 36.944000 -2.670000 0.666000
v 33.207000 -2.670000 1.166000
v 36.698000 -2.670000 1.166000
v 33.440000 -2.670000 1.666000
v 36.591000 -2.670000 1.666000
v 33.702000 -2.670000 2.166000
v 36.359000 -2.670000 2.166000
v 33.770000 -2.670000 2.666000
v 36.158000 -2.670000 2.666000
v 33.599000 -2.670000 3.166000
v 36.131000 -2.670000 3.166000
v 33.295000 -2.670000 3.666000
v 36.191000 -2.670000 3.666000
v 33.080000 -2.670000 4.166000
v 36.219000 -2.670000 4.166000
v 32.861000 -2.670000 4.666000
v 36.308000 -2.670000 4.666000
v 32.336000 -2.670000 5.166000
v 36.384000 -2.670000 5.166000
v 31.782000 -2.670000 5.666000
v 36.569000 -2.670000 5.666000
v 31.586000 -2.670000 6.166000
v 36.648000 -2.670000 6.166000
v 31.546000 -2.670000 6.666000
v 36.707000 -2.670000 6.666000
v 31.550000 -2.670000 7.166000
v 36.868000 -2.670000 7.166000
v 31.755000 -2.670000 7.666000
v 37.070000 -2.670000 7.666000
v 32.236000 -2.670000 8.166000
v 37.064000 -2.670000 8.166000
v 32.802000 -2.670000 8.666000
v 36.817000 -2.670000 8.666000
v 32.479000 1.330000 -8.834000
v 34.357000 1.330000 -8.834000
v 32.259000 1.330000 -8.334000
v 34.574000 1.330000 -8.334000
v 32.203000 1.330000 -7.834000
v 34.757000 1.330000 -7.834000
v 31.962000 1.330000 -7.334000
v 35.119000 1.330000 -7.334000
v 31.728000 1.330000 -6.834000
v 35.608000 1.330000 -6.834000
v 31.728000 1.330000 -6.334000
v 35.887000 1.330000 -6.334000
v 31.964000 1.330000 -5.834000
v 36.057000 1.330000 -5.834000
v 32.282000 1.330000 -5.334000
v 36.172000 1.330000 -5.334000
v 32.509000 1.330000 -4.834000
v 36.386000 1.330000 -4.834000
v 32.587000 1.330000 -4.334000
v 36.633000 1.330000 -4.334000
v 32.795000 1.330000 -3.834000
v 36.909000 1.330000 -3.834000
v 33.280000 1.330000 -3.334000
v 37.208000 1.330000 -3.334000
v 33.739000 1.330000 -2.834000
v 37.341000 1.330000 -2.834000
v 34.044000 1.330000 -2.334000
v 37.334000 1.330000 -2.334000
v 34.211000 1.330000 -1.834000
v 37.212000 1.330000 -1.834000
v 34.528000 1.330000 -1.334000
v 36.906000 1.330000 -1.334000
v 32.939000 -6.670000 -9.410000
v 32.939000 -6.670000 -8.202000
v 33.439000 -6.670000 -9.638000
v 33.439000 -6.670000 -7.583000
v 33.939000 -6.670000 -9.330000
v 33.939000 -6.670000 -7.385000
v 34.439000 -6.670000 -8.549000
v 34.439000 -6.670000 -7.611000
v 31.939000 -2.670000 -8.587000
v 31.939000 -2.670000 -6.073000
v 31.939000 -2.670000 5.465000
v 31.939000 -2.670000 7.887000
v 32.439000 -2.670000 -9.029000
v 32.439000 -2.670000 -4.652000
v 32.439000 -2.670000 5.097000
v 32.439000 -2.670000 8.405000
v 32.939000 -2.670000 -9.422000
v 32.939000 -2.670000 -4.267000
v 32.939000 -2.670000 4.531000
v 32.939000 -2.670000 8.724000
v 33.439000 -2.670000 -9.549000
v 33.439000 -2.670000 -3.919000
v 33.439000 -2.670000 -0.518000
v 33.439000 -2.670000 1.664000
v 33.439000 -2.670000 3.445000
v 33.439000 -2.670000 8.810000
v 33.939000 -2.670000 -9.442000
v 33.939000 -2.670000 -2.897000
v 33.939000 -2.670000 -1.138000
v 33.939000 -2.670000 8.829000
v 34.439000 -2.670000 -9.050000
v 34.439000 -2.670000 8.826000
v 34.939000 -2.670000 -7.164000
v 34.939000 -2.670000 8.887000
v 35.439000 -2.670000 -5.704000
v 35.439000 -2.670000 9.014000
v 35.939000 -2.670000 -4.191000
v 35.939000 -2.670000 9.094000
v 36.439000 -2.670000 -3.496000
v 36.439000 -2.670000 2.022000
v 36.439000 -2.670000 5.305000
v 36.439000 -2.670000 8.966000
v 36.939000 -2.670000 -3.038000
v 36.939000 -2.670000 0.673000
v 36.939000 -2.670000 7.312000
v 36.939000 -2.670000 8.488000
v 37.439000 -2.670000 -2.601000
v 37.439000 -2.670000 0.011000
v 31.939000 1.330000 -7.300000
v 31.939000 1.330000 -5.870000
v 32.439000 1.330000 -8.777000
v 32.439000 1.330000 -5.040000
v 32.939000 1.330000 -9.203000
v 32.939000 1.330000 -3.655000
v 33.439000 1.330000 -9.305000
v 33.439000 1.330000 -3.146000
v 33.939000 1.330000 -9.183000
v 33.939000 1.330000 -2.553000
v 34.439000 1.330000 -8.708000
v 34.439000 1.330000 -1.442000
v 34.939000 1.330000 -7.547000
v 34.939000 1.330000 -1.017000
v 35.439000 1.330000 -7.033000
v 35.439000 1.330000 -0.898000
v 35.939000 1.330000 -6.219000
v 35.939000 1.330000 -0.897000
v 36.439000 1.330000 -4.733000
v 36.439000 1.330000 -1.001000
v 36.939000 1.330000 -3.795000
v 36.939000 1.330000 -1.372000
v 32.439000 -6.019000 -9.834000
v 32.439000 -3.887000 -9.834000
v 32.939000 -6.454000 -9.834000
v 32.939000 -3.408000 -9.834000
v 33.439000 -6.556000 -9.834000
v 33.439000 -3.251000 -9.834000
v 33.939000 -6.428000 -9.834000
v 33.939000 -3.404000 -9.834000
v 34.439000 -5.923000 -9.834000
v 34.439000 -3.882000 -9.834000
v 31.939000 -1.958000 -5.834000
v 31.939000 1.293000 -5.834000
v 32.439000 -3.598000 -5.834000
v 32.439000 2.057000 -5.834000
v 32.939000 -4.294000 -5.834000
v 32.939000 2.535000 -5.834000
v 33.439000 -4.525000 -5.834000
v 33.439000 3.068000 -5.834000
v 33.939000 -4.584000 -5.834000
v 33.939000 3.412000 -5.834000
v 34.439000 -4.360000 -5.834000
v 34.439000 3.623000 -5.834000
v 34.939000 -3.681000 -5.834000
v 34.939000 3.718000 -5.834000
v 35.439000 -2.558000 -5.834000
v 35.439000 3.590000 -5.834000
v 35.939000 1.096000 -5.834000
v 35.939000 3.137000 -5.834000
v 34.439000 -3.598000 -1.834000
v 34.439000 -1.266000 -1.834000
v 34.439000 -0.783000 -1.834000
v 34.439000 2.215000 -1.834000
v 34.939000 -4.058000 -1.834000
v 34.939000 2.680000 -1.834000
v 35.439000 -4.190000 -1.834000
v 35.439000 3.108000 -1.834000
v 35.939000 -4.144000 -1.834000
v 35.939000 3.241000 -1.834000
v 36.439000 -4.027000 -1.834000
v 36.439000 3.144000 -1.834000
v 36.939000 -3.744000 -1.834000
v 36.939000 2.720000 -1.834000
v 37.439000 -3.424000 -1.834000
v 37.439000 0.614000 -1.834000
v 37.939000 -2.217000 -1.834000
v 37.939000 -0.239000 -1.834000
v 33.939000 -3.992000 2.166000
v 33.939000 -2.278000 2.166000
v 34.439000 -4.143000 2.166000
v 34.439000 -0.817000 2.166000
v 34.939000 -4.022000 2.166000
v 34.939000 -0.405000 2.166000
v 35.439000 -3.763000 2.166000
v 35.439000 -0.286000 2.166000
v 35.939000 -3.068000 2.166000
v 35.939000 -0.369000 2.166000
v 36.439000 -2.570000 2.166000
v 36.439000 -0.672000 2.166000
v 31.939000 -3.834000 6.166000
v 31.939000 -1.951000 6.166000
v 32.439000 -4.201000 6.166000
v 32.439000 -1.611000 6.166000
v 32.939000 -4.574000 6.166000
v 32.939000 -1.378000 6.166000
v 33.439000 -4.975000 6.166000
v 33.439000 -0.832000 6.166000
v 33.939000 -5.075000 6.166000
v 33.939000 0.198000 6.166000
v 34.439000 -4.946000 6.166000
v 34.439000 0.623000 6.166000
v 34.939000 -4.721000 6.166000
v 34.939000 0.904000 6.166000
v 35.439000 -4.386000 6.166000
v 35.439000 0.988000 6.166000
v 35.939000 -3.519000 6.166000
v 35.939000 0.885000 6.166000
v 36.439000 -2.859000 6.166000
v 36.439000 0.536000 6.166000
v 36.939000 -2.432000 6.166000
v 36.939000 -0.270000 6.166000
v 32.553000 -6.170000 -9.834000
v 34.271000 -6.170000 -9.834000
v 32.277000 -6.170000 -9.334000
v 34.550000 -6.170000 -9.334000
v 32.241000 -6.170000 -8.834000
v 34.863000 -6.170000 -8.834000
v 32.256000 -6.170000 -8.334000
v 35.102000 -6.170000 -8.334000
v 32.508000 -6.170000 -7.834000
v 35.104000 -6.170000 -7.834000
v 32.980000 -6.170000 -7.334000
v 34.870000 -6.170000 -7.334000
v 32.784000 -2.170000 -9.334000
v 34.142000 -2.170000 -9.334000
v 32.215000 -2.170000 -8.834000
v 34.654000 -2.170000 -8.834000
v 31.734000 -2.170000 -8.334000
v 34.832000 -2.170000 -8.334000
v 31.525000 -2.170000 -7.834000
v 34.832000 -2.170000 -7.834000
v 31.510000 -2.170000 -7.334000
v 34.864000 -2.170000 -7.334000
v 31.570000 -2.170000 -6.834000
v 35.055000 -2.170000 -6.834000
v 31.779000 -2.170000 -6.334000
v 35.284000 -2.170000 -6.334000
v 31.999000 -2.170000 -5.834000
v 35.592000 -2.170000 -5.834000
v 32.085000 -2.170000 -5.334000
v 35.777000 -2.170000 -5.334000
v 32.294000 -2.170000 -4.834000
v 35.849000 -2.170000 -4.834000
v 32.654000 -2.170000 -4.334000
v 36.085000 -2.170000 -4.334000
v 33.031000 -2.170000 -3.834000
v 36.307000 -2.170000 -3.834000
v 33.494000 -2.170000 -3.334000
v 36.655000 -2.170000 -3.334000
v 33.778000 -2.170000 -2.834000
v 37.182000 -2.170000 -2.834000
v 34.048000 -2.170000 -2.334000
v 37.659000 -2.170000 -2.334000
v 34.184000 -2.170000 -1.834000
v 37.952000 -2.170000 -1.834000
v 34.186000 -2.170000 -1.334000
v 38.131000 -2.170000 -1.334000
v 33.989000 -2.170000 -0.834000
v 38.130000 -2.170000 -0.834000
v 33.556000 -2.170000 -0.334000
v 38.053000 -2.170000 -0.334000
v 33.283000 -2.170000 0.166000
v 37.812000 -2.170000 0.166000
v 33.266000 -2.170000 0.666000
v 37.404000 -2.170000 0.666000
v 33.490000 -2.170000 1.166000
v 36.993000 -2.170000 1.166000
v 33.849000 -2.170000 1.666000
v 36.782000 -2.170000 1.666000
v 33.992000 -2.170000 2.166000
v 36.643000 -2.170000 2.166000
v 33.942000 -2.170000 2.666000
v 36.616000 -2.170000 2.666000
v 33.727000 -2.170000 3.166000
v 36.642000 -2.170000 3.166000
v 33.315000 -2.170000 3.666000
v 36.675000 -2.170000 3.666000
v 33.099000 -2.170000 4.166000
v 36.696000 -2.170000 4.166000
v 32.965000 -2.170000 4.666000
v 36.689000 -2.170000 4.666000
v 32.604000 -2.170000 5.166000
v 36.722000 -2.170000 5.166000
v 32.007000 -2.170000 5.666000
v 36.903000 -2.170000 5.666000
v 31.772000 -2.170000 6.166000
v 37.148000 -2.170000 6.166000
v 31.751000 -2.170000 6.666000
v 37.167000 -2.170000 6.666000
v 31.764000 -2.170000 7.166000
v 37.159000 -2.170000 7.166000
v 32.018000 -2.170000 7.666000
v 37.260000 -2.170000 7.666000
v 32.508000 -2.170000 8.166000
v 37.255000 -2.170000 8.166000
v 33.284000 -2.170000 8.666000
v 37.050000 -2.170000 8.666000
v 35.345000 -2.170000 9.166000
v 36.455000 -2.170000 9.166000
v 32.856000 1.830000 -8.334000
v 33.980000 1.830000 -8.334000
v 32.874000 1.830000 -7.834000
v 34.310000 1.830000 -7.834000
v 32.749000 1.830000 -7.334000
v 34.997000 1.830000 -7.334000
v 32.283000 1.830000 -6.834000
v 35.635000 1.830000 -6.834000
v 32.215000 1.830000 -6.334000
v 36.089000 1.830000 -6.334000
v 32.271000 1.830000 -5.834000
v 36.275000 1.830000 -5.834000
v 32.445000 1.830000 -5.334000
v 36.363000 1.830000 -5.334000
v 32.549000 1.830000 -4.834000
v 36.606000 1.830000 -4.834000
v 32.726000 1.830000 -4.334000
v 36.812000 1.830000 -4.334000
v 33.026000 1.830000 -3.834000
v 37.126000 1.830000 -3.834000
v 33.320000 1.830000 -3.334000
v 37.319000 1.830000 -3.334000
v 33.771000 1.830000 -2.834000
v 37.349000 1.830000 -2.834000
v 34.060000 1.830000 -2.334000
v 37.339000 1.830000 -2.334000
v 34.274000 1.830000 -1.834000
v 37.141000 1.830000 -1.834000
v 34.855000 1.830000 -1.334000
v 36.609000 1.830000 -1.334000
v 32.439000 -6.170000 -9.691000
v 32.439000 -6.170000 -7.924000
v 32.939000 -6.170000 -10.109000
v 32.939000 -6.170000 -7.390000
v 33.439000 -6.170000 -10.208000
v 33.439000 -6.170000 -6.979000
v 33.939000 -6.170000 -10.084000
v 33.939000 -6.170000 -6.876000
v 34.439000 -6.170000 -9.603000
v 34.439000 -6.170000 -6.991000
v 34.939000 -6.170000 -8.729000
v 34.939000 -6.170000 -7.431000
v 31.939000 -2.170000 -8.586000
v 31.939000 -2.170000 -6.026000
v 31.939000 -2.170000 5.761000
v 31.939000 -2.170000 7.564000
v 32.439000 -2.170000 -9.059000
v 32.439000 -2.170000 -4.633000
v 32.439000 -2.170000 5.297000
v 32.439000 -2.170000 8.075000
v 32.939000 -2.170000 -9.410000
v 32.939000 -2.170000 -3.951000
v 32.939000 -2.170000 4.724000
v 32.939000 -2.170000 8.501000
v 33.439000 -2.170000 -9.516000
v 33.439000 -2.170000 -3.411000
v 33.439000 -2.170000 -0.186000
v 33.439000 -2.170000 1.094000
v 33.439000 -2.170000 3.512000
v 33.439000 -2.170000 8.730000
v 33.939000 -2.170000 -9.429000
v 33.939000 -2.170000 -2.569000
v 33.939000 -2.170000 -0.750000
v 33.939000 -2.170000 1.923000
v 33.939000 -2.170000 2.677000
v 33.939000 -2.170000 8.834000
v 34.439000 -2.170000 -9.110000
v 34.439000 -2.170000 8.831000
v 34.939000 -2.170000 -7.079000
v 34.939000 -2.170000 8.958000
v 35.439000 -2.170000 -6.059000
v 35.439000 -2.170000 9.203000
v 35.939000 -2.170000 -4.589000
v 35.939000 -2.170000 9.281000
v 36.439000 -2.170000 -3.593000
v 36.439000 -2.170000 9.172000
v 36.939000 -2.170000 -3.086000
v 36.939000 -2.170000 1.263000
v 36.939000 -2.170000 5.724000
v 36.939000 -2.170000 8.811000
v 37.439000 -2.170000 -2.601000
v 37.439000 -2.170000 0.616000
v 37.939000 -2.170000 -1.862000
v 37.939000 -2.170000 -0.025000
v 32.439000 1.830000 -7.063000
v 32.439000 1.830000 -5.353000
v 32.939000 1.830000 -8.489000
v 32.939000 1.830000 -3.972000
v 33.439000 1.830000 -8.730000
v 33.439000 1.830000 -3.182000
v 33.939000 1.830000 -8.424000
v 33.939000 1.830000 -2.589000
v 34.439000 1.830000 -7.721000
v 34.439000 1.830000 -1.630000
v 34.939000 1.830000 -7.370000
v 34.939000 1.830000 -1.297000
v 35.439000 1.830000 -7.026000
v 35.439000 1.830000 -1.198000
v 35.939000 1.830000 -6.534000
v 35.939000 1.830000 -1.165000
v 36.439000 1.830000 -5.136000
v 36.439000 1.830000 -1.253000
v 36.939000 1.830000 -4.096000
v 36.939000 1.830000 -1.586000
v 32.439000 -6.368000 -9.334000
v 32.439000 -3.356000 -9.334000
v 32.439000 -1.150000 -9.334000
v 32.439000 0.492000 -9.334000
v 32.939000 -6.690000 -9.334000
v 32.939000 1.101000 -9.334000
v 33.439000 -6.774000 -9.334000
v 33.439000 1.283000 -9.334000
v 33.939000 -6.669000 -9.334000
v 33.939000 -1.266000 -9.334000
v 33.939000 -1.059000 -9.334000
v 33.939000 1.060000 -9.334000
v 34.439000 -6.310000 -9.334000
v 34.439000 -3.293000 -9.334000
v 31.939000 -1.562000 -5.334000
v 31.939000 0.297000 -5.334000
v 32.439000 -3.326000 -5.334000
v 32.439000 1.817000 -5.334000
v 32.939000 -3.745000 -5.334000
v 32.939000 2.557000 -5.334000
v 33.439000 -3.890000 -5.334000
v 33.439000 3.050000 -5.334000
v 33.939000 -3.939000 -5.334000
v 33.939000 3.527000 -5.334000
v 34.439000 -3.817000 -5.334000
v 34.439000 3.841000 -5.334000
v 34.939000 -3.439000 -5.334000
v 34.939000 3.922000 -5.334000
v 35.439000 -2.822000 -5.334000
v 35.439000 3.817000 -5.334000
v 35.939000 0.711000 -5.334000
v 35.939000 3.595000 -5.334000
v 36.439000 2.019000 -5.334000
v 36.439000 3.064000 -5.334000
v 34.439000 -4.278000 -1.334000
v 34.439000 -1.620000 -1.334000
v 34.439000 -0.084000 -1.334000
v 34.439000 1.189000 -1.334000
v 34.939000 -4.564000 -1.334000
v 34.939000 1.949000 -1.334000
v 35.439000 -4.633000 -1.334000
v 35.439000 2.274000 -1.334000
v 35.939000 -4.520000 -1.334000
v 35.939000 2.613000 -1.334000
v 36.439000 -4.241000 -1.334000
v 36.439000 2.336000 -1.334000
v 36.939000 -3.893000 -1.334000
v 36.939000 1.280000 -1.334000
v 37.439000 -3.434000 -1.334000
v 37.439000 0.523000 -1.334000
v 37.939000 -2.503000 -1.334000
v 37.939000 0.035000 -1.334000
v 33.939000 -3.498000 2.666000
v 33.939000 -2.180000 2.666000
v 34.439000 -3.704000 2.666000
v 34.439000 -0.491000 2.666000
v 34.939000 -3.553000 2.666000
v 34.939000 -0.137000 2.666000
v 35.439000 -3.284000 2.666000
v 35.439000 -0.061000 2.666000
v 35.939000 -2.829000 2.666000
v 35.939000 -0.120000 2.666000
v 36.439000 -2.421000 2.666000
v 36.439000 -0.342000 2.666000
v 31.939000 -3.943000 6.666000
v 31.939000 -1.938000 6.666000
v 32.439000 -4.384000 6.666000
v 32.439000 -1.611000 6.666000
v 32.939000 -4.888000 6.666000
v 32.939000 -1.391000 6.666000
v 33.439000 -5.207000 6.666000
v 33.439000 -0.864000 6.666000
v 33.939000 -5.289000 6.666000
v 33.939000 0.093000 6.666000
v 34.439000 -5.183000 6.666000
v 34.439000 0.459000 6.666000
v 34.939000 -4.832000 6.666000
v 34.939000 0.706000 6.666000
v 35.439000 -4.404000 6.666000
v 35.439000 0.800000 6.666000
v 35.939000 -3.805000 6.666000
v 35.939000 0.679000 6.666000
v 36.439000 -2.954000 6.666000
v 36.439000 0.240000 6.666000
v 36.939000 -2.467000 6.666000
v 36.939000 -0.418000 6.666000
v 32.963000 -5.670000 -10.334000
v 33.861000 -5.670000 -10.334000
v 32.293000 -5.670000 -9.834000
v 34.531000 -5.670000 -9.834000
v 32.070000 -5.670000 -9.334000
v 34.768000 -5.670000 -9.334000
v 32.039000 -5.670000 -8.834000
v 35.085000 -5.670000 -8.834000
v 32.052000 -5.670000 -8.334000
v 35.285000 -5.670000 -8.334000
v 32.253000 -5.670000 -7.834000
v 35.287000 -5.670000 -7.834000
v 32.591000 -5.670000 -7.334000
v 35.091000 -5.670000 -7.334000
v 33.254000 -5.670000 -6.834000
v 34.536000 -5.670000 -6.834000
v 34.334000 -5.670000 0.166000
v 35.609000 -5.670000 0.166000
v 34.364000 -5.670000 0.666000
v 35.579000 -5.670000 0.666000
v 32.746000 -1.670000 -9.334000
v 34.109000 -1.670000 -9.334000
v 32.040000 -1.670000 -8.834000
v 34.636000 -1.670000 -8.834000
v 31.571000 -1.670000 -8.334000
v 34.816000 -1.670000 -8.334000
v 31.319000 -1.670000 -7.834000
v 34.817000 -1.670000 -7.834000
v 31.301000 -1.670000 -7.334000
v 34.847000 -1.670000 -7.334000
v 31.462000 -1.670000 -6.834000
v 35.053000 -1.670000 -6.834000
v 31.670000 -1.670000 -6.334000
v 35.287000 -1.670000 -6.334000
v 31.799000 -1.670000 -5.834000
v 35.613000 -1.670000 -5.834000
v 31.982000 -1.670000 -5.334000
v 35.799000 -1.670000 -5.334000
v 32.244000 -1.670000 -4.834000
v 35.872000 -1.670000 -4.834000
v 32.565000 -1.670000 -4.334000
v 36.102000 -1.670000 -4.334000
v 32.798000 -1.670000 -3.834000
v 36.327000 -1.670000 -3.834000
v 33.284000 -1.670000 -3.334000
v 36.679000 -1.670000 -3.334000
v 33.749000 -1.670000 -2.834000
v 37.191000 -1.670000 -2.834000
v 34.125000 -1.670000 -2.334000
v 37.671000 -1.670000 -2.334000
v 34.384000 -1.670000 -1.834000
v 38.112000 -1.670000 -1.834000
v 34.427000 -1.670000 -1.334000
v 38.308000 -1.670000 -1.334000
v 34.324000 -1.670000 -0.834000
v 38.307000 -1.670000 -0.834000
v 34.046000 -1.670000 -0.334000
v 38.250000 -1.670000 -0.334000
v 33.800000 -1.670000 0.166000
v 38.051000 -1.670000 0.166000
v 33.799000 -1.670000 0.666000
v 37.642000 -1.670000 0.666000
v 33.937000 -1.670000 1.166000
v 37.175000 -1.670000 1.166000
v 34.075000 -1.670000 1.666000
v 36.831000 -1.670000 1.666000
v 34.132000 -1.670000 2.166000
v 36.731000 -1.670000 2.166000
v 34.058000 -1.670000 2.666000
v 36.794000 -1.670000 2.666000
v 33.818000 -1.670000 3.166000
v 36.943000 -1.670000 3.166000
v 33.518000 -1.670000 3.666000
v 37.136000 -1.670000 3.666000
v 33.226000 -1.670000 4.166000
v 37.146000 -1.670000 4.166000
v 33.057000 -1.670000 4.666000
v 37.141000 -1.670000 4.666000
v 32.831000 -1.670000 5.166000
v 37.115000 -1.670000 5.166000
v 32.584000 -1.670000 5.666000
v 37.178000 -1.670000 5.666000
v 32.310000 -1.670000 6.166000
v 37.335000 -1.670000 6.166000
v 32.307000 -1.670000 6.666000
v 37.350000 -1.670000 6.666000
v 32.394000 -1.670000 7.166000
v 37.309000 -1.670000 7.166000
v 32.701000 -1.670000 7.666000
v 37.285000 -1.670000 7.666000
v 32.996000 -1.670000 8.166000
v 37.249000 -1.670000 8.166000
v 33.815000 -1.670000 8.666000
v 37.042000 -1.670000 8.666000
v 35.362000 -1.670000 9.166000
v 36.438000 -1.670000 9.166000
v 33.258000 2.330000 -6.834000
v 35.583000 2.330000 -6.834000
v 32.798000 2.330000 -6.334000
v 36.109000 2.330000 -6.334000
v 32.731000 2.330000 -5.834000
v 36.302000 2.330000 -5.834000
v 32.757000 2.330000 -5.334000
v 36.522000 2.330000 -5.334000
v 32.754000 2.330000 -4.834000
v 36.738000 2.330000 -4.834000
v 32.964000 2.330000 -4.334000
v 36.858000 2.330000 -4.334000
v 33.242000 2.330000 -3.834000
v 37.122000 2.330000 -3.834000
v 33.563000 2.330000 -3.334000
v 37.315000 2.330000 -3.334000
v 33.972000 2.330000 -2.834000
v 37.342000 2.330000 -2.834000
v 34.215000 2.330000 -2.334000
v 37.323000 2.330000 -2.334000
v 34.526000 2.330000 -1.834000
v 37.101000 2.330000 -1.834000
v 35.498000 2.330000 -1.334000
v 36.442000 2.330000 -1.334000
v 32.439000 -5.670000 -10.007000
v 32.439000 -5.670000 -7.539000
v 32.939000 -5.670000 -10.326000
v 32.939000 -5.670000 -7.047000
v 33.439000 -5.670000 -10.410000
v 33.439000 -5.670000 -6.752000
v 33.939000 -5.670000 -10.305000
v 33.939000 -5.670000 -6.679000
v 34.439000 -5.670000 -9.949000
v 34.439000 -5.670000 -6.788000
v 34.439000 -5.670000 -0.031000
v 34.439000 -5.670000 0.788000
v 34.939000 -5.670000 -9.032000
v 34.939000 -5.670000 -7.139000
v 34.939000 -5.670000 -0.293000
v 34.939000 -5.670000 1.049000
v 35.439000 -5.670000 -0.104000
v 35.439000 -5.670000 0.860000
v 31.439000 -1.670000 -8.138000
v 31.439000 -1.670000 -6.887000
v 31.939000 -1.670000 -8.719000
v 31.939000 -1.670000 -5.418000
v 32.439000 -1.670000 -9.169000
v 32.439000 -1.670000 -4.565000
v 32.439000 -1.670000 5.930000
v 32.439000 -1.670000 7.240000
v 32.939000 -1.670000 -9.406000
v 32.939000 -1.670000 -3.661000
v 32.939000 -1.670000 4.932000
v 32.939000 -1.670000 8.082000
v 33.439000 -1.670000 -9.496000
v 33.439000 -1.670000 -3.145000
v 33.439000 -1.670000 3.803000
v 33.439000 -1.670000 8.534000
v 33.939000 -1.670000 -9.411000
v 33.939000 -1.670000 -2.601000
v 33.939000 -1.670000 -0.170000
v 33.939000 -1.670000 1.175000
v 33.939000 -1.670000 2.962000
v 33.939000 -1.670000 8.700000
v 34.439000 -1.670000 -9.088000
v 34.439000 -1.670000 8.788000
v 34.939000 -1.670000 -7.053000
v 34.939000 -1.670000 8.933000
v 35.439000 -1.670000 -6.076000
v 35.439000 -1.670000 9.196000
v 35.939000 -1.670000 -4.637000
v 35.939000 -1.670000 9.275000
v 36.439000 -1.670000 -3.627000
v 36.439000 -1.670000 9.165000
v 36.939000 -1.670000 -3.110000
v 36.939000 -1.670000 1.456000
v 36.939000 -1.670000 3.155000
v 36.939000 -1.670000 8.801000
v 37.439000 -1.670000 -2.615000
v 37.439000 -1.670000 0.925000
v 37.939000 -1.670000 -2.052000
v 37.939000 -1.670000 0.315000
v 32.939000 2.330000 -6.553000
v 32.939000 2.330000 -4.378000
v 33.439000 2.330000 -7.047000
v 33.439000 2.330000 -3.506000
v 33.939000 2.330000 -7.231000
v 33.939000 2.330000 -2.889000
v 34.439000 2.330000 -7.223000
v 34.439000 2.330000 -1.951000
v 34.939000 2.330000 -7.121000
v 34.939000 2.330000 -1.522000
v 35.439000 2.330000 -6.904000
v 35.439000 2.330000 -1.352000
v 35.939000 2.330000 -6.559000
v 35.939000 2.330000 -1.254000
v 36.439000 2.330000 -5.488000
v 36.439000 2.330000 -1.333000
v 36.939000 2.330000 -4.145000
v 36.939000 2.330000 -1.645000
v 31.939000 -1.494000 -8.834000
v 31.939000 0.688000 -8.834000
v 32.439000 -6.409000 -8.834000
v 32.439000 1.278000 -8.834000
v 32.939000 -6.719000 -8.834000
v 32.939000 1.677000 -8.834000
v 33.439000 -6.800000 -8.834000
v 33.439000 1.775000 -8.834000
v 33.939000 -6.729000 -8.834000
v 33.939000 1.658000 -8.834000
v 34.439000 -6.531000 -8.834000
v 34.439000 1.217000 -8.834000
v 34.939000 -6.058000 -8.834000
v 34.939000 -3.740000 -8.834000
v 32.439000 -3.015000 -4.834000
v 32.439000 0.756000 -4.834000
v 32.939000 -3.484000 -4.834000
v 32.939000 2.554000 -4.834000
v 33.439000 -3.610000 -4.834000
v 33.439000 3.072000 -4.834000
v 33.939000 -3.650000 -4.834000
v 33.939000 3.535000 -4.834000
v 34.439000 -3.561000 -4.834000
v 34.439000 3.850000 -4.834000
v 34.939000 -3.289000 -4.834000
v 34.939000 3.938000 -4.834000
v 35.439000 -2.861000 -4.834000
v 35.439000 3.947000 -4.834000
v 35.939000 0.237000 -4.834000
v 35.939000 3.834000 -4.834000
v 36.439000 1.427000 -4.834000
v 36.439000 3.461000 -4.834000
v 33.939000 -4.541000 -0.834000
v 33.939000 -2.243000 -0.834000
v 34.439000 -4.977000 -0.834000
v 34.439000 -1.335000 -0.834000
v 34.939000 -5.142000 -0.834000
v 34.939000 0.943000 -0.834000
v 35.439000 -5.037000 -0.834000
v 35.439000 1.230000 -0.834000
v 35.939000 -4.769000 -0.834000
v 35.939000 1.257000 -0.834000
v 36.439000 -4.380000 -0.834000
v 36.439000 1.126000 -0.834000
v 36.939000 -3.896000 -0.834000
v 36.939000 0.748000 -0.834000
v 37.439000 -3.424000 -0.834000
v 37.439000 0.404000 -0.834000
v 37.939000 -2.477000 -0.834000
v 37.939000 0.035000 -0.834000
v 33.939000 -3.411000 3.166000
v 33.939000 -0.950000 3.166000
v 34.439000 -3.581000 3.166000
v 34.439000 0.063000 3.166000
v 34.939000 -3.443000 3.166000
v 34.939000 0.290000 3.166000
v 35.439000 -3.201000 3.166000
v 35.439000 0.270000 3.166000
v 35.939000 -2.807000 3.166000
v 35.939000 0.239000 3.166000
v 36.439000 -2.431000 3.166000
v 36.439000 0.135000 3.166000
v 36.939000 -1.678000 3.166000
v 36.939000 -0.281000 3.166000
v 31.939000 -3.937000 7.166000
v 31.939000 -1.963000 7.166000
v 32.439000 -4.366000 7.166000
v 32.439000 -1.653000 7.166000
v 32.939000 -4.910000 7.166000
v 32.939000 -1.417000 7.166000
v 33.439000 -5.225000 7.166000
v 33.439000 -0.885000 7.166000
v 33.939000 -5.310000 7.166000
v 33.939000 0.074000 7.166000
v 34.439000 -5.210000 7.166000
v 34.439000 0.405000 7.166000
v 34.939000 -4.873000 7.166000
v 34.939000 0.514000 7.166000
v 35.439000 -4.404000 7.166000
v 35.439000 0.494000 7.166000
v 35.939000 -3.851000 7.166000
v 35.939000 0.359000 7.166000
v 36.439000 -3.129000 7.166000
v 36.439000 0.028000 7.166000
v 36.939000 -2.582000 7.166000
v 36.939000 -0.431000 7.166000
f 513 2029 2141
f 2141 2029 207
f 2029 35 207
f 2029 37 35
f 37 341 35
f 343 341 37
f 343 661 341
f 663 661 343
f 208 661 1079
f 661 981 1079
f 661 663 981
f 981 514 1079
f 515 917 209
f 209 917 915
f 917 1197 915
f 1199 1197 917
f 1199 1473 1197
f 1475 1473 1199
f 1475 1741 1473
f 1743 1741 1475
f 1743 513 2141
f 2027 1743 2141
f 1741 1743 2027
f 2141 207 2027
f 1079 979 208
f 979 1079 514
f 1273 979 514
f 1271 979 1273
f 1273 516 1271
f 1271 516 210
f 1844 1731 211
f 517 2013 1844
f 2013 1731 1844
f 2013 2011 1731
f 2013 9 2011
f 11 9 2013
f 11 305 9
f 307 305 11
f 307 613 305
f 615 613 307
f 209 613 615
f 209 615 515
f 1545 210 516
f 1545 516 1547
f 1547 518 1545
f 1545 518 212
f 1576 1465 213
f 1733 1844 211
f 1733 211 1465
f 519 1733 1465
f 1576 519 1465
f 517 1844 1733
f 1813 212 518
f 1813 518 1815
f 1815 520 1813
f 1813 520 214
f 1576 213 1467
f 213 521 1467
f 213 215 521
f 519 1576 1467
f 214 522 216
f 520 522 214
f 523 215 217
f 523 521 215
f 216 524 218
f 522 524 216
f 525 217 219
f 525 523 217
f 1816 526 220
f 1816 220 1814
f 1814 218 1816
f 1816 218 524
f 219 1466 525
f 525 1466 1468
f 527 1468 1466
f 527 1466 221
f 1198 1337 222
f 1476 528 1337
f 1198 1476 1337
f 1474 1476 1198
f 1742 1476 1474
f 1742 1744 1476
f 2028 1744 1742
f 2028 2030 1744
f 36 2030 2028
f 36 38 2030
f 342 38 36
f 342 344 38
f 662 344 342
f 662 664 344
f 980 664 662
f 980 982 664
f 1272 982 980
f 1272 1274 982
f 1546 1274 1272
f 1546 1548 1274
f 1546 220 1548
f 1548 220 526
f 221 1732 527
f 527 1732 1734
f 2012 1734 1732
f 2012 2014 1734
f 10 2014 2012
f 10 12 2014
f 306 12 10
f 306 308 12
f 614 308 306
f 614 616 308
f 916 616 614
f 916 918 616
f 1337 1200 222
f 1200 916 222
f 1200 918 916
f 1337 528 1200
f 1592 1489 223
f 1864 1757 1592
f 1592 1757 1489
f 529 2045 1864
f 2045 1757 1864
f 2045 2043 1757
f 2045 51 2043
f 53 51 2045
f 470 357 530
f 357 53 530
f 357 51 53
f 776 677 470
f 470 677 357
f 1086 995 776
f 776 995 677
f 531 1289 1086
f 1289 995 1086
f 1289 1287 995
f 1289 1561 1287
f 1563 1561 1289
f 1900 1829 532
f 1829 1563 532
f 1829 1561 1563
f 1900 224 1829
f 225 1596 223
f 223 1596 1592
f 1596 533 1759
f 1864 1596 1759
f 1592 1596 1864
f 529 1864 1759
f 359 470 530
f 470 359 679
f 470 679 776
f 776 679 997
f 776 997 1086
f 531 1086 997
f 1831 1900 532
f 2109 224 1900
f 1831 2109 1900
f 2111 2109 1831
f 192 115 534
f 115 2111 534
f 115 2109 2111
f 192 226 115
f 1332 1213 227
f 1491 1596 225
f 1491 225 1213
f 535 1491 1213
f 1332 535 1213
f 533 1596 1491
f 117 192 534
f 536 502 419
f 536 419 226
f 117 536 226
f 192 117 226
f 502 228 419
f 1332 227 1215
f 227 537 1215
f 227 229 537
f 535 1332 1215
f 421 502 536
f 421 538 502
f 538 228 502
f 538 230 228
f 539 229 231
f 539 537 229
f 725 230 538
f 725 538 727
f 727 540 725
f 725 540 232
f 1339 541 1214
f 541 231 1214
f 541 539 231
f 233 1339 1214
f 232 542 234
f 540 542 232
f 1339 1216 541
f 1611 543 1490
f 1490 543 233
f 543 1216 233
f 1216 1339 233
f 235 1611 1490
f 234 544 236
f 542 544 234
f 1611 1492 543
f 235 1758 1611
f 1758 1492 1611
f 1758 1760 1492
f 2044 1760 1758
f 2044 2046 1760
f 52 2046 2044
f 52 54 2046
f 358 54 52
f 358 360 54
f 678 360 358
f 678 680 360
f 996 1109 545
f 680 996 545
f 678 996 680
f 1288 1379 1109
f 1288 1109 996
f 237 1379 1288
f 728 546 238
f 728 238 726
f 726 236 728
f 728 236 544
f 1109 998 545
f 998 1109 1290
f 1290 1109 1379
f 237 1562 1379
f 1562 1290 1379
f 1562 1564 1290
f 1830 1915 547
f 1564 1830 547
f 1562 1830 1564
f 2110 2197 1915
f 2110 1915 1830
f 118 548 2197
f 2110 118 2197
f 116 118 2110
f 420 118 116
f 420 422 118
f 420 238 422
f 422 238 546
f 1915 1832 547
f 1832 1915 2112
f 2112 1915 2197
f 2197 548 2112
f 549 319 437
f 437 319 239
f 319 631 239
f 319 633 631
f 633 939 631
f 941 939 633
f 941 1229 939
f 1231 1229 941
f 1231 1505 1229
f 1507 1505 1231
f 240 1505 1869
f 1505 1775 1869
f 1505 1507 1775
f 1775 550 1869
f 551 19 137
f 549 437 19
f 19 437 137
f 437 317 137
f 317 241 137
f 437 239 317
f 1869 1773 240
f 550 2061 2159
f 550 2159 242
f 1869 550 242
f 1773 1869 242
f 2061 552 2159
f 553 2019 2133
f 551 137 2019
f 2019 137 2133
f 137 17 2133
f 17 243 2133
f 137 241 17
f 2159 2059 242
f 552 69 173
f 552 173 244
f 2159 552 244
f 2059 2159 244
f 69 554 173
f 2137 555 2133
f 2133 555 553
f 2133 243 245
f 2133 245 2137
f 173 67 244
f 67 173 554
f 375 67 554
f 373 67 375
f 375 556 373
f 373 556 246
f 2139 557 2137
f 2137 557 555
f 2137 245 247
f 2137 247 2139
f 693 246 556
f 693 556 695
f 1102 1011 558
f 1011 695 558
f 1011 693 695
f 1102 248 1011
f 2139 2020 557
f 153 559 18
f 18 559 247
f 559 2020 247
f 2020 2139 247
f 249 153 18
f 560 1106 1102
f 560 1102 558
f 248 1102 250
f 250 1102 1106
f 153 20 559
f 249 318 153
f 318 20 153
f 318 320 20
f 561 320 318
f 561 318 251
f 562 1110 1106
f 562 1106 560
f 250 1106 252
f 252 1106 1110
f 251 632 561
f 561 632 634
f 632 253 1078
f 942 632 1078
f 634 632 942
f 563 942 1078
f 564 1114 1110
f 564 1110 562
f 252 1110 254
f 254 1110 1114
f 940 1078 253
f 1078 940 563
f 940 1232 563
f 940 1230 1232
f 1230 255 1622
f 1508 1230 1622
f 1232 1230 1508
f 565 1508 1622
f 566 1118 1114
f 566 1114 564
f 254 1114 256
f 256 1114 1118
f 1506 1622 255
f 1776 565 1896
f 1896 565 257
f 565 1622 257
f 1622 1506 257
f 567 1776 1896
f 696 568 810
f 1118 566 696
f 1118 696 810
f 1012 1118 810
f 258 1012 810
f 256 1118 1012
f 1774 1896 257
f 1896 1774 567
f 1774 2062 567
f 1774 2060 2062
f 68 2062 2060
f 68 70 2062
f 374 70 68
f 374 376 70
f 568 376 810
f 376 694 810
f 376 374 694
f 258 810 694
f 569 1247 1329
f 1329 1247 259
f 1247 1521 259
f 1247 1523 1521
f 1523 1789 1521
f 1791 1789 1523
f 260 1789 2155
f 1789 2077 2155
f 1789 1791 2077
f 2155 2077 165
f 165 2077 85
f 85 570 165
f 571 955 1053
f 569 1329 955
f 955 1329 1053
f 1329 1245 1053
f 1245 261 1053
f 1329 259 1245
f 2155 2075 260
f 165 83 2075
f 165 2075 2155
f 83 165 570
f 391 83 570
f 389 83 391
f 391 701 389
f 703 701 391
f 262 701 1091
f 701 1015 1091
f 701 703 1015
f 1015 572 1091
f 953 263 1053
f 263 571 1053
f 263 573 571
f 1053 261 953
f 1091 1013 262
f 572 1303 1365
f 572 1365 264
f 1091 572 264
f 1013 1091 264
f 1303 574 1365
f 1065 575 954
f 575 263 954
f 575 573 263
f 265 1065 954
f 1369 266 264
f 1369 264 1365
f 1365 574 1369
f 1369 574 576
f 1065 956 575
f 577 956 1065
f 265 577 1065
f 267 577 265
f 1373 268 266
f 1373 266 1369
f 1369 576 1373
f 1373 576 578
f 267 1246 577
f 577 1246 1248
f 579 1248 1246
f 579 1246 269
f 1377 270 268
f 1377 268 1373
f 1373 578 1377
f 1377 578 580
f 269 1522 579
f 579 1522 1524
f 581 1524 1522
f 581 1522 271
f 270 1377 1304
f 582 270 1304
f 272 270 582
f 1377 580 1304
f 271 1790 581
f 581 1790 1792
f 583 1792 1790
f 583 1790 273
f 1016 584 274
f 1016 274 1014
f 1014 272 1016
f 1016 272 582
f 273 2076 583
f 583 2076 2078
f 84 2078 2076
f 84 86 2078
f 390 86 84
f 390 392 86
f 702 392 390
f 702 704 392
f 702 274 704
f 704 274 584
f 1316 1261 275
f 1586 1537 1316
f 1316 1537 1261
f 1586 276 1537
f 1038 969 277
f 1263 1316 275
f 1263 275 969
f 585 1263 969
f 1038 585 969
f 1316 1263 1539
f 1316 1539 1586
f 586 1862 1805
f 586 1805 276
f 1539 586 276
f 1586 1539 276
f 1862 278 1805
f 434 333 279
f 587 653 434
f 653 333 434
f 653 651 333
f 971 1038 277
f 651 971 277
f 653 971 651
f 585 1038 971
f 1807 1862 586
f 588 2152 2091
f 588 2091 278
f 1807 588 278
f 1862 1807 278
f 2152 280 2091
f 134 29 281
f 335 434 279
f 335 279 29
f 589 335 29
f 134 589 29
f 587 434 335
f 2093 2152 588
f 590 166 99
f 590 99 280
f 2093 590 280
f 2152 2093 280
f 166 282 99
f 283 140 281
f 281 140 134
f 589 134 140
f 589 140 591
f 101 166 590
f 405 282 166
f 101 405 166
f 407 405 101
f 782 717 592
f 717 407 592
f 717 405 407
f 782 284 717
f 285 146 283
f 283 146 140
f 591 140 146
f 591 146 593
f 719 782 592
f 594 1096 1029
f 594 1029 284
f 719 594 284
f 782 719 284
f 1096 286 1029
f 30 146 285
f 336 593 458
f 458 593 287
f 593 146 287
f 146 30 287
f 595 336 458
f 596 1100 1096
f 596 1096 594
f 286 1096 288
f 288 1096 1100
f 334 458 287
f 654 595 764
f 764 595 289
f 595 458 289
f 458 334 289
f 597 654 764
f 598 1104 1100
f 598 1100 596
f 288 1100 290
f 290 1100 1104
f 652 764 289
f 972 597 1074
f 1074 597 291
f 597 764 291
f 764 652 291
f 599 972 1074
f 292 1030 1104
f 598 292 1104
f 600 292 598
f 290 1104 1030
f 970 1074 291
f 599 1074 970
f 293 599 970
f 601 599 293
f 720 602 802
f 802 294 720
f 294 600 720
f 294 292 600
f 293 1262 601
f 601 1262 1264
f 603 1264 1262
f 603 1262 295
f 408 604 496
f 802 602 408
f 802 408 496
f 718 802 496
f 296 718 496
f 294 802 718
f 295 1538 603
f 603 1538 1540
f 1806 1540 1538
f 1806 1808 1540
f 2092 1808 1806
f 2092 2094 1808
f 100 2094 2092
f 100 102 2094
f 604 102 496
f 102 406 496
f 102 100 406
f 296 496 406
f 819 2031 513
f 513 2031 2029
f 2031 37 2029
f 39 37 2031
f 39 343 37
f 345 343 39
f 345 663 343
f 665 663 345
f 665 981 663
f 983 981 665
f 983 820 981
f 981 820 514
f 821 919 515
f 515 919 917
f 919 1199 917
f 1201 1199 919
f 1201 1475 1199
f 1477 1475 1201
f 1477 1743 1475
f 1745 1743 1477
f 513 1743 1745
f 513 1745 819
f 1273 514 820
f 1273 820 1275
f 1275 822 1273
f 1273 822 516
f 2124 2013 517
f 823 13 2124
f 13 2013 2124
f 13 11 2013
f 13 307 11
f 309 307 13
f 309 615 307
f 617 615 309
f 515 615 617
f 515 617 821
f 1547 516 822
f 1547 822 1549
f 1549 824 1547
f 1547 824 518
f 1846 1733 519
f 2015 2124 517
f 2015 517 1733
f 825 2015 1733
f 1846 825 1733
f 823 2124 2015
f 1815 518 824
f 1815 824 1817
f 1817 826 1815
f 1815 826 520
f 1578 1467 521
f 1735 1846 519
f 1735 519 1467
f 827 1735 1467
f 1578 827 1467
f 825 1846 1735
f 520 828 522
f 826 828 520
f 523 1580 521
f 521 1580 1578
f 827 1578 1580
f 827 1580 829
f 522 830 524
f 828 830 522
f 525 1582 523
f 523 1582 1580
f 829 1580 1582
f 829 1582 831
f 1816 1905 526
f 1816 524 1905
f 524 832 1905
f 524 830 832
f 1468 1582 525
f 1736 831 1854
f 1854 831 527
f 831 1582 527
f 1582 1468 527
f 833 1736 1854
f 1478 834 528
f 1478 528 1476
f 1744 1478 1476
f 1744 1746 1478
f 2030 1746 1744
f 2030 2032 1746
f 38 2032 2030
f 38 40 2032
f 344 483 835
f 40 344 835
f 38 344 40
f 664 787 483
f 664 483 344
f 982 1097 787
f 982 787 664
f 1274 1367 1097
f 1274 1097 982
f 1548 1635 1367
f 1548 1367 1274
f 1635 1548 526
f 1905 1635 526
f 1907 1635 1905
f 1905 832 1907
f 1907 832 836
f 1734 1854 527
f 1854 1734 833
f 1734 2016 833
f 1734 2014 2016
f 12 2016 2014
f 12 14 2016
f 308 14 12
f 308 310 14
f 616 310 308
f 616 618 310
f 918 618 616
f 918 920 618
f 1200 920 918
f 1200 1202 920
f 1200 528 1202
f 1202 528 834
f 483 346 835
f 346 483 666
f 666 483 787
f 666 787 984
f 984 787 1097
f 984 1097 1276
f 1276 1097 1367
f 1276 1367 1550
f 1550 1367 1635
f 1550 1635 1818
f 1818 1635 1907
f 1907 836 1818
f 2150 2045 529
f 162 53 2150
f 2150 53 2045
f 162 530 53
f 1358 1289 531
f 1628 1563 1358
f 1358 1563 1289
f 1628 532 1563
f 1868 1759 533
f 2047 2150 529
f 2047 529 1759
f 837 2047 1759
f 1868 837 1759
f 2150 2047 55
f 2150 55 162
f 838 472 359
f 838 359 530
f 55 838 530
f 162 55 530
f 778 679 472
f 472 679 359
f 1088 997 778
f 778 997 679
f 1291 1358 531
f 1291 531 997
f 839 1291 997
f 1088 839 997
f 1358 1291 1565
f 1358 1565 1628
f 1831 532 1628
f 1565 1831 1628
f 1833 1831 1565
f 2184 2111 840
f 2111 1833 840
f 2111 1831 1833
f 2184 534 2111
f 841 1493 535
f 535 1493 1491
f 1761 1868 533
f 1491 1761 533
f 1493 1761 1491
f 837 1868 1761
f 361 472 838
f 472 361 681
f 472 681 778
f 778 681 999
f 778 999 1088
f 839 1088 999
f 2113 2184 840
f 842 194 117
f 842 117 534
f 2113 842 534
f 2184 2113 534
f 194 536 117
f 843 1217 537
f 537 1217 1215
f 535 1215 1217
f 535 1217 841
f 119 194 842
f 844 504 421
f 844 421 536
f 119 844 536
f 194 119 536
f 504 538 421
f 845 537 539
f 845 843 537
f 423 504 844
f 846 814 727
f 846 727 538
f 423 846 538
f 504 423 538
f 814 540 727
f 847 539 541
f 847 845 539
f 848 816 814
f 848 814 846
f 540 814 542
f 542 814 816
f 1341 849 1216
f 849 541 1216
f 849 847 541
f 543 1341 1216
f 850 818 816
f 850 816 848
f 542 816 544
f 544 816 818
f 1341 1218 849
f 1613 851 1492
f 1492 851 543
f 851 1218 543
f 1218 1341 543
f 1760 1887 1613
f 1760 1613 1492
f 2046 2171 1887
f 2046 1887 1760
f 54 181 2171
f 54 2171 2046
f 360 489 181
f 360 181 54
f 680 799 489
f 680 489 360
f 545 799 680
f 546 728 818
f 850 546 818
f 852 546 850
f 544 818 728
f 1613 1494 851
f 1494 1613 1762
f 1762 1613 1887
f 1762 1887 2048
f 2048 1887 2171
f 2048 2171 56
f 56 2171 181
f 56 181 362
f 362 181 489
f 362 489 682
f 682 489 799
f 545 998 799
f 998 682 799
f 998 1000 682
f 1290 1383 853
f 1000 1290 853
f 998 1290 1000
f 1564 1643 1383
f 1564 1383 1290
f 547 1643 1564
f 118 205 548
f 424 854 205
f 118 424 205
f 422 424 118
f 422 546 424
f 424 546 852
f 1383 1292 853
f 1292 1383 1566
f 1566 1383 1643
f 547 1832 1643
f 1832 1566 1643
f 1832 1834 1566
f 2112 1834 1832
f 2112 2114 1834
f 205 120 548
f 120 2112 548
f 120 2114 2112
f 205 854 120
f 855 321 549
f 549 321 319
f 321 633 319
f 635 633 321
f 635 941 633
f 943 941 635
f 943 1231 941
f 1233 1231 943
f 1233 1507 1231
f 1509 1507 1233
f 1509 1775 1507
f 1777 1775 1509
f 1777 856 1775
f 1775 856 550
f 857 21 551
f 551 21 19
f 549 19 21
f 549 21 855
f 2061 550 856
f 2061 856 2063
f 2063 858 2061
f 2061 858 552
f 859 2021 553
f 553 2021 2019
f 551 2019 2021
f 551 2021 857
f 69 552 858
f 69 858 71
f 71 860 69
f 69 860 554
f 861 553 555
f 861 859 553
f 375 554 860
f 375 860 377
f 377 862 375
f 375 862 556
f 863 555 557
f 863 861 555
f 864 792 695
f 556 864 695
f 862 864 556
f 792 558 695
f 557 2020 863
f 863 2020 2022
f 865 2022 2020
f 865 2020 559
f 866 796 792
f 866 792 864
f 558 792 560
f 560 792 796
f 559 20 865
f 865 20 22
f 320 22 20
f 320 322 22
f 320 561 768
f 636 320 768
f 322 320 636
f 867 636 768
f 868 800 796
f 868 796 866
f 560 796 562
f 562 796 800
f 634 768 561
f 768 634 867
f 634 944 867
f 634 942 944
f 942 563 1350
f 1234 942 1350
f 944 942 1234
f 869 1234 1350
f 870 804 800
f 870 800 868
f 562 800 564
f 564 800 804
f 1232 1350 563
f 1350 1232 869
f 1232 1510 869
f 1232 1508 1510
f 1508 565 1894
f 1778 1508 1894
f 1510 1508 1778
f 871 1778 1894
f 872 808 804
f 872 804 870
f 564 804 566
f 566 804 808
f 1776 1894 565
f 2064 871 2180
f 2180 871 567
f 871 1894 567
f 1894 1776 567
f 2064 2180 190
f 2064 190 72
f 72 190 500
f 72 500 378
f 808 872 378
f 808 378 500
f 696 808 500
f 568 696 500
f 566 808 696
f 2062 2180 567
f 70 190 2062
f 2062 190 2180
f 376 500 70
f 70 500 190
f 568 500 376
f 873 1525 1593
f 1525 874 1593
f 875 1249 569
f 569 1249 1247
f 1249 873 1593
f 1523 1249 1593
f 1247 1249 1523
f 1523 1593 874
f 1793 1523 874
f 1791 1523 1793
f 1793 2077 1791
f 2079 2077 1793
f 2079 85 2077
f 87 85 2079
f 570 85 473
f 85 393 473
f 85 87 393
f 393 876 473
f 877 957 571
f 571 957 955
f 569 955 957
f 569 957 875
f 473 391 570
f 391 473 876
f 705 391 876
f 703 391 705
f 705 1015 703
f 1017 1015 705
f 1017 878 1015
f 1015 878 572
f 879 571 573
f 879 877 571
f 1303 572 878
f 1303 878 1305
f 1305 880 1303
f 1303 880 574
f 881 573 575
f 881 879 573
f 574 882 576
f 880 882 574
f 575 956 881
f 881 956 958
f 883 958 956
f 883 956 577
f 576 884 578
f 882 884 576
f 1343 885 1248
f 885 577 1248
f 885 883 577
f 579 1343 1248
f 578 886 580
f 884 886 578
f 1343 1250 885
f 579 1524 1343
f 1524 1250 1343
f 1524 1526 1250
f 887 1526 1524
f 887 1524 581
f 1304 1381 582
f 1304 580 1381
f 580 888 1381
f 580 886 888
f 581 1792 887
f 887 1792 1794
f 889 1794 1792
f 889 1792 583
f 1016 1115 584
f 1381 1306 582
f 582 1306 1016
f 1306 890 1016
f 890 1115 1016
f 1381 888 1306
f 583 2078 889
f 889 2078 2080
f 86 2080 2078
f 86 88 2080
f 392 88 86
f 392 394 88
f 704 394 392
f 704 706 394
f 1115 1018 584
f 1018 704 584
f 1018 706 704
f 1115 890 1018
f 1320 1263 585
f 1590 1539 1320
f 1320 1539 1263
f 1590 586 1539
f 736 653 587
f 1042 971 736
f 736 971 653
f 1265 1320 585
f 1265 585 971
f 891 1265 971
f 1042 891 971
f 1320 1265 1541
f 1320 1541 1590
f 892 1866 1807
f 892 1807 586
f 1541 892 586
f 1590 1541 586
f 1866 588 1807
f 440 335 589
f 335 440 587
f 440 736 587
f 440 742 736
f 742 893 973
f 1042 742 973
f 736 742 1042
f 891 1042 973
f 1809 1866 892
f 894 2156 2093
f 894 2093 588
f 1809 894 588
f 1866 1809 588
f 2156 590 2093
f 591 446 589
f 589 446 440
f 446 895 655
f 742 446 655
f 440 446 742
f 893 742 655
f 2095 2156 894
f 896 170 101
f 896 101 590
f 2095 896 590
f 2156 2095 590
f 478 407 170
f 170 407 101
f 478 592 407
f 593 452 591
f 591 452 446
f 895 446 452
f 895 452 897
f 103 170 896
f 170 103 409
f 170 409 478
f 898 786 719
f 898 719 592
f 409 898 592
f 478 409 592
f 786 594 719
f 336 452 593
f 656 897 760
f 760 897 595
f 897 452 595
f 452 336 595
f 899 656 760
f 900 790 786
f 900 786 898
f 594 786 596
f 596 786 790
f 654 760 595
f 974 899 1070
f 1070 899 597
f 899 760 597
f 760 654 597
f 901 974 1070
f 902 794 790
f 902 790 900
f 596 790 598
f 598 790 794
f 972 1070 597
f 1266 901 1344
f 1344 901 599
f 901 1070 599
f 1070 972 599
f 903 1266 1344
f 410 904 488
f 794 902 410
f 488 794 410
f 798 794 488
f 598 794 600
f 600 794 798
f 601 1348 599
f 599 1348 1344
f 903 1344 1348
f 903 1348 905
f 906 492 488
f 906 488 904
f 720 798 602
f 798 492 602
f 798 488 492
f 600 798 720
f 1264 1348 601
f 1542 905 1620
f 1620 905 603
f 905 1348 603
f 1348 1264 603
f 907 1542 1620
f 104 908 186
f 492 906 104
f 492 104 186
f 408 492 186
f 604 408 186
f 602 492 408
f 1540 1620 603
f 1620 1540 907
f 1540 1810 907
f 1540 1808 1810
f 2094 1810 1808
f 2094 2096 1810
f 908 2096 186
f 2096 102 186
f 2096 2094 102
f 604 186 102
f 2142 2031 819
f 1119 41 2142
f 41 2031 2142
f 41 39 2031
f 41 345 39
f 347 345 41
f 347 665 345
f 667 665 347
f 667 983 665
f 985 983 667
f 985 1120 983
f 983 1120 820
f 1121 921 821
f 821 921 919
f 921 1201 919
f 1203 1201 921
f 1203 1477 1201
f 1479 1477 1203
f 1479 1745 1477
f 1747 1745 1479
f 2033 2142 819
f 1745 2033 819
f 1747 2033 1745
f 1119 2142 2033
f 1275 820 1120
f 1275 1120 1277
f 822 1275 1623
f 1275 1551 1623
f 1275 1277 1551
f 1551 1122 1623
f 128 13 823
f 1123 311 128
f 311 13 128
f 311 309 13
f 311 617 309
f 619 617 311
f 821 617 619
f 821 619 1121
f 1623 1549 822
f 1122 1819 1897
f 1122 1897 824
f 1623 1122 824
f 1549 1623 824
f 1819 1124 1897
f 2126 2015 825
f 15 128 823
f 15 823 2015
f 1125 15 2015
f 2126 1125 2015
f 1123 128 15
f 1897 1817 824
f 1897 1124 1817
f 1124 826 1817
f 1124 1126 826
f 1848 1735 827
f 2017 2126 825
f 2017 825 1735
f 1127 2017 1735
f 1848 1127 1735
f 1125 2126 2017
f 1126 2099 2183
f 828 1126 2183
f 826 1126 828
f 2099 1128 2183
f 829 1850 827
f 827 1850 1848
f 1127 1848 1850
f 1127 1850 1129
f 2185 830 828
f 2185 828 2183
f 2183 1128 2185
f 2185 1128 1130
f 831 1852 829
f 829 1852 1850
f 1129 1850 1852
f 1129 1852 1131
f 2187 832 830
f 2187 830 2185
f 105 195 1130
f 195 2185 1130
f 195 2187 2185
f 105 1132 195
f 1736 1852 831
f 2018 1131 2136
f 2136 1131 833
f 1131 1852 833
f 1852 1736 833
f 2018 2136 148
f 2018 148 16
f 1133 16 148
f 1478 1607 834
f 1746 1881 1607
f 1746 1607 1478
f 2032 2165 1881
f 2032 1881 1746
f 40 175 2165
f 40 2165 2032
f 835 175 40
f 2189 836 832
f 2189 832 2187
f 1134 2189 106
f 2189 195 106
f 2189 2187 195
f 195 1132 106
f 2016 2136 833
f 14 148 2016
f 2016 148 2136
f 148 14 1133
f 14 312 1133
f 14 310 312
f 618 312 310
f 618 620 312
f 920 620 618
f 920 922 620
f 1202 922 920
f 1202 1204 922
f 1607 1480 834
f 1480 1202 834
f 1480 1204 1202
f 1480 1607 1748
f 1748 1607 1881
f 1748 1881 2034
f 2034 1881 2165
f 2034 2165 42
f 42 2165 175
f 835 346 175
f 346 42 175
f 346 348 42
f 666 348 346
f 666 668 348
f 984 668 666
f 984 986 668
f 1276 1371 1135
f 986 1276 1135
f 984 1276 986
f 1550 1637 1371
f 1550 1371 1276
f 1818 1909 1637
f 1818 1637 1550
f 1909 1818 836
f 2189 1909 836
f 2191 1909 2189
f 2189 1134 2191
f 2191 1134 1136
f 1371 1278 1135
f 1278 1371 1552
f 1552 1371 1637
f 1552 1637 1820
f 1820 1637 1909
f 1820 1909 2100
f 2100 1909 2191
f 2191 1136 2100
f 2154 2047 837
f 164 55 2154
f 2154 55 2047
f 164 838 55
f 1360 1291 839
f 1630 1565 1360
f 1360 1565 1291
f 1902 1833 1630
f 1630 1833 1565
f 1902 840 1833
f 1602 1493 841
f 1137 1763 1602
f 1763 1493 1602
f 1763 1761 1493
f 2049 2154 837
f 1761 2049 837
f 1763 2049 1761
f 2154 2049 57
f 2154 57 164
f 361 838 164
f 57 361 164
f 363 361 57
f 363 681 361
f 683 681 363
f 683 999 681
f 1001 999 683
f 1293 1360 839
f 999 1293 839
f 1001 1293 999
f 1360 1293 1567
f 1360 1567 1630
f 1630 1567 1835
f 1630 1835 1902
f 1138 2186 2113
f 1138 2113 840
f 1835 1138 840
f 1902 1835 840
f 2186 842 2113
f 1139 1219 843
f 843 1219 1217
f 1495 1602 841
f 1217 1495 841
f 1219 1495 1217
f 1137 1602 1495
f 2115 2186 1138
f 119 842 2186
f 2115 119 2186
f 121 119 2115
f 121 1140 119
f 119 1140 844
f 1141 929 1063
f 845 1063 929
f 1139 845 929
f 843 845 1139
f 423 844 1140
f 423 1140 425
f 425 1142 423
f 423 1142 846
f 1067 1143 1063
f 1063 1143 1141
f 1063 845 847
f 1063 847 1067
f 846 1144 848
f 1142 1144 846
f 1071 1145 1067
f 1067 1145 1143
f 1067 847 849
f 1067 849 1071
f 848 1146 850
f 1144 1146 848
f 1071 930 1145
f 1345 1147 1218
f 1218 1147 849
f 1147 930 849
f 930 1071 849
f 851 1345 1218
f 850 1148 852
f 1146 1148 850
f 1345 1220 1147
f 1617 1149 1494
f 1494 1149 851
f 1149 1220 851
f 1220 1345 851
f 1762 1889 1617
f 1762 1617 1494
f 2048 2173 1889
f 2048 1889 1762
f 56 183 2173
f 56 2173 2048
f 362 493 183
f 362 183 56
f 682 803 493
f 682 493 362
f 1000 1113 803
f 1000 803 682
f 853 1113 1000
f 426 1150 854
f 426 854 424
f 424 852 426
f 426 852 1148
f 1617 1496 1149
f 1496 1617 1764
f 1764 1617 1889
f 1764 1889 2050
f 2050 1889 2173
f 2050 2173 58
f 58 2173 183
f 58 183 364
f 364 183 493
f 364 493 684
f 684 493 803
f 684 803 1002
f 1002 803 1113
f 853 1292 1113
f 1292 1002 1113
f 1292 1294 1002
f 1566 1294 1292
f 1566 1568 1294
f 1834 1568 1566
f 1834 1836 1568
f 2114 1836 1834
f 2114 2116 1836
f 120 2116 2114
f 120 122 2116
f 120 854 122
f 122 854 1150
f 438 321 855
f 1151 637 438
f 637 321 438
f 637 635 321
f 637 943 635
f 945 943 637
f 945 1233 943
f 1235 1233 945
f 1235 1509 1233
f 1511 1509 1235
f 1870 1777 1152
f 1777 1511 1152
f 1777 1509 1511
f 1870 856 1777
f 138 21 857
f 323 438 855
f 323 855 21
f 1153 323 21
f 138 1153 21
f 1151 438 323
f 1779 1870 1152
f 2063 856 1870
f 1779 2063 1870
f 2065 2063 1779
f 2065 1154 2063
f 2063 1154 858
f 2134 2021 859
f 23 138 857
f 23 857 2021
f 1155 23 2021
f 2134 1155 2021
f 1153 138 23
f 71 858 1154
f 71 1154 73
f 73 1156 71
f 71 1156 860
f 861 2138 859
f 859 2138 2134
f 1155 2134 2138
f 1155 2138 1157
f 377 860 1156
f 377 1156 379
f 379 1158 377
f 377 1158 862
f 863 2140 861
f 861 2140 2138
f 1157 2138 2140
f 1157 2140 1159
f 862 1160 864
f 1158 1160 862
f 2022 2140 863
f 24 1159 154
f 154 1159 865
f 1159 2140 865
f 2140 2022 865
f 1161 24 154
f 864 1162 866
f 1160 1162 864
f 22 154 865
f 154 22 1161
f 22 324 1161
f 22 322 324
f 636 324 322
f 636 638 324
f 636 867 1076
f 946 636 1076
f 638 636 946
f 1163 946 1076
f 866 1164 868
f 1162 1164 866
f 944 1076 867
f 1076 944 1163
f 944 1236 1163
f 944 1234 1236
f 1234 869 1618
f 1512 1234 1618
f 1236 1234 1512
f 1165 1512 1618
f 380 1166 494
f 494 870 380
f 870 1164 380
f 870 868 1164
f 1510 1618 869
f 1618 1510 1165
f 1510 1780 1165
f 1510 1778 1780
f 1778 871 2178
f 2066 1778 2178
f 1780 1778 2066
f 2066 2178 188
f 2066 188 74
f 494 1166 74
f 188 494 74
f 498 494 188
f 870 494 872
f 872 494 498
f 2064 2178 871
f 72 188 2064
f 2064 188 2178
f 378 498 72
f 72 498 188
f 872 498 378
f 1167 1251 1319
f 1319 1251 1589
f 1589 1251 1527
f 1527 1168 1589
f 1323 1169 1319
f 1319 1169 1167
f 1589 1525 873
f 1323 1589 873
f 1319 1589 1323
f 1168 1795 1865
f 1168 1865 874
f 1589 1168 874
f 1525 1589 874
f 1865 1795 2151
f 2151 1795 2081
f 2081 1170 2151
f 1171 959 1047
f 1169 1323 959
f 959 1323 1047
f 1323 1249 1047
f 1249 875 1047
f 1323 873 1249
f 1865 1793 874
f 2151 2079 1793
f 2151 1793 1865
f 2079 2151 1170
f 89 2079 1170
f 87 2079 89
f 89 393 87
f 395 393 89
f 395 1172 393
f 393 1172 876
f 1173 641 747
f 1171 1047 641
f 641 1047 747
f 1047 957 747
f 957 877 747
f 1047 875 957
f 705 876 1172
f 705 1172 707
f 707 1017 705
f 1019 1017 707
f 1019 1174 1017
f 1017 1174 878
f 747 642 1173
f 1175 642 747
f 877 1175 747
f 879 1175 877
f 1305 878 1174
f 1305 1174 1307
f 1307 1176 1305
f 1305 1176 880
f 1177 879 881
f 1177 1175 879
f 880 1178 882
f 1176 1178 880
f 1069 1179 958
f 1179 881 958
f 1179 1177 881
f 883 1069 958
f 882 1180 884
f 1178 1180 882
f 1069 960 1179
f 1181 960 1069
f 883 1181 1069
f 885 1181 883
f 884 1182 886
f 1180 1182 884
f 885 1250 1181
f 1181 1250 1252
f 1526 1252 1250
f 1526 1528 1252
f 1183 1528 1526
f 1183 1526 887
f 886 1184 888
f 1182 1184 886
f 887 1794 1183
f 1183 1794 1796
f 1185 1796 1794
f 1185 1794 889
f 1308 1186 890
f 1308 890 1306
f 1306 888 1308
f 1308 888 1184
f 889 2080 1185
f 1185 2080 2082
f 88 2082 2080
f 88 90 2082
f 394 90 88
f 394 396 90
f 706 396 394
f 706 708 396
f 1018 708 706
f 1018 1020 708
f 1018 890 1020
f 1020 890 1186
f 1324 1265 891
f 1594 1541 1324
f 1324 1541 1265
f 1594 892 1541
f 1048 973 893
f 973 1048 891
f 1048 1324 891
f 1048 1330 1324
f 1600 1324 1330
f 1594 1324 1600
f 892 1594 1809
f 1594 1872 1809
f 1594 1600 1872
f 1872 894 1809
f 748 655 895
f 655 748 893
f 748 1048 893
f 748 1054 1048
f 1334 1048 1054
f 1330 1048 1334
f 1604 1330 1334
f 1600 1330 1604
f 1878 1600 1604
f 1872 1600 1878
f 894 1872 2095
f 1872 2162 2095
f 1872 1878 2162
f 2162 896 2095
f 897 754 895
f 895 754 748
f 1060 748 754
f 1054 748 1060
f 1336 1054 1060
f 1334 1054 1336
f 1606 1334 1336
f 1604 1334 1606
f 1880 1604 1606
f 1878 1604 1880
f 2164 1878 1880
f 2162 1878 2164
f 896 2162 103
f 2162 174 103
f 2162 2164 174
f 482 409 174
f 174 409 103
f 482 898 409
f 656 754 897
f 899 1066 656
f 1066 754 656
f 1066 1060 754
f 1338 1060 1066
f 1336 1060 1338
f 1608 1336 1338
f 1606 1336 1608
f 1882 1606 1608
f 1880 1606 1882
f 2166 1880 1882
f 2164 1880 2166
f 176 2164 2166
f 174 2164 176
f 484 174 176
f 482 174 484
f 898 482 900
f 900 482 484
f 974 1066 899
f 901 1340 974
f 1340 1066 974
f 1340 1338 1066
f 1610 1338 1340
f 1608 1338 1610
f 1610 1187 1811
f 1882 1610 1811
f 1608 1610 1882
f 1882 1811 2097
f 1882 2097 2166
f 2166 2097 1188
f 178 2166 1188
f 176 2166 178
f 486 176 178
f 484 176 486
f 900 484 902
f 902 484 486
f 1266 1340 901
f 903 1612 1266
f 1612 1340 1266
f 1612 1610 1340
f 1187 1610 1612
f 1187 1612 1189
f 1190 180 178
f 1190 178 1188
f 410 486 904
f 486 180 904
f 486 178 180
f 902 486 410
f 905 1616 903
f 903 1616 1612
f 1189 1612 1616
f 1189 1616 1191
f 2098 1192 2172
f 180 1190 2098
f 2172 180 2098
f 182 180 2172
f 904 180 906
f 906 180 182
f 1542 1616 905
f 1812 1191 1892
f 1892 1191 907
f 1191 1616 907
f 1616 1542 907
f 2172 1192 1812
f 1892 2172 1812
f 2176 2172 1892
f 104 182 908
f 182 2176 908
f 182 2172 2176
f 906 182 104
f 1810 1892 907
f 2096 2176 1810
f 1810 2176 1892
f 908 2176 2096
f 1385 1 129
f 129 1 431
f 431 1 297
f 297 1386 431
f 1387 2003 2127
f 1385 129 2003
f 129 2127 2003
f 129 131 2127
f 129 435 131
f 129 431 435
f 605 737 1386
f 737 431 1386
f 737 435 431
f 605 1388 737
f 2127 2004 1387
f 2004 2127 1389
f 2127 135 1389
f 2127 131 135
f 131 441 135
f 131 435 441
f 1390 441 606
f 441 737 606
f 441 435 737
f 737 1388 606
f 135 2 1389
f 2 135 298
f 298 135 441
f 441 1390 298
f 156 41 1119
f 1391 349 156
f 349 41 156
f 349 347 41
f 349 667 347
f 669 667 349
f 1080 985 1392
f 985 669 1392
f 985 667 669
f 1080 1120 985
f 1032 921 1121
f 1393 1205 1032
f 1205 921 1032
f 1205 1203 921
f 1205 1479 1203
f 1481 1479 1205
f 1481 1747 1479
f 1749 1747 1481
f 1749 2033 1747
f 2035 2033 1749
f 43 156 1119
f 2033 43 1119
f 2035 43 2033
f 1391 156 43
f 987 1080 1392
f 1277 1120 1080
f 987 1277 1080
f 1279 1277 987
f 1279 1551 1277
f 1553 1551 1279
f 1553 1394 1551
f 1551 1394 1122
f 430 311 1123
f 1395 621 430
f 621 311 430
f 621 619 311
f 923 1032 1121
f 619 923 1121
f 621 923 619
f 1393 1032 923
f 1819 1122 1394
f 1819 1394 1821
f 1821 1396 1819
f 1819 1396 1124
f 130 15 1125
f 313 430 1123
f 313 1123 15
f 1397 313 15
f 130 1397 15
f 1395 430 313
f 1396 2101 2181
f 1126 1396 2181
f 1124 1396 1126
f 2101 1398 2181
f 2128 2017 1127
f 2017 2128 1125
f 2128 130 1125
f 2128 132 130
f 1397 130 132
f 1397 132 1399
f 2181 2099 1126
f 2181 1398 2099
f 1398 1128 2099
f 1398 1400 1128
f 1129 2130 1127
f 1127 2130 2128
f 136 2128 2130
f 132 2128 136
f 1399 132 136
f 1399 136 1401
f 1400 107 193
f 1130 1400 193
f 1128 1400 1130
f 107 1402 193
f 1131 2132 1129
f 1129 2132 2130
f 142 2130 2132
f 136 2130 142
f 1401 136 142
f 1401 142 1403
f 193 105 1130
f 1402 411 503
f 1402 503 1132
f 193 1402 1132
f 105 193 1132
f 411 1404 503
f 2018 2132 1131
f 16 142 2018
f 2018 142 2132
f 314 1403 454
f 454 1403 1133
f 1403 142 1133
f 142 16 1133
f 1405 314 454
f 106 197 1134
f 503 412 1132
f 1132 412 106
f 412 1406 106
f 1406 197 106
f 503 1404 412
f 312 454 1133
f 454 312 1405
f 312 622 1405
f 312 620 622
f 922 622 620
f 922 924 622
f 1204 924 922
f 1204 1206 924
f 1480 1206 1204
f 1480 1482 1206
f 1748 1482 1480
f 1748 1750 1482
f 2034 1750 1748
f 2034 2036 1750
f 42 2036 2034
f 42 44 2036
f 348 44 42
f 348 350 44
f 668 350 348
f 668 670 350
f 986 1101 1407
f 670 986 1407
f 668 986 670
f 1135 1101 986
f 199 1136 1134
f 199 1134 197
f 197 1406 199
f 199 1406 1408
f 1101 988 1407
f 1135 1278 1101
f 1278 988 1101
f 1278 1280 988
f 1552 1280 1278
f 1552 1554 1280
f 1820 1911 1409
f 1554 1820 1409
f 1552 1820 1554
f 2100 2193 1911
f 2100 1911 1820
f 199 108 1136
f 1136 108 2100
f 108 1410 2100
f 1410 2193 2100
f 199 1408 108
f 1911 1822 1409
f 1822 1911 2102
f 2102 1911 2193
f 2193 1410 2102
f 1874 1763 1137
f 2158 2049 1874
f 1874 2049 1763
f 168 57 2158
f 2158 57 2049
f 476 363 168
f 168 363 57
f 780 683 476
f 476 683 363
f 1090 1001 780
f 780 1001 683
f 1362 1293 1090
f 1090 1293 1001
f 1632 1567 1362
f 1362 1567 1293
f 1904 1835 1632
f 1632 1835 1567
f 1904 1138 1835
f 1411 1221 1139
f 1139 1221 1219
f 1221 1495 1219
f 1497 1495 1221
f 1765 1874 1137
f 1495 1765 1137
f 1497 1765 1495
f 1874 1765 2051
f 1874 2051 2158
f 2158 2051 59
f 2158 59 168
f 168 59 365
f 168 365 476
f 476 365 685
f 476 685 780
f 780 685 1003
f 780 1003 1090
f 1090 1003 1295
f 1090 1295 1362
f 1362 1295 1569
f 1362 1569 1632
f 1632 1569 1837
f 1632 1837 1904
f 2115 1138 1904
f 1837 2115 1904
f 2117 2115 1837
f 196 121 1412
f 121 2117 1412
f 121 2115 2117
f 196 1140 121
f 1413 931 1141
f 1141 931 929
f 1139 929 931
f 1139 931 1411
f 123 196 1412
f 1414 506 425
f 1414 425 1140
f 123 1414 1140
f 196 123 1140
f 506 1142 425
f 1415 1141 1143
f 1415 1413 1141
f 427 506 1414
f 427 1416 506
f 1416 1142 506
f 1416 1144 1142
f 1417 1143 1145
f 1417 1415 1143
f 1144 1418 1146
f 1416 1418 1144
f 1075 1419 930
f 1419 1145 930
f 1419 1417 1145
f 1147 1075 930
f 1146 1420 1148
f 1418 1420 1146
f 1075 932 1419
f 1349 1421 1220
f 1220 1421 1147
f 1421 932 1147
f 932 1075 1147
f 1149 1349 1220
f 428 1422 1150
f 428 1150 426
f 426 1148 428
f 428 1148 1420
f 1349 1222 1421
f 1621 1423 1496
f 1496 1423 1149
f 1423 1222 1149
f 1222 1349 1149
f 1764 1893 1621
f 1764 1621 1496
f 2050 2177 1893
f 2050 1893 1764
f 58 187 2177
f 58 2177 2050
f 364 497 187
f 364 187 58
f 684 807 497
f 684 497 364
f 1002 1117 807
f 1002 807 684
f 1296 1424 1117
f 1002 1296 1117
f 1294 1296 1002
f 1568 1296 1294
f 1568 1570 1296
f 1836 1570 1568
f 1836 1838 1570
f 2116 1838 1836
f 2116 2118 1838
f 122 2118 2116
f 122 124 2118
f 122 1150 124
f 124 1150 1422
f 1621 1498 1423
f 1498 1621 1766
f 1766 1621 1893
f 1766 1893 2052
f 2052 1893 2177
f 2052 2177 60
f 60 2177 187
f 60 187 366
f 366 187 497
f 366 497 686
f 686 497 807
f 686 807 1004
f 1004 807 1117
f 1117 1424 1004
f 740 637 1151
f 1425 947 740
f 947 637 740
f 947 945 637
f 947 1235 945
f 1237 1235 947
f 1598 1511 1426
f 1511 1237 1426
f 1511 1235 1237
f 1598 1152 1511
f 444 323 1153
f 639 740 1151
f 639 1151 323
f 1427 639 323
f 444 1427 323
f 1425 740 639
f 1513 1598 1426
f 1779 1152 1598
f 1513 1779 1598
f 1781 1779 1513
f 2160 2065 1428
f 2065 1781 1428
f 2065 1779 1781
f 2160 1154 2065
f 144 23 1155
f 325 444 1153
f 325 1153 23
f 1429 325 23
f 144 1429 23
f 1427 444 325
f 2067 2160 1428
f 73 1154 2160
f 2067 73 2160
f 75 73 2067
f 75 1430 73
f 73 1430 1156
f 1157 150 1155
f 1155 150 144
f 1429 144 150
f 1429 150 1431
f 379 1156 1430
f 379 1430 381
f 381 1432 379
f 379 1432 1158
f 1159 152 1157
f 1157 152 150
f 1431 150 152
f 1431 152 1433
f 1158 1434 1160
f 1432 1434 1158
f 24 152 1159
f 326 1433 462
f 462 1433 1161
f 1433 152 1161
f 152 24 1161
f 326 462 766
f 326 766 640
f 1435 640 766
f 1160 1436 1162
f 1434 1436 1160
f 324 462 1161
f 638 766 324
f 324 766 462
f 766 638 1435
f 638 948 1435
f 638 946 948
f 946 1163 1346
f 1238 946 1346
f 948 946 1238
f 1437 1238 1346
f 382 1438 490
f 490 1164 382
f 1164 1436 382
f 1164 1162 1436
f 1236 1346 1163
f 1346 1236 1437
f 1236 1514 1437
f 1236 1512 1514
f 1512 1165 1890
f 1782 1512 1890
f 1514 1512 1782
f 1782 1890 2174
f 1782 2174 2068
f 2068 2174 184
f 2068 184 76
f 490 1438 76
f 490 76 184
f 380 490 184
f 1166 380 184
f 1164 490 380
f 1780 1890 1165
f 2066 2174 1780
f 1780 2174 1890
f 74 184 2066
f 2066 184 2174
f 1166 184 74
f 1439 1253 1315
f 1315 1253 1585
f 1585 1253 1529
f 1529 1440 1585
f 1441 961 1037
f 1439 1315 961
f 961 1315 1037
f 1315 1251 1037
f 1251 1167 1037
f 1585 1527 1251
f 1585 1251 1315
f 1440 1797 1861
f 1440 1861 1168
f 1585 1440 1168
f 1527 1585 1168
f 1797 1442 1861
f 1443 643 735
f 1441 1037 643
f 1037 735 643
f 1037 1041 735
f 1037 1167 1169
f 1037 1169 1041
f 1861 1795 1168
f 1795 1861 1442
f 2083 1795 1442
f 2081 1795 2083
f 2083 1444 2081
f 2081 1444 1170
f 741 1445 735
f 735 1445 1443
f 1041 959 1171
f 741 1041 1171
f 735 1041 741
f 1041 1169 959
f 89 1170 1444
f 89 1444 91
f 91 395 89
f 397 395 91
f 397 1446 395
f 395 1446 1172
f 641 1173 741
f 1173 1445 741
f 1173 1447 1445
f 741 1171 641
f 707 1172 1446
f 707 1446 709
f 709 1019 707
f 1021 1019 709
f 1021 1448 1019
f 1019 1448 1174
f 753 1449 642
f 1449 1173 642
f 1449 1447 1173
f 1175 753 642
f 1450 1366 1307
f 1174 1450 1307
f 1448 1450 1174
f 1366 1176 1307
f 759 1451 753
f 753 1451 1449
f 753 1175 1177
f 753 1177 759
f 1309 1366 1450
f 1309 1452 1366
f 1452 1176 1366
f 1452 1178 1176
f 759 644 1451
f 1453 644 759
f 1177 1453 759
f 1179 1453 1177
f 1178 1454 1180
f 1452 1454 1178
f 1179 960 1453
f 1453 960 962
f 1455 962 960
f 1455 960 1181
f 1180 1456 1182
f 1454 1456 1180
f 1181 1252 1455
f 1455 1252 1254
f 1528 1615 1457
f 1254 1528 1457
f 1252 1528 1254
f 1183 1615 1528
f 1310 1458 1382
f 1382 1184 1310
f 1184 1456 1310
f 1184 1182 1456
f 1615 1530 1457
f 1183 1796 1615
f 1796 1530 1615
f 1796 1798 1530
f 1459 1798 1796
f 1459 1796 1185
f 1022 1460 1116
f 1382 1458 1022
f 1382 1022 1116
f 1308 1382 1116
f 1186 1308 1116
f 1184 1382 1308
f 1185 2082 1459
f 1459 2082 2084
f 90 2084 2082
f 90 92 2084
f 396 92 90
f 396 398 92
f 708 398 396
f 708 710 398
f 1460 710 1116
f 710 1020 1116
f 710 708 1020
f 1186 1116 1020
f 1884 1811 1187
f 2168 2097 1884
f 1884 2097 1811
f 2168 1188 2097
f 1189 1886 1187
f 1187 1886 1884
f 2170 1884 1886
f 2168 1884 2170
f 1188 2168 1190
f 1190 2168 2170
f 1191 1888 1189
f 1189 1888 1886
f 2098 2170 1192
f 2170 1888 1192
f 2170 1886 1888
f 1190 2170 2098
f 1812 1888 1191
f 1192 1888 1812
f 1645 2005 2123
f 2123 2005 127
f 127 2005 3
f 127 3 429
f 429 3 299
f 429 299 729
f 729 299 607
f 607 1646 729
f 1647 1725 1845
f 1645 2123 1725
f 2123 1845 1725
f 2123 2125 1845
f 127 1 1385
f 2125 127 1385
f 2123 127 2125
f 429 297 1
f 429 1 127
f 733 1386 297
f 429 733 297
f 729 733 429
f 909 1039 1646
f 1039 729 1646
f 1039 733 729
f 909 1648 1039
f 1847 1649 1845
f 1845 1649 1647
f 2125 2003 1387
f 1847 2125 1387
f 1845 2125 1847
f 2125 1385 2003
f 733 605 1386
f 1043 1388 605
f 733 1043 605
f 1039 1043 733
f 1039 1648 1043
f 1043 1648 1650
f 1849 1651 1847
f 1847 1651 1649
f 1847 1387 2004
f 2129 1847 2004
f 1849 1847 2129
f 1389 2129 2004
f 606 743 1390
f 743 606 1388
f 1043 743 1388
f 1049 743 1043
f 1043 1650 1049
f 1049 1650 1652
f 1849 1726 1651
f 1726 1849 1653
f 1849 2131 1653
f 1849 2129 2131
f 2129 1389 2
f 141 2129 2
f 2131 2129 141
f 298 447 141
f 298 141 2
f 447 298 1390
f 743 447 1390
f 749 447 743
f 1654 749 910
f 749 1049 910
f 749 743 1049
f 1049 1652 910
f 2131 2006 1653
f 2006 2131 4
f 4 2131 141
f 4 141 300
f 300 141 447
f 300 447 608
f 608 447 749
f 749 1654 608
f 464 349 1391
f 770 669 464
f 464 669 349
f 770 1392 669
f 1314 1205 1393
f 1584 1481 1314
f 1314 1481 1205
f 1856 1749 1584
f 1584 1749 1481
f 1655 2037 1856
f 2037 1749 1856
f 2037 2035 1749
f 2037 43 2035
f 45 43 2037
f 351 464 1391
f 43 351 1391
f 45 351 43
f 464 351 671
f 464 671 770
f 987 1392 770
f 671 987 770
f 989 987 671
f 989 1279 987
f 1281 1279 989
f 1624 1553 1656
f 1553 1281 1656
f 1553 1279 1281
f 1624 1394 1553
f 730 621 1395
f 1036 923 730
f 730 923 621
f 1207 1314 1393
f 1207 1393 923
f 1657 1207 923
f 1036 1657 923
f 1314 1207 1483
f 1314 1483 1584
f 1584 1483 1751
f 1584 1751 1856
f 1655 1856 1751
f 1555 1624 1656
f 1821 1394 1624
f 1555 1821 1624
f 1823 1821 1555
f 1823 1658 1821
f 1821 1658 1396
f 432 313 1397
f 623 730 1395
f 623 1395 313
f 1659 623 313
f 432 1659 313
f 730 623 925
f 730 925 1036
f 1657 1036 925
f 2101 1396 1658
f 2101 1658 2103
f 2103 1660 2101
f 2101 1660 1398
f 1399 436 1397
f 1397 436 432
f 1659 432 436
f 1659 436 1661
f 1660 109 191
f 1400 1660 191
f 1398 1660 1400
f 109 1662 191
f 1401 442 1399
f 1399 442 436
f 1661 436 442
f 1661 442 1663
f 191 107 1400
f 1662 413 501
f 1662 501 1402
f 191 1662 1402
f 107 191 1402
f 413 1664 501
f 1403 448 1401
f 1401 448 442
f 1663 442 448
f 1663 448 1665
f 501 411 1402
f 501 1664 411
f 1664 1404 411
f 1664 1666 1404
f 314 448 1403
f 624 1665 756
f 756 1665 1405
f 1665 448 1405
f 448 314 1405
f 1667 624 756
f 412 505 1406
f 412 1404 505
f 1404 1668 505
f 1404 1666 1668
f 622 756 1405
f 756 622 1667
f 622 926 1667
f 622 924 926
f 1206 926 924
f 1206 1208 926
f 1482 1208 1206
f 1482 1484 1208
f 1750 1883 1669
f 1484 1750 1669
f 1482 1750 1484
f 2036 2167 1883
f 2036 1883 1750
f 44 177 2167
f 44 2167 2036
f 350 485 177
f 350 177 44
f 670 791 485
f 670 485 350
f 1407 791 670
f 507 1408 1406
f 507 1406 505
f 505 1668 507
f 507 1668 1670
f 1883 1752 1669
f 1752 1883 2038
f 2038 1883 2167
f 2038 2167 46
f 46 2167 177
f 46 177 352
f 352 177 485
f 352 485 672
f 672 485 791
f 1407 988 791
f 988 672 791
f 988 990 672
f 1280 990 988
f 1280 1282 990
f 1554 1639 1671
f 1282 1554 1671
f 1280 1554 1282
f 1409 1639 1554
f 108 201 1410
f 507 414 1408
f 1408 414 108
f 414 1672 108
f 1672 201 108
f 507 1670 414
f 1639 1556 1671
f 1409 1822 1639
f 1822 1556 1639
f 1822 1824 1556
f 2102 1824 1822
f 2102 2104 1824
f 201 110 1410
f 110 2102 1410
f 110 2104 2102
f 201 1672 110
f 1673 1223 1411
f 1411 1223 1221
f 1223 1497 1221
f 1499 1497 1223
f 1499 1765 1497
f 1767 1765 1499
f 1767 2051 1765
f 2053 2051 1767
f 172 59 1674
f 59 2053 1674
f 59 2051 2053
f 1675 367 172
f 367 59 172
f 367 365 59
f 367 685 365
f 687 685 367
f 687 1003 685
f 1005 1003 687
f 1005 1295 1003
f 1297 1295 1005
f 1297 1569 1295
f 1571 1569 1297
f 1571 1837 1569
f 1839 1837 1571
f 2188 2117 1676
f 2117 1839 1676
f 2117 1837 1839
f 2188 1412 2117
f 1677 933 1413
f 1413 933 931
f 1411 931 933
f 1411 933 1673
f 61 172 1674
f 1675 172 61
f 2119 2188 1676
f 1678 198 123
f 1678 123 1412
f 2119 1678 1412
f 2188 2119 1412
f 198 1414 123
f 1679 625 761
f 1415 761 625
f 1677 1415 625
f 1413 1415 1677
f 125 198 1678
f 1680 508 427
f 1680 427 1414
f 125 1680 1414
f 198 125 1414
f 508 1416 427
f 761 626 1679
f 1681 626 761
f 1415 1681 761
f 1417 1681 1415
f 1682 510 508
f 1682 508 1680
f 1416 508 1418
f 1418 508 510
f 1683 1417 1419
f 1683 1681 1417
f 1684 512 510
f 1684 510 1682
f 1418 510 1420
f 1420 510 512
f 1077 1685 932
f 1685 1419 932
f 1685 1683 1419
f 1421 1077 932
f 126 1686 206
f 512 1684 126
f 512 126 206
f 428 512 206
f 1422 428 206
f 1420 512 428
f 1077 934 1685
f 1351 1687 1222
f 1222 1687 1421
f 1687 934 1421
f 934 1077 1421
f 1423 1351 1222
f 1298 1688 1424
f 1298 1424 1296
f 1570 1298 1296
f 1570 1572 1298
f 1838 1572 1570
f 1838 1840 1572
f 2118 1840 1838
f 2118 2120 1840
f 1686 2120 206
f 2120 124 206
f 2120 2118 124
f 1422 206 124
f 1351 1224 1687
f 1423 1498 1351
f 1498 1224 1351
f 1498 1500 1224
f 1766 1895 1689
f 1500 1766 1689
f 1498 1766 1500
f 2052 2179 1895
f 2052 1895 1766
f 60 189 2179
f 60 2179 2052
f 366 499 189
f 366 189 60
f 688 1690 499
f 366 688 499
f 686 688 366
f 1004 688 686
f 1004 1006 688
f 1004 1424 1006
f 1006 1424 1688
f 1895 1768 1689
f 1768 1895 2054
f 2054 1895 2179
f 2054 2179 62
f 62 2179 189
f 62 189 368
f 368 189 499
f 499 1690 368
f 1046 947 1425
f 1328 1237 1046
f 1046 1237 947
f 1328 1426 1237
f 746 639 1427
f 949 1046 1425
f 949 1425 639
f 1691 949 639
f 746 1691 639
f 1046 949 1239
f 1046 1239 1328
f 1513 1426 1328
f 1239 1513 1328
f 1515 1513 1239
f 1876 1781 1692
f 1781 1515 1692
f 1781 1513 1515
f 1876 1428 1781
f 450 325 1429
f 325 450 1427
f 450 746 1427
f 450 752 746
f 1691 746 752
f 1691 752 1693
f 1783 1876 1692
f 2067 1428 1876
f 1783 2067 1876
f 2069 2067 1783
f 2069 75 2067
f 77 75 2069
f 77 1694 75
f 75 1694 1430
f 1431 456 1429
f 1429 456 450
f 758 450 456
f 752 450 758
f 1693 752 758
f 1693 758 1695
f 381 1430 1694
f 381 1694 383
f 383 1696 381
f 381 1696 1432
f 1433 460 1431
f 1431 460 456
f 762 456 460
f 758 456 762
f 1695 758 762
f 1695 762 1697
f 1432 1698 1434
f 1696 1698 1432
f 326 460 1433
f 640 762 326
f 326 762 460
f 950 1697 1072
f 1072 1697 1435
f 1697 762 1435
f 762 640 1435
f 950 1072 1342
f 950 1342 1240
f 1699 1240 1342
f 1434 1700 1436
f 1698 1700 1434
f 948 1072 1435
f 1238 1342 948
f 948 1342 1072
f 1516 1699 1614
f 1614 1699 1437
f 1699 1342 1437
f 1342 1238 1437
f 1701 1516 1614
f 384 1702 1438
f 384 1438 382
f 382 1436 384
f 384 1436 1700
f 1514 1614 1437
f 1614 1514 1701
f 1514 1784 1701
f 1514 1782 1784
f 2068 1784 1782
f 2068 2070 1784
f 76 2070 2068
f 76 78 2070
f 76 1438 78
f 78 1438 1702
f 1703 963 1033
f 1033 963 1439
f 963 1253 1439
f 963 1255 1253
f 1255 1529 1253
f 1531 1529 1255
f 1440 1529 1857
f 1529 1799 1857
f 1529 1531 1799
f 1799 1704 1857
f 1705 645 731
f 1703 1033 645
f 645 1033 731
f 1033 961 731
f 961 1441 731
f 1033 1439 961
f 1857 1797 1440
f 1704 2085 2147
f 1704 2147 1442
f 1857 1704 1442
f 1797 1857 1442
f 2085 1706 2147
f 643 1443 731
f 1443 1705 731
f 1443 1707 1705
f 731 1441 643
f 2147 2083 1442
f 2147 1706 2083
f 1706 1444 2083
f 1706 1708 1444
f 1709 327 439
f 1445 439 327
f 1707 1445 327
f 1443 1445 1707
f 91 1444 1708
f 91 1708 93
f 474 397 1710
f 397 93 1710
f 397 91 93
f 474 1446 397
f 445 1711 439
f 439 1711 1709
f 439 1445 1447
f 439 1447 445
f 399 474 1710
f 709 1446 474
f 399 709 474
f 711 709 399
f 1092 1021 1712
f 1021 711 1712
f 1021 709 711
f 1092 1448 1021
f 451 1713 445
f 445 1713 1711
f 445 1447 1449
f 445 1449 451
f 1023 1092 1712
f 1023 1714 1092
f 1714 1448 1092
f 1714 1450 1448
f 457 1715 451
f 451 1715 1713
f 451 1449 1451
f 451 1451 457
f 1309 1450 1714
f 1309 1714 1311
f 1311 1716 1309
f 1309 1716 1452
f 457 328 1715
f 763 1717 644
f 644 1717 1451
f 1717 328 1451
f 328 457 1451
f 1453 763 644
f 1452 1718 1454
f 1716 1718 1452
f 763 646 1717
f 1453 962 763
f 962 646 763
f 962 964 646
f 1719 964 962
f 1719 962 1455
f 1454 1720 1456
f 1718 1720 1454
f 1455 1254 1719
f 1719 1254 1256
f 1721 1256 1254
f 1721 1254 1457
f 1312 1722 1458
f 1312 1458 1310
f 1310 1456 1312
f 1312 1456 1720
f 1457 1530 1721
f 1721 1530 1532
f 1798 1891 1723
f 1532 1798 1723
f 1530 1798 1532
f 1459 1891 1798
f 712 1724 806
f 712 806 1460
f 1022 712 1460
f 1024 712 1022
f 1022 1458 1024
f 1024 1458 1722
f 1891 1800 1723
f 1459 2084 1891
f 2084 1800 1891
f 2084 2086 1800
f 92 2086 2084
f 92 94 2086
f 398 94 92
f 398 400 94
f 1724 400 806
f 400 710 806
f 400 398 710
f 1460 806 710
f 1917 1727 1843
f 1843 1727 1645
f 1727 2005 1645
f 1727 2007 2005
f 2007 3 2005
f 5 3 2007
f 5 299 3
f 301 299 5
f 301 607 299
f 609 607 301
f 1646 607 1035
f 607 911 1035
f 607 609 911
f 911 1918 1035
f 1919 337 467
f 467 337 773
f 773 337 657
f 773 657 1083
f 1083 657 975
f 975 1920 1083
f 1921 1461 1575
f 1917 1843 1461
f 1461 1843 1575
f 1843 1725 1575
f 1725 1647 1575
f 1843 1645 1725
f 1035 909 1646
f 1918 1193 1321
f 1918 1321 1648
f 1035 1918 1648
f 909 1035 1648
f 1321 1193 1591
f 1591 1193 1469
f 1591 1469 1863
f 1863 1469 1737
f 1863 1737 2149
f 2149 1737 2023
f 2149 2023 161
f 161 2023 31
f 1919 467 31
f 467 161 31
f 467 469 161
f 467 775 469
f 467 773 775
f 773 1085 775
f 773 1083 1085
f 1267 1357 1920
f 1357 1083 1920
f 1357 1085 1083
f 1267 1922 1357
f 1577 1923 1575
f 1575 1923 1921
f 1575 1647 1649
f 1575 1649 1577
f 1325 1650 1648
f 1325 1648 1321
f 1321 1595 1325
f 1321 1591 1595
f 1591 1867 1595
f 1591 1863 1867
f 1863 2153 1867
f 1863 2149 2153
f 2149 163 2153
f 2149 161 163
f 161 471 163
f 161 469 471
f 469 777 471
f 469 775 777
f 775 1087 777
f 775 1085 1087
f 1085 1359 1087
f 1085 1357 1359
f 1357 1922 1359
f 1359 1922 1924
f 1577 1462 1923
f 1925 1462 1577
f 1649 1925 1577
f 1651 1925 1649
f 1331 1652 1650
f 1331 1650 1325
f 1325 1601 1331
f 1325 1595 1601
f 1595 1873 1601
f 1595 1867 1873
f 1867 2157 1873
f 1867 2153 2157
f 1926 2157 32
f 2157 163 32
f 2157 2153 163
f 32 163 1927
f 163 475 1927
f 163 471 475
f 471 779 475
f 471 777 779
f 777 1089 779
f 777 1087 1089
f 1087 1361 1089
f 1087 1359 1361
f 1359 1924 1361
f 1361 1924 1928
f 1851 1929 1726
f 1929 1651 1726
f 1929 1925 1651
f 1653 1851 1726
f 910 1055 1654
f 1331 1194 1652
f 1652 1194 910
f 1194 1930 910
f 1930 1055 910
f 1194 1331 1470
f 1470 1331 1601
f 1470 1601 1738
f 1738 1601 1873
f 1738 1873 2024
f 2024 1873 2157
f 2157 1926 2024
f 475 338 1927
f 338 475 658
f 658 475 779
f 658 779 976
f 976 779 1089
f 976 1089 1268
f 1268 1089 1361
f 1361 1928 1268
f 1851 1728 1929
f 1653 2006 1851
f 2006 1728 1851
f 2006 2008 1728
f 4 2008 2006
f 4 6 2008
f 300 6 4
f 300 302 6
f 608 302 300
f 608 610 302
f 1055 912 1654
f 912 608 1654
f 912 610 608
f 1055 1930 912
f 2144 2037 1655
f 1931 47 2144
f 47 2037 2144
f 47 45 2037
f 47 351 45
f 353 351 47
f 353 671 351
f 673 671 353
f 1082 989 1932
f 989 673 1932
f 989 671 673
f 1354 1281 1082
f 1082 1281 989
f 1354 1656 1281
f 1933 1209 1657
f 1657 1209 1207
f 1209 1483 1207
f 1485 1483 1209
f 1485 1751 1483
f 1753 1751 1485
f 2039 2144 1655
f 1751 2039 1655
f 1753 2039 1751
f 1931 2144 2039
f 991 1082 1932
f 1082 991 1283
f 1082 1283 1354
f 1555 1656 1354
f 1283 1555 1354
f 1557 1555 1283
f 1898 1823 1934
f 1823 1557 1934
f 1823 1555 1557
f 1898 1658 1823
f 734 623 1659
f 1935 927 734
f 927 623 734
f 927 925 623
f 1657 925 927
f 1657 927 1933
f 1825 1898 1934
f 2103 1658 1898
f 1825 2103 1898
f 2105 2103 1825
f 2105 1936 2103
f 2103 1936 1660
f 1661 738 1659
f 1659 738 734
f 1935 734 738
f 1935 738 1937
f 109 1660 1936
f 109 1936 111
f 111 1938 109
f 109 1938 1662
f 1663 744 1661
f 1661 744 738
f 1937 738 744
f 1937 744 1939
f 413 1662 1938
f 413 1938 415
f 415 1940 413
f 413 1940 1664
f 1665 750 1663
f 1663 750 744
f 1939 744 750
f 1939 750 1941
f 1940 721 811
f 1666 1940 811
f 1664 1940 1666
f 721 1942 811
f 624 750 1665
f 928 1941 1062
f 1062 1941 1667
f 1941 750 1667
f 750 624 1667
f 1943 928 1062
f 813 1668 1666
f 813 1666 811
f 811 1942 813
f 813 1942 1944
f 926 1062 1667
f 1062 926 1943
f 926 1210 1943
f 926 1208 1210
f 1484 1609 1945
f 1210 1484 1945
f 1208 1484 1210
f 1669 1609 1484
f 1668 813 722
f 1946 1668 722
f 1670 1668 1946
f 813 1944 722
f 1609 1486 1945
f 1669 1752 1609
f 1752 1486 1609
f 1752 1754 1486
f 2038 1754 1752
f 2038 2040 1754
f 46 2040 2038
f 46 48 2040
f 352 48 46
f 352 354 48
f 672 354 352
f 672 674 354
f 990 674 672
f 990 992 674
f 1282 1375 1947
f 992 1282 1947
f 990 1282 992
f 1671 1375 1282
f 414 509 1672
f 414 1670 509
f 1670 1948 509
f 1670 1946 1948
f 1375 1284 1947
f 1671 1556 1375
f 1556 1284 1375
f 1556 1558 1284
f 1824 1558 1556
f 1824 1826 1558
f 2104 2195 1949
f 1826 2104 1949
f 1824 2104 1826
f 110 203 2195
f 110 2195 2104
f 509 416 1672
f 1672 416 110
f 416 1950 110
f 1950 203 110
f 509 1948 416
f 2195 2106 1949
f 2106 2195 112
f 112 2195 203
f 203 1950 112
f 1951 627 751
f 751 627 1057
f 1057 627 935
f 1057 935 1673
f 935 1223 1673
f 935 1225 1223
f 1225 1499 1223
f 1501 1499 1225
f 1501 1767 1499
f 1769 1767 1501
f 1769 2053 1767
f 2055 2053 1769
f 2055 1952 2053
f 2053 1952 1674
f 480 367 1675
f 784 687 480
f 480 687 367
f 1953 1007 784
f 1007 687 784
f 1007 1005 687
f 1007 1297 1005
f 1299 1297 1007
f 1634 1571 1954
f 1571 1299 1954
f 1571 1297 1299
f 1906 1839 1634
f 1634 1839 1571
f 1906 1676 1839
f 757 1955 751
f 751 1955 1951
f 1057 933 1677
f 757 1057 1677
f 751 1057 757
f 1057 1673 933
f 61 1674 1952
f 61 1952 63
f 369 480 1675
f 61 369 1675
f 63 369 61
f 480 369 689
f 480 689 784
f 1953 784 689
f 1573 1634 1954
f 1634 1573 1841
f 1634 1841 1906
f 1956 2190 2119
f 1956 2119 1676
f 1841 1956 1676
f 1906 1841 1676
f 2190 1678 2119
f 625 1679 757
f 1679 1955 757
f 1679 1957 1955
f 757 1677 625
f 1958 2192 2190
f 1958 2190 1956
f 1678 2190 125
f 2190 200 125
f 2190 2192 200
f 200 1680 125
f 765 1959 626
f 1959 1679 626
f 1959 1957 1679
f 1681 765 626
f 2121 2192 1958
f 2192 2121 1960
f 202 2192 1960
f 200 2192 202
f 1680 200 1682
f 1682 200 202
f 767 1961 765
f 765 1961 1959
f 765 1681 1683
f 765 1683 767
f 1962 204 202
f 1962 202 1960
f 1682 202 1684
f 1684 202 204
f 767 628 1961
f 1963 628 767
f 1683 1963 767
f 1685 1963 1683
f 1574 1964 1644
f 1574 1644 1916
f 1574 1916 1842
f 1842 1916 2198
f 1842 2198 2122
f 204 1962 2122
f 204 2122 2198
f 126 204 2198
f 1686 126 2198
f 1684 204 126
f 1685 934 1963
f 1963 934 936
f 1965 936 934
f 1965 934 1687
f 1300 1966 1688
f 1300 1688 1298
f 1964 1300 1644
f 1300 1572 1644
f 1300 1298 1572
f 1840 1916 1572
f 1572 1916 1644
f 2120 2198 1840
f 1840 2198 1916
f 1686 2198 2120
f 1687 1224 1965
f 1965 1224 1226
f 1500 1226 1224
f 1500 1502 1226
f 1967 1502 1500
f 1967 1500 1689
f 688 809 1690
f 1008 1968 809
f 688 1008 809
f 1006 1008 688
f 1006 1688 1008
f 1008 1688 1966
f 1689 1768 1967
f 1967 1768 1770
f 2054 1770 1768
f 2054 2056 1770
f 62 2056 2054
f 62 64 2056
f 368 64 62
f 368 370 64
f 809 690 1690
f 690 368 1690
f 690 370 368
f 809 1968 690
f 1052 949 1691
f 1969 1241 1052
f 1241 949 1052
f 1241 1239 949
f 1241 1515 1239
f 1517 1515 1241
f 1517 1970 1515
f 1515 1970 1692
f 1052 1691 951
f 1691 1971 951
f 1691 1693 1971
f 1969 1052 951
f 1783 1692 1970
f 1783 1970 1785
f 1785 2069 1783
f 2071 2069 1785
f 2071 77 2069
f 79 77 2071
f 1694 77 481
f 77 385 481
f 77 79 385
f 385 1972 481
f 952 1971 1064
f 1971 1695 1064
f 1971 1693 1695
f 1973 952 1064
f 481 383 1694
f 1972 697 789
f 1972 789 1696
f 481 1972 1696
f 383 481 1696
f 697 1974 789
f 1697 1068 1695
f 1695 1068 1064
f 1973 1064 1068
f 1973 1068 1975
f 793 1698 1696
f 793 1696 789
f 789 1974 793
f 793 1974 1976
f 950 1068 1697
f 1068 950 1975
f 950 1242 1975
f 950 1240 1242
f 1977 1242 1240
f 1977 1240 1699
f 797 1700 1698
f 797 1698 793
f 793 1976 797
f 797 1976 1978
f 1699 1516 1977
f 1977 1516 1518
f 1979 1518 1516
f 1979 1516 1701
f 384 491 1702
f 797 698 1700
f 1700 698 384
f 698 1980 384
f 1980 491 384
f 797 1978 698
f 1701 1784 1979
f 1979 1784 1786
f 2070 1786 1784
f 2070 2072 1786
f 78 2072 2070
f 78 80 2072
f 491 386 1702
f 386 78 1702
f 386 80 78
f 491 1980 386
f 1981 965 1703
f 1703 965 963
f 965 1255 963
f 1257 1255 965
f 1257 1531 1255
f 1533 1531 1257
f 1533 1799 1531
f 1801 1799 1533
f 1801 1982 1799
f 1799 1982 1704
f 1983 647 1705
f 1705 647 645
f 1703 645 647
f 1703 647 1981
f 2085 1704 1982
f 2085 1982 2087
f 2087 1984 2085
f 2085 1984 1706
f 1985 329 433
f 1707 433 329
f 1983 1707 329
f 1705 1707 1983
f 1706 1986 1708
f 1984 1986 1706
f 1987 25 133
f 1985 433 25
f 25 433 133
f 433 327 133
f 327 1709 133
f 433 1707 327
f 93 1708 1986
f 93 1986 95
f 95 1988 93
f 93 1988 1710
f 139 1989 133
f 133 1989 1987
f 133 1709 1711
f 133 1711 139
f 399 1710 1988
f 399 1988 401
f 401 711 399
f 713 711 401
f 713 1990 711
f 711 1990 1712
f 145 1991 139
f 139 1991 1989
f 139 1711 1713
f 139 1713 145
f 1023 1712 1990
f 1023 1990 1025
f 1025 1992 1023
f 1023 1992 1714
f 145 26 1991
f 1993 26 145
f 1713 1993 145
f 1715 1993 1713
f 1994 1370 1311
f 1714 1994 1311
f 1992 1994 1714
f 1370 1716 1311
f 1715 328 1993
f 1993 328 330
f 1995 330 328
f 1995 328 1717
f 1996 1374 1370
f 1996 1370 1994
f 1716 1370 1718
f 1718 1370 1374
f 1717 646 1995
f 1995 646 648
f 964 1073 1997
f 648 964 1997
f 646 964 648
f 1719 1073 964
f 1998 1378 1374
f 1998 1374 1996
f 1718 1374 1720
f 1720 1374 1378
f 1073 966 1997
f 1719 1256 1073
f 1256 966 1073
f 1256 1258 966
f 1999 1258 1256
f 1999 1256 1721
f 1026 2000 1112
f 1378 1998 1026
f 1378 1026 1112
f 1312 1378 1112
f 1722 1312 1112
f 1720 1378 1312
f 1721 1532 1999
f 1999 1532 1534
f 2001 1534 1532
f 2001 1532 1723
f 714 2002 1724
f 714 1724 712
f 2000 714 1112
f 714 1024 1112
f 714 712 1024
f 1722 1112 1024
f 1723 1800 2001
f 2001 1800 1802
f 2086 1802 1800
f 2086 2088 1802
f 94 2088 2086
f 94 96 2088
f 400 96 94
f 400 402 96
f 400 1724 402
f 402 1724 2002
f 2199 33 157
f 157 33 465
f 465 33 339
f 465 339 771
f 771 339 659
f 771 659 1081
f 1081 659 977
f 977 2200 1081
f 2201 1729 1917
f 1917 1729 1727
f 1729 2007 1727
f 2009 2007 1729
f 2009 5 2007
f 7 5 2009
f 7 301 5
f 303 301 7
f 303 609 301
f 611 609 303
f 611 911 609
f 913 911 611
f 1918 911 1317
f 911 1195 1317
f 911 913 1195
f 1317 1195 1587
f 1587 1195 1471
f 1587 1471 1859
f 1859 1471 1739
f 1859 1739 2145
f 2145 1739 2025
f 2199 157 2025
f 157 2145 2025
f 157 159 2145
f 465 337 1919
f 159 465 1919
f 157 465 159
f 771 657 337
f 771 337 465
f 1081 975 657
f 1081 657 771
f 2200 1269 1355
f 2200 1355 1920
f 1081 2200 1920
f 975 1081 1920
f 1269 2202 1355
f 2203 1463 1921
f 1921 1463 1461
f 1917 1461 1463
f 1917 1463 2201
f 1317 1193 1918
f 1587 1469 1193
f 1587 1193 1317
f 1859 1737 1469
f 1859 1469 1587
f 2145 2023 1737
f 2145 1737 1859
f 159 31 2023
f 159 2023 2145
f 159 1919 31
f 1355 1267 1920
f 2202 1543 1627
f 2202 1627 1922
f 1355 2202 1922
f 1267 1355 1922
f 1543 2204 1627
f 2205 1921 1923
f 2205 2203 1921
f 1629 1924 1922
f 1629 1922 1627
f 1627 2204 1629
f 1629 2204 2206
f 1579 2207 1462
f 2207 1923 1462
f 2207 2205 1923
f 1925 1579 1462
f 32 167 1926
f 1927 167 32
f 1631 1928 1924
f 1631 1924 1629
f 1629 2206 1631
f 1631 2206 2208
f 1579 1464 2207
f 2209 1464 1579
f 1925 2209 1579
f 1929 2209 1925
f 1194 1335 1930
f 1470 1605 1335
f 1470 1335 1194
f 1738 1879 1605
f 1738 1605 1470
f 2024 2163 1879
f 2024 1879 1738
f 2163 2024 1926
f 167 2163 1926
f 171 2163 167
f 167 1927 338
f 479 167 338
f 171 167 479
f 658 783 479
f 658 479 338
f 976 1093 783
f 976 783 658
f 1268 1363 1093
f 1268 1093 976
f 1631 1544 1928
f 1928 1544 1268
f 1544 2210 1268
f 2210 1363 1268
f 1631 2208 1544
f 1929 1728 2209
f 2209 1728 1730
f 2008 2135 2211
f 1730 2008 2211
f 1728 2008 1730
f 6 147 2135
f 6 2135 2008
f 302 453 147
f 302 147 6
f 610 755 453
f 610 453 302
f 914 2212 755
f 610 914 755
f 912 914 610
f 1335 1196 1930
f 1196 912 1930
f 1196 914 912
f 1196 1335 1472
f 1472 1335 1605
f 1472 1605 1740
f 1740 1605 1879
f 1740 1879 2026
f 2026 1879 2163
f 2026 2163 34
f 34 2163 171
f 34 171 340
f 340 171 479
f 340 479 660
f 660 479 783
f 660 783 978
f 978 783 1093
f 978 1093 1270
f 1270 1093 1363
f 1363 2210 1270
f 2135 2010 2211
f 2010 2135 8
f 8 2135 147
f 8 147 304
f 304 147 453
f 304 453 612
f 612 453 755
f 755 2212 612
f 158 47 1931
f 466 353 158
f 158 353 47
f 772 673 466
f 466 673 353
f 772 1932 673
f 1318 1209 1933
f 2213 1487 1318
f 1487 1209 1318
f 1487 1485 1209
f 1487 1753 1485
f 1755 1753 1487
f 1755 2039 1753
f 2041 2039 1755
f 49 158 1931
f 2039 49 1931
f 2041 49 2039
f 158 49 355
f 158 355 466
f 466 355 675
f 466 675 772
f 991 1932 772
f 675 991 772
f 993 991 675
f 1356 1283 2214
f 1283 993 2214
f 1283 991 993
f 1626 1557 1356
f 1356 1557 1283
f 1626 1934 1557
f 1040 927 1935
f 1211 1318 1933
f 1211 1933 927
f 2215 1211 927
f 1040 2215 927
f 2213 1318 1211
f 1285 1356 2214
f 1356 1285 1559
f 1356 1559 1626
f 1825 1934 1626
f 1559 1825 1626
f 1827 1825 1559
f 1827 2105 1825
f 2107 2105 1827
f 2107 2216 2105
f 2105 2216 1936
f 1937 1044 1935
f 1935 1044 1040
f 2215 1040 1044
f 2215 1044 2217
f 111 1936 2216
f 111 2216 113
f 113 2218 111
f 111 2218 1938
f 1939 1050 1937
f 1937 1050 1044
f 2217 1044 1050
f 2217 1050 2219
f 415 1938 2218
f 415 2218 417
f 417 2220 415
f 415 2220 1940
f 1941 1056 1939
f 1939 1056 1050
f 2219 1050 1056
f 2219 1056 2221
f 721 1940 2220
f 721 2220 723
f 723 2222 721
f 721 2222 1942
f 928 1056 1941
f 2221 1056 928
f 1943 2221 928
f 2223 2221 1943
f 1942 2224 1944
f 2222 2224 1942
f 1943 1210 2223
f 2223 1210 1212
f 2225 1212 1210
f 2225 1210 1945
f 722 815 1946
f 722 1944 815
f 1944 2226 815
f 1944 2224 2226
f 1945 1486 2225
f 2225 1486 1488
f 1754 1488 1486
f 1754 1756 1488
f 2040 1756 1754
f 2040 2042 1756
f 48 2042 2040
f 48 50 2042
f 354 50 48
f 354 356 50
f 674 356 354
f 674 676 356
f 992 1105 2227
f 676 992 2227
f 674 992 676
f 1947 1105 992
f 817 1948 1946
f 817 1946 815
f 815 2226 817
f 817 2226 2228
f 1105 994 2227
f 1947 1284 1105
f 1284 994 1105
f 1284 1286 994
f 1558 1286 1284
f 1558 1560 1286
f 1826 1913 2229
f 1560 1826 2229
f 1558 1826 1560
f 1949 1913 1826
f 416 511 1950
f 817 724 1948
f 1948 724 416
f 724 2230 416
f 2230 511 416
f 817 2228 724
f 1913 1828 2229
f 1949 2106 1913
f 2106 1828 1913
f 2106 2108 1828
f 112 2108 2106
f 112 114 2108
f 511 418 1950
f 418 112 1950
f 418 114 112
f 511 2230 418
f 2231 629 745
f 745 629 1051
f 1051 629 937
f 1051 937 1333
f 1333 937 1227
f 1333 1227 1603
f 1603 1227 1503
f 1503 2232 1603
f 2233 315 449
f 2231 745 315
f 315 745 449
f 745 627 449
f 627 1951 449
f 1051 935 627
f 1051 627 745
f 1333 1225 935
f 1333 935 1051
f 1603 1501 1225
f 1603 1225 1333
f 1501 1603 2232
f 1771 1501 2232
f 1769 1501 1771
f 1771 2055 1769
f 2057 2055 1771
f 2057 2234 2055
f 2055 2234 1952
f 1094 1007 1953
f 1364 1299 1094
f 1094 1299 1007
f 1364 1954 1299
f 455 2235 449
f 449 2235 2233
f 449 1951 1955
f 449 1955 455
f 63 1952 2234
f 63 2234 65
f 65 369 63
f 371 369 65
f 371 689 369
f 691 689 371
f 1009 1094 1953
f 689 1009 1953
f 691 1009 689
f 1094 1009 1301
f 1094 1301 1364
f 2236 1636 1573
f 2236 1573 1954
f 1301 2236 1954
f 1364 1301 1954
f 1908 1841 1636
f 1636 1841 1573
f 1908 1956 1841
f 459 2237 455
f 455 2237 2235
f 455 1955 1957
f 455 1957 459
f 2238 1638 1636
f 2238 1636 2236
f 1910 1636 1638
f 1908 1636 1910
f 1956 1908 1958
f 1958 1908 1910
f 461 2239 459
f 459 2239 2237
f 459 1957 1959
f 459 1959 461
f 2240 1640 1638
f 2240 1638 2238
f 1912 1638 1640
f 1910 1638 1912
f 1958 1910 2121
f 1910 2194 2121
f 1910 1912 2194
f 2194 1960 2121
f 461 316 2239
f 2241 316 461
f 1959 2241 461
f 1961 2241 1959
f 2242 1642 1640
f 2242 1640 2240
f 1914 1640 1642
f 1912 1640 1914
f 2196 1912 1914
f 2194 1912 2196
f 1960 2194 1962
f 1962 2194 2196
f 1961 628 2241
f 2241 628 630
f 2243 630 628
f 2243 628 1963
f 1302 2244 1384
f 1642 2242 1302
f 1642 1302 1384
f 1574 1642 1384
f 1964 1574 1384
f 1842 1914 1574
f 1574 1914 1642
f 2122 2196 1842
f 1842 2196 1914
f 1962 2196 2122
f 1963 936 2243
f 2243 936 938
f 2245 938 936
f 2245 936 1965
f 1966 1300 1384
f 2244 1966 1384
f 2246 1966 2244
f 1964 1384 1300
f 1965 1226 2245
f 2245 1226 1228
f 1502 1228 1226
f 1502 1504 1228
f 2247 1504 1502
f 2247 1502 1967
f 1010 2248 1968
f 1010 1968 1008
f 1008 1966 1010
f 1010 1966 2246
f 1967 1770 2247
f 2247 1770 1772
f 2056 1772 1770
f 2056 2058 1772
f 64 2058 2056
f 64 66 2058
f 370 66 64
f 370 372 66
f 690 372 370
f 690 692 372
f 690 1968 692
f 692 1968 2248
f 2249 1243 1969
f 1969 1243 1241
f 1243 1517 1241
f 1519 1517 1243
f 1970 1517 1877
f 1517 1787 1877
f 1517 1519 1787
f 1877 1787 2161
f 2161 1787 2073
f 2161 2073 169
f 169 2073 81
f 81 2250 169
f 1058 951 1971
f 1969 951 1058
f 2251 1969 1058
f 2249 1969 2251
f 1877 1785 1970
f 2161 2071 1785
f 2161 1785 1877
f 169 79 2071
f 169 2071 2161
f 79 169 2250
f 387 79 2250
f 385 79 387
f 1972 385 785
f 385 699 785
f 385 387 699
f 699 2252 785
f 952 1058 1971
f 2251 1058 952
f 1973 2251 952
f 2253 2251 1973
f 785 697 1972
f 785 2252 697
f 2252 1974 697
f 2252 2254 1974
f 2255 1973 1975
f 2255 2253 1973
f 1974 2256 1976
f 2254 2256 1974
f 1975 1242 2255
f 2255 1242 1244
f 2257 1244 1242
f 2257 1242 1977
f 1976 2258 1978
f 2256 2258 1976
f 1977 1518 2257
f 2257 1518 1520
f 2259 1520 1518
f 2259 1518 1979
f 698 801 1980
f 698 1978 801
f 1978 2260 801
f 1978 2258 2260
f 1979 1786 2259
f 2259 1786 1788
f 2072 2175 2261
f 1788 2072 2261
f 1786 2072 1788
f 80 185 2175
f 80 2175 2072
f 386 495 185
f 386 185 80
f 801 700 1980
f 1980 700 386
f 700 2262 386
f 2262 495 386
f 801 2260 700
f 2175 2074 2261
f 2074 2175 82
f 82 2175 185
f 82 185 388
f 388 185 495
f 495 2262 388
f 2263 967 1981
f 1981 967 965
f 967 1257 965
f 1259 1257 967
f 1259 1533 1257
f 1535 1533 1259
f 1535 1801 1533
f 1803 1801 1535
f 1803 2264 1801
f 1801 2264 1982
f 2265 649 1983
f 1983 649 647
f 1981 647 649
f 1981 649 2263
f 2087 1982 2264
f 2087 2264 2089
f 2089 2266 2087
f 2087 2266 1984
f 2267 331 1985
f 1985 331 329
f 1983 329 331
f 1983 331 2265
f 1984 2268 1986
f 2266 2268 1984
f 2269 27 1987
f 1987 27 25
f 1985 25 27
f 1985 27 2267
f 95 1986 2268
f 95 2268 97
f 97 2270 95
f 95 2270 1988
f 2271 1987 1989
f 2271 2269 1987
f 401 1988 2270
f 401 2270 403
f 403 713 401
f 715 713 403
f 715 2272 713
f 713 2272 1990
f 2273 1989 1991
f 2273 2271 1989
f 1025 1990 2272
f 1025 2272 1027
f 1027 2274 1025
f 1025 2274 1992
f 1991 26 2273
f 2273 26 28
f 2275 28 26
f 2275 26 1993
f 1992 2276 1994
f 2274 2276 1992
f 1993 330 2275
f 2275 330 332
f 2277 332 330
f 2277 330 1995
f 1994 2278 1996
f 2276 2278 1994
f 1995 648 2277
f 2277 648 650
f 2279 650 648
f 2279 648 1997
f 1996 2280 1998
f 2278 2280 1996
f 1997 966 2279
f 2279 966 968
f 1258 968 966
f 1258 1260 968
f 2281 1260 1258
f 2281 1258 1999
f 1028 2282 2000
f 1028 2000 1026
f 1026 1998 1028
f 1028 1998 2280
f 1999 1534 2281
f 2281 1534 1536
f 2283 1536 1534
f 2283 1534 2001
f 716 2284 2002
f 716 2002 714
f 714 2000 716
f 716 2000 2282
f 2001 1802 2283
f 2283 1802 1804
f 2088 1804 1802
f 2088 2090 1804
f 96 2090 2088
f 96 98 2090
f 402 98 96
f 402 404 98
f 402 2002 404
f 404 2002 2284
f 207 35 155
f 155 35 463
f 463 35 341
f 463 341 769
f 769 341 661
f 661 208 769
f 209 915 1031
f 1031 915 1313
f 1313 915 1197
f 1313 1197 1583
f 1583 1197 1473
f 1583 1473 1855
f 1855 1473 1741
f 1855 1741 2143
f 2143 1741 2027
f 207 155 2027
f 2027 155 2143
f 155 33 2143
f 33 2199 2143
f 463 339 33
f 463 33 155
f 769 659 339
f 769 339 463
f 659 769 208
f 979 659 208
f 977 659 979
f 2200 977 1353
f 977 1271 1353
f 977 979 1271
f 1271 210 1353
f 211 1731 2201
f 2201 1731 1729
f 1731 2009 1729
f 2011 2009 1731
f 2011 7 2009
f 9 7 2011
f 9 303 7
f 305 303 9
f 305 611 303
f 613 611 305
f 613 209 1031
f 913 613 1031
f 611 613 913
f 1313 1195 913
f 1313 913 1031
f 1583 1471 1195
f 1583 1195 1313
f 1855 1739 1471
f 1855 1471 1583
f 2143 2025 1739
f 2143 1739 1855
f 2143 2199 2025
f 1353 1269 2200
f 210 1545 1625
f 210 1625 2202
f 1353 210 2202
f 1269 1353 2202
f 1545 212 1625
f 213 1465 2203
f 2203 1465 1463
f 2201 1463 1465
f 2201 1465 211
f 1625 1543 2202
f 212 1813 1899
f 212 1899 2204
f 1625 212 2204
f 1543 1625 2204
f 1813 214 1899
f 215 2203 2205
f 215 213 2203
f 1901 2206 2204
f 1901 2204 1899
f 1899 214 1901
f 1901 214 216
f 217 2205 2207
f 217 215 2205
f 1903 2208 2206
f 1903 2206 1901
f 1901 216 1903
f 1903 216 218
f 1581 219 1464
f 219 2207 1464
f 219 217 2207
f 2209 1581 1464
f 1544 1633 2210
f 1903 1814 2208
f 2208 1814 1544
f 1814 220 1544
f 220 1633 1544
f 1903 218 1814
f 1581 1466 219
f 1853 221 1730
f 1730 221 2209
f 221 1466 2209
f 1466 1581 2209
f 2211 1853 1730
f 914 1061 2212
f 1198 222 1061
f 914 1198 1061
f 1196 1198 914
f 1472 1198 1196
f 1472 1474 1198
f 1740 1474 1472
f 1740 1742 1474
f 2026 1742 1740
f 2026 2028 1742
f 34 2028 2026
f 34 36 2028
f 340 36 34
f 340 342 36
f 660 342 340
f 660 662 342
f 978 662 660
f 978 980 662
f 1270 980 978
f 1270 1272 980
f 1633 1546 2210
f 1546 1270 2210
f 1546 1272 1270
f 1633 220 1546
f 1853 1732 221
f 2211 2010 1853
f 2010 1732 1853
f 2010 2012 1732
f 8 2012 2010
f 8 10 2012
f 304 10 8
f 304 306 10
f 612 306 304
f 612 614 306
f 1061 916 2212
f 916 612 2212
f 916 614 612
f 1061 222 916
f 1588 1487 2213
f 1860 1755 1588
f 1588 1755 1487
f 2146 2041 1860
f 1860 2041 1755
f 160 49 2146
f 2146 49 2041
f 468 355 160
f 160 355 49
f 774 675 468
f 468 675 355
f 1084 993 774
f 774 993 675
f 1084 2214 993
f 1322 1211 2215
f 1489 1588 2213
f 1489 2213 1211
f 223 1489 1211
f 1322 223 1211
f 1588 1489 1757
f 1588 1757 1860
f 1860 1757 2043
f 1860 2043 2146
f 2146 2043 51
f 2146 51 160
f 160 51 357
f 160 357 468
f 468 357 677
f 468 677 774
f 774 677 995
f 774 995 1084
f 1285 2214 1084
f 995 1285 1084
f 1287 1285 995
f 1287 1559 1285
f 1561 1559 1287
f 1561 1827 1559
f 1829 1827 1561
f 2182 2107 224
f 2107 1829 224
f 2107 1827 1829
f 2182 2216 2107
f 2217 1326 2215
f 2215 1326 1322
f 223 1322 1326
f 223 1326 225
f 2109 2182 224
f 113 2216 2182
f 2109 113 2182
f 115 113 2109
f 115 226 113
f 113 226 2218
f 1326 2217 1213
f 2217 227 1213
f 2217 2219 227
f 225 1326 1213
f 417 2218 226
f 417 226 419
f 419 228 417
f 417 228 2220
f 229 2219 2221
f 229 227 2219
f 230 812 723
f 2220 230 723
f 228 230 2220
f 812 2222 723
f 231 2221 2223
f 231 229 2221
f 725 812 230
f 725 232 812
f 232 2222 812
f 232 2224 2222
f 2223 1212 231
f 231 1212 1214
f 233 1214 1212
f 233 1212 2225
f 2224 234 2226
f 232 234 2224
f 2225 1488 233
f 233 1488 1490
f 1756 1885 235
f 1490 1756 235
f 1488 1756 1490
f 2042 2169 1885
f 2042 1885 1756
f 50 179 2169
f 50 2169 2042
f 356 487 179
f 356 179 50
f 676 795 487
f 676 487 356
f 2227 795 676
f 2226 236 2228
f 234 236 2226
f 1885 1758 235
f 1758 1885 2044
f 2044 1885 2169
f 2044 2169 52
f 52 2169 179
f 52 179 358
f 358 179 487
f 358 487 678
f 678 487 795
f 2227 994 795
f 994 678 795
f 994 996 678
f 1286 996 994
f 1286 1288 996
f 1560 1641 237
f 1288 1560 237
f 1286 1560 1288
f 2229 1641 1560
f 726 238 2230
f 726 2230 724
f 724 2228 726
f 726 2228 236
f 1641 1562 237
f 2229 1828 1641
f 1828 1562 1641
f 1828 1830 1562
f 2108 1830 1828
f 2108 2110 1830
f 114 2110 2108
f 114 116 2110
f 418 116 114
f 418 420 116
f 418 2230 420
f 420 2230 238
f 239 631 739
f 739 631 1045
f 1045 631 939
f 1045 939 1327
f 1327 939 1229
f 1327 1229 1597
f 1597 1229 1505
f 1505 240 1597
f 241 317 443
f 239 739 317
f 317 739 443
f 739 629 443
f 629 2231 443
f 1045 937 629
f 1045 629 739
f 1327 1227 937
f 1327 937 1045
f 1597 1503 1227
f 1597 1227 1327
f 240 1773 1875
f 240 1875 2232
f 1597 240 2232
f 1503 1597 2232
f 1773 242 1875
f 243 17 143
f 241 443 17
f 17 443 143
f 443 315 143
f 315 2233 143
f 443 2231 315
f 1875 1771 2232
f 1771 1875 242
f 2059 1771 242
f 2057 1771 2059
f 2059 244 2057
f 2057 244 2234
f 149 245 143
f 143 245 243
f 143 2233 2235
f 143 2235 149
f 65 2234 244
f 65 244 67
f 67 371 65
f 373 371 67
f 788 691 246
f 691 373 246
f 691 371 373
f 1098 1009 788
f 788 1009 691
f 1368 1301 1098
f 1098 1301 1009
f 1368 2236 1301
f 151 247 149
f 149 247 245
f 149 2235 2237
f 149 2237 151
f 693 788 246
f 788 693 1011
f 788 1011 1098
f 1098 1011 248
f 1372 1098 248
f 1368 1098 1372
f 2236 1368 2238
f 2238 1368 1372
f 151 18 247
f 249 18 151
f 2237 249 151
f 2239 249 2237
f 250 1376 1372
f 250 1372 248
f 2238 1372 2240
f 2240 1372 1376
f 2239 316 249
f 249 316 318
f 251 318 316
f 251 316 2241
f 252 1380 1376
f 252 1376 250
f 2240 1376 2242
f 2242 1376 1380
f 2241 630 251
f 251 630 632
f 253 632 630
f 253 630 2243
f 2244 1302 1380
f 252 2244 1380
f 254 2244 252
f 2242 1380 1302
f 2243 938 253
f 253 938 940
f 938 2245 1352
f 1230 938 1352
f 940 938 1230
f 255 1230 1352
f 2244 256 2246
f 254 256 2244
f 1228 1352 2245
f 1352 1228 255
f 1228 1506 255
f 1228 1504 1506
f 257 1506 1504
f 257 1504 2247
f 1012 258 2248
f 1012 2248 1010
f 1010 2246 1012
f 1012 2246 256
f 2247 1772 257
f 257 1772 1774
f 2058 1774 1772
f 2058 2060 1774
f 66 2060 2058
f 66 68 2060
f 372 68 66
f 372 374 68
f 692 374 372
f 692 694 374
f 692 2248 694
f 694 2248 258
f 259 1521 1599
f 1599 1521 1871
f 1871 1521 1789
f 1789 260 1871
f 261 1245 2249
f 2249 1245 1243
f 1245 259 1599
f 1519 1245 1599
f 1243 1245 1519
f 1871 1787 1519
f 1871 1519 1599
f 1787 1871 260
f 2075 1787 260
f 2073 1787 2075
f 2075 81 2073
f 83 81 2075
f 2250 81 477
f 81 389 477
f 81 83 389
f 477 389 781
f 781 389 701
f 701 262 781
f 263 953 1059
f 2251 1059 953
f 261 2251 953
f 2249 2251 261
f 477 387 2250
f 781 699 387
f 781 387 477
f 262 1013 1095
f 262 1095 2252
f 781 262 2252
f 699 781 2252
f 1013 264 1095
f 1059 954 263
f 265 954 1059
f 2251 265 1059
f 2253 265 2251
f 1099 2254 2252
f 1099 2252 1095
f 1095 264 1099
f 1099 264 266
f 267 2253 2255
f 267 265 2253
f 1103 2256 2254
f 1103 2254 1099
f 1099 266 1103
f 1103 266 268
f 2255 1244 267
f 267 1244 1246
f 269 1246 1244
f 269 1244 2257
f 1107 2258 2256
f 1107 2256 1103
f 1103 268 1107
f 1107 268 270
f 2257 1520 269
f 269 1520 1522
f 271 1522 1520
f 271 1520 2259
f 1111 2260 2258
f 1111 2258 1107
f 1107 270 1111
f 1111 270 272
f 2259 1788 271
f 271 1788 1790
f 273 1790 1788
f 273 1788 2261
f 700 805 2262
f 1111 1014 2260
f 2260 1014 700
f 1014 274 700
f 274 805 700
f 1111 272 1014
f 2261 2074 273
f 273 2074 2076
f 82 2076 2074
f 82 84 2076
f 388 84 82
f 388 390 84
f 805 702 2262
f 702 388 2262
f 702 390 388
f 805 274 702
f 1034 967 2263
f 275 1261 1034
f 1261 967 1034
f 1261 1259 967
f 1261 1535 1259
f 1537 1535 1261
f 1858 1803 276
f 1803 1537 276
f 1803 1535 1537
f 1858 2264 1803
f 732 649 2265
f 969 1034 2263
f 969 2263 649
f 277 969 649
f 732 277 649
f 275 1034 969
f 1805 1858 276
f 278 2148 2089
f 278 2089 2264
f 1805 278 2264
f 1858 1805 2264
f 2148 2266 2089
f 279 333 2267
f 2267 333 331
f 651 732 2265
f 331 651 2265
f 333 651 331
f 277 732 651
f 2091 2148 278
f 2091 280 2148
f 280 2266 2148
f 280 2268 2266
f 281 29 2269
f 2269 29 27
f 2267 27 29
f 2267 29 279
f 97 2268 280
f 97 280 99
f 99 282 97
f 97 282 2270
f 283 2269 2271
f 283 281 2269
f 403 2270 282
f 403 282 405
f 405 715 403
f 717 715 405
f 717 284 715
f 715 284 2272
f 285 2271 2273
f 285 283 2271
f 1027 2272 284
f 1027 284 1029
f 1029 286 1027
f 1027 286 2274
f 2273 28 285
f 285 28 30
f 287 30 28
f 287 28 2275
f 2274 288 2276
f 286 288 2274
f 2275 332 287
f 287 332 334
f 289 334 332
f 289 332 2277
f 2276 290 2278
f 288 290 2276
f 2277 650 289
f 289 650 652
f 291 652 650
f 291 650 2279
f 1030 292 1108
f 1108 2280 1030
f 2280 290 1030
f 2280 2278 290
f 2279 968 291
f 291 968 970
f 1260 1347 293
f 970 1260 293
f 968 1260 970
f 2281 1347 1260
f 2282 1028 1108
f 292 2282 1108
f 294 2282 292
f 2280 1108 1028
f 1347 1262 293
f 1619 295 1536
f 1536 295 2281
f 295 1262 2281
f 1262 1347 2281
f 2283 1619 1536
f 718 296 2284
f 718 2284 716
f 716 2282 718
f 718 2282 294
f 1619 1538 295
f 2283 1804 1619
f 1804 1538 1619
f 1804 1806 1538
f 2090 1806 1804
f 2090 2092 1806
f 98 2092 2090
f 98 100 2092
f 404 100 98
f 404 406 100
f 404 2284 406
f 406 2284 296
