# Converted from NanoShaper .vert/.face
v 2.270000 -4.670000 -11.084000
v 3.628000 -4.670000 -11.084000
v 1.861000 -4.670000 -10.584000
v 4.037000 -4.670000 -10.584000
v 1.762000 -4.670000 -10.084000
v 4.147000 -4.670000 -10.084000
v 1.885000 -4.670000 -9.584000
v 4.114000 -4.670000 -9.584000
v 2.348000 -4.670000 -9.084000
v 4.089000 -4.670000 -9.084000
v 2.972000 -4.670000 -8.584000
v 3.877000 -4.670000 -8.584000
v 0.359000 -0.670000 -17.084000
v 2.314000 -0.670000 -17.084000
v -0.200000 -0.670000 -16.584000
v 2.829000 -0.670000 -16.584000
v -0.601000 -0.670000 -16.084000
v 3.101000 -0.670000 -16.084000
v -0.697000 -0.670000 -15.584000
v 3.162000 -0.670000 -15.584000
v -0.809000 -0.670000 -15.084000
v 3.260000 -0.670000 -15.084000
v -1.092000 -0.670000 -14.584000
v 3.411000 -0.670000 -14.584000
v -1.565000 -0.670000 -14.084000
v 3.828000 -0.670000 -14.084000
v -1.891000 -0.670000 -13.584000
v 5.164000 -0.670000 -13.584000
v -1.978000 -0.670000 -13.084000
v 6.385000 -0.670000 -13.084000
v -1.878000 -0.670000 -12.584000
v 7.438000 -0.670000 -12.584000
v -1.531000 -0.670000 -12.084000
v 8.446000 -0.670000 -12.084000
v -0.568000 -0.670000 -11.584000
v 8.776000 -0.670000 -11.584000
v 0.378000 -0.670000 -11.084000
v 8.866000 -0.670000 -11.084000
v 0.957000 -0.670000 -10.584000
v 8.803000 -0.670000 -10.584000
v 1.471000 -0.670000 -10.084000
v 8.728000 -0.670000 -10.084000
v 1.937000 -0.670000 -9.584000
v 8.530000 -0.670000 -9.584000
v 2.171000 -0.670000 -9.084000
v 8.318000 -0.670000 -9.084000
v 2.445000 -0.670000 -8.584000
v 8.192000 -0.670000 -8.584000
v 2.640000 -0.670000 -8.084000
v 7.863000 -0.670000 -8.084000
v 2.910000 -0.670000 -7.584000
v 7.537000 -0.670000 -7.584000
v 3.064000 -0.670000 -7.084000
v 7.210000 -0.670000 -7.084000
v 3.082000 -0.670000 -6.584000
v 6.880000 -0.670000 -6.584000
v 3.169000 -0.670000 -6.084000
v 6.535000 -0.670000 -6.084000
v 3.492000 -0.670000 -5.584000
v 6.051000 -0.670000 -5.584000
v 2.492000 3.330000 -18.084000
v 4.467000 3.330000 -18.084000
v 1.970000 3.330000 -17.584000
v 5.135000 3.330000 -17.584000
v 1.423000 3.330000 -17.084000
v 5.541000 3.330000 -17.084000
v 1.140000 3.330000 -16.584000
v 5.928000 3.330000 -16.584000
v 0.707000 3.330000 -16.084000
v 6.058000 3.330000 -16.084000
v 0.047000 3.330000 -15.584000
v 5.994000 3.330000 -15.584000
v -0.222000 3.330000 -15.084000
v 5.885000 3.330000 -15.084000
v -0.053000 3.330000 -14.584000
v 5.859000 3.330000 -14.584000
v 0.332000 3.330000 -14.084000
v 5.961000 3.330000 -14.084000
v 0.777000 3.330000 -13.584000
v 6.199000 3.330000 -13.584000
v 1.482000 3.330000 -13.084000
v 6.558000 3.330000 -13.084000
v 2.242000 3.330000 -12.584000
v 6.914000 3.330000 -12.584000
v 2.644000 3.330000 -12.084000
v 7.238000 3.330000 -12.084000
v 3.004000 3.330000 -11.584000
v 7.346000 3.330000 -11.584000
v 3.306000 3.330000 -11.084000
v 7.275000 3.330000 -11.084000
v 3.617000 3.330000 -10.584000
v 6.974000 3.330000 -10.584000
v 3.835000 3.330000 -10.084000
v 6.122000 3.330000 -10.084000
v 4.304000 3.330000 -9.584000
v 5.496000 3.330000 -9.584000
v 2.189000 -4.670000 -11.022000
v 2.189000 -4.670000 -9.199000
v 2.689000 -4.670000 -11.269000
v 2.689000 -4.670000 -8.837000
v 3.189000 -4.670000 -11.273000
v 3.189000 -4.670000 -8.450000
v 3.689000 -4.670000 -11.039000
v 3.689000 -4.670000 -8.461000
v -1.811000 -0.670000 -13.759000
v -1.811000 -0.670000 -12.443000
v -1.311000 -0.670000 -14.334000
v -1.311000 -0.670000 -11.920000
v -0.811000 -0.670000 -15.080000
v -0.811000 -0.670000 -11.712000
v -0.311000 -0.670000 -16.495000
v -0.311000 -0.670000 -11.404000
v 0.189000 -0.670000 -16.950000
v 0.189000 -0.670000 -11.181000
v 0.689000 -0.670000 -17.238000
v 0.689000 -0.670000 -10.859000
v 1.189000 -0.670000 -17.301000
v 1.189000 -0.670000 -10.382000
v 1.689000 -0.670000 -17.302000
v 1.689000 -0.670000 -9.874000
v 2.189000 -0.670000 -17.172000
v 2.189000 -0.670000 -9.040000
v 2.689000 -0.670000 -16.678000
v 2.689000 -0.670000 -7.970000
v 3.189000 -0.670000 -15.415000
v 3.189000 -0.670000 -6.035000
v 3.689000 -0.670000 -14.197000
v 3.689000 -0.670000 -5.422000
v 4.189000 -0.670000 -13.884000
v 4.189000 -0.670000 -5.212000
v 4.689000 -0.670000 -13.747000
v 4.689000 -0.670000 -5.201000
v 5.189000 -0.670000 -13.573000
v 5.189000 -0.670000 -5.340000
v 5.689000 -0.670000 -13.426000
v 5.689000 -0.670000 -5.438000
v 6.189000 -0.670000 -13.220000
v 6.189000 -0.670000 -5.683000
v 6.689000 -0.670000 -12.937000
v 6.689000 -0.670000 -6.314000
v 7.189000 -0.670000 -12.743000
v 7.189000 -0.670000 -7.051000
v 7.689000 -0.670000 -12.472000
v 7.689000 -0.670000 -7.849000
v 8.189000 -0.670000 -12.280000
v 8.189000 -0.670000 -8.577000
v 8.689000 -0.670000 -11.769000
v 8.689000 -0.670000 -9.943000
v 0.189000 3.330000 -15.684000
v 0.189000 3.330000 -14.288000
v 0.689000 3.330000 -16.068000
v 0.689000 3.330000 -13.648000
v 1.189000 3.330000 -16.671000
v 1.189000 3.330000 -13.327000
v 1.689000 3.330000 -17.326000
v 1.689000 3.330000 -12.924000
v 2.189000 3.330000 -17.793000
v 2.189000 3.330000 -12.626000
v 2.689000 3.330000 -18.231000
v 2.689000 3.330000 -12.004000
v 3.189000 3.330000 -18.416000
v 3.189000 3.330000 -11.319000
v 3.689000 3.330000 -18.405000
v 3.689000 3.330000 -10.445000
v 4.189000 3.330000 -18.215000
v 4.189000 3.330000 -9.668000
v 4.689000 3.330000 -17.948000
v 4.689000 3.330000 -9.394000
v 5.189000 3.330000 -17.536000
v 5.189000 3.330000 -9.414000
v 5.689000 3.330000 -16.919000
v 5.689000 3.330000 -9.740000
v 6.189000 3.330000 -13.599000
v 6.189000 3.330000 -10.121000
v 6.689000 3.330000 -12.890000
v 6.689000 3.330000 -10.349000
v 7.189000 3.330000 -12.187000
v 7.189000 3.330000 -10.883000
v -0.811000 0.634000 -17.084000
v -0.811000 1.450000 -17.084000
v -0.311000 -0.061000 -17.084000
v -0.311000 2.141000 -17.084000
v 0.189000 -0.544000 -17.084000
v 0.189000 2.659000 -17.084000
v 0.689000 -0.829000 -17.084000
v 0.689000 2.878000 -17.084000
v 1.189000 -0.927000 -17.084000
v 1.189000 3.195000 -17.084000
v 1.689000 -0.905000 -17.084000
v 1.689000 3.444000 -17.084000
v 2.189000 -0.718000 -17.084000
v 2.189000 3.843000 -17.084000
v 2.689000 -0.472000 -17.084000
v 2.689000 4.448000 -17.084000
v 3.189000 -0.035000 -17.084000
v 3.189000 5.124000 -17.084000
v 3.689000 0.631000 -17.084000
v 3.689000 5.356000 -17.084000
v 4.189000 0.962000 -17.084000
v 4.189000 5.374000 -17.084000
v 4.689000 1.297000 -17.084000
v 4.689000 5.187000 -17.084000
v 5.189000 1.538000 -17.084000
v 5.189000 4.617000 -17.084000
v 5.689000 2.031000 -17.084000
v 5.689000 3.072000 -17.084000
v -1.811000 -1.620000 -13.084000
v -1.811000 0.107000 -13.084000
v -1.311000 -2.124000 -13.084000
v -1.311000 0.999000 -13.084000
v -0.811000 -2.302000 -13.084000
v -0.811000 1.670000 -13.084000
v -0.311000 -2.322000 -13.084000
v -0.311000 1.887000 -13.084000
v 0.189000 -2.315000 -13.084000
v 0.189000 2.049000 -13.084000
v 0.689000 -2.232000 -13.084000
v 0.689000 2.275000 -13.084000
v 1.189000 -2.189000 -13.084000
v 1.189000 2.787000 -13.084000
v 1.689000 -2.190000 -13.084000
v 1.689000 3.750000 -13.084000
v 2.189000 -2.223000 -13.084000
v 2.189000 5.148000 -13.084000
v 2.689000 -2.309000 -13.084000
v 2.689000 5.639000 -13.084000
v 3.189000 -2.565000 -13.084000
v 3.189000 5.869000 -13.084000
v 3.689000 -2.861000 -13.084000
v 3.689000 5.992000 -13.084000
v 4.189000 -2.868000 -13.084000
v 4.189000 6.055000 -13.084000
v 4.689000 -2.579000 -13.084000
v 4.689000 6.098000 -13.084000
v 5.189000 -1.993000 -13.084000
v 5.189000 6.081000 -13.084000
v 5.689000 -1.659000 -13.084000
v 5.689000 5.912000 -13.084000
v 6.189000 -0.996000 -13.084000
v 6.189000 5.704000 -13.084000
v 6.689000 3.646000 -13.084000
v 6.689000 5.094000 -13.084000
v 2.189000 -4.506000 -9.084000
v 2.189000 -0.184000 -9.084000
v 2.689000 -4.856000 -9.084000
v 2.689000 0.875000 -9.084000
v 3.189000 -4.922000 -9.084000
v 3.189000 1.478000 -9.084000
v 3.689000 -4.834000 -9.084000
v 3.689000 2.356000 -9.084000
v 4.189000 -4.610000 -9.084000
v 4.189000 2.885000 -9.084000
v 4.689000 -4.371000 -9.084000
v 4.689000 3.138000 -9.084000
v 5.189000 -4.296000 -9.084000
v 5.189000 3.130000 -9.084000
v 5.689000 -4.119000 -9.084000
v 5.689000 2.867000 -9.084000
v 6.189000 -3.616000 -9.084000
v 6.189000 2.504000 -9.084000
v 6.689000 -2.684000 -9.084000
v 6.689000 2.353000 -9.084000
v 7.189000 -2.233000 -9.084000
v 7.189000 2.144000 -9.084000
v 7.689000 -1.927000 -9.084000
v 7.689000 1.720000 -9.084000
v 8.189000 -1.105000 -9.084000
v 8.189000 1.154000 -9.084000
v 1.973000 -4.170000 -11.084000
v 3.949000 -4.170000 -11.084000
v 1.654000 -4.170000 -10.584000
v 4.279000 -4.170000 -10.584000
v 1.571000 -4.170000 -10.084000
v 4.641000 -4.170000 -10.084000
v 1.675000 -4.170000 -9.584000
v 5.322000 -4.170000 -9.584000
v 2.013000 -4.170000 -9.084000
v 5.594000 -4.170000 -9.084000
v 2.335000 -4.170000 -8.584000
v 5.351000 -4.170000 -8.584000
v 2.753000 -4.170000 -8.084000
v 4.196000 -4.170000 -8.084000
v 0.290000 -0.170000 -17.584000
v 2.543000 -0.170000 -17.584000
v -0.192000 -0.170000 -17.084000
v 3.064000 -0.170000 -17.084000
v -0.589000 -0.170000 -16.584000
v 3.505000 -0.170000 -16.584000
v -0.818000 -0.170000 -16.084000
v 3.620000 -0.170000 -16.084000
v -0.896000 -0.170000 -15.584000
v 3.604000 -0.170000 -15.584000
v -0.950000 -0.170000 -15.084000
v 3.664000 -0.170000 -15.084000
v -1.123000 -0.170000 -14.584000
v 3.821000 -0.170000 -14.584000
v -1.492000 -0.170000 -14.084000
v 4.564000 -0.170000 -14.084000
v -1.814000 -0.170000 -13.584000
v 5.604000 -0.170000 -13.584000
v -1.899000 -0.170000 -13.084000
v 6.431000 -0.170000 -13.084000
v -1.795000 -0.170000 -12.584000
v 7.467000 -0.170000 -12.584000
v -1.440000 -0.170000 -12.084000
v 8.461000 -0.170000 -12.084000
v -0.465000 -0.170000 -11.584000
v 8.786000 -0.170000 -11.584000
v 0.449000 -0.170000 -11.084000
v 8.875000 -0.170000 -11.084000
v 0.936000 -0.170000 -10.584000
v 8.816000 -0.170000 -10.584000
v 1.487000 -0.170000 -10.084000
v 8.811000 -0.170000 -10.084000
v 1.970000 -0.170000 -9.584000
v 8.711000 -0.170000 -9.584000
v 2.191000 -0.170000 -9.084000
v 8.415000 -0.170000 -9.084000
v 2.435000 -0.170000 -8.584000
v 8.200000 -0.170000 -8.584000
v 2.589000 -0.170000 -8.084000
v 7.926000 -0.170000 -8.084000
v 2.860000 -0.170000 -7.584000
v 7.742000 -0.170000 -7.584000
v 3.050000 -0.170000 -7.084000
v 7.398000 -0.170000 -7.084000
v 3.174000 -0.170000 -6.584000
v 6.878000 -0.170000 -6.584000
v 3.360000 -0.170000 -6.084000
v 6.234000 -0.170000 -6.084000
v 3.766000 -0.170000 -5.584000
v 5.167000 -0.170000 -5.584000
v 2.818000 3.830000 -18.084000
v 4.132000 3.830000 -18.084000
v 2.347000 3.830000 -17.584000
v 5.003000 3.830000 -17.584000
v 2.176000 3.830000 -17.084000
v 5.386000 3.830000 -17.084000
v 1.878000 3.830000 -16.584000
v 5.738000 3.830000 -16.584000
v 1.470000 3.830000 -16.084000
v 5.850000 3.830000 -16.084000
v 0.932000 3.830000 -15.584000
v 5.828000 3.830000 -15.584000
v 0.760000 3.830000 -15.084000
v 5.838000 3.830000 -15.084000
v 0.762000 3.830000 -14.584000
v 5.850000 3.830000 -14.584000
v 0.908000 3.830000 -14.084000
v 6.006000 3.830000 -14.084000
v 1.316000 3.830000 -13.584000
v 6.400000 3.830000 -13.584000
v 1.752000 3.830000 -13.084000
v 6.740000 3.830000 -13.084000
v 2.445000 3.830000 -12.584000
v 6.896000 3.830000 -12.584000
v 2.848000 3.830000 -12.084000
v 7.061000 3.830000 -12.084000
v 3.284000 3.830000 -11.584000
v 7.166000 3.830000 -11.584000
v 3.587000 3.830000 -11.084000
v 7.075000 3.830000 -11.084000
v 3.847000 3.830000 -10.584000
v 6.689000 3.830000 -10.584000
v 4.268000 3.830000 -10.084000
v 5.761000 3.830000 -10.084000
v 1.689000 -4.170000 -10.671000
v 1.689000 -4.170000 -9.551000
v 2.189000 -4.170000 -11.263000
v 2.189000 -4.170000 -8.844000
v 2.689000 -4.170000 -11.477000
v 2.689000 -4.170000 -8.131000
v 3.189000 -4.170000 -11.486000
v 3.189000 -4.170000 -7.901000
v 3.689000 -4.170000 -11.307000
v 3.689000 -4.170000 -7.872000
v 4.189000 -4.170000 -10.734000
v 4.189000 -4.170000 -8.079000
v 4.689000 -4.170000 -10.029000
v 4.689000 -4.170000 -8.390000
v 5.189000 -4.170000 -9.653000
v 5.189000 -4.170000 -8.496000
v -1.811000 -0.170000 -13.593000
v -1.811000 -0.170000 -12.624000
v -1.311000 -0.170000 -14.283000
v -1.311000 -0.170000 -11.983000
v -0.811000 -0.170000 -16.105000
v -0.811000 -0.170000 -11.759000
v -0.311000 -0.170000 -16.953000
v -0.311000 -0.170000 -11.474000
v 0.189000 -0.170000 -17.516000
v 0.189000 -0.170000 -11.236000
v 0.689000 -0.170000 -17.736000
v 0.689000 -0.170000 -10.871000
v 1.189000 -0.170000 -17.727000
v 1.189000 -0.170000 -10.381000
v 1.689000 -0.170000 -17.762000
v 1.689000 -0.170000 -9.910000
v 2.189000 -0.170000 -17.741000
v 2.189000 -0.170000 -9.090000
v 2.689000 -0.170000 -17.471000
v 2.689000 -0.170000 -7.861000
v 3.189000 -0.170000 -16.990000
v 3.189000 -0.170000 -6.542000
v 3.689000 -0.170000 -14.959000
v 3.689000 -0.170000 -5.644000
v 4.189000 -0.170000 -14.231000
v 4.189000 -0.170000 -5.393000
v 4.689000 -0.170000 -14.032000
v 4.689000 -0.170000 -5.381000
v 5.189000 -0.170000 -13.756000
v 5.189000 -0.170000 -5.600000
v 5.689000 -0.170000 -13.544000
v 5.689000 -0.170000 -5.852000
v 6.189000 -0.170000 -13.251000
v 6.189000 -0.170000 -6.061000
v 6.689000 -0.170000 -12.957000
v 6.689000 -0.170000 -6.406000
v 7.189000 -0.170000 -12.757000
v 7.189000 -0.170000 -6.908000
v 7.689000 -0.170000 -12.485000
v 7.689000 -0.170000 -7.468000
v 8.189000 -0.170000 -12.293000
v 8.189000 -0.170000 -8.557000
v 8.689000 -0.170000 -11.790000
v 8.689000 -0.170000 -9.532000
v 1.189000 3.830000 -15.782000
v 1.189000 3.830000 -13.734000
v 1.689000 3.830000 -16.307000
v 1.689000 3.830000 -13.133000
v 2.189000 3.830000 -17.121000
v 2.189000 3.830000 -12.803000
v 2.689000 3.830000 -17.999000
v 2.689000 3.830000 -12.309000
v 3.189000 3.830000 -18.221000
v 3.189000 3.830000 -11.684000
v 3.689000 3.830000 -18.211000
v 3.689000 3.830000 -10.891000
v 4.189000 3.830000 -18.063000
v 4.189000 3.830000 -10.153000
v 4.689000 3.830000 -17.836000
v 4.689000 3.830000 -9.879000
v 5.189000 3.830000 -17.359000
v 5.189000 3.830000 -9.889000
v 5.689000 3.830000 -16.687000
v 5.689000 3.830000 -10.050000
v 6.189000 3.830000 -13.809000
v 6.189000 3.830000 -10.303000
v 6.689000 3.830000 -13.199000
v 6.689000 3.830000 -10.585000
v -0.811000 0.348000 -16.584000
v -0.811000 1.665000 -16.584000
v -0.311000 -0.555000 -16.584000
v -0.311000 2.363000 -16.584000
v 0.189000 -0.951000 -16.584000
v 0.189000 2.789000 -16.584000
v 0.689000 -1.168000 -16.584000
v 0.689000 3.016000 -16.584000
v 1.189000 -1.253000 -16.584000
v 1.189000 3.369000 -16.584000
v 1.689000 -1.237000 -16.584000
v 1.689000 3.704000 -16.584000
v 2.189000 -1.005000 -16.584000
v 2.189000 4.135000 -16.584000
v 2.689000 -0.718000 -16.584000
v 2.689000 4.774000 -16.584000
v 3.189000 -0.490000 -16.584000
v 3.189000 5.232000 -16.584000
v 3.689000 0.194000 -16.584000
v 3.689000 5.433000 -16.584000
v 4.189000 0.845000 -16.584000
v 4.189000 5.450000 -16.584000
v 4.689000 1.140000 -16.584000
v 4.689000 5.275000 -16.584000
v 5.189000 1.280000 -16.584000
v 5.189000 4.788000 -16.584000
v 5.689000 1.514000 -16.584000
v 5.689000 4.008000 -16.584000
v -1.811000 -1.395000 -12.584000
v -1.811000 -0.251000 -12.584000
v -1.311000 -2.008000 -12.584000
v -1.311000 0.618000 -12.584000
v -0.811000 -2.202000 -12.584000
v -0.811000 1.240000 -12.584000
v -0.311000 -2.229000 -12.584000
v -0.311000 1.540000 -12.584000
v 0.189000 -2.307000 -12.584000
v 0.189000 1.584000 -12.584000
v 0.689000 -2.315000 -12.584000
v 0.689000 1.771000 -12.584000
v 1.189000 -2.336000 -12.584000
v 1.189000 2.236000 -12.584000
v 1.689000 -2.372000 -12.584000
v 1.689000 2.682000 -12.584000
v 2.189000 -2.474000 -12.584000
v 2.189000 3.247000 -12.584000
v 2.689000 -2.663000 -12.584000
v 2.689000 5.220000 -12.584000
v 3.189000 -2.975000 -12.584000
v 3.189000 5.671000 -12.584000
v 3.689000 -3.173000 -12.584000
v 3.689000 5.938000 -12.584000
v 4.189000 -3.178000 -12.584000
v 4.189000 6.185000 -12.584000
v 4.689000 -2.974000 -12.584000
v 4.689000 6.384000 -12.584000
v 5.189000 -2.461000 -12.584000
v 5.189000 6.389000 -12.584000
v 5.689000 -2.045000 -12.584000
v 5.689000 6.185000 -12.584000
v 6.189000 -1.634000 -12.584000
v 6.189000 5.820000 -12.584000
v 6.689000 -1.372000 -12.584000
v 6.689000 5.316000 -12.584000
v 7.189000 -1.077000 -12.584000
v 7.189000 1.712000 -12.584000
v 2.189000 -3.882000 -8.584000
v 2.189000 -2.985000 -8.584000
v 2.689000 -4.526000 -8.584000
v 2.689000 0.738000 -8.584000
v 3.189000 -4.729000 -8.584000
v 3.189000 1.312000 -8.584000
v 3.689000 -4.724000 -8.584000
v 3.689000 2.236000 -8.584000
v 4.189000 -4.505000 -8.584000
v 4.189000 2.800000 -8.584000
v 4.689000 -4.272000 -8.584000
v 4.689000 3.004000 -8.584000
v 5.189000 -4.207000 -8.584000
v 5.189000 3.006000 -8.584000
v 5.689000 -4.015000 -8.584000
v 5.689000 2.812000 -8.584000
v 6.189000 -3.420000 -8.584000
v 6.189000 2.472000 -8.584000
v 6.689000 -2.531000 -8.584000
v 6.689000 2.244000 -8.584000
v 7.189000 -2.039000 -8.584000
v 7.189000 1.849000 -8.584000
v 7.689000 -1.511000 -8.584000
v 7.689000 1.394000 -8.584000
v 8.189000 -0.686000 -8.584000
v 8.189000 0.308000 -8.584000
v 2.275000 -3.670000 -11.584000
v 3.914000 -3.670000 -11.584000
v 1.826000 -3.670000 -11.084000
v 4.259000 -3.670000 -11.084000
v 1.627000 -3.670000 -10.584000
v 4.609000 -3.670000 -10.584000
v 1.567000 -3.670000 -10.084000
v 5.583000 -3.670000 -10.084000
v 1.667000 -3.670000 -9.584000
v 6.040000 -3.670000 -9.584000
v 1.949000 -3.670000 -9.084000
v 6.156000 -3.670000 -9.084000
v 2.132000 -3.670000 -8.584000
v 6.049000 -3.670000 -8.584000
v 2.459000 -3.670000 -8.084000
v 5.746000 -3.670000 -8.084000
v 3.161000 -3.670000 -7.584000
v 5.559000 -3.670000 -7.584000
v 3.723000 -3.670000 -7.084000
v 5.361000 -3.670000 -7.084000
v 4.096000 -3.670000 -6.584000
v 4.701000 -3.670000 -6.584000
v -0.279000 0.330000 -17.584000
v 2.850000 0.330000 -17.584000
v -0.667000 0.330000 -17.084000
v 3.412000 0.330000 -17.084000
v -0.805000 0.330000 -16.584000
v 3.759000 0.330000 -16.584000
v -0.895000 0.330000 -16.084000
v 3.875000 0.330000 -16.084000
v -0.949000 0.330000 -15.584000
v 4.074000 0.330000 -15.584000
v -0.949000 0.330000 -15.084000
v 4.438000 0.330000 -15.084000
v -1.090000 0.330000 -14.584000
v 4.733000 0.330000 -14.584000
v -1.392000 0.330000 -14.084000
v 5.172000 0.330000 -14.084000
v -1.609000 0.330000 -13.584000
v 5.858000 0.330000 -13.584000
v -1.688000 0.330000 -13.084000
v 6.441000 0.330000 -13.084000
v -1.562000 0.330000 -12.584000
v 7.466000 0.330000 -12.584000
v -1.103000 0.330000 -12.084000
v 8.457000 0.330000 -12.084000
v -0.118000 0.330000 -11.584000
v 8.781000 0.330000 -11.584000
v 0.758000 0.330000 -11.084000
v 8.870000 0.330000 -11.084000
v 1.212000 0.330000 -10.584000
v 8.864000 0.330000 -10.584000
v 1.785000 0.330000 -10.084000
v 8.820000 0.330000 -10.084000
v 2.137000 0.330000 -9.584000
v 8.712000 0.330000 -9.584000
v 2.381000 0.330000 -9.084000
v 8.402000 0.330000 -9.084000
v 2.517000 0.330000 -8.584000
v 8.185000 0.330000 -8.584000
v 2.608000 0.330000 -8.084000
v 7.934000 0.330000 -8.084000
v 2.894000 0.330000 -7.584000
v 7.774000 0.330000 -7.584000
v 3.104000 0.330000 -7.084000
v 7.465000 0.330000 -7.084000
v 3.366000 0.330000 -6.584000
v 6.869000 0.330000 -6.584000
v 3.824000 0.330000 -6.084000
v 5.357000 0.330000 -6.084000
v 2.872000 4.330000 -17.584000
v 4.975000 4.330000 -17.584000
v 2.608000 4.330000 -17.084000
v 5.285000 4.330000 -17.084000
v 2.327000 4.330000 -16.584000
v 5.521000 4.330000 -16.584000
v 2.125000 4.330000 -16.084000
v 5.653000 4.330000 -16.084000
v 1.799000 4.330000 -15.584000
v 5.621000 4.330000 -15.584000
v 1.370000 4.330000 -15.084000
v 5.658000 4.330000 -15.084000
v 1.254000 4.330000 -14.584000
v 5.764000 4.330000 -14.584000
v 1.342000 4.330000 -14.084000
v 5.975000 4.330000 -14.084000
v 1.575000 4.330000 -13.584000
v 6.424000 4.330000 -13.584000
v 1.958000 4.330000 -13.084000
v 6.762000 4.330000 -13.084000
v 2.486000 4.330000 -12.584000
v 6.866000 4.330000 -12.584000
v 2.984000 4.330000 -12.084000
v 6.886000 4.330000 -12.084000
v 3.399000 4.330000 -11.584000
v 6.847000 4.330000 -11.584000
v 3.670000 4.330000 -11.084000
v 6.755000 4.330000 -11.084000
v 3.965000 4.330000 -10.584000
v 6.430000 4.330000 -10.584000
v 1.689000 -3.670000 -10.786000
v 1.689000 -3.670000 -9.533000
v 2.189000 -3.670000 -11.520000
v 2.189000 -3.670000 -8.455000
v 2.689000 -3.670000 -11.763000
v 2.689000 -3.670000 -7.902000
v 3.189000 -3.670000 -11.780000
v 3.189000 -3.670000 -7.564000
v 3.689000 -3.670000 -11.714000
v 3.689000 -3.670000 -7.126000
v 4.189000 -3.670000 -11.244000
v 4.189000 -3.670000 -6.537000
v 4.689000 -3.670000 -10.521000
v 4.689000 -3.670000 -6.577000
v 5.189000 -3.670000 -10.249000
v 5.189000 -3.670000 -6.961000
v 5.689000 -3.670000 -10.013000
v 5.689000 -3.670000 -7.975000
v -1.311000 0.330000 -14.216000
v -1.311000 0.330000 -12.254000
v -0.811000 0.330000 -16.560000
v -0.811000 0.330000 -11.898000
v -0.311000 0.330000 -17.560000
v -0.311000 0.330000 -11.674000
v 0.189000 0.330000 -17.804000
v 0.189000 0.330000 -11.459000
v 0.689000 0.330000 -17.926000
v 0.689000 0.330000 -11.156000
v 1.189000 0.330000 -17.920000
v 1.189000 0.330000 -10.601000
v 1.689000 0.330000 -17.955000
v 1.689000 0.330000 -10.177000
v 2.189000 0.330000 -17.937000
v 2.189000 0.330000 -9.478000
v 2.689000 0.330000 -17.716000
v 2.689000 0.330000 -7.898000
v 3.189000 0.330000 -17.254000
v 3.189000 0.330000 -6.897000
v 3.689000 0.330000 -16.743000
v 3.689000 0.330000 -6.192000
v 4.189000 0.330000 -15.395000
v 4.189000 0.330000 -5.894000
v 4.689000 0.330000 -14.661000
v 4.689000 0.330000 -5.881000
v 5.189000 0.330000 -14.070000
v 5.189000 0.330000 -6.033000
v 5.689000 0.330000 -13.720000
v 5.689000 0.330000 -6.170000
v 6.189000 0.330000 -13.269000
v 6.189000 0.330000 -6.237000
v 6.689000 0.330000 -12.959000
v 6.689000 0.330000 -6.442000
v 7.189000 0.330000 -12.758000
v 7.189000 0.330000 -6.854000
v 7.689000 0.330000 -12.487000
v 7.689000 0.330000 -7.393000
v 8.189000 0.330000 -12.290000
v 8.189000 0.330000 -8.595000
v 8.689000 0.330000 -11.782000
v 8.689000 0.330000 -9.532000
v 1.689000 4.330000 -15.485000
v 1.689000 4.330000 -13.387000
v 2.189000 4.330000 -16.211000
v 2.189000 4.330000 -12.886000
v 2.689000 4.330000 -17.304000
v 2.689000 4.330000 -12.390000
v 3.189000 4.330000 -17.827000
v 3.189000 4.330000 -11.842000
v 3.689000 4.330000 -17.984000
v 3.689000 4.330000 -11.035000
v 4.189000 4.330000 -17.990000
v 4.189000 4.330000 -10.367000
v 4.689000 4.330000 -17.811000
v 4.689000 4.330000 -10.124000
v 5.189000 4.330000 -17.294000
v 5.189000 4.330000 -10.114000
v 5.689000 4.330000 -14.893000
v 5.689000 4.330000 -10.194000
v 6.189000 4.330000 -13.803000
v 6.189000 4.330000 -10.388000
v 6.689000 4.330000 -13.240000
v 6.689000 4.330000 -10.940000
v -0.811000 -0.204000 -16.084000
v -0.811000 1.982000 -16.084000
v -0.311000 -0.966000 -16.084000
v -0.311000 2.715000 -16.084000
v 0.189000 -1.195000 -16.084000
v 0.189000 3.037000 -16.084000
v 0.689000 -1.267000 -16.084000
v 0.689000 3.316000 -16.084000
v 1.189000 -1.342000 -16.084000
v 1.189000 3.684000 -16.084000
v 1.689000 -1.337000 -16.084000
v 1.689000 3.938000 -16.084000
v 2.189000 -1.231000 -16.084000
v 2.189000 4.427000 -16.084000
v 2.689000 -1.000000 -16.084000
v 2.689000 5.121000 -16.084000
v 3.189000 -0.607000 -16.084000
v 3.189000 5.359000 -16.084000
v 3.689000 -0.046000 -16.084000
v 3.689000 5.433000 -16.084000
v 4.189000 0.751000 -16.084000
v 4.189000 5.446000 -16.084000
v 4.689000 1.043000 -16.084000
v 4.689000 5.272000 -16.084000
v 5.189000 1.165000 -16.084000
v 5.189000 4.813000 -16.084000
v 5.689000 1.379000 -16.084000
v 5.689000 4.270000 -16.084000
v 6.189000 1.984000 -16.084000
v 6.189000 3.090000 -16.084000
v -1.311000 -1.567000 -12.084000
v -1.311000 0.092000 -12.084000
v -0.811000 -1.858000 -12.084000
v -0.811000 0.749000 -12.084000
v -0.311000 -2.037000 -12.084000
v -0.311000 1.023000 -12.084000
v 0.189000 -2.221000 -12.084000
v 0.189000 1.065000 -12.084000
v 0.689000 -2.313000 -12.084000
v 0.689000 1.304000 -12.084000
v 1.189000 -2.459000 -12.084000
v 1.189000 1.586000 -12.084000
v 1.689000 -2.698000 -12.084000
v 1.689000 1.856000 -12.084000
v 2.189000 -2.939000 -12.084000
v 2.189000 2.605000 -12.084000
v 2.689000 -3.153000 -12.084000
v 2.689000 3.454000 -12.084000
v 3.189000 -3.349000 -12.084000
v 3.189000 5.253000 -12.084000
v 3.689000 -3.401000 -12.084000
v 3.689000 5.818000 -12.084000
v 4.189000 -3.298000 -12.084000
v 4.189000 6.261000 -12.084000
v 4.689000 -3.066000 -12.084000
v 4.689000 6.462000 -12.084000
v 5.189000 -2.595000 -12.084000
v 5.189000 6.466000 -12.084000
v 5.689000 -2.157000 -12.084000
v 5.689000 6.276000 -12.084000
v 6.189000 -1.860000 -12.084000
v 6.189000 5.780000 -12.084000
v 6.689000 -1.722000 -12.084000
v 6.689000 5.131000 -12.084000
v 7.189000 -1.548000 -12.084000
v 7.189000 3.524000 -12.084000
v 7.689000 -1.389000 -12.084000
v 7.689000 1.689000 -12.084000
v 8.189000 -1.119000 -12.084000
v 8.189000 1.243000 -12.084000
v 2.689000 -4.105000 -8.084000
v 2.689000 0.572000 -8.084000
v 3.189000 -4.403000 -8.084000
v 3.189000 1.294000 -8.084000
v 3.689000 -4.395000 -8.084000
v 3.689000 2.317000 -8.084000
v 4.189000 -4.173000 -8.084000
v 4.189000 2.811000 -8.084000
v 4.689000 -3.989000 -8.084000
v 4.689000 2.985000 -8.084000
v 5.189000 -3.942000 -8.084000
v 5.189000 2.968000 -8.084000
v 5.689000 -3.716000 -8.084000
v 5.689000 2.750000 -8.084000
v 6.189000 -3.200000 -8.084000
v 6.189000 2.382000 -8.084000
v 6.689000 -2.527000 -8.084000
v 6.689000 2.103000 -8.084000
v 7.189000 -1.716000 -8.084000
v 7.189000 1.744000 -8.084000
v 7.689000 -1.017000 -8.084000
v 7.689000 1.232000 -8.084000
v 3.674000 -3.170000 -12.584000
v 4.228000 -3.170000 -12.584000
v 2.716000 -3.170000 -12.084000
v 4.498000 -3.170000 -12.084000
v 1.830000 -3.170000 -11.584000
v 4.577000 -3.170000 -11.584000
v 1.596000 -3.170000 -11.084000
v 4.820000 -3.170000 -11.084000
v 1.553000 -3.170000 -10.584000
v 5.533000 -3.170000 -10.584000
v 1.520000 -3.170000 -10.084000
v 6.125000 -3.170000 -10.084000
v 1.602000 -3.170000 -9.584000
v 6.395000 -3.170000 -9.584000
v 1.890000 -3.170000 -9.084000
v 6.391000 -3.170000 -9.084000
v 2.139000 -3.170000 -8.584000
v 6.302000 -3.170000 -8.584000
v 2.468000 -3.170000 -8.084000
v 6.214000 -3.170000 -8.084000
v 2.911000 -3.170000 -7.584000
v 6.174000 -3.170000 -7.584000
v 3.178000 -3.170000 -7.084000
v 6.112000 -3.170000 -7.084000
v 3.339000 -3.170000 -6.584000
v 5.813000 -3.170000 -6.584000
v 3.769000 -3.170000 -6.084000
v 5.140000 -3.170000 -6.084000
v -0.548000 0.830000 -17.584000
v 3.153000 0.830000 -17.584000
v -0.859000 0.830000 -17.084000
v 3.968000 0.830000 -17.084000
v -0.938000 0.830000 -16.584000
v 4.171000 0.830000 -16.584000
v -0.913000 0.830000 -16.084000
v 4.282000 0.830000 -16.084000
v -0.955000 0.830000 -15.584000
v 4.737000 0.830000 -15.584000
v -0.962000 0.830000 -15.084000
v 5.075000 0.830000 -15.084000
v -1.103000 0.830000 -14.584000
v 5.284000 0.830000 -14.584000
v -1.357000 0.830000 -14.084000
v 5.570000 0.830000 -14.084000
v -1.449000 0.830000 -13.584000
v 5.891000 0.830000 -13.584000
v -1.382000 0.830000 -13.084000
v 6.435000 0.830000 -13.084000
v -1.166000 0.830000 -12.584000
v 7.447000 0.830000 -12.584000
v -0.721000 0.830000 -12.084000
v 8.391000 0.830000 -12.084000
v 0.755000 0.830000 -11.584000
v 8.718000 0.830000 -11.584000
v 1.245000 0.830000 -11.084000
v 8.811000 0.830000 -11.084000
v 1.857000 0.830000 -10.584000
v 8.864000 0.830000 -10.584000
v 2.210000 0.830000 -10.084000
v 8.798000 0.830000 -10.084000
v 2.370000 0.830000 -9.584000
v 8.686000 0.830000 -9.584000
v 2.651000 0.830000 -9.084000
v 8.335000 0.830000 -9.084000
v 2.749000 0.830000 -8.584000
v 7.990000 0.830000 -8.584000
v 2.842000 0.830000 -8.084000
v 7.851000 0.830000 -8.084000
v 3.116000 0.830000 -7.584000
v 7.759000 0.830000 -7.584000
v 3.314000 0.830000 -7.084000
v 7.446000 0.830000 -7.084000
v 3.732000 0.830000 -6.584000
v 6.555000 0.830000 -6.584000
v 3.303000 4.830000 -17.584000
v 4.667000 4.830000 -17.584000
v 2.904000 4.830000 -17.084000
v 5.066000 4.830000 -17.084000
v 2.730000 4.830000 -16.584000
v 5.158000 4.830000 -16.584000
v 2.412000 4.830000 -16.084000
v 5.173000 4.830000 -16.084000
v 2.211000 4.830000 -15.584000
v 5.169000 4.830000 -15.584000
v 1.864000 4.830000 -15.084000
v 5.272000 4.830000 -15.084000
v 1.606000 4.830000 -14.584000
v 5.553000 4.830000 -14.584000
v 1.559000 4.830000 -14.084000
v 5.846000 4.830000 -14.084000
v 1.665000 4.830000 -13.584000
v 6.420000 4.830000 -13.584000
v 2.020000 4.830000 -13.084000
v 6.763000 4.830000 -13.084000
v 2.492000 4.830000 -12.584000
v 6.862000 4.830000 -12.584000
v 3.010000 4.830000 -12.084000
v 6.781000 4.830000 -12.084000
v 3.393000 4.830000 -11.584000
v 6.675000 4.830000 -11.584000
v 3.620000 4.830000 -11.084000
v 6.509000 4.830000 -11.084000
v 3.943000 4.830000 -10.584000
v 6.111000 4.830000 -10.584000
v 1.689000 -3.170000 -11.357000
v 1.689000 -3.170000 -9.392000
v 2.189000 -3.170000 -11.872000
v 2.189000 -3.170000 -8.469000
v 2.689000 -3.170000 -12.071000
v 2.689000 -3.170000 -7.861000
v 3.189000 -3.170000 -12.288000
v 3.189000 -3.170000 -7.055000
v 3.689000 -3.170000 -12.593000
v 3.689000 -3.170000 -6.141000
v 4.189000 -3.170000 -12.606000
v 4.189000 -3.170000 -5.909000
v 4.689000 -3.170000 -11.292000
v 4.689000 -3.170000 -5.916000
v 5.189000 -3.170000 -10.778000
v 5.189000 -3.170000 -6.116000
v 5.689000 -3.170000 -10.461000
v 5.689000 -3.170000 -6.513000
v 6.189000 -3.170000 -10.020000
v 6.189000 -3.170000 -7.866000
v -1.311000 0.830000 -14.190000
v -1.311000 0.830000 -12.902000
v -0.811000 0.830000 -17.201000
v -0.811000 0.830000 -12.146000
v -0.311000 0.830000 -17.780000
v -0.311000 0.830000 -11.928000
v 0.189000 0.830000 -17.981000
v 0.189000 0.830000 -11.876000
v 0.689000 0.830000 -17.985000
v 0.689000 0.830000 -11.641000
v 1.189000 0.830000 -17.972000
v 1.189000 0.830000 -11.128000
v 1.689000 0.830000 -17.975000
v 1.689000 0.830000 -10.732000
v 2.189000 0.830000 -17.937000
v 2.189000 0.830000 -10.130000
v 2.689000 0.830000 -17.774000
v 2.689000 0.830000 -8.978000
v 3.189000 0.830000 -17.568000
v 3.189000 0.830000 -7.415000
v 3.689000 0.830000 -17.307000
v 3.689000 0.830000 -6.615000
v 4.189000 0.830000 -16.406000
v 4.189000 0.830000 -6.392000
v 4.689000 0.830000 -15.626000
v 4.689000 0.830000 -6.367000
v 5.189000 0.830000 -14.796000
v 5.189000 0.830000 -6.389000
v 5.689000 0.830000 -13.894000
v 5.689000 0.830000 -6.403000
v 6.189000 0.830000 -13.261000
v 6.189000 0.830000 -6.441000
v 6.689000 0.830000 -12.958000
v 6.689000 0.830000 -6.647000
v 7.189000 0.830000 -12.755000
v 7.189000 0.830000 -6.879000
v 7.689000 0.830000 -12.468000
v 7.689000 0.830000 -7.423000
v 8.189000 0.830000 -12.248000
v 8.189000 0.830000 -8.911000
v 8.689000 0.830000 -11.655000
v 8.689000 0.830000 -9.590000
v 1.689000 4.830000 -14.811000
v 1.689000 4.830000 -13.529000
v 2.189000 4.830000 -15.547000
v 2.189000 4.830000 -12.936000
v 2.689000 4.830000 -16.510000
v 2.689000 4.830000 -12.414000
v 3.189000 4.830000 -17.491000
v 3.189000 4.830000 -11.887000
v 3.689000 4.830000 -17.765000
v 3.689000 4.830000 -10.929000
v 4.189000 4.830000 -17.785000
v 4.189000 4.830000 -10.389000
v 4.689000 4.830000 -17.568000
v 4.689000 4.830000 -10.192000
v 5.189000 4.830000 -15.365000
v 5.189000 4.830000 -10.185000
v 5.689000 4.830000 -14.305000
v 5.689000 4.830000 -10.341000
v 6.189000 4.830000 -13.765000
v 6.189000 4.830000 -10.650000
v 6.689000 4.830000 -13.241000
v 6.689000 4.830000 -11.633000
v -0.811000 -0.450000 -15.584000
v -0.811000 2.351000 -15.584000
v -0.311000 -1.063000 -15.584000
v -0.311000 3.141000 -15.584000
v 0.189000 -1.275000 -15.584000
v 0.189000 3.380000 -15.584000
v 0.689000 -1.306000 -15.584000
v 0.689000 3.692000 -15.584000
v 1.189000 -1.369000 -15.584000
v 1.189000 3.931000 -15.584000
v 1.689000 -1.474000 -15.584000
v 1.689000 4.234000 -15.584000
v 2.189000 -1.426000 -15.584000
v 2.189000 4.802000 -15.584000
v 2.689000 -1.181000 -15.584000
v 2.689000 5.275000 -15.584000
v 3.189000 -0.637000 -15.584000
v 3.189000 5.460000 -15.584000
v 3.689000 -0.086000 -15.584000
v 3.689000 5.472000 -15.584000
v 4.189000 0.435000 -15.584000
v 4.189000 5.461000 -15.584000
v 4.689000 0.803000 -15.584000
v 4.689000 5.286000 -15.584000
v 5.189000 1.107000 -15.584000
v 5.189000 4.805000 -15.584000
v 5.689000 1.438000 -15.584000
v 5.689000 4.216000 -15.584000
v 6.189000 2.220000 -15.584000
v 6.189000 2.855000 -15.584000
v -0.311000 -1.600000 -11.584000
v -0.311000 0.132000 -11.584000
v 0.189000 -1.911000 -11.584000
v 0.189000 0.488000 -11.584000
v 0.689000 -2.181000 -11.584000
v 0.689000 0.770000 -11.584000
v 1.189000 -2.569000 -11.584000
v 1.189000 1.191000 -11.584000
v 1.689000 -3.037000 -11.584000
v 1.689000 1.448000 -11.584000
v 2.189000 -3.586000 -11.584000
v 2.189000 1.911000 -11.584000
v 2.689000 -3.936000 -11.584000
v 2.689000 2.622000 -11.584000
v 3.189000 -3.954000 -11.584000
v 3.189000 3.658000 -11.584000
v 3.689000 -3.793000 -11.584000
v 3.689000 5.741000 -11.584000
v 4.189000 -3.497000 -11.584000
v 4.189000 6.255000 -11.584000
v 4.689000 -3.077000 -11.584000
v 4.689000 6.439000 -11.584000
v 5.189000 -2.699000 -11.584000
v 5.189000 6.430000 -11.584000
v 5.689000 -2.307000 -11.584000
v 5.689000 6.223000 -11.584000
v 6.189000 -2.055000 -11.584000
v 6.189000 5.669000 -11.584000
v 6.689000 -1.973000 -11.584000
v 6.689000 4.788000 -11.584000
v 7.189000 -1.927000 -11.584000
v 7.189000 3.790000 -11.584000
v 7.689000 -1.804000 -11.584000
v 7.689000 2.241000 -11.584000
v 8.189000 -1.541000 -11.584000
v 8.189000 1.746000 -11.584000
v 8.689000 -0.947000 -11.584000
v 8.689000 0.962000 -11.584000
v 3.189000 -3.697000 -7.584000
v 3.189000 1.028000 -7.584000
v 3.689000 -3.924000 -7.584000
v 3.689000 2.108000 -7.584000
v 4.189000 -3.910000 -7.584000
v 4.189000 2.700000 -7.584000
v 4.689000 -3.851000 -7.584000
v 4.689000 2.889000 -7.584000
v 5.189000 -3.807000 -7.584000
v 5.189000 2.871000 -7.584000
v 5.689000 -3.590000 -7.584000
v 5.689000 2.633000 -7.584000
v 6.189000 -3.159000 -7.584000
v 6.189000 2.133000 -7.584000
v 6.689000 -2.624000 -7.584000
v 6.689000 1.856000 -7.584000
v 7.189000 -1.190000 -7.584000
v 7.189000 1.651000 -7.584000
v 7.689000 -0.370000 -7.584000
v 7.689000 1.050000 -7.584000
v 3.312000 -2.670000 -13.084000
v 4.591000 -2.670000 -13.084000
v 2.701000 -2.670000 -12.584000
v 5.009000 -2.670000 -12.584000
v 1.636000 -2.670000 -12.084000
v 5.115000 -2.670000 -12.084000
v 1.300000 -2.670000 -11.584000
v 5.218000 -2.670000 -11.584000
v 1.257000 -2.670000 -11.084000
v 5.639000 -2.670000 -11.084000
v 1.358000 -2.670000 -10.584000
v 6.904000 -2.670000 -10.584000
v 1.472000 -2.670000 -10.084000
v 7.150000 -2.670000 -10.084000
v 1.588000 -2.670000 -9.584000
v 6.999000 -2.670000 -9.584000
v 1.901000 -2.670000 -9.084000
v 6.701000 -2.670000 -9.084000
v 2.317000 -2.670000 -8.584000
v 6.591000 -2.670000 -8.584000
v 2.559000 -2.670000 -8.084000
v 6.612000 -2.670000 -8.084000
v 2.861000 -2.670000 -7.584000
v 6.663000 -2.670000 -7.584000
v 3.016000 -2.670000 -7.084000
v 6.649000 -2.670000 -7.084000
v 3.112000 -2.670000 -6.584000
v 6.522000 -2.670000 -6.584000
v 3.382000 -2.670000 -6.084000
v 6.044000 -2.670000 -6.084000
v 3.822000 -2.670000 -5.584000
v 5.402000 -2.670000 -5.584000
v -0.529000 1.330000 -17.584000
v 4.323000 1.330000 -17.584000
v -0.844000 1.330000 -17.084000
v 4.768000 1.330000 -17.084000
v -0.924000 1.330000 -16.584000
v 5.357000 1.330000 -16.584000
v -0.923000 1.330000 -16.084000
v 5.611000 1.330000 -16.084000
v -0.950000 1.330000 -15.584000
v 5.558000 1.330000 -15.584000
v -0.962000 1.330000 -15.084000
v 5.614000 1.330000 -15.084000
v -1.019000 1.330000 -14.584000
v 5.690000 1.330000 -14.584000
v -1.164000 1.330000 -14.084000
v 5.745000 1.330000 -14.084000
v -1.260000 1.330000 -13.584000
v 5.972000 1.330000 -13.584000
v -1.148000 1.330000 -13.084000
v 6.515000 1.330000 -13.084000
v -0.710000 1.330000 -12.584000
v 7.384000 1.330000 -12.584000
v 0.721000 1.330000 -12.084000
v 8.108000 1.330000 -12.084000
v 1.472000 1.330000 -11.584000
v 8.523000 1.330000 -11.584000
v 1.846000 1.330000 -11.084000
v 8.742000 1.330000 -11.084000
v 2.248000 1.330000 -10.584000
v 8.823000 1.330000 -10.584000
v 2.633000 1.330000 -10.084000
v 8.716000 1.330000 -10.084000
v 2.821000 1.330000 -9.584000
v 8.476000 1.330000 -9.584000
v 3.091000 1.330000 -9.084000
v 8.063000 1.330000 -9.084000
v 3.203000 1.330000 -8.584000
v 7.742000 1.330000 -8.584000
v 3.212000 1.330000 -8.084000
v 7.627000 1.330000 -8.084000
v 3.337000 1.330000 -7.584000
v 7.530000 1.330000 -7.584000
v 3.717000 1.330000 -7.084000
v 7.114000 1.330000 -7.084000
v 3.592000 5.330000 -17.084000
v 4.378000 5.330000 -17.084000
v 3.380000 5.330000 -16.584000
v 4.584000 5.330000 -16.584000
v 3.088000 5.330000 -16.084000
v 4.578000 5.330000 -16.084000
v 2.788000 5.330000 -15.584000
v 4.608000 5.330000 -15.584000
v 2.310000 5.330000 -15.084000
v 4.606000 5.330000 -15.084000
v 1.881000 5.330000 -14.584000
v 4.896000 5.330000 -14.584000
v 1.777000 5.330000 -14.084000
v 5.265000 5.330000 -14.084000
v 1.902000 5.330000 -13.584000
v 6.125000 5.330000 -13.584000
v 2.341000 5.330000 -13.084000
v 6.566000 5.330000 -13.084000
v 2.789000 5.330000 -12.584000
v 6.681000 5.330000 -12.584000
v 3.238000 5.330000 -12.084000
v 6.582000 5.330000 -12.084000
v 3.495000 5.330000 -11.584000
v 6.436000 5.330000 -11.584000
v 3.629000 5.330000 -11.084000
v 6.208000 5.330000 -11.084000
v 3.956000 5.330000 -10.584000
v 5.872000 5.330000 -10.584000
v 1.689000 -2.670000 -12.121000
v 1.689000 -2.670000 -9.365000
v 2.189000 -2.670000 -12.338000
v 2.189000 -2.670000 -8.778000
v 2.689000 -2.670000 -12.577000
v 2.689000 -2.670000 -7.866000
v 3.189000 -2.670000 -12.991000
v 3.189000 -2.670000 -6.414000
v 3.689000 -2.670000 -13.248000
v 3.689000 -2.670000 -5.686000
v 4.189000 -2.670000 -13.253000
v 4.189000 -2.670000 -5.423000
v 4.689000 -2.670000 -13.011000
v 4.689000 -2.670000 -5.408000
v 5.189000 -2.670000 -11.655000
v 5.189000 -2.670000 -5.510000
v 5.689000 -2.670000 -11.048000
v 5.689000 -2.670000 -5.774000
v 6.189000 -2.670000 -10.809000
v 6.189000 -2.670000 -6.182000
v 6.689000 -2.670000 -10.713000
v 6.689000 -2.670000 -9.056000
v -0.811000 1.330000 -17.167000
v -0.811000 1.330000 -12.657000
v -0.311000 1.330000 -17.763000
v -0.311000 1.330000 -12.410000
v 0.189000 1.330000 -17.967000
v 0.189000 1.330000 -12.348000
v 0.689000 1.330000 -18.004000
v 0.689000 1.330000 -12.106000
v 1.189000 1.330000 -17.994000
v 1.189000 1.330000 -11.790000
v 1.689000 1.330000 -17.960000
v 1.689000 1.330000 -11.316000
v 2.189000 1.330000 -17.923000
v 2.189000 1.330000 -10.635000
v 2.689000 1.330000 -17.843000
v 2.689000 1.330000 -9.940000
v 3.189000 1.330000 -17.805000
v 3.189000 1.330000 -8.713000
v 3.689000 1.330000 -17.794000
v 3.689000 1.330000 -7.121000
v 4.189000 1.330000 -17.669000
v 4.189000 1.330000 -6.732000
v 4.689000 1.330000 -17.160000
v 4.689000 1.330000 -6.630000
v 5.189000 1.330000 -16.690000
v 5.189000 1.330000 -6.639000
v 5.689000 1.330000 -14.601000
v 5.689000 1.330000 -6.730000
v 6.189000 1.330000 -13.344000
v 6.189000 1.330000 -6.856000
v 6.689000 1.330000 -12.978000
v 6.689000 1.330000 -6.908000
v 7.189000 1.330000 -12.733000
v 7.189000 1.330000 -7.139000
v 7.689000 1.330000 -12.338000
v 7.689000 1.330000 -8.447000
v 8.189000 1.330000 -12.023000
v 8.189000 1.330000 -9.218000
v 8.689000 1.330000 -11.214000
v 8.689000 1.330000 -10.024000
v 2.189000 5.330000 -14.989000
v 2.189000 5.330000 -13.223000
v 2.689000 5.330000 -15.445000
v 2.689000 5.330000 -12.667000
v 3.189000 5.330000 -16.174000
v 3.189000 5.330000 -12.147000
v 3.689000 5.330000 -17.153000
v 3.689000 5.330000 -10.947000
v 4.189000 5.330000 -17.195000
v 4.189000 5.330000 -10.402000
v 4.689000 5.330000 -14.818000
v 4.689000 5.330000 -10.213000
v 5.189000 5.330000 -14.162000
v 5.189000 5.330000 -10.223000
v 5.689000 5.330000 -13.801000
v 5.689000 5.330000 -10.435000
v 6.189000 5.330000 -13.541000
v 6.189000 5.330000 -11.040000
v -0.811000 -0.666000 -15.084000
v -0.811000 2.687000 -15.084000
v -0.311000 -1.181000 -15.084000
v -0.311000 3.276000 -15.084000
v 0.189000 -1.344000 -15.084000
v 0.189000 3.494000 -15.084000
v 0.689000 -1.378000 -15.084000
v 0.689000 3.786000 -15.084000
v 1.189000 -1.529000 -15.084000
v 1.189000 4.143000 -15.084000
v 1.689000 -1.718000 -15.084000
v 1.689000 4.656000 -15.084000
v 2.189000 -1.711000 -15.084000
v 2.189000 5.217000 -15.084000
v 2.689000 -1.491000 -15.084000
v 2.689000 5.530000 -15.084000
v 3.189000 -0.813000 -15.084000
v 3.189000 5.589000 -15.084000
v 3.689000 -0.149000 -15.084000
v 3.689000 5.513000 -15.084000
v 4.189000 0.209000 -15.084000
v 4.189000 5.461000 -15.084000
v 4.689000 0.469000 -15.084000
v 4.689000 5.289000 -15.084000
v 5.189000 0.921000 -15.084000
v 5.189000 4.927000 -15.084000
v 5.689000 1.438000 -15.084000
v 5.689000 4.272000 -15.084000
v 0.689000 -1.610000 -11.084000
v 0.689000 0.249000 -11.084000
v 1.189000 -2.557000 -11.084000
v 1.189000 0.783000 -11.084000
v 1.689000 -3.347000 -11.084000
v 1.689000 1.172000 -11.084000
v 2.189000 -4.587000 -11.084000
v 2.189000 1.678000 -11.084000
v 2.689000 -4.899000 -11.084000
v 2.689000 2.113000 -11.084000
v 3.189000 -4.905000 -11.084000
v 3.189000 3.092000 -11.084000
v 3.689000 -4.609000 -11.084000
v 3.689000 5.533000 -11.084000
v 4.189000 -3.770000 -11.084000
v 4.189000 6.153000 -11.084000
v 4.689000 -3.262000 -11.084000
v 4.689000 6.351000 -11.084000
v 5.189000 -2.961000 -11.084000
v 5.189000 6.342000 -11.084000
v 5.689000 -2.634000 -11.084000
v 5.689000 6.118000 -11.084000
v 6.189000 -2.434000 -11.084000
v 6.189000 5.382000 -11.084000
v 6.689000 -2.372000 -11.084000
v 6.689000 4.505000 -11.084000
v 7.189000 -2.246000 -11.084000
v 7.189000 3.609000 -11.084000
v 7.689000 -2.162000 -11.084000
v 7.689000 2.554000 -11.084000
v 8.189000 -1.927000 -11.084000
v 8.189000 2.140000 -11.084000
v 8.689000 -1.192000 -11.084000
v 8.689000 1.508000 -11.084000
v 3.189000 -3.190000 -7.084000
v 3.189000 0.605000 -7.084000
v 3.689000 -3.654000 -7.084000
v 3.689000 1.289000 -7.084000
v 4.189000 -3.786000 -7.084000
v 4.189000 2.274000 -7.084000
v 4.689000 -3.773000 -7.084000
v 4.689000 2.552000 -7.084000
v 5.189000 -3.721000 -7.084000
v 5.189000 2.527000 -7.084000
v 5.689000 -3.492000 -7.084000
v 5.689000 2.158000 -7.084000
v 6.189000 -3.120000 -7.084000
v 6.189000 1.691000 -7.084000
v 6.689000 -2.602000 -7.084000
v 6.689000 1.537000 -7.084000
v 7.189000 -0.723000 -7.084000
v 7.189000 1.262000 -7.084000
v -0.997000 -2.170000 -13.584000
v 0.410000 -2.170000 -13.584000
v -1.226000 -2.170000 -13.084000
v 4.995000 -2.170000 -13.084000
v -0.954000 -2.170000 -12.584000
v 5.511000 -2.170000 -12.584000
v -0.003000 -2.170000 -12.084000
v 5.672000 -2.170000 -12.084000
v 0.672000 -2.170000 -11.584000
v 5.925000 -2.170000 -11.584000
v 0.967000 -2.170000 -11.084000
v 7.652000 -2.170000 -11.084000
v 1.186000 -2.170000 -10.584000
v 7.986000 -2.170000 -10.584000
v 1.478000 -2.170000 -10.084000
v 7.823000 -2.170000 -10.084000
v 1.748000 -2.170000 -9.584000
v 7.588000 -2.170000 -9.584000
v 2.043000 -2.170000 -9.084000
v 7.278000 -2.170000 -9.084000
v 2.398000 -2.170000 -8.584000
v 7.028000 -2.170000 -8.584000
v 2.607000 -2.170000 -8.084000
v 6.911000 -2.170000 -8.084000
v 2.860000 -2.170000 -7.584000
v 6.849000 -2.170000 -7.584000
v 3.003000 -2.170000 -7.084000
v 6.843000 -2.170000 -7.084000
v 3.074000 -2.170000 -6.584000
v 6.736000 -2.170000 -6.584000
v 3.183000 -2.170000 -6.084000
v 6.485000 -2.170000 -6.084000
v 3.508000 -2.170000 -5.584000
v 6.011000 -2.170000 -5.584000
v 3.296000 1.830000 -18.084000
v 4.499000 1.830000 -18.084000
v -0.196000 1.830000 -17.584000
v 5.059000 1.830000 -17.584000
v -0.615000 1.830000 -17.084000
v 5.537000 1.830000 -17.084000
v -0.729000 1.830000 -16.584000
v 5.982000 1.830000 -16.584000
v -0.848000 1.830000 -16.084000
v 6.111000 1.830000 -16.084000
v -0.934000 1.830000 -15.584000
v 6.023000 1.830000 -15.584000
v -0.942000 1.830000 -15.084000
v 5.882000 1.830000 -15.084000
v -0.943000 1.830000 -14.584000
v 5.862000 1.830000 -14.584000
v -0.901000 1.830000 -14.084000
v 5.879000 1.830000 -14.084000
v -0.792000 1.830000 -13.584000
v 6.053000 1.830000 -13.584000
v -0.495000 1.830000 -13.084000
v 6.472000 1.830000 -13.084000
v 0.773000 1.830000 -12.584000
v 7.108000 1.830000 -12.584000
v 1.660000 1.830000 -12.084000
v 7.575000 1.830000 -12.084000
v 2.116000 1.830000 -11.584000
v 8.093000 1.830000 -11.584000
v 2.394000 1.830000 -11.084000
v 8.514000 1.830000 -11.084000
v 2.742000 1.830000 -10.584000
v 8.611000 1.830000 -10.584000
v 2.927000 1.830000 -10.084000
v 8.482000 1.830000 -10.084000
v 3.155000 1.830000 -9.584000
v 8.035000 1.830000 -9.584000
v 3.387000 1.830000 -9.084000
v 7.572000 1.830000 -9.084000
v 3.507000 1.830000 -8.584000
v 7.214000 1.830000 -8.584000
v 3.495000 1.830000 -8.084000
v 7.064000 1.830000 -8.084000
v 3.600000 1.830000 -7.584000
v 6.772000 1.830000 -7.584000
v 3.945000 1.830000 -7.084000
v 5.991000 1.830000 -7.084000
v 2.397000 5.830000 -14.084000
v 3.800000 5.830000 -14.084000
v 2.727000 5.830000 -13.584000
v 4.628000 5.830000 -13.584000
v 3.054000 5.830000 -13.084000
v 5.940000 5.830000 -13.084000
v 3.466000 5.830000 -12.584000
v 6.173000 5.830000 -12.584000
v 3.704000 5.830000 -12.084000
v 6.148000 5.830000 -12.084000
v 3.746000 5.830000 -11.584000
v 6.081000 5.830000 -11.584000
v 3.851000 5.830000 -11.084000
v 5.976000 5.830000 -11.084000
v 4.285000 5.830000 -10.584000
v 5.542000 5.830000 -10.584000
v -0.811000 -2.170000 -13.690000
v -0.811000 -2.170000 -12.511000
v -0.311000 -2.170000 -13.747000
v -0.311000 -2.170000 -12.383000
v 0.189000 -2.170000 -13.736000
v 0.189000 -2.170000 -11.964000
v 0.689000 -2.170000 -13.288000
v 0.689000 -2.170000 -11.562000
v 1.189000 -2.170000 -13.128000
v 1.189000 -2.170000 -10.578000
v 1.689000 -2.170000 -13.134000
v 1.689000 -2.170000 -9.681000
v 2.189000 -2.170000 -13.199000
v 2.189000 -2.170000 -8.886000
v 2.689000 -2.170000 -13.282000
v 2.689000 -2.170000 -7.902000
v 3.189000 -2.170000 -13.416000
v 3.189000 -2.170000 -6.069000
v 3.689000 -2.170000 -13.496000
v 3.689000 -2.170000 -5.435000
v 4.189000 -2.170000 -13.472000
v 4.189000 -2.170000 -5.220000
v 4.689000 -2.170000 -13.278000
v 4.689000 -2.170000 -5.208000
v 5.189000 -2.170000 -12.944000
v 5.189000 -2.170000 -5.291000
v 5.689000 -2.170000 -12.014000
v 5.689000 -2.170000 -5.447000
v 6.189000 -2.170000 -11.408000
v 6.189000 -2.170000 -5.709000
v 6.689000 -2.170000 -11.303000
v 6.689000 -2.170000 -6.481000
v 7.189000 -2.170000 -11.243000
v 7.189000 -2.170000 -8.962000
v 7.689000 -2.170000 -11.065000
v 7.689000 -2.170000 -9.825000
v -0.811000 1.830000 -16.213000
v -0.811000 1.830000 -13.645000
v -0.311000 1.830000 -17.497000
v -0.311000 1.830000 -12.974000
v 0.189000 1.830000 -17.801000
v 0.189000 1.830000 -12.862000
v 0.689000 1.830000 -17.979000
v 0.689000 1.830000 -12.638000
v 1.189000 1.830000 -17.978000
v 1.189000 1.830000 -12.304000
v 1.689000 1.830000 -17.965000
v 1.689000 1.830000 -12.065000
v 2.189000 1.830000 -17.971000
v 2.189000 1.830000 -11.454000
v 2.689000 1.830000 -17.971000
v 2.689000 1.830000 -10.682000
v 3.189000 1.830000 -18.048000
v 3.189000 1.830000 -9.511000
v 3.689000 1.830000 -18.216000
v 3.689000 1.830000 -7.408000
v 4.189000 1.830000 -18.205000
v 4.189000 1.830000 -6.901000
v 4.689000 1.830000 -17.952000
v 4.689000 1.830000 -6.724000
v 5.189000 1.830000 -17.479000
v 5.189000 1.830000 -6.742000
v 5.689000 1.830000 -16.958000
v 5.689000 1.830000 -6.935000
v 6.189000 1.830000 -13.385000
v 6.189000 1.830000 -7.201000
v 6.689000 1.830000 -12.871000
v 6.689000 1.830000 -7.523000
v 7.189000 1.830000 -12.518000
v 7.189000 1.830000 -8.538000
v 7.689000 1.830000 -11.980000
v 7.689000 1.830000 -9.192000
v 8.189000 1.830000 -11.513000
v 8.189000 1.830000 -9.723000
v 2.689000 5.830000 -14.583000
v 2.689000 5.830000 -13.620000
v 3.189000 5.830000 -14.574000
v 3.189000 5.830000 -12.971000
v 3.689000 5.830000 -14.138000
v 3.689000 5.830000 -12.146000
v 4.189000 5.830000 -13.760000
v 4.189000 5.830000 -10.653000
v 4.689000 5.830000 -13.559000
v 4.689000 5.830000 -10.422000
v 5.189000 5.830000 -13.340000
v 5.189000 5.830000 -10.434000
v 5.689000 5.830000 -13.229000
v 5.689000 5.830000 -10.695000
v -0.811000 -1.207000 -14.584000
v -0.811000 2.470000 -14.584000
v -0.311000 -1.442000 -14.584000
v -0.311000 3.185000 -14.584000
v 0.189000 -1.521000 -14.584000
v 0.189000 3.443000 -14.584000
v 0.689000 -1.521000 -14.584000
v 0.689000 3.775000 -14.584000
v 1.189000 -1.670000 -14.584000
v 1.189000 4.248000 -14.584000
v 1.689000 -1.803000 -14.584000
v 1.689000 4.986000 -14.584000
v 2.189000 -1.796000 -14.584000
v 2.189000 5.623000 -14.584000
v 2.689000 -1.611000 -14.584000
v 2.689000 5.829000 -14.584000
v 3.189000 -1.161000 -14.584000
v 3.189000 5.826000 -14.584000
v 3.689000 -0.290000 -14.584000
v 3.689000 5.638000 -14.584000
v 4.189000 0.065000 -14.584000
v 4.189000 5.490000 -14.584000
v 4.689000 0.297000 -14.584000
v 4.689000 5.386000 -14.584000
v 5.189000 0.756000 -14.584000
v 5.189000 5.186000 -14.584000
v 5.689000 1.328000 -14.584000
v 5.689000 4.577000 -14.584000
v 1.189000 -2.186000 -10.584000
v 1.189000 0.307000 -10.584000
v 1.689000 -4.312000 -10.584000
v 1.689000 0.675000 -10.584000
v 2.189000 -5.004000 -10.584000
v 2.189000 1.264000 -10.584000
v 2.689000 -5.219000 -10.584000
v 2.689000 1.773000 -10.584000
v 3.189000 -5.223000 -10.584000
v 3.189000 2.590000 -10.584000
v 3.689000 -5.018000 -10.584000
v 3.689000 3.472000 -10.584000
v 4.189000 -4.382000 -10.584000
v 4.189000 5.741000 -10.584000
v 4.689000 -3.600000 -10.584000
v 4.689000 6.028000 -10.584000
v 5.189000 -3.350000 -10.584000
v 5.189000 6.015000 -10.584000
v 5.689000 -3.051000 -10.584000
v 5.689000 5.683000 -10.584000
v 6.189000 -2.812000 -10.584000
v 6.189000 4.742000 -10.584000
v 6.689000 -2.733000 -10.584000
v 6.689000 3.830000 -10.584000
v 7.189000 -2.518000 -10.584000
v 7.189000 2.942000 -10.584000
v 7.689000 -2.278000 -10.584000
v 7.689000 2.509000 -10.584000
v 8.189000 -2.055000 -10.584000
v 8.189000 2.235000 -10.584000
v 8.689000 -1.445000 -10.584000
v 8.689000 1.701000 -10.584000
v 3.189000 -2.909000 -6.584000
v 3.189000 -0.107000 -6.584000
v 3.689000 -3.498000 -6.584000
v 3.689000 0.790000 -6.584000
v 4.189000 -3.688000 -6.584000
v 4.189000 1.083000 -6.584000
v 4.689000 -3.673000 -6.584000
v 4.689000 1.206000 -6.584000
v 5.189000 -3.459000 -6.584000
v 5.189000 1.183000 -6.584000
v 5.689000 -3.213000 -6.584000
v 5.689000 1.077000 -6.584000
v 6.189000 -2.995000 -6.584000
v 6.189000 1.013000 -6.584000
v 6.689000 -2.345000 -6.584000
v 6.689000 0.698000 -6.584000
v 1.500000 -1.670000 -15.084000
v 2.340000 -1.670000 -15.084000
v 1.188000 -1.670000 -14.584000
v 2.574000 -1.670000 -14.584000
v -1.253000 -1.670000 -14.084000
v 2.846000 -1.670000 -14.084000
v -1.677000 -1.670000 -13.584000
v 4.171000 -1.670000 -13.584000
v -1.781000 -1.670000 -13.084000
v 5.678000 -1.670000 -13.084000
v -1.662000 -1.670000 -12.584000
v 6.141000 -1.670000 -12.584000
v -1.201000 -1.670000 -12.084000
v 6.898000 -1.670000 -12.084000
v -0.241000 -1.670000 -11.584000
v 7.995000 -1.670000 -11.584000
v 0.719000 -1.670000 -11.084000
v 8.442000 -1.670000 -11.084000
v 1.105000 -1.670000 -10.584000
v 8.568000 -1.670000 -10.584000
v 1.428000 -1.670000 -10.084000
v 8.470000 -1.670000 -10.084000
v 1.875000 -1.670000 -9.584000
v 8.144000 -1.670000 -9.584000
v 2.102000 -1.670000 -9.084000
v 7.941000 -1.670000 -9.084000
v 2.420000 -1.670000 -8.584000
v 7.568000 -1.670000 -8.584000
v 2.659000 -1.670000 -8.084000
v 7.217000 -1.670000 -8.084000
v 2.908000 -1.670000 -7.584000
v 6.985000 -1.670000 -7.584000
v 3.025000 -1.670000 -7.084000
v 6.879000 -1.670000 -7.084000
v 3.079000 -1.670000 -6.584000
v 6.808000 -1.670000 -6.584000
v 3.176000 -1.670000 -6.084000
v 6.703000 -1.670000 -6.084000
v 3.504000 -1.670000 -5.584000
v 6.354000 -1.670000 -5.584000
v 2.663000 2.330000 -18.084000
v 4.818000 2.330000 -18.084000
v 0.255000 2.330000 -17.584000
v 5.374000 2.330000 -17.584000
v -0.152000 2.330000 -17.084000
v 5.812000 2.330000 -17.084000
v -0.338000 2.330000 -16.584000
v 6.176000 2.330000 -16.584000
v -0.653000 2.330000 -16.084000
v 6.287000 2.330000 -16.084000
v -0.817000 2.330000 -15.584000
v 6.211000 2.330000 -15.584000
v -0.918000 2.330000 -15.084000
v 5.979000 2.330000 -15.084000
v -0.842000 2.330000 -14.584000
v 5.858000 2.330000 -14.584000
v -0.620000 2.330000 -14.084000
v 5.862000 2.330000 -14.084000
v -0.147000 2.330000 -13.584000
v 6.008000 2.330000 -13.584000
v 0.756000 2.330000 -13.084000
v 6.388000 2.330000 -13.084000
v 1.280000 2.330000 -12.584000
v 6.943000 2.330000 -12.584000
v 2.045000 2.330000 -12.084000
v 7.333000 2.330000 -12.084000
v 2.519000 2.330000 -11.584000
v 7.632000 2.330000 -11.584000
v 2.869000 2.330000 -11.084000
v 7.925000 2.330000 -11.084000
v 3.089000 2.330000 -10.584000
v 8.010000 2.330000 -10.584000
v 3.263000 2.330000 -10.084000
v 7.703000 2.330000 -10.084000
v 3.405000 2.330000 -9.584000
v 7.378000 2.330000 -9.584000
v 3.669000 2.330000 -9.084000
v 6.776000 2.330000 -9.084000
v 3.740000 2.330000 -8.584000
v 6.529000 2.330000 -8.584000
v 3.697000 2.330000 -8.084000
v 6.280000 2.330000 -8.084000
v 3.809000 2.330000 -7.584000
v 5.981000 2.330000 -7.584000
v 4.247000 2.330000 -7.084000
v 5.536000 2.330000 -7.084000
v 4.496000 6.330000 -12.584000
v 5.405000 6.330000 -12.584000
v 4.307000 6.330000 -12.084000
v 5.593000 6.330000 -12.084000
v 4.331000 6.330000 -11.584000
v 5.496000 6.330000 -11.584000
v 4.589000 6.330000 -11.084000
v 5.239000 6.330000 -11.084000
v -1.311000 -1.670000 -14.044000
v -1.311000 -1.670000 -12.158000
v -0.811000 -1.670000 -14.263000
v -0.811000 -1.670000 -11.931000
v -0.311000 -1.670000 -14.314000
v -0.311000 -1.670000 -11.636000
v 0.189000 -1.670000 -14.357000
v 0.189000 -1.670000 -11.389000
v 0.689000 -1.670000 -14.337000
v 0.689000 -1.670000 -11.109000
v 1.189000 -1.670000 -14.586000
v 1.189000 -1.670000 -10.414000
v 1.689000 -1.670000 -15.200000
v 1.689000 -1.670000 -9.819000
v 2.189000 -1.670000 -15.184000
v 2.189000 -1.670000 -8.905000
v 2.689000 -1.670000 -14.264000
v 2.689000 -1.670000 -8.010000
v 3.189000 -1.670000 -13.895000
v 3.189000 -1.670000 -6.052000
v 3.689000 -1.670000 -13.745000
v 3.689000 -1.670000 -5.432000
v 4.189000 -1.670000 -13.577000
v 4.189000 -1.670000 -5.218000
v 4.689000 -1.670000 -13.399000
v 4.689000 -1.670000 -5.195000
v 5.189000 -1.670000 -13.297000
v 5.189000 -1.670000 -5.227000
v 5.689000 -1.670000 -13.076000
v 5.689000 -1.670000 -5.252000
v 6.189000 -1.670000 -12.535000
v 6.189000 -1.670000 -5.456000
v 6.689000 -1.670000 -12.195000
v 6.689000 -1.670000 -6.051000
v 7.189000 -1.670000 -11.885000
v 7.189000 -1.670000 -8.042000
v 7.689000 -1.670000 -11.731000
v 7.689000 -1.670000 -8.745000
v 8.189000 -1.670000 -11.421000
v 8.189000 -1.670000 -9.659000
v -0.811000 2.330000 -15.605000
v -0.811000 2.330000 -14.496000
v -0.311000 2.330000 -16.636000
v -0.311000 2.330000 -13.701000
v 0.189000 2.330000 -17.535000
v 0.189000 2.330000 -13.349000
v 0.689000 2.330000 -17.770000
v 0.689000 2.330000 -13.129000
v 1.189000 2.330000 -17.844000
v 1.189000 2.330000 -12.656000
v 1.689000 2.330000 -17.970000
v 1.689000 2.330000 -12.355000
v 2.189000 2.330000 -18.014000
v 2.189000 2.330000 -11.950000
v 2.689000 2.330000 -18.091000
v 2.689000 2.330000 -11.363000
v 3.189000 2.330000 -18.245000
v 3.189000 2.330000 -10.332000
v 3.689000 2.330000 -18.403000
v 3.689000 2.330000 -9.019000
v 4.189000 2.330000 -18.394000
v 4.189000 2.330000 -7.124000
v 4.689000 2.330000 -18.183000
v 4.689000 2.330000 -6.913000
v 5.189000 2.330000 -17.741000
v 5.189000 2.330000 -6.933000
v 5.689000 2.330000 -17.201000
v 5.689000 2.330000 -7.201000
v 6.189000 2.330000 -16.554000
v 6.189000 2.330000 -15.525000
v 6.189000 2.330000 -13.299000
v 6.189000 2.330000 -7.943000
v 6.689000 2.330000 -12.793000
v 6.689000 2.330000 -9.000000
v 7.189000 2.330000 -12.298000
v 7.189000 2.330000 -9.462000
v 7.689000 2.330000 -11.507000
v 7.689000 2.330000 -10.067000
v 4.689000 6.330000 -12.717000
v 4.689000 6.330000 -11.030000
v 5.189000 6.330000 -12.726000
v 5.189000 6.330000 -11.054000
v 2.689000 2.306000 -18.084000
v 2.689000 3.705000 -18.084000
v 3.189000 1.905000 -18.084000
v 3.189000 4.011000 -18.084000
v 3.689000 1.650000 -18.084000
v 3.689000 4.081000 -18.084000
v 4.189000 1.665000 -18.084000
v 4.189000 3.726000 -18.084000
v 4.689000 2.038000 -18.084000
v 4.689000 3.071000 -18.084000
v -1.311000 -1.616000 -14.084000
v -1.311000 1.009000 -14.084000
v -0.811000 -1.891000 -14.084000
v -0.811000 1.996000 -14.084000
v -0.311000 -1.928000 -14.084000
v -0.311000 2.781000 -14.084000
v 0.189000 -1.920000 -14.084000
v 0.189000 3.191000 -14.084000
v 0.689000 -1.816000 -14.084000
v 0.689000 3.668000 -14.084000
v 1.189000 -1.787000 -14.084000
v 1.189000 4.119000 -14.084000
v 1.689000 -1.843000 -14.084000
v 1.689000 5.183000 -14.084000
v 2.189000 -1.839000 -14.084000
v 2.189000 5.723000 -14.084000
v 2.689000 -1.723000 -14.084000
v 2.689000 5.915000 -14.084000
v 3.189000 -1.526000 -14.084000
v 3.189000 5.918000 -14.084000
v 3.689000 -0.950000 -14.084000
v 3.689000 5.853000 -14.084000
v 4.189000 -0.328000 -14.084000
v 4.189000 5.672000 -14.084000
v 4.689000 -0.100000 -14.084000
v 4.689000 5.548000 -14.084000
v 5.189000 0.349000 -14.084000
v 5.189000 5.360000 -14.084000
v 5.689000 1.136000 -14.084000
v 5.689000 5.043000 -14.084000
v 1.689000 -4.537000 -10.084000
v 1.689000 0.211000 -10.084000
v 2.189000 -5.103000 -10.084000
v 2.189000 0.803000 -10.084000
v 2.689000 -5.303000 -10.084000
v 2.689000 1.414000 -10.084000
v 3.189000 -5.307000 -10.084000
v 3.189000 2.196000 -10.084000
v 3.689000 -5.116000 -10.084000
v 3.689000 3.052000 -10.084000
v 4.189000 -4.619000 -10.084000
v 4.189000 3.745000 -10.084000
v 4.689000 -4.133000 -10.084000
v 4.689000 4.206000 -10.084000
v 5.189000 -3.864000 -10.084000
v 5.189000 4.224000 -10.084000
v 5.689000 -3.573000 -10.084000
v 5.689000 3.918000 -10.084000
v 6.189000 -3.128000 -10.084000
v 6.189000 3.251000 -10.084000
v 6.689000 -2.870000 -10.084000
v 6.689000 2.880000 -10.084000
v 7.189000 -2.646000 -10.084000
v 7.189000 2.603000 -10.084000
v 7.689000 -2.255000 -10.084000
v 7.689000 2.335000 -10.084000
v 8.189000 -1.956000 -10.084000
v 8.189000 2.109000 -10.084000
v 8.689000 -1.179000 -10.084000
v 8.689000 1.429000 -10.084000
v 3.189000 -2.197000 -6.084000
v 3.189000 -0.572000 -6.084000
v 3.689000 -3.098000 -6.084000
v 3.689000 0.219000 -6.084000
v 4.189000 -3.370000 -6.084000
v 4.189000 0.513000 -6.084000
v 4.689000 -3.349000 -6.084000
v 4.689000 0.518000 -6.084000
v 5.189000 -3.151000 -6.084000
v 5.189000 0.396000 -6.084000
v 5.689000 -2.921000 -6.084000
v 5.689000 0.166000 -6.084000
v 6.189000 -2.541000 -6.084000
v 6.189000 -0.122000 -6.084000
v 6.689000 -1.730000 -6.084000
v 6.689000 -1.079000 -6.084000
v 2.511000 -5.170000 -10.584000
v 3.387000 -5.170000 -10.584000
v 2.304000 -5.170000 -10.084000
v 3.594000 -5.170000 -10.084000
v 2.576000 -5.170000 -9.584000
v 3.322000 -5.170000 -9.584000
v 0.697000 -1.170000 -16.584000
v 1.898000 -1.170000 -16.584000
v 0.093000 -1.170000 -16.084000
v 2.386000 -1.170000 -16.084000
v -0.124000 -1.170000 -15.584000
v 2.702000 -1.170000 -15.584000
v -0.331000 -1.170000 -15.084000
v 3.004000 -1.170000 -15.084000
v -0.849000 -1.170000 -14.584000
v 3.183000 -1.170000 -14.584000
v -1.564000 -1.170000 -14.084000
v 3.595000 -1.170000 -14.084000
v -1.890000 -1.170000 -13.584000
v 4.529000 -1.170000 -13.584000
v -1.977000 -1.170000 -13.084000
v 6.030000 -1.170000 -13.084000
v -1.877000 -1.170000 -12.584000
v 7.092000 -1.170000 -12.584000
v -1.529000 -1.170000 -12.084000
v 8.134000 -1.170000 -12.084000
v -0.567000 -1.170000 -11.584000
v 8.564000 -1.170000 -11.584000
v 0.434000 -1.170000 -11.084000
v 8.698000 -1.170000 -11.084000
v 1.005000 -1.170000 -10.584000
v 8.774000 -1.170000 -10.584000
v 1.416000 -1.170000 -10.084000
v 8.691000 -1.170000 -10.084000
v 1.913000 -1.170000 -9.584000
v 8.393000 -1.170000 -9.584000
v 2.152000 -1.170000 -9.084000
v 8.171000 -1.170000 -9.084000
v 2.446000 -1.170000 -8.584000
v 7.984000 -1.170000 -8.584000
v 2.663000 -1.170000 -8.084000
v 7.572000 -1.170000 -8.084000
v 2.921000 -1.170000 -7.584000
v 7.199000 -1.170000 -7.584000
v 3.075000 -1.170000 -7.084000
v 6.996000 -1.170000 -7.084000
v 3.082000 -1.170000 -6.584000
v 6.857000 -1.170000 -6.584000
v 3.177000 -1.170000 -6.084000
v 6.709000 -1.170000 -6.084000
v 3.509000 -1.170000 -5.584000
v 6.362000 -1.170000 -5.584000
v 2.423000 2.830000 -18.084000
v 4.803000 2.830000 -18.084000
v 1.237000 2.830000 -17.584000
v 5.384000 2.830000 -17.584000
v 0.557000 2.830000 -17.084000
v 5.791000 2.830000 -17.084000
v 0.267000 2.830000 -16.584000
v 6.160000 2.830000 -16.584000
v -0.168000 2.830000 -16.084000
v 6.272000 2.830000 -16.084000
v -0.606000 2.830000 -15.584000
v 6.195000 2.830000 -15.584000
v -0.736000 2.830000 -15.084000
v 5.970000 2.830000 -15.084000
v -0.648000 2.830000 -14.584000
v 5.857000 2.830000 -14.584000
v -0.266000 2.830000 -14.084000
v 5.883000 2.830000 -14.084000
v 0.336000 2.830000 -13.584000
v 6.038000 2.830000 -13.584000
v 1.229000 2.830000 -13.084000
v 6.409000 2.830000 -13.084000
v 1.834000 2.830000 -12.584000
v 6.899000 2.830000 -12.584000
v 2.376000 2.830000 -12.084000
v 7.251000 2.830000 -12.084000
v 2.814000 2.830000 -11.584000
v 7.437000 2.830000 -11.584000
v 3.107000 2.830000 -11.084000
v 7.487000 2.830000 -11.084000
v 3.320000 2.830000 -10.584000
v 7.286000 2.830000 -10.584000
v 3.592000 2.830000 -10.084000
v 6.781000 2.830000 -10.084000
v 3.883000 2.830000 -9.584000
v 5.998000 2.830000 -9.584000
v 4.127000 2.830000 -9.084000
v 5.731000 2.830000 -9.084000
v 4.237000 2.830000 -8.584000
v 5.659000 2.830000 -8.584000
v 4.224000 2.830000 -8.084000
v 5.559000 2.830000 -8.084000
v 4.455000 2.830000 -7.584000
v 5.328000 2.830000 -7.584000
v 2.689000 -5.170000 -10.701000
v 2.689000 -5.170000 -9.520000
v 3.189000 -5.170000 -10.710000
v 3.189000 -5.170000 -9.512000
v -1.811000 -1.170000 -13.757000
v -1.811000 -1.170000 -12.445000
v -1.311000 -1.170000 -14.280000
v -1.311000 -1.170000 -11.921000
v -0.811000 -1.170000 -14.612000
v -0.811000 -1.170000 -11.715000
v -0.311000 -1.170000 -15.114000
v -0.311000 -1.170000 -11.401000
v 0.189000 -1.170000 -16.151000
v 0.189000 -1.170000 -11.195000
v 0.689000 -1.170000 -16.580000
v 0.689000 -1.170000 -10.910000
v 1.189000 -1.170000 -16.764000
v 1.189000 -1.170000 -10.365000
v 1.689000 -1.170000 -16.732000
v 1.689000 -1.170000 -9.842000
v 2.189000 -1.170000 -16.234000
v 2.189000 -1.170000 -8.994000
v 2.689000 -1.170000 -15.606000
v 2.689000 -1.170000 -8.016000
v 3.189000 -1.170000 -14.572000
v 3.189000 -1.170000 -6.054000
v 3.689000 -1.170000 -14.017000
v 3.689000 -1.170000 -5.438000
v 4.189000 -1.170000 -13.741000
v 4.189000 -1.170000 -5.225000
v 4.689000 -1.170000 -13.542000
v 4.689000 -1.170000 -5.200000
v 5.189000 -1.170000 -13.488000
v 5.189000 -1.170000 -5.222000
v 5.689000 -1.170000 -13.305000
v 5.689000 -1.170000 -5.246000
v 6.189000 -1.170000 -12.962000
v 6.189000 -1.170000 -5.449000
v 6.689000 -1.170000 -12.735000
v 6.689000 -1.170000 -6.037000
v 7.189000 -1.170000 -12.521000
v 7.189000 -1.170000 -7.568000
v 7.689000 -1.170000 -12.263000
v 7.689000 -1.170000 -8.195000
v 8.189000 -1.170000 -12.046000
v 8.189000 -1.170000 -9.138000
v 8.689000 -1.170000 -11.130000
v 8.689000 -1.170000 -10.079000
v -0.311000 2.830000 -15.960000
v -0.311000 2.830000 -14.121000
v 0.189000 2.830000 -16.468000
v 0.189000 2.830000 -13.685000
v 0.689000 2.830000 -17.192000
v 0.689000 2.830000 -13.399000
v 1.189000 2.830000 -17.552000
v 1.189000 2.830000 -13.112000
v 1.689000 2.830000 -17.793000
v 1.689000 2.830000 -12.696000
v 2.189000 2.830000 -17.974000
v 2.189000 2.830000 -12.249000
v 2.689000 2.830000 -18.228000
v 2.689000 2.830000 -11.739000
v 3.189000 2.830000 -18.413000
v 3.189000 2.830000 -10.886000
v 3.689000 2.830000 -18.425000
v 3.689000 2.830000 -9.864000
v 4.189000 2.830000 -18.384000
v 4.189000 2.830000 -8.884000
v 4.689000 2.830000 -18.172000
v 4.689000 2.830000 -7.454000
v 5.189000 2.830000 -17.750000
v 5.189000 2.830000 -7.492000
v 5.689000 2.830000 -17.192000
v 5.689000 2.830000 -8.907000
v 6.189000 2.830000 -16.511000
v 6.189000 2.830000 -15.568000
v 6.189000 2.830000 -13.338000
v 6.189000 2.830000 -9.764000
v 6.689000 2.830000 -12.780000
v 6.689000 2.830000 -10.039000
v 7.189000 2.830000 -12.215000
v 7.189000 2.830000 -10.469000
v -0.311000 0.364000 -17.584000
v -0.311000 1.720000 -17.584000
v 0.189000 -0.072000 -17.584000
v 0.189000 2.268000 -17.584000
v 0.689000 -0.369000 -17.584000
v 0.689000 2.552000 -17.584000
v 1.189000 -0.360000 -17.584000
v 1.189000 2.789000 -17.584000
v 1.689000 -0.395000 -17.584000
v 1.689000 3.117000 -17.584000
v 2.189000 -0.370000 -17.584000
v 2.189000 3.589000 -17.584000
v 2.689000 -0.009000 -17.584000
v 2.689000 4.170000 -17.584000
v 3.189000 0.860000 -17.584000
v 3.189000 4.710000 -17.584000
v 3.689000 1.083000 -17.584000
v 3.689000 5.046000 -17.584000
v 4.189000 1.277000 -17.584000
v 4.189000 5.069000 -17.584000
v 4.689000 1.524000 -17.584000
v 4.689000 4.809000 -17.584000
v 5.189000 1.968000 -17.584000
v 5.189000 3.238000 -17.584000
v -1.811000 -1.428000 -13.584000
v -1.811000 -0.155000 -13.584000
v -1.311000 -2.023000 -13.584000
v -1.311000 1.241000 -13.584000
v -0.811000 -2.214000 -13.584000
v -0.811000 1.814000 -13.584000
v -0.311000 -2.240000 -13.584000
v -0.311000 2.216000 -13.584000
v 0.189000 -2.235000 -13.584000
v 0.189000 2.682000 -13.584000
v 0.689000 -2.041000 -13.584000
v 0.689000 3.243000 -13.584000
v 1.189000 -1.922000 -13.584000
v 1.189000 3.682000 -13.584000
v 1.689000 -1.945000 -13.584000
v 1.689000 4.919000 -13.584000
v 2.189000 -1.966000 -13.584000
v 2.189000 5.603000 -13.584000
v 2.689000 -1.975000 -13.584000
v 2.689000 5.819000 -13.584000
v 3.189000 -1.973000 -13.584000
v 3.189000 5.948000 -13.584000
v 3.689000 -1.957000 -13.584000
v 3.689000 5.964000 -13.584000
v 4.189000 -1.643000 -13.584000
v 4.189000 5.909000 -13.584000
v 4.689000 -1.016000 -13.584000
v 4.689000 5.819000 -13.584000
v 5.189000 -0.624000 -13.584000
v 5.189000 5.661000 -13.584000
v 5.689000 -0.054000 -13.584000
v 5.689000 5.555000 -13.584000
v 6.189000 3.306000 -13.584000
v 6.189000 5.267000 -13.584000
v 1.689000 -4.236000 -9.584000
v 1.689000 -2.323000 -9.584000
v 2.189000 -4.979000 -9.584000
v 2.189000 0.486000 -9.584000
v 2.689000 -5.198000 -9.584000
v 2.689000 1.165000 -9.584000
v 3.189000 -5.202000 -9.584000
v 3.189000 1.913000 -9.584000
v 3.689000 -4.994000 -9.584000
v 3.689000 2.616000 -9.584000
v 4.189000 -4.618000 -9.584000
v 4.189000 3.234000 -9.584000
v 4.689000 -4.335000 -9.584000
v 4.689000 3.506000 -9.584000
v 5.189000 -4.199000 -9.584000
v 5.189000 3.484000 -9.584000
v 5.689000 -4.006000 -9.584000
v 5.689000 3.161000 -9.584000
v 6.189000 -3.438000 -9.584000
v 6.189000 2.703000 -9.584000
v 6.689000 -2.888000 -9.584000
v 6.689000 2.525000 -9.584000
v 7.189000 -2.554000 -9.584000
v 7.189000 2.387000 -9.584000
v 7.689000 -2.077000 -9.584000
v 7.689000 2.158000 -9.584000
v 8.189000 -1.611000 -9.584000
v 8.189000 1.669000 -9.584000
v 8.689000 -0.269000 -9.584000
v 8.689000 0.816000 -9.584000
v 3.689000 -2.532000 -5.584000
v 3.689000 -0.256000 -5.584000
v 4.189000 -2.870000 -5.584000
v 4.189000 0.078000 -5.584000
v 4.689000 -2.888000 -5.584000
v 4.689000 0.093000 -5.584000
v 5.189000 -2.766000 -5.584000
v 5.189000 -0.191000 -5.584000
v 5.689000 -2.409000 -5.584000
v 5.689000 -0.478000 -5.584000
v 6.189000 -1.994000 -5.584000
v 6.189000 -0.814000 -5.584000
f 451 849 179
f 179 849 847
f 849 1127 847
f 1129 1127 849
f 1129 452 1127
f 1127 452 180
f 453 287 389
f 389 287 181
f 287 567 181
f 287 569 567
f 179 567 569
f 179 569 451
f 1395 180 452
f 1395 452 1397
f 182 1395 1753
f 1395 1663 1753
f 1395 1397 1663
f 1663 454 1753
f 455 15 113
f 453 389 15
f 15 389 113
f 389 285 113
f 285 183 113
f 389 181 285
f 1753 1661 182
f 1753 454 1661
f 454 184 1661
f 454 456 184
f 13 185 113
f 185 455 113
f 185 457 455
f 113 183 13
f 1935 184 456
f 1935 456 1937
f 1937 458 1935
f 1935 458 186
f 459 1885 1991
f 187 1991 1885
f 457 187 1885
f 185 187 457
f 458 67 153
f 188 458 153
f 186 458 188
f 67 460 153
f 1993 461 1991
f 1991 461 459
f 1991 187 189
f 1991 189 1993
f 153 65 188
f 153 460 65
f 460 190 65
f 460 462 190
f 1993 1886 461
f 463 1886 1993
f 189 463 1993
f 191 463 189
f 337 190 462
f 337 462 339
f 339 464 337
f 337 464 192
f 123 465 14
f 465 191 14
f 465 463 191
f 193 123 14
f 615 192 464
f 615 464 617
f 617 466 615
f 615 466 194
f 123 16 465
f 403 467 286
f 286 467 193
f 467 16 193
f 16 123 193
f 195 403 286
f 893 194 466
f 893 466 895
f 895 468 893
f 893 468 196
f 403 288 467
f 681 469 568
f 568 469 195
f 469 288 195
f 288 403 195
f 197 681 568
f 1169 196 468
f 1169 468 1171
f 1171 470 1169
f 1169 470 198
f 681 570 469
f 197 848 681
f 848 570 681
f 848 850 570
f 471 850 848
f 471 848 199
f 198 472 200
f 470 472 198
f 473 199 201
f 473 471 199
f 1172 474 202
f 1172 202 1170
f 1170 200 1172
f 1172 200 472
f 1243 475 1128
f 475 201 1128
f 475 473 201
f 203 1243 1128
f 896 476 204
f 896 204 894
f 894 202 896
f 896 202 474
f 1243 1130 475
f 1515 477 1396
f 1396 477 203
f 477 1130 203
f 1130 1243 203
f 205 1515 1396
f 66 171 206
f 338 445 171
f 338 171 66
f 618 478 445
f 338 618 445
f 616 618 338
f 616 204 618
f 618 204 476
f 1515 1398 477
f 205 1662 1515
f 1662 1398 1515
f 1662 1664 1398
f 1936 1664 1662
f 1936 1938 1664
f 171 68 206
f 68 1936 206
f 68 1938 1936
f 68 171 340
f 340 171 445
f 445 478 340
f 479 1901 207
f 207 1901 1899
f 1901 29 1899
f 31 29 1901
f 384 301 480
f 301 31 480
f 301 29 31
f 384 208 301
f 481 1627 209
f 209 1627 1625
f 207 1625 1627
f 207 1627 479
f 303 384 480
f 583 208 384
f 303 583 384
f 585 583 303
f 942 863 482
f 863 585 482
f 863 583 585
f 942 210 863
f 483 1361 211
f 211 1361 1359
f 209 1359 1361
f 209 1361 481
f 865 942 482
f 484 1220 1143
f 484 1143 210
f 865 484 210
f 942 865 210
f 1220 212 1143
f 485 211 213
f 485 483 211
f 1145 1220 484
f 486 1492 1411
f 486 1411 212
f 1145 486 212
f 1220 1145 212
f 1492 214 1411
f 487 213 215
f 487 485 213
f 488 1494 1492
f 488 1492 486
f 214 1492 216
f 216 1492 1494
f 489 215 217
f 489 487 215
f 490 1496 1494
f 490 1494 488
f 216 1494 218
f 218 1494 1496
f 491 217 219
f 491 489 217
f 1413 1496 490
f 492 1760 1677
f 492 1677 218
f 1413 492 218
f 1496 1413 218
f 1760 220 1677
f 493 219 221
f 493 491 219
f 1679 1760 492
f 494 2032 1951
f 494 1951 220
f 1679 494 220
f 1760 1679 220
f 156 81 2032
f 2032 81 1951
f 156 222 81
f 495 221 223
f 495 493 221
f 1953 2032 494
f 2032 1953 496
f 158 2032 496
f 156 2032 158
f 222 156 353
f 156 432 353
f 156 158 432
f 706 631 432
f 432 631 353
f 986 909 706
f 706 909 631
f 986 224 909
f 497 223 225
f 497 495 223
f 83 158 496
f 158 83 355
f 158 355 432
f 432 355 633
f 432 633 706
f 706 633 911
f 706 911 986
f 498 1262 1185
f 498 1185 224
f 911 498 224
f 986 911 224
f 1262 226 1185
f 499 1095 1203
f 227 1203 1095
f 497 227 1095
f 225 227 497
f 1187 1262 498
f 500 1530 1441
f 500 1441 226
f 1187 500 226
f 1262 1187 226
f 1530 228 1441
f 501 817 929
f 499 1203 817
f 817 1203 929
f 1203 1093 929
f 1093 229 929
f 1203 227 1093
f 1443 1530 500
f 1443 502 1530
f 502 228 1530
f 502 230 228
f 931 503 929
f 929 503 501
f 929 229 231
f 929 231 931
f 230 504 232
f 502 504 230
f 931 818 503
f 1209 505 1094
f 1094 505 231
f 505 818 231
f 818 931 231
f 233 1209 1094
f 504 1703 1789
f 234 504 1789
f 232 504 234
f 1703 506 1789
f 1209 1096 505
f 1477 507 1360
f 1360 507 233
f 507 1096 233
f 1096 1209 233
f 235 1477 1360
f 1791 236 234
f 1791 234 1789
f 1789 506 1791
f 1791 506 508
f 1477 1362 507
f 1739 509 1626
f 1626 509 235
f 509 1362 235
f 1362 1477 235
f 237 1739 1626
f 236 1791 1704
f 510 236 1704
f 238 236 510
f 1791 508 1704
f 1739 1628 509
f 2011 511 1900
f 1900 511 237
f 511 1628 237
f 1628 1739 237
f 239 2011 1900
f 1444 512 240
f 1444 240 1442
f 1442 238 1444
f 1444 238 510
f 2013 513 2011
f 2011 513 511
f 2011 239 30
f 139 2011 30
f 2013 2011 139
f 302 417 139
f 302 139 30
f 584 693 417
f 584 417 302
f 864 973 693
f 864 693 584
f 1144 1249 973
f 1144 973 864
f 1412 1519 1249
f 1412 1249 1144
f 1678 1783 1519
f 1678 1519 1412
f 1952 2053 1783
f 1952 1783 1678
f 82 175 2053
f 82 2053 1952
f 241 175 82
f 1188 514 242
f 1188 242 1186
f 1186 240 1188
f 1188 240 512
f 2013 1902 513
f 1902 2013 515
f 2013 141 515
f 2013 139 141
f 139 419 141
f 139 417 419
f 417 695 419
f 417 693 695
f 693 975 695
f 693 973 975
f 973 1251 975
f 973 1249 1251
f 516 1251 1414
f 1251 1519 1414
f 1251 1249 1519
f 1414 1519 1680
f 1680 1519 1783
f 1680 1783 1954
f 1954 1783 2053
f 1954 2053 84
f 84 2053 175
f 241 354 175
f 354 84 175
f 354 356 84
f 632 356 354
f 632 634 356
f 910 634 632
f 910 912 634
f 910 242 912
f 912 242 514
f 141 32 515
f 32 141 304
f 304 141 419
f 304 419 586
f 586 419 695
f 586 695 866
f 866 695 975
f 866 975 1146
f 1146 975 1251
f 1251 516 1146
f 370 277 243
f 517 555 370
f 555 277 370
f 555 553 277
f 555 831 553
f 833 831 555
f 1200 1109 518
f 1109 833 518
f 1109 831 833
f 1466 1375 1200
f 1200 1375 1109
f 1726 1641 1466
f 1466 1641 1375
f 1996 1915 1726
f 1726 1915 1641
f 122 45 1996
f 1996 45 1915
f 122 244 45
f 100 9 245
f 279 370 243
f 279 243 9
f 519 279 9
f 100 519 9
f 517 370 279
f 1111 1200 518
f 1200 1111 1377
f 1200 1377 1466
f 1466 1377 1643
f 1466 1643 1726
f 1726 1643 1917
f 1726 1917 1996
f 1996 1917 47
f 1996 47 122
f 317 244 122
f 47 317 122
f 319 317 47
f 319 599 317
f 601 599 319
f 958 879 520
f 879 601 520
f 879 599 601
f 958 246 879
f 100 245 11
f 245 521 11
f 245 247 521
f 519 100 11
f 881 958 520
f 522 1236 1159
f 522 1159 246
f 881 522 246
f 958 881 246
f 1236 248 1159
f 523 247 249
f 523 521 247
f 1161 1236 522
f 1427 248 1236
f 1161 1427 1236
f 1429 1427 1161
f 1770 1693 524
f 1693 1429 524
f 1693 1427 1429
f 1770 250 1693
f 249 10 523
f 523 10 12
f 525 12 10
f 525 10 251
f 1695 1770 524
f 526 2042 1967
f 526 1967 250
f 1695 526 250
f 1770 1695 250
f 2042 252 1967
f 527 251 253
f 527 525 251
f 1969 2042 526
f 1969 528 2042
f 528 252 2042
f 528 254 252
f 529 253 255
f 529 527 253
f 254 530 256
f 528 530 254
f 255 278 529
f 529 278 280
f 531 280 278
f 531 278 257
f 1970 532 2048
f 2048 258 1970
f 258 530 1970
f 258 256 530
f 257 554 531
f 531 554 556
f 533 556 554
f 533 554 259
f 260 1968 2048
f 532 260 2048
f 534 260 532
f 258 2048 1968
f 259 832 533
f 533 832 834
f 832 261 1218
f 1112 832 1218
f 834 832 1112
f 535 1112 1218
f 1696 536 1784
f 1784 262 1696
f 262 534 1696
f 262 260 534
f 1110 1218 261
f 1378 535 1486
f 1486 535 263
f 535 1218 263
f 1218 1110 263
f 537 1378 1486
f 264 1694 1784
f 536 264 1784
f 538 264 536
f 262 1784 1694
f 1376 1486 263
f 1644 537 1748
f 1748 537 265
f 537 1486 265
f 1486 1376 265
f 539 1644 1748
f 1430 540 266
f 1430 266 1428
f 1428 264 1430
f 1430 264 538
f 1642 1748 265
f 1748 1642 539
f 1642 1918 539
f 1642 1916 1918
f 541 1918 1916
f 541 1916 267
f 602 542 700
f 602 700 980
f 602 980 882
f 882 980 268
f 1160 882 268
f 1162 882 1160
f 1160 266 1162
f 1162 266 540
f 267 46 541
f 541 46 48
f 318 48 46
f 318 320 48
f 542 320 700
f 320 600 700
f 320 318 600
f 880 980 600
f 600 980 700
f 268 980 880
f 725 289 387
f 387 289 663
f 663 289 571
f 663 571 451
f 571 849 451
f 571 851 849
f 851 1129 849
f 1131 1129 851
f 452 1129 1489
f 1129 1399 1489
f 1129 1131 1399
f 1399 726 1489
f 727 17 111
f 725 387 17
f 17 387 111
f 387 287 111
f 287 453 111
f 663 569 287
f 663 287 387
f 663 451 569
f 1489 1397 452
f 1397 1489 726
f 1665 1397 726
f 1663 1397 1665
f 1665 728 1663
f 1663 728 454
f 729 1887 1987
f 727 111 1887
f 1887 111 1987
f 111 15 1987
f 15 455 1987
f 111 453 15
f 728 1939 2025
f 456 728 2025
f 454 728 456
f 1939 730 2025
f 1989 731 1987
f 1987 731 729
f 1987 455 457
f 1987 457 1989
f 2025 1937 456
f 2025 730 1937
f 730 458 1937
f 730 732 458
f 1885 459 1989
f 459 731 1989
f 459 733 731
f 1989 457 1885
f 67 458 732
f 67 732 69
f 69 734 67
f 67 734 460
f 735 459 461
f 735 733 459
f 734 341 429
f 462 734 429
f 460 734 462
f 341 736 429
f 1995 737 1886
f 737 461 1886
f 737 735 461
f 463 1995 1886
f 429 339 462
f 736 619 705
f 736 705 464
f 429 736 464
f 339 429 464
f 619 738 705
f 1995 1888 737
f 739 1888 1995
f 463 739 1995
f 465 739 463
f 705 617 464
f 738 897 987
f 738 987 466
f 705 738 466
f 617 705 466
f 897 740 987
f 465 16 739
f 739 16 18
f 741 18 16
f 741 16 467
f 987 895 466
f 740 1173 1263
f 740 1263 468
f 987 740 468
f 895 987 468
f 1173 742 1263
f 467 288 741
f 741 288 290
f 743 290 288
f 743 288 469
f 1263 1171 468
f 1263 742 1171
f 742 470 1171
f 742 744 470
f 469 570 743
f 743 570 572
f 850 963 745
f 572 850 745
f 570 850 572
f 471 963 850
f 470 746 472
f 744 746 470
f 963 852 745
f 747 852 963
f 471 747 963
f 473 747 471
f 1174 748 474
f 1174 474 1172
f 1172 472 1174
f 1174 472 746
f 749 473 475
f 749 747 473
f 898 750 476
f 898 476 896
f 896 474 898
f 898 474 748
f 475 1130 749
f 749 1130 1132
f 751 1132 1130
f 751 1130 477
f 620 752 478
f 620 478 618
f 618 476 620
f 620 476 750
f 477 1398 751
f 751 1398 1400
f 1664 1779 753
f 1400 1664 753
f 1398 1664 1400
f 1938 2049 1779
f 1938 1779 1664
f 70 754 2049
f 1938 70 2049
f 68 70 1938
f 340 70 68
f 340 342 70
f 340 478 342
f 342 478 752
f 1779 1666 753
f 1666 1779 1940
f 1940 1779 2049
f 2049 754 1940
f 1980 1901 479
f 106 31 1980
f 1980 31 1901
f 106 480 31
f 1712 1627 481
f 1903 1980 479
f 1903 479 1627
f 755 1903 1627
f 1712 755 1627
f 1980 1903 33
f 1980 33 106
f 303 480 106
f 33 303 106
f 305 303 33
f 662 585 756
f 585 305 756
f 585 303 305
f 662 482 585
f 1454 1361 483
f 1629 1712 481
f 1629 481 1361
f 757 1629 1361
f 1454 757 1361
f 755 1712 1629
f 587 662 756
f 758 944 865
f 758 865 482
f 587 758 482
f 662 587 482
f 944 484 865
f 485 1456 483
f 483 1456 1454
f 757 1454 1456
f 757 1456 759
f 867 944 758
f 760 1222 1145
f 760 1145 484
f 867 760 484
f 944 867 484
f 1222 486 1145
f 1456 485 1363
f 485 761 1363
f 485 487 761
f 759 1456 1363
f 762 1224 1222
f 762 1222 760
f 486 1222 488
f 488 1222 1224
f 763 487 489
f 763 761 487
f 764 1226 1224
f 764 1224 762
f 488 1224 490
f 490 1224 1226
f 765 489 491
f 765 763 489
f 1147 1226 764
f 766 1498 1413
f 766 1413 490
f 1147 766 490
f 1226 1147 490
f 1498 492 1413
f 767 1097 1197
f 493 1197 1097
f 765 493 1097
f 491 493 765
f 1415 1498 766
f 768 1762 1679
f 768 1679 492
f 1415 768 492
f 1498 1415 492
f 1762 494 1679
f 1199 769 1197
f 1197 769 767
f 1197 493 495
f 1197 495 1199
f 1681 1762 768
f 770 2034 1953
f 770 1953 494
f 1681 770 494
f 1762 1681 494
f 2034 496 1953
f 1201 771 1199
f 1199 771 769
f 1199 495 497
f 1199 497 1201
f 1955 2034 770
f 83 496 2034
f 1955 83 2034
f 85 83 1955
f 434 355 772
f 355 85 772
f 355 83 85
f 708 633 434
f 434 633 355
f 988 911 708
f 708 911 633
f 988 498 911
f 773 819 927
f 771 1201 819
f 819 1201 927
f 1201 1095 927
f 1095 499 927
f 1201 497 1095
f 357 434 772
f 434 357 635
f 434 635 708
f 708 635 913
f 708 913 988
f 774 1264 1187
f 774 1187 498
f 913 774 498
f 988 913 498
f 1264 500 1187
f 817 501 927
f 501 773 927
f 501 775 773
f 927 499 817
f 1189 1264 774
f 776 1532 1443
f 776 1443 500
f 1189 776 500
f 1264 1189 500
f 1532 502 1443
f 777 501 503
f 777 775 501
f 1445 1532 776
f 1445 778 1532
f 778 502 1532
f 778 504 502
f 503 818 777
f 777 818 820
f 779 820 818
f 779 818 505
f 1703 504 778
f 1703 778 1705
f 1705 780 1703
f 1703 780 506
f 505 1096 779
f 779 1096 1098
f 781 1098 1096
f 781 1096 507
f 506 782 508
f 780 782 506
f 507 1362 781
f 781 1362 1364
f 783 1364 1362
f 783 1362 509
f 1706 784 510
f 1706 510 1704
f 1704 508 1706
f 1706 508 782
f 1741 785 1628
f 785 509 1628
f 785 783 509
f 511 1741 1628
f 1446 786 512
f 1446 512 1444
f 1444 510 1446
f 1446 510 784
f 1743 787 1741
f 1741 787 785
f 1741 511 513
f 1741 513 1743
f 1190 788 514
f 1190 514 1188
f 1188 512 1190
f 1190 512 786
f 1743 1630 787
f 2015 789 1902
f 1902 789 513
f 789 1630 513
f 1630 1743 513
f 515 2015 1902
f 1414 1521 516
f 1680 1785 1521
f 1680 1521 1414
f 1954 2055 1785
f 1954 1785 1680
f 84 177 2055
f 84 2055 1954
f 358 790 177
f 84 358 177
f 356 358 84
f 634 358 356
f 634 636 358
f 912 636 634
f 912 914 636
f 912 514 914
f 914 514 788
f 2017 791 2015
f 2015 791 789
f 2015 515 32
f 143 2015 32
f 2017 2015 143
f 304 421 143
f 304 143 32
f 586 697 421
f 586 421 304
f 866 977 697
f 866 697 586
f 1146 1253 977
f 1146 977 866
f 1521 1416 516
f 516 1416 1146
f 1416 792 1146
f 792 1253 1146
f 1416 1521 1682
f 1682 1521 1785
f 1682 1785 1956
f 1956 1785 2055
f 1956 2055 86
f 86 2055 177
f 177 790 86
f 2017 1904 791
f 1904 2017 793
f 2017 145 793
f 2017 143 145
f 143 423 145
f 143 421 423
f 421 699 423
f 421 697 699
f 697 979 699
f 697 977 979
f 794 979 1148
f 979 1253 1148
f 979 977 1253
f 1253 792 1148
f 145 34 793
f 34 145 306
f 306 145 423
f 306 423 588
f 588 423 699
f 588 699 868
f 868 699 979
f 979 794 868
f 646 555 517
f 924 833 646
f 646 833 555
f 924 518 833
f 372 279 519
f 557 646 517
f 557 517 279
f 795 557 279
f 372 795 279
f 646 557 835
f 646 835 924
f 1111 518 924
f 835 1111 924
f 1113 1111 835
f 1113 1377 1111
f 1379 1377 1113
f 1379 1643 1377
f 1645 1643 1379
f 1645 1917 1643
f 1919 1917 1645
f 1919 47 1917
f 49 47 1919
f 49 319 47
f 321 319 49
f 321 601 319
f 603 601 321
f 603 796 601
f 601 796 520
f 102 11 521
f 281 372 519
f 281 519 11
f 797 281 11
f 102 797 11
f 795 372 281
f 881 520 796
f 881 796 883
f 883 798 881
f 881 798 522
f 523 104 521
f 521 104 102
f 797 102 104
f 797 104 799
f 1161 522 798
f 1161 798 1163
f 1163 1429 1161
f 1431 1429 1163
f 1431 800 1429
f 1429 800 524
f 12 104 523
f 799 104 12
f 525 799 12
f 801 799 525
f 1695 524 800
f 1695 800 1697
f 1697 802 1695
f 1695 802 526
f 282 801 380
f 801 527 380
f 801 525 527
f 803 282 380
f 1969 526 802
f 1969 802 1971
f 1971 804 1969
f 1969 804 528
f 529 382 527
f 527 382 380
f 803 380 382
f 803 382 805
f 528 806 530
f 804 806 528
f 280 382 529
f 805 382 280
f 531 805 280
f 807 805 531
f 1972 808 532
f 1972 532 1970
f 1970 530 1972
f 1972 530 806
f 531 556 807
f 807 556 558
f 809 558 556
f 809 556 533
f 532 810 534
f 808 810 532
f 533 834 809
f 809 834 836
f 1112 836 834
f 1112 1114 836
f 811 1114 1112
f 811 1112 535
f 1698 812 536
f 1698 536 1696
f 1696 534 1698
f 1698 534 810
f 535 1378 811
f 811 1378 1380
f 813 1380 1378
f 813 1378 537
f 1432 814 1522
f 1522 538 1432
f 538 812 1432
f 538 536 812
f 537 1644 813
f 813 1644 1646
f 1644 539 2018
f 1920 1644 2018
f 1646 1644 1920
f 815 1920 2018
f 1164 816 1254
f 1522 814 1164
f 1522 1164 1254
f 1430 1522 1254
f 540 1430 1254
f 538 1522 1430
f 1918 2018 539
f 50 815 146
f 146 815 541
f 815 2018 541
f 2018 1918 541
f 50 146 424
f 50 424 322
f 322 424 542
f 602 322 542
f 604 322 602
f 882 604 602
f 882 884 604
f 816 884 1254
f 884 1162 1254
f 884 882 1162
f 540 1254 1162
f 48 146 541
f 320 424 48
f 48 424 146
f 542 424 320
f 1005 291 725
f 725 291 289
f 291 571 289
f 573 571 291
f 573 851 571
f 853 851 573
f 853 1131 851
f 1133 1131 853
f 1133 1399 1131
f 1401 1399 1133
f 726 1399 1751
f 1399 1667 1751
f 1399 1401 1667
f 1667 1006 1751
f 1007 19 727
f 727 19 17
f 725 17 19
f 725 19 1005
f 1751 1665 726
f 1006 1941 2023
f 1006 2023 728
f 1751 1006 728
f 1665 1751 728
f 1941 1008 2023
f 1009 1889 729
f 729 1889 1887
f 727 1887 1889
f 727 1889 1007
f 2023 1939 728
f 1008 71 149
f 1008 149 730
f 2023 1008 730
f 1939 2023 730
f 71 1010 149
f 1011 729 731
f 1011 1009 729
f 151 732 730
f 151 730 149
f 149 1010 151
f 151 1010 1012
f 1013 731 733
f 1013 1011 731
f 151 69 732
f 1012 343 427
f 1012 427 734
f 151 1012 734
f 69 151 734
f 343 1014 427
f 1015 733 735
f 1015 1013 733
f 427 341 734
f 427 1014 341
f 1014 736 341
f 1014 1016 736
f 1017 735 737
f 1017 1015 735
f 619 736 1016
f 619 1016 621
f 621 1018 619
f 619 1018 738
f 1997 1019 1888
f 1019 737 1888
f 1019 1017 737
f 739 1997 1888
f 897 738 1018
f 897 1018 899
f 899 1020 897
f 897 1020 740
f 1997 1890 1019
f 739 18 1997
f 18 1890 1997
f 18 20 1890
f 1021 20 18
f 1021 18 741
f 1173 740 1020
f 1173 1020 1175
f 1175 1022 1173
f 1173 1022 742
f 741 290 1021
f 1021 290 292
f 1023 292 290
f 1023 290 743
f 742 1024 744
f 1022 1024 742
f 743 572 1023
f 1023 572 574
f 1025 574 572
f 1025 572 745
f 744 1026 746
f 1024 1026 744
f 965 1027 852
f 1027 745 852
f 1027 1025 745
f 747 965 852
f 1176 1028 748
f 1176 748 1174
f 1174 746 1176
f 1176 746 1026
f 965 854 1027
f 1029 854 965
f 747 1029 965
f 749 1029 747
f 900 1030 750
f 900 750 898
f 898 748 900
f 900 748 1028
f 749 1132 1029
f 1029 1132 1134
f 1031 1134 1132
f 1031 1132 751
f 622 1032 752
f 622 752 620
f 620 750 622
f 622 750 1030
f 751 1400 1031
f 1031 1400 1402
f 1033 1402 1400
f 1033 1400 753
f 72 1034 754
f 72 754 70
f 342 72 70
f 342 344 72
f 342 752 344
f 344 752 1032
f 753 1666 1033
f 1033 1666 1668
f 1940 1668 1666
f 1940 1942 1668
f 1940 754 1942
f 1942 754 1034
f 1982 1903 755
f 108 33 1982
f 1982 33 1903
f 386 305 108
f 108 305 33
f 386 756 305
f 1714 1629 757
f 1629 1714 755
f 1714 1982 755
f 1714 1984 1982
f 110 1982 1984
f 108 1982 110
f 388 108 110
f 386 108 388
f 756 386 587
f 386 664 587
f 386 388 664
f 664 758 587
f 759 1716 757
f 757 1716 1714
f 1716 1035 1905
f 1984 1716 1905
f 1714 1716 1984
f 1984 1905 35
f 1984 35 110
f 110 35 307
f 110 307 388
f 388 307 1036
f 666 388 1036
f 664 388 666
f 758 664 867
f 664 946 867
f 664 666 946
f 946 760 867
f 1458 1363 761
f 1631 1716 759
f 1631 759 1363
f 1037 1631 1363
f 1458 1037 1363
f 1035 1716 1631
f 589 666 1036
f 666 589 1038
f 948 666 1038
f 946 666 948
f 760 946 762
f 762 946 948
f 1458 761 1365
f 761 1039 1365
f 761 763 1039
f 1037 1458 1365
f 1040 950 948
f 1040 948 1038
f 762 948 764
f 764 948 950
f 1041 763 765
f 1041 1039 763
f 869 950 1040
f 1042 1228 1147
f 1042 1147 764
f 869 1042 764
f 950 869 764
f 1228 766 1147
f 1043 1099 767
f 767 1099 1097
f 765 1097 1099
f 765 1099 1041
f 1149 1228 1042
f 1044 1500 1415
f 1044 1415 766
f 1149 1044 766
f 1228 1149 766
f 1500 768 1415
f 1045 821 923
f 769 923 821
f 1043 769 821
f 767 769 1043
f 1417 1500 1044
f 1046 1764 1681
f 1046 1681 768
f 1417 1046 768
f 1500 1417 768
f 1764 770 1681
f 1047 543 647
f 1045 923 543
f 923 647 543
f 923 925 647
f 923 769 771
f 923 771 925
f 1683 1764 1046
f 1048 2036 1955
f 1048 1955 770
f 1683 1048 770
f 1764 1683 770
f 160 85 2036
f 2036 85 1955
f 160 772 85
f 649 1049 647
f 647 1049 1047
f 925 819 773
f 649 925 773
f 647 925 649
f 925 771 819
f 1957 2036 1048
f 2036 1957 87
f 2036 87 160
f 1050 436 357
f 1050 357 772
f 87 1050 772
f 160 87 772
f 710 635 436
f 436 635 357
f 990 913 710
f 710 913 635
f 990 774 913
f 651 1051 649
f 649 1051 1049
f 649 773 775
f 649 775 651
f 359 436 1050
f 436 359 637
f 436 637 710
f 710 637 915
f 710 915 990
f 1189 774 990
f 915 1189 990
f 1191 1189 915
f 1191 1052 1189
f 1189 1052 776
f 651 544 1051
f 1053 544 651
f 775 1053 651
f 777 1053 775
f 1445 776 1052
f 1445 1052 1447
f 1447 1054 1445
f 1445 1054 778
f 777 820 1053
f 1053 820 822
f 1055 822 820
f 1055 820 779
f 1705 778 1054
f 1705 1054 1707
f 1707 1056 1705
f 1705 1056 780
f 1211 1057 1098
f 1057 779 1098
f 1057 1055 779
f 781 1211 1098
f 780 1058 782
f 1056 1058 780
f 1211 1100 1057
f 1479 1059 1364
f 1364 1059 781
f 1059 1100 781
f 1100 1211 781
f 783 1479 1364
f 1708 1060 784
f 1708 784 1706
f 1706 782 1708
f 1708 782 1058
f 1479 1366 1059
f 1061 1366 1479
f 783 1061 1479
f 785 1061 783
f 1448 1062 786
f 1448 786 1446
f 1446 784 1448
f 1448 784 1060
f 1063 785 787
f 1063 1061 785
f 916 1064 1004
f 916 1004 788
f 1190 916 788
f 1192 916 1190
f 1190 786 1192
f 1192 786 1062
f 1745 1065 1630
f 1065 787 1630
f 1065 1063 787
f 789 1745 1630
f 360 1066 790
f 360 790 358
f 636 360 358
f 636 638 360
f 1064 638 1004
f 638 914 1004
f 638 636 914
f 788 1004 914
f 1747 1067 1745
f 1745 1067 1065
f 1745 789 791
f 1745 791 1747
f 1416 1523 792
f 1684 1068 1523
f 1416 1684 1523
f 1682 1684 1416
f 1956 1684 1682
f 1956 1958 1684
f 86 1958 1956
f 86 88 1958
f 86 790 88
f 88 790 1066
f 1747 1632 1067
f 2019 1069 1904
f 1904 1069 791
f 1069 1632 791
f 1632 1747 791
f 793 2019 1904
f 1148 1255 794
f 1523 1418 792
f 792 1418 1148
f 1418 1070 1148
f 1070 1255 1148
f 1523 1068 1418
f 2019 1906 1069
f 147 1071 34
f 34 1071 793
f 1071 1906 793
f 1906 2019 793
f 306 425 147
f 306 147 34
f 588 701 425
f 588 425 306
f 868 981 701
f 868 701 588
f 1255 1150 794
f 794 1150 868
f 1150 1072 868
f 1072 981 868
f 1255 1070 1150
f 147 36 1071
f 36 147 308
f 308 147 425
f 308 425 590
f 590 425 701
f 590 701 870
f 870 701 981
f 981 1072 870
f 648 557 795
f 926 835 648
f 648 835 557
f 1202 1113 926
f 926 1113 835
f 1468 1379 1202
f 1202 1379 1113
f 1728 1645 1468
f 1468 1645 1379
f 1998 1919 1728
f 1728 1919 1645
f 124 49 1998
f 1998 49 1919
f 402 321 124
f 124 321 49
f 678 603 402
f 402 603 321
f 678 796 603
f 374 281 797
f 559 648 795
f 559 795 281
f 1073 559 281
f 374 1073 281
f 648 559 837
f 648 837 926
f 926 837 1115
f 926 1115 1202
f 1202 1115 1381
f 1202 1381 1468
f 1468 1381 1647
f 1468 1647 1728
f 1728 1647 1921
f 1728 1921 1998
f 1998 1921 51
f 1998 51 124
f 124 51 323
f 124 323 402
f 402 323 605
f 402 605 678
f 883 796 678
f 605 883 678
f 885 883 605
f 885 1074 883
f 883 1074 798
f 799 376 797
f 797 376 374
f 1073 374 376
f 1073 376 1075
f 1163 798 1074
f 1163 1074 1165
f 1165 1431 1163
f 1433 1431 1165
f 1433 1076 1431
f 1431 1076 800
f 801 378 799
f 799 378 376
f 1075 376 378
f 1075 378 1077
f 1697 800 1076
f 1697 1076 1699
f 1699 1078 1697
f 1697 1078 802
f 282 378 801
f 1077 378 282
f 803 1077 282
f 1079 1077 803
f 1971 802 1078
f 1971 1078 1973
f 1973 1080 1971
f 1971 1080 804
f 1081 803 805
f 1081 1079 803
f 804 1082 806
f 1080 1082 804
f 560 1081 660
f 1081 807 660
f 1081 805 807
f 1083 560 660
f 1974 1084 808
f 1974 808 1972
f 1972 806 1974
f 1974 806 1082
f 558 660 807
f 838 1083 940
f 940 1083 809
f 1083 660 809
f 660 558 809
f 1085 838 940
f 1700 1086 1782
f 1782 810 1700
f 810 1084 1700
f 810 808 1084
f 836 940 809
f 940 836 1085
f 836 1116 1085
f 836 1114 1116
f 1087 1116 1114
f 1087 1114 811
f 812 1698 1782
f 1086 812 1782
f 1088 812 1086
f 810 1782 1698
f 811 1380 1087
f 1087 1380 1382
f 1380 813 1746
f 1648 1380 1746
f 1382 1380 1648
f 1089 1648 1746
f 1434 1090 814
f 1434 814 1432
f 1432 812 1434
f 1434 812 1088
f 1646 1746 813
f 1746 1646 1089
f 1646 1922 1089
f 1646 1920 1922
f 1920 815 144
f 52 1920 144
f 1922 1920 52
f 1091 52 144
f 1166 1092 816
f 1166 816 1164
f 1164 814 1166
f 1166 814 1090
f 50 144 815
f 144 50 1091
f 50 324 1091
f 50 322 324
f 604 324 322
f 604 606 324
f 884 606 604
f 884 886 606
f 884 816 886
f 886 816 1092
f 1277 293 1005
f 1005 293 291
f 293 573 291
f 575 573 293
f 575 853 573
f 855 853 575
f 855 1133 853
f 1135 1133 855
f 1135 1401 1133
f 1403 1401 1135
f 1403 1667 1401
f 1669 1667 1403
f 1669 1278 1667
f 1667 1278 1006
f 1279 1891 1985
f 1985 1891 1007
f 1891 19 1007
f 1891 21 19
f 1005 19 21
f 1005 21 1277
f 1941 1006 1278
f 1941 1278 1943
f 1943 1280 1941
f 1941 1280 1008
f 1889 1009 1985
f 1009 1279 1985
f 1009 1281 1279
f 1985 1007 1889
f 71 1008 1280
f 71 1280 73
f 73 1282 71
f 71 1282 1010
f 1283 1009 1011
f 1283 1281 1009
f 1010 1284 1012
f 1282 1284 1010
f 1285 1011 1013
f 1285 1283 1011
f 343 1012 1284
f 343 1284 345
f 345 1286 343
f 343 1286 1014
f 1287 1617 1723
f 1015 1723 1617
f 1285 1015 1617
f 1013 1015 1285
f 1286 623 703
f 1016 1286 703
f 1014 1286 1016
f 623 1288 703
f 1725 1289 1723
f 1723 1289 1287
f 1723 1015 1017
f 1723 1017 1725
f 703 621 1016
f 1288 901 985
f 1288 985 1018
f 703 1288 1018
f 621 703 1018
f 901 1290 985
f 1725 1618 1289
f 1291 1618 1725
f 1017 1291 1725
f 1019 1291 1017
f 985 899 1018
f 1290 1177 1261
f 1290 1261 1020
f 985 1290 1020
f 899 985 1020
f 1177 1292 1261
f 1019 1890 1291
f 1291 1890 1892
f 20 125 1293
f 1892 20 1293
f 1890 20 1892
f 1021 125 20
f 1261 1175 1020
f 1261 1292 1175
f 1292 1022 1175
f 1292 1294 1022
f 125 22 1293
f 1021 292 125
f 292 22 125
f 292 294 22
f 1295 294 292
f 1295 292 1023
f 1022 1296 1024
f 1294 1296 1022
f 683 1297 574
f 1297 1023 574
f 1297 1295 1023
f 1025 683 574
f 1024 1298 1026
f 1296 1298 1024
f 683 576 1297
f 1299 576 683
f 1025 1299 683
f 1027 1299 1025
f 1178 1300 1028
f 1178 1028 1176
f 1176 1026 1178
f 1178 1026 1298
f 1027 854 1299
f 1299 854 856
f 1301 856 854
f 1301 854 1029
f 900 997 1030
f 900 1028 997
f 1028 1302 997
f 1028 1300 1302
f 1029 1134 1301
f 1301 1134 1136
f 1303 1136 1134
f 1303 1134 1031
f 624 1304 1032
f 624 1032 622
f 997 902 1030
f 902 622 1030
f 902 624 622
f 997 1302 902
f 1031 1402 1303
f 1303 1402 1404
f 1402 1033 1780
f 1670 1402 1780
f 1404 1402 1670
f 1670 1780 2050
f 1670 2050 1944
f 1944 2050 1034
f 72 1944 1034
f 74 1944 72
f 344 74 72
f 344 346 74
f 344 1032 346
f 346 1032 1304
f 1668 1780 1033
f 1942 2050 1668
f 1668 2050 1780
f 1034 2050 1942
f 1986 1905 1035
f 112 35 1986
f 1986 35 1905
f 390 307 112
f 112 307 35
f 390 1036 307
f 1718 1631 1037
f 1631 1718 1035
f 1718 1986 1035
f 1718 1988 1986
f 114 1986 1988
f 112 1986 114
f 392 112 114
f 390 112 392
f 1036 390 589
f 390 668 589
f 390 392 668
f 668 1038 589
f 1460 1365 1039
f 1365 1460 1037
f 1460 1718 1037
f 1460 1720 1718
f 1720 1305 1907
f 1988 1720 1907
f 1718 1720 1988
f 1988 1907 37
f 1988 37 114
f 114 37 309
f 114 309 392
f 392 309 1306
f 670 392 1306
f 668 392 670
f 1038 668 1040
f 1040 668 670
f 1460 1039 1367
f 1039 1307 1367
f 1039 1041 1307
f 1460 1367 1633
f 1460 1633 1720
f 1305 1720 1633
f 591 670 1306
f 1308 952 869
f 1308 869 1040
f 591 1308 1040
f 670 591 1040
f 952 1042 869
f 1309 823 921
f 921 823 1043
f 823 1099 1043
f 823 1101 1099
f 1041 1099 1101
f 1041 1101 1307
f 871 952 1308
f 1310 1230 1149
f 1310 1149 1042
f 871 1310 1042
f 952 871 1042
f 1230 1044 1149
f 1311 269 369
f 369 269 645
f 645 269 545
f 1309 921 545
f 545 921 645
f 921 821 645
f 821 1045 645
f 921 1043 821
f 1151 1230 1310
f 1312 1502 1417
f 1312 1417 1044
f 1151 1312 1044
f 1230 1151 1044
f 1502 1046 1417
f 1313 1 99
f 1311 369 1
f 369 99 1
f 369 371 99
f 645 543 1047
f 371 645 1047
f 369 645 371
f 645 1045 543
f 1419 1502 1312
f 1314 1766 1683
f 1314 1683 1046
f 1419 1314 1046
f 1502 1419 1046
f 1766 1048 1683
f 101 1315 99
f 99 1315 1313
f 99 373 101
f 99 371 373
f 371 1047 1049
f 371 1049 373
f 1685 1766 1314
f 1957 1048 1766
f 1685 1957 1766
f 1959 1957 1685
f 162 87 1316
f 87 1959 1316
f 87 1957 1959
f 162 1050 87
f 101 2 1315
f 2 101 1317
f 101 375 1317
f 101 373 375
f 373 1049 1051
f 373 1051 375
f 89 162 1316
f 359 1050 162
f 89 359 162
f 361 359 89
f 361 637 359
f 639 637 361
f 639 915 637
f 917 915 639
f 917 1191 915
f 1193 1191 917
f 1193 1318 1191
f 1191 1318 1052
f 375 270 1317
f 653 1319 544
f 544 1319 1051
f 1319 270 1051
f 270 375 1051
f 1053 653 544
f 1447 1052 1318
f 1447 1318 1449
f 1449 1320 1447
f 1447 1320 1054
f 653 546 1319
f 933 1321 822
f 822 1321 1053
f 1321 546 1053
f 546 653 1053
f 1055 933 822
f 1707 1054 1320
f 1707 1320 1709
f 1709 1322 1707
f 1707 1322 1056
f 933 824 1321
f 1323 824 933
f 1055 1323 933
f 1057 1323 1055
f 1056 1324 1058
f 1322 1324 1056
f 1057 1100 1323
f 1323 1100 1102
f 1325 1102 1100
f 1325 1100 1059
f 1710 1326 1060
f 1710 1060 1708
f 1708 1058 1710
f 1710 1058 1324
f 1481 1327 1366
f 1327 1059 1366
f 1327 1325 1059
f 1061 1481 1366
f 1450 1328 1062
f 1450 1062 1448
f 1448 1060 1450
f 1450 1060 1326
f 1483 1329 1481
f 1481 1329 1327
f 1481 1061 1063
f 1481 1063 1483
f 918 1330 1064
f 918 1064 916
f 1192 918 916
f 1192 1194 918
f 1192 1062 1194
f 1194 1062 1328
f 1485 1331 1483
f 1483 1331 1329
f 1483 1063 1065
f 1483 1065 1485
f 362 1332 1066
f 362 1066 360
f 638 362 360
f 638 640 362
f 638 1064 640
f 640 1064 1330
f 1485 1368 1331
f 1333 1368 1485
f 1065 1333 1485
f 1067 1333 1065
f 1684 1787 1068
f 1960 1334 1787
f 1684 1960 1787
f 1958 1960 1684
f 88 1960 1958
f 88 90 1960
f 88 1066 90
f 90 1066 1332
f 1749 1335 1632
f 1335 1067 1632
f 1335 1333 1067
f 1069 1749 1632
f 1418 1525 1070
f 1787 1686 1068
f 1068 1686 1418
f 1686 1336 1418
f 1336 1525 1418
f 1787 1334 1686
f 1749 1634 1335
f 2021 1337 1906
f 1906 1337 1069
f 1337 1634 1069
f 1634 1749 1069
f 1071 2021 1906
f 1150 1257 1072
f 1525 1420 1070
f 1070 1420 1150
f 1420 1338 1150
f 1338 1257 1150
f 1525 1336 1420
f 2021 1908 1337
f 1071 36 2021
f 36 1908 2021
f 36 38 1908
f 308 38 36
f 308 310 38
f 590 310 308
f 590 592 310
f 870 592 590
f 870 872 592
f 1257 1152 1072
f 1152 870 1072
f 1152 872 870
f 1257 1338 1152
f 650 559 1073
f 1339 839 650
f 839 559 650
f 839 837 559
f 839 1115 837
f 1117 1115 839
f 1117 1381 1115
f 1383 1381 1117
f 1383 1647 1381
f 1649 1647 1383
f 1649 1921 1647
f 1923 1921 1649
f 1923 51 1921
f 53 51 1923
f 53 323 51
f 325 323 53
f 325 605 323
f 607 605 325
f 960 885 1340
f 885 607 1340
f 885 605 607
f 960 1074 885
f 1075 652 1073
f 1073 652 650
f 1339 650 652
f 1339 652 1341
f 887 960 1340
f 1342 1238 1165
f 1342 1165 1074
f 887 1342 1074
f 960 887 1074
f 1508 1433 1238
f 1238 1433 1165
f 1508 1076 1433
f 652 1075 561
f 1075 1343 561
f 1075 1077 1343
f 1341 652 561
f 1167 1238 1342
f 1238 1167 1435
f 1238 1435 1508
f 1344 1772 1699
f 1344 1699 1076
f 1435 1344 1076
f 1508 1435 1076
f 1772 1078 1699
f 1345 1077 1079
f 1345 1343 1077
f 1701 1772 1344
f 1346 2044 1973
f 1346 1973 1078
f 1701 1346 1078
f 1772 1701 1078
f 2044 1080 1973
f 1347 1079 1081
f 1347 1345 1079
f 1348 2046 2044
f 1348 2044 1346
f 1080 2044 1082
f 1082 2044 2046
f 1081 560 1347
f 1347 560 562
f 1349 562 560
f 1349 560 1083
f 1702 1350 1778
f 2046 1348 1702
f 2046 1702 1778
f 1974 2046 1778
f 1084 1974 1778
f 1082 2046 1974
f 1083 838 1349
f 1349 838 840
f 1351 840 838
f 1351 838 1085
f 1436 1352 1518
f 1778 1350 1436
f 1778 1436 1518
f 1700 1778 1518
f 1086 1700 1518
f 1084 1778 1700
f 1085 1116 1351
f 1351 1116 1118
f 1353 1118 1116
f 1353 1116 1087
f 1354 1520 1518
f 1354 1518 1352
f 1086 1518 1088
f 1088 1518 1520
f 1087 1382 1353
f 1353 1382 1384
f 1648 1384 1382
f 1648 1650 1384
f 1648 1089 2016
f 1924 1648 2016
f 1650 1648 1924
f 1355 1924 2016
f 1168 1356 1252
f 1520 1354 1168
f 1520 1168 1252
f 1434 1520 1252
f 1090 1434 1252
f 1088 1520 1434
f 1922 2016 1089
f 2016 1922 1355
f 1922 54 1355
f 1922 52 54
f 52 1091 422
f 326 52 422
f 54 52 326
f 326 422 698
f 326 698 608
f 608 698 978
f 608 978 888
f 1252 1356 888
f 1252 888 978
f 1166 1252 978
f 1092 1166 978
f 1090 1252 1166
f 324 422 1091
f 606 698 324
f 324 698 422
f 886 978 606
f 606 978 698
f 1092 978 886
f 1541 1893 1983
f 1983 1893 109
f 109 1893 23
f 109 23 1277
f 23 293 1277
f 23 295 293
f 295 575 293
f 577 575 295
f 577 855 575
f 857 855 577
f 857 1135 855
f 1137 1135 857
f 1137 1403 1135
f 1405 1403 1137
f 1405 1669 1403
f 1671 1669 1405
f 1671 1542 1669
f 1669 1542 1278
f 1891 1279 1983
f 1279 1541 1983
f 1279 1543 1541
f 109 21 1891
f 109 1891 1983
f 109 1277 21
f 1943 1278 1542
f 1943 1542 1945
f 1945 1544 1943
f 1943 1544 1280
f 1545 1279 1281
f 1545 1543 1279
f 73 1280 1544
f 73 1544 75
f 75 1546 73
f 73 1546 1282
f 1547 1281 1283
f 1547 1545 1281
f 1282 1548 1284
f 1546 1548 1282
f 1549 1619 1721
f 1285 1721 1619
f 1547 1285 1619
f 1283 1285 1547
f 345 1284 1548
f 345 1548 347
f 347 1550 345
f 345 1550 1286
f 1617 1287 1721
f 1287 1549 1721
f 1287 1551 1549
f 1721 1285 1617
f 623 1286 1550
f 623 1550 625
f 1288 623 983
f 623 903 983
f 623 625 903
f 903 1552 983
f 1553 1287 1289
f 1553 1551 1287
f 983 901 1288
f 1552 1179 1259
f 1552 1259 1290
f 983 1552 1290
f 901 983 1290
f 1179 1554 1259
f 1289 1618 1553
f 1553 1618 1620
f 1555 1620 1618
f 1555 1618 1291
f 1259 1177 1290
f 1259 1554 1177
f 1554 1292 1177
f 1554 1556 1292
f 1291 1892 1555
f 1555 1892 1894
f 1557 1894 1892
f 1557 1892 1293
f 1292 1558 1294
f 1556 1558 1292
f 1293 22 1557
f 1557 22 24
f 294 405 1559
f 24 294 1559
f 22 294 24
f 1295 405 294
f 1294 1560 1296
f 1558 1560 1294
f 405 296 1559
f 1561 296 405
f 1295 1561 405
f 1297 1561 1295
f 1296 1562 1298
f 1560 1562 1296
f 685 1563 576
f 1563 1297 576
f 1563 1561 1297
f 1299 685 576
f 1178 1269 1300
f 1178 1298 1269
f 1298 1564 1269
f 1298 1562 1564
f 685 578 1563
f 967 1565 856
f 856 1565 1299
f 1565 578 1299
f 578 685 1299
f 1301 967 856
f 1300 1269 1180
f 1566 1300 1180
f 1302 1300 1566
f 1269 1564 1180
f 967 858 1565
f 1245 1567 1136
f 1136 1567 1301
f 1567 858 1301
f 858 967 1301
f 1303 1245 1136
f 624 719 1304
f 904 1568 719
f 624 904 719
f 902 904 624
f 902 1302 904
f 904 1302 1566
f 1245 1138 1567
f 1303 1404 1245
f 1404 1138 1245
f 1404 1406 1138
f 1670 1406 1404
f 1670 1672 1406
f 1944 1672 1670
f 1944 1946 1672
f 74 1946 1944
f 74 76 1946
f 346 76 74
f 346 348 76
f 719 626 1304
f 626 346 1304
f 626 348 346
f 719 1568 626
f 1990 1907 1305
f 116 37 1990
f 1990 37 1907
f 394 309 116
f 116 309 37
f 394 1306 309
f 1569 1369 1307
f 1307 1369 1367
f 1369 1633 1367
f 1635 1633 1369
f 1909 1990 1305
f 1633 1909 1305
f 1635 1909 1633
f 1990 1909 39
f 1990 39 116
f 116 39 311
f 116 311 394
f 1570 672 591
f 1570 591 1306
f 311 1570 1306
f 394 311 1306
f 672 1308 591
f 1571 271 367
f 367 271 643
f 643 271 547
f 643 547 1309
f 547 823 1309
f 547 825 823
f 825 1101 823
f 1103 1101 825
f 1307 1101 1103
f 1307 1103 1569
f 593 672 1570
f 1572 954 871
f 1572 871 1308
f 593 1572 1308
f 672 593 1308
f 954 1310 871
f 1573 3 97
f 1571 367 3
f 3 367 97
f 367 269 97
f 269 1311 97
f 643 545 269
f 643 269 367
f 643 1309 545
f 873 954 1572
f 1574 1232 1151
f 1574 1151 1310
f 873 1574 1310
f 954 873 1310
f 1232 1312 1151
f 1575 1879 1975
f 1573 97 1879
f 1879 97 1975
f 97 1 1975
f 1 1313 1975
f 97 1311 1
f 1153 1232 1574
f 1576 1504 1419
f 1576 1419 1312
f 1153 1576 1312
f 1232 1153 1312
f 1504 1314 1419
f 1977 1577 1975
f 1975 1577 1575
f 1975 1313 1315
f 1975 1315 1977
f 1421 1504 1576
f 1685 1314 1504
f 1421 1685 1504
f 1687 1685 1421
f 2038 1959 1578
f 1959 1687 1578
f 1959 1685 1687
f 2038 1316 1959
f 1977 1880 1577
f 103 1579 2
f 2 1579 1315
f 1579 1880 1315
f 1880 1977 1315
f 1317 103 2
f 1961 2038 1578
f 89 1316 2038
f 1961 89 2038
f 91 89 1961
f 438 361 1580
f 361 91 1580
f 361 89 91
f 712 639 438
f 438 639 361
f 992 917 712
f 712 917 639
f 1266 1193 992
f 992 1193 917
f 1266 1318 1193
f 103 4 1579
f 377 1581 270
f 270 1581 1317
f 1581 4 1317
f 4 103 1317
f 1319 377 270
f 363 438 1580
f 438 363 641
f 438 641 712
f 712 641 919
f 712 919 992
f 992 919 1195
f 992 1195 1266
f 1582 1534 1449
f 1582 1449 1318
f 1195 1582 1318
f 1266 1195 1318
f 1534 1320 1449
f 377 272 1581
f 1319 546 377
f 546 272 377
f 546 548 272
f 1583 548 546
f 1583 546 1321
f 1451 1534 1582
f 1584 1790 1709
f 1584 1709 1320
f 1451 1584 1320
f 1534 1451 1320
f 1790 1322 1709
f 935 1585 824
f 1585 1321 824
f 1585 1583 1321
f 1323 935 824
f 1586 1792 1790
f 1586 1790 1584
f 1322 1790 1324
f 1324 1790 1792
f 935 826 1585
f 1213 1587 1102
f 1102 1587 1323
f 1587 826 1323
f 826 935 1323
f 1325 1213 1102
f 1452 1588 1540
f 1792 1586 1452
f 1792 1452 1540
f 1710 1792 1540
f 1326 1710 1540
f 1324 1792 1710
f 1215 1589 1213
f 1213 1589 1587
f 1213 1325 1327
f 1213 1327 1215
f 920 1590 1002
f 920 1002 1276
f 920 1276 1196
f 1540 1588 1196
f 1540 1196 1276
f 1450 1540 1276
f 1328 1450 1276
f 1326 1540 1450
f 1217 1591 1215
f 1215 1591 1589
f 1215 1327 1329
f 1215 1329 1217
f 364 1592 450
f 364 450 724
f 364 724 642
f 1002 1590 642
f 1002 642 724
f 918 1002 724
f 1330 918 724
f 1194 1276 918
f 918 1276 1002
f 1328 1276 1194
f 1217 1104 1591
f 1593 1104 1217
f 1329 1593 1217
f 1331 1593 1329
f 92 1594 178
f 450 1592 92
f 450 92 178
f 362 450 178
f 1332 362 178
f 640 724 362
f 362 724 450
f 1330 724 640
f 1487 1595 1368
f 1595 1331 1368
f 1595 1593 1331
f 1333 1487 1368
f 1962 1596 1334
f 1962 1334 1960
f 1594 1962 178
f 1962 90 178
f 1962 1960 90
f 1332 178 90
f 1487 1370 1595
f 1597 1370 1487
f 1333 1597 1487
f 1335 1597 1333
f 1688 1598 1336
f 1688 1336 1686
f 1686 1334 1688
f 1688 1334 1596
f 1335 1634 1597
f 1597 1634 1636
f 1599 1636 1634
f 1599 1634 1337
f 1422 1600 1338
f 1422 1338 1420
f 1420 1336 1422
f 1422 1336 1598
f 1337 1908 1599
f 1599 1908 1910
f 38 1910 1908
f 38 40 1910
f 310 40 38
f 310 312 40
f 592 312 310
f 592 594 312
f 872 594 592
f 872 874 594
f 1152 874 872
f 1152 1154 874
f 1152 1338 1154
f 1154 1338 1600
f 928 839 1339
f 1601 1119 928
f 1119 839 928
f 1119 1117 839
f 1119 1383 1117
f 1385 1383 1119
f 1385 1649 1383
f 1651 1649 1385
f 1651 1923 1649
f 1925 1923 1651
f 1925 53 1923
f 55 53 1925
f 55 325 53
f 327 325 55
f 680 607 1602
f 607 327 1602
f 607 325 327
f 680 1340 607
f 928 1339 841
f 1339 1603 841
f 1339 1341 1603
f 1601 928 841
f 609 680 1602
f 1604 962 887
f 1604 887 1340
f 609 1604 1340
f 680 609 1340
f 962 1342 887
f 1605 563 1343
f 1343 563 561
f 1341 561 563
f 1341 563 1603
f 889 962 1604
f 1606 1240 1167
f 1606 1167 1342
f 889 1606 1342
f 962 889 1342
f 1510 1435 1240
f 1240 1435 1167
f 1510 1344 1435
f 1607 1343 1345
f 1607 1605 1343
f 1608 1242 1240
f 1608 1240 1606
f 1512 1240 1242
f 1510 1240 1512
f 1344 1510 1701
f 1510 1774 1701
f 1510 1512 1774
f 1774 1346 1701
f 564 1607 658
f 1607 1347 658
f 1607 1345 1347
f 1609 564 658
f 1610 1244 1242
f 1610 1242 1608
f 1514 1242 1244
f 1512 1242 1514
f 1776 1512 1514
f 1774 1512 1776
f 1346 1774 1348
f 1348 1774 1776
f 562 658 1347
f 1609 658 562
f 1349 1609 562
f 1611 1609 1349
f 1612 1246 1244
f 1612 1244 1610
f 1516 1244 1246
f 1514 1244 1516
f 1702 1776 1350
f 1776 1516 1350
f 1776 1514 1516
f 1348 1776 1702
f 1349 840 1611
f 1611 840 842
f 1613 842 840
f 1613 840 1351
f 1614 1248 1246
f 1614 1246 1612
f 1436 1516 1352
f 1516 1248 1352
f 1516 1246 1248
f 1350 1516 1436
f 1351 1118 1613
f 1613 1118 1120
f 1615 1120 1118
f 1615 1118 1353
f 890 1616 974
f 1248 1614 890
f 974 1248 890
f 1250 1248 974
f 1352 1248 1354
f 1354 1248 1250
f 1353 1384 1615
f 1615 1384 1386
f 1650 1386 1384
f 1650 1652 1386
f 1924 1652 1650
f 1924 1926 1652
f 1924 1355 142
f 56 1924 142
f 1926 1924 56
f 56 142 420
f 56 420 328
f 328 420 696
f 328 696 610
f 974 1616 610
f 696 974 610
f 976 974 696
f 1168 1250 1356
f 1250 976 1356
f 1250 974 976
f 1354 1250 1168
f 54 142 1355
f 326 420 54
f 54 420 142
f 608 696 326
f 326 696 420
f 888 976 608
f 608 976 696
f 1356 976 888
f 1793 1657 1765
f 1765 1657 2035
f 2035 1657 1931
f 2035 1931 159
f 159 1931 61
f 61 1794 159
f 1767 1795 1765
f 1765 1795 1793
f 1765 2037 1767
f 1765 2035 2037
f 2035 161 2037
f 2035 159 161
f 333 435 1794
f 435 159 1794
f 435 161 159
f 333 1796 435
f 1797 1391 1507
f 1795 1767 1391
f 1767 1507 1391
f 1767 1769 1507
f 1767 2039 1769
f 1767 2037 2039
f 2037 163 2039
f 2037 161 163
f 161 437 163
f 161 435 437
f 435 1796 437
f 437 1796 1798
f 1509 1799 1507
f 1507 1799 1797
f 1507 1771 1509
f 1507 1769 1771
f 1769 2041 1771
f 1769 2039 2041
f 2039 165 2041
f 2039 163 165
f 1800 165 334
f 165 437 334
f 165 163 437
f 437 1798 334
f 1509 1392 1799
f 1392 1509 1801
f 1509 1773 1801
f 1509 1771 1773
f 1771 2043 1773
f 1771 2041 2043
f 1802 2043 62
f 2043 165 62
f 2043 2041 165
f 165 1800 62
f 1773 1658 1801
f 1658 1773 1932
f 1932 1773 2043
f 2043 1802 1932
f 1803 1895 1981
f 1981 1895 107
f 107 1895 25
f 107 25 385
f 385 25 297
f 385 297 661
f 661 297 579
f 661 579 941
f 941 579 859
f 859 1804 941
f 1805 1621 1713
f 1803 1981 1621
f 1621 1981 1713
f 1981 1893 1713
f 1893 1541 1713
f 107 23 1893
f 107 1893 1981
f 385 295 23
f 385 23 107
f 661 577 295
f 661 295 385
f 941 857 577
f 941 577 661
f 857 941 1804
f 1139 857 1804
f 1137 857 1139
f 1139 1405 1137
f 1407 1405 1139
f 1752 1671 1806
f 1671 1407 1806
f 1671 1405 1407
f 1752 1542 1671
f 1715 1807 1713
f 1713 1807 1805
f 1713 1541 1543
f 1713 1543 1715
f 1673 1752 1806
f 1808 2024 1945
f 1808 1945 1542
f 1673 1808 1542
f 1752 1673 1542
f 2024 1544 1945
f 1717 1809 1715
f 1715 1809 1807
f 1715 1543 1545
f 1715 1545 1717
f 1947 2024 1808
f 1810 150 75
f 1810 75 1544
f 1947 1810 1544
f 2024 1947 1544
f 150 1546 75
f 1719 1811 1717
f 1717 1811 1809
f 1717 1545 1547
f 1717 1547 1719
f 77 150 1810
f 77 1812 150
f 1812 1546 150
f 1812 1548 1546
f 1619 1549 1719
f 1549 1811 1719
f 1549 1813 1811
f 1719 1547 1619
f 347 1548 1812
f 347 1812 349
f 349 1814 347
f 347 1814 1550
f 1815 1549 1551
f 1815 1813 1549
f 625 1550 1814
f 625 1814 627
f 627 903 625
f 905 903 627
f 905 1816 903
f 903 1816 1552
f 1817 1551 1553
f 1817 1815 1551
f 1179 1552 1816
f 1179 1816 1181
f 1181 1818 1179
f 1179 1818 1554
f 1727 1819 1620
f 1819 1553 1620
f 1819 1817 1553
f 1555 1727 1620
f 1818 1437 1527
f 1556 1818 1527
f 1554 1818 1556
f 1437 1820 1527
f 1727 1622 1819
f 1999 1821 1894
f 1894 1821 1555
f 1821 1622 1555
f 1622 1727 1555
f 1557 1999 1894
f 1529 1558 1556
f 1529 1556 1527
f 1527 1820 1529
f 1529 1820 1822
f 1999 1896 1821
f 127 1823 24
f 24 1823 1557
f 1823 1896 1557
f 1896 1999 1557
f 1559 127 24
f 1531 1560 1558
f 1531 1558 1529
f 1529 1822 1531
f 1531 1822 1824
f 127 26 1823
f 407 1825 296
f 296 1825 1559
f 1825 26 1559
f 26 127 1559
f 1561 407 296
f 1560 1531 1438
f 1826 1560 1438
f 1562 1560 1826
f 1531 1824 1438
f 407 298 1825
f 1827 298 407
f 1561 1827 407
f 1563 1827 1561
f 1562 1828 1564
f 1826 1828 1562
f 1563 578 1827
f 1827 578 580
f 1829 580 578
f 1829 578 1565
f 1180 1271 1566
f 1180 1564 1271
f 1564 1830 1271
f 1564 1828 1830
f 1565 858 1829
f 1829 858 860
f 1831 860 858
f 1831 858 1567
f 904 999 1568
f 1271 1182 1566
f 1566 1182 904
f 1182 1832 904
f 1832 999 904
f 1271 1830 1182
f 1567 1138 1831
f 1831 1138 1140
f 1406 1140 1138
f 1406 1408 1140
f 1672 1408 1406
f 1672 1674 1408
f 1946 1674 1672
f 1946 1948 1674
f 76 1948 1946
f 76 78 1948
f 348 78 76
f 348 350 78
f 626 350 348
f 626 628 350
f 999 906 1568
f 906 626 1568
f 906 628 626
f 999 1832 906
f 1462 1369 1569
f 1722 1635 1462
f 1462 1635 1369
f 1992 1909 1722
f 1722 1909 1635
f 118 39 1992
f 1992 39 1909
f 396 311 118
f 118 311 39
f 396 1570 311
f 1833 273 1571
f 1571 273 271
f 273 547 271
f 549 547 273
f 549 825 547
f 827 825 549
f 827 1103 825
f 1105 1103 827
f 1371 1462 1569
f 1103 1371 1569
f 1105 1371 1103
f 1462 1371 1637
f 1462 1637 1722
f 1722 1637 1911
f 1722 1911 1992
f 1992 1911 41
f 1992 41 118
f 118 41 313
f 118 313 396
f 1834 674 593
f 1834 593 1570
f 313 1834 1570
f 396 313 1570
f 674 1572 593
f 1835 5 1573
f 1573 5 3
f 1571 3 5
f 1571 5 1833
f 595 674 1834
f 1836 956 873
f 1836 873 1572
f 595 1836 1572
f 674 595 1572
f 956 1574 873
f 1837 1881 1575
f 1575 1881 1879
f 1573 1879 1881
f 1573 1881 1835
f 875 956 1836
f 1153 1574 956
f 875 1153 956
f 1155 1153 875
f 1155 1838 1153
f 1153 1838 1576
f 1839 1575 1577
f 1839 1837 1575
f 1421 1576 1838
f 1421 1838 1423
f 1768 1687 1840
f 1687 1423 1840
f 1687 1421 1423
f 1768 1578 1687
f 1577 1880 1839
f 1839 1880 1882
f 1841 1882 1880
f 1841 1880 1579
f 1689 1768 1840
f 1961 1578 1768
f 1689 1961 1768
f 1963 1961 1689
f 164 91 1842
f 91 1963 1842
f 91 1961 1963
f 164 1580 91
f 1579 4 1841
f 1841 4 6
f 1843 6 4
f 1843 4 1581
f 93 164 1842
f 1844 440 363
f 1844 363 1580
f 93 1844 1580
f 164 93 1580
f 714 641 440
f 440 641 363
f 994 919 714
f 714 919 641
f 1268 1195 994
f 994 1195 919
f 1268 1582 1195
f 1581 272 1843
f 1843 272 274
f 548 655 1845
f 274 548 1845
f 272 548 274
f 1583 655 548
f 365 440 1844
f 440 365 1846
f 716 440 1846
f 714 440 716
f 996 714 716
f 994 714 996
f 1270 994 996
f 1268 994 1270
f 1582 1268 1451
f 1268 1536 1451
f 1268 1270 1536
f 1536 1584 1451
f 657 1847 655
f 655 1847 1845
f 655 1583 1585
f 655 1585 657
f 1848 718 716
f 1848 716 1846
f 998 716 718
f 996 716 998
f 1272 996 998
f 1270 996 1272
f 1538 1270 1272
f 1536 1270 1538
f 1584 1536 1586
f 1586 1536 1538
f 657 550 1847
f 937 1849 826
f 826 1849 1585
f 1849 550 1585
f 550 657 1585
f 1587 937 826
f 1850 720 718
f 1850 718 1848
f 1000 718 720
f 998 718 1000
f 1274 998 1000
f 1272 998 1274
f 1452 1538 1588
f 1538 1274 1588
f 1538 1272 1274
f 1586 1538 1452
f 937 828 1849
f 1851 828 937
f 1587 1851 937
f 1589 1851 1587
f 94 1852 174
f 94 174 448
f 94 448 366
f 720 1850 366
f 448 720 366
f 722 720 448
f 920 1000 1590
f 1000 722 1590
f 1000 720 722
f 1196 1274 920
f 920 1274 1000
f 1588 1274 1196
f 1853 1589 1591
f 1853 1851 1589
f 1854 176 174
f 1854 174 1852
f 364 448 1592
f 448 176 1592
f 448 174 176
f 642 722 364
f 364 722 448
f 1590 722 642
f 1591 1104 1853
f 1853 1104 1106
f 1855 1106 1104
f 1855 1104 1593
f 1964 1856 2056
f 176 1854 1964
f 176 1964 2056
f 92 176 2056
f 1594 92 2056
f 1592 176 92
f 1857 1593 1595
f 1857 1855 1593
f 1596 1962 2056
f 1856 1596 2056
f 1858 1596 1856
f 1594 2056 1962
f 1595 1370 1857
f 1857 1370 1372
f 1859 1372 1370
f 1859 1370 1597
f 1690 1860 1598
f 1690 1598 1688
f 1688 1596 1690
f 1690 1596 1858
f 1597 1636 1859
f 1859 1636 1638
f 1861 1638 1636
f 1861 1636 1599
f 1424 1862 1600
f 1424 1600 1422
f 1422 1598 1424
f 1424 1598 1860
f 1599 1910 1861
f 1861 1910 1912
f 40 1912 1910
f 40 42 1912
f 312 42 40
f 312 314 42
f 594 314 312
f 594 596 314
f 874 596 594
f 874 876 596
f 1154 876 874
f 1154 1156 876
f 1154 1600 1156
f 1156 1600 1862
f 1204 1119 1601
f 1863 1387 1204
f 1387 1119 1204
f 1387 1385 1119
f 1387 1651 1385
f 1653 1651 1387
f 1653 1925 1651
f 1927 1925 1653
f 1927 55 1925
f 57 55 1927
f 404 327 1864
f 327 57 1864
f 327 55 57
f 404 1602 327
f 930 841 1603
f 1121 1204 1601
f 1121 1601 841
f 1865 1121 841
f 930 1865 841
f 1863 1204 1121
f 329 404 1864
f 1866 682 609
f 1866 609 1602
f 329 1866 1602
f 404 329 1602
f 682 1604 609
f 654 563 1605
f 843 930 1603
f 843 1603 563
f 1867 843 563
f 654 1867 563
f 1865 930 843
f 611 682 1866
f 1868 964 889
f 1868 889 1604
f 611 1868 1604
f 682 611 1604
f 964 1606 889
f 1607 656 1605
f 1605 656 654
f 1867 654 656
f 1867 656 1869
f 1870 966 964
f 1870 964 1868
f 1606 964 1608
f 1608 964 966
f 564 656 1607
f 844 1869 936
f 936 1869 1609
f 1869 656 1609
f 656 564 1609
f 1871 844 936
f 1872 968 966
f 1872 966 1870
f 1608 966 1610
f 1610 966 968
f 1611 938 1609
f 1609 938 936
f 1871 936 938
f 1871 938 1873
f 612 1874 690
f 968 1872 612
f 690 968 612
f 970 968 690
f 1610 968 1612
f 1612 968 970
f 842 938 1611
f 1122 1873 1216
f 1216 1873 1613
f 1873 938 1613
f 938 842 1613
f 1875 1122 1216
f 1876 692 690
f 1876 690 1874
f 972 690 692
f 970 690 972
f 1612 970 1614
f 1614 970 972
f 1120 1216 1613
f 1388 1875 1484
f 1484 1875 1615
f 1875 1216 1615
f 1216 1120 1615
f 1877 1388 1484
f 58 1878 140
f 58 140 418
f 58 418 330
f 692 1876 330
f 418 692 330
f 694 692 418
f 890 972 1616
f 972 694 1616
f 972 692 694
f 1614 972 890
f 1386 1484 1615
f 1484 1386 1877
f 1386 1654 1877
f 1386 1652 1654
f 1926 1654 1652
f 1926 1928 1654
f 1878 1928 140
f 1928 56 140
f 1928 1926 56
f 328 418 56
f 56 418 140
f 610 694 328
f 328 694 418
f 1616 694 610
f 2057 845 945
f 945 845 1221
f 1221 845 1125
f 1125 2058 1221
f 2059 565 667
f 2057 945 565
f 945 667 565
f 945 947 667
f 945 1223 947
f 945 1221 1223
f 1393 1493 2058
f 1493 1221 2058
f 1493 1223 1221
f 1393 2060 1493
f 2061 283 393
f 2059 667 283
f 667 393 283
f 667 669 393
f 667 949 669
f 667 947 949
f 947 1225 949
f 947 1223 1225
f 1223 1495 1225
f 1223 1493 1495
f 1659 1757 2060
f 1757 1493 2060
f 1757 1495 1493
f 1659 2062 1757
f 395 2063 393
f 393 2063 2061
f 393 671 395
f 393 669 671
f 669 951 671
f 669 949 951
f 949 1227 951
f 949 1225 1227
f 1225 1497 1227
f 1225 1495 1497
f 1495 1759 1497
f 1495 1757 1759
f 1757 2062 1759
f 1759 2062 2064
f 397 2065 395
f 395 2065 2063
f 395 673 397
f 395 671 673
f 671 953 673
f 671 951 953
f 951 1229 953
f 951 1227 1229
f 1227 1499 1229
f 1227 1497 1499
f 1497 1761 1499
f 1497 1759 1761
f 1933 2031 2064
f 2031 1759 2064
f 2031 1761 1759
f 1933 2066 2031
f 399 2067 397
f 397 2067 2065
f 397 675 399
f 397 673 675
f 673 955 675
f 673 953 955
f 953 1231 955
f 953 1229 1231
f 1229 1501 1231
f 1229 1499 1501
f 1499 1763 1501
f 1499 1761 1763
f 1761 2033 1763
f 1761 2031 2033
f 63 157 2066
f 157 2031 2066
f 157 2033 2031
f 63 2068 157
f 399 284 2067
f 284 399 2069
f 399 677 2069
f 399 675 677
f 675 957 677
f 675 955 957
f 955 1233 957
f 955 1231 1233
f 1231 1503 1233
f 1231 1501 1503
f 1763 1657 1793
f 1503 1763 1793
f 1501 1763 1503
f 2033 1931 1657
f 2033 1657 1763
f 157 61 1931
f 157 1931 2033
f 2068 335 433
f 2068 433 1794
f 157 2068 1794
f 61 157 1794
f 335 2070 433
f 677 566 2069
f 566 677 846
f 846 677 957
f 846 957 2071
f 957 1235 2071
f 957 1233 1235
f 1233 1505 1235
f 1233 1503 1505
f 1503 1793 1795
f 1503 1795 1505
f 433 333 1794
f 2070 613 709
f 2070 709 1796
f 433 2070 1796
f 333 433 1796
f 613 2072 709
f 1237 2073 1235
f 1235 2073 2071
f 1505 1391 1797
f 1237 1505 1797
f 1235 1505 1237
f 1505 1795 1391
f 711 1798 1796
f 711 1796 709
f 891 991 2072
f 991 709 2072
f 991 711 709
f 891 2074 991
f 1239 2075 1237
f 1237 2075 2073
f 1237 1797 1799
f 1237 1799 1239
f 334 439 1800
f 439 334 1798
f 711 439 1798
f 713 439 711
f 711 993 713
f 711 991 993
f 991 2074 993
f 993 2074 2076
f 1239 1126 2075
f 1511 2077 1392
f 1392 2077 1799
f 2077 1126 1799
f 1126 1239 1799
f 1801 1511 1392
f 62 167 1802
f 167 62 1800
f 439 167 1800
f 441 167 439
f 439 715 441
f 439 713 715
f 2078 715 892
f 715 993 892
f 715 713 993
f 993 2076 892
f 1511 1394 2077
f 1775 2079 1658
f 1658 2079 1801
f 2079 1394 1801
f 1394 1511 1801
f 1932 2045 1775
f 1932 1775 1658
f 167 64 1802
f 1802 64 1932
f 64 2080 1932
f 2080 2045 1932
f 64 167 336
f 336 167 441
f 336 441 614
f 614 441 715
f 715 2078 614
f 1775 1660 2079
f 1660 1775 1934
f 1934 1775 2045
f 2045 2080 1934
f 2081 1897 1979
f 1979 1897 105
f 105 1897 27
f 105 27 383
f 383 27 299
f 299 2082 383
f 2083 1623 1711
f 2081 1979 1623
f 1623 1979 1711
f 1979 1895 1711
f 1895 1803 1711
f 105 25 1895
f 105 1895 1979
f 383 297 25
f 383 25 105
f 297 383 2082
f 581 297 2082
f 579 297 581
f 581 859 579
f 861 859 581
f 861 2084 859
f 859 2084 1804
f 2085 1357 1453
f 2083 1711 1357
f 1357 1711 1453
f 1711 1621 1453
f 1621 1805 1453
f 1711 1803 1621
f 1139 1804 2084
f 1139 2084 1141
f 1490 1407 2086
f 1407 1141 2086
f 1407 1139 1141
f 1490 1806 1407
f 1455 2087 1453
f 1453 2087 2085
f 1453 1805 1807
f 1453 1807 1455
f 1409 1490 2086
f 2088 1754 1673
f 2088 1673 1806
f 1409 2088 1806
f 1490 1409 1806
f 1754 1808 1673
f 1457 2089 1455
f 1455 2089 2087
f 1455 1807 1809
f 1455 1809 1457
f 1675 1754 2088
f 2090 2026 1947
f 2090 1947 1808
f 1675 2090 1808
f 1754 1675 1808
f 2026 1810 1947
f 1457 1358 2089
f 2091 1358 1457
f 1809 2091 1457
f 1811 2091 1809
f 1949 2026 2090
f 2092 152 77
f 2092 77 1810
f 1949 2092 1810
f 2026 1949 1810
f 152 1812 77
f 2093 1811 1813
f 2093 2091 1811
f 79 152 2092
f 2094 428 349
f 2094 349 1812
f 79 2094 1812
f 152 79 1812
f 428 1814 349
f 2095 1813 1815
f 2095 2093 1813
f 351 428 2094
f 627 1814 428
f 351 627 428
f 629 627 351
f 629 905 627
f 907 905 629
f 907 2096 905
f 905 2096 1816
f 2097 1815 1817
f 2097 2095 1815
f 1181 1816 2096
f 1181 2096 1183
f 1183 2098 1181
f 1181 2098 1818
f 2099 1817 1819
f 2099 2097 1817
f 2100 1528 1437
f 1818 2100 1437
f 2098 2100 1818
f 1528 1820 1437
f 1729 2101 1622
f 2101 1819 1622
f 2101 2099 1819
f 1821 1729 1622
f 1439 1528 2100
f 1439 2102 1528
f 2102 1820 1528
f 2102 1822 1820
f 1731 2103 1729
f 1729 2103 2101
f 1729 1821 1896
f 2001 1729 1896
f 1731 1729 2001
f 1823 2001 1896
f 1822 2104 1824
f 2102 2104 1822
f 1731 1624 2103
f 1624 1731 2105
f 1731 2003 2105
f 1731 2001 2003
f 2001 1823 26
f 129 2001 26
f 2003 2001 129
f 1825 129 26
f 1438 1533 1826
f 1438 1824 1533
f 1824 2106 1533
f 1824 2104 2106
f 2003 1898 2105
f 1898 2003 2107
f 2003 131 2107
f 2003 129 131
f 129 1825 298
f 409 129 298
f 131 129 409
f 1827 409 298
f 1826 1533 1440
f 2108 1826 1440
f 1828 1826 2108
f 1533 2106 1440
f 131 28 2107
f 28 131 2109
f 131 411 2109
f 131 409 411
f 409 1827 580
f 687 409 580
f 411 409 687
f 1829 687 580
f 1828 2110 1830
f 2108 2110 1828
f 411 300 2109
f 300 411 2111
f 411 689 2111
f 411 687 689
f 687 1829 860
f 969 687 860
f 689 687 969
f 1831 969 860
f 1182 1273 1832
f 1182 1830 1273
f 1830 2112 1273
f 1830 2110 2112
f 689 582 2111
f 582 689 862
f 862 689 969
f 1831 1140 969
f 1140 862 969
f 1140 1142 862
f 1408 1142 1140
f 1408 1410 1142
f 1674 1410 1408
f 1674 1676 1410
f 1948 1676 1674
f 1948 1950 1676
f 78 173 2113
f 1950 78 2113
f 1948 78 1950
f 350 447 173
f 350 173 78
f 628 721 447
f 628 447 350
f 906 1001 721
f 906 721 628
f 1273 1184 1832
f 1832 1184 906
f 1184 2114 906
f 2114 1001 906
f 1273 2112 1184
f 173 80 2113
f 80 173 352
f 352 173 447
f 352 447 630
f 630 447 721
f 630 721 908
f 908 721 1001
f 1001 2114 908
f 2115 275 1833
f 1833 275 273
f 275 549 273
f 551 549 275
f 551 827 549
f 829 827 551
f 829 1105 827
f 1107 1105 829
f 1464 1371 2116
f 1371 1107 2116
f 1371 1105 1107
f 1724 1637 1464
f 1464 1637 1371
f 1994 1911 1724
f 1724 1911 1637
f 120 41 1994
f 1994 41 1911
f 398 313 120
f 120 313 41
f 398 1834 313
f 2117 7 1835
f 1835 7 5
f 1833 5 7
f 1833 7 2115
f 1373 1464 2116
f 1464 1373 1639
f 1464 1639 1724
f 1724 1639 1913
f 1724 1913 1994
f 1994 1913 43
f 1994 43 120
f 120 43 315
f 120 315 398
f 595 1834 398
f 315 595 398
f 597 595 315
f 597 2118 595
f 595 2118 1836
f 2119 1883 1837
f 1837 1883 1881
f 1835 1881 1883
f 1835 1883 2117
f 875 1836 2118
f 875 2118 877
f 1234 1155 2120
f 1155 877 2120
f 1155 875 877
f 1234 1838 1155
f 2121 1837 1839
f 2121 2119 1837
f 1157 1234 2120
f 1423 1838 1234
f 1157 1423 1234
f 1425 1423 1157
f 1425 2122 1423
f 1423 2122 1840
f 1839 1882 2121
f 2121 1882 1884
f 2123 1884 1882
f 2123 1882 1841
f 1689 1840 2122
f 1689 2122 1691
f 2040 1963 2124
f 1963 1691 2124
f 1963 1689 1691
f 2040 1842 1963
f 1841 6 2123
f 2123 6 8
f 2125 8 6
f 2125 6 1843
f 1965 2040 2124
f 2126 166 93
f 2126 93 1842
f 1965 2126 1842
f 2040 1965 1842
f 166 1844 93
f 379 2127 274
f 2127 1843 274
f 2127 2125 1843
f 1845 379 274
f 95 166 2126
f 2128 442 365
f 2128 365 1844
f 95 2128 1844
f 166 95 1844
f 442 1846 365
f 381 2129 379
f 379 2129 2127
f 379 1845 1847
f 379 1847 381
f 2130 444 442
f 2130 442 2128
f 1846 442 1848
f 1848 442 444
f 381 276 2129
f 659 2131 550
f 550 2131 1847
f 2131 276 1847
f 276 381 1847
f 1849 659 550
f 96 2132 172
f 444 2130 96
f 172 444 96
f 446 444 172
f 1848 444 1850
f 1850 444 446
f 659 552 2131
f 939 2133 828
f 828 2133 1849
f 2133 552 1849
f 552 659 1849
f 1851 939 828
f 1966 2134 2052
f 172 2132 1966
f 172 1966 2052
f 94 172 2052
f 1852 94 2052
f 366 446 94
f 94 446 172
f 1850 446 366
f 939 830 2133
f 2135 830 939
f 1851 2135 939
f 1853 2135 1851
f 2136 2054 2052
f 2136 2052 2134
f 1852 2052 1854
f 1854 2052 2054
f 1853 1106 2135
f 2135 1106 1108
f 2137 1108 1106
f 2137 1106 1855
f 1856 1964 2054
f 2136 1856 2054
f 2138 1856 2136
f 1854 2054 1964
f 1374 2137 1488
f 2137 1857 1488
f 2137 1855 1857
f 2139 1374 1488
f 1692 2140 1788
f 1788 1858 1692
f 1858 2138 1692
f 1858 1856 2138
f 1372 1488 1857
f 1640 2139 1750
f 1750 2139 1859
f 2139 1488 1859
f 1488 1372 1859
f 2141 1640 1750
f 1426 2142 1526
f 1788 2140 1426
f 1788 1426 1526
f 1690 1788 1526
f 1860 1690 1526
f 1858 1788 1690
f 1638 1750 1859
f 1914 2141 2022
f 2022 2141 1861
f 2141 1750 1861
f 1750 1638 1861
f 1914 2022 148
f 1914 148 44
f 2143 44 148
f 878 2144 982
f 878 982 1258
f 878 1258 1158
f 1526 2142 1158
f 1526 1158 1258
f 1424 1526 1258
f 1862 1424 1258
f 1860 1526 1424
f 1912 2022 1861
f 42 148 1912
f 1912 148 2022
f 148 42 2143
f 42 316 2143
f 42 314 316
f 596 316 314
f 596 598 316
f 2144 598 982
f 598 876 982
f 598 596 876
f 1156 1258 876
f 876 1258 982
f 1862 1258 1156
f 1470 1387 1863
f 1730 1653 1470
f 1470 1653 1387
f 2000 1927 1730
f 1730 1927 1653
f 126 57 2000
f 2000 57 1927
f 126 1864 57
f 1206 1121 1865
f 1389 1470 1863
f 1389 1863 1121
f 2145 1389 1121
f 1206 2145 1121
f 1470 1389 1655
f 1470 1655 1730
f 1730 1655 1929
f 1730 1929 2000
f 2000 1929 59
f 2000 59 126
f 2146 406 329
f 2146 329 1864
f 59 2146 1864
f 126 59 1864
f 406 1866 329
f 932 843 1867
f 1123 1206 1865
f 1123 1865 843
f 2147 1123 843
f 932 2147 843
f 2145 1206 1123
f 331 406 2146
f 2148 684 611
f 2148 611 1866
f 331 2148 1866
f 406 331 1866
f 684 1868 611
f 1869 934 1867
f 1867 934 932
f 2147 932 934
f 2147 934 2149
f 2150 686 684
f 2150 684 2148
f 1868 684 1870
f 1870 684 686
f 844 934 1869
f 2149 934 844
f 1871 2149 844
f 2151 2149 1871
f 332 2152 412
f 686 2150 332
f 412 686 332
f 688 686 412
f 1870 686 1872
f 1872 686 688
f 1124 2151 1214
f 2151 1873 1214
f 2151 1871 1873
f 2153 1124 1214
f 2154 414 412
f 2154 412 2152
f 612 688 1874
f 688 414 1874
f 688 412 414
f 1872 688 612
f 1122 1214 1873
f 1390 2153 1482
f 1482 2153 1875
f 2153 1214 1875
f 1214 1122 1875
f 2155 1390 1482
f 60 2156 138
f 414 2154 60
f 138 414 60
f 416 414 138
f 1874 414 1876
f 1876 414 416
f 1388 1482 1875
f 1656 2155 1744
f 1744 2155 1877
f 2155 1482 1877
f 1482 1388 1877
f 1656 1744 2014
f 1656 2014 1930
f 138 2156 1930
f 138 1930 2014
f 58 138 2014
f 1878 58 2014
f 330 416 58
f 58 416 138
f 1876 416 330
f 1654 1744 1877
f 1928 2014 1654
f 1654 2014 1744
f 1878 2014 1928
f 179 847 943
f 943 847 1219
f 1219 847 1127
f 1127 180 1219
f 181 567 665
f 179 943 567
f 567 943 665
f 943 845 665
f 845 2057 665
f 1219 1125 845
f 1219 845 943
f 180 1395 1491
f 180 1491 2058
f 1219 180 2058
f 1125 1219 2058
f 1395 182 1491
f 183 285 391
f 181 665 285
f 285 665 391
f 665 565 391
f 565 2059 391
f 665 2057 565
f 1491 1393 2058
f 182 1661 1755
f 182 1755 2060
f 1491 182 2060
f 1393 1491 2060
f 1661 184 1755
f 185 13 115
f 183 391 13
f 13 391 115
f 391 283 115
f 283 2061 115
f 391 2059 283
f 1755 1659 2060
f 184 1935 2027
f 184 2027 2062
f 1755 184 2062
f 1659 1755 2062
f 1935 186 2027
f 117 187 115
f 115 187 185
f 115 2061 2063
f 115 2063 117
f 2029 2064 2062
f 2029 2062 2027
f 2027 186 2029
f 2029 186 188
f 119 189 117
f 117 189 187
f 117 2063 2065
f 117 2065 119
f 2029 1933 2064
f 188 65 155
f 188 155 2066
f 2029 188 2066
f 1933 2029 2066
f 65 190 155
f 121 191 119
f 119 191 189
f 119 2065 2067
f 119 2067 121
f 155 63 2066
f 190 337 431
f 190 431 2068
f 155 190 2068
f 63 155 2068
f 337 192 431
f 121 14 191
f 401 193 284
f 284 193 2067
f 193 14 2067
f 14 121 2067
f 2069 401 284
f 431 335 2068
f 192 615 707
f 192 707 2070
f 431 192 2070
f 335 431 2070
f 615 194 707
f 401 286 193
f 679 195 566
f 566 195 2069
f 195 286 2069
f 286 401 2069
f 846 959 679
f 846 679 566
f 2071 959 846
f 707 613 2070
f 194 893 989
f 194 989 2072
f 707 194 2072
f 613 707 2072
f 893 196 989
f 679 568 195
f 568 679 197
f 679 961 197
f 679 959 961
f 959 2071 2073
f 959 2073 961
f 989 891 2072
f 196 1169 1265
f 196 1265 2074
f 989 196 2074
f 891 989 2074
f 1169 198 1265
f 961 848 197
f 199 848 961
f 2073 199 961
f 2075 199 2073
f 1267 2076 2074
f 1267 2074 1265
f 1265 198 1267
f 1267 198 200
f 1241 201 1126
f 201 2075 1126
f 201 199 2075
f 2077 1241 1126
f 892 995 2078
f 1267 1170 2076
f 2076 1170 892
f 1170 202 892
f 202 995 892
f 1267 200 1170
f 1241 1128 201
f 1513 203 1394
f 1394 203 2077
f 203 1128 2077
f 1128 1241 2077
f 2079 1513 1394
f 64 169 2080
f 336 443 169
f 336 169 64
f 614 717 443
f 614 443 336
f 995 894 2078
f 2078 894 614
f 894 204 614
f 204 717 614
f 995 202 894
f 1513 1396 203
f 1777 205 1660
f 1660 205 2079
f 205 1396 2079
f 1396 1513 2079
f 1934 2047 1777
f 1934 1777 1660
f 169 66 2080
f 2080 66 1934
f 66 206 1934
f 206 2047 1934
f 66 169 338
f 338 169 443
f 338 443 616
f 616 443 717
f 717 204 616
f 1777 1662 205
f 1662 1777 1936
f 1936 1777 2047
f 2047 206 1936
f 207 1899 2081
f 2081 1899 1897
f 1899 27 1897
f 29 27 1899
f 29 299 27
f 301 299 29
f 301 208 299
f 299 208 2082
f 209 1625 2083
f 2083 1625 1623
f 2081 1623 1625
f 2081 1625 207
f 581 2082 208
f 581 208 583
f 583 861 581
f 863 861 583
f 863 210 861
f 861 210 2084
f 211 1359 2085
f 2085 1359 1357
f 2083 1357 1359
f 2083 1359 209
f 1141 2084 210
f 1141 210 1143
f 1143 212 1141
f 1141 212 2086
f 213 2085 2087
f 213 211 2085
f 1409 2086 212
f 1409 212 1411
f 1411 214 1409
f 1409 214 2088
f 215 2087 2089
f 215 213 2087
f 216 1756 1675
f 2088 216 1675
f 214 216 2088
f 1756 2090 1675
f 1459 217 1358
f 217 2089 1358
f 217 215 2089
f 2091 1459 1358
f 218 1758 1756
f 218 1756 216
f 2090 1756 1949
f 1756 2028 1949
f 1756 1758 2028
f 2028 2092 1949
f 1461 219 1459
f 1459 219 217
f 1459 2091 2093
f 1459 2093 1461
f 1677 1758 218
f 1758 1677 220
f 2030 1758 220
f 2028 1758 2030
f 2092 2028 79
f 2028 154 79
f 2028 2030 154
f 154 2094 79
f 1463 221 1461
f 1461 221 219
f 1461 2093 2095
f 1461 2095 1463
f 1951 2030 220
f 2030 1951 81
f 2030 81 154
f 222 430 351
f 222 351 2094
f 81 222 2094
f 154 81 2094
f 704 629 430
f 430 629 351
f 984 907 704
f 704 907 629
f 984 2096 907
f 1465 223 1463
f 1463 223 221
f 1463 2095 2097
f 1463 2097 1465
f 353 430 222
f 430 353 631
f 430 631 704
f 704 631 909
f 704 909 984
f 224 1260 1183
f 224 1183 2096
f 909 224 2096
f 984 909 2096
f 1260 2098 1183
f 1467 225 1465
f 1465 225 223
f 1465 2097 2099
f 1465 2099 1467
f 1185 1260 224
f 1185 226 1260
f 226 2098 1260
f 226 2100 2098
f 1469 227 1467
f 1467 227 225
f 1467 2099 2101
f 1467 2101 1469
f 1439 2100 226
f 1439 226 1441
f 1441 228 1439
f 1439 228 2102
f 229 1093 1205
f 227 1469 1093
f 1469 1205 1093
f 1469 1471 1205
f 1469 2101 2103
f 1469 2103 1471
f 2102 230 2104
f 228 230 2102
f 1207 231 1205
f 1205 231 229
f 1205 1473 1207
f 1205 1471 1473
f 1471 2103 1624
f 1733 1471 1624
f 1473 1471 1733
f 2105 1733 1624
f 2104 232 2106
f 230 232 2104
f 1207 1094 231
f 1094 1207 233
f 1207 1475 233
f 1207 1473 1475
f 1473 1735 1475
f 1473 1733 1735
f 1733 2105 1898
f 2005 1733 1898
f 1735 1733 2005
f 2107 2005 1898
f 1440 1535 2108
f 1440 2106 1535
f 2106 234 1535
f 2106 232 234
f 1475 1360 233
f 1360 1475 235
f 1475 1737 235
f 1475 1735 1737
f 1735 2007 1737
f 1735 2005 2007
f 2005 2107 28
f 133 2005 28
f 2007 2005 133
f 2109 133 28
f 1537 2110 2108
f 1537 2108 1535
f 1535 234 1537
f 1537 234 236
f 1737 1626 235
f 1626 1737 237
f 1737 2009 237
f 1737 2007 2009
f 2007 135 2009
f 2007 133 135
f 133 2109 300
f 413 133 300
f 135 133 413
f 2111 413 300
f 1539 2112 2110
f 1539 2110 1537
f 1537 236 1539
f 1539 236 238
f 2009 1900 237
f 1900 2009 239
f 2009 137 239
f 2009 135 137
f 135 415 137
f 135 413 415
f 413 2111 582
f 691 413 582
f 415 413 691
f 862 971 691
f 862 691 582
f 1142 1247 971
f 1142 971 862
f 1410 1517 1247
f 1410 1247 1142
f 1676 1781 1517
f 1676 1517 1410
f 1950 2051 1781
f 1950 1781 1676
f 2113 2051 1950
f 1184 1275 2114
f 1539 1442 2112
f 2112 1442 1184
f 1442 240 1184
f 240 1275 1184
f 1539 238 1442
f 137 30 239
f 30 137 302
f 302 137 415
f 302 415 584
f 584 415 691
f 584 691 864
f 864 691 971
f 864 971 1144
f 1144 971 1247
f 1144 1247 1412
f 1412 1247 1517
f 1412 1517 1678
f 1678 1517 1781
f 1678 1781 1952
f 1952 1781 2051
f 2113 80 2051
f 80 1952 2051
f 80 82 1952
f 352 449 241
f 82 352 241
f 80 352 82
f 630 723 449
f 630 449 352
f 908 1003 723
f 908 723 630
f 1275 1186 2114
f 2114 1186 908
f 1186 242 908
f 242 1003 908
f 1275 240 1186
f 449 354 241
f 354 449 632
f 632 449 723
f 632 723 910
f 910 723 1003
f 1003 242 910
f 368 275 2115
f 644 551 368
f 368 551 275
f 922 829 644
f 644 829 551
f 1198 1107 922
f 922 1107 829
f 1198 2116 1107
f 98 7 2117
f 277 368 2115
f 277 2115 7
f 243 277 7
f 98 243 7
f 368 277 553
f 368 553 644
f 644 553 831
f 644 831 922
f 922 831 1109
f 922 1109 1198
f 1373 2116 1198
f 1109 1373 1198
f 1375 1373 1109
f 1375 1639 1373
f 1641 1639 1375
f 1641 1913 1639
f 1915 1913 1641
f 1915 43 1913
f 45 43 1915
f 400 315 244
f 315 45 244
f 315 43 45
f 676 597 400
f 400 597 315
f 676 2118 597
f 1976 1883 2119
f 9 98 2117
f 9 2117 1883
f 245 9 1883
f 1976 245 1883
f 243 98 9
f 317 400 244
f 400 317 599
f 400 599 676
f 877 2118 676
f 599 877 676
f 879 877 599
f 879 246 877
f 877 246 2120
f 2121 1978 2119
f 2119 1978 1976
f 245 1976 1978
f 245 1978 247
f 1157 2120 246
f 1157 246 1159
f 1506 1425 248
f 1425 1159 248
f 1425 1157 1159
f 1506 2122 1425
f 1884 1978 2121
f 247 1978 1884
f 2123 247 1884
f 249 247 2123
f 1427 1506 248
f 1691 2122 1506
f 1427 1691 1506
f 1693 1691 1427
f 1693 250 1691
f 1691 250 2124
f 2123 8 249
f 249 8 10
f 251 10 8
f 251 8 2125
f 1965 2124 250
f 1965 250 1967
f 1967 252 1965
f 1965 252 2126
f 253 2125 2127
f 253 251 2125
f 254 168 95
f 2126 254 95
f 252 254 2126
f 168 2128 95
f 255 2127 2129
f 255 253 2127
f 256 170 168
f 256 168 254
f 2128 168 2130
f 2130 168 170
f 2129 276 255
f 255 276 278
f 257 278 276
f 257 276 2131
f 2132 96 170
f 256 2132 170
f 258 2132 256
f 2130 170 96
f 2131 552 257
f 257 552 554
f 259 554 552
f 259 552 2133
f 1968 260 2134
f 1968 2134 1966
f 1966 2132 1968
f 1968 2132 258
f 2133 830 259
f 259 830 832
f 261 832 830
f 261 830 2135
f 2134 262 2136
f 260 262 2134
f 2135 1108 261
f 261 1108 1110
f 263 1110 1108
f 263 1108 2137
f 1694 264 1786
f 1786 2138 1694
f 2138 262 1694
f 2138 2136 262
f 2137 1374 263
f 263 1374 1376
f 265 1376 1374
f 265 1374 2139
f 1428 266 1524
f 1786 264 1428
f 1786 1428 1524
f 1692 1786 1524
f 2140 1692 1524
f 2138 1786 1692
f 2139 1640 265
f 265 1640 1642
f 1640 2141 2020
f 1916 1640 2020
f 1642 1640 1916
f 267 1916 2020
f 1160 268 1256
f 1524 266 1160
f 1524 1160 1256
f 1426 1524 1256
f 2142 1426 1256
f 2140 1524 1426
f 1914 2020 2141
f 2020 1914 267
f 1914 46 267
f 1914 44 46
f 44 2143 426
f 318 44 426
f 46 44 318
f 318 426 702
f 318 702 600
f 600 702 2144
f 878 600 2144
f 880 600 878
f 268 880 1256
f 880 1158 1256
f 880 878 1158
f 2142 1256 1158
f 316 426 2143
f 598 702 316
f 316 702 426
f 2144 702 598
f 1472 1389 2145
f 1732 1655 1472
f 1472 1655 1389
f 2002 1929 1732
f 1732 1929 1655
f 128 59 2002
f 2002 59 1929
f 128 2146 59
f 1208 1123 2147
f 1123 1208 2145
f 1208 1472 2145
f 1208 1474 1472
f 1734 1472 1474
f 1732 1472 1734
f 2004 1732 1734
f 2002 1732 2004
f 130 2002 2004
f 128 2002 130
f 2146 128 331
f 128 408 331
f 128 130 408
f 408 2148 331
f 2149 1210 2147
f 2147 1210 1208
f 1476 1208 1210
f 1474 1208 1476
f 1736 1474 1476
f 1734 1474 1736
f 2006 1734 1736
f 2004 1734 2006
f 132 2004 2006
f 130 2004 132
f 410 130 132
f 408 130 410
f 2148 408 2150
f 2150 408 410
f 2151 1212 2149
f 2149 1212 1210
f 1478 1210 1212
f 1476 1210 1478
f 1738 1476 1478
f 1736 1476 1738
f 2008 1736 1738
f 2006 1736 2008
f 134 2006 2008
f 132 2006 134
f 332 410 2152
f 410 134 2152
f 410 132 134
f 2150 410 332
f 1124 1212 2151
f 2153 1480 1124
f 1480 1212 1124
f 1480 1478 1212
f 1740 1478 1480
f 1738 1478 1740
f 2010 1738 1740
f 2008 1738 2010
f 136 2008 2010
f 134 2008 136
f 2152 134 2154
f 2154 134 136
f 1390 1480 2153
f 2155 1742 1390
f 1742 1480 1390
f 1742 1740 1480
f 2012 1740 1742
f 2010 1740 2012
f 60 136 2156
f 136 2012 2156
f 136 2010 2012
f 2154 136 60
f 1656 1742 2155
f 1930 2012 1656
f 1656 2012 1742
f 2156 2012 1930
