# Converted from NanoShaper .vert/.face
v 3.336000 1.080000 8.916000
v 3.526000 1.080000 8.916000
v 2.163000 1.080000 9.416000
v 4.376000 1.080000 9.416000
v 1.786000 1.080000 9.916000
v 5.309000 1.080000 9.916000
v 1.680000 1.080000 10.416000
v 6.699000 1.080000 10.416000
v 1.774000 1.080000 10.916000
v 7.330000 1.080000 10.916000
v 2.016000 1.080000 11.416000
v 7.529000 1.080000 11.416000
v 2.100000 1.080000 11.916000
v 7.614000 1.080000 11.916000
v 2.211000 1.080000 12.416000
v 7.571000 1.080000 12.416000
v 2.444000 1.080000 12.916000
v 7.343000 1.080000 12.916000
v 2.614000 1.080000 13.416000
v 6.890000 1.080000 13.416000
v 2.752000 1.080000 13.916000
v 6.616000 1.080000 13.916000
v 3.121000 1.080000 14.416000
v 6.278000 1.080000 14.416000
v 8.825000 5.080000 2.916000
v 10.927000 5.080000 2.916000
v 7.988000 5.080000 3.416000
v 11.419000 5.080000 3.416000
v 7.134000 5.080000 3.916000
v 11.744000 5.080000 3.916000
v 6.759000 5.080000 4.416000
v 11.835000 5.080000 4.416000
v 6.637000 5.080000 4.916000
v 11.741000 5.080000 4.916000
v 6.452000 5.080000 5.416000
v 11.469000 5.080000 5.416000
v 6.060000 5.080000 5.916000
v 11.311000 5.080000 5.916000
v 5.559000 5.080000 6.416000
v 11.298000 5.080000 6.416000
v 5.432000 5.080000 6.916000
v 11.296000 5.080000 6.916000
v 5.500000 5.080000 7.416000
v 11.412000 5.080000 7.416000
v 5.921000 5.080000 7.916000
v 11.979000 5.080000 7.916000
v 6.417000 5.080000 8.416000
v 12.900000 5.080000 8.416000
v 4.499000 5.080000 8.916000
v 13.471000 5.080000 8.916000
v 4.183000 5.080000 9.416000
v 13.780000 5.080000 9.416000
v 3.898000 5.080000 9.916000
v 13.861000 5.080000 9.916000
v 3.629000 5.080000 10.416000
v 13.802000 5.080000 10.416000
v 3.522000 5.080000 10.916000
v 13.694000 5.080000 10.916000
v 3.542000 5.080000 11.416000
v 13.347000 5.080000 11.416000
v 3.597000 5.080000 11.916000
v 12.621000 5.080000 11.916000
v 3.603000 5.080000 12.416000
v 12.307000 5.080000 12.416000
v 3.677000 5.080000 12.916000
v 12.167000 5.080000 12.916000
v 3.914000 5.080000 13.416000
v 11.817000 5.080000 13.416000
v 4.379000 5.080000 13.916000
v 7.240000 5.080000 13.916000
v 7.579000 5.080000 13.916000
v 10.885000 5.080000 13.916000
v 7.550000 9.080000 2.416000
v 11.711000 9.080000 2.416000
v 7.073000 9.080000 2.916000
v 12.088000 9.080000 2.916000
v 6.549000 9.080000 3.416000
v 12.192000 9.080000 3.416000
v 6.038000 9.080000 3.916000
v 12.095000 9.080000 3.916000
v 5.676000 9.080000 4.416000
v 11.790000 9.080000 4.416000
v 5.393000 9.080000 4.916000
v 11.365000 9.080000 4.916000
v 5.034000 9.080000 5.416000
v 10.949000 9.080000 5.416000
v 4.534000 9.080000 5.916000
v 10.641000 9.080000 5.916000
v 4.152000 9.080000 6.416000
v 10.546000 9.080000 6.416000
v 3.534000 9.080000 6.916000
v 10.633000 9.080000 6.916000
v 2.528000 9.080000 7.416000
v 10.749000 9.080000 7.416000
v 2.199000 9.080000 7.916000
v 10.836000 9.080000 7.916000
v 2.119000 9.080000 8.416000
v 11.005000 9.080000 8.416000
v 2.237000 9.080000 8.916000
v 11.388000 9.080000 8.916000
v 2.623000 9.080000 9.416000
v 11.945000 9.080000 9.416000
v 2.958000 9.080000 9.916000
v 12.249000 9.080000 9.916000
v 3.085000 9.080000 10.416000
v 12.327000 9.080000 10.416000
v 2.989000 9.080000 10.916000
v 12.342000 9.080000 10.916000
v 2.740000 9.080000 11.416000
v 12.294000 9.080000 11.416000
v 2.645000 9.080000 11.916000
v 12.187000 9.080000 11.916000
v 2.751000 9.080000 12.416000
v 11.882000 9.080000 12.416000
v 2.960000 9.080000 12.916000
v 11.645000 9.080000 12.916000
v 3.034000 9.080000 13.416000
v 11.548000 9.080000 13.416000
v 3.114000 9.080000 13.916000
v 11.641000 9.080000 13.916000
v 3.386000 9.080000 14.416000
v 11.733000 9.080000 14.416000
v 3.588000 9.080000 14.916000
v 11.741000 9.080000 14.916000
v 3.725000 9.080000 15.416000
v 11.735000 9.080000 15.416000
v 4.122000 9.080000 15.916000
v 6.777000 9.080000 15.916000
v 8.099000 9.080000 15.916000
v 11.723000 9.080000 15.916000
v 8.609000 9.080000 16.416000
v 11.640000 9.080000 16.416000
v 9.005000 9.080000 16.916000
v 11.300000 9.080000 16.916000
v 1.939000 1.080000 9.649000
v 1.939000 1.080000 11.233000
v 2.439000 1.080000 9.243000
v 2.439000 1.080000 12.902000
v 2.939000 1.080000 9.032000
v 2.939000 1.080000 14.231000
v 3.439000 1.080000 8.911000
v 3.439000 1.080000 14.610000
v 3.939000 1.080000 9.048000
v 3.939000 1.080000 14.713000
v 4.439000 1.080000 9.465000
v 4.439000 1.080000 14.741000
v 4.939000 1.080000 9.726000
v 4.939000 1.080000 14.738000
v 5.439000 1.080000 9.978000
v 5.439000 1.080000 14.756000
v 5.939000 1.080000 10.190000
v 5.939000 1.080000 14.640000
v 6.439000 1.080000 10.336000
v 6.439000 1.080000 14.238000
v 6.939000 1.080000 10.517000
v 6.939000 1.080000 13.354000
v 7.439000 1.080000 11.127000
v 7.439000 1.080000 12.733000
v 3.939000 5.080000 9.845000
v 3.939000 5.080000 13.450000
v 4.439000 5.080000 8.995000
v 4.439000 5.080000 13.973000
v 4.939000 5.080000 8.615000
v 4.939000 5.080000 14.250000
v 5.439000 5.080000 6.779000
v 5.439000 5.080000 7.037000
v 5.439000 5.080000 8.758000
v 5.439000 5.080000 14.306000
v 5.939000 5.080000 6.030000
v 5.939000 5.080000 7.932000
v 5.939000 5.080000 8.660000
v 5.939000 5.080000 14.316000
v 6.439000 5.080000 5.437000
v 6.439000 5.080000 14.217000
v 6.939000 5.080000 4.113000
v 6.939000 5.080000 13.992000
v 7.439000 5.080000 3.730000
v 7.439000 5.080000 13.904000
v 7.939000 5.080000 3.456000
v 7.939000 5.080000 14.014000
v 8.439000 5.080000 3.122000
v 8.439000 5.080000 14.237000
v 8.939000 5.080000 2.823000
v 8.939000 5.080000 14.317000
v 9.439000 5.080000 2.554000
v 9.439000 5.080000 14.314000
v 9.939000 5.080000 2.474000
v 9.939000 5.080000 14.270000
v 10.439000 5.080000 2.579000
v 10.439000 5.080000 14.172000
v 10.939000 5.080000 2.928000
v 10.939000 5.080000 13.883000
v 11.439000 5.080000 3.436000
v 11.439000 5.080000 5.480000
v 11.439000 5.080000 7.466000
v 11.439000 5.080000 13.647000
v 11.939000 5.080000 7.895000
v 11.939000 5.080000 13.293000
v 12.439000 5.080000 8.117000
v 12.439000 5.080000 12.141000
v 12.939000 5.080000 8.455000
v 12.939000 5.080000 11.677000
v 13.439000 5.080000 8.883000
v 13.439000 5.080000 11.325000
v 2.439000 9.080000 7.509000
v 2.439000 9.080000 9.229000
v 2.939000 9.080000 7.151000
v 2.939000 9.080000 9.875000
v 2.939000 9.080000 11.029000
v 2.939000 9.080000 12.845000
v 3.439000 9.080000 6.969000
v 3.439000 9.080000 14.514000
v 3.939000 9.080000 6.632000
v 3.939000 9.080000 15.745000
v 4.439000 9.080000 6.012000
v 4.439000 9.080000 16.096000
v 4.939000 9.080000 5.542000
v 4.939000 9.080000 16.211000
v 5.439000 9.080000 4.849000
v 5.439000 9.080000 16.288000
v 5.939000 9.080000 4.010000
v 5.939000 9.080000 16.219000
v 6.439000 9.080000 3.553000
v 6.439000 9.080000 16.082000
v 6.939000 9.080000 3.021000
v 6.939000 9.080000 15.842000
v 7.439000 9.080000 2.537000
v 7.439000 9.080000 15.691000
v 7.939000 9.080000 2.081000
v 7.939000 9.080000 15.805000
v 8.439000 9.080000 1.956000
v 8.439000 9.080000 16.222000
v 8.939000 9.080000 2.085000
v 8.939000 9.080000 16.849000
v 9.439000 9.080000 2.193000
v 9.439000 9.080000 17.190000
v 9.939000 9.080000 2.216000
v 9.939000 9.080000 17.277000
v 10.439000 9.080000 2.177000
v 10.439000 9.080000 17.257000
v 10.939000 9.080000 2.127000
v 10.939000 9.080000 5.427000
v 10.939000 9.080000 8.275000
v 10.939000 9.080000 17.150000
v 11.439000 9.080000 2.246000
v 11.439000 9.080000 4.822000
v 11.439000 9.080000 8.963000
v 11.439000 9.080000 16.767000
v 11.939000 9.080000 2.654000
v 11.939000 9.080000 4.207000
v 11.939000 9.080000 9.410000
v 11.939000 9.080000 12.327000
v 5.439000 8.214000 4.916000
v 5.439000 9.360000 4.916000
v 5.939000 7.499000 4.916000
v 5.939000 10.006000 4.916000
v 6.439000 5.802000 4.916000
v 6.439000 10.278000 4.916000
v 6.939000 4.615000 4.916000
v 6.939000 10.475000 4.916000
v 7.439000 3.618000 4.916000
v 7.439000 10.786000 4.916000
v 7.939000 3.206000 4.916000
v 7.939000 11.067000 4.916000
v 8.439000 2.898000 4.916000
v 8.439000 11.500000 4.916000
v 8.939000 2.781000 4.916000
v 8.939000 11.650000 4.916000
v 9.439000 2.713000 4.916000
v 9.439000 11.902000 4.916000
v 9.939000 2.663000 4.916000
v 9.939000 12.057000 4.916000
v 10.439000 2.740000 4.916000
v 10.439000 12.064000 4.916000
v 10.939000 3.044000 4.916000
v 10.939000 6.416000 4.916000
v 10.939000 8.255000 4.916000
v 10.939000 11.973000 4.916000
v 11.439000 4.096000 4.916000
v 11.439000 5.886000 4.916000
v 11.439000 9.174000 4.916000
v 11.439000 11.793000 4.916000
v 11.939000 9.787000 4.916000
v 11.939000 11.402000 4.916000
v 2.439000 7.779000 8.916000
v 2.439000 9.419000 8.916000
v 2.939000 -0.724000 8.916000
v 2.939000 0.951000 8.916000
v 2.939000 7.129000 8.916000
v 2.939000 9.790000 8.916000
v 3.439000 -0.857000 8.916000
v 3.439000 1.085000 8.916000
v 3.439000 6.113000 8.916000
v 3.439000 9.923000 8.916000
v 3.939000 -0.721000 8.916000
v 3.939000 0.941000 8.916000
v 3.939000 5.602000 8.916000
v 3.939000 9.983000 8.916000
v 4.439000 5.113000 8.916000
v 4.439000 9.953000 8.916000
v 4.939000 4.970000 8.916000
v 4.939000 9.955000 8.916000
v 5.439000 5.002000 8.916000
v 5.439000 10.064000 8.916000
v 5.939000 4.966000 8.916000
v 5.939000 10.297000 8.916000
v 6.439000 4.923000 8.916000
v 6.439000 10.435000 8.916000
v 6.939000 4.809000 8.916000
v 6.939000 10.550000 8.916000
v 7.439000 4.796000 8.916000
v 7.439000 10.736000 8.916000
v 7.939000 4.843000 8.916000
v 7.939000 10.987000 8.916000
v 8.439000 4.875000 8.916000
v 8.439000 11.455000 8.916000
v 8.939000 4.672000 8.916000
v 8.939000 11.790000 8.916000
v 9.439000 4.321000 8.916000
v 9.439000 11.923000 8.916000
v 9.939000 4.070000 8.916000
v 9.939000 11.941000 8.916000
v 10.439000 3.963000 8.916000
v 10.439000 11.834000 8.916000
v 10.939000 3.840000 8.916000
v 10.939000 11.480000 8.916000
v 11.439000 3.701000 8.916000
v 11.439000 7.104000 8.916000
v 11.439000 9.171000 8.916000
v 11.439000 10.927000 8.916000
v 11.939000 3.621000 8.916000
v 11.939000 6.931000 8.916000
v 12.439000 3.762000 8.916000
v 12.439000 6.785000 8.916000
v 12.939000 4.201000 8.916000
v 12.939000 6.427000 8.916000
v 13.439000 4.852000 8.916000
v 13.439000 5.358000 8.916000
v 2.439000 0.222000 12.916000
v 2.439000 1.031000 12.916000
v 2.939000 -0.904000 12.916000
v 2.939000 2.454000 12.916000
v 2.939000 8.021000 12.916000
v 2.939000 8.985000 12.916000
v 3.439000 -1.244000 12.916000
v 3.439000 3.134000 12.916000
v 3.439000 6.739000 12.916000
v 3.439000 9.914000 12.916000
v 3.939000 -1.343000 12.916000
v 3.939000 10.265000 12.916000
v 4.439000 -1.268000 12.916000
v 4.439000 10.365000 12.916000
v 4.939000 -0.972000 12.916000
v 4.939000 10.374000 12.916000
v 5.439000 -0.392000 12.916000
v 5.439000 10.390000 12.916000
v 5.939000 0.093000 12.916000
v 5.939000 10.371000 12.916000
v 6.439000 0.586000 12.916000
v 6.439000 10.429000 12.916000
v 6.939000 0.839000 12.916000
v 6.939000 10.456000 12.916000
v 7.439000 1.167000 12.916000
v 7.439000 10.579000 12.916000
v 7.939000 1.503000 12.916000
v 7.939000 10.825000 12.916000
v 8.439000 1.677000 12.916000
v 8.439000 10.985000 12.916000
v 8.939000 1.788000 12.916000
v 8.939000 11.262000 12.916000
v 9.439000 1.904000 12.916000
v 9.439000 11.603000 12.916000
v 9.939000 2.039000 12.916000
v 9.939000 12.125000 12.916000
v 10.439000 2.188000 12.916000
v 10.439000 12.388000 12.916000
v 10.939000 2.503000 12.916000
v 10.939000 12.471000 12.916000
v 11.439000 2.671000 12.916000
v 11.439000 5.907000 12.916000
v 11.439000 8.483000 12.916000
v 11.439000 12.371000 12.916000
v 11.939000 3.170000 12.916000
v 11.939000 5.426000 12.916000
v 11.939000 9.524000 12.916000
v 11.939000 12.028000 12.916000
v 8.939000 9.230000 16.916000
v 8.939000 10.276000 16.916000
v 9.439000 8.652000 16.916000
v 9.439000 11.025000 16.916000
v 9.939000 8.538000 16.916000
v 9.939000 11.070000 16.916000
v 10.439000 8.575000 16.916000
v 10.439000 11.037000 16.916000
v 10.939000 8.717000 16.916000
v 10.939000 10.884000 16.916000
v 3.217000 1.580000 9.416000
v 3.690000 1.580000 9.416000
v 2.155000 1.580000 9.916000
v 4.838000 1.580000 9.916000
v 2.009000 1.580000 10.416000
v 7.516000 1.580000 10.416000
v 2.138000 1.580000 10.916000
v 8.321000 1.580000 10.916000
v 2.413000 1.580000 11.416000
v 8.929000 1.580000 11.416000
v 2.446000 1.580000 11.916000
v 9.099000 1.580000 11.916000
v 2.512000 1.580000 12.416000
v 8.867000 1.580000 12.416000
v 2.544000 1.580000 12.916000
v 8.151000 1.580000 12.916000
v 2.545000 1.580000 13.416000
v 7.323000 1.580000 13.416000
v 2.635000 1.580000 13.916000
v 6.784000 1.580000 13.916000
v 2.959000 1.580000 14.416000
v 6.419000 1.580000 14.416000
v 8.476000 5.580000 2.916000
v 10.821000 5.580000 2.916000
v 7.594000 5.580000 3.416000
v 11.265000 5.580000 3.416000
v 6.919000 5.580000 3.916000
v 11.633000 5.580000 3.916000
v 6.650000 5.580000 4.416000
v 11.731000 5.580000 4.416000
v 6.465000 5.580000 4.916000
v 11.629000 5.580000 4.916000
v 6.087000 5.580000 5.416000
v 11.294000 5.580000 5.416000
v 5.549000 5.580000 5.916000
v 11.044000 5.580000 5.916000
v 5.196000 5.580000 6.416000
v 10.997000 5.580000 6.416000
v 5.019000 5.580000 6.916000
v 10.984000 5.580000 6.916000
v 4.645000 5.580000 7.416000
v 11.138000 5.580000 7.416000
v 4.056000 5.580000 7.916000
v 11.771000 5.580000 7.916000
v 3.905000 5.580000 8.416000
v 12.892000 5.580000 8.416000
v 3.955000 5.580000 8.916000
v 13.355000 5.580000 8.916000
v 3.897000 5.580000 9.416000
v 13.692000 5.580000 9.416000
v 3.720000 5.580000 9.916000
v 13.778000 5.580000 9.916000
v 3.560000 5.580000 10.416000
v 13.667000 5.580000 10.416000
v 3.491000 5.580000 10.916000
v 13.358000 5.580000 10.916000
v 3.558000 5.580000 11.416000
v 12.770000 5.580000 11.416000
v 3.654000 5.580000 11.916000
v 12.148000 5.580000 11.916000
v 3.716000 5.580000 12.416000
v 11.914000 5.580000 12.416000
v 3.743000 5.580000 12.916000
v 11.773000 5.580000 12.916000
v 3.822000 5.580000 13.416000
v 11.281000 5.580000 13.416000
v 4.080000 5.580000 13.916000
v 10.736000 5.580000 13.916000
v 4.793000 5.580000 14.416000
v 5.926000 5.580000 14.416000
v 9.701000 9.580000 2.416000
v 11.865000 9.580000 2.416000
v 8.549000 9.580000 2.916000
v 12.198000 9.580000 2.916000
v 7.487000 9.580000 3.416000
v 12.294000 9.580000 3.416000
v 6.575000 9.580000 3.916000
v 12.261000 9.580000 3.916000
v 6.017000 9.580000 4.416000
v 12.145000 9.580000 4.416000
v 5.525000 9.580000 4.916000
v 11.784000 9.580000 4.916000
v 5.168000 9.580000 5.416000
v 11.374000 9.580000 5.416000
v 4.921000 9.580000 5.916000
v 11.019000 9.580000 5.916000
v 4.540000 9.580000 6.416000
v 10.912000 9.580000 6.416000
v 4.132000 9.580000 6.916000
v 10.950000 9.580000 6.916000
v 3.135000 9.580000 7.416000
v 11.076000 9.580000 7.416000
v 2.543000 9.580000 7.916000
v 11.187000 9.580000 7.916000
v 2.435000 9.580000 8.416000
v 11.329000 9.580000 8.416000
v 2.597000 9.580000 8.916000
v 11.623000 9.580000 8.916000
v 3.054000 9.580000 9.416000
v 11.929000 9.580000 9.416000
v 3.382000 9.580000 9.916000
v 12.247000 9.580000 9.916000
v 3.475000 9.580000 10.416000
v 12.340000 9.580000 10.416000
v 3.436000 9.580000 10.916000
v 12.373000 9.580000 10.916000
v 3.132000 9.580000 11.416000
v 12.376000 9.580000 11.416000
v 2.997000 9.580000 11.916000
v 12.307000 9.580000 11.916000
v 3.120000 9.580000 12.416000
v 12.175000 9.580000 12.416000
v 3.175000 9.580000 12.916000
v 11.981000 9.580000 12.916000
v 3.131000 9.580000 13.416000
v 11.928000 9.580000 13.416000
v 3.215000 9.580000 13.916000
v 11.949000 9.580000 13.916000
v 3.433000 9.580000 14.416000
v 11.901000 9.580000 14.416000
v 3.527000 9.580000 14.916000
v 11.849000 9.580000 14.916000
v 3.638000 9.580000 15.416000
v 11.809000 9.580000 15.416000
v 3.998000 9.580000 15.916000
v 11.821000 9.580000 15.916000
v 8.145000 9.580000 16.416000
v 11.743000 9.580000 16.416000
v 8.877000 9.580000 16.916000
v 11.439000 9.580000 16.916000
v 2.439000 1.580000 9.620000
v 2.439000 1.580000 11.537000
v 2.939000 1.580000 9.453000
v 2.939000 1.580000 14.395000
v 3.439000 1.580000 9.387000
v 3.439000 1.580000 14.727000
v 3.939000 1.580000 9.510000
v 3.939000 1.580000 14.822000
v 4.439000 1.580000 9.779000
v 4.439000 1.580000 14.844000
v 4.939000 1.580000 9.937000
v 4.939000 1.580000 14.841000
v 5.439000 1.580000 10.031000
v 5.439000 1.580000 14.856000
v 5.939000 1.580000 10.089000
v 5.939000 1.580000 14.748000
v 6.439000 1.580000 10.073000
v 6.439000 1.580000 14.394000
v 6.939000 1.580000 10.176000
v 6.939000 1.580000 13.727000
v 7.439000 1.580000 10.389000
v 7.439000 1.580000 13.323000
v 7.939000 1.580000 10.581000
v 7.939000 1.580000 12.992000
v 8.439000 1.580000 11.024000
v 8.439000 1.580000 12.805000
v 8.939000 1.580000 11.437000
v 8.939000 1.580000 12.319000
v 3.939000 5.580000 8.185000
v 3.939000 5.580000 8.773000
v 3.939000 5.580000 9.245000
v 3.939000 5.580000 13.699000
v 4.439000 5.580000 7.555000
v 4.439000 5.580000 14.258000
v 4.939000 5.580000 7.069000
v 4.939000 5.580000 14.453000
v 5.439000 5.580000 6.024000
v 5.439000 5.580000 14.464000
v 5.939000 5.580000 5.575000
v 5.939000 5.580000 14.412000
v 6.439000 5.580000 4.964000
v 6.439000 5.580000 14.265000
v 6.939000 5.580000 3.890000
v 6.939000 5.580000 14.153000
v 7.439000 5.580000 3.480000
v 7.439000 5.580000 14.049000
v 7.939000 5.580000 3.205000
v 7.939000 5.580000 14.117000
v 8.439000 5.580000 2.928000
v 8.439000 5.580000 14.236000
v 8.939000 5.580000 2.649000
v 8.939000 5.580000 14.273000
v 9.439000 5.580000 2.536000
v 9.439000 5.580000 14.297000
v 9.939000 5.580000 2.545000
v 9.939000 5.580000 14.220000
v 10.439000 5.580000 2.661000
v 10.439000 5.580000 14.089000
v 10.939000 5.580000 3.044000
v 10.939000 5.580000 13.723000
v 11.439000 5.580000 3.591000
v 11.439000 5.580000 5.231000
v 11.439000 5.580000 7.757000
v 11.439000 5.580000 13.293000
v 11.939000 5.580000 7.975000
v 11.939000 5.580000 12.317000
v 12.439000 5.580000 8.144000
v 12.439000 5.580000 11.628000
v 12.939000 5.580000 8.459000
v 12.939000 5.580000 11.313000
v 13.439000 5.580000 9.003000
v 13.439000 5.580000 10.804000
v 2.439000 9.580000 8.272000
v 2.439000 9.580000 8.466000
v 2.939000 9.580000 7.501000
v 2.939000 9.580000 9.270000
v 3.439000 9.580000 7.337000
v 3.439000 9.580000 10.091000
v 3.439000 9.580000 10.906000
v 3.439000 9.580000 14.434000
v 3.939000 9.580000 7.030000
v 3.939000 9.580000 15.860000
v 4.439000 9.580000 6.599000
v 4.439000 9.580000 16.180000
v 4.939000 9.580000 5.886000
v 4.939000 9.580000 16.268000
v 5.439000 9.580000 4.997000
v 5.439000 9.580000 16.303000
v 5.939000 9.580000 4.514000
v 5.939000 9.580000 16.265000
v 6.439000 9.580000 4.022000
v 6.439000 9.580000 16.167000
v 6.939000 9.580000 3.577000
v 6.939000 9.580000 16.032000
v 7.439000 9.580000 3.420000
v 7.439000 9.580000 16.044000
v 7.939000 9.580000 3.278000
v 7.939000 9.580000 16.268000
v 8.439000 9.580000 2.940000
v 8.439000 9.580000 16.591000
v 8.939000 9.580000 2.831000
v 8.939000 9.580000 16.973000
v 9.439000 9.580000 2.557000
v 9.439000 9.580000 17.283000
v 9.939000 9.580000 2.305000
v 9.939000 9.580000 17.364000
v 10.439000 9.580000 2.100000
v 10.439000 9.580000 17.354000
v 10.939000 9.580000 2.025000
v 10.939000 9.580000 6.159000
v 10.939000 9.580000 6.831000
v 10.939000 9.580000 17.255000
v 11.439000 9.580000 2.135000
v 11.439000 9.580000 5.321000
v 11.439000 9.580000 8.608000
v 11.439000 9.580000 16.916000
v 11.939000 9.580000 2.493000
v 11.939000 9.580000 4.741000
v 11.939000 9.580000 9.429000
v 11.939000 9.580000 13.134000
v 11.939000 9.580000 13.794000
v 11.939000 9.580000 14.164000
v 6.939000 6.730000 1.416000
v 6.939000 8.420000 1.416000
v 7.439000 6.575000 1.416000
v 7.439000 8.575000 1.416000
v 7.939000 6.572000 1.416000
v 7.939000 8.541000 1.416000
v 8.439000 6.716000 1.416000
v 8.439000 8.398000 1.416000
v 4.939000 8.402000 5.416000
v 4.939000 8.693000 5.416000
v 5.439000 7.652000 5.416000
v 5.439000 10.017000 5.416000
v 5.939000 6.890000 5.416000
v 5.939000 10.349000 5.416000
v 6.439000 5.093000 5.416000
v 6.439000 10.448000 5.416000
v 6.939000 4.564000 5.416000
v 6.939000 10.610000 5.416000
v 7.439000 3.775000 5.416000
v 7.439000 10.933000 5.416000
v 7.939000 3.097000 5.416000
v 7.939000 11.483000 5.416000
v 8.439000 2.798000 5.416000
v 8.439000 11.844000 5.416000
v 8.939000 2.716000 5.416000
v 8.939000 12.005000 5.416000
v 9.439000 2.648000 5.416000
v 9.439000 12.249000 5.416000
v 9.939000 2.709000 5.416000
v 9.939000 12.352000 5.416000
v 10.439000 2.797000 5.416000
v 10.439000 6.605000 5.416000
v 10.439000 7.765000 5.416000
v 10.439000 12.258000 5.416000
v 10.939000 3.109000 5.416000
v 10.939000 5.952000 5.416000
v 10.939000 9.062000 5.416000
v 10.939000 11.979000 5.416000
v 11.439000 4.569000 5.416000
v 11.439000 5.247000 5.416000
v 11.439000 9.658000 5.416000
v 11.439000 11.548000 5.416000
v 2.439000 -0.734000 9.416000
v 2.439000 1.373000 9.416000
v 2.939000 -1.095000 9.416000
v 2.939000 1.542000 9.416000
v 2.939000 7.343000 9.416000
v 2.939000 9.479000 9.416000
v 3.439000 -1.320000 9.416000
v 3.439000 1.608000 9.416000
v 3.439000 6.136000 9.416000
v 3.439000 9.811000 9.416000
v 3.939000 -1.440000 9.416000
v 3.939000 1.483000 9.416000
v 3.939000 5.517000 9.416000
v 3.939000 9.932000 9.416000
v 4.439000 -1.297000 9.416000
v 4.439000 1.023000 9.416000
v 4.439000 4.723000 9.416000
v 4.439000 9.960000 9.416000
v 4.939000 4.481000 9.416000
v 4.939000 9.936000 9.416000
v 5.439000 4.382000 9.416000
v 5.439000 9.978000 9.416000
v 5.939000 4.338000 9.416000
v 5.939000 10.086000 9.416000
v 6.439000 4.073000 9.416000
v 6.439000 10.311000 9.416000
v 6.939000 4.102000 9.416000
v 6.939000 10.443000 9.416000
v 7.439000 4.295000 9.416000
v 7.439000 10.599000 9.416000
v 7.939000 4.503000 9.416000
v 7.939000 10.875000 9.416000
v 8.439000 4.524000 9.416000
v 8.439000 11.171000 9.416000
v 8.939000 4.268000 9.416000
v 8.939000 11.629000 9.416000
v 9.439000 3.867000 9.416000
v 9.439000 11.933000 9.416000
v 9.939000 3.677000 9.416000
v 9.939000 12.028000 9.416000
v 10.439000 3.587000 9.416000
v 10.439000 11.939000 9.416000
v 10.939000 3.524000 9.416000
v 10.939000 11.754000 9.416000
v 11.439000 3.311000 9.416000
v 11.439000 11.405000 9.416000
v 11.939000 3.146000 9.416000
v 11.939000 7.337000 9.416000
v 11.939000 8.958000 9.416000
v 11.939000 9.175000 9.416000
v 12.439000 3.258000 9.416000
v 12.439000 6.959000 9.416000
v 12.939000 3.704000 9.416000
v 12.939000 6.587000 9.416000
v 13.439000 4.204000 9.416000
v 13.439000 5.990000 9.416000
v 2.939000 -0.777000 13.416000
v 2.939000 2.596000 13.416000
v 3.439000 -1.153000 13.416000
v 3.439000 3.033000 13.416000
v 3.439000 7.252000 13.416000
v 3.439000 10.055000 13.416000
v 3.939000 -1.259000 13.416000
v 3.939000 3.856000 13.416000
v 3.939000 4.274000 13.416000
v 3.939000 10.381000 13.416000
v 4.439000 -1.168000 13.416000
v 4.439000 10.473000 13.416000
v 4.939000 -0.819000 13.416000
v 4.939000 10.460000 13.416000
v 5.439000 -0.263000 13.416000
v 5.439000 10.488000 13.416000
v 5.939000 0.211000 13.416000
v 5.939000 10.475000 13.416000
v 6.439000 0.651000 13.416000
v 6.439000 10.527000 13.416000
v 6.939000 1.130000 13.416000
v 6.939000 10.525000 13.416000
v 7.439000 1.717000 13.416000
v 7.439000 10.652000 13.416000
v 7.939000 2.053000 13.416000
v 7.939000 10.915000 13.416000
v 8.439000 2.112000 13.416000
v 8.439000 11.098000 13.416000
v 8.939000 2.118000 13.416000
v 8.939000 11.457000 13.416000
v 9.439000 2.274000 13.416000
v 9.439000 11.901000 13.416000
v 9.939000 2.712000 13.416000
v 9.939000 12.304000 13.416000
v 10.439000 3.019000 13.416000
v 10.439000 12.437000 13.416000
v 10.939000 3.078000 13.416000
v 10.939000 6.182000 13.416000
v 10.939000 6.774000 13.416000
v 10.939000 12.450000 13.416000
v 11.439000 3.193000 13.416000
v 11.439000 5.438000 13.416000
v 11.439000 8.819000 13.416000
v 11.439000 12.364000 13.416000
v 11.939000 3.806000 13.416000
v 11.939000 4.805000 13.416000
v 11.939000 9.592000 13.416000
v 11.939000 12.036000 13.416000
v 3.170000 2.080000 10.416000
v 9.173000 2.080000 10.416000
v 9.739000 2.080000 10.416000
v 10.073000 2.080000 10.416000
v 3.185000 2.080000 10.916000
v 10.788000 2.080000 10.916000
v 3.266000 2.080000 11.416000
v 10.987000 2.080000 11.416000
v 3.174000 2.080000 11.916000
v 11.001000 2.080000 11.916000
v 2.942000 2.080000 12.416000
v 10.837000 2.080000 12.416000
v 2.720000 2.080000 12.916000
v 10.177000 2.080000 12.916000
v 2.622000 2.080000 13.416000
v 8.032000 2.080000 13.416000
v 2.717000 2.080000 13.916000
v 6.866000 2.080000 13.916000
v 3.071000 2.080000 14.416000
v 6.299000 2.080000 14.416000
v 8.004000 6.080000 2.416000
v 9.059000 6.080000 2.416000
v 7.286000 6.080000 2.916000
v 10.320000 6.080000 2.916000
v 6.916000 6.080000 3.416000
v 10.845000 6.080000 3.416000
v 6.677000 6.080000 3.916000
v 11.264000 6.080000 3.916000
v 6.560000 6.080000 4.416000
v 11.386000 6.080000 4.416000
v 6.378000 6.080000 4.916000
v 11.240000 6.080000 4.916000
v 5.974000 6.080000 5.416000
v 10.828000 6.080000 5.416000
v 5.415000 6.080000 5.916000
v 10.478000 6.080000 5.916000
v 5.077000 6.080000 6.416000
v 10.301000 6.080000 6.416000
v 4.757000 6.080000 6.916000
v 10.262000 6.080000 6.916000
v 4.096000 6.080000 7.416000
v 10.617000 6.080000 7.416000
v 3.710000 6.080000 7.916000
v 11.305000 6.080000 7.916000
v 3.563000 6.080000 8.416000
v 12.752000 6.080000 8.416000
v 3.472000 6.080000 8.916000
v 13.152000 6.080000 8.916000
v 3.492000 6.080000 9.416000
v 13.357000 6.080000 9.416000
v 3.418000 6.080000 9.916000
v 13.465000 6.080000 9.916000
v 3.410000 6.080000 10.416000
v 13.314000 6.080000 10.416000
v 3.385000 6.080000 10.916000
v 12.832000 6.080000 10.916000
v 3.457000 6.080000 11.416000
v 12.061000 6.080000 11.416000
v 3.617000 6.080000 11.916000
v 11.593000 6.080000 11.916000
v 3.667000 6.080000 12.416000
v 11.451000 6.080000 12.416000
v 3.669000 6.080000 12.916000
v 11.327000 6.080000 12.916000
v 3.642000 6.080000 13.416000
v 10.973000 6.080000 13.416000
v 3.736000 6.080000 13.916000
v 10.491000 6.080000 13.916000
v 4.046000 6.080000 14.416000
v 6.726000 6.080000 14.416000
v 10.047000 10.080000 2.416000
v 11.741000 10.080000 2.416000
v 9.609000 10.080000 2.916000
v 12.109000 10.080000 2.916000
v 8.642000 10.080000 3.416000
v 12.272000 10.080000 3.416000
v 7.916000 10.080000 3.916000
v 12.350000 10.080000 3.916000
v 6.812000 10.080000 4.416000
v 12.259000 10.080000 4.416000
v 6.056000 10.080000 4.916000
v 12.106000 10.080000 4.916000
v 5.503000 10.080000 5.416000
v 11.744000 10.080000 5.416000
v 5.373000 10.080000 5.916000
v 11.409000 10.080000 5.916000
v 5.397000 10.080000 6.416000
v 11.257000 10.080000 6.416000
v 5.418000 10.080000 6.916000
v 11.271000 10.080000 6.916000
v 5.334000 10.080000 7.416000
v 11.253000 10.080000 7.416000
v 5.248000 10.080000 7.916000
v 11.301000 10.080000 7.916000
v 5.233000 10.080000 8.416000
v 11.453000 10.080000 8.416000
v 5.480000 10.080000 8.916000
v 11.721000 10.080000 8.916000
v 5.919000 10.080000 9.416000
v 11.887000 10.080000 9.416000
v 6.344000 10.080000 9.916000
v 12.139000 10.080000 9.916000
v 6.376000 10.080000 10.416000
v 12.264000 10.080000 10.416000
v 6.250000 10.080000 10.916000
v 12.319000 10.080000 10.916000
v 6.328000 10.080000 11.416000
v 12.345000 10.080000 11.416000
v 6.364000 10.080000 11.916000
v 12.370000 10.080000 11.916000
v 4.259000 10.080000 12.416000
v 12.320000 10.080000 12.416000
v 3.626000 10.080000 12.916000
v 12.238000 10.080000 12.916000
v 3.464000 10.080000 13.416000
v 12.237000 10.080000 13.416000
v 3.570000 10.080000 13.916000
v 12.261000 10.080000 13.916000
v 3.652000 10.080000 14.416000
v 12.146000 10.080000 14.416000
v 3.634000 10.080000 14.916000
v 11.925000 10.080000 14.916000
v 3.754000 10.080000 15.416000
v 11.848000 10.080000 15.416000
v 4.167000 10.080000 15.916000
v 11.823000 10.080000 15.916000
v 7.974000 10.080000 16.416000
v 11.719000 10.080000 16.416000
v 8.906000 10.080000 16.916000
v 11.372000 10.080000 16.916000
v 2.939000 2.080000 12.420000
v 2.939000 2.080000 14.282000
v 3.439000 2.080000 10.202000
v 3.439000 2.080000 14.645000
v 3.939000 2.080000 10.080000
v 3.939000 2.080000 14.745000
v 4.439000 2.080000 10.071000
v 4.439000 2.080000 14.779000
v 4.939000 2.080000 10.063000
v 4.939000 2.080000 14.831000
v 5.439000 2.080000 10.023000
v 5.439000 2.080000 14.783000
v 5.939000 2.080000 10.022000
v 5.939000 2.080000 14.656000
v 6.439000 2.080000 9.989000
v 6.439000 2.080000 14.278000
v 6.939000 2.080000 10.061000
v 6.939000 2.080000 13.868000
v 7.439000 2.080000 10.113000
v 7.439000 2.080000 13.613000
v 7.939000 2.080000 10.221000
v 7.939000 2.080000 13.436000
v 8.439000 2.080000 10.362000
v 8.439000 2.080000 13.383000
v 8.939000 2.080000 10.379000
v 8.939000 2.080000 13.377000
v 9.439000 2.080000 10.449000
v 9.439000 2.080000 13.213000
v 9.939000 2.080000 10.402000
v 9.939000 2.080000 12.961000
v 10.439000 2.080000 10.557000
v 10.439000 2.080000 12.809000
v 10.939000 2.080000 11.187000
v 10.939000 2.080000 12.231000
v 3.439000 6.080000 9.756000
v 3.439000 6.080000 11.328000
v 3.939000 6.080000 7.562000
v 3.939000 6.080000 14.269000
v 4.439000 6.080000 7.198000
v 4.439000 6.080000 14.775000
v 4.939000 6.080000 6.652000
v 4.939000 6.080000 14.900000
v 5.439000 6.080000 5.891000
v 5.439000 6.080000 14.791000
v 5.939000 6.080000 5.454000
v 5.939000 6.080000 14.634000
v 6.439000 6.080000 4.795000
v 6.439000 6.080000 14.462000
v 6.939000 6.080000 3.378000
v 6.939000 6.080000 14.346000
v 7.439000 6.080000 2.793000
v 7.439000 6.080000 14.251000
v 7.939000 6.080000 2.443000
v 7.939000 6.080000 14.246000
v 8.439000 6.080000 2.331000
v 8.439000 6.080000 14.286000
v 8.939000 6.080000 2.386000
v 8.939000 6.080000 14.283000
v 9.439000 6.080000 2.538000
v 9.439000 6.080000 14.290000
v 9.939000 6.080000 2.743000
v 9.939000 6.080000 14.203000
v 10.439000 6.080000 2.989000
v 10.439000 6.080000 6.003000
v 10.439000 6.080000 7.272000
v 10.439000 6.080000 13.954000
v 10.939000 6.080000 3.542000
v 10.939000 6.080000 5.286000
v 10.939000 6.080000 7.638000
v 10.939000 6.080000 13.448000
v 11.439000 6.080000 7.993000
v 11.439000 6.080000 12.550000
v 11.939000 6.080000 8.141000
v 11.939000 6.080000 11.508000
v 12.439000 6.080000 8.240000
v 12.439000 6.080000 11.214000
v 12.939000 6.080000 8.589000
v 12.939000 6.080000 10.823000
v 13.439000 6.080000 9.655000
v 13.439000 6.080000 10.116000
v 3.939000 10.080000 12.540000
v 3.939000 10.080000 15.704000
v 4.439000 10.080000 12.389000
v 4.439000 10.080000 16.067000
v 4.939000 10.080000 12.337000
v 4.939000 10.080000 16.164000
v 5.439000 10.080000 5.553000
v 5.439000 10.080000 8.847000
v 5.439000 10.080000 12.296000
v 5.439000 10.080000 16.215000
v 5.939000 10.080000 4.996000
v 5.939000 10.080000 9.438000
v 5.939000 10.080000 12.340000
v 5.939000 10.080000 16.159000
v 6.439000 10.080000 4.564000
v 6.439000 10.080000 16.059000
v 6.939000 10.080000 4.372000
v 6.939000 10.080000 15.977000
v 7.439000 10.080000 4.100000
v 7.439000 10.080000 16.078000
v 7.939000 10.080000 3.900000
v 7.939000 10.080000 16.388000
v 8.439000 10.080000 3.495000
v 8.439000 10.080000 16.692000
v 8.939000 10.080000 3.345000
v 8.939000 10.080000 16.938000
v 9.439000 10.080000 3.074000
v 9.439000 10.080000 17.249000
v 9.939000 10.080000 2.516000
v 9.939000 10.080000 17.341000
v 10.439000 10.080000 2.188000
v 10.439000 10.080000 17.290000
v 10.939000 10.080000 2.108000
v 10.939000 10.080000 17.190000
v 11.439000 10.080000 2.225000
v 11.439000 10.080000 5.859000
v 11.439000 10.080000 8.386000
v 11.439000 10.080000 16.849000
v 11.939000 10.080000 2.622000
v 11.939000 10.080000 5.201000
v 11.939000 10.080000 9.531000
v 11.939000 10.080000 14.870000
v 6.439000 6.765000 1.916000
v 6.439000 8.386000 1.916000
v 6.939000 6.374000 1.916000
v 6.939000 8.776000 1.916000
v 7.439000 6.260000 1.916000
v 7.439000 8.891000 1.916000
v 7.939000 6.247000 1.916000
v 7.939000 8.955000 1.916000
v 8.439000 6.331000 1.916000
v 8.439000 9.042000 1.916000
v 8.939000 6.681000 1.916000
v 8.939000 8.895000 1.916000
v 4.439000 8.362000 5.916000
v 4.439000 8.833000 5.916000
v 4.939000 7.647000 5.916000
v 4.939000 9.601000 5.916000
v 5.439000 5.861000 5.916000
v 5.439000 6.327000 5.916000
v 5.439000 6.644000 5.916000
v 5.439000 10.145000 5.916000
v 5.939000 5.172000 5.916000
v 5.939000 10.446000 5.916000
v 6.439000 4.840000 5.916000
v 6.439000 10.531000 5.916000
v 6.939000 4.542000 5.916000
v 6.939000 10.666000 5.916000
v 7.439000 3.994000 5.916000
v 7.439000 11.036000 5.916000
v 7.939000 3.224000 5.916000
v 7.939000 11.603000 5.916000
v 8.439000 2.893000 5.916000
v 8.439000 12.006000 5.916000
v 8.939000 2.803000 5.916000
v 8.939000 12.319000 5.916000
v 9.439000 2.726000 5.916000
v 9.439000 12.405000 5.916000
v 9.939000 2.725000 5.916000
v 9.939000 12.436000 5.916000
v 10.439000 2.809000 5.916000
v 10.439000 6.115000 5.916000
v 10.439000 8.698000 5.916000
v 10.439000 12.345000 5.916000
v 10.939000 3.123000 5.916000
v 10.939000 5.684000 5.916000
v 10.939000 9.504000 5.916000
v 10.939000 12.024000 5.916000
v 11.439000 10.156000 5.916000
v 11.439000 11.016000 5.916000
v 1.939000 -0.194000 9.916000
v 1.939000 1.351000 9.916000
v 2.439000 -0.874000 9.916000
v 2.439000 1.760000 9.916000
v 2.939000 -1.316000 9.916000
v 2.939000 1.884000 9.916000
v 2.939000 7.884000 9.916000
v 2.939000 9.042000 9.916000
v 3.439000 -1.659000 9.916000
v 3.439000 1.955000 9.916000
v 3.439000 6.052000 9.916000
v 3.439000 9.628000 9.916000
v 3.939000 -1.750000 9.916000
v 3.939000 1.951000 9.916000
v 3.939000 4.742000 9.916000
v 3.939000 9.918000 9.916000
v 4.439000 -1.644000 9.916000
v 4.439000 1.801000 9.916000
v 4.439000 3.751000 9.916000
v 4.439000 10.002000 9.916000
v 4.939000 -1.279000 9.916000
v 4.939000 1.513000 9.916000
v 4.939000 3.255000 9.916000
v 4.939000 9.964000 9.916000
v 5.439000 -0.168000 9.916000
v 5.439000 0.438000 9.916000
v 5.439000 3.050000 9.916000
v 5.439000 9.975000 9.916000
v 5.939000 2.640000 9.916000
v 5.939000 9.977000 9.916000
v 6.439000 2.454000 9.916000
v 6.439000 10.122000 9.916000
v 6.939000 2.630000 9.916000
v 6.939000 10.374000 9.916000
v 7.439000 3.029000 9.916000
v 7.439000 10.556000 9.916000
v 7.939000 3.414000 9.916000
v 7.939000 10.851000 9.916000
v 8.439000 3.457000 9.916000
v 8.439000 11.087000 9.916000
v 8.939000 3.132000 9.916000
v 8.939000 11.482000 9.916000
v 9.439000 3.076000 9.916000
v 9.439000 11.839000 9.916000
v 9.939000 3.002000 9.916000
v 9.939000 11.946000 9.916000
v 10.439000 3.064000 9.916000
v 10.439000 11.941000 9.916000
v 10.939000 3.042000 9.916000
v 10.939000 11.857000 9.916000
v 11.439000 2.900000 9.916000
v 11.439000 11.545000 9.916000
v 11.939000 2.807000 9.916000
v 11.939000 10.511000 9.916000
v 12.439000 2.887000 9.916000
v 12.439000 6.981000 9.916000
v 12.939000 3.220000 9.916000
v 12.939000 6.568000 9.916000
v 13.439000 3.713000 9.916000
v 13.439000 6.106000 9.916000
v 2.939000 0.514000 13.916000
v 2.939000 2.462000 13.916000
v 3.439000 -0.800000 13.916000
v 3.439000 2.834000 13.916000
v 3.439000 8.044000 13.916000
v 3.439000 9.942000 13.916000
v 3.939000 -0.945000 13.916000
v 3.939000 3.088000 13.916000
v 3.939000 5.761000 13.916000
v 3.939000 10.361000 13.916000
v 4.439000 -0.821000 13.916000
v 4.439000 3.816000 13.916000
v 4.439000 4.827000 13.916000
v 4.439000 10.564000 13.916000
v 4.939000 -0.318000 13.916000
v 4.939000 10.611000 13.916000
v 5.439000 0.120000 13.916000
v 5.439000 10.636000 13.916000
v 5.939000 0.392000 13.916000
v 5.939000 10.619000 13.916000
v 6.439000 0.781000 13.916000
v 6.439000 10.584000 13.916000
v 6.939000 3.929000 13.916000
v 6.939000 10.577000 13.916000
v 7.439000 5.141000 13.916000
v 7.439000 10.750000 13.916000
v 7.939000 4.402000 13.916000
v 7.939000 11.045000 13.916000
v 8.439000 4.037000 13.916000
v 8.439000 11.278000 13.916000
v 8.939000 3.935000 13.916000
v 8.939000 11.623000 13.916000
v 9.439000 3.959000 13.916000
v 9.439000 12.082000 13.916000
v 9.939000 4.112000 13.916000
v 9.939000 12.413000 13.916000
v 10.439000 4.237000 13.916000
v 10.439000 12.522000 13.916000
v 10.939000 7.299000 13.916000
v 10.939000 12.507000 13.916000
v 11.439000 8.645000 13.916000
v 11.439000 12.433000 13.916000
v 11.939000 9.568000 13.916000
v 11.939000 12.135000 13.916000
v 3.717000 -1.420000 9.416000
v 4.122000 -1.420000 9.416000
v 3.047000 -1.420000 9.916000
v 4.792000 -1.420000 9.916000
v 2.929000 -1.420000 10.416000
v 5.198000 -1.420000 10.416000
v 3.082000 -1.420000 10.916000
v 5.364000 -1.420000 10.916000
v 3.457000 -1.420000 11.416000
v 5.380000 -1.420000 11.416000
v 3.665000 -1.420000 11.916000
v 5.210000 -1.420000 11.916000
v 6.053000 2.580000 9.916000
v 6.810000 2.580000 9.916000
v 4.188000 2.580000 10.416000
v 11.086000 2.580000 10.416000
v 3.767000 2.580000 10.916000
v 11.898000 2.580000 10.916000
v 3.663000 2.580000 11.416000
v 11.988000 2.580000 11.416000
v 3.542000 2.580000 11.916000
v 11.935000 2.580000 11.916000
v 3.355000 2.580000 12.416000
v 11.825000 2.580000 12.416000
v 3.053000 2.580000 12.916000
v 11.222000 2.580000 12.916000
v 2.923000 2.580000 13.416000
v 9.766000 2.580000 13.416000
v 3.050000 2.580000 13.916000
v 6.762000 2.580000 13.916000
v 3.707000 2.580000 14.416000
v 5.880000 2.580000 14.416000
v 7.373000 6.580000 1.416000
v 8.050000 6.580000 1.416000
v 6.615000 6.580000 1.916000
v 8.851000 6.580000 1.916000
v 6.490000 6.580000 2.416000
v 9.300000 6.580000 2.416000
v 6.458000 6.580000 2.916000
v 9.936000 6.580000 2.916000
v 6.508000 6.580000 3.416000
v 10.417000 6.580000 3.416000
v 6.516000 6.580000 3.916000
v 10.844000 6.580000 3.916000
v 6.485000 6.580000 4.416000
v 10.946000 6.580000 4.416000
v 6.354000 6.580000 4.916000
v 10.840000 6.580000 4.916000
v 5.989000 6.580000 5.416000
v 10.451000 6.580000 5.416000
v 5.441000 6.580000 5.916000
v 10.120000 6.580000 5.916000
v 5.013000 6.580000 6.416000
v 9.885000 6.580000 6.416000
v 4.560000 6.580000 6.916000
v 9.863000 6.580000 6.916000
v 3.970000 6.580000 7.416000
v 10.067000 6.580000 7.416000
v 3.575000 6.580000 7.916000
v 10.714000 6.580000 7.916000
v 3.257000 6.580000 8.416000
v 11.711000 6.580000 8.416000
v 3.139000 6.580000 8.916000
v 12.784000 6.580000 8.916000
v 3.162000 6.580000 9.416000
v 12.946000 6.580000 9.416000
v 3.127000 6.580000 9.916000
v 12.927000 6.580000 9.916000
v 3.144000 6.580000 10.416000
v 12.804000 6.580000 10.416000
v 3.135000 6.580000 10.916000
v 12.279000 6.580000 10.916000
v 3.213000 6.580000 11.416000
v 11.559000 6.580000 11.416000
v 3.398000 6.580000 11.916000
v 11.337000 6.580000 11.916000
v 3.467000 6.580000 12.416000
v 11.244000 6.580000 12.416000
v 3.511000 6.580000 12.916000
v 11.154000 6.580000 12.916000
v 3.527000 6.580000 13.416000
v 10.911000 6.580000 13.416000
v 3.592000 6.580000 13.916000
v 10.517000 6.580000 13.916000
v 3.720000 6.580000 14.416000
v 7.442000 6.580000 14.416000
v 4.111000 6.580000 14.916000
v 5.777000 6.580000 14.916000
v 10.012000 10.580000 2.916000
v 11.838000 10.580000 2.916000
v 9.583000 10.580000 3.416000
v 12.172000 10.580000 3.416000
v 8.911000 10.580000 3.916000
v 12.271000 10.580000 3.916000
v 7.992000 10.580000 4.416000
v 12.310000 10.580000 4.416000
v 7.103000 10.580000 4.916000
v 12.214000 10.580000 4.916000
v 6.874000 10.580000 5.416000
v 11.880000 10.580000 5.416000
v 6.701000 10.580000 5.916000
v 11.508000 10.580000 5.916000
v 6.687000 10.580000 6.416000
v 11.357000 10.580000 6.416000
v 6.775000 10.580000 6.916000
v 11.363000 10.580000 6.916000
v 6.770000 10.580000 7.416000
v 11.295000 10.580000 7.416000
v 6.830000 10.580000 7.916000
v 11.253000 10.580000 7.916000
v 6.925000 10.580000 8.416000
v 11.374000 10.580000 8.416000
v 7.044000 10.580000 8.916000
v 11.633000 10.580000 8.916000
v 7.399000 10.580000 9.416000
v 11.774000 10.580000 9.416000
v 7.483000 10.580000 9.916000
v 11.917000 10.580000 9.916000
v 7.537000 10.580000 10.416000
v 12.133000 10.580000 10.416000
v 7.760000 10.580000 10.916000
v 12.284000 10.580000 10.916000
v 7.847000 10.580000 11.416000
v 12.359000 10.580000 11.416000
v 7.849000 10.580000 11.916000
v 12.337000 10.580000 11.916000
v 7.720000 10.580000 12.416000
v 12.386000 10.580000 12.416000
v 7.442000 10.580000 12.916000
v 12.324000 10.580000 12.916000
v 7.238000 10.580000 13.416000
v 12.317000 10.580000 13.416000
v 4.514000 10.580000 13.916000
v 6.461000 10.580000 13.916000
v 6.959000 10.580000 13.916000
v 12.350000 10.580000 13.916000
v 4.100000 10.580000 14.416000
v 12.243000 10.580000 14.416000
v 3.985000 10.580000 14.916000
v 11.962000 10.580000 14.916000
v 4.159000 10.580000 15.416000
v 11.801000 10.580000 15.416000
v 7.574000 10.580000 15.916000
v 11.734000 10.580000 15.916000
v 8.098000 10.580000 16.416000
v 11.622000 10.580000 16.416000
v 9.079000 10.580000 16.916000
v 11.234000 10.580000 16.916000
v 2.939000 -1.420000 10.241000
v 2.939000 -1.420000 10.531000
v 3.439000 -1.420000 9.519000
v 3.439000 -1.420000 11.380000
v 3.939000 -1.420000 9.395000
v 3.939000 -1.420000 12.294000
v 4.439000 -1.420000 9.542000
v 4.439000 -1.420000 12.394000
v 4.939000 -1.420000 10.134000
v 4.939000 -1.420000 12.173000
v 2.939000 2.580000 13.245000
v 2.939000 2.580000 13.600000
v 3.439000 2.580000 12.248000
v 3.439000 2.580000 14.310000
v 3.939000 2.580000 10.591000
v 3.939000 2.580000 14.471000
v 4.439000 2.580000 10.261000
v 4.439000 2.580000 14.652000
v 4.939000 2.580000 10.116000
v 4.939000 2.580000 14.753000
v 5.439000 2.580000 10.033000
v 5.439000 2.580000 14.659000
v 5.939000 2.580000 9.937000
v 5.939000 2.580000 14.388000
v 6.439000 2.580000 9.869000
v 6.439000 2.580000 14.054000
v 6.939000 2.580000 9.936000
v 6.939000 2.580000 13.866000
v 7.439000 2.580000 10.013000
v 7.439000 2.580000 13.766000
v 7.939000 2.580000 10.069000
v 7.939000 2.580000 13.705000
v 8.439000 2.580000 10.055000
v 8.439000 2.580000 13.719000
v 8.939000 2.580000 10.082000
v 8.939000 2.580000 13.721000
v 9.439000 2.580000 10.125000
v 9.439000 2.580000 13.606000
v 9.939000 2.580000 10.082000
v 9.939000 2.580000 13.325000
v 10.439000 2.580000 10.180000
v 10.439000 2.580000 13.156000
v 10.939000 2.580000 10.354000
v 10.939000 2.580000 12.982000
v 11.439000 2.580000 10.502000
v 11.439000 2.580000 12.822000
v 11.939000 2.580000 11.035000
v 11.939000 2.580000 11.799000
v 3.439000 6.580000 8.122000
v 3.439000 6.580000 12.131000
v 3.939000 6.580000 7.445000
v 3.939000 6.580000 14.754000
v 4.439000 6.580000 7.029000
v 4.439000 6.580000 15.104000
v 4.939000 6.580000 6.492000
v 4.939000 6.580000 15.198000
v 5.439000 6.580000 5.918000
v 5.439000 6.580000 15.097000
v 5.939000 6.580000 5.464000
v 5.939000 6.580000 14.843000
v 6.439000 6.580000 4.676000
v 6.439000 6.580000 14.746000
v 6.939000 6.580000 1.569000
v 6.939000 6.580000 14.645000
v 7.439000 6.580000 1.411000
v 7.439000 6.580000 14.417000
v 7.939000 6.580000 1.408000
v 7.939000 6.580000 14.322000
v 8.439000 6.580000 1.549000
v 8.439000 6.580000 14.301000
v 8.939000 6.580000 2.007000
v 8.939000 6.580000 14.304000
v 9.439000 6.580000 2.570000
v 9.439000 6.580000 14.368000
v 9.939000 6.580000 2.918000
v 9.939000 6.580000 6.253000
v 9.939000 6.580000 7.188000
v 9.939000 6.580000 14.287000
v 10.439000 6.580000 3.444000
v 10.439000 6.580000 5.429000
v 10.439000 6.580000 7.761000
v 10.439000 6.580000 13.984000
v 10.939000 6.580000 4.281000
v 10.939000 6.580000 4.558000
v 10.939000 6.580000 8.036000
v 10.939000 6.580000 13.373000
v 11.439000 6.580000 8.341000
v 11.439000 6.580000 11.615000
v 11.939000 6.580000 8.466000
v 11.939000 6.580000 11.078000
v 12.439000 6.580000 8.596000
v 12.439000 6.580000 10.818000
v 12.939000 6.580000 9.332000
v 12.939000 6.580000 9.588000
v 4.439000 10.580000 13.965000
v 4.439000 10.580000 15.675000
v 4.939000 10.580000 13.849000
v 4.939000 10.580000 15.816000
v 5.439000 10.580000 13.786000
v 5.439000 10.580000 15.895000
v 5.939000 10.580000 13.828000
v 5.939000 10.580000 15.807000
v 6.439000 10.580000 13.901000
v 6.439000 10.580000 15.678000
v 6.939000 10.580000 5.252000
v 6.939000 10.580000 8.523000
v 6.939000 10.580000 13.929000
v 6.939000 10.580000 15.640000
v 7.439000 10.580000 4.570000
v 7.439000 10.580000 9.516000
v 7.439000 10.580000 12.926000
v 7.439000 10.580000 15.824000
v 7.939000 10.580000 4.420000
v 7.939000 10.580000 16.269000
v 8.439000 10.580000 4.277000
v 8.439000 10.580000 16.609000
v 8.939000 10.580000 3.895000
v 8.939000 10.580000 16.820000
v 9.439000 10.580000 3.537000
v 9.439000 10.580000 17.129000
v 9.939000 10.580000 3.019000
v 9.939000 10.580000 17.229000
v 10.439000 10.580000 2.529000
v 10.439000 10.580000 17.196000
v 10.939000 10.580000 2.420000
v 10.939000 10.580000 17.090000
v 11.439000 10.580000 2.580000
v 11.439000 10.580000 6.076000
v 11.439000 10.580000 8.552000
v 11.439000 10.580000 16.714000
v 11.939000 10.580000 3.027000
v 11.939000 10.580000 5.356000
v 11.939000 10.580000 9.981000
v 11.939000 10.580000 14.967000
v 6.439000 6.634000 2.416000
v 6.439000 8.532000 2.416000
v 6.939000 6.282000 2.416000
v 6.939000 8.875000 2.416000
v 7.439000 6.152000 2.416000
v 7.439000 9.039000 2.416000
v 7.939000 6.090000 2.416000
v 7.939000 9.267000 2.416000
v 8.439000 6.031000 2.416000
v 8.439000 9.355000 2.416000
v 8.939000 6.032000 2.416000
v 8.939000 9.343000 2.416000
v 9.439000 7.084000 2.416000
v 9.439000 9.424000 2.416000
v 9.939000 8.165000 2.416000
v 9.939000 9.881000 2.416000
v 10.439000 8.568000 2.416000
v 10.439000 10.463000 2.416000
v 10.939000 8.635000 2.416000
v 10.939000 10.575000 2.416000
v 11.439000 8.801000 2.416000
v 11.439000 10.409000 2.416000
v 4.439000 7.712000 6.416000
v 4.439000 9.480000 6.416000
v 4.939000 6.881000 6.416000
v 4.939000 9.833000 6.416000
v 5.439000 5.196000 6.416000
v 5.439000 10.108000 6.416000
v 5.939000 4.854000 6.416000
v 5.939000 10.421000 6.416000
v 6.439000 4.726000 6.416000
v 6.439000 10.525000 6.416000
v 6.939000 4.518000 6.416000
v 6.939000 10.681000 6.416000
v 7.439000 4.126000 6.416000
v 7.439000 11.078000 6.416000
v 7.939000 3.691000 6.416000
v 7.939000 11.563000 6.416000
v 8.439000 3.246000 6.416000
v 8.439000 12.114000 6.416000
v 8.939000 3.100000 6.416000
v 8.939000 12.412000 6.416000
v 9.439000 2.918000 6.416000
v 9.439000 12.485000 6.416000
v 9.939000 2.811000 6.416000
v 9.939000 6.477000 6.416000
v 9.939000 7.934000 6.416000
v 9.939000 12.490000 6.416000
v 10.439000 2.900000 6.416000
v 10.439000 5.990000 6.416000
v 10.439000 8.893000 6.416000
v 10.439000 12.379000 6.416000
v 10.939000 3.246000 6.416000
v 10.939000 5.639000 6.416000
v 10.939000 9.607000 6.416000
v 10.939000 12.018000 6.416000
v 1.939000 -0.349000 10.416000
v 1.939000 1.506000 10.416000
v 2.439000 -0.871000 10.416000
v 2.439000 1.867000 10.416000
v 2.939000 -1.430000 10.416000
v 2.939000 2.024000 10.416000
v 3.439000 -1.746000 10.416000
v 3.439000 2.152000 10.416000
v 3.439000 6.011000 10.416000
v 3.439000 9.547000 10.416000
v 3.939000 -1.831000 10.416000
v 3.939000 2.362000 10.416000
v 3.939000 3.677000 10.416000
v 3.939000 9.859000 10.416000
v 4.439000 -1.740000 10.416000
v 4.439000 9.954000 10.416000
v 4.939000 -1.570000 10.416000
v 4.939000 10.015000 10.416000
v 5.439000 -1.186000 10.416000
v 5.439000 9.956000 10.416000
v 5.939000 0.431000 10.416000
v 5.939000 9.963000 10.416000
v 6.439000 0.974000 10.416000
v 6.439000 10.108000 10.416000
v 6.939000 1.183000 10.416000
v 6.939000 10.367000 10.416000
v 7.439000 1.547000 10.416000
v 7.439000 10.537000 10.416000
v 7.939000 1.752000 10.416000
v 7.939000 10.761000 10.416000
v 8.439000 2.017000 10.416000
v 8.439000 10.973000 10.416000
v 8.939000 2.042000 10.416000
v 8.939000 11.276000 10.416000
v 9.439000 2.114000 10.416000
v 9.439000 11.647000 10.416000
v 9.939000 2.067000 10.416000
v 9.939000 11.869000 10.416000
v 10.439000 2.219000 10.416000
v 10.439000 11.950000 10.416000
v 10.939000 2.531000 10.416000
v 10.939000 11.886000 10.416000
v 11.439000 2.631000 10.416000
v 11.439000 11.621000 10.416000
v 11.939000 2.686000 10.416000
v 11.939000 11.000000 10.416000
v 12.439000 2.782000 10.416000
v 12.439000 6.889000 10.416000
v 12.939000 3.080000 10.416000
v 12.939000 6.449000 10.416000
v 13.439000 3.567000 10.416000
v 13.439000 5.955000 10.416000
v 3.439000 0.744000 14.416000
v 3.439000 2.470000 14.416000
v 3.439000 8.792000 14.416000
v 3.439000 9.601000 14.416000
v 3.939000 0.478000 14.416000
v 3.939000 2.647000 14.416000
v 3.939000 6.203000 14.416000
v 3.939000 10.437000 14.416000
v 4.439000 0.504000 14.416000
v 4.439000 2.975000 14.416000
v 4.439000 5.763000 14.416000
v 4.439000 10.776000 14.416000
v 4.939000 0.565000 14.416000
v 4.939000 3.217000 14.416000
v 4.939000 5.518000 14.416000
v 4.939000 10.869000 14.416000
v 5.439000 0.580000 14.416000
v 5.439000 3.197000 14.416000
v 5.439000 5.477000 14.416000
v 5.439000 10.904000 14.416000
v 5.939000 0.733000 14.416000
v 5.939000 2.518000 14.416000
v 5.939000 5.590000 14.416000
v 5.939000 10.868000 14.416000
v 6.439000 5.998000 14.416000
v 6.439000 10.790000 14.416000
v 6.939000 6.197000 14.416000
v 6.939000 10.795000 14.416000
v 7.439000 6.576000 14.416000
v 7.439000 11.005000 14.416000
v 7.939000 7.154000 14.416000
v 7.939000 11.310000 14.416000
v 8.439000 7.031000 14.416000
v 8.439000 11.545000 14.416000
v 8.939000 6.944000 14.416000
v 8.939000 11.952000 14.416000
v 9.439000 6.816000 14.416000
v 9.439000 12.233000 14.416000
v 9.939000 6.983000 14.416000
v 9.939000 12.380000 14.416000
v 10.439000 7.293000 14.416000
v 10.439000 12.437000 14.416000
v 10.939000 7.773000 14.416000
v 10.939000 12.411000 14.416000
v 11.439000 8.577000 14.416000
v 11.439000 12.331000 14.416000
v 11.939000 9.656000 14.416000
v 11.939000 11.999000 14.416000
v 2.635000 -0.920000 9.416000
v 4.803000 -0.920000 9.416000
v 2.487000 -0.920000 9.916000
v 5.213000 -0.920000 9.916000
v 2.491000 -0.920000 10.416000
v 5.601000 -0.920000 10.416000
v 2.633000 -0.920000 10.916000
v 5.717000 -0.920000 10.916000
v 2.906000 -0.920000 11.416000
v 5.733000 -0.920000 11.416000
v 2.965000 -0.920000 11.916000
v 5.615000 -0.920000 11.916000
v 3.019000 -0.920000 12.416000
v 5.257000 -0.920000 12.416000
v 2.954000 -0.920000 12.916000
v 4.991000 -0.920000 12.916000
v 3.075000 -0.920000 13.416000
v 4.838000 -0.920000 13.416000
v 3.736000 -0.920000 13.916000
v 4.178000 -0.920000 13.916000
v 9.106000 3.080000 3.916000
v 10.753000 3.080000 3.916000
v 8.601000 3.080000 4.416000
v 10.889000 3.080000 4.416000
v 8.107000 3.080000 4.916000
v 10.976000 3.080000 4.916000
v 7.958000 3.080000 5.416000
v 10.909000 3.080000 5.416000
v 8.099000 3.080000 5.916000
v 10.893000 3.080000 5.916000
v 9.008000 3.080000 6.416000
v 10.759000 3.080000 6.416000
v 5.346000 3.080000 9.916000
v 7.486000 3.080000 9.916000
v 9.164000 3.080000 9.916000
v 12.786000 3.080000 9.916000
v 4.267000 3.080000 10.416000
v 12.939000 3.080000 10.416000
v 3.794000 3.080000 10.916000
v 12.910000 3.080000 10.916000
v 3.719000 3.080000 11.416000
v 12.756000 3.080000 11.416000
v 3.643000 3.080000 11.916000
v 12.384000 3.080000 11.916000
v 3.501000 3.080000 12.416000
v 12.171000 3.080000 12.416000
v 3.411000 3.080000 12.916000
v 11.871000 3.080000 12.916000
v 3.487000 3.080000 13.416000
v 11.035000 3.080000 13.416000
v 3.927000 3.080000 13.916000
v 6.602000 3.080000 13.916000
v 4.636000 3.080000 14.416000
v 5.551000 3.080000 14.416000
v 6.606000 7.080000 1.416000
v 8.788000 7.080000 1.416000
v 6.256000 7.080000 1.916000
v 9.147000 7.080000 1.916000
v 6.163000 7.080000 2.416000
v 9.437000 7.080000 2.416000
v 6.111000 7.080000 2.916000
v 9.891000 7.080000 2.916000
v 6.231000 7.080000 3.416000
v 10.285000 7.080000 3.416000
v 6.386000 7.080000 3.916000
v 10.659000 7.080000 3.916000
v 6.371000 7.080000 4.416000
v 10.777000 7.080000 4.416000
v 6.227000 7.080000 4.916000
v 10.677000 7.080000 4.916000
v 5.879000 7.080000 5.416000
v 10.318000 7.080000 5.416000
v 5.342000 7.080000 5.916000
v 10.000000 7.080000 5.916000
v 4.872000 7.080000 6.416000
v 9.747000 7.080000 6.416000
v 4.405000 7.080000 6.916000
v 9.726000 7.080000 6.916000
v 3.822000 7.080000 7.416000
v 9.937000 7.080000 7.416000
v 3.285000 7.080000 7.916000
v 10.345000 7.080000 7.916000
v 2.986000 7.080000 8.416000
v 10.762000 7.080000 8.416000
v 2.962000 7.080000 8.916000
v 11.477000 7.080000 8.916000
v 3.032000 7.080000 9.416000
v 12.270000 7.080000 9.416000
v 3.048000 7.080000 9.916000
v 12.334000 7.080000 9.916000
v 3.044000 7.080000 10.416000
v 12.250000 7.080000 10.416000
v 3.029000 7.080000 10.916000
v 11.881000 7.080000 10.916000
v 2.975000 7.080000 11.416000
v 11.410000 7.080000 11.416000
v 2.937000 7.080000 11.916000
v 11.202000 7.080000 11.916000
v 3.052000 7.080000 12.416000
v 11.115000 7.080000 12.416000
v 3.288000 7.080000 12.916000
v 11.101000 7.080000 12.916000
v 3.472000 7.080000 13.416000
v 11.020000 7.080000 13.416000
v 3.530000 7.080000 13.916000
v 10.784000 7.080000 13.916000
v 3.640000 7.080000 14.416000
v 7.753000 7.080000 14.416000
v 8.298000 7.080000 14.416000
v 10.083000 7.080000 14.416000
v 3.996000 7.080000 14.916000
v 6.543000 7.080000 14.916000
v 10.790000 11.080000 2.916000
v 11.112000 11.080000 2.916000
v 10.022000 11.080000 3.416000
v 11.839000 11.080000 3.416000
v 9.539000 11.080000 3.916000
v 12.131000 11.080000 3.916000
v 8.917000 11.080000 4.416000
v 12.226000 11.080000 4.416000
v 7.955000 11.080000 4.916000
v 12.123000 11.080000 4.916000
v 7.611000 11.080000 5.416000
v 11.762000 11.080000 5.416000
v 7.481000 11.080000 5.916000
v 11.427000 11.080000 5.916000
v 7.441000 11.080000 6.416000
v 11.298000 11.080000 6.416000
v 7.435000 11.080000 6.916000
v 11.274000 11.080000 6.916000
v 7.595000 11.080000 7.416000
v 11.188000 11.080000 7.416000
v 7.817000 11.080000 7.916000
v 11.044000 11.080000 7.916000
v 7.929000 11.080000 8.416000
v 11.056000 11.080000 8.416000
v 8.058000 11.080000 8.916000
v 11.319000 11.080000 8.916000
v 8.306000 11.080000 9.416000
v 11.650000 11.080000 9.416000
v 8.429000 11.080000 9.916000
v 11.760000 11.080000 9.916000
v 8.601000 11.080000 10.416000
v 11.906000 11.080000 10.416000
v 8.869000 11.080000 10.916000
v 12.185000 11.080000 10.916000
v 8.903000 11.080000 11.416000
v 12.284000 11.080000 11.416000
v 8.917000 11.080000 11.916000
v 12.336000 11.080000 11.916000
v 8.900000 11.080000 12.416000
v 12.348000 11.080000 12.416000
v 8.623000 11.080000 12.916000
v 12.315000 11.080000 12.916000
v 8.401000 11.080000 13.416000
v 12.334000 11.080000 13.416000
v 8.028000 11.080000 13.916000
v 12.387000 11.080000 13.916000
v 7.548000 11.080000 14.416000
v 12.291000 11.080000 14.416000
v 7.397000 11.080000 14.916000
v 11.971000 11.080000 14.916000
v 7.598000 11.080000 15.416000
v 11.651000 11.080000 15.416000
v 7.989000 11.080000 15.916000
v 11.446000 11.080000 15.916000
v 8.400000 11.080000 16.416000
v 11.258000 11.080000 16.416000
v 2.939000 -0.920000 9.118000
v 2.939000 -0.920000 11.548000
v 3.439000 -0.920000 8.980000
v 3.439000 -0.920000 13.796000
v 3.939000 -0.920000 9.046000
v 3.939000 -0.920000 13.940000
v 4.439000 -0.920000 9.181000
v 4.439000 -0.920000 13.817000
v 4.939000 -0.920000 9.560000
v 4.939000 -0.920000 13.141000
v 5.439000 -0.920000 10.149000
v 5.439000 -0.920000 12.196000
v 3.439000 3.080000 12.662000
v 3.439000 3.080000 13.256000
v 3.939000 3.080000 10.677000
v 3.939000 3.080000 13.925000
v 4.439000 3.080000 10.280000
v 4.439000 3.080000 14.322000
v 4.939000 3.080000 10.006000
v 4.939000 3.080000 14.484000
v 5.439000 3.080000 9.902000
v 5.439000 3.080000 14.447000
v 5.939000 3.080000 9.722000
v 5.939000 3.080000 14.270000
v 6.439000 3.080000 9.603000
v 6.439000 3.080000 13.990000
v 6.939000 3.080000 9.687000
v 6.939000 3.080000 13.828000
v 7.439000 3.080000 9.901000
v 7.439000 3.080000 13.826000
v 7.939000 3.080000 9.981000
v 7.939000 3.080000 13.804000
v 8.439000 3.080000 4.590000
v 8.439000 3.080000 6.239000
v 8.439000 3.080000 9.962000
v 8.439000 3.080000 13.817000
v 8.939000 3.080000 4.070000
v 8.939000 3.080000 6.391000
v 8.939000 3.080000 9.938000
v 8.939000 3.080000 13.823000
v 9.439000 3.080000 3.584000
v 9.439000 3.080000 6.706000
v 9.439000 3.080000 9.913000
v 9.439000 3.080000 13.764000
v 9.939000 3.080000 3.442000
v 9.939000 3.080000 6.866000
v 9.939000 3.080000 9.870000
v 9.939000 3.080000 13.650000
v 10.439000 3.080000 3.588000
v 10.439000 3.080000 6.734000
v 10.439000 3.080000 9.904000
v 10.439000 3.080000 13.463000
v 10.939000 3.080000 4.606000
v 10.939000 3.080000 5.153000
v 10.939000 3.080000 9.884000
v 10.939000 3.080000 13.418000
v 11.439000 3.080000 9.655000
v 11.439000 3.080000 13.298000
v 11.939000 3.080000 9.483000
v 11.939000 3.080000 12.827000
v 12.439000 3.080000 9.596000
v 12.439000 3.080000 11.822000
v 2.939000 7.080000 11.878000
v 2.939000 7.080000 12.009000
v 3.439000 7.080000 7.732000
v 3.439000 7.080000 13.293000
v 3.939000 7.080000 7.326000
v 3.939000 7.080000 14.861000
v 4.439000 7.080000 6.882000
v 4.439000 7.080000 15.193000
v 4.939000 7.080000 6.347000
v 4.939000 7.080000 15.360000
v 5.439000 7.080000 5.817000
v 5.439000 7.080000 15.387000
v 5.939000 7.080000 5.342000
v 5.939000 7.080000 15.218000
v 6.439000 7.080000 1.594000
v 6.439000 7.080000 14.963000
v 6.939000 7.080000 1.200000
v 6.939000 7.080000 14.749000
v 7.439000 7.080000 1.086000
v 7.439000 7.080000 14.515000
v 7.939000 7.080000 1.095000
v 7.939000 7.080000 14.392000
v 8.439000 7.080000 1.199000
v 8.439000 7.080000 14.436000
v 8.939000 7.080000 1.570000
v 8.939000 7.080000 14.484000
v 9.439000 7.080000 2.418000
v 9.439000 7.080000 14.515000
v 9.939000 7.080000 2.963000
v 9.939000 7.080000 6.003000
v 9.939000 7.080000 7.419000
v 9.939000 7.080000 14.467000
v 10.439000 7.080000 3.629000
v 10.439000 7.080000 5.257000
v 10.439000 7.080000 8.024000
v 10.439000 7.080000 14.244000
v 10.939000 7.080000 8.582000
v 10.939000 7.080000 13.639000
v 11.439000 7.080000 8.890000
v 11.439000 7.080000 11.372000
v 11.939000 7.080000 9.107000
v 11.939000 7.080000 10.857000
v 7.439000 11.080000 6.761000
v 7.439000 11.080000 6.972000
v 7.439000 11.080000 14.637000
v 7.439000 11.080000 15.115000
v 7.939000 11.080000 4.929000
v 7.939000 11.080000 8.576000
v 7.939000 11.080000 13.989000
v 7.939000 11.080000 15.855000
v 8.439000 11.080000 4.656000
v 8.439000 11.080000 10.021000
v 8.439000 11.080000 13.305000
v 8.439000 11.080000 16.449000
v 8.939000 11.080000 4.401000
v 8.939000 11.080000 16.746000
v 9.439000 11.080000 3.994000
v 9.439000 11.080000 16.896000
v 9.939000 11.080000 3.510000
v 9.939000 11.080000 16.909000
v 10.439000 11.080000 3.046000
v 10.439000 11.080000 16.875000
v 10.939000 11.080000 2.902000
v 10.939000 11.080000 16.729000
v 11.439000 11.080000 3.032000
v 11.439000 11.080000 5.888000
v 11.439000 11.080000 9.072000
v 11.439000 11.080000 15.936000
v 11.939000 11.080000 3.561000
v 11.939000 11.080000 5.226000
v 11.939000 11.080000 10.479000
v 11.939000 11.080000 14.956000
v 6.439000 6.597000 2.916000
v 6.439000 8.657000 2.916000
v 6.939000 6.255000 2.916000
v 6.939000 9.022000 2.916000
v 7.439000 6.034000 2.916000
v 7.439000 9.265000 2.916000
v 7.939000 5.863000 2.916000
v 7.939000 9.401000 2.916000
v 8.439000 5.601000 2.916000
v 8.439000 9.565000 2.916000
v 8.939000 4.291000 2.916000
v 8.939000 9.636000 2.916000
v 9.439000 3.726000 2.916000
v 9.439000 9.906000 2.916000
v 9.939000 3.621000 2.916000
v 9.939000 6.569000 2.916000
v 9.939000 7.444000 2.916000
v 9.939000 10.497000 2.916000
v 10.439000 3.782000 2.916000
v 10.439000 5.997000 2.916000
v 10.439000 8.102000 2.916000
v 10.439000 10.954000 2.916000
v 10.939000 8.272000 2.916000
v 10.939000 11.093000 2.916000
v 11.439000 8.420000 2.916000
v 11.439000 10.967000 2.916000
v 11.939000 8.824000 2.916000
v 11.939000 10.419000 2.916000
v 3.439000 8.252000 6.916000
v 3.439000 8.934000 6.916000
v 3.939000 7.705000 6.916000
v 3.939000 9.471000 6.916000
v 4.439000 6.939000 6.916000
v 4.439000 9.726000 6.916000
v 4.939000 5.708000 6.916000
v 4.939000 9.914000 6.916000
v 5.439000 5.073000 6.916000
v 5.439000 10.091000 6.916000
v 5.939000 4.762000 6.916000
v 5.939000 10.378000 6.916000
v 6.439000 4.677000 6.916000
v 6.439000 10.486000 6.916000
v 6.939000 4.579000 6.916000
v 6.939000 10.659000 6.916000
v 7.439000 4.345000 6.916000
v 7.439000 11.084000 6.916000
v 7.939000 4.123000 6.916000
v 7.939000 11.605000 6.916000
v 8.439000 3.800000 6.916000
v 8.439000 12.018000 6.916000
v 8.939000 3.604000 6.916000
v 8.939000 12.344000 6.916000
v 9.439000 3.274000 6.916000
v 9.439000 12.435000 6.916000
v 9.939000 3.127000 6.916000
v 9.939000 6.429000 6.916000
v 9.939000 7.991000 6.916000
v 9.939000 12.400000 6.916000
v 10.439000 3.248000 6.916000
v 10.439000 5.969000 6.916000
v 10.439000 8.759000 6.916000
v 10.439000 12.275000 6.916000
v 10.939000 3.705000 6.916000
v 10.939000 5.633000 6.916000
v 10.939000 9.567000 6.916000
v 10.939000 11.868000 6.916000
v 1.939000 -0.212000 10.916000
v 1.939000 1.369000 10.916000
v 2.439000 -0.735000 10.916000
v 2.439000 1.772000 10.916000
v 2.939000 -1.279000 10.916000
v 2.939000 1.972000 10.916000
v 2.939000 7.644000 10.916000
v 2.939000 8.979000 10.916000
v 3.439000 -1.635000 10.916000
v 3.439000 2.219000 10.916000
v 3.439000 5.913000 10.916000
v 3.439000 9.582000 10.916000
v 3.939000 -1.747000 10.916000
v 3.939000 9.838000 10.916000
v 4.439000 -1.783000 10.916000
v 4.439000 9.939000 10.916000
v 4.939000 -1.685000 10.916000
v 4.939000 9.948000 10.916000
v 5.439000 -1.347000 10.916000
v 5.439000 9.980000 10.916000
v 5.939000 -0.032000 10.916000
v 5.939000 10.027000 10.916000
v 6.439000 0.595000 10.916000
v 6.439000 10.144000 10.916000
v 6.939000 0.833000 10.916000
v 6.939000 10.407000 10.916000
v 7.439000 1.154000 10.916000
v 7.439000 10.518000 10.916000
v 7.939000 1.370000 10.916000
v 7.939000 10.645000 10.916000
v 8.439000 1.629000 10.916000
v 8.439000 10.893000 10.916000
v 8.939000 1.720000 10.916000
v 8.939000 11.124000 10.916000
v 9.439000 1.781000 10.916000
v 9.439000 11.594000 10.916000
v 9.939000 1.752000 10.916000
v 9.939000 11.902000 10.916000
v 10.439000 1.865000 10.916000
v 10.439000 12.037000 10.916000
v 10.939000 2.167000 10.916000
v 10.939000 12.072000 10.916000
v 11.439000 2.344000 10.916000
v 11.439000 11.906000 10.916000
v 11.939000 2.601000 10.916000
v 11.939000 6.942000 10.916000
v 11.939000 7.881000 10.916000
v 11.939000 11.476000 10.916000
v 12.439000 2.793000 10.916000
v 12.439000 6.464000 10.916000
v 12.939000 3.107000 10.916000
v 12.939000 5.956000 10.916000
v 13.439000 3.685000 10.916000
v 13.439000 5.487000 10.916000
v 3.939000 7.686000 14.916000
v 3.939000 10.536000 14.916000
v 4.439000 6.236000 14.916000
v 4.439000 10.856000 14.916000
v 4.939000 6.097000 14.916000
v 4.939000 10.945000 14.916000
v 5.439000 6.249000 14.916000
v 5.439000 10.992000 14.916000
v 5.939000 6.715000 14.916000
v 5.939000 10.942000 14.916000
v 6.439000 6.970000 14.916000
v 6.439000 10.874000 14.916000
v 6.939000 7.739000 14.916000
v 6.939000 10.894000 14.916000
v 7.439000 8.367000 14.916000
v 7.439000 11.106000 14.916000
v 7.939000 8.346000 14.916000
v 7.939000 11.437000 14.916000
v 8.439000 8.030000 14.916000
v 8.439000 11.941000 14.916000
v 8.939000 7.696000 14.916000
v 8.939000 12.310000 14.916000
v 9.439000 7.568000 14.916000
v 9.439000 12.410000 14.916000
v 9.939000 7.524000 14.916000
v 9.939000 12.380000 14.916000
v 10.439000 7.685000 14.916000
v 10.439000 12.264000 14.916000
v 10.939000 8.070000 14.916000
v 10.939000 12.135000 14.916000
v 11.439000 8.611000 14.916000
v 11.439000 11.966000 14.916000
v 11.939000 10.143000 14.916000
v 11.939000 11.298000 14.916000
v 2.620000 -0.420000 8.916000
v 4.247000 -0.420000 8.916000
v 2.241000 -0.420000 9.416000
v 4.929000 -0.420000 9.416000
v 2.100000 -0.420000 9.916000
v 5.371000 -0.420000 9.916000
v 2.006000 -0.420000 10.416000
v 5.719000 -0.420000 10.416000
v 2.135000 -0.420000 10.916000
v 5.836000 -0.420000 10.916000
v 2.372000 -0.420000 11.416000
v 5.856000 -0.420000 11.416000
v 2.390000 -0.420000 11.916000
v 5.771000 -0.420000 11.916000
v 2.520000 -0.420000 12.416000
v 5.580000 -0.420000 12.416000
v 2.630000 -0.420000 12.916000
v 5.414000 -0.420000 12.916000
v 2.730000 -0.420000 13.416000
v 5.278000 -0.420000 13.416000
v 3.076000 -0.420000 13.916000
v 4.848000 -0.420000 13.916000
v 9.043000 3.580000 3.416000
v 10.799000 3.580000 3.416000
v 8.230000 3.580000 3.916000
v 11.142000 3.580000 3.916000
v 7.594000 3.580000 4.416000
v 11.234000 3.580000 4.416000
v 7.474000 3.580000 4.916000
v 11.293000 3.580000 4.916000
v 7.569000 3.580000 5.416000
v 11.259000 3.580000 5.416000
v 7.698000 3.580000 5.916000
v 11.251000 3.580000 5.916000
v 8.052000 3.580000 6.416000
v 11.158000 3.580000 6.416000
v 8.996000 3.580000 6.916000
v 10.843000 3.580000 6.916000
v 10.607000 3.580000 9.416000
v 12.820000 3.580000 9.416000
v 4.633000 3.580000 9.916000
v 13.300000 3.580000 9.916000
v 3.992000 3.580000 10.416000
v 13.452000 3.580000 10.416000
v 3.705000 3.580000 10.916000
v 13.341000 3.580000 10.916000
v 3.613000 3.580000 11.416000
v 13.149000 3.580000 11.416000
v 3.581000 3.580000 11.916000
v 12.763000 3.580000 11.916000
v 3.548000 3.580000 12.416000
v 12.360000 3.580000 12.416000
v 3.605000 3.580000 12.916000
v 12.188000 3.580000 12.916000
v 3.858000 3.580000 13.416000
v 11.843000 3.580000 13.416000
v 4.357000 3.580000 13.916000
v 6.693000 3.580000 13.916000
v 6.474000 7.580000 1.416000
v 8.911000 7.580000 1.416000
v 6.160000 7.580000 1.916000
v 9.318000 7.580000 1.916000
v 6.067000 7.580000 2.416000
v 9.649000 7.580000 2.416000
v 6.008000 7.580000 2.916000
v 9.980000 7.580000 2.916000
v 6.079000 7.580000 3.416000
v 10.408000 7.580000 3.416000
v 6.112000 7.580000 3.916000
v 10.738000 7.580000 3.916000
v 6.042000 7.580000 4.416000
v 10.799000 7.580000 4.416000
v 5.873000 7.580000 4.916000
v 10.709000 7.580000 4.916000
v 5.521000 7.580000 5.416000
v 10.382000 7.580000 5.416000
v 4.999000 7.580000 5.916000
v 10.046000 7.580000 5.916000
v 4.549000 7.580000 6.416000
v 9.799000 7.580000 6.416000
v 4.096000 7.580000 6.916000
v 9.767000 7.580000 6.916000
v 3.241000 7.580000 7.416000
v 9.954000 7.580000 7.416000
v 2.587000 7.580000 7.916000
v 10.233000 7.580000 7.916000
v 2.474000 7.580000 8.416000
v 10.524000 7.580000 8.416000
v 2.624000 7.580000 8.916000
v 11.026000 7.580000 8.916000
v 2.846000 7.580000 9.416000
v 11.708000 7.580000 9.416000
v 2.992000 7.580000 9.916000
v 12.021000 7.580000 9.916000
v 3.016000 7.580000 10.416000
v 12.022000 7.580000 10.416000
v 2.949000 7.580000 10.916000
v 11.846000 7.580000 10.916000
v 2.748000 7.580000 11.416000
v 11.473000 7.580000 11.416000
v 2.638000 7.580000 11.916000
v 11.251000 7.580000 11.916000
v 2.725000 7.580000 12.416000
v 11.150000 7.580000 12.416000
v 3.057000 7.580000 12.916000
v 11.154000 7.580000 12.916000
v 3.393000 7.580000 13.416000
v 11.211000 7.580000 13.416000
v 3.537000 7.580000 13.916000
v 11.097000 7.580000 13.916000
v 3.643000 7.580000 14.416000
v 10.768000 7.580000 14.416000
v 3.971000 7.580000 14.916000
v 6.851000 7.580000 14.916000
v 9.387000 7.580000 14.916000
v 10.161000 7.580000 14.916000
v 4.586000 7.580000 15.416000
v 6.197000 7.580000 15.416000
v 10.772000 11.580000 3.416000
v 11.048000 11.580000 3.416000
v 10.039000 11.580000 3.916000
v 11.782000 11.580000 3.916000
v 9.670000 11.580000 4.416000
v 11.911000 11.580000 4.416000
v 8.617000 11.580000 4.916000
v 11.771000 11.580000 4.916000
v 8.031000 11.580000 5.416000
v 11.409000 11.580000 5.416000
v 7.917000 11.580000 5.916000
v 11.250000 11.580000 5.916000
v 7.955000 11.580000 6.416000
v 11.202000 11.580000 6.416000
v 7.914000 11.580000 6.916000
v 11.100000 11.580000 6.916000
v 8.055000 11.580000 7.416000
v 10.838000 11.580000 7.416000
v 8.367000 11.580000 7.916000
v 10.569000 11.580000 7.916000
v 8.428000 11.580000 8.416000
v 10.571000 11.580000 8.416000
v 8.573000 11.580000 8.916000
v 10.835000 11.580000 8.916000
v 8.883000 11.580000 9.416000
v 11.250000 11.580000 9.416000
v 9.042000 11.580000 9.916000
v 11.401000 11.580000 9.916000
v 9.351000 11.580000 10.416000
v 11.495000 11.580000 10.416000
v 9.425000 11.580000 10.916000
v 11.842000 11.580000 10.916000
v 9.482000 11.580000 11.416000
v 12.128000 11.580000 11.416000
v 9.514000 11.580000 11.916000
v 12.237000 11.580000 11.916000
v 9.515000 11.580000 12.416000
v 12.271000 11.580000 12.416000
v 9.412000 11.580000 12.916000
v 12.220000 11.580000 12.916000
v 9.076000 11.580000 13.416000
v 12.233000 11.580000 13.416000
v 8.894000 11.580000 13.916000
v 12.306000 11.580000 13.916000
v 8.491000 11.580000 14.416000
v 12.203000 11.580000 14.416000
v 8.115000 11.580000 14.916000
v 11.834000 11.580000 14.916000
v 8.081000 11.580000 15.416000
v 11.287000 11.580000 15.416000
v 8.209000 11.580000 15.916000
v 10.816000 11.580000 15.916000
v 8.554000 11.580000 16.416000
v 10.394000 11.580000 16.416000
v 2.439000 -0.420000 9.093000
v 2.439000 -0.420000 12.202000
v 2.939000 -0.420000 8.727000
v 2.939000 -0.420000 13.772000
v 3.439000 -0.420000 8.630000
v 3.439000 -0.420000 14.147000
v 3.939000 -0.420000 8.734000
v 3.939000 -0.420000 14.253000
v 4.439000 -0.420000 9.049000
v 4.439000 -0.420000 14.162000
v 4.939000 -0.420000 9.426000
v 4.939000 -0.420000 13.839000
v 5.439000 -0.420000 9.983000
v 5.439000 -0.420000 12.805000
v 3.939000 3.580000 10.504000
v 3.939000 3.580000 13.498000
v 4.439000 3.580000 10.028000
v 4.439000 3.580000 13.996000
v 4.939000 3.580000 9.743000
v 4.939000 3.580000 14.291000
v 5.439000 3.580000 9.636000
v 5.439000 3.580000 14.362000
v 5.939000 3.580000 9.582000
v 5.939000 3.580000 14.269000
v 6.439000 3.580000 9.485000
v 6.439000 3.580000 14.007000
v 6.939000 3.580000 9.551000
v 6.939000 3.580000 13.870000
v 7.439000 3.580000 9.698000
v 7.439000 3.580000 13.860000
v 7.939000 3.580000 4.043000
v 7.939000 3.580000 6.307000
v 7.939000 3.580000 9.873000
v 7.939000 3.580000 13.832000
v 8.439000 3.580000 3.851000
v 8.439000 3.580000 6.696000
v 8.439000 3.580000 9.883000
v 8.439000 3.580000 13.809000
v 8.939000 3.580000 3.529000
v 8.939000 3.580000 6.894000
v 8.939000 3.580000 9.717000
v 8.939000 3.580000 13.830000
v 9.439000 3.580000 3.076000
v 9.439000 3.580000 7.153000
v 9.439000 3.580000 9.576000
v 9.439000 3.580000 13.851000
v 9.939000 3.580000 2.960000
v 9.939000 3.580000 7.304000
v 9.939000 3.580000 9.500000
v 9.939000 3.580000 13.768000
v 10.439000 3.580000 3.127000
v 10.439000 3.580000 7.208000
v 10.439000 3.580000 9.424000
v 10.439000 3.580000 13.704000
v 10.939000 3.580000 3.567000
v 10.939000 3.580000 6.796000
v 10.939000 3.580000 9.348000
v 10.939000 3.580000 13.749000
v 11.439000 3.580000 9.087000
v 11.439000 3.580000 13.663000
v 11.939000 3.580000 8.956000
v 11.939000 3.580000 13.320000
v 12.439000 3.580000 9.093000
v 12.439000 3.580000 12.275000
v 12.939000 3.580000 9.529000
v 12.939000 3.580000 11.747000
v 13.439000 3.580000 10.278000
v 13.439000 3.580000 10.602000
v 2.939000 7.580000 7.546000
v 2.939000 7.580000 9.657000
v 2.939000 7.580000 10.953000
v 2.939000 7.580000 12.785000
v 3.439000 7.580000 7.347000
v 3.439000 7.580000 13.539000
v 3.939000 7.580000 7.025000
v 3.939000 7.580000 14.884000
v 4.439000 7.580000 6.579000
v 4.439000 7.580000 15.294000
v 4.939000 7.580000 5.984000
v 4.939000 7.580000 15.611000
v 5.439000 7.580000 5.490000
v 5.439000 7.580000 15.690000
v 5.939000 7.580000 4.721000
v 5.939000 7.580000 15.572000
v 6.439000 7.580000 1.453000
v 6.439000 7.580000 15.205000
v 6.939000 7.580000 1.102000
v 6.939000 7.580000 14.848000
v 7.439000 7.580000 0.995000
v 7.439000 7.580000 14.597000
v 7.939000 7.580000 1.011000
v 7.939000 7.580000 14.551000
v 8.439000 7.580000 1.108000
v 8.439000 7.580000 14.672000
v 8.939000 7.580000 1.445000
v 8.939000 7.580000 14.824000
v 9.439000 7.580000 2.057000
v 9.439000 7.580000 14.930000
v 9.939000 7.580000 2.872000
v 9.939000 7.580000 6.094000
v 9.939000 7.580000 7.386000
v 9.939000 7.580000 15.016000
v 10.439000 7.580000 3.463000
v 10.439000 7.580000 5.344000
v 10.439000 7.580000 8.303000
v 10.439000 7.580000 14.731000
v 10.939000 7.580000 8.846000
v 10.939000 7.580000 14.192000
v 11.439000 7.580000 9.260000
v 11.439000 7.580000 11.467000
v 11.939000 7.580000 9.642000
v 11.939000 7.580000 10.705000
v 7.939000 11.580000 5.673000
v 7.939000 11.580000 6.100000
v 7.939000 11.580000 6.671000
v 7.939000 11.580000 7.124000
v 8.439000 11.580000 4.994000
v 8.439000 11.580000 8.550000
v 8.439000 11.580000 14.458000
v 8.439000 11.580000 16.298000
v 8.939000 11.580000 4.852000
v 8.939000 11.580000 9.627000
v 8.939000 11.580000 13.800000
v 8.939000 11.580000 16.657000
v 9.439000 11.580000 4.633000
v 9.439000 11.580000 11.098000
v 9.439000 11.580000 12.846000
v 9.439000 11.580000 16.755000
v 9.939000 11.580000 4.094000
v 9.939000 11.580000 16.657000
v 10.439000 11.580000 3.524000
v 10.439000 11.580000 16.380000
v 10.939000 11.580000 3.406000
v 10.939000 11.580000 7.247000
v 10.939000 11.580000 9.068000
v 10.939000 11.580000 15.779000
v 11.439000 11.580000 3.557000
v 11.439000 11.580000 5.360000
v 11.439000 11.580000 10.260000
v 11.439000 11.580000 15.254000
v 11.939000 11.580000 11.068000
v 11.939000 11.580000 14.817000
v 6.439000 6.688000 3.416000
v 6.439000 8.961000 3.416000
v 6.939000 6.057000 3.416000
v 6.939000 9.414000 3.416000
v 7.439000 5.663000 3.416000
v 7.439000 9.577000 3.416000
v 7.939000 5.194000 3.416000
v 7.939000 9.684000 3.416000
v 8.439000 4.244000 3.416000
v 8.439000 9.997000 3.416000
v 8.939000 3.688000 3.416000
v 8.939000 10.153000 3.416000
v 9.439000 3.235000 3.416000
v 9.439000 10.456000 3.416000
v 9.939000 3.104000 3.416000
v 9.939000 10.969000 3.416000
v 10.439000 3.238000 3.416000
v 10.439000 6.544000 3.416000
v 10.439000 7.634000 3.416000
v 10.439000 11.470000 3.416000
v 10.939000 3.795000 3.416000
v 10.939000 5.977000 3.416000
v 10.939000 8.053000 3.416000
v 10.939000 11.589000 3.416000
v 11.439000 8.297000 3.416000
v 11.439000 11.437000 3.416000
v 11.939000 8.673000 3.416000
v 11.939000 10.961000 3.416000
v 2.439000 8.349000 7.416000
v 2.439000 8.849000 7.416000
v 2.939000 7.701000 7.416000
v 2.939000 9.497000 7.416000
v 3.439000 7.486000 7.416000
v 3.439000 9.646000 7.416000
v 3.939000 6.774000 7.416000
v 3.939000 9.808000 7.416000
v 4.439000 5.724000 7.416000
v 4.439000 9.912000 7.416000
v 4.939000 5.393000 7.416000
v 4.939000 9.945000 7.416000
v 5.439000 5.112000 7.416000
v 5.439000 10.136000 7.416000
v 5.939000 4.866000 7.416000
v 5.939000 10.422000 7.416000
v 6.439000 4.776000 7.416000
v 6.439000 10.519000 7.416000
v 6.939000 4.719000 7.416000
v 6.939000 10.637000 7.416000
v 7.439000 4.586000 7.416000
v 7.439000 10.953000 7.416000
v 7.939000 4.545000 7.416000
v 7.939000 11.462000 7.416000
v 8.439000 4.537000 7.416000
v 8.439000 11.874000 7.416000
v 8.939000 4.298000 7.416000
v 8.939000 12.235000 7.416000
v 9.439000 3.839000 7.416000
v 9.439000 12.336000 7.416000
v 9.939000 3.679000 7.416000
v 9.939000 7.051000 7.416000
v 9.939000 7.492000 7.416000
v 9.939000 12.236000 7.416000
v 10.439000 3.747000 7.416000
v 10.439000 6.170000 7.416000
v 10.439000 8.629000 7.416000
v 10.439000 11.935000 7.416000
v 10.939000 3.993000 7.416000
v 10.939000 5.861000 7.416000
v 10.939000 9.357000 7.416000
v 10.939000 11.474000 7.416000
v 1.939000 0.283000 11.416000
v 1.939000 0.854000 11.416000
v 2.439000 -0.489000 11.416000
v 2.439000 1.600000 11.416000
v 2.939000 -0.959000 11.416000
v 2.939000 1.869000 11.416000
v 2.939000 7.156000 11.416000
v 2.939000 9.395000 11.416000
v 3.439000 -1.406000 11.416000
v 3.439000 2.230000 11.416000
v 3.439000 6.128000 11.416000
v 3.439000 9.758000 11.416000
v 3.939000 -1.690000 11.416000
v 3.939000 9.903000 11.416000
v 4.439000 -1.782000 11.416000
v 4.439000 9.974000 11.416000
v 4.939000 -1.691000 11.416000
v 4.939000 9.966000 11.416000
v 5.439000 -1.363000 11.416000
v 5.439000 10.008000 11.416000
v 5.939000 -0.129000 11.416000
v 5.939000 10.016000 11.416000
v 6.439000 0.503000 11.416000
v 6.439000 10.117000 11.416000
v 6.939000 0.742000 11.416000
v 6.939000 10.353000 11.416000
v 7.439000 1.031000 11.416000
v 7.439000 10.462000 11.416000
v 7.939000 1.233000 11.416000
v 7.939000 10.624000 11.416000
v 8.439000 1.361000 11.416000
v 8.439000 10.902000 11.416000
v 8.939000 1.583000 11.416000
v 8.939000 11.100000 11.416000
v 9.439000 1.686000 11.416000
v 9.439000 11.533000 11.416000
v 9.939000 1.668000 11.416000
v 9.939000 11.950000 11.416000
v 10.439000 1.773000 11.416000
v 10.439000 12.261000 11.416000
v 10.939000 2.057000 11.416000
v 10.939000 12.360000 11.416000
v 11.439000 2.228000 11.416000
v 11.439000 6.883000 11.416000
v 11.439000 7.464000 11.416000
v 11.439000 12.259000 11.416000
v 11.939000 2.538000 11.416000
v 11.939000 6.160000 11.416000
v 11.939000 8.252000 11.416000
v 11.939000 11.888000 11.416000
v 12.439000 2.891000 11.416000
v 12.439000 5.866000 11.416000
v 12.939000 3.252000 11.416000
v 12.939000 5.473000 11.416000
v 13.439000 4.301000 11.416000
v 13.439000 4.864000 11.416000
v 3.939000 8.714000 15.416000
v 3.939000 10.373000 15.416000
v 4.439000 7.976000 15.416000
v 4.439000 10.738000 15.416000
v 4.939000 7.201000 15.416000
v 4.939000 10.837000 15.416000
v 5.439000 7.117000 15.416000
v 5.439000 10.895000 15.416000
v 5.939000 7.297000 15.416000
v 5.939000 10.831000 15.416000
v 6.439000 8.146000 15.416000
v 6.439000 10.749000 15.416000
v 6.939000 8.673000 15.416000
v 6.939000 10.749000 15.416000
v 7.439000 8.873000 15.416000
v 7.439000 10.964000 15.416000
v 7.939000 8.840000 15.416000
v 7.939000 11.398000 15.416000
v 8.439000 8.600000 15.416000
v 8.439000 12.091000 15.416000
v 8.939000 8.150000 15.416000
v 8.939000 12.418000 15.416000
v 9.439000 7.849000 15.416000
v 9.439000 12.510000 15.416000
v 9.939000 7.755000 15.416000
v 9.939000 12.417000 15.416000
v 10.439000 7.861000 15.416000
v 10.439000 12.138000 15.416000
v 10.939000 8.190000 15.416000
v 10.939000 11.786000 15.416000
v 11.439000 8.584000 15.416000
v 11.439000 11.432000 15.416000
v 2.460000 0.080000 8.916000
v 4.401000 0.080000 8.916000
v 2.098000 0.080000 9.416000
v 4.921000 0.080000 9.416000
v 1.785000 0.080000 9.916000
v 5.481000 0.080000 9.916000
v 1.679000 0.080000 10.416000
v 5.818000 0.080000 10.416000
v 1.773000 0.080000 10.916000
v 5.986000 0.080000 10.916000
v 2.005000 0.080000 11.416000
v 6.034000 0.080000 11.416000
v 2.079000 0.080000 11.916000
v 5.987000 0.080000 11.916000
v 2.188000 0.080000 12.416000
v 5.975000 0.080000 12.416000
v 2.463000 0.080000 12.916000
v 5.926000 0.080000 12.916000
v 2.641000 0.080000 13.416000
v 5.797000 0.080000 13.416000
v 2.956000 0.080000 13.916000
v 5.385000 0.080000 13.916000
v 9.043000 4.080000 2.916000
v 10.738000 4.080000 2.916000
v 8.544000 4.080000 3.416000
v 11.089000 4.080000 3.416000
v 7.601000 4.080000 3.916000
v 11.354000 4.080000 3.916000
v 7.256000 4.080000 4.416000
v 11.464000 4.080000 4.416000
v 7.166000 4.080000 4.916000
v 11.433000 4.080000 4.916000
v 7.254000 4.080000 5.416000
v 11.371000 4.080000 5.416000
v 7.370000 4.080000 5.916000
v 11.360000 4.080000 5.916000
v 7.485000 4.080000 6.416000
v 11.293000 4.080000 6.416000
v 8.033000 4.080000 6.916000
v 11.175000 4.080000 6.916000
v 9.185000 4.080000 7.416000
v 11.042000 4.080000 7.416000
v 9.869000 4.080000 7.916000
v 10.996000 4.080000 7.916000
v 10.611000 4.080000 8.416000
v 11.752000 4.080000 8.416000
v 9.918000 4.080000 8.916000
v 12.797000 4.080000 8.916000
v 6.420000 4.080000 9.416000
v 6.812000 4.080000 9.416000
v 9.116000 4.080000 9.416000
v 13.336000 4.080000 9.416000
v 4.115000 4.080000 9.916000
v 13.672000 4.080000 9.916000
v 3.749000 4.080000 10.416000
v 13.782000 4.080000 10.416000
v 3.611000 4.080000 10.916000
v 13.692000 4.080000 10.916000
v 3.527000 4.080000 11.416000
v 13.353000 4.080000 11.416000
v 3.515000 4.080000 11.916000
v 12.921000 4.080000 11.916000
v 3.548000 4.080000 12.416000
v 12.484000 4.080000 12.416000
v 3.652000 4.080000 12.916000
v 12.289000 4.080000 12.916000
v 3.952000 4.080000 13.416000
v 11.979000 4.080000 13.416000
v 4.474000 4.080000 13.916000
v 6.996000 4.080000 13.916000
v 8.325000 4.080000 13.916000
v 9.818000 4.080000 13.916000
v 6.611000 8.080000 1.416000
v 8.761000 8.080000 1.416000
v 6.260000 8.080000 1.916000
v 9.416000 8.080000 1.916000
v 6.156000 8.080000 2.416000
v 9.886000 8.080000 2.416000
v 6.089000 8.080000 2.916000
v 10.400000 8.080000 2.916000
v 6.060000 8.080000 3.416000
v 10.996000 8.080000 3.416000
v 5.928000 8.080000 3.916000
v 11.073000 8.080000 3.916000
v 5.690000 8.080000 4.416000
v 10.981000 8.080000 4.416000
v 5.495000 8.080000 4.916000
v 10.852000 8.080000 4.916000
v 5.046000 8.080000 5.416000
v 10.505000 8.080000 5.416000
v 4.554000 8.080000 5.916000
v 10.179000 8.080000 5.916000
v 4.167000 8.080000 6.416000
v 10.021000 8.080000 6.416000
v 3.550000 8.080000 6.916000
v 9.988000 8.080000 6.916000
v 2.549000 8.080000 7.416000
v 10.091000 8.080000 7.416000
v 2.215000 8.080000 7.916000
v 10.274000 8.080000 7.916000
v 2.134000 8.080000 8.416000
v 10.520000 8.080000 8.416000
v 2.253000 8.080000 8.916000
v 10.942000 8.080000 8.916000
v 2.620000 8.080000 9.416000
v 11.663000 8.080000 9.416000
v 2.914000 8.080000 9.916000
v 12.029000 8.080000 9.916000
v 3.000000 8.080000 10.416000
v 12.079000 8.080000 10.416000
v 2.904000 8.080000 10.916000
v 12.021000 8.080000 10.916000
v 2.666000 8.080000 11.416000
v 11.796000 8.080000 11.416000
v 2.564000 8.080000 11.916000
v 11.523000 8.080000 11.916000
v 2.645000 8.080000 12.416000
v 11.402000 8.080000 12.416000
v 2.933000 8.080000 12.916000
v 11.328000 8.080000 12.916000
v 3.202000 8.080000 13.416000
v 11.300000 8.080000 13.416000
v 3.429000 8.080000 13.916000
v 11.254000 8.080000 13.916000
v 3.575000 8.080000 14.416000
v 11.133000 8.080000 14.416000
v 3.865000 8.080000 14.916000
v 7.124000 8.080000 14.916000
v 8.372000 8.080000 14.916000
v 10.948000 8.080000 14.916000
v 4.397000 8.080000 15.416000
v 6.402000 8.080000 15.416000
v 9.037000 8.080000 15.416000
v 10.791000 8.080000 15.416000
v 9.651000 8.080000 15.916000
v 10.235000 8.080000 15.916000
v 9.103000 12.080000 5.416000
v 10.782000 12.080000 5.416000
v 8.532000 12.080000 5.916000
v 10.880000 12.080000 5.916000
v 8.403000 12.080000 6.416000
v 10.881000 12.080000 6.416000
v 8.504000 12.080000 6.916000
v 10.742000 12.080000 6.916000
v 8.666000 12.080000 7.416000
v 10.224000 12.080000 7.416000
v 9.365000 12.080000 7.916000
v 9.483000 12.080000 7.916000
v 10.119000 12.080000 11.416000
v 11.743000 12.080000 11.416000
v 9.977000 12.080000 11.916000
v 11.897000 12.080000 11.916000
v 9.929000 12.080000 12.416000
v 11.969000 12.080000 12.416000
v 9.884000 12.080000 12.916000
v 11.888000 12.080000 12.916000
v 9.602000 12.080000 13.416000
v 11.894000 12.080000 13.416000
v 9.437000 12.080000 13.916000
v 11.995000 12.080000 13.916000
v 9.128000 12.080000 14.416000
v 11.857000 12.080000 14.416000
v 8.573000 12.080000 14.916000
v 11.130000 12.080000 14.916000
v 8.428000 12.080000 15.416000
v 10.522000 12.080000 15.416000
v 8.549000 12.080000 15.916000
v 10.326000 12.080000 15.916000
v 9.192000 12.080000 16.416000
v 9.682000 12.080000 16.416000
v 1.939000 0.080000 9.647000
v 1.939000 0.080000 11.245000
v 2.439000 0.080000 8.937000
v 2.439000 0.080000 12.865000
v 2.939000 0.080000 8.614000
v 2.939000 0.080000 13.898000
v 3.439000 0.080000 8.525000
v 3.439000 0.080000 14.239000
v 3.939000 0.080000 8.620000
v 3.939000 0.080000 14.340000
v 4.439000 0.080000 8.953000
v 4.439000 0.080000 14.285000
v 4.939000 0.080000 9.435000
v 4.939000 0.080000 14.164000
v 5.439000 0.080000 9.874000
v 5.439000 0.080000 13.869000
v 5.939000 0.080000 10.732000
v 5.939000 0.080000 12.668000
v 3.939000 4.080000 10.095000
v 3.939000 4.080000 13.402000
v 4.439000 4.080000 9.717000
v 4.439000 4.080000 13.879000
v 4.939000 4.080000 9.586000
v 4.939000 4.080000 14.234000
v 5.439000 4.080000 9.498000
v 5.439000 4.080000 14.342000
v 5.939000 4.080000 9.476000
v 5.939000 4.080000 14.287000
v 6.439000 4.080000 9.414000
v 6.439000 4.080000 14.151000
v 6.939000 4.080000 9.423000
v 6.939000 4.080000 13.933000
v 7.439000 4.080000 4.091000
v 7.439000 4.080000 6.308000
v 7.439000 4.080000 9.510000
v 7.439000 4.080000 13.853000
v 7.939000 4.080000 3.694000
v 7.939000 4.080000 6.872000
v 7.939000 4.080000 9.706000
v 7.939000 4.080000 13.851000
v 8.439000 4.080000 3.483000
v 8.439000 4.080000 7.105000
v 8.439000 4.080000 9.717000
v 8.439000 4.080000 13.932000
v 8.939000 4.080000 3.018000
v 8.939000 4.080000 7.274000
v 8.939000 4.080000 9.528000
v 8.939000 4.080000 13.977000
v 9.439000 4.080000 2.679000
v 9.439000 4.080000 7.625000
v 9.439000 4.080000 9.249000
v 9.439000 4.080000 13.956000
v 9.939000 4.080000 2.598000
v 9.939000 4.080000 7.958000
v 9.939000 4.080000 8.892000
v 9.939000 4.080000 13.902000
v 10.439000 4.080000 2.720000
v 10.439000 4.080000 8.040000
v 10.439000 4.080000 8.604000
v 10.439000 4.080000 13.850000
v 10.939000 4.080000 3.138000
v 10.939000 4.080000 13.846000
v 11.439000 4.080000 4.184000
v 11.439000 4.080000 4.886000
v 11.439000 4.080000 8.297000
v 11.439000 4.080000 13.763000
v 11.939000 4.080000 8.444000
v 11.939000 4.080000 13.455000
v 12.439000 4.080000 8.612000
v 12.439000 4.080000 12.500000
v 12.939000 4.080000 9.031000
v 12.939000 4.080000 11.898000
v 13.439000 4.080000 9.543000
v 13.439000 4.080000 11.322000
v 2.439000 8.080000 7.531000
v 2.439000 8.080000 9.207000
v 2.939000 8.080000 7.166000
v 2.939000 8.080000 9.992000
v 2.939000 8.080000 10.815000
v 2.939000 8.080000 12.924000
v 3.439000 8.080000 6.981000
v 3.439000 8.080000 13.950000
v 3.939000 8.080000 6.644000
v 3.939000 8.080000 15.002000
v 4.439000 8.080000 6.032000
v 4.439000 8.080000 15.454000
v 4.939000 8.080000 5.520000
v 4.939000 8.080000 15.770000
v 5.439000 8.080000 5.007000
v 5.439000 8.080000 15.876000
v 5.939000 8.080000 3.886000
v 5.939000 8.080000 15.767000
v 6.439000 8.080000 1.600000
v 6.439000 8.080000 15.381000
v 6.939000 8.080000 1.204000
v 6.939000 8.080000 15.024000
v 7.439000 8.080000 1.090000
v 7.439000 8.080000 14.793000
v 7.939000 8.080000 1.112000
v 7.939000 8.080000 14.772000
v 8.439000 8.080000 1.218000
v 8.439000 8.080000 14.956000
v 8.939000 8.080000 1.551000
v 8.939000 8.080000 15.333000
v 9.439000 8.080000 1.939000
v 9.439000 8.080000 15.795000
v 9.939000 8.080000 2.477000
v 9.939000 8.080000 15.973000
v 10.439000 8.080000 2.937000
v 10.439000 8.080000 5.497000
v 10.439000 8.080000 8.271000
v 10.439000 8.080000 15.836000
v 10.939000 8.080000 3.348000
v 10.939000 8.080000 4.637000
v 10.939000 8.080000 8.913000
v 10.939000 8.080000 14.950000
v 11.439000 8.080000 9.297000
v 11.439000 8.080000 12.289000
v 11.939000 8.080000 9.704000
v 11.939000 8.080000 11.176000
v 8.439000 12.080000 6.140000
v 8.439000 12.080000 6.667000
v 8.439000 12.080000 15.289000
v 8.439000 12.080000 15.584000
v 8.939000 12.080000 5.523000
v 8.939000 12.080000 7.698000
v 8.939000 12.080000 14.558000
v 8.939000 12.080000 16.314000
v 9.439000 12.080000 5.110000
v 9.439000 12.080000 7.919000
v 9.439000 12.080000 13.910000
v 9.439000 12.080000 16.446000
v 9.939000 12.080000 4.947000
v 9.939000 12.080000 7.703000
v 9.939000 12.080000 12.290000
v 9.939000 12.080000 16.312000
v 10.439000 12.080000 4.965000
v 10.439000 12.080000 7.235000
v 10.439000 12.080000 11.036000
v 10.439000 12.080000 15.616000
v 10.939000 12.080000 10.931000
v 10.939000 12.080000 14.996000
v 11.439000 12.080000 11.119000
v 11.439000 12.080000 14.806000
v 11.939000 12.080000 12.186000
v 11.939000 12.080000 12.674000
v 11.939000 12.080000 13.572000
v 11.939000 12.080000 14.238000
v 5.939000 8.031000 3.916000
v 5.939000 8.837000 3.916000
v 6.439000 6.928000 3.916000
v 6.439000 9.486000 3.916000
v 6.939000 5.534000 3.916000
v 6.939000 9.791000 3.916000
v 7.439000 4.602000 3.916000
v 7.439000 9.933000 3.916000
v 7.939000 3.709000 3.916000
v 7.939000 10.093000 3.916000
v 8.439000 3.515000 3.916000
v 8.439000 10.351000 3.916000
v 8.939000 3.198000 3.916000
v 8.939000 10.599000 3.916000
v 9.439000 2.894000 3.916000
v 9.439000 11.002000 3.916000
v 9.939000 2.797000 3.916000
v 9.939000 11.482000 3.916000
v 10.439000 2.896000 3.916000
v 10.439000 11.824000 3.916000
v 10.939000 3.259000 3.916000
v 10.939000 6.420000 3.916000
v 10.939000 7.925000 3.916000
v 10.939000 11.911000 3.916000
v 11.439000 4.208000 3.916000
v 11.439000 5.891000 3.916000
v 11.439000 8.387000 3.916000
v 11.439000 11.800000 3.916000
v 11.939000 8.813000 3.916000
v 11.939000 11.414000 3.916000
v 2.439000 7.724000 7.916000
v 2.439000 9.474000 7.916000
v 2.939000 7.353000 7.916000
v 2.939000 9.828000 7.916000
v 3.439000 6.880000 7.916000
v 3.439000 9.924000 7.916000
v 3.939000 5.698000 7.916000
v 3.939000 9.944000 7.916000
v 4.439000 5.343000 7.916000
v 4.439000 9.988000 7.916000
v 4.939000 5.231000 7.916000
v 4.939000 9.999000 7.916000
v 5.439000 5.165000 7.916000
v 5.439000 10.167000 7.916000
v 5.939000 5.074000 7.916000
v 5.939000 10.435000 7.916000
v 6.439000 4.967000 7.916000
v 6.439000 10.514000 7.916000
v 6.939000 4.804000 7.916000
v 6.939000 10.617000 7.916000
v 7.439000 4.732000 7.916000
v 7.439000 10.868000 7.916000
v 7.939000 4.838000 7.916000
v 7.939000 11.168000 7.916000
v 8.439000 4.901000 7.916000
v 8.439000 11.634000 7.916000
v 8.939000 4.774000 7.916000
v 8.939000 11.982000 7.916000
v 9.439000 4.313000 7.916000
v 9.439000 12.081000 7.916000
v 9.939000 4.057000 7.916000
v 9.939000 11.981000 7.916000
v 10.439000 4.034000 7.916000
v 10.439000 6.884000 7.916000
v 10.439000 8.485000 7.916000
v 10.439000 11.674000 7.916000
v 10.939000 4.063000 7.916000
v 10.939000 6.439000 7.916000
v 10.939000 9.191000 7.916000
v 10.939000 11.222000 7.916000
v 11.439000 4.314000 7.916000
v 11.439000 5.914000 7.916000
v 11.939000 4.789000 7.916000
v 11.939000 5.206000 7.916000
v 2.439000 -0.469000 11.916000
v 2.439000 1.574000 11.916000
v 2.939000 -0.895000 11.916000
v 2.939000 1.910000 11.916000
v 2.939000 7.078000 11.916000
v 2.939000 9.524000 11.916000
v 3.439000 -1.259000 11.916000
v 3.439000 2.384000 11.916000
v 3.439000 6.519000 11.916000
v 3.439000 9.852000 11.916000
v 3.939000 -1.573000 11.916000
v 3.939000 9.946000 11.916000
v 4.439000 -1.674000 11.916000
v 4.439000 9.962000 11.916000
v 4.939000 -1.574000 11.916000
v 4.939000 9.966000 11.916000
v 5.439000 -1.202000 11.916000
v 5.439000 9.996000 11.916000
v 5.939000 0.001000 11.916000
v 5.939000 9.995000 11.916000
v 6.439000 0.531000 11.916000
v 6.439000 10.109000 11.916000
v 6.939000 0.750000 11.916000
v 6.939000 10.371000 11.916000
v 7.439000 1.009000 11.916000
v 7.439000 10.485000 11.916000
v 7.939000 1.155000 11.916000
v 7.939000 10.617000 11.916000
v 8.439000 1.253000 11.916000
v 8.439000 10.869000 11.916000
v 8.939000 1.517000 11.916000
v 8.939000 11.094000 11.916000
v 9.439000 1.653000 11.916000
v 9.439000 11.502000 11.916000
v 9.939000 1.646000 11.916000
v 9.939000 12.043000 11.916000
v 10.439000 1.742000 11.916000
v 10.439000 12.370000 11.916000
v 10.939000 2.044000 11.916000
v 10.939000 12.462000 11.916000
v 11.439000 2.256000 11.916000
v 11.439000 6.374000 11.916000
v 11.439000 7.966000 11.916000
v 11.439000 12.369000 11.916000
v 11.939000 2.584000 11.916000
v 11.939000 5.731000 11.916000
v 11.939000 8.686000 11.916000
v 11.939000 12.038000 11.916000
v 12.439000 3.146000 11.916000
v 12.439000 5.280000 11.916000
v 4.439000 8.754000 15.916000
v 4.439000 10.336000 15.916000
v 4.939000 8.338000 15.916000
v 4.939000 10.479000 15.916000
v 5.439000 8.149000 15.916000
v 5.439000 10.559000 15.916000
v 5.939000 8.298000 15.916000
v 5.939000 10.470000 15.916000
v 6.439000 8.772000 15.916000
v 6.439000 10.329000 15.916000
v 6.939000 9.204000 15.916000
v 6.939000 10.216000 15.916000
v 7.439000 9.320000 15.916000
v 7.439000 10.451000 15.916000
v 7.939000 9.154000 15.916000
v 7.939000 11.003000 15.916000
v 8.439000 8.907000 15.916000
v 8.439000 11.966000 15.916000
v 8.939000 8.491000 15.916000
v 8.939000 12.327000 15.916000
v 9.439000 8.150000 15.916000
v 9.439000 12.425000 15.916000
v 9.939000 8.049000 15.916000
v 9.939000 12.326000 15.916000
v 10.439000 8.114000 15.916000
v 10.439000 11.963000 15.916000
v 10.939000 8.287000 15.916000
v 10.939000 11.491000 15.916000
v 11.439000 8.632000 15.916000
v 11.439000 11.088000 15.916000
v 2.579000 0.580000 8.916000
v 4.283000 0.580000 8.916000
v 2.022000 0.580000 9.416000
v 4.804000 0.580000 9.416000
v 1.685000 0.580000 9.916000
v 5.407000 0.580000 9.916000
v 1.587000 0.580000 10.416000
v 6.015000 0.580000 10.416000
v 1.674000 0.580000 10.916000
v 6.417000 0.580000 10.916000
v 1.906000 0.580000 11.416000
v 6.569000 0.580000 11.416000
v 1.997000 0.580000 11.916000
v 6.521000 0.580000 11.916000
v 2.099000 0.580000 12.416000
v 6.545000 0.580000 12.416000
v 2.425000 0.580000 12.916000
v 6.430000 0.580000 12.916000
v 2.675000 0.580000 13.416000
v 6.359000 0.580000 13.416000
v 2.926000 0.580000 13.916000
v 6.243000 0.580000 13.916000
v 3.652000 0.580000 14.416000
v 5.443000 0.580000 14.416000
v 8.880000 4.580000 2.916000
v 10.900000 4.580000 2.916000
v 8.185000 4.580000 3.416000
v 11.308000 4.580000 3.416000
v 7.447000 4.580000 3.916000
v 11.657000 4.580000 3.916000
v 7.070000 4.580000 4.416000
v 11.754000 4.580000 4.416000
v 6.961000 4.580000 4.916000
v 11.653000 4.580000 4.916000
v 6.927000 4.580000 5.416000
v 11.440000 4.580000 5.416000
v 6.885000 4.580000 5.916000
v 11.347000 4.580000 5.916000
v 6.823000 4.580000 6.416000
v 11.373000 4.580000 6.416000
v 6.935000 4.580000 6.916000
v 11.354000 4.580000 6.916000
v 7.469000 4.580000 7.416000
v 11.414000 4.580000 7.416000
v 9.184000 4.580000 7.916000
v 11.802000 4.580000 7.916000
v 9.255000 4.580000 8.416000
v 12.750000 4.580000 8.416000
v 9.068000 4.580000 8.916000
v 13.324000 4.580000 8.916000
v 4.624000 4.580000 9.416000
v 13.671000 4.580000 9.416000
v 3.953000 4.580000 9.916000
v 13.797000 4.580000 9.916000
v 3.634000 4.580000 10.416000
v 13.875000 4.580000 10.416000
v 3.545000 4.580000 10.916000
v 13.792000 4.580000 10.916000
v 3.521000 4.580000 11.416000
v 13.479000 4.580000 11.416000
v 3.543000 4.580000 11.916000
v 12.817000 4.580000 11.916000
v 3.515000 4.580000 12.416000
v 12.451000 4.580000 12.416000
v 3.595000 4.580000 12.916000
v 12.283000 4.580000 12.916000
v 3.904000 4.580000 13.416000
v 11.974000 4.580000 13.416000
v 4.452000 4.580000 13.916000
v 7.138000 4.580000 13.916000
v 7.837000 4.580000 13.916000
v 10.817000 4.580000 13.916000
v 6.626000 8.580000 1.916000
v 9.287000 8.580000 1.916000
v 6.486000 8.580000 2.416000
v 10.480000 8.580000 2.416000
v 6.373000 8.580000 2.916000
v 11.701000 8.580000 2.916000
v 6.203000 8.580000 3.416000
v 11.848000 8.580000 3.416000
v 5.893000 8.580000 3.916000
v 11.711000 8.580000 3.916000
v 5.584000 8.580000 4.416000
v 11.348000 8.580000 4.416000
v 5.378000 8.580000 4.916000
v 11.116000 8.580000 4.916000
v 4.929000 8.580000 5.416000
v 10.730000 8.580000 5.416000
v 4.411000 8.580000 5.916000
v 10.388000 8.580000 5.916000
v 4.031000 8.580000 6.416000
v 10.283000 8.580000 6.416000
v 3.342000 8.580000 6.916000
v 10.307000 8.580000 6.916000
v 2.408000 8.580000 7.416000
v 10.400000 8.580000 7.416000
v 2.109000 8.580000 7.916000
v 10.495000 8.580000 7.916000
v 2.034000 8.580000 8.416000
v 10.671000 8.580000 8.416000
v 2.144000 8.580000 8.916000
v 11.067000 8.580000 8.916000
v 2.494000 8.580000 9.416000
v 11.830000 8.580000 9.416000
v 2.834000 8.580000 9.916000
v 12.159000 8.580000 9.916000
v 2.942000 8.580000 10.416000
v 12.240000 8.580000 10.416000
v 2.851000 8.580000 10.916000
v 12.233000 8.580000 10.916000
v 2.626000 8.580000 11.416000
v 12.144000 8.580000 11.416000
v 2.539000 8.580000 11.916000
v 11.872000 8.580000 11.916000
v 2.636000 8.580000 12.416000
v 11.703000 8.580000 12.416000
v 2.916000 8.580000 12.916000
v 11.465000 8.580000 12.916000
v 3.081000 8.580000 13.416000
v 11.370000 8.580000 13.416000
v 3.209000 8.580000 13.916000
v 11.411000 8.580000 13.916000
v 3.506000 8.580000 14.416000
v 11.442000 8.580000 14.416000
v 3.737000 8.580000 14.916000
v 11.408000 8.580000 14.916000
v 4.045000 8.580000 15.416000
v 6.820000 8.580000 15.416000
v 8.464000 8.580000 15.416000
v 11.435000 8.580000 15.416000
v 4.680000 8.580000 15.916000
v 6.252000 8.580000 15.916000
v 8.850000 8.580000 15.916000
v 11.387000 8.580000 15.916000
v 9.023000 8.580000 16.416000
v 11.271000 8.580000 16.416000
v 9.618000 8.580000 16.916000
v 10.519000 8.580000 16.916000
v 1.939000 0.580000 9.502000
v 1.939000 0.580000 11.523000
v 2.439000 0.580000 9.047000
v 2.439000 0.580000 12.935000
v 2.939000 0.580000 8.699000
v 2.939000 0.580000 13.933000
v 3.439000 0.580000 8.604000
v 3.439000 0.580000 14.340000
v 3.939000 0.580000 8.706000
v 3.939000 0.580000 14.453000
v 4.439000 0.580000 9.072000
v 4.439000 0.580000 14.453000
v 4.939000 0.580000 9.538000
v 4.939000 0.580000 14.425000
v 5.439000 0.580000 9.942000
v 5.439000 0.580000 14.416000
v 5.939000 0.580000 10.344000
v 5.939000 0.580000 14.251000
v 6.439000 0.580000 10.952000
v 6.439000 0.580000 12.891000
v 3.939000 4.580000 9.931000
v 3.939000 4.580000 13.451000
v 4.439000 4.580000 9.504000
v 4.439000 4.580000 13.903000
v 4.939000 4.580000 9.354000
v 4.939000 4.580000 14.214000
v 5.439000 4.580000 9.327000
v 5.439000 4.580000 14.298000
v 5.939000 4.580000 9.305000
v 5.939000 4.580000 14.339000
v 6.439000 4.580000 9.250000
v 6.439000 4.580000 14.234000
v 6.939000 4.580000 5.349000
v 6.939000 4.580000 6.921000
v 6.939000 4.580000 9.194000
v 6.939000 4.580000 13.986000
v 7.439000 4.580000 3.923000
v 7.439000 4.580000 7.402000
v 7.439000 4.580000 9.220000
v 7.439000 4.580000 13.869000
v 7.939000 4.580000 3.580000
v 7.939000 4.580000 7.461000
v 7.939000 4.580000 9.334000
v 7.939000 4.580000 13.945000
v 8.439000 4.580000 3.257000
v 8.439000 4.580000 7.453000
v 8.439000 4.580000 9.357000
v 8.439000 4.580000 14.153000
v 8.939000 4.580000 2.859000
v 8.939000 4.580000 7.627000
v 8.939000 4.580000 9.083000
v 8.939000 4.580000 14.238000
v 9.439000 4.580000 2.561000
v 9.439000 4.580000 14.208000
v 9.939000 4.580000 2.487000
v 9.939000 4.580000 14.162000
v 10.439000 4.580000 2.598000
v 10.439000 4.580000 14.057000
v 10.939000 4.580000 2.958000
v 10.939000 4.580000 13.882000
v 11.439000 4.580000 3.556000
v 11.439000 4.580000 5.419000
v 11.439000 4.580000 7.488000
v 11.439000 4.580000 13.763000
v 11.939000 4.580000 7.999000
v 11.939000 4.580000 13.451000
v 12.439000 4.580000 8.226000
v 12.439000 4.580000 12.442000
v 12.939000 4.580000 8.603000
v 12.939000 4.580000 11.815000
v 13.439000 4.580000 9.031000
v 13.439000 4.580000 11.456000
v 2.439000 8.580000 7.384000
v 2.439000 8.580000 9.356000
v 2.939000 8.580000 7.059000
v 2.939000 8.580000 10.354000
v 2.939000 8.580000 10.520000
v 2.939000 8.580000 12.963000
v 3.439000 8.580000 6.866000
v 3.439000 8.580000 14.319000
v 3.939000 8.580000 6.508000
v 3.939000 8.580000 15.267000
v 4.439000 8.580000 5.888000
v 4.439000 8.580000 15.768000
v 4.939000 8.580000 5.406000
v 4.939000 8.580000 16.062000
v 5.439000 8.580000 4.803000
v 5.439000 8.580000 16.177000
v 5.939000 8.580000 3.852000
v 5.939000 8.580000 16.090000
v 6.439000 8.580000 2.586000
v 6.439000 8.580000 15.770000
v 6.939000 8.580000 1.581000
v 6.939000 8.580000 15.318000
v 7.439000 8.580000 1.421000
v 7.439000 8.580000 15.074000
v 7.939000 8.580000 1.455000
v 7.939000 8.580000 15.096000
v 8.439000 8.580000 1.557000
v 8.439000 8.580000 15.395000
v 8.939000 8.580000 1.712000
v 8.939000 8.580000 16.181000
v 9.439000 8.580000 2.005000
v 9.439000 8.580000 16.841000
v 9.939000 8.580000 2.250000
v 9.939000 8.580000 16.959000
v 10.439000 8.580000 2.407000
v 10.439000 8.580000 5.803000
v 10.439000 8.580000 7.682000
v 10.439000 8.580000 16.920000
v 10.939000 8.580000 2.472000
v 10.939000 8.580000 5.201000
v 10.939000 8.580000 8.784000
v 10.939000 8.580000 16.770000
v 11.439000 8.580000 2.641000
v 11.439000 8.580000 4.270000
v 11.439000 8.580000 9.165000
v 11.439000 8.580000 12.993000
v 11.439000 8.580000 14.145000
v 11.439000 8.580000 14.451000
v 11.939000 8.580000 9.531000
v 11.939000 8.580000 11.786000
v 5.939000 7.693000 4.416000
v 5.939000 9.501000 4.416000
v 6.439000 6.865000 4.416000
v 6.439000 9.942000 4.416000
v 6.939000 4.782000 4.416000
v 6.939000 10.120000 4.416000
v 7.439000 3.751000 4.416000
v 7.439000 10.429000 4.416000
v 7.939000 3.351000 4.416000
v 7.939000 10.575000 4.416000
v 8.439000 3.170000 4.416000
v 8.439000 10.715000 4.416000
v 8.939000 2.889000 4.416000
v 8.939000 11.097000 4.416000
v 9.439000 2.775000 4.416000
v 9.439000 11.401000 4.416000
v 9.939000 2.713000 4.416000
v 9.939000 11.736000 4.416000
v 10.439000 2.803000 4.416000
v 10.439000 11.938000 4.416000
v 10.939000 3.128000 4.416000
v 10.939000 6.592000 4.416000
v 10.939000 7.993000 4.416000
v 10.939000 12.000000 4.416000
v 11.439000 4.041000 4.416000
v 11.439000 6.026000 4.416000
v 11.439000 8.691000 4.416000
v 11.439000 11.897000 4.416000
v 11.939000 9.245000 4.416000
v 11.939000 11.550000 4.416000
v 2.439000 7.614000 8.416000
v 2.439000 9.584000 8.416000
v 2.939000 7.141000 8.416000
v 2.939000 9.908000 8.416000
v 3.439000 6.270000 8.416000
v 3.439000 9.998000 8.416000
v 3.939000 5.545000 8.416000
v 3.939000 10.013000 8.416000
v 4.439000 5.226000 8.416000
v 4.439000 10.013000 8.416000
v 4.939000 5.127000 8.416000
v 4.939000 10.026000 8.416000
v 5.439000 5.175000 8.416000
v 5.439000 10.153000 8.416000
v 5.939000 5.130000 8.416000
v 5.939000 10.404000 8.416000
v 6.439000 5.076000 8.416000
v 6.439000 10.488000 8.416000
v 6.939000 4.891000 8.416000
v 6.939000 10.585000 8.416000
v 7.439000 4.836000 8.416000
v 7.439000 10.834000 8.416000
v 7.939000 4.941000 8.416000
v 7.939000 11.087000 8.416000
v 8.439000 4.976000 8.416000
v 8.439000 11.590000 8.416000
v 8.939000 4.821000 8.416000
v 8.939000 11.891000 8.416000
v 9.439000 4.438000 8.416000
v 9.439000 11.968000 8.416000
v 9.939000 4.194000 8.416000
v 9.939000 11.881000 8.416000
v 10.439000 4.116000 8.416000
v 10.439000 11.667000 8.416000
v 10.939000 3.995000 8.416000
v 10.939000 6.901000 8.416000
v 10.939000 9.002000 8.416000
v 10.939000 11.216000 8.416000
v 11.439000 4.006000 8.416000
v 11.439000 6.648000 8.416000
v 11.439000 9.928000 8.416000
v 11.439000 10.297000 8.416000
v 11.939000 4.103000 8.416000
v 11.939000 6.527000 8.416000
v 12.439000 4.272000 8.416000
v 12.439000 6.388000 8.416000
v 2.439000 -0.327000 12.416000
v 2.439000 1.473000 12.416000
v 2.939000 -0.843000 12.416000
v 2.939000 2.078000 12.416000
v 2.939000 7.202000 12.416000
v 2.939000 9.382000 12.416000
v 3.439000 -1.192000 12.416000
v 3.439000 2.796000 12.416000
v 3.439000 6.627000 12.416000
v 3.439000 9.826000 12.416000
v 3.939000 -1.389000 12.416000
v 3.939000 10.036000 12.416000
v 4.439000 -1.410000 12.416000
v 4.439000 10.092000 12.416000
v 4.939000 -1.228000 12.416000
v 4.939000 10.116000 12.416000
v 5.439000 -0.645000 12.416000
v 5.439000 10.129000 12.416000
v 5.939000 0.039000 12.416000
v 5.939000 10.110000 12.416000
v 6.439000 0.518000 12.416000
v 6.439000 10.230000 12.416000
v 6.939000 0.735000 12.416000
v 6.939000 10.421000 12.416000
v 7.439000 1.008000 12.416000
v 7.439000 10.536000 12.416000
v 7.939000 1.219000 12.416000
v 7.939000 10.647000 12.416000
v 8.439000 1.343000 12.416000
v 8.439000 10.874000 12.416000
v 8.939000 1.614000 12.416000
v 8.939000 11.104000 12.416000
v 9.439000 1.741000 12.416000
v 9.439000 11.506000 12.416000
v 9.939000 1.732000 12.416000
v 9.939000 12.090000 12.416000
v 10.439000 1.834000 12.416000
v 10.439000 12.424000 12.416000
v 10.939000 2.143000 12.416000
v 10.939000 12.521000 12.416000
v 11.439000 2.337000 12.416000
v 11.439000 6.100000 12.416000
v 11.439000 8.132000 12.416000
v 11.439000 12.432000 12.416000
v 11.939000 2.696000 12.416000
v 11.939000 5.558000 12.416000
v 11.939000 9.184000 12.416000
v 11.939000 12.110000 12.416000
v 12.439000 3.783000 12.416000
v 12.439000 4.645000 12.416000
v 8.439000 9.272000 16.416000
v 8.439000 11.219000 16.416000
v 8.939000 8.663000 16.416000
v 8.939000 11.977000 16.416000
v 9.439000 8.326000 16.416000
v 9.439000 12.110000 16.416000
v 9.939000 8.240000 16.416000
v 9.939000 11.976000 16.416000
v 10.439000 8.271000 16.416000
v 10.439000 11.546000 16.416000
v 10.939000 8.377000 16.416000
v 10.939000 11.278000 16.416000
v 11.439000 8.749000 16.416000
v 11.439000 10.894000 16.416000
f 649 1691 1883
f 1883 1691 2351
f 2351 1691 2151
f 2351 2151 2829
f 2829 2151 2637
f 2637 650 2829
f 651 1231 1411
f 649 1883 1231
f 1883 1411 1231
f 1883 1885 1411
f 1883 2353 1885
f 1883 2351 2353
f 2351 2831 2353
f 2351 2829 2831
f 2829 650 2831
f 2831 650 652
f 1413 653 1411
f 1411 653 651
f 1411 1887 1413
f 1411 1885 1887
f 1885 2355 1887
f 1885 2353 2355
f 2353 2833 2355
f 2353 2831 2833
f 2831 652 2833
f 2833 652 654
f 1413 1232 653
f 1232 1413 655
f 1413 1889 655
f 1413 1887 1889
f 1887 2357 1889
f 1887 2355 2357
f 2355 2835 2357
f 2355 2833 2835
f 2833 654 2835
f 2835 654 656
f 1889 1692 655
f 1692 1889 2152
f 2152 1889 2357
f 2152 2357 2638
f 2638 2357 2835
f 2835 656 2638
f 657 3123 3259
f 3123 658 3259
f 659 2653 2823
f 657 3259 2653
f 2653 3259 2823
f 3259 3121 2823
f 3121 253 2823
f 3121 3259 658
f 85 3121 658
f 83 3121 85
f 254 83 613
f 83 479 613
f 83 85 479
f 479 660 613
f 661 1707 1879
f 1879 1707 255
f 1707 2165 255
f 1707 2167 2165
f 2167 659 2823
f 2651 2167 2823
f 2165 2167 2651
f 2823 253 2651
f 613 477 254
f 660 877 1015
f 660 1015 256
f 613 660 256
f 477 613 256
f 877 662 1015
f 663 429 567
f 567 429 257
f 429 825 257
f 429 827 825
f 827 1245 825
f 1247 1245 827
f 1247 661 1879
f 1705 1247 1879
f 1245 1247 1705
f 1879 255 1705
f 1015 875 256
f 1015 662 875
f 662 258 875
f 662 664 258
f 665 3071 3207
f 3207 3071 259
f 3071 33 259
f 3071 35 33
f 35 663 567
f 427 35 567
f 33 35 427
f 567 257 427
f 664 1297 1451
f 260 664 1451
f 258 664 260
f 1297 666 1451
f 667 2597 261
f 261 2597 2595
f 2597 665 3207
f 3069 2597 3207
f 2595 2597 3069
f 3207 259 3069
f 1451 1295 260
f 1451 666 1295
f 666 262 1295
f 666 668 262
f 669 2123 263
f 263 2123 2121
f 261 2121 2123
f 261 2123 667
f 668 1759 1913
f 264 668 1913
f 262 668 264
f 1759 670 1913
f 671 1663 265
f 265 1663 1661
f 263 1661 1663
f 263 1663 669
f 1913 1757 264
f 670 2219 2381
f 670 2381 266
f 1913 670 266
f 1757 1913 266
f 2219 672 2381
f 673 265 267
f 673 671 265
f 2381 2217 266
f 2381 672 2217
f 672 268 2217
f 672 674 268
f 675 267 269
f 675 673 267
f 674 2701 2863
f 270 674 2863
f 268 674 270
f 2701 676 2863
f 677 269 271
f 677 675 269
f 2867 272 270
f 2867 270 2863
f 2863 676 2867
f 2867 676 678
f 679 271 273
f 679 677 271
f 1708 680 1900
f 1708 1900 2368
f 1708 2368 2168
f 681 2168 2368
f 2871 274 272
f 2871 272 2867
f 2867 678 2871
f 2871 678 682
f 1664 679 1858
f 679 275 1858
f 679 273 275
f 683 1664 1858
f 828 684 992
f 828 992 276
f 1246 828 276
f 1248 828 1246
f 680 1248 1900
f 1248 1706 1900
f 1248 1246 1706
f 2166 2368 1706
f 1706 2368 1900
f 2368 2166 681
f 2166 2654 681
f 2166 2652 2654
f 2652 277 3286
f 3124 2652 3286
f 2654 2652 3124
f 685 3124 3286
f 274 2871 2702
f 686 274 2702
f 278 274 686
f 2871 682 2702
f 1662 1858 275
f 1858 1662 683
f 1662 2124 683
f 1662 2122 2124
f 2596 2124 2122
f 2596 2598 2124
f 687 2598 2596
f 687 2596 279
f 430 688 588
f 992 684 430
f 992 430 588
f 826 992 588
f 280 826 588
f 276 992 826
f 3122 3286 277
f 3286 3122 685
f 3122 86 685
f 3122 84 86
f 84 281 640
f 480 84 640
f 86 84 480
f 689 480 640
f 2220 690 2402
f 2402 282 2220
f 282 686 2220
f 282 278 686
f 279 3070 687
f 687 3070 3072
f 34 3072 3070
f 34 36 3072
f 688 36 588
f 36 428 588
f 36 34 428
f 280 588 428
f 478 640 281
f 878 689 1044
f 1044 689 283
f 689 640 283
f 640 478 283
f 878 1044 1478
f 878 1478 1298
f 1298 1478 1936
f 1298 1936 1760
f 2402 690 1760
f 2402 1760 1936
f 2218 2402 1936
f 284 2218 1936
f 282 2402 2218
f 876 1044 283
f 1296 1478 876
f 876 1478 1044
f 1758 1936 1296
f 1296 1936 1478
f 284 1936 1758
f 691 2095 2265
f 2265 2095 2737
f 2737 2095 2567
f 2737 2567 3177
f 3177 2567 3039
f 3177 3039 137
f 137 3039 3
f 3 692 137
f 2810 2667 285
f 3248 3137 2810
f 2810 3137 2667
f 206 99 3248
f 3248 99 3137
f 206 286 99
f 693 1637 1805
f 691 2265 1637
f 1637 2265 1805
f 2265 2093 1805
f 2093 287 1805
f 2737 2565 2093
f 2737 2093 2265
f 3177 3037 2565
f 3177 2565 2737
f 139 288 3037
f 3177 139 3037
f 137 139 3177
f 137 692 139
f 139 692 694
f 695 2183 289
f 289 2183 2181
f 2669 2810 285
f 2181 2669 285
f 2183 2669 2181
f 2810 2669 3139
f 2810 3139 3248
f 3248 3139 101
f 3248 101 206
f 696 602 493
f 696 493 286
f 101 696 286
f 206 101 286
f 602 290 493
f 1807 697 1805
f 1805 697 693
f 1805 287 291
f 1805 291 1807
f 139 1 288
f 694 397 531
f 694 531 292
f 139 694 292
f 1 139 292
f 397 698 531
f 699 1263 293
f 293 1263 1261
f 1263 1721 1261
f 1723 1721 1263
f 289 1721 1723
f 289 1723 695
f 495 602 696
f 495 700 602
f 700 290 602
f 700 294 290
f 701 1199 1351
f 697 1807 1199
f 1807 1351 1199
f 1807 1809 1351
f 1807 291 295
f 1807 295 1809
f 2 143 296
f 531 398 292
f 292 398 2
f 398 702 2
f 702 143 2
f 531 698 398
f 703 445 557
f 557 445 297
f 445 841 297
f 445 843 841
f 293 841 843
f 293 843 699
f 294 704 298
f 700 704 294
f 1351 1200 701
f 1200 1351 705
f 1351 1811 705
f 1351 1809 1811
f 1809 295 2094
f 2273 1809 2094
f 1811 1809 2273
f 2566 2745 2273
f 2566 2273 2094
f 3038 3185 2745
f 3038 2745 2566
f 143 4 296
f 296 4 3038
f 4 706 3038
f 706 3185 3038
f 143 702 4
f 707 51 161
f 703 557 51
f 51 557 161
f 557 443 161
f 443 299 161
f 557 297 443
f 298 708 300
f 704 708 298
f 1811 1638 705
f 1638 1811 2096
f 2096 1811 2273
f 2096 2273 2568
f 2568 2273 2745
f 2568 2745 3040
f 3040 2745 3185
f 3185 706 3040
f 709 3087 3199
f 707 161 3087
f 3087 161 3199
f 161 49 3199
f 49 301 3199
f 161 299 49
f 300 710 302
f 708 710 300
f 3201 711 3199
f 3199 711 709
f 3199 301 303
f 3199 303 3201
f 302 712 304
f 710 712 302
f 3203 713 3201
f 3201 713 711
f 3201 303 305
f 3201 305 3203
f 891 304 712
f 891 712 893
f 893 714 891
f 891 714 306
f 715 2613 2763
f 713 3203 2613
f 3203 2763 2613
f 3203 3205 2763
f 3203 305 307
f 3203 307 3205
f 306 716 308
f 714 716 306
f 2763 2614 715
f 2614 2763 717
f 2763 3209 717
f 2763 3205 3209
f 3205 307 309
f 3205 309 3209
f 308 718 310
f 716 718 308
f 3213 719 3209
f 3209 719 717
f 3209 309 311
f 3209 311 3213
f 1311 310 718
f 1311 718 1313
f 1313 720 1311
f 1311 720 312
f 3217 721 3213
f 3213 721 719
f 3213 311 313
f 3213 313 3217
f 312 722 314
f 720 722 312
f 3221 723 3217
f 3217 723 721
f 3217 313 315
f 3217 315 3221
f 1773 314 722
f 1773 722 1775
f 1775 724 1773
f 1773 724 316
f 3225 725 3221
f 3221 725 723
f 3221 315 317
f 3221 317 3225
f 2233 316 724
f 2233 724 2235
f 2235 726 2233
f 2233 726 318
f 727 2615 2785
f 725 3225 2615
f 2615 3225 2785
f 3225 3085 2785
f 3085 319 2785
f 3225 317 3085
f 318 728 320
f 726 728 318
f 2611 321 2785
f 321 727 2785
f 321 729 727
f 2785 319 2611
f 320 730 322
f 728 730 320
f 731 321 323
f 731 729 321
f 322 732 324
f 730 732 322
f 733 2131 2321
f 325 2321 2131
f 731 325 2131
f 323 325 731
f 2234 2399 326
f 2234 324 2399
f 324 734 2399
f 324 732 734
f 2323 735 2321
f 2321 735 733
f 2321 325 327
f 2321 327 2323
f 2182 2373 328
f 2668 2851 2373
f 2668 2373 2182
f 3138 3291 2851
f 3138 2851 2668
f 100 247 3291
f 100 3291 3138
f 329 247 100
f 1774 1933 330
f 2399 2236 326
f 326 2236 1774
f 2236 736 1774
f 736 1933 1774
f 2399 734 2236
f 2325 737 2323
f 2323 737 735
f 2323 327 331
f 2323 331 2325
f 1722 1907 332
f 2373 2184 328
f 328 2184 1722
f 2184 738 1722
f 738 1907 1722
f 2184 2373 2670
f 2670 2373 2851
f 2670 2851 3140
f 3140 2851 3291
f 3140 3291 739
f 3291 251 739
f 3291 247 251
f 251 247 740
f 247 494 740
f 494 496 740
f 494 247 329
f 892 496 494
f 892 894 496
f 1312 894 892
f 1312 1314 894
f 1933 1776 330
f 1776 1312 330
f 1776 1314 1312
f 1933 736 1776
f 2327 741 2325
f 2325 741 737
f 2325 331 333
f 2325 333 2327
f 332 1907 1724
f 742 332 1724
f 334 332 742
f 1907 738 1724
f 251 102 739
f 251 740 102
f 2327 2132 741
f 2805 743 2612
f 2612 743 333
f 743 2132 333
f 2132 2327 333
f 335 2805 2612
f 1262 1439 336
f 1262 334 1439
f 334 744 1439
f 334 742 744
f 2805 2616 743
f 3245 745 3086
f 3086 745 335
f 745 2616 335
f 2616 2805 335
f 337 3245 3086
f 444 597 338
f 844 746 597
f 444 844 597
f 842 844 444
f 1439 1264 336
f 1264 842 336
f 1264 844 842
f 1439 744 1264
f 3245 3088 745
f 337 50 3245
f 50 3088 3245
f 50 52 3088
f 597 446 338
f 446 50 338
f 446 52 50
f 597 746 446
f 3178 3053 339
f 3178 340 3053
f 747 2111 341
f 341 2111 2109
f 2111 2581 2109
f 2583 2581 2111
f 3055 3178 339
f 2581 3055 339
f 2583 3055 2581
f 17 340 3178
f 3055 17 3178
f 19 17 3055
f 19 411 17
f 413 411 19
f 413 807 411
f 809 807 413
f 342 807 1357
f 807 1225 1357
f 807 809 1225
f 1225 748 1357
f 2814 2683 343
f 3252 3153 2814
f 2814 3153 2683
f 3252 344 3153
f 749 1653 345
f 345 1653 1651
f 341 1651 1653
f 341 1653 747
f 1357 1223 342
f 1683 1223 1357
f 750 1683 1357
f 748 750 1357
f 1683 750 1818
f 1818 346 1683
f 1870 1737 347
f 751 2199 1870
f 2199 1737 1870
f 2199 2197 1737
f 2685 2814 343
f 2197 2685 343
f 2199 2685 2197
f 2814 2685 3155
f 2814 3155 3252
f 115 344 3252
f 3155 115 3252
f 117 115 3155
f 117 509 115
f 511 509 117
f 511 752 509
f 509 752 348
f 753 345 349
f 753 749 345
f 1685 1818 750
f 2145 346 1818
f 1685 2145 1818
f 2147 2145 1685
f 2754 2629 754
f 2629 2147 754
f 2629 2145 2147
f 755 3103 2754
f 3103 2629 2754
f 3103 3101 2629
f 3103 65 3101
f 67 65 3103
f 67 459 65
f 461 459 67
f 461 857 459
f 859 857 461
f 859 1277 857
f 1279 1277 859
f 1739 1870 347
f 1277 1739 347
f 1279 1739 1277
f 751 1870 1739
f 907 348 752
f 907 752 909
f 909 756 907
f 907 756 350
f 757 349 351
f 757 753 349
f 2631 2754 754
f 755 2754 2631
f 350 758 352
f 756 758 350
f 1654 757 1814
f 757 353 1814
f 757 351 353
f 759 1654 1814
f 352 760 354
f 758 760 352
f 1652 1814 353
f 1814 1652 759
f 1652 2112 759
f 1652 2110 2112
f 761 2112 2110
f 761 2110 355
f 354 762 356
f 760 762 354
f 355 2582 761
f 761 2582 2584
f 763 2584 2582
f 763 2582 357
f 356 764 358
f 762 764 356
f 357 3054 763
f 763 3054 3056
f 765 3056 3054
f 765 3054 359
f 358 766 360
f 764 766 358
f 20 765 156
f 765 361 156
f 765 359 361
f 767 20 156
f 360 768 362
f 766 768 360
f 18 156 361
f 414 767 548
f 548 767 363
f 767 156 363
f 156 18 363
f 769 414 548
f 768 1329 1457
f 364 768 1457
f 362 768 364
f 1329 770 1457
f 365 550 363
f 363 550 548
f 769 548 550
f 769 550 771
f 1457 1327 364
f 1457 770 1327
f 770 366 1327
f 770 772 366
f 412 550 365
f 810 771 948
f 948 771 367
f 771 550 367
f 550 412 367
f 773 810 948
f 772 1791 1919
f 368 772 1919
f 366 772 368
f 1791 774 1919
f 369 950 367
f 367 950 948
f 773 948 950
f 773 950 775
f 1919 1789 368
f 1919 774 1789
f 774 370 1789
f 774 776 370
f 371 952 369
f 369 952 950
f 775 950 952
f 775 952 777
f 2249 370 776
f 2249 776 2251
f 2251 778 2249
f 2249 778 372
f 373 954 371
f 371 954 952
f 1386 1226 777
f 952 1386 777
f 954 1386 952
f 779 1226 1386
f 2719 372 778
f 2719 778 2721
f 2721 780 2719
f 2719 780 374
f 808 954 373
f 375 1388 808
f 1388 954 808
f 1388 1386 954
f 779 1386 1388
f 779 1388 781
f 374 782 376
f 780 782 374
f 377 1390 375
f 375 1390 1388
f 781 1388 1390
f 781 1390 783
f 1280 784 1432
f 785 1280 1432
f 376 786 378
f 782 786 376
f 1224 1390 377
f 1686 783 1862
f 1862 783 379
f 783 1390 379
f 1390 1224 379
f 787 1686 1862
f 462 788 590
f 462 590 380
f 858 462 380
f 860 462 858
f 784 860 1432
f 860 1278 1432
f 860 858 1278
f 1432 1278 785
f 1278 1740 785
f 1278 1738 1740
f 2198 1740 1738
f 2198 2200 1740
f 2684 2200 2198
f 2684 2686 2200
f 2684 381 3292
f 3156 2684 3292
f 2686 2684 3156
f 789 3156 3292
f 378 790 382
f 786 790 378
f 1684 1862 379
f 2148 787 2326
f 2326 787 383
f 787 1862 383
f 1862 1684 383
f 791 2148 2326
f 68 792 198
f 590 788 68
f 590 68 198
f 460 590 198
f 384 460 198
f 380 590 460
f 3154 3292 381
f 3292 3154 789
f 3154 118 789
f 3154 116 118
f 116 385 646
f 512 116 646
f 118 116 512
f 793 512 646
f 2722 794 386
f 2722 386 2720
f 2720 382 2722
f 2722 382 790
f 2146 2326 383
f 2326 2146 791
f 2146 2632 791
f 2146 2630 2632
f 3102 2632 2630
f 3102 3104 2632
f 792 3104 198
f 3104 66 198
f 3104 3102 66
f 384 198 66
f 510 646 385
f 646 510 793
f 510 910 793
f 510 908 910
f 1328 910 908
f 1328 1330 910
f 1790 1330 1328
f 1790 1792 1330
f 2250 1792 1790
f 2250 2252 1792
f 2250 386 2252
f 2252 386 794
f 628 525 387
f 1030 923 628
f 628 923 525
f 1030 388 923
f 236 133 389
f 133 236 387
f 236 628 387
f 236 630 628
f 1032 628 630
f 1030 628 1032
f 388 1030 1345
f 1030 1466 1345
f 1030 1032 1466
f 1466 390 1345
f 3280 3173 391
f 3173 3280 389
f 3280 236 389
f 3280 238 236
f 632 236 238
f 630 236 632
f 1034 630 632
f 1032 630 1034
f 1468 1032 1034
f 1466 1032 1468
f 390 1466 392
f 392 1466 1468
f 393 3284 391
f 391 3284 3280
f 240 3280 3284
f 238 3280 240
f 634 238 240
f 632 238 634
f 1036 632 634
f 1034 632 1036
f 1470 1034 1036
f 1468 1034 1470
f 392 1468 394
f 394 1468 1470
f 3174 3284 393
f 395 244 3174
f 244 3284 3174
f 244 240 3284
f 638 240 244
f 634 240 638
f 1038 634 638
f 1036 634 1038
f 1472 1036 1038
f 1470 1036 1472
f 394 1470 396
f 396 1470 1472
f 134 244 395
f 526 638 134
f 134 638 244
f 924 1038 526
f 526 1038 638
f 1346 1472 924
f 924 1472 1038
f 396 1472 1346
f 1047 1693 1881
f 1881 1693 2349
f 2349 1693 2153
f 2349 2153 2827
f 2827 2153 2639
f 2639 1048 2827
f 1049 1233 1409
f 1047 1881 1233
f 1233 1881 1409
f 1881 1691 1409
f 1691 649 1409
f 2349 2151 1691
f 2349 1691 1881
f 2827 2637 2151
f 2827 2151 2349
f 1048 3109 3267
f 1048 3267 650
f 2827 1048 650
f 2637 2827 650
f 3109 1050 3267
f 1231 651 1409
f 651 1049 1409
f 651 1051 1049
f 1409 649 1231
f 3269 652 650
f 3269 650 3267
f 3267 1050 3269
f 3269 1050 1052
f 1053 651 653
f 1053 1051 651
f 3271 654 652
f 3271 652 3269
f 3269 1052 3271
f 3271 1052 1054
f 1415 1055 1232
f 1055 653 1232
f 1055 1053 653
f 655 1415 1232
f 3273 656 654
f 3273 654 3271
f 3271 1054 3273
f 3273 1054 1056
f 1415 1234 1055
f 1891 1057 1692
f 1692 1057 655
f 1057 1234 655
f 1234 1415 655
f 2152 2359 1891
f 2152 1891 1692
f 2638 2837 2359
f 2638 2359 2152
f 2837 2638 656
f 3273 2837 656
f 3275 2837 3273
f 3273 1056 3275
f 3275 1056 1058
f 1891 1694 1057
f 1694 1891 2154
f 2154 1891 2359
f 2154 2359 2640
f 2640 2359 2837
f 2640 2837 3110
f 3110 2837 3275
f 3275 1058 3110
f 1059 3125 3257
f 3125 1060 3257
f 1061 2655 2821
f 1059 3257 2655
f 2655 3257 2821
f 3257 3123 2821
f 3123 657 2821
f 1060 87 217
f 1060 217 658
f 3257 1060 658
f 3123 3257 658
f 217 87 611
f 611 87 481
f 481 1062 611
f 1063 829 967
f 829 1064 967
f 1065 1709 1877
f 1877 1709 2345
f 2345 1709 2169
f 1061 2821 2169
f 2169 2821 2345
f 2821 2653 2345
f 2653 659 2345
f 2821 657 2653
f 217 85 658
f 611 479 85
f 611 85 217
f 1062 879 1011
f 1062 1011 660
f 611 1062 660
f 479 611 660
f 879 1066 1011
f 1067 431 565
f 1063 967 431
f 967 565 431
f 967 969 565
f 1249 1405 1064
f 1405 967 1064
f 1405 969 967
f 1065 1877 1249
f 1249 1877 1405
f 1877 1707 1405
f 1707 661 1405
f 2345 2167 1707
f 2345 1707 1877
f 2345 659 2167
f 1011 877 660
f 1011 1066 877
f 1066 662 877
f 1066 1068 662
f 1069 37 173
f 1067 565 37
f 37 565 173
f 565 429 173
f 429 663 173
f 969 827 429
f 969 429 565
f 1405 1247 827
f 1405 827 969
f 1405 661 1247
f 662 1070 664
f 1068 1070 662
f 1071 3073 665
f 665 3073 3071
f 3073 1069 173
f 35 3073 173
f 3071 3073 35
f 173 663 35
f 1297 664 1070
f 1297 1070 1299
f 1299 1072 1297
f 1297 1072 666
f 1073 2599 667
f 667 2599 2597
f 665 2597 2599
f 665 2599 1071
f 666 1074 668
f 1072 1074 666
f 1075 2125 669
f 669 2125 2123
f 667 2123 2125
f 667 2125 1073
f 1759 668 1074
f 1759 1074 1761
f 670 1759 2377
f 1759 2221 2377
f 1759 1761 2221
f 2221 1076 2377
f 1077 1665 671
f 671 1665 1663
f 669 1663 1665
f 669 1665 1075
f 2377 2219 670
f 2377 1076 2219
f 1076 672 2219
f 1076 1078 672
f 1079 671 673
f 1079 1077 671
f 1078 2703 2859
f 674 1078 2859
f 672 1078 674
f 2703 1080 2859
f 1081 673 675
f 1081 1079 673
f 2859 2701 674
f 2859 1080 2701
f 1080 676 2701
f 1080 1082 676
f 1083 675 677
f 1083 1081 675
f 676 1084 678
f 1082 1084 676
f 1085 677 679
f 1085 1083 677
f 1250 1086 1426
f 1250 1426 680
f 1708 1250 680
f 1710 1250 1708
f 2168 1710 1708
f 2168 2170 1710
f 2168 681 2844
f 2656 2168 2844
f 2170 2168 2656
f 2656 2844 3282
f 2656 3282 3126
f 1087 3126 3282
f 678 1088 682
f 1084 1088 678
f 679 1664 1085
f 1085 1664 1666
f 1089 1666 1664
f 1089 1664 683
f 830 1090 684
f 830 684 828
f 1086 830 1426
f 830 1248 1426
f 830 828 1248
f 680 1426 1248
f 2654 2844 681
f 3124 3282 2654
f 2654 3282 2844
f 88 1087 242
f 242 1087 685
f 1087 3282 685
f 3282 3124 685
f 1091 88 242
f 2704 1092 686
f 2704 686 2702
f 2702 682 2704
f 2704 682 1088
f 683 2124 1089
f 1089 2124 2126
f 2598 2126 2124
f 2598 2600 2126
f 2598 687 3236
f 3074 2598 3236
f 2600 2598 3074
f 3074 3236 194
f 3074 194 38
f 38 194 688
f 430 38 688
f 432 38 430
f 430 684 432
f 432 684 1090
f 86 242 685
f 242 86 1091
f 86 482 1091
f 86 480 482
f 480 689 1040
f 880 480 1040
f 482 480 880
f 1093 880 1040
f 1762 1094 1932
f 1762 1932 690
f 2220 1762 690
f 2222 1762 2220
f 2220 686 2222
f 2222 686 1092
f 3072 3236 687
f 36 194 3072
f 3072 194 3236
f 688 194 36
f 878 1040 689
f 1040 878 1093
f 878 1300 1093
f 878 1298 1300
f 1094 1300 1932
f 1300 1760 1932
f 1300 1298 1760
f 690 1932 1760
f 1095 2569 2735
f 2735 2569 3175
f 3175 2569 3041
f 3175 3041 135
f 135 3041 5
f 5 1096 135
f 1097 2097 691
f 691 2097 2095
f 2097 1095 2735
f 2567 2097 2735
f 2095 2097 2567
f 3175 3039 2567
f 3175 2567 2735
f 135 3 3039
f 135 3039 3175
f 1096 399 527
f 1096 527 692
f 135 1096 692
f 3 135 692
f 399 1098 527
f 1099 1639 693
f 693 1639 1637
f 691 1637 1639
f 691 1639 1097
f 529 694 692
f 529 692 527
f 527 1098 529
f 529 1098 1100
f 2334 2183 695
f 1101 2671 2334
f 2671 2183 2334
f 2671 2669 2183
f 2671 3139 2669
f 3141 3139 2671
f 208 101 1102
f 101 3141 1102
f 101 3139 3141
f 208 696 101
f 1103 1201 1349
f 697 1349 1201
f 1099 697 1201
f 693 697 1099
f 529 397 694
f 529 1100 397
f 1100 698 397
f 1100 1104 698
f 1105 845 959
f 959 845 699
f 845 1263 699
f 845 1265 1263
f 1265 1723 1263
f 1725 1723 1265
f 2185 2334 695
f 1723 2185 695
f 1725 2185 1723
f 1101 2334 2185
f 103 208 1102
f 495 696 208
f 103 495 208
f 497 495 103
f 497 1106 495
f 495 1106 700
f 1199 701 1349
f 701 1103 1349
f 701 1107 1103
f 1349 697 1199
f 398 533 702
f 398 698 533
f 698 1108 533
f 698 1104 1108
f 1109 53 159
f 159 53 703
f 53 445 703
f 53 447 445
f 447 1105 959
f 843 447 959
f 445 447 843
f 959 699 843
f 700 1110 704
f 1106 1110 700
f 1353 1111 1200
f 1111 701 1200
f 1111 1107 701
f 705 1353 1200
f 4 145 706
f 145 4 702
f 533 145 702
f 535 145 533
f 533 1108 535
f 535 1108 1112
f 1113 2617 2755
f 2755 2617 3197
f 3197 2617 3089
f 1109 159 3089
f 3089 159 3197
f 159 51 3197
f 51 707 3197
f 159 703 51
f 704 1114 708
f 1110 1114 704
f 1353 1202 1111
f 1813 1115 1638
f 1638 1115 705
f 1115 1202 705
f 1202 1353 705
f 2096 2275 1813
f 2096 1813 1638
f 2568 2747 2275
f 2568 2275 2096
f 3040 3187 2747
f 3040 2747 2568
f 3187 3040 706
f 145 3187 706
f 147 3187 145
f 1116 147 400
f 147 535 400
f 147 145 535
f 535 1112 400
f 1117 2133 2283
f 1113 2755 2133
f 2755 2283 2133
f 2755 2757 2283
f 3197 3087 709
f 2757 3197 709
f 2755 3197 2757
f 3197 707 3087
f 708 1118 710
f 1114 1118 708
f 1813 1640 1115
f 1640 1813 2098
f 2098 1813 2275
f 2098 2275 1119
f 2275 2749 1119
f 2275 2747 2749
f 1120 2749 3042
f 2749 3187 3042
f 2749 2747 3187
f 3042 3187 6
f 6 3187 147
f 147 1116 6
f 1121 1669 1825
f 1117 2283 1669
f 2283 1825 1669
f 2283 2285 1825
f 2283 2759 2285
f 2283 2757 2759
f 2757 709 711
f 2757 711 2759
f 710 1122 712
f 1118 1122 710
f 2749 2570 1119
f 2749 1120 2570
f 1827 1123 1825
f 1825 1123 1121
f 1825 2287 1827
f 1825 2285 2287
f 2285 2761 2287
f 2285 2759 2761
f 2759 711 713
f 2759 713 2761
f 1124 1016 893
f 712 1124 893
f 1122 1124 712
f 1016 714 893
f 1125 1211 1371
f 1123 1827 1211
f 1827 1371 1211
f 1827 1829 1371
f 1827 2289 1829
f 1827 2287 2289
f 2761 2613 715
f 2289 2761 715
f 2287 2761 2289
f 2761 713 2613
f 895 1016 1124
f 895 1126 1016
f 1126 714 1016
f 1126 716 714
f 1371 1212 1125
f 1212 1371 1127
f 1371 1831 1127
f 1371 1829 1831
f 1829 2291 1831
f 1829 2289 2291
f 2289 715 2614
f 2765 2289 2614
f 2291 2289 2765
f 717 2765 2614
f 716 1128 718
f 1126 1128 716
f 1833 1129 1831
f 1831 1129 1127
f 1831 2293 1833
f 1831 2291 2293
f 2291 2769 2293
f 2291 2765 2769
f 2765 717 719
f 2765 719 2769
f 1130 1456 1313
f 718 1130 1313
f 1128 1130 718
f 1456 720 1313
f 1833 1670 1129
f 1670 1833 1131
f 1833 2297 1131
f 1833 2293 2297
f 2293 2773 2297
f 2293 2769 2773
f 2769 719 721
f 2769 721 2773
f 1315 1456 1130
f 1315 1132 1456
f 1132 720 1456
f 1132 722 720
f 2301 1133 2297
f 2297 1133 1131
f 2297 2777 2301
f 2297 2773 2777
f 2773 721 723
f 2773 723 2777
f 1775 722 1132
f 1775 1132 1777
f 1777 1134 1775
f 1775 1134 724
f 2305 1135 2301
f 2301 1135 1133
f 2301 2781 2305
f 2301 2777 2781
f 2777 723 725
f 2777 725 2781
f 1136 2386 2235
f 724 1136 2235
f 1134 1136 724
f 2386 726 2235
f 1137 1671 1847
f 1135 2305 1671
f 2305 1847 1671
f 2305 2309 1847
f 2781 2615 727
f 2309 2781 727
f 2305 2781 2309
f 2781 725 2615
f 2237 2386 1136
f 2237 1138 2386
f 1138 726 2386
f 1138 728 726
f 1851 1139 1847
f 1847 1139 1137
f 1847 2313 1851
f 1847 2309 2313
f 2309 727 729
f 2309 729 2313
f 728 1140 730
f 1138 1140 728
f 1855 1141 1851
f 1851 1141 1139
f 1851 2317 1855
f 1851 2313 2317
f 2313 729 731
f 2313 731 2317
f 730 1142 732
f 1140 1142 730
f 1859 1143 1855
f 1855 1143 1141
f 2317 2131 733
f 1859 2317 733
f 1855 2317 1859
f 2317 731 2131
f 732 1144 734
f 1142 1144 732
f 1861 1145 1859
f 1859 1145 1143
f 1859 733 735
f 1859 735 1861
f 2238 1146 736
f 2238 736 2236
f 2236 734 2238
f 2238 734 1144
f 1863 1147 1861
f 1861 1147 1145
f 1861 735 737
f 1861 737 1863
f 2184 2375 738
f 2670 2853 2375
f 2670 2375 2184
f 3140 3295 2853
f 3140 2853 2670
f 739 3295 3140
f 496 645 740
f 894 1045 645
f 894 645 496
f 1316 1148 1045
f 894 1316 1045
f 1314 1316 894
f 1776 1316 1314
f 1776 1778 1316
f 1776 736 1778
f 1778 736 1146
f 1865 1149 1863
f 1863 1149 1147
f 1863 737 741
f 1863 741 1865
f 1726 1150 742
f 1726 742 1724
f 2375 2186 738
f 2186 1724 738
f 2186 1726 1724
f 2186 2375 2672
f 2672 2375 2853
f 2672 2853 3142
f 3142 2853 3295
f 739 102 3295
f 102 3142 3295
f 102 104 3142
f 645 498 740
f 498 102 740
f 498 104 102
f 498 645 896
f 896 645 1045
f 1045 1148 896
f 1865 1672 1149
f 2329 1151 2132
f 2132 1151 741
f 1151 1672 741
f 1672 1865 741
f 743 2329 2132
f 1266 1152 1440
f 1440 744 1266
f 744 1150 1266
f 744 742 1150
f 2329 2134 1151
f 2807 1153 2616
f 2616 1153 743
f 1153 2134 743
f 2134 2329 743
f 745 2807 2616
f 844 1003 746
f 1152 1154 1003
f 1264 1152 1003
f 844 1264 1003
f 1440 1152 1264
f 744 1440 1264
f 2807 2618 1153
f 745 3088 2807
f 3088 2618 2807
f 3088 3090 2618
f 52 3090 3088
f 52 54 3090
f 446 54 52
f 446 448 54
f 1003 846 746
f 846 446 746
f 846 448 446
f 1003 1154 846
f 2268 2111 747
f 2740 2583 2268
f 2268 2583 2111
f 1155 3057 2740
f 3057 2583 2740
f 3057 3055 2583
f 3057 19 3055
f 21 19 3057
f 21 413 19
f 415 413 21
f 415 809 413
f 811 809 415
f 1358 1225 1156
f 1225 811 1156
f 1225 809 811
f 1358 748 1225
f 1808 1653 749
f 2113 2268 747
f 2113 747 1653
f 1157 2113 1653
f 1808 1157 1653
f 2268 2113 2585
f 2268 2585 2740
f 1155 2740 2585
f 1227 1358 1156
f 1227 1158 1358
f 1158 748 1358
f 1158 750 748
f 2338 2199 751
f 1159 2687 2338
f 2687 2199 2338
f 2687 2685 2199
f 2687 3155 2685
f 3157 3155 2687
f 3157 117 3155
f 119 117 3157
f 119 511 117
f 513 511 119
f 513 1160 511
f 511 1160 752
f 1808 749 1655
f 749 1161 1655
f 749 753 1161
f 1157 1808 1655
f 1685 750 1158
f 1685 1158 1687
f 2280 2147 1162
f 2147 1687 1162
f 2147 1685 1687
f 2280 754 2147
f 3196 3103 755
f 160 67 3196
f 3196 67 3103
f 558 461 160
f 160 461 67
f 1163 861 558
f 861 461 558
f 861 859 461
f 861 1279 859
f 1281 1279 861
f 1281 1739 1279
f 1741 1739 1281
f 2201 2338 751
f 1739 2201 751
f 1741 2201 1739
f 1159 2338 2201
f 909 752 1160
f 909 1160 911
f 911 1164 909
f 909 1164 756
f 1656 1161 1812
f 1161 757 1812
f 1161 753 757
f 1165 1656 1812
f 2149 2280 1162
f 1166 2756 2631
f 1166 2631 754
f 2149 1166 754
f 2280 2149 754
f 2631 2756 755
f 2756 3196 755
f 2756 3198 3196
f 3198 1167 69
f 160 3198 69
f 3196 3198 160
f 160 69 463
f 160 463 558
f 1163 558 463
f 756 1168 758
f 1164 1168 756
f 1654 1812 757
f 2114 1165 2276
f 2276 1165 759
f 1165 1812 759
f 1812 1654 759
f 1169 2114 2276
f 2633 2756 1166
f 2756 2633 3105
f 2756 3105 3198
f 1167 3198 3105
f 1168 1331 1443
f 760 1168 1443
f 758 1168 760
f 1331 1170 1443
f 2112 2276 759
f 2586 1169 2750
f 2750 1169 761
f 1169 2276 761
f 2276 2112 761
f 1171 2586 2750
f 1445 762 760
f 1445 760 1443
f 1443 1170 1445
f 1445 1170 1172
f 2584 2750 761
f 1171 2750 2584
f 763 1171 2584
f 1173 1171 763
f 1447 764 762
f 1447 762 1445
f 1445 1172 1447
f 1447 1172 1174
f 763 3056 1173
f 1173 3056 3058
f 1175 3058 3056
f 1175 3056 765
f 1449 766 764
f 1449 764 1447
f 1447 1174 1449
f 1449 1174 1176
f 765 20 1175
f 1175 20 22
f 20 767 546
f 416 20 546
f 22 20 416
f 416 546 942
f 416 942 812
f 812 942 1374
f 812 1374 1228
f 1228 1374 1832
f 1228 1832 1688
f 1688 1832 2292
f 1688 2292 2150
f 1177 2150 2292
f 766 1449 1332
f 1178 766 1332
f 768 766 1178
f 1449 1176 1332
f 414 546 767
f 769 944 414
f 944 546 414
f 944 942 546
f 1376 942 944
f 1374 942 1376
f 1834 1374 1376
f 1832 1374 1834
f 2294 1832 1834
f 2292 1832 2294
f 2770 2634 1177
f 2292 2770 1177
f 2294 2770 2292
f 2634 2770 3214
f 2634 3214 3106
f 3106 3214 178
f 3106 178 70
f 1179 70 178
f 1329 768 1178
f 1329 1178 1333
f 1333 1180 1329
f 1329 1180 770
f 771 946 769
f 769 946 944
f 1378 944 946
f 1376 944 1378
f 1836 1376 1378
f 1834 1376 1836
f 2298 1834 1836
f 2294 1834 2298
f 2774 2294 2298
f 2770 2294 2774
f 2774 1181 3107
f 3214 2774 3107
f 2770 2774 3214
f 3214 3107 71
f 3214 71 178
f 1179 178 71
f 770 1182 772
f 1180 1182 770
f 810 946 771
f 773 1380 810
f 1380 946 810
f 1380 1378 946
f 1840 1378 1380
f 1836 1378 1840
f 2302 1836 1840
f 2298 1836 2302
f 2302 1183 2635
f 2774 2302 2635
f 2298 2302 2774
f 1181 2774 2635
f 1791 772 1182
f 1791 1182 1793
f 1793 1184 1791
f 1791 1184 774
f 775 1382 773
f 773 1382 1380
f 1844 1380 1382
f 1840 1380 1844
f 2306 1840 1844
f 2302 1840 2306
f 1183 2302 2306
f 1183 2306 1185
f 1184 2253 2387
f 776 1184 2387
f 774 1184 776
f 2253 1186 2387
f 777 1384 775
f 775 1384 1382
f 1848 1382 1384
f 1844 1382 1848
f 2310 1844 1848
f 2306 1844 2310
f 1185 2306 2310
f 1185 2310 1187
f 2387 2251 776
f 1186 2723 2865
f 1186 2865 778
f 2387 1186 778
f 2251 2387 778
f 2723 1188 2865
f 1226 1384 777
f 779 1852 1226
f 1852 1384 1226
f 1852 1848 1384
f 2314 1848 1852
f 2310 1848 2314
f 2790 2636 1187
f 2310 2790 1187
f 2314 2790 2310
f 1189 2636 2790
f 2865 2721 778
f 2865 1188 2721
f 1188 780 2721
f 1188 1190 780
f 781 1856 779
f 779 1856 1852
f 2318 1852 1856
f 2314 1852 2318
f 2794 2314 2318
f 2790 2314 2794
f 1189 2790 2794
f 1189 2794 1191
f 780 1192 782
f 1190 1192 780
f 783 1860 781
f 781 1860 1856
f 2322 1856 1860
f 2318 1856 2322
f 2796 2318 2322
f 2794 2318 2796
f 3234 3108 1191
f 2794 3234 1191
f 2796 3234 2794
f 3108 3234 192
f 3108 192 72
f 72 192 586
f 72 586 464
f 464 586 994
f 464 994 862
f 862 994 784
f 1280 862 784
f 1282 862 1280
f 1280 785 1904
f 1742 1280 1904
f 1282 1280 1742
f 1193 1742 1904
f 782 1194 786
f 1192 1194 782
f 1686 1860 783
f 787 2324 1686
f 2324 1860 1686
f 2324 2322 1860
f 2800 2322 2324
f 2796 2322 2800
f 3238 2796 2800
f 3234 2796 3238
f 196 3234 3238
f 192 3234 196
f 462 586 788
f 586 196 788
f 586 192 196
f 860 994 462
f 462 994 586
f 784 994 860
f 1740 1904 785
f 1904 1740 1193
f 1740 2202 1193
f 1740 2200 2202
f 2686 2202 2200
f 2686 2688 2202
f 3156 2688 2686
f 3156 3158 2688
f 1195 3158 3156
f 1195 3156 789
f 786 1196 790
f 1194 1196 786
f 2148 2324 787
f 791 2802 2148
f 2802 2324 2148
f 2802 2800 2324
f 3240 2800 2802
f 3238 2800 3240
f 68 196 792
f 196 3240 792
f 196 3238 3240
f 788 196 68
f 789 118 1195
f 1195 118 120
f 512 647 1197
f 120 512 1197
f 118 512 120
f 793 647 512
f 2722 2881 794
f 2722 790 2881
f 790 1198 2881
f 790 1196 1198
f 2632 2802 791
f 3104 3240 2632
f 2632 3240 2802
f 792 3240 3104
f 647 514 1197
f 793 910 647
f 910 514 647
f 910 912 514
f 1330 912 910
f 1330 1334 912
f 1792 1334 1330
f 1792 1794 1334
f 2252 1794 1792
f 2252 2254 1794
f 2881 2724 794
f 2724 2252 794
f 2724 2254 2252
f 2881 1198 2724
f 1481 1695 1047
f 1047 1695 1693
f 1695 2153 1693
f 2155 2153 1695
f 2155 2639 2153
f 2641 2639 2155
f 2641 1482 2639
f 2639 1482 1048
f 1483 1235 1049
f 1049 1235 1233
f 1047 1233 1235
f 1047 1235 1481
f 3109 1048 1482
f 3109 1482 3111
f 3111 1484 3109
f 3109 1484 1050
f 1485 1049 1051
f 1485 1483 1049
f 1050 1486 1052
f 1484 1486 1050
f 1487 1051 1053
f 1487 1485 1051
f 1486 73 229
f 1054 1486 229
f 1052 1486 1054
f 73 1488 229
f 1489 815 979
f 1055 979 815
f 1487 1055 815
f 1053 1055 1487
f 231 1056 1054
f 231 1054 229
f 229 1488 231
f 231 1488 1490
f 981 1491 979
f 979 1491 1489
f 979 1055 1234
f 1417 979 1234
f 981 979 1417
f 1057 1417 1234
f 233 1058 1056
f 233 1056 231
f 231 1490 233
f 233 1490 1492
f 981 816 1491
f 816 981 1236
f 1236 981 1417
f 1057 1694 1417
f 1694 1236 1417
f 1694 1696 1236
f 2154 2361 1493
f 1696 2154 1493
f 1694 2154 1696
f 2640 2839 2361
f 2640 2361 2154
f 3110 3277 2839
f 3110 2839 2640
f 3277 3110 1058
f 233 3277 1058
f 235 3277 233
f 233 1492 235
f 235 1492 1494
f 2361 2156 1493
f 2156 2361 2642
f 2642 2361 2839
f 2642 2839 1495
f 2839 3279 1495
f 2839 3277 3279
f 3277 237 3279
f 3277 235 237
f 467 631 1494
f 631 235 1494
f 631 237 235
f 467 1496 631
f 3281 1497 3279
f 3279 1497 1495
f 3279 239 3281
f 3279 237 239
f 237 633 239
f 237 631 633
f 865 1035 1496
f 1035 631 1496
f 1035 633 631
f 865 1498 1035
f 3281 3112 1497
f 3112 3281 1499
f 3281 241 1499
f 3281 239 241
f 239 635 241
f 239 633 635
f 633 1037 635
f 633 1035 1037
f 1035 1498 1037
f 1037 1498 1500
f 245 1501 241
f 241 1501 1499
f 241 639 245
f 241 635 639
f 635 1039 639
f 635 1037 1039
f 1037 1500 1039
f 1039 1500 1502
f 245 74 1501
f 74 245 468
f 468 245 639
f 468 639 866
f 866 639 1039
f 1039 1502 866
f 1503 2657 2819
f 2819 2657 1059
f 2657 3125 1059
f 2657 3127 3125
f 1060 3125 215
f 3125 89 215
f 3125 3127 89
f 89 1504 215
f 1505 1711 1875
f 1875 1711 2343
f 2343 1711 2171
f 1503 2819 2171
f 2171 2819 2343
f 2819 2655 2343
f 2655 1061 2343
f 2819 1059 2655
f 215 87 1060
f 87 215 1504
f 483 87 1504
f 481 87 483
f 483 1506 481
f 481 1506 1062
f 1507 433 563
f 563 433 1063
f 433 829 1063
f 433 831 829
f 1064 829 1403
f 829 1251 1403
f 829 831 1251
f 1505 1875 1251
f 1251 1875 1403
f 1875 1709 1403
f 1709 1065 1403
f 2343 2169 1709
f 2343 1709 1875
f 2343 1061 2169
f 879 1062 1506
f 879 1506 881
f 881 1508 879
f 879 1508 1066
f 1509 39 169
f 1507 563 39
f 39 563 169
f 563 431 169
f 431 1067 169
f 563 1063 431
f 1403 1249 1064
f 1403 1065 1249
f 1066 1510 1068
f 1508 1510 1066
f 37 1069 169
f 1069 1509 169
f 1069 1511 1509
f 169 1067 37
f 1068 1512 1070
f 1510 1512 1068
f 1513 3075 1071
f 1071 3075 3073
f 1069 3073 3075
f 1069 3075 1511
f 1299 1070 1512
f 1299 1512 1301
f 1301 1514 1299
f 1299 1514 1072
f 2768 2599 1073
f 1071 2599 2768
f 1515 1071 2768
f 1513 1071 1515
f 1072 1516 1074
f 1514 1516 1072
f 2296 2125 1075
f 2601 2768 1073
f 2601 1073 2125
f 1517 2601 2125
f 2296 1517 2125
f 1515 2768 2601
f 1761 1074 1516
f 1761 1516 1763
f 2378 2221 1518
f 2221 1763 1518
f 2221 1761 1763
f 2378 1076 2221
f 1838 1665 1077
f 2127 2296 1075
f 2127 1075 1665
f 1519 2127 1665
f 1838 1519 1665
f 1517 2296 2127
f 2223 2378 1518
f 1078 1076 2378
f 2705 1078 2378
f 2223 2705 2378
f 2855 1078 2705
f 2705 1520 2855
f 1079 1842 1077
f 1077 1842 1838
f 1519 1838 1842
f 1519 1842 1521
f 2855 2703 1078
f 2855 1520 2703
f 1520 1080 2703
f 1520 1522 1080
f 1842 1079 1667
f 1079 1523 1667
f 1079 1081 1523
f 1521 1842 1667
f 1080 1524 1082
f 1522 1524 1080
f 1525 1081 1083
f 1525 1523 1081
f 1252 1526 1422
f 1252 1422 1896
f 1252 1896 1712
f 1712 1896 2364
f 1712 2364 2172
f 1527 2172 2364
f 1082 1528 1084
f 1524 1528 1082
f 1529 1083 1085
f 1529 1525 1083
f 832 1530 988
f 1422 1526 832
f 1422 832 988
f 1250 1422 988
f 1086 1250 988
f 1710 1896 1250
f 1250 1896 1422
f 2170 2364 1710
f 1710 2364 1896
f 2364 2170 1527
f 2170 2658 1527
f 2170 2656 2658
f 3126 2658 2656
f 3126 3128 2658
f 1531 3128 3126
f 1531 3126 1087
f 1084 1532 1088
f 1528 1532 1084
f 1085 1666 1529
f 1529 1666 1668
f 1533 1668 1666
f 1533 1666 1089
f 1090 830 988
f 1530 1090 988
f 1534 1090 1530
f 1086 988 830
f 1087 88 1531
f 1531 88 90
f 88 1091 636
f 484 88 636
f 90 88 484
f 1535 484 636
f 2706 1536 1092
f 2706 1092 2704
f 2704 1088 2706
f 2706 1088 1532
f 1089 2126 1533
f 1533 2126 2128
f 2600 2128 2126
f 2600 2602 2128
f 3074 2602 2600
f 3074 3076 2602
f 38 3076 3074
f 38 40 3076
f 432 40 38
f 432 434 40
f 432 1090 434
f 434 1090 1534
f 482 636 1091
f 636 482 1535
f 482 882 1535
f 482 880 882
f 880 1093 1474
f 1302 880 1474
f 882 880 1302
f 1302 1474 1094
f 1762 1302 1094
f 1764 1302 1762
f 2222 1764 1762
f 2222 2224 1764
f 2222 1092 2224
f 2224 1092 1536
f 1300 1474 1093
f 1094 1474 1300
f 1537 2571 1095
f 1095 2571 2569
f 2571 3041 2569
f 3043 3041 2571
f 3043 5 3041
f 7 5 3043
f 7 1538 5
f 5 1538 1096
f 1539 2099 1097
f 1097 2099 2097
f 1095 2097 2099
f 1095 2099 1537
f 399 1096 1538
f 399 1538 401
f 401 1540 399
f 399 1540 1098
f 1541 1203 1347
f 1347 1203 1099
f 1203 1639 1099
f 1203 1641 1639
f 1097 1639 1641
f 1097 1641 1539
f 1098 1542 1100
f 1540 1542 1098
f 2812 2671 1101
f 3250 3141 2812
f 2812 3141 2671
f 3250 1102 3141
f 1201 1103 1347
f 1103 1541 1347
f 1103 1543 1541
f 1347 1099 1201
f 1542 795 927
f 1104 1542 927
f 1100 1542 1104
f 795 1544 927
f 1545 847 1105
f 1105 847 845
f 847 1265 845
f 1267 1265 847
f 1267 1725 1265
f 1727 1725 1267
f 1727 2185 1725
f 2187 2185 1727
f 2673 2812 1101
f 2185 2673 1101
f 2187 2673 2185
f 2812 2673 3143
f 2812 3143 3250
f 103 1102 3250
f 3143 103 3250
f 105 103 3143
f 604 497 1546
f 497 105 1546
f 497 103 105
f 604 1106 497
f 1547 1103 1107
f 1547 1543 1103
f 929 1108 1104
f 929 1104 927
f 927 1544 929
f 929 1544 1548
f 1549 2619 2753
f 2753 2619 3195
f 3195 2619 3091
f 3195 3091 1109
f 3091 53 1109
f 3091 55 53
f 55 447 53
f 449 447 55
f 1105 447 449
f 1105 449 1545
f 499 604 1546
f 499 1550 604
f 1550 1106 604
f 1550 1110 1106
f 1551 1107 1111
f 1551 1547 1107
f 931 1112 1108
f 931 1108 929
f 1213 1363 1548
f 1363 929 1548
f 1363 931 929
f 1363 1213 1821
f 1821 1213 1673
f 1821 1673 2281
f 2281 1673 2135
f 1549 2753 2135
f 2135 2753 2281
f 2753 2617 2281
f 2617 1113 2281
f 3195 3089 2617
f 3195 2617 2753
f 3195 1109 3089
f 1110 1552 1114
f 1550 1552 1110
f 1355 1553 1202
f 1553 1111 1202
f 1553 1551 1111
f 1115 1355 1202
f 400 537 1116
f 537 400 1112
f 931 537 1112
f 933 537 931
f 931 1365 933
f 931 1363 1365
f 1363 1823 1365
f 1363 1821 1823
f 2281 2133 1117
f 1823 2281 1117
f 1821 2281 1823
f 2281 1113 2133
f 1114 1554 1118
f 1552 1554 1114
f 1355 1204 1553
f 1815 1555 1640
f 1640 1555 1115
f 1555 1204 1115
f 1204 1355 1115
f 2098 2277 1815
f 2098 1815 1640
f 1119 2277 2098
f 3042 3189 1120
f 6 149 3189
f 6 3189 3042
f 149 6 1116
f 537 149 1116
f 539 149 537
f 537 935 539
f 537 933 935
f 933 1367 935
f 933 1365 1367
f 1823 1669 1121
f 1367 1823 1121
f 1365 1823 1367
f 1823 1117 1669
f 1118 1556 1122
f 1554 1556 1118
f 1815 1642 1555
f 1642 1815 2100
f 2100 1815 2277
f 1119 2570 2277
f 2570 2100 2277
f 2570 2572 2100
f 2572 2570 1557
f 2570 3189 1557
f 3189 3191 1557
f 2570 1120 3189
f 3189 151 3191
f 3189 149 151
f 149 541 151
f 149 539 541
f 539 937 541
f 539 935 937
f 935 1369 937
f 935 1367 1369
f 1367 1121 1123
f 1367 1123 1369
f 1122 1558 1124
f 1556 1558 1122
f 3191 3044 1557
f 3044 3191 1559
f 3191 153 1559
f 3191 151 153
f 151 543 153
f 151 541 543
f 541 939 543
f 541 937 939
f 1369 1211 1125
f 939 1369 1125
f 937 1369 939
f 1369 1123 1211
f 895 1124 1558
f 895 1558 897
f 897 1560 895
f 895 1560 1126
f 153 8 1559
f 8 153 1561
f 153 545 1561
f 153 543 545
f 543 941 545
f 543 939 941
f 939 1125 1212
f 1373 939 1212
f 941 939 1373
f 1127 1373 1212
f 1126 1562 1128
f 1560 1562 1126
f 547 1563 545
f 545 1563 1561
f 545 943 547
f 545 941 943
f 941 1375 943
f 941 1373 1375
f 1373 1127 1129
f 1373 1129 1375
f 1128 1564 1130
f 1562 1564 1128
f 547 402 1563
f 402 547 1565
f 547 945 1565
f 547 943 945
f 943 1377 945
f 943 1375 1377
f 1375 1129 1670
f 1835 1375 1670
f 1377 1375 1835
f 1131 1835 1670
f 1315 1130 1564
f 1315 1564 1317
f 1317 1566 1315
f 1315 1566 1132
f 947 1567 945
f 945 1567 1565
f 945 1379 947
f 945 1377 1379
f 1377 1839 1379
f 1377 1835 1839
f 1835 1131 1133
f 1835 1133 1839
f 1568 1918 1777
f 1132 1568 1777
f 1566 1568 1132
f 1918 1134 1777
f 949 1569 947
f 947 1569 1567
f 947 1381 949
f 947 1379 1381
f 1379 1843 1381
f 1379 1839 1843
f 1839 1133 1135
f 1839 1135 1843
f 1779 1918 1568
f 1779 1570 1918
f 1570 1134 1918
f 1570 1136 1134
f 949 796 1569
f 796 949 1571
f 949 1383 1571
f 949 1381 1383
f 1843 1671 1137
f 1383 1843 1137
f 1381 1843 1383
f 1843 1135 1671
f 2237 1136 1570
f 2237 1570 2239
f 2239 1572 2237
f 2237 1572 1138
f 1573 797 953
f 1571 1383 797
f 1383 953 797
f 1383 1385 953
f 1383 1137 1139
f 1383 1139 1385
f 1138 1574 1140
f 1572 1574 1138
f 953 798 1573
f 798 953 1575
f 953 1387 1575
f 953 1385 1387
f 1385 1139 1141
f 1385 1141 1387
f 1140 1576 1142
f 1574 1576 1140
f 1389 1577 1387
f 1387 1577 1575
f 1387 1141 1143
f 1387 1143 1389
f 1142 1578 1144
f 1576 1578 1142
f 1389 1214 1577
f 1579 1214 1389
f 1143 1579 1389
f 1145 1579 1143
f 2238 2403 1146
f 2238 1144 2403
f 1144 1580 2403
f 1144 1578 1580
f 1581 1145 1147
f 1581 1579 1145
f 1316 1479 1148
f 1780 1582 1479
f 1316 1780 1479
f 1778 1780 1316
f 2403 2240 1146
f 2240 1778 1146
f 2240 1780 1778
f 2403 1580 2240
f 1583 1147 1149
f 1583 1581 1147
f 1728 1584 1150
f 1728 1150 1726
f 2186 1728 1726
f 2186 2188 1728
f 2672 2188 2186
f 2672 2674 2188
f 3142 2674 2672
f 3142 3144 2674
f 104 3144 3142
f 104 106 3144
f 498 106 104
f 498 500 106
f 896 500 498
f 896 898 500
f 1479 1318 1148
f 1318 896 1148
f 1318 898 896
f 1479 1582 1318
f 1149 1672 1583
f 1583 1672 1674
f 1585 1674 1672
f 1585 1672 1151
f 1268 1586 1152
f 1268 1152 1266
f 1266 1150 1268
f 1268 1150 1584
f 2331 1587 2134
f 1587 1151 2134
f 1587 1585 1151
f 1153 2331 2134
f 848 1588 1004
f 1004 1154 848
f 1154 1586 848
f 1154 1152 1586
f 2331 2136 1587
f 1153 2618 2331
f 2618 2136 2331
f 2618 2620 2136
f 3090 2620 2618
f 3090 3092 2620
f 54 3092 3090
f 54 56 3092
f 448 56 54
f 448 450 56
f 1588 450 1004
f 450 846 1004
f 450 448 846
f 1154 1004 846
f 3180 3057 1155
f 140 21 3180
f 3180 21 3057
f 530 415 140
f 140 415 21
f 926 811 530
f 530 811 415
f 926 1156 811
f 2270 2113 1157
f 2742 2585 2270
f 2270 2585 2113
f 2585 2742 1155
f 2742 3180 1155
f 2742 3182 3180
f 3182 1589 23
f 140 3182 23
f 3180 3182 140
f 140 23 417
f 140 417 530
f 530 417 813
f 530 813 926
f 1590 1360 1227
f 1590 1227 1156
f 813 1590 1156
f 926 813 1156
f 1360 1158 1227
f 2816 2687 1159
f 3254 3157 2816
f 2816 3157 2687
f 1591 121 3254
f 121 3157 3254
f 121 119 3157
f 121 513 119
f 515 513 121
f 515 1592 513
f 513 1592 1160
f 1810 1655 1161
f 1655 1810 1157
f 1810 2270 1157
f 1810 2272 2270
f 2744 2270 2272
f 2742 2270 2744
f 2744 1593 3059
f 3182 2744 3059
f 2742 2744 3182
f 1589 3182 3059
f 1229 1360 1590
f 1594 1820 1687
f 1594 1687 1158
f 1229 1594 1158
f 1360 1229 1158
f 1820 1162 1687
f 962 861 1163
f 1595 1283 962
f 1283 861 962
f 1283 1281 861
f 1283 1741 1281
f 1743 1741 1283
f 1743 2201 1741
f 2203 2201 1743
f 2689 2816 1159
f 2201 2689 1159
f 2203 2689 2201
f 2816 2689 3159
f 2816 3159 3254
f 1591 3254 3159
f 911 1160 1592
f 911 1592 913
f 913 1596 911
f 911 1596 1164
f 1656 1810 1161
f 1165 2274 1656
f 2274 1810 1656
f 2274 2272 1810
f 2746 2272 2274
f 2744 2272 2746
f 1593 2744 2746
f 1593 2746 1597
f 1598 1822 1820
f 1598 1820 1594
f 1162 1820 2149
f 1820 2282 2149
f 1820 1822 2282
f 2282 1166 2149
f 162 69 1167
f 560 463 162
f 162 463 69
f 863 962 1163
f 863 1163 463
f 1599 863 463
f 560 1599 463
f 1595 962 863
f 1596 1335 1441
f 1168 1596 1441
f 1164 1596 1168
f 1335 1600 1441
f 2114 2274 1165
f 1169 2748 2114
f 2748 2274 2114
f 2748 2746 2274
f 1597 2746 2748
f 1597 2748 1601
f 1689 1822 1598
f 1822 1689 1602
f 2284 1822 1602
f 2282 1822 2284
f 1166 2282 2633
f 2282 2758 2633
f 2282 2284 2758
f 3200 3105 2758
f 2758 3105 2633
f 3105 3200 1167
f 3200 162 1167
f 3200 164 162
f 164 1603 465
f 560 164 465
f 162 164 560
f 1599 560 465
f 1441 1331 1168
f 1441 1600 1331
f 1600 1170 1331
f 1600 1604 1170
f 2586 2748 1169
f 1601 2748 2586
f 1171 1601 2586
f 1605 1601 1171
f 1606 2286 2284
f 1606 2284 1602
f 2760 2284 2286
f 2758 2284 2760
f 3202 2758 2760
f 3200 2758 3202
f 168 3200 3202
f 164 3200 168
f 1603 164 168
f 1603 168 1607
f 1170 1608 1172
f 1604 1608 1170
f 3060 1605 3192
f 1605 1173 3192
f 1605 1171 1173
f 1609 3060 3192
f 1230 1610 1370
f 1230 1370 1828
f 1230 1828 1690
f 2286 1606 1690
f 1828 2286 1690
f 2288 2286 1828
f 2762 2286 2288
f 2760 2286 2762
f 3204 2760 2762
f 3202 2760 3204
f 172 3202 3204
f 168 3202 172
f 566 466 1607
f 168 566 1607
f 172 566 168
f 1611 466 566
f 1172 1612 1174
f 1608 1612 1172
f 3058 3192 1173
f 24 1609 154
f 154 1609 1175
f 1609 3192 1175
f 3192 3058 1175
f 24 154 544
f 24 544 418
f 418 544 940
f 418 940 814
f 1370 1610 814
f 940 1370 814
f 1372 1370 940
f 1830 1370 1372
f 1828 1370 1830
f 2290 1828 1830
f 2288 1828 2290
f 2764 2288 2290
f 2762 2288 2764
f 3206 2762 2764
f 3204 2762 3206
f 174 3204 3206
f 172 3204 174
f 568 172 174
f 566 172 568
f 1611 566 568
f 1611 568 1613
f 1174 1614 1176
f 1612 1614 1174
f 22 154 1175
f 416 544 22
f 22 544 154
f 812 940 416
f 416 940 544
f 1228 1372 812
f 812 1372 940
f 1688 1830 1228
f 1228 1830 1372
f 2150 2290 1688
f 1688 2290 1830
f 1177 2766 2150
f 2766 2290 2150
f 2766 2764 2290
f 3210 2764 2766
f 3206 2764 3210
f 176 3206 3210
f 174 3206 176
f 570 174 176
f 568 174 570
f 974 864 1613
f 568 974 1613
f 570 974 568
f 1615 864 974
f 1332 1453 1178
f 1332 1176 1453
f 1176 1616 1453
f 1176 1614 1616
f 2634 2766 1177
f 3106 3210 2634
f 2634 3210 2766
f 70 176 3106
f 3106 176 3210
f 1179 572 70
f 572 176 70
f 572 570 176
f 976 570 572
f 974 570 976
f 1615 974 976
f 1615 976 1617
f 1453 1333 1178
f 1453 1616 1333
f 1616 1180 1333
f 1616 1618 1180
f 3218 3107 1181
f 180 71 3218
f 3218 71 3107
f 71 180 1179
f 180 572 1179
f 180 574 572
f 978 572 574
f 976 572 978
f 1414 1284 1617
f 976 1414 1617
f 978 1414 976
f 1284 1414 1888
f 1284 1888 1744
f 1619 1744 1888
f 1618 1795 1915
f 1182 1618 1915
f 1180 1618 1182
f 1795 1620 1915
f 2778 2635 1183
f 2635 2778 1181
f 2778 3218 1181
f 2778 3222 3218
f 182 3218 3222
f 180 3218 182
f 576 180 182
f 574 180 576
f 980 574 576
f 978 574 980
f 1416 978 980
f 1414 978 1416
f 1416 1621 1745
f 1888 1416 1745
f 1414 1416 1888
f 1619 1888 1745
f 1915 1793 1182
f 1915 1620 1793
f 1620 1184 1793
f 1620 1622 1184
f 1185 2782 1183
f 1183 2782 2778
f 3226 2778 2782
f 3222 2778 3226
f 184 3222 3226
f 182 3222 184
f 578 182 184
f 576 182 578
f 982 576 578
f 980 576 982
f 1418 980 982
f 1416 980 1418
f 1621 1416 1418
f 1621 1418 1623
f 2253 1184 1622
f 2253 1622 2255
f 2255 1624 2253
f 2253 1624 1186
f 1187 2786 1185
f 1185 2786 2782
f 3228 2782 2786
f 3226 2782 3228
f 186 3226 3228
f 184 3226 186
f 580 184 186
f 578 184 580
f 984 578 580
f 982 578 984
f 1420 982 984
f 1418 982 1420
f 1623 1418 1420
f 1623 1420 1625
f 2723 1186 1624
f 2723 1624 2725
f 2725 1626 2723
f 2723 1626 1188
f 2636 2786 1187
f 1189 3230 2636
f 3230 2786 2636
f 3230 3228 2786
f 188 3228 3230
f 186 3228 188
f 582 186 188
f 580 186 582
f 986 580 582
f 984 580 986
f 1424 984 986
f 1420 984 1424
f 1625 1420 1424
f 1625 1424 1627
f 1188 1628 1190
f 1626 1628 1188
f 1191 3232 1189
f 1189 3232 3230
f 190 3230 3232
f 188 3230 190
f 584 188 190
f 582 188 584
f 990 582 584
f 986 582 990
f 1428 986 990
f 1424 986 1428
f 1902 1746 1627
f 1424 1902 1627
f 1428 1902 1424
f 1629 1746 1902
f 1190 1630 1192
f 1628 1630 1190
f 3108 3232 1191
f 72 190 3108
f 3108 190 3232
f 464 584 72
f 72 584 190
f 862 990 464
f 464 990 584
f 1282 1428 862
f 862 1428 990
f 1742 1902 1282
f 1282 1902 1428
f 2204 1629 2372
f 2372 1629 1193
f 1629 1902 1193
f 1902 1742 1193
f 1631 2204 2372
f 1192 1632 1194
f 1630 1632 1192
f 2202 2372 1193
f 2372 2202 1631
f 2202 2690 1631
f 2202 2688 2690
f 3158 3293 1633
f 2690 3158 1633
f 2688 3158 2690
f 1195 3293 3158
f 1194 1634 1196
f 1632 1634 1194
f 3293 3160 1633
f 1195 120 3293
f 120 3160 3293
f 120 122 3160
f 120 1197 648
f 516 120 648
f 122 120 516
f 1635 516 648
f 2726 1636 2882
f 2882 1198 2726
f 1198 1634 2726
f 1198 1196 1634
f 514 648 1197
f 648 514 1635
f 514 914 1635
f 514 912 914
f 1334 914 912
f 1334 1336 914
f 1794 1336 1334
f 1794 1796 1336
f 2254 1796 1794
f 2254 2256 1796
f 1636 2256 2882
f 2256 2724 2882
f 2256 2254 2724
f 1198 2882 2724
f 1939 1697 1481
f 1481 1697 1695
f 1697 2155 1695
f 2157 2155 1697
f 2157 2641 2155
f 2643 2641 2157
f 1482 2641 3265
f 2641 3113 3265
f 2641 2643 3113
f 3113 1940 3265
f 1941 1237 1483
f 1483 1237 1235
f 1481 1235 1237
f 1481 1237 1939
f 3265 3111 1482
f 3265 1940 3111
f 1940 1484 3111
f 1940 1942 1484
f 1943 817 975
f 1485 975 817
f 1941 1485 817
f 1483 1485 1941
f 1942 75 227
f 1486 1942 227
f 1484 1942 1486
f 75 1944 227
f 977 1945 975
f 975 1945 1943
f 975 1485 1487
f 975 1487 977
f 227 73 1486
f 227 1944 73
f 1944 1488 73
f 1944 1946 1488
f 815 1489 977
f 1489 1945 977
f 1489 1947 1945
f 977 1487 815
f 1488 1948 1490
f 1946 1948 1488
f 1949 3061 3223
f 3223 3061 183
f 183 3061 25
f 183 25 577
f 577 25 419
f 1491 577 419
f 1947 1491 419
f 1489 1491 1947
f 1948 469 627
f 1492 1948 627
f 1490 1948 1492
f 469 1950 627
f 1951 2587 2783
f 1949 3223 2587
f 3223 2783 2587
f 3223 3227 2783
f 3223 185 3227
f 3223 183 185
f 183 579 185
f 183 577 579
f 577 1491 816
f 983 577 816
f 579 577 983
f 1236 1419 983
f 1236 983 816
f 1696 1893 1419
f 1696 1419 1236
f 1493 1893 1696
f 629 1494 1492
f 629 1492 627
f 627 1950 629
f 629 1950 1952
f 2787 1953 2783
f 2783 1953 1951
f 2783 3229 2787
f 2783 3227 3229
f 3227 187 3229
f 3227 185 187
f 185 581 187
f 185 579 581
f 579 985 581
f 579 983 985
f 1954 985 1238
f 985 1419 1238
f 985 983 1419
f 1238 1419 1698
f 1698 1419 1893
f 2363 1955 2156
f 2156 1955 1493
f 1955 1698 1493
f 1698 1893 1493
f 2642 2841 2363
f 2642 2363 2156
f 1495 2841 2642
f 629 467 1494
f 1952 867 1033
f 1952 1033 1496
f 629 1952 1496
f 467 629 1496
f 867 1956 1033
f 2791 1957 2787
f 2787 1957 1953
f 2787 3231 2791
f 2787 3229 3231
f 3229 189 3231
f 3229 187 189
f 187 583 189
f 187 581 583
f 1958 583 818
f 583 985 818
f 583 581 985
f 985 1954 818
f 2363 2158 1955
f 2158 2363 2644
f 2644 2363 2841
f 1959 2644 2841
f 1495 1959 2841
f 1497 1959 1495
f 1033 865 1496
f 1956 1287 1469
f 1956 1469 1498
f 1033 1956 1498
f 865 1033 1498
f 1287 1960 1469
f 2791 2588 1957
f 2588 2791 3062
f 3062 2791 3231
f 3062 3231 26
f 26 3231 189
f 26 189 420
f 420 189 583
f 583 1958 420
f 3285 1961 3112
f 1961 1497 3112
f 1961 1959 1497
f 1499 3285 3112
f 1471 1500 1498
f 1471 1498 1469
f 1749 1929 1960
f 1929 1469 1960
f 1929 1471 1469
f 1749 1962 1929
f 3289 1963 3285
f 3285 1963 1961
f 3285 1499 1501
f 3285 1501 3289
f 1473 1502 1500
f 1473 1500 1471
f 1964 1473 1750
f 1473 1929 1750
f 1473 1471 1929
f 1929 1962 1750
f 3289 3114 1963
f 249 1965 74
f 74 1965 1501
f 1965 3114 1501
f 3114 3289 1501
f 468 643 249
f 468 249 74
f 866 1043 643
f 866 643 468
f 1473 1288 1502
f 1502 1288 866
f 1288 1966 866
f 1966 1043 866
f 1473 1964 1288
f 249 76 1965
f 76 249 470
f 470 249 643
f 470 643 868
f 868 643 1043
f 1043 1966 868
f 1967 3129 3253
f 3129 1968 3253
f 1969 2659 2817
f 1967 3253 2659
f 3253 2817 2659
f 3253 3255 2817
f 91 213 1968
f 213 3253 1968
f 213 3255 3253
f 91 1970 213
f 1971 1713 1873
f 1873 1713 2341
f 2341 1713 2173
f 1969 2817 2173
f 2173 2817 2341
f 2817 2657 2341
f 2657 1503 2341
f 3255 3127 2657
f 3255 2657 2817
f 213 89 3127
f 213 3127 3255
f 1970 485 609
f 1970 609 1504
f 213 1970 1504
f 89 213 1504
f 485 1972 609
f 1973 833 965
f 965 833 1401
f 1401 833 1253
f 1971 1873 1253
f 1253 1873 1401
f 1873 1711 1401
f 1711 1505 1401
f 2341 2171 1711
f 2341 1711 1873
f 2341 1503 2171
f 609 483 1504
f 609 1972 483
f 1972 1506 483
f 1972 1974 1506
f 1975 41 165
f 165 41 1507
f 41 433 1507
f 41 435 433
f 435 1973 965
f 831 435 965
f 433 435 831
f 1401 1251 831
f 1401 831 965
f 1401 1505 1251
f 881 1506 1974
f 881 1974 883
f 883 1976 881
f 881 1976 1508
f 39 1509 165
f 1509 1975 165
f 1509 1977 1975
f 165 1507 39
f 1508 1978 1510
f 1976 1978 1508
f 1979 1509 1511
f 1979 1977 1509
f 1510 1980 1512
f 1978 1980 1510
f 1981 3077 1513
f 1513 3077 3075
f 1511 3075 3077
f 1511 3077 1979
f 1301 1512 1980
f 1301 1980 1303
f 1303 1982 1301
f 1301 1982 1514
f 1983 1513 1515
f 1983 1981 1513
f 1982 1765 1909
f 1516 1982 1909
f 1514 1982 1516
f 1765 1984 1909
f 2772 2601 1517
f 1515 2601 2772
f 1985 1515 2772
f 1983 1515 1985
f 1909 1763 1516
f 1984 2225 2379
f 1984 2379 1518
f 1909 1984 1518
f 1763 1909 1518
f 2225 1986 2379
f 2300 2127 1519
f 2603 2772 1517
f 2603 1517 2127
f 1987 2603 2127
f 2300 1987 2127
f 1985 2772 2603
f 2379 2223 1518
f 2705 2223 2379
f 1988 2705 2379
f 1986 1988 2379
f 2705 1988 2856
f 2856 1520 2705
f 1521 2304 1519
f 1519 2304 2300
f 1987 2300 2304
f 1987 2304 1989
f 2707 2856 1988
f 2707 1990 2856
f 1990 1520 2856
f 1990 1522 1520
f 1846 1667 1523
f 2129 2304 1521
f 2129 1521 1667
f 1991 2129 1667
f 1846 1991 1667
f 1989 2304 2129
f 1522 1992 1524
f 1990 1992 1522
f 1525 1850 1523
f 1523 1850 1846
f 1991 1846 1850
f 1991 1850 1993
f 1254 1994 1526
f 1254 1526 1252
f 1712 1254 1252
f 1712 1714 1254
f 2172 1714 1712
f 2172 2174 1714
f 1995 2174 2172
f 1995 2172 1527
f 1524 1996 1528
f 1992 1996 1524
f 1529 1854 1525
f 1525 1854 1850
f 1993 1850 1854
f 1993 1854 1997
f 834 1998 1530
f 834 1530 832
f 832 1526 834
f 834 1526 1994
f 1527 2658 1995
f 1995 2658 2660
f 3128 2660 2658
f 3128 3130 2660
f 1999 3130 3128
f 1999 3128 1531
f 1528 2000 1532
f 1996 2000 1528
f 1668 1854 1529
f 2130 1997 2320
f 2320 1997 1533
f 1997 1854 1533
f 1854 1668 1533
f 2001 2130 2320
f 1530 2002 1534
f 1998 2002 1530
f 1531 90 1999
f 1999 90 92
f 484 637 2003
f 92 484 2003
f 90 484 92
f 1535 637 484
f 2708 2004 1536
f 2708 1536 2706
f 2706 1532 2708
f 2708 1532 2000
f 2128 2320 1533
f 2320 2128 2001
f 2128 2604 2001
f 2128 2602 2604
f 3076 2604 2602
f 3076 3078 2604
f 40 3078 3076
f 40 42 3078
f 434 42 40
f 434 436 42
f 434 1534 436
f 436 1534 2002
f 637 486 2003
f 1535 882 637
f 882 486 637
f 882 884 486
f 1302 884 882
f 1302 1304 884
f 1764 1304 1302
f 1764 1766 1304
f 2224 1766 1764
f 2224 2226 1766
f 2224 1536 2226
f 2226 1536 2004
f 2005 2573 1537
f 1537 2573 2571
f 2573 3043 2571
f 3045 3043 2573
f 3045 7 3043
f 9 7 3045
f 9 2006 7
f 7 2006 1538
f 2007 2101 1539
f 1539 2101 2099
f 1537 2099 2101
f 1537 2101 2005
f 401 1538 2006
f 401 2006 403
f 403 2008 401
f 401 2008 1540
f 1348 1203 1541
f 2009 1643 1348
f 1643 1203 1348
f 1643 1641 1203
f 1539 1641 1643
f 1539 1643 2007
f 1540 2010 1542
f 2008 2010 1540
f 2011 2675 2813
f 2813 2675 3251
f 3251 2675 3145
f 3145 2012 3251
f 1348 1541 1205
f 1541 2013 1205
f 1541 1543 2013
f 2009 1348 1205
f 795 1542 2010
f 795 2010 799
f 799 2014 795
f 795 2014 1544
f 2015 849 1545
f 1545 849 847
f 849 1267 847
f 1269 1267 849
f 1269 1727 1267
f 1729 1727 1269
f 1729 2187 1727
f 2189 2187 1729
f 2189 2011 2813
f 2673 2189 2813
f 2187 2189 2673
f 3251 3143 2673
f 3251 2673 2813
f 3143 3251 2012
f 107 3143 2012
f 105 3143 107
f 1546 105 605
f 105 501 605
f 105 107 501
f 501 2016 605
f 2017 1543 1547
f 2017 2013 1543
f 2014 1215 1361
f 1548 2014 1361
f 1544 2014 1548
f 1361 1215 1819
f 1819 1215 1675
f 1819 1675 2279
f 2279 1675 2137
f 2279 2137 1549
f 2137 2619 1549
f 2137 2621 2619
f 2621 3091 2619
f 3093 3091 2621
f 3093 55 3091
f 57 55 3093
f 57 449 55
f 451 449 57
f 1545 449 451
f 1545 451 2015
f 605 499 1546
f 605 2016 499
f 2016 1550 499
f 2016 2018 1550
f 2019 1547 1551
f 2019 2017 1547
f 1361 1213 1548
f 1819 1673 1213
f 1819 1213 1361
f 2279 2135 1673
f 2279 1673 1819
f 2279 1549 2135
f 1550 2020 1552
f 2018 2020 1550
f 2021 1551 1553
f 2021 2019 1551
f 1552 2022 1554
f 2020 2022 1552
f 1553 1204 2021
f 2021 1204 1206
f 2023 1206 1204
f 2023 1204 1555
f 1554 2024 1556
f 2022 2024 1554
f 1555 1642 2023
f 2023 1642 1644
f 2100 1644 1642
f 2100 2102 1644
f 2572 2751 2025
f 2102 2572 2025
f 2100 2572 2102
f 1557 2751 2572
f 1556 2026 1558
f 2024 2026 1556
f 2751 2574 2025
f 1557 3044 2751
f 3044 2574 2751
f 3044 3046 2574
f 2027 3046 3044
f 2027 3044 1559
f 897 1558 2026
f 897 2026 899
f 899 2028 897
f 897 2028 1560
f 155 2029 8
f 2029 1559 8
f 2029 2027 1559
f 1561 155 8
f 1560 2030 1562
f 2028 2030 1560
f 155 10 2029
f 2031 10 155
f 1561 2031 155
f 1563 2031 1561
f 1562 2032 1564
f 2030 2032 1562
f 549 2033 402
f 2033 1563 402
f 2033 2031 1563
f 1565 549 402
f 1317 1564 2032
f 1317 2032 1319
f 1319 2034 1317
f 1317 2034 1566
f 549 404 2033
f 2035 404 549
f 1565 2035 549
f 1567 2035 1565
f 1566 2036 1568
f 2034 2036 1566
f 2037 1567 1569
f 2037 2035 1567
f 1779 1568 2036
f 1779 2036 1781
f 1781 2038 1779
f 1779 2038 1570
f 951 2039 796
f 2039 1569 796
f 2039 2037 1569
f 1571 951 796
f 2239 1570 2038
f 2239 2038 2241
f 2241 2040 2239
f 2239 2040 1572
f 797 1573 951
f 1573 2039 951
f 1573 2041 2039
f 951 1571 797
f 1572 2042 1574
f 2040 2042 1572
f 955 2043 798
f 2043 1573 798
f 2043 2041 1573
f 1575 955 798
f 1574 2044 1576
f 2042 2044 1574
f 955 800 2043
f 2045 800 955
f 1575 2045 955
f 1577 2045 1575
f 1576 2046 1578
f 2044 2046 1576
f 1391 2047 1214
f 2047 1577 1214
f 2047 2045 1577
f 1579 1391 1214
f 1578 2048 1580
f 2046 2048 1578
f 1391 1216 2047
f 2049 1216 1391
f 1579 2049 1391
f 1581 2049 1579
f 1730 2050 1908
f 1730 1908 2376
f 1730 2376 2190
f 2051 2190 2376
f 1780 1937 1582
f 2242 2052 1937
f 1780 2242 1937
f 2240 2242 1780
f 2240 1580 2242
f 2242 1580 2048
f 2053 1581 1583
f 2053 2049 1581
f 1270 2054 1438
f 1908 2050 1270
f 1908 1270 1438
f 1728 1908 1438
f 1584 1728 1438
f 2188 2376 1728
f 1728 2376 1908
f 2376 2188 2051
f 2188 2676 2051
f 2188 2674 2676
f 3144 2676 2674
f 3144 3146 2676
f 106 3146 3144
f 106 108 3146
f 500 108 106
f 500 502 108
f 898 502 500
f 898 900 502
f 1318 900 898
f 1318 1320 900
f 1937 1782 1582
f 1782 1318 1582
f 1782 1320 1318
f 1937 2052 1782
f 1583 1674 2053
f 2053 1674 1676
f 2055 1676 1674
f 2055 1674 1585
f 850 2056 1002
f 1438 2054 850
f 1438 850 1002
f 1268 1438 1002
f 1586 1268 1002
f 1584 1438 1268
f 2138 2055 2332
f 2055 1587 2332
f 2055 1585 1587
f 2057 2138 2332
f 452 2058 598
f 1002 2056 452
f 1002 452 598
f 848 1002 598
f 1588 848 598
f 1586 1002 848
f 2136 2332 1587
f 2332 2136 2057
f 2136 2622 2057
f 2136 2620 2622
f 3092 2622 2620
f 3092 3094 2622
f 56 3094 3092
f 56 58 3094
f 2058 58 598
f 58 450 598
f 58 56 450
f 1588 598 450
f 142 23 1589
f 532 417 142
f 142 417 23
f 928 813 532
f 532 813 417
f 928 1590 813
f 212 121 1591
f 606 515 212
f 212 515 121
f 606 1592 515
f 3184 3059 1593
f 3059 3184 1589
f 3184 142 1589
f 3184 144 142
f 534 142 144
f 532 142 534
f 930 532 534
f 928 532 930
f 1590 928 1229
f 928 1362 1229
f 928 930 1362
f 1362 1594 1229
f 1398 1283 1595
f 1872 1743 1398
f 1398 1743 1283
f 2340 2203 1872
f 1872 2203 1743
f 2059 2691 2340
f 2691 2203 2340
f 2691 2689 2203
f 2691 3159 2689
f 3161 3159 2691
f 123 212 1591
f 3159 123 1591
f 3161 123 3159
f 212 123 517
f 212 517 606
f 913 1592 606
f 517 913 606
f 915 913 517
f 915 2060 913
f 913 2060 1596
f 1597 3186 1593
f 1593 3186 3184
f 146 3184 3186
f 144 3184 146
f 536 144 146
f 534 144 536
f 932 534 536
f 930 534 932
f 1364 930 932
f 1362 930 1364
f 1594 1362 1598
f 1598 1362 1364
f 964 863 1599
f 1285 1398 1595
f 1285 1595 863
f 2061 1285 863
f 964 2061 863
f 1398 1285 1747
f 1398 1747 1872
f 1872 1747 2205
f 1872 2205 2340
f 2059 2340 2205
f 1335 1596 2060
f 1335 2060 1337
f 1337 2062 1335
f 1335 2062 1600
f 1601 3188 1597
f 1597 3188 3186
f 148 3186 3188
f 146 3186 148
f 538 146 148
f 536 146 538
f 934 536 538
f 932 536 934
f 1366 932 934
f 1364 932 1366
f 1598 1364 1689
f 1364 1824 1689
f 1364 1366 1824
f 1824 1602 1689
f 562 465 1603
f 465 562 1599
f 562 964 1599
f 562 966 964
f 2061 964 966
f 2061 966 2063
f 1600 2064 1604
f 2062 2064 1600
f 1605 3190 1601
f 1601 3190 3188
f 150 3188 3190
f 148 3188 150
f 540 148 150
f 538 148 540
f 936 538 540
f 934 538 936
f 1368 934 936
f 1366 934 1368
f 1826 1366 1368
f 1824 1366 1826
f 1602 1824 1606
f 1606 1824 1826
f 1607 564 1603
f 1603 564 562
f 968 562 564
f 966 562 968
f 2063 966 968
f 2063 968 2065
f 1604 2066 1608
f 2064 2066 1604
f 3060 3190 1605
f 1609 152 3060
f 152 3190 3060
f 152 150 3190
f 542 150 152
f 540 150 542
f 938 540 542
f 936 540 938
f 1230 1368 1610
f 1368 938 1610
f 1368 936 938
f 1690 1826 1230
f 1230 1826 1368
f 1606 1826 1690
f 466 564 1607
f 1611 970 466
f 970 564 466
f 970 968 564
f 1406 1286 2065
f 968 1406 2065
f 970 1406 968
f 2067 1286 1406
f 1608 2068 1612
f 2066 2068 1608
f 24 152 1609
f 418 542 24
f 24 542 152
f 814 938 418
f 418 938 542
f 1610 938 814
f 1613 972 1611
f 1611 972 970
f 1408 970 972
f 1406 970 1408
f 2067 1406 1408
f 2067 1408 2069
f 1612 2070 1614
f 2068 2070 1612
f 864 972 1613
f 1615 1410 864
f 1410 972 864
f 1410 1408 972
f 1884 1748 2069
f 1408 1884 2069
f 1410 1884 1408
f 1748 1884 2352
f 1748 2352 2206
f 2071 2206 2352
f 1614 2072 1616
f 2070 2072 1614
f 1617 1412 1615
f 1615 1412 1410
f 1886 1410 1412
f 1884 1410 1886
f 2354 1884 1886
f 2352 1884 2354
f 2832 2692 2071
f 2352 2832 2071
f 2354 2832 2352
f 2073 2692 2832
f 2072 1797 1911
f 1618 2072 1911
f 1616 2072 1618
f 1797 2074 1911
f 1284 1412 1617
f 1744 1886 1284
f 1284 1886 1412
f 1619 2356 1744
f 2356 1886 1744
f 2356 2354 1886
f 2834 2354 2356
f 2832 2354 2834
f 2073 2832 2834
f 2073 2834 2075
f 1911 1795 1618
f 1911 2074 1795
f 2074 1620 1795
f 2074 2076 1620
f 1890 1745 1621
f 1745 1890 1619
f 1890 2356 1619
f 1890 2358 2356
f 2358 2077 2693
f 2834 2358 2693
f 2356 2358 2834
f 2075 2834 2693
f 2076 2257 2383
f 1622 2076 2383
f 1620 2076 1622
f 2257 2078 2383
f 1623 1892 1621
f 1621 1892 1890
f 2360 1890 1892
f 2358 1890 2360
f 2077 2358 2360
f 2077 2360 2079
f 2383 2255 1622
f 2078 2727 2861
f 2078 2861 1624
f 2383 2078 1624
f 2255 2383 1624
f 2727 2080 2861
f 1625 1894 1623
f 1623 1894 1892
f 1894 2081 2207
f 2360 1894 2207
f 1892 1894 2360
f 2079 2360 2207
f 2861 2725 1624
f 2861 2080 2725
f 2080 1626 2725
f 2080 2082 1626
f 1627 1898 1625
f 1625 1898 1894
f 2081 1894 1898
f 2081 1898 2083
f 1626 2084 1628
f 2082 2084 1626
f 1746 1898 1627
f 2208 2083 2370
f 2370 2083 1629
f 2083 1898 1629
f 1898 1746 1629
f 2085 2208 2370
f 1628 2086 1630
f 2084 2086 1628
f 2204 2370 1629
f 2085 2370 2204
f 1631 2085 2204
f 2087 2085 1631
f 1630 2088 1632
f 2086 2088 1630
f 1631 2690 2087
f 2087 2690 2694
f 2690 1633 3294
f 3162 2690 3294
f 2694 2690 3162
f 2089 3162 3294
f 2728 2090 2878
f 2878 1634 2728
f 1634 2088 2728
f 1634 1632 2088
f 3160 3294 1633
f 3294 3160 2089
f 3160 124 2089
f 3160 122 124
f 516 124 122
f 516 518 124
f 516 1635 1046
f 916 516 1046
f 518 516 916
f 2091 916 1046
f 2258 2092 2406
f 2878 2090 2258
f 2878 2258 2406
f 2726 2878 2406
f 1636 2726 2406
f 1634 2878 2726
f 914 1046 1635
f 1046 914 2091
f 914 1338 2091
f 914 1336 1338
f 1796 1338 1336
f 1796 1798 1338
f 2092 1798 2406
f 1798 2256 2406
f 1798 1796 2256
f 1636 2406 2256
f 2407 1699 1939
f 1939 1699 1697
f 1699 2157 1697
f 2159 2157 1699
f 2159 2643 2157
f 2645 2643 2159
f 2645 3113 2643
f 3115 3113 2645
f 3115 2408 3113
f 3113 2408 1940
f 2409 819 973
f 973 819 1941
f 819 1237 1941
f 819 1239 1237
f 1939 1237 1239
f 1939 1239 2407
f 2408 77 225
f 1942 2408 225
f 1940 2408 1942
f 77 2410 225
f 817 1943 973
f 1943 2409 973
f 1943 2411 2409
f 973 1941 817
f 225 75 1942
f 225 2410 75
f 2410 1944 75
f 2410 2412 1944
f 2413 421 573
f 1945 573 421
f 2411 1945 421
f 1943 1945 2411
f 2412 471 623
f 1946 2412 623
f 1944 2412 1946
f 471 2414 623
f 2415 3063 3219
f 3219 3063 181
f 181 3063 27
f 2413 573 27
f 573 181 27
f 573 575 181
f 573 1945 1947
f 573 1947 575
f 625 1948 1946
f 625 1946 623
f 623 2414 625
f 625 2414 2416
f 2417 2589 2779
f 2415 3219 2589
f 2589 3219 2779
f 3219 3061 2779
f 3061 1949 2779
f 181 25 3061
f 181 3061 3219
f 575 419 25
f 575 25 181
f 575 1947 419
f 625 469 1948
f 2416 869 1029
f 2416 1029 1950
f 625 2416 1950
f 469 625 1950
f 869 2418 1029
f 2419 2115 2307
f 2417 2779 2115
f 2115 2779 2307
f 2779 2587 2307
f 2587 1951 2307
f 2779 1949 2587
f 1031 1952 1950
f 1031 1950 1029
f 1029 2418 1031
f 1031 2418 2420
f 2311 2421 2307
f 2307 2421 2419
f 2307 1951 1953
f 2307 1953 2311
f 1238 1421 1954
f 1698 1895 1421
f 1698 1421 1238
f 1955 1895 1698
f 1031 867 1952
f 2420 1289 1467
f 2420 1467 1956
f 1031 2420 1956
f 867 1031 1956
f 1289 2422 1467
f 2315 2423 2311
f 2311 2423 2421
f 2311 1953 1957
f 2311 1957 2315
f 818 987 1958
f 1421 1240 1954
f 1954 1240 818
f 1240 2424 818
f 2424 987 818
f 1240 1421 1700
f 1700 1421 1895
f 1955 2158 1895
f 2158 1700 1895
f 2158 2160 1700
f 2644 2843 2425
f 2160 2644 2425
f 2158 2644 2160
f 1959 2843 2644
f 1467 1287 1956
f 2422 1751 1927
f 2422 1927 1960
f 1467 2422 1960
f 1287 1467 1960
f 1751 2426 1927
f 2315 2116 2423
f 2795 2427 2588
f 2588 2427 1957
f 2427 2116 1957
f 2116 2315 1957
f 3062 3233 2795
f 3062 2795 2588
f 26 191 3233
f 26 3233 3062
f 420 585 191
f 420 191 26
f 987 820 1958
f 1958 820 420
f 820 2428 420
f 2428 585 420
f 987 2424 820
f 2847 2429 2843
f 2843 2429 2425
f 2843 1959 1961
f 2843 1961 2847
f 1927 1749 1960
f 2426 2211 2397
f 2426 2397 1962
f 1927 2426 1962
f 1749 1927 1962
f 2211 2430 2397
f 2795 2590 2427
f 2590 2795 3064
f 3064 2795 3233
f 3064 3233 28
f 28 3233 191
f 28 191 422
f 422 191 585
f 585 2428 422
f 2847 2646 2429
f 2431 2646 2847
f 1961 2431 2847
f 1963 2431 1961
f 1750 1931 1964
f 2397 2212 1962
f 1962 2212 1750
f 2212 2432 1750
f 2432 1931 1750
f 2397 2430 2212
f 1963 3114 2431
f 2431 3114 3116
f 2433 3116 3114
f 2433 3114 1965
f 1288 1477 1966
f 1931 1752 1964
f 1964 1752 1288
f 1752 2434 1288
f 2434 1477 1288
f 1931 2432 1752
f 1965 76 2433
f 2433 76 78
f 470 78 76
f 470 472 78
f 868 472 470
f 868 870 472
f 1477 1290 1966
f 1290 868 1966
f 1290 870 868
f 1477 2434 1290
f 2435 3131 3247
f 3131 2436 3247
f 2437 2661 2811
f 2435 3247 2661
f 3247 2811 2661
f 3247 3249 2811
f 93 207 2436
f 207 3247 2436
f 207 3249 3247
f 93 2438 207
f 2439 2175 2337
f 2437 2811 2175
f 2811 2337 2175
f 2811 2815 2337
f 3249 3129 1967
f 2815 3249 1967
f 2811 3249 2815
f 211 1968 3129
f 3249 211 3129
f 207 211 3249
f 487 603 2438
f 603 207 2438
f 603 211 207
f 487 2440 603
f 2441 1715 1871
f 2439 2337 1715
f 2337 1871 1715
f 2337 2339 1871
f 2815 2659 1969
f 2339 2815 1969
f 2337 2815 2339
f 2815 1967 2659
f 211 91 1968
f 607 1970 91
f 211 607 91
f 603 607 211
f 603 2440 607
f 607 2440 2442
f 2443 835 963
f 963 835 1399
f 1399 835 1255
f 2441 1871 1255
f 1255 1871 1399
f 1871 1713 1399
f 1713 1971 1399
f 2339 2173 1713
f 2339 1713 1871
f 2339 1969 2173
f 607 485 1970
f 607 2442 485
f 2442 1972 485
f 2442 2444 1972
f 2445 437 561
f 2443 963 437
f 437 963 561
f 963 833 561
f 833 1973 561
f 1399 1253 833
f 1399 833 963
f 1399 1971 1253
f 1972 2446 1974
f 2444 2446 1972
f 166 41 1975
f 2447 2445 166
f 2445 435 166
f 435 41 166
f 2445 561 435
f 561 1973 435
f 883 1974 2446
f 883 2446 885
f 885 2448 883
f 883 2448 1976
f 166 1975 43
f 1975 2449 43
f 1975 1977 2449
f 2447 166 43
f 1976 2450 1978
f 2448 2450 1976
f 2451 1977 1979
f 2451 2449 1977
f 1978 2452 1980
f 2450 2452 1978
f 3208 3077 1981
f 1979 3077 3208
f 2453 1979 3208
f 2451 1979 2453
f 1303 1980 2452
f 1303 2452 1305
f 1305 2454 1303
f 1303 2454 1982
f 1983 3212 1981
f 1981 3212 3208
f 2453 3208 3212
f 2453 3212 2455
f 2456 1910 1765
f 1982 2456 1765
f 2454 2456 1982
f 1910 1984 1765
f 3212 1983 3079
f 1983 2457 3079
f 1983 1985 2457
f 2455 3212 3079
f 1767 1910 2456
f 2458 2380 2225
f 2458 2225 1984
f 1767 2458 1984
f 1910 1767 1984
f 2380 1986 2225
f 2776 2603 1987
f 1985 2603 2776
f 2459 1985 2776
f 2457 1985 2459
f 2227 2380 2458
f 2227 2460 2380
f 2460 1986 2380
f 2460 1988 1986
f 1989 2780 1987
f 1987 2780 2776
f 2459 2776 2780
f 2459 2780 2461
f 2707 1988 2460
f 2707 2460 2709
f 2709 2462 2707
f 2707 2462 1990
f 2308 2129 1991
f 2605 2780 1989
f 2605 1989 2129
f 2463 2605 2129
f 2308 2463 2129
f 2461 2780 2605
f 1990 2464 1992
f 2462 2464 1990
f 1993 2312 1991
f 1991 2312 2308
f 2463 2308 2312
f 2463 2312 2465
f 1254 1423 1994
f 1716 2466 1423
f 1254 1716 1423
f 1714 1716 1254
f 2174 2365 2467
f 1716 2174 2467
f 1714 2174 1716
f 1995 2365 2174
f 1992 2468 1996
f 2464 2468 1992
f 1997 2316 1993
f 1993 2316 2312
f 2465 2312 2316
f 2465 2316 2469
f 834 989 1998
f 1423 1256 1994
f 1994 1256 834
f 1256 2470 834
f 2470 989 834
f 1423 2466 1256
f 2365 2176 2467
f 1995 2660 2365
f 2660 2176 2365
f 2660 2662 2176
f 3130 2662 2660
f 3130 3132 2662
f 2471 3132 3130
f 2471 3130 1999
f 2710 2472 2872
f 2872 2000 2710
f 2000 2468 2710
f 2000 1996 2468
f 2130 2316 1997
f 2469 2316 2130
f 2001 2469 2130
f 2473 2469 2001
f 1998 989 836
f 2474 1998 836
f 2002 1998 2474
f 989 2470 836
f 1999 92 2471
f 2471 92 94
f 2475 94 92
f 2475 92 2003
f 2228 2476 2398
f 2872 2472 2228
f 2872 2228 2398
f 2708 2872 2398
f 2004 2708 2398
f 2000 2872 2708
f 2001 2604 2473
f 2473 2604 2606
f 3078 2606 2604
f 3078 3080 2606
f 42 3080 3078
f 42 44 3080
f 436 44 42
f 436 438 44
f 436 2002 438
f 438 2002 2474
f 2003 486 2475
f 2475 486 488
f 884 488 486
f 884 886 488
f 1304 886 884
f 1304 1306 886
f 1766 1306 1304
f 1766 1768 1306
f 2476 1768 2398
f 1768 2226 2398
f 1768 1766 2226
f 2004 2398 2226
f 2736 2573 2005
f 2477 3047 2736
f 3047 2573 2736
f 3047 3045 2573
f 136 9 2478
f 9 3047 2478
f 9 3045 3047
f 136 2006 9
f 2479 2103 2007
f 2007 2103 2101
f 2575 2736 2005
f 2101 2575 2005
f 2103 2575 2101
f 2477 2736 2575
f 11 136 2478
f 403 2006 136
f 11 403 136
f 405 403 11
f 405 2480 403
f 403 2480 2008
f 2481 1645 2009
f 2009 1645 1643
f 2007 1643 1645
f 2007 1645 2479
f 2008 2482 2010
f 2480 2482 2008
f 2483 2191 2335
f 2335 2191 2011
f 2191 2675 2011
f 2191 2677 2675
f 2677 3145 2675
f 3147 3145 2677
f 2012 3145 209
f 3145 109 209
f 3145 3147 109
f 109 2484 209
f 1350 1205 2013
f 2009 1205 1350
f 2485 2009 1350
f 2481 2009 2485
f 799 2010 2482
f 799 2482 801
f 801 2486 799
f 799 2486 2014
f 960 849 2015
f 2487 1271 960
f 1271 849 960
f 1271 1269 849
f 1271 1729 1269
f 1731 1729 1271
f 1731 2483 2335
f 2189 1731 2335
f 1729 1731 2189
f 2335 2011 2189
f 209 107 2012
f 107 209 2484
f 503 107 2484
f 501 107 503
f 503 2488 501
f 501 2488 2016
f 1350 2013 1207
f 2013 2489 1207
f 2013 2017 2489
f 2485 1350 1207
f 1215 2014 2486
f 1215 2486 1217
f 1217 1675 1215
f 1677 1675 1217
f 1677 2137 1675
f 2139 2137 1677
f 2139 2621 2137
f 2623 2621 2139
f 2623 3093 2621
f 3095 3093 2623
f 3095 57 3093
f 59 57 3095
f 59 451 57
f 453 451 59
f 851 960 2015
f 451 851 2015
f 453 851 451
f 2487 960 851
f 2016 2490 2018
f 2488 2490 2016
f 2491 2017 2019
f 2491 2489 2017
f 2018 2492 2020
f 2490 2492 2018
f 2493 2019 2021
f 2493 2491 2019
f 2020 2494 2022
f 2492 2494 2020
f 2021 1206 2493
f 2493 1206 1208
f 2495 1208 1206
f 2495 1206 2023
f 2022 2496 2024
f 2494 2496 2022
f 2023 1644 2495
f 2495 1644 1646
f 2102 1646 1644
f 2102 2104 1646
f 2497 2104 2102
f 2497 2102 2025
f 2024 2498 2026
f 2496 2498 2024
f 2025 2574 2497
f 2497 2574 2576
f 3046 3193 2499
f 2576 3046 2499
f 2574 3046 2576
f 2027 3193 3046
f 899 2026 2498
f 899 2498 901
f 901 2500 899
f 899 2500 2028
f 3193 3048 2499
f 2501 3048 3193
f 2027 2501 3193
f 2029 2501 2027
f 2028 2502 2030
f 2500 2502 2028
f 157 2503 10
f 2503 2029 10
f 2503 2501 2029
f 2031 157 10
f 2030 2504 2032
f 2502 2504 2030
f 157 12 2503
f 2505 12 157
f 2031 2505 157
f 2033 2505 2031
f 1319 2032 2504
f 1319 2504 1321
f 1321 2506 1319
f 1319 2506 2034
f 551 2507 404
f 2507 2033 404
f 2507 2505 2033
f 2035 551 404
f 2034 2508 2036
f 2506 2508 2034
f 551 406 2507
f 2509 406 551
f 2035 2509 551
f 2037 2509 2035
f 1781 2036 2508
f 1781 2508 1783
f 1783 2510 1781
f 1781 2510 2038
f 2511 2037 2039
f 2511 2509 2037
f 2512 2390 2241
f 2038 2512 2241
f 2510 2512 2038
f 2390 2040 2241
f 2513 2039 2041
f 2513 2511 2039
f 2243 2390 2512
f 2243 2514 2390
f 2514 2040 2390
f 2514 2042 2040
f 2515 2041 2043
f 2515 2513 2041
f 2514 2713 2873
f 2044 2514 2873
f 2042 2514 2044
f 2713 2516 2873
f 957 2517 800
f 2517 2043 800
f 2517 2515 2043
f 2045 957 800
f 2875 2046 2044
f 2875 2044 2873
f 2873 2516 2875
f 2875 2516 2518
f 957 802 2517
f 2519 802 957
f 2045 2519 957
f 2047 2519 2045
f 1732 2520 1906
f 2521 1732 1906
f 2877 2048 2046
f 2877 2046 2875
f 2875 2518 2877
f 2877 2518 2522
f 1393 2523 1216
f 2523 2047 1216
f 2523 2519 2047
f 2049 1393 1216
f 1272 2524 1436
f 1906 2520 1272
f 1906 1272 1436
f 1730 1906 1436
f 2050 1730 1436
f 1906 1730 2521
f 1730 2192 2521
f 1730 2190 2192
f 2190 2051 2854
f 2678 2190 2854
f 2192 2190 2678
f 2525 2678 2854
f 2242 2405 2052
f 2877 2714 2048
f 2048 2714 2242
f 2714 2526 2242
f 2526 2405 2242
f 2877 2522 2714
f 1393 1218 2523
f 2527 1218 1393
f 2049 2527 1393
f 2053 2527 2049
f 852 2528 1000
f 1436 2524 852
f 1436 852 1000
f 1270 1436 1000
f 2054 1270 1000
f 2050 1436 1270
f 2676 2854 2051
f 2854 2676 2525
f 2676 3148 2525
f 2676 3146 3148
f 108 3148 3146
f 108 110 3148
f 502 110 108
f 502 504 110
f 900 504 502
f 900 902 504
f 1320 902 900
f 1320 1322 902
f 1782 1322 1320
f 1782 1784 1322
f 2405 2244 2052
f 2244 1782 2052
f 2244 1784 1782
f 2405 2526 2244
f 2053 1676 2527
f 2527 1676 1678
f 2529 1678 1676
f 2529 1676 2055
f 454 2530 596
f 1000 2528 454
f 1000 454 596
f 850 1000 596
f 2056 850 596
f 2054 1000 850
f 2055 2138 2529
f 2529 2138 2140
f 2138 2057 2808
f 2624 2138 2808
f 2140 2138 2624
f 2531 2624 2808
f 60 2532 204
f 596 2530 60
f 596 60 204
f 452 596 204
f 2058 452 204
f 2056 596 452
f 2622 2808 2057
f 2808 2622 2531
f 2622 3096 2531
f 2622 3094 3096
f 2532 3096 204
f 3096 58 204
f 3096 3094 58
f 2058 204 58
f 2818 2691 2059
f 3256 3161 2818
f 2818 3161 2691
f 2533 125 3256
f 125 3161 3256
f 125 123 3161
f 125 517 123
f 519 517 125
f 519 915 517
f 917 915 519
f 917 2534 915
f 915 2534 2060
f 1400 1285 2061
f 1874 1747 1400
f 1400 1747 1285
f 2342 2205 1874
f 1874 2205 1747
f 2695 2818 2059
f 2695 2059 2205
f 2535 2695 2205
f 2342 2535 2205
f 2818 2695 3163
f 2818 3163 3256
f 2533 3256 3163
f 1337 2060 2534
f 1337 2534 1339
f 1339 2536 1337
f 1337 2536 2062
f 2063 1402 2061
f 2061 1402 1400
f 1876 1400 1402
f 1874 1400 1876
f 1876 2537 2209
f 2342 1876 2209
f 1874 1876 2342
f 2535 2342 2209
f 2062 2538 2064
f 2536 2538 2062
f 2065 1404 2063
f 2063 1404 1402
f 1878 1402 1404
f 1876 1402 1878
f 2537 1876 1878
f 2537 1878 2539
f 2064 2540 2066
f 2538 2540 2064
f 1286 1404 2065
f 2067 1880 1286
f 1880 1404 1286
f 1880 1878 1404
f 2539 1878 1880
f 2539 1880 2541
f 2066 2542 2068
f 2540 2542 2066
f 2069 1882 2067
f 2067 1882 1880
f 2350 2210 2541
f 1880 2350 2541
f 1882 2350 1880
f 2210 2350 2828
f 2210 2828 2696
f 2543 2696 2828
f 2068 2544 2070
f 2542 2544 2068
f 1748 1882 2069
f 2206 2350 1748
f 1748 2350 1882
f 2071 2830 2206
f 2830 2350 2206
f 2830 2828 2350
f 3268 3164 2543
f 2828 3268 2543
f 2830 3268 2828
f 2545 3164 3268
f 2070 2546 2072
f 2544 2546 2070
f 2692 2830 2071
f 2073 3270 2692
f 3270 2830 2692
f 3270 3268 2830
f 2545 3268 3270
f 2545 3270 2547
f 2548 1912 1797
f 2072 2548 1797
f 2546 2548 2072
f 1912 2074 1797
f 2075 3272 2073
f 2073 3272 3270
f 2547 3270 3272
f 2547 3272 2549
f 1799 1912 2548
f 1799 2550 1912
f 2550 2074 1912
f 2550 2076 2074
f 2836 2693 2077
f 2693 2836 2075
f 2836 3272 2075
f 2836 3274 3272
f 2549 3272 3274
f 2549 3274 2551
f 2257 2076 2550
f 2257 2550 2259
f 2078 2257 2857
f 2257 2729 2857
f 2257 2259 2729
f 2729 2552 2857
f 2079 2838 2077
f 2077 2838 2836
f 2838 2553 3165
f 3274 2838 3165
f 2836 2838 3274
f 2551 3274 3165
f 2857 2727 2078
f 2857 2552 2727
f 2552 2080 2727
f 2552 2554 2080
f 2362 2207 2081
f 2697 2838 2079
f 2697 2079 2207
f 2555 2697 2207
f 2362 2555 2207
f 2553 2838 2697
f 2080 2556 2082
f 2554 2556 2080
f 2083 2366 2081
f 2081 2366 2362
f 2555 2362 2366
f 2555 2366 2557
f 2082 2558 2084
f 2556 2558 2082
f 2208 2366 2083
f 2557 2366 2208
f 2085 2557 2208
f 2559 2557 2085
f 2084 2560 2086
f 2558 2560 2084
f 2698 2559 2850
f 2559 2087 2850
f 2559 2085 2087
f 2561 2698 2850
f 2730 2562 2876
f 2876 2088 2730
f 2088 2560 2730
f 2088 2086 2560
f 2694 2850 2087
f 2850 2694 2561
f 2694 3166 2561
f 2694 3162 3166
f 2563 3166 3162
f 2563 3162 2089
f 2260 2564 2404
f 2876 2562 2260
f 2876 2260 2404
f 2728 2876 2404
f 2090 2728 2404
f 2088 2876 2728
f 2089 124 2563
f 2563 124 126
f 518 126 124
f 518 520 126
f 916 520 518
f 916 918 520
f 916 2091 1480
f 1340 916 1480
f 918 916 1340
f 1340 1480 1938
f 1340 1938 1800
f 2404 2564 1800
f 2404 1800 1938
f 2258 2404 1938
f 2092 2258 1938
f 2090 2404 2258
f 1338 1480 2091
f 1798 1938 1338
f 1338 1938 1480
f 2092 1938 1798
f 2883 2647 2825
f 2825 2647 3263
f 3263 2647 3117
f 3117 2884 3263
f 2885 1701 2407
f 2407 1701 1699
f 1701 2159 1699
f 2161 2159 1701
f 2161 2883 2825
f 2645 2161 2825
f 2159 2161 2645
f 3263 3115 2645
f 3263 2645 2825
f 2884 79 223
f 2884 223 2408
f 3263 2884 2408
f 3115 3263 2408
f 79 2886 223
f 2887 423 569
f 569 423 2409
f 423 819 2409
f 423 821 819
f 821 1239 819
f 1241 1239 821
f 2407 1239 1241
f 2407 1241 2885
f 223 77 2408
f 2886 473 619
f 2886 619 2410
f 223 2886 2410
f 77 223 2410
f 473 2888 619
f 2889 29 177
f 2887 569 29
f 569 177 29
f 569 571 177
f 569 2409 2411
f 569 2411 571
f 621 2412 2410
f 621 2410 619
f 619 2888 621
f 621 2888 2890
f 2891 2591 2771
f 2771 2591 3215
f 3215 2591 3065
f 2889 177 3065
f 177 3215 3065
f 177 179 3215
f 571 421 2413
f 179 571 2413
f 177 571 179
f 571 2411 421
f 621 471 2412
f 2890 871 1025
f 2890 1025 2414
f 621 2890 2414
f 471 621 2414
f 871 2892 1025
f 2893 2117 2299
f 2891 2771 2117
f 2771 2299 2117
f 2771 2775 2299
f 3215 3063 2415
f 2775 3215 2415
f 2771 3215 2775
f 179 27 3063
f 179 3063 3215
f 179 2413 27
f 1027 2416 2414
f 1027 2414 1025
f 1025 2892 1027
f 1027 2892 2894
f 2303 2895 2299
f 2299 2895 2893
f 2775 2589 2417
f 2303 2775 2417
f 2299 2775 2303
f 2775 2415 2589
f 1027 869 2416
f 2894 1291 1463
f 2894 1463 2418
f 1027 2894 2418
f 869 1027 2418
f 1291 2896 1463
f 2897 1657 1845
f 2895 2303 1657
f 1657 2303 1845
f 2303 2115 1845
f 2115 2419 1845
f 2303 2417 2115
f 1465 2420 2418
f 1465 2418 1463
f 1463 2896 1465
f 1465 2896 2898
f 1849 2899 1845
f 1845 2899 2897
f 1845 2419 2421
f 1845 2421 1849
f 1465 1289 2420
f 2898 1753 1925
f 2898 1925 2422
f 1465 2898 2422
f 1289 1465 2422
f 1753 2900 1925
f 1853 2901 1849
f 1849 2901 2899
f 1849 2421 2423
f 1849 2423 1853
f 1240 1425 2424
f 1700 1899 1425
f 1700 1425 1240
f 2160 2367 1899
f 2160 1899 1700
f 2425 2367 2160
f 1925 1751 2422
f 2900 2213 2395
f 2900 2395 2426
f 1925 2900 2426
f 1751 1925 2426
f 2213 2902 2395
f 1853 1658 2901
f 2319 2903 2116
f 2116 2903 2423
f 2903 1658 2423
f 1658 1853 2423
f 2427 2319 2116
f 820 991 2428
f 1425 1242 2424
f 2424 1242 820
f 1242 2904 820
f 2904 991 820
f 1242 1425 1702
f 1702 1425 1899
f 1702 1899 2162
f 2162 1899 2367
f 2905 2162 2367
f 2425 2905 2367
f 2429 2905 2425
f 2395 2211 2426
f 2395 2902 2211
f 2902 2430 2211
f 2902 2906 2430
f 2319 2118 2903
f 2427 2590 2319
f 2590 2118 2319
f 2590 2592 2118
f 3064 3235 2907
f 2592 3064 2907
f 2590 3064 2592
f 28 193 3235
f 28 3235 3064
f 422 587 193
f 422 193 28
f 991 822 2428
f 2428 822 422
f 822 2908 422
f 2908 587 422
f 991 2904 822
f 2429 2646 2905
f 2905 2646 2648
f 2909 2648 2646
f 2909 2646 2431
f 2212 2401 2432
f 2212 2430 2401
f 2430 2910 2401
f 2430 2906 2910
f 3235 3066 2907
f 3066 3235 30
f 30 3235 193
f 30 193 424
f 424 193 587
f 587 2908 424
f 2431 3116 2909
f 2909 3116 3118
f 2911 3118 3116
f 2911 3116 2433
f 1752 1935 2434
f 2401 2214 2432
f 2432 2214 1752
f 2214 2912 1752
f 2912 1935 1752
f 2401 2910 2214
f 2433 78 2911
f 2911 78 80
f 472 80 78
f 472 474 80
f 870 474 472
f 870 872 474
f 1290 872 870
f 1290 1292 872
f 1935 1754 2434
f 1754 1290 2434
f 1754 1292 1290
f 1935 2912 1754
f 2913 2663 2809
f 2809 2663 2435
f 2663 3131 2435
f 2663 3133 3131
f 2436 3131 205
f 3131 95 205
f 3131 3133 95
f 95 2914 205
f 2915 2177 2333
f 2913 2809 2177
f 2177 2809 2333
f 2809 2661 2333
f 2661 2437 2333
f 2809 2435 2661
f 205 93 2436
f 2914 489 601
f 2914 601 2438
f 205 2914 2438
f 93 205 2438
f 489 2916 601
f 2917 1717 1869
f 2915 2333 1717
f 1717 2333 1869
f 2333 2175 1869
f 2175 2439 1869
f 2333 2437 2175
f 601 487 2438
f 601 2916 487
f 2916 2440 487
f 2916 2918 2440
f 2919 837 961
f 961 837 1397
f 1397 837 1257
f 2917 1869 1257
f 1257 1869 1397
f 1869 1715 1397
f 1715 2441 1397
f 1869 2439 1715
f 2440 2920 2442
f 2918 2920 2440
f 2921 439 559
f 2919 961 439
f 439 961 559
f 961 835 559
f 835 2443 559
f 1397 1255 835
f 1397 835 961
f 1397 2441 1255
f 2442 2922 2444
f 2920 2922 2442
f 437 2445 559
f 2445 2921 559
f 2445 2923 2921
f 559 2443 437
f 2444 2924 2446
f 2922 2924 2444
f 2925 2445 2447
f 2925 2923 2445
f 885 2446 2924
f 885 2924 887
f 887 2926 885
f 885 2926 2448
f 2927 45 2449
f 2449 45 43
f 2447 43 45
f 2447 45 2925
f 2448 2928 2450
f 2926 2928 2448
f 2929 2449 2451
f 2929 2927 2449
f 2450 2930 2452
f 2928 2930 2450
f 2931 2451 2453
f 2931 2929 2451
f 1305 2452 2930
f 1305 2930 1307
f 1307 2932 1305
f 1305 2932 2454
f 2933 2453 2455
f 2933 2931 2453
f 2454 2934 2456
f 2932 2934 2454
f 3216 3079 2457
f 2455 3079 3216
f 2935 2455 3216
f 2933 2455 2935
f 1767 2456 2934
f 1767 2934 1769
f 1769 2936 1767
f 1767 2936 2458
f 2459 3220 2457
f 2457 3220 3216
f 2935 3216 3220
f 2935 3220 2937
f 2227 2458 2936
f 2227 2936 2229
f 2229 2938 2227
f 2227 2938 2460
f 2461 3224 2459
f 2459 3224 3220
f 2937 3220 3224
f 2937 3224 2939
f 2940 2860 2709
f 2460 2940 2709
f 2938 2940 2460
f 2860 2462 2709
f 2784 2605 2463
f 3081 3224 2461
f 3081 2461 2605
f 2941 3081 2605
f 2784 2941 2605
f 2939 3224 3081
f 2711 2860 2940
f 2711 2942 2860
f 2942 2462 2860
f 2942 2464 2462
f 2784 2463 2607
f 2463 2943 2607
f 2463 2465 2943
f 2941 2784 2607
f 1716 1897 2466
f 2467 1897 1716
f 2712 2944 2868
f 2868 2468 2712
f 2468 2942 2712
f 2468 2464 2942
f 2945 2465 2469
f 2945 2943 2465
f 1256 1427 2470
f 1897 1718 2466
f 2466 1718 1256
f 1718 2946 1256
f 2946 1427 1256
f 2467 2176 1897
f 2176 1718 1897
f 2176 2178 1718
f 2662 2178 2176
f 2662 2664 2178
f 3132 3283 2947
f 2664 3132 2947
f 2662 3132 2664
f 2471 3283 3132
f 2472 2710 2868
f 2944 2472 2868
f 2948 2472 2944
f 2468 2868 2710
f 2949 2469 2473
f 2949 2945 2469
f 836 993 2474
f 1427 1258 2470
f 2470 1258 836
f 1258 2950 836
f 2950 993 836
f 1427 2946 1258
f 3283 3134 2947
f 2471 94 3283
f 94 3134 3283
f 94 96 3134
f 2951 96 94
f 2951 94 2475
f 2230 2952 2476
f 2230 2476 2228
f 2228 2472 2230
f 2230 2472 2948
f 2473 2606 2949
f 2949 2606 2608
f 3080 3237 2953
f 2608 3080 2953
f 2606 3080 2608
f 44 195 3237
f 44 3237 3080
f 438 589 195
f 438 195 44
f 993 838 2474
f 2474 838 438
f 838 2954 438
f 2954 589 438
f 993 2950 838
f 2475 488 2951
f 2951 488 490
f 886 490 488
f 886 888 490
f 1306 888 886
f 1306 1308 888
f 1768 1308 1306
f 1768 1770 1308
f 1768 2476 1770
f 1770 2476 2952
f 3237 3082 2953
f 3082 3237 2955
f 3237 197 2955
f 3237 195 197
f 2956 197 440
f 197 589 440
f 197 195 589
f 589 2954 440
f 197 46 2955
f 197 2956 46
f 3176 3047 2477
f 3176 2478 3047
f 2957 2105 2479
f 2479 2105 2103
f 2105 2575 2103
f 2577 2575 2105
f 3049 3176 2477
f 2575 3049 2477
f 2577 3049 2575
f 11 2478 3176
f 3049 11 3176
f 13 11 3049
f 528 405 2958
f 405 13 2958
f 405 11 13
f 528 2480 405
f 1806 1645 2481
f 2479 1645 1806
f 2959 2479 1806
f 2957 2479 2959
f 407 528 2958
f 407 2960 528
f 2960 2480 528
f 2960 2482 2480
f 2961 1733 1867
f 1867 1733 2483
f 1733 2191 2483
f 1733 2193 2191
f 2193 2677 2191
f 2679 2677 2193
f 2679 3147 2677
f 3149 3147 2679
f 3149 109 3147
f 111 109 3149
f 111 2962 109
f 109 2962 2484
f 1806 2481 1647
f 2481 2963 1647
f 2481 2485 2963
f 2959 1806 1647
f 801 2482 2960
f 801 2960 803
f 803 2964 801
f 801 2964 2486
f 2965 1273 2487
f 2487 1273 1271
f 1273 2961 1867
f 1731 1273 1867
f 1271 1273 1731
f 1867 2483 1731
f 503 2484 2962
f 503 2962 505
f 505 2966 503
f 503 2966 2488
f 2967 1209 2489
f 2489 1209 1207
f 2485 1207 1209
f 2485 1209 2963
f 1217 2486 2964
f 1217 2964 1219
f 1219 1677 1217
f 1679 1677 1219
f 1679 2139 1677
f 2141 2139 1679
f 2141 2623 2139
f 2625 2623 2141
f 2625 3095 2623
f 3097 3095 2625
f 3097 59 3095
f 61 59 3097
f 61 453 59
f 455 453 61
f 455 851 453
f 853 851 455
f 2487 851 853
f 2487 853 2965
f 2488 2968 2490
f 2966 2968 2488
f 2969 2489 2491
f 2969 2967 2489
f 2490 2970 2492
f 2968 2970 2490
f 2971 2491 2493
f 2971 2969 2491
f 2492 2972 2494
f 2970 2972 2492
f 2493 1208 2971
f 2971 1208 1210
f 2973 1210 1208
f 2973 1208 2495
f 2494 2974 2496
f 2972 2974 2494
f 2495 1646 2973
f 2973 1646 1648
f 2104 1648 1646
f 2104 2106 1648
f 2975 2106 2104
f 2975 2104 2497
f 2496 2976 2498
f 2974 2976 2496
f 2497 2576 2975
f 2975 2576 2578
f 2977 2578 2576
f 2977 2576 2499
f 901 2498 2976
f 901 2976 903
f 903 2978 901
f 901 2978 2500
f 2499 3048 2977
f 2977 3048 3050
f 2979 3050 3048
f 2979 3048 2501
f 2500 2980 2502
f 2978 2980 2500
f 2981 2501 2503
f 2981 2979 2501
f 2502 2982 2504
f 2980 2982 2502
f 2503 12 2981
f 2981 12 14
f 2983 14 12
f 2983 12 2505
f 1321 2504 2982
f 1321 2982 1323
f 1323 2984 1321
f 1321 2984 2506
f 2985 2505 2507
f 2985 2983 2505
f 2506 2986 2508
f 2984 2986 2506
f 553 2987 406
f 2987 2507 406
f 2987 2985 2507
f 2509 553 406
f 1783 2508 2986
f 1783 2986 1785
f 1785 2988 1783
f 1783 2988 2510
f 553 408 2987
f 2989 408 553
f 2509 2989 553
f 2511 2989 2509
f 2510 2990 2512
f 2988 2990 2510
f 2991 2511 2513
f 2991 2989 2511
f 2243 2512 2990
f 2243 2990 2245
f 2245 2992 2243
f 2243 2992 2514
f 2993 2513 2515
f 2993 2991 2513
f 2713 2514 2992
f 2713 2992 2715
f 2715 2994 2713
f 2713 2994 2516
f 2995 2515 2517
f 2995 2993 2515
f 2516 2996 2518
f 2994 2996 2516
f 2517 802 2995
f 2995 802 804
f 2997 804 802
f 2997 802 2519
f 1274 2998 1434
f 1274 1434 2520
f 1732 1274 2520
f 1734 1274 1732
f 1732 2521 2374
f 2194 1732 2374
f 1734 1732 2194
f 2999 2194 2374
f 2518 3000 2522
f 2996 3000 2518
f 1220 2997 1394
f 2997 2523 1394
f 2997 2519 2523
f 3001 1220 1394
f 854 3002 998
f 1434 2998 854
f 1434 854 998
f 1272 1434 998
f 2524 1272 998
f 2520 1434 1272
f 2192 2374 2521
f 2374 2192 2999
f 2192 2680 2999
f 2192 2678 2680
f 2678 2525 3296
f 3150 2678 3296
f 2680 2678 3150
f 3003 3150 3296
f 2716 3004 2526
f 2716 2526 2714
f 2714 2522 2716
f 2716 2522 3000
f 1218 1394 2523
f 1680 3001 1866
f 1866 3001 2527
f 3001 1394 2527
f 1394 1218 2527
f 3005 1680 1866
f 456 3006 594
f 998 3002 456
f 998 456 594
f 852 998 594
f 2528 852 594
f 2524 998 852
f 3148 3296 2525
f 3296 3148 3003
f 3148 112 3003
f 3148 110 112
f 504 112 110
f 504 506 112
f 902 506 504
f 902 904 506
f 1322 904 902
f 1322 1324 904
f 1784 1324 1322
f 1784 1786 1324
f 2244 1786 1784
f 2244 2246 1786
f 2244 2526 2246
f 2246 2526 3004
f 1678 1866 2527
f 2142 3005 2330
f 2330 3005 2529
f 3005 1866 2529
f 1866 1678 2529
f 2142 2330 2806
f 2142 2806 2626
f 2626 2806 3244
f 2626 3244 3098
f 3098 3244 202
f 3098 202 62
f 594 3006 62
f 594 62 202
f 454 594 202
f 2530 454 202
f 2528 594 454
f 2140 2330 2529
f 2624 2806 2140
f 2140 2806 2330
f 2531 3246 2624
f 3246 2806 2624
f 3246 3244 2806
f 60 202 2532
f 202 3246 2532
f 202 3244 3246
f 2530 202 60
f 3096 3246 2531
f 2532 3246 3096
f 214 125 2533
f 608 519 214
f 214 519 125
f 1006 917 608
f 608 917 519
f 1006 2534 917
f 2820 2695 2535
f 3258 3163 2820
f 2820 3163 2695
f 127 214 2533
f 127 2533 3163
f 3007 127 3163
f 3258 3007 3163
f 214 127 521
f 214 521 608
f 608 521 919
f 608 919 1006
f 3008 1442 1339
f 3008 1339 2534
f 919 3008 2534
f 1006 919 2534
f 1442 2536 1339
f 2344 2209 2537
f 2209 2344 2535
f 2344 2820 2535
f 2344 2822 2820
f 2822 3009 3167
f 3258 2822 3167
f 2820 2822 3258
f 3007 3258 3167
f 3010 1444 1442
f 3010 1442 3008
f 2536 1442 2538
f 2538 1442 1444
f 2539 2346 2537
f 2537 2346 2344
f 2824 2344 2346
f 2822 2344 2824
f 3009 2822 2824
f 3009 2824 3011
f 3012 1446 1444
f 3012 1444 3010
f 2538 1444 2540
f 2540 1444 1446
f 2541 2348 2539
f 2539 2348 2346
f 2826 2346 2348
f 2824 2346 2826
f 3011 2824 2826
f 3011 2826 3013
f 3014 1448 1446
f 3014 1446 3012
f 2540 1446 2542
f 2542 1446 1448
f 2210 2348 2541
f 2696 2826 2210
f 2210 2826 2348
f 3168 3013 3266
f 3266 3013 2543
f 3013 2826 2543
f 2826 2696 2543
f 3015 3168 3266
f 3016 1450 1448
f 3016 1448 3014
f 2542 1448 2544
f 2544 1448 1450
f 3164 3266 2543
f 128 3015 226
f 226 3015 2545
f 3015 3266 2545
f 3266 3164 2545
f 3017 128 226
f 3018 1454 1450
f 3018 1450 3016
f 2544 1450 2546
f 2546 1450 1454
f 2547 228 2545
f 2545 228 226
f 3017 226 228
f 3017 228 3019
f 3020 1458 1454
f 3020 1454 3018
f 2546 1454 2548
f 2548 1454 1458
f 2549 230 2547
f 2547 230 228
f 3019 228 230
f 3019 230 3021
f 1341 1458 3020
f 3022 1916 1799
f 3022 1799 2548
f 1341 3022 2548
f 1458 1341 2548
f 1916 2550 1799
f 230 2549 129
f 2549 3023 129
f 2549 2551 3023
f 3021 230 129
f 1801 1916 3022
f 2259 2550 1916
f 1801 2259 1916
f 2261 2259 1801
f 2858 2729 3024
f 2729 2261 3024
f 2729 2259 2261
f 2858 2552 2729
f 3025 3169 2553
f 2553 3169 3165
f 2551 3165 3169
f 2551 3169 3023
f 2731 2858 3024
f 2731 3026 2858
f 3026 2552 2858
f 3026 2554 2552
f 2840 2697 2555
f 2553 2697 2840
f 3027 2553 2840
f 3025 2553 3027
f 2554 3028 2556
f 3026 3028 2554
f 2840 2555 2699
f 2555 3029 2699
f 2555 2557 3029
f 3027 2840 2699
f 2556 3030 2558
f 3028 3030 2556
f 2700 3029 2846
f 3029 2559 2846
f 3029 2557 2559
f 3031 2700 2846
f 2732 3032 2874
f 2874 2560 2732
f 2560 3030 2732
f 2560 2558 3030
f 2698 2846 2559
f 3031 2846 2698
f 2561 3031 2698
f 3033 3031 2561
f 2262 3034 2400
f 2874 3032 2262
f 2874 2262 2400
f 2730 2874 2400
f 2562 2730 2400
f 2560 2874 2730
f 2561 3166 3033
f 3033 3166 3170
f 3035 3170 3166
f 3035 3166 2563
f 2564 2260 2400
f 3034 2564 2400
f 3036 2564 3034
f 2562 2400 2260
f 2563 126 3035
f 3035 126 130
f 520 130 126
f 520 522 130
f 918 522 520
f 918 920 522
f 1340 920 918
f 1340 1342 920
f 1800 1342 1340
f 1800 1802 1342
f 1800 2564 1802
f 1802 2564 3036
f 3297 2649 2883
f 2883 2649 2647
f 2649 3117 2647
f 3119 3117 2649
f 2884 3117 221
f 3117 81 221
f 3117 3119 81
f 81 3298 221
f 3299 1703 2885
f 2885 1703 1701
f 1703 2161 1701
f 2163 2161 1703
f 2883 2161 2163
f 2883 2163 3297
f 221 79 2884
f 3298 475 617
f 3298 617 2886
f 221 3298 2886
f 79 221 2886
f 475 3300 617
f 3301 31 175
f 175 31 2887
f 31 423 2887
f 31 425 423
f 425 821 423
f 823 821 425
f 823 1241 821
f 1243 1241 823
f 2885 1241 1243
f 2885 1243 3299
f 617 473 2886
f 3300 873 1021
f 3300 1021 2888
f 617 3300 2888
f 473 617 2888
f 873 3302 1021
f 3303 2593 2767
f 2767 2593 3211
f 3211 2593 3067
f 3301 175 3067
f 3067 175 3211
f 175 29 3211
f 29 2889 3211
f 175 2887 29
f 1023 2890 2888
f 1023 2888 1021
f 1021 3302 1023
f 1023 3302 3304
f 3305 2119 2295
f 3303 2767 2119
f 2119 2767 2295
f 2767 2591 2295
f 2591 2891 2295
f 3211 3065 2591
f 3211 2591 2767
f 3211 2889 3065
f 1023 871 2890
f 1023 3304 871
f 3304 2892 871
f 3304 3306 2892
f 2117 2893 2295
f 2893 3305 2295
f 2893 3307 3305
f 2295 2891 2117
f 3306 1293 1461
f 2894 3306 1461
f 2892 3306 2894
f 1293 3308 1461
f 3309 1659 1841
f 2895 1841 1659
f 3307 2895 1659
f 2893 2895 3307
f 1461 1291 2894
f 3308 1755 1921
f 3308 1921 2896
f 1461 3308 2896
f 1291 1461 2896
f 1755 3310 1921
f 1657 2897 1841
f 2897 3309 1841
f 2897 3311 3309
f 1841 2895 1657
f 1923 2898 2896
f 1923 2896 1921
f 1921 3310 1923
f 1923 3310 3312
f 3313 2897 2899
f 3313 3311 2897
f 1923 1753 2898
f 3312 2215 2393
f 3312 2393 2900
f 1923 3312 2900
f 1753 1923 2900
f 2215 3314 2393
f 3315 2899 2901
f 3315 3313 2899
f 2393 2213 2900
f 2393 3314 2213
f 3314 2902 2213
f 3314 3316 2902
f 2901 1658 3315
f 3315 1658 1660
f 3317 1660 1658
f 3317 1658 2903
f 1242 1429 2904
f 1704 3318 1429
f 1242 1704 1429
f 1702 1704 1242
f 2162 1704 1702
f 2162 2164 1704
f 3319 2164 2162
f 3319 2162 2905
f 2902 3320 2906
f 3316 3320 2902
f 2903 2118 3317
f 3317 2118 2120
f 2592 2797 3321
f 2120 2592 3321
f 2118 2592 2120
f 2907 2797 2592
f 824 3322 2908
f 824 2908 822
f 1429 1244 2904
f 1244 822 2904
f 1244 824 822
f 1429 3318 1244
f 2905 2648 3319
f 3319 2648 2650
f 2648 2909 3290
f 3120 2648 3290
f 2650 2648 3120
f 3323 3120 3290
f 2906 3324 2910
f 3320 3324 2906
f 2797 2594 3321
f 2907 3066 2797
f 3066 2594 2797
f 3066 3068 2594
f 30 3068 3066
f 30 32 3068
f 424 32 30
f 424 426 32
f 424 2908 426
f 426 2908 3322
f 3118 3290 2909
f 82 3323 250
f 250 3323 2911
f 3323 3290 2911
f 3290 3118 2911
f 3325 82 250
f 2216 3326 2912
f 2216 2912 2214
f 2214 2910 2216
f 2216 2910 3324
f 80 250 2911
f 250 80 3325
f 80 476 3325
f 80 474 476
f 872 476 474
f 872 874 476
f 1292 874 872
f 1292 1294 874
f 1754 1294 1292
f 1754 1756 1294
f 1754 2912 1756
f 1756 2912 3326
f 3327 2665 2913
f 2913 2665 2663
f 2665 3133 2663
f 3135 3133 2665
f 3135 95 3133
f 97 95 3135
f 2914 95 599
f 95 491 599
f 95 97 491
f 491 3328 599
f 3329 2179 2915
f 2915 2179 2177
f 2913 2177 2179
f 2913 2179 3327
f 599 489 2914
f 599 3328 489
f 3328 2916 489
f 3328 3330 2916
f 3331 1259 1395
f 1395 1259 2917
f 1259 1717 2917
f 1259 1719 1717
f 2915 1717 1719
f 2915 1719 3329
f 2916 3332 2918
f 3330 3332 2916
f 3333 441 555
f 555 441 2919
f 441 837 2919
f 441 839 837
f 839 3331 1395
f 1257 839 1395
f 837 839 1257
f 1395 2917 1257
f 2918 3334 2920
f 3332 3334 2918
f 439 2921 555
f 2921 3333 555
f 2921 3335 3333
f 555 2919 439
f 2920 3336 2922
f 3334 3336 2920
f 3337 2921 2923
f 3337 3335 2921
f 2922 3338 2924
f 3336 3338 2922
f 3339 2923 2925
f 3339 3337 2923
f 887 2924 3338
f 887 3338 889
f 889 3340 887
f 887 3340 2926
f 170 45 2927
f 2925 45 170
f 3341 2925 170
f 3339 2925 3341
f 2926 3342 2928
f 3340 3342 2926
f 170 2927 47
f 2927 3343 47
f 2927 2929 3343
f 3341 170 47
f 2928 3344 2930
f 3342 3344 2928
f 3345 2929 2931
f 3345 3343 2929
f 1307 2930 3344
f 1307 3344 1309
f 1309 3346 1307
f 1307 3346 2932
f 3347 2931 2933
f 3347 3345 2931
f 2932 3348 2934
f 3346 3348 2932
f 3349 2933 2935
f 3349 3347 2933
f 1769 2934 3348
f 1769 3348 1771
f 1771 3350 1769
f 1769 3350 2936
f 3351 2935 2937
f 3351 3349 2935
f 2229 2936 3350
f 2229 3350 2231
f 2231 3352 2229
f 2229 3352 2938
f 3353 2937 2939
f 3353 3351 2937
f 2938 3354 2940
f 3352 3354 2938
f 3355 3083 2941
f 2941 3083 3081
f 2939 3081 3083
f 2939 3083 3353
f 3356 2864 2711
f 2940 3356 2711
f 3354 3356 2940
f 2864 2942 2711
f 2788 2607 2943
f 2941 2607 2788
f 3357 2941 2788
f 3355 2941 3357
f 2944 2712 2864
f 3356 2944 2864
f 3358 2944 3356
f 2942 2864 2712
f 2945 2792 2943
f 2943 2792 2788
f 3357 2788 2792
f 3357 2792 3359
f 1718 1901 2946
f 2178 2369 1901
f 2178 1901 1718
f 2664 2845 2369
f 2664 2369 2178
f 2947 2845 2664
f 2944 3360 2948
f 3358 3360 2944
f 2792 2945 2609
f 2945 3361 2609
f 2945 2949 3361
f 3359 2792 2609
f 1258 1431 2950
f 1901 1720 2946
f 2946 1720 1258
f 1720 3362 1258
f 3362 1431 1258
f 1720 1901 2180
f 2180 1901 2369
f 2180 2369 2666
f 2666 2369 2845
f 2947 3134 2845
f 3134 2666 2845
f 3134 3136 2666
f 96 243 3363
f 3136 96 3363
f 3134 96 3136
f 2951 243 96
f 2232 3364 2952
f 2232 2952 2230
f 2230 2948 2232
f 2232 2948 3360
f 2799 3365 2608
f 3365 2949 2608
f 3365 3361 2949
f 2953 2799 2608
f 838 995 2954
f 995 838 2950
f 1431 995 2950
f 1433 995 1431
f 1431 3362 1433
f 1433 3362 3366
f 243 98 3363
f 2951 490 243
f 490 98 243
f 490 492 98
f 888 1041 3367
f 492 888 3367
f 490 888 492
f 1310 3368 1041
f 888 1310 1041
f 1308 1310 888
f 1770 1310 1308
f 1770 1772 1310
f 1770 2952 1772
f 1772 2952 3364
f 2799 2610 3365
f 3239 3369 3082
f 3082 3369 2953
f 3369 2610 2953
f 2610 2799 2953
f 2955 3239 3082
f 440 591 2956
f 591 440 2954
f 995 591 2954
f 997 591 995
f 3370 997 1260
f 997 1433 1260
f 997 995 1433
f 1433 3366 1260
f 1041 890 3367
f 1041 3368 890
f 3241 3371 3239
f 3239 3371 3369
f 3239 2955 46
f 199 3239 46
f 3241 3239 199
f 199 46 2956
f 591 199 2956
f 593 199 591
f 591 999 593
f 591 997 999
f 997 3370 999
f 999 3370 3372
f 3241 3084 3371
f 3084 3241 48
f 48 3241 199
f 48 199 442
f 442 199 593
f 442 593 840
f 840 593 999
f 999 3372 840
f 2266 2105 2957
f 3373 2579 2266
f 2579 2105 2266
f 2579 2577 2105
f 2579 3049 2577
f 3051 3049 2579
f 3051 13 3049
f 15 13 3051
f 15 3374 13
f 13 3374 2958
f 2266 2957 2107
f 2957 3375 2107
f 2957 2959 3375
f 3373 2266 2107
f 407 2958 3374
f 407 3374 409
f 409 3376 407
f 407 3376 2960
f 1868 1733 2961
f 3377 2195 1868
f 2195 1733 1868
f 2195 2193 1733
f 2195 2679 2193
f 2681 2679 2195
f 2681 3149 2679
f 3151 3149 2681
f 3151 111 3149
f 113 111 3151
f 113 3378 111
f 111 3378 2962
f 3379 1649 2963
f 2963 1649 1647
f 2959 1647 1649
f 2959 1649 3375
f 803 2960 3376
f 803 3376 805
f 2964 803 1359
f 803 1221 1359
f 803 805 1221
f 1221 3380 1359
f 1396 1273 2965
f 1735 1868 2961
f 1735 2961 1273
f 3381 1735 1273
f 1396 3381 1273
f 3377 1868 1735
f 505 2962 3378
f 505 3378 507
f 507 3382 505
f 505 3382 2966
f 1352 1209 2967
f 2963 1209 1352
f 3383 2963 1352
f 3379 2963 3383
f 1359 1219 2964
f 1219 1359 3380
f 1681 1219 3380
f 1679 1219 1681
f 1681 2141 1679
f 2143 2141 1681
f 2143 2625 2141
f 2627 2625 2143
f 2627 3097 2625
f 3099 3097 2627
f 3099 61 3097
f 63 61 3099
f 63 455 61
f 457 455 63
f 457 853 455
f 855 853 457
f 1275 1396 2965
f 853 1275 2965
f 855 1275 853
f 3381 1396 1275
f 2966 3384 2968
f 3382 3384 2966
f 2969 1354 2967
f 2967 1354 1352
f 3383 1352 1354
f 3383 1354 3385
f 3384 905 1007
f 2970 3384 1007
f 2968 3384 2970
f 905 3386 1007
f 2971 1356 2969
f 2969 1356 1354
f 3385 1354 1356
f 3385 1356 3387
f 1009 2972 2970
f 1009 2970 1007
f 1007 3386 1009
f 1009 3386 3388
f 1210 1356 2971
f 1650 3387 1816
f 1816 3387 2973
f 3387 1356 2973
f 1356 1210 2973
f 3389 1650 1816
f 1013 2974 2972
f 1013 2972 1009
f 1009 3388 1013
f 1013 3388 3390
f 1648 1816 2973
f 1816 1648 3389
f 1648 2108 3389
f 1648 2106 2108
f 3391 2108 2106
f 3391 2106 2975
f 1017 2976 2974
f 1017 2974 1013
f 1013 3390 1017
f 1017 3390 3392
f 2975 2578 3391
f 3391 2578 2580
f 3393 2580 2578
f 3393 2578 2977
f 1017 903 2976
f 1017 3392 903
f 3392 2978 903
f 3392 3394 2978
f 2977 3050 3393
f 3393 3050 3052
f 3395 3052 3050
f 3395 3050 2979
f 2978 3396 2980
f 3394 3396 2978
f 3397 2979 2981
f 3397 3395 2979
f 2980 3398 2982
f 3396 3398 2980
f 2981 14 3397
f 3397 14 16
f 3399 16 14
f 3399 14 2983
f 1323 2982 3398
f 1323 3398 1325
f 1325 3400 1323
f 1323 3400 2984
f 3401 2983 2985
f 3401 3399 2983
f 2984 3402 2986
f 3400 3402 2984
f 410 3401 554
f 3401 2987 554
f 3401 2985 2987
f 3403 410 554
f 1785 2986 3402
f 1785 3402 1787
f 1787 3404 1785
f 1785 3404 2988
f 408 554 2987
f 3403 554 408
f 2989 3403 408
f 3405 3403 2989
f 2988 3406 2990
f 3404 3406 2988
f 3407 2989 2991
f 3407 3405 2989
f 2245 2990 3406
f 2245 3406 2247
f 2992 2245 2869
f 2245 2717 2869
f 2245 2247 2717
f 2717 3408 2869
f 3409 2991 2993
f 3409 3407 2991
f 2869 2715 2992
f 2869 3408 2715
f 3408 2994 2715
f 3408 3410 2994
f 806 3409 958
f 3409 2995 958
f 3409 2993 2995
f 3411 806 958
f 2994 3412 2996
f 3410 3412 2994
f 804 958 2995
f 3411 958 804
f 2997 3411 804
f 3413 3411 2997
f 1276 3414 2998
f 1276 2998 1274
f 1734 1276 1274
f 1734 1736 1276
f 2194 1736 1734
f 2194 2196 1736
f 2194 2999 2852
f 2682 2194 2852
f 2196 2194 2682
f 3415 2682 2852
f 2996 3416 3000
f 3412 3416 2996
f 2997 1220 3413
f 3413 1220 1222
f 3417 1222 1220
f 3417 1220 3001
f 458 3418 592
f 458 592 3002
f 854 458 3002
f 856 458 854
f 854 2998 856
f 856 2998 3414
f 2680 2852 2999
f 2852 2680 3415
f 2680 3152 3415
f 2680 3150 3152
f 3150 3003 252
f 114 3150 252
f 3152 3150 114
f 3419 114 252
f 2716 2879 3004
f 2716 3000 2879
f 3000 3420 2879
f 3000 3416 3420
f 3001 1680 3417
f 3417 1680 1682
f 1680 3005 2328
f 2144 1680 2328
f 1682 1680 2144
f 3421 2144 2328
f 64 3422 200
f 592 3418 64
f 592 64 200
f 456 592 200
f 3006 456 200
f 3002 592 456
f 112 252 3003
f 252 112 3419
f 112 508 3419
f 112 506 508
f 904 508 506
f 904 906 508
f 1324 906 904
f 1324 1326 906
f 1786 1326 1324
f 1786 1788 1326
f 2246 1788 1786
f 2246 2248 1788
f 2879 2718 3004
f 2718 2246 3004
f 2718 2248 2246
f 2879 3420 2718
f 2142 2328 3005
f 2328 2142 3421
f 2142 2628 3421
f 2142 2626 2628
f 3098 2628 2626
f 3098 3100 2628
f 3422 3100 200
f 3100 62 200
f 3100 3098 62
f 3006 200 62
f 216 127 3007
f 610 521 216
f 216 521 127
f 1008 919 610
f 610 919 521
f 1008 3008 919
f 3260 3167 3009
f 3167 3260 3007
f 3260 216 3007
f 3260 218 216
f 612 216 218
f 610 216 612
f 1010 610 612
f 1008 610 1010
f 3008 1008 3010
f 3010 1008 1010
f 3011 3262 3009
f 3009 3262 3260
f 220 3260 3262
f 218 3260 220
f 614 218 220
f 612 218 614
f 1014 612 614
f 1010 612 1014
f 3010 1010 3012
f 3012 1010 1014
f 3013 3264 3011
f 3011 3264 3262
f 222 3262 3264
f 220 3262 222
f 616 220 222
f 614 220 616
f 1018 614 616
f 1014 614 1018
f 3012 1014 3014
f 3014 1014 1018
f 3168 3264 3013
f 3015 224 3168
f 224 3264 3168
f 224 222 3264
f 618 222 224
f 616 222 618
f 1020 616 618
f 1018 616 1020
f 3014 1018 3016
f 3016 1018 1020
f 128 224 3015
f 3017 620 128
f 620 224 128
f 620 618 224
f 1022 618 620
f 1020 618 1022
f 3016 1020 3018
f 3018 1020 1022
f 3019 622 3017
f 3017 622 620
f 1024 620 622
f 1022 620 1024
f 3018 1022 3020
f 3020 1022 1024
f 3021 624 3019
f 3019 624 622
f 1026 622 624
f 1024 622 1026
f 3020 1024 1341
f 1024 1460 1341
f 1024 1026 1460
f 1460 3022 1341
f 232 129 3023
f 523 624 3021
f 523 3021 129
f 3423 523 129
f 232 3423 129
f 624 523 921
f 624 921 1026
f 1026 921 1343
f 1026 1343 1460
f 1801 3022 1460
f 1343 1801 1460
f 1803 1801 1343
f 2384 2261 3424
f 2261 1803 3424
f 2261 1801 1803
f 2384 3024 2261
f 3276 3169 3025
f 131 232 3023
f 131 3023 3169
f 3425 131 3169
f 3276 3425 3169
f 3423 232 131
f 2263 2384 3424
f 3426 2862 2731
f 3426 2731 3024
f 2263 3426 3024
f 2384 2263 3024
f 2862 3026 2731
f 3276 3025 3171
f 3025 3427 3171
f 3025 3027 3427
f 3425 3276 3171
f 2733 2862 3426
f 2733 3428 2862
f 3428 3026 2862
f 3428 3028 3026
f 2842 2699 3029
f 3027 2699 2842
f 3429 3027 2842
f 3427 3027 3429
f 2734 3430 2870
f 2870 3030 2734
f 3030 3428 2734
f 3030 3028 3428
f 2700 2842 3029
f 3429 2842 2700
f 3031 3429 2700
f 3431 3429 3031
f 2264 3432 2396
f 2870 3430 2264
f 2870 2264 2396
f 2732 2870 2396
f 3032 2732 2396
f 3030 2870 2732
f 3433 3031 3033
f 3433 3431 3031
f 3034 2262 2396
f 3432 3034 2396
f 3434 3034 3432
f 3032 2396 2262
f 3033 3170 3433
f 3433 3170 3172
f 3435 3172 3170
f 3435 3170 3035
f 1804 3436 1934
f 1934 3036 1804
f 3036 3434 1804
f 3036 3034 3434
f 3035 130 3435
f 3435 130 132
f 522 132 130
f 522 524 132
f 920 524 522
f 920 922 524
f 1342 922 920
f 1342 1344 922
f 3436 1344 1934
f 1344 1802 1934
f 1344 1342 1802
f 3036 1934 1802
f 253 3121 3261
f 3261 3121 219
f 219 3121 83
f 83 254 219
f 255 2165 2347
f 2347 2165 3297
f 2165 2649 3297
f 2165 2651 2649
f 2651 253 3261
f 3119 2651 3261
f 2649 2651 3119
f 219 81 3119
f 219 3119 3261
f 254 477 615
f 254 615 3298
f 219 254 3298
f 81 219 3298
f 477 256 615
f 257 825 971
f 971 825 1407
f 1407 825 1245
f 1407 1245 3299
f 1245 1703 3299
f 1245 1705 1703
f 1705 255 2347
f 2163 1705 2347
f 1703 1705 2163
f 2347 3297 2163
f 615 475 3298
f 256 875 1019
f 256 1019 3300
f 615 256 3300
f 475 615 3300
f 875 258 1019
f 259 33 3301
f 3301 33 31
f 33 425 31
f 427 425 33
f 427 257 971
f 823 427 971
f 425 427 823
f 1407 1243 823
f 1407 823 971
f 1407 3299 1243
f 1019 873 3300
f 1019 258 873
f 258 3302 873
f 258 260 3302
f 261 2595 3303
f 3303 2595 2593
f 2595 3067 2593
f 3069 3067 2595
f 3301 3067 3069
f 3301 3069 259
f 260 1295 1455
f 3304 260 1455
f 3302 260 3304
f 1295 262 1455
f 263 2121 3305
f 3305 2121 2119
f 3303 2119 2121
f 3303 2121 261
f 1459 3306 3304
f 1459 3304 1455
f 1455 262 1459
f 1459 262 264
f 265 1661 1837
f 3307 1837 1661
f 263 3307 1661
f 3305 3307 263
f 1459 1293 3306
f 264 1757 1917
f 264 1917 3308
f 1459 264 3308
f 1293 1459 3308
f 1757 266 1917
f 1659 3309 1837
f 3309 265 1837
f 3309 267 265
f 1837 3307 1659
f 1917 1755 3308
f 266 2217 2385
f 266 2385 3310
f 1917 266 3310
f 1755 1917 3310
f 2217 268 2385
f 269 3309 3311
f 269 267 3309
f 2389 3312 3310
f 2389 3310 2385
f 2385 268 2389
f 2389 268 270
f 271 3311 3313
f 271 269 3311
f 2389 2215 3312
f 2389 270 2215
f 270 3314 2215
f 270 272 3314
f 273 3313 3315
f 273 271 3313
f 3314 274 3316
f 272 274 3314
f 1857 275 1660
f 275 3315 1660
f 275 273 3315
f 3317 1857 1660
f 1246 276 1430
f 1246 1430 3318
f 1704 1246 3318
f 1706 1246 1704
f 2164 1706 1704
f 2164 2166 1706
f 2164 3319 2848
f 2652 2164 2848
f 2166 2164 2652
f 277 2652 2848
f 3316 278 3320
f 274 278 3316
f 1857 1662 275
f 3317 2120 1857
f 2120 1662 1857
f 2120 2122 1662
f 2120 3321 2798
f 2596 2120 2798
f 2122 2120 2596
f 279 2596 2798
f 826 280 3322
f 826 3322 824
f 276 826 1430
f 826 1244 1430
f 826 824 1244
f 3318 1430 1244
f 2650 2848 3319
f 2848 2650 277
f 2650 3122 277
f 2650 3120 3122
f 3120 3323 246
f 84 3120 246
f 3122 3120 84
f 281 84 246
f 3320 282 3324
f 278 282 3320
f 2594 2798 3321
f 2798 2594 279
f 2594 3070 279
f 2594 3068 3070
f 32 3070 3068
f 32 34 3070
f 426 34 32
f 426 428 34
f 426 3322 428
f 428 3322 280
f 82 246 3323
f 478 281 644
f 644 281 3325
f 281 246 3325
f 246 82 3325
f 283 478 644
f 2218 284 3326
f 2218 3326 2216
f 2216 3324 2218
f 2218 3324 282
f 476 644 3325
f 644 476 283
f 476 876 283
f 476 874 876
f 1294 876 874
f 1294 1296 876
f 1756 1296 1294
f 1756 1758 1296
f 1756 3326 1758
f 1758 3326 284
f 285 2667 3327
f 3327 2667 2665
f 2667 3135 2665
f 3137 3135 2667
f 3137 97 3135
f 99 97 3137
f 600 491 286
f 491 99 286
f 491 97 99
f 600 3328 491
f 287 2093 2267
f 2267 2093 2739
f 2739 2093 2565
f 2739 2565 3179
f 3179 2565 3037
f 3037 288 3179
f 289 2181 3329
f 3329 2181 2179
f 3327 2179 2181
f 3327 2181 285
f 493 600 286
f 493 290 600
f 290 3328 600
f 290 3330 3328
f 2269 291 2267
f 2267 291 287
f 2267 2741 2269
f 2267 2739 2741
f 2739 3181 2741
f 2739 3179 3181
f 1 141 288
f 141 3179 288
f 141 3181 3179
f 1 292 141
f 293 1261 3331
f 3331 1261 1259
f 1261 1719 1259
f 1721 1719 1261
f 3329 1719 1721
f 3329 1721 289
f 3330 294 3332
f 290 294 3330
f 2271 295 2269
f 2269 295 291
f 2269 2743 2271
f 2269 2741 2743
f 2741 3183 2743
f 2741 3181 3183
f 296 3183 2
f 3183 141 2
f 3183 3181 141
f 141 292 2
f 556 441 3333
f 297 841 556
f 841 441 556
f 841 839 441
f 3331 839 841
f 3331 841 293
f 3332 298 3334
f 294 298 3332
f 2271 2094 295
f 2094 2271 2566
f 2566 2271 2743
f 2566 2743 3038
f 3038 2743 3183
f 3183 296 3038
f 556 3333 443
f 3333 299 443
f 3333 3335 299
f 297 556 443
f 3334 300 3336
f 298 300 3334
f 301 49 163
f 3337 163 49
f 299 3337 49
f 3335 3337 299
f 3336 302 3338
f 300 302 3336
f 167 303 163
f 163 303 301
f 163 3337 3339
f 163 3339 167
f 304 1012 889
f 3338 304 889
f 302 304 3338
f 1012 3340 889
f 171 305 167
f 167 305 303
f 167 3339 3341
f 167 3341 171
f 891 1012 304
f 891 306 1012
f 306 3340 1012
f 306 3342 3340
f 47 3343 171
f 3343 305 171
f 3343 307 305
f 171 3341 47
f 3342 308 3344
f 306 308 3342
f 309 3343 3345
f 309 307 3343
f 310 1452 1309
f 3344 310 1309
f 308 310 3344
f 1452 3346 1309
f 311 3345 3347
f 311 309 3345
f 1311 1452 310
f 1311 312 1452
f 312 3346 1452
f 312 3348 3346
f 313 3347 3349
f 313 311 3347
f 314 1914 1771
f 3348 314 1771
f 312 314 3348
f 1914 3350 1771
f 315 3349 3351
f 315 313 3349
f 1773 1914 314
f 316 2382 2231
f 316 2231 3350
f 1773 316 3350
f 1914 1773 3350
f 2382 3352 2231
f 317 3351 3353
f 317 315 3351
f 2233 2382 316
f 2233 318 2382
f 318 3352 2382
f 318 3354 3352
f 319 3085 3355
f 3355 3085 3083
f 3353 3083 3085
f 3353 3085 317
f 3354 320 3356
f 318 320 3354
f 321 2611 2789
f 3357 2789 2611
f 319 3357 2611
f 3355 3357 319
f 3356 322 3358
f 320 322 3356
f 2793 323 2789
f 2789 323 321
f 2789 3357 3359
f 2789 3359 2793
f 3358 324 3360
f 322 324 3358
f 2609 3361 2793
f 3361 323 2793
f 3361 325 323
f 2793 3359 2609
f 1720 1903 3362
f 2180 2371 1903
f 2180 1903 1720
f 2666 2849 2371
f 2666 2371 2180
f 3136 3287 2849
f 3136 2849 2666
f 3363 3287 3136
f 2234 326 3364
f 2234 3364 2232
f 2232 3360 2234
f 2234 3360 324
f 327 3361 3365
f 327 325 3361
f 1905 3366 3362
f 1905 3362 1903
f 328 1905 2182
f 1905 2371 2182
f 1905 1903 2371
f 2182 2371 2668
f 2668 2371 2849
f 2668 2849 3138
f 3138 2849 3287
f 3363 98 3287
f 98 3138 3287
f 98 100 3138
f 492 641 329
f 100 492 329
f 98 492 100
f 3367 641 492
f 1310 1475 3368
f 1774 330 1475
f 1310 1774 1475
f 1772 1774 1310
f 1772 3364 1774
f 1774 3364 326
f 2801 331 2610
f 331 3365 2610
f 331 327 3365
f 3369 2801 2610
f 1260 1435 3370
f 1905 1722 3366
f 3366 1722 1260
f 1722 332 1260
f 332 1435 1260
f 1905 328 1722
f 641 494 329
f 3367 890 641
f 890 494 641
f 890 892 494
f 1475 1312 3368
f 1312 890 3368
f 1312 892 890
f 1475 330 1312
f 2803 333 2801
f 2801 333 331
f 2801 3369 3371
f 2801 3371 2803
f 1437 3372 3370
f 1437 3370 1435
f 1435 332 1437
f 1437 332 334
f 2803 2612 333
f 3243 335 3084
f 3084 335 3371
f 335 2612 3371
f 2612 2803 3371
f 48 201 3243
f 48 3243 3084
f 442 595 201
f 442 201 48
f 840 1001 595
f 840 595 442
f 1437 1262 3372
f 3372 1262 840
f 1262 336 840
f 336 1001 840
f 1437 334 1262
f 3243 3086 335
f 3086 3243 337
f 3243 203 337
f 3243 201 203
f 338 203 444
f 203 595 444
f 203 201 595
f 444 595 842
f 842 595 1001
f 1001 336 842
f 203 50 337
f 203 338 50
f 2738 2579 3373
f 339 3053 2738
f 3053 2579 2738
f 3053 3051 2579
f 138 15 340
f 15 3053 340
f 15 3051 3053
f 138 3374 15
f 341 2109 3375
f 3375 2109 2107
f 2581 2738 3373
f 2107 2581 3373
f 2109 2581 2107
f 339 2738 2581
f 17 138 340
f 409 3374 138
f 17 409 138
f 411 409 17
f 3376 409 925
f 409 807 925
f 409 411 807
f 807 342 925
f 2336 2195 3377
f 343 2683 2336
f 2683 2195 2336
f 2683 2681 2195
f 2683 3151 2681
f 3153 3151 2683
f 210 113 344
f 113 3153 344
f 113 3151 3153
f 210 3378 113
f 345 1651 3379
f 3379 1651 1649
f 3375 1649 1651
f 3375 1651 341
f 925 805 3376
f 805 925 342
f 1223 805 342
f 1221 805 1223
f 3380 1221 1817
f 1221 1683 1817
f 1221 1223 1683
f 1683 346 1817
f 347 1737 3381
f 3381 1737 1735
f 2197 2336 3377
f 1735 2197 3377
f 1737 2197 1735
f 343 2336 2197
f 115 210 344
f 507 3378 210
f 115 507 210
f 509 507 115
f 509 348 507
f 507 348 3382
f 349 3379 3383
f 349 345 3379
f 1817 1681 3380
f 1681 1817 346
f 2145 1681 346
f 2143 1681 2145
f 2145 2627 2143
f 2629 2627 2145
f 2629 3099 2627
f 3101 3099 2629
f 3101 63 3099
f 65 63 3101
f 65 457 63
f 459 457 65
f 459 855 457
f 857 855 459
f 857 1275 855
f 1277 1275 857
f 3381 1275 1277
f 3381 1277 347
f 348 907 1005
f 3384 348 1005
f 3382 348 3384
f 907 350 1005
f 351 3383 3385
f 351 349 3383
f 1005 905 3384
f 1005 350 905
f 350 3386 905
f 350 352 3386
f 353 3385 3387
f 353 351 3385
f 3386 354 3388
f 352 354 3386
f 3387 1650 353
f 353 1650 1652
f 1650 3389 2278
f 2110 1650 2278
f 1652 1650 2110
f 355 2110 2278
f 3388 356 3390
f 354 356 3388
f 2108 2278 3389
f 2582 355 2752
f 2752 355 3391
f 355 2278 3391
f 2278 2108 3391
f 357 2582 2752
f 3390 358 3392
f 356 358 3390
f 2580 2752 3391
f 3054 357 3194
f 3194 357 3393
f 357 2752 3393
f 2752 2580 3393
f 359 3054 3194
f 3392 360 3394
f 358 360 3392
f 3052 3194 3393
f 359 3194 3052
f 3395 359 3052
f 361 359 3395
f 3394 362 3396
f 360 362 3394
f 18 361 158
f 361 3397 158
f 361 3395 3397
f 363 18 158
f 3396 364 3398
f 362 364 3396
f 16 158 3397
f 363 158 16
f 3399 363 16
f 365 363 3399
f 1325 3398 364
f 1325 364 1327
f 1327 366 1325
f 1325 366 3400
f 412 365 552
f 365 3401 552
f 365 3399 3401
f 367 412 552
f 3400 368 3402
f 366 368 3400
f 410 552 3401
f 367 552 410
f 3403 367 410
f 369 367 3403
f 1787 3402 368
f 1787 368 1789
f 1789 370 1787
f 1787 370 3404
f 371 3403 3405
f 371 369 3403
f 370 2249 2391
f 3406 370 2391
f 3404 370 3406
f 2249 372 2391
f 373 3405 3407
f 373 371 3405
f 2391 2247 3406
f 2247 2391 372
f 2719 2247 372
f 2717 2247 2719
f 2719 374 2717
f 2717 374 3408
f 808 373 956
f 373 3409 956
f 373 3407 3409
f 375 808 956
f 3408 376 3410
f 374 376 3408
f 806 956 3409
f 375 956 806
f 3411 375 806
f 377 375 3411
f 3410 378 3412
f 376 378 3410
f 1224 377 1392
f 377 3413 1392
f 377 3411 3413
f 379 1224 1392
f 858 380 996
f 858 996 3414
f 1276 858 3414
f 1278 858 1276
f 1736 1278 1276
f 1736 1738 1278
f 2196 1738 1736
f 2196 2198 1738
f 2682 2198 2196
f 2682 2684 2198
f 381 2684 2682
f 381 2682 3415
f 3412 382 3416
f 378 382 3412
f 1222 1392 3413
f 1684 379 1864
f 1864 379 3417
f 379 1392 3417
f 1392 1222 3417
f 383 1684 1864
f 460 384 3418
f 460 3418 458
f 380 460 996
f 460 856 996
f 460 458 856
f 3414 996 856
f 3415 3152 381
f 381 3152 3154
f 114 3154 3152
f 114 116 3154
f 385 116 114
f 385 114 3419
f 2720 386 2880
f 2880 3420 2720
f 3420 382 2720
f 3420 3416 382
f 1682 1864 3417
f 1864 1682 383
f 1682 2146 383
f 1682 2144 2146
f 2144 3421 2804
f 2630 2144 2804
f 2146 2144 2630
f 2630 2804 3242
f 2630 3242 3102
f 3102 3242 3422
f 64 3102 3422
f 66 3102 64
f 64 3418 66
f 66 3418 384
f 3419 508 385
f 385 508 510
f 906 510 508
f 906 908 510
f 1326 908 906
f 1326 1328 908
f 1788 1328 1326
f 1788 1790 1328
f 2248 1790 1788
f 2248 2250 1790
f 386 2250 2880
f 2250 2718 2880
f 2250 2248 2718
f 3420 2880 2718
f 2628 2804 3421
f 3100 3242 2628
f 2628 3242 2804
f 3422 3242 3100
f 626 523 3423
f 1028 921 626
f 626 921 523
f 1462 1343 1028
f 1028 1343 921
f 1920 1803 1462
f 1462 1803 1343
f 1920 3424 1803
f 234 131 3425
f 525 626 3423
f 525 3423 131
f 387 525 131
f 234 387 131
f 626 525 923
f 626 923 1028
f 1028 923 388
f 1464 1028 388
f 1462 1028 1464
f 1922 1462 1464
f 1920 1462 1922
f 3424 1920 2263
f 1920 2388 2263
f 1920 1922 2388
f 2388 3426 2263
f 3278 3171 3427
f 133 234 3425
f 133 3425 3171
f 389 133 3171
f 3278 389 3171
f 387 234 133
f 1345 1464 388
f 1464 1345 390
f 1924 1464 390
f 1922 1464 1924
f 2392 1922 1924
f 2388 1922 2392
f 3426 2388 2733
f 2388 2866 2733
f 2388 2392 2866
f 2866 3428 2733
f 3278 3427 3173
f 3427 391 3173
f 3427 3429 391
f 389 3278 3173
f 392 1926 1924
f 392 1924 390
f 2394 1924 1926
f 2392 1924 2394
f 2734 2866 3430
f 2866 2394 3430
f 2866 2392 2394
f 3428 2866 2734
f 393 3429 3431
f 393 391 3429
f 394 1928 1926
f 394 1926 392
f 2264 2394 3432
f 2394 1928 3432
f 2394 1926 1928
f 3430 2394 2264
f 3174 393 3288
f 393 3433 3288
f 393 3431 3433
f 395 3174 3288
f 396 1930 1928
f 396 1928 394
f 3432 1928 3434
f 3434 1928 1930
f 3172 3288 3433
f 134 395 248
f 248 395 3435
f 395 3288 3435
f 3288 3172 3435
f 134 248 642
f 134 642 526
f 526 642 1042
f 526 1042 924
f 924 1042 1476
f 924 1476 1346
f 1930 396 1346
f 1930 1346 1476
f 1804 1930 1476
f 3436 1804 1476
f 3434 1930 1804
f 132 248 3435
f 524 642 132
f 132 642 248
f 922 1042 524
f 524 1042 642
f 1344 1476 922
f 922 1476 1042
f 3436 1476 1344
