# Converted from NanoShaper .vert/.face
v -13.635000 -9.938000 -18.568000
v -13.078000 -9.938000 -18.568000
v -14.253000 -9.938000 -18.068000
v -12.460000 -9.938000 -18.068000
v -14.372000 -9.938000 -17.568000
v -12.218000 -9.938000 -17.568000
v -14.322000 -9.938000 -17.068000
v -11.886000 -9.938000 -17.068000
v -14.201000 -9.938000 -16.568000
v -11.454000 -9.938000 -16.568000
v -14.146000 -9.938000 -16.068000
v -10.910000 -9.938000 -16.068000
v -14.178000 -9.938000 -15.568000
v -10.569000 -9.938000 -15.568000
v -14.061000 -9.938000 -15.068000
v -10.479000 -9.938000 -15.068000
v -13.824000 -9.938000 -14.568000
v -10.409000 -9.938000 -14.568000
v -13.722000 -9.938000 -14.068000
v -10.304000 -9.938000 -14.068000
v -13.738000 -9.938000 -13.568000
v -10.237000 -9.938000 -13.568000
v -13.755000 -9.938000 -13.068000
v -9.952000 -9.938000 -13.068000
v -13.707000 -9.938000 -12.568000
v -9.593000 -9.938000 -12.568000
v -13.718000 -9.938000 -12.068000
v -9.407000 -9.938000 -12.068000
v -13.654000 -9.938000 -11.568000
v -9.291000 -9.938000 -11.568000
v -13.617000 -9.938000 -11.068000
v -9.416000 -9.938000 -11.068000
v -13.632000 -9.938000 -10.568000
v -9.670000 -9.938000 -10.568000
v -13.634000 -9.938000 -10.068000
v -9.831000 -9.938000 -10.068000
v -13.619000 -9.938000 -9.568000
v -9.855000 -9.938000 -9.568000
v -13.518000 -9.938000 -9.068000
v -9.846000 -9.938000 -9.068000
v -13.190000 -9.938000 -8.568000
v -9.829000 -9.938000 -8.568000
v -12.924000 -9.938000 -8.068000
v -9.873000 -9.938000 -8.068000
v -12.863000 -9.938000 -7.568000
v -9.993000 -9.938000 -7.568000
v -12.730000 -9.938000 -7.068000
v -10.483000 -9.938000 -7.068000
v -11.971000 -9.938000 -6.568000
v -11.742000 -9.938000 -6.568000
v -12.421000 -5.938000 -8.568000
v -12.305000 -5.938000 -8.568000
v -11.059000 -5.938000 -8.568000
v -10.571000 -5.938000 -8.568000
v -13.218000 -5.938000 -8.068000
v -9.941000 -5.938000 -8.068000
v -13.678000 -5.938000 -7.568000
v -9.830000 -5.938000 -7.568000
v -14.023000 -5.938000 -7.068000
v -9.923000 -5.938000 -7.068000
v -14.195000 -5.938000 -6.568000
v -10.015000 -5.938000 -6.568000
v -14.273000 -5.938000 -6.068000
v -10.178000 -5.938000 -6.068000
v -14.204000 -5.938000 -5.568000
v -10.430000 -5.938000 -5.568000
v -14.191000 -5.938000 -5.068000
v -10.719000 -5.938000 -5.068000
v -14.126000 -5.938000 -4.568000
v -10.770000 -5.938000 -4.568000
v -14.111000 -5.938000 -4.068000
v -10.530000 -5.938000 -4.068000
v -14.145000 -5.938000 -3.568000
v -10.040000 -5.938000 -3.568000
v -14.202000 -5.938000 -3.068000
v -9.879000 -5.938000 -3.068000
v -14.174000 -5.938000 -2.568000
v -9.865000 -5.938000 -2.568000
v -14.184000 -5.938000 -2.068000
v -10.019000 -5.938000 -2.068000
v -14.083000 -5.938000 -1.568000
v -10.581000 -5.938000 -1.568000
v -13.713000 -5.938000 -1.068000
v -11.076000 -5.938000 -1.068000
v -14.340000 -9.938000 -17.845000
v -14.340000 -9.938000 -17.329000
v -13.840000 -9.938000 -18.485000
v -13.840000 -9.938000 -14.611000
v -13.340000 -9.938000 -18.607000
v -13.340000 -9.938000 -8.760000
v -12.840000 -9.938000 -18.466000
v -12.840000 -9.938000 -7.353000
v -12.340000 -9.938000 -17.804000
v -12.340000 -9.938000 -6.685000
v -11.840000 -9.938000 -17.008000
v -11.840000 -9.938000 -6.562000
v -11.340000 -9.938000 -16.449000
v -11.340000 -9.938000 -6.606000
v -10.840000 -9.938000 -15.999000
v -10.840000 -9.938000 -6.728000
v -10.340000 -9.938000 -14.316000
v -10.340000 -9.938000 -7.207000
v -9.840000 -9.938000 -12.935000
v -9.840000 -9.938000 -10.014000
v -9.840000 -9.938000 -8.673000
v -9.840000 -9.938000 -8.376000
v -9.340000 -9.938000 -11.871000
v -9.340000 -9.938000 -11.245000
v -13.840000 -5.938000 -7.373000
v -13.840000 -5.938000 -1.189000
v -13.340000 -5.938000 -7.902000
v -13.340000 -5.938000 -0.851000
v -12.840000 -5.938000 -8.445000
v -12.840000 -5.938000 -0.766000
v -12.340000 -5.938000 -8.569000
v -12.340000 -5.938000 -0.785000
v -11.840000 -5.938000 -8.546000
v -11.840000 -5.938000 -0.803000
v -11.340000 -5.938000 -8.523000
v -11.340000 -5.938000 -0.912000
v -10.840000 -5.938000 -8.598000
v -10.840000 -5.938000 -1.300000
v -10.340000 -5.938000 -8.477000
v -10.340000 -5.938000 -5.722000
v -10.340000 -5.938000 -3.904000
v -10.340000 -5.938000 -1.760000
v -9.840000 -5.938000 -7.758000
v -9.840000 -5.938000 -7.467000
v -14.340000 -12.721000 -16.068000
v -14.340000 -10.413000 -16.068000
v -13.840000 -12.858000 -16.068000
v -13.840000 -9.533000 -16.068000
v -13.340000 -12.947000 -16.068000
v -13.340000 -8.578000 -16.068000
v -12.840000 -12.835000 -16.068000
v -12.840000 -8.112000 -16.068000
v -12.340000 -12.339000 -16.068000
v -12.340000 -7.975000 -16.068000
v -11.840000 -11.344000 -16.068000
v -11.840000 -8.100000 -16.068000
v -11.340000 -10.429000 -16.068000
v -11.340000 -8.479000 -16.068000
v -10.840000 -9.779000 -16.068000
v -10.840000 -9.128000 -16.068000
v -13.340000 -11.301000 -12.068000
v -13.340000 -7.891000 -12.068000
v -12.840000 -11.797000 -12.068000
v -12.840000 -7.480000 -12.068000
v -12.340000 -11.929000 -12.068000
v -12.340000 -7.362000 -12.068000
v -11.840000 -11.806000 -12.068000
v -11.840000 -7.349000 -12.068000
v -11.340000 -11.617000 -12.068000
v -11.340000 -7.291000 -12.068000
v -10.840000 -11.304000 -12.068000
v -10.840000 -7.048000 -12.068000
v -10.340000 -10.911000 -12.068000
v -10.340000 -6.930000 -12.068000
v -9.840000 -10.501000 -12.068000
v -9.840000 -7.039000 -12.068000
v -9.340000 -9.853000 -12.068000
v -9.340000 -7.422000 -12.068000
v -13.340000 -9.429000 -8.068000
v -13.340000 -6.053000 -8.068000
v -12.840000 -10.026000 -8.068000
v -12.840000 -5.713000 -8.068000
v -12.340000 -10.311000 -8.068000
v -12.340000 -5.530000 -8.068000
v -11.840000 -10.387000 -8.068000
v -11.840000 -5.403000 -8.068000
v -11.340000 -10.371000 -8.068000
v -11.340000 -5.508000 -8.068000
v -10.840000 -10.313000 -8.068000
v -10.840000 -5.600000 -8.068000
v -10.340000 -10.219000 -8.068000
v -10.340000 -5.696000 -8.068000
v -9.840000 -9.907000 -8.068000
v -9.840000 -6.037000 -8.068000
v -13.840000 -6.372000 -4.068000
v -13.840000 -2.709000 -4.068000
v -13.340000 -6.721000 -4.068000
v -13.340000 -2.306000 -4.068000
v -12.840000 -6.826000 -4.068000
v -12.840000 -2.190000 -4.068000
v -12.340000 -6.746000 -4.068000
v -12.340000 -2.276000 -4.068000
v -11.840000 -6.470000 -4.068000
v -11.840000 -2.453000 -4.068000
v -11.340000 -6.248000 -4.068000
v -11.340000 -2.525000 -4.068000
v -10.840000 -6.073000 -4.068000
v -10.840000 -2.635000 -4.068000
v -10.340000 -5.814000 -4.068000
v -10.340000 -2.983000 -4.068000
v -9.840000 -4.821000 -4.068000
v -9.840000 -3.872000 -4.068000
v -13.533000 -9.438000 -17.068000
v -12.041000 -9.438000 -17.068000
v -13.681000 -9.438000 -16.568000
v -11.300000 -9.438000 -16.568000
v -13.771000 -9.438000 -16.068000
v -10.786000 -9.438000 -16.068000
v -13.882000 -9.438000 -15.568000
v -10.477000 -9.438000 -15.568000
v -13.852000 -9.438000 -15.068000
v -10.318000 -9.438000 -15.068000
v -13.765000 -9.438000 -14.568000
v -10.081000 -9.438000 -14.568000
v -13.715000 -9.438000 -14.068000
v -9.995000 -9.438000 -14.068000
v -13.710000 -9.438000 -13.568000
v -9.946000 -9.438000 -13.568000
v -13.720000 -9.438000 -13.068000
v -9.691000 -9.438000 -13.068000
v -13.722000 -9.438000 -12.568000
v -9.393000 -9.438000 -12.568000
v -13.768000 -9.438000 -12.068000
v -9.087000 -9.438000 -12.068000
v -13.730000 -9.438000 -11.568000
v -8.985000 -9.438000 -11.568000
v -13.705000 -9.438000 -11.068000
v -9.079000 -9.438000 -11.068000
v -13.712000 -9.438000 -10.568000
v -9.374000 -9.438000 -10.568000
v -13.710000 -9.438000 -10.068000
v -9.539000 -9.438000 -10.068000
v -13.696000 -9.438000 -9.568000
v -9.549000 -9.438000 -9.568000
v -13.629000 -9.438000 -9.068000
v -9.509000 -9.438000 -9.068000
v -13.495000 -9.438000 -8.568000
v -9.493000 -9.438000 -8.568000
v -13.333000 -9.438000 -8.068000
v -9.522000 -9.438000 -8.068000
v -13.291000 -9.438000 -7.568000
v -9.606000 -9.438000 -7.568000
v -13.136000 -9.438000 -7.068000
v -9.949000 -9.438000 -7.068000
v -12.715000 -9.438000 -6.568000
v -10.464000 -9.438000 -6.568000
v -12.086000 -5.438000 -8.068000
v -11.564000 -5.438000 -8.068000
v -12.982000 -5.438000 -7.568000
v -10.815000 -5.438000 -7.568000
v -13.776000 -5.438000 -7.068000
v -10.547000 -5.438000 -7.068000
v -14.109000 -5.438000 -6.568000
v -10.395000 -5.438000 -6.568000
v -14.207000 -5.438000 -6.068000
v -10.273000 -5.438000 -6.068000
v -14.250000 -5.438000 -5.568000
v -10.252000 -5.438000 -5.568000
v -14.279000 -5.438000 -5.068000
v -10.300000 -5.438000 -5.068000
v -14.209000 -5.438000 -4.568000
v -10.273000 -5.438000 -4.568000
v -14.208000 -5.438000 -4.068000
v -10.018000 -5.438000 -4.068000
v -14.242000 -5.438000 -3.568000
v -9.669000 -5.438000 -3.568000
v -14.276000 -5.438000 -3.068000
v -9.553000 -5.438000 -3.068000
v -14.273000 -5.438000 -2.568000
v -9.525000 -5.438000 -2.568000
v -14.276000 -5.438000 -2.068000
v -9.635000 -5.438000 -2.068000
v -14.182000 -5.438000 -1.568000
v -10.023000 -5.438000 -1.568000
v -13.851000 -5.438000 -1.068000
v -10.900000 -5.438000 -1.068000
v -13.840000 -9.438000 -15.829000
v -13.840000 -9.438000 -14.963000
v -13.340000 -9.438000 -17.403000
v -13.340000 -9.438000 -8.101000
v -12.840000 -9.438000 -17.446000
v -12.840000 -9.438000 -6.686000
v -12.340000 -9.438000 -17.232000
v -12.340000 -9.438000 -6.342000
v -11.840000 -9.438000 -16.950000
v -11.840000 -9.438000 -6.250000
v -11.340000 -9.438000 -16.608000
v -11.340000 -9.438000 -6.258000
v -10.840000 -9.438000 -16.121000
v -10.840000 -9.438000 -6.344000
v -10.340000 -9.438000 -15.124000
v -10.340000 -9.438000 -6.690000
v -9.840000 -9.438000 -13.296000
v -9.840000 -9.438000 -7.179000
v -9.340000 -9.438000 -12.485000
v -9.340000 -9.438000 -10.628000
v -13.840000 -5.438000 -7.001000
v -13.840000 -5.438000 -1.058000
v -13.340000 -5.438000 -7.410000
v -13.340000 -5.438000 -0.752000
v -12.840000 -5.438000 -7.648000
v -12.840000 -5.438000 -0.674000
v -12.340000 -5.438000 -7.962000
v -12.340000 -5.438000 -0.701000
v -11.840000 -5.438000 -8.102000
v -11.840000 -5.438000 -0.695000
v -11.340000 -5.438000 -7.985000
v -11.340000 -5.438000 -0.795000
v -10.840000 -5.438000 -7.599000
v -10.840000 -5.438000 -1.112000
v -10.340000 -5.438000 -6.405000
v -10.340000 -5.438000 -1.385000
v -9.840000 -5.438000 -3.847000
v -9.840000 -5.438000 -1.743000
v -13.840000 -12.272000 -15.568000
v -13.840000 -9.363000 -15.568000
v -13.340000 -12.416000 -15.568000
v -13.340000 -8.111000 -15.568000
v -12.840000 -12.296000 -15.568000
v -12.840000 -7.740000 -15.568000
v -12.340000 -11.990000 -15.568000
v -12.340000 -7.638000 -15.568000
v -11.840000 -11.524000 -15.568000
v -11.840000 -7.734000 -15.568000
v -11.340000 -10.849000 -15.568000
v -11.340000 -8.014000 -15.568000
v -10.840000 -10.362000 -15.568000
v -10.840000 -8.477000 -15.568000
v -13.340000 -10.744000 -11.568000
v -13.340000 -7.961000 -11.568000
v -12.840000 -11.296000 -11.568000
v -12.840000 -7.626000 -11.568000
v -12.340000 -11.434000 -11.568000
v -12.340000 -7.518000 -11.568000
v -11.840000 -11.396000 -11.568000
v -11.840000 -7.501000 -11.568000
v -11.340000 -11.371000 -11.568000
v -11.340000 -7.454000 -11.568000
v -10.840000 -11.228000 -11.568000
v -10.840000 -7.262000 -11.568000
v -10.340000 -10.907000 -11.568000
v -10.340000 -7.163000 -11.568000
v -9.840000 -10.501000 -11.568000
v -9.840000 -7.257000 -11.568000
v -9.340000 -9.987000 -11.568000
v -9.340000 -7.612000 -11.568000
v -13.840000 -7.947000 -7.568000
v -13.840000 -6.141000 -7.568000
v -13.340000 -9.393000 -7.568000
v -13.340000 -5.611000 -7.568000
v -12.840000 -9.961000 -7.568000
v -12.840000 -5.358000 -7.568000
v -12.340000 -10.279000 -7.568000
v -12.340000 -5.082000 -7.568000
v -11.840000 -10.365000 -7.568000
v -11.840000 -5.043000 -7.568000
v -11.340000 -10.310000 -7.568000
v -11.340000 -5.167000 -7.568000
v -10.840000 -10.250000 -7.568000
v -10.840000 -5.428000 -7.568000
v -10.340000 -10.136000 -7.568000
v -10.340000 -5.608000 -7.568000
v -9.840000 -9.795000 -7.568000
v -9.840000 -5.928000 -7.568000
v -13.840000 -6.411000 -3.568000
v -13.840000 -2.536000 -3.568000
v -13.340000 -6.737000 -3.568000
v -13.340000 -2.187000 -3.568000
v -12.840000 -6.825000 -3.568000
v -12.840000 -2.081000 -3.568000
v -12.340000 -6.723000 -3.568000
v -12.340000 -2.160000 -3.568000
v -11.840000 -6.567000 -3.568000
v -11.840000 -2.422000 -3.568000
v -11.340000 -6.357000 -3.568000
v -11.340000 -2.597000 -3.568000
v -10.840000 -6.236000 -3.568000
v -10.840000 -2.735000 -3.568000
v -10.340000 -6.123000 -3.568000
v -10.340000 -3.081000 -3.568000
v -9.840000 -5.732000 -3.568000
v -9.840000 -3.581000 -3.568000
v -14.650000 -12.938000 -17.568000
v -12.482000 -12.938000 -17.568000
v -14.783000 -12.938000 -17.068000
v -12.326000 -12.938000 -17.068000
v -14.626000 -12.938000 -16.568000
v -12.445000 -12.938000 -16.568000
v -13.446000 -12.938000 -16.068000
v -13.164000 -12.938000 -16.068000
v -13.246000 -8.938000 -16.568000
v -11.406000 -8.938000 -16.568000
v -13.539000 -8.938000 -16.068000
v -10.927000 -8.938000 -16.068000
v -13.668000 -8.938000 -15.568000
v -10.580000 -8.938000 -15.568000
v -13.739000 -8.938000 -15.068000
v -10.281000 -8.938000 -15.068000
v -13.779000 -8.938000 -14.568000
v -9.985000 -8.938000 -14.568000
v -13.735000 -8.938000 -14.068000
v -9.760000 -8.938000 -14.068000
v -13.756000 -8.938000 -13.568000
v -9.485000 -8.938000 -13.568000
v -13.757000 -8.938000 -13.068000
v -9.294000 -8.938000 -13.068000
v -13.764000 -8.938000 -12.568000
v -9.097000 -8.938000 -12.568000
v -13.764000 -8.938000 -12.068000
v -8.976000 -8.938000 -12.068000
v -13.734000 -8.938000 -11.568000
v -8.906000 -8.938000 -11.568000
v -13.702000 -8.938000 -11.068000
v -8.995000 -8.938000 -11.068000
v -13.733000 -8.938000 -10.568000
v -9.270000 -8.938000 -10.568000
v -13.722000 -8.938000 -10.068000
v -9.430000 -8.938000 -10.068000
v -13.697000 -8.938000 -9.568000
v -9.459000 -8.938000 -9.568000
v -13.691000 -8.938000 -9.068000
v -9.411000 -8.938000 -9.068000
v -13.637000 -8.938000 -8.568000
v -9.396000 -8.938000 -8.568000
v -13.600000 -8.938000 -8.068000
v -9.416000 -8.938000 -8.068000
v -13.650000 -8.938000 -7.568000
v -9.494000 -8.938000 -7.568000
v -13.528000 -8.938000 -7.068000
v -9.798000 -8.938000 -7.068000
v -13.113000 -8.938000 -6.568000
v -10.311000 -8.938000 -6.568000
v -13.309000 -4.938000 -7.068000
v -11.118000 -4.938000 -7.068000
v -13.924000 -4.938000 -6.568000
v -10.697000 -4.938000 -6.568000
v -14.151000 -4.938000 -6.068000
v -10.342000 -4.938000 -6.068000
v -14.236000 -4.938000 -5.568000
v -10.118000 -4.938000 -5.568000
v -14.253000 -4.938000 -5.068000
v -10.023000 -4.938000 -5.068000
v -14.259000 -4.938000 -4.568000
v -10.011000 -4.938000 -4.568000
v -14.244000 -4.938000 -4.068000
v -9.851000 -4.938000 -4.068000
v -14.210000 -4.938000 -3.568000
v -9.569000 -4.938000 -3.568000
v -14.237000 -4.938000 -3.068000
v -9.461000 -4.938000 -3.068000
v -14.237000 -4.938000 -2.568000
v -9.426000 -4.938000 -2.568000
v -14.286000 -4.938000 -2.068000
v -9.527000 -4.938000 -2.068000
v -14.177000 -4.938000 -1.568000
v -9.870000 -4.938000 -1.568000
v -13.821000 -4.938000 -1.068000
v -10.852000 -4.938000 -1.068000
v -14.340000 -12.938000 -17.881000
v -14.340000 -12.938000 -16.292000
v -13.840000 -12.938000 -18.020000
v -13.840000 -12.938000 -16.150000
v -13.340000 -12.938000 -18.016000
v -13.340000 -12.938000 -16.058000
v -12.840000 -12.938000 -17.899000
v -12.840000 -12.938000 -16.175000
v -12.340000 -12.938000 -17.206000
v -12.340000 -12.938000 -16.868000
v -13.340000 -8.938000 -16.446000
v -13.340000 -8.938000 -6.777000
v -12.840000 -8.938000 -16.859000
v -12.840000 -8.938000 -6.419000
v -12.340000 -8.938000 -16.929000
v -12.340000 -8.938000 -6.240000
v -11.840000 -8.938000 -16.834000
v -11.840000 -8.938000 -6.164000
v -11.340000 -8.938000 -16.503000
v -11.340000 -8.938000 -6.150000
v -10.840000 -8.938000 -15.982000
v -10.840000 -8.938000 -6.232000
v -10.340000 -8.938000 -15.150000
v -10.340000 -8.938000 -6.540000
v -9.840000 -8.938000 -14.237000
v -9.840000 -8.938000 -7.025000
v -9.340000 -8.938000 -13.216000
v -9.340000 -8.938000 -10.411000
v -13.840000 -4.938000 -6.679000
v -13.840000 -4.938000 -1.085000
v -13.340000 -4.938000 -7.055000
v -13.340000 -4.938000 -0.786000
v -12.840000 -4.938000 -7.300000
v -12.840000 -4.938000 -0.711000
v -12.340000 -4.938000 -7.451000
v -12.340000 -4.938000 -0.672000
v -11.840000 -4.938000 -7.437000
v -11.840000 -4.938000 -0.665000
v -11.340000 -4.938000 -7.257000
v -11.340000 -4.938000 -0.769000
v -10.840000 -4.938000 -6.791000
v -10.840000 -4.938000 -1.075000
v -10.340000 -4.938000 -6.065000
v -10.340000 -4.938000 -1.279000
v -9.840000 -4.938000 -4.045000
v -9.840000 -4.938000 -1.597000
v -13.840000 -11.364000 -15.068000
v -13.840000 -9.404000 -15.068000
v -13.340000 -11.873000 -15.068000
v -13.340000 -7.932000 -15.068000
v -12.840000 -11.941000 -15.068000
v -12.840000 -7.517000 -15.068000
v -12.340000 -11.845000 -15.068000
v -12.340000 -7.401000 -15.068000
v -11.840000 -11.648000 -15.068000
v -11.840000 -7.405000 -15.068000
v -11.340000 -11.297000 -15.068000
v -11.340000 -7.469000 -15.068000
v -10.840000 -10.504000 -15.068000
v -10.840000 -7.615000 -15.068000
v -10.340000 -9.533000 -15.068000
v -10.340000 -8.625000 -15.068000
v -13.340000 -10.445000 -11.068000
v -13.340000 -7.982000 -11.068000
v -12.840000 -10.906000 -11.068000
v -12.840000 -7.629000 -11.068000
v -12.340000 -11.037000 -11.068000
v -12.340000 -7.522000 -11.068000
v -11.840000 -11.118000 -11.068000
v -11.840000 -7.505000 -11.068000
v -11.340000 -11.216000 -11.068000
v -11.340000 -7.490000 -11.068000
v -10.840000 -11.122000 -11.068000
v -10.840000 -7.354000 -11.068000
v -10.340000 -10.802000 -11.068000
v -10.340000 -7.300000 -11.068000
v -9.840000 -10.414000 -11.068000
v -9.840000 -7.493000 -11.068000
v -9.340000 -9.861000 -11.068000
v -9.340000 -8.080000 -11.068000
v -13.840000 -8.018000 -7.068000
v -13.840000 -5.551000 -7.068000
v -13.340000 -9.230000 -7.068000
v -13.340000 -4.962000 -7.068000
v -12.840000 -9.827000 -7.068000
v -12.840000 -4.473000 -7.068000
v -12.340000 -10.180000 -7.068000
v -12.340000 -4.354000 -7.068000
v -11.840000 -10.272000 -7.068000
v -11.840000 -4.465000 -7.068000
v -11.340000 -10.221000 -7.068000
v -11.340000 -4.710000 -7.068000
v -10.840000 -10.135000 -7.068000
v -10.840000 -5.207000 -7.068000
v -10.340000 -9.835000 -7.068000
v -10.340000 -5.607000 -7.068000
v -9.840000 -9.195000 -7.068000
v -9.840000 -6.021000 -7.068000
v -13.840000 -6.503000 -3.068000
v -13.840000 -2.455000 -3.068000
v -13.340000 -6.808000 -3.068000
v -13.340000 -2.133000 -3.068000
v -12.840000 -6.886000 -3.068000
v -12.840000 -2.045000 -3.068000
v -12.340000 -6.799000 -3.068000
v -12.340000 -2.141000 -3.068000
v -11.840000 -6.735000 -3.068000
v -11.840000 -2.461000 -3.068000
v -11.340000 -6.631000 -3.068000
v -11.340000 -2.810000 -3.068000
v -10.840000 -6.395000 -3.068000
v -10.840000 -2.976000 -3.068000
v -10.340000 -6.240000 -3.068000
v -10.340000 -3.133000 -3.068000
v -9.840000 -5.898000 -3.068000
v -9.840000 -3.467000 -3.068000
v -14.687000 -12.438000 -18.068000
v -12.426000 -12.438000 -18.068000
v -15.047000 -12.438000 -17.568000
v -12.110000 -12.438000 -17.568000
v -15.140000 -12.438000 -17.068000
v -11.998000 -12.438000 -17.068000
v -15.031000 -12.438000 -16.568000
v -12.084000 -12.438000 -16.568000
v -14.642000 -12.438000 -16.068000
v -12.411000 -12.438000 -16.068000
v -12.619000 -8.438000 -16.568000
v -11.986000 -8.438000 -16.568000
v -13.229000 -8.438000 -16.068000
v -11.387000 -8.438000 -16.068000
v -13.537000 -8.438000 -15.568000
v -10.872000 -8.438000 -15.568000
v -13.642000 -8.438000 -15.068000
v -10.381000 -8.438000 -15.068000
v -13.688000 -8.438000 -14.568000
v -9.960000 -8.438000 -14.568000
v -13.699000 -8.438000 -14.068000
v -9.527000 -8.438000 -14.068000
v -13.726000 -8.438000 -13.568000
v -9.134000 -8.438000 -13.568000
v -13.779000 -8.438000 -13.068000
v -9.015000 -8.438000 -13.068000
v -13.702000 -8.438000 -12.568000
v -8.985000 -8.438000 -12.568000
v -13.659000 -8.438000 -12.068000
v -8.923000 -8.438000 -12.068000
v -13.643000 -8.438000 -11.568000
v -8.989000 -8.438000 -11.568000
v -13.616000 -8.438000 -11.068000
v -9.109000 -8.438000 -11.068000
v -13.636000 -8.438000 -10.568000
v -9.350000 -8.438000 -10.568000
v -13.648000 -8.438000 -10.068000
v -9.448000 -8.438000 -10.068000
v -13.603000 -8.438000 -9.568000
v -9.435000 -8.438000 -9.568000
v -13.665000 -8.438000 -9.068000
v -9.401000 -8.438000 -9.068000
v -13.732000 -8.438000 -8.568000
v -9.441000 -8.438000 -8.568000
v -13.711000 -8.438000 -8.068000
v -9.466000 -8.438000 -8.068000
v -13.760000 -8.438000 -7.568000
v -9.542000 -8.438000 -7.568000
v -13.673000 -8.438000 -7.068000
v -9.769000 -8.438000 -7.068000
v -13.361000 -8.438000 -6.568000
v -10.248000 -8.438000 -6.568000
v -11.963000 -8.438000 -6.068000
v -10.971000 -8.438000 -6.068000
v -12.766000 -4.438000 -7.068000
v -11.907000 -4.438000 -7.068000
v -13.861000 -4.438000 -6.568000
v -10.814000 -4.438000 -6.568000
v -14.191000 -4.438000 -6.068000
v -10.385000 -4.438000 -6.068000
v -14.284000 -4.438000 -5.568000
v -10.048000 -4.438000 -5.568000
v -14.241000 -4.438000 -5.068000
v -9.949000 -4.438000 -5.068000
v -14.283000 -4.438000 -4.568000
v -9.945000 -4.438000 -4.568000
v -14.275000 -4.438000 -4.068000
v -9.790000 -4.438000 -4.068000
v -14.239000 -4.438000 -3.568000
v -9.527000 -4.438000 -3.568000
v -14.285000 -4.438000 -3.068000
v -9.449000 -4.438000 -3.068000
v -14.227000 -4.438000 -2.568000
v -9.503000 -4.438000 -2.568000
v -14.208000 -4.438000 -2.068000
v -9.620000 -4.438000 -2.068000
v -14.111000 -4.438000 -1.568000
v -10.001000 -4.438000 -1.568000
v -13.780000 -4.438000 -1.068000
v -10.813000 -4.438000 -1.068000
v -14.840000 -12.438000 -17.913000
v -14.840000 -12.438000 -16.259000
v -14.340000 -12.438000 -18.280000
v -14.340000 -12.438000 -15.893000
v -13.840000 -12.438000 -18.432000
v -13.840000 -12.438000 -15.711000
v -13.340000 -12.438000 -18.556000
v -13.340000 -12.438000 -15.589000
v -12.840000 -12.438000 -18.445000
v -12.840000 -12.438000 -15.721000
v -12.340000 -12.438000 -17.952000
v -12.340000 -12.438000 -16.147000
v -13.340000 -8.438000 -15.907000
v -13.340000 -8.438000 -6.548000
v -12.840000 -8.438000 -16.466000
v -12.840000 -8.438000 -6.229000
v -12.340000 -8.438000 -16.617000
v -12.340000 -8.438000 -6.082000
v -11.840000 -8.438000 -16.508000
v -11.840000 -8.438000 -6.060000
v -11.340000 -8.438000 -16.006000
v -11.340000 -8.438000 -6.011000
v -10.840000 -8.438000 -15.537000
v -10.840000 -8.438000 -6.117000
v -10.340000 -8.438000 -15.026000
v -10.340000 -8.438000 -6.487000
v -9.840000 -8.438000 -14.398000
v -9.840000 -8.438000 -6.974000
v -9.340000 -8.438000 -13.888000
v -9.340000 -8.438000 -10.596000
v -13.840000 -4.438000 -6.588000
v -13.840000 -4.438000 -1.130000
v -13.340000 -4.438000 -6.899000
v -13.340000 -4.438000 -0.777000
v -12.840000 -4.438000 -7.053000
v -12.840000 -4.438000 -0.670000
v -12.340000 -4.438000 -7.117000
v -12.340000 -4.438000 -0.676000
v -11.840000 -4.438000 -7.054000
v -11.840000 -4.438000 -0.657000
v -11.340000 -4.438000 -6.933000
v -11.340000 -4.438000 -0.740000
v -10.840000 -4.438000 -6.595000
v -10.840000 -4.438000 -1.047000
v -10.340000 -4.438000 -6.022000
v -10.340000 -4.438000 -1.367000
v -9.840000 -4.438000 -4.176000
v -9.840000 -4.438000 -1.722000
v -14.340000 -11.102000 -18.568000
v -14.340000 -10.702000 -18.568000
v -13.840000 -12.265000 -18.568000
v -13.840000 -10.023000 -18.568000
v -13.340000 -12.426000 -18.568000
v -13.340000 -9.899000 -18.568000
v -12.840000 -12.320000 -18.568000
v -12.840000 -10.042000 -18.568000
v -12.340000 -11.743000 -18.568000
v -12.340000 -11.071000 -18.568000
v -13.840000 -10.772000 -14.568000
v -13.840000 -10.012000 -14.568000
v -13.340000 -11.531000 -14.568000
v -13.340000 -7.547000 -14.568000
v -12.840000 -11.800000 -14.568000
v -12.840000 -7.014000 -14.568000
v -12.340000 -11.805000 -14.568000
v -12.340000 -6.902000 -14.568000
v -11.840000 -11.713000 -14.568000
v -11.840000 -6.998000 -14.568000
v -11.340000 -11.409000 -14.568000
v -11.340000 -6.976000 -14.568000
v -10.840000 -10.570000 -14.568000
v -10.840000 -6.929000 -14.568000
v -10.340000 -9.856000 -14.568000
v -10.340000 -7.070000 -14.568000
v -13.340000 -10.422000 -10.568000
v -13.340000 -7.975000 -10.568000
v -12.840000 -10.772000 -10.568000
v -12.840000 -7.640000 -10.568000
v -12.340000 -10.881000 -10.568000
v -12.340000 -7.499000 -10.568000
v -11.840000 -10.928000 -10.568000
v -11.840000 -7.402000 -10.568000
v -11.340000 -10.960000 -10.568000
v -11.340000 -7.361000 -10.568000
v -10.840000 -10.852000 -10.568000
v -10.840000 -7.264000 -10.568000
v -10.340000 -10.643000 -10.568000
v -10.340000 -7.287000 -10.568000
v -9.840000 -10.240000 -10.568000
v -9.840000 -7.629000 -10.568000
v -9.340000 -9.355000 -10.568000
v -9.340000 -8.469000 -10.568000
v -13.840000 -7.836000 -6.568000
v -13.840000 -4.191000 -6.568000
v -13.340000 -8.475000 -6.568000
v -13.340000 -3.530000 -6.568000
v -12.840000 -9.237000 -6.568000
v -12.840000 -3.419000 -6.568000
v -12.340000 -9.817000 -6.568000
v -12.340000 -3.467000 -6.568000
v -11.840000 -9.945000 -6.568000
v -11.840000 -3.432000 -6.568000
v -11.340000 -9.902000 -6.568000
v -11.340000 -3.546000 -6.568000
v -10.840000 -9.786000 -6.568000
v -10.840000 -4.295000 -6.568000
v -10.340000 -9.146000 -6.568000
v -10.340000 -5.505000 -6.568000
v -9.840000 -7.773000 -6.568000
v -9.840000 -6.191000 -6.568000
v -13.840000 -6.432000 -2.568000
v -13.840000 -2.618000 -2.568000
v -13.340000 -6.741000 -2.568000
v -13.340000 -2.251000 -2.568000
v -12.840000 -6.821000 -2.568000
v -12.840000 -2.154000 -2.568000
v -12.340000 -6.832000 -2.568000
v -12.340000 -2.259000 -2.568000
v -11.840000 -6.837000 -2.568000
v -11.840000 -2.624000 -2.568000
v -11.340000 -6.742000 -2.568000
v -11.340000 -2.941000 -2.568000
v -10.840000 -6.442000 -2.568000
v -10.840000 -3.092000 -2.568000
v -10.340000 -6.233000 -2.568000
v -10.340000 -3.249000 -2.568000
v -9.840000 -5.914000 -2.568000
v -9.840000 -3.629000 -2.568000
v -14.156000 -11.938000 -18.568000
v -12.429000 -11.938000 -18.568000
v -14.847000 -11.938000 -18.068000
v -12.079000 -11.938000 -18.068000
v -15.163000 -11.938000 -17.568000
v -11.968000 -11.938000 -17.568000
v -15.249000 -11.938000 -17.068000
v -11.905000 -11.938000 -17.068000
v -15.149000 -11.938000 -16.568000
v -11.975000 -11.938000 -16.568000
v -14.809000 -11.938000 -16.068000
v -12.104000 -11.938000 -16.068000
v -14.160000 -11.938000 -15.568000
v -12.273000 -11.938000 -15.568000
v -13.119000 -11.938000 -15.068000
v -12.813000 -11.938000 -15.068000
v -13.105000 -11.938000 -13.568000
v -11.567000 -11.938000 -13.568000
v -13.277000 -11.938000 -13.068000
v -11.393000 -11.938000 -13.068000
v -13.163000 -11.938000 -12.568000
v -11.508000 -11.938000 -12.568000
v -13.167000 -7.938000 -15.568000
v -11.438000 -7.938000 -15.568000
v -13.345000 -7.938000 -15.068000
v -10.524000 -7.938000 -15.068000
v -13.507000 -7.938000 -14.568000
v -9.877000 -7.938000 -14.568000
v -13.694000 -7.938000 -14.068000
v -9.405000 -7.938000 -14.068000
v -13.776000 -7.938000 -13.568000
v -9.045000 -7.938000 -13.568000
v -13.708000 -7.938000 -13.068000
v -8.935000 -7.938000 -13.068000
v -13.574000 -7.938000 -12.568000
v -8.991000 -7.938000 -12.568000
v -13.376000 -7.938000 -12.068000
v -9.026000 -7.938000 -12.068000
v -13.317000 -7.938000 -11.568000
v -9.133000 -7.938000 -11.568000
v -13.298000 -7.938000 -11.068000
v -9.445000 -7.938000 -11.068000
v -13.303000 -7.938000 -10.568000
v -9.625000 -7.938000 -10.568000
v -13.349000 -7.938000 -10.068000
v -9.601000 -7.938000 -10.068000
v -13.396000 -7.938000 -9.568000
v -9.500000 -7.938000 -9.568000
v -13.574000 -7.938000 -9.068000
v -9.435000 -7.938000 -9.068000
v -13.688000 -7.938000 -8.568000
v -9.410000 -7.938000 -8.568000
v -13.777000 -7.938000 -8.068000
v -9.442000 -7.938000 -8.068000
v -13.842000 -7.938000 -7.568000
v -9.506000 -7.938000 -7.568000
v -13.884000 -7.938000 -7.068000
v -9.613000 -7.938000 -7.068000
v -13.744000 -7.938000 -6.568000
v -9.942000 -7.938000 -6.568000
v -13.183000 -7.938000 -6.068000
v -10.492000 -7.938000 -6.068000
v -13.748000 -3.938000 -6.568000
v -10.951000 -3.938000 -6.568000
v -14.109000 -3.938000 -6.068000
v -10.338000 -3.938000 -6.068000
v -14.209000 -3.938000 -5.568000
v -10.039000 -3.938000 -5.568000
v -14.228000 -3.938000 -5.068000
v -9.962000 -3.938000 -5.068000
v -14.287000 -3.938000 -4.568000
v -9.901000 -3.938000 -4.568000
v -14.211000 -3.938000 -4.068000
v -9.824000 -3.938000 -4.068000
v -14.203000 -3.938000 -3.568000
v -9.625000 -3.938000 -3.568000
v -14.274000 -3.938000 -3.068000
v -9.541000 -3.938000 -3.068000
v -14.216000 -3.938000 -2.568000
v -9.656000 -3.938000 -2.568000
v -14.139000 -3.938000 -2.068000
v -9.964000 -3.938000 -2.068000
v -14.008000 -3.938000 -1.568000
v -10.403000 -3.938000 -1.568000
v -13.641000 -3.938000 -1.068000
v -10.935000 -3.938000 -1.068000
v -14.840000 -11.938000 -18.075000
v -14.840000 -11.938000 -16.098000
v -14.340000 -11.938000 -18.435000
v -14.340000 -11.938000 -15.716000
v -13.840000 -11.938000 -18.772000
v -13.840000 -11.938000 -15.370000
v -13.340000 -11.938000 -18.892000
v -13.340000 -11.938000 -15.130000
v -12.840000 -11.938000 -18.813000
v -12.840000 -11.938000 -15.063000
v -12.840000 -11.938000 -13.907000
v -12.840000 -11.938000 -12.224000
v -12.340000 -11.938000 -18.481000
v -12.340000 -11.938000 -15.433000
v -12.340000 -11.938000 -14.044000
v -12.340000 -11.938000 -12.077000
v -11.840000 -11.938000 -13.832000
v -11.840000 -11.938000 -12.218000
v -13.840000 -7.938000 -7.579000
v -13.840000 -7.938000 -6.813000
v -13.340000 -7.938000 -15.086000
v -13.340000 -7.938000 -11.903000
v -13.340000 -7.938000 -10.261000
v -13.340000 -7.938000 -6.147000
v -12.840000 -7.938000 -15.892000
v -12.840000 -7.938000 -5.922000
v -12.340000 -7.938000 -16.032000
v -12.340000 -7.938000 -5.811000
v -11.840000 -7.938000 -15.897000
v -11.840000 -7.938000 -5.809000
v -11.340000 -7.938000 -15.502000
v -11.340000 -7.938000 -5.750000
v -10.840000 -7.938000 -15.258000
v -10.840000 -7.938000 -5.853000
v -10.340000 -7.938000 -14.923000
v -10.340000 -7.938000 -6.200000
v -9.840000 -7.938000 -14.531000
v -9.840000 -7.938000 -6.680000
v -9.340000 -7.938000 -14.006000
v -9.340000 -7.938000 -11.226000
v -13.840000 -3.938000 -6.481000
v -13.840000 -3.938000 -1.276000
v -13.340000 -3.938000 -6.808000
v -13.340000 -3.938000 -0.879000
v -12.840000 -3.938000 -6.887000
v -12.840000 -3.938000 -0.764000
v -12.340000 -3.938000 -6.897000
v -12.340000 -3.938000 -0.756000
v -11.840000 -3.938000 -6.872000
v -11.840000 -3.938000 -0.733000
v -11.340000 -3.938000 -6.792000
v -11.340000 -3.938000 -0.821000
v -10.840000 -3.938000 -6.478000
v -10.840000 -3.938000 -1.162000
v -10.340000 -3.938000 -6.070000
v -10.340000 -3.938000 -1.626000
v -9.840000 -3.938000 -4.129000
v -9.840000 -3.938000 -2.245000
v -14.840000 -12.018000 -18.068000
v -14.840000 -11.772000 -18.068000
v -14.340000 -12.764000 -18.068000
v -14.340000 -10.027000 -18.068000
v -13.840000 -12.893000 -18.068000
v -13.840000 -9.677000 -18.068000
v -13.340000 -12.884000 -18.068000
v -13.340000 -9.586000 -18.068000
v -12.840000 -12.764000 -18.068000
v -12.840000 -9.691000 -18.068000
v -12.340000 -12.342000 -18.068000
v -12.340000 -10.066000 -18.068000
v -13.340000 -11.485000 -14.068000
v -13.340000 -7.007000 -14.068000
v -12.840000 -11.877000 -14.068000
v -12.840000 -6.672000 -14.068000
v -12.340000 -11.927000 -14.068000
v -12.340000 -6.588000 -14.068000
v -11.840000 -11.820000 -14.068000
v -11.840000 -6.659000 -14.068000
v -11.340000 -11.466000 -14.068000
v -11.340000 -6.648000 -14.068000
v -10.840000 -10.851000 -14.068000
v -10.840000 -6.593000 -14.068000
v -10.340000 -9.990000 -14.068000
v -10.340000 -6.694000 -14.068000
v -9.840000 -9.109000 -14.068000
v -9.840000 -7.059000 -14.068000
v -13.340000 -10.431000 -10.068000
v -13.340000 -7.928000 -10.068000
v -12.840000 -10.778000 -10.068000
v -12.840000 -7.570000 -10.068000
v -12.340000 -10.881000 -10.068000
v -12.340000 -7.355000 -10.068000
v -11.840000 -10.854000 -10.068000
v -11.840000 -7.101000 -10.068000
v -11.340000 -10.845000 -10.068000
v -11.340000 -6.985000 -10.068000
v -10.840000 -10.738000 -10.068000
v -10.840000 -6.959000 -10.068000
v -10.340000 -10.456000 -10.068000
v -10.340000 -7.059000 -10.068000
v -9.840000 -9.951000 -10.068000
v -9.840000 -7.490000 -10.068000
v -13.840000 -7.291000 -6.068000
v -13.840000 -3.502000 -6.068000
v -13.340000 -7.860000 -6.068000
v -13.340000 -3.065000 -6.068000
v -12.840000 -8.187000 -6.068000
v -12.840000 -2.916000 -6.068000
v -12.340000 -8.410000 -6.068000
v -12.340000 -2.999000 -6.068000
v -11.840000 -8.458000 -6.068000
v -11.840000 -2.988000 -6.068000
v -11.340000 -8.578000 -6.068000
v -11.340000 -2.908000 -6.068000
v -10.840000 -8.332000 -6.068000
v -10.840000 -3.052000 -6.068000
v -10.340000 -7.745000 -6.068000
v -10.340000 -4.952000 -6.068000
v -10.340000 -3.998000 -6.068000
v -10.340000 -3.870000 -6.068000
v -13.840000 -6.454000 -2.068000
v -13.840000 -3.100000 -2.068000
v -13.340000 -6.759000 -2.068000
v -13.340000 -2.644000 -2.068000
v -12.840000 -6.837000 -2.068000
v -12.840000 -2.512000 -2.068000
v -12.340000 -6.859000 -2.068000
v -12.340000 -2.643000 -2.068000
v -11.840000 -6.800000 -2.068000
v -11.840000 -2.869000 -2.068000
v -11.340000 -6.697000 -2.068000
v -11.340000 -3.062000 -2.068000
v -10.840000 -6.386000 -2.068000
v -10.840000 -3.185000 -2.068000
v -10.340000 -6.124000 -2.068000
v -10.340000 -3.510000 -2.068000
v -9.840000 -5.766000 -2.068000
v -9.840000 -4.074000 -2.068000
v -14.293000 -11.438000 -18.568000
v -12.288000 -11.438000 -18.568000
v -14.756000 -11.438000 -18.068000
v -11.975000 -11.438000 -18.068000
v -15.082000 -11.438000 -17.568000
v -11.891000 -11.438000 -17.568000
v -15.173000 -11.438000 -17.068000
v -11.933000 -11.438000 -17.068000
v -15.067000 -11.438000 -16.568000
v -11.924000 -11.438000 -16.568000
v -14.709000 -11.438000 -16.068000
v -11.885000 -11.438000 -16.068000
v -14.288000 -11.438000 -15.568000
v -11.768000 -11.438000 -15.568000
v -13.784000 -11.438000 -15.068000
v -11.497000 -11.438000 -15.068000
v -13.427000 -11.438000 -14.568000
v -11.372000 -11.438000 -14.568000
v -13.377000 -11.438000 -14.068000
v -11.314000 -11.438000 -14.068000
v -13.512000 -11.438000 -13.568000
v -11.158000 -11.438000 -13.568000
v -13.628000 -11.438000 -13.068000
v -10.955000 -11.438000 -13.068000
v -13.547000 -11.438000 -12.568000
v -10.853000 -11.438000 -12.568000
v -13.235000 -11.438000 -12.068000
v -11.018000 -11.438000 -12.068000
v -12.632000 -7.438000 -15.068000
v -11.611000 -7.438000 -15.068000
v -13.276000 -7.438000 -14.568000
v -9.991000 -7.438000 -14.568000
v -13.608000 -7.438000 -14.068000
v -9.558000 -7.438000 -14.068000
v -13.697000 -7.438000 -13.568000
v -9.159000 -7.438000 -13.568000
v -13.589000 -7.438000 -13.068000
v -9.039000 -7.438000 -13.068000
v -13.249000 -7.438000 -12.568000
v -9.119000 -7.438000 -12.568000
v -12.747000 -7.438000 -12.068000
v -9.327000 -7.438000 -12.068000
v -11.281000 -7.438000 -11.568000
v -9.524000 -7.438000 -11.568000
v -11.101000 -7.438000 -11.068000
v -9.927000 -7.438000 -11.068000
v -12.077000 -7.438000 -10.568000
v -10.040000 -7.438000 -10.568000
v -12.522000 -7.438000 -10.068000
v -9.875000 -7.438000 -10.068000
v -12.867000 -7.438000 -9.568000
v -9.631000 -7.438000 -9.568000
v -13.266000 -7.438000 -9.068000
v -9.535000 -7.438000 -9.068000
v -13.563000 -7.438000 -8.568000
v -9.499000 -7.438000 -8.568000
v -13.799000 -7.438000 -8.068000
v -9.480000 -7.438000 -8.068000
v -14.042000 -7.438000 -7.568000
v -9.438000 -7.438000 -7.568000
v -14.160000 -7.438000 -7.068000
v -9.508000 -7.438000 -7.068000
v -14.080000 -7.438000 -6.568000
v -9.669000 -7.438000 -6.568000
v -13.756000 -7.438000 -6.068000
v -10.067000 -7.438000 -6.068000
v -13.082000 -3.438000 -6.568000
v -12.688000 -3.438000 -6.568000
v -11.914000 -3.438000 -6.568000
v -11.678000 -3.438000 -6.568000
v -13.781000 -3.438000 -6.068000
v -10.466000 -3.438000 -6.068000
v -14.043000 -3.438000 -5.568000
v -10.136000 -3.438000 -5.568000
v -14.139000 -3.438000 -5.068000
v -10.051000 -3.438000 -5.068000
v -14.196000 -3.438000 -4.568000
v -9.982000 -3.438000 -4.568000
v -14.163000 -3.438000 -4.068000
v -10.016000 -3.438000 -4.068000
v -14.204000 -3.438000 -3.568000
v -9.965000 -3.438000 -3.568000
v -14.249000 -3.438000 -3.068000
v -9.869000 -3.438000 -3.068000
v -14.163000 -3.438000 -2.568000
v -10.029000 -3.438000 -2.568000
v -14.027000 -3.438000 -2.068000
v -10.416000 -3.438000 -2.068000
v -13.688000 -3.438000 -1.568000
v -10.896000 -3.438000 -1.568000
v -12.497000 -3.438000 -1.068000
v -11.556000 -3.438000 -1.068000
v -14.840000 -11.438000 -17.968000
v -14.840000 -11.438000 -16.209000
v -14.340000 -11.438000 -18.517000
v -14.340000 -11.438000 -15.624000
v -13.840000 -11.438000 -18.878000
v -13.840000 -11.438000 -15.122000
v -13.340000 -11.438000 -18.990000
v -13.340000 -11.438000 -12.201000
v -12.840000 -11.438000 -18.916000
v -12.840000 -11.438000 -11.710000
v -12.340000 -11.438000 -18.618000
v -12.340000 -11.438000 -11.572000
v -11.840000 -11.438000 -15.802000
v -11.840000 -11.438000 -11.633000
v -11.340000 -11.438000 -14.217000
v -11.340000 -11.438000 -11.727000
v -13.840000 -7.438000 -7.983000
v -13.840000 -7.438000 -6.160000
v -13.340000 -7.438000 -14.496000
v -13.340000 -7.438000 -12.675000
v -13.340000 -7.438000 -8.946000
v -13.340000 -7.438000 -5.743000
v -12.840000 -7.438000 -14.957000
v -12.840000 -7.438000 -12.145000
v -12.840000 -7.438000 -9.614000
v -12.840000 -7.438000 -5.588000
v -12.340000 -7.438000 -15.124000
v -12.340000 -7.438000 -11.901000
v -12.340000 -7.438000 -10.286000
v -12.340000 -7.438000 -5.572000
v -11.840000 -7.438000 -15.109000
v -11.840000 -7.438000 -11.848000
v -11.840000 -7.438000 -10.681000
v -11.840000 -7.438000 -5.605000
v -11.340000 -7.438000 -15.038000
v -11.340000 -7.438000 -11.652000
v -11.340000 -7.438000 -10.762000
v -11.340000 -7.438000 -5.627000
v -10.840000 -7.438000 -14.936000
v -10.840000 -7.438000 -5.749000
v -10.340000 -7.438000 -14.779000
v -10.340000 -7.438000 -5.907000
v -9.840000 -7.438000 -14.418000
v -9.840000 -7.438000 -11.193000
v -9.840000 -7.438000 -9.992000
v -9.840000 -7.438000 -6.290000
v -9.340000 -7.438000 -13.852000
v -9.340000 -7.438000 -12.032000
v -13.840000 -3.438000 -5.974000
v -13.840000 -3.438000 -1.758000
v -13.340000 -3.438000 -6.480000
v -13.340000 -3.438000 -1.255000
v -12.840000 -3.438000 -6.586000
v -12.840000 -3.438000 -1.094000
v -12.340000 -3.438000 -6.536000
v -12.340000 -3.438000 -1.063000
v -11.840000 -3.438000 -6.574000
v -11.840000 -3.438000 -1.035000
v -11.340000 -3.438000 -6.483000
v -11.340000 -3.438000 -1.152000
v -10.840000 -3.438000 -6.315000
v -10.840000 -3.438000 -1.624000
v -10.340000 -3.438000 -5.931000
v -10.340000 -3.438000 -2.198000
v -14.840000 -12.759000 -17.568000
v -14.840000 -10.938000 -17.568000
v -14.340000 -13.115000 -17.568000
v -14.340000 -9.906000 -17.568000
v -13.840000 -13.210000 -17.568000
v -13.840000 -9.588000 -17.568000
v -13.340000 -13.233000 -17.568000
v -13.340000 -9.475000 -17.568000
v -12.840000 -13.147000 -17.568000
v -12.840000 -9.502000 -17.568000
v -12.340000 -12.802000 -17.568000
v -12.340000 -9.785000 -17.568000
v -13.340000 -11.715000 -13.568000
v -13.340000 -6.888000 -13.568000
v -12.840000 -12.089000 -13.568000
v -12.840000 -6.583000 -13.568000
v -12.340000 -12.192000 -13.568000
v -12.340000 -6.505000 -13.568000
v -11.840000 -12.093000 -13.568000
v -11.840000 -6.560000 -13.568000
v -11.340000 -11.722000 -13.568000
v -11.340000 -6.555000 -13.568000
v -10.840000 -11.016000 -13.568000
v -10.840000 -6.496000 -13.568000
v -10.340000 -10.118000 -13.568000
v -10.340000 -6.589000 -13.568000
v -9.840000 -9.289000 -13.568000
v -9.840000 -6.778000 -13.568000
v -9.340000 -8.789000 -13.568000
v -9.340000 -7.148000 -13.568000
v -13.340000 -10.412000 -9.568000
v -13.340000 -7.857000 -9.568000
v -12.840000 -10.769000 -9.568000
v -12.840000 -7.415000 -9.568000
v -12.340000 -10.878000 -9.568000
v -12.340000 -7.048000 -9.568000
v -11.840000 -10.851000 -9.568000
v -11.840000 -6.748000 -9.568000
v -11.340000 -10.870000 -9.568000
v -11.340000 -6.652000 -9.568000
v -10.840000 -10.764000 -9.568000
v -10.840000 -6.648000 -9.568000
v -10.340000 -10.413000 -9.568000
v -10.340000 -6.744000 -9.568000
v -9.840000 -9.922000 -9.568000
v -9.840000 -7.104000 -9.568000
v -13.840000 -6.767000 -5.568000
v -13.840000 -3.085000 -5.568000
v -13.340000 -7.262000 -5.568000
v -13.340000 -2.703000 -5.568000
v -12.840000 -7.415000 -5.568000
v -12.840000 -2.594000 -5.568000
v -12.340000 -7.431000 -5.568000
v -12.340000 -2.655000 -5.568000
v -11.840000 -7.371000 -5.568000
v -11.840000 -2.639000 -5.568000
v -11.340000 -7.163000 -5.568000
v -11.340000 -2.609000 -5.568000
v -10.840000 -6.765000 -5.568000
v -10.840000 -2.717000 -5.568000
v -10.340000 -5.708000 -5.568000
v -10.340000 -3.093000 -5.568000
v -13.840000 -6.319000 -1.568000
v -13.840000 -3.642000 -1.568000
v -13.340000 -6.658000 -1.568000
v -13.340000 -3.107000 -1.568000
v -12.840000 -6.743000 -1.568000
v -12.840000 -2.948000 -1.568000
v -12.340000 -6.754000 -1.568000
v -12.340000 -3.030000 -1.568000
v -11.840000 -6.696000 -1.568000
v -11.840000 -3.081000 -1.568000
v -11.340000 -6.586000 -1.568000
v -11.340000 -3.172000 -1.568000
v -10.840000 -6.202000 -1.568000
v -10.840000 -3.480000 -1.568000
v -10.340000 -5.745000 -1.568000
v -10.340000 -4.035000 -1.568000
v -14.359000 -10.938000 -18.568000
v -12.352000 -10.938000 -18.568000
v -14.679000 -10.938000 -18.068000
v -12.036000 -10.938000 -18.068000
v -14.840000 -10.938000 -17.568000
v -11.952000 -10.938000 -17.568000
v -14.885000 -10.938000 -17.068000
v -11.944000 -10.938000 -17.068000
v -14.763000 -10.938000 -16.568000
v -11.853000 -10.938000 -16.568000
v -14.518000 -10.938000 -16.068000
v -11.645000 -10.938000 -16.068000
v -14.299000 -10.938000 -15.568000
v -11.408000 -10.938000 -15.568000
v -14.074000 -10.938000 -15.068000
v -11.097000 -10.938000 -15.068000
v -13.780000 -10.938000 -14.568000
v -11.005000 -10.938000 -14.568000
v -13.645000 -10.938000 -14.068000
v -10.916000 -10.938000 -14.068000
v -13.669000 -10.938000 -13.568000
v -10.773000 -10.938000 -13.568000
v -13.734000 -10.938000 -13.068000
v -10.592000 -10.938000 -13.068000
v -13.675000 -10.938000 -12.568000
v -10.454000 -10.938000 -12.568000
v -13.551000 -10.938000 -12.068000
v -10.366000 -10.938000 -12.068000
v -13.223000 -10.938000 -11.568000
v -10.372000 -10.938000 -11.568000
v -12.774000 -10.938000 -11.068000
v -10.521000 -10.938000 -11.068000
v -11.721000 -10.938000 -10.568000
v -11.113000 -10.938000 -10.568000
v -12.646000 -6.938000 -14.568000
v -12.108000 -6.938000 -14.568000
v -10.974000 -6.938000 -14.568000
v -10.712000 -6.938000 -14.568000
v -13.271000 -6.938000 -14.068000
v -9.960000 -6.938000 -14.068000
v -13.390000 -6.938000 -13.568000
v -9.560000 -6.938000 -13.568000
v -13.245000 -6.938000 -13.068000
v -9.387000 -6.938000 -13.068000
v -11.441000 -6.938000 -12.568000
v -9.501000 -6.938000 -12.568000
v -10.464000 -6.938000 -12.068000
v -10.199000 -6.938000 -12.068000
v -12.182000 -6.938000 -9.568000
v -10.011000 -6.938000 -9.568000
v -12.823000 -6.938000 -9.068000
v -9.839000 -6.938000 -9.068000
v -13.389000 -6.938000 -8.568000
v -9.674000 -6.938000 -8.568000
v -13.777000 -6.938000 -8.068000
v -9.491000 -6.938000 -8.068000
v -14.132000 -6.938000 -7.568000
v -9.416000 -6.938000 -7.568000
v -14.243000 -6.938000 -7.068000
v -9.470000 -6.938000 -7.068000
v -14.174000 -6.938000 -6.568000
v -9.581000 -6.938000 -6.568000
v -14.017000 -6.938000 -6.068000
v -9.941000 -6.938000 -6.068000
v -13.697000 -6.938000 -5.568000
v -11.108000 -6.938000 -5.568000
v -13.245000 -6.938000 -5.068000
v -12.191000 -6.938000 -5.068000
v -13.026000 -2.938000 -6.068000
v -12.609000 -2.938000 -6.068000
v -11.612000 -2.938000 -6.068000
v -11.116000 -2.938000 -6.068000
v -13.703000 -2.938000 -5.568000
v -10.490000 -2.938000 -5.568000
v -13.829000 -2.938000 -5.068000
v -10.376000 -2.938000 -5.068000
v -13.877000 -2.938000 -4.568000
v -10.291000 -2.938000 -4.568000
v -13.985000 -2.938000 -4.068000
v -10.384000 -2.938000 -4.068000
v -14.097000 -2.938000 -3.568000
v -10.518000 -2.938000 -3.568000
v -14.154000 -2.938000 -3.068000
v -10.991000 -2.938000 -3.068000
v -14.036000 -2.938000 -2.568000
v -11.346000 -2.938000 -2.568000
v -13.705000 -2.938000 -2.068000
v -11.675000 -2.938000 -2.068000
v -14.840000 -10.938000 -17.568000
v -14.840000 -10.938000 -16.767000
v -14.340000 -10.938000 -18.588000
v -14.340000 -10.938000 -15.661000
v -13.840000 -10.938000 -18.905000
v -13.840000 -10.938000 -14.683000
v -13.340000 -10.938000 -18.991000
v -13.340000 -10.938000 -11.715000
v -12.840000 -10.938000 -18.892000
v -12.840000 -10.938000 -11.132000
v -12.340000 -10.938000 -18.555000
v -12.340000 -10.938000 -10.825000
v -11.840000 -10.938000 -16.532000
v -11.840000 -10.938000 -10.603000
v -11.340000 -10.938000 -15.475000
v -11.340000 -10.938000 -10.512000
v -10.840000 -10.938000 -13.846000
v -10.840000 -10.938000 -10.743000
v -13.840000 -6.938000 -8.004000
v -13.840000 -6.938000 -5.748000
v -13.340000 -6.938000 -13.907000
v -13.340000 -6.938000 -13.275000
v -13.340000 -6.938000 -8.624000
v -13.340000 -6.938000 -5.162000
v -12.840000 -6.938000 -14.492000
v -12.840000 -6.938000 -12.690000
v -12.840000 -6.938000 -9.053000
v -12.840000 -6.938000 -4.837000
v -12.340000 -6.938000 -14.604000
v -12.340000 -6.938000 -12.578000
v -12.340000 -6.938000 -9.442000
v -12.340000 -6.938000 -4.986000
v -11.840000 -6.938000 -14.507000
v -11.840000 -6.938000 -12.592000
v -11.840000 -6.938000 -9.880000
v -11.840000 -6.938000 -5.262000
v -11.340000 -6.938000 -14.529000
v -11.340000 -6.938000 -12.539000
v -11.340000 -6.938000 -10.017000
v -11.340000 -6.938000 -5.491000
v -10.840000 -6.938000 -14.576000
v -10.840000 -6.938000 -12.219000
v -10.840000 -6.938000 -10.041000
v -10.840000 -6.938000 -5.635000
v -10.340000 -6.938000 -14.444000
v -10.340000 -6.938000 -12.056000
v -10.340000 -6.938000 -9.899000
v -10.340000 -6.938000 -5.801000
v -9.840000 -6.938000 -13.879000
v -9.840000 -6.938000 -12.211000
v -9.840000 -6.938000 -9.072000
v -9.840000 -6.938000 -6.167000
v -13.840000 -2.938000 -4.857000
v -13.840000 -2.938000 -2.249000
v -13.340000 -2.938000 -5.944000
v -13.340000 -2.938000 -1.721000
v -12.840000 -2.938000 -6.089000
v -12.840000 -2.938000 -1.577000
v -12.340000 -2.938000 -6.007000
v -12.340000 -2.938000 -1.678000
v -11.840000 -2.938000 -6.019000
v -11.840000 -2.938000 -1.910000
v -11.340000 -2.938000 -6.099000
v -11.340000 -2.938000 -2.588000
v -10.840000 -2.938000 -5.949000
v -10.840000 -2.938000 -3.160000
v -10.340000 -2.938000 -4.860000
v -10.340000 -2.938000 -4.235000
v -14.840000 -12.884000 -17.068000
v -14.840000 -10.866000 -17.068000
v -14.340000 -13.206000 -17.068000
v -14.340000 -9.955000 -17.068000
v -13.840000 -13.295000 -17.068000
v -13.840000 -9.622000 -17.068000
v -13.340000 -13.337000 -17.068000
v -13.340000 -9.335000 -17.068000
v -12.840000 -13.258000 -17.068000
v -12.840000 -9.162000 -17.068000
v -12.340000 -12.952000 -17.068000
v -12.340000 -9.192000 -17.068000
v -13.340000 -11.877000 -13.068000
v -13.340000 -7.033000 -13.068000
v -12.840000 -12.209000 -13.068000
v -12.840000 -6.691000 -13.068000
v -12.340000 -12.303000 -13.068000
v -12.340000 -6.606000 -13.068000
v -11.840000 -12.212000 -13.068000
v -11.840000 -6.645000 -13.068000
v -11.340000 -11.887000 -13.068000
v -11.340000 -6.647000 -13.068000
v -10.840000 -11.320000 -13.068000
v -10.840000 -6.581000 -13.068000
v -10.340000 -10.479000 -13.068000
v -10.340000 -6.569000 -13.068000
v -9.840000 -9.692000 -13.068000
v -9.840000 -6.659000 -13.068000
v -9.340000 -8.994000 -13.068000
v -9.340000 -6.983000 -13.068000
v -13.340000 -10.263000 -9.068000
v -13.340000 -7.533000 -9.068000
v -12.840000 -10.665000 -9.068000
v -12.840000 -6.961000 -9.068000
v -12.340000 -10.783000 -9.068000
v -12.340000 -6.552000 -9.068000
v -11.840000 -10.759000 -9.068000
v -11.840000 -6.427000 -9.068000
v -11.340000 -10.790000 -9.068000
v -11.340000 -6.435000 -9.068000
v -10.840000 -10.676000 -9.068000
v -10.840000 -6.408000 -9.068000
v -10.340000 -10.325000 -9.068000
v -10.340000 -6.524000 -9.068000
v -9.840000 -9.932000 -9.068000
v -9.840000 -6.937000 -9.068000
v -13.840000 -6.488000 -5.068000
v -13.840000 -2.950000 -5.068000
v -13.340000 -6.892000 -5.068000
v -13.340000 -2.607000 -5.068000
v -12.840000 -7.029000 -5.068000
v -12.840000 -2.506000 -5.068000
v -12.340000 -6.980000 -5.068000
v -12.340000 -2.556000 -5.068000
v -11.840000 -6.766000 -5.068000
v -11.840000 -2.531000 -5.068000
v -11.340000 -6.460000 -5.068000
v -11.340000 -2.535000 -5.068000
v -10.840000 -6.119000 -5.068000
v -10.840000 -2.636000 -5.068000
v -10.340000 -5.492000 -5.068000
v -10.340000 -2.975000 -5.068000
v -13.840000 -5.583000 -1.068000
v -13.840000 -5.293000 -1.068000
v -13.340000 -6.295000 -1.068000
v -13.340000 -3.624000 -1.068000
v -12.840000 -6.412000 -1.068000
v -12.840000 -3.464000 -1.068000
v -12.340000 -6.405000 -1.068000
v -12.340000 -3.433000 -1.068000
v -11.840000 -6.350000 -1.068000
v -11.840000 -3.404000 -1.068000
v -11.340000 -6.195000 -1.068000
v -11.340000 -3.525000 -1.068000
v -10.840000 -4.749000 -1.068000
v -10.840000 -4.216000 -1.068000
v -14.246000 -10.438000 -18.568000
v -12.467000 -10.438000 -18.568000
v -14.589000 -10.438000 -18.068000
v -12.125000 -10.438000 -18.068000
v -14.677000 -10.438000 -17.568000
v -12.013000 -10.438000 -17.568000
v -14.656000 -10.438000 -17.068000
v -11.903000 -10.438000 -17.068000
v -14.549000 -10.438000 -16.568000
v -11.713000 -10.438000 -16.568000
v -14.346000 -10.438000 -16.068000
v -11.347000 -10.438000 -16.068000
v -14.279000 -10.438000 -15.568000
v -10.919000 -10.438000 -15.568000
v -14.168000 -10.438000 -15.068000
v -10.791000 -10.438000 -15.068000
v -13.884000 -10.438000 -14.568000
v -10.761000 -10.438000 -14.568000
v -13.736000 -10.438000 -14.068000
v -10.586000 -10.438000 -14.068000
v -13.734000 -10.438000 -13.568000
v -10.473000 -10.438000 -13.568000
v -13.715000 -10.438000 -13.068000
v -10.307000 -10.438000 -13.068000
v -13.736000 -10.438000 -12.568000
v -9.935000 -10.438000 -12.568000
v -13.660000 -10.438000 -12.068000
v -9.777000 -10.438000 -12.068000
v -13.510000 -10.438000 -11.568000
v -9.776000 -10.438000 -11.568000
v -13.346000 -10.438000 -11.068000
v -9.863000 -10.438000 -11.068000
v -13.325000 -10.438000 -10.568000
v -10.023000 -10.438000 -10.568000
v -13.333000 -10.438000 -10.068000
v -10.318000 -10.438000 -10.068000
v -13.317000 -10.438000 -9.568000
v -10.363000 -10.438000 -9.568000
v -13.182000 -10.438000 -9.068000
v -10.473000 -10.438000 -9.068000
v -12.592000 -10.438000 -8.568000
v -10.851000 -10.438000 -8.568000
v -11.975000 -6.438000 -9.068000
v -10.575000 -6.438000 -9.068000
v -13.234000 -6.438000 -8.568000
v -9.911000 -6.438000 -8.568000
v -13.634000 -6.438000 -8.068000
v -9.587000 -6.438000 -8.068000
v -14.021000 -6.438000 -7.568000
v -9.506000 -6.438000 -7.568000
v -14.155000 -6.438000 -7.068000
v -9.574000 -6.438000 -7.068000
v -14.212000 -6.438000 -6.568000
v -9.695000 -6.438000 -6.568000
v -14.175000 -6.438000 -6.068000
v -10.055000 -6.438000 -6.068000
v -14.052000 -6.438000 -5.568000
v -10.635000 -6.438000 -5.568000
v -13.886000 -6.438000 -5.068000
v -11.297000 -6.438000 -5.068000
v -13.819000 -6.438000 -4.568000
v -11.702000 -6.438000 -4.568000
v -13.776000 -6.438000 -4.068000
v -11.788000 -6.438000 -4.068000
v -13.813000 -6.438000 -3.568000
v -11.546000 -6.438000 -3.568000
v -13.904000 -6.438000 -3.068000
v -10.948000 -6.438000 -3.068000
v -13.834000 -6.438000 -2.568000
v -10.833000 -6.438000 -2.568000
v -13.856000 -6.438000 -2.068000
v -10.915000 -6.438000 -2.068000
v -13.716000 -6.438000 -1.568000
v -11.085000 -6.438000 -1.568000
v -12.993000 -2.438000 -4.568000
v -12.627000 -2.438000 -4.568000
v -13.566000 -2.438000 -4.068000
v -11.892000 -2.438000 -4.068000
v -13.741000 -2.438000 -3.568000
v -11.807000 -2.438000 -3.568000
v -13.822000 -2.438000 -3.068000
v -11.869000 -2.438000 -3.068000
v -13.657000 -2.438000 -2.568000
v -12.043000 -2.438000 -2.568000
v -14.340000 -10.438000 -18.474000
v -14.340000 -10.438000 -16.045000
v -13.840000 -10.438000 -18.821000
v -13.840000 -10.438000 -14.471000
v -13.340000 -10.438000 -18.913000
v -13.340000 -10.438000 -11.037000
v -12.840000 -10.438000 -18.807000
v -12.840000 -10.438000 -8.712000
v -12.340000 -10.438000 -18.435000
v -12.340000 -10.438000 -8.446000
v -11.840000 -10.438000 -16.866000
v -11.840000 -10.438000 -8.368000
v -11.340000 -10.438000 -16.060000
v -11.340000 -10.438000 -8.357000
v -10.840000 -10.438000 -15.375000
v -10.840000 -10.438000 -8.576000
v -10.340000 -10.438000 -13.136000
v -10.340000 -10.438000 -9.989000
v -9.840000 -10.438000 -12.377000
v -9.840000 -10.438000 -11.166000
v -13.840000 -6.438000 -7.853000
v -13.840000 -6.438000 -4.833000
v -13.840000 -6.438000 -3.472000
v -13.840000 -6.438000 -2.668000
v -13.840000 -6.438000 -2.257000
v -13.840000 -6.438000 -1.896000
v -13.340000 -6.438000 -8.462000
v -13.340000 -6.438000 -1.210000
v -12.840000 -6.438000 -8.811000
v -12.840000 -6.438000 -1.094000
v -12.340000 -6.438000 -8.973000
v -12.340000 -6.438000 -1.099000
v -11.840000 -6.438000 -9.082000
v -11.840000 -6.438000 -1.158000
v -11.340000 -6.438000 -9.073000
v -11.340000 -6.438000 -5.026000
v -11.340000 -6.438000 -3.401000
v -11.340000 -6.438000 -1.315000
v -10.840000 -6.438000 -9.113000
v -10.840000 -6.438000 -5.400000
v -10.840000 -6.438000 -2.659000
v -10.840000 -6.438000 -2.455000
v -10.340000 -6.438000 -8.949000
v -10.340000 -6.438000 -5.804000
v -9.840000 -6.438000 -8.488000
v -9.840000 -6.438000 -6.329000
v -13.340000 -2.438000 -4.310000
v -13.340000 -2.438000 -2.272000
v -12.840000 -2.438000 -4.610000
v -12.840000 -2.438000 -2.139000
v -12.340000 -2.438000 -4.460000
v -12.340000 -2.438000 -2.283000
v -11.840000 -2.438000 -3.952000
v -11.840000 -2.438000 -3.322000
v -14.840000 -12.738000 -16.568000
v -14.840000 -11.050000 -16.568000
v -14.340000 -13.100000 -16.568000
v -14.340000 -10.095000 -16.568000
v -13.840000 -13.196000 -16.568000
v -13.840000 -9.602000 -16.568000
v -13.340000 -13.256000 -16.568000
v -13.340000 -9.050000 -16.568000
v -12.840000 -13.172000 -16.568000
v -12.840000 -8.543000 -16.568000
v -12.340000 -12.837000 -16.568000
v -12.340000 -8.388000 -16.568000
v -11.840000 -10.849000 -16.568000
v -11.840000 -8.500000 -16.568000
v -11.340000 -9.676000 -16.568000
v -11.340000 -9.105000 -16.568000
v -13.340000 -11.767000 -12.568000
v -13.340000 -7.555000 -12.568000
v -12.840000 -12.128000 -12.568000
v -12.840000 -7.068000 -12.568000
v -12.340000 -12.228000 -12.568000
v -12.340000 -6.949000 -12.568000
v -11.840000 -12.132000 -12.568000
v -11.840000 -6.961000 -12.568000
v -11.340000 -11.799000 -12.568000
v -11.340000 -6.918000 -12.568000
v -10.840000 -11.426000 -12.568000
v -10.840000 -6.744000 -12.568000
v -10.340000 -10.797000 -12.568000
v -10.340000 -6.644000 -12.568000
v -9.840000 -10.343000 -12.568000
v -9.840000 -6.739000 -12.568000
v -9.340000 -9.355000 -12.568000
v -9.340000 -7.092000 -12.568000
v -13.340000 -9.720000 -8.568000
v -13.340000 -6.698000 -8.568000
v -12.840000 -10.315000 -8.568000
v -12.840000 -6.056000 -8.568000
v -12.340000 -10.499000 -8.568000
v -12.340000 -5.937000 -8.568000
v -11.840000 -10.506000 -8.568000
v -11.840000 -5.962000 -8.568000
v -11.340000 -10.524000 -8.568000
v -11.340000 -5.983000 -8.568000
v -10.840000 -10.435000 -8.568000
v -10.840000 -5.909000 -8.568000
v -10.340000 -10.256000 -8.568000
v -10.340000 -6.026000 -8.568000
v -9.840000 -9.948000 -8.568000
v -9.840000 -6.558000 -8.568000
v -13.840000 -6.415000 -4.568000
v -13.840000 -2.900000 -4.568000
v -13.340000 -6.769000 -4.568000
v -13.340000 -2.543000 -4.568000
v -12.840000 -6.881000 -4.568000
v -12.840000 -2.425000 -4.568000
v -12.340000 -6.812000 -4.568000
v -12.340000 -2.471000 -4.568000
v -11.840000 -6.532000 -4.568000
v -11.840000 -2.533000 -4.568000
v -11.340000 -6.283000 -4.568000
v -11.340000 -2.508000 -4.568000
v -10.840000 -5.998000 -4.568000
v -10.840000 -2.585000 -4.568000
v -10.340000 -5.513000 -4.568000
v -10.340000 -2.890000 -4.568000
f 652 577 129
f 866 787 652
f 652 787 577
f 1096 1011 866
f 866 1011 787
f 1326 1245 1096
f 1096 1245 1011
f 1552 1477 1326
f 1326 1477 1245
f 1552 130 1477
f 131 654 129
f 129 654 652
f 654 309 789
f 866 654 789
f 652 654 866
f 866 789 1013
f 866 1013 1096
f 1096 1013 1247
f 1096 1247 1326
f 1326 1247 1479
f 1326 1479 1552
f 11 130 1552
f 1479 11 1552
f 13 11 1479
f 132 11 271
f 11 203 271
f 11 13 203
f 203 310 271
f 458 383 133
f 383 458 131
f 458 654 131
f 458 656 654
f 309 654 656
f 309 656 311
f 271 201 132
f 201 271 310
f 389 201 310
f 387 201 389
f 134 387 661
f 387 583 661
f 387 389 583
f 583 312 661
f 384 458 133
f 135 658 384
f 658 458 384
f 658 656 458
f 311 656 658
f 311 658 313
f 661 581 134
f 312 799 887
f 312 887 136
f 661 312 136
f 581 661 136
f 799 314 887
f 578 658 135
f 313 658 578
f 137 313 578
f 315 313 137
f 889 138 136
f 889 136 887
f 887 314 889
f 889 314 316
f 137 788 315
f 315 788 790
f 1012 1105 317
f 790 1012 317
f 788 1012 790
f 139 1105 1012
f 891 140 138
f 891 138 889
f 889 316 891
f 891 316 318
f 1105 1014 317
f 139 1246 1105
f 1246 1014 1105
f 1246 1248 1014
f 1478 1563 319
f 1248 1478 319
f 1246 1478 1248
f 141 1563 1478
f 582 669 142
f 891 800 140
f 140 800 582
f 800 320 582
f 320 669 582
f 891 318 800
f 1563 1480 319
f 99 321 12
f 12 321 141
f 321 1480 141
f 1480 1563 141
f 143 99 12
f 388 473 144
f 669 584 142
f 142 584 388
f 584 322 388
f 322 473 388
f 669 320 584
f 99 14 321
f 143 202 99
f 202 14 99
f 202 204 14
f 473 390 144
f 390 202 144
f 390 204 202
f 473 322 390
f 1330 1261 145
f 323 1495 1330
f 1495 1261 1330
f 1495 1493 1261
f 1495 27 1493
f 29 27 1495
f 29 217 27
f 219 217 29
f 219 403 217
f 405 403 219
f 405 597 403
f 599 597 405
f 884 813 324
f 813 599 324
f 813 597 599
f 884 146 813
f 1102 1027 147
f 1263 1330 145
f 1263 145 1027
f 325 1263 1027
f 1102 325 1027
f 323 1330 1263
f 815 884 324
f 815 326 884
f 326 146 884
f 326 148 146
f 149 1104 147
f 147 1104 1102
f 325 1102 1104
f 325 1104 327
f 328 1120 1041
f 148 328 1041
f 326 328 148
f 1120 150 1041
f 151 1106 149
f 149 1106 1104
f 327 1104 1106
f 327 1106 329
f 330 1124 1120
f 330 1120 328
f 150 1120 152
f 152 1120 1124
f 153 1108 151
f 151 1108 1106
f 329 1106 1108
f 329 1108 331
f 332 1128 1124
f 332 1124 330
f 152 1124 154
f 154 1124 1128
f 1028 1108 153
f 331 1108 1028
f 155 331 1028
f 333 331 155
f 1043 1128 332
f 1043 334 1128
f 334 154 1128
f 334 156 154
f 155 1262 333
f 333 1262 1264
f 335 1264 1262
f 335 1262 157
f 336 1368 1281
f 156 336 1281
f 334 336 156
f 1368 158 1281
f 337 157 159
f 337 335 157
f 160 1282 1368
f 336 160 1368
f 338 160 336
f 158 1368 1282
f 159 1494 337
f 337 1494 1496
f 28 107 339
f 1496 28 339
f 1494 28 1496
f 161 107 28
f 1044 340 1140
f 1140 162 1044
f 162 338 1044
f 162 160 338
f 107 30 339
f 161 218 107
f 218 30 107
f 218 220 30
f 404 220 218
f 404 406 220
f 598 406 404
f 598 600 406
f 814 600 598
f 814 816 600
f 340 816 1140
f 816 1042 1140
f 816 814 1042
f 162 1140 1042
f 341 831 881
f 881 831 1109
f 1109 831 1059
f 1109 1059 1341
f 1341 1059 1291
f 1341 1291 1571
f 1571 1291 1515
f 1515 342 1571
f 343 421 163
f 163 421 419
f 421 613 419
f 615 613 421
f 615 341 881
f 829 615 881
f 613 615 829
f 1109 1057 829
f 1109 829 881
f 1341 1289 1057
f 1341 1057 1109
f 1571 1513 1289
f 1571 1289 1341
f 342 57 111
f 342 111 164
f 1571 342 164
f 1513 1571 164
f 57 344 111
f 345 45 165
f 165 45 43
f 45 233 43
f 235 233 45
f 163 233 235
f 163 235 343
f 111 55 164
f 344 243 295
f 344 295 166
f 111 344 166
f 55 111 166
f 243 346 295
f 347 165 167
f 347 345 165
f 297 168 166
f 297 166 295
f 295 346 297
f 297 346 348
f 349 167 169
f 349 347 167
f 297 241 168
f 297 348 241
f 348 170 241
f 348 350 170
f 351 169 171
f 351 349 169
f 242 301 172
f 242 170 301
f 170 352 301
f 170 350 352
f 353 171 173
f 353 351 171
f 303 174 172
f 303 172 301
f 301 352 303
f 303 352 354
f 355 173 175
f 355 353 173
f 174 303 244
f 356 174 244
f 176 174 356
f 303 354 244
f 175 44 355
f 355 44 46
f 357 46 44
f 357 44 177
f 56 127 178
f 56 176 127
f 176 358 127
f 176 356 358
f 177 234 357
f 357 234 236
f 420 236 234
f 420 422 236
f 614 422 420
f 614 616 422
f 830 616 614
f 830 832 616
f 1058 832 830
f 1058 1060 832
f 1290 1060 1058
f 1290 1292 1060
f 1514 1292 1290
f 1514 1516 1292
f 127 58 178
f 58 1514 178
f 58 1516 1514
f 127 358 58
f 359 73 179
f 179 73 71
f 73 257 71
f 259 257 73
f 259 439 257
f 441 439 259
f 441 635 439
f 637 635 441
f 637 849 635
f 851 849 637
f 851 1079 849
f 1081 1079 851
f 1081 1313 1079
f 1315 1313 1081
f 1315 360 1313
f 1313 360 180
f 361 1531 181
f 181 1531 1529
f 179 1529 1531
f 179 1531 359
f 1543 180 360
f 1543 360 1545
f 1545 362 1543
f 1543 362 182
f 363 181 183
f 363 361 181
f 182 364 184
f 362 364 182
f 365 183 185
f 365 363 183
f 184 366 186
f 364 366 184
f 367 185 187
f 367 365 185
f 1544 1603 188
f 1544 186 1603
f 186 368 1603
f 186 366 368
f 187 1530 367
f 367 1530 1532
f 369 1532 1530
f 369 1530 189
f 188 1603 1546
f 370 188 1546
f 190 188 370
f 1603 368 1546
f 371 189 191
f 371 369 189
f 190 372 192
f 370 372 190
f 125 373 72
f 373 191 72
f 373 371 191
f 193 125 72
f 1316 374 194
f 1316 194 1314
f 1314 192 1316
f 1316 192 372
f 125 74 373
f 307 375 258
f 258 375 193
f 375 74 193
f 74 125 193
f 440 497 307
f 440 307 258
f 195 497 440
f 1082 376 196
f 1082 196 1080
f 1080 194 1082
f 1082 194 374
f 307 260 375
f 260 307 442
f 442 307 497
f 195 636 497
f 636 442 497
f 636 638 442
f 850 638 636
f 850 852 638
f 850 196 852
f 852 196 376
f 868 789 309
f 1098 1013 868
f 868 1013 789
f 499 1249 1098
f 1249 1013 1098
f 1249 1247 1013
f 1249 1479 1247
f 1481 1479 1249
f 1481 13 1479
f 15 13 1481
f 15 203 13
f 205 203 15
f 205 500 203
f 203 500 310
f 311 870 309
f 309 870 868
f 870 501 1015
f 1098 870 1015
f 868 870 1098
f 499 1098 1015
f 389 310 500
f 389 500 391
f 391 583 389
f 585 583 391
f 312 583 883
f 583 801 883
f 583 585 801
f 801 502 883
f 870 311 791
f 311 503 791
f 311 313 503
f 501 870 791
f 883 799 312
f 883 502 799
f 502 314 799
f 502 504 314
f 792 503 876
f 503 315 876
f 503 313 315
f 505 792 876
f 504 1029 1119
f 316 504 1119
f 314 504 316
f 1029 506 1119
f 790 876 315
f 505 876 790
f 317 505 790
f 507 505 317
f 1123 318 316
f 1123 316 1119
f 1119 506 1123
f 1123 506 508
f 317 1014 507
f 507 1014 1016
f 1248 1337 509
f 1016 1248 509
f 1014 1248 1016
f 319 1337 1248
f 800 893 320
f 1123 1030 318
f 318 1030 800
f 1030 510 800
f 510 893 800
f 1123 508 1030
f 1337 1250 509
f 1565 511 1480
f 1480 511 319
f 511 1250 319
f 1250 1337 319
f 321 1565 1480
f 584 671 322
f 671 584 320
f 893 671 320
f 895 671 893
f 893 510 895
f 895 510 512
f 1565 1482 511
f 321 14 1565
f 14 1482 1565
f 14 16 1482
f 204 285 513
f 16 204 513
f 14 204 16
f 390 475 285
f 390 285 204
f 671 586 322
f 322 586 390
f 586 514 390
f 514 475 390
f 586 671 802
f 802 671 895
f 895 512 802
f 285 206 513
f 206 285 392
f 392 285 475
f 475 514 392
f 515 1497 323
f 323 1497 1495
f 1497 29 1495
f 31 29 1497
f 31 219 29
f 221 219 31
f 221 405 219
f 407 405 221
f 407 599 405
f 601 599 407
f 601 516 599
f 599 516 324
f 1332 1263 325
f 323 1263 1332
f 517 323 1332
f 515 323 517
f 815 324 516
f 815 516 817
f 817 518 815
f 815 518 326
f 1332 325 1265
f 325 519 1265
f 325 327 519
f 517 1332 1265
f 326 520 328
f 518 520 326
f 521 327 329
f 521 519 327
f 328 522 330
f 520 522 328
f 523 329 331
f 523 521 329
f 330 524 332
f 522 524 330
f 525 331 333
f 525 523 331
f 1043 332 524
f 1043 524 1045
f 1045 526 1043
f 1043 526 334
f 333 1264 525
f 525 1264 1266
f 527 1266 1264
f 527 1264 335
f 334 528 336
f 526 528 334
f 1498 527 1570
f 527 337 1570
f 527 335 337
f 529 1498 1570
f 1046 530 1136
f 1136 338 1046
f 338 528 1046
f 338 336 528
f 1496 1570 337
f 32 529 108
f 108 529 339
f 529 1570 339
f 1570 1496 339
f 531 32 108
f 818 532 902
f 1136 530 818
f 1136 818 902
f 1044 1136 902
f 340 1044 902
f 338 1136 1044
f 30 108 339
f 108 30 531
f 30 222 531
f 30 220 222
f 406 222 220
f 406 408 222
f 600 408 406
f 600 602 408
f 532 602 902
f 602 816 902
f 602 600 816
f 340 902 816
f 533 833 341
f 341 833 831
f 833 1059 831
f 1061 1059 833
f 1061 1291 1059
f 1293 1291 1061
f 1293 1515 1291
f 1517 1515 1293
f 342 1515 109
f 1515 59 109
f 1515 1517 59
f 59 534 109
f 535 423 343
f 343 423 421
f 423 615 421
f 617 615 423
f 341 615 617
f 341 617 533
f 109 57 342
f 534 245 293
f 534 293 344
f 109 534 344
f 57 109 344
f 245 536 293
f 92 45 345
f 537 237 92
f 237 45 92
f 237 235 45
f 343 235 237
f 343 237 535
f 293 243 344
f 536 427 485
f 536 485 346
f 293 536 346
f 243 293 346
f 427 538 485
f 92 345 47
f 345 539 47
f 345 347 539
f 537 92 47
f 487 348 346
f 487 346 485
f 623 685 538
f 685 485 538
f 685 487 485
f 623 540 685
f 541 347 349
f 541 539 347
f 489 350 348
f 489 348 487
f 542 489 624
f 489 685 624
f 489 487 685
f 685 540 624
f 543 349 351
f 543 541 349
f 491 352 350
f 491 350 489
f 489 542 491
f 491 542 544
f 545 351 353
f 545 543 351
f 352 491 428
f 546 352 428
f 354 352 546
f 491 544 428
f 48 545 102
f 545 355 102
f 545 353 355
f 547 48 102
f 246 548 356
f 246 356 244
f 244 354 246
f 246 354 546
f 46 102 355
f 238 547 288
f 288 547 357
f 547 102 357
f 102 46 357
f 549 238 288
f 60 550 128
f 128 358 60
f 358 548 60
f 358 356 548
f 236 288 357
f 288 236 549
f 236 424 549
f 236 422 424
f 616 424 422
f 616 618 424
f 832 618 616
f 832 834 618
f 1060 834 832
f 1060 1062 834
f 1292 1062 1060
f 1292 1294 1062
f 1516 1294 1292
f 1516 1518 1294
f 550 1518 128
f 1518 58 128
f 1518 1516 58
f 358 128 58
f 551 1533 1573
f 1573 1533 359
f 1533 73 359
f 1533 75 73
f 75 259 73
f 261 259 75
f 261 441 259
f 443 441 261
f 443 637 441
f 639 637 443
f 639 851 637
f 853 851 639
f 853 1081 851
f 1083 1081 853
f 1083 1315 1081
f 1317 1315 1083
f 1317 552 1315
f 1315 552 360
f 1531 361 1573
f 361 551 1573
f 361 553 551
f 1573 359 1531
f 1545 360 552
f 1545 552 1547
f 1547 554 1545
f 1545 554 362
f 555 361 363
f 555 553 361
f 362 556 364
f 554 556 362
f 557 363 365
f 557 555 363
f 364 558 366
f 556 558 364
f 559 365 367
f 559 557 365
f 1548 560 1604
f 1604 368 1548
f 368 558 1548
f 368 366 558
f 1587 561 1532
f 561 367 1532
f 561 559 367
f 369 1587 1532
f 370 1546 1604
f 560 370 1604
f 562 370 560
f 368 1604 1546
f 1587 1534 561
f 563 1534 1587
f 369 563 1587
f 371 563 369
f 1318 564 1388
f 1388 372 1318
f 372 562 1318
f 372 370 562
f 565 371 373
f 565 563 371
f 374 1316 1388
f 564 374 1388
f 566 374 564
f 372 1388 1316
f 373 74 565
f 565 74 76
f 567 76 74
f 567 74 375
f 1084 568 376
f 1084 376 1082
f 1082 374 1084
f 1084 374 566
f 375 260 567
f 567 260 262
f 442 262 260
f 442 444 262
f 638 444 442
f 638 640 444
f 852 640 638
f 852 854 640
f 852 376 854
f 854 376 568
f 697 1235 1325
f 1235 698 1325
f 699 777 867
f 867 777 1097
f 1097 777 1001
f 697 1325 1001
f 1325 1097 1001
f 1325 1327 1097
f 1467 1553 698
f 1553 1325 698
f 1553 1327 1325
f 1467 700 1553
f 869 701 867
f 867 701 699
f 867 1099 869
f 867 1097 1099
f 1097 1329 1099
f 1097 1327 1329
f 1327 1555 1329
f 1327 1553 1555
f 1 89 700
f 89 1553 700
f 89 1555 1553
f 1 702 89
f 871 703 869
f 869 703 701
f 869 1101 871
f 869 1099 1101
f 1099 1331 1101
f 1099 1329 1331
f 1329 1557 1331
f 1329 1555 1557
f 704 1557 2
f 1557 89 2
f 1557 1555 89
f 89 702 2
f 871 778 703
f 778 871 705
f 871 1103 705
f 871 1101 1103
f 706 1103 1236
f 1103 1331 1236
f 1103 1101 1331
f 1236 1331 1468
f 1468 1331 1557
f 1557 704 1468
f 1103 1002 705
f 1103 706 1002
f 1328 1249 499
f 707 1483 1328
f 1483 1249 1328
f 1483 1481 1249
f 88 15 708
f 15 1483 708
f 15 1481 1483
f 272 205 88
f 88 205 15
f 272 500 205
f 709 1017 501
f 501 1017 1015
f 1251 1328 499
f 1015 1251 499
f 1017 1251 1015
f 707 1328 1251
f 17 88 708
f 88 17 207
f 88 207 272
f 391 500 272
f 207 391 272
f 393 391 207
f 393 585 391
f 587 585 393
f 587 801 585
f 803 801 587
f 803 710 801
f 801 710 502
f 872 791 503
f 501 791 872
f 711 501 872
f 709 501 711
f 710 1031 1115
f 504 710 1115
f 502 710 504
f 1031 712 1115
f 792 872 503
f 711 872 792
f 505 711 792
f 713 711 505
f 1115 1029 504
f 712 1269 1351
f 712 1351 506
f 1115 712 506
f 1029 1115 506
f 1269 714 1351
f 715 505 507
f 715 713 505
f 506 1351 1270
f 716 506 1270
f 508 506 716
f 1351 714 1270
f 507 1016 715
f 715 1016 1018
f 717 1018 1016
f 717 1016 509
f 1030 1127 510
f 1030 508 1127
f 508 718 1127
f 508 716 718
f 509 1250 717
f 717 1250 1252
f 719 1252 1250
f 719 1250 511
f 1131 512 510
f 1131 510 1127
f 1271 1363 718
f 1363 1127 718
f 1363 1131 1127
f 1271 720 1363
f 511 1482 719
f 719 1482 1484
f 16 1484 1482
f 16 18 1484
f 721 18 16
f 721 16 513
f 586 673 514
f 802 897 673
f 802 673 586
f 897 802 512
f 1131 897 512
f 1133 897 1131
f 722 1133 1272
f 1133 1363 1272
f 1133 1131 1363
f 1363 720 1272
f 513 206 721
f 721 206 208
f 392 208 206
f 392 394 208
f 673 588 514
f 588 392 514
f 588 394 392
f 588 673 804
f 804 673 897
f 804 897 1032
f 1032 897 1133
f 1133 722 1032
f 1556 1497 515
f 723 33 1556
f 33 1497 1556
f 33 31 1497
f 33 221 31
f 223 221 33
f 223 407 221
f 409 407 223
f 409 601 407
f 603 601 409
f 603 724 601
f 601 724 516
f 1556 515 1499
f 515 725 1499
f 515 517 725
f 723 1556 1499
f 817 516 724
f 817 724 819
f 819 726 817
f 817 726 518
f 1334 1265 519
f 517 1265 1334
f 727 517 1334
f 725 517 727
f 518 728 520
f 726 728 518
f 521 1336 519
f 519 1336 1334
f 727 1334 1336
f 727 1336 729
f 728 1047 1125
f 522 728 1125
f 520 728 522
f 1047 730 1125
f 1336 521 1267
f 521 731 1267
f 521 523 731
f 729 1336 1267
f 1129 524 522
f 1129 522 1125
f 1125 730 1129
f 1129 730 732
f 1268 731 1340
f 731 525 1340
f 731 523 525
f 733 1268 1340
f 1129 1045 524
f 1129 732 1045
f 732 526 1045
f 732 734 526
f 1266 1340 525
f 733 1340 1266
f 527 733 1266
f 735 733 527
f 526 736 528
f 734 736 526
f 527 1498 735
f 735 1498 1500
f 737 1500 1498
f 737 1498 529
f 1048 738 530
f 1048 530 1046
f 1046 528 1048
f 1048 528 736
f 529 32 737
f 737 32 34
f 32 531 290
f 224 32 290
f 34 32 224
f 739 224 290
f 604 740 678
f 604 678 532
f 818 604 532
f 820 604 818
f 818 530 820
f 820 530 738
f 222 290 531
f 290 222 739
f 222 410 739
f 222 408 410
f 740 410 678
f 410 602 678
f 410 408 602
f 532 678 602
f 882 833 533
f 741 1063 882
f 1063 833 882
f 1063 1061 833
f 1063 1293 1061
f 1295 1293 1063
f 1295 1517 1293
f 1519 1517 1295
f 1519 59 1517
f 61 59 1519
f 534 59 291
f 59 247 291
f 59 61 247
f 291 247 481
f 481 247 429
f 481 429 679
f 679 429 625
f 625 742 679
f 464 423 535
f 743 619 464
f 619 423 464
f 619 617 423
f 835 882 533
f 617 835 533
f 619 835 617
f 741 882 835
f 291 245 534
f 483 536 245
f 291 483 245
f 481 483 291
f 481 681 483
f 481 679 681
f 839 905 742
f 905 679 742
f 905 681 679
f 839 744 905
f 276 237 537
f 425 464 535
f 425 535 237
f 745 425 237
f 276 745 237
f 743 464 425
f 483 427 536
f 683 538 427
f 483 683 427
f 681 683 483
f 681 907 683
f 681 905 907
f 1067 1145 744
f 1145 905 744
f 1145 907 905
f 1067 746 1145
f 94 47 539
f 239 276 537
f 239 537 47
f 747 239 47
f 94 747 47
f 745 276 239
f 683 623 538
f 909 540 623
f 683 909 623
f 907 909 683
f 748 909 1068
f 909 1145 1068
f 909 907 1145
f 1145 746 1068
f 94 539 49
f 539 749 49
f 539 541 749
f 747 94 49
f 624 687 542
f 687 624 540
f 909 687 540
f 911 687 909
f 1069 1149 748
f 1149 909 748
f 1149 911 909
f 1069 750 1149
f 50 749 98
f 749 543 98
f 749 541 543
f 751 50 98
f 689 544 542
f 689 542 687
f 687 913 689
f 687 911 913
f 752 913 1070
f 913 1149 1070
f 913 911 1149
f 1149 750 1070
f 545 100 543
f 543 100 98
f 751 98 100
f 751 100 753
f 428 493 546
f 493 428 544
f 689 493 544
f 691 493 689
f 754 691 840
f 691 913 840
f 691 689 913
f 913 752 840
f 48 100 545
f 240 753 286
f 286 753 547
f 753 100 547
f 100 48 547
f 755 240 286
f 248 756 548
f 248 548 246
f 493 430 546
f 430 246 546
f 430 248 246
f 430 493 626
f 626 493 691
f 691 754 626
f 238 286 547
f 426 755 478
f 478 755 549
f 755 286 549
f 286 238 549
f 426 478 676
f 426 676 620
f 620 676 900
f 620 900 836
f 757 836 900
f 62 758 550
f 62 550 60
f 60 548 62
f 62 548 756
f 424 478 549
f 618 676 424
f 424 676 478
f 834 900 618
f 618 900 676
f 900 834 757
f 834 1064 757
f 834 1062 1064
f 1294 1064 1062
f 1294 1296 1064
f 1518 1296 1294
f 1518 1520 1296
f 1518 550 1520
f 1520 550 758
f 1574 1533 551
f 759 77 1574
f 77 1533 1574
f 77 75 1533
f 77 261 75
f 263 261 77
f 263 443 261
f 445 443 263
f 445 639 443
f 641 639 445
f 641 853 639
f 855 853 641
f 855 1083 853
f 1085 1083 855
f 1085 1317 1083
f 1319 1317 1085
f 1319 760 1317
f 1317 760 552
f 1574 551 1535
f 551 761 1535
f 551 553 761
f 759 1574 1535
f 1547 552 760
f 1547 760 1549
f 1549 762 1547
f 1547 762 554
f 763 553 555
f 763 761 553
f 554 764 556
f 762 764 554
f 765 555 557
f 765 763 555
f 556 766 558
f 764 766 556
f 767 557 559
f 767 765 557
f 1550 768 560
f 1550 560 1548
f 1548 558 1550
f 1550 558 766
f 769 559 561
f 769 767 559
f 1320 770 1386
f 1386 562 1320
f 562 768 1320
f 562 560 768
f 1591 771 1534
f 771 561 1534
f 771 769 561
f 563 1591 1534
f 564 1318 1386
f 770 564 1386
f 772 564 770
f 562 1386 1318
f 1591 1536 771
f 773 1536 1591
f 563 773 1591
f 565 773 563
f 564 774 566
f 772 774 564
f 565 76 773
f 773 76 78
f 775 78 76
f 775 76 567
f 1086 776 568
f 1086 568 1084
f 1084 566 1086
f 1086 566 774
f 567 262 775
f 775 262 264
f 444 264 262
f 444 446 264
f 640 446 444
f 640 642 446
f 854 642 640
f 854 856 642
f 854 568 856
f 856 568 776
f 921 779 863
f 779 922 863
f 923 569 651
f 921 863 569
f 863 651 569
f 863 865 651
f 1003 1095 922
f 1095 863 922
f 1095 865 863
f 1095 1003 697
f 1003 1235 697
f 1003 1237 1235
f 698 1235 1551
f 1235 1469 1551
f 1235 1237 1469
f 1469 924 1551
f 653 925 651
f 651 925 923
f 865 777 699
f 653 865 699
f 651 865 653
f 1095 1001 777
f 1095 777 865
f 1095 697 1001
f 1551 1467 698
f 924 3 87
f 924 87 700
f 1551 924 700
f 1467 1551 700
f 3 926 87
f 655 927 653
f 653 927 925
f 653 699 701
f 653 701 655
f 87 1 700
f 87 926 1
f 926 702 1
f 926 928 702
f 657 929 655
f 655 929 927
f 655 701 703
f 655 703 657
f 2 91 704
f 2 702 91
f 702 930 91
f 702 928 930
f 657 570 929
f 875 931 778
f 778 931 703
f 931 570 703
f 570 657 703
f 705 875 778
f 1236 1333 706
f 1468 1559 1333
f 1468 1333 1236
f 91 4 704
f 704 4 1468
f 4 932 1468
f 932 1559 1468
f 91 930 4
f 875 780 931
f 705 1002 875
f 1002 780 875
f 1002 1004 780
f 1333 1238 706
f 1238 1002 706
f 1238 1004 1002
f 1238 1333 1470
f 1470 1333 1559
f 1559 932 1470
f 1554 1483 707
f 1554 708 1483
f 933 1019 709
f 709 1019 1017
f 1019 1251 1017
f 1253 1251 1019
f 1485 1554 707
f 1251 1485 707
f 1253 1485 1251
f 17 708 1554
f 1485 17 1554
f 19 17 1485
f 19 207 17
f 209 207 19
f 209 393 207
f 395 393 209
f 395 587 393
f 589 587 395
f 589 803 587
f 805 803 589
f 710 803 1111
f 803 1033 1111
f 803 805 1033
f 1033 934 1111
f 935 709 711
f 935 933 709
f 1111 1031 710
f 934 1273 1347
f 934 1347 712
f 1111 934 712
f 1031 1111 712
f 1273 936 1347
f 937 711 713
f 937 935 711
f 1347 1269 712
f 1347 936 1269
f 936 714 1269
f 936 938 714
f 939 713 715
f 939 937 713
f 1270 1355 716
f 1270 714 1355
f 714 940 1355
f 714 938 940
f 1107 941 1018
f 941 715 1018
f 941 939 715
f 717 1107 1018
f 1359 718 716
f 1359 716 1355
f 1355 940 1359
f 1359 940 942
f 1107 1020 941
f 717 1252 1107
f 1252 1020 1107
f 1252 1254 1020
f 943 1254 1252
f 943 1252 719
f 1359 1271 718
f 1359 942 1271
f 942 720 1271
f 942 944 720
f 719 1484 943
f 943 1484 1486
f 18 101 945
f 1486 18 945
f 1484 18 1486
f 721 101 18
f 1272 1367 722
f 1272 720 1367
f 720 946 1367
f 720 944 946
f 101 20 945
f 721 208 101
f 208 20 101
f 208 210 20
f 394 477 947
f 210 394 947
f 208 394 210
f 588 675 477
f 588 477 394
f 804 899 675
f 804 675 588
f 1032 1135 899
f 1032 899 804
f 1367 1274 722
f 722 1274 1032
f 1274 948 1032
f 948 1135 1032
f 1367 946 1274
f 477 396 947
f 396 477 590
f 590 477 675
f 590 675 806
f 806 675 899
f 806 899 1034
f 1034 899 1135
f 1135 948 1034
f 949 35 723
f 723 35 33
f 35 223 33
f 225 223 35
f 225 409 223
f 411 409 225
f 411 603 409
f 605 603 411
f 724 603 885
f 603 821 885
f 603 605 821
f 821 950 885
f 951 1501 725
f 725 1501 1499
f 723 1499 1501
f 723 1501 949
f 885 819 724
f 885 950 819
f 950 726 819
f 950 952 726
f 953 725 727
f 953 951 725
f 952 1049 1121
f 728 952 1121
f 726 952 728
f 1049 954 1121
f 955 727 729
f 955 953 727
f 1121 1047 728
f 1121 954 1047
f 954 730 1047
f 954 956 730
f 1338 1267 731
f 729 1267 1338
f 957 729 1338
f 955 729 957
f 730 958 732
f 956 958 730
f 1268 1338 731
f 957 1338 1268
f 733 957 1268
f 959 957 733
f 732 960 734
f 958 960 732
f 961 733 735
f 961 959 733
f 734 962 736
f 960 962 734
f 735 1500 961
f 961 1500 1502
f 963 1502 1500
f 963 1500 737
f 1050 964 738
f 1050 738 1048
f 1048 736 1050
f 1050 736 962
f 737 34 963
f 963 34 36
f 224 36 34
f 224 226 36
f 224 739 480
f 412 224 480
f 226 224 412
f 412 480 740
f 604 412 740
f 606 412 604
f 820 606 604
f 820 822 606
f 820 738 822
f 822 738 964
f 410 480 739
f 740 480 410
f 1110 1063 741
f 965 1297 1110
f 1297 1063 1110
f 1297 1295 1063
f 1297 1519 1295
f 1521 1519 1297
f 1521 61 1519
f 63 61 1521
f 63 247 61
f 249 247 63
f 249 429 247
f 431 429 249
f 431 625 429
f 627 625 431
f 742 625 903
f 625 841 903
f 625 627 841
f 841 966 903
f 662 619 743
f 886 835 662
f 662 835 619
f 1065 1110 741
f 1065 741 835
f 967 1065 835
f 886 967 835
f 965 1110 1065
f 903 839 742
f 966 1071 1143
f 966 1143 744
f 903 966 744
f 839 903 744
f 1071 968 1143
f 466 425 745
f 425 466 743
f 466 662 743
f 466 664 662
f 664 969 837
f 886 664 837
f 662 664 886
f 967 886 837
f 1143 1067 744
f 968 1303 1379
f 968 1379 746
f 1143 968 746
f 1067 1143 746
f 1303 970 1379
f 278 239 747
f 239 278 745
f 278 466 745
f 278 468 466
f 666 466 468
f 664 466 666
f 969 664 666
f 969 666 971
f 1068 1147 748
f 1379 1304 746
f 746 1304 1068
f 1304 972 1068
f 972 1147 1068
f 1379 970 1304
f 96 49 749
f 49 96 747
f 96 278 747
f 96 280 278
f 470 278 280
f 468 278 470
f 470 973 621
f 666 470 621
f 468 470 666
f 971 666 621
f 1147 1069 748
f 1147 972 1069
f 972 750 1069
f 972 974 750
f 50 96 749
f 751 282 50
f 282 96 50
f 282 280 96
f 472 280 282
f 470 280 472
f 973 470 472
f 973 472 975
f 1070 1151 752
f 750 974 1070
f 974 1385 1070
f 1385 1151 1070
f 1385 974 1305
f 1305 976 1385
f 753 284 751
f 751 284 282
f 474 282 284
f 472 282 474
f 672 622 975
f 472 672 975
f 474 672 472
f 977 622 672
f 840 915 754
f 915 840 752
f 1151 915 752
f 1153 915 1151
f 978 1153 1306
f 1153 1385 1306
f 1153 1151 1385
f 1385 976 1306
f 240 284 753
f 755 476 240
f 476 284 240
f 476 474 284
f 674 474 476
f 672 474 674
f 898 838 977
f 672 898 977
f 674 898 672
f 979 838 898
f 248 305 756
f 432 980 305
f 248 432 305
f 430 432 248
f 626 432 430
f 626 628 432
f 628 626 981
f 626 915 981
f 915 917 981
f 626 754 915
f 982 917 1072
f 917 1153 1072
f 917 915 1153
f 1153 978 1072
f 426 476 755
f 620 674 426
f 426 674 476
f 836 898 620
f 620 898 674
f 1066 979 1138
f 1138 979 757
f 979 898 757
f 898 836 757
f 1066 1138 1374
f 1066 1374 1298
f 1298 1374 1596
f 1298 1596 1522
f 1522 1596 758
f 62 1522 758
f 64 1522 62
f 305 250 756
f 250 62 756
f 250 64 62
f 305 980 250
f 917 842 981
f 917 982 842
f 1064 1138 757
f 1296 1374 1064
f 1064 1374 1138
f 1520 1596 1296
f 1296 1596 1374
f 758 1596 1520
f 983 1537 1575
f 1575 1537 759
f 1537 77 759
f 1537 79 77
f 79 263 77
f 265 263 79
f 265 445 263
f 447 445 265
f 447 641 445
f 643 641 447
f 643 855 641
f 857 855 643
f 857 1085 855
f 1087 1085 857
f 1376 1319 984
f 1319 1087 984
f 1319 1085 1087
f 1376 760 1319
f 1535 761 1575
f 761 983 1575
f 761 985 983
f 1575 759 1535
f 1321 1376 984
f 986 1598 1549
f 986 1549 760
f 1321 986 760
f 1376 1321 760
f 1598 762 1549
f 987 761 763
f 987 985 761
f 988 1600 1598
f 988 1598 986
f 762 1598 764
f 764 1598 1600
f 989 763 765
f 989 987 763
f 990 1602 1600
f 990 1600 988
f 764 1600 766
f 766 1600 1602
f 991 765 767
f 991 989 765
f 768 1550 1602
f 990 768 1602
f 992 768 990
f 766 1602 1550
f 993 767 769
f 993 991 767
f 1322 994 770
f 1322 770 1320
f 1320 768 1322
f 1322 768 992
f 1538 993 1592
f 993 771 1592
f 993 769 771
f 995 1538 1592
f 770 996 772
f 994 996 770
f 1536 1592 771
f 995 1592 1536
f 773 995 1536
f 997 995 773
f 1088 998 1156
f 1156 774 1088
f 774 996 1088
f 774 772 996
f 773 78 997
f 997 78 80
f 999 80 78
f 999 78 775
f 858 1000 920
f 1156 998 858
f 1156 858 920
f 1086 1156 920
f 776 1086 920
f 774 1156 1086
f 775 264 999
f 999 264 266
f 446 266 264
f 446 448 266
f 642 448 446
f 642 644 448
f 1000 644 920
f 644 856 920
f 644 642 856
f 776 920 856
f 1157 571 649
f 649 571 921
f 571 779 921
f 571 781 779
f 922 779 1093
f 779 1005 1093
f 779 781 1005
f 1093 1005 1323
f 1323 1005 1239
f 1239 1158 1323
f 1159 377 453
f 1157 649 377
f 377 649 453
f 649 569 453
f 569 923 453
f 649 921 569
f 1093 1003 922
f 1323 1237 1003
f 1323 1003 1093
f 1237 1323 1158
f 1471 1237 1158
f 1469 1237 1471
f 924 1469 85
f 1469 5 85
f 1469 1471 5
f 5 1160 85
f 455 1161 453
f 453 1161 1159
f 453 923 925
f 453 925 455
f 85 3 924
f 85 1160 3
f 1160 926 3
f 1160 1162 926
f 457 1163 455
f 455 1163 1161
f 455 925 927
f 455 927 457
f 926 1164 928
f 1162 1164 926
f 459 1165 457
f 457 1165 1163
f 457 927 929
f 457 929 459
f 928 1166 930
f 1164 1166 928
f 459 378 1165
f 659 1167 570
f 570 1167 929
f 1167 378 929
f 378 459 929
f 931 659 570
f 4 93 932
f 4 930 93
f 930 1168 93
f 930 1166 1168
f 659 572 1167
f 931 780 659
f 780 572 659
f 780 782 572
f 1004 782 780
f 1004 1006 782
f 1238 1006 1004
f 1238 1240 1006
f 1470 1240 1238
f 1470 1472 1240
f 93 6 932
f 6 1470 932
f 6 1472 1470
f 93 1168 6
f 1169 1021 933
f 933 1021 1019
f 1021 1253 1019
f 1255 1253 1021
f 1255 1485 1253
f 1487 1485 1255
f 1487 19 1485
f 21 19 1487
f 21 209 19
f 211 209 21
f 211 395 209
f 397 395 211
f 397 589 395
f 591 589 397
f 591 805 589
f 807 805 591
f 807 1033 805
f 1035 1033 807
f 934 1033 1343
f 1033 1275 1343
f 1033 1035 1275
f 1275 1170 1343
f 1171 793 873
f 935 873 793
f 1169 935 793
f 933 935 1169
f 1343 1273 934
f 1343 1170 1273
f 1170 936 1273
f 1170 1172 936
f 877 1173 873
f 873 1173 1171
f 873 935 937
f 873 937 877
f 936 1174 938
f 1172 1174 936
f 879 1175 877
f 877 1175 1173
f 877 937 939
f 877 939 879
f 938 1176 940
f 1174 1176 938
f 879 794 1175
f 1177 794 879
f 939 1177 879
f 941 1177 939
f 940 1178 942
f 1176 1178 940
f 941 1020 1177
f 1177 1020 1022
f 1254 1339 1179
f 1022 1254 1179
f 1020 1254 1022
f 943 1339 1254
f 942 1180 944
f 1178 1180 942
f 1339 1256 1179
f 943 1486 1339
f 1486 1256 1339
f 1486 1488 1256
f 1181 1488 1486
f 1181 1486 945
f 944 1182 946
f 1180 1182 944
f 945 20 1181
f 1181 20 22
f 210 22 20
f 210 212 22
f 1183 212 210
f 1183 210 947
f 1274 1371 948
f 1274 946 1371
f 946 1184 1371
f 946 1182 1184
f 947 396 1183
f 1183 396 398
f 590 677 1185
f 398 590 1185
f 396 590 398
f 806 901 677
f 806 677 590
f 1034 1139 901
f 1034 901 806
f 1371 1276 948
f 948 1276 1034
f 1276 1186 1034
f 1186 1139 1034
f 1371 1184 1276
f 677 592 1185
f 592 677 808
f 808 677 901
f 808 901 1036
f 1036 901 1139
f 1139 1186 1036
f 1187 37 949
f 949 37 35
f 37 225 35
f 227 225 37
f 227 411 225
f 413 411 227
f 413 605 411
f 607 605 413
f 607 821 605
f 823 821 607
f 823 1188 821
f 821 1188 950
f 1189 1503 951
f 951 1503 1501
f 949 1501 1503
f 949 1503 1187
f 1188 1051 1117
f 952 1188 1117
f 950 1188 952
f 1051 1190 1117
f 1191 951 953
f 1191 1189 951
f 1117 1049 952
f 1117 1190 1049
f 1190 954 1049
f 1190 1192 954
f 1193 953 955
f 1193 1191 953
f 1192 1283 1357
f 956 1192 1357
f 954 1192 956
f 1283 1194 1357
f 1195 955 957
f 1195 1193 955
f 1361 958 956
f 1361 956 1357
f 1357 1194 1361
f 1361 1194 1196
f 1197 957 959
f 1197 1195 957
f 1365 960 958
f 1365 958 1361
f 1361 1196 1365
f 1365 1196 1198
f 1504 1197 1568
f 1197 961 1568
f 1197 959 961
f 1199 1504 1568
f 1369 962 960
f 1369 960 1365
f 1365 1198 1369
f 1369 1198 1200
f 1502 1568 961
f 38 1199 104
f 104 1199 963
f 1199 1568 963
f 1568 1502 963
f 1201 38 104
f 1050 1137 964
f 1369 1284 962
f 962 1284 1050
f 1284 1202 1050
f 1202 1137 1050
f 1369 1200 1284
f 36 104 963
f 104 36 1201
f 36 228 1201
f 36 226 228
f 412 228 226
f 412 414 228
f 606 414 412
f 606 608 414
f 822 608 606
f 822 824 608
f 1137 1052 964
f 1052 822 964
f 1052 824 822
f 1137 1202 1052
f 1342 1297 965
f 1203 1523 1342
f 1523 1297 1342
f 1523 1521 1297
f 1523 63 1521
f 65 63 1523
f 65 249 63
f 251 249 65
f 251 431 249
f 433 431 251
f 433 627 431
f 629 627 433
f 629 841 627
f 843 841 629
f 966 841 1141
f 841 1073 1141
f 841 843 1073
f 1073 1204 1141
f 1114 1065 967
f 1299 1342 965
f 1299 965 1065
f 1205 1299 1065
f 1114 1205 1065
f 1203 1342 1299
f 1141 1071 966
f 1204 1307 1377
f 1204 1377 968
f 1141 1204 968
f 1071 1141 968
f 1307 1206 1377
f 888 837 969
f 837 888 967
f 888 1114 967
f 888 1118 1114
f 1205 1114 1118
f 1205 1118 1207
f 1377 1303 968
f 1377 1206 1303
f 1206 970 1303
f 1206 1208 970
f 971 890 969
f 969 890 888
f 1122 888 890
f 1118 888 1122
f 1207 1118 1122
f 1207 1122 1209
f 1304 1381 972
f 1304 970 1381
f 970 1210 1381
f 970 1208 1210
f 668 621 973
f 621 668 971
f 668 890 971
f 668 892 890
f 1126 890 892
f 1122 890 1126
f 1209 1122 1126
f 1209 1126 1211
f 1383 974 972
f 1383 972 1381
f 1381 1210 1383
f 1383 1210 1212
f 975 670 973
f 973 670 668
f 894 668 670
f 892 668 894
f 1130 892 894
f 1126 892 1130
f 1211 1126 1130
f 1211 1130 1213
f 1383 1305 974
f 1383 1212 1305
f 1212 976 1305
f 1212 1214 976
f 622 670 975
f 977 896 622
f 896 670 622
f 896 894 670
f 1132 894 896
f 1130 894 1132
f 1366 1300 1213
f 1130 1366 1213
f 1132 1366 1130
f 1215 1300 1366
f 1306 1387 978
f 1306 976 1387
f 976 1216 1387
f 976 1214 1216
f 838 896 977
f 979 1134 838
f 1134 896 838
f 1134 1132 896
f 1370 1132 1134
f 1366 1132 1370
f 1594 1524 1215
f 1366 1594 1215
f 1370 1594 1366
f 1524 1594 124
f 1524 124 66
f 1217 66 124
f 432 495 980
f 628 693 495
f 628 495 432
f 981 693 628
f 1072 1155 982
f 1387 1308 978
f 978 1308 1072
f 1308 1218 1072
f 1218 1155 1072
f 1387 1216 1308
f 1066 1134 979
f 1298 1370 1066
f 1066 1370 1134
f 1522 1594 1298
f 1298 1594 1370
f 64 124 1522
f 1522 124 1594
f 124 64 1217
f 64 252 1217
f 64 250 252
f 495 434 980
f 434 250 980
f 434 252 250
f 434 495 630
f 630 495 693
f 981 842 693
f 842 630 693
f 842 844 630
f 1155 1074 982
f 1074 842 982
f 1074 844 842
f 1155 1218 1074
f 1576 1537 983
f 1219 81 1576
f 81 1537 1576
f 81 79 1537
f 81 265 79
f 267 265 81
f 267 447 265
f 449 447 267
f 449 643 447
f 645 643 449
f 645 857 643
f 859 857 645
f 1142 1087 1220
f 1087 859 1220
f 1087 857 859
f 1142 984 1087
f 1576 983 1539
f 983 1221 1539
f 983 985 1221
f 1219 1576 1539
f 1089 1142 1220
f 1222 1378 1321
f 1222 1321 984
f 1089 1222 984
f 1142 1089 984
f 1378 986 1321
f 1223 985 987
f 1223 1221 985
f 1224 1380 1378
f 1224 1378 1222
f 986 1378 988
f 988 1378 1380
f 1225 987 989
f 1225 1223 987
f 1226 1382 1380
f 1226 1380 1224
f 988 1380 990
f 990 1380 1382
f 1227 989 991
f 1227 1225 989
f 1228 1384 1382
f 1228 1382 1226
f 990 1382 992
f 992 1382 1384
f 1229 991 993
f 1229 1227 991
f 994 1322 1384
f 1228 994 1384
f 1230 994 1228
f 992 1384 1322
f 993 1538 1229
f 1229 1538 1540
f 1231 1540 1538
f 1231 1538 995
f 1090 1232 1154
f 1154 996 1090
f 996 1230 1090
f 996 994 1230
f 82 1231 126
f 1231 997 126
f 1231 995 997
f 1233 82 126
f 860 1234 918
f 1154 1232 860
f 1154 860 918
f 1088 1154 918
f 998 1088 918
f 996 1154 1088
f 80 126 997
f 268 1233 308
f 308 1233 999
f 1233 126 999
f 126 80 999
f 268 308 498
f 268 498 450
f 450 498 696
f 450 696 646
f 918 1234 646
f 918 646 696
f 858 918 696
f 1000 858 696
f 998 918 858
f 266 308 999
f 448 498 266
f 266 498 308
f 644 696 448
f 448 696 498
f 1000 696 644
f 1391 573 1157
f 1157 573 571
f 573 781 571
f 783 781 573
f 783 1005 781
f 1007 1005 783
f 1007 1239 1005
f 1241 1239 1007
f 1241 1392 1239
f 1239 1392 1158
f 1393 379 1159
f 1159 379 377
f 1157 377 379
f 1157 379 1391
f 1471 1158 1392
f 1471 1392 1473
f 86 5 1394
f 5 1473 1394
f 5 1471 1473
f 86 1160 5
f 1395 1159 1161
f 1395 1393 1159
f 7 86 1394
f 7 1396 86
f 1396 1160 86
f 1396 1162 1160
f 1397 1161 1163
f 1397 1395 1161
f 1396 197 273
f 1164 1396 273
f 1162 1396 1164
f 197 1398 273
f 1399 1163 1165
f 1399 1397 1163
f 275 1166 1164
f 275 1164 273
f 273 1398 275
f 275 1398 1400
f 461 1401 378
f 1401 1165 378
f 1401 1399 1165
f 1167 461 378
f 277 1168 1166
f 277 1166 275
f 275 1400 277
f 277 1400 1402
f 461 380 1401
f 1167 572 461
f 572 380 461
f 572 574 380
f 782 574 572
f 782 784 574
f 1006 784 782
f 1006 1008 784
f 1240 1008 1006
f 1240 1242 1008
f 1472 1242 1240
f 1472 1474 1242
f 6 1474 1472
f 6 8 1474
f 277 198 1168
f 198 6 1168
f 198 8 6
f 277 1402 198
f 1403 1023 1169
f 1169 1023 1021
f 1023 1255 1021
f 1257 1255 1023
f 1257 1487 1255
f 1489 1487 1257
f 1489 21 1487
f 23 21 1489
f 23 211 21
f 213 211 23
f 213 397 211
f 399 397 213
f 399 591 397
f 593 591 399
f 593 807 591
f 809 807 593
f 809 1035 807
f 1037 1035 809
f 1344 1275 1404
f 1275 1037 1404
f 1275 1035 1037
f 1344 1170 1275
f 1405 795 1171
f 1171 795 793
f 1169 793 795
f 1169 795 1403
f 1277 1344 1404
f 1277 1406 1344
f 1406 1170 1344
f 1406 1172 1170
f 1407 1171 1173
f 1407 1405 1171
f 1172 1408 1174
f 1406 1408 1172
f 1409 1173 1175
f 1409 1407 1173
f 1174 1410 1176
f 1408 1410 1174
f 1175 794 1409
f 1409 794 796
f 1411 796 794
f 1411 794 1177
f 1176 1412 1178
f 1410 1412 1176
f 1177 1022 1411
f 1411 1022 1024
f 1413 1024 1022
f 1413 1022 1179
f 1178 1414 1180
f 1412 1414 1178
f 1179 1256 1413
f 1413 1256 1258
f 1488 1567 1415
f 1258 1488 1415
f 1256 1488 1258
f 1181 1567 1488
f 1180 1416 1182
f 1414 1416 1180
f 1567 1490 1415
f 1181 22 1567
f 22 1490 1567
f 22 24 1490
f 212 287 1417
f 24 212 1417
f 22 212 24
f 1183 287 212
f 1182 1418 1184
f 1416 1418 1182
f 287 214 1417
f 479 1419 398
f 398 1419 1183
f 1419 214 1183
f 214 287 1183
f 1185 479 398
f 1278 1420 1186
f 1278 1186 1276
f 1276 1184 1278
f 1278 1184 1418
f 479 400 1419
f 1185 592 479
f 592 400 479
f 592 594 400
f 808 594 592
f 808 810 594
f 1036 810 808
f 1036 1038 810
f 1036 1186 1038
f 1038 1186 1420
f 1421 39 1187
f 1187 39 37
f 39 227 37
f 229 227 39
f 229 413 227
f 415 413 229
f 415 607 413
f 609 607 415
f 609 823 607
f 825 823 609
f 825 1422 823
f 823 1422 1188
f 1423 1505 1189
f 1189 1505 1503
f 1187 1503 1505
f 1187 1505 1421
f 1051 1188 1422
f 1051 1422 1053
f 1053 1424 1051
f 1051 1424 1190
f 1425 1189 1191
f 1425 1423 1189
f 1424 1285 1353
f 1192 1424 1353
f 1190 1424 1192
f 1285 1426 1353
f 1427 1191 1193
f 1427 1425 1191
f 1353 1283 1192
f 1426 1509 1583
f 1426 1583 1194
f 1353 1426 1194
f 1283 1353 1194
f 1509 1428 1583
f 1429 1193 1195
f 1429 1427 1193
f 1585 1196 1194
f 1585 1194 1583
f 1583 1428 1585
f 1585 1428 1430
f 1431 1195 1197
f 1431 1429 1195
f 1589 1198 1196
f 1589 1196 1585
f 1585 1430 1589
f 1589 1430 1432
f 1197 1504 1431
f 1431 1504 1506
f 1433 1506 1504
f 1433 1504 1199
f 1198 1589 1510
f 1434 1198 1510
f 1200 1198 1434
f 1589 1432 1510
f 1199 38 1433
f 1433 38 40
f 1435 40 38
f 1435 38 1201
f 1284 1373 1202
f 1284 1200 1373
f 1200 1436 1373
f 1200 1434 1436
f 1201 228 1435
f 1435 228 230
f 414 230 228
f 414 416 230
f 608 416 414
f 608 610 416
f 824 610 608
f 824 826 610
f 1052 826 824
f 1052 1054 826
f 1373 1286 1202
f 1286 1052 1202
f 1286 1054 1052
f 1373 1436 1286
f 1437 1525 1203
f 1203 1525 1523
f 1525 65 1523
f 67 65 1525
f 67 251 65
f 253 251 67
f 253 433 251
f 435 433 253
f 435 629 433
f 631 629 435
f 631 843 629
f 845 843 631
f 845 1073 843
f 1075 1073 845
f 1075 1438 1073
f 1073 1438 1204
f 1346 1299 1205
f 1203 1299 1346
f 1439 1203 1346
f 1437 1203 1439
f 1307 1204 1438
f 1307 1438 1309
f 1309 1440 1307
f 1307 1440 1206
f 1346 1205 1301
f 1205 1441 1301
f 1205 1207 1441
f 1439 1346 1301
f 1206 1442 1208
f 1440 1442 1206
f 1443 1207 1209
f 1443 1441 1207
f 1208 1444 1210
f 1442 1444 1208
f 1302 1443 1358
f 1443 1211 1358
f 1443 1209 1211
f 1445 1302 1358
f 1210 1446 1212
f 1444 1446 1210
f 1213 1362 1211
f 1211 1362 1358
f 1445 1358 1362
f 1445 1362 1447
f 1212 1448 1214
f 1446 1448 1212
f 1300 1362 1213
f 1526 1447 1590
f 1590 1447 1215
f 1447 1362 1215
f 1362 1300 1215
f 1449 1526 1590
f 1214 1450 1216
f 1448 1450 1214
f 1524 1590 1215
f 1590 1524 1449
f 1524 68 1449
f 1524 66 68
f 1451 68 66
f 1451 66 1217
f 1310 1452 1218
f 1310 1218 1308
f 1308 1216 1310
f 1310 1216 1450
f 1217 252 1451
f 1451 252 254
f 434 254 252
f 434 436 254
f 630 436 434
f 630 632 436
f 844 632 630
f 844 846 632
f 1074 846 844
f 1074 1076 846
f 1074 1218 1076
f 1076 1218 1452
f 110 81 1219
f 1453 269 110
f 269 81 110
f 269 267 81
f 482 449 1454
f 449 269 1454
f 449 267 269
f 680 645 482
f 482 645 449
f 904 859 680
f 680 859 645
f 904 1220 859
f 1578 1539 1221
f 83 110 1219
f 83 1219 1539
f 1455 83 1539
f 1578 1455 1539
f 1453 110 83
f 451 482 1454
f 482 451 647
f 482 647 680
f 680 647 861
f 680 861 904
f 1456 1144 1089
f 1456 1089 1220
f 861 1456 1220
f 904 861 1220
f 1144 1222 1089
f 1223 1580 1221
f 1221 1580 1578
f 1455 1578 1580
f 1455 1580 1457
f 1458 1146 1144
f 1458 1144 1456
f 1222 1144 1224
f 1224 1144 1146
f 1225 1582 1223
f 1223 1582 1580
f 1457 1580 1582
f 1457 1582 1459
f 1091 1146 1458
f 1091 1460 1146
f 1460 1224 1146
f 1460 1226 1224
f 1227 1584 1225
f 1225 1584 1582
f 1459 1582 1584
f 1459 1584 1461
f 1226 1462 1228
f 1460 1462 1226
f 1229 1588 1227
f 1227 1588 1584
f 1461 1584 1588
f 1461 1588 1463
f 1092 1464 1152
f 1152 1230 1092
f 1230 1462 1092
f 1230 1228 1462
f 1540 1588 1229
f 84 1463 122
f 122 1463 1231
f 1463 1588 1231
f 1588 1540 1231
f 84 122 304
f 84 304 270
f 270 304 494
f 270 494 452
f 1465 452 494
f 862 1466 916
f 1152 1464 862
f 1152 862 916
f 1090 1152 916
f 1232 1090 916
f 1230 1152 1090
f 82 122 1231
f 1233 306 82
f 306 122 82
f 306 304 122
f 496 304 306
f 494 304 496
f 694 648 1465
f 494 694 1465
f 496 694 494
f 916 1466 648
f 916 648 694
f 860 916 694
f 1234 860 694
f 1232 916 860
f 268 306 1233
f 450 496 268
f 268 496 306
f 646 694 450
f 450 694 496
f 1234 694 646
f 1605 575 1391
f 1391 575 573
f 575 783 573
f 785 783 575
f 785 1007 783
f 1009 1007 785
f 1324 1241 1606
f 1241 1009 1606
f 1241 1007 1009
f 1324 1392 1241
f 1607 381 1393
f 1393 381 379
f 1391 379 381
f 1391 381 1605
f 1243 1324 1606
f 1473 1392 1324
f 1243 1473 1324
f 1475 1473 1243
f 1475 1608 1473
f 1473 1608 1394
f 1609 1393 1395
f 1609 1607 1393
f 7 1394 1608
f 7 1608 9
f 9 1610 7
f 7 1610 1396
f 1611 1395 1397
f 1611 1609 1395
f 197 1396 1610
f 197 1610 199
f 199 1612 197
f 197 1612 1398
f 1613 1397 1399
f 1613 1611 1397
f 1612 385 465
f 1400 1612 465
f 1398 1612 1400
f 385 1614 465
f 382 1613 462
f 1613 1401 462
f 1613 1399 1401
f 1615 382 462
f 467 1402 1400
f 467 1400 465
f 579 665 1614
f 665 465 1614
f 665 467 465
f 579 1616 665
f 380 462 1401
f 462 380 1615
f 380 576 1615
f 380 574 576
f 784 576 574
f 784 786 576
f 1008 786 784
f 1008 1010 786
f 1242 1010 1008
f 1242 1244 1010
f 1474 1561 1617
f 1244 1474 1617
f 1242 1474 1244
f 8 95 1561
f 8 1561 1474
f 198 279 95
f 198 95 8
f 279 198 1402
f 467 279 1402
f 469 279 467
f 1618 469 580
f 469 665 580
f 469 467 665
f 665 1616 580
f 1561 1476 1617
f 1476 1561 10
f 10 1561 95
f 10 95 1619
f 95 281 1619
f 95 279 281
f 1620 281 386
f 281 469 386
f 281 279 469
f 469 1618 386
f 281 200 1619
f 281 1620 200
f 1621 1025 1403
f 1403 1025 1023
f 1025 1257 1023
f 1259 1257 1025
f 1259 1489 1257
f 1491 1489 1259
f 1491 23 1489
f 25 23 1491
f 25 213 23
f 215 213 25
f 215 399 213
f 401 399 215
f 401 593 399
f 595 593 401
f 595 809 593
f 811 809 595
f 1112 1037 1622
f 1037 811 1622
f 1037 809 811
f 1112 1404 1037
f 1623 797 1405
f 1405 797 795
f 1403 795 797
f 1403 797 1621
f 1039 1112 1622
f 1624 1348 1277
f 1624 1277 1404
f 1039 1624 1404
f 1112 1039 1404
f 1348 1406 1277
f 1625 1405 1407
f 1625 1623 1405
f 1626 1352 1348
f 1626 1348 1624
f 1406 1348 1408
f 1408 1348 1352
f 1627 1407 1409
f 1627 1625 1407
f 1628 1356 1352
f 1628 1352 1626
f 1408 1352 1410
f 1410 1352 1356
f 1409 796 1627
f 1627 796 798
f 1629 798 796
f 1629 796 1411
f 1279 1356 1628
f 1279 1630 1356
f 1630 1410 1356
f 1630 1412 1410
f 1411 1024 1629
f 1629 1024 1026
f 1631 1026 1024
f 1631 1024 1413
f 1412 1632 1414
f 1630 1632 1412
f 1413 1258 1631
f 1631 1258 1260
f 1633 1260 1258
f 1633 1258 1415
f 1414 1634 1416
f 1632 1634 1414
f 1415 1490 1633
f 1633 1490 1492
f 24 103 1635
f 1492 24 1635
f 1490 24 1492
f 1417 103 24
f 1416 1636 1418
f 1634 1636 1416
f 103 26 1635
f 1417 214 103
f 214 26 103
f 214 216 26
f 1637 216 214
f 1637 214 1419
f 1280 1638 1420
f 1280 1420 1278
f 1278 1418 1280
f 1280 1418 1636
f 1419 400 1637
f 1637 400 402
f 594 402 400
f 594 596 402
f 810 596 594
f 810 812 596
f 1038 812 810
f 1038 1040 812
f 1038 1420 1040
f 1040 1420 1638
f 90 39 1421
f 1639 231 90
f 231 39 90
f 231 229 39
f 231 415 229
f 417 415 231
f 417 609 415
f 611 609 417
f 611 825 609
f 827 825 611
f 1422 825 1113
f 825 1055 1113
f 825 827 1055
f 1113 1055 1345
f 1345 1055 1287
f 1287 1640 1345
f 1558 1505 1423
f 41 90 1421
f 41 1421 1505
f 1641 41 1505
f 1558 1641 1505
f 1639 90 41
f 1113 1053 1422
f 1349 1424 1053
f 1113 1349 1053
f 1345 1349 1113
f 1511 1579 1640
f 1579 1345 1640
f 1579 1349 1345
f 1511 1642 1579
f 1558 1423 1507
f 1423 1643 1507
f 1423 1425 1643
f 1641 1558 1507
f 1349 1285 1424
f 1581 1426 1285
f 1349 1581 1285
f 1579 1581 1349
f 51 115 1642
f 115 1579 1642
f 115 1581 1579
f 51 1644 115
f 1645 1425 1427
f 1645 1643 1425
f 1581 1509 1426
f 1581 115 1509
f 115 1646 1509
f 1646 1428 1509
f 115 52 1646
f 115 1644 52
f 1647 1427 1429
f 1647 1645 1427
f 1428 1648 1430
f 1646 1648 1428
f 1508 1647 1566
f 1647 1431 1566
f 1647 1429 1431
f 1649 1508 1566
f 1648 53 121
f 1432 1648 121
f 1430 1648 1432
f 53 1650 121
f 1506 1566 1431
f 1649 1566 1506
f 1433 1649 1506
f 1651 1649 1433
f 1510 1593 1434
f 121 54 1432
f 1432 54 1510
f 54 1652 1510
f 1652 1593 1510
f 121 1650 54
f 105 1653 40
f 1653 1433 40
f 1653 1651 1433
f 1435 105 40
f 1434 1593 1512
f 1654 1434 1512
f 1436 1434 1654
f 1593 1652 1512
f 105 42 1653
f 1435 230 105
f 230 42 105
f 230 232 42
f 416 232 230
f 416 418 232
f 610 418 416
f 610 612 418
f 826 612 610
f 826 828 612
f 1054 828 826
f 1054 1056 828
f 1286 1056 1054
f 1286 1288 1056
f 1286 1436 1288
f 1288 1436 1654
f 1572 1525 1437
f 1655 69 1572
f 69 1525 1572
f 69 67 1525
f 69 253 67
f 255 253 69
f 255 435 253
f 437 435 255
f 437 631 435
f 633 631 437
f 633 845 631
f 847 845 633
f 847 1075 845
f 1077 1075 847
f 1438 1075 1375
f 1075 1311 1375
f 1075 1077 1311
f 1311 1656 1375
f 1572 1437 1527
f 1437 1657 1527
f 1437 1439 1657
f 1655 1572 1527
f 1375 1309 1438
f 1375 1656 1309
f 1656 1440 1309
f 1656 1658 1440
f 1350 1301 1441
f 1439 1301 1350
f 1659 1439 1350
f 1657 1439 1659
f 1658 1541 1599
f 1442 1658 1599
f 1440 1658 1442
f 1541 1660 1599
f 1443 1354 1441
f 1441 1354 1350
f 1659 1350 1354
f 1659 1354 1661
f 1442 1599 1542
f 1662 1442 1542
f 1444 1442 1662
f 1599 1660 1542
f 1302 1354 1443
f 1661 1354 1302
f 1445 1661 1302
f 1663 1661 1445
f 1444 1664 1446
f 1662 1664 1444
f 1528 1663 1586
f 1663 1447 1586
f 1663 1445 1447
f 1665 1528 1586
f 1446 1666 1448
f 1664 1666 1446
f 1526 1586 1447
f 1665 1586 1526
f 1449 1665 1526
f 1667 1665 1449
f 1448 1668 1450
f 1666 1668 1448
f 1449 68 1667
f 1667 68 70
f 1669 70 68
f 1669 68 1451
f 1310 1389 1452
f 1310 1450 1389
f 1450 1670 1389
f 1450 1668 1670
f 1451 254 1669
f 1669 254 256
f 436 256 254
f 436 438 256
f 632 438 436
f 632 634 438
f 846 634 632
f 846 848 634
f 1076 848 846
f 1076 1078 848
f 1389 1312 1452
f 1312 1076 1452
f 1312 1078 1076
f 1389 1670 1312
f 292 269 1453
f 292 1454 269
f 112 83 1455
f 83 112 1453
f 112 292 1453
f 112 294 292
f 1454 292 451
f 292 484 451
f 292 294 484
f 682 647 484
f 484 647 451
f 906 861 682
f 682 861 647
f 906 1456 861
f 1457 114 1455
f 1455 114 112
f 296 112 114
f 294 112 296
f 486 294 296
f 484 294 486
f 684 484 486
f 682 484 684
f 908 682 684
f 906 682 908
f 1456 906 1458
f 1458 906 908
f 1459 116 1457
f 1457 116 114
f 298 114 116
f 296 114 298
f 488 296 298
f 486 296 488
f 686 486 488
f 684 486 686
f 910 684 686
f 908 684 910
f 1458 908 1091
f 908 1148 1091
f 908 910 1148
f 1148 1460 1091
f 1461 118 1459
f 1459 118 116
f 300 116 118
f 298 116 300
f 490 298 300
f 488 298 490
f 688 488 490
f 686 488 688
f 912 686 688
f 910 686 912
f 1150 910 912
f 1148 910 1150
f 1460 1148 1462
f 1462 1148 1150
f 1463 120 1461
f 1461 120 118
f 302 118 120
f 300 118 302
f 492 300 302
f 490 300 492
f 690 490 492
f 688 490 690
f 914 688 690
f 912 688 914
f 1092 1150 1464
f 1150 914 1464
f 1150 912 914
f 1462 1150 1092
f 84 120 1463
f 270 302 84
f 84 302 120
f 452 492 270
f 270 492 302
f 1465 692 452
f 692 492 452
f 692 690 492
f 862 914 1466
f 914 692 1466
f 914 690 692
f 1464 914 862
f 648 692 1465
f 1466 692 648
f 650 575 1605
f 864 785 650
f 650 785 575
f 1094 1009 864
f 864 1009 785
f 1094 1606 1009
f 454 381 1607
f 577 650 1605
f 577 1605 381
f 129 577 381
f 454 129 381
f 650 577 787
f 650 787 864
f 864 787 1011
f 864 1011 1094
f 1243 1606 1094
f 1011 1243 1094
f 1245 1243 1011
f 1245 1475 1243
f 1477 1475 1245
f 1477 130 1475
f 1475 130 1608
f 1609 456 1607
f 1607 456 454
f 129 454 456
f 129 456 131
f 9 1608 130
f 9 130 11
f 11 132 9
f 9 132 1610
f 456 1609 383
f 1609 133 383
f 1609 1611 133
f 131 456 383
f 199 1610 132
f 199 132 201
f 1612 199 463
f 199 387 463
f 199 201 387
f 387 134 463
f 384 133 460
f 133 1613 460
f 133 1611 1613
f 135 384 460
f 463 385 1612
f 134 581 663
f 134 663 1614
f 463 134 1614
f 385 463 1614
f 581 136 663
f 382 460 1613
f 578 135 660
f 660 135 1615
f 135 460 1615
f 460 382 1615
f 137 578 660
f 663 579 1614
f 663 136 579
f 136 1616 579
f 136 138 1616
f 576 660 1615
f 660 576 137
f 576 788 137
f 576 786 788
f 1010 788 786
f 1010 1012 788
f 1244 1335 139
f 1012 1244 139
f 1010 1244 1012
f 1617 1335 1244
f 580 667 1618
f 580 1616 667
f 1616 140 667
f 1616 138 140
f 1335 1246 139
f 1617 1476 1335
f 1476 1246 1335
f 1476 1478 1246
f 10 97 141
f 1478 10 141
f 1476 10 1478
f 1619 97 10
f 386 471 1620
f 667 582 1618
f 1618 582 386
f 582 142 386
f 142 471 386
f 667 140 582
f 97 12 141
f 283 143 200
f 200 143 1619
f 143 12 1619
f 12 97 1619
f 471 388 1620
f 1620 388 200
f 388 144 200
f 144 283 200
f 471 142 388
f 283 202 143
f 283 144 202
f 1100 1025 1621
f 145 1261 1100
f 1261 1025 1100
f 1261 1259 1025
f 1261 1491 1259
f 1493 1491 1261
f 1493 25 1491
f 27 25 1493
f 27 215 25
f 217 215 27
f 217 401 215
f 403 401 217
f 403 595 401
f 597 595 403
f 597 811 595
f 813 811 597
f 813 146 811
f 811 146 1622
f 874 797 1623
f 1027 1100 1621
f 1027 1621 797
f 147 1027 797
f 874 147 797
f 145 1100 1027
f 148 1116 1039
f 1622 148 1039
f 146 148 1622
f 1116 1624 1039
f 1625 878 1623
f 1623 878 874
f 147 874 878
f 147 878 149
f 1041 1116 148
f 1041 150 1116
f 150 1624 1116
f 150 1626 1624
f 1627 880 1625
f 1625 880 878
f 149 878 880
f 149 880 151
f 1626 152 1628
f 150 152 1626
f 798 880 1627
f 151 880 798
f 1629 151 798
f 153 151 1629
f 154 1360 1279
f 1628 154 1279
f 152 154 1628
f 1360 1630 1279
f 1629 1026 153
f 153 1026 1028
f 155 1028 1026
f 155 1026 1631
f 156 1364 1360
f 156 1360 154
f 1630 1360 1632
f 1632 1360 1364
f 1631 1260 155
f 155 1260 1262
f 157 1262 1260
f 157 1260 1633
f 1281 1364 156
f 1281 158 1364
f 158 1632 1364
f 158 1634 1632
f 1569 159 1492
f 159 1633 1492
f 159 157 1633
f 1635 1569 1492
f 1282 160 1372
f 1372 1636 1282
f 1636 158 1282
f 1636 1634 158
f 1569 1494 159
f 1635 26 1569
f 26 1494 1569
f 26 28 1494
f 216 289 161
f 28 216 161
f 26 216 28
f 1637 289 216
f 1638 1280 1372
f 160 1638 1372
f 162 1638 160
f 1636 1372 1280
f 289 218 161
f 1637 402 289
f 402 218 289
f 402 404 218
f 596 404 402
f 596 598 404
f 812 598 596
f 812 814 598
f 1040 814 812
f 1040 1042 814
f 1040 1638 1042
f 1042 1638 162
f 274 231 1639
f 163 419 274
f 419 231 274
f 419 417 231
f 419 611 417
f 613 611 419
f 613 827 611
f 829 827 613
f 829 1055 827
f 1057 1055 829
f 1057 1287 1055
f 1289 1287 1057
f 1640 1287 1577
f 1287 1513 1577
f 1287 1289 1513
f 1513 164 1577
f 165 43 1641
f 1641 43 41
f 233 274 1639
f 41 233 1639
f 43 233 41
f 163 274 233
f 1577 1511 1640
f 164 55 113
f 164 113 1642
f 1577 164 1642
f 1511 1577 1642
f 55 166 113
f 1560 1507 1643
f 1641 1507 1560
f 167 1641 1560
f 165 1641 167
f 113 51 1642
f 113 166 51
f 166 1644 51
f 166 168 1644
f 1645 1562 1643
f 1643 1562 1560
f 167 1560 1562
f 167 1562 169
f 52 117 1646
f 1644 168 52
f 168 299 52
f 299 117 52
f 299 168 241
f 241 170 299
f 1647 1564 1645
f 1645 1564 1562
f 169 1562 1564
f 169 1564 171
f 119 1648 1646
f 119 1646 117
f 172 119 242
f 119 299 242
f 119 117 299
f 299 170 242
f 1508 1564 1647
f 171 1564 1508
f 1649 171 1508
f 173 171 1649
f 119 53 1648
f 119 172 53
f 172 1650 53
f 172 174 1650
f 175 1649 1651
f 175 173 1649
f 54 123 1652
f 54 1650 123
f 1650 176 123
f 1650 174 176
f 44 175 106
f 175 1653 106
f 175 1651 1653
f 177 44 106
f 1512 1595 1654
f 123 56 1652
f 1652 56 1512
f 56 178 1512
f 178 1595 1512
f 123 176 56
f 42 106 1653
f 106 42 177
f 42 234 177
f 42 232 234
f 418 234 232
f 418 420 234
f 612 420 418
f 612 614 420
f 828 614 612
f 828 830 614
f 1056 830 828
f 1056 1058 830
f 1288 1058 1056
f 1288 1290 1058
f 1595 1514 1654
f 1514 1288 1654
f 1514 1290 1288
f 1595 178 1514
f 179 71 1655
f 1655 71 69
f 71 255 69
f 257 255 71
f 257 437 255
f 439 437 257
f 439 633 437
f 635 633 439
f 635 847 633
f 849 847 635
f 849 1077 847
f 1079 1077 849
f 1079 1311 1077
f 1313 1311 1079
f 1313 180 1311
f 1311 180 1656
f 181 1529 1657
f 1657 1529 1527
f 1655 1527 1529
f 1655 1529 179
f 180 1543 1597
f 1658 180 1597
f 1656 180 1658
f 1543 182 1597
f 183 1657 1659
f 183 181 1657
f 1597 1541 1658
f 1597 182 1541
f 182 1660 1541
f 182 184 1660
f 185 1659 1661
f 185 183 1659
f 1542 1601 1662
f 1542 1660 1601
f 1660 186 1601
f 1660 184 186
f 187 1661 1663
f 187 185 1661
f 1662 1601 1544
f 188 1662 1544
f 1664 1662 188
f 1601 186 1544
f 1663 1528 187
f 187 1528 1530
f 189 1530 1528
f 189 1528 1665
f 1664 190 1666
f 188 190 1664
f 191 1665 1667
f 191 189 1665
f 1666 192 1668
f 190 192 1666
f 1667 70 191
f 191 70 72
f 193 72 70
f 193 70 1669
f 1314 194 1390
f 1390 1670 1314
f 1670 192 1314
f 1670 1668 192
f 1669 256 193
f 193 256 258
f 438 258 256
f 438 440 258
f 634 695 195
f 440 634 195
f 438 634 440
f 848 919 695
f 848 695 634
f 1080 196 919
f 848 1080 919
f 1078 1080 848
f 194 1080 1390
f 1080 1312 1390
f 1080 1078 1312
f 1670 1390 1312
f 695 636 195
f 636 695 850
f 850 695 919
f 919 196 850
