# Converted from NanoShaper .vert/.face
v 10.821000 3.946000 -12.242000
v 12.128000 3.946000 -12.242000
v 10.272000 3.946000 -11.742000
v 12.485000 3.946000 -11.742000
v 9.980000 3.946000 -11.242000
v 12.623000 3.946000 -11.242000
v 9.988000 3.946000 -10.742000
v 12.853000 3.946000 -10.742000
v 10.030000 3.946000 -10.242000
v 14.180000 3.946000 -10.242000
v 10.054000 3.946000 -9.742000
v 14.558000 3.946000 -9.742000
v 10.387000 3.946000 -9.242000
v 14.882000 3.946000 -9.242000
v 11.824000 3.946000 -8.742000
v 14.878000 3.946000 -8.742000
v 12.868000 3.946000 -8.242000
v 14.535000 3.946000 -8.242000
v 11.891000 3.946000 1.258000
v 14.391000 3.946000 1.258000
v 11.506000 3.946000 1.758000
v 15.059000 3.946000 1.758000
v 7.894000 3.946000 2.258000
v 8.943000 3.946000 2.258000
v 11.469000 3.946000 2.258000
v 15.269000 3.946000 2.258000
v 6.931000 3.946000 2.758000
v 9.655000 3.946000 2.758000
v 11.787000 3.946000 2.758000
v 15.268000 3.946000 2.758000
v 6.683000 3.946000 3.258000
v 9.840000 3.946000 3.258000
v 12.263000 3.946000 3.258000
v 15.055000 3.946000 3.258000
v 6.382000 3.946000 3.758000
v 9.908000 3.946000 3.758000
v 12.825000 3.946000 3.758000
v 14.370000 3.946000 3.758000
v 6.192000 3.946000 4.258000
v 9.917000 3.946000 4.258000
v 6.184000 3.946000 4.758000
v 9.932000 3.946000 4.758000
v 6.180000 3.946000 5.258000
v 10.106000 3.946000 5.258000
v 6.368000 3.946000 5.758000
v 10.667000 3.946000 5.758000
v 6.949000 3.946000 6.258000
v 11.010000 3.946000 6.258000
v 8.897000 3.946000 6.758000
v 11.082000 3.946000 6.758000
v 9.307000 3.946000 7.258000
v 10.643000 3.946000 7.258000
v 10.784000 7.946000 -12.242000
v 12.348000 7.946000 -12.242000
v 10.331000 7.946000 -11.742000
v 12.544000 7.946000 -11.742000
v 9.990000 7.946000 -11.242000
v 12.489000 7.946000 -11.242000
v 9.968000 7.946000 -10.742000
v 12.416000 7.946000 -10.742000
v 9.964000 7.946000 -10.242000
v 12.087000 7.946000 -10.242000
v 9.975000 7.946000 -9.742000
v 11.837000 7.946000 -9.742000
v 10.007000 7.946000 -9.242000
v 11.533000 7.946000 -9.242000
v 9.756000 7.946000 -8.742000
v 11.347000 7.946000 -8.742000
v 9.359000 7.946000 -8.242000
v 11.418000 7.946000 -8.242000
v 8.994000 7.946000 -7.742000
v 11.418000 7.946000 -7.742000
v 8.641000 7.946000 -7.242000
v 11.440000 7.946000 -7.242000
v 8.263000 7.946000 -6.742000
v 11.419000 7.946000 -6.742000
v 8.090000 7.946000 -6.242000
v 11.400000 7.946000 -6.242000
v 8.027000 7.946000 -5.742000
v 11.510000 7.946000 -5.742000
v 7.819000 7.946000 -5.242000
v 11.637000 7.946000 -5.242000
v 7.300000 7.946000 -4.742000
v 11.888000 7.946000 -4.742000
v 6.699000 7.946000 -4.242000
v 11.928000 7.946000 -4.242000
v 6.208000 7.946000 -3.742000
v 12.043000 7.946000 -3.742000
v 6.034000 7.946000 -3.242000
v 12.261000 7.946000 -3.242000
v 6.051000 7.946000 -2.742000
v 12.646000 7.946000 -2.742000
v 6.268000 7.946000 -2.242000
v 13.158000 7.946000 -2.242000
v 6.721000 7.946000 -1.742000
v 13.653000 7.946000 -1.742000
v 7.273000 7.946000 -1.242000
v 14.012000 7.946000 -1.242000
v 8.360000 7.946000 -0.742000
v 14.234000 7.946000 -0.742000
v 9.548000 7.946000 -0.242000
v 14.257000 7.946000 -0.242000
v 9.976000 7.946000 0.258000
v 14.260000 7.946000 0.258000
v 10.126000 7.946000 0.758000
v 14.072000 7.946000 0.758000
v 10.128000 7.946000 1.258000
v 13.773000 7.946000 1.258000
v 10.076000 7.946000 1.758000
v 13.536000 7.946000 1.758000
v 9.945000 7.946000 2.258000
v 13.218000 7.946000 2.258000
v 9.910000 7.946000 2.758000
v 13.009000 7.946000 2.758000
v 10.018000 7.946000 3.258000
v 12.860000 7.946000 3.258000
v 10.108000 7.946000 3.758000
v 12.695000 7.946000 3.758000
v 10.046000 7.946000 4.258000
v 12.449000 7.946000 4.258000
v 9.791000 7.946000 4.758000
v 12.103000 7.946000 4.758000
v 9.342000 7.946000 5.258000
v 11.974000 7.946000 5.258000
v 8.996000 7.946000 5.758000
v 11.965000 7.946000 5.758000
v 8.955000 7.946000 6.258000
v 11.993000 7.946000 6.258000
v 8.978000 7.946000 6.758000
v 11.979000 7.946000 6.758000
v 9.309000 7.946000 7.258000
v 11.661000 7.946000 7.258000
v 6.446000 3.946000 3.667000
v 6.446000 3.946000 5.868000
v 6.946000 3.946000 2.740000
v 6.946000 3.946000 6.256000
v 7.446000 3.946000 2.364000
v 7.446000 3.946000 6.369000
v 7.946000 3.946000 2.249000
v 7.946000 3.946000 6.358000
v 8.446000 3.946000 2.163000
v 8.446000 3.946000 6.469000
v 8.946000 3.946000 2.259000
v 8.946000 3.946000 6.811000
v 9.446000 3.946000 2.551000
v 9.446000 3.946000 7.355000
v 9.946000 3.946000 4.850000
v 9.946000 3.946000 7.492000
v 10.446000 3.946000 -11.875000
v 10.446000 3.946000 -9.200000
v 10.446000 3.946000 5.589000
v 10.446000 3.946000 7.368000
v 10.946000 3.946000 -12.330000
v 10.946000 3.946000 -9.042000
v 10.946000 3.946000 6.123000
v 10.946000 3.946000 7.032000
v 11.446000 3.946000 -12.477000
v 11.446000 3.946000 -8.974000
v 11.946000 3.946000 -12.363000
v 11.946000 3.946000 -8.655000
v 11.946000 3.946000 1.226000
v 11.946000 3.946000 2.897000
v 12.446000 3.946000 -11.832000
v 12.446000 3.946000 -8.485000
v 12.446000 3.946000 1.110000
v 12.446000 3.946000 3.467000
v 12.946000 3.946000 -10.699000
v 12.946000 3.946000 -8.187000
v 12.946000 3.946000 1.045000
v 12.946000 3.946000 3.806000
v 13.446000 3.946000 -10.634000
v 13.446000 3.946000 -8.044000
v 13.446000 3.946000 1.084000
v 13.446000 3.946000 3.868000
v 13.946000 3.946000 -10.423000
v 13.946000 3.946000 -8.053000
v 13.946000 3.946000 1.150000
v 13.946000 3.946000 3.817000
v 14.446000 3.946000 -9.866000
v 14.446000 3.946000 -8.183000
v 14.446000 3.946000 1.277000
v 14.446000 3.946000 3.732000
v 14.946000 3.946000 1.616000
v 14.946000 3.946000 3.394000
v 6.446000 7.946000 -4.045000
v 6.446000 7.946000 -2.033000
v 6.946000 7.946000 -4.454000
v 6.946000 7.946000 -1.473000
v 7.446000 7.946000 -4.842000
v 7.446000 7.946000 -1.168000
v 7.946000 7.946000 -5.491000
v 7.946000 7.946000 -0.991000
v 8.446000 7.946000 -6.994000
v 8.446000 7.946000 -0.705000
v 8.946000 7.946000 -7.667000
v 8.946000 7.946000 -0.544000
v 9.446000 7.946000 -8.330000
v 9.446000 7.946000 -0.309000
v 9.446000 7.946000 5.173000
v 9.446000 7.946000 7.355000
v 9.946000 7.946000 -9.041000
v 9.946000 7.946000 0.197000
v 9.946000 7.946000 2.256000
v 9.946000 7.946000 2.988000
v 9.946000 7.946000 4.514000
v 9.946000 7.946000 7.522000
v 10.446000 7.946000 -11.837000
v 10.446000 7.946000 7.498000
v 10.946000 7.946000 -12.367000
v 10.946000 7.946000 7.526000
v 11.446000 7.946000 -12.516000
v 11.446000 7.946000 -9.097000
v 11.446000 7.946000 -6.047000
v 11.446000 7.946000 7.403000
v 11.946000 7.946000 -12.431000
v 11.946000 7.946000 -10.034000
v 11.946000 7.946000 -4.111000
v 11.946000 7.946000 6.858000
v 12.446000 7.946000 -12.117000
v 12.446000 7.946000 -10.860000
v 12.446000 7.946000 -2.966000
v 12.446000 7.946000 4.262000
v 12.946000 7.946000 -2.478000
v 12.946000 7.946000 2.952000
v 13.446000 7.946000 -1.995000
v 13.446000 7.946000 1.872000
v 13.946000 7.946000 -1.330000
v 13.946000 7.946000 0.934000
v 11.946000 5.690000 -13.242000
v 11.946000 7.147000 -13.242000
v 12.446000 5.308000 -13.242000
v 12.446000 7.546000 -13.242000
v 12.946000 5.213000 -13.242000
v 12.946000 7.668000 -13.242000
v 13.446000 5.328000 -13.242000
v 13.446000 7.573000 -13.242000
v 13.946000 5.742000 -13.242000
v 13.946000 7.179000 -13.242000
v 9.446000 4.749000 -9.242000
v 9.446000 7.445000 -9.242000
v 9.946000 4.326000 -9.242000
v 9.946000 7.900000 -9.242000
v 10.446000 3.915000 -9.242000
v 10.446000 8.144000 -9.242000
v 10.946000 3.793000 -9.242000
v 10.946000 8.171000 -9.242000
v 11.446000 3.748000 -9.242000
v 11.446000 8.002000 -9.242000
v 11.946000 3.644000 -9.242000
v 11.946000 7.721000 -9.242000
v 12.446000 3.548000 -9.242000
v 12.446000 7.433000 -9.242000
v 12.946000 3.577000 -9.242000
v 12.946000 7.235000 -9.242000
v 13.446000 3.544000 -9.242000
v 13.446000 6.998000 -9.242000
v 13.946000 3.586000 -9.242000
v 13.946000 6.874000 -9.242000
v 14.446000 3.685000 -9.242000
v 14.446000 6.773000 -9.242000
v 14.946000 4.006000 -9.242000
v 14.946000 6.453000 -9.242000
v 7.446000 5.203000 -5.242000
v 7.446000 6.995000 -5.242000
v 7.946000 4.804000 -5.242000
v 7.946000 8.440000 -5.242000
v 8.446000 4.610000 -5.242000
v 8.446000 9.461000 -5.242000
v 8.946000 4.520000 -5.242000
v 8.946000 9.655000 -5.242000
v 9.446000 4.534000 -5.242000
v 9.446000 9.585000 -5.242000
v 9.946000 4.637000 -5.242000
v 9.946000 9.295000 -5.242000
v 10.446000 4.883000 -5.242000
v 10.446000 8.907000 -5.242000
v 10.946000 5.022000 -5.242000
v 10.946000 8.482000 -5.242000
v 11.446000 5.073000 -5.242000
v 11.446000 8.061000 -5.242000
v 11.946000 5.164000 -5.242000
v 11.946000 7.790000 -5.242000
v 12.446000 5.487000 -5.242000
v 12.446000 7.434000 -5.242000
v 7.446000 7.513000 -1.242000
v 7.446000 8.386000 -1.242000
v 7.946000 7.187000 -1.242000
v 7.946000 9.122000 -1.242000
v 8.446000 6.629000 -1.242000
v 8.446000 9.531000 -1.242000
v 8.946000 5.812000 -1.242000
v 8.946000 9.632000 -1.242000
v 9.446000 5.383000 -1.242000
v 9.446000 9.734000 -1.242000
v 9.946000 5.235000 -1.242000
v 9.946000 10.019000 -1.242000
v 10.446000 5.155000 -1.242000
v 10.446000 10.130000 -1.242000
v 10.946000 5.220000 -1.242000
v 10.946000 10.031000 -1.242000
v 11.446000 5.417000 -1.242000
v 11.446000 9.890000 -1.242000
v 11.946000 5.596000 -1.242000
v 11.946000 9.825000 -1.242000
v 12.446000 5.965000 -1.242000
v 12.446000 9.713000 -1.242000
v 12.946000 6.246000 -1.242000
v 12.946000 9.374000 -1.242000
v 13.446000 6.408000 -1.242000
v 13.446000 8.959000 -1.242000
v 13.946000 6.857000 -1.242000
v 13.946000 8.083000 -1.242000
v 6.946000 3.920000 2.758000
v 6.946000 5.581000 2.758000
v 7.446000 3.449000 2.758000
v 7.446000 6.056000 2.758000
v 7.946000 3.308000 2.758000
v 7.946000 6.182000 2.758000
v 8.446000 3.205000 2.758000
v 8.446000 6.214000 2.758000
v 8.946000 3.312000 2.758000
v 8.946000 6.384000 2.758000
v 9.446000 3.717000 2.758000
v 9.446000 7.056000 2.758000
v 9.946000 4.212000 2.758000
v 9.946000 8.004000 2.758000
v 10.446000 4.452000 2.758000
v 10.446000 8.940000 2.758000
v 10.946000 4.414000 2.758000
v 10.946000 9.281000 2.758000
v 11.446000 4.145000 2.758000
v 11.446000 9.378000 2.758000
v 11.946000 3.850000 2.758000
v 11.946000 9.288000 2.758000
v 12.446000 3.426000 2.758000
v 12.446000 8.987000 2.758000
v 12.946000 3.123000 2.758000
v 12.946000 8.118000 2.758000
v 13.446000 3.048000 2.758000
v 13.446000 6.973000 2.758000
v 13.946000 3.056000 2.758000
v 13.946000 6.422000 2.758000
v 14.446000 3.137000 2.758000
v 14.446000 5.853000 2.758000
v 14.946000 3.452000 2.758000
v 14.946000 5.414000 2.758000
v 8.446000 4.451000 6.758000
v 8.446000 7.427000 6.758000
v 8.946000 3.912000 6.758000
v 8.946000 7.912000 6.758000
v 9.446000 3.638000 6.758000
v 9.446000 8.254000 6.758000
v 9.946000 3.540000 6.758000
v 9.946000 8.351000 6.758000
v 10.446000 3.631000 6.758000
v 10.446000 8.313000 6.758000
v 10.946000 3.891000 6.758000
v 10.946000 8.366000 6.758000
v 11.446000 4.040000 6.758000
v 11.446000 8.289000 6.758000
v 11.946000 4.141000 6.758000
v 11.946000 7.980000 6.758000
v 12.446000 4.467000 6.758000
v 12.446000 6.943000 6.758000
v 11.165000 4.446000 -12.742000
v 11.784000 4.446000 -12.742000
v 10.235000 4.446000 -12.242000
v 13.091000 4.446000 -12.242000
v 9.774000 4.446000 -11.742000
v 13.640000 4.446000 -11.742000
v 9.497000 4.446000 -11.242000
v 13.921000 4.446000 -11.242000
v 9.489000 4.446000 -10.742000
v 14.167000 4.446000 -10.742000
v 9.476000 4.446000 -10.242000
v 14.570000 4.446000 -10.242000
v 9.483000 4.446000 -9.742000
v 15.028000 4.446000 -9.742000
v 9.780000 4.446000 -9.242000
v 15.239000 4.446000 -9.242000
v 10.303000 4.446000 -8.742000
v 15.236000 4.446000 -8.742000
v 12.084000 4.446000 -8.242000
v 15.018000 4.446000 -8.242000
v 12.796000 4.446000 -7.742000
v 14.290000 4.446000 -7.742000
v 9.060000 4.446000 -4.242000
v 10.520000 4.446000 -4.242000
v 8.898000 4.446000 -3.742000
v 10.825000 4.446000 -3.742000
v 8.982000 4.446000 -3.242000
v 10.810000 4.446000 -3.242000
v 9.338000 4.446000 -2.742000
v 10.455000 4.446000 -2.742000
v 11.683000 4.446000 0.758000
v 13.698000 4.446000 0.758000
v 11.193000 4.446000 1.258000
v 14.631000 4.446000 1.258000
v 10.878000 4.446000 1.758000
v 15.164000 4.446000 1.758000
v 7.423000 4.446000 2.258000
v 9.231000 4.446000 2.258000
v 10.619000 4.446000 2.258000
v 15.358000 4.446000 2.258000
v 6.798000 4.446000 2.758000
v 10.416000 4.446000 2.758000
v 10.814000 4.446000 2.758000
v 15.356000 4.446000 2.758000
v 6.572000 4.446000 3.258000
v 10.438000 4.446000 3.258000
v 11.699000 4.446000 3.258000
v 15.160000 4.446000 3.258000
v 6.288000 4.446000 3.758000
v 10.386000 4.446000 3.758000
v 12.417000 4.446000 3.758000
v 14.603000 4.446000 3.758000
v 6.111000 4.446000 4.258000
v 10.289000 4.446000 4.258000
v 6.100000 4.446000 4.758000
v 10.350000 4.446000 4.758000
v 6.093000 4.446000 5.258000
v 10.669000 4.446000 5.258000
v 6.267000 4.446000 5.758000
v 12.062000 4.446000 5.758000
v 6.761000 4.446000 6.258000
v 12.369000 4.446000 6.258000
v 8.448000 4.446000 6.758000
v 12.425000 4.446000 6.758000
v 8.889000 4.446000 7.258000
v 12.405000 4.446000 7.258000
v 9.510000 4.446000 7.758000
v 12.057000 4.446000 7.758000
v 8.926000 8.446000 -7.242000
v 10.659000 8.446000 -7.242000
v 8.365000 8.446000 -6.742000
v 10.920000 8.446000 -6.742000
v 8.178000 8.446000 -6.242000
v 10.966000 8.446000 -6.242000
v 8.131000 8.446000 -5.742000
v 10.970000 8.446000 -5.742000
v 7.948000 8.446000 -5.242000
v 10.979000 8.446000 -5.242000
v 7.453000 8.446000 -4.742000
v 11.140000 8.446000 -4.742000
v 6.851000 8.446000 -4.242000
v 11.391000 8.446000 -4.242000
v 6.330000 8.446000 -3.742000
v 11.608000 8.446000 -3.742000
v 6.138000 8.446000 -3.242000
v 11.998000 8.446000 -3.242000
v 6.157000 8.446000 -2.742000
v 12.511000 8.446000 -2.742000
v 6.396000 8.446000 -2.242000
v 13.019000 8.446000 -2.242000
v 6.834000 8.446000 -1.742000
v 13.559000 8.446000 -1.742000
v 7.492000 8.446000 -1.242000
v 13.775000 8.446000 -1.242000
v 8.250000 8.446000 -0.742000
v 13.909000 8.446000 -0.742000
v 9.895000 8.446000 -0.242000
v 13.952000 8.446000 -0.242000
v 10.326000 8.446000 0.258000
v 13.987000 8.446000 0.258000
v 10.468000 8.446000 0.758000
v 13.878000 8.446000 0.758000
v 10.460000 8.446000 1.258000
v 13.641000 8.446000 1.258000
v 10.346000 8.446000 1.758000
v 13.301000 8.446000 1.758000
v 10.192000 8.446000 2.258000
v 13.061000 8.446000 2.258000
v 10.148000 8.446000 2.758000
v 12.827000 8.446000 2.758000
v 10.158000 8.446000 3.258000
v 12.752000 8.446000 3.258000
v 10.331000 8.446000 3.758000
v 12.530000 8.446000 3.758000
v 10.582000 8.446000 4.258000
v 11.987000 8.446000 4.258000
v 6.446000 4.446000 3.519000
v 6.446000 4.446000 6.001000
v 6.946000 4.446000 2.579000
v 6.946000 4.446000 6.350000
v 7.446000 4.446000 2.249000
v 7.446000 4.446000 6.455000
v 7.946000 4.446000 2.152000
v 7.946000 4.446000 6.520000
v 8.446000 4.446000 2.089000
v 8.446000 4.446000 6.756000
v 8.946000 4.446000 -4.098000
v 8.946000 4.446000 -3.373000
v 8.946000 4.446000 2.168000
v 8.946000 4.446000 7.330000
v 9.446000 4.446000 -4.537000
v 9.446000 4.446000 -2.674000
v 9.446000 4.446000 2.320000
v 9.446000 4.446000 7.726000
v 9.946000 4.446000 -11.909000
v 9.946000 4.446000 -9.105000
v 9.946000 4.446000 -4.548000
v 9.946000 4.446000 -2.523000
v 9.946000 4.446000 2.463000
v 9.946000 4.446000 7.865000
v 10.446000 4.446000 -12.400000
v 10.446000 4.446000 -8.637000
v 10.446000 4.446000 -4.300000
v 10.446000 4.446000 -2.735000
v 10.446000 4.446000 4.971000
v 10.446000 4.446000 7.944000
v 10.946000 4.446000 -12.668000
v 10.946000 4.446000 -8.487000
v 10.946000 4.446000 1.625000
v 10.946000 4.446000 2.879000
v 10.946000 4.446000 5.446000
v 10.946000 4.446000 7.965000
v 11.446000 4.446000 -12.778000
v 11.446000 4.446000 -8.463000
v 11.446000 4.446000 1.041000
v 11.446000 4.446000 3.137000
v 11.446000 4.446000 5.561000
v 11.446000 4.446000 7.960000
v 11.946000 4.446000 -12.696000
v 11.946000 4.446000 -8.291000
v 11.946000 4.446000 0.569000
v 11.946000 4.446000 3.414000
v 11.946000 4.446000 5.669000
v 11.946000 4.446000 7.831000
v 12.446000 4.446000 -12.516000
v 12.446000 4.446000 -8.043000
v 12.446000 4.446000 0.460000
v 12.446000 4.446000 3.780000
v 12.946000 4.446000 -12.342000
v 12.946000 4.446000 -7.635000
v 12.946000 4.446000 0.602000
v 12.946000 4.446000 4.017000
v 13.446000 4.446000 -11.906000
v 13.446000 4.446000 -7.502000
v 13.446000 4.446000 0.728000
v 13.446000 4.446000 3.985000
v 13.946000 4.446000 -11.165000
v 13.946000 4.446000 -7.624000
v 13.946000 4.446000 0.827000
v 13.946000 4.446000 3.910000
v 14.446000 4.446000 -10.407000
v 14.446000 4.446000 -7.796000
v 14.446000 4.446000 1.133000
v 14.446000 4.446000 3.825000
v 14.946000 4.446000 -9.848000
v 14.946000 4.446000 -8.151000
v 14.946000 4.446000 1.491000
v 14.946000 4.446000 3.518000
v 6.446000 8.446000 -3.895000
v 6.446000 8.446000 -2.182000
v 6.946000 8.446000 -4.336000
v 6.946000 8.446000 -1.603000
v 7.446000 8.446000 -4.737000
v 7.446000 8.446000 -1.264000
v 7.946000 8.446000 -5.237000
v 7.946000 8.446000 -0.960000
v 8.446000 8.446000 -6.855000
v 8.446000 8.446000 -0.653000
v 8.946000 8.446000 -7.253000
v 8.946000 8.446000 -0.553000
v 9.446000 8.446000 -7.477000
v 9.446000 8.446000 -0.462000
v 9.946000 8.446000 -7.624000
v 9.946000 8.446000 -0.207000
v 10.446000 8.446000 -7.485000
v 10.446000 8.446000 0.650000
v 10.446000 8.446000 1.319000
v 10.446000 8.446000 4.015000
v 10.946000 8.446000 -6.634000
v 10.946000 8.446000 4.691000
v 11.446000 8.446000 -4.053000
v 11.446000 8.446000 4.609000
v 11.946000 8.446000 -3.304000
v 11.946000 8.446000 4.287000
v 12.446000 8.446000 -2.820000
v 12.446000 8.446000 3.864000
v 12.946000 8.446000 -2.317000
v 12.946000 8.446000 2.450000
v 13.446000 8.446000 -1.884000
v 13.446000 8.446000 1.530000
v 13.946000 8.446000 -0.525000
v 13.946000 8.446000 0.528000
v 10.446000 4.993000 -12.742000
v 10.446000 5.806000 -12.742000
v 10.946000 4.664000 -12.742000
v 10.946000 7.397000 -12.742000
v 11.446000 4.352000 -12.742000
v 11.446000 7.646000 -12.742000
v 11.946000 4.550000 -12.742000
v 11.946000 7.708000 -12.742000
v 12.446000 4.701000 -12.742000
v 12.446000 7.780000 -12.742000
v 12.946000 4.719000 -12.742000
v 12.946000 7.845000 -12.742000
v 13.446000 4.811000 -12.742000
v 13.446000 7.762000 -12.742000
v 13.946000 5.204000 -12.742000
v 13.946000 7.448000 -12.742000
v 8.946000 5.706000 -8.742000
v 8.946000 7.091000 -8.742000
v 9.446000 5.034000 -8.742000
v 9.446000 7.639000 -8.742000
v 9.946000 4.675000 -8.742000
v 9.946000 8.063000 -8.742000
v 10.446000 4.361000 -8.742000
v 10.446000 8.201000 -8.742000
v 10.946000 4.230000 -8.742000
v 10.946000 8.146000 -8.742000
v 11.446000 4.153000 -8.742000
v 11.446000 7.870000 -8.742000
v 11.946000 3.876000 -8.742000
v 11.946000 7.575000 -8.742000
v 12.446000 3.753000 -8.742000
v 12.446000 7.329000 -8.742000
v 12.946000 3.686000 -8.742000
v 12.946000 7.192000 -8.742000
v 13.446000 3.609000 -8.742000
v 13.446000 6.947000 -8.742000
v 13.946000 3.602000 -8.742000
v 13.946000 6.856000 -8.742000
v 14.446000 3.687000 -8.742000
v 14.446000 6.770000 -8.742000
v 14.946000 4.010000 -8.742000
v 14.946000 6.450000 -8.742000
v 7.446000 4.922000 -4.742000
v 7.446000 8.435000 -4.742000
v 7.946000 4.607000 -4.742000
v 7.946000 9.618000 -4.742000
v 8.446000 4.524000 -4.742000
v 8.446000 10.014000 -4.742000
v 8.946000 4.514000 -4.742000
v 8.946000 10.105000 -4.742000
v 9.446000 4.488000 -4.742000
v 9.446000 9.972000 -4.742000
v 9.946000 4.526000 -4.742000
v 9.946000 9.539000 -4.742000
v 10.446000 4.699000 -4.742000
v 10.446000 9.096000 -4.742000
v 10.946000 4.954000 -4.742000
v 10.946000 8.653000 -4.742000
v 11.446000 5.082000 -4.742000
v 11.446000 8.231000 -4.742000
v 11.946000 5.215000 -4.742000
v 11.946000 7.891000 -4.742000
v 12.446000 5.570000 -4.742000
v 12.446000 7.417000 -4.742000
v 8.446000 7.627000 -0.742000
v 8.446000 8.910000 -0.742000
v 8.946000 6.207000 -0.742000
v 8.946000 9.110000 -0.742000
v 9.446000 5.813000 -0.742000
v 9.446000 9.175000 -0.742000
v 9.946000 5.565000 -0.742000
v 9.946000 9.409000 -0.742000
v 10.446000 5.346000 -0.742000
v 10.446000 9.667000 -0.742000
v 10.946000 5.203000 -0.742000
v 10.946000 9.766000 -0.742000
v 11.446000 5.202000 -0.742000
v 11.446000 9.806000 -0.742000
v 11.946000 5.250000 -0.742000
v 11.946000 9.827000 -0.742000
v 12.446000 5.347000 -0.742000
v 12.446000 9.743000 -0.742000
v 12.946000 5.749000 -0.742000
v 12.946000 9.523000 -0.742000
v 13.446000 6.155000 -0.742000
v 13.446000 9.082000 -0.742000
v 13.946000 6.521000 -0.742000
v 13.946000 8.408000 -0.742000
v 6.946000 3.554000 3.258000
v 6.946000 5.906000 3.258000
v 7.446000 3.212000 3.258000
v 7.446000 6.265000 3.258000
v 7.946000 3.102000 3.258000
v 7.946000 6.374000 3.258000
v 8.446000 3.019000 3.258000
v 8.446000 6.391000 3.258000
v 8.946000 3.110000 3.258000
v 8.946000 6.529000 3.258000
v 9.446000 3.441000 3.258000
v 9.446000 7.078000 3.258000
v 9.946000 4.081000 3.258000
v 9.946000 7.783000 3.258000
v 10.446000 4.451000 3.258000
v 10.446000 8.926000 3.258000
v 10.946000 4.632000 3.258000
v 10.946000 9.271000 3.258000
v 11.446000 4.542000 3.258000
v 11.446000 9.369000 3.258000
v 11.946000 4.284000 3.258000
v 11.946000 9.278000 3.258000
v 12.446000 3.684000 3.258000
v 12.446000 8.947000 3.258000
v 12.946000 3.309000 3.258000
v 12.946000 7.663000 3.258000
v 13.446000 3.222000 3.258000
v 13.446000 6.604000 3.258000
v 13.946000 3.253000 3.258000
v 13.946000 6.102000 3.258000
v 14.446000 3.349000 3.258000
v 14.446000 5.582000 3.258000
v 14.946000 3.755000 3.258000
v 14.946000 5.111000 3.258000
v 8.446000 5.720000 7.258000
v 8.446000 7.126000 7.258000
v 8.946000 4.334000 7.258000
v 8.946000 7.600000 7.258000
v 9.446000 3.866000 7.258000
v 9.446000 8.024000 7.258000
v 9.946000 3.749000 7.258000
v 9.946000 8.140000 7.258000
v 10.446000 3.858000 7.258000
v 10.446000 8.113000 7.258000
v 10.946000 4.031000 7.258000
v 10.946000 8.158000 7.258000
v 11.446000 4.066000 7.258000
v 11.446000 8.066000 7.258000
v 11.946000 4.156000 7.258000
v 11.946000 7.665000 7.258000
v 12.446000 4.487000 7.258000
v 12.446000 6.881000 7.258000
v 10.488000 4.946000 -12.742000
v 13.687000 4.946000 -12.742000
v 9.836000 4.946000 -12.242000
v 13.979000 4.946000 -12.242000
v 9.354000 4.946000 -11.742000
v 14.094000 4.946000 -11.742000
v 9.162000 4.946000 -11.242000
v 14.252000 4.946000 -11.242000
v 9.168000 4.946000 -10.742000
v 14.503000 4.946000 -10.742000
v 9.143000 4.946000 -10.242000
v 14.777000 4.946000 -10.242000
v 9.129000 4.946000 -9.742000
v 15.154000 4.946000 -9.742000
v 9.311000 4.946000 -9.242000
v 15.346000 4.946000 -9.242000
v 9.536000 4.946000 -8.742000
v 15.343000 4.946000 -8.742000
v 9.807000 4.946000 -8.242000
v 15.144000 4.946000 -8.242000
v 12.218000 4.946000 -7.742000
v 14.611000 4.946000 -7.742000
v 12.786000 4.946000 -7.242000
v 13.864000 4.946000 -7.242000
v 8.219000 4.946000 -5.742000
v 10.171000 4.946000 -5.742000
v 7.699000 4.946000 -5.242000
v 10.643000 4.946000 -5.242000
v 7.422000 4.946000 -4.742000
v 10.927000 4.946000 -4.742000
v 7.435000 4.946000 -4.242000
v 11.200000 4.946000 -4.242000
v 7.755000 4.946000 -3.742000
v 11.357000 4.946000 -3.742000
v 8.237000 4.946000 -3.242000
v 11.371000 4.946000 -3.242000
v 8.473000 4.946000 -2.742000
v 11.087000 4.946000 -2.742000
v 8.792000 4.946000 -2.242000
v 10.901000 4.946000 -2.242000
v 9.356000 4.946000 -1.742000
v 10.599000 4.946000 -1.742000
v 11.191000 4.946000 0.258000
v 12.999000 4.946000 0.258000
v 10.989000 4.946000 0.758000
v 14.047000 4.946000 0.758000
v 10.771000 4.946000 1.258000
v 14.643000 4.946000 1.258000
v 10.493000 4.946000 1.758000
v 15.047000 4.946000 1.758000
v 7.327000 4.946000 2.258000
v 9.255000 4.946000 2.258000
v 9.889000 4.946000 2.258000
v 15.258000 4.946000 2.258000
v 6.791000 4.946000 2.758000
v 15.257000 4.946000 2.758000
v 6.594000 4.946000 3.258000
v 15.042000 4.946000 3.258000
v 6.403000 4.946000 3.758000
v 14.334000 4.946000 3.758000
v 6.217000 4.946000 4.258000
v 10.989000 4.946000 4.258000
v 6.202000 4.946000 4.758000
v 11.236000 4.946000 4.758000
v 6.192000 4.946000 5.258000
v 12.316000 4.946000 5.258000
v 6.382000 4.946000 5.758000
v 12.570000 4.946000 5.758000
v 6.980000 4.946000 6.258000
v 12.736000 4.946000 6.258000
v 8.249000 4.946000 6.758000
v 12.756000 4.946000 6.758000
v 8.739000 4.946000 7.258000
v 12.737000 4.946000 7.258000
v 9.002000 4.946000 7.758000
v 12.511000 4.946000 7.758000
v 9.379000 4.946000 8.258000
v 12.121000 4.946000 8.258000
v 8.772000 8.946000 -6.742000
v 10.178000 8.946000 -6.742000
v 8.502000 8.946000 -6.242000
v 10.447000 8.946000 -6.242000
v 8.377000 8.946000 -5.742000
v 10.424000 8.946000 -5.742000
v 8.104000 8.946000 -5.242000
v 10.396000 8.946000 -5.242000
v 7.685000 8.946000 -4.742000
v 10.643000 8.946000 -4.742000
v 7.257000 8.946000 -4.242000
v 10.929000 8.946000 -4.242000
v 6.780000 8.946000 -3.742000
v 11.148000 8.946000 -3.742000
v 6.491000 8.946000 -3.242000
v 11.567000 8.946000 -3.242000
v 6.516000 8.946000 -2.742000
v 12.091000 8.946000 -2.742000
v 6.866000 8.946000 -2.242000
v 12.615000 8.946000 -2.242000
v 7.272000 8.946000 -1.742000
v 13.157000 8.946000 -1.742000
v 7.833000 8.946000 -1.242000
v 13.458000 8.946000 -1.242000
v 8.484000 8.946000 -0.742000
v 13.544000 8.946000 -0.742000
v 10.474000 8.946000 -0.242000
v 13.676000 8.946000 -0.242000
v 10.806000 8.946000 0.258000
v 13.774000 8.946000 0.258000
v 10.937000 8.946000 0.758000
v 13.755000 8.946000 0.758000
v 10.951000 8.946000 1.258000
v 13.518000 8.946000 1.258000
v 10.821000 8.946000 1.758000
v 13.027000 8.946000 1.758000
v 10.553000 8.946000 2.258000
v 12.664000 8.946000 2.258000
v 10.452000 8.946000 2.758000
v 12.489000 8.946000 2.758000
v 10.464000 8.946000 3.258000
v 12.446000 8.946000 3.258000
v 10.780000 8.946000 3.758000
v 12.130000 8.946000 3.758000
v 6.446000 4.946000 3.665000
v 6.446000 4.946000 5.848000
v 6.946000 4.946000 2.553000
v 6.946000 4.946000 6.243000
v 7.446000 4.946000 -4.829000
v 7.446000 4.946000 -4.207000
v 7.446000 4.946000 2.203000
v 7.446000 4.946000 6.390000
v 7.946000 4.946000 -5.441000
v 7.946000 4.946000 -3.588000
v 7.946000 4.946000 2.097000
v 7.946000 4.946000 6.569000
v 8.446000 4.946000 -5.911000
v 8.446000 4.946000 -2.845000
v 8.446000 4.946000 2.153000
v 8.446000 4.946000 6.916000
v 8.946000 4.946000 -6.062000
v 8.946000 4.946000 -2.133000
v 8.946000 4.946000 2.219000
v 8.946000 4.946000 7.656000
v 9.446000 4.946000 -11.866000
v 9.446000 4.946000 -8.965000
v 9.446000 4.946000 -6.083000
v 9.446000 4.946000 -1.680000
v 9.446000 4.946000 2.288000
v 9.446000 4.946000 8.308000
v 9.946000 4.946000 -12.372000
v 9.946000 4.946000 -8.108000
v 9.946000 4.946000 -5.954000
v 9.946000 4.946000 -1.534000
v 9.946000 4.946000 2.242000
v 9.946000 4.946000 8.475000
v 10.446000 4.946000 -12.726000
v 10.446000 4.946000 -7.938000
v 10.446000 4.946000 -5.469000
v 10.446000 4.946000 -1.632000
v 10.446000 4.946000 1.827000
v 10.446000 4.946000 8.455000
v 10.946000 4.946000 -12.825000
v 10.946000 4.946000 -7.949000
v 10.946000 4.946000 -4.713000
v 10.946000 4.946000 -2.429000
v 10.946000 4.946000 0.889000
v 10.946000 4.946000 8.449000
v 11.446000 4.946000 -12.865000
v 11.446000 4.946000 -7.954000
v 11.446000 4.946000 -0.008000
v 11.446000 4.946000 3.966000
v 11.446000 4.946000 4.805000
v 11.446000 4.946000 8.521000
v 11.946000 4.946000 -12.922000
v 11.946000 4.946000 -7.883000
v 11.946000 4.946000 -0.075000
v 11.946000 4.946000 4.211000
v 11.946000 4.946000 4.895000
v 11.946000 4.946000 8.385000
v 12.446000 4.946000 -12.952000
v 12.446000 4.946000 -7.523000
v 12.446000 4.946000 -0.011000
v 12.446000 4.946000 4.210000
v 12.446000 4.946000 5.489000
v 12.446000 4.946000 7.857000
v 12.946000 4.946000 -13.018000
v 12.946000 4.946000 -7.191000
v 12.946000 4.946000 0.227000
v 12.946000 4.946000 4.108000
v 13.446000 4.946000 -12.911000
v 13.446000 4.946000 -7.166000
v 13.446000 4.946000 0.500000
v 13.446000 4.946000 4.002000
v 13.946000 4.946000 -12.352000
v 13.946000 4.946000 -7.273000
v 13.946000 4.946000 0.713000
v 13.946000 4.946000 3.858000
v 14.446000 4.946000 -10.825000
v 14.446000 4.946000 -7.617000
v 14.446000 4.946000 1.027000
v 14.446000 4.946000 3.721000
v 14.946000 4.946000 -10.009000
v 14.946000 4.946000 -7.999000
v 14.946000 4.946000 1.630000
v 14.946000 4.946000 3.378000
v 6.946000 8.946000 -3.877000
v 6.946000 8.946000 -2.152000
v 7.446000 8.946000 -4.473000
v 7.446000 8.946000 -1.613000
v 7.946000 8.946000 -5.030000
v 7.946000 8.946000 -1.109000
v 8.446000 8.946000 -5.952000
v 8.446000 8.946000 -0.757000
v 8.946000 8.946000 -6.881000
v 8.946000 8.946000 -0.665000
v 9.446000 8.946000 -7.033000
v 9.446000 8.946000 -0.629000
v 9.946000 8.946000 -6.915000
v 9.946000 8.946000 -0.559000
v 10.446000 8.946000 -6.251000
v 10.446000 8.946000 -5.830000
v 10.446000 8.946000 -5.067000
v 10.446000 8.946000 -0.270000
v 10.946000 8.946000 -4.180000
v 10.946000 8.946000 0.899000
v 10.946000 8.946000 1.352000
v 10.946000 8.946000 3.876000
v 11.446000 8.946000 -3.378000
v 11.446000 8.946000 4.011000
v 11.946000 8.946000 -2.861000
v 11.946000 8.946000 3.886000
v 12.446000 8.946000 -2.433000
v 12.446000 8.946000 3.258000
v 12.946000 8.946000 -1.909000
v 12.946000 8.946000 1.857000
v 13.446000 8.946000 -1.287000
v 13.446000 8.946000 1.344000
v 9.946000 4.754000 -12.242000
v 9.946000 6.275000 -12.242000
v 10.446000 4.294000 -12.242000
v 10.446000 7.584000 -12.242000
v 10.946000 3.872000 -12.242000
v 10.946000 8.041000 -12.242000
v 11.446000 3.745000 -12.242000
v 11.446000 8.163000 -12.242000
v 11.946000 3.845000 -12.242000
v 11.946000 8.067000 -12.242000
v 12.446000 4.173000 -12.242000
v 12.446000 7.923000 -12.242000
v 12.946000 4.376000 -12.242000
v 12.946000 7.840000 -12.242000
v 13.446000 4.599000 -12.242000
v 13.446000 7.752000 -12.242000
v 13.946000 4.913000 -12.242000
v 13.946000 7.441000 -12.242000
v 8.946000 5.477000 -8.242000
v 8.946000 7.533000 -8.242000
v 9.446000 5.117000 -8.242000
v 9.446000 8.000000 -8.242000
v 9.946000 4.896000 -8.242000
v 9.946000 8.258000 -8.242000
v 10.446000 4.775000 -8.242000
v 10.446000 8.351000 -8.242000
v 10.946000 4.712000 -8.242000
v 10.946000 8.256000 -8.242000
v 11.446000 4.695000 -8.242000
v 11.446000 7.920000 -8.242000
v 11.946000 4.531000 -8.242000
v 11.946000 7.481000 -8.242000
v 12.446000 4.212000 -8.242000
v 12.446000 7.170000 -8.242000
v 12.946000 3.907000 -8.242000
v 12.946000 6.998000 -8.242000
v 13.446000 3.798000 -8.242000
v 13.446000 6.849000 -8.242000
v 13.946000 3.801000 -8.242000
v 13.946000 6.740000 -8.242000
v 14.446000 3.902000 -8.242000
v 14.446000 6.557000 -8.242000
v 14.946000 4.323000 -8.242000
v 14.946000 6.140000 -8.242000
v 6.946000 6.579000 -4.242000
v 6.946000 8.595000 -4.242000
v 7.446000 4.936000 -4.242000
v 7.446000 9.168000 -4.242000
v 7.946000 4.617000 -4.242000
v 7.946000 9.918000 -4.242000
v 8.446000 4.529000 -4.242000
v 8.446000 10.226000 -4.242000
v 8.946000 4.469000 -4.242000
v 8.946000 10.302000 -4.242000
v 9.446000 4.340000 -4.242000
v 9.446000 10.190000 -4.242000
v 9.946000 4.272000 -4.242000
v 9.946000 9.823000 -4.242000
v 10.446000 4.404000 -4.242000
v 10.446000 9.371000 -4.242000
v 10.946000 4.765000 -4.242000
v 10.946000 8.930000 -4.242000
v 11.446000 5.089000 -4.242000
v 11.446000 8.396000 -4.242000
v 11.946000 5.378000 -4.242000
v 11.946000 7.927000 -4.242000
v 12.446000 5.865000 -4.242000
v 12.446000 7.181000 -4.242000
v 9.446000 6.189000 -0.242000
v 9.446000 7.745000 -0.242000
v 9.946000 5.772000 -0.242000
v 9.946000 8.490000 -0.242000
v 10.446000 5.426000 -0.242000
v 10.446000 8.908000 -0.242000
v 10.946000 5.127000 -0.242000
v 10.946000 9.481000 -0.242000
v 11.446000 5.021000 -0.242000
v 11.446000 9.735000 -0.242000
v 11.946000 5.032000 -0.242000
v 11.946000 9.817000 -0.242000
v 12.446000 5.096000 -0.242000
v 12.446000 9.802000 -0.242000
v 12.946000 5.390000 -0.242000
v 12.946000 9.689000 -0.242000
v 13.446000 5.859000 -0.242000
v 13.446000 9.322000 -0.242000
v 13.946000 6.355000 -0.242000
v 13.946000 8.454000 -0.242000
v 6.446000 3.817000 3.758000
v 6.446000 5.053000 3.758000
v 6.946000 3.333000 3.758000
v 6.946000 6.048000 3.758000
v 7.446000 3.144000 3.758000
v 7.446000 6.464000 3.758000
v 7.946000 3.084000 3.758000
v 7.946000 6.585000 3.758000
v 8.446000 3.026000 3.758000
v 8.446000 6.623000 3.758000
v 8.946000 3.118000 3.758000
v 8.946000 6.832000 3.758000
v 9.446000 3.444000 3.758000
v 9.446000 7.167000 3.758000
v 9.946000 3.981000 3.758000
v 9.946000 7.610000 3.758000
v 10.446000 4.510000 3.758000
v 10.446000 8.610000 3.758000
v 10.946000 4.856000 3.758000
v 10.946000 9.045000 3.758000
v 11.446000 4.877000 3.758000
v 11.446000 9.162000 3.758000
v 11.946000 4.732000 3.758000
v 11.946000 9.054000 3.758000
v 12.446000 4.415000 3.758000
v 12.446000 8.611000 3.758000
v 12.946000 3.861000 3.758000
v 12.946000 6.981000 3.758000
v 13.446000 3.716000 3.758000
v 13.446000 5.902000 3.758000
v 13.946000 3.810000 3.758000
v 13.946000 5.382000 3.758000
v 14.446000 4.018000 3.758000
v 14.446000 4.848000 3.758000
v 8.946000 5.027000 7.758000
v 8.946000 7.369000 7.758000
v 9.446000 4.488000 7.758000
v 9.446000 7.717000 7.758000
v 9.946000 4.310000 7.758000
v 9.946000 7.820000 7.758000
v 10.446000 4.291000 7.758000
v 10.446000 7.814000 7.758000
v 10.946000 4.287000 7.758000
v 10.946000 7.803000 7.758000
v 11.446000 4.279000 7.758000
v 11.446000 7.712000 7.758000
v 11.946000 4.387000 7.758000
v 11.946000 7.374000 7.758000
v 12.446000 4.833000 7.758000
v 12.446000 6.836000 7.758000
v 12.164000 5.446000 -13.242000
v 13.639000 5.446000 -13.242000
v 10.302000 5.446000 -12.742000
v 14.083000 5.446000 -12.742000
v 9.718000 5.446000 -12.242000
v 14.289000 5.446000 -12.242000
v 9.244000 5.446000 -11.742000
v 14.301000 5.446000 -11.742000
v 9.067000 5.446000 -11.242000
v 14.374000 5.446000 -11.242000
v 9.073000 5.446000 -10.742000
v 14.614000 5.446000 -10.742000
v 9.038000 5.446000 -10.242000
v 14.830000 5.446000 -10.242000
v 9.024000 5.446000 -9.742000
v 15.156000 5.446000 -9.742000
v 9.095000 5.446000 -9.242000
v 15.349000 5.446000 -9.242000
v 9.094000 5.446000 -8.742000
v 15.347000 5.446000 -8.742000
v 8.978000 5.446000 -8.242000
v 15.148000 5.446000 -8.242000
v 8.952000 5.446000 -7.742000
v 14.656000 5.446000 -7.742000
v 8.982000 5.446000 -7.242000
v 14.099000 5.446000 -7.242000
v 8.801000 5.446000 -6.742000
v 12.797000 5.446000 -6.742000
v 8.339000 5.446000 -6.242000
v 12.428000 5.446000 -6.242000
v 7.815000 5.446000 -5.742000
v 12.422000 5.446000 -5.742000
v 7.310000 5.446000 -5.242000
v 12.404000 5.446000 -5.242000
v 7.113000 5.446000 -4.742000
v 12.320000 5.446000 -4.742000
v 7.123000 5.446000 -4.242000
v 12.039000 5.446000 -4.242000
v 7.342000 5.446000 -3.742000
v 11.815000 5.446000 -3.742000
v 7.716000 5.446000 -3.242000
v 11.733000 5.446000 -3.242000
v 7.927000 5.446000 -2.742000
v 11.555000 5.446000 -2.742000
v 8.236000 5.446000 -2.242000
v 11.373000 5.446000 -2.242000
v 8.840000 5.446000 -1.742000
v 11.313000 5.446000 -1.742000
v 9.327000 5.446000 -1.242000
v 11.528000 5.446000 -1.242000
v 10.229000 5.446000 -0.742000
v 12.630000 5.446000 -0.742000
v 10.419000 5.446000 -0.242000
v 13.019000 5.446000 -0.242000
v 10.464000 5.446000 0.258000
v 13.508000 5.446000 0.258000
v 10.448000 5.446000 0.758000
v 14.104000 5.446000 0.758000
v 10.360000 5.446000 1.258000
v 14.538000 5.446000 1.258000
v 10.158000 5.446000 1.758000
v 14.771000 5.446000 1.758000
v 7.509000 5.446000 2.258000
v 8.595000 5.446000 2.258000
v 9.713000 5.446000 2.258000
v 14.914000 5.446000 2.258000
v 6.880000 5.446000 2.758000
v 14.912000 5.446000 2.758000
v 6.676000 5.446000 3.258000
v 14.594000 5.446000 3.258000
v 6.638000 5.446000 3.758000
v 13.876000 5.446000 3.758000
v 6.513000 5.446000 4.258000
v 12.915000 5.446000 4.258000
v 6.488000 5.446000 4.758000
v 12.614000 5.446000 4.758000
v 6.530000 5.446000 5.258000
v 12.657000 5.446000 5.258000
v 6.798000 5.446000 5.758000
v 12.744000 5.446000 5.758000
v 7.437000 5.446000 6.258000
v 12.848000 5.446000 6.258000
v 8.168000 5.446000 6.758000
v 12.854000 5.446000 6.758000
v 8.548000 5.446000 7.258000
v 12.828000 5.446000 7.258000
v 8.710000 5.446000 7.758000
v 12.734000 5.446000 7.758000
v 8.921000 5.446000 8.258000
v 12.520000 5.446000 8.258000
v 9.608000 5.446000 8.758000
v 11.841000 5.446000 8.758000
v 8.428000 9.446000 -5.242000
v 9.732000 9.446000 -5.242000
v 7.842000 9.446000 -4.742000
v 10.058000 9.446000 -4.742000
v 7.614000 9.446000 -4.242000
v 10.372000 9.446000 -4.242000
v 7.364000 9.446000 -3.742000
v 10.659000 9.446000 -3.742000
v 7.070000 9.446000 -3.242000
v 11.126000 9.446000 -3.242000
v 7.070000 9.446000 -2.742000
v 11.552000 9.446000 -2.742000
v 7.401000 9.446000 -2.242000
v 12.209000 9.446000 -2.242000
v 7.960000 9.446000 -1.742000
v 12.548000 9.446000 -1.742000
v 8.286000 9.446000 -1.242000
v 12.872000 9.446000 -1.242000
v 9.985000 9.446000 -0.742000
v 13.058000 9.446000 -0.742000
v 10.897000 9.446000 -0.242000
v 13.323000 9.446000 -0.242000
v 11.271000 9.446000 0.258000
v 13.446000 9.446000 0.258000
v 11.537000 9.446000 0.758000
v 13.420000 9.446000 0.758000
v 11.801000 9.446000 1.258000
v 13.060000 9.446000 1.258000
v 6.946000 5.446000 2.668000
v 6.946000 5.446000 5.911000
v 7.446000 5.446000 -5.416000
v 7.446000 5.446000 -3.588000
v 7.446000 5.446000 2.284000
v 7.446000 5.446000 6.263000
v 7.946000 5.446000 -5.890000
v 7.946000 5.446000 -2.680000
v 7.946000 5.446000 2.171000
v 7.946000 5.446000 6.578000
v 8.446000 5.446000 -6.341000
v 8.446000 5.446000 -2.076000
v 8.446000 5.446000 2.228000
v 8.446000 5.446000 7.083000
v 8.946000 5.446000 -7.044000
v 8.946000 5.446000 -1.642000
v 8.946000 5.446000 2.337000
v 8.946000 5.446000 8.291000
v 9.446000 5.446000 -12.007000
v 9.446000 5.446000 -1.159000
v 9.446000 5.446000 2.379000
v 9.446000 5.446000 8.696000
v 9.946000 5.446000 -12.481000
v 9.946000 5.446000 -0.949000
v 9.946000 5.446000 2.049000
v 9.946000 5.446000 8.814000
v 10.446000 5.446000 -12.806000
v 10.446000 5.446000 0.099000
v 10.446000 5.446000 0.772000
v 10.446000 5.446000 8.801000
v 10.946000 5.446000 -12.897000
v 10.946000 5.446000 8.789000
v 11.446000 5.446000 -12.963000
v 11.446000 5.446000 -2.477000
v 11.446000 5.446000 -1.330000
v 11.446000 5.446000 8.822000
v 11.946000 5.446000 -13.147000
v 11.946000 5.446000 -4.089000
v 11.946000 5.446000 -1.033000
v 11.946000 5.446000 8.720000
v 12.446000 5.446000 -13.360000
v 12.446000 5.446000 -6.342000
v 12.446000 5.446000 -0.867000
v 12.446000 5.446000 8.354000
v 12.946000 5.446000 -13.499000
v 12.946000 5.446000 -6.812000
v 12.946000 5.446000 -0.329000
v 12.946000 5.446000 4.232000
v 13.446000 5.446000 -13.377000
v 13.446000 5.446000 -7.001000
v 13.446000 5.446000 0.195000
v 13.446000 5.446000 3.933000
v 13.946000 5.446000 -12.927000
v 13.946000 5.446000 -7.171000
v 13.946000 5.446000 0.620000
v 13.946000 5.446000 3.731000
v 14.446000 5.446000 -11.051000
v 14.446000 5.446000 -7.505000
v 14.446000 5.446000 1.135000
v 14.446000 5.446000 3.393000
v 14.946000 5.446000 -10.033000
v 14.946000 5.446000 -7.994000
v 7.446000 9.446000 -3.873000
v 7.446000 9.446000 -2.209000
v 7.946000 9.446000 -4.869000
v 7.946000 9.446000 -1.766000
v 8.446000 9.446000 -5.254000
v 8.446000 9.446000 -1.128000
v 8.946000 9.446000 -5.542000
v 8.946000 9.446000 -1.001000
v 9.446000 9.446000 -5.563000
v 9.446000 9.446000 -0.932000
v 9.946000 9.446000 -4.877000
v 9.946000 9.446000 -0.758000
v 10.446000 9.446000 -4.051000
v 10.446000 9.446000 -0.570000
v 10.946000 9.446000 -3.421000
v 10.946000 9.446000 -0.185000
v 11.446000 9.446000 -2.846000
v 11.446000 9.446000 0.513000
v 11.946000 9.446000 -2.428000
v 11.946000 9.446000 1.392000
v 12.446000 9.446000 -1.898000
v 12.446000 9.446000 1.478000
v 12.946000 9.446000 -0.967000
v 12.946000 9.446000 1.330000
v 13.446000 9.446000 0.258000
v 13.446000 9.446000 0.661000
v 9.446000 4.782000 -11.742000
v 9.446000 6.611000 -11.742000
v 9.946000 4.277000 -11.742000
v 9.946000 7.537000 -11.742000
v 10.446000 3.845000 -11.742000
v 10.446000 8.014000 -11.742000
v 10.946000 3.638000 -11.742000
v 10.946000 8.243000 -11.742000
v 11.446000 3.532000 -11.742000
v 11.446000 8.346000 -11.742000
v 11.946000 3.616000 -11.742000
v 11.946000 8.262000 -11.742000
v 12.446000 3.920000 -11.742000
v 12.446000 7.994000 -11.742000
v 12.946000 4.158000 -11.742000
v 12.946000 7.818000 -11.742000
v 13.446000 4.337000 -11.742000
v 13.446000 7.718000 -11.742000
v 13.946000 4.733000 -11.742000
v 13.946000 7.407000 -11.742000
v 8.946000 5.452000 -7.742000
v 8.946000 7.890000 -7.742000
v 9.446000 5.143000 -7.742000
v 9.446000 8.253000 -7.742000
v 9.946000 5.029000 -7.742000
v 9.946000 8.396000 -7.742000
v 10.446000 5.022000 -7.742000
v 10.446000 8.393000 -7.742000
v 10.946000 5.088000 -7.742000
v 10.946000 8.259000 -7.742000
v 11.446000 5.127000 -7.742000
v 11.446000 7.918000 -7.742000
v 11.946000 5.083000 -7.742000
v 11.946000 7.297000 -7.742000
v 12.446000 4.759000 -7.742000
v 12.446000 6.875000 -7.742000
v 12.946000 4.364000 -7.742000
v 12.946000 6.678000 -7.742000
v 13.446000 4.249000 -7.742000
v 13.446000 6.650000 -7.742000
v 13.946000 4.307000 -7.742000
v 13.946000 6.532000 -7.742000
v 14.446000 4.586000 -7.742000
v 14.446000 6.094000 -7.742000
v 6.446000 7.198000 -3.742000
v 6.446000 8.638000 -3.742000
v 6.946000 6.402000 -3.742000
v 6.946000 9.059000 -3.742000
v 7.446000 5.261000 -3.742000
v 7.446000 9.517000 -3.742000
v 7.946000 4.838000 -3.742000
v 7.946000 9.929000 -3.742000
v 8.446000 4.622000 -3.742000
v 8.446000 10.227000 -3.742000
v 8.946000 4.422000 -3.742000
v 8.946000 10.304000 -3.742000
v 9.446000 4.163000 -3.742000
v 9.446000 10.206000 -3.742000
v 9.946000 4.089000 -3.742000
v 9.946000 9.993000 -3.742000
v 10.446000 4.202000 -3.742000
v 10.446000 9.636000 -3.742000
v 10.946000 4.571000 -3.742000
v 10.946000 9.176000 -3.742000
v 11.446000 5.027000 -3.742000
v 11.446000 8.603000 -3.742000
v 11.946000 5.650000 -3.742000
v 11.946000 8.101000 -3.742000
v 9.946000 6.037000 0.258000
v 9.946000 7.879000 0.258000
v 10.446000 5.466000 0.258000
v 10.446000 8.543000 0.258000
v 10.946000 5.084000 0.258000
v 10.946000 9.151000 0.258000
v 11.446000 4.833000 0.258000
v 11.446000 9.555000 0.258000
v 11.946000 4.710000 0.258000
v 11.946000 9.756000 0.258000
v 12.446000 4.691000 0.258000
v 12.446000 9.839000 0.258000
v 12.946000 4.908000 0.258000
v 12.946000 9.759000 0.258000
v 13.446000 5.368000 0.258000
v 13.446000 9.446000 0.258000
v 13.946000 6.017000 0.258000
v 13.946000 8.523000 0.258000
v 6.446000 3.511000 4.258000
v 6.446000 5.330000 4.258000
v 6.946000 3.143000 4.258000
v 6.946000 6.335000 4.258000
v 7.446000 3.030000 4.258000
v 7.446000 6.689000 4.258000
v 7.946000 3.066000 4.258000
v 7.946000 6.825000 4.258000
v 8.446000 3.062000 4.258000
v 8.446000 7.024000 4.258000
v 8.946000 3.153000 4.258000
v 8.946000 7.160000 4.258000
v 9.446000 3.471000 4.258000
v 9.446000 7.301000 4.258000
v 9.946000 3.976000 4.258000
v 9.946000 7.789000 4.258000
v 10.446000 4.633000 4.258000
v 10.446000 8.353000 4.258000
v 10.946000 4.934000 4.258000
v 10.946000 8.632000 4.258000
v 11.446000 4.997000 4.258000
v 11.446000 8.691000 4.258000
v 11.946000 4.960000 4.258000
v 11.946000 8.479000 4.258000
v 12.446000 4.988000 4.258000
v 12.446000 7.952000 4.258000
v 12.946000 5.598000 4.258000
v 12.946000 6.110000 4.258000
v 8.946000 5.399000 8.258000
v 8.946000 7.041000 8.258000
v 9.446000 4.909000 8.258000
v 9.446000 7.488000 8.258000
v 9.946000 4.778000 8.258000
v 9.946000 7.600000 8.258000
v 10.446000 4.782000 8.258000
v 10.446000 7.607000 8.258000
v 10.946000 4.773000 8.258000
v 10.946000 7.567000 8.258000
v 11.446000 4.724000 8.258000
v 11.446000 7.470000 8.258000
v 11.946000 4.842000 8.258000
v 11.946000 7.058000 8.258000
v 12.446000 5.299000 8.258000
v 12.446000 6.504000 8.258000
v 12.489000 5.946000 -13.742000
v 13.461000 5.946000 -13.742000
v 11.810000 5.946000 -13.242000
v 14.068000 5.946000 -13.242000
v 10.579000 5.946000 -12.742000
v 14.264000 5.946000 -12.742000
v 9.798000 5.946000 -12.242000
v 14.367000 5.946000 -12.242000
v 9.243000 5.946000 -11.742000
v 14.366000 5.946000 -11.742000
v 9.029000 5.946000 -11.242000
v 14.365000 5.946000 -11.242000
v 9.014000 5.946000 -10.742000
v 14.521000 5.946000 -10.742000
v 9.025000 5.946000 -10.242000
v 14.730000 5.946000 -10.242000
v 9.013000 5.946000 -9.742000
v 15.060000 5.946000 -9.742000
v 9.007000 5.946000 -9.242000
v 15.267000 5.946000 -9.242000
v 8.848000 5.946000 -8.742000
v 15.265000 5.946000 -8.742000
v 8.635000 5.946000 -8.242000
v 15.052000 5.946000 -8.242000
v 8.614000 5.946000 -7.742000
v 14.534000 5.946000 -7.742000
v 8.583000 5.946000 -7.242000
v 13.885000 5.946000 -7.242000
v 8.359000 5.946000 -6.742000
v 13.069000 5.946000 -6.742000
v 8.090000 5.946000 -6.242000
v 12.825000 5.946000 -6.242000
v 7.700000 5.946000 -5.742000
v 12.772000 5.946000 -5.742000
v 7.218000 5.946000 -5.242000
v 12.746000 5.946000 -5.242000
v 7.035000 5.946000 -4.742000
v 12.686000 5.946000 -4.742000
v 7.037000 5.946000 -4.242000
v 12.491000 5.946000 -4.242000
v 7.132000 5.946000 -3.742000
v 12.083000 5.946000 -3.742000
v 7.329000 5.946000 -3.242000
v 11.861000 5.946000 -3.242000
v 7.598000 5.946000 -2.742000
v 11.759000 5.946000 -2.742000
v 7.820000 5.946000 -2.242000
v 11.756000 5.946000 -2.242000
v 8.362000 5.946000 -1.742000
v 11.906000 5.946000 -1.742000
v 8.845000 5.946000 -1.242000
v 12.428000 5.946000 -1.242000
v 9.214000 5.946000 -0.742000
v 13.151000 5.946000 -0.742000
v 9.686000 5.946000 -0.242000
v 13.530000 5.946000 -0.242000
v 10.016000 5.946000 0.258000
v 13.898000 5.946000 0.258000
v 10.104000 5.946000 0.758000
v 14.162000 5.946000 0.758000
v 10.064000 5.946000 1.258000
v 14.344000 5.946000 1.258000
v 9.940000 5.946000 1.758000
v 14.467000 5.946000 1.758000
v 9.546000 5.946000 2.258000
v 14.456000 5.946000 2.258000
v 7.268000 5.946000 2.758000
v 14.349000 5.946000 2.758000
v 6.982000 5.946000 3.258000
v 14.079000 5.946000 3.258000
v 6.874000 5.946000 3.758000
v 13.424000 5.946000 3.758000
v 6.702000 5.946000 4.258000
v 12.960000 5.946000 4.258000
v 6.691000 5.946000 4.758000
v 12.741000 5.946000 4.758000
v 6.889000 5.946000 5.258000
v 12.719000 5.946000 5.258000
v 7.251000 5.946000 5.758000
v 12.831000 5.946000 5.758000
v 7.688000 5.946000 6.258000
v 12.840000 5.946000 6.258000
v 8.033000 5.946000 6.758000
v 12.814000 5.946000 6.758000
v 8.333000 5.946000 7.258000
v 12.823000 5.946000 7.258000
v 8.593000 5.946000 7.758000
v 12.811000 5.946000 7.758000
v 8.803000 5.946000 8.258000
v 12.611000 5.946000 8.258000
v 9.347000 5.946000 8.758000
v 12.044000 5.946000 8.758000
v 8.309000 9.946000 -4.742000
v 9.492000 9.946000 -4.742000
v 7.976000 9.946000 -4.242000
v 9.825000 9.946000 -4.242000
v 7.968000 9.946000 -3.742000
v 10.024000 9.946000 -3.742000
v 8.186000 9.946000 -3.242000
v 10.635000 9.946000 -3.242000
v 8.804000 9.946000 -2.742000
v 11.008000 9.946000 -2.742000
v 8.932000 9.946000 -2.242000
v 11.365000 9.946000 -2.242000
v 9.291000 9.946000 -1.742000
v 11.481000 9.946000 -1.742000
v 9.811000 9.946000 -1.242000
v 11.208000 9.946000 -1.242000
v 6.946000 5.946000 3.476000
v 6.946000 5.946000 5.349000
v 7.446000 5.946000 -5.526000
v 7.446000 5.946000 -3.072000
v 7.446000 5.946000 2.621000
v 7.446000 5.946000 5.964000
v 7.946000 5.946000 -6.021000
v 7.946000 5.946000 -2.089000
v 7.946000 5.946000 2.472000
v 7.946000 5.946000 6.621000
v 8.446000 5.946000 -6.887000
v 8.446000 5.946000 -1.655000
v 8.446000 5.946000 2.481000
v 8.446000 5.946000 7.439000
v 8.946000 5.946000 -8.984000
v 8.946000 5.946000 -1.097000
v 8.946000 5.946000 2.440000
v 8.946000 5.946000 8.447000
v 9.446000 5.946000 -11.976000
v 9.446000 5.946000 -0.537000
v 9.446000 5.946000 2.305000
v 9.446000 5.946000 8.804000
v 9.946000 5.946000 -12.353000
v 9.946000 5.946000 0.097000
v 9.946000 5.946000 1.741000
v 9.946000 5.946000 8.913000
v 10.446000 5.946000 -12.689000
v 10.446000 5.946000 8.903000
v 10.946000 5.946000 -12.834000
v 10.946000 5.946000 8.891000
v 11.446000 5.946000 -13.007000
v 11.446000 5.946000 8.897000
v 11.946000 5.946000 -13.355000
v 11.946000 5.946000 -3.490000
v 11.946000 5.946000 -1.676000
v 11.946000 5.946000 8.801000
v 12.446000 5.946000 -13.724000
v 12.446000 5.946000 -4.177000
v 12.446000 5.946000 -1.232000
v 12.446000 5.946000 8.467000
v 12.946000 5.946000 -13.836000
v 12.946000 5.946000 -6.571000
v 12.946000 5.946000 -0.945000
v 12.946000 5.946000 4.283000
v 13.446000 5.946000 -13.748000
v 13.446000 5.946000 -7.029000
v 13.446000 5.946000 -0.352000
v 13.446000 5.946000 3.742000
v 13.946000 5.946000 -13.402000
v 13.946000 5.946000 -7.268000
v 13.946000 5.946000 0.335000
v 13.946000 5.946000 3.391000
v 14.446000 5.946000 -10.931000
v 14.446000 5.946000 -7.640000
v 14.446000 5.946000 1.630000
v 14.446000 5.946000 2.300000
v 14.946000 5.946000 -9.890000
v 14.946000 5.946000 -8.109000
v 8.446000 9.946000 -4.832000
v 8.446000 9.946000 -3.087000
v 8.946000 9.946000 -4.945000
v 8.946000 9.946000 -2.177000
v 9.446000 9.946000 -4.776000
v 9.446000 9.946000 -1.638000
v 9.946000 9.946000 -3.871000
v 9.946000 9.946000 -1.141000
v 10.446000 9.946000 -3.390000
v 10.446000 9.946000 -0.998000
v 10.946000 9.946000 -2.810000
v 10.946000 9.946000 -1.079000
v 11.446000 9.946000 -1.988000
v 11.446000 9.946000 -1.539000
v 9.446000 4.498000 -11.242000
v 9.446000 7.044000 -11.242000
v 9.946000 3.983000 -11.242000
v 9.946000 7.900000 -11.242000
v 10.446000 3.641000 -11.242000
v 10.446000 8.245000 -11.242000
v 10.946000 3.543000 -11.242000
v 10.946000 8.343000 -11.242000
v 11.446000 3.519000 -11.242000
v 11.446000 8.363000 -11.242000
v 11.946000 3.601000 -11.242000
v 11.946000 8.275000 -11.242000
v 12.446000 3.866000 -11.242000
v 12.446000 7.975000 -11.242000
v 12.946000 4.037000 -11.242000
v 12.946000 7.696000 -11.242000
v 13.446000 4.144000 -11.242000
v 13.446000 7.503000 -11.242000
v 13.946000 4.471000 -11.242000
v 13.946000 7.127000 -11.242000
v 8.946000 5.479000 -7.242000
v 8.946000 8.466000 -7.242000
v 9.446000 5.153000 -7.242000
v 9.446000 8.698000 -7.242000
v 9.946000 5.055000 -7.242000
v 9.946000 8.670000 -7.242000
v 10.446000 5.124000 -7.242000
v 10.446000 8.534000 -7.242000
v 10.946000 5.306000 -7.242000
v 10.946000 8.271000 -7.242000
v 11.446000 5.411000 -7.242000
v 11.446000 7.941000 -7.242000
v 11.946000 5.409000 -7.242000
v 11.946000 7.192000 -7.242000
v 12.446000 5.136000 -7.242000
v 12.446000 6.668000 -7.242000
v 12.946000 4.884000 -7.242000
v 12.946000 6.491000 -7.242000
v 13.446000 4.790000 -7.242000
v 13.446000 6.287000 -7.242000
v 13.946000 5.029000 -7.242000
v 13.946000 5.878000 -7.242000
v 6.446000 6.932000 -3.242000
v 6.446000 8.904000 -3.242000
v 6.946000 6.473000 -3.242000
v 6.946000 9.321000 -3.242000
v 7.446000 5.743000 -3.242000
v 7.446000 9.686000 -3.242000
v 7.946000 5.224000 -3.242000
v 7.946000 9.867000 -3.242000
v 8.446000 4.806000 -3.242000
v 8.446000 10.027000 -3.242000
v 8.946000 4.478000 -3.242000
v 8.946000 10.160000 -3.242000
v 9.446000 4.174000 -3.242000
v 9.446000 10.212000 -3.242000
v 9.946000 4.098000 -3.242000
v 9.946000 10.187000 -3.242000
v 10.446000 4.212000 -3.242000
v 10.446000 10.057000 -3.242000
v 10.946000 4.585000 -3.242000
v 10.946000 9.630000 -3.242000
v 11.446000 5.017000 -3.242000
v 11.446000 9.121000 -3.242000
v 11.946000 6.215000 -3.242000
v 11.946000 8.514000 -3.242000
v 9.946000 6.564000 0.758000
v 9.946000 7.185000 0.758000
v 10.446000 5.449000 0.758000
v 10.446000 8.424000 0.758000
v 10.946000 4.994000 0.758000
v 10.946000 8.956000 0.758000
v 11.446000 4.610000 0.758000
v 11.446000 9.361000 0.758000
v 11.946000 4.297000 0.758000
v 11.946000 9.714000 0.758000
v 12.446000 4.207000 0.758000
v 12.446000 9.822000 0.758000
v 12.946000 4.266000 0.758000
v 12.946000 9.740000 0.758000
v 13.446000 4.388000 0.758000
v 13.446000 9.422000 0.758000
v 13.946000 4.648000 0.758000
v 13.946000 8.233000 0.758000
v 6.446000 3.507000 4.758000
v 6.446000 5.367000 4.758000
v 6.946000 3.145000 4.758000
v 6.946000 6.350000 4.758000
v 7.446000 3.035000 4.758000
v 7.446000 6.700000 4.758000
v 7.946000 3.025000 4.758000
v 7.946000 6.941000 4.758000
v 8.446000 3.057000 4.758000
v 8.446000 7.238000 4.758000
v 8.946000 3.154000 4.758000
v 8.946000 7.382000 4.758000
v 9.446000 3.491000 4.758000
v 9.446000 7.642000 4.758000
v 9.946000 3.959000 4.758000
v 9.946000 8.057000 4.758000
v 10.446000 4.554000 4.758000
v 10.446000 8.295000 4.758000
v 10.946000 4.875000 4.758000
v 10.946000 8.430000 4.758000
v 11.446000 4.959000 4.758000
v 11.446000 8.381000 4.758000
v 11.946000 4.984000 4.758000
v 11.946000 8.104000 4.758000
v 12.446000 5.219000 4.758000
v 12.446000 7.329000 4.758000
v 9.446000 5.622000 8.758000
v 9.446000 6.769000 8.758000
v 9.946000 5.323000 8.758000
v 9.946000 7.032000 8.758000
v 10.446000 5.352000 8.758000
v 10.446000 7.077000 8.758000
v 10.946000 5.374000 8.758000
v 10.946000 6.987000 8.758000
v 11.446000 5.292000 8.758000
v 11.446000 6.760000 8.758000
v 11.946000 5.567000 8.758000
v 11.946000 6.237000 8.758000
v 12.268000 6.446000 -13.742000
v 13.682000 6.446000 -13.742000
v 11.727000 6.446000 -13.242000
v 14.182000 6.446000 -13.242000
v 10.750000 6.446000 -12.742000
v 14.359000 6.446000 -12.742000
v 10.048000 6.446000 -12.242000
v 14.373000 6.446000 -12.242000
v 9.352000 6.446000 -11.742000
v 14.361000 6.446000 -11.742000
v 9.119000 6.446000 -11.242000
v 14.278000 6.446000 -11.242000
v 9.070000 6.446000 -10.742000
v 14.273000 6.446000 -10.742000
v 9.074000 6.446000 -10.242000
v 14.378000 6.446000 -10.242000
v 9.044000 6.446000 -9.742000
v 14.659000 6.446000 -9.742000
v 8.977000 6.446000 -9.242000
v 14.952000 6.446000 -9.242000
v 8.756000 6.446000 -8.742000
v 14.949000 6.446000 -8.742000
v 8.538000 6.446000 -8.242000
v 14.643000 6.446000 -8.242000
v 8.516000 6.446000 -7.742000
v 14.096000 6.446000 -7.742000
v 8.464000 6.446000 -7.242000
v 13.093000 6.446000 -7.242000
v 8.232000 6.446000 -6.742000
v 12.820000 6.446000 -6.742000
v 8.033000 6.446000 -6.242000
v 12.816000 6.446000 -6.242000
v 7.755000 6.446000 -5.742000
v 12.849000 6.446000 -5.742000
v 7.305000 6.446000 -5.242000
v 12.844000 6.446000 -5.242000
v 7.106000 6.446000 -4.742000
v 12.798000 6.446000 -4.742000
v 6.972000 6.446000 -4.242000
v 12.621000 6.446000 -4.242000
v 6.921000 6.446000 -3.742000
v 12.289000 6.446000 -3.742000
v 6.970000 6.446000 -3.242000
v 12.066000 6.446000 -3.242000
v 7.208000 6.446000 -2.742000
v 11.966000 6.446000 -2.742000
v 7.530000 6.446000 -2.242000
v 12.057000 6.446000 -2.242000
v 8.084000 6.446000 -1.742000
v 12.314000 6.446000 -1.742000
v 8.554000 6.446000 -1.242000
v 13.521000 6.446000 -1.242000
v 8.806000 6.446000 -0.742000
v 13.870000 6.446000 -0.742000
v 9.290000 6.446000 -0.242000
v 14.009000 6.446000 -0.242000
v 9.730000 6.446000 0.258000
v 14.173000 6.446000 0.258000
v 9.964000 6.446000 0.758000
v 14.219000 6.446000 0.758000
v 9.992000 6.446000 1.258000
v 14.229000 6.446000 1.258000
v 9.825000 6.446000 1.758000
v 14.209000 6.446000 1.758000
v 9.423000 6.446000 2.258000
v 14.049000 6.446000 2.258000
v 9.030000 6.446000 2.758000
v 13.920000 6.446000 2.758000
v 8.745000 6.446000 3.258000
v 13.602000 6.446000 3.258000
v 7.410000 6.446000 3.758000
v 13.141000 6.446000 3.758000
v 7.057000 6.446000 4.258000
v 12.891000 6.446000 4.258000
v 7.042000 6.446000 4.758000
v 12.778000 6.446000 4.758000
v 7.347000 6.446000 5.258000
v 12.693000 6.446000 5.258000
v 7.740000 6.446000 5.758000
v 12.732000 6.446000 5.758000
v 7.912000 6.446000 6.258000
v 12.741000 6.446000 6.258000
v 8.025000 6.446000 6.758000
v 12.700000 6.446000 6.758000
v 8.225000 6.446000 7.258000
v 12.712000 6.446000 7.258000
v 8.548000 6.446000 7.758000
v 12.699000 6.446000 7.758000
v 8.771000 6.446000 8.258000
v 12.478000 6.446000 8.258000
v 9.339000 6.446000 8.758000
v 11.716000 6.446000 8.758000
v 6.946000 6.446000 -4.082000
v 6.946000 6.446000 -3.361000
v 7.446000 6.446000 -5.428000
v 7.446000 6.446000 -2.361000
v 7.446000 6.446000 3.728000
v 7.446000 6.446000 5.349000
v 7.946000 6.446000 -6.034000
v 7.946000 6.446000 -1.835000
v 7.946000 6.446000 3.486000
v 7.946000 6.446000 6.422000
v 8.446000 6.446000 -7.181000
v 8.446000 6.446000 -1.401000
v 8.446000 6.446000 3.424000
v 8.446000 6.446000 7.565000
v 8.946000 6.446000 -9.132000
v 8.946000 6.446000 -0.565000
v 8.946000 6.446000 2.895000
v 8.946000 6.446000 8.476000
v 9.446000 6.446000 -11.853000
v 9.446000 6.446000 -0.050000
v 9.446000 6.446000 2.232000
v 9.446000 6.446000 8.804000
v 9.946000 6.446000 -12.189000
v 9.946000 6.446000 0.691000
v 9.946000 6.446000 1.474000
v 9.946000 6.446000 8.896000
v 10.446000 6.446000 -12.534000
v 10.446000 6.446000 8.924000
v 10.946000 6.446000 -12.827000
v 10.946000 6.446000 8.887000
v 11.446000 6.446000 -13.029000
v 11.446000 6.446000 8.822000
v 11.946000 6.446000 -13.483000
v 11.946000 6.446000 8.683000
v 12.446000 6.446000 -13.830000
v 12.446000 6.446000 -3.976000
v 12.446000 6.446000 -1.634000
v 12.446000 6.446000 8.300000
v 12.946000 6.446000 -13.933000
v 12.946000 6.446000 -7.108000
v 12.946000 6.446000 -1.447000
v 12.946000 6.446000 4.096000
v 13.446000 6.446000 -13.852000
v 13.446000 6.446000 -7.422000
v 13.446000 6.446000 -1.293000
v 13.446000 6.446000 3.427000
v 13.946000 6.446000 -13.543000
v 13.946000 6.446000 -7.630000
v 13.946000 6.446000 -0.441000
v 13.946000 6.446000 2.647000
v 14.446000 6.446000 -10.060000
v 14.446000 6.446000 -8.097000
v 14.946000 6.446000 -9.268000
v 14.946000 6.446000 -8.728000
v 9.446000 4.492000 -10.742000
v 9.446000 7.353000 -10.742000
v 9.946000 3.991000 -10.742000
v 9.946000 7.923000 -10.742000
v 10.446000 3.646000 -10.742000
v 10.446000 8.261000 -10.742000
v 10.946000 3.547000 -10.742000
v 10.946000 8.358000 -10.742000
v 11.446000 3.590000 -10.742000
v 11.446000 8.342000 -10.742000
v 11.946000 3.647000 -10.742000
v 11.946000 8.251000 -10.742000
v 12.446000 3.811000 -10.742000
v 12.446000 7.917000 -10.742000
v 12.946000 3.960000 -10.742000
v 12.946000 7.524000 -10.742000
v 13.446000 3.998000 -10.742000
v 13.446000 7.318000 -10.742000
v 13.946000 4.220000 -10.742000
v 13.946000 6.960000 -10.742000
v 14.446000 4.838000 -10.742000
v 14.446000 6.138000 -10.742000
v 8.446000 5.799000 -6.742000
v 8.446000 8.599000 -6.742000
v 8.946000 5.352000 -6.742000
v 8.946000 9.049000 -6.742000
v 9.446000 5.122000 -6.742000
v 9.446000 9.171000 -6.742000
v 9.946000 5.059000 -6.742000
v 9.946000 9.076000 -6.742000
v 10.446000 5.153000 -6.742000
v 10.446000 8.765000 -6.742000
v 10.946000 5.343000 -6.742000
v 10.946000 8.422000 -6.742000
v 11.446000 5.431000 -6.742000
v 11.446000 7.923000 -6.742000
v 11.946000 5.426000 -6.742000
v 11.946000 7.327000 -6.742000
v 12.446000 5.363000 -6.742000
v 12.446000 6.769000 -6.742000
v 12.946000 5.553000 -6.742000
v 12.946000 6.277000 -6.742000
v 6.446000 6.956000 -2.742000
v 6.446000 8.880000 -2.742000
v 6.946000 6.623000 -2.742000
v 6.946000 9.320000 -2.742000
v 7.446000 6.196000 -2.742000
v 7.446000 9.686000 -2.742000
v 7.946000 5.428000 -2.742000
v 7.946000 9.798000 -2.742000
v 8.446000 4.974000 -2.742000
v 8.446000 9.827000 -2.742000
v 8.946000 4.639000 -2.742000
v 8.946000 10.024000 -2.742000
v 9.446000 4.396000 -2.742000
v 9.446000 10.259000 -2.742000
v 9.946000 4.306000 -2.742000
v 9.946000 10.347000 -2.742000
v 10.446000 4.442000 -2.742000
v 10.446000 10.248000 -2.742000
v 10.946000 4.839000 -2.742000
v 10.946000 9.987000 -2.742000
v 11.446000 5.288000 -2.742000
v 11.446000 9.545000 -2.742000
v 11.946000 6.409000 -2.742000
v 11.946000 9.089000 -2.742000
v 12.446000 7.048000 -2.742000
v 12.446000 8.567000 -2.742000
v 9.946000 6.702000 1.258000
v 9.946000 7.147000 1.258000
v 10.446000 5.360000 1.258000
v 10.446000 8.432000 1.258000
v 10.946000 4.693000 1.258000
v 10.946000 8.942000 1.258000
v 11.446000 4.281000 1.258000
v 11.446000 9.264000 1.258000
v 11.946000 3.922000 1.258000
v 11.946000 9.502000 1.258000
v 12.446000 3.830000 1.258000
v 12.446000 9.604000 1.258000
v 12.946000 3.783000 1.258000
v 12.946000 9.505000 1.258000
v 13.446000 3.793000 1.258000
v 13.446000 9.077000 1.258000
v 13.946000 3.785000 1.258000
v 13.946000 7.502000 1.258000
v 14.446000 3.998000 1.258000
v 14.446000 5.670000 1.258000
v 6.446000 3.507000 5.258000
v 6.446000 5.354000 5.258000
v 6.946000 3.152000 5.258000
v 6.946000 6.046000 5.258000
v 7.446000 3.046000 5.258000
v 7.446000 6.505000 5.258000
v 7.946000 3.021000 5.258000
v 7.946000 6.910000 5.258000
v 8.446000 3.064000 5.258000
v 8.446000 7.276000 5.258000
v 8.946000 3.167000 5.258000
v 8.946000 7.637000 5.258000
v 9.446000 3.484000 5.258000
v 9.446000 8.005000 5.258000
v 9.946000 3.844000 5.258000
v 9.946000 8.232000 5.258000
v 10.446000 4.240000 5.258000
v 10.446000 8.328000 5.258000
v 10.946000 4.609000 5.258000
v 10.946000 8.371000 5.258000
v 11.446000 4.717000 5.258000
v 11.446000 8.291000 5.258000
v 11.946000 4.742000 5.258000
v 11.946000 7.975000 5.258000
v 12.446000 5.086000 5.258000
v 12.446000 7.067000 5.258000
v 12.461000 6.946000 -13.742000
v 13.489000 6.946000 -13.742000
v 11.820000 6.946000 -13.242000
v 14.080000 6.946000 -13.242000
v 10.791000 6.946000 -12.742000
v 14.271000 6.946000 -12.742000
v 10.229000 6.946000 -12.242000
v 14.276000 6.946000 -12.242000
v 9.698000 6.946000 -11.742000
v 14.258000 6.946000 -11.742000
v 9.385000 6.946000 -11.242000
v 14.069000 6.946000 -11.242000
v 9.186000 6.946000 -10.742000
v 13.957000 6.946000 -10.742000
v 9.179000 6.946000 -10.242000
v 13.933000 6.946000 -10.242000
v 9.146000 6.946000 -9.742000
v 13.807000 6.946000 -9.742000
v 9.083000 6.946000 -9.242000
v 13.591000 6.946000 -9.242000
v 8.866000 6.946000 -8.742000
v 13.446000 6.946000 -8.742000
v 8.631000 6.946000 -8.242000
v 13.078000 6.946000 -8.242000
v 8.577000 6.946000 -7.742000
v 12.340000 6.946000 -7.742000
v 8.504000 6.946000 -7.242000
v 12.122000 6.946000 -7.242000
v 8.259000 6.946000 -6.742000
v 12.252000 6.946000 -6.742000
v 8.061000 6.946000 -6.242000
v 12.581000 6.946000 -6.242000
v 7.832000 6.946000 -5.742000
v 12.751000 6.946000 -5.742000
v 7.421000 6.946000 -5.242000
v 12.754000 6.946000 -5.242000
v 7.136000 6.946000 -4.742000
v 12.723000 6.946000 -4.742000
v 6.848000 6.946000 -4.242000
v 12.548000 6.946000 -4.242000
v 6.616000 6.946000 -3.742000
v 12.361000 6.946000 -3.742000
v 6.431000 6.946000 -3.242000
v 12.302000 6.946000 -3.242000
v 6.455000 6.946000 -2.742000
v 12.378000 6.946000 -2.742000
v 6.801000 6.946000 -2.242000
v 12.653000 6.946000 -2.242000
v 7.278000 6.946000 -1.742000
v 13.289000 6.946000 -1.742000
v 8.198000 6.946000 -1.242000
v 13.995000 6.946000 -1.242000
v 8.677000 6.946000 -0.742000
v 14.220000 6.946000 -0.742000
v 9.184000 6.946000 -0.242000
v 14.242000 6.946000 -0.242000
v 9.629000 6.946000 0.258000
v 14.286000 6.946000 0.258000
v 9.911000 6.946000 0.758000
v 14.271000 6.946000 0.758000
v 9.919000 6.946000 1.258000
v 14.117000 6.946000 1.258000
v 9.737000 6.946000 1.758000
v 13.910000 6.946000 1.758000
v 9.501000 6.946000 2.258000
v 13.641000 6.946000 2.258000
v 9.392000 6.946000 2.758000
v 13.461000 6.946000 2.758000
v 9.370000 6.946000 3.258000
v 13.221000 6.946000 3.258000
v 9.100000 6.946000 3.758000
v 12.960000 6.946000 3.758000
v 8.285000 6.946000 4.258000
v 12.743000 6.946000 4.258000
v 7.953000 6.946000 4.758000
v 12.671000 6.946000 4.758000
v 7.982000 6.946000 5.258000
v 12.499000 6.946000 5.258000
v 8.112000 6.946000 5.758000
v 12.459000 6.946000 5.758000
v 8.116000 6.946000 6.258000
v 12.473000 6.946000 6.258000
v 8.124000 6.946000 6.758000
v 12.444000 6.946000 6.758000
v 8.340000 6.946000 7.258000
v 12.404000 6.946000 7.258000
v 8.659000 6.946000 7.758000
v 12.331000 6.946000 7.758000
v 8.893000 6.946000 8.258000
v 12.038000 6.946000 8.258000
v 9.635000 6.946000 8.758000
v 11.197000 6.946000 8.758000
v 6.446000 6.946000 -3.302000
v 6.446000 6.946000 -2.775000
v 6.946000 6.946000 -4.406000
v 6.946000 6.946000 -2.121000
v 7.446000 6.946000 -5.276000
v 7.446000 6.946000 -1.628000
v 7.946000 6.946000 -5.942000
v 7.946000 6.946000 -1.411000
v 8.446000 6.946000 -7.079000
v 8.446000 6.946000 -1.016000
v 8.446000 6.946000 4.158000
v 8.446000 6.946000 7.392000
v 8.946000 6.946000 -8.875000
v 8.946000 6.946000 -0.445000
v 8.946000 6.946000 3.891000
v 8.946000 6.946000 8.326000
v 9.446000 6.946000 -11.340000
v 9.446000 6.946000 0.042000
v 9.446000 6.946000 2.422000
v 9.446000 6.946000 8.696000
v 9.946000 6.946000 -11.977000
v 9.946000 6.946000 8.796000
v 10.446000 6.946000 -12.471000
v 10.446000 6.946000 8.820000
v 10.946000 6.946000 -12.816000
v 10.946000 6.946000 8.776000
v 11.446000 6.946000 -13.000000
v 11.446000 6.946000 8.689000
v 11.946000 6.946000 -13.357000
v 11.946000 6.946000 8.353000
v 12.446000 6.946000 -13.735000
v 12.446000 6.946000 -7.851000
v 12.446000 6.946000 -6.473000
v 12.446000 6.946000 -4.002000
v 12.446000 6.946000 -2.570000
v 12.446000 6.946000 6.601000
v 12.946000 6.946000 -13.846000
v 12.946000 6.946000 -8.162000
v 12.946000 6.946000 -1.949000
v 12.946000 6.946000 3.781000
v 13.446000 6.946000 -13.760000
v 13.446000 6.946000 -8.740000
v 13.446000 6.946000 -1.672000
v 13.446000 6.946000 2.814000
v 13.946000 6.946000 -13.418000
v 13.946000 6.946000 -10.313000
v 13.946000 6.946000 -1.305000
v 13.946000 6.946000 1.679000
v 9.446000 4.477000 -10.242000
v 9.446000 7.373000 -10.242000
v 9.946000 4.033000 -10.242000
v 9.946000 7.929000 -10.242000
v 10.446000 3.677000 -10.242000
v 10.446000 8.242000 -10.242000
v 10.946000 3.566000 -10.242000
v 10.946000 8.326000 -10.242000
v 11.446000 3.528000 -10.242000
v 11.446000 8.247000 -10.242000
v 11.946000 3.581000 -10.242000
v 11.946000 8.041000 -10.242000
v 12.446000 3.658000 -10.242000
v 12.446000 7.729000 -10.242000
v 12.946000 3.735000 -10.242000
v 12.946000 7.443000 -10.242000
v 13.446000 3.702000 -10.242000
v 13.446000 7.270000 -10.242000
v 13.946000 3.808000 -10.242000
v 13.946000 6.935000 -10.242000
v 14.446000 4.223000 -10.242000
v 14.446000 6.376000 -10.242000
v 8.446000 5.339000 -6.242000
v 8.446000 8.887000 -6.242000
v 8.946000 5.076000 -6.242000
v 8.946000 9.240000 -6.242000
v 9.446000 5.016000 -6.242000
v 9.446000 9.345000 -6.242000
v 9.946000 5.031000 -6.242000
v 9.946000 9.263000 -6.242000
v 10.446000 5.149000 -6.242000
v 10.446000 8.948000 -6.242000
v 10.946000 5.234000 -6.242000
v 10.946000 8.466000 -6.242000
v 11.446000 5.263000 -6.242000
v 11.446000 7.906000 -6.242000
v 11.946000 5.286000 -6.242000
v 11.946000 7.576000 -6.242000
v 12.446000 5.457000 -6.242000
v 12.446000 7.126000 -6.242000
v 6.446000 7.303000 -2.242000
v 6.446000 8.533000 -2.242000
v 6.946000 6.864000 -2.242000
v 6.946000 9.021000 -2.242000
v 7.446000 6.537000 -2.242000
v 7.446000 9.471000 -2.242000
v 7.946000 5.728000 -2.242000
v 7.946000 9.640000 -2.242000
v 8.446000 5.271000 -2.242000
v 8.446000 9.750000 -2.242000
v 8.946000 4.862000 -2.242000
v 8.946000 9.954000 -2.242000
v 9.446000 4.669000 -2.242000
v 9.446000 10.241000 -2.242000
v 9.946000 4.568000 -2.242000
v 9.946000 10.331000 -2.242000
v 10.446000 4.662000 -2.242000
v 10.446000 10.303000 -2.242000
v 10.946000 4.991000 -2.242000
v 10.946000 10.202000 -2.242000
v 11.446000 5.514000 -2.242000
v 11.446000 9.883000 -2.242000
v 11.946000 6.297000 -2.242000
v 11.946000 9.596000 -2.242000
v 12.446000 6.792000 -2.242000
v 12.446000 9.211000 -2.242000
v 12.946000 7.273000 -2.242000
v 12.946000 8.560000 -2.242000
v 9.946000 5.922000 1.758000
v 9.946000 7.694000 1.758000
v 10.446000 5.061000 1.758000
v 10.446000 8.581000 1.758000
v 10.946000 4.393000 1.758000
v 10.946000 9.028000 1.758000
v 11.446000 4.002000 1.758000
v 11.446000 9.248000 1.758000
v 11.946000 3.693000 1.758000
v 11.946000 9.338000 1.758000
v 12.446000 3.571000 1.758000
v 12.446000 9.288000 1.758000
v 12.946000 3.374000 1.758000
v 12.946000 9.026000 1.758000
v 13.446000 3.283000 1.758000
v 13.446000 8.121000 1.758000
v 13.946000 3.249000 1.758000
v 13.946000 6.896000 1.758000
v 14.446000 3.344000 1.758000
v 14.446000 5.980000 1.758000
v 14.946000 3.748000 1.758000
v 14.946000 5.125000 1.758000
v 6.446000 3.798000 5.758000
v 6.446000 5.063000 5.758000
v 6.946000 3.343000 5.758000
v 6.946000 5.616000 5.758000
v 7.446000 3.220000 5.758000
v 7.446000 6.101000 5.758000
v 7.946000 3.208000 5.758000
v 7.946000 6.702000 5.758000
v 8.446000 3.245000 5.758000
v 8.446000 7.358000 5.758000
v 8.946000 3.350000 5.758000
v 8.946000 7.896000 5.758000
v 9.446000 3.504000 5.758000
v 9.446000 8.229000 5.758000
v 9.946000 3.656000 5.758000
v 9.946000 8.321000 5.758000
v 10.446000 3.817000 5.758000
v 10.446000 8.326000 5.758000
v 10.946000 4.139000 5.758000
v 10.946000 8.362000 5.758000
v 11.446000 4.296000 5.758000
v 11.446000 8.279000 5.758000
v 11.946000 4.395000 5.758000
v 11.946000 7.966000 5.758000
v 12.446000 4.750000 5.758000
v 12.446000 6.973000 5.758000
v 12.792000 3.446000 1.758000
v 14.635000 3.446000 1.758000
v 12.416000 3.446000 2.258000
v 14.942000 3.446000 2.258000
v 7.451000 3.446000 2.758000
v 9.171000 3.446000 2.758000
v 12.424000 3.446000 2.758000
v 14.940000 3.446000 2.758000
v 7.057000 3.446000 3.258000
v 9.450000 3.446000 3.258000
v 12.694000 3.446000 3.258000
v 14.627000 3.446000 3.258000
v 6.773000 3.446000 3.758000
v 9.448000 3.446000 3.758000
v 6.504000 3.446000 4.258000
v 9.419000 3.446000 4.258000
v 6.502000 3.446000 4.758000
v 9.401000 3.446000 4.758000
v 6.503000 3.446000 5.258000
v 9.395000 3.446000 5.258000
v 6.772000 3.446000 5.758000
v 9.258000 3.446000 5.758000
v 12.277000 7.446000 -13.242000
v 13.672000 7.446000 -13.242000
v 10.990000 7.446000 -12.742000
v 13.947000 7.446000 -12.742000
v 10.373000 7.446000 -12.242000
v 13.940000 7.446000 -12.242000
v 9.900000 7.446000 -11.742000
v 13.903000 7.446000 -11.742000
v 9.663000 7.446000 -11.242000
v 13.563000 7.446000 -11.242000
v 9.536000 7.446000 -10.742000
v 13.123000 7.446000 -10.742000
v 9.517000 7.446000 -10.242000
v 12.939000 7.446000 -10.242000
v 9.488000 7.446000 -9.742000
v 12.624000 7.446000 -9.742000
v 9.447000 7.446000 -9.242000
v 12.422000 7.446000 -9.242000
v 9.266000 7.446000 -8.742000
v 12.155000 7.446000 -8.742000
v 8.894000 7.446000 -8.242000
v 11.988000 7.446000 -8.242000
v 8.690000 7.446000 -7.742000
v 11.811000 7.446000 -7.742000
v 8.549000 7.446000 -7.242000
v 11.799000 7.446000 -7.242000
v 8.259000 7.446000 -6.742000
v 11.868000 7.446000 -6.742000
v 8.071000 7.446000 -6.242000
v 12.120000 7.446000 -6.242000
v 7.956000 7.446000 -5.742000
v 12.421000 7.446000 -5.742000
v 7.713000 7.446000 -5.242000
v 12.433000 7.446000 -5.242000
v 7.231000 7.446000 -4.742000
v 12.419000 7.446000 -4.742000
v 6.731000 7.446000 -4.242000
v 12.291000 7.446000 -4.242000
v 6.304000 7.446000 -3.742000
v 12.263000 7.446000 -3.742000
v 6.116000 7.446000 -3.242000
v 12.355000 7.446000 -3.242000
v 6.134000 7.446000 -2.742000
v 12.621000 7.446000 -2.742000
v 6.368000 7.446000 -2.242000
v 13.039000 7.446000 -2.242000
v 6.836000 7.446000 -1.742000
v 13.591000 7.446000 -1.742000
v 7.519000 7.446000 -1.242000
v 14.116000 7.446000 -1.242000
v 8.531000 7.446000 -0.742000
v 14.321000 7.446000 -0.742000
v 9.310000 7.446000 -0.242000
v 14.339000 7.446000 -0.242000
v 9.777000 7.446000 0.258000
v 14.336000 7.446000 0.258000
v 9.993000 7.446000 0.758000
v 14.203000 7.446000 0.758000
v 10.009000 7.446000 1.258000
v 13.968000 7.446000 1.258000
v 9.847000 7.446000 1.758000
v 13.675000 7.446000 1.758000
v 9.628000 7.446000 2.258000
v 13.375000 7.446000 2.258000
v 9.609000 7.446000 2.758000
v 13.255000 7.446000 2.758000
v 9.704000 7.446000 3.258000
v 13.040000 7.446000 3.258000
v 9.820000 7.446000 3.758000
v 12.809000 7.446000 3.758000
v 9.669000 7.446000 4.258000
v 12.611000 7.446000 4.258000
v 9.115000 7.446000 4.758000
v 12.374000 7.446000 4.758000
v 8.692000 7.446000 5.258000
v 12.284000 7.446000 5.258000
v 8.538000 7.446000 5.758000
v 12.281000 7.446000 5.758000
v 8.463000 7.446000 6.258000
v 12.299000 7.446000 6.258000
v 8.466000 7.446000 6.758000
v 12.286000 7.446000 6.758000
v 8.776000 7.446000 7.258000
v 12.086000 7.446000 7.258000
v 9.024000 7.446000 7.758000
v 11.869000 7.446000 7.758000
v 9.365000 7.446000 8.258000
v 11.497000 7.446000 8.258000
v 6.946000 3.446000 3.526000
v 6.946000 3.446000 5.897000
v 7.446000 3.446000 2.761000
v 7.446000 3.446000 6.051000
v 7.946000 3.446000 2.585000
v 7.946000 3.446000 6.050000
v 8.446000 3.446000 2.463000
v 8.446000 3.446000 6.019000
v 8.946000 3.446000 2.590000
v 8.946000 3.446000 5.950000
v 9.446000 3.446000 3.237000
v 9.446000 3.446000 3.785000
v 12.446000 3.446000 2.159000
v 12.446000 3.446000 2.841000
v 12.946000 3.446000 1.670000
v 12.946000 3.446000 3.441000
v 13.446000 3.446000 1.563000
v 13.446000 3.446000 3.549000
v 13.946000 3.446000 1.512000
v 13.946000 3.446000 3.498000
v 14.446000 3.446000 1.627000
v 14.446000 3.446000 3.382000
v 6.446000 7.446000 -3.928000
v 6.446000 7.446000 -2.149000
v 6.946000 7.446000 -4.489000
v 6.946000 7.446000 -1.605000
v 7.446000 7.446000 -4.948000
v 7.446000 7.446000 -1.267000
v 7.946000 7.446000 -5.708000
v 7.946000 7.446000 -1.097000
v 8.446000 7.446000 -7.032000
v 8.446000 7.446000 -0.791000
v 8.946000 7.446000 -8.323000
v 8.946000 7.446000 -0.509000
v 8.946000 7.446000 4.896000
v 8.946000 7.446000 7.528000
v 9.446000 7.446000 -9.230000
v 9.446000 7.446000 -0.117000
v 9.446000 7.446000 4.498000
v 9.446000 7.446000 8.313000
v 9.946000 7.446000 -11.799000
v 9.946000 7.446000 0.591000
v 9.946000 7.446000 1.521000
v 9.946000 7.446000 8.454000
v 10.446000 7.446000 -12.340000
v 10.446000 7.446000 8.471000
v 10.946000 7.446000 -12.723000
v 10.946000 7.446000 8.415000
v 11.446000 7.446000 -12.847000
v 11.446000 7.446000 8.290000
v 11.946000 7.446000 -13.010000
v 11.946000 7.446000 -8.145000
v 11.946000 7.446000 -6.531000
v 11.946000 7.446000 7.570000
v 12.446000 7.446000 -13.375000
v 12.446000 7.446000 -9.317000
v 12.446000 7.446000 -3.023000
v 12.446000 7.446000 4.599000
v 12.946000 7.446000 -13.527000
v 12.946000 7.446000 -10.257000
v 12.946000 7.446000 -2.362000
v 12.946000 7.446000 3.423000
v 13.446000 7.446000 -13.409000
v 13.446000 7.446000 -11.136000
v 13.446000 7.446000 -1.859000
v 13.446000 7.446000 2.105000
v 13.946000 7.446000 -12.748000
v 13.946000 7.446000 -12.302000
v 13.946000 7.446000 -1.452000
v 13.946000 7.446000 1.290000
v 12.446000 5.991000 -13.742000
v 12.446000 6.929000 -13.742000
v 12.946000 5.754000 -13.742000
v 12.946000 7.167000 -13.742000
v 13.446000 5.932000 -13.742000
v 13.446000 6.988000 -13.742000
v 9.446000 4.482000 -9.742000
v 9.446000 7.404000 -9.742000
v 9.946000 4.054000 -9.742000
v 9.946000 7.918000 -9.742000
v 10.446000 3.701000 -9.742000
v 10.446000 8.230000 -9.742000
v 10.946000 3.596000 -9.742000
v 10.946000 8.309000 -9.742000
v 11.446000 3.543000 -9.742000
v 11.446000 8.199000 -9.742000
v 11.946000 3.573000 -9.742000
v 11.946000 7.847000 -9.742000
v 12.446000 3.540000 -9.742000
v 12.446000 7.541000 -9.742000
v 12.946000 3.573000 -9.742000
v 12.946000 7.296000 -9.742000
v 13.446000 3.527000 -9.742000
v 13.446000 7.089000 -9.742000
v 13.946000 3.619000 -9.742000
v 13.946000 6.884000 -9.742000
v 14.446000 3.877000 -9.742000
v 14.446000 6.601000 -9.742000
v 14.946000 4.306000 -9.742000
v 14.946000 6.154000 -9.742000
v 7.946000 5.231000 -5.742000
v 7.946000 7.411000 -5.742000
v 8.446000 4.812000 -5.742000
v 8.446000 9.031000 -5.742000
v 8.946000 4.706000 -5.742000
v 8.946000 9.354000 -5.742000
v 9.446000 4.734000 -5.742000
v 9.446000 9.401000 -5.742000
v 9.946000 4.847000 -5.742000
v 9.946000 9.261000 -5.742000
v 10.446000 5.035000 -5.742000
v 10.446000 8.926000 -5.742000
v 10.946000 5.080000 -5.742000
v 10.946000 8.471000 -5.742000
v 11.446000 5.080000 -5.742000
v 11.446000 7.988000 -5.742000
v 11.946000 5.166000 -5.742000
v 11.946000 7.746000 -5.742000
v 12.446000 5.467000 -5.742000
v 12.446000 7.422000 -5.742000
v 6.946000 7.259000 -1.742000
v 6.946000 8.637000 -1.742000
v 7.446000 6.859000 -1.742000
v 7.446000 9.044000 -1.742000
v 7.946000 6.583000 -1.742000
v 7.946000 9.436000 -1.742000
v 8.446000 5.822000 -1.742000
v 8.446000 9.730000 -1.742000
v 8.946000 5.342000 -1.742000
v 8.946000 9.846000 -1.742000
v 9.446000 4.898000 -1.742000
v 9.446000 10.009000 -1.742000
v 9.946000 4.778000 -1.742000
v 9.946000 10.216000 -1.742000
v 10.446000 4.880000 -1.742000
v 10.446000 10.308000 -1.742000
v 10.946000 5.152000 -1.742000
v 10.946000 10.217000 -1.742000
v 11.446000 5.533000 -1.742000
v 11.446000 9.962000 -1.742000
v 11.946000 6.012000 -1.742000
v 11.946000 9.795000 -1.742000
v 12.446000 6.524000 -1.742000
v 12.446000 9.521000 -1.742000
v 12.946000 6.737000 -1.742000
v 12.946000 9.091000 -1.742000
v 13.446000 7.128000 -1.742000
v 13.446000 8.653000 -1.742000
v 7.446000 4.328000 2.258000
v 7.446000 5.370000 2.258000
v 7.946000 3.923000 2.258000
v 7.946000 5.646000 2.258000
v 8.446000 3.731000 2.258000
v 8.446000 5.529000 2.258000
v 8.946000 3.949000 2.258000
v 8.946000 5.062000 2.258000
v 9.446000 6.133000 2.258000
v 9.446000 6.643000 2.258000
v 9.946000 4.901000 2.258000
v 9.946000 7.947000 2.258000
v 10.446000 4.526000 2.258000
v 10.446000 8.841000 2.258000
v 10.946000 4.307000 2.258000
v 10.946000 9.189000 2.258000
v 11.446000 3.963000 2.258000
v 11.446000 9.290000 2.258000
v 11.946000 3.678000 2.258000
v 11.946000 9.257000 2.258000
v 12.446000 3.428000 2.258000
v 12.446000 9.089000 2.258000
v 12.946000 3.141000 2.258000
v 12.946000 8.650000 2.258000
v 13.446000 3.065000 2.258000
v 13.446000 7.260000 2.258000
v 13.946000 3.055000 2.258000
v 13.946000 6.594000 2.258000
v 14.446000 3.136000 2.258000
v 14.446000 5.957000 2.258000
v 14.946000 3.450000 2.258000
v 14.946000 5.416000 2.258000
v 6.946000 3.950000 6.258000
v 6.946000 4.911000 6.258000
v 7.446000 3.714000 6.258000
v 7.446000 5.461000 6.258000
v 7.946000 3.737000 6.258000
v 7.946000 6.528000 6.258000
v 8.446000 3.705000 6.258000
v 8.446000 7.430000 6.258000
v 8.946000 3.612000 6.258000
v 8.946000 7.936000 6.258000
v 9.446000 3.557000 6.258000
v 9.446000 8.269000 6.258000
v 9.946000 3.530000 6.258000
v 9.946000 8.363000 6.258000
v 10.446000 3.620000 6.258000
v 10.446000 8.326000 6.258000
v 10.946000 3.911000 6.258000
v 10.946000 8.376000 6.258000
v 11.446000 4.097000 6.258000
v 11.446000 8.300000 6.258000
v 11.946000 4.198000 6.258000
v 11.946000 7.994000 6.258000
v 12.446000 4.518000 6.258000
v 12.446000 7.007000 6.258000
f 587 1103 1247
f 1103 588 1247
f 589 727 887
f 587 1247 727
f 1247 887 727
f 1247 1251 887
f 1443 1575 588
f 1575 1247 588
f 1575 1251 1247
f 1575 1443 1861
f 1861 1443 1745
f 1861 1745 2117
f 2117 1745 2005
f 2005 590 2117
f 591 365 517
f 589 887 365
f 887 517 365
f 887 893 517
f 887 1253 893
f 887 1251 1253
f 1251 1577 1253
f 1251 1575 1577
f 1575 1863 1577
f 1575 1861 1863
f 1861 2119 1863
f 1861 2117 2119
f 2281 2415 590
f 2415 2117 590
f 2415 2119 2117
f 2281 592 2415
f 517 366 591
f 366 517 593
f 517 899 593
f 517 893 899
f 893 1257 899
f 893 1253 1257
f 1577 1441 229
f 1257 1577 229
f 1253 1577 1257
f 1863 1743 1441
f 1863 1441 1577
f 2119 2003 1743
f 2119 1743 1863
f 2417 230 2003
f 2119 2417 2003
f 2415 2417 2119
f 2415 592 2417
f 2417 592 594
f 905 595 899
f 899 595 593
f 1257 1101 231
f 905 1257 231
f 899 1257 905
f 1257 229 1101
f 2417 2279 230
f 2417 594 2279
f 594 232 2279
f 594 596 232
f 911 597 905
f 905 597 595
f 905 231 233
f 905 233 911
f 232 598 234
f 596 598 232
f 915 599 911
f 911 599 597
f 911 233 235
f 911 235 915
f 234 600 236
f 598 600 234
f 915 728 599
f 1273 601 1102
f 1102 601 235
f 601 728 235
f 728 915 235
f 237 1273 1102
f 2280 2433 238
f 2280 236 2433
f 236 602 2433
f 236 600 602
f 1273 1104 601
f 237 1442 1273
f 1442 1104 1273
f 1442 1444 1104
f 1744 1444 1442
f 1744 1746 1444
f 2004 1746 1744
f 2004 2006 1746
f 2433 2282 238
f 2282 2004 238
f 2282 2006 2004
f 2433 602 2282
f 603 1459 1561
f 1561 1459 1847
f 1847 1459 1761
f 1847 1761 2105
f 2105 1761 2021
f 2021 604 2105
f 870 741 239
f 605 1119 870
f 1119 741 870
f 1119 1117 741
f 1119 603 1561
f 1457 1119 1561
f 1117 1119 1457
f 1847 1759 1457
f 1847 1457 1561
f 2105 2019 1759
f 2105 1759 1847
f 604 2297 2403
f 604 2403 240
f 2105 604 240
f 2019 2105 240
f 2297 606 2403
f 500 379 241
f 743 870 239
f 743 239 379
f 607 743 379
f 500 607 379
f 605 870 743
f 2403 2295 240
f 606 67 201
f 606 201 242
f 2403 606 242
f 2295 2403 242
f 67 608 201
f 150 13 243
f 381 500 241
f 381 241 13
f 609 381 13
f 150 609 13
f 607 500 381
f 201 65 242
f 201 608 65
f 608 244 65
f 608 610 244
f 245 154 243
f 243 154 150
f 609 150 154
f 609 154 611
f 244 612 246
f 610 612 244
f 247 158 245
f 245 158 154
f 611 154 158
f 611 158 613
f 68 614 212
f 212 248 68
f 248 612 68
f 248 246 612
f 158 247 15
f 247 615 15
f 247 249 615
f 613 158 15
f 250 66 212
f 614 250 212
f 616 250 614
f 248 212 66
f 617 249 251
f 617 615 249
f 2298 618 252
f 2298 252 2296
f 2296 250 2298
f 2298 250 616
f 619 251 253
f 619 617 251
f 252 620 254
f 618 620 252
f 621 253 255
f 621 619 253
f 254 622 256
f 620 622 254
f 623 255 257
f 623 621 255
f 2022 624 258
f 2022 258 2020
f 2020 256 2022
f 2022 256 622
f 625 257 259
f 625 623 257
f 258 626 260
f 624 626 258
f 259 14 625
f 625 14 16
f 627 16 14
f 627 14 261
f 260 628 262
f 626 628 260
f 261 380 627
f 627 380 382
f 742 382 380
f 742 744 382
f 1118 744 742
f 1118 1120 744
f 1458 1120 1118
f 1458 1460 1120
f 1760 1460 1458
f 1760 1762 1460
f 1760 262 1762
f 1762 262 628
f 629 755 853
f 853 755 263
f 755 1133 263
f 755 1135 1133
f 1135 1473 1133
f 1475 1473 1135
f 1475 1775 1473
f 1777 1775 1475
f 1777 2035 1775
f 2037 2035 1777
f 264 2035 2393
f 2035 2313 2393
f 2035 2037 2313
f 2393 2313 189
f 189 2313 83
f 83 630 189
f 753 265 853
f 265 629 853
f 265 631 629
f 853 263 753
f 2393 2311 264
f 189 81 2311
f 189 2311 2393
f 630 443 559
f 630 559 266
f 189 630 266
f 81 189 266
f 559 443 935
f 935 443 813
f 935 813 1285
f 1285 813 1195
f 1195 632 1285
f 633 265 267
f 633 631 265
f 559 441 266
f 935 811 441
f 935 441 559
f 1285 1193 811
f 1285 811 935
f 632 1531 1605
f 632 1605 268
f 1285 632 268
f 1193 1285 268
f 1531 634 1605
f 635 267 269
f 635 633 267
f 1607 270 268
f 1607 268 1605
f 1605 634 1607
f 1607 634 636
f 637 269 271
f 637 635 269
f 1609 272 270
f 1609 270 1607
f 1607 636 1609
f 1609 636 638
f 639 271 273
f 639 637 271
f 1194 1293 274
f 1609 1532 272
f 272 1532 1194
f 1532 640 1194
f 640 1293 1194
f 1609 638 1532
f 641 273 275
f 641 639 273
f 812 947 276
f 1293 1196 274
f 274 1196 812
f 1196 642 812
f 642 947 812
f 1293 640 1196
f 275 754 641
f 641 754 756
f 643 756 754
f 643 754 277
f 276 947 814
f 644 276 814
f 278 276 644
f 947 642 814
f 645 277 279
f 645 643 277
f 444 646 280
f 444 280 442
f 442 278 444
f 444 278 644
f 647 279 281
f 647 645 279
f 84 648 282
f 84 282 82
f 82 280 84
f 84 280 646
f 281 1134 647
f 647 1134 1136
f 649 1136 1134
f 649 1134 283
f 2314 650 284
f 2314 284 2312
f 2312 282 2314
f 2314 282 648
f 283 1474 649
f 649 1474 1476
f 1776 1476 1474
f 1776 1778 1476
f 2036 1778 1776
f 2036 2038 1778
f 2036 284 2038
f 2038 284 650
f 190 97 285
f 190 286 97
f 2396 2327 287
f 2327 2396 285
f 2396 190 285
f 2396 192 190
f 286 190 457
f 190 560 457
f 190 192 560
f 936 827 560
f 560 827 457
f 936 288 827
f 2102 2051 289
f 2051 2102 287
f 2102 2396 287
f 2102 2398 2396
f 2398 651 99
f 192 2398 99
f 2396 2398 192
f 192 99 459
f 192 459 560
f 560 459 652
f 938 560 652
f 936 560 938
f 288 936 1209
f 936 1288 1209
f 936 938 1288
f 1288 290 1209
f 1562 1489 291
f 653 1793 1562
f 1793 1489 1562
f 1793 1791 1489
f 2053 2102 289
f 1791 2053 289
f 1793 2053 1791
f 2102 2053 2329
f 2102 2329 2398
f 651 2398 2329
f 829 938 652
f 938 829 654
f 1290 938 654
f 1288 938 1290
f 290 1288 292
f 292 1288 1290
f 1240 1149 293
f 1491 1562 291
f 1491 291 1149
f 655 1491 1149
f 1240 655 1149
f 653 1562 1491
f 656 1292 1290
f 656 1290 654
f 292 1290 294
f 294 1290 1292
f 295 1244 293
f 293 1244 1240
f 655 1240 1244
f 655 1244 657
f 658 1294 1292
f 658 1292 656
f 294 1292 1545
f 1292 1612 1545
f 1292 1294 1612
f 1612 296 1545
f 1244 295 1151
f 295 659 1151
f 295 297 659
f 657 1244 1151
f 1211 1294 658
f 1294 1211 660
f 1614 1294 660
f 1612 1294 1614
f 296 1612 298
f 298 1612 1614
f 661 297 299
f 661 659 297
f 662 1616 1614
f 662 1614 660
f 298 1614 300
f 300 1614 1616
f 663 299 301
f 663 661 299
f 302 1546 1616
f 662 302 1616
f 664 302 662
f 300 1616 1546
f 1259 665 1150
f 665 301 1150
f 665 663 301
f 303 1259 1150
f 302 666 304
f 664 666 302
f 1263 667 1259
f 1259 667 665
f 1259 303 1490
f 1585 1259 1490
f 1263 1259 1585
f 305 1585 1490
f 304 668 306
f 666 668 304
f 1263 1152 667
f 1152 1263 669
f 1263 1589 669
f 1263 1585 1589
f 1585 305 307
f 1585 307 1589
f 1210 1305 308
f 1210 306 1305
f 306 670 1305
f 306 668 670
f 1589 1492 669
f 671 1492 1589
f 307 671 1589
f 309 671 307
f 308 1305 1212
f 672 308 1212
f 310 308 672
f 1305 670 1212
f 309 1792 671
f 671 1792 1794
f 673 1794 1792
f 673 1792 311
f 460 674 312
f 460 312 458
f 828 460 458
f 828 830 460
f 828 310 830
f 830 310 672
f 311 2052 673
f 673 2052 2054
f 2328 2054 2052
f 2328 2330 2054
f 98 2330 2328
f 98 100 2330
f 98 312 100
f 100 312 674
f 675 31 313
f 313 31 27
f 31 405 27
f 409 405 31
f 409 781 405
f 783 781 409
f 783 1167 781
f 1169 1167 783
f 1169 676 1167
f 1167 676 314
f 677 2265 2369
f 315 2369 2265
f 675 315 2265
f 313 315 675
f 1505 314 676
f 1505 676 1507
f 1507 678 1505
f 1505 678 316
f 2261 317 2369
f 317 677 2369
f 317 679 677
f 2369 315 2261
f 316 680 318
f 678 680 316
f 681 317 319
f 681 679 317
f 318 682 320
f 680 682 318
f 683 319 321
f 683 681 319
f 682 1809 1849
f 322 682 1849
f 320 682 322
f 1809 684 1849
f 2377 685 2262
f 685 321 2262
f 685 683 321
f 323 2377 2262
f 1849 1807 322
f 1807 1849 684
f 2069 1807 684
f 2067 1807 2069
f 2069 686 2067
f 2067 686 324
f 2377 2266 685
f 323 28 2377
f 28 2266 2377
f 28 32 2266
f 687 32 28
f 687 28 325
f 2343 324 686
f 2343 686 2345
f 204 113 688
f 113 2345 688
f 113 2343 2345
f 204 326 113
f 325 406 687
f 687 406 410
f 689 410 406
f 689 406 327
f 115 204 688
f 473 326 204
f 115 473 204
f 475 473 115
f 475 690 473
f 473 690 328
f 514 407 329
f 327 407 514
f 691 327 514
f 689 327 691
f 843 328 690
f 843 690 845
f 845 692 843
f 843 692 330
f 331 520 329
f 329 520 514
f 691 514 520
f 691 520 693
f 330 694 332
f 692 694 330
f 162 29 333
f 411 520 331
f 411 331 29
f 695 411 29
f 162 695 29
f 693 520 411
f 332 696 334
f 694 696 332
f 2380 2263 335
f 33 162 333
f 33 333 2263
f 697 33 2263
f 2380 697 2263
f 695 162 33
f 334 698 336
f 696 698 334
f 2380 335 2267
f 335 699 2267
f 335 337 699
f 697 2380 2267
f 116 700 224
f 116 224 338
f 474 116 338
f 476 116 474
f 844 476 474
f 844 846 476
f 844 336 846
f 846 336 698
f 701 337 339
f 701 699 337
f 2070 702 2136
f 2070 2136 340
f 2344 2070 340
f 2346 2070 2344
f 700 2346 224
f 2346 114 224
f 2346 2344 114
f 338 224 114
f 703 339 341
f 703 701 339
f 1810 704 342
f 1810 342 1808
f 702 1810 2136
f 1810 2068 2136
f 1810 1808 2068
f 340 2136 2068
f 705 341 343
f 705 703 341
f 1508 706 344
f 1508 344 1506
f 1506 342 1508
f 1508 342 704
f 343 2264 705
f 705 2264 2268
f 707 2268 2264
f 707 2264 345
f 1170 708 346
f 1170 346 1168
f 1168 344 1170
f 1170 344 706
f 345 30 707
f 707 30 34
f 408 34 30
f 408 412 34
f 782 412 408
f 782 784 412
f 782 346 784
f 784 346 708
f 864 797 347
f 1234 1183 864
f 864 1183 797
f 709 1523 1234
f 1523 1183 1234
f 1523 1521 1183
f 1523 1823 1521
f 1825 1823 1523
f 1825 2083 1823
f 2085 2083 1825
f 2085 710 2083
f 2083 710 348
f 144 49 349
f 711 429 144
f 429 49 144
f 429 427 49
f 799 864 347
f 427 799 347
f 429 799 427
f 864 799 1185
f 864 1185 1234
f 709 1234 1185
f 2359 348 710
f 2359 710 2361
f 2361 712 2359
f 2359 712 350
f 144 349 51
f 349 713 51
f 349 351 713
f 711 144 51
f 129 350 712
f 129 712 131
f 131 714 129
f 129 714 352
f 715 351 353
f 715 713 351
f 352 716 354
f 714 716 352
f 717 353 355
f 717 715 353
f 354 718 356
f 716 718 354
f 52 717 156
f 717 357 156
f 717 355 357
f 719 52 156
f 356 720 358
f 718 720 356
f 50 156 357
f 719 156 50
f 359 719 50
f 721 719 359
f 358 722 360
f 720 722 358
f 723 359 361
f 723 721 359
f 132 724 218
f 218 362 132
f 362 722 132
f 362 360 722
f 361 428 723
f 723 428 430
f 725 430 428
f 725 428 363
f 2086 726 364
f 2086 364 2084
f 2360 2086 2084
f 2360 2362 2086
f 724 2362 218
f 2362 130 218
f 2362 2360 130
f 362 218 130
f 363 798 725
f 725 798 800
f 1184 800 798
f 1184 1186 800
f 1522 1186 1184
f 1522 1524 1186
f 1824 1524 1522
f 1824 1826 1524
f 1824 364 1826
f 1826 364 726
f 963 729 875
f 875 729 1243
f 1243 729 1105
f 1243 1105 1569
f 1569 1105 1445
f 1445 964 1569
f 965 367 505
f 963 875 367
f 875 505 367
f 875 881 505
f 1243 1103 587
f 881 1243 587
f 875 1243 881
f 1573 588 1103
f 1243 1573 1103
f 1569 1573 1243
f 1747 1859 964
f 1859 1569 964
f 1859 1573 1569
f 1859 1747 2115
f 2115 1747 2007
f 2115 2007 2411
f 2411 2007 2283
f 2283 966 2411
f 967 1 153
f 965 505 1
f 505 153 1
f 505 511 153
f 881 727 589
f 511 881 589
f 505 881 511
f 881 587 727
f 1573 1443 588
f 1859 1745 1443
f 1859 1443 1573
f 2115 2005 1745
f 2115 1745 1859
f 2413 590 2005
f 2115 2413 2005
f 2411 2413 2115
f 53 209 966
f 209 2411 966
f 209 2413 2411
f 53 968 209
f 157 969 153
f 153 969 967
f 511 365 591
f 157 511 591
f 153 511 157
f 511 589 365
f 2413 2281 590
f 211 592 2281
f 2413 211 2281
f 209 211 2413
f 209 968 211
f 211 968 970
f 159 971 157
f 157 971 969
f 157 591 366
f 523 157 366
f 159 157 523
f 593 523 366
f 215 594 592
f 215 592 211
f 211 970 215
f 215 970 972
f 159 2 971
f 2 159 973
f 159 529 973
f 159 523 529
f 523 593 595
f 523 595 529
f 594 215 54
f 974 594 54
f 596 594 974
f 215 972 54
f 533 975 529
f 529 975 973
f 529 595 597
f 529 597 533
f 596 976 598
f 974 976 596
f 533 368 975
f 977 368 533
f 597 977 533
f 599 977 597
f 598 978 600
f 976 978 598
f 919 979 728
f 979 599 728
f 979 977 599
f 601 919 728
f 2284 980 2434
f 2434 602 2284
f 602 978 2284
f 602 600 978
f 919 730 979
f 601 1104 919
f 1104 730 919
f 1104 1106 730
f 1444 1106 1104
f 1444 1446 1106
f 1746 1446 1444
f 1746 1748 1446
f 2006 1748 1746
f 2006 2008 1748
f 980 2008 2434
f 2008 2282 2434
f 2008 2006 2282
f 602 2434 2282
f 981 1461 603
f 603 1461 1459
f 1461 1761 1459
f 1763 1761 1461
f 1763 2021 1761
f 2023 2021 1763
f 604 2021 2399
f 2021 2299 2399
f 2021 2023 2299
f 2299 982 2399
f 983 1121 605
f 605 1121 1119
f 603 1119 1121
f 603 1121 981
f 2399 2297 604
f 982 69 197
f 982 197 606
f 2399 982 606
f 2297 2399 606
f 69 984 197
f 985 745 607
f 607 745 743
f 605 743 745
f 605 745 983
f 197 67 606
f 197 984 67
f 984 608 67
f 984 986 608
f 506 381 609
f 607 381 506
f 987 607 506
f 985 607 987
f 608 988 610
f 986 988 608
f 611 512 609
f 609 512 506
f 987 506 512
f 987 512 989
f 610 990 612
f 988 990 610
f 613 518 611
f 611 518 512
f 989 512 518
f 989 518 991
f 70 992 614
f 70 614 68
f 68 612 70
f 70 612 990
f 160 15 615
f 15 160 613
f 160 518 613
f 160 524 518
f 991 518 524
f 991 524 993
f 614 994 616
f 992 994 614
f 617 164 615
f 615 164 160
f 164 995 383
f 524 164 383
f 160 164 524
f 993 524 383
f 2300 996 618
f 2300 618 2298
f 2298 616 2300
f 2300 616 994
f 164 617 17
f 617 997 17
f 617 619 997
f 995 164 17
f 618 998 620
f 996 998 618
f 999 619 621
f 999 997 619
f 2024 1000 2134
f 2134 622 2024
f 622 998 2024
f 622 620 998
f 1001 621 623
f 1001 999 621
f 624 2022 2134
f 1000 624 2134
f 1002 624 1000
f 622 2134 2022
f 1003 623 625
f 1003 1001 623
f 624 1004 626
f 1002 1004 624
f 625 16 1003
f 1003 16 18
f 1005 18 16
f 1005 16 627
f 1764 1006 1886
f 1886 628 1764
f 628 1004 1764
f 628 626 1004
f 627 382 1005
f 1005 382 384
f 744 384 382
f 744 746 384
f 1120 746 744
f 1120 1122 746
f 1460 1122 1120
f 1460 1462 1122
f 1006 1462 1886
f 1462 1762 1886
f 1462 1460 1762
f 628 1886 1762
f 1007 2039 2095
f 2095 2039 2391
f 2391 2039 2315
f 2391 2315 187
f 187 2315 85
f 187 85 555
f 555 85 445
f 445 1008 555
f 1009 757 629
f 629 757 755
f 757 1135 755
f 1137 1135 757
f 1137 1475 1135
f 1477 1475 1137
f 1477 1777 1475
f 1779 1777 1477
f 1779 1007 2095
f 2037 1779 2095
f 1777 1779 2037
f 2391 2313 2037
f 2391 2037 2095
f 187 83 2313
f 187 2313 2391
f 557 630 83
f 187 557 83
f 555 557 187
f 815 933 1008
f 933 555 1008
f 933 557 555
f 815 1010 933
f 1011 629 631
f 1011 1009 629
f 557 443 630
f 933 813 443
f 933 443 557
f 813 933 1010
f 1197 813 1010
f 1195 813 1197
f 1197 1012 1195
f 1195 1012 632
f 1013 631 633
f 1013 1011 631
f 1531 632 1012
f 1531 1012 1533
f 1533 1014 1531
f 1531 1014 634
f 1015 633 635
f 1015 1013 633
f 634 1016 636
f 1014 1016 634
f 1017 387 495
f 637 495 387
f 1015 637 387
f 635 637 1015
f 636 1018 638
f 1016 1018 636
f 501 1019 495
f 495 1019 1017
f 495 637 639
f 495 639 501
f 1534 1020 640
f 1534 640 1532
f 1532 638 1534
f 1534 638 1018
f 507 1021 501
f 501 1021 1019
f 501 639 641
f 501 641 507
f 1198 1022 642
f 1198 642 1196
f 1196 640 1198
f 1198 640 1020
f 507 388 1021
f 889 1023 756
f 756 1023 641
f 1023 388 641
f 388 507 641
f 643 889 756
f 816 1024 644
f 816 644 814
f 814 642 816
f 816 642 1022
f 889 758 1023
f 1025 758 889
f 643 1025 889
f 645 1025 643
f 446 1026 646
f 446 646 444
f 444 644 446
f 446 644 1024
f 1027 645 647
f 1027 1025 645
f 86 1028 648
f 86 648 84
f 84 646 86
f 86 646 1026
f 647 1136 1027
f 1027 1136 1138
f 1029 1138 1136
f 1029 1136 649
f 2316 1030 650
f 2316 650 2314
f 2314 648 2316
f 2316 648 1028
f 649 1476 1029
f 1029 1476 1478
f 1778 1478 1476
f 1778 1780 1478
f 2038 1780 1778
f 2038 2040 1780
f 2038 650 2040
f 2040 650 1030
f 194 99 651
f 562 459 194
f 194 459 99
f 562 652 459
f 1848 1793 653
f 2106 2053 1848
f 1848 2053 1793
f 2400 2329 2106
f 2106 2329 2053
f 2329 2400 651
f 2400 194 651
f 2400 196 194
f 564 194 196
f 562 194 564
f 652 562 829
f 562 940 829
f 562 564 940
f 940 654 829
f 1566 1491 655
f 1795 1848 653
f 1795 653 1491
f 1031 1795 1491
f 1566 1031 1491
f 1848 1795 2055
f 1848 2055 2106
f 2106 2055 2331
f 2106 2331 2400
f 2400 2331 1032
f 198 2400 1032
f 196 2400 198
f 566 196 198
f 564 196 566
f 942 564 566
f 940 564 942
f 654 940 656
f 656 940 942
f 1566 655 1493
f 655 1033 1493
f 655 657 1033
f 1031 1566 1493
f 101 198 1032
f 198 101 461
f 198 461 566
f 566 461 1034
f 944 566 1034
f 942 566 944
f 656 942 658
f 658 942 944
f 1035 1153 659
f 659 1153 1151
f 657 1151 1153
f 657 1153 1033
f 1036 948 944
f 1036 944 1034
f 658 944 1211
f 944 1296 1211
f 944 948 1296
f 1296 660 1211
f 1037 659 661
f 1037 1035 659
f 831 948 1036
f 948 831 1213
f 948 1213 1296
f 1213 1038 1296
f 1038 660 1296
f 1038 662 660
f 1039 661 663
f 1039 1037 661
f 662 1040 664
f 1038 1040 662
f 1041 663 665
f 1041 1039 663
f 664 1042 666
f 1040 1042 664
f 1043 665 667
f 1043 1041 665
f 666 1044 668
f 1042 1044 666
f 1267 1045 1152
f 1045 667 1152
f 1045 1043 667
f 669 1267 1152
f 668 1046 670
f 1044 1046 668
f 1267 1154 1045
f 1593 1047 1492
f 1492 1047 669
f 1047 1154 669
f 1154 1267 669
f 671 1593 1492
f 1214 1048 672
f 1214 672 1212
f 1212 670 1214
f 1214 670 1046
f 1593 1494 1047
f 1881 1049 1794
f 1794 1049 671
f 1049 1494 671
f 1494 1593 671
f 673 1881 1794
f 460 585 674
f 832 1050 585
f 460 832 585
f 830 832 460
f 830 672 832
f 832 672 1048
f 1881 1796 1049
f 673 2054 1881
f 2054 1796 1881
f 2054 2056 1796
f 2330 2056 2054
f 2330 2332 2056
f 100 2332 2330
f 100 102 2332
f 585 462 674
f 462 100 674
f 462 102 100
f 585 1050 462
f 1051 35 133
f 133 35 481
f 481 35 413
f 481 413 849
f 849 413 785
f 785 1052 849
f 1053 2269 2367
f 1051 133 2269
f 2269 133 2367
f 133 31 2367
f 31 675 2367
f 481 409 31
f 481 31 133
f 849 783 409
f 849 409 481
f 783 849 1052
f 1171 783 1052
f 1169 783 1171
f 676 1169 1547
f 1169 1509 1547
f 1169 1171 1509
f 1509 1054 1547
f 2265 677 2367
f 677 1053 2367
f 677 1055 1053
f 2367 675 2265
f 1547 1507 676
f 1054 1811 1837
f 1054 1837 678
f 1547 1054 678
f 1507 1547 678
f 1811 1056 1837
f 1057 677 679
f 1057 1055 677
f 1841 680 678
f 1841 678 1837
f 1837 1056 1841
f 1841 1056 1058
f 1059 679 681
f 1059 1057 679
f 1845 682 680
f 1845 680 1841
f 1841 1058 1845
f 1845 1058 1060
f 1061 681 683
f 1061 1059 681
f 1845 1809 682
f 1845 1060 1809
f 1060 684 1809
f 1060 1062 684
f 1063 683 685
f 1063 1061 683
f 2069 684 1062
f 2069 1062 2071
f 2071 1064 2069
f 2069 1064 686
f 685 2266 1063
f 1063 2266 2270
f 32 2270 2266
f 32 36 2270
f 1065 36 32
f 1065 32 687
f 2345 686 1064
f 2345 1064 2347
f 2347 1066 2345
f 2345 1066 688
f 687 410 1065
f 1065 410 414
f 1067 414 410
f 1067 410 689
f 115 688 1066
f 115 1066 117
f 117 475 115
f 477 475 117
f 477 1068 475
f 475 1068 690
f 1069 689 691
f 1069 1067 689
f 845 690 1068
f 845 1068 847
f 847 1070 845
f 845 1070 692
f 1071 691 693
f 1071 1069 691
f 692 1072 694
f 1070 1072 692
f 526 411 695
f 693 411 526
f 1073 693 526
f 1071 693 1073
f 694 1074 696
f 1072 1074 694
f 166 33 697
f 415 526 695
f 415 695 33
f 1075 415 33
f 166 1075 33
f 1073 526 415
f 848 1076 958
f 958 698 848
f 698 1074 848
f 698 696 1074
f 2382 2267 699
f 37 166 697
f 37 697 2267
f 1077 37 2267
f 2382 1077 2267
f 1075 166 37
f 2348 1078 2428
f 2348 2428 700
f 116 2348 700
f 118 2348 116
f 476 118 116
f 476 478 118
f 1076 478 958
f 478 846 958
f 478 476 846
f 698 958 846
f 701 2384 699
f 699 2384 2382
f 1077 2382 2384
f 1077 2384 1079
f 1510 1080 1594
f 1510 1594 1878
f 1510 1878 1812
f 1812 1878 702
f 2070 1812 702
f 2072 1812 2070
f 1078 2072 2428
f 2072 2346 2428
f 2072 2070 2346
f 700 2428 2346
f 703 2386 701
f 701 2386 2384
f 1079 2384 2386
f 1079 2386 1081
f 1172 1082 1276
f 1594 1080 1172
f 1276 1594 1172
f 1598 1594 1276
f 1810 1878 704
f 1878 1598 704
f 1878 1594 1598
f 702 1878 1810
f 705 2388 703
f 703 2388 2386
f 182 38 1081
f 2386 182 1081
f 2388 182 2386
f 1083 38 182
f 786 1084 926
f 1276 1082 786
f 926 1276 786
f 1280 1276 926
f 1508 1598 706
f 1598 1280 706
f 1598 1276 1280
f 704 1598 1508
f 2268 2388 705
f 707 184 2268
f 184 2388 2268
f 184 182 2388
f 552 416 1083
f 182 552 1083
f 184 552 182
f 926 1084 416
f 552 926 416
f 930 926 552
f 1170 1280 708
f 1280 930 708
f 1280 926 930
f 706 1280 1170
f 34 184 707
f 412 552 34
f 34 552 184
f 784 930 412
f 412 930 552
f 708 930 784
f 1560 1523 709
f 1846 1825 1560
f 1560 1825 1523
f 2104 2085 1846
f 1846 2085 1825
f 2104 710 2085
f 494 429 711
f 868 799 494
f 494 799 429
f 1085 1187 868
f 1187 799 868
f 1187 1185 799
f 1525 1560 709
f 1185 1525 709
f 1187 1525 1185
f 1560 1525 1827
f 1560 1827 1846
f 1846 1827 2087
f 1846 2087 2104
f 1086 2402 2361
f 1086 2361 710
f 2087 1086 710
f 2104 2087 710
f 2402 712 2361
f 146 51 713
f 51 146 711
f 146 494 711
f 146 498 494
f 498 1087 801
f 868 498 801
f 494 498 868
f 1085 868 801
f 2363 2402 1086
f 1088 200 131
f 1088 131 712
f 2363 1088 712
f 2402 2363 712
f 200 714 131
f 715 148 713
f 713 148 146
f 148 1089 431
f 498 148 431
f 146 148 498
f 1087 498 431
f 1090 206 200
f 1090 200 1088
f 714 200 716
f 716 200 206
f 717 152 715
f 715 152 148
f 1089 148 152
f 1089 152 1091
f 1092 208 206
f 1092 206 1090
f 716 206 718
f 718 206 208
f 52 152 717
f 1091 152 52
f 719 1091 52
f 1093 1091 719
f 1094 210 208
f 1094 208 1092
f 718 208 720
f 720 208 210
f 1095 719 721
f 1095 1093 719
f 1096 214 210
f 1096 210 1094
f 720 210 722
f 722 210 214
f 1097 721 723
f 1097 1095 721
f 2364 1098 2420
f 214 1096 2364
f 214 2364 2420
f 132 214 2420
f 724 132 2420
f 722 214 132
f 723 430 1097
f 1097 430 432
f 1099 432 430
f 1099 430 725
f 2088 1100 726
f 2088 726 2086
f 1098 2088 2420
f 2088 2362 2420
f 2088 2086 2362
f 724 2420 2362
f 725 800 1099
f 1099 800 802
f 1186 802 800
f 1186 1188 802
f 1524 1188 1186
f 1524 1526 1188
f 1826 1526 1524
f 1826 1828 1526
f 1826 726 1828
f 1828 726 1100
f 1309 731 869
f 869 731 1239
f 1239 731 1107
f 1239 1107 1565
f 1565 1107 1447
f 1565 1447 1851
f 1851 1447 1749
f 1749 1310 1851
f 1311 369 499
f 1309 869 369
f 369 869 499
f 869 729 499
f 729 963 499
f 1239 1105 729
f 1239 729 869
f 1565 1445 1105
f 1565 1105 1239
f 1855 964 1445
f 1565 1855 1445
f 1851 1855 1565
f 2009 2113 1310
f 2113 1851 1310
f 2113 1855 1851
f 2113 2009 2407
f 2407 2009 2285
f 2285 1312 2407
f 1313 3 149
f 1311 499 3
f 3 499 149
f 499 367 149
f 367 965 149
f 499 963 367
f 1855 1747 964
f 2113 2007 1747
f 2113 1747 1855
f 2407 2283 2007
f 2407 2007 2113
f 1312 55 207
f 1312 207 966
f 2407 1312 966
f 2283 2407 966
f 55 1314 207
f 1 967 149
f 967 1313 149
f 967 1315 1313
f 149 965 1
f 207 53 966
f 207 1314 53
f 1314 968 53
f 1314 1316 968
f 1317 967 969
f 1317 1315 967
f 968 1318 970
f 1316 1318 968
f 1319 969 971
f 1319 1317 969
f 970 1320 972
f 1318 1320 970
f 163 1321 2
f 1321 971 2
f 1321 1319 971
f 973 163 2
f 54 219 974
f 54 972 219
f 972 1322 219
f 972 1320 1322
f 163 4 1321
f 1323 4 163
f 973 1323 163
f 975 1323 973
f 974 219 56
f 1324 974 56
f 976 974 1324
f 219 1322 56
f 537 1325 368
f 1325 975 368
f 1325 1323 975
f 977 537 368
f 976 1326 978
f 1324 1326 976
f 537 370 1325
f 1327 370 537
f 977 1327 537
f 979 1327 977
f 2286 1328 980
f 2286 980 2284
f 2284 978 2286
f 2286 978 1326
f 979 730 1327
f 1327 730 732
f 1106 732 730
f 1106 1108 732
f 1446 1108 1106
f 1446 1448 1108
f 1748 1448 1446
f 1748 1750 1448
f 2008 1750 1748
f 2008 2010 1750
f 2008 980 2010
f 2010 980 1328
f 1329 1463 981
f 981 1463 1461
f 1463 1763 1461
f 1765 1763 1463
f 1765 2023 1763
f 2025 2023 1765
f 2025 2299 2023
f 2301 2299 2025
f 2301 1330 2299
f 2299 1330 982
f 1331 1123 983
f 983 1123 1121
f 981 1121 1123
f 981 1123 1329
f 69 982 1330
f 69 1330 71
f 71 1332 69
f 69 1332 984
f 876 745 985
f 983 745 876
f 1333 983 876
f 1331 983 1333
f 984 1334 986
f 1332 1334 984
f 987 882 985
f 985 882 876
f 1333 876 882
f 1333 882 1335
f 986 1336 988
f 1334 1336 986
f 989 888 987
f 987 888 882
f 1335 882 888
f 1335 888 1337
f 988 1338 990
f 1336 1338 988
f 991 894 989
f 989 894 888
f 1337 888 894
f 1337 894 1339
f 72 1340 992
f 72 992 70
f 70 990 72
f 72 990 1338
f 993 900 991
f 991 900 894
f 1339 894 900
f 1339 900 1341
f 2302 1342 2418
f 2418 994 2302
f 994 1340 2302
f 994 992 1340
f 530 383 995
f 747 900 993
f 747 993 383
f 1343 747 383
f 530 1343 383
f 1341 900 747
f 2026 1344 2124
f 2418 1342 2026
f 2418 2026 2124
f 2300 2418 2124
f 996 2300 2124
f 994 2418 2300
f 168 17 997
f 385 530 995
f 385 995 17
f 1345 385 17
f 168 1345 17
f 1343 530 385
f 1346 2130 2124
f 1346 2124 1344
f 996 2124 998
f 998 2124 2130
f 999 172 997
f 997 172 168
f 1345 168 172
f 1345 172 1347
f 1000 2024 2130
f 1346 1000 2130
f 1348 1000 1346
f 998 2130 2024
f 1001 176 999
f 999 176 172
f 1347 172 176
f 1347 176 1349
f 1000 1350 1002
f 1348 1350 1000
f 1003 180 1001
f 1001 180 176
f 546 386 1349
f 176 546 1349
f 180 546 176
f 1351 386 546
f 1766 1352 1884
f 1884 1004 1766
f 1004 1350 1766
f 1004 1002 1350
f 18 180 1003
f 1005 550 18
f 550 180 18
f 550 546 180
f 928 748 1351
f 546 928 1351
f 550 928 546
f 748 928 1282
f 748 1282 1124
f 1124 1282 1604
f 1124 1604 1464
f 1884 1352 1464
f 1884 1464 1604
f 1764 1884 1604
f 1006 1764 1604
f 1004 1884 1764
f 384 550 1005
f 746 928 384
f 384 928 550
f 1122 1282 746
f 746 1282 928
f 1462 1604 1122
f 1122 1604 1282
f 1006 1604 1462
f 1353 2317 2389
f 2389 2317 185
f 185 2317 87
f 185 87 553
f 553 87 447
f 447 1354 553
f 1355 1781 1833
f 1833 1781 1007
f 1781 2039 1007
f 1781 2041 2039
f 2041 1353 2389
f 2315 2041 2389
f 2039 2041 2315
f 185 85 2315
f 185 2315 2389
f 553 445 85
f 553 85 185
f 1354 817 931
f 1354 931 1008
f 553 1354 1008
f 445 553 1008
f 817 1356 931
f 854 757 1009
f 1357 1139 854
f 1139 757 854
f 1139 1137 757
f 1139 1477 1137
f 1479 1477 1139
f 1479 1355 1833
f 1779 1479 1833
f 1477 1479 1779
f 1833 1007 1779
f 931 815 1008
f 1356 1199 1283
f 1356 1283 1010
f 931 1356 1010
f 815 931 1010
f 1199 1358 1283
f 854 1009 759
f 1009 1359 759
f 1009 1011 1359
f 1357 854 759
f 1283 1197 1010
f 1283 1358 1197
f 1358 1012 1197
f 1358 1360 1012
f 1361 1011 1013
f 1361 1359 1011
f 1533 1012 1360
f 1533 1360 1535
f 1535 1362 1533
f 1533 1362 1014
f 1363 389 491
f 1015 491 389
f 1361 1015 389
f 1013 1015 1361
f 1014 1364 1016
f 1362 1364 1014
f 387 1017 491
f 1017 1363 491
f 1017 1365 1363
f 491 1015 387
f 1016 1366 1018
f 1364 1366 1016
f 1367 1017 1019
f 1367 1365 1017
f 1534 1611 1020
f 1534 1018 1611
f 1018 1368 1611
f 1018 1366 1368
f 1369 1019 1021
f 1369 1367 1019
f 1198 1295 1022
f 1611 1536 1020
f 1020 1536 1198
f 1536 1370 1198
f 1370 1295 1198
f 1611 1368 1536
f 1021 388 1369
f 1369 388 390
f 1371 390 388
f 1371 388 1023
f 816 949 1024
f 1295 1200 1022
f 1022 1200 816
f 1200 1372 816
f 1372 949 816
f 1295 1370 1200
f 1023 758 1371
f 1371 758 760
f 1373 760 758
f 1373 758 1025
f 446 575 1026
f 949 818 1024
f 1024 818 446
f 818 1374 446
f 1374 575 446
f 949 1372 818
f 1140 1373 1258
f 1373 1027 1258
f 1373 1025 1027
f 1375 1140 1258
f 86 217 1028
f 575 448 1026
f 1026 448 86
f 448 1376 86
f 1376 217 86
f 575 1374 448
f 1138 1258 1027
f 1480 1375 1584
f 1584 1375 1029
f 1375 1258 1029
f 1258 1138 1029
f 1480 1584 1868
f 1480 1868 1782
f 1782 1868 2126
f 1782 2126 2042
f 2042 2126 1030
f 2316 2042 1030
f 2318 2042 2316
f 217 88 1028
f 88 2316 1028
f 88 2318 2316
f 217 1376 88
f 1478 1584 1029
f 1780 1868 1478
f 1478 1868 1584
f 2040 2126 1780
f 1780 2126 1868
f 1030 2126 2040
f 1852 1795 1031
f 2110 2055 1852
f 1852 2055 1795
f 2404 2331 2110
f 2110 2331 2055
f 2404 1032 2331
f 1570 1493 1033
f 1797 1852 1031
f 1797 1031 1493
f 1377 1797 1493
f 1570 1377 1493
f 1852 1797 2057
f 1852 2057 2110
f 2110 2057 2333
f 2110 2333 2404
f 1378 202 101
f 1378 101 1032
f 2333 1378 1032
f 2404 2333 1032
f 568 461 202
f 202 461 101
f 568 1034 461
f 1248 1153 1035
f 1495 1570 1033
f 1495 1033 1153
f 1379 1495 1153
f 1248 1379 1153
f 1377 1570 1495
f 103 202 1378
f 202 103 463
f 202 463 568
f 463 1380 568
f 1380 1034 568
f 1380 1036 1034
f 1248 1035 1155
f 1035 1381 1155
f 1035 1037 1381
f 1379 1248 1155
f 831 1036 1380
f 831 1380 833
f 1298 1213 1382
f 1213 833 1382
f 1213 831 833
f 1298 1038 1213
f 1383 769 895
f 1039 895 769
f 1381 1039 769
f 1037 1039 1381
f 1215 1298 1382
f 1215 1384 1298
f 1384 1038 1298
f 1384 1040 1038
f 901 1385 895
f 895 1385 1383
f 895 1039 1041
f 895 1041 901
f 1040 1386 1042
f 1384 1386 1040
f 907 1387 901
f 901 1387 1385
f 901 1041 1043
f 901 1043 907
f 1042 1388 1044
f 1386 1388 1042
f 913 1389 907
f 907 1389 1387
f 907 1043 1045
f 907 1045 913
f 1044 1390 1046
f 1388 1390 1044
f 913 770 1389
f 1271 1391 1154
f 1154 1391 1045
f 1391 770 1045
f 770 913 1045
f 1047 1271 1154
f 1214 1307 1048
f 1214 1046 1307
f 1046 1392 1307
f 1046 1390 1392
f 1271 1156 1391
f 1047 1494 1271
f 1494 1156 1271
f 1494 1496 1156
f 1393 1496 1494
f 1393 1494 1049
f 834 1394 1050
f 834 1050 832
f 1307 1216 1048
f 1216 832 1048
f 1216 834 832
f 1307 1392 1216
f 1049 1796 1393
f 1393 1796 1798
f 2056 1798 1796
f 2056 2058 1798
f 2332 2058 2056
f 2332 2334 2058
f 102 2334 2332
f 102 104 2334
f 462 104 102
f 462 464 104
f 462 1050 464
f 464 1050 1394
f 1395 39 1051
f 1051 39 35
f 39 413 35
f 417 413 39
f 417 785 413
f 787 785 417
f 787 1396 785
f 785 1396 1052
f 1397 2271 1053
f 1053 2271 2269
f 1051 2269 2271
f 1051 2271 1395
f 1171 1052 1396
f 1171 1396 1173
f 1173 1509 1171
f 1511 1509 1173
f 1511 1398 1509
f 1509 1398 1054
f 1399 1053 1055
f 1399 1397 1053
f 1811 1054 1398
f 1811 1398 1813
f 1813 1400 1811
f 1811 1400 1056
f 1401 1055 1057
f 1401 1399 1055
f 1056 1402 1058
f 1400 1402 1056
f 1403 1057 1059
f 1403 1401 1057
f 1402 2073 2103
f 1060 1402 2103
f 1058 1402 1060
f 2073 1404 2103
f 1405 1059 1061
f 1405 1403 1059
f 2107 1062 1060
f 2107 1060 2103
f 2103 1404 2107
f 2107 1404 1406
f 2272 1405 2378
f 1405 1063 2378
f 1405 1061 1063
f 1407 2272 2378
f 2107 2071 1062
f 2107 1406 2071
f 1406 1064 2071
f 1406 1408 1064
f 2270 2378 1063
f 2378 2270 1407
f 2270 40 1407
f 2270 36 40
f 1409 40 36
f 1409 36 1065
f 2347 1064 1408
f 2347 1408 2349
f 2349 1410 2347
f 2347 1410 1066
f 1065 414 1409
f 1409 414 418
f 1411 418 414
f 1411 414 1067
f 117 1066 1410
f 117 1410 119
f 572 477 1412
f 477 119 1412
f 477 117 119
f 572 1068 477
f 1413 1067 1069
f 1413 1411 1067
f 479 572 1412
f 1414 952 847
f 1414 847 1068
f 479 1414 1068
f 572 479 1068
f 952 1070 847
f 788 1413 896
f 1413 1071 896
f 1413 1069 1071
f 1415 788 896
f 1416 954 952
f 1416 952 1414
f 1070 952 1072
f 1072 952 954
f 1073 902 1071
f 1071 902 896
f 1415 896 902
f 1415 902 1417
f 1418 956 954
f 1418 954 1416
f 1072 954 1074
f 1074 954 956
f 532 415 1075
f 415 532 1073
f 532 902 1073
f 532 908 902
f 1417 902 908
f 1417 908 1419
f 480 1420 580
f 956 1418 480
f 956 480 580
f 848 956 580
f 1076 848 580
f 1074 956 848
f 170 37 1077
f 37 170 1075
f 170 532 1075
f 170 536 532
f 914 532 536
f 908 532 914
f 1268 1174 1419
f 908 1268 1419
f 914 1268 908
f 1421 1174 1268
f 1814 1422 1874
f 1814 1874 2132
f 1814 2132 2074
f 2074 2132 1078
f 2348 2074 1078
f 2350 2074 2348
f 118 2350 2348
f 118 120 2350
f 1420 120 580
f 120 478 580
f 120 118 478
f 1076 580 478
f 1079 174 1077
f 1077 174 170
f 540 170 174
f 536 170 540
f 918 536 540
f 914 536 918
f 1272 914 918
f 1268 914 1272
f 1510 1512 1080
f 1512 1268 1080
f 1268 1272 1080
f 1512 1421 1268
f 1422 1512 1874
f 1512 1812 1874
f 1512 1510 1812
f 2072 2132 1812
f 1812 2132 1874
f 1078 2132 2072
f 1081 178 1079
f 1079 178 174
f 544 174 178
f 540 174 544
f 922 540 544
f 918 540 922
f 1172 1272 1082
f 1272 922 1082
f 1272 918 922
f 1080 1272 1172
f 38 178 1081
f 1083 548 38
f 548 178 38
f 548 544 178
f 786 922 1084
f 922 548 1084
f 922 544 548
f 1082 922 786
f 416 548 1083
f 1084 548 416
f 1423 1189 1085
f 1085 1189 1187
f 1189 1525 1187
f 1527 1525 1189
f 1527 1827 1525
f 1829 1827 1527
f 1829 2087 1827
f 2089 2087 1829
f 2089 1424 2087
f 2087 1424 1086
f 1425 803 1087
f 1087 803 801
f 1085 801 803
f 1085 803 1423
f 2363 1086 1424
f 2363 1424 2365
f 2365 1426 2363
f 2363 1426 1088
f 504 431 1089
f 1087 431 504
f 1427 1087 504
f 1425 1087 1427
f 1088 1428 1090
f 1426 1428 1088
f 1091 510 1089
f 1089 510 504
f 1427 504 510
f 1427 510 1429
f 1090 1430 1092
f 1428 1430 1090
f 1093 516 1091
f 1091 516 510
f 1429 510 516
f 1429 516 1431
f 1092 1432 1094
f 1430 1432 1092
f 1095 522 1093
f 1093 522 516
f 1431 516 522
f 1431 522 1433
f 1094 1434 1096
f 1432 1434 1094
f 1097 528 1095
f 1095 528 522
f 1433 522 528
f 1433 528 1435
f 2366 1436 1098
f 2366 1098 2364
f 2364 1096 2366
f 2366 1096 1434
f 432 528 1097
f 804 1435 910
f 910 1435 1099
f 1435 528 1099
f 528 432 1099
f 1437 804 910
f 2090 1438 1100
f 2090 1100 2088
f 2088 1098 2090
f 2090 1098 1436
f 802 910 1099
f 910 802 1437
f 802 1190 1437
f 802 1188 1190
f 1526 1190 1188
f 1526 1528 1190
f 1828 1528 1526
f 1828 1830 1528
f 1828 1100 1830
f 1830 1100 1438
f 1619 733 1309
f 1309 733 731
f 733 1107 731
f 1109 1107 733
f 1109 1447 1107
f 1449 1447 1109
f 1449 1749 1447
f 1751 1749 1449
f 1310 1749 2109
f 1749 2011 2109
f 1749 1751 2011
f 2011 1620 2109
f 1621 371 1311
f 1311 371 369
f 1309 369 371
f 1309 371 1619
f 2109 2009 1310
f 2009 2109 1620
f 2287 2009 1620
f 2285 2009 2287
f 2287 1622 2285
f 2285 1622 1312
f 1623 5 1313
f 1313 5 3
f 1311 3 5
f 1311 5 1621
f 55 1312 1622
f 55 1622 57
f 57 1624 55
f 55 1624 1314
f 1625 1313 1315
f 1625 1623 1313
f 1314 1626 1316
f 1624 1626 1314
f 1627 1315 1317
f 1627 1625 1315
f 1316 1628 1318
f 1626 1628 1316
f 1629 1317 1319
f 1629 1627 1317
f 1318 1630 1320
f 1628 1630 1318
f 1631 1319 1321
f 1631 1629 1319
f 1320 1632 1322
f 1630 1632 1320
f 1321 4 1631
f 1631 4 6
f 1633 6 4
f 1633 4 1323
f 58 1634 1324
f 58 1324 56
f 56 1322 58
f 58 1322 1632
f 1635 1323 1325
f 1635 1633 1323
f 1324 1636 1326
f 1634 1636 1324
f 1325 370 1635
f 1635 370 372
f 1637 372 370
f 1637 370 1327
f 2288 1638 1328
f 2288 1328 2286
f 2286 1326 2288
f 2288 1326 1636
f 1327 732 1637
f 1637 732 734
f 1108 734 732
f 1108 1110 734
f 1448 1110 1108
f 1448 1450 1110
f 1750 1450 1448
f 1750 1752 1450
f 2010 1752 1750
f 2010 2012 1752
f 2010 1328 2012
f 2012 1328 1638
f 1639 1465 1329
f 1329 1465 1463
f 1465 1765 1463
f 1767 1765 1465
f 1767 2025 1765
f 2027 2025 1767
f 2027 2301 2025
f 2303 2301 2027
f 1330 2301 195
f 2301 73 195
f 2301 2303 73
f 195 73 563
f 563 73 433
f 433 1640 563
f 1641 1125 1331
f 1331 1125 1123
f 1329 1123 1125
f 1329 1125 1639
f 195 71 1330
f 565 1332 71
f 195 565 71
f 563 565 195
f 563 1640 565
f 565 1640 1642
f 1643 1331 1333
f 1643 1641 1331
f 567 1334 1332
f 567 1332 565
f 565 1642 567
f 567 1642 1644
f 1645 1333 1335
f 1645 1643 1333
f 569 1336 1334
f 569 1334 567
f 567 1644 569
f 569 1644 1646
f 1647 1335 1337
f 1647 1645 1335
f 1336 569 434
f 1648 1336 434
f 1338 1336 1648
f 569 1646 434
f 1649 1337 1339
f 1649 1647 1337
f 74 1650 1340
f 74 1340 72
f 72 1338 74
f 74 1338 1648
f 1651 1339 1341
f 1651 1649 1339
f 2304 1652 1342
f 2304 1342 2302
f 2302 1340 2304
f 2304 1340 1650
f 906 747 1343
f 1341 747 906
f 1653 1341 906
f 1651 1341 1653
f 2028 1654 1344
f 2028 1344 2026
f 2026 1342 2028
f 2028 1342 1652
f 534 385 1345
f 749 906 1343
f 749 1343 385
f 1655 749 385
f 534 1655 385
f 1653 906 749
f 1344 1656 1346
f 1654 1656 1344
f 1347 538 1345
f 1345 538 534
f 1655 534 538
f 1655 538 1657
f 1768 1658 1876
f 1876 1348 1768
f 1348 1656 1768
f 1348 1346 1656
f 1349 542 1347
f 1347 542 538
f 920 750 1657
f 538 920 1657
f 542 920 538
f 1659 750 920
f 1466 1660 1596
f 1876 1658 1466
f 1596 1876 1466
f 1880 1876 1596
f 1348 1876 1350
f 1350 1876 1880
f 386 542 1349
f 1351 924 386
f 924 542 386
f 924 920 542
f 1278 1126 1659
f 920 1278 1659
f 924 1278 920
f 1596 1660 1126
f 1278 1596 1126
f 1600 1596 1278
f 1766 1880 1352
f 1880 1600 1352
f 1880 1596 1600
f 1350 1880 1766
f 748 924 1351
f 1124 1278 748
f 748 1278 924
f 1464 1600 1124
f 1124 1600 1278
f 1352 1600 1464
f 1661 2043 2093
f 2093 2043 1353
f 2043 2317 1353
f 2043 2319 2317
f 2319 87 2317
f 89 87 2319
f 89 447 87
f 449 447 89
f 449 1662 447
f 447 1662 1354
f 1834 1781 1355
f 1663 1661 1834
f 1661 2041 1834
f 2041 1781 1834
f 1661 2093 2041
f 2093 1353 2041
f 817 1354 1662
f 817 1662 819
f 819 1664 817
f 817 1664 1356
f 1224 1139 1357
f 1665 1481 1224
f 1481 1139 1224
f 1481 1479 1139
f 1783 1834 1355
f 1479 1783 1355
f 1481 1783 1479
f 1663 1834 1783
f 1199 1356 1664
f 1199 1664 1201
f 1201 1666 1199
f 1199 1666 1358
f 858 759 1359
f 1141 1224 1357
f 1141 1357 759
f 1667 1141 759
f 858 1667 759
f 1665 1224 1141
f 1358 1668 1360
f 1666 1668 1358
f 858 1359 761
f 1359 1669 761
f 1359 1361 1669
f 1667 858 761
f 1535 1360 1668
f 1535 1668 1537
f 1537 1670 1535
f 1535 1670 1362
f 492 389 1363
f 1361 389 492
f 1671 1361 492
f 1669 1361 1671
f 1362 1672 1364
f 1670 1672 1362
f 492 1363 391
f 1363 1673 391
f 1363 1365 1673
f 1671 492 391
f 1364 1674 1366
f 1672 1674 1364
f 1675 1365 1367
f 1675 1673 1365
f 1366 1676 1368
f 1674 1676 1366
f 1677 1367 1369
f 1677 1675 1367
f 1536 1613 1370
f 1536 1368 1613
f 1368 1678 1613
f 1368 1676 1678
f 1369 390 1677
f 1677 390 392
f 1679 392 390
f 1679 390 1371
f 1200 1297 1372
f 1613 1538 1370
f 1370 1538 1200
f 1538 1680 1200
f 1680 1297 1200
f 1613 1678 1538
f 1371 760 1679
f 1679 760 762
f 1681 762 760
f 1681 760 1373
f 818 953 1374
f 1297 1202 1372
f 1372 1202 818
f 1202 1682 818
f 1682 953 818
f 1297 1680 1202
f 1373 1140 1681
f 1681 1140 1142
f 1140 1375 1580
f 1482 1140 1580
f 1142 1140 1482
f 1683 1482 1580
f 448 577 1376
f 953 820 1374
f 1374 820 448
f 820 1684 448
f 1684 577 448
f 953 1682 820
f 1480 1580 1375
f 1580 1480 1683
f 1480 1784 1683
f 1480 1782 1784
f 2042 1784 1782
f 2042 2044 1784
f 2318 2044 2042
f 2318 2320 2044
f 88 2320 2318
f 88 90 2320
f 577 450 1376
f 450 88 1376
f 450 90 88
f 577 1684 450
f 1856 1797 1377
f 1685 2059 1856
f 2059 1797 1856
f 2059 2057 1797
f 2408 2333 1686
f 2333 2059 1686
f 2333 2057 2059
f 2408 1378 2333
f 1687 1497 1379
f 1379 1497 1495
f 1799 1856 1377
f 1495 1799 1377
f 1497 1799 1495
f 1685 1856 1799
f 2335 2408 1686
f 103 1378 2408
f 2335 103 2408
f 105 103 2335
f 570 463 1688
f 463 105 1688
f 463 103 105
f 570 1380 463
f 1689 1157 1381
f 1381 1157 1155
f 1379 1155 1157
f 1379 1157 1687
f 465 570 1688
f 833 1380 570
f 465 833 570
f 835 833 465
f 835 1690 833
f 833 1690 1382
f 1691 771 1383
f 1383 771 769
f 1381 769 771
f 1381 771 1689
f 1692 1300 1215
f 1382 1692 1215
f 1690 1692 1382
f 1300 1384 1215
f 1693 395 525
f 1385 525 395
f 1691 1385 395
f 1383 1385 1691
f 1217 1300 1692
f 1217 1694 1300
f 1694 1384 1300
f 1694 1386 1384
f 531 1695 525
f 525 1695 1693
f 525 1385 1387
f 525 1387 531
f 1386 1696 1388
f 1694 1696 1386
f 535 1697 531
f 531 1697 1695
f 531 1387 1389
f 531 1389 535
f 1388 1698 1390
f 1696 1698 1388
f 539 1699 535
f 535 1699 1697
f 535 1389 770
f 917 535 770
f 539 535 917
f 1391 917 770
f 1218 1700 1308
f 1308 1392 1218
f 1392 1698 1218
f 1392 1390 1698
f 539 396 1699
f 396 539 1701
f 539 921 1701
f 539 917 921
f 917 1391 1156
f 1275 917 1156
f 921 917 1275
f 1496 1597 1275
f 1496 1275 1156
f 1393 1597 1496
f 466 1702 586
f 466 586 1394
f 834 466 1394
f 836 466 834
f 1700 836 1308
f 836 1216 1308
f 836 834 1216
f 1392 1308 1216
f 921 772 1701
f 772 921 1158
f 1158 921 1275
f 1158 1275 1498
f 1498 1275 1597
f 1393 1798 1597
f 1798 1498 1597
f 1798 1800 1498
f 2058 1800 1798
f 2058 2060 1800
f 2334 2060 2058
f 2334 2336 2060
f 104 2336 2334
f 104 106 2336
f 1702 106 586
f 106 464 586
f 106 104 464
f 1394 586 464
f 1703 41 1395
f 1395 41 39
f 41 417 39
f 419 417 41
f 419 787 417
f 789 787 419
f 789 1704 787
f 787 1704 1396
f 1705 2273 1397
f 1397 2273 2271
f 1395 2271 2273
f 1395 2273 1703
f 1173 1396 1704
f 1173 1704 1175
f 1175 1511 1173
f 1513 1511 1175
f 1513 1706 1511
f 1511 1706 1398
f 1707 1397 1399
f 1707 1705 1397
f 1813 1398 1706
f 1813 1706 1815
f 1815 1708 1813
f 1813 1708 1400
f 1709 1399 1401
f 1709 1707 1399
f 1400 1710 1402
f 1708 1710 1400
f 1711 1401 1403
f 1711 1709 1401
f 2073 1402 1710
f 2073 1710 2075
f 2075 1712 2073
f 2073 1712 1404
f 1713 1403 1405
f 1713 1711 1403
f 1404 1714 1406
f 1712 1714 1404
f 1405 2272 1713
f 1713 2272 2274
f 1715 2274 2272
f 1715 2272 1407
f 1714 2351 2405
f 1408 1714 2405
f 1406 1714 1408
f 2351 1716 2405
f 1407 40 1715
f 1715 40 42
f 1717 42 40
f 1717 40 1409
f 2405 2349 1408
f 1716 121 205
f 1716 205 1410
f 2405 1716 1410
f 2349 2405 1410
f 121 1718 205
f 1409 418 1717
f 1717 418 420
f 1719 420 418
f 1719 418 1411
f 205 119 1410
f 205 1718 119
f 1718 1412 119
f 1718 1720 1412
f 1721 1411 1413
f 1721 1719 1411
f 1722 574 479
f 1412 1722 479
f 1720 1722 1412
f 574 1414 479
f 1413 788 1721
f 1721 788 790
f 1723 790 788
f 1723 788 1415
f 1724 576 574
f 1724 574 1722
f 1414 574 1416
f 1416 574 576
f 1725 1415 1417
f 1725 1723 1415
f 1726 578 576
f 1726 576 1724
f 1416 576 1418
f 1418 576 578
f 1727 1417 1419
f 1727 1725 1417
f 2352 1728 2424
f 2352 2424 222
f 2352 222 122
f 578 1726 122
f 578 122 222
f 480 578 222
f 1420 480 222
f 1418 578 480
f 1419 1174 1727
f 1727 1174 1176
f 1174 1421 1590
f 1514 1174 1590
f 1176 1174 1514
f 1514 1590 1422
f 1814 1514 1422
f 1816 1514 1814
f 2074 1816 1814
f 2074 2076 1816
f 1728 2076 2424
f 2076 2350 2424
f 2076 2074 2350
f 120 222 2350
f 2350 222 2424
f 1420 222 120
f 1512 1590 1421
f 1422 1590 1512
f 1238 1189 1423
f 1564 1527 1238
f 1238 1527 1189
f 1850 1829 1564
f 1564 1829 1527
f 2108 2089 1850
f 1850 2089 1829
f 2108 1424 2089
f 874 803 1425
f 803 874 1423
f 874 1238 1423
f 874 1242 1238
f 1242 1729 1529
f 1564 1242 1529
f 1238 1242 1564
f 1564 1529 1831
f 1564 1831 1850
f 1850 1831 1730
f 2112 1850 1730
f 2108 1850 2112
f 1424 2108 2365
f 2108 2406 2365
f 2108 2112 2406
f 2406 1426 2365
f 1427 880 1425
f 1425 880 874
f 880 1731 1191
f 1242 880 1191
f 874 880 1242
f 1729 1242 1191
f 2091 2112 1730
f 2112 2091 1732
f 2410 2112 1732
f 2406 2112 2410
f 1426 2406 1428
f 1428 2406 2410
f 1429 886 1427
f 1427 886 880
f 1731 880 886
f 1731 886 1733
f 1734 2412 2410
f 1734 2410 1732
f 1428 2410 1430
f 1430 2410 2412
f 1431 892 1429
f 1429 892 886
f 1733 886 892
f 1733 892 1735
f 1736 2414 2412
f 1736 2412 1734
f 1430 2412 1432
f 1432 2412 2414
f 1433 898 1431
f 1431 898 892
f 1735 892 898
f 1735 898 1737
f 2092 1738 2120
f 2414 1736 2092
f 2120 2414 2092
f 2416 2414 2120
f 1432 2414 1434
f 1434 2414 2416
f 1435 904 1433
f 1433 904 898
f 1260 1192 1737
f 898 1260 1737
f 904 1260 898
f 1739 1192 1260
f 1832 1740 1866
f 2120 1738 1832
f 1866 2120 1832
f 2122 2120 1866
f 2366 2416 1436
f 2416 2122 1436
f 2416 2120 2122
f 1434 2416 2366
f 804 904 1435
f 1437 1264 804
f 1264 904 804
f 1264 1260 904
f 1586 1530 1739
f 1260 1586 1739
f 1264 1586 1260
f 1866 1740 1530
f 1586 1866 1530
f 1870 1866 1586
f 2090 2122 1438
f 2122 1870 1438
f 2122 1866 1870
f 1436 2122 2090
f 1190 1264 1437
f 1528 1586 1190
f 1190 1586 1264
f 1830 1870 1528
f 1528 1870 1586
f 1438 1870 1830
f 1887 735 1619
f 1619 735 733
f 735 1109 733
f 1111 1109 735
f 1111 1449 1109
f 1451 1449 1111
f 1451 1751 1449
f 1753 1751 1451
f 1753 2011 1751
f 2013 2011 1753
f 2013 1888 2011
f 2011 1888 1620
f 1889 373 1621
f 1621 373 371
f 1619 371 373
f 1619 373 1887
f 2287 1620 1888
f 2287 1888 2289
f 2289 1890 2287
f 2287 1890 1622
f 1891 7 1623
f 1623 7 5
f 1621 5 7
f 1621 7 1889
f 57 1622 1890
f 57 1890 59
f 59 1892 57
f 57 1892 1624
f 1893 1623 1625
f 1893 1891 1623
f 1624 1894 1626
f 1892 1894 1624
f 1895 1625 1627
f 1895 1893 1625
f 1626 1896 1628
f 1894 1896 1626
f 1897 1627 1629
f 1897 1895 1627
f 1628 1898 1630
f 1896 1898 1628
f 1899 1629 1631
f 1899 1897 1629
f 60 1900 220
f 220 1632 60
f 1632 1898 60
f 1632 1630 1898
f 1631 6 1899
f 1899 6 8
f 1901 8 6
f 1901 6 1633
f 1634 58 220
f 1900 1634 220
f 1902 1634 1900
f 1632 220 58
f 1903 1633 1635
f 1903 1901 1633
f 2290 1904 2430
f 2430 1636 2290
f 1636 1902 2290
f 1636 1634 1902
f 541 1905 372
f 1905 1635 372
f 1905 1903 1635
f 1637 541 372
f 1638 2288 2430
f 1904 1638 2430
f 1906 1638 1904
f 1636 2430 2288
f 541 374 1905
f 923 1907 734
f 734 1907 1637
f 1907 374 1637
f 374 541 1637
f 1110 1277 923
f 1110 923 734
f 1450 1599 1277
f 1450 1277 1110
f 1754 1908 1599
f 1450 1754 1599
f 1752 1754 1450
f 2012 1754 1752
f 2012 2014 1754
f 2012 1638 2014
f 2014 1638 1906
f 923 736 1907
f 736 923 1112
f 1112 923 1277
f 1112 1277 1452
f 1452 1277 1599
f 1599 1908 1452
f 1909 1467 1557
f 1557 1467 1843
f 1843 1467 1769
f 1843 1769 2101
f 2101 1769 2029
f 2101 2029 2397
f 2397 2029 2305
f 2397 2305 193
f 193 2305 75
f 193 75 561
f 561 75 435
f 435 1910 561
f 1911 1127 1235
f 1909 1557 1127
f 1127 1557 1235
f 1557 1465 1235
f 1465 1639 1235
f 1843 1767 1465
f 1843 1465 1557
f 2101 2027 1767
f 2101 1767 1843
f 2397 2303 2027
f 2397 2027 2101
f 193 73 2303
f 193 2303 2397
f 561 433 73
f 561 73 193
f 1910 805 939
f 1910 939 1640
f 561 1910 1640
f 433 561 1640
f 805 1912 939
f 1125 1641 1235
f 1641 1911 1235
f 1641 1913 1911
f 1235 1639 1125
f 941 1642 1640
f 941 1640 939
f 939 1912 941
f 941 1912 1914
f 1915 1641 1643
f 1915 1913 1641
f 943 1644 1642
f 943 1642 941
f 941 1914 943
f 943 1914 1916
f 1917 1643 1645
f 1917 1915 1643
f 1644 943 806
f 1918 1644 806
f 1646 1644 1918
f 943 1916 806
f 1919 1645 1647
f 1919 1917 1645
f 436 1920 1648
f 436 1648 434
f 434 1646 436
f 436 1646 1918
f 1921 1647 1649
f 1921 1919 1647
f 76 1922 1650
f 76 1650 74
f 74 1648 76
f 76 1648 1920
f 1923 1649 1651
f 1923 1921 1649
f 2306 1924 1652
f 2306 1652 2304
f 2304 1650 2306
f 2306 1650 1922
f 1925 1651 1653
f 1925 1923 1651
f 2030 1926 1654
f 2030 1654 2028
f 2028 1652 2030
f 2030 1652 1924
f 912 749 1655
f 1925 1653 749
f 1266 1925 749
f 912 1266 749
f 1925 1266 1128
f 1927 1128 1266
f 1770 1928 1872
f 1872 1656 1770
f 1656 1926 1770
f 1656 1654 1926
f 1657 916 1655
f 1655 916 912
f 1270 912 916
f 1266 912 1270
f 1592 1468 1927
f 1266 1592 1927
f 1270 1592 1266
f 1872 1928 1468
f 1872 1468 1592
f 1768 1872 1592
f 1658 1768 1592
f 1656 1872 1768
f 750 916 1657
f 1659 1274 750
f 1274 916 750
f 1274 1270 916
f 1466 1592 1660
f 1592 1274 1660
f 1592 1270 1274
f 1658 1592 1466
f 1126 1274 1659
f 1660 1274 1126
f 2094 2043 1661
f 1929 2321 2094
f 2321 2043 2094
f 2321 2319 2043
f 2321 89 2319
f 91 89 2321
f 91 449 89
f 451 449 91
f 451 1930 449
f 449 1930 1662
f 2094 1661 2045
f 1661 1931 2045
f 1661 1663 1931
f 1929 2094 2045
f 819 1662 1930
f 819 1930 821
f 821 1932 819
f 819 1932 1664
f 1550 1481 1665
f 1933 1785 1550
f 1785 1481 1550
f 1785 1783 1481
f 1663 1783 1785
f 1663 1785 1931
f 1201 1664 1932
f 1201 1932 1203
f 1203 1934 1201
f 1201 1934 1666
f 1935 1143 1667
f 1667 1143 1141
f 1483 1550 1665
f 1141 1483 1665
f 1143 1483 1141
f 1933 1550 1483
f 1666 1936 1668
f 1934 1936 1666
f 862 761 1669
f 1667 761 862
f 1937 1667 862
f 1935 1667 1937
f 1938 1606 1537
f 1668 1938 1537
f 1936 1938 1668
f 1606 1670 1537
f 862 1669 763
f 1669 1939 763
f 1669 1671 1939
f 1937 862 763
f 1539 1606 1938
f 1539 1940 1606
f 1940 1670 1606
f 1940 1672 1670
f 1941 393 1673
f 1673 393 391
f 1671 391 393
f 1671 393 1939
f 1672 1942 1674
f 1940 1942 1672
f 1943 1673 1675
f 1943 1941 1673
f 1674 1944 1676
f 1942 1944 1674
f 1945 1675 1677
f 1945 1943 1675
f 1676 1946 1678
f 1944 1946 1676
f 1677 392 1945
f 1945 392 394
f 1947 394 392
f 1947 392 1679
f 1538 1615 1680
f 1538 1678 1615
f 1678 1948 1615
f 1678 1946 1948
f 1679 762 1947
f 1947 762 764
f 1949 764 762
f 1949 762 1681
f 1202 1299 1682
f 1615 1540 1680
f 1680 1540 1202
f 1540 1950 1202
f 1950 1299 1202
f 1615 1948 1540
f 1681 1142 1949
f 1949 1142 1144
f 1482 1144 1142
f 1482 1484 1144
f 1951 1484 1482
f 1951 1482 1683
f 820 955 1684
f 1299 1204 1682
f 1682 1204 820
f 1204 1952 820
f 1952 955 820
f 1299 1950 1204
f 1683 1784 1951
f 1951 1784 1786
f 2044 1786 1784
f 2044 2046 1786
f 2320 2423 1953
f 2046 2320 1953
f 2044 2320 2046
f 90 221 2423
f 90 2423 2320
f 450 579 221
f 450 221 90
f 955 822 1684
f 1684 822 450
f 822 1954 450
f 1954 579 450
f 955 1952 822
f 2423 2322 1953
f 2322 2423 92
f 92 2423 221
f 92 221 452
f 452 221 579
f 579 1954 452
f 1955 2061 1685
f 1685 2061 2059
f 2061 1956 2059
f 2059 1956 1686
f 1957 1159 1249
f 1249 1159 1687
f 1159 1497 1687
f 1159 1499 1497
f 1499 1799 1497
f 1801 1799 1499
f 1685 1799 1801
f 1685 1801 1955
f 2335 1686 1956
f 2335 1956 2337
f 2337 105 2335
f 107 105 2337
f 107 1958 105
f 105 1958 1688
f 1959 773 891
f 1957 1249 773
f 773 1249 891
f 1249 1157 891
f 1157 1689 891
f 1249 1687 1157
f 465 1688 1958
f 465 1958 467
f 950 835 1960
f 835 467 1960
f 835 465 467
f 950 1690 835
f 1961 397 519
f 1959 891 397
f 397 891 519
f 891 771 519
f 771 1691 519
f 891 1689 771
f 837 950 1960
f 837 1962 950
f 1962 1690 950
f 1962 1692 1690
f 1963 19 161
f 1961 519 19
f 19 519 161
f 519 395 161
f 395 1693 161
f 519 1691 395
f 1217 1692 1962
f 1217 1962 1219
f 1219 1964 1217
f 1217 1964 1694
f 165 1965 161
f 161 1965 1963
f 161 1693 1695
f 161 1695 165
f 1694 1966 1696
f 1964 1966 1694
f 169 1967 165
f 165 1967 1965
f 165 1695 1697
f 165 1697 169
f 1696 1968 1698
f 1966 1968 1696
f 173 1969 169
f 169 1969 1967
f 169 1697 1699
f 169 1699 173
f 1220 1970 1700
f 1220 1700 1218
f 1218 1698 1220
f 1220 1698 1968
f 177 1971 173
f 173 1971 1969
f 173 1699 396
f 543 173 396
f 177 173 543
f 1701 543 396
f 108 1972 228
f 108 228 1702
f 466 108 1702
f 468 108 466
f 836 468 466
f 836 838 468
f 836 1700 838
f 838 1700 1970
f 177 20 1971
f 20 177 1973
f 177 547 1973
f 177 543 547
f 543 1701 772
f 925 543 772
f 547 543 925
f 1158 1279 925
f 1158 925 772
f 1500 1974 1279
f 1158 1500 1279
f 1498 1500 1158
f 1800 1500 1498
f 1800 1802 1500
f 2060 1802 1800
f 2060 2062 1802
f 2336 2062 2060
f 2336 2338 2062
f 1972 2338 228
f 2338 106 228
f 2338 2336 106
f 1702 228 106
f 547 398 1973
f 398 547 774
f 774 547 925
f 774 925 1160
f 1160 925 1279
f 1279 1974 1160
f 1975 43 1703
f 1703 43 41
f 43 419 41
f 421 419 43
f 421 789 419
f 791 789 421
f 791 1976 789
f 789 1976 1704
f 1977 2275 1705
f 1705 2275 2273
f 1703 2273 2275
f 1703 2275 1975
f 1175 1704 1976
f 1175 1976 1177
f 1177 1513 1175
f 1515 1513 1177
f 1515 1978 1513
f 1513 1978 1706
f 1979 1705 1707
f 1979 1977 1705
f 1815 1706 1978
f 1815 1978 1817
f 1817 1980 1815
f 1815 1980 1708
f 1981 1707 1709
f 1981 1979 1707
f 1708 1982 1710
f 1980 1982 1708
f 1983 1709 1711
f 1983 1981 1709
f 2075 1710 1982
f 2075 1982 2077
f 2077 1984 2075
f 2075 1984 1712
f 1985 1711 1713
f 1985 1983 1711
f 1984 2353 2401
f 1714 1984 2401
f 1712 1984 1714
f 2353 1986 2401
f 1713 2274 1985
f 1985 2274 2276
f 1987 2276 2274
f 1987 2274 1715
f 2401 2351 1714
f 1986 123 199
f 1986 199 1716
f 2401 1986 1716
f 2351 2401 1716
f 123 1988 199
f 147 1989 42
f 1989 1715 42
f 1989 1987 1715
f 1717 147 42
f 199 121 1716
f 199 1988 121
f 1988 1718 121
f 1988 1990 1718
f 147 44 1989
f 509 1991 420
f 420 1991 1717
f 1991 44 1717
f 44 147 1717
f 1719 509 420
f 1718 1992 1720
f 1990 1992 1718
f 509 422 1991
f 1993 422 509
f 1719 1993 509
f 1721 1993 1719
f 1720 1994 1722
f 1992 1994 1720
f 897 1995 790
f 1995 1721 790
f 1995 1993 1721
f 1723 897 790
f 1722 1996 1724
f 1994 1996 1722
f 903 1997 897
f 897 1997 1995
f 897 1723 1725
f 897 1725 903
f 1724 1998 1726
f 1996 1998 1724
f 903 792 1997
f 1999 792 903
f 1725 1999 903
f 1727 1999 1725
f 2354 2000 1728
f 2354 1728 2352
f 122 2354 2352
f 122 124 2354
f 122 1726 124
f 124 1726 1998
f 1727 1176 1999
f 1999 1176 1178
f 1514 1178 1176
f 1514 1516 1178
f 1816 1516 1514
f 1816 1818 1516
f 2076 1818 1816
f 2076 2078 1818
f 2076 1728 2078
f 2078 1728 2000
f 1568 1529 1729
f 1854 1831 1568
f 1568 1831 1529
f 1854 1730 1831
f 1246 1191 1731
f 1191 1246 1729
f 1246 1568 1729
f 1246 1572 1568
f 1858 1568 1572
f 1854 1568 1858
f 1730 1854 2091
f 1854 2114 2091
f 1854 1858 2114
f 2114 1732 2091
f 1733 1250 1731
f 1731 1250 1246
f 1574 1246 1250
f 1572 1246 1574
f 1860 1572 1574
f 1858 1572 1860
f 2116 1858 1860
f 2114 1858 2116
f 1732 2114 1734
f 1734 2114 2116
f 1735 1252 1733
f 1733 1252 1250
f 1576 1250 1252
f 1574 1250 1576
f 1862 1574 1576
f 1860 1574 1862
f 2118 1860 1862
f 2116 1860 2118
f 1734 2116 1736
f 1736 2116 2118
f 1737 1256 1735
f 1735 1256 1252
f 1578 1252 1256
f 1576 1252 1578
f 1864 1576 1578
f 1862 1576 1864
f 2092 2118 1738
f 2118 1864 1738
f 2118 1862 1864
f 1736 2118 2092
f 1192 1256 1737
f 1739 1582 1192
f 1582 1256 1192
f 1582 1578 1256
f 1832 1864 1740
f 1864 1582 1740
f 1864 1578 1582
f 1738 1864 1832
f 1530 1582 1739
f 1740 1582 1530
f 2141 737 1887
f 1887 737 735
f 737 1111 735
f 1113 1111 737
f 1113 1451 1111
f 1453 1451 1113
f 1453 1753 1451
f 1755 1753 1453
f 1755 2013 1753
f 2015 2013 1755
f 2015 2142 2013
f 2013 2142 1888
f 2143 375 1889
f 1889 375 373
f 1887 373 375
f 1887 375 2141
f 2289 1888 2142
f 2289 2142 2291
f 2291 2144 2289
f 2289 2144 1890
f 2145 9 1891
f 1891 9 7
f 1889 7 9
f 1889 9 2143
f 59 1890 2144
f 59 2144 61
f 61 2146 59
f 59 2146 1892
f 2147 1891 1893
f 2147 2145 1891
f 1892 2148 1894
f 2146 2148 1892
f 2149 1893 1895
f 2149 2147 1893
f 1894 2150 1896
f 2148 2150 1894
f 2151 1895 1897
f 2151 2149 1895
f 1896 2152 1898
f 2150 2152 1896
f 2153 1897 1899
f 2153 2151 1897
f 62 2154 1900
f 62 1900 60
f 60 1898 62
f 62 1898 2152
f 167 2155 8
f 2155 1899 8
f 2155 2153 1899
f 1901 167 8
f 2292 2156 2426
f 2426 1902 2292
f 1902 2154 2292
f 1902 1900 2154
f 171 2157 167
f 167 2157 2155
f 167 1901 1903
f 167 1903 171
f 1904 2290 2426
f 2156 1904 2426
f 2158 1904 2156
f 1902 2426 2290
f 175 2159 171
f 171 2159 2157
f 171 1903 1905
f 171 1905 175
f 2016 2160 2138
f 2138 1906 2016
f 1906 2158 2016
f 1906 1904 2158
f 175 10 2159
f 545 2161 374
f 374 2161 1905
f 2161 10 1905
f 10 175 1905
f 1907 545 374
f 1756 2162 1908
f 1756 1908 1754
f 2160 1756 2138
f 1756 2014 2138
f 1756 1754 2014
f 1906 2138 2014
f 545 376 2161
f 1907 736 545
f 736 376 545
f 736 738 376
f 1112 738 736
f 1112 1114 738
f 1452 1114 1112
f 1452 1454 1114
f 1452 1908 1454
f 1454 1908 2162
f 2163 1129 1231
f 1231 1129 1909
f 1129 1467 1909
f 1129 1469 1467
f 1469 1769 1467
f 1771 1769 1469
f 1771 2029 1769
f 2031 2029 1771
f 2031 2305 2029
f 2307 2305 2031
f 2307 75 2305
f 77 75 2307
f 77 435 75
f 437 435 77
f 437 2164 435
f 435 2164 1910
f 1127 1911 1231
f 1911 2163 1231
f 1911 2165 2163
f 1231 1909 1127
f 805 1910 2164
f 805 2164 807
f 807 2166 805
f 805 2166 1912
f 2167 1911 1913
f 2167 2165 1911
f 1912 2168 1914
f 2166 2168 1912
f 2169 1913 1915
f 2169 2167 1913
f 1914 2170 1916
f 2168 2170 1914
f 2171 1915 1917
f 2171 2169 1915
f 806 945 1918
f 806 1916 945
f 1916 2172 945
f 1916 2170 2172
f 2173 1917 1919
f 2173 2171 1917
f 436 573 1920
f 945 808 1918
f 1918 808 436
f 808 2174 436
f 2174 573 436
f 945 2172 808
f 2175 1919 1921
f 2175 2173 1919
f 78 2176 1922
f 78 1922 76
f 573 438 1920
f 438 76 1920
f 438 78 76
f 573 2174 438
f 2177 1921 1923
f 2177 2175 1921
f 2306 2419 1924
f 2306 1922 2419
f 1922 2178 2419
f 1922 2176 2178
f 1130 2177 1262
f 2177 1925 1262
f 2177 1923 1925
f 2179 1130 1262
f 2030 2125 1926
f 2419 2308 1924
f 1924 2308 2030
f 2308 2180 2030
f 2180 2125 2030
f 2419 2178 2308
f 1128 1262 1925
f 1470 2179 1588
f 1588 2179 1927
f 2179 1262 1927
f 1262 1128 1927
f 1470 1588 1928
f 1770 1470 1928
f 1772 1470 1770
f 2125 2032 1926
f 2032 1770 1926
f 2032 1772 1770
f 2125 2180 2032
f 1468 1588 1927
f 1928 1588 1468
f 2181 2323 1929
f 1929 2323 2321
f 2323 91 2321
f 93 91 2323
f 93 451 91
f 453 451 93
f 453 2182 451
f 451 2182 1930
f 2183 2047 1931
f 1931 2047 2045
f 1929 2045 2047
f 1929 2047 2181
f 821 1930 2182
f 821 2182 823
f 823 2184 821
f 821 2184 1932
f 1836 1785 1933
f 1931 1785 1836
f 2185 1931 1836
f 2183 1931 2185
f 1203 1932 2184
f 1203 2184 1205
f 1205 2186 1203
f 1203 2186 1934
f 1228 1143 1935
f 2187 1485 1228
f 1485 1143 1228
f 1485 1483 1143
f 1787 1836 1933
f 1483 1787 1933
f 1485 1787 1483
f 2185 1836 1787
f 1934 2188 1936
f 2186 2188 1934
f 1228 1935 1145
f 1935 2189 1145
f 1935 1937 2189
f 2187 1228 1145
f 1936 2190 1938
f 2188 2190 1936
f 2191 765 1939
f 1939 765 763
f 1937 763 765
f 1937 765 2189
f 1539 1938 2190
f 1539 2190 1541
f 1541 2192 1539
f 1539 2192 1940
f 496 393 1941
f 1939 393 496
f 2193 1939 496
f 2191 1939 2193
f 1940 2194 1942
f 2192 2194 1940
f 1943 502 1941
f 1941 502 496
f 2193 496 502
f 2193 502 2195
f 1942 2196 1944
f 2194 2196 1942
f 1945 508 1943
f 1943 508 502
f 2195 502 508
f 2195 508 2197
f 1944 2198 1946
f 2196 2198 1944
f 394 508 1945
f 766 2197 890
f 890 2197 1947
f 2197 508 1947
f 508 394 1947
f 2199 766 890
f 1946 2200 1948
f 2198 2200 1946
f 764 890 1947
f 1146 2199 1254
f 1254 2199 1949
f 2199 890 1949
f 890 764 1949
f 2201 1146 1254
f 1542 2202 1950
f 1542 1950 1540
f 1540 1948 1542
f 1542 1948 2200
f 1144 1254 1949
f 1254 1144 2201
f 1144 1486 2201
f 1144 1484 1486
f 2203 1486 1484
f 2203 1484 1951
f 1204 1301 1952
f 1204 1950 1301
f 1950 2204 1301
f 1950 2202 2204
f 1951 1786 2203
f 2203 1786 1788
f 2046 2127 2205
f 1788 2046 2205
f 1786 2046 1788
f 1953 2127 2046
f 822 957 1954
f 1301 1206 1952
f 1952 1206 822
f 1206 2206 822
f 2206 957 822
f 1301 2204 1206
f 2127 2048 2205
f 2427 2207 2322
f 2322 2207 1953
f 2207 2048 1953
f 2048 2127 1953
f 92 223 2427
f 92 2427 2322
f 452 581 223
f 452 223 92
f 957 824 1954
f 1954 824 452
f 824 2208 452
f 2208 581 452
f 957 2206 824
f 2427 2324 2207
f 2324 2427 94
f 94 2427 223
f 94 223 454
f 454 223 581
f 581 2208 454
f 2209 1501 1571
f 1571 1501 1857
f 1857 1501 1803
f 1857 1803 1955
f 1803 2061 1955
f 1803 2063 2061
f 1956 2061 2409
f 2061 2339 2409
f 2061 2063 2339
f 2339 2210 2409
f 2211 1161 1957
f 1957 1161 1159
f 1161 2209 1571
f 1499 1161 1571
f 1159 1161 1499
f 1857 1801 1499
f 1857 1499 1571
f 1857 1955 1801
f 2409 2337 1956
f 2337 2409 2210
f 109 2337 2210
f 107 2337 109
f 1958 107 571
f 107 469 571
f 107 109 469
f 469 2212 571
f 2213 399 513
f 513 399 1959
f 399 773 1959
f 399 775 773
f 1957 773 775
f 1957 775 2211
f 571 467 1958
f 2212 839 951
f 2212 951 1960
f 571 2212 1960
f 467 571 1960
f 839 2214 951
f 397 1961 513
f 1961 2213 513
f 1961 2215 2213
f 513 1959 397
f 951 837 1960
f 951 2214 837
f 2214 1962 837
f 2214 2216 1962
f 2217 21 1963
f 1963 21 19
f 1961 19 21
f 1961 21 2215
f 2218 1302 1219
f 1962 2218 1219
f 2216 2218 1962
f 1302 1964 1219
f 2219 1963 1965
f 2219 2217 1963
f 2220 1304 1302
f 2220 1302 2218
f 1964 1302 1966
f 1966 1302 1304
f 2221 2257 2381
f 1967 2381 2257
f 2219 1967 2257
f 1965 1967 2219
f 2222 1306 1304
f 2222 1304 2220
f 1966 1304 1968
f 1968 1304 1306
f 2383 2223 2381
f 2381 2223 2221
f 2381 1967 1969
f 2381 1969 2383
f 470 2224 584
f 470 584 962
f 470 962 840
f 1306 2222 840
f 1306 840 962
f 1220 1306 962
f 1970 1220 962
f 1968 1306 1220
f 2385 2225 2383
f 2383 2225 2223
f 2383 1969 1971
f 2383 1971 2385
f 2064 2226 2140
f 2064 2140 2436
f 2064 2436 2340
f 2340 2436 1972
f 108 2340 1972
f 110 2340 108
f 2224 110 584
f 110 468 584
f 110 108 468
f 838 962 468
f 468 962 584
f 1970 962 838
f 2387 2227 2385
f 2385 2227 2225
f 2385 1971 20
f 181 2385 20
f 2387 2385 181
f 1973 181 20
f 1500 1601 1974
f 1804 2228 1601
f 1500 1804 1601
f 1802 1804 1500
f 2226 1804 2140
f 1804 2062 2140
f 1804 1802 2062
f 2338 2436 2062
f 2062 2436 2140
f 1972 2436 2338
f 2387 2258 2227
f 2258 2387 2229
f 2387 183 2229
f 2387 181 183
f 181 1973 398
f 551 181 398
f 183 181 551
f 774 929 551
f 774 551 398
f 1162 2230 929
f 774 1162 929
f 1160 1162 774
f 1601 1502 1974
f 1502 1160 1974
f 1502 1162 1160
f 1601 2228 1502
f 183 22 2229
f 22 183 400
f 400 183 551
f 400 551 776
f 776 551 929
f 929 2230 776
f 2231 45 1975
f 1975 45 43
f 45 421 43
f 423 421 45
f 423 791 421
f 793 791 423
f 793 2232 791
f 791 2232 1976
f 2233 2277 1977
f 1977 2277 2275
f 1975 2275 2277
f 1975 2277 2231
f 1177 1976 2232
f 1177 2232 1179
f 1548 1515 2234
f 1515 1179 2234
f 1515 1177 1179
f 1548 1978 1515
f 2235 1977 1979
f 2235 2233 1977
f 1517 1548 2234
f 2236 1838 1817
f 2236 1817 1978
f 1517 2236 1978
f 1548 1517 1978
f 1838 1980 1817
f 2237 1979 1981
f 2237 2235 1979
f 1819 1838 2236
f 1819 2238 1838
f 2238 1980 1838
f 2238 1982 1980
f 2239 1981 1983
f 2239 2237 1981
f 2077 1982 2238
f 2077 2238 2079
f 2079 2240 2077
f 2077 2240 1984
f 2241 1983 1985
f 2241 2239 1983
f 2353 1984 2240
f 2353 2240 2355
f 2355 2242 2353
f 2353 2242 1986
f 1985 2276 2241
f 2241 2276 2278
f 2243 2278 2276
f 2243 2276 1987
f 123 1986 2242
f 123 2242 125
f 125 2244 123
f 123 2244 1988
f 2245 1987 1989
f 2245 2243 1987
f 1988 2246 1990
f 2244 2246 1988
f 151 2247 44
f 2247 1989 44
f 2247 2245 1989
f 1991 151 44
f 1990 2248 1992
f 2246 2248 1990
f 151 46 2247
f 515 2249 422
f 422 2249 1991
f 2249 46 1991
f 46 151 1991
f 1993 515 422
f 1992 2250 1994
f 2248 2250 1992
f 521 2251 515
f 515 2251 2249
f 515 1993 1995
f 515 1995 521
f 1994 2252 1996
f 2250 2252 1994
f 527 2253 521
f 521 2253 2251
f 521 1995 1997
f 521 1997 527
f 1996 2254 1998
f 2252 2254 1996
f 527 424 2253
f 909 2255 792
f 792 2255 1997
f 2255 424 1997
f 424 527 1997
f 1999 909 792
f 2356 2256 2000
f 2356 2000 2354
f 124 2356 2354
f 124 126 2356
f 124 1998 126
f 126 1998 2254
f 909 794 2255
f 1999 1178 909
f 1178 794 909
f 1178 1180 794
f 1516 1180 1178
f 1516 1518 1180
f 1818 1518 1516
f 1818 1820 1518
f 2078 1820 1818
f 2078 2080 1820
f 2078 2000 2080
f 2080 2000 2256
f 2437 1741 1867
f 1741 2438 1867
f 2439 1439 1587
f 2437 1867 1439
f 1867 1587 1439
f 1867 1871 1587
f 2001 2129 2438
f 2129 1867 2438
f 2129 1871 1867
f 2001 2440 2129
f 1591 2441 1587
f 1587 2441 2439
f 1587 1875 1591
f 1587 1871 1875
f 1871 2133 1875
f 1871 2129 2133
f 2129 2440 2133
f 2133 2440 2442
f 1591 1440 2441
f 1440 1591 1742
f 1742 1591 1875
f 1742 1875 2002
f 2002 1875 2133
f 2133 2442 2002
f 2443 739 2141
f 2141 739 737
f 739 1113 737
f 1115 1113 739
f 1115 1453 1113
f 1455 1453 1115
f 1455 1755 1453
f 1757 1755 1455
f 1757 2015 1755
f 2017 2015 1757
f 2017 2444 2015
f 2015 2444 2142
f 2445 377 2143
f 2143 377 375
f 2141 375 377
f 2141 377 2443
f 2291 2142 2444
f 2291 2444 2293
f 2293 2446 2291
f 2291 2446 2144
f 2447 11 2145
f 2145 11 9
f 2143 9 11
f 2143 11 2445
f 61 2144 2446
f 61 2446 63
f 63 2448 61
f 61 2448 2146
f 2449 2145 2147
f 2449 2447 2145
f 2146 2450 2148
f 2448 2450 2146
f 2451 2147 2149
f 2451 2449 2147
f 2148 2452 2150
f 2450 2452 2148
f 2453 2149 2151
f 2453 2451 2149
f 64 2454 216
f 216 2152 64
f 2152 2452 64
f 2152 2150 2452
f 2455 2151 2153
f 2455 2453 2151
f 2154 62 216
f 2454 2154 216
f 2456 2154 2454
f 2152 216 62
f 2457 2153 2155
f 2457 2455 2153
f 2294 2458 2156
f 2294 2156 2292
f 2292 2154 2294
f 2294 2154 2456
f 2459 2155 2157
f 2459 2457 2155
f 2156 2460 2158
f 2458 2460 2156
f 2461 2157 2159
f 2461 2459 2157
f 2018 2462 2160
f 2018 2160 2016
f 2016 2158 2018
f 2018 2158 2460
f 179 2463 10
f 2463 2159 10
f 2463 2461 2159
f 2161 179 10
f 1756 1883 2162
f 1756 2160 1883
f 2160 2464 1883
f 2160 2462 2464
f 179 12 2463
f 549 2465 376
f 376 2465 2161
f 2465 12 2161
f 12 179 2161
f 738 927 549
f 738 549 376
f 1114 1281 927
f 1114 927 738
f 1454 1603 1281
f 1454 1281 1114
f 1883 1758 2162
f 2162 1758 1454
f 1758 2466 1454
f 2466 1603 1454
f 1883 2464 1758
f 549 378 2465
f 378 549 740
f 740 549 927
f 740 927 1116
f 1116 927 1281
f 1116 1281 1456
f 1456 1281 1603
f 1603 2466 1456
f 2467 1131 1227
f 1227 1131 1553
f 1553 1131 1471
f 1553 1471 1839
f 1839 1471 1773
f 1839 1773 2099
f 2099 1773 2033
f 2033 2468 2099
f 2469 751 861
f 2467 1227 751
f 751 1227 861
f 1227 1129 861
f 1129 2163 861
f 1553 1469 1129
f 1553 1129 1227
f 1839 1771 1469
f 1839 1469 1553
f 2099 2031 1771
f 2099 1771 1839
f 2031 2099 2468
f 2309 2031 2468
f 2307 2031 2309
f 2309 77 2307
f 79 77 2309
f 79 437 77
f 439 437 79
f 2164 437 937
f 437 809 937
f 437 439 809
f 809 2470 937
f 865 2471 861
f 861 2471 2469
f 861 2163 2165
f 861 2165 865
f 937 807 2164
f 937 2470 807
f 2470 2166 807
f 2470 2472 2166
f 871 2473 865
f 865 2473 2471
f 865 2165 2167
f 865 2167 871
f 2166 2474 2168
f 2472 2474 2166
f 877 2475 871
f 871 2475 2473
f 871 2167 2169
f 871 2169 877
f 2168 2476 2170
f 2474 2476 2168
f 877 752 2475
f 2477 752 877
f 2169 2477 877
f 2171 2477 2169
f 810 2478 946
f 946 2172 810
f 2172 2476 810
f 2172 2170 2476
f 2479 2171 2173
f 2479 2477 2171
f 2174 808 946
f 2478 2174 946
f 2480 2174 2478
f 2172 946 808
f 2481 2173 2175
f 2481 2479 2173
f 78 213 2176
f 440 2482 213
f 78 440 213
f 438 440 78
f 438 2174 440
f 440 2174 2480
f 2483 2175 2177
f 2483 2481 2175
f 2176 213 80
f 2484 2176 80
f 2178 2176 2484
f 213 2482 80
f 2177 1130 2483
f 2483 1130 1132
f 2485 1132 1130
f 2485 1130 2179
f 2310 2486 2180
f 2310 2180 2308
f 2308 2178 2310
f 2310 2178 2484
f 2179 1470 2485
f 2485 1470 1472
f 1772 1472 1470
f 1772 1774 1472
f 2032 1774 1772
f 2032 2034 1774
f 2032 2180 2034
f 2034 2180 2486
f 2390 2323 2181
f 186 93 2390
f 2390 93 2323
f 554 453 186
f 186 453 93
f 554 2182 453
f 2096 2047 2183
f 2325 2390 2181
f 2325 2181 2047
f 2487 2325 2047
f 2096 2487 2047
f 2390 2325 95
f 2390 95 186
f 186 95 455
f 186 455 554
f 2488 932 823
f 2488 823 2182
f 455 2488 2182
f 554 455 2182
f 932 2184 823
f 2096 2183 2049
f 2183 2489 2049
f 2183 2185 2489
f 2487 2096 2049
f 825 932 2488
f 2490 1284 1205
f 2490 1205 2184
f 825 2490 2184
f 932 825 2184
f 1284 2186 1205
f 1554 1485 2187
f 1840 1787 1554
f 1554 1787 1485
f 2185 1787 1840
f 2491 2185 1840
f 2489 2185 2491
f 2492 1286 1284
f 2492 1284 2490
f 2186 1284 2188
f 2188 1284 1286
f 1232 1145 2189
f 1487 1554 2187
f 1487 2187 1145
f 2493 1487 1145
f 1232 2493 1145
f 1554 1487 1789
f 1554 1789 1840
f 2491 1840 1789
f 1207 1286 2492
f 1207 2494 1286
f 2494 2188 1286
f 2494 2190 2188
f 866 765 2191
f 1147 1232 2189
f 1147 2189 765
f 2495 1147 765
f 866 2495 765
f 2493 1232 1147
f 2496 1608 1541
f 2190 2496 1541
f 2494 2496 2190
f 1608 2192 1541
f 866 2191 767
f 2191 2497 767
f 2191 2193 2497
f 2495 866 767
f 1543 1608 2496
f 1543 2498 1608
f 2498 2192 1608
f 2498 2194 2192
f 2499 2193 2195
f 2499 2497 2193
f 2194 2500 2196
f 2498 2500 2194
f 2501 2195 2197
f 2501 2499 2195
f 2196 2502 2198
f 2500 2502 2196
f 2197 766 2501
f 2501 766 768
f 2503 768 766
f 2503 766 2199
f 2198 2504 2200
f 2502 2504 2198
f 2199 1146 2503
f 2503 1146 1148
f 2505 1148 1146
f 2505 1146 2201
f 1542 1617 2202
f 1542 2200 1617
f 2200 2506 1617
f 2200 2504 2506
f 2201 1486 2505
f 2505 1486 1488
f 2507 1488 1486
f 2507 1486 2203
f 2202 1617 1544
f 2508 2202 1544
f 2204 2202 2508
f 1617 2506 1544
f 2203 1788 2507
f 2507 1788 1790
f 2509 1790 1788
f 2509 1788 2205
f 1206 1303 2206
f 1206 2204 1303
f 2204 2510 1303
f 2204 2508 2510
f 2131 2511 2048
f 2511 2205 2048
f 2511 2509 2205
f 2207 2131 2048
f 824 959 2208
f 1303 1208 2206
f 2206 1208 824
f 1208 2512 824
f 2512 959 824
f 1303 2510 1208
f 2131 2050 2511
f 2431 2513 2324
f 2324 2513 2207
f 2513 2050 2207
f 2050 2131 2207
f 94 225 2431
f 94 2431 2324
f 454 583 225
f 454 225 94
f 959 826 2208
f 2208 826 454
f 826 2514 454
f 2514 583 454
f 959 2512 826
f 2431 2326 2513
f 2326 2431 96
f 96 2431 225
f 96 225 456
f 456 225 583
f 583 2514 456
f 2515 401 485
f 485 401 855
f 855 401 777
f 777 2516 855
f 2517 23 139
f 2515 485 23
f 485 139 23
f 485 487 139
f 485 859 487
f 485 855 859
f 1163 1229 2516
f 1229 855 2516
f 1229 859 855
f 1163 2518 1229
f 141 2519 139
f 139 2519 2517
f 139 489 141
f 139 487 489
f 487 863 489
f 487 859 863
f 859 1233 863
f 859 1229 1233
f 1229 2518 1233
f 1233 2518 2520
f 141 24 2519
f 24 141 2521
f 141 493 2521
f 141 489 493
f 489 867 493
f 489 863 867
f 2522 867 1164
f 867 1233 1164
f 867 863 1233
f 1233 2520 1164
f 493 402 2521
f 402 493 778
f 778 493 867
f 867 2522 778
f 2523 1805 1853
f 1805 2524 1853
f 2525 779 879
f 879 779 1245
f 1245 779 1165
f 1245 1165 2209
f 1165 1501 2209
f 1165 1503 1501
f 1503 2523 1853
f 1803 1503 1853
f 1501 1503 1803
f 1803 1853 2524
f 2065 1803 2524
f 2063 1803 2065
f 2065 2339 2063
f 2341 2339 2065
f 2210 2339 203
f 2339 111 203
f 2339 2341 111
f 111 2526 203
f 885 2527 879
f 879 2527 2525
f 1245 1161 2211
f 885 1245 2211
f 879 1245 885
f 1245 2209 1161
f 203 109 2210
f 109 203 2526
f 471 109 2526
f 469 109 471
f 471 2528 469
f 469 2528 2212
f 2529 403 2213
f 2213 403 399
f 403 2527 885
f 775 403 885
f 399 403 775
f 885 2211 775
f 839 2212 2528
f 839 2528 841
f 841 2530 839
f 839 2530 2214
f 2531 2213 2215
f 2531 2529 2213
f 2214 2532 2216
f 2530 2532 2214
f 2533 25 2217
f 2217 25 21
f 2215 21 25
f 2215 25 2531
f 2216 2534 2218
f 2532 2534 2216
f 2535 2259 2379
f 2219 2379 2259
f 2533 2219 2259
f 2217 2219 2533
f 2218 2536 2220
f 2534 2536 2218
f 2257 2221 2379
f 2221 2535 2379
f 2221 2537 2535
f 2379 2219 2257
f 842 2538 960
f 960 2222 842
f 2222 2536 842
f 2222 2220 2536
f 2539 2221 2223
f 2539 2537 2221
f 2342 2540 2432
f 2342 2432 226
f 2342 226 112
f 112 226 2224
f 470 112 2224
f 472 112 470
f 2538 472 960
f 472 840 960
f 472 470 840
f 2222 960 840
f 2541 2223 2225
f 2541 2539 2223
f 2066 2542 2226
f 2066 2226 2064
f 2540 2066 2432
f 2066 2340 2432
f 2066 2064 2340
f 110 226 2340
f 2340 226 2432
f 2224 226 110
f 2543 2225 2227
f 2543 2541 2225
f 1806 2544 2228
f 1806 2228 1804
f 1804 2226 1806
f 1806 2226 2542
f 2227 2258 2543
f 2543 2258 2260
f 2545 2260 2258
f 2545 2258 2229
f 1166 2546 2230
f 1166 2230 1162
f 1502 1166 1162
f 1502 1504 1166
f 1502 2228 1504
f 1504 2228 2544
f 2229 22 2545
f 2545 22 26
f 400 26 22
f 400 404 26
f 776 404 400
f 776 780 404
f 776 2230 780
f 780 2230 2546
f 134 45 2231
f 482 423 134
f 134 423 45
f 850 793 482
f 482 793 423
f 850 2232 793
f 2368 2277 2233
f 2277 2368 2231
f 2368 134 2231
f 2368 136 134
f 136 2547 425
f 482 136 425
f 134 136 482
f 482 425 2548
f 852 482 2548
f 850 482 852
f 2232 850 1179
f 850 1222 1179
f 850 852 1222
f 1222 2234 1179
f 2235 2370 2233
f 2233 2370 2368
f 2370 2549 47
f 136 2370 47
f 2368 2370 136
f 2547 136 47
f 795 852 2548
f 852 795 1181
f 852 1181 1222
f 2550 1552 1517
f 2550 1517 2234
f 1181 2550 2234
f 1222 1181 2234
f 1552 2236 1517
f 2237 2372 2235
f 2235 2372 2370
f 2549 2370 2372
f 2549 2372 2551
f 1519 1552 2550
f 1819 2236 1552
f 1519 1819 1552
f 1821 1819 1519
f 1821 2552 1819
f 1819 2552 2238
f 2239 2374 2237
f 2237 2374 2372
f 2551 2372 2374
f 2551 2374 2553
f 2079 2238 2552
f 2079 2552 2081
f 2081 2554 2079
f 2079 2554 2240
f 2241 2376 2239
f 2239 2376 2374
f 2553 2374 2376
f 2553 2376 2555
f 2355 2240 2554
f 2355 2554 2357
f 2357 2556 2355
f 2355 2556 2242
f 2278 2376 2241
f 2555 2376 2278
f 2243 2555 2278
f 2557 2555 2243
f 125 2242 2556
f 125 2556 127
f 127 2558 125
f 125 2558 2244
f 2559 2243 2245
f 2559 2557 2243
f 2244 2560 2246
f 2558 2560 2244
f 2561 2245 2247
f 2561 2559 2245
f 2246 2562 2248
f 2560 2562 2246
f 155 2563 46
f 2563 2247 46
f 2563 2561 2247
f 2249 155 46
f 2248 2564 2250
f 2562 2564 2248
f 155 48 2563
f 2565 48 155
f 2249 2565 155
f 2251 2565 2249
f 2250 2566 2252
f 2564 2566 2250
f 2567 2251 2253
f 2567 2565 2251
f 2252 2568 2254
f 2566 2568 2252
f 2253 424 2567
f 2567 424 426
f 2569 426 424
f 2569 424 2255
f 2358 2570 2256
f 2358 2256 2356
f 126 2358 2356
f 126 128 2358
f 126 2254 128
f 128 2254 2568
f 2255 794 2569
f 2569 794 796
f 1180 796 794
f 1180 1182 796
f 1518 1182 1180
f 1518 1520 1182
f 1820 1520 1518
f 1820 1822 1520
f 2080 1822 1820
f 2080 2082 1822
f 2080 2256 2082
f 2082 2256 2570
f 229 1441 1579
f 1579 1441 1865
f 1865 1441 1743
f 1865 1743 2121
f 2121 1743 2003
f 2003 230 2121
f 231 1101 1261
f 229 1579 1101
f 1579 1261 1101
f 1579 1583 1261
f 1865 1741 2437
f 1583 1865 2437
f 1579 1865 1583
f 2123 2438 1741
f 1865 2123 1741
f 2121 2123 1865
f 2279 2421 230
f 2421 2121 230
f 2421 2123 2121
f 2279 232 2421
f 1265 233 1261
f 1261 233 231
f 1583 1439 2439
f 1265 1583 2439
f 1261 1583 1265
f 1583 2437 1439
f 2123 2001 2438
f 2425 2440 2001
f 2123 2425 2001
f 2421 2425 2123
f 2421 232 2425
f 2425 232 234
f 1269 235 1265
f 1265 235 233
f 1265 2439 2441
f 1265 2441 1269
f 2429 2442 2440
f 2429 2440 2425
f 2425 234 2429
f 2429 234 236
f 1269 1102 235
f 1595 237 1440
f 1440 237 2441
f 237 1102 2441
f 1102 1269 2441
f 1742 1879 1595
f 1742 1595 1440
f 2002 2137 1879
f 2002 1879 1742
f 2429 2280 2442
f 2442 2280 2002
f 2280 238 2002
f 238 2137 2002
f 2429 236 2280
f 1595 1442 237
f 1442 1595 1744
f 1744 1595 1879
f 1744 1879 2004
f 2004 1879 2137
f 2137 238 2004
f 239 741 2443
f 2443 741 739
f 741 1115 739
f 1117 1115 741
f 1117 1455 1115
f 1457 1455 1117
f 1457 1757 1455
f 1759 1757 1457
f 1759 2017 1757
f 2019 2017 1759
f 2019 240 2017
f 2017 240 2444
f 241 379 2445
f 2445 379 377
f 2443 377 379
f 2443 379 239
f 2293 2444 240
f 2293 240 2295
f 2295 242 2293
f 2293 242 2446
f 243 13 2447
f 2447 13 11
f 2445 11 13
f 2445 13 241
f 63 2446 242
f 63 242 65
f 65 244 63
f 63 244 2448
f 245 2447 2449
f 245 243 2447
f 2448 246 2450
f 244 246 2448
f 247 2449 2451
f 247 245 2449
f 2450 248 2452
f 246 248 2450
f 249 2451 2453
f 249 247 2451
f 66 250 2454
f 66 2454 64
f 64 2452 66
f 66 2452 248
f 251 2453 2455
f 251 249 2453
f 2296 252 2422
f 2422 2456 2296
f 2456 250 2296
f 2456 2454 250
f 253 2455 2457
f 253 251 2455
f 2458 2294 2422
f 252 2458 2422
f 254 2458 252
f 2456 2422 2294
f 255 2457 2459
f 255 253 2457
f 2458 256 2460
f 254 256 2458
f 257 2459 2461
f 257 255 2459
f 2020 258 2462
f 2020 2462 2018
f 2018 2460 2020
f 2020 2460 256
f 259 2461 2463
f 259 257 2461
f 2462 260 2464
f 258 260 2462
f 2463 12 259
f 259 12 14
f 261 14 12
f 261 12 2465
f 1758 1885 2466
f 1758 2464 1885
f 2464 262 1885
f 2464 260 262
f 2465 378 261
f 261 378 380
f 740 380 378
f 740 742 380
f 1116 742 740
f 1116 1118 742
f 1456 1118 1116
f 1456 1458 1118
f 1885 1760 2466
f 1760 1456 2466
f 1760 1458 1456
f 1885 262 1760
f 263 1133 1223
f 1223 1133 1549
f 1549 1133 1473
f 1549 1473 1835
f 1835 1473 1775
f 1835 1775 2097
f 2097 1775 2035
f 2035 264 2097
f 265 753 857
f 263 1223 753
f 753 1223 857
f 1223 1131 857
f 1131 2467 857
f 1549 1471 1131
f 1549 1131 1223
f 1835 1773 1471
f 1835 1471 1549
f 2097 2033 1773
f 2097 1773 1835
f 264 2311 2395
f 264 2395 2468
f 2097 264 2468
f 2033 2097 2468
f 2395 2311 191
f 191 2311 81
f 81 266 191
f 751 2469 857
f 2469 265 857
f 2469 267 265
f 857 2467 751
f 2395 2309 2468
f 191 79 2309
f 191 2309 2395
f 79 191 266
f 441 79 266
f 439 79 441
f 441 809 439
f 811 809 441
f 2470 809 1287
f 809 1193 1287
f 809 811 1193
f 1193 268 1287
f 269 2469 2471
f 269 267 2469
f 1289 2472 2470
f 1289 2470 1287
f 1287 268 1289
f 1289 268 270
f 271 2471 2473
f 271 269 2471
f 1291 2474 2472
f 1291 2472 1289
f 1289 270 1291
f 1291 270 272
f 273 2473 2475
f 273 271 2473
f 2474 1291 1194
f 274 2474 1194
f 2476 2474 274
f 1291 272 1194
f 883 275 752
f 275 2475 752
f 275 273 2475
f 2477 883 752
f 812 276 2478
f 812 2478 810
f 810 2476 812
f 812 2476 274
f 883 754 275
f 277 754 883
f 2477 277 883
f 2479 277 2477
f 2478 278 2480
f 276 278 2478
f 279 2479 2481
f 279 277 2479
f 442 280 2482
f 442 2482 440
f 440 2480 442
f 442 2480 278
f 281 2481 2483
f 281 279 2481
f 82 282 2484
f 82 2484 80
f 80 2482 82
f 82 2482 280
f 2483 1132 281
f 281 1132 1134
f 283 1134 1132
f 283 1132 2485
f 2312 284 2486
f 2312 2486 2310
f 2310 2484 2312
f 2312 2484 282
f 2485 1472 283
f 283 1472 1474
f 1774 1474 1472
f 1774 1776 1474
f 2034 1776 1774
f 2034 2036 1776
f 2034 2486 2036
f 2036 2486 284
f 2392 2325 2487
f 188 95 2392
f 2392 95 2325
f 556 455 188
f 188 455 95
f 556 2488 455
f 2098 2049 2489
f 2049 2098 2487
f 2098 2392 2487
f 2098 2394 2392
f 2394 285 97
f 188 2394 97
f 2392 2394 188
f 188 97 286
f 558 188 286
f 556 188 558
f 2488 556 825
f 556 934 825
f 556 558 934
f 934 2490 825
f 2491 2100 2489
f 2489 2100 2098
f 2100 287 2327
f 2394 2100 2327
f 2098 2100 2394
f 285 2394 2327
f 457 558 286
f 558 457 827
f 558 827 934
f 827 288 934
f 288 2490 934
f 288 2492 2490
f 1558 1487 2493
f 1844 1789 1558
f 1558 1789 1487
f 2051 2100 2491
f 2051 2491 1789
f 289 2051 1789
f 1844 289 1789
f 287 2100 2051
f 1207 2492 288
f 1207 288 1209
f 1209 290 1207
f 1207 290 2494
f 1236 1147 2495
f 1489 1558 2493
f 1489 2493 1147
f 291 1489 1147
f 1236 291 1147
f 1558 1489 1791
f 1558 1791 1844
f 289 1844 1791
f 2494 292 2496
f 290 292 2494
f 872 767 2497
f 1149 1236 2495
f 1149 2495 767
f 293 1149 767
f 872 293 767
f 291 1236 1149
f 294 1610 1543
f 2496 294 1543
f 292 294 2496
f 1610 2498 1543
f 2499 878 2497
f 2497 878 872
f 293 872 878
f 293 878 295
f 1545 1610 294
f 1545 296 1610
f 296 2498 1610
f 296 2500 2498
f 2501 884 2499
f 2499 884 878
f 295 878 884
f 295 884 297
f 2500 298 2502
f 296 298 2500
f 768 884 2501
f 297 884 768
f 2503 297 768
f 299 297 2503
f 2502 300 2504
f 298 300 2502
f 1255 301 1148
f 301 2503 1148
f 301 299 2503
f 2505 1255 1148
f 1546 302 1618
f 1618 2506 1546
f 2506 300 1546
f 2506 2504 300
f 1255 1150 301
f 1581 303 1488
f 1488 303 2505
f 303 1150 2505
f 1150 1255 2505
f 2507 1581 1488
f 2508 1544 1618
f 302 2508 1618
f 304 2508 302
f 2506 1618 1544
f 1581 1490 303
f 1869 305 1790
f 1790 305 2507
f 305 1490 2507
f 1490 1581 2507
f 2509 1869 1790
f 2508 306 2510
f 304 306 2508
f 1873 307 1869
f 1869 307 305
f 1869 2509 2511
f 1869 2511 1873
f 1210 308 2512
f 1210 2512 1208
f 1208 2510 1210
f 1210 2510 306
f 1877 309 1873
f 1873 309 307
f 1873 2511 2050
f 2135 1873 2050
f 1877 1873 2135
f 2513 2135 2050
f 826 961 2514
f 826 2512 961
f 2512 310 961
f 2512 308 310
f 1877 1792 309
f 1792 1877 311
f 1877 2139 311
f 1877 2135 2139
f 2135 2513 2326
f 2435 2135 2326
f 2139 2135 2435
f 96 227 2435
f 96 2435 2326
f 458 312 227
f 96 458 227
f 456 458 96
f 961 828 2514
f 828 456 2514
f 828 458 456
f 961 310 828
f 2139 2052 311
f 2052 2139 2328
f 2328 2139 2435
f 2328 2435 98
f 98 2435 227
f 227 312 98
f 313 27 135
f 135 27 483
f 483 27 405
f 483 405 851
f 851 405 781
f 851 781 1221
f 1221 781 1167
f 1167 314 1221
f 137 315 135
f 135 315 313
f 483 401 2515
f 137 483 2515
f 135 483 137
f 851 777 401
f 851 401 483
f 1225 2516 777
f 851 1225 777
f 1221 1225 851
f 1505 1551 314
f 1551 1221 314
f 1551 1225 1221
f 1505 316 1551
f 317 2261 2371
f 315 137 2261
f 2261 137 2371
f 137 23 2371
f 23 2517 2371
f 137 2515 23
f 1225 1163 2516
f 1555 2518 1163
f 1225 1555 1163
f 1551 1555 1225
f 1551 316 1555
f 1555 316 318
f 2373 319 2371
f 2371 319 317
f 2371 2517 2519
f 2371 2519 2373
f 1559 2520 2518
f 1559 2518 1555
f 1555 318 1559
f 1559 318 320
f 2375 321 2373
f 2373 321 319
f 2373 2519 24
f 143 2373 24
f 2375 2373 143
f 2521 143 24
f 1164 1237 2522
f 1237 1164 2520
f 1559 1237 2520
f 1563 1237 1559
f 1559 320 1563
f 1563 320 322
f 2375 2262 321
f 2262 2375 323
f 2375 145 323
f 2375 143 145
f 143 2521 402
f 497 143 402
f 145 143 497
f 778 873 497
f 778 497 402
f 873 778 2522
f 1237 873 2522
f 1241 873 1237
f 1237 1567 1241
f 1237 1563 1567
f 1807 1805 2523
f 1563 1807 2523
f 1567 1563 2523
f 322 1807 1563
f 2524 1805 2111
f 1805 2067 2111
f 1805 1807 2067
f 2067 324 2111
f 145 28 323
f 28 145 325
f 145 503 325
f 145 497 503
f 873 779 2525
f 503 873 2525
f 497 873 503
f 1241 1165 779
f 1241 779 873
f 1567 1503 1165
f 1567 1165 1241
f 1567 2523 1503
f 2111 2065 2524
f 2065 2111 324
f 2343 2065 324
f 2341 2065 2343
f 2343 111 2341
f 113 111 2343
f 113 326 111
f 111 326 2526
f 503 406 325
f 327 406 503
f 2525 327 503
f 2527 327 2525
f 471 2526 326
f 471 326 473
f 473 328 471
f 471 328 2528
f 329 407 2529
f 2529 407 403
f 2527 403 407
f 2527 407 327
f 841 2528 328
f 841 328 843
f 843 330 841
f 841 330 2530
f 331 2529 2531
f 331 329 2529
f 2530 332 2532
f 330 332 2530
f 333 29 2533
f 2533 29 25
f 2531 25 29
f 2531 29 331
f 2532 334 2534
f 332 334 2532
f 335 2263 2535
f 2535 2263 2259
f 2533 2259 2263
f 2533 2263 333
f 2534 336 2536
f 334 336 2534
f 337 2535 2537
f 337 335 2535
f 474 338 582
f 474 582 2538
f 842 474 2538
f 844 474 842
f 842 2536 844
f 844 2536 336
f 339 2537 2539
f 339 337 2537
f 2344 340 2540
f 2344 2540 2342
f 112 2344 2342
f 112 114 2344
f 338 114 582
f 114 472 582
f 114 112 472
f 2538 582 472
f 341 2539 2541
f 341 339 2539
f 1808 342 1882
f 1808 1882 2542
f 2066 1808 2542
f 2068 1808 2066
f 2066 2540 2068
f 2068 2540 340
f 343 2541 2543
f 343 341 2541
f 1506 344 1602
f 1882 342 1506
f 1882 1506 1602
f 1806 1882 1602
f 2544 1806 1602
f 2542 1882 1806
f 2543 2260 343
f 343 2260 2264
f 345 2264 2260
f 345 2260 2545
f 1168 346 2546
f 1168 2546 1166
f 344 1168 1602
f 1168 1504 1602
f 1168 1166 1504
f 2544 1602 1504
f 2545 26 345
f 345 26 30
f 404 30 26
f 404 408 30
f 780 408 404
f 780 782 408
f 780 2546 782
f 782 2546 346
f 484 425 2547
f 484 2548 425
f 138 47 2549
f 47 138 2547
f 138 484 2547
f 138 486 484
f 2548 484 795
f 484 856 795
f 484 486 856
f 1226 1181 856
f 856 1181 795
f 1226 2550 1181
f 2551 140 2549
f 2549 140 138
f 488 138 140
f 486 138 488
f 860 486 488
f 856 486 860
f 1230 856 860
f 1226 856 1230
f 2550 1226 1519
f 1226 1556 1519
f 1226 1230 1556
f 1842 1821 1556
f 1556 1821 1519
f 1842 2552 1821
f 2553 142 2551
f 2551 142 140
f 490 140 142
f 488 140 490
f 490 347 797
f 860 490 797
f 488 490 860
f 860 797 1183
f 860 1183 1230
f 1230 1183 1521
f 1230 1521 1556
f 1556 1521 1823
f 1556 1823 1842
f 2081 2552 1842
f 1823 2081 1842
f 2083 2081 1823
f 2083 348 2081
f 2081 348 2554
f 142 2553 49
f 2553 349 49
f 2553 2555 349
f 142 49 427
f 142 427 490
f 347 490 427
f 2357 2554 348
f 2357 348 2359
f 2359 350 2357
f 2357 350 2556
f 351 2555 2557
f 351 349 2555
f 127 2556 350
f 127 350 129
f 129 352 127
f 127 352 2558
f 353 2557 2559
f 353 351 2557
f 2558 354 2560
f 352 354 2558
f 355 2559 2561
f 355 353 2559
f 2560 356 2562
f 354 356 2560
f 357 2561 2563
f 357 355 2561
f 2562 358 2564
f 356 358 2562
f 2563 48 357
f 357 48 50
f 359 50 48
f 359 48 2565
f 2564 360 2566
f 358 360 2564
f 361 2565 2567
f 361 359 2565
f 2566 362 2568
f 360 362 2566
f 2567 426 361
f 361 426 428
f 363 428 426
f 363 426 2569
f 2084 364 2128
f 2084 2128 2570
f 2358 2084 2570
f 2360 2084 2358
f 128 2360 2358
f 128 130 2360
f 128 2568 130
f 130 2568 362
f 2569 796 363
f 363 796 798
f 1182 798 796
f 1182 1184 798
f 1520 1184 1182
f 1520 1522 1184
f 1822 1522 1520
f 1822 1824 1522
f 364 1824 2128
f 1824 2082 2128
f 1824 1822 2082
f 2570 2128 2082
