# Converted from NanoShaper .vert/.face
v -14.876000 -5.304000 7.508000
v -14.211000 -5.304000 7.508000
v -15.124000 -5.304000 8.008000
v -13.963000 -5.304000 8.008000
v -14.796000 -5.304000 8.508000
v -14.291000 -5.304000 8.508000
v -21.518000 -5.304000 9.508000
v -16.297000 -5.304000 9.508000
v -22.005000 -5.304000 10.008000
v -15.935000 -5.304000 10.008000
v -22.755000 -5.304000 10.508000
v -15.837000 -5.304000 10.508000
v -23.189000 -5.304000 11.008000
v -15.958000 -5.304000 11.008000
v -23.308000 -5.304000 11.508000
v -16.420000 -5.304000 11.508000
v -23.233000 -5.304000 12.008000
v -17.401000 -5.304000 12.008000
v -23.231000 -5.304000 12.508000
v -18.241000 -5.304000 12.508000
v -23.291000 -5.304000 13.008000
v -18.522000 -5.304000 13.008000
v -23.370000 -5.304000 13.508000
v -18.633000 -5.304000 13.508000
v -23.391000 -5.304000 14.008000
v -18.736000 -5.304000 14.008000
v -23.408000 -5.304000 14.508000
v -18.916000 -5.304000 14.508000
v -23.318000 -5.304000 15.008000
v -19.091000 -5.304000 15.008000
v -22.990000 -5.304000 15.508000
v -19.145000 -5.304000 15.508000
v -22.538000 -5.304000 16.008000
v -19.378000 -5.304000 16.008000
v -21.390000 -5.304000 16.508000
v -19.826000 -5.304000 16.508000
v -12.723000 -5.304000 16.508000
v -10.882000 -5.304000 16.508000
v -13.534000 -5.304000 17.008000
v -10.477000 -5.304000 17.008000
v -14.077000 -5.304000 17.508000
v -10.229000 -5.304000 17.508000
v -14.582000 -5.304000 18.008000
v -10.130000 -5.304000 18.008000
v -14.992000 -5.304000 18.508000
v -10.164000 -5.304000 18.508000
v -15.107000 -5.304000 19.008000
v -10.253000 -5.304000 19.008000
v -14.813000 -5.304000 19.508000
v -10.577000 -5.304000 19.508000
v -13.181000 -1.304000 3.508000
v -12.072000 -1.304000 3.508000
v -13.957000 -1.304000 4.008000
v -11.774000 -1.304000 4.008000
v -14.302000 -1.304000 4.508000
v -11.483000 -1.304000 4.508000
v -14.401000 -1.304000 5.008000
v -11.376000 -1.304000 5.008000
v -14.426000 -1.304000 5.508000
v -11.367000 -1.304000 5.508000
v -14.567000 -1.304000 6.008000
v -11.359000 -1.304000 6.008000
v -14.852000 -1.304000 6.508000
v -11.467000 -1.304000 6.508000
v -14.964000 -1.304000 7.008000
v -11.795000 -1.304000 7.008000
v -15.007000 -1.304000 7.508000
v -12.160000 -1.304000 7.508000
v -15.195000 -1.304000 8.008000
v -12.573000 -1.304000 8.008000
v -15.751000 -1.304000 8.508000
v -13.197000 -1.304000 8.508000
v -16.491000 -1.304000 9.008000
v -13.657000 -1.304000 9.008000
v -17.063000 -1.304000 9.508000
v -13.756000 -1.304000 9.508000
v -17.599000 -1.304000 10.008000
v -13.693000 -1.304000 10.008000
v -18.631000 -1.304000 10.508000
v -13.488000 -1.304000 10.508000
v -22.687000 -1.304000 11.008000
v -13.358000 -1.304000 11.008000
v -23.208000 -1.304000 11.508000
v -13.412000 -1.304000 11.508000
v -23.612000 -1.304000 12.008000
v -13.526000 -1.304000 12.008000
v -23.865000 -1.304000 12.508000
v -13.953000 -1.304000 12.508000
v -23.897000 -1.304000 13.008000
v -14.414000 -1.304000 13.008000
v -23.776000 -1.304000 13.508000
v -14.628000 -1.304000 13.508000
v -23.428000 -1.304000 14.008000
v -14.689000 -1.304000 14.008000
v -23.037000 -1.304000 14.508000
v -14.784000 -1.304000 14.508000
v -22.478000 -1.304000 15.008000
v -14.943000 -1.304000 15.008000
v -22.057000 -1.304000 15.508000
v -14.944000 -1.304000 15.508000
v -21.845000 -1.304000 16.008000
v -14.788000 -1.304000 16.008000
v -21.557000 -1.304000 16.508000
v -14.688000 -1.304000 16.508000
v -21.386000 -1.304000 17.008000
v -14.786000 -1.304000 17.008000
v -21.068000 -1.304000 17.508000
v -15.083000 -1.304000 17.508000
v -19.592000 -1.304000 18.008000
v -15.839000 -1.304000 18.008000
v -18.529000 -1.304000 18.508000
v -16.389000 -1.304000 18.508000
v -23.304000 -5.304000 11.424000
v -23.304000 -5.304000 11.601000
v -23.304000 -5.304000 13.110000
v -23.304000 -5.304000 15.042000
v -22.804000 -5.304000 10.542000
v -22.804000 -5.304000 15.690000
v -22.304000 -5.304000 10.246000
v -22.304000 -5.304000 16.192000
v -21.804000 -5.304000 9.809000
v -21.804000 -5.304000 16.382000
v -21.304000 -5.304000 9.346000
v -21.304000 -5.304000 16.543000
v -20.804000 -5.304000 9.161000
v -20.804000 -5.304000 16.729000
v -20.304000 -5.304000 9.132000
v -20.304000 -5.304000 16.728000
v -19.804000 -5.304000 9.111000
v -19.804000 -5.304000 16.491000
v -19.304000 -5.304000 9.109000
v -19.304000 -5.304000 15.916000
v -18.804000 -5.304000 9.246000
v -18.804000 -5.304000 14.211000
v -18.304000 -5.304000 9.337000
v -18.304000 -5.304000 12.584000
v -17.804000 -5.304000 9.344000
v -17.804000 -5.304000 12.205000
v -17.304000 -5.304000 9.350000
v -17.304000 -5.304000 11.937000
v -16.804000 -5.304000 9.357000
v -16.804000 -5.304000 11.663000
v -16.304000 -5.304000 9.504000
v -16.304000 -5.304000 11.428000
v -14.804000 -5.304000 7.465000
v -14.804000 -5.304000 8.504000
v -14.804000 -5.304000 18.242000
v -14.804000 -5.304000 19.514000
v -14.304000 -5.304000 7.455000
v -14.304000 -5.304000 8.514000
v -14.304000 -5.304000 17.752000
v -14.304000 -5.304000 19.745000
v -13.804000 -5.304000 17.274000
v -13.804000 -5.304000 19.863000
v -13.304000 -5.304000 16.822000
v -13.304000 -5.304000 19.925000
v -12.804000 -5.304000 16.545000
v -12.804000 -5.304000 19.918000
v -12.304000 -5.304000 16.365000
v -12.304000 -5.304000 19.883000
v -11.804000 -5.304000 16.228000
v -11.804000 -5.304000 19.897000
v -11.304000 -5.304000 16.278000
v -11.304000 -5.304000 19.888000
v -10.804000 -5.304000 16.578000
v -10.804000 -5.304000 19.690000
v -10.304000 -5.304000 17.348000
v -10.304000 -5.304000 19.129000
v -23.804000 -1.304000 12.325000
v -23.804000 -1.304000 13.432000
v -23.304000 -1.304000 11.592000
v -23.304000 -1.304000 14.154000
v -22.804000 -1.304000 11.088000
v -22.804000 -1.304000 14.701000
v -22.304000 -1.304000 10.860000
v -22.304000 -1.304000 15.176000
v -21.804000 -1.304000 10.857000
v -21.804000 -1.304000 16.096000
v -21.304000 -1.304000 10.871000
v -21.304000 -1.304000 17.189000
v -20.804000 -1.304000 10.985000
v -20.804000 -1.304000 17.715000
v -20.304000 -1.304000 10.977000
v -20.304000 -1.304000 17.898000
v -19.804000 -1.304000 10.795000
v -19.804000 -1.304000 17.949000
v -19.304000 -1.304000 10.648000
v -19.304000 -1.304000 18.142000
v -18.804000 -1.304000 10.564000
v -18.804000 -1.304000 18.355000
v -18.304000 -1.304000 10.348000
v -18.304000 -1.304000 18.679000
v -17.804000 -1.304000 10.121000
v -17.804000 -1.304000 18.902000
v -17.304000 -1.304000 9.775000
v -17.304000 -1.304000 18.940000
v -16.804000 -1.304000 9.284000
v -16.804000 -1.304000 18.806000
v -16.304000 -1.304000 8.864000
v -16.304000 -1.304000 18.440000
v -15.804000 -1.304000 8.546000
v -15.804000 -1.304000 17.984000
v -15.304000 -1.304000 8.152000
v -15.304000 -1.304000 17.687000
v -14.804000 -1.304000 6.409000
v -14.804000 -1.304000 14.558000
v -14.804000 -1.304000 15.966000
v -14.804000 -1.304000 17.051000
v -14.304000 -1.304000 4.514000
v -14.304000 -1.304000 12.849000
v -13.804000 -1.304000 3.887000
v -13.804000 -1.304000 12.382000
v -13.304000 -1.304000 3.572000
v -13.304000 -1.304000 8.601000
v -12.804000 -1.304000 3.361000
v -12.804000 -1.304000 8.208000
v -12.304000 -1.304000 3.360000
v -12.304000 -1.304000 7.660000
v -11.804000 -1.304000 3.954000
v -11.804000 -1.304000 7.022000
v -14.304000 -3.743000 5.008000
v -14.304000 -1.006000 5.008000
v -13.804000 -4.267000 5.008000
v -13.804000 -0.411000 5.008000
v -13.304000 -4.453000 5.008000
v -13.304000 -0.201000 5.008000
v -12.804000 -4.445000 5.008000
v -12.804000 -0.192000 5.008000
v -12.304000 -4.320000 5.008000
v -12.304000 -0.380000 5.008000
v -11.804000 -4.085000 5.008000
v -11.804000 -0.857000 5.008000
v -11.304000 -3.343000 5.008000
v -11.304000 -1.425000 5.008000
v -16.804000 -4.402000 9.008000
v -16.804000 -2.861000 9.008000
v -16.304000 -4.859000 9.008000
v -16.304000 -0.946000 9.008000
v -15.804000 -4.969000 9.008000
v -15.804000 -0.649000 9.008000
v -15.304000 -5.007000 9.008000
v -15.304000 -0.615000 9.008000
v -14.804000 -5.006000 9.008000
v -14.804000 -0.704000 9.008000
v -14.304000 -4.955000 9.008000
v -14.304000 -0.861000 9.008000
v -13.804000 -4.735000 9.008000
v -13.804000 -1.194000 9.008000
v -13.304000 -4.333000 9.008000
v -13.304000 -1.681000 9.008000
v -12.804000 -3.801000 9.008000
v -12.804000 -2.383000 9.008000
v -24.804000 -3.502000 13.008000
v -24.804000 -2.572000 13.008000
v -24.304000 -4.302000 13.008000
v -24.304000 -1.926000 13.008000
v -23.804000 -4.812000 13.008000
v -23.804000 -1.048000 13.008000
v -23.304000 -5.289000 13.008000
v -23.304000 -0.413000 13.008000
v -22.804000 -5.826000 13.008000
v -22.804000 0.070000 13.008000
v -22.304000 -6.328000 13.008000
v -22.304000 0.276000 13.008000
v -21.804000 -6.795000 13.008000
v -21.804000 0.286000 13.008000
v -21.304000 -6.973000 13.008000
v -21.304000 0.222000 13.008000
v -20.804000 -6.960000 13.008000
v -20.804000 0.087000 13.008000
v -20.304000 -6.906000 13.008000
v -20.304000 0.091000 13.008000
v -19.804000 -6.689000 13.008000
v -19.804000 0.241000 13.008000
v -19.304000 -6.266000 13.008000
v -19.304000 0.365000 13.008000
v -18.804000 -5.738000 13.008000
v -18.804000 0.611000 13.008000
v -18.304000 -4.801000 13.008000
v -18.304000 0.793000 13.008000
v -17.804000 -3.710000 13.008000
v -17.804000 0.850000 13.008000
v -17.304000 -3.466000 13.008000
v -17.304000 1.029000 13.008000
v -16.804000 -3.396000 13.008000
v -16.804000 1.236000 13.008000
v -16.304000 -3.362000 13.008000
v -16.304000 1.348000 13.008000
v -15.804000 -3.322000 13.008000
v -15.804000 1.362000 13.008000
v -15.304000 -3.162000 13.008000
v -15.304000 1.184000 13.008000
v -14.804000 -2.773000 13.008000
v -14.804000 0.681000 13.008000
v -21.304000 -3.519000 17.008000
v -21.304000 -1.021000 17.008000
v -20.804000 -4.485000 17.008000
v -20.804000 -0.420000 17.008000
v -20.304000 -4.649000 17.008000
v -20.304000 -0.226000 17.008000
v -19.804000 -4.586000 17.008000
v -19.804000 -0.191000 17.008000
v -19.304000 -4.570000 17.008000
v -19.304000 -0.024000 17.008000
v -18.804000 -4.594000 17.008000
v -18.804000 0.209000 17.008000
v -18.304000 -4.527000 17.008000
v -18.304000 0.352000 17.008000
v -17.804000 -4.404000 17.008000
v -17.804000 0.394000 17.008000
v -17.304000 -4.250000 17.008000
v -17.304000 0.528000 17.008000
v -16.804000 -3.988000 17.008000
v -16.804000 0.724000 17.008000
v -16.304000 -3.828000 17.008000
v -16.304000 0.730000 17.008000
v -15.804000 -3.643000 17.008000
v -15.804000 0.523000 17.008000
v -15.304000 -3.212000 17.008000
v -15.304000 -0.150000 17.008000
v -14.804000 -2.469000 17.008000
v -14.804000 -1.235000 17.008000
v -13.304000 -6.184000 17.008000
v -13.304000 -2.602000 17.008000
v -12.804000 -6.776000 17.008000
v -12.804000 -2.349000 17.008000
v -12.304000 -7.043000 17.008000
v -12.304000 -2.196000 17.008000
v -11.804000 -7.019000 17.008000
v -11.804000 -2.137000 17.008000
v -11.304000 -6.668000 17.008000
v -11.304000 -2.135000 17.008000
v -10.804000 -6.196000 17.008000
v -10.804000 -2.327000 17.008000
v -10.304000 -4.779000 17.008000
v -10.304000 -2.871000 17.008000
v -15.182000 -4.804000 7.008000
v -13.681000 -4.804000 7.008000
v -15.609000 -4.804000 7.508000
v -13.387000 -4.804000 7.508000
v -15.726000 -4.804000 8.008000
v -13.370000 -4.804000 8.008000
v -15.846000 -4.804000 8.508000
v -13.501000 -4.804000 8.508000
v -16.442000 -4.804000 9.008000
v -13.921000 -4.804000 9.008000
v -21.200000 -4.804000 9.508000
v -15.177000 -4.804000 9.508000
v -22.078000 -4.804000 10.008000
v -15.344000 -4.804000 10.008000
v -23.199000 -4.804000 10.508000
v -15.326000 -4.804000 10.508000
v -23.660000 -4.804000 11.008000
v -15.445000 -4.804000 11.008000
v -23.793000 -4.804000 11.508000
v -15.835000 -4.804000 11.508000
v -23.794000 -4.804000 12.008000
v -16.508000 -4.804000 12.008000
v -23.747000 -4.804000 12.508000
v -17.890000 -4.804000 12.508000
v -23.815000 -4.804000 13.008000
v -18.305000 -4.804000 13.008000
v -23.741000 -4.804000 13.508000
v -18.541000 -4.804000 13.508000
v -23.596000 -4.804000 14.008000
v -18.619000 -4.804000 14.008000
v -23.459000 -4.804000 14.508000
v -18.588000 -4.804000 14.508000
v -23.310000 -4.804000 15.008000
v -18.535000 -4.804000 15.008000
v -22.979000 -4.804000 15.508000
v -18.458000 -4.804000 15.508000
v -22.515000 -4.804000 16.008000
v -18.403000 -4.804000 16.008000
v -12.284000 -4.804000 16.008000
v -10.824000 -4.804000 16.008000
v -21.615000 -4.804000 16.508000
v -18.591000 -4.804000 16.508000
v -12.963000 -4.804000 16.508000
v -10.443000 -4.804000 16.508000
v -13.572000 -4.804000 17.008000
v -10.313000 -4.804000 17.008000
v -14.155000 -4.804000 17.508000
v -10.199000 -4.804000 17.508000
v -15.188000 -4.804000 18.008000
v -10.124000 -4.804000 18.008000
v -15.803000 -4.804000 18.508000
v -10.173000 -4.804000 18.508000
v -16.105000 -4.804000 19.008000
v -10.260000 -4.804000 19.008000
v -15.866000 -4.804000 19.508000
v -10.548000 -4.804000 19.508000
v -15.060000 -4.804000 20.008000
v -13.867000 -4.804000 20.008000
v -13.605000 -0.804000 4.008000
v -12.447000 -0.804000 4.008000
v -14.074000 -0.804000 4.508000
v -11.982000 -0.804000 4.508000
v -14.193000 -0.804000 5.008000
v -11.855000 -0.804000 5.008000
v -14.246000 -0.804000 5.508000
v -11.806000 -0.804000 5.508000
v -14.356000 -0.804000 6.008000
v -11.834000 -0.804000 6.008000
v -14.659000 -0.804000 6.508000
v -11.921000 -0.804000 6.508000
v -14.789000 -0.804000 7.008000
v -12.057000 -0.804000 7.008000
v -14.734000 -0.804000 7.508000
v -12.436000 -0.804000 7.508000
v -14.653000 -0.804000 8.008000
v -12.832000 -0.804000 8.008000
v -14.586000 -0.804000 8.508000
v -14.160000 -0.804000 8.508000
v -16.150000 -0.804000 9.008000
v -14.475000 -0.804000 9.008000
v -17.051000 -0.804000 9.508000
v -14.241000 -0.804000 9.508000
v -17.637000 -0.804000 10.008000
v -13.990000 -0.804000 10.008000
v -18.665000 -0.804000 10.508000
v -13.868000 -0.804000 10.508000
v -19.977000 -0.804000 11.008000
v -13.847000 -0.804000 11.008000
v -22.691000 -0.804000 11.508000
v -13.812000 -0.804000 11.508000
v -23.170000 -0.804000 12.008000
v -13.899000 -0.804000 12.008000
v -23.577000 -0.804000 12.508000
v -14.229000 -0.804000 12.508000
v -23.677000 -0.804000 13.008000
v -14.551000 -0.804000 13.008000
v -23.552000 -0.804000 13.508000
v -14.683000 -0.804000 13.508000
v -23.324000 -0.804000 14.008000
v -14.706000 -0.804000 14.008000
v -22.984000 -0.804000 14.508000
v -14.802000 -0.804000 14.508000
v -22.240000 -0.804000 15.008000
v -15.019000 -0.804000 15.008000
v -21.830000 -0.804000 15.508000
v -15.091000 -0.804000 15.508000
v -21.641000 -0.804000 16.008000
v -14.981000 -0.804000 16.008000
v -21.344000 -0.804000 16.508000
v -14.877000 -0.804000 16.508000
v -21.190000 -0.804000 17.008000
v -14.989000 -0.804000 17.008000
v -20.787000 -0.804000 17.508000
v -15.408000 -0.804000 17.508000
v -19.136000 -0.804000 18.008000
v -16.157000 -0.804000 18.008000
v -18.256000 -0.804000 18.508000
v -16.770000 -0.804000 18.508000
v -23.804000 -4.804000 12.908000
v -23.804000 -4.804000 13.188000
v -23.304000 -4.804000 10.589000
v -23.304000 -4.804000 15.022000
v -22.804000 -4.804000 10.305000
v -22.804000 -4.804000 15.672000
v -22.304000 -4.804000 10.121000
v -22.304000 -4.804000 16.173000
v -21.804000 -4.804000 9.841000
v -21.804000 -4.804000 16.405000
v -21.304000 -4.804000 9.566000
v -21.304000 -4.804000 16.719000
v -20.804000 -4.804000 9.356000
v -20.804000 -4.804000 16.917000
v -20.304000 -4.804000 9.341000
v -20.304000 -4.804000 16.937000
v -19.804000 -4.804000 9.327000
v -19.804000 -4.804000 16.851000
v -19.304000 -4.804000 9.326000
v -19.304000 -4.804000 16.754000
v -18.804000 -4.804000 9.342000
v -18.804000 -4.804000 16.657000
v -18.304000 -4.804000 9.273000
v -18.304000 -4.804000 13.007000
v -17.804000 -4.804000 9.152000
v -17.804000 -4.804000 12.448000
v -17.304000 -4.804000 9.148000
v -17.304000 -4.804000 12.232000
v -16.804000 -4.804000 9.087000
v -16.804000 -4.804000 12.130000
v -16.304000 -4.804000 8.963000
v -16.304000 -4.804000 11.858000
v -15.804000 -4.804000 8.383000
v -15.804000 -4.804000 11.484000
v -15.804000 -4.804000 18.509000
v -15.804000 -4.804000 19.549000
v -15.304000 -4.804000 7.100000
v -15.304000 -4.804000 9.766000
v -15.304000 -4.804000 18.095000
v -15.304000 -4.804000 19.864000
v -14.804000 -4.804000 6.847000
v -14.804000 -4.804000 9.275000
v -14.804000 -4.804000 17.830000
v -14.804000 -4.804000 20.098000
v -14.304000 -4.804000 6.822000
v -14.304000 -4.804000 9.167000
v -14.304000 -4.804000 17.592000
v -14.304000 -4.804000 20.101000
v -13.804000 -4.804000 6.937000
v -13.804000 -4.804000 8.911000
v -13.804000 -4.804000 17.250000
v -13.804000 -4.804000 19.996000
v -13.304000 -4.804000 16.786000
v -13.304000 -4.804000 19.984000
v -12.804000 -4.804000 16.377000
v -12.804000 -4.804000 19.978000
v -12.304000 -4.804000 16.024000
v -12.304000 -4.804000 19.959000
v -11.804000 -4.804000 15.787000
v -11.804000 -4.804000 19.952000
v -11.304000 -4.804000 15.787000
v -11.304000 -4.804000 19.952000
v -10.804000 -4.804000 16.023000
v -10.804000 -4.804000 19.739000
v -10.304000 -4.804000 17.047000
v -10.304000 -4.804000 19.121000
v -23.304000 -0.804000 12.124000
v -23.304000 -0.804000 14.052000
v -22.804000 -0.804000 11.600000
v -22.804000 -0.804000 14.651000
v -22.304000 -0.804000 11.284000
v -22.304000 -0.804000 14.957000
v -21.804000 -0.804000 11.152000
v -21.804000 -0.804000 15.562000
v -21.304000 -0.804000 11.158000
v -21.304000 -0.804000 16.616000
v -20.804000 -0.804000 11.244000
v -20.804000 -0.804000 17.495000
v -20.304000 -0.804000 11.172000
v -20.304000 -0.804000 17.713000
v -19.804000 -0.804000 10.894000
v -19.804000 -0.804000 17.744000
v -19.304000 -0.804000 10.671000
v -19.304000 -0.804000 17.903000
v -18.804000 -0.804000 10.560000
v -18.804000 -0.804000 18.217000
v -18.304000 -0.804000 10.321000
v -18.304000 -0.804000 18.480000
v -17.804000 -0.804000 10.093000
v -17.804000 -0.804000 18.720000
v -17.304000 -0.804000 9.770000
v -17.304000 -0.804000 18.741000
v -16.804000 -0.804000 9.307000
v -16.804000 -0.804000 18.534000
v -16.304000 -0.804000 9.074000
v -16.304000 -0.804000 18.126000
v -15.804000 -0.804000 8.883000
v -15.804000 -0.804000 17.737000
v -15.304000 -0.804000 8.766000
v -15.304000 -0.804000 17.424000
v -14.804000 -0.804000 8.652000
v -14.804000 -0.804000 14.514000
v -14.304000 -0.804000 5.866000
v -14.304000 -0.804000 8.555000
v -14.304000 -0.804000 9.407000
v -14.304000 -0.804000 12.607000
v -13.804000 -0.804000 4.152000
v -13.804000 -0.804000 8.403000
v -13.304000 -0.804000 3.889000
v -13.304000 -0.804000 8.248000
v -12.804000 -0.804000 3.876000
v -12.804000 -0.804000 7.986000
v -12.304000 -0.804000 4.107000
v -12.304000 -0.804000 7.347000
v -14.304000 -3.883000 5.508000
v -14.304000 -0.912000 5.508000
v -13.804000 -4.263000 5.508000
v -13.804000 -0.338000 5.508000
v -13.304000 -4.396000 5.508000
v -13.304000 -0.133000 5.508000
v -12.804000 -4.362000 5.508000
v -12.804000 -0.126000 5.508000
v -12.304000 -4.139000 5.508000
v -12.304000 -0.312000 5.508000
v -11.804000 -3.685000 5.508000
v -11.804000 -0.805000 5.508000
v -11.304000 -3.038000 5.508000
v -11.304000 -1.424000 5.508000
v -21.304000 -6.192000 9.508000
v -21.304000 -4.904000 9.508000
v -20.804000 -6.489000 9.508000
v -20.804000 -4.608000 9.508000
v -20.304000 -6.562000 9.508000
v -20.304000 -4.598000 9.508000
v -19.804000 -6.596000 9.508000
v -19.804000 -4.573000 9.508000
v -19.304000 -6.601000 9.508000
v -19.304000 -4.510000 9.508000
v -18.804000 -6.338000 9.508000
v -18.804000 -4.413000 9.508000
v -18.304000 -5.729000 9.508000
v -18.304000 -3.883000 9.508000
v -17.804000 -5.539000 9.508000
v -17.804000 -3.311000 9.508000
v -17.304000 -5.502000 9.508000
v -17.304000 -2.838000 9.508000
v -16.804000 -5.489000 9.508000
v -16.804000 -0.368000 9.508000
v -16.304000 -5.307000 9.508000
v -16.304000 -0.080000 9.508000
v -15.804000 -5.075000 9.508000
v -15.804000 -0.085000 9.508000
v -15.304000 -4.855000 9.508000
v -15.304000 -0.288000 9.508000
v -14.804000 -4.652000 9.508000
v -14.804000 -0.522000 9.508000
v -14.304000 -4.575000 9.508000
v -14.304000 -0.764000 9.508000
v -13.804000 -4.510000 9.508000
v -13.804000 -1.252000 9.508000
v -13.304000 -4.288000 9.508000
v -13.304000 -1.814000 9.508000
v -12.804000 -3.776000 9.508000
v -12.804000 -2.398000 9.508000
v -24.304000 -4.129000 13.508000
v -24.304000 -2.369000 13.508000
v -23.804000 -4.739000 13.508000
v -23.804000 -1.452000 13.508000
v -23.304000 -5.420000 13.508000
v -23.304000 -0.442000 13.508000
v -22.804000 -6.096000 13.508000
v -22.804000 0.104000 13.508000
v -22.304000 -6.401000 13.508000
v -22.304000 0.305000 13.508000
v -21.804000 -6.781000 13.508000
v -21.804000 0.309000 13.508000
v -21.304000 -6.979000 13.508000
v -21.304000 0.125000 13.508000
v -20.804000 -6.983000 13.508000
v -20.804000 -0.080000 13.508000
v -20.304000 -6.940000 13.508000
v -20.304000 -0.117000 13.508000
v -19.804000 -6.728000 13.508000
v -19.804000 0.034000 13.508000
v -19.304000 -6.296000 13.508000
v -19.304000 0.273000 13.508000
v -18.804000 -5.779000 13.508000
v -18.804000 0.587000 13.508000
v -18.304000 -4.191000 13.508000
v -18.304000 0.795000 13.508000
v -17.804000 -3.508000 13.508000
v -17.804000 0.818000 13.508000
v -17.304000 -3.272000 13.508000
v -17.304000 0.863000 13.508000
v -16.804000 -3.152000 13.508000
v -16.804000 1.039000 13.508000
v -16.304000 -3.068000 13.508000
v -16.304000 1.260000 13.508000
v -15.804000 -3.002000 13.508000
v -15.804000 1.275000 13.508000
v -15.304000 -2.719000 13.508000
v -15.304000 1.083000 13.508000
v -14.804000 -2.016000 13.508000
v -14.804000 0.490000 13.508000
v -20.804000 -3.716000 17.508000
v -20.804000 -0.821000 17.508000
v -20.304000 -4.023000 17.508000
v -20.304000 -0.544000 17.508000
v -19.804000 -4.051000 17.508000
v -19.804000 -0.501000 17.508000
v -19.304000 -4.158000 17.508000
v -19.304000 -0.308000 17.508000
v -18.804000 -4.337000 17.508000
v -18.804000 0.070000 17.508000
v -18.304000 -4.452000 17.508000
v -18.304000 0.272000 17.508000
v -17.804000 -4.447000 17.508000
v -17.804000 0.270000 17.508000
v -17.304000 -4.366000 17.508000
v -17.304000 0.256000 17.508000
v -16.804000 -4.172000 17.508000
v -16.804000 0.367000 17.508000
v -16.304000 -4.036000 17.508000
v -16.304000 0.374000 17.508000
v -15.804000 -3.969000 17.508000
v -15.804000 0.055000 17.508000
v -15.304000 -3.964000 17.508000
v -15.304000 -0.932000 17.508000
v -14.804000 -3.776000 17.508000
v -14.804000 -1.831000 17.508000
v -14.304000 -4.257000 17.508000
v -14.304000 -2.998000 17.508000
v -13.804000 -6.634000 17.508000
v -13.804000 -2.825000 17.508000
v -13.304000 -7.002000 17.508000
v -13.304000 -2.622000 17.508000
v -12.804000 -7.192000 17.508000
v -12.804000 -2.374000 17.508000
v -12.304000 -7.363000 17.508000
v -12.304000 -2.176000 17.508000
v -11.804000 -7.344000 17.508000
v -11.804000 -2.143000 17.508000
v -11.304000 -7.109000 17.508000
v -11.304000 -2.153000 17.508000
v -10.804000 -6.656000 17.508000
v -10.804000 -2.355000 17.508000
v -10.304000 -6.002000 17.508000
v -10.304000 -2.925000 17.508000
v -13.126000 -4.304000 3.508000
v -12.028000 -4.304000 3.508000
v -13.144000 -4.304000 4.008000
v -11.940000 -4.304000 4.008000
v -13.487000 -4.304000 4.508000
v -12.011000 -4.304000 4.508000
v -13.741000 -4.304000 5.008000
v -12.246000 -4.304000 5.008000
v -13.708000 -4.304000 5.508000
v -12.611000 -4.304000 5.508000
v -14.051000 -4.304000 6.008000
v -12.886000 -4.304000 6.008000
v -14.709000 -4.304000 6.508000
v -12.823000 -4.304000 6.508000
v -15.509000 -4.304000 7.008000
v -12.869000 -4.304000 7.008000
v -15.831000 -4.304000 7.508000
v -12.850000 -4.304000 7.508000
v -15.950000 -4.304000 8.008000
v -12.895000 -4.304000 8.008000
v -16.154000 -4.304000 8.508000
v -13.026000 -4.304000 8.508000
v -16.855000 -4.304000 9.008000
v -13.265000 -4.304000 9.008000
v -18.674000 -4.304000 9.508000
v -13.331000 -4.304000 9.508000
v -21.908000 -4.304000 10.008000
v -13.513000 -4.304000 10.008000
v -23.809000 -4.304000 10.508000
v -14.260000 -4.304000 10.508000
v -24.202000 -4.304000 11.008000
v -14.814000 -4.304000 11.008000
v -24.300000 -4.304000 11.508000
v -15.024000 -4.304000 11.508000
v -24.321000 -4.304000 12.008000
v -16.032000 -4.304000 12.008000
v -24.269000 -4.304000 12.508000
v -17.634000 -4.304000 12.508000
v -24.303000 -4.304000 13.008000
v -18.184000 -4.304000 13.008000
v -24.211000 -4.304000 13.508000
v -18.351000 -4.304000 13.508000
v -23.861000 -4.304000 14.008000
v -18.380000 -4.304000 14.008000
v -23.465000 -4.304000 14.508000
v -18.282000 -4.304000 14.508000
v -23.146000 -4.304000 15.008000
v -17.984000 -4.304000 15.008000
v -22.687000 -4.304000 15.508000
v -17.820000 -4.304000 15.508000
v -22.190000 -4.304000 16.008000
v -17.561000 -4.304000 16.008000
v -12.724000 -4.304000 16.008000
v -10.551000 -4.304000 16.008000
v -21.551000 -4.304000 16.508000
v -17.373000 -4.304000 16.508000
v -13.214000 -4.304000 16.508000
v -10.247000 -4.304000 16.508000
v -20.949000 -4.304000 17.008000
v -17.442000 -4.304000 17.008000
v -13.600000 -4.304000 17.008000
v -10.172000 -4.304000 17.008000
v -18.900000 -4.304000 17.508000
v -17.099000 -4.304000 17.508000
v -14.294000 -4.304000 17.508000
v -10.141000 -4.304000 17.508000
v -18.469000 -4.304000 18.008000
v -10.129000 -4.304000 18.008000
v -18.082000 -4.304000 18.508000
v -10.190000 -4.304000 18.508000
v -17.465000 -4.304000 19.008000
v -10.258000 -4.304000 19.008000
v -16.666000 -4.304000 19.508000
v -10.428000 -4.304000 19.508000
v -16.171000 -4.304000 20.008000
v -10.887000 -4.304000 20.008000
v -13.281000 -0.304000 4.508000
v -12.777000 -0.304000 4.508000
v -13.615000 -0.304000 5.008000
v -12.446000 -0.304000 5.008000
v -13.749000 -0.304000 5.508000
v -12.318000 -0.304000 5.508000
v -13.700000 -0.304000 6.008000
v -12.464000 -0.304000 6.008000
v -14.039000 -0.304000 6.508000
v -12.568000 -0.304000 6.508000
v -14.293000 -0.304000 7.008000
v -12.803000 -0.304000 7.008000
v -14.134000 -0.304000 7.508000
v -13.026000 -0.304000 7.508000
v -16.737000 -0.304000 9.508000
v -15.267000 -0.304000 9.508000
v -17.563000 -0.304000 10.008000
v -14.753000 -0.304000 10.008000
v -18.577000 -0.304000 10.508000
v -14.448000 -0.304000 10.508000
v -19.579000 -0.304000 11.008000
v -14.458000 -0.304000 11.008000
v -22.101000 -0.304000 11.508000
v -14.307000 -0.304000 11.508000
v -22.668000 -0.304000 12.008000
v -14.354000 -0.304000 12.008000
v -23.088000 -0.304000 12.508000
v -14.470000 -0.304000 12.508000
v -23.194000 -0.304000 13.008000
v -14.592000 -0.304000 13.008000
v -23.214000 -0.304000 13.508000
v -14.699000 -0.304000 13.508000
v -23.102000 -0.304000 14.008000
v -14.808000 -0.304000 14.008000
v -22.650000 -0.304000 14.508000
v -15.032000 -0.304000 14.508000
v -21.475000 -0.304000 15.008000
v -15.275000 -0.304000 15.008000
v -21.244000 -0.304000 15.508000
v -15.318000 -0.304000 15.508000
v -20.983000 -0.304000 16.008000
v -15.234000 -0.304000 16.008000
v -20.774000 -0.304000 16.508000
v -15.149000 -0.304000 16.508000
v -20.581000 -0.304000 17.008000
v -15.259000 -0.304000 17.008000
v -19.298000 -0.304000 17.508000
v -15.622000 -0.304000 17.508000
v -18.782000 -0.304000 18.008000
v -16.479000 -0.304000 18.008000
v -24.304000 -4.304000 11.776000
v -24.304000 -4.304000 12.214000
v -23.804000 -4.304000 10.505000
v -23.804000 -4.304000 14.076000
v -23.304000 -4.304000 10.285000
v -23.304000 -4.304000 14.738000
v -22.804000 -4.304000 10.153000
v -22.804000 -4.304000 15.401000
v -22.304000 -4.304000 10.092000
v -22.304000 -4.304000 15.915000
v -21.804000 -4.304000 9.978000
v -21.804000 -4.304000 16.297000
v -21.304000 -4.304000 9.832000
v -21.304000 -4.304000 16.748000
v -20.804000 -4.304000 9.808000
v -20.804000 -4.304000 17.086000
v -20.304000 -4.304000 9.809000
v -20.304000 -4.304000 17.236000
v -19.804000 -4.304000 9.701000
v -19.804000 -4.304000 17.233000
v -19.304000 -4.304000 9.602000
v -19.304000 -4.304000 17.326000
v -18.804000 -4.304000 9.547000
v -18.804000 -4.304000 17.587000
v -18.304000 -4.304000 9.330000
v -18.304000 -4.304000 13.290000
v -18.304000 -4.304000 14.448000
v -18.304000 -4.304000 18.167000
v -17.804000 -4.304000 9.152000
v -17.804000 -4.304000 12.600000
v -17.804000 -4.304000 15.555000
v -17.804000 -4.304000 18.694000
v -17.304000 -4.304000 9.104000
v -17.304000 -4.304000 12.415000
v -17.304000 -4.304000 17.307000
v -17.304000 -4.304000 19.110000
v -16.804000 -4.304000 8.989000
v -16.804000 -4.304000 12.342000
v -16.804000 -4.304000 17.774000
v -16.804000 -4.304000 19.378000
v -16.304000 -4.304000 8.689000
v -16.304000 -4.304000 12.142000
v -16.304000 -4.304000 17.892000
v -16.304000 -4.304000 19.904000
v -15.804000 -4.304000 7.441000
v -15.804000 -4.304000 11.905000
v -15.804000 -4.304000 17.881000
v -15.804000 -4.304000 20.170000
v -15.304000 -4.304000 6.842000
v -15.304000 -4.304000 11.709000
v -15.304000 -4.304000 17.734000
v -15.304000 -4.304000 20.222000
v -14.804000 -4.304000 6.564000
v -14.804000 -4.304000 10.982000
v -14.804000 -4.304000 17.623000
v -14.804000 -4.304000 20.317000
v -14.304000 -4.304000 6.236000
v -14.304000 -4.304000 10.529000
v -14.304000 -4.304000 17.512000
v -14.304000 -4.304000 20.318000
v -13.804000 -4.304000 5.746000
v -13.804000 -4.304000 10.197000
v -13.804000 -4.304000 17.219000
v -13.804000 -4.304000 20.240000
v -13.304000 -4.304000 4.350000
v -13.304000 -4.304000 9.144000
v -13.304000 -4.304000 16.626000
v -13.304000 -4.304000 20.210000
v -12.804000 -4.304000 3.013000
v -12.804000 -4.304000 5.737000
v -12.804000 -4.304000 16.061000
v -12.804000 -4.304000 20.203000
v -12.304000 -4.304000 3.036000
v -12.304000 -4.304000 5.060000
v -12.304000 -4.304000 15.788000
v -12.304000 -4.304000 20.206000
v -11.804000 -4.304000 15.600000
v -11.804000 -4.304000 20.174000
v -11.304000 -4.304000 15.600000
v -11.304000 -4.304000 20.176000
v -10.804000 -4.304000 15.798000
v -10.804000 -4.304000 19.950000
v -10.304000 -4.304000 16.368000
v -10.304000 -4.304000 19.199000
v -22.804000 -0.304000 12.115000
v -22.804000 -0.304000 14.396000
v -22.304000 -0.304000 11.654000
v -22.304000 -0.304000 14.649000
v -21.804000 -0.304000 11.390000
v -21.804000 -0.304000 14.814000
v -21.304000 -0.304000 11.378000
v -21.304000 -0.304000 15.247000
v -20.804000 -0.304000 11.507000
v -20.804000 -0.304000 16.314000
v -20.304000 -0.304000 11.472000
v -20.304000 -0.304000 17.183000
v -19.804000 -0.304000 11.175000
v -19.804000 -0.304000 17.233000
v -19.304000 -0.304000 10.886000
v -19.304000 -0.304000 17.502000
v -18.804000 -0.304000 10.643000
v -18.804000 -0.304000 17.991000
v -18.304000 -0.304000 10.305000
v -18.304000 -0.304000 18.219000
v -17.804000 -0.304000 10.100000
v -17.804000 -0.304000 18.265000
v -17.304000 -0.304000 9.857000
v -17.304000 -0.304000 18.245000
v -16.804000 -0.304000 9.552000
v -16.804000 -0.304000 18.135000
v -16.304000 -0.304000 9.320000
v -16.304000 -0.304000 17.909000
v -15.804000 -0.304000 9.316000
v -15.804000 -0.304000 17.645000
v -15.304000 -0.304000 9.483000
v -15.304000 -0.304000 15.141000
v -15.304000 -0.304000 15.638000
v -15.304000 -0.304000 17.102000
v -14.804000 -0.304000 9.968000
v -14.804000 -0.304000 13.999000
v -13.804000 -0.304000 6.271000
v -13.804000 -0.304000 7.735000
v -13.304000 -0.304000 4.520000
v -13.304000 -0.304000 7.716000
v -12.804000 -0.304000 4.495000
v -12.804000 -0.304000 7.010000
v -14.804000 -3.431000 6.008000
v -14.804000 -2.037000 6.008000
v -14.304000 -4.163000 6.008000
v -14.304000 -0.735000 6.008000
v -13.804000 -4.381000 6.008000
v -13.804000 -0.348000 6.008000
v -13.304000 -4.408000 6.008000
v -13.304000 -0.204000 6.008000
v -12.804000 -4.268000 6.008000
v -12.804000 -0.199000 6.008000
v -12.304000 -3.881000 6.008000
v -12.304000 -0.389000 6.008000
v -11.804000 -3.302000 6.008000
v -11.804000 -0.828000 6.008000
v -11.304000 -2.612000 6.008000
v -11.304000 -1.408000 6.008000
v -21.804000 -6.005000 10.008000
v -21.804000 -4.204000 10.008000
v -21.304000 -6.740000 10.008000
v -21.304000 -3.990000 10.008000
v -20.804000 -7.021000 10.008000
v -20.804000 -4.045000 10.008000
v -20.304000 -7.073000 10.008000
v -20.304000 -4.027000 10.008000
v -19.804000 -7.082000 10.008000
v -19.804000 -3.809000 10.008000
v -19.304000 -6.924000 10.008000
v -19.304000 -3.596000 10.008000
v -18.804000 -6.716000 10.008000
v -18.804000 -3.374000 10.008000
v -18.304000 -6.238000 10.008000
v -18.304000 -2.923000 10.008000
v -17.804000 -5.933000 10.008000
v -17.804000 -2.428000 10.008000
v -17.304000 -5.838000 10.008000
v -17.304000 0.115000 10.008000
v -16.804000 -5.823000 10.008000
v -16.804000 0.366000 10.008000
v -16.304000 -5.625000 10.008000
v -16.304000 0.372000 10.008000
v -15.804000 -5.169000 10.008000
v -15.804000 0.232000 10.008000
v -15.304000 -4.770000 10.008000
v -15.304000 0.009000 10.008000
v -14.804000 -4.510000 10.008000
v -14.804000 -0.285000 10.008000
v -14.304000 -4.427000 10.008000
v -14.304000 -0.503000 10.008000
v -13.804000 -4.388000 10.008000
v -13.804000 -1.113000 10.008000
v -13.304000 -4.193000 10.008000
v -13.304000 -1.834000 10.008000
v -12.804000 -3.593000 10.008000
v -12.804000 -2.581000 10.008000
v -23.804000 -4.406000 14.008000
v -23.804000 -2.349000 14.008000
v -23.304000 -5.582000 14.008000
v -23.304000 -0.728000 14.008000
v -22.804000 -6.203000 14.008000
v -22.804000 -0.008000 14.008000
v -22.304000 -6.460000 14.008000
v -22.304000 0.210000 14.008000
v -21.804000 -6.771000 14.008000
v -21.804000 0.214000 14.008000
v -21.304000 -6.960000 14.008000
v -21.304000 0.023000 14.008000
v -20.804000 -6.984000 14.008000
v -20.804000 -0.146000 14.008000
v -20.304000 -6.977000 14.008000
v -20.304000 -0.183000 14.008000
v -19.804000 -6.779000 14.008000
v -19.804000 -0.094000 14.008000
v -19.304000 -6.259000 14.008000
v -19.304000 0.091000 14.008000
v -18.804000 -5.531000 14.008000
v -18.804000 0.459000 14.008000
v -18.304000 -4.186000 14.008000
v -18.304000 0.689000 14.008000
v -17.804000 -3.515000 14.008000
v -17.804000 0.707000 14.008000
v -17.304000 -3.224000 14.008000
v -17.304000 0.746000 14.008000
v -16.804000 -2.986000 14.008000
v -16.804000 0.816000 14.008000
v -16.304000 -2.881000 14.008000
v -16.304000 0.952000 14.008000
v -15.804000 -2.682000 14.008000
v -15.804000 0.953000 14.008000
v -15.304000 -2.325000 14.008000
v -15.304000 0.678000 14.008000
v -14.804000 -1.705000 14.008000
v -14.804000 -0.320000 14.008000
v -19.804000 -3.258000 18.008000
v -19.804000 -1.717000 18.008000
v -19.304000 -3.713000 18.008000
v -19.304000 -0.970000 18.008000
v -18.804000 -4.138000 18.008000
v -18.804000 -0.327000 18.008000
v -18.304000 -4.353000 18.008000
v -18.304000 -0.040000 18.008000
v -17.804000 -4.473000 18.008000
v -17.804000 -0.048000 18.008000
v -17.304000 -4.466000 18.008000
v -17.304000 -0.113000 18.008000
v -16.804000 -4.380000 18.008000
v -16.804000 -0.134000 18.008000
v -16.304000 -4.373000 18.008000
v -16.304000 -0.489000 18.008000
v -15.804000 -4.439000 18.008000
v -15.804000 -1.335000 18.008000
v -15.304000 -4.700000 18.008000
v -15.304000 -1.772000 18.008000
v -14.804000 -5.060000 18.008000
v -14.804000 -2.065000 18.008000
v -14.304000 -6.249000 18.008000
v -14.304000 -2.292000 18.008000
v -13.804000 -7.117000 18.008000
v -13.804000 -2.496000 18.008000
v -13.304000 -7.352000 18.008000
v -13.304000 -2.479000 18.008000
v -12.804000 -7.390000 18.008000
v -12.804000 -2.359000 18.008000
v -12.304000 -7.448000 18.008000
v -12.304000 -2.178000 18.008000
v -11.804000 -7.431000 18.008000
v -11.804000 -2.060000 18.008000
v -11.304000 -7.213000 18.008000
v -11.304000 -2.065000 18.008000
v -10.804000 -6.780000 18.008000
v -10.804000 -2.288000 18.008000
v -10.304000 -6.255000 18.008000
v -10.304000 -2.924000 18.008000
v -13.151000 -3.804000 2.508000
v -12.003000 -3.804000 2.508000
v -13.618000 -3.804000 3.008000
v -11.536000 -3.804000 3.008000
v -13.735000 -3.804000 3.508000
v -11.420000 -3.804000 3.508000
v -13.847000 -3.804000 4.008000
v -11.367000 -3.804000 4.008000
v -14.149000 -3.804000 4.508000
v -11.429000 -3.804000 4.508000
v -14.269000 -3.804000 5.008000
v -11.530000 -3.804000 5.008000
v -14.365000 -3.804000 5.508000
v -11.929000 -3.804000 5.508000
v -14.644000 -3.804000 6.008000
v -12.245000 -3.804000 6.008000
v -14.993000 -3.804000 6.508000
v -12.330000 -3.804000 6.508000
v -15.540000 -3.804000 7.008000
v -12.435000 -3.804000 7.008000
v -15.862000 -3.804000 7.508000
v -12.622000 -3.804000 7.508000
v -16.011000 -3.804000 8.008000
v -12.684000 -3.804000 8.008000
v -16.335000 -3.804000 8.508000
v -12.768000 -3.804000 8.508000
v -17.104000 -3.804000 9.008000
v -12.806000 -3.804000 9.008000
v -18.219000 -3.804000 9.508000
v -12.821000 -3.804000 9.508000
v -19.796000 -3.804000 10.008000
v -12.915000 -3.804000 10.008000
v -24.090000 -3.804000 10.508000
v -13.305000 -3.804000 10.508000
v -24.410000 -3.804000 11.008000
v -13.761000 -3.804000 11.008000
v -24.677000 -3.804000 11.508000
v -14.072000 -3.804000 11.508000
v -24.793000 -3.804000 12.008000
v -14.676000 -3.804000 12.008000
v -24.752000 -3.804000 12.508000
v -16.499000 -3.804000 12.508000
v -24.642000 -3.804000 13.008000
v -17.899000 -3.804000 13.008000
v -24.407000 -3.804000 13.508000
v -18.095000 -3.804000 13.508000
v -24.090000 -3.804000 14.008000
v -18.080000 -3.804000 14.008000
v -23.460000 -3.804000 14.508000
v -17.851000 -3.804000 14.508000
v -23.020000 -3.804000 15.008000
v -17.463000 -3.804000 15.008000
v -22.492000 -3.804000 15.508000
v -17.249000 -3.804000 15.508000
v -21.967000 -3.804000 16.008000
v -16.906000 -3.804000 16.008000
v -13.029000 -3.804000 16.008000
v -10.562000 -3.804000 16.008000
v -21.533000 -3.804000 16.508000
v -16.553000 -3.804000 16.508000
v -13.389000 -3.804000 16.508000
v -10.249000 -3.804000 16.508000
v -21.198000 -3.804000 17.008000
v -16.225000 -3.804000 17.008000
v -13.640000 -3.804000 17.008000
v -10.164000 -3.804000 17.008000
v -20.719000 -3.804000 17.508000
v -14.840000 -3.804000 17.508000
v -14.410000 -3.804000 17.508000
v -10.152000 -3.804000 17.508000
v -19.209000 -3.804000 18.008000
v -10.131000 -3.804000 18.008000
v -18.722000 -3.804000 18.508000
v -10.152000 -3.804000 18.508000
v -18.271000 -3.804000 19.008000
v -10.157000 -3.804000 19.008000
v -17.720000 -3.804000 19.508000
v -10.246000 -3.804000 19.508000
v -16.517000 -3.804000 20.008000
v -10.573000 -3.804000 20.008000
v -17.186000 0.196000 10.008000
v -15.692000 0.196000 10.008000
v -18.513000 0.196000 10.508000
v -15.425000 0.196000 10.508000
v -18.949000 0.196000 11.008000
v -15.277000 0.196000 11.008000
v -19.330000 0.196000 11.508000
v -14.981000 0.196000 11.508000
v -21.793000 0.196000 12.008000
v -21.261000 0.196000 12.008000
v -20.041000 0.196000 12.008000
v -14.728000 0.196000 12.008000
v -22.305000 0.196000 12.508000
v -20.843000 0.196000 12.508000
v -20.364000 0.196000 12.508000
v -14.679000 0.196000 12.508000
v -22.567000 0.196000 13.008000
v -21.204000 0.196000 13.008000
v -19.955000 0.196000 13.008000
v -14.632000 0.196000 13.008000
v -22.639000 0.196000 13.508000
v -21.447000 0.196000 13.508000
v -19.473000 0.196000 13.508000
v -14.719000 0.196000 13.508000
v -22.364000 0.196000 14.008000
v -21.722000 0.196000 14.008000
v -19.139000 0.196000 14.008000
v -14.989000 0.196000 14.008000
v -18.806000 0.196000 14.508000
v -15.377000 0.196000 14.508000
v -18.368000 0.196000 15.008000
v -15.664000 0.196000 15.008000
v -18.164000 0.196000 15.508000
v -15.649000 0.196000 15.508000
v -18.859000 0.196000 16.008000
v -15.448000 0.196000 16.008000
v -19.111000 0.196000 16.508000
v -15.351000 0.196000 16.508000
v -18.839000 0.196000 17.008000
v -15.476000 0.196000 17.008000
v -18.566000 0.196000 17.508000
v -15.947000 0.196000 17.508000
v -24.304000 -3.804000 10.796000
v -24.304000 -3.804000 13.720000
v -23.804000 -3.804000 10.283000
v -23.804000 -3.804000 14.235000
v -23.304000 -3.804000 10.105000
v -23.304000 -3.804000 14.683000
v -22.804000 -3.804000 10.110000
v -22.804000 -3.804000 15.181000
v -22.304000 -3.804000 10.127000
v -22.304000 -3.804000 15.665000
v -21.804000 -3.804000 10.112000
v -21.804000 -3.804000 16.175000
v -21.304000 -3.804000 10.087000
v -21.304000 -3.804000 16.843000
v -20.804000 -3.804000 10.141000
v -20.804000 -3.804000 17.449000
v -20.304000 -3.804000 10.116000
v -20.304000 -3.804000 17.672000
v -19.804000 -3.804000 10.011000
v -19.804000 -3.804000 17.721000
v -19.304000 -3.804000 9.834000
v -19.304000 -3.804000 17.931000
v -18.804000 -3.804000 9.767000
v -18.804000 -3.804000 18.425000
v -18.304000 -3.804000 9.558000
v -18.304000 -3.804000 18.984000
v -17.804000 -3.804000 9.286000
v -17.804000 -3.804000 12.898000
v -17.804000 -3.804000 14.564000
v -17.804000 -3.804000 19.444000
v -17.304000 -3.804000 9.090000
v -17.304000 -3.804000 12.634000
v -17.304000 -3.804000 15.405000
v -17.304000 -3.804000 19.687000
v -16.804000 -3.804000 8.848000
v -16.804000 -3.804000 12.577000
v -16.804000 -3.804000 16.168000
v -16.804000 -3.804000 19.840000
v -16.304000 -3.804000 8.477000
v -16.304000 -3.804000 12.439000
v -16.304000 -3.804000 16.913000
v -16.304000 -3.804000 20.166000
v -15.804000 -3.804000 7.375000
v -15.804000 -3.804000 12.302000
v -15.804000 -3.804000 17.249000
v -15.804000 -3.804000 20.381000
v -15.304000 -3.804000 6.813000
v -15.304000 -3.804000 12.242000
v -15.304000 -3.804000 17.406000
v -15.304000 -3.804000 20.393000
v -14.804000 -3.804000 6.267000
v -14.804000 -3.804000 12.093000
v -14.804000 -3.804000 17.513000
v -14.804000 -3.804000 20.362000
v -14.304000 -3.804000 5.312000
v -14.304000 -3.804000 11.656000
v -14.304000 -3.804000 17.486000
v -14.304000 -3.804000 20.377000
v -13.804000 -3.804000 3.899000
v -13.804000 -3.804000 11.083000
v -13.804000 -3.804000 17.203000
v -13.804000 -3.804000 20.409000
v -13.304000 -3.804000 2.613000
v -13.304000 -3.804000 10.508000
v -13.304000 -3.804000 16.351000
v -13.304000 -3.804000 20.403000
v -12.804000 -3.804000 2.378000
v -12.804000 -3.804000 8.844000
v -12.804000 -3.804000 15.843000
v -12.804000 -3.804000 20.389000
v -12.304000 -3.804000 2.388000
v -12.304000 -3.804000 6.223000
v -12.304000 -3.804000 15.666000
v -12.304000 -3.804000 20.397000
v -11.804000 -3.804000 2.651000
v -11.804000 -3.804000 5.393000
v -11.804000 -3.804000 15.607000
v -11.804000 -3.804000 20.378000
v -11.304000 -3.804000 15.610000
v -11.304000 -3.804000 20.379000
v -10.804000 -3.804000 15.809000
v -10.804000 -3.804000 20.190000
v -10.304000 -3.804000 16.377000
v -10.304000 -3.804000 19.642000
v -22.304000 0.196000 12.508000
v -22.304000 0.196000 14.042000
v -21.804000 0.196000 12.014000
v -21.804000 0.196000 14.052000
v -21.304000 0.196000 11.988000
v -21.304000 0.196000 13.107000
v -20.304000 0.196000 12.319000
v -20.304000 0.196000 12.646000
v -19.804000 0.196000 11.834000
v -19.804000 0.196000 13.116000
v -19.304000 0.196000 11.476000
v -19.304000 0.196000 13.692000
v -18.804000 0.196000 10.835000
v -18.804000 0.196000 14.509000
v -18.804000 0.196000 15.975000
v -18.804000 0.196000 17.059000
v -18.304000 0.196000 10.346000
v -18.304000 0.196000 15.065000
v -18.304000 0.196000 15.765000
v -18.304000 0.196000 17.682000
v -17.804000 0.196000 10.154000
v -17.804000 0.196000 17.670000
v -17.304000 0.196000 10.047000
v -17.304000 0.196000 17.604000
v -16.804000 0.196000 9.868000
v -16.804000 0.196000 17.674000
v -16.304000 0.196000 9.825000
v -16.304000 0.196000 17.642000
v -15.804000 0.196000 9.934000
v -15.804000 0.196000 17.412000
v -15.304000 0.196000 10.952000
v -15.304000 0.196000 14.423000
v -14.804000 0.196000 11.790000
v -14.804000 0.196000 13.694000
v -13.304000 -3.664000 2.508000
v -13.304000 -2.367000 2.508000
v -12.804000 -3.963000 2.508000
v -12.804000 -2.068000 2.508000
v -12.304000 -3.951000 2.508000
v -12.304000 -2.080000 2.508000
v -11.804000 -3.610000 2.508000
v -11.804000 -2.422000 2.508000
v -14.804000 -4.205000 6.508000
v -14.804000 -1.108000 6.508000
v -14.304000 -4.509000 6.508000
v -14.304000 -0.442000 6.508000
v -13.804000 -4.566000 6.508000
v -13.804000 -0.236000 6.508000
v -13.304000 -4.495000 6.508000
v -13.304000 -0.200000 6.508000
v -12.804000 -4.292000 6.508000
v -12.804000 -0.231000 6.508000
v -12.304000 -3.760000 6.508000
v -12.304000 -0.444000 6.508000
v -11.804000 -3.070000 6.508000
v -11.804000 -0.923000 6.508000
v -11.304000 -2.328000 6.508000
v -11.304000 -1.680000 6.508000
v -23.804000 -4.308000 10.508000
v -23.804000 -2.844000 10.508000
v -23.304000 -4.689000 10.508000
v -23.304000 -2.576000 10.508000
v -22.804000 -5.256000 10.508000
v -22.804000 -2.504000 10.508000
v -22.304000 -5.814000 10.508000
v -22.304000 -2.561000 10.508000
v -21.804000 -6.527000 10.508000
v -21.804000 -2.822000 10.508000
v -21.304000 -7.136000 10.508000
v -21.304000 -2.940000 10.508000
v -20.804000 -7.333000 10.508000
v -20.804000 -3.043000 10.508000
v -20.304000 -7.392000 10.508000
v -20.304000 -3.008000 10.508000
v -19.804000 -7.400000 10.508000
v -19.804000 -2.966000 10.508000
v -19.304000 -7.199000 10.508000
v -19.304000 -2.631000 10.508000
v -18.804000 -6.811000 10.508000
v -18.804000 -2.183000 10.508000
v -18.304000 -6.357000 10.508000
v -18.304000 0.579000 10.508000
v -17.804000 -6.042000 10.508000
v -17.804000 0.881000 10.508000
v -17.304000 -5.933000 10.508000
v -17.304000 0.899000 10.508000
v -16.804000 -5.916000 10.508000
v -16.804000 0.876000 10.508000
v -16.304000 -5.734000 10.508000
v -16.304000 0.713000 10.508000
v -15.804000 -5.272000 10.508000
v -15.804000 0.494000 10.508000
v -15.304000 -4.783000 10.508000
v -15.304000 0.105000 10.508000
v -14.804000 -4.451000 10.508000
v -14.804000 -0.180000 10.508000
v -14.304000 -4.312000 10.508000
v -14.304000 -0.381000 10.508000
v -13.804000 -4.123000 10.508000
v -13.804000 -0.893000 10.508000
v -13.304000 -3.803000 10.508000
v -13.304000 -1.626000 10.508000
v -23.304000 -5.647000 14.508000
v -23.304000 -3.032000 14.508000
v -22.804000 -6.239000 14.508000
v -22.804000 -0.456000 14.508000
v -22.304000 -6.642000 14.508000
v -22.304000 -0.128000 14.508000
v -21.804000 -6.874000 14.508000
v -21.804000 -0.090000 14.508000
v -21.304000 -6.935000 14.508000
v -21.304000 -0.120000 14.508000
v -20.804000 -6.915000 14.508000
v -20.804000 -0.180000 14.508000
v -20.304000 -6.882000 14.508000
v -20.304000 -0.165000 14.508000
v -19.804000 -6.666000 14.508000
v -19.804000 -0.130000 14.508000
v -19.304000 -5.965000 14.508000
v -19.304000 0.007000 14.508000
v -18.804000 -5.142000 14.508000
v -18.804000 0.197000 14.508000
v -18.304000 -4.333000 14.508000
v -18.304000 0.390000 14.508000
v -17.804000 -3.755000 14.508000
v -17.804000 0.444000 14.508000
v -17.304000 -3.289000 14.508000
v -17.304000 0.491000 14.508000
v -16.804000 -2.975000 14.508000
v -16.804000 0.654000 14.508000
v -16.304000 -2.747000 14.508000
v -16.304000 0.672000 14.508000
v -15.804000 -2.463000 14.508000
v -15.804000 0.509000 14.508000
v -15.304000 -2.161000 14.508000
v -15.304000 0.112000 14.508000
v -14.804000 -1.413000 14.508000
v -14.804000 -0.793000 14.508000
v -18.804000 -3.697000 18.508000
v -18.804000 -1.893000 18.508000
v -18.304000 -4.184000 18.508000
v -18.304000 -0.858000 18.508000
v -17.804000 -4.385000 18.508000
v -17.804000 -0.534000 18.508000
v -17.304000 -4.438000 18.508000
v -17.304000 -0.510000 18.508000
v -16.804000 -4.469000 18.508000
v -16.804000 -0.769000 18.508000
v -16.304000 -4.597000 18.508000
v -16.304000 -1.379000 18.508000
v -15.804000 -4.803000 18.508000
v -15.804000 -1.774000 18.508000
v -15.304000 -5.098000 18.508000
v -15.304000 -2.038000 18.508000
v -14.804000 -5.471000 18.508000
v -14.804000 -2.157000 18.508000
v -14.304000 -6.624000 18.508000
v -14.304000 -2.173000 18.508000
v -13.804000 -7.238000 18.508000
v -13.804000 -2.245000 18.508000
v -13.304000 -7.452000 18.508000
v -13.304000 -2.284000 18.508000
v -12.804000 -7.467000 18.508000
v -12.804000 -2.255000 18.508000
v -12.304000 -7.439000 18.508000
v -12.304000 -2.053000 18.508000
v -11.804000 -7.442000 18.508000
v -11.804000 -1.832000 18.508000
v -11.304000 -7.257000 18.508000
v -11.304000 -1.823000 18.508000
v -10.804000 -6.761000 18.508000
v -10.804000 -2.026000 18.508000
v -10.304000 -6.092000 18.508000
v -10.304000 -2.682000 18.508000
v -20.936000 -7.304000 10.508000
v -19.493000 -7.304000 10.508000
v -21.165000 -7.304000 11.008000
v -19.315000 -7.304000 11.008000
v -20.822000 -7.304000 11.508000
v -19.542000 -7.304000 11.508000
v -12.539000 -7.304000 17.508000
v -11.665000 -7.304000 17.508000
v -13.465000 -7.304000 18.008000
v -11.454000 -7.304000 18.008000
v -13.699000 -7.304000 18.508000
v -11.387000 -7.304000 18.508000
v -13.498000 -7.304000 19.008000
v -11.626000 -7.304000 19.008000
v -13.508000 -3.304000 2.508000
v -11.646000 -3.304000 2.508000
v -13.851000 -3.304000 3.008000
v -11.304000 -3.304000 3.008000
v -13.951000 -3.304000 3.508000
v -11.207000 -3.304000 3.508000
v -14.082000 -3.304000 4.008000
v -11.165000 -3.304000 4.008000
v -14.354000 -3.304000 4.508000
v -11.223000 -3.304000 4.508000
v -14.458000 -3.304000 5.008000
v -11.289000 -3.304000 5.008000
v -14.574000 -3.304000 5.508000
v -11.445000 -3.304000 5.508000
v -14.831000 -3.304000 6.008000
v -11.806000 -3.304000 6.008000
v -15.061000 -3.304000 6.508000
v -12.013000 -3.304000 6.508000
v -15.522000 -3.304000 7.008000
v -12.227000 -3.304000 7.008000
v -15.852000 -3.304000 7.508000
v -12.501000 -3.304000 7.508000
v -16.004000 -3.304000 8.008000
v -12.637000 -3.304000 8.008000
v -16.337000 -3.304000 8.508000
v -12.652000 -3.304000 8.508000
v -17.037000 -3.304000 9.008000
v -12.629000 -3.304000 9.008000
v -17.797000 -3.304000 9.508000
v -12.640000 -3.304000 9.508000
v -18.724000 -3.304000 10.008000
v -12.722000 -3.304000 10.008000
v -24.078000 -3.304000 10.508000
v -13.018000 -3.304000 10.508000
v -24.535000 -3.304000 11.008000
v -13.273000 -3.304000 11.008000
v -24.879000 -3.304000 11.508000
v -13.427000 -3.304000 11.508000
v -24.978000 -3.304000 12.008000
v -13.869000 -3.304000 12.008000
v -24.955000 -3.304000 12.508000
v -14.383000 -3.304000 12.508000
v -24.862000 -3.304000 13.008000
v -15.709000 -3.304000 13.008000
v -24.529000 -3.304000 13.508000
v -17.405000 -3.304000 13.508000
v -24.073000 -3.304000 14.008000
v -17.449000 -3.304000 14.008000
v -23.432000 -3.304000 14.508000
v -17.321000 -3.304000 14.508000
v -22.736000 -3.304000 15.008000
v -17.122000 -3.304000 15.008000
v -22.256000 -3.304000 15.508000
v -16.780000 -3.304000 15.508000
v -21.875000 -3.304000 16.008000
v -16.329000 -3.304000 16.008000
v -13.020000 -3.304000 16.008000
v -10.605000 -3.304000 16.008000
v -21.557000 -3.304000 16.508000
v -15.881000 -3.304000 16.508000
v -13.468000 -3.304000 16.508000
v -10.263000 -3.304000 16.508000
v -21.360000 -3.304000 17.008000
v -15.386000 -3.304000 17.008000
v -13.665000 -3.304000 17.008000
v -10.164000 -3.304000 17.008000
v -21.013000 -3.304000 17.508000
v -10.186000 -3.304000 17.508000
v -19.749000 -3.304000 18.008000
v -10.164000 -3.304000 18.008000
v -18.996000 -3.304000 18.508000
v -10.141000 -3.304000 18.508000
v -18.547000 -3.304000 19.008000
v -10.141000 -3.304000 19.008000
v -18.025000 -3.304000 19.508000
v -10.223000 -3.304000 19.508000
v -16.672000 -3.304000 20.008000
v -10.537000 -3.304000 20.008000
v -18.181000 0.696000 10.508000
v -16.254000 0.696000 10.508000
v -18.630000 0.696000 11.008000
v -15.867000 0.696000 11.008000
v -18.756000 0.696000 11.508000
v -15.450000 0.696000 11.508000
v -18.711000 0.696000 12.008000
v -15.007000 0.696000 12.008000
v -18.622000 0.696000 12.508000
v -14.885000 0.696000 12.508000
v -18.637000 0.696000 13.008000
v -14.814000 0.696000 13.008000
v -18.609000 0.696000 13.508000
v -14.915000 0.696000 13.508000
v -18.267000 0.696000 14.008000
v -15.323000 0.696000 14.008000
v -16.986000 0.696000 16.008000
v -16.092000 0.696000 16.008000
v -17.187000 0.696000 16.508000
v -15.891000 0.696000 16.508000
v -16.913000 0.696000 17.008000
v -16.165000 0.696000 17.008000
v -20.804000 -7.304000 10.432000
v -20.804000 -7.304000 11.516000
v -20.304000 -7.304000 10.314000
v -20.304000 -7.304000 11.650000
v -19.804000 -7.304000 10.300000
v -19.804000 -7.304000 11.665000
v -13.304000 -7.304000 17.903000
v -13.304000 -7.304000 19.144000
v -12.804000 -7.304000 17.746000
v -12.804000 -7.304000 19.176000
v -12.304000 -7.304000 17.371000
v -12.304000 -7.304000 19.117000
v -11.804000 -7.304000 17.410000
v -11.804000 -7.304000 19.111000
v -24.804000 -3.304000 11.352000
v -24.804000 -3.304000 13.137000
v -24.304000 -3.304000 10.767000
v -24.304000 -3.304000 13.746000
v -23.804000 -3.304000 10.292000
v -23.804000 -3.304000 14.221000
v -23.304000 -3.304000 10.113000
v -23.304000 -3.304000 14.604000
v -22.804000 -3.304000 10.129000
v -22.804000 -3.304000 14.953000
v -22.304000 -3.304000 10.179000
v -22.304000 -3.304000 15.453000
v -21.804000 -3.304000 10.270000
v -21.804000 -3.304000 16.121000
v -21.304000 -3.304000 10.302000
v -21.304000 -3.304000 17.127000
v -20.804000 -3.304000 10.368000
v -20.804000 -3.304000 17.666000
v -20.304000 -3.304000 10.347000
v -20.304000 -3.304000 17.854000
v -19.804000 -3.304000 10.327000
v -19.804000 -3.304000 17.986000
v -19.304000 -3.304000 10.233000
v -19.304000 -3.304000 18.256000
v -18.804000 -3.304000 10.049000
v -18.804000 -3.304000 18.696000
v -18.304000 -3.304000 9.811000
v -18.304000 -3.304000 19.213000
v -17.804000 -3.304000 9.513000
v -17.804000 -3.304000 19.687000
v -17.304000 -3.304000 9.213000
v -17.304000 -3.304000 13.382000
v -17.304000 -3.304000 14.548000
v -17.304000 -3.304000 19.887000
v -16.804000 -3.304000 8.832000
v -16.804000 -3.304000 13.170000
v -16.804000 -3.304000 15.486000
v -16.804000 -3.304000 19.967000
v -16.304000 -3.304000 8.476000
v -16.304000 -3.304000 13.128000
v -16.304000 -3.304000 16.029000
v -16.304000 -3.304000 20.179000
v -15.804000 -3.304000 7.398000
v -15.804000 -3.304000 13.053000
v -15.804000 -3.304000 16.584000
v -15.804000 -3.304000 20.390000
v -15.304000 -3.304000 6.806000
v -15.304000 -3.304000 12.809000
v -15.304000 -3.304000 17.090000
v -15.304000 -3.304000 20.401000
v -14.804000 -3.304000 5.945000
v -14.804000 -3.304000 12.679000
v -14.804000 -3.304000 17.407000
v -14.804000 -3.304000 20.340000
v -14.304000 -3.304000 4.401000
v -14.304000 -3.304000 12.452000
v -14.304000 -3.304000 17.466000
v -14.304000 -3.304000 20.377000
v -13.804000 -3.304000 2.904000
v -13.804000 -3.304000 11.959000
v -13.804000 -3.304000 17.210000
v -13.804000 -3.304000 20.410000
v -13.304000 -3.304000 2.352000
v -13.304000 -3.304000 11.112000
v -13.304000 -3.304000 16.285000
v -13.304000 -3.304000 20.403000
v -12.804000 -3.304000 2.162000
v -12.804000 -3.304000 10.194000
v -12.804000 -3.304000 15.854000
v -12.804000 -3.304000 20.383000
v -12.304000 -3.304000 2.170000
v -12.304000 -3.304000 7.150000
v -12.304000 -3.304000 15.676000
v -12.304000 -3.304000 20.395000
v -11.804000 -3.304000 2.382000
v -11.804000 -3.304000 6.006000
v -11.804000 -3.304000 15.657000
v -11.804000 -3.304000 20.408000
v -11.304000 -3.304000 3.006000
v -11.304000 -3.304000 5.080000
v -11.304000 -3.304000 15.659000
v -11.304000 -3.304000 20.408000
v -10.804000 -3.304000 15.854000
v -10.804000 -3.304000 20.222000
v -10.304000 -3.304000 16.414000
v -10.304000 -3.304000 19.690000
v -18.304000 0.696000 10.595000
v -18.304000 0.696000 13.989000
v -17.804000 0.696000 10.360000
v -17.804000 0.696000 14.033000
v -17.304000 0.696000 10.347000
v -17.304000 0.696000 14.128000
v -16.804000 0.696000 10.342000
v -16.804000 0.696000 14.399000
v -16.804000 0.696000 15.886000
v -16.804000 0.696000 17.070000
v -16.304000 0.696000 10.477000
v -16.304000 0.696000 14.452000
v -16.304000 0.696000 15.873000
v -16.304000 0.696000 17.083000
v -15.804000 0.696000 11.103000
v -15.804000 0.696000 14.270000
v -15.304000 0.696000 11.629000
v -15.304000 0.696000 13.995000
v -13.804000 -3.461000 3.008000
v -13.804000 -2.570000 3.008000
v -13.304000 -4.100000 3.008000
v -13.304000 -1.874000 3.008000
v -12.804000 -4.302000 3.008000
v -12.804000 -1.564000 3.008000
v -12.304000 -4.293000 3.008000
v -12.304000 -1.550000 3.008000
v -11.804000 -4.068000 3.008000
v -11.804000 -1.824000 3.008000
v -11.304000 -3.308000 3.008000
v -11.304000 -2.724000 3.008000
v -15.304000 -4.684000 7.008000
v -15.304000 -2.648000 7.008000
v -14.804000 -4.999000 7.008000
v -14.804000 -0.831000 7.008000
v -14.304000 -5.004000 7.008000
v -14.304000 -0.310000 7.008000
v -13.804000 -4.843000 7.008000
v -13.804000 -0.126000 7.008000
v -13.304000 -4.633000 7.008000
v -13.304000 -0.135000 7.008000
v -12.804000 -4.243000 7.008000
v -12.804000 -0.303000 7.008000
v -12.304000 -3.534000 7.008000
v -12.304000 -0.558000 7.008000
v -11.804000 -2.628000 7.008000
v -11.804000 -1.282000 7.008000
v -24.304000 -4.117000 11.008000
v -24.304000 -2.422000 11.008000
v -23.804000 -4.694000 11.008000
v -23.804000 -2.133000 11.008000
v -23.304000 -5.161000 11.008000
v -23.304000 -1.829000 11.008000
v -22.804000 -5.705000 11.008000
v -22.804000 -1.426000 11.008000
v -22.304000 -6.205000 11.008000
v -22.304000 -1.101000 11.008000
v -21.804000 -6.719000 11.008000
v -21.804000 -1.077000 11.008000
v -21.304000 -7.230000 11.008000
v -21.304000 -1.102000 11.008000
v -20.804000 -7.414000 11.008000
v -20.804000 -1.258000 11.008000
v -20.304000 -7.477000 11.008000
v -20.304000 -1.197000 11.008000
v -19.804000 -7.484000 11.008000
v -19.804000 -0.528000 11.008000
v -19.304000 -7.297000 11.008000
v -19.304000 -0.140000 11.008000
v -18.804000 -6.827000 11.008000
v -18.804000 0.406000 11.008000
v -18.304000 -6.342000 11.008000
v -18.304000 1.012000 11.008000
v -17.804000 -6.002000 11.008000
v -17.804000 1.217000 11.008000
v -17.304000 -5.857000 11.008000
v -17.304000 1.233000 11.008000
v -16.804000 -5.823000 11.008000
v -16.804000 1.218000 11.008000
v -16.304000 -5.625000 11.008000
v -16.304000 0.993000 11.008000
v -15.804000 -5.165000 11.008000
v -15.804000 0.653000 11.008000
v -15.304000 -4.650000 11.008000
v -15.304000 0.220000 11.008000
v -14.804000 -4.299000 11.008000
v -14.804000 -0.131000 11.008000
v -14.304000 -4.049000 11.008000
v -14.304000 -0.383000 11.008000
v -13.804000 -3.829000 11.008000
v -13.804000 -0.849000 11.008000
v -13.304000 -3.359000 11.008000
v -13.304000 -1.389000 11.008000
v -23.304000 -5.370000 15.008000
v -23.304000 -4.779000 15.008000
v -22.804000 -6.188000 15.008000
v -22.804000 -3.405000 15.008000
v -22.304000 -6.736000 15.008000
v -22.304000 -0.905000 15.008000
v -21.804000 -6.951000 15.008000
v -21.804000 -0.437000 15.008000
v -21.304000 -6.966000 15.008000
v -21.304000 -0.258000 15.008000
v -20.804000 -6.823000 15.008000
v -20.804000 -0.191000 15.008000
v -20.304000 -6.613000 15.008000
v -20.304000 -0.143000 15.008000
v -19.804000 -6.334000 15.008000
v -19.804000 -0.131000 15.008000
v -19.304000 -5.683000 15.008000
v -19.304000 -0.108000 15.008000
v -18.804000 -5.007000 15.008000
v -18.804000 0.035000 15.008000
v -18.304000 -4.618000 15.008000
v -18.304000 0.210000 15.008000
v -17.804000 -4.142000 15.008000
v -17.804000 0.317000 15.008000
v -17.304000 -3.548000 15.008000
v -17.304000 0.360000 15.008000
v -16.804000 -3.041000 15.008000
v -16.804000 0.517000 15.008000
v -16.304000 -2.724000 15.008000
v -16.304000 0.532000 15.008000
v -15.804000 -2.443000 15.008000
v -15.804000 0.301000 15.008000
v -15.304000 -2.086000 15.008000
v -15.304000 -0.265000 15.008000
v -18.304000 -3.769000 19.008000
v -18.304000 -2.396000 19.008000
v -17.804000 -4.143000 19.008000
v -17.804000 -1.669000 19.008000
v -17.304000 -4.346000 19.008000
v -17.304000 -1.457000 19.008000
v -16.804000 -4.448000 19.008000
v -16.804000 -1.589000 19.008000
v -16.304000 -4.692000 19.008000
v -16.304000 -1.759000 19.008000
v -15.804000 -4.911000 19.008000
v -15.804000 -1.978000 19.008000
v -15.304000 -5.192000 19.008000
v -15.304000 -2.139000 19.008000
v -14.804000 -5.513000 19.008000
v -14.804000 -2.207000 19.008000
v -14.304000 -6.335000 19.008000
v -14.304000 -2.150000 19.008000
v -13.804000 -7.131000 19.008000
v -13.804000 -2.148000 19.008000
v -13.304000 -7.364000 19.008000
v -13.304000 -2.174000 19.008000
v -12.804000 -7.380000 19.008000
v -12.804000 -2.141000 19.008000
v -12.304000 -7.350000 19.008000
v -12.304000 -1.930000 19.008000
v -11.804000 -7.348000 19.008000
v -11.804000 -1.725000 19.008000
v -11.304000 -7.147000 19.008000
v -11.304000 -1.716000 19.008000
v -10.804000 -6.595000 19.008000
v -10.804000 -1.902000 19.008000
v -10.304000 -5.726000 19.008000
v -10.304000 -2.425000 19.008000
v -21.237000 -6.804000 10.008000
v -18.966000 -6.804000 10.008000
v -21.651000 -6.804000 10.508000
v -18.794000 -6.804000 10.508000
v -21.747000 -6.804000 11.008000
v -18.780000 -6.804000 11.008000
v -21.671000 -6.804000 11.508000
v -18.931000 -6.804000 11.508000
v -21.640000 -6.804000 12.008000
v -19.372000 -6.804000 12.008000
v -21.732000 -6.804000 12.508000
v -19.856000 -6.804000 12.508000
v -21.790000 -6.804000 13.008000
v -20.004000 -6.804000 13.008000
v -21.768000 -6.804000 13.508000
v -19.930000 -6.804000 13.508000
v -21.744000 -6.804000 14.008000
v -19.844000 -6.804000 14.008000
v -22.020000 -6.804000 14.508000
v -20.051000 -6.804000 14.508000
v -22.196000 -6.804000 15.008000
v -20.748000 -6.804000 15.008000
v -21.932000 -6.804000 15.508000
v -21.094000 -6.804000 15.508000
v -12.776000 -6.804000 17.008000
v -11.428000 -6.804000 17.008000
v -13.653000 -6.804000 17.508000
v -10.990000 -6.804000 17.508000
v -14.097000 -6.804000 18.008000
v -10.837000 -6.804000 18.008000
v -14.214000 -6.804000 18.508000
v -10.838000 -6.804000 18.508000
v -14.111000 -6.804000 19.008000
v -10.956000 -6.804000 19.008000
v -13.700000 -6.804000 19.508000
v -11.394000 -6.804000 19.508000
v -13.528000 -2.804000 2.508000
v -11.626000 -2.804000 2.508000
v -13.865000 -2.804000 3.008000
v -11.289000 -2.804000 3.008000
v -13.965000 -2.804000 3.508000
v -11.185000 -2.804000 3.508000
v -14.089000 -2.804000 4.008000
v -11.143000 -2.804000 4.008000
v -14.355000 -2.804000 4.508000
v -11.146000 -2.804000 4.508000
v -14.466000 -2.804000 5.008000
v -11.125000 -2.804000 5.008000
v -14.625000 -2.804000 5.508000
v -11.238000 -2.804000 5.508000
v -14.888000 -2.804000 6.008000
v -11.398000 -2.804000 6.008000
v -15.077000 -2.804000 6.508000
v -11.537000 -2.804000 6.508000
v -15.356000 -2.804000 7.008000
v -11.943000 -2.804000 7.008000
v -15.647000 -2.804000 7.508000
v -12.299000 -2.804000 7.508000
v -15.887000 -2.804000 8.008000
v -12.536000 -2.804000 8.008000
v -16.151000 -2.804000 8.508000
v -12.645000 -2.804000 8.508000
v -16.755000 -2.804000 9.008000
v -12.644000 -2.804000 9.008000
v -17.276000 -2.804000 9.508000
v -12.652000 -2.804000 9.508000
v -18.189000 -2.804000 10.008000
v -12.734000 -2.804000 10.008000
v -23.760000 -2.804000 10.508000
v -21.834000 -2.804000 10.508000
v -19.443000 -2.804000 10.508000
v -12.979000 -2.804000 10.508000
v -24.522000 -2.804000 11.008000
v -13.117000 -2.804000 11.008000
v -24.870000 -2.804000 11.508000
v -13.226000 -2.804000 11.508000
v -24.970000 -2.804000 12.008000
v -13.502000 -2.804000 12.008000
v -24.961000 -2.804000 12.508000
v -13.956000 -2.804000 12.508000
v -24.869000 -2.804000 13.008000
v -14.827000 -2.804000 13.008000
v -24.537000 -2.804000 13.508000
v -15.403000 -2.804000 13.508000
v -24.032000 -2.804000 14.008000
v -16.037000 -2.804000 14.008000
v -23.157000 -2.804000 14.508000
v -16.412000 -2.804000 14.508000
v -22.573000 -2.804000 15.008000
v -16.433000 -2.804000 15.008000
v -22.079000 -2.804000 15.508000
v -16.153000 -2.804000 15.508000
v -21.842000 -2.804000 16.008000
v -15.721000 -2.804000 16.008000
v -12.657000 -2.804000 16.008000
v -10.893000 -2.804000 16.008000
v -21.570000 -2.804000 16.508000
v -15.331000 -2.804000 16.508000
v -13.328000 -2.804000 16.508000
v -10.456000 -2.804000 16.508000
v -21.369000 -2.804000 17.008000
v -15.054000 -2.804000 17.008000
v -13.507000 -2.804000 17.008000
v -10.341000 -2.804000 17.008000
v -21.021000 -2.804000 17.508000
v -14.446000 -2.804000 17.508000
v -13.754000 -2.804000 17.508000
v -10.370000 -2.804000 17.508000
v -20.036000 -2.804000 18.008000
v -10.374000 -2.804000 18.008000
v -19.097000 -2.804000 18.508000
v -10.265000 -2.804000 18.508000
v -18.527000 -2.804000 19.008000
v -10.163000 -2.804000 19.008000
v -18.025000 -2.804000 19.508000
v -10.245000 -2.804000 19.508000
v -16.292000 -2.804000 20.008000
v -10.563000 -2.804000 20.008000
v -17.897000 1.196000 11.008000
v -16.720000 1.196000 11.008000
v -18.168000 1.196000 11.508000
v -16.333000 1.196000 11.508000
v -17.898000 1.196000 12.008000
v -15.744000 1.196000 12.008000
v -17.229000 1.196000 12.508000
v -15.451000 1.196000 12.508000
v -16.937000 1.196000 13.008000
v -15.326000 1.196000 13.008000
v -16.507000 1.196000 13.508000
v -15.523000 1.196000 13.508000
v -21.804000 -6.804000 14.222000
v -21.804000 -6.804000 15.586000
v -21.304000 -6.804000 10.058000
v -21.304000 -6.804000 15.619000
v -20.804000 -6.804000 9.823000
v -20.804000 -6.804000 15.085000
v -20.304000 -6.804000 9.772000
v -20.304000 -6.804000 14.673000
v -19.804000 -6.804000 9.742000
v -19.804000 -6.804000 12.437000
v -19.304000 -6.804000 9.782000
v -19.304000 -6.804000 11.952000
v -18.804000 -6.804000 10.394000
v -18.804000 -6.804000 11.190000
v -13.804000 -6.804000 17.621000
v -13.804000 -6.804000 19.426000
v -13.304000 -6.804000 17.352000
v -13.304000 -6.804000 19.688000
v -12.804000 -6.804000 17.028000
v -12.804000 -6.804000 19.711000
v -12.304000 -6.804000 16.816000
v -12.304000 -6.804000 19.689000
v -11.804000 -6.804000 16.836000
v -11.804000 -6.804000 19.672000
v -11.304000 -6.804000 17.106000
v -11.304000 -6.804000 19.445000
v -24.804000 -2.804000 11.370000
v -24.804000 -2.804000 13.151000
v -24.304000 -2.804000 10.846000
v -24.304000 -2.804000 13.707000
v -23.804000 -2.804000 10.538000
v -23.804000 -2.804000 14.193000
v -23.304000 -2.804000 10.321000
v -23.304000 -2.804000 14.426000
v -22.804000 -2.804000 10.340000
v -22.804000 -2.804000 14.790000
v -22.304000 -2.804000 10.390000
v -22.304000 -2.804000 15.249000
v -21.804000 -2.804000 10.514000
v -21.804000 -2.804000 16.100000
v -21.304000 -2.804000 10.560000
v -21.304000 -2.804000 17.144000
v -20.804000 -2.804000 10.591000
v -20.804000 -2.804000 17.671000
v -20.304000 -2.804000 10.578000
v -20.304000 -2.804000 17.874000
v -19.804000 -2.804000 10.563000
v -19.804000 -2.804000 18.163000
v -19.304000 -2.804000 10.464000
v -19.304000 -2.804000 18.401000
v -18.804000 -2.804000 10.302000
v -18.804000 -2.804000 18.723000
v -18.304000 -2.804000 10.083000
v -18.304000 -2.804000 19.201000
v -17.804000 -2.804000 9.826000
v -17.804000 -2.804000 19.687000
v -17.304000 -2.804000 9.530000
v -17.304000 -2.804000 19.887000
v -16.804000 -2.804000 9.045000
v -16.804000 -2.804000 19.912000
v -16.304000 -2.804000 8.678000
v -16.304000 -2.804000 14.270000
v -16.304000 -2.804000 15.328000
v -16.304000 -2.804000 20.004000
v -15.804000 -2.804000 7.810000
v -15.804000 -2.804000 13.789000
v -15.804000 -2.804000 15.925000
v -15.804000 -2.804000 20.200000
v -15.304000 -2.804000 6.913000
v -15.304000 -2.804000 13.441000
v -15.304000 -2.804000 16.548000
v -15.304000 -2.804000 20.213000
v -14.804000 -2.804000 5.827000
v -14.804000 -2.804000 12.992000
v -14.804000 -2.804000 17.279000
v -14.804000 -2.804000 20.123000
v -14.304000 -2.804000 4.400000
v -14.304000 -2.804000 12.714000
v -14.304000 -2.804000 17.551000
v -14.304000 -2.804000 20.190000
v -13.804000 -2.804000 2.874000
v -13.804000 -2.804000 12.394000
v -13.804000 -2.804000 17.533000
v -13.804000 -2.804000 20.215000
v -13.304000 -2.804000 2.336000
v -13.304000 -2.804000 11.671000
v -13.304000 -2.804000 16.483000
v -13.304000 -2.804000 20.203000
v -12.804000 -2.804000 2.148000
v -12.804000 -2.804000 10.168000
v -12.804000 -2.804000 16.095000
v -12.804000 -2.804000 20.177000
v -12.304000 -2.804000 2.156000
v -12.304000 -2.804000 7.517000
v -12.304000 -2.804000 15.886000
v -12.304000 -2.804000 20.249000
v -11.804000 -2.804000 2.365000
v -11.804000 -2.804000 6.864000
v -11.804000 -2.804000 15.842000
v -11.804000 -2.804000 20.382000
v -11.304000 -2.804000 2.970000
v -11.304000 -2.804000 5.690000
v -11.304000 -2.804000 15.840000
v -11.304000 -2.804000 20.391000
v -10.804000 -2.804000 16.071000
v -10.804000 -2.804000 20.200000
v -10.304000 -2.804000 18.366000
v -10.304000 -2.804000 19.647000
v -17.804000 1.196000 10.959000
v -17.804000 1.196000 12.058000
v -17.304000 1.196000 10.923000
v -17.304000 1.196000 12.357000
v -16.804000 1.196000 10.957000
v -16.804000 1.196000 13.109000
v -16.304000 1.196000 11.532000
v -16.304000 1.196000 13.651000
v -15.804000 1.196000 11.976000
v -15.804000 1.196000 13.682000
v -13.804000 -3.692000 3.508000
v -13.804000 -2.188000 3.508000
v -13.304000 -4.212000 3.508000
v -13.304000 -1.382000 3.508000
v -12.804000 -4.397000 3.508000
v -12.804000 -1.193000 3.508000
v -12.304000 -4.389000 3.508000
v -12.304000 -1.235000 3.508000
v -11.804000 -4.183000 3.508000
v -11.804000 -1.437000 3.508000
v -11.304000 -3.599000 3.508000
v -11.304000 -2.038000 3.508000
v -15.804000 -4.409000 7.508000
v -15.804000 -3.133000 7.508000
v -15.304000 -5.104000 7.508000
v -15.304000 -2.184000 7.508000
v -14.804000 -5.320000 7.508000
v -14.804000 -0.903000 7.508000
v -14.304000 -5.324000 7.508000
v -14.304000 -0.398000 7.508000
v -13.804000 -5.119000 7.508000
v -13.804000 -0.201000 7.508000
v -13.304000 -4.747000 7.508000
v -13.304000 -0.211000 7.508000
v -12.804000 -4.227000 7.508000
v -12.804000 -0.433000 7.508000
v -12.304000 -2.814000 7.508000
v -12.304000 -0.993000 7.508000
v -24.804000 -3.563000 11.508000
v -24.804000 -2.590000 11.508000
v -24.304000 -4.297000 11.508000
v -24.304000 -1.984000 11.508000
v -23.804000 -4.794000 11.508000
v -23.804000 -1.756000 11.508000
v -23.304000 -5.308000 11.508000
v -23.304000 -1.391000 11.508000
v -22.804000 -5.833000 11.508000
v -22.804000 -0.907000 11.508000
v -22.304000 -6.297000 11.508000
v -22.304000 -0.501000 11.508000
v -21.804000 -6.690000 11.508000
v -21.804000 -0.155000 11.508000
v -21.304000 -7.105000 11.508000
v -21.304000 -0.140000 11.508000
v -20.804000 -7.307000 11.508000
v -20.804000 -0.303000 11.508000
v -20.304000 -7.372000 11.508000
v -20.304000 -0.263000 11.508000
v -19.804000 -7.380000 11.508000
v -19.804000 -0.019000 11.508000
v -19.304000 -7.176000 11.508000
v -19.304000 0.211000 11.508000
v -18.804000 -6.679000 11.508000
v -18.804000 0.642000 11.508000
v -18.304000 -6.206000 11.508000
v -18.304000 1.122000 11.508000
v -17.804000 -5.872000 11.508000
v -17.804000 1.311000 11.508000
v -17.304000 -5.660000 11.508000
v -17.304000 1.327000 11.508000
v -16.804000 -5.488000 11.508000
v -16.804000 1.314000 11.508000
v -16.304000 -5.197000 11.508000
v -16.304000 1.188000 11.508000
v -15.804000 -4.773000 11.508000
v -15.804000 0.957000 11.508000
v -15.304000 -4.425000 11.508000
v -15.304000 0.565000 11.508000
v -14.804000 -4.179000 11.508000
v -14.804000 0.036000 11.508000
v -14.304000 -3.879000 11.508000
v -14.304000 -0.305000 11.508000
v -13.804000 -3.673000 11.508000
v -13.804000 -0.815000 11.508000
v -13.304000 -3.075000 11.508000
v -13.304000 -1.502000 11.508000
v -22.804000 -5.808000 15.508000
v -22.804000 -4.461000 15.508000
v -22.304000 -6.603000 15.508000
v -22.304000 -3.389000 15.508000
v -21.804000 -6.840000 15.508000
v -21.804000 -0.769000 15.508000
v -21.304000 -6.856000 15.508000
v -21.304000 -0.337000 15.508000
v -20.804000 -6.662000 15.508000
v -20.804000 -0.152000 15.508000
v -20.304000 -6.373000 15.508000
v -20.304000 -0.124000 15.508000
v -19.804000 -6.146000 15.508000
v -19.804000 -0.127000 15.508000
v -19.304000 -5.523000 15.508000
v -19.304000 -0.100000 15.508000
v -18.804000 -4.989000 15.508000
v -18.804000 0.042000 15.508000
v -18.304000 -4.720000 15.508000
v -18.304000 0.160000 15.508000
v -17.804000 -4.291000 15.508000
v -17.804000 0.292000 15.508000
v -17.304000 -3.872000 15.508000
v -17.304000 0.395000 15.508000
v -16.804000 -3.323000 15.508000
v -16.804000 0.554000 15.508000
v -16.304000 -2.888000 15.508000
v -16.304000 0.564000 15.508000
v -15.804000 -2.629000 15.508000
v -15.804000 0.332000 15.508000
v -15.304000 -2.244000 15.508000
v -15.304000 -0.328000 15.508000
v -17.804000 -3.719000 19.508000
v -17.804000 -2.387000 19.508000
v -17.304000 -4.025000 19.508000
v -17.304000 -2.081000 19.508000
v -16.804000 -4.215000 19.508000
v -16.804000 -2.074000 19.508000
v -16.304000 -4.593000 19.508000
v -16.304000 -2.111000 19.508000
v -15.804000 -4.820000 19.508000
v -15.804000 -2.199000 19.508000
v -15.304000 -5.063000 19.508000
v -15.304000 -2.230000 19.508000
v -14.804000 -5.307000 19.508000
v -14.804000 -2.309000 19.508000
v -14.304000 -5.630000 19.508000
v -14.304000 -2.240000 19.508000
v -13.804000 -6.687000 19.508000
v -13.804000 -2.233000 19.508000
v -13.304000 -7.035000 19.508000
v -13.304000 -2.254000 19.508000
v -12.804000 -7.058000 19.508000
v -12.804000 -2.234000 19.508000
v -12.304000 -7.027000 19.508000
v -12.304000 -2.025000 19.508000
v -11.804000 -7.013000 19.508000
v -11.804000 -1.806000 19.508000
v -11.304000 -6.716000 19.508000
v -11.304000 -1.797000 19.508000
v -10.804000 -6.119000 19.508000
v -10.804000 -1.996000 19.508000
v -10.304000 -4.008000 19.508000
v -10.304000 -2.612000 19.508000
v -21.186000 -6.304000 9.508000
v -18.770000 -6.304000 9.508000
v -21.647000 -6.304000 10.008000
v -18.371000 -6.304000 10.008000
v -21.918000 -6.304000 10.508000
v -18.245000 -6.304000 10.508000
v -22.180000 -6.304000 11.008000
v -18.263000 -6.304000 11.008000
v -22.293000 -6.304000 11.508000
v -18.416000 -6.304000 11.508000
v -22.251000 -6.304000 12.008000
v -18.872000 -6.304000 12.008000
v -22.267000 -6.304000 12.508000
v -19.205000 -6.304000 12.508000
v -22.325000 -6.304000 13.008000
v -19.358000 -6.304000 13.008000
v -22.471000 -6.304000 13.508000
v -19.316000 -6.304000 13.508000
v -22.636000 -6.304000 14.008000
v -19.339000 -6.304000 14.008000
v -22.716000 -6.304000 14.508000
v -19.460000 -6.304000 14.508000
v -22.718000 -6.304000 15.008000
v -19.767000 -6.304000 15.008000
v -22.584000 -6.304000 15.508000
v -20.097000 -6.304000 15.508000
v -22.110000 -6.304000 16.008000
v -20.916000 -6.304000 16.008000
v -13.184000 -6.304000 17.008000
v -10.911000 -6.304000 17.008000
v -13.952000 -6.304000 17.508000
v -10.454000 -6.304000 17.508000
v -14.296000 -6.304000 18.008000
v -10.332000 -6.304000 18.008000
v -14.397000 -6.304000 18.508000
v -10.417000 -6.304000 18.508000
v -14.313000 -6.304000 19.008000
v -10.542000 -6.304000 19.008000
v -13.984000 -6.304000 19.508000
v -10.980000 -6.304000 19.508000
v -13.242000 -2.304000 2.508000
v -11.912000 -2.304000 2.508000
v -13.671000 -2.304000 3.008000
v -11.474000 -2.304000 3.008000
v -13.850000 -2.304000 3.508000
v -11.226000 -2.304000 3.508000
v -14.099000 -2.304000 4.008000
v -11.148000 -2.304000 4.008000
v -14.386000 -2.304000 4.508000
v -11.155000 -2.304000 4.508000
v -14.491000 -2.304000 5.008000
v -11.130000 -2.304000 5.008000
v -14.633000 -2.304000 5.508000
v -11.189000 -2.304000 5.508000
v -14.887000 -2.304000 6.008000
v -11.204000 -2.304000 6.008000
v -14.993000 -2.304000 6.508000
v -11.299000 -2.304000 6.508000
v -15.151000 -2.304000 7.008000
v -11.638000 -2.304000 7.008000
v -15.370000 -2.304000 7.508000
v -12.076000 -2.304000 7.508000
v -15.726000 -2.304000 8.008000
v -12.509000 -2.304000 8.008000
v -16.064000 -2.304000 8.508000
v -12.730000 -2.304000 8.508000
v -16.515000 -2.304000 9.008000
v -12.850000 -2.304000 9.008000
v -17.044000 -2.304000 9.508000
v -12.863000 -2.304000 9.508000
v -17.723000 -2.304000 10.008000
v -12.954000 -2.304000 10.008000
v -18.899000 -2.304000 10.508000
v -13.072000 -2.304000 10.508000
v -24.173000 -2.304000 11.008000
v -13.123000 -2.304000 11.008000
v -24.644000 -2.304000 11.508000
v -13.194000 -2.304000 11.508000
v -24.764000 -2.304000 12.008000
v -13.307000 -2.304000 12.008000
v -24.773000 -2.304000 12.508000
v -13.645000 -2.304000 12.508000
v -24.665000 -2.304000 13.008000
v -14.504000 -2.304000 13.008000
v -24.246000 -2.304000 13.508000
v -14.975000 -2.304000 13.508000
v -23.763000 -2.304000 14.008000
v -15.278000 -2.304000 14.008000
v -23.025000 -2.304000 14.508000
v -15.538000 -2.304000 14.508000
v -22.537000 -2.304000 15.008000
v -15.596000 -2.304000 15.008000
v -22.071000 -2.304000 15.508000
v -15.372000 -2.304000 15.508000
v -21.838000 -2.304000 16.008000
v -14.973000 -2.304000 16.008000
v -21.561000 -2.304000 16.508000
v -14.688000 -2.304000 16.508000
v -12.331000 -2.304000 16.508000
v -11.066000 -2.304000 16.508000
v -21.386000 -2.304000 17.008000
v -14.725000 -2.304000 17.008000
v -12.686000 -2.304000 17.008000
v -10.844000 -2.304000 17.008000
v -21.052000 -2.304000 17.508000
v -14.596000 -2.304000 17.508000
v -12.662000 -2.304000 17.508000
v -10.890000 -2.304000 17.508000
v -20.055000 -2.304000 18.008000
v -14.281000 -2.304000 18.008000
v -12.647000 -2.304000 18.008000
v -10.785000 -2.304000 18.008000
v -19.027000 -2.304000 18.508000
v -10.509000 -2.304000 18.508000
v -18.247000 -2.304000 19.008000
v -10.379000 -2.304000 19.008000
v -17.721000 -2.304000 19.508000
v -14.908000 -2.304000 19.508000
v -14.655000 -2.304000 19.508000
v -10.477000 -2.304000 19.508000
v -12.160000 -2.304000 20.008000
v -10.904000 -2.304000 20.008000
v -22.304000 -6.304000 12.912000
v -22.304000 -6.304000 15.869000
v -21.804000 -6.304000 10.324000
v -21.804000 -6.304000 16.131000
v -21.304000 -6.304000 9.589000
v -21.304000 -6.304000 16.149000
v -20.804000 -6.304000 9.363000
v -20.804000 -6.304000 15.944000
v -20.304000 -6.304000 9.305000
v -20.304000 -6.304000 15.654000
v -19.804000 -6.304000 9.276000
v -19.804000 -6.304000 15.068000
v -19.304000 -6.304000 9.271000
v -19.304000 -6.304000 12.748000
v -18.804000 -6.304000 9.482000
v -18.804000 -6.304000 11.945000
v -18.304000 -6.304000 10.157000
v -18.304000 -6.304000 11.259000
v -14.304000 -6.304000 18.029000
v -14.304000 -6.304000 19.030000
v -13.804000 -6.304000 17.390000
v -13.804000 -6.304000 19.657000
v -13.304000 -6.304000 17.083000
v -13.304000 -6.304000 19.875000
v -12.804000 -6.304000 16.791000
v -12.804000 -6.304000 19.905000
v -12.304000 -6.304000 16.622000
v -12.304000 -6.304000 19.891000
v -11.804000 -6.304000 16.640000
v -11.804000 -6.304000 19.867000
v -11.304000 -6.304000 16.826000
v -11.304000 -6.304000 19.693000
v -10.804000 -6.304000 17.081000
v -10.804000 -6.304000 19.372000
v -24.304000 -2.304000 11.095000
v -24.304000 -2.304000 13.460000
v -23.804000 -2.304000 10.874000
v -23.804000 -2.304000 13.976000
v -23.304000 -2.304000 10.720000
v -23.304000 -2.304000 14.316000
v -22.804000 -2.304000 10.593000
v -22.804000 -2.304000 14.711000
v -22.304000 -2.304000 10.597000
v -22.304000 -2.304000 15.221000
v -21.804000 -2.304000 10.609000
v -21.804000 -2.304000 16.085000
v -21.304000 -2.304000 10.654000
v -21.304000 -2.304000 17.182000
v -20.804000 -2.304000 10.673000
v -20.804000 -2.304000 17.697000
v -20.304000 -2.304000 10.652000
v -20.304000 -2.304000 17.896000
v -19.804000 -2.304000 10.619000
v -19.804000 -2.304000 18.153000
v -19.304000 -2.304000 10.570000
v -19.304000 -2.304000 18.380000
v -18.804000 -2.304000 10.485000
v -18.804000 -2.304000 18.658000
v -18.304000 -2.304000 10.284000
v -18.304000 -2.304000 18.963000
v -17.804000 -2.304000 10.046000
v -17.804000 -2.304000 19.445000
v -17.304000 -2.304000 9.735000
v -17.304000 -2.304000 19.688000
v -16.804000 -2.304000 9.289000
v -16.804000 -2.304000 19.694000
v -16.304000 -2.304000 8.786000
v -16.304000 -2.304000 19.676000
v -15.804000 -2.304000 8.126000
v -15.804000 -2.304000 19.679000
v -15.304000 -2.304000 7.399000
v -15.304000 -2.304000 14.058000
v -15.304000 -2.304000 15.603000
v -15.304000 -2.304000 19.675000
v -14.804000 -2.304000 5.829000
v -14.804000 -2.304000 13.272000
v -14.804000 -2.304000 16.245000
v -14.804000 -2.304000 19.496000
v -14.304000 -2.304000 4.337000
v -14.304000 -2.304000 12.890000
v -14.304000 -2.304000 17.982000
v -14.304000 -2.304000 19.650000
v -13.804000 -2.304000 3.390000
v -13.804000 -2.304000 12.638000
v -13.804000 -2.304000 18.358000
v -13.804000 -2.304000 19.668000
v -13.304000 -2.304000 2.552000
v -13.304000 -2.304000 12.001000
v -13.304000 -2.304000 18.455000
v -13.304000 -2.304000 19.628000
v -12.804000 -2.304000 2.330000
v -12.804000 -2.304000 8.782000
v -12.804000 -2.304000 18.328000
v -12.804000 -2.304000 19.647000
v -12.304000 -2.304000 2.339000
v -12.304000 -2.304000 7.741000
v -12.304000 -2.304000 16.497000
v -12.304000 -2.304000 19.911000
v -11.804000 -2.304000 2.588000
v -11.804000 -2.304000 7.170000
v -11.804000 -2.304000 16.365000
v -11.804000 -2.304000 20.161000
v -11.304000 -2.304000 3.326000
v -11.304000 -2.304000 6.523000
v -11.304000 -2.304000 16.361000
v -11.304000 -2.304000 20.171000
v -10.804000 -2.304000 17.959000
v -10.804000 -2.304000 19.936000
v -13.804000 -3.855000 4.008000
v -13.804000 -1.002000 4.008000
v -13.304000 -4.224000 4.008000
v -13.304000 -0.654000 4.008000
v -12.804000 -4.414000 4.008000
v -12.804000 -0.640000 4.008000
v -12.304000 -4.419000 4.008000
v -12.304000 -0.900000 4.008000
v -11.804000 -4.230000 4.008000
v -11.804000 -1.281000 4.008000
v -11.304000 -3.697000 4.008000
v -11.304000 -1.860000 4.008000
v -15.804000 -4.685000 8.008000
v -15.804000 -2.497000 8.008000
v -15.304000 -5.205000 8.008000
v -15.304000 -1.495000 8.008000
v -14.804000 -5.405000 8.008000
v -14.804000 -0.908000 8.008000
v -14.304000 -5.409000 8.008000
v -14.304000 -0.624000 8.008000
v -13.804000 -5.219000 8.008000
v -13.804000 -0.497000 8.008000
v -13.304000 -4.730000 8.008000
v -13.304000 -0.518000 8.008000
v -12.804000 -4.148000 8.008000
v -12.804000 -0.834000 8.008000
v -24.804000 -3.785000 12.008000
v -24.804000 -2.369000 12.008000
v -24.304000 -4.321000 12.008000
v -24.304000 -1.863000 12.008000
v -23.804000 -4.797000 12.008000
v -23.804000 -1.482000 12.008000
v -23.304000 -5.230000 12.008000
v -23.304000 -0.938000 12.008000
v -22.804000 -5.735000 12.008000
v -22.804000 -0.427000 12.008000
v -22.304000 -6.251000 12.008000
v -22.304000 -0.031000 12.008000
v -21.804000 -6.691000 12.008000
v -21.804000 0.194000 12.008000
v -21.304000 -6.968000 12.008000
v -21.304000 0.205000 12.008000
v -20.804000 -7.065000 12.008000
v -20.804000 0.087000 12.008000
v -20.304000 -7.090000 12.008000
v -20.304000 0.113000 12.008000
v -19.804000 -7.052000 12.008000
v -19.804000 0.272000 12.008000
v -19.304000 -6.742000 12.008000
v -19.304000 0.389000 12.008000
v -18.804000 -6.235000 12.008000
v -18.804000 0.632000 12.008000
v -18.304000 -5.788000 12.008000
v -18.304000 1.013000 12.008000
v -17.804000 -5.531000 12.008000
v -17.804000 1.217000 12.008000
v -17.304000 -5.214000 12.008000
v -17.304000 1.256000 12.008000
v -16.804000 -4.959000 12.008000
v -16.804000 1.311000 12.008000
v -16.304000 -4.589000 12.008000
v -16.304000 1.296000 12.008000
v -15.804000 -4.180000 12.008000
v -15.804000 1.210000 12.008000
v -15.304000 -4.072000 12.008000
v -15.304000 0.993000 12.008000
v -14.804000 -3.859000 12.008000
v -14.804000 0.330000 12.008000
v -14.304000 -3.629000 12.008000
v -14.304000 -0.356000 12.008000
v -13.804000 -3.235000 12.008000
v -13.804000 -0.958000 12.008000
v -22.304000 -6.083000 16.008000
v -22.304000 -4.434000 16.008000
v -21.804000 -6.472000 16.008000
v -21.804000 -1.139000 16.008000
v -21.304000 -6.495000 16.008000
v -21.304000 -0.467000 16.008000
v -20.804000 -6.222000 16.008000
v -20.804000 -0.247000 16.008000
v -20.304000 -6.040000 16.008000
v -20.304000 -0.171000 16.008000
v -19.804000 -5.737000 16.008000
v -19.804000 -0.123000 16.008000
v -19.304000 -5.249000 16.008000
v -19.304000 0.025000 16.008000
v -18.804000 -4.978000 16.008000
v -18.804000 0.209000 16.008000
v -18.304000 -4.745000 16.008000
v -18.304000 0.244000 16.008000
v -17.804000 -4.410000 16.008000
v -17.804000 0.325000 16.008000
v -17.304000 -4.175000 16.008000
v -17.304000 0.537000 16.008000
v -16.804000 -3.706000 16.008000
v -16.804000 0.748000 16.008000
v -16.304000 -3.279000 16.008000
v -16.304000 0.754000 16.008000
v -15.804000 -2.851000 16.008000
v -15.804000 0.551000 16.008000
v -15.304000 -2.583000 16.008000
v -15.304000 -0.080000 16.008000
v -14.804000 -1.984000 16.008000
v -14.804000 -1.220000 16.008000
v -12.804000 -4.226000 16.008000
v -12.804000 -2.924000 16.008000
v -12.304000 -4.782000 16.008000
v -12.304000 -2.649000 16.008000
v -11.804000 -5.077000 16.008000
v -11.804000 -2.582000 16.008000
v -11.304000 -5.077000 16.008000
v -11.304000 -2.579000 16.008000
v -10.804000 -4.783000 16.008000
v -10.804000 -2.897000 16.008000
v -16.304000 -4.169000 20.008000
v -16.304000 -2.811000 20.008000
v -15.804000 -4.499000 20.008000
v -15.804000 -2.562000 20.008000
v -15.304000 -4.644000 20.008000
v -15.304000 -2.546000 20.008000
v -14.804000 -4.919000 20.008000
v -14.804000 -2.658000 20.008000
v -14.304000 -4.940000 20.008000
v -14.304000 -2.570000 20.008000
v -13.804000 -4.768000 20.008000
v -13.804000 -2.548000 20.008000
v -13.304000 -4.722000 20.008000
v -13.304000 -2.567000 20.008000
v -12.804000 -4.704000 20.008000
v -12.804000 -2.598000 20.008000
v -12.304000 -4.669000 20.008000
v -12.304000 -2.413000 20.008000
v -11.804000 -4.626000 20.008000
v -11.804000 -2.123000 20.008000
v -11.304000 -4.628000 20.008000
v -11.304000 -2.111000 20.008000
v -10.804000 -4.221000 20.008000
v -10.804000 -2.393000 20.008000
v -21.515000 -5.804000 9.508000
v -18.389000 -5.804000 9.508000
v -21.877000 -5.804000 10.008000
v -16.711000 -5.804000 10.008000
v -22.315000 -5.804000 10.508000
v -16.435000 -5.804000 10.508000
v -22.715000 -5.804000 11.008000
v -16.713000 -5.804000 11.008000
v -22.833000 -5.804000 11.508000
v -17.630000 -5.804000 11.508000
v -22.734000 -5.804000 12.008000
v -18.323000 -5.804000 12.008000
v -22.743000 -5.804000 12.508000
v -18.735000 -5.804000 12.508000
v -22.828000 -5.804000 13.008000
v -18.850000 -5.804000 13.008000
v -23.085000 -5.804000 13.508000
v -18.818000 -5.804000 13.508000
v -23.190000 -5.804000 14.008000
v -18.941000 -5.804000 14.008000
v -23.222000 -5.804000 14.508000
v -19.236000 -5.804000 14.508000
v -23.117000 -5.804000 15.008000
v -19.367000 -5.804000 15.008000
v -22.806000 -5.804000 15.508000
v -19.475000 -5.804000 15.508000
v -22.423000 -5.804000 16.008000
v -19.879000 -5.804000 16.008000
v -13.506000 -5.804000 17.008000
v -10.607000 -5.804000 17.008000
v -13.980000 -5.804000 17.508000
v -10.254000 -5.804000 17.508000
v -14.364000 -5.804000 18.008000
v -10.150000 -5.804000 18.008000
v -14.568000 -5.804000 18.508000
v -10.218000 -5.804000 18.508000
v -14.538000 -5.804000 19.008000
v -10.319000 -5.804000 19.008000
v -14.165000 -5.804000 19.508000
v -10.649000 -5.804000 19.508000
v -13.228000 -1.804000 3.008000
v -11.826000 -1.804000 3.008000
v -13.650000 -1.804000 3.508000
v -11.431000 -1.804000 3.508000
v -14.035000 -1.804000 4.008000
v -11.336000 -1.804000 4.008000
v -14.376000 -1.804000 4.508000
v -11.255000 -1.804000 4.508000
v -14.472000 -1.804000 5.008000
v -11.172000 -1.804000 5.008000
v -14.515000 -1.804000 5.508000
v -11.191000 -1.804000 5.508000
v -14.694000 -1.804000 6.008000
v -11.186000 -1.804000 6.008000
v -14.886000 -1.804000 6.508000
v -11.279000 -1.804000 6.508000
v -15.003000 -1.804000 7.008000
v -11.612000 -1.804000 7.008000
v -15.132000 -1.804000 7.508000
v -12.076000 -1.804000 7.508000
v -15.425000 -1.804000 8.008000
v -12.563000 -1.804000 8.008000
v -16.042000 -1.804000 8.508000
v -12.912000 -1.804000 8.508000
v -16.510000 -1.804000 9.008000
v -13.217000 -1.804000 9.008000
v -17.019000 -1.804000 9.508000
v -13.313000 -1.804000 9.508000
v -17.585000 -1.804000 10.008000
v -13.328000 -1.804000 10.008000
v -18.710000 -1.804000 10.508000
v -13.229000 -1.804000 10.508000
v -23.277000 -1.804000 11.008000
v -13.149000 -1.804000 11.008000
v -23.913000 -1.804000 11.508000
v -13.209000 -1.804000 11.508000
v -24.222000 -1.804000 12.008000
v -13.310000 -1.804000 12.008000
v -24.289000 -1.804000 12.508000
v -13.648000 -1.804000 12.508000
v -24.192000 -1.804000 13.008000
v -14.325000 -1.804000 13.008000
v -23.908000 -1.804000 13.508000
v -14.706000 -1.804000 13.508000
v -23.493000 -1.804000 14.008000
v -14.856000 -1.804000 14.008000
v -23.029000 -1.804000 14.508000
v -14.964000 -1.804000 14.508000
v -22.467000 -1.804000 15.008000
v -15.087000 -1.804000 15.008000
v -22.065000 -1.804000 15.508000
v -15.015000 -1.804000 15.508000
v -21.848000 -1.804000 16.008000
v -14.770000 -1.804000 16.008000
v -21.569000 -1.804000 16.508000
v -14.594000 -1.804000 16.508000
v -21.398000 -1.804000 17.008000
v -14.693000 -1.804000 17.008000
v -21.076000 -1.804000 17.508000
v -14.818000 -1.804000 17.508000
v -19.888000 -1.804000 18.008000
v -15.262000 -1.804000 18.008000
v -18.737000 -1.804000 18.508000
v -15.755000 -1.804000 18.508000
v -17.910000 -1.804000 19.008000
v -16.188000 -1.804000 19.008000
v -12.065000 -1.804000 19.008000
v -10.998000 -1.804000 19.008000
v -11.792000 -1.804000 19.508000
v -11.272000 -1.804000 19.508000
v -22.804000 -5.804000 11.258000
v -22.804000 -5.804000 11.730000
v -22.804000 -5.804000 12.942000
v -22.804000 -5.804000 15.511000
v -22.304000 -5.804000 10.500000
v -22.304000 -5.804000 16.101000
v -21.804000 -5.804000 9.885000
v -21.804000 -5.804000 16.319000
v -21.304000 -5.804000 9.349000
v -21.304000 -5.804000 16.358000
v -20.804000 -5.804000 9.162000
v -20.804000 -5.804000 16.331000
v -20.304000 -5.804000 9.121000
v -20.304000 -5.804000 16.232000
v -19.804000 -5.804000 9.097000
v -19.804000 -5.804000 15.947000
v -19.304000 -5.804000 9.093000
v -19.304000 -5.804000 14.690000
v -18.804000 -5.804000 9.272000
v -18.804000 -5.804000 12.704000
v -18.304000 -5.804000 9.553000
v -18.304000 -5.804000 11.994000
v -17.804000 -5.804000 9.788000
v -17.804000 -5.804000 11.648000
v -17.304000 -5.804000 9.928000
v -17.304000 -5.804000 11.184000
v -16.804000 -5.804000 9.960000
v -16.804000 -5.804000 11.055000
v -14.304000 -5.804000 17.914000
v -14.304000 -5.804000 19.384000
v -13.804000 -5.804000 17.348000
v -13.804000 -5.804000 19.731000
v -13.304000 -5.804000 16.846000
v -13.304000 -5.804000 19.917000
v -12.804000 -5.804000 16.643000
v -12.804000 -5.804000 19.931000
v -12.304000 -5.804000 16.565000
v -12.304000 -5.804000 19.902000
v -11.804000 -5.804000 16.523000
v -11.804000 -5.804000 19.894000
v -11.304000 -5.804000 16.641000
v -11.304000 -5.804000 19.859000
v -10.804000 -5.804000 16.854000
v -10.804000 -5.804000 19.637000
v -10.304000 -5.804000 17.399000
v -10.304000 -5.804000 18.969000
v -23.804000 -1.804000 11.429000
v -23.804000 -1.804000 13.649000
v -23.304000 -1.804000 11.028000
v -23.304000 -1.804000 14.220000
v -22.804000 -1.804000 10.800000
v -22.804000 -1.804000 14.697000
v -22.304000 -1.804000 10.678000
v -22.304000 -1.804000 15.180000
v -21.804000 -1.804000 10.675000
v -21.804000 -1.804000 16.102000
v -21.304000 -1.804000 10.686000
v -21.304000 -1.804000 17.209000
v -20.804000 -1.804000 10.800000
v -20.804000 -1.804000 17.719000
v -20.304000 -1.804000 10.789000
v -20.304000 -1.804000 17.900000
v -19.804000 -1.804000 10.647000
v -19.804000 -1.804000 18.030000
v -19.304000 -1.804000 10.608000
v -19.304000 -1.804000 18.227000
v -18.804000 -1.804000 10.534000
v -18.804000 -1.804000 18.473000
v -18.304000 -1.804000 10.327000
v -18.304000 -1.804000 18.749000
v -17.804000 -1.804000 10.113000
v -17.804000 -1.804000 19.068000
v -17.304000 -1.804000 9.807000
v -17.304000 -1.804000 19.234000
v -16.804000 -1.804000 9.319000
v -16.804000 -1.804000 19.199000
v -16.304000 -1.804000 8.801000
v -16.304000 -1.804000 19.084000
v -15.804000 -1.804000 8.318000
v -15.804000 -1.804000 18.557000
v -15.304000 -1.804000 7.857000
v -15.304000 -1.804000 18.045000
v -14.804000 -1.804000 6.247000
v -14.804000 -1.804000 13.774000
v -14.804000 -1.804000 15.947000
v -14.804000 -1.804000 17.470000
v -14.304000 -1.804000 4.355000
v -14.304000 -1.804000 12.990000
v -13.804000 -1.804000 3.731000
v -13.804000 -1.804000 12.635000
v -13.304000 -1.804000 3.070000
v -13.304000 -1.804000 9.399000
v -13.304000 -1.804000 10.143000
v -13.304000 -1.804000 11.995000
v -12.804000 -1.804000 2.794000
v -12.804000 -1.804000 8.357000
v -12.304000 -1.804000 2.790000
v -12.304000 -1.804000 7.721000
v -11.804000 -1.804000 3.024000
v -11.804000 -1.804000 7.185000
v -11.804000 -1.804000 18.581000
v -11.804000 -1.804000 19.501000
v -11.304000 -1.804000 4.275000
v -11.304000 -1.804000 6.569000
v -11.304000 -1.804000 18.557000
v -11.304000 -1.804000 19.525000
v -14.304000 -3.492000 4.508000
v -14.304000 -1.314000 4.508000
v -13.804000 -4.147000 4.508000
v -13.804000 -0.535000 4.508000
v -13.304000 -4.353000 4.508000
v -13.304000 -0.309000 4.508000
v -12.804000 -4.420000 4.508000
v -12.804000 -0.299000 4.508000
v -12.304000 -4.402000 4.508000
v -12.304000 -0.499000 4.508000
v -11.804000 -4.186000 4.508000
v -11.804000 -0.984000 4.508000
v -11.304000 -3.571000 4.508000
v -11.304000 -1.647000 4.508000
v -16.304000 -3.946000 8.508000
v -16.304000 -3.213000 8.508000
v -15.804000 -4.840000 8.508000
v -15.804000 -1.357000 8.508000
v -15.304000 -5.135000 8.508000
v -15.304000 -1.010000 8.508000
v -14.804000 -5.302000 8.508000
v -14.804000 -0.836000 8.508000
v -14.304000 -5.306000 8.508000
v -14.304000 -0.793000 8.508000
v -13.804000 -5.097000 8.508000
v -13.804000 -0.882000 8.508000
v -13.304000 -4.582000 8.508000
v -13.304000 -1.186000 8.508000
v -12.804000 -3.905000 8.508000
v -12.804000 -2.063000 8.508000
v -24.804000 -3.717000 12.508000
v -24.804000 -2.357000 12.508000
v -24.304000 -4.266000 12.508000
v -24.304000 -1.818000 12.508000
v -23.804000 -4.757000 12.508000
v -23.804000 -1.208000 12.508000
v -23.304000 -5.227000 12.508000
v -23.304000 -0.522000 12.508000
v -22.804000 -5.741000 12.508000
v -22.804000 -0.025000 12.508000
v -22.304000 -6.259000 12.508000
v -22.304000 0.196000 12.508000
v -21.804000 -6.762000 12.508000
v -21.804000 0.294000 12.508000
v -21.304000 -6.952000 12.508000
v -21.304000 0.304000 12.508000
v -20.804000 -6.952000 12.508000
v -20.804000 0.191000 12.508000
v -20.304000 -6.926000 12.508000
v -20.304000 0.207000 12.508000
v -19.804000 -6.777000 12.508000
v -19.804000 0.351000 12.508000
v -19.304000 -6.386000 12.508000
v -19.304000 0.409000 12.508000
v -18.804000 -5.882000 12.508000
v -18.804000 0.595000 12.508000
v -18.304000 -5.362000 12.508000
v -18.304000 0.834000 12.508000
v -17.804000 -4.619000 12.508000
v -17.804000 0.964000 12.508000
v -17.304000 -4.025000 12.508000
v -17.304000 1.164000 12.508000
v -16.804000 -3.913000 12.508000
v -16.804000 1.346000 12.508000
v -16.304000 -3.727000 12.508000
v -16.304000 1.358000 12.508000
v -15.804000 -3.603000 12.508000
v -15.804000 1.312000 12.508000
v -15.304000 -3.564000 12.508000
v -15.304000 1.115000 12.508000
v -14.804000 -3.506000 12.508000
v -14.804000 0.555000 12.508000
v -14.304000 -3.234000 12.508000
v -14.304000 -0.651000 12.508000
v -13.804000 -2.640000 12.508000
v -13.804000 -1.481000 12.508000
v -21.304000 -5.397000 16.508000
v -21.304000 -0.749000 16.508000
v -20.804000 -5.589000 16.508000
v -20.804000 -0.321000 16.508000
v -20.304000 -5.575000 16.508000
v -20.304000 -0.142000 16.508000
v -19.804000 -5.283000 16.508000
v -19.804000 -0.094000 16.508000
v -19.304000 -4.987000 16.508000
v -19.304000 0.092000 16.508000
v -18.804000 -4.867000 16.508000
v -18.804000 0.295000 16.508000
v -18.304000 -4.654000 16.508000
v -18.304000 0.313000 16.508000
v -17.804000 -4.450000 16.508000
v -17.804000 0.386000 16.508000
v -17.304000 -4.266000 16.508000
v -17.304000 0.627000 16.508000
v -16.804000 -3.929000 16.508000
v -16.804000 0.830000 16.508000
v -16.304000 -3.677000 16.508000
v -16.304000 0.836000 16.508000
v -15.804000 -3.219000 16.508000
v -15.804000 0.647000 16.508000
v -15.304000 -2.783000 16.508000
v -15.304000 0.116000 16.508000
v -14.804000 -2.437000 16.508000
v -14.804000 -0.942000 16.508000
v -13.304000 -4.081000 16.508000
v -13.304000 -2.776000 16.508000
v -12.804000 -5.179000 16.508000
v -12.804000 -2.464000 16.508000
v -12.304000 -5.605000 16.508000
v -12.304000 -2.299000 16.508000
v -11.804000 -5.766000 16.508000
v -11.804000 -2.237000 16.508000
v -11.304000 -5.568000 16.508000
v -11.304000 -2.234000 16.508000
v -10.804000 -5.231000 16.508000
v -10.804000 -2.444000 16.508000
v -10.304000 -4.523000 16.508000
v -10.304000 -3.126000 16.508000
f 569 1099 1263
f 1263 1099 221
f 1099 1491 221
f 1099 1493 1491
f 1493 1887 1491
f 1889 1887 1493
f 1889 2279 1887
f 2281 2279 1889
f 2281 2645 2279
f 2647 2645 2281
f 2647 57 2645
f 59 57 2647
f 59 570 57
f 57 570 222
f 1097 223 1263
f 223 569 1263
f 223 571 569
f 1263 221 1097
f 399 222 570
f 399 570 401
f 401 572 399
f 399 572 224
f 573 711 225
f 225 711 709
f 223 709 711
f 223 711 571
f 781 224 572
f 781 572 783
f 783 574 781
f 781 574 226
f 575 225 227
f 575 573 225
f 226 576 228
f 574 576 226
f 712 575 902
f 575 229 902
f 575 227 229
f 577 712 902
f 784 578 230
f 784 230 782
f 782 228 784
f 784 228 576
f 710 902 229
f 1100 577 1284
f 1284 577 231
f 577 902 231
f 902 710 231
f 579 1100 1284
f 402 580 232
f 402 232 400
f 400 230 402
f 402 230 578
f 1098 1284 231
f 1494 579 1674
f 1674 579 233
f 579 1284 233
f 1284 1098 233
f 581 1494 1674
f 60 582 234
f 60 234 58
f 58 232 60
f 60 232 580
f 1492 1674 233
f 1674 1492 581
f 1492 1890 581
f 1492 1888 1890
f 2280 1890 1888
f 2280 2282 1890
f 2646 2282 2280
f 2646 2648 2282
f 2646 234 2648
f 2648 234 582
f 583 2597 2715
f 2715 2597 123
f 123 2597 7
f 7 584 123
f 585 2229 2357
f 583 2715 2229
f 2715 2357 2229
f 2715 2717 2357
f 2715 125 2717
f 2715 123 125
f 347 467 584
f 467 123 584
f 467 125 123
f 347 586 467
f 2359 587 2357
f 2357 587 585
f 2357 2719 2359
f 2357 2717 2719
f 2717 127 2719
f 2717 125 127
f 125 469 127
f 125 467 469
f 467 586 469
f 469 586 588
f 2361 589 2359
f 2359 589 587
f 2359 2721 2361
f 2359 2719 2721
f 2719 129 2721
f 2719 127 129
f 127 471 129
f 127 469 471
f 469 588 471
f 471 588 590
f 2363 591 2361
f 2361 591 589
f 2361 2723 2363
f 2361 2721 2723
f 2721 131 2723
f 2721 129 131
f 129 473 131
f 129 471 473
f 471 590 473
f 473 590 592
f 2365 593 2363
f 2363 593 591
f 2363 2725 2365
f 2363 2723 2725
f 2723 133 2725
f 2723 131 133
f 131 475 133
f 131 473 475
f 473 592 475
f 475 592 594
f 2365 2230 593
f 2230 2365 2598
f 2598 2365 2725
f 2598 2725 595
f 2725 135 595
f 2725 133 135
f 133 477 135
f 133 475 477
f 727 853 594
f 853 475 594
f 853 477 475
f 727 596 853
f 137 597 135
f 135 597 595
f 135 479 137
f 135 477 479
f 477 857 479
f 477 853 857
f 1115 1235 596
f 1235 853 596
f 1235 857 853
f 1115 598 1235
f 139 599 137
f 137 599 597
f 137 481 139
f 137 479 481
f 479 861 481
f 479 857 861
f 857 1239 861
f 857 1235 1239
f 1509 1625 598
f 1625 1235 598
f 1625 1239 1235
f 1509 600 1625
f 141 601 139
f 139 601 599
f 139 483 141
f 139 481 483
f 861 725 235
f 483 861 235
f 481 861 483
f 1239 1113 725
f 1239 725 861
f 1625 1507 1113
f 1625 1113 1239
f 600 1905 2029
f 600 2029 236
f 1625 600 236
f 1507 1625 236
f 2029 1905 2415
f 2415 1905 2297
f 2415 2297 2781
f 2781 2297 2663
f 2781 2663 197
f 197 2663 75
f 197 75 547
f 547 75 417
f 417 602 547
f 143 603 141
f 141 603 601
f 483 345 237
f 143 483 237
f 141 483 143
f 483 235 345
f 2029 1903 236
f 2415 2295 1903
f 2415 1903 2029
f 2781 2661 2295
f 2781 2295 2415
f 197 73 2661
f 197 2661 2781
f 549 238 73
f 197 549 73
f 547 549 197
f 793 939 602
f 939 547 602
f 939 549 547
f 793 604 939
f 143 8 603
f 605 8 143
f 237 605 143
f 239 605 237
f 549 415 238
f 941 240 415
f 549 941 415
f 939 941 549
f 939 604 941
f 941 604 606
f 607 239 241
f 607 605 239
f 943 242 240
f 943 240 941
f 941 606 943
f 943 606 608
f 348 607 496
f 607 243 496
f 607 241 243
f 609 348 496
f 242 943 794
f 610 242 794
f 244 242 610
f 943 608 794
f 245 500 243
f 243 500 496
f 609 496 500
f 609 500 611
f 416 559 246
f 416 244 559
f 244 612 559
f 244 610 612
f 346 500 245
f 611 500 346
f 247 611 346
f 613 611 247
f 246 559 418
f 614 246 418
f 248 246 614
f 559 612 418
f 728 613 894
f 613 249 894
f 613 247 249
f 615 728 894
f 2664 616 2798
f 2664 2798 250
f 74 2664 250
f 76 2664 74
f 74 248 76
f 76 248 614
f 726 894 249
f 894 726 615
f 726 1116 615
f 726 1114 1116
f 617 1116 1114
f 617 1114 251
f 2298 618 252
f 2298 252 2296
f 616 2298 2798
f 2298 2662 2798
f 2298 2296 2662
f 250 2798 2662
f 251 1508 617
f 617 1508 1510
f 1904 1510 1508
f 1904 1906 1510
f 1904 252 1906
f 1906 252 618
f 1596 1523 253
f 1998 1921 1596
f 1596 1921 1523
f 1998 254 1921
f 619 1131 255
f 255 1131 1129
f 1525 1596 253
f 1129 1525 253
f 1131 1525 1129
f 1596 1525 1923
f 1596 1923 1998
f 620 2386 2311
f 620 2311 254
f 1923 620 254
f 1998 1923 254
f 2386 256 2311
f 456 361 257
f 621 743 456
f 743 361 456
f 743 741 361
f 255 741 743
f 255 743 619
f 2313 2386 620
f 2677 256 2386
f 2313 2677 2386
f 2679 2677 2313
f 170 89 622
f 89 2679 622
f 89 2677 2679
f 170 258 89
f 623 23 115
f 23 363 115
f 363 257 115
f 257 259 115
f 257 363 456
f 621 456 363
f 91 170 622
f 431 258 170
f 91 431 170
f 433 431 91
f 433 624 431
f 431 624 260
f 625 2613 261
f 261 2613 2611
f 2613 623 115
f 21 2613 115
f 2611 2613 21
f 115 259 21
f 807 260 624
f 807 624 809
f 809 626 807
f 807 626 262
f 627 2245 263
f 263 2245 2243
f 261 2243 2245
f 261 2245 625
f 1183 262 626
f 1183 626 1187
f 1187 628 1183
f 1183 628 264
f 629 263 265
f 629 627 263
f 264 630 266
f 628 630 264
f 631 1855 267
f 267 1855 1853
f 265 1853 1855
f 265 1855 629
f 1188 632 1298
f 1298 268 1188
f 268 630 1188
f 268 266 630
f 633 267 269
f 633 631 267
f 270 1184 1298
f 632 270 1298
f 634 270 632
f 268 1298 1184
f 635 269 271
f 635 633 269
f 270 636 272
f 634 636 270
f 271 1854 635
f 635 1854 1856
f 637 1856 1854
f 637 1854 273
f 638 1302 1185
f 272 638 1185
f 636 638 272
f 1302 274 1185
f 273 2244 637
f 637 2244 2246
f 639 2246 2244
f 639 2244 275
f 1189 1302 638
f 1189 640 1302
f 640 274 1302
f 640 276 274
f 275 2612 639
f 639 2612 2614
f 641 2614 2612
f 641 2612 277
f 276 642 278
f 640 642 276
f 277 22 641
f 641 22 24
f 362 24 22
f 362 364 24
f 362 279 854
f 744 362 854
f 364 362 744
f 643 744 854
f 1569 278 642
f 1569 642 1571
f 1571 644 1569
f 1569 644 280
f 742 854 279
f 854 742 643
f 742 1132 643
f 742 1130 1132
f 645 1132 1130
f 645 1130 281
f 280 646 282
f 644 646 280
f 1526 645 1626
f 645 283 1626
f 645 281 283
f 647 1526 1626
f 282 648 284
f 646 648 282
f 285 1630 283
f 283 1630 1626
f 647 1626 1630
f 647 1630 649
f 650 2084 1967
f 284 650 1967
f 648 650 284
f 2084 286 1967
f 287 1634 285
f 285 1634 1630
f 649 1630 1634
f 649 1634 651
f 1969 2084 650
f 1969 652 2084
f 652 286 2084
f 652 288 286
f 289 1638 287
f 287 1638 1634
f 651 1634 1638
f 651 1638 653
f 288 654 290
f 652 654 288
f 1524 1638 289
f 1924 653 2040
f 2040 653 291
f 653 1638 291
f 1638 1524 291
f 655 1924 2040
f 1970 656 292
f 1970 292 1968
f 1968 290 1970
f 1970 290 654
f 1922 2040 291
f 2314 655 2426
f 2426 655 293
f 655 2040 293
f 2040 1922 293
f 657 2314 2426
f 1572 658 294
f 1572 294 1570
f 1570 292 1572
f 1572 292 656
f 2312 2426 293
f 2426 2312 657
f 2312 2680 657
f 2312 2678 2680
f 90 2680 2678
f 90 92 2680
f 432 92 90
f 432 434 92
f 808 434 432
f 808 810 434
f 1186 810 808
f 1186 1190 810
f 1186 294 1190
f 1190 294 658
f 1610 1543 295
f 2012 1941 1610
f 1610 1941 1543
f 2398 2329 2012
f 2012 2329 1941
f 2764 2693 2398
f 2398 2693 2329
f 180 105 2764
f 2764 105 2693
f 180 296 105
f 844 761 297
f 1224 1149 844
f 844 1149 761
f 1547 1610 295
f 1547 295 1149
f 659 1547 1149
f 1224 659 1149
f 1610 1547 1945
f 1610 1945 2012
f 2012 1945 2333
f 2012 2333 2398
f 2398 2333 2695
f 2398 2695 2764
f 2764 2695 107
f 2764 107 180
f 660 532 447
f 660 447 296
f 107 660 296
f 180 107 296
f 532 298 447
f 299 846 297
f 297 846 844
f 846 661 1153
f 1224 846 1153
f 844 846 1224
f 659 1224 1153
f 449 532 660
f 662 924 823
f 662 823 298
f 449 662 298
f 532 449 298
f 924 300 823
f 301 848 299
f 299 848 846
f 661 846 848
f 661 848 663
f 664 926 924
f 664 924 662
f 300 924 302
f 302 924 926
f 303 850 301
f 301 850 848
f 663 848 850
f 663 850 665
f 666 928 926
f 666 926 664
f 302 926 304
f 304 926 928
f 850 303 765
f 303 667 765
f 303 305 667
f 665 850 765
f 825 928 666
f 668 1308 1205
f 668 1205 304
f 825 668 304
f 928 825 304
f 1308 306 1205
f 669 305 307
f 669 667 305
f 1207 1308 668
f 1207 670 1308
f 670 306 1308
f 670 308 306
f 671 307 309
f 671 669 307
f 308 672 310
f 670 672 308
f 863 673 762
f 673 309 762
f 673 671 309
f 311 863 762
f 310 674 312
f 672 674 310
f 863 766 673
f 675 766 863
f 311 675 863
f 313 675 311
f 676 1690 1579
f 312 676 1579
f 674 676 312
f 1690 314 1579
f 677 313 315
f 677 675 313
f 678 1694 1690
f 678 1690 676
f 314 1690 316
f 316 1690 1694
f 1253 679 1150
f 679 315 1150
f 679 677 315
f 317 1253 1150
f 1208 680 1322
f 1694 678 1208
f 1694 1208 1322
f 1580 1694 1322
f 318 1580 1322
f 316 1694 1580
f 1257 681 1253
f 1253 681 679
f 1253 317 1544
f 1643 1253 1544
f 1257 1253 1643
f 319 1643 1544
f 450 682 554
f 450 554 946
f 450 946 826
f 1322 680 826
f 1322 826 946
f 1206 1322 946
f 320 1206 946
f 318 1322 1206
f 1257 1154 681
f 1154 1257 683
f 1257 1647 683
f 1257 1643 1647
f 1643 319 1942
f 2045 1643 1942
f 1647 1643 2045
f 321 2045 1942
f 2696 684 2792
f 2696 2792 208
f 2696 208 108
f 554 682 108
f 554 108 208
f 448 554 208
f 322 448 208
f 824 946 448
f 448 946 554
f 320 946 824
f 685 1155 1265
f 683 1647 1155
f 1647 1265 1155
f 1647 1651 1265
f 686 1651 1946
f 1651 2045 1946
f 1651 1647 2045
f 321 2330 2045
f 2330 1946 2045
f 2330 2334 1946
f 684 2334 2792
f 2334 2694 2792
f 2334 2330 2694
f 106 208 2694
f 2694 208 2792
f 322 208 106
f 687 2259 2371
f 2371 2259 2737
f 2737 2259 2627
f 2737 2627 153
f 153 2627 41
f 153 41 505
f 505 41 383
f 505 383 891
f 891 383 767
f 685 1265 767
f 1265 891 767
f 1265 1269 891
f 1265 1655 1269
f 1265 1651 1655
f 1651 686 1655
f 1655 686 688
f 689 1867 1987
f 687 2371 1867
f 2371 1987 1867
f 2371 2373 1987
f 2737 2625 323
f 2373 2737 323
f 2371 2737 2373
f 153 39 2625
f 153 2625 2737
f 505 381 39
f 505 39 153
f 891 763 381
f 891 381 505
f 1269 1151 763
f 1269 763 891
f 1655 1545 1151
f 1655 1151 1269
f 1545 1655 688
f 1947 1545 688
f 1943 1545 1947
f 1947 690 1943
f 1943 690 324
f 1989 691 1987
f 1987 691 689
f 2373 2257 325
f 1989 2373 325
f 1987 2373 1989
f 2373 323 2257
f 324 692 326
f 690 692 324
f 693 1473 1591
f 691 1989 1473
f 1473 1989 1591
f 1989 1865 1591
f 1865 327 1591
f 1989 325 1865
f 2331 326 692
f 2331 692 2335
f 2335 694 2331
f 2331 694 328
f 1593 695 1591
f 1591 695 693
f 1591 327 329
f 1591 329 1593
f 328 696 330
f 694 696 328
f 1593 1474 695
f 1995 697 1866
f 1866 697 329
f 697 1474 329
f 1474 1593 329
f 331 1995 1866
f 330 698 332
f 696 698 330
f 1995 1868 697
f 2383 699 2258
f 2258 699 331
f 699 1868 331
f 1868 1995 331
f 333 2383 2258
f 2336 700 334
f 2336 334 2332
f 2332 332 2336
f 2336 332 698
f 2383 2260 699
f 2751 701 2626
f 2626 701 333
f 701 2260 333
f 2260 2383 333
f 40 167 2751
f 40 2751 2626
f 382 519 167
f 382 167 40
f 335 519 382
f 1948 702 336
f 1948 336 1944
f 1944 334 1948
f 1948 334 700
f 2751 2628 701
f 2628 2751 42
f 42 2751 167
f 42 167 384
f 384 167 519
f 335 764 519
f 764 384 519
f 764 768 384
f 1152 768 764
f 1152 1156 768
f 1546 1156 1152
f 1546 1548 1156
f 1546 336 1548
f 1548 336 702
f 955 1495 1645
f 1645 1495 2043
f 2043 1495 1891
f 2043 1891 2425
f 2425 1891 2283
f 2283 956 2425
f 957 1101 569
f 569 1101 1099
f 1101 955 1645
f 1493 1101 1645
f 1099 1101 1493
f 2043 1889 1493
f 2043 1493 1645
f 2425 2281 1889
f 2425 1889 2043
f 2281 2425 956
f 2649 2281 956
f 2647 2281 2649
f 2649 59 2647
f 61 59 2649
f 570 59 557
f 59 403 557
f 59 61 403
f 403 958 557
f 959 713 889
f 571 889 713
f 957 571 713
f 569 571 957
f 557 401 570
f 557 958 401
f 958 572 401
f 958 960 572
f 711 573 889
f 573 959 889
f 573 961 959
f 889 571 711
f 783 572 960
f 783 960 785
f 785 962 783
f 783 962 574
f 714 961 898
f 961 575 898
f 961 573 575
f 963 714 898
f 574 964 576
f 962 964 574
f 712 898 575
f 963 898 712
f 577 963 712
f 965 963 577
f 786 966 578
f 786 578 784
f 784 576 786
f 786 576 964
f 577 1100 965
f 965 1100 1102
f 1100 579 1670
f 1496 1100 1670
f 1102 1100 1496
f 967 1496 1670
f 404 968 580
f 404 580 402
f 402 578 404
f 404 578 966
f 1494 1670 579
f 1892 967 2072
f 2072 967 581
f 967 1670 581
f 1670 1494 581
f 969 1892 2072
f 62 970 582
f 62 582 60
f 60 580 62
f 62 580 968
f 1890 2072 581
f 2072 1890 969
f 1890 2284 969
f 1890 2282 2284
f 2648 2284 2282
f 2648 2650 2284
f 2648 582 2650
f 2650 582 970
f 971 2599 2713
f 2713 2599 121
f 121 2599 9
f 121 9 463
f 463 9 349
f 463 349 839
f 839 349 729
f 729 972 839
f 973 2231 2355
f 971 2713 2231
f 2231 2713 2355
f 2713 2597 2355
f 2597 583 2355
f 121 7 2597
f 121 2597 2713
f 465 584 7
f 121 465 7
f 463 465 121
f 463 841 465
f 463 839 841
f 839 972 841
f 841 972 974
f 975 1841 1975
f 973 2355 1841
f 1841 2355 1975
f 2355 2229 1975
f 2229 585 1975
f 2355 583 2229
f 465 347 584
f 843 586 347
f 465 843 347
f 841 843 465
f 841 974 843
f 843 974 976
f 1977 977 1975
f 1975 977 975
f 1975 585 587
f 1975 587 1977
f 845 588 586
f 845 586 843
f 843 976 845
f 845 976 978
f 1979 979 1977
f 1977 979 977
f 1977 587 589
f 1977 589 1979
f 847 590 588
f 847 588 845
f 845 978 847
f 847 978 980
f 1981 981 1979
f 1979 981 979
f 1979 589 591
f 1979 591 1981
f 849 592 590
f 849 590 847
f 1117 1229 980
f 1229 847 980
f 1229 849 847
f 1117 982 1229
f 1981 1842 981
f 983 1842 1981
f 591 983 1981
f 593 983 591
f 851 594 592
f 851 592 849
f 849 1231 851
f 849 1229 1231
f 1229 982 1231
f 1231 982 984
f 593 2230 983
f 983 2230 2232
f 2598 2727 985
f 2232 2598 985
f 2230 2598 2232
f 595 2727 2598
f 851 727 594
f 1233 596 727
f 851 1233 727
f 1231 1233 851
f 1511 1621 984
f 1621 1231 984
f 1621 1233 1231
f 1511 986 1621
f 2729 987 2727
f 2727 987 985
f 2727 595 597
f 2727 597 2729
f 1233 1115 596
f 1623 598 1115
f 1233 1623 1115
f 1621 1623 1233
f 1907 2025 986
f 2025 1621 986
f 2025 1623 1621
f 1907 988 2025
f 2731 989 2729
f 2729 989 987
f 2729 597 599
f 2729 599 2731
f 1623 1509 598
f 2027 600 1509
f 1623 2027 1509
f 2025 2027 1623
f 2299 2413 988
f 2413 2025 988
f 2413 2027 2025
f 2413 2299 2779
f 2779 2299 2665
f 2779 2665 195
f 195 2665 77
f 195 77 545
f 545 77 419
f 545 419 935
f 935 419 795
f 795 990 935
f 2733 991 2731
f 2731 991 989
f 2731 599 601
f 2731 601 2733
f 2027 1905 600
f 2413 2297 1905
f 2413 1905 2027
f 2779 2663 2297
f 2779 2297 2413
f 195 75 2663
f 195 2663 2779
f 545 417 75
f 545 75 195
f 937 602 417
f 545 937 417
f 935 937 545
f 1167 1317 990
f 1317 935 990
f 1317 937 935
f 1167 992 1317
f 2733 2600 991
f 993 2600 2733
f 601 993 2733
f 603 993 601
f 937 793 602
f 1319 604 793
f 937 1319 793
f 1317 1319 937
f 1317 992 1319
f 1319 992 994
f 603 8 993
f 993 8 10
f 995 10 8
f 995 8 605
f 1321 606 604
f 1321 604 1319
f 1319 994 1321
f 1321 994 996
f 350 995 492
f 995 607 492
f 995 605 607
f 997 350 492
f 606 1321 1168
f 998 606 1168
f 608 606 998
f 1321 996 1168
f 348 492 607
f 997 492 348
f 609 997 348
f 999 997 609
f 794 947 610
f 794 608 947
f 608 1000 947
f 608 998 1000
f 1001 609 611
f 1001 999 609
f 610 947 796
f 1002 610 796
f 612 610 1002
f 947 1000 796
f 1003 611 613
f 1003 1001 611
f 420 1004 614
f 420 614 418
f 418 612 420
f 420 612 1002
f 613 728 1003
f 1003 728 730
f 1005 730 728
f 1005 728 615
f 2666 1006 616
f 2666 616 2664
f 76 2666 2664
f 76 78 2666
f 76 614 78
f 78 614 1004
f 615 1116 1005
f 1005 1116 1118
f 1007 1118 1116
f 1007 1116 617
f 2300 1008 618
f 2300 618 2298
f 2298 616 2300
f 2300 616 1006
f 617 1510 1007
f 1007 1510 1512
f 1906 1512 1510
f 1906 1908 1512
f 1906 618 1908
f 1908 618 1008
f 1210 1131 619
f 1598 1525 1210
f 1210 1525 1131
f 2000 1923 1598
f 1598 1923 1525
f 2000 620 1923
f 1009 745 621
f 621 745 743
f 1133 1210 619
f 743 1133 619
f 745 1133 743
f 1210 1133 1527
f 1210 1527 1598
f 1598 1527 1925
f 1598 1925 2000
f 1010 2388 2313
f 1010 2313 620
f 1925 1010 620
f 2000 1925 620
f 2754 2679 2388
f 2388 2679 2313
f 2754 622 2679
f 1011 25 623
f 623 25 23
f 25 363 23
f 365 363 25
f 621 363 365
f 621 365 1009
f 2315 2388 1010
f 2388 2315 2681
f 2388 2681 2754
f 91 622 2754
f 2681 91 2754
f 93 91 2681
f 93 433 91
f 435 433 93
f 435 1012 433
f 433 1012 624
f 1013 2615 625
f 625 2615 2613
f 623 2613 2615
f 623 2615 1011
f 809 624 1012
f 809 1012 811
f 811 1014 809
f 809 1014 626
f 1015 2247 627
f 627 2247 2245
f 625 2245 2247
f 625 2247 1013
f 1187 626 1014
f 1187 1014 1191
f 1191 1016 1187
f 1187 1016 628
f 1017 627 629
f 1017 1015 627
f 628 1018 630
f 1016 1018 628
f 1019 1857 631
f 631 1857 1855
f 629 1855 1857
f 629 1857 1017
f 1192 1020 632
f 1192 632 1188
f 1188 630 1192
f 1192 630 1018
f 1021 631 633
f 1021 1019 631
f 632 1022 634
f 1020 1022 632
f 1023 633 635
f 1023 1021 633
f 634 1024 636
f 1022 1024 634
f 635 1856 1023
f 1023 1856 1858
f 1025 1858 1856
f 1025 1856 637
f 636 1026 638
f 1024 1026 636
f 637 2246 1025
f 1025 2246 2248
f 1027 2248 2246
f 1027 2246 639
f 1028 1304 1189
f 638 1028 1189
f 1026 1028 638
f 1304 640 1189
f 639 2614 1027
f 1027 2614 2616
f 1029 2616 2614
f 1029 2614 641
f 1193 1304 1028
f 1193 1030 1304
f 1030 640 1304
f 1030 642 640
f 641 24 1029
f 1029 24 26
f 364 26 24
f 364 366 26
f 744 366 364
f 744 746 366
f 1031 746 744
f 1031 744 643
f 1032 1682 1571
f 642 1032 1571
f 1030 1032 642
f 1682 644 1571
f 643 1132 1031
f 1031 1132 1134
f 1033 1134 1132
f 1033 1132 645
f 1573 1682 1032
f 1573 1034 1682
f 1034 644 1682
f 1034 646 644
f 645 1526 1033
f 1033 1526 1528
f 1035 1528 1526
f 1035 1526 647
f 646 1036 648
f 1034 1036 646
f 1037 647 649
f 1037 1035 647
f 648 1038 650
f 1036 1038 648
f 1039 649 651
f 1039 1037 649
f 1040 2086 1969
f 650 1040 1969
f 1038 1040 650
f 2086 652 1969
f 1926 1039 2036
f 1039 653 2036
f 1039 651 653
f 1041 1926 2036
f 1042 2088 2086
f 1042 2086 1040
f 652 2086 654
f 654 2086 2088
f 1924 2036 653
f 1041 2036 1924
f 655 1041 1924
f 1043 1041 655
f 1574 1044 1698
f 2088 1042 1574
f 2088 1574 1698
f 1970 2088 1698
f 656 1970 1698
f 654 2088 1970
f 655 2314 1043
f 1043 2314 2316
f 2314 657 2790
f 2682 2314 2790
f 2316 2314 2682
f 1045 2682 2790
f 812 1046 948
f 812 948 1326
f 812 1326 1194
f 1698 1044 1194
f 1698 1194 1326
f 1572 1698 1326
f 658 1572 1326
f 656 1698 1572
f 2680 2790 657
f 2790 2680 1045
f 2680 94 1045
f 2680 92 94
f 434 94 92
f 434 436 94
f 1046 436 948
f 436 810 948
f 436 434 810
f 1190 1326 810
f 810 1326 948
f 658 1326 1190
f 1612 1547 659
f 2014 1945 1612
f 1612 1945 1547
f 2400 2333 2014
f 2014 2333 1945
f 2766 2695 2400
f 2400 2695 2333
f 182 107 2766
f 2766 107 2695
f 182 660 107
f 1226 1153 661
f 1153 1226 659
f 1226 1612 659
f 1226 1614 1612
f 2016 1612 1614
f 2014 1612 2016
f 2402 2014 2016
f 2400 2014 2402
f 2768 2400 2402
f 2766 2400 2768
f 184 2766 2768
f 182 2766 184
f 660 182 449
f 182 534 449
f 182 184 534
f 534 662 449
f 663 1228 661
f 661 1228 1226
f 1616 1226 1228
f 1614 1226 1616
f 1616 1047 1949
f 2016 1616 1949
f 1614 1616 2016
f 2016 1949 2337
f 2016 2337 2402
f 2402 2337 2697
f 2402 2697 2768
f 2768 2697 1048
f 186 2768 1048
f 184 2768 186
f 536 184 186
f 534 184 536
f 662 534 664
f 664 534 536
f 665 1230 663
f 663 1230 1228
f 1230 1049 1549
f 1616 1230 1549
f 1228 1230 1616
f 1047 1616 1549
f 109 186 1048
f 186 109 1050
f 538 186 1050
f 536 186 538
f 664 536 666
f 666 536 538
f 852 765 667
f 1157 1230 665
f 1157 665 765
f 1051 1157 765
f 852 1051 765
f 1049 1230 1157
f 451 538 1050
f 1052 930 825
f 1052 825 666
f 451 1052 666
f 538 451 666
f 930 668 825
f 852 667 769
f 667 1053 769
f 667 669 1053
f 1051 852 769
f 827 930 1052
f 1054 1312 1207
f 1054 1207 668
f 827 1054 668
f 930 827 668
f 1312 670 1207
f 1055 669 671
f 1055 1053 669
f 1056 1314 1312
f 1056 1312 1054
f 670 1312 672
f 672 1312 1314
f 1057 671 673
f 1057 1055 671
f 1058 1316 1314
f 1058 1314 1056
f 672 1314 674
f 674 1314 1316
f 867 1059 766
f 1059 673 766
f 1059 1057 673
f 675 867 766
f 1060 1318 1316
f 1060 1316 1058
f 674 1316 676
f 676 1316 1318
f 871 1061 867
f 867 1061 1059
f 867 675 677
f 867 677 871
f 828 1062 940
f 1318 1060 828
f 940 1318 828
f 1320 1318 940
f 676 1318 678
f 678 1318 1320
f 875 1063 871
f 871 1063 1061
f 871 677 679
f 871 679 875
f 110 1064 202
f 110 202 552
f 110 552 452
f 940 1062 452
f 552 940 452
f 942 940 552
f 1208 1320 680
f 1320 942 680
f 1320 940 942
f 678 1320 1208
f 879 1065 875
f 875 1065 1063
f 875 679 681
f 875 681 879
f 1066 204 202
f 1066 202 1064
f 450 552 682
f 552 204 682
f 552 202 204
f 826 942 450
f 450 942 552
f 680 942 826
f 1067 385 497
f 1065 879 385
f 879 497 385
f 879 883 497
f 879 681 1154
f 1261 879 1154
f 883 879 1261
f 683 1261 1154
f 2698 1068 684
f 2698 684 2696
f 1066 2698 204
f 2698 108 204
f 2698 2696 108
f 682 204 108
f 1069 2629 2735
f 2735 2629 151
f 151 2629 43
f 1067 497 43
f 497 151 43
f 497 501 151
f 497 887 501
f 497 883 887
f 1261 1155 685
f 887 1261 685
f 883 1261 887
f 1261 683 1155
f 1946 2049 686
f 2334 2431 2049
f 2334 2049 1946
f 2334 684 2431
f 684 1070 2431
f 684 1068 1070
f 1071 1869 1985
f 1985 1869 687
f 1869 2259 687
f 1869 2261 2259
f 2261 1069 2735
f 2627 2261 2735
f 2259 2261 2627
f 151 41 2627
f 151 2627 2735
f 501 383 41
f 501 41 151
f 887 767 383
f 887 383 501
f 887 685 767
f 2053 688 686
f 2053 686 2049
f 1072 2053 2338
f 2053 2431 2338
f 2053 2049 2431
f 2431 1070 2338
f 1073 1475 1587
f 1071 1985 1475
f 1475 1985 1587
f 1985 1867 1587
f 1867 689 1587
f 1985 687 1867
f 2053 1947 688
f 2053 1072 1947
f 1072 690 1947
f 1072 1074 690
f 1589 1075 1587
f 1587 1075 1073
f 1587 689 691
f 1587 691 1589
f 690 1076 692
f 1074 1076 690
f 1473 693 1589
f 693 1075 1589
f 693 1077 1075
f 1589 691 1473
f 2335 692 1076
f 2335 1076 2339
f 2339 1078 2335
f 2335 1078 694
f 1079 693 695
f 1079 1077 693
f 694 1080 696
f 1078 1080 694
f 695 1474 1079
f 1079 1474 1476
f 1081 1476 1474
f 1081 1474 697
f 696 1082 698
f 1080 1082 696
f 697 1868 1081
f 1081 1868 1870
f 1083 1870 1868
f 1083 1868 699
f 2336 2457 700
f 2336 698 2457
f 698 1084 2457
f 698 1082 1084
f 699 2260 1083
f 1083 2260 2262
f 1085 2262 2260
f 1085 2260 701
f 1950 1086 702
f 1950 702 1948
f 2457 2340 700
f 2340 1948 700
f 2340 1950 1948
f 2457 1084 2340
f 701 2628 1085
f 1085 2628 2630
f 42 2630 2628
f 42 44 2630
f 384 44 42
f 384 386 44
f 768 386 384
f 768 770 386
f 1156 770 768
f 1156 1158 770
f 1548 1158 1156
f 1548 1550 1158
f 1548 702 1550
f 1550 702 1086
f 1327 1481 1657
f 1657 1481 2055
f 2055 1481 1877
f 1877 1328 2055
f 1329 1087 1275
f 1327 1657 1087
f 1657 1275 1087
f 1657 1661 1275
f 1657 2059 1661
f 1657 2055 2059
f 2269 2441 1328
f 2441 2055 1328
f 2441 2059 2055
f 2269 1330 2441
f 1279 1331 1275
f 1275 1331 1329
f 1275 1665 1279
f 1275 1661 1665
f 1661 2063 1665
f 1661 2059 2063
f 2059 2445 2063
f 2059 2441 2445
f 2441 1330 2445
f 2445 1330 1332
f 1279 1088 1331
f 1088 1279 1333
f 1279 1669 1333
f 1279 1665 1669
f 1665 2067 1669
f 1665 2063 2067
f 1334 2067 2270
f 2067 2445 2270
f 2067 2063 2445
f 2445 1332 2270
f 1669 1482 1333
f 1482 1669 1878
f 1878 1669 2067
f 2067 1334 1878
f 1335 1103 1259
f 1259 1103 955
f 1103 1495 955
f 1103 1497 1495
f 1497 1891 1495
f 1893 1891 1497
f 1893 2283 1891
f 2285 2283 1893
f 956 2283 2789
f 2283 2651 2789
f 2283 2285 2651
f 2789 2651 205
f 205 2651 63
f 63 1336 205
f 1337 715 885
f 1335 1259 715
f 715 1259 885
f 1259 1101 885
f 1101 957 885
f 1259 955 1101
f 2789 2649 956
f 205 61 2649
f 205 2649 2789
f 61 205 1336
f 405 61 1336
f 403 61 405
f 405 1338 403
f 403 1338 958
f 713 959 885
f 959 1337 885
f 959 1339 1337
f 885 957 713
f 1338 787 949
f 960 1338 949
f 958 1338 960
f 787 1340 949
f 1341 959 961
f 1341 1339 959
f 949 785 960
f 949 1340 785
f 1340 962 785
f 1340 1342 962
f 961 714 1341
f 1341 714 716
f 1343 716 714
f 1343 714 963
f 962 1344 964
f 1342 1344 962
f 1104 1343 1280
f 1343 965 1280
f 1343 963 965
f 1345 1104 1280
f 788 1346 966
f 788 966 786
f 786 964 788
f 788 964 1344
f 1102 1280 965
f 1280 1102 1345
f 1102 1498 1345
f 1102 1496 1498
f 1347 1498 1496
f 1347 1496 967
f 406 1348 968
f 406 968 404
f 404 966 406
f 406 966 1346
f 967 1892 1347
f 1347 1892 1894
f 1349 1894 1892
f 1349 1892 969
f 64 1350 970
f 64 970 62
f 62 968 64
f 64 968 1348
f 969 2284 1349
f 1349 2284 2286
f 2650 2286 2284
f 2650 2652 2286
f 2650 970 2652
f 2652 970 1350
f 1351 731 831
f 831 731 1211
f 1211 731 1119
f 1211 1119 1599
f 1599 1119 1513
f 1513 1352 1599
f 833 1353 831
f 831 1353 1351
f 831 1213 833
f 831 1211 1213
f 1211 1601 1213
f 1211 1599 1601
f 1909 2003 1352
f 2003 1599 1352
f 2003 1601 1599
f 1909 1354 2003
f 1355 351 459
f 1353 833 351
f 833 459 351
f 833 835 459
f 833 1215 835
f 833 1213 1215
f 1213 1603 1215
f 1213 1601 1603
f 1601 2005 1603
f 1601 2003 2005
f 2003 1354 2005
f 2005 1354 1356
f 1357 2601 2711
f 2711 2601 119
f 119 2601 11
f 1355 459 11
f 459 119 11
f 459 461 119
f 459 837 461
f 459 835 837
f 835 1217 837
f 835 1215 1217
f 1215 1605 1217
f 1215 1603 1605
f 1603 2007 1605
f 1603 2005 2007
f 2005 1356 2007
f 2007 1356 1358
f 1359 2233 2353
f 1357 2711 2233
f 2233 2711 2353
f 2711 2599 2353
f 2599 971 2353
f 119 9 2599
f 119 2599 2711
f 461 349 9
f 461 9 119
f 837 729 349
f 837 349 461
f 1219 972 729
f 837 1219 729
f 1217 1219 837
f 1217 1607 1219
f 1217 1605 1607
f 1360 1607 1910
f 1607 2007 1910
f 1607 1605 2007
f 2007 1358 1910
f 1361 1843 1973
f 1359 2353 1843
f 1843 2353 1973
f 2353 2231 1973
f 2231 973 1973
f 2353 971 2231
f 1221 974 972
f 1221 972 1219
f 1219 1609 1221
f 1219 1607 1609
f 1607 1360 1609
f 1609 1360 1362
f 1363 1467 1581
f 1361 1973 1467
f 1467 1973 1581
f 1973 1841 1581
f 1841 975 1581
f 1973 973 1841
f 1223 976 974
f 1223 974 1221
f 1221 1611 1223
f 1221 1609 1611
f 1609 1362 1611
f 1611 1362 1364
f 1583 1365 1581
f 1581 1365 1363
f 1581 975 977
f 1581 977 1583
f 1225 978 976
f 1225 976 1223
f 1223 1613 1225
f 1223 1611 1613
f 1611 1364 1613
f 1613 1364 1366
f 1585 1367 1583
f 1583 1367 1365
f 1583 977 979
f 1583 979 1585
f 1227 980 978
f 1227 978 1225
f 1225 1615 1227
f 1225 1613 1615
f 1613 1366 1615
f 1615 1366 1368
f 1585 1468 1367
f 1369 1468 1585
f 979 1369 1585
f 981 1369 979
f 1227 1117 980
f 1617 982 1117
f 1227 1617 1117
f 1615 1617 1227
f 1911 2019 1368
f 2019 1615 1368
f 2019 1617 1615
f 1911 1370 2019
f 1983 1371 1842
f 1371 981 1842
f 1371 1369 981
f 983 1983 1842
f 1619 984 982
f 1619 982 1617
f 1617 2021 1619
f 1617 2019 2021
f 2301 2407 1370
f 2407 2019 1370
f 2407 2021 2019
f 2301 1372 2407
f 1983 1844 1371
f 2367 1373 2232
f 2232 1373 983
f 1373 1844 983
f 1844 1983 983
f 985 2367 2232
f 1619 1511 984
f 2023 986 1511
f 1619 2023 1511
f 2021 2023 1619
f 2021 2409 2023
f 2021 2407 2409
f 2667 2775 1372
f 2775 2407 1372
f 2775 2409 2407
f 2775 2667 191
f 191 2667 79
f 191 79 541
f 541 79 421
f 541 421 931
f 931 421 797
f 931 797 1309
f 1309 797 1169
f 1169 1374 1309
f 2367 2234 1373
f 1375 2234 2367
f 985 1375 2367
f 987 1375 985
f 2023 1907 986
f 2411 988 1907
f 2023 2411 1907
f 2409 2411 2023
f 2409 2777 2411
f 2409 2775 2777
f 2775 193 2777
f 2775 191 193
f 191 543 193
f 191 541 543
f 541 933 543
f 541 931 933
f 931 1313 933
f 931 1309 1313
f 1559 1683 1374
f 1683 1309 1374
f 1683 1313 1309
f 1559 1376 1683
f 1377 987 989
f 1377 1375 987
f 2411 2299 988
f 2777 2665 2299
f 2777 2299 2411
f 193 77 2665
f 193 2665 2777
f 543 419 77
f 543 77 193
f 933 795 419
f 933 419 543
f 1315 990 795
f 933 1315 795
f 1313 1315 933
f 1313 1685 1315
f 1313 1683 1685
f 1683 1376 1685
f 1685 1376 1378
f 1379 989 991
f 1379 1377 989
f 1315 1167 990
f 1687 992 1167
f 1315 1687 1167
f 1685 1687 1315
f 1685 1378 1687
f 1687 1378 1380
f 991 2600 1379
f 1379 2600 2602
f 1381 2602 2600
f 1381 2600 993
f 1691 994 992
f 1691 992 1687
f 1687 1380 1691
f 1691 1380 1382
f 993 10 1381
f 1381 10 12
f 1383 12 10
f 1383 10 995
f 994 1691 1560
f 1384 994 1560
f 996 994 1384
f 1691 1382 1560
f 995 350 1383
f 1383 350 352
f 1385 352 350
f 1385 350 997
f 1170 1386 998
f 1170 998 1168
f 1168 996 1170
f 1170 996 1384
f 1387 997 999
f 1387 1385 997
f 998 1388 1000
f 1386 1388 998
f 1389 999 1001
f 1389 1387 999
f 798 1390 1002
f 798 1002 796
f 796 1000 798
f 798 1000 1388
f 732 1389 890
f 1389 1003 890
f 1389 1001 1003
f 1391 732 890
f 422 1392 1004
f 422 1004 420
f 420 1002 422
f 422 1002 1390
f 730 890 1003
f 1120 1391 1272
f 1272 1391 1005
f 1391 890 1005
f 890 730 1005
f 1393 1120 1272
f 2666 2799 1006
f 80 1394 2799
f 2666 80 2799
f 78 80 2666
f 78 1004 80
f 80 1004 1392
f 1118 1272 1005
f 1514 1393 1662
f 1662 1393 1007
f 1393 1272 1007
f 1272 1118 1007
f 1514 1662 2060
f 1514 2060 1912
f 1912 2060 1008
f 2300 1912 1008
f 2302 1912 2300
f 2799 2668 1006
f 2668 2300 1006
f 2668 2302 2300
f 2799 1394 2668
f 1512 1662 1007
f 1908 2060 1512
f 1512 2060 1662
f 1008 2060 1908
f 832 745 1009
f 1212 1133 832
f 832 1133 745
f 1600 1527 1212
f 1212 1527 1133
f 2002 1925 1600
f 1600 1925 1527
f 2002 1010 1925
f 1395 27 1011
f 1011 27 25
f 27 365 25
f 367 365 27
f 747 832 1009
f 365 747 1009
f 367 747 365
f 832 747 1135
f 832 1135 1212
f 1212 1135 1529
f 1212 1529 1600
f 1600 1529 1396
f 2004 1600 1396
f 2002 1600 2004
f 1010 2002 2315
f 2002 2390 2315
f 2002 2004 2390
f 2756 2681 2390
f 2390 2681 2315
f 172 93 2756
f 2756 93 2681
f 522 435 172
f 172 435 93
f 522 1012 435
f 1397 2617 1013
f 1013 2617 2615
f 1011 2615 2617
f 1011 2617 1395
f 1927 2004 1396
f 2004 1927 2317
f 2004 2317 2390
f 2390 2317 2683
f 2390 2683 2756
f 2756 2683 95
f 2756 95 172
f 172 95 437
f 172 437 522
f 1398 914 811
f 1398 811 1012
f 437 1398 1012
f 522 437 1012
f 914 1014 811
f 1399 2249 1015
f 1015 2249 2247
f 1013 2247 2249
f 1013 2249 1397
f 813 914 1398
f 1400 1294 1191
f 1400 1191 1014
f 813 1400 1014
f 914 813 1014
f 1294 1016 1191
f 1401 1859 1971
f 1017 1971 1859
f 1399 1017 1859
f 1015 1017 1399
f 1402 1296 1294
f 1402 1294 1400
f 1016 1294 1018
f 1018 1294 1296
f 1857 1019 1971
f 1019 1401 1971
f 1019 1403 1401
f 1971 1017 1857
f 1020 1192 1296
f 1402 1020 1296
f 1404 1020 1402
f 1018 1296 1192
f 1405 1019 1021
f 1405 1403 1019
f 1020 1406 1022
f 1404 1406 1020
f 1407 1021 1023
f 1407 1405 1021
f 1022 1408 1024
f 1406 1408 1022
f 1023 1858 1407
f 1407 1858 1860
f 1409 1860 1858
f 1409 1858 1025
f 1024 1410 1026
f 1408 1410 1024
f 1025 2248 1409
f 1409 2248 2250
f 1411 2250 2248
f 1411 2248 1027
f 1026 1412 1028
f 1410 1412 1026
f 1027 2616 1411
f 1411 2616 2618
f 2616 1029 134
f 28 2616 134
f 2618 2616 28
f 1413 28 134
f 1193 1028 1412
f 1193 1412 1195
f 1195 1414 1193
f 1193 1414 1030
f 26 134 1029
f 134 26 1413
f 26 368 1413
f 26 366 368
f 746 855 1415
f 368 746 1415
f 366 746 368
f 1031 855 746
f 1030 1416 1032
f 1414 1416 1030
f 855 748 1415
f 1031 1134 855
f 1134 748 855
f 1134 1136 748
f 1417 1136 1134
f 1417 1134 1033
f 1418 1684 1573
f 1032 1418 1573
f 1416 1418 1032
f 1684 1034 1573
f 1033 1528 1417
f 1417 1528 1530
f 1419 1530 1528
f 1419 1528 1035
f 1420 1686 1684
f 1420 1684 1418
f 1034 1684 1036
f 1036 1684 1686
f 1421 1035 1037
f 1421 1419 1035
f 1422 1688 1686
f 1422 1686 1420
f 1036 1686 1038
f 1038 1686 1688
f 1928 1421 2032
f 1421 1039 2032
f 1421 1037 1039
f 1423 1928 2032
f 1424 1692 1688
f 1424 1688 1422
f 1038 1688 1040
f 1040 1688 1692
f 1926 2032 1039
f 1423 2032 1926
f 1041 1423 1926
f 1425 1423 1041
f 1426 1696 1692
f 1426 1692 1424
f 1040 1692 1042
f 1042 1692 1696
f 2318 1425 2422
f 1425 1043 2422
f 1425 1041 1043
f 1427 2318 2422
f 1196 1428 1324
f 1696 1426 1196
f 1696 1196 1324
f 1574 1696 1324
f 1044 1574 1324
f 1042 1696 1574
f 2316 2422 1043
f 2422 2316 1427
f 2316 2684 1427
f 2316 2682 2684
f 1429 2684 2682
f 1429 2682 1045
f 814 1430 1046
f 814 1046 812
f 1428 814 1324
f 814 1194 1324
f 814 812 1194
f 1044 1324 1194
f 1045 94 1429
f 1429 94 96
f 436 96 94
f 436 438 96
f 436 1046 438
f 438 1046 1430
f 2018 1949 1047
f 2404 2337 2018
f 2018 2337 1949
f 2770 2697 2404
f 2404 2697 2337
f 2770 1048 2697
f 1618 1549 1049
f 1549 1618 1047
f 1618 2018 1047
f 1618 2020 2018
f 2406 2018 2020
f 2404 2018 2406
f 2772 2404 2406
f 2770 2404 2772
f 1048 2770 109
f 2770 188 109
f 2770 2772 188
f 188 1050 109
f 1232 1157 1051
f 1551 1618 1049
f 1551 1049 1157
f 1431 1551 1157
f 1232 1431 1157
f 1618 1551 1951
f 1618 1951 2020
f 2020 1951 2341
f 2020 2341 2406
f 2406 2341 1432
f 2774 2406 1432
f 2772 2406 2774
f 190 2772 2774
f 188 2772 190
f 1050 188 451
f 188 540 451
f 188 190 540
f 540 1052 451
f 856 769 1053
f 1159 1232 1051
f 1159 1051 769
f 1433 1159 769
f 856 1433 769
f 1431 1232 1159
f 2699 2774 1432
f 2774 2699 111
f 2774 111 190
f 190 111 1434
f 542 190 1434
f 540 190 542
f 1052 540 827
f 540 932 827
f 540 542 932
f 932 1054 827
f 856 1053 771
f 1053 1435 771
f 1053 1055 1435
f 1433 856 771
f 453 542 1434
f 542 453 1436
f 934 542 1436
f 932 542 934
f 1054 932 1056
f 1056 932 934
f 1437 1055 1057
f 1437 1435 1055
f 1438 936 934
f 1438 934 1436
f 1056 934 1058
f 1058 934 936
f 1439 1057 1059
f 1439 1437 1057
f 1440 938 936
f 1440 936 1438
f 1058 936 1060
f 1060 936 938
f 1441 1059 1061
f 1441 1439 1059
f 112 1442 200
f 112 200 550
f 112 550 454
f 938 1440 454
f 938 454 550
f 828 938 550
f 1062 828 550
f 1060 938 828
f 1443 1061 1063
f 1443 1441 1061
f 1064 110 200
f 1442 1064 200
f 1444 1064 1442
f 452 550 110
f 110 550 200
f 1062 550 452
f 1445 387 493
f 1065 493 387
f 1443 1065 387
f 1063 1065 1443
f 2700 1446 2788
f 2788 1066 2700
f 1066 1444 2700
f 1066 1064 1444
f 1447 45 147
f 1445 493 45
f 45 493 147
f 493 385 147
f 385 1067 147
f 493 1065 385
f 1068 2698 2788
f 1446 1068 2788
f 1448 1068 1446
f 1066 2788 2698
f 1449 2263 2369
f 2369 2263 1069
f 2263 2629 1069
f 2263 2631 2629
f 2631 1447 147
f 43 2631 147
f 2629 2631 43
f 147 1067 43
f 1068 1450 1070
f 1448 1450 1068
f 1451 1871 1071
f 1071 1871 1869
f 1871 1449 2369
f 2261 1871 2369
f 1869 1871 2261
f 2369 1069 2261
f 2338 2435 1072
f 2338 1070 2435
f 1070 1452 2435
f 1070 1450 1452
f 1453 1477 1073
f 1073 1477 1475
f 1071 1475 1477
f 1071 1477 1451
f 2439 1074 1072
f 2439 1072 2435
f 2435 1452 2439
f 2439 1452 1454
f 1455 1073 1075
f 1455 1453 1073
f 2443 1076 1074
f 2443 1074 2439
f 2439 1454 2443
f 2443 1454 1456
f 1457 1075 1077
f 1457 1455 1075
f 2443 2339 1076
f 2443 1456 2339
f 1456 1078 2339
f 1456 1458 1078
f 1459 1077 1079
f 1459 1457 1077
f 1078 1460 1080
f 1458 1460 1078
f 1079 1476 1459
f 1459 1476 1478
f 1461 1478 1476
f 1461 1476 1081
f 1080 1462 1082
f 1460 1462 1080
f 1081 1870 1461
f 1461 1870 1872
f 1463 1872 1870
f 1463 1870 1083
f 1082 1464 1084
f 1462 1464 1082
f 1083 2262 1463
f 1463 2262 2264
f 1465 2264 2262
f 1465 2262 1085
f 1950 2077 1086
f 2342 1466 2077
f 1950 2342 2077
f 2340 2342 1950
f 2340 1084 2342
f 2342 1084 1464
f 1085 2630 1465
f 1465 2630 2632
f 44 2632 2630
f 44 46 2632
f 386 46 44
f 386 388 46
f 770 388 386
f 770 772 388
f 1158 772 770
f 1158 1160 772
f 1550 1160 1158
f 1550 1552 1160
f 2077 1952 1086
f 1952 1550 1086
f 1952 1552 1550
f 2077 1466 1952
f 1699 1483 1653
f 1653 1483 2051
f 2051 1483 1879
f 1879 1700 2051
f 1701 1089 1271
f 1699 1653 1089
f 1089 1653 1271
f 1653 1481 1271
f 1481 1327 1271
f 2051 1877 1481
f 2051 1481 1653
f 1700 2271 2437
f 1700 2437 1328
f 2051 1700 1328
f 1877 2051 1328
f 2271 1702 2437
f 1087 1329 1271
f 1329 1701 1271
f 1329 1703 1701
f 1271 1327 1087
f 2437 2269 1328
f 1702 2637 2801
f 1702 2801 1330
f 2437 1702 1330
f 2269 2437 1330
f 2637 1704 2801
f 1705 1329 1331
f 1705 1703 1329
f 2803 1332 1330
f 2803 1330 2801
f 2801 1704 2803
f 2803 1704 1706
f 1283 1707 1088
f 1707 1331 1088
f 1707 1705 1331
f 1333 1283 1088
f 2270 2449 1334
f 2803 2638 1332
f 1332 2638 2270
f 2638 1708 2270
f 1708 2449 2270
f 2803 1706 2638
f 1283 1090 1707
f 1673 1709 1482
f 1482 1709 1333
f 1709 1090 1333
f 1090 1283 1333
f 1878 2071 1673
f 1878 1673 1482
f 2449 2272 1334
f 1334 2272 1878
f 2272 1710 1878
f 1710 2071 1878
f 2449 1708 2272
f 1673 1484 1709
f 1484 1673 1880
f 1880 1673 2071
f 2071 1710 1880
f 1711 717 877
f 877 717 1255
f 1255 717 1105
f 1255 1105 1641
f 1641 1105 1499
f 1641 1499 2039
f 2039 1499 1895
f 1895 1712 2039
f 1713 337 495
f 1711 877 337
f 877 495 337
f 877 881 495
f 1255 1103 1335
f 881 1255 1335
f 877 1255 881
f 1641 1497 1103
f 1641 1103 1255
f 2039 1893 1497
f 2039 1497 1641
f 1893 2039 1712
f 2287 1893 1712
f 2285 1893 2287
f 2287 2651 2285
f 2653 2651 2287
f 2653 63 2651
f 65 63 2653
f 65 1714 63
f 63 1714 1336
f 499 1715 495
f 495 1715 1713
f 881 715 1337
f 499 881 1337
f 495 881 499
f 881 1335 715
f 405 1336 1714
f 405 1714 407
f 407 1716 405
f 405 1716 1338
f 503 1717 499
f 499 1717 1715
f 499 1337 1339
f 499 1339 503
f 787 1338 1716
f 787 1716 789
f 789 1718 787
f 787 1718 1340
f 503 338 1717
f 1719 338 503
f 1339 1719 503
f 1341 1719 1339
f 1340 1720 1342
f 1718 1720 1340
f 1341 716 1719
f 1719 716 718
f 1721 718 716
f 1721 716 1343
f 1342 1722 1344
f 1720 1722 1342
f 1343 1104 1721
f 1721 1104 1106
f 1723 1106 1104
f 1723 1104 1345
f 790 1724 1346
f 790 1346 788
f 788 1344 790
f 790 1344 1722
f 1345 1498 1723
f 1723 1498 1500
f 1498 1347 2068
f 1896 1498 2068
f 1500 1498 1896
f 1725 1896 2068
f 408 1726 1348
f 408 1348 406
f 406 1346 408
f 408 1346 1724
f 1894 2068 1347
f 2288 1725 2454
f 2454 1725 1349
f 1725 2068 1349
f 2068 1894 1349
f 2288 2454 2810
f 2288 2810 2654
f 2654 2810 1350
f 64 2654 1350
f 66 2654 64
f 64 1348 66
f 66 1348 1726
f 2286 2454 1349
f 2652 2810 2286
f 2286 2810 2454
f 1350 2810 2652
f 1727 1121 1209
f 1209 1121 1597
f 1597 1121 1515
f 1597 1515 1999
f 1999 1515 1913
f 1913 1728 1999
f 1729 733 1351
f 1351 733 731
f 733 1727 1209
f 1119 733 1209
f 731 733 1119
f 1597 1513 1119
f 1597 1119 1209
f 2001 1352 1513
f 1597 2001 1513
f 1999 2001 1597
f 2303 2387 1728
f 2387 1999 1728
f 2387 2001 1999
f 2303 1730 2387
f 1731 353 457
f 1353 457 353
f 1729 1353 353
f 1351 1353 1729
f 2001 1909 1352
f 2389 1354 1909
f 2001 2389 1909
f 2387 2389 2001
f 2387 1730 2389
f 2389 1730 1732
f 1733 13 117
f 1731 457 13
f 13 457 117
f 457 351 117
f 351 1355 117
f 457 1353 351
f 2391 1356 1354
f 2391 1354 2389
f 2669 2757 1732
f 2757 2389 1732
f 2757 2391 2389
f 2669 1734 2757
f 1735 2603 1357
f 1357 2603 2601
f 2603 1733 117
f 11 2603 117
f 2601 2603 11
f 117 1355 11
f 2393 1358 1356
f 2393 1356 2391
f 2391 2759 2393
f 2391 2757 2759
f 81 175 1734
f 175 2757 1734
f 175 2759 2757
f 81 1736 175
f 1737 2235 1359
f 1359 2235 2233
f 1357 2233 2235
f 1357 2235 1735
f 1910 2009 1360
f 2009 1910 1358
f 2393 2009 1358
f 2395 2009 2393
f 2393 2761 2395
f 2393 2759 2761
f 2759 177 2761
f 2759 175 177
f 175 1736 177
f 177 1736 1738
f 1739 1845 1361
f 1361 1845 1843
f 1359 1843 1845
f 1359 1845 1737
f 2011 1362 1360
f 2011 1360 2009
f 2009 2397 2011
f 2009 2395 2397
f 2395 2763 2397
f 2395 2761 2763
f 2761 179 2763
f 2761 177 179
f 177 1738 179
f 179 1738 1740
f 1741 1469 1363
f 1363 1469 1467
f 1361 1467 1469
f 1361 1469 1739
f 2013 1364 1362
f 2013 1362 2011
f 2011 2399 2013
f 2011 2397 2399
f 2397 2765 2399
f 2397 2763 2765
f 2763 181 2765
f 2763 179 181
f 179 1740 181
f 181 1740 1742
f 1743 1363 1365
f 1743 1741 1363
f 2015 1366 1364
f 2015 1364 2013
f 2013 2401 2015
f 2013 2399 2401
f 2399 2767 2401
f 2399 2765 2767
f 2765 183 2767
f 2765 181 183
f 181 1742 183
f 183 1742 1744
f 1745 1365 1367
f 1745 1743 1365
f 2017 1368 1366
f 2017 1366 2015
f 2015 2403 2017
f 2015 2401 2403
f 2401 2769 2403
f 2401 2767 2769
f 2767 185 2769
f 2767 183 185
f 423 535 1744
f 535 183 1744
f 535 185 183
f 423 1746 535
f 1367 1468 1745
f 1745 1468 1470
f 1747 1470 1468
f 1747 1468 1369
f 2017 1911 1368
f 2405 1370 1911
f 2017 2405 1911
f 2403 2405 2017
f 2403 2771 2405
f 2403 2769 2771
f 2769 187 2771
f 2769 185 187
f 185 537 187
f 185 535 537
f 799 927 1746
f 927 535 1746
f 927 537 535
f 799 1748 927
f 1749 1369 1371
f 1749 1747 1369
f 2405 2301 1370
f 2773 1372 2301
f 2405 2773 2301
f 2771 2773 2405
f 2771 189 2773
f 2771 187 189
f 187 539 189
f 187 537 539
f 537 929 539
f 537 927 929
f 1171 1305 1748
f 1305 927 1748
f 1305 929 927
f 1171 1750 1305
f 1371 1844 1749
f 1749 1844 1846
f 1751 1846 1844
f 1751 1844 1373
f 2773 2667 1372
f 189 79 2667
f 189 2667 2773
f 539 421 79
f 539 79 189
f 929 797 421
f 929 421 539
f 1305 1169 797
f 1305 797 929
f 1750 1561 1681
f 1750 1681 1374
f 1305 1750 1374
f 1169 1305 1374
f 1561 1752 1681
f 1373 2234 1751
f 1751 2234 2236
f 1753 2236 2234
f 1753 2234 1375
f 1681 1559 1374
f 1752 1959 2079
f 1752 2079 1376
f 1681 1752 1376
f 1559 1681 1376
f 1959 1754 2079
f 1755 1375 1377
f 1755 1753 1375
f 2081 1378 1376
f 2081 1376 2079
f 2079 1754 2081
f 2081 1754 1756
f 1757 1377 1379
f 1757 1755 1377
f 2083 1380 1378
f 2083 1378 2081
f 2081 1756 2083
f 2083 1756 1758
f 1379 2602 1757
f 1757 2602 2604
f 1759 2604 2602
f 1759 2602 1381
f 1380 2083 1960
f 1760 1380 1960
f 1382 1380 1760
f 2083 1758 1960
f 1381 12 1759
f 1759 12 14
f 1761 14 12
f 1761 12 1383
f 1562 1762 1384
f 1562 1384 1560
f 1560 1382 1562
f 1562 1382 1760
f 1383 352 1761
f 1761 352 354
f 1763 354 352
f 1763 352 1385
f 1170 1323 1386
f 1170 1384 1323
f 1384 1764 1323
f 1384 1762 1764
f 734 1763 882
f 1763 1387 882
f 1763 1385 1387
f 1765 734 882
f 1386 1323 1172
f 1766 1386 1172
f 1388 1386 1766
f 1323 1764 1172
f 1389 886 1387
f 1387 886 882
f 1765 882 886
f 1765 886 1767
f 800 1768 1390
f 800 1390 798
f 798 1388 800
f 800 1388 1766
f 732 886 1389
f 1767 886 732
f 1391 1767 732
f 1769 1767 1391
f 424 1770 1392
f 424 1392 422
f 422 1390 424
f 424 1390 1768
f 1391 1120 1769
f 1769 1120 1122
f 1771 1122 1120
f 1771 1120 1393
f 82 1772 1394
f 82 1394 80
f 80 1392 82
f 82 1392 1770
f 1393 1514 1771
f 1771 1514 1516
f 1912 1516 1514
f 1912 1914 1516
f 2302 1914 1912
f 2302 2304 1914
f 2668 2304 2302
f 2668 2670 2304
f 2668 1394 2670
f 2670 1394 1772
f 1773 29 1395
f 1395 29 27
f 29 367 27
f 369 367 29
f 834 747 1774
f 747 369 1774
f 747 367 369
f 1214 1135 834
f 834 1135 747
f 1602 1529 1214
f 1214 1529 1135
f 1602 1396 1529
f 1775 2619 1397
f 1397 2619 2617
f 1395 2617 2619
f 1395 2619 1773
f 749 834 1774
f 834 749 1137
f 834 1137 1214
f 1214 1137 1776
f 1604 1214 1776
f 1602 1214 1604
f 1396 1602 1927
f 1602 2006 1927
f 1602 1604 2006
f 2392 2317 2006
f 2006 2317 1927
f 2758 2683 2392
f 2392 2683 2317
f 174 95 2758
f 2758 95 2683
f 524 437 174
f 174 437 95
f 524 1398 437
f 1777 2251 1399
f 1399 2251 2249
f 1397 2249 2251
f 1397 2251 1775
f 1531 1604 1776
f 1604 1531 1929
f 1604 1929 2006
f 2006 1929 2319
f 2006 2319 2392
f 2392 2319 2685
f 2392 2685 2758
f 2758 2685 97
f 2758 97 174
f 174 97 1778
f 526 174 1778
f 524 174 526
f 1398 524 813
f 524 916 813
f 524 526 916
f 916 1400 813
f 1779 1861 1401
f 1401 1861 1859
f 1399 1859 1861
f 1399 1861 1777
f 439 526 1778
f 526 439 1780
f 918 526 1780
f 916 526 918
f 1400 916 1402
f 1402 916 918
f 1781 1401 1403
f 1781 1779 1401
f 815 918 1780
f 815 1782 918
f 1782 1402 918
f 1782 1404 1402
f 1783 1403 1405
f 1783 1781 1403
f 1404 1784 1406
f 1782 1784 1404
f 1862 1783 1978
f 1783 1407 1978
f 1783 1405 1407
f 1785 1862 1978
f 1406 1786 1408
f 1784 1786 1406
f 1860 1978 1407
f 1785 1978 1860
f 1409 1785 1860
f 1787 1785 1409
f 1408 1788 1410
f 1786 1788 1408
f 1409 2250 1787
f 1787 2250 2252
f 2250 1411 2724
f 2620 2250 2724
f 2252 2250 2620
f 1789 2620 2724
f 1410 1790 1412
f 1788 1790 1410
f 2618 2724 1411
f 2724 2618 1789
f 2618 30 1789
f 2618 28 30
f 1791 30 28
f 1791 28 1413
f 1792 1306 1195
f 1412 1792 1195
f 1790 1792 1412
f 1306 1414 1195
f 1413 368 1791
f 1791 368 370
f 1793 370 368
f 1793 368 1415
f 1197 1306 1792
f 1197 1794 1306
f 1794 1414 1306
f 1794 1416 1414
f 1415 748 1793
f 1793 748 750
f 1136 1237 1795
f 750 1136 1795
f 748 1136 750
f 1417 1237 1136
f 1416 1796 1418
f 1794 1796 1416
f 1237 1138 1795
f 1627 1797 1530
f 1530 1797 1417
f 1797 1138 1417
f 1138 1237 1417
f 1419 1627 1530
f 1418 1798 1420
f 1796 1798 1418
f 1627 1532 1797
f 1799 1532 1627
f 1419 1799 1627
f 1421 1799 1419
f 1420 1800 1422
f 1798 1800 1420
f 1421 1928 1799
f 1799 1928 1930
f 1801 1930 1928
f 1801 1928 1423
f 1422 1802 1424
f 1800 1802 1422
f 1803 1423 1425
f 1803 1801 1423
f 1424 1804 1426
f 1802 1804 1424
f 1425 2318 1803
f 1803 2318 2320
f 1805 2320 2318
f 1805 2318 1427
f 1198 1806 1428
f 1198 1428 1196
f 1196 1426 1198
f 1198 1426 1804
f 1427 2684 1805
f 1805 2684 2686
f 2684 1429 206
f 98 2684 206
f 2686 2684 98
f 98 206 556
f 98 556 440
f 440 556 1430
f 814 440 1430
f 816 440 814
f 814 1428 816
f 816 1428 1806
f 96 206 1429
f 438 556 96
f 96 556 206
f 1430 556 438
f 1620 1551 1431
f 2022 1951 1620
f 1620 1951 1551
f 2408 2341 2022
f 2022 2341 1951
f 2408 1432 2341
f 1234 1159 1433
f 1553 1620 1431
f 1553 1431 1159
f 1807 1553 1159
f 1234 1807 1159
f 1620 1553 1953
f 1620 1953 2022
f 2022 1953 1808
f 2410 2022 1808
f 2408 2022 2410
f 1432 2408 2699
f 2408 2776 2699
f 2408 2410 2776
f 192 111 2776
f 2776 111 2699
f 192 1434 111
f 860 771 1435
f 1161 1234 1433
f 1161 1433 771
f 1809 1161 771
f 860 1809 771
f 1807 1234 1161
f 2343 2410 1808
f 2410 2343 2701
f 2410 2701 2776
f 2776 2701 1810
f 194 2776 1810
f 192 2776 194
f 1434 192 453
f 192 544 453
f 192 194 544
f 544 1436 453
f 860 1435 773
f 1435 1811 773
f 1435 1437 1811
f 1809 860 773
f 1812 196 194
f 1812 194 1810
f 546 194 196
f 544 194 546
f 1436 544 1438
f 1438 544 546
f 1813 1437 1439
f 1813 1811 1437
f 1814 198 196
f 1814 196 1812
f 548 196 198
f 546 196 548
f 1438 546 1440
f 1440 546 548
f 1815 1439 1441
f 1815 1813 1439
f 1442 112 198
f 1814 1442 198
f 1816 1442 1814
f 454 548 112
f 112 548 198
f 1440 548 454
f 1817 389 489
f 1443 489 389
f 1815 1443 389
f 1441 1443 1815
f 2702 1818 2786
f 2786 1444 2702
f 1444 1816 2702
f 1444 1442 1816
f 387 1445 489
f 1445 1817 489
f 1445 1819 1817
f 489 1443 387
f 1446 2700 2786
f 1818 1446 2786
f 1820 1446 1818
f 1444 2786 2700
f 1821 47 1447
f 1447 47 45
f 1445 45 47
f 1445 47 1819
f 1446 1822 1448
f 1820 1822 1446
f 1823 2265 1449
f 1449 2265 2263
f 2265 2631 2263
f 2633 2631 2265
f 1447 2631 2633
f 1447 2633 1821
f 1448 1824 1450
f 1822 1824 1448
f 1825 1873 1451
f 1451 1873 1871
f 1449 1871 1873
f 1449 1873 1823
f 1450 1826 1452
f 1824 1826 1450
f 1827 1479 1453
f 1453 1479 1477
f 1451 1477 1479
f 1451 1479 1825
f 1452 1828 1454
f 1826 1828 1452
f 1829 1453 1455
f 1829 1827 1453
f 1454 1830 1456
f 1828 1830 1454
f 1831 1455 1457
f 1831 1829 1455
f 1456 1832 1458
f 1830 1832 1456
f 1833 1457 1459
f 1833 1831 1457
f 1832 2703 2807
f 1460 1832 2807
f 1458 1832 1460
f 2703 1834 2807
f 1459 1478 1833
f 1833 1478 1480
f 1835 1480 1478
f 1835 1478 1461
f 2811 1462 1460
f 2811 1460 2807
f 2807 1834 2811
f 2811 1834 1836
f 1461 1872 1835
f 1835 1872 1874
f 1837 1874 1872
f 1837 1872 1463
f 1462 2811 2704
f 1838 1462 2704
f 1464 1462 1838
f 2811 1836 2704
f 1463 2264 1837
f 1837 2264 2266
f 2264 1465 2752
f 2634 2264 2752
f 2266 2264 2634
f 1839 2634 2752
f 2344 1840 1466
f 2344 1466 2342
f 2342 1464 2344
f 2344 1464 1838
f 2632 2752 1465
f 2752 2632 1839
f 2632 48 1839
f 2632 46 48
f 388 48 46
f 388 390 48
f 772 390 388
f 772 774 390
f 1160 774 772
f 1160 1162 774
f 1552 1162 1160
f 1552 1554 1162
f 1952 1554 1552
f 1952 1954 1554
f 1952 1466 1954
f 1954 1466 1840
f 2089 1485 1699
f 1699 1485 1483
f 1485 1879 1483
f 1881 1879 1485
f 1700 1879 2433
f 1879 2273 2433
f 1879 1881 2273
f 2273 2090 2433
f 2091 1091 1701
f 1701 1091 1089
f 1699 1089 1091
f 1699 1091 2089
f 2433 2271 1700
f 2090 2639 2797
f 2090 2797 1702
f 2433 2090 1702
f 2271 2433 1702
f 2639 2092 2797
f 2093 703 897
f 1703 897 703
f 2091 1703 703
f 1701 1703 2091
f 2797 2637 1702
f 2092 51 215
f 2092 215 1704
f 2797 2092 1704
f 2637 2797 1704
f 51 2094 215
f 901 2095 897
f 897 2095 2093
f 897 1703 1705
f 897 1705 901
f 217 1706 1704
f 217 1704 215
f 215 2094 217
f 217 2094 2096
f 901 704 2095
f 2097 704 901
f 1705 2097 901
f 1707 2097 1705
f 2638 2805 1708
f 217 52 1706
f 1706 52 2638
f 52 2098 2638
f 2098 2805 2638
f 217 2096 52
f 1707 1090 2097
f 2097 1090 1092
f 2099 1092 1090
f 2099 1090 1709
f 2272 2453 1710
f 2805 2640 1708
f 1708 2640 2272
f 2640 2100 2272
f 2100 2453 2272
f 2805 2098 2640
f 1709 1484 2099
f 2099 1484 1486
f 1880 1486 1484
f 1880 1882 1486
f 2453 2274 1710
f 2274 1880 1710
f 2274 1882 1880
f 2453 2100 2274
f 2101 719 873
f 873 719 1251
f 1251 719 1107
f 1251 1107 1637
f 1637 1107 1501
f 1501 2102 1637
f 2103 339 491
f 2101 873 339
f 339 873 491
f 873 717 491
f 717 1711 491
f 1251 1105 717
f 1251 717 873
f 1637 1499 1105
f 1637 1105 1251
f 1499 1637 2102
f 1897 1499 2102
f 1895 1499 1897
f 1712 1895 2421
f 1895 2289 2421
f 1895 1897 2289
f 2289 2104 2421
f 2105 1 145
f 2103 491 1
f 1 491 145
f 491 337 145
f 337 1713 145
f 491 1711 337
f 2421 2287 1712
f 2287 2421 2104
f 2655 2287 2104
f 2653 2287 2655
f 2655 65 2653
f 67 65 2655
f 67 2106 65
f 65 2106 1714
f 149 2107 145
f 145 2107 2105
f 145 1713 1715
f 145 1715 149
f 407 1714 2106
f 407 2106 409
f 409 2108 407
f 407 2108 1716
f 149 2 2107
f 2109 2 149
f 1715 2109 149
f 1717 2109 1715
f 789 1716 2108
f 789 2108 791
f 791 2110 789
f 789 2110 1718
f 1717 338 2109
f 2109 338 340
f 2111 340 338
f 2111 338 1719
f 1718 2112 1720
f 2110 2112 1718
f 1719 718 2111
f 2111 718 720
f 2113 720 718
f 2113 718 1721
f 792 2114 954
f 954 1722 792
f 1722 2112 792
f 1722 1720 2112
f 1721 1106 2113
f 2113 1106 1108
f 1106 1723 1666
f 1502 1106 1666
f 1108 1106 1502
f 2115 1502 1666
f 410 2116 568
f 954 2114 410
f 954 410 568
f 790 954 568
f 1724 790 568
f 1722 954 790
f 1500 1666 1723
f 1666 1500 2115
f 1500 1898 2115
f 1500 1896 1898
f 1896 1725 2450
f 2290 1896 2450
f 1898 1896 2290
f 2290 2450 2806
f 2290 2806 2656
f 2656 2806 220
f 2656 220 68
f 568 2116 68
f 568 68 220
f 408 568 220
f 1726 408 220
f 1724 568 408
f 2288 2450 1725
f 2654 2806 2288
f 2288 2806 2450
f 66 220 2654
f 2654 220 2806
f 1726 220 66
f 2117 1517 1595
f 1595 1517 1997
f 1997 1517 1915
f 1915 2118 1997
f 2119 1123 1727
f 1727 1123 1121
f 1123 2117 1595
f 1515 1123 1595
f 1121 1123 1515
f 1997 1913 1515
f 1997 1515 1595
f 2118 2305 2385
f 2118 2385 1728
f 1997 2118 1728
f 1913 1997 1728
f 2305 2120 2385
f 2121 735 1729
f 1729 735 733
f 1727 733 735
f 1727 735 2119
f 2385 2303 1728
f 2120 2671 2753
f 2120 2753 1730
f 2385 2120 1730
f 2303 2385 1730
f 2671 2122 2753
f 2123 15 113
f 113 15 1731
f 15 353 1731
f 15 355 353
f 1729 353 355
f 1729 355 2121
f 2755 1732 1730
f 2755 1730 2753
f 2753 2122 2755
f 2755 2122 2124
f 2125 2605 2707
f 2123 113 2605
f 2605 113 2707
f 113 13 2707
f 13 1733 2707
f 113 1731 13
f 2755 2669 1732
f 2124 83 173
f 2124 173 1734
f 2755 2124 1734
f 2669 2755 1734
f 83 2126 173
f 2603 1735 2707
f 1735 2125 2707
f 1735 2127 2125
f 2707 1733 2603
f 173 81 1734
f 2126 425 525
f 2126 525 1736
f 173 2126 1736
f 81 173 1736
f 425 2128 525
f 2129 2237 1737
f 1737 2237 2235
f 1735 2235 2237
f 1735 2237 2127
f 527 1738 1736
f 527 1736 525
f 801 917 2128
f 917 525 2128
f 917 527 525
f 801 2130 917
f 2131 1847 1739
f 1739 1847 1845
f 1737 1845 1847
f 1737 1847 2129
f 529 1740 1738
f 529 1738 527
f 527 919 529
f 527 917 919
f 917 2130 919
f 919 2130 2132
f 2133 1471 1741
f 1741 1471 1469
f 1739 1469 1471
f 1739 1471 2131
f 531 1742 1740
f 531 1740 529
f 529 921 531
f 529 919 921
f 919 2132 921
f 921 2132 2134
f 2135 1741 1743
f 2135 2133 1741
f 533 1744 1742
f 533 1742 531
f 531 923 533
f 531 921 923
f 921 2134 923
f 923 2134 2136
f 2137 1743 1745
f 2137 2135 1743
f 533 423 1744
f 925 1746 423
f 533 925 423
f 923 925 533
f 923 2136 925
f 925 2136 2138
f 1745 1470 2137
f 2137 1470 1472
f 2139 1472 1470
f 2139 1470 1747
f 925 799 1746
f 2138 1173 1303
f 2138 1303 1748
f 925 2138 1748
f 799 925 1748
f 1173 2140 1303
f 1848 2139 1984
f 2139 1749 1984
f 2139 1747 1749
f 2141 1848 1984
f 1303 1171 1748
f 1303 2140 1171
f 2140 1750 1171
f 2140 2142 1750
f 1846 1984 1749
f 2238 2141 2368
f 2368 2141 1751
f 2141 1984 1751
f 1984 1846 1751
f 2143 2238 2368
f 1561 1750 2142
f 1561 2142 1563
f 1563 2144 1561
f 1561 2144 1752
f 2236 2368 1751
f 2143 2368 2236
f 1753 2143 2236
f 2145 2143 1753
f 1959 1752 2144
f 1959 2144 1961
f 1961 2146 1959
f 1959 2146 1754
f 2606 2145 2732
f 2145 1755 2732
f 2145 1753 1755
f 2147 2606 2732
f 1754 2148 1756
f 2146 2148 1754
f 1757 2734 1755
f 1755 2734 2732
f 2147 2732 2734
f 2147 2734 2149
f 1756 2150 1758
f 2148 2150 1756
f 2604 2734 1757
f 16 2149 144
f 144 2149 1759
f 2149 2734 1759
f 2734 2604 1759
f 2151 16 144
f 1962 2152 1760
f 1962 1760 1960
f 1960 1758 1962
f 1962 1758 2150
f 14 144 1759
f 356 2151 488
f 488 2151 1761
f 2151 144 1761
f 144 14 1761
f 2153 356 488
f 1562 1695 1762
f 1562 1760 1695
f 1760 2154 1695
f 1760 2152 2154
f 354 488 1761
f 2153 488 354
f 1763 2153 354
f 2155 2153 1763
f 1762 1695 1564
f 2156 1762 1564
f 1764 1762 2156
f 1695 2154 1564
f 1763 734 2155
f 2155 734 736
f 2157 736 734
f 2157 734 1765
f 1174 2158 1766
f 1174 1766 1172
f 1172 1764 1174
f 1174 1764 2156
f 2159 1765 1767
f 2159 2157 1765
f 802 2160 1768
f 802 1768 800
f 800 1766 802
f 802 1766 2158
f 1124 2159 1268
f 2159 1769 1268
f 2159 1767 1769
f 2161 1124 1268
f 426 2162 1770
f 426 1770 424
f 424 1768 426
f 426 1768 2160
f 1122 1268 1769
f 1518 2161 1658
f 1658 2161 1771
f 2161 1268 1771
f 1268 1122 1771
f 2163 1518 1658
f 84 2164 1772
f 84 1772 82
f 82 1770 84
f 84 1770 2162
f 1516 1658 1771
f 1658 1516 2163
f 1516 1916 2163
f 1516 1914 1916
f 2304 1916 1914
f 2304 2306 1916
f 2670 2306 2304
f 2670 2672 2306
f 2670 1772 2672
f 2672 1772 2164
f 116 29 1773
f 458 369 116
f 116 369 29
f 458 1774 369
f 2165 2621 1775
f 1775 2621 2619
f 31 116 1773
f 2619 31 1773
f 2621 31 2619
f 116 31 371
f 116 371 458
f 2166 836 749
f 2166 749 1774
f 371 2166 1774
f 458 371 1774
f 1216 1137 836
f 836 1137 749
f 1216 1776 1137
f 2167 2253 1777
f 1777 2253 2251
f 1775 2251 2253
f 1775 2253 2165
f 751 836 2166
f 836 751 1139
f 836 1139 1216
f 2168 1606 1531
f 2168 1531 1776
f 1139 2168 1776
f 1216 1139 1776
f 2008 1929 1606
f 1606 1929 1531
f 2394 2319 2008
f 2008 2319 1929
f 2760 2685 2394
f 2394 2685 2319
f 176 97 2760
f 2760 97 2685
f 176 1778 97
f 2169 1863 1779
f 1779 1863 1861
f 1777 1861 1863
f 1777 1863 2167
f 1533 1606 2168
f 1606 1533 1931
f 1606 1931 2008
f 2008 1931 2321
f 2008 2321 2394
f 2394 2321 2687
f 2394 2687 2760
f 2760 2687 99
f 2760 99 176
f 439 1778 176
f 99 439 176
f 441 439 99
f 441 2170 439
f 439 2170 1780
f 2171 1779 1781
f 2171 2169 1779
f 2172 920 815
f 1780 2172 815
f 2170 2172 1780
f 920 1782 815
f 1864 2171 1976
f 2171 1783 1976
f 2171 1781 1783
f 2173 1864 1976
f 817 920 2172
f 817 2174 920
f 2174 1782 920
f 2174 1784 1782
f 1862 1976 1783
f 2173 1976 1862
f 1785 2173 1862
f 2175 2173 1785
f 1784 2176 1786
f 2174 2176 1784
f 2254 2175 2362
f 2175 1787 2362
f 2175 1785 1787
f 2177 2254 2362
f 1786 2178 1788
f 2176 2178 1786
f 2252 2362 1787
f 2362 2252 2177
f 2252 2622 2177
f 2252 2620 2622
f 2179 2622 2620
f 2179 2620 1789
f 1788 2180 1790
f 2178 2180 1788
f 1789 30 2179
f 2179 30 32
f 2181 32 30
f 2181 30 1791
f 1790 2182 1792
f 2180 2182 1790
f 1791 370 2181
f 2181 370 372
f 2183 372 370
f 2183 370 1793
f 2184 1310 1197
f 1792 2184 1197
f 2182 2184 1792
f 1310 1794 1197
f 1793 750 2183
f 2183 750 752
f 2185 752 750
f 2185 750 1795
f 1199 1310 2184
f 1199 2186 1310
f 2186 1794 1310
f 2186 1796 1794
f 1241 2187 1138
f 2187 1795 1138
f 2187 2185 1795
f 1797 1241 1138
f 1796 2188 1798
f 2186 2188 1796
f 1241 1140 2187
f 1631 2189 1532
f 1532 2189 1797
f 2189 1140 1797
f 1140 1241 1797
f 1799 1631 1532
f 1798 2190 1800
f 2188 2190 1798
f 1631 1534 2189
f 2033 2191 1930
f 1930 2191 1799
f 2191 1534 1799
f 1534 1631 1799
f 1801 2033 1930
f 1800 2192 1802
f 2190 2192 1800
f 2033 1932 2191
f 2193 1932 2033
f 1801 2193 2033
f 1803 2193 1801
f 1802 2194 1804
f 2192 2194 1802
f 1803 2320 2193
f 2193 2320 2322
f 2195 2322 2320
f 2195 2320 1805
f 818 2196 944
f 818 944 1806
f 1198 818 1806
f 1200 818 1198
f 1198 1804 1200
f 1200 1804 2194
f 1805 2686 2195
f 2195 2686 2688
f 98 2688 2686
f 98 100 2688
f 440 100 98
f 440 442 100
f 2196 442 944
f 442 816 944
f 442 440 816
f 1806 944 816
f 1622 1553 1807
f 2024 1953 1622
f 1622 1953 1553
f 2024 1808 1953
f 1238 1161 1809
f 1555 1622 1807
f 1555 1807 1161
f 2197 1555 1161
f 1238 2197 1161
f 1622 1555 1955
f 1622 1955 2024
f 2198 2412 2343
f 2198 2343 1808
f 1955 2198 1808
f 2024 1955 1808
f 2778 2701 2412
f 2412 2701 2343
f 2778 1810 2701
f 864 773 1811
f 1163 1238 1809
f 1163 1809 773
f 2199 1163 773
f 864 2199 773
f 2197 1238 1163
f 2345 2412 2198
f 2412 2345 2200
f 2780 2412 2200
f 2778 2412 2780
f 1810 2778 1812
f 1812 2778 2780
f 1813 868 1811
f 1811 868 864
f 2199 864 868
f 2199 868 2201
f 2202 2782 2780
f 2202 2780 2200
f 1812 2780 1814
f 1814 2780 2782
f 868 1813 775
f 1813 2203 775
f 1813 1815 2203
f 2201 868 775
f 2204 2784 2782
f 2204 2782 2202
f 1814 2782 1816
f 1816 2782 2784
f 2205 391 1817
f 1817 391 389
f 1815 389 391
f 1815 391 2203
f 1818 2702 2784
f 2204 1818 2784
f 2206 1818 2204
f 1816 2784 2702
f 2207 1817 1819
f 2207 2205 1817
f 1818 2208 1820
f 2206 2208 1818
f 2209 49 1821
f 1821 49 47
f 1819 47 49
f 1819 49 2207
f 2346 2210 2428
f 2428 1822 2346
f 1822 2208 2346
f 1822 1820 2208
f 2370 2265 1823
f 2736 2633 2370
f 2370 2633 2265
f 1821 2633 2736
f 2211 1821 2736
f 2209 1821 2211
f 2347 2428 2210
f 2347 2212 2428
f 2212 1822 2428
f 2212 1824 1822
f 1986 1873 1825
f 2267 2370 1823
f 2267 1823 1873
f 2213 2267 1873
f 1986 2213 1873
f 2370 2267 2635
f 2370 2635 2736
f 2211 2736 2635
f 1824 2214 1826
f 2212 2214 1824
f 1588 1479 1827
f 1875 1986 1825
f 1875 1825 1479
f 2215 1875 1479
f 1588 2215 1479
f 2213 1986 1875
f 1826 2216 1828
f 2214 2216 1826
f 1829 1590 1827
f 1827 1590 1588
f 2215 1588 1590
f 2215 1590 2217
f 1828 2218 1830
f 2216 2218 1828
f 1831 1592 1829
f 1829 1592 1590
f 2217 1590 1592
f 2217 1592 2219
f 1830 2220 1832
f 2218 2220 1830
f 1833 1594 1831
f 1831 1594 1592
f 2219 1592 1594
f 2219 1594 2221
f 2222 2808 2703
f 1832 2222 2703
f 2220 2222 1832
f 2808 1834 2703
f 1480 1594 1833
f 1876 2221 1996
f 1996 2221 1835
f 2221 1594 1835
f 1594 1480 1835
f 2223 1876 1996
f 2705 2808 2222
f 2705 2224 2808
f 2224 1834 2808
f 2224 1836 1834
f 1874 1996 1835
f 2268 2223 2384
f 2384 2223 1837
f 2223 1996 1837
f 1996 1874 1837
f 2225 2268 2384
f 2706 2226 1838
f 2706 1838 2704
f 2704 1836 2706
f 2706 1836 2224
f 2266 2384 1837
f 2384 2266 2225
f 2266 2636 2225
f 2266 2634 2636
f 2634 1839 168
f 50 2634 168
f 2636 2634 50
f 50 168 520
f 50 520 392
f 392 520 912
f 392 912 776
f 2227 776 912
f 2348 2228 1840
f 2348 1840 2344
f 2344 1838 2348
f 2348 1838 2226
f 48 168 1839
f 390 520 48
f 48 520 168
f 774 912 390
f 390 912 520
f 912 774 2227
f 774 1164 2227
f 774 1162 1164
f 1554 1164 1162
f 1554 1556 1164
f 1954 1556 1554
f 1954 1956 1556
f 1954 1840 1956
f 1956 1840 2228
f 2459 1093 1267
f 1267 1093 2089
f 1093 1485 2089
f 1093 1487 1485
f 1487 1881 1485
f 1883 1881 1487
f 1883 2273 1881
f 2275 2273 1883
f 2090 2273 2795
f 2273 2641 2795
f 2273 2275 2641
f 2795 2641 211
f 211 2641 53
f 53 2460 211
f 1091 2091 1267
f 2091 2459 1267
f 2091 2461 2459
f 1267 2089 1091
f 2795 2639 2090
f 213 2092 2639
f 2795 213 2639
f 211 213 2795
f 395 563 2460
f 563 211 2460
f 563 213 211
f 395 2462 563
f 2463 705 2093
f 2093 705 703
f 2091 703 705
f 2091 705 2461
f 213 51 2092
f 565 2094 51
f 213 565 51
f 563 565 213
f 563 2462 565
f 565 2462 2464
f 2465 2093 2095
f 2465 2463 2093
f 2094 565 396
f 2466 2094 396
f 2096 2094 2466
f 565 2464 396
f 2095 704 2465
f 2465 704 706
f 2467 706 704
f 2467 704 2097
f 52 219 2098
f 52 2096 219
f 2096 2468 219
f 2096 2466 2468
f 2097 1092 2467
f 2467 1092 1094
f 2469 1094 1092
f 2469 1092 2099
f 2642 2470 2100
f 2642 2100 2640
f 219 54 2098
f 54 2640 2098
f 54 2642 2640
f 219 2468 54
f 2099 1486 2469
f 2469 1486 1488
f 1882 1488 1486
f 1882 1884 1488
f 2274 1884 1882
f 2274 2276 1884
f 2274 2100 2276
f 2276 2100 2470
f 2471 721 2101
f 2101 721 719
f 721 1107 719
f 1109 1107 721
f 1109 1501 1107
f 1503 1501 1109
f 2102 1501 2035
f 1501 1899 2035
f 1501 1503 1899
f 1899 2472 2035
f 2473 341 2103
f 2103 341 339
f 2101 339 341
f 2101 341 2471
f 2035 1897 2102
f 1897 2035 2472
f 2291 1897 2472
f 2289 1897 2291
f 2104 2289 2787
f 2289 2657 2787
f 2289 2291 2657
f 2657 2474 2787
f 2475 3 2105
f 2105 3 1
f 2103 1 3
f 2103 3 2473
f 2787 2655 2104
f 2655 2787 2474
f 69 2655 2474
f 67 2655 69
f 69 2476 67
f 67 2476 2106
f 2477 2105 2107
f 2477 2475 2105
f 409 2106 2476
f 409 2476 411
f 411 2478 409
f 409 2478 2108
f 2107 2 2477
f 2477 2 4
f 2479 4 2
f 2479 2 2109
f 2480 950 791
f 2108 2480 791
f 2478 2480 2108
f 950 2110 791
f 2109 340 2479
f 2479 340 342
f 2481 342 340
f 2481 340 2111
f 2482 952 950
f 2482 950 2480
f 2110 950 2112
f 2112 950 952
f 2111 720 2481
f 2481 720 722
f 2483 722 720
f 2483 720 2113
f 412 2484 566
f 952 2482 412
f 952 412 566
f 792 952 566
f 2114 792 566
f 2112 952 792
f 2113 1108 2483
f 2483 1108 1110
f 1502 1110 1108
f 1502 1504 1110
f 1502 2115 2064
f 1900 1502 2064
f 1504 1502 1900
f 1900 2064 2446
f 1900 2446 2292
f 2292 2446 2804
f 2292 2804 2658
f 2658 2804 218
f 2658 218 70
f 566 2484 70
f 566 70 218
f 410 566 218
f 2116 410 218
f 2114 566 410
f 1898 2064 2115
f 2290 2446 1898
f 1898 2446 2064
f 2656 2804 2290
f 2290 2804 2446
f 68 218 2656
f 2656 218 2804
f 2116 218 68
f 2485 1519 2117
f 2117 1519 1517
f 1519 1915 1517
f 1917 1915 1519
f 1917 2486 1915
f 1915 2486 2118
f 2487 737 829
f 829 737 2119
f 737 1123 2119
f 737 1125 1123
f 2117 1123 1125
f 2117 1125 2485
f 2305 2118 2486
f 2305 2486 2307
f 2307 2488 2305
f 2305 2488 2120
f 735 2121 829
f 2121 2487 829
f 2121 2489 2487
f 829 2119 735
f 2671 2120 2488
f 2671 2488 2673
f 2673 2490 2671
f 2671 2490 2122
f 114 15 2123
f 2491 357 114
f 357 15 114
f 357 355 15
f 2121 355 357
f 2121 357 2489
f 2490 85 171
f 2124 2490 171
f 2122 2490 2124
f 85 2492 171
f 2708 2605 2125
f 17 114 2123
f 17 2123 2605
f 2493 17 2605
f 2708 2493 2605
f 2491 114 17
f 171 83 2124
f 2492 427 523
f 2492 523 2126
f 171 2492 2126
f 83 171 2126
f 427 2494 523
f 2708 2125 2607
f 2125 2495 2607
f 2125 2127 2495
f 2493 2708 2607
f 523 425 2126
f 2494 803 915
f 2494 915 2128
f 523 2494 2128
f 425 523 2128
f 803 2496 915
f 2497 2239 2129
f 2129 2239 2237
f 2127 2237 2239
f 2127 2239 2495
f 915 801 2128
f 915 2496 801
f 2496 2130 801
f 2496 2498 2130
f 2499 1849 2131
f 2131 1849 1847
f 2129 1847 1849
f 2129 1849 2497
f 2498 1175 1297
f 2132 2498 1297
f 2130 2498 2132
f 1175 2500 1297
f 1582 1471 2133
f 2131 1471 1582
f 2501 2131 1582
f 2499 2131 2501
f 2132 1297 1176
f 2502 2132 1176
f 2134 2132 2502
f 1297 2500 1176
f 2135 1584 2133
f 2133 1584 1582
f 2501 1582 1584
f 2501 1584 2503
f 2134 2504 2136
f 2502 2504 2134
f 2137 1586 2135
f 2135 1586 1584
f 2503 1584 1586
f 2503 1586 2505
f 2504 1177 1301
f 2138 2504 1301
f 2136 2504 2138
f 1177 2506 1301
f 1472 1586 2137
f 1850 2505 1982
f 1982 2505 2139
f 2505 1586 2139
f 1586 1472 2139
f 2507 1850 1982
f 1301 1173 2138
f 1301 2506 1173
f 2506 2140 1173
f 2506 2508 2140
f 1848 1982 2139
f 2240 2507 2366
f 2366 2507 2141
f 2507 1982 2141
f 1982 1848 2141
f 2509 2240 2366
f 2140 2510 2142
f 2508 2510 2140
f 2238 2366 2141
f 2608 2509 2728
f 2728 2509 2143
f 2509 2366 2143
f 2366 2238 2143
f 2511 2608 2728
f 1563 2142 2510
f 1563 2510 1565
f 1565 2512 1563
f 1563 2512 2144
f 2145 2730 2143
f 2143 2730 2728
f 2511 2728 2730
f 2511 2730 2513
f 1961 2144 2512
f 1961 2512 1963
f 1963 2514 1961
f 1961 2514 2146
f 2606 2730 2145
f 18 2513 140
f 140 2513 2147
f 2513 2730 2147
f 2730 2606 2147
f 2515 18 140
f 2146 2516 2148
f 2514 2516 2146
f 2149 142 2147
f 2147 142 140
f 2515 140 142
f 2515 142 2517
f 2148 2518 2150
f 2516 2518 2148
f 16 142 2149
f 358 2517 486
f 486 2517 2151
f 2517 142 2151
f 142 16 2151
f 2519 358 486
f 1962 2085 2152
f 1962 2150 2085
f 2150 2520 2085
f 2150 2518 2520
f 356 486 2151
f 738 2519 874
f 874 2519 2153
f 2519 486 2153
f 486 356 2153
f 2521 738 874
f 2087 2154 2152
f 2087 2152 2085
f 2085 2520 2087
f 2087 2520 2522
f 2155 878 2153
f 2153 878 874
f 2521 874 878
f 2521 878 2523
f 1564 1697 2156
f 2087 1964 2154
f 2154 1964 1564
f 1964 2524 1564
f 2524 1697 1564
f 2087 2522 1964
f 736 878 2155
f 2523 878 736
f 2157 2523 736
f 2525 2523 2157
f 1174 1325 2158
f 1697 1566 2156
f 2156 1566 1174
f 1566 2526 1174
f 2526 1325 1174
f 1697 2524 1566
f 1126 2525 1264
f 2525 2159 1264
f 2525 2157 2159
f 2527 1126 1264
f 804 2528 2160
f 804 2160 802
f 1325 1178 2158
f 1178 802 2158
f 1178 804 802
f 1325 2526 1178
f 1124 1264 2159
f 1520 2527 1654
f 1654 2527 2161
f 2527 1264 2161
f 1264 1124 2161
f 2529 1520 1654
f 428 2530 2162
f 428 2162 426
f 426 2160 428
f 428 2160 2528
f 1518 1654 2161
f 1918 2529 2056
f 2056 2529 2163
f 2529 1654 2163
f 1654 1518 2163
f 1918 2056 2438
f 1918 2438 2308
f 2308 2438 2800
f 2308 2800 2674
f 2674 2800 2164
f 84 2674 2164
f 86 2674 84
f 84 2162 86
f 86 2162 2530
f 1916 2056 2163
f 2306 2438 1916
f 1916 2438 2056
f 2672 2800 2306
f 2306 2800 2438
f 2164 2800 2672
f 2710 2621 2165
f 118 31 2710
f 2710 31 2621
f 460 371 118
f 118 371 31
f 460 2166 371
f 2352 2253 2167
f 2623 2710 2165
f 2623 2165 2253
f 2531 2623 2253
f 2352 2531 2253
f 2710 2623 33
f 2710 33 118
f 118 33 373
f 118 373 460
f 2532 838 751
f 2532 751 2166
f 373 2532 2166
f 460 373 2166
f 1218 1139 838
f 838 1139 751
f 1218 2168 1139
f 1972 1863 2169
f 2255 2352 2167
f 2255 2167 1863
f 2533 2255 1863
f 1972 2533 1863
f 2531 2352 2255
f 753 838 2532
f 838 753 1141
f 838 1141 1218
f 1533 2168 1218
f 1141 1533 1218
f 1535 1533 1141
f 1535 1931 1533
f 1933 1931 1535
f 1933 2321 1931
f 2323 2321 1933
f 2323 2687 2321
f 2689 2687 2323
f 2689 99 2687
f 101 99 2689
f 528 441 2534
f 441 101 2534
f 441 99 101
f 528 2170 441
f 2171 1974 2169
f 2169 1974 1972
f 2533 1972 1974
f 2533 1974 2535
f 443 528 2534
f 443 2536 528
f 2536 2170 528
f 2536 2172 2170
f 1864 1974 2171
f 2256 2535 2358
f 2358 2535 2173
f 2535 1974 2173
f 1974 1864 2173
f 2537 2256 2358
f 817 2172 2536
f 817 2536 819
f 819 2538 817
f 817 2538 2174
f 2175 2360 2173
f 2173 2360 2358
f 2537 2358 2360
f 2537 2360 2539
f 2174 2540 2176
f 2538 2540 2174
f 2254 2360 2175
f 2624 2539 2722
f 2722 2539 2177
f 2539 2360 2177
f 2360 2254 2177
f 2541 2624 2722
f 2176 2542 2178
f 2540 2542 2176
f 2622 2722 2177
f 34 2541 132
f 132 2541 2179
f 2541 2722 2179
f 2722 2622 2179
f 2543 34 132
f 2178 2544 2180
f 2542 2544 2178
f 32 132 2179
f 2543 132 32
f 2181 2543 32
f 2545 2543 2181
f 2544 1201 1307
f 2182 2544 1307
f 2180 2544 2182
f 1201 2546 1307
f 2181 372 2545
f 2545 372 374
f 2547 374 372
f 2547 372 2183
f 1311 2184 2182
f 1311 2182 1307
f 1307 2546 1311
f 1311 2546 2548
f 859 2549 752
f 2549 2183 752
f 2549 2547 2183
f 2185 859 752
f 1311 1199 2184
f 1311 2548 1199
f 2548 2186 1199
f 2548 2550 2186
f 859 754 2549
f 2551 754 859
f 2185 2551 859
f 2187 2551 2185
f 2186 2552 2188
f 2550 2552 2186
f 2187 1140 2551
f 2551 1140 1142
f 2553 1142 1140
f 2553 1140 2189
f 2552 1575 1689
f 2190 2552 1689
f 2188 2552 2190
f 1575 2554 1689
f 2189 1534 2553
f 2553 1534 1536
f 2555 1536 1534
f 2555 1534 2191
f 1693 2192 2190
f 1693 2190 1689
f 1689 2554 1693
f 1693 2554 2556
f 2037 2557 1932
f 2557 2191 1932
f 2557 2555 2191
f 2193 2037 1932
f 2192 1693 1576
f 2558 2192 1576
f 2194 2192 2558
f 1693 2556 1576
f 2037 1934 2557
f 2423 2559 2322
f 2322 2559 2193
f 2559 1934 2193
f 1934 2037 2193
f 2195 2423 2322
f 818 945 2196
f 1202 2560 945
f 818 1202 945
f 1200 1202 818
f 1200 2194 1202
f 1202 2194 2558
f 2423 2324 2559
f 2791 2561 2688
f 2688 2561 2195
f 2561 2324 2195
f 2324 2423 2195
f 100 207 2791
f 100 2791 2688
f 444 2562 207
f 100 444 207
f 442 444 100
f 945 820 2196
f 820 442 2196
f 820 444 442
f 945 2560 820
f 2791 2690 2561
f 2690 2791 102
f 102 2791 207
f 207 2562 102
f 2563 1143 1277
f 1277 1143 1663
f 1663 1143 1537
f 1537 2564 1663
f 2565 755 903
f 2563 1277 755
f 1277 903 755
f 1277 1281 903
f 1277 1667 1281
f 1277 1663 1667
f 1935 2065 2564
f 2065 1663 2564
f 2065 1667 1663
f 1935 2566 2065
f 2567 375 513
f 2565 903 375
f 903 513 375
f 903 905 513
f 903 1285 905
f 903 1281 1285
f 1281 1671 1285
f 1281 1667 1671
f 1667 2069 1671
f 1667 2065 2069
f 2065 2566 2069
f 2069 2566 2568
f 515 2569 513
f 513 2569 2567
f 513 907 515
f 513 905 907
f 905 1287 907
f 905 1285 1287
f 1285 1675 1287
f 1285 1671 1675
f 1671 2073 1675
f 1671 2069 2073
f 2069 2568 2073
f 2073 2568 2570
f 515 376 2569
f 376 515 2571
f 515 909 2571
f 515 907 909
f 907 1289 909
f 907 1287 1289
f 1287 1677 1289
f 1287 1675 1677
f 2572 1677 1936
f 1677 2073 1936
f 1677 1675 2073
f 2073 2570 1936
f 909 756 2571
f 756 909 1144
f 1144 909 1289
f 1144 1289 1538
f 1538 1289 1677
f 1677 2572 1538
f 1624 1555 2197
f 2026 1955 1624
f 1624 1955 1555
f 2026 2198 1955
f 1242 1163 2199
f 1163 1242 2197
f 1242 1624 2197
f 1242 1628 1624
f 2028 1624 1628
f 2026 1624 2028
f 2198 2026 2345
f 2026 2414 2345
f 2026 2028 2414
f 2414 2200 2345
f 2201 1246 2199
f 2199 1246 1242
f 1632 1242 1246
f 1628 1242 1632
f 2030 1628 1632
f 2028 1628 2030
f 2416 2028 2030
f 2414 2028 2416
f 2200 2414 2202
f 2202 2414 2416
f 872 775 2203
f 1165 1246 2201
f 1165 2201 775
f 2573 1165 775
f 872 2573 775
f 1246 1165 1557
f 1246 1557 1632
f 1632 1557 2574
f 2034 1632 2574
f 2030 1632 2034
f 2418 2030 2034
f 2416 2030 2418
f 2202 2416 2204
f 2204 2416 2418
f 490 391 2205
f 777 872 2203
f 777 2203 391
f 2575 777 391
f 490 2575 391
f 2573 872 777
f 1957 2034 2574
f 2034 1957 2576
f 2420 2034 2576
f 2418 2034 2420
f 2204 2418 2206
f 2206 2418 2420
f 2207 494 2205
f 2205 494 490
f 2575 490 494
f 2575 494 2577
f 2578 2424 2420
f 2578 2420 2576
f 2206 2420 2208
f 2208 2420 2424
f 148 49 2209
f 393 494 2207
f 393 2207 49
f 2579 393 49
f 148 2579 49
f 2577 494 393
f 2210 2346 2424
f 2578 2210 2424
f 2580 2210 2578
f 2208 2424 2346
f 2211 152 2209
f 2209 152 148
f 2579 148 152
f 2579 152 2581
f 2582 2432 2347
f 2210 2582 2347
f 2580 2582 2210
f 2432 2212 2347
f 2372 2267 2213
f 2738 2635 2372
f 2372 2635 2267
f 2635 2738 2211
f 2738 152 2211
f 2738 154 152
f 506 394 2581
f 152 506 2581
f 154 506 152
f 2583 394 506
f 2584 2436 2432
f 2584 2432 2582
f 2212 2432 2214
f 2214 2432 2436
f 1988 1875 2215
f 1875 1988 2213
f 1988 2372 2213
f 1988 2374 2372
f 2740 2372 2374
f 2738 2372 2740
f 156 2738 2740
f 154 2738 156
f 508 154 156
f 506 154 508
f 2583 506 508
f 2583 508 2585
f 2586 2440 2436
f 2586 2436 2584
f 2214 2436 2216
f 2216 2436 2440
f 2217 1990 2215
f 2215 1990 1988
f 2376 1988 1990
f 2374 1988 2376
f 2742 2374 2376
f 2740 2374 2742
f 158 2740 2742
f 156 2740 158
f 510 156 158
f 508 156 510
f 2585 508 510
f 2585 510 2587
f 2588 2444 2440
f 2588 2440 2586
f 2216 2440 2218
f 2218 2440 2444
f 2219 1992 2217
f 2217 1992 1990
f 2378 1990 1992
f 2376 1990 2378
f 2744 2376 2378
f 2742 2376 2744
f 160 2742 2744
f 158 2742 160
f 512 158 160
f 510 158 512
f 2587 510 512
f 2587 512 2589
f 2590 2448 2444
f 2590 2444 2588
f 2218 2444 2220
f 2220 2444 2448
f 2221 1994 2219
f 2219 1994 1992
f 2380 1992 1994
f 2378 1992 2380
f 2746 2378 2380
f 2744 2378 2746
f 162 2744 2746
f 160 2744 162
f 514 160 162
f 512 160 514
f 2589 512 514
f 2589 514 2591
f 2349 2448 2590
f 2349 2592 2448
f 2592 2220 2448
f 2592 2222 2220
f 1876 1994 2221
f 2223 2382 1876
f 2382 1994 1876
f 2382 2380 1994
f 2748 2380 2382
f 2746 2380 2748
f 164 2746 2748
f 162 2746 164
f 516 162 164
f 514 162 516
f 2591 514 516
f 2591 516 2593
f 2594 2812 2705
f 2222 2594 2705
f 2592 2594 2222
f 2812 2224 2705
f 2268 2382 2223
f 2225 2750 2268
f 2750 2382 2268
f 2750 2748 2382
f 166 2748 2750
f 164 2748 166
f 518 164 166
f 516 164 518
f 910 778 2593
f 516 910 2593
f 518 910 516
f 2595 778 910
f 2350 2596 2458
f 2812 2594 2350
f 2812 2350 2458
f 2706 2812 2458
f 2226 2706 2458
f 2224 2812 2706
f 2636 2750 2225
f 50 166 2636
f 2636 166 2750
f 392 518 50
f 50 518 166
f 776 910 392
f 392 910 518
f 1166 2595 1292
f 1292 2595 2227
f 2595 910 2227
f 910 776 2227
f 1166 1292 1680
f 1166 1680 1558
f 1558 1680 2078
f 1558 2078 1958
f 2458 2596 1958
f 2458 1958 2078
f 2348 2458 2078
f 2228 2348 2078
f 2226 2458 2348
f 1164 1292 2227
f 1556 1680 1164
f 1164 1680 1292
f 1956 2078 1556
f 1556 2078 1680
f 2228 2078 1956
f 2813 1489 1649
f 1649 1489 2047
f 2047 1489 1885
f 2047 1885 2429
f 2429 1885 2277
f 2429 2277 2793
f 2793 2277 2643
f 2643 2814 2793
f 2815 1095 2459
f 2459 1095 1093
f 1095 2813 1649
f 1487 1095 1649
f 1093 1095 1487
f 2047 1883 1487
f 2047 1487 1649
f 2429 2275 1883
f 2429 1883 2047
f 2793 2641 2275
f 2793 2275 2429
f 2641 2793 2814
f 55 2641 2814
f 53 2641 55
f 2460 53 561
f 53 397 561
f 53 55 397
f 397 2816 561
f 2817 707 893
f 2461 893 707
f 2815 2461 707
f 2459 2461 2815
f 561 395 2460
f 561 2816 395
f 2816 2462 395
f 2816 2818 2462
f 705 2463 893
f 2463 2817 893
f 2463 2819 2817
f 893 2461 705
f 2818 779 953
f 2464 2818 953
f 2462 2818 2464
f 779 2820 953
f 2821 2463 2465
f 2821 2819 2463
f 396 567 2466
f 953 780 2464
f 2464 780 396
f 780 2822 396
f 2822 567 396
f 953 2820 780
f 2465 706 2821
f 2821 706 708
f 2823 708 706
f 2823 706 2467
f 2466 567 398
f 2824 2466 398
f 2468 2466 2824
f 567 2822 398
f 2467 1094 2823
f 2823 1094 1096
f 2825 1096 1094
f 2825 1094 2469
f 2642 2809 2470
f 56 2826 2809
f 2642 56 2809
f 54 56 2642
f 54 2468 56
f 56 2468 2824
f 2469 1488 2825
f 2825 1488 1490
f 1884 1490 1488
f 1884 1886 1490
f 2276 1886 1884
f 2276 2278 1886
f 2809 2644 2470
f 2644 2276 2470
f 2644 2278 2276
f 2809 2826 2644
f 2827 1111 1247
f 1247 1111 1633
f 1633 1111 1505
f 1505 2828 1633
f 2829 343 487
f 487 343 2471
f 343 721 2471
f 343 723 721
f 723 2827 1247
f 1109 723 1247
f 721 723 1109
f 1633 1503 1109
f 1633 1109 1247
f 1503 1633 2828
f 1901 1503 2828
f 1899 1503 1901
f 2472 1899 2419
f 1899 2293 2419
f 1899 1901 2293
f 2419 2293 2785
f 2785 2293 2659
f 2659 2830 2785
f 341 2473 487
f 2473 2829 487
f 2473 2831 2829
f 487 2471 341
f 2419 2291 2472
f 2785 2657 2291
f 2785 2291 2419
f 2830 71 203
f 2830 203 2474
f 2785 2830 2474
f 2657 2785 2474
f 71 2832 203
f 146 3 2475
f 2473 3 146
f 2833 2473 146
f 2831 2473 2833
f 203 69 2474
f 203 2832 69
f 2832 2476 69
f 2832 2834 2476
f 146 2475 5
f 2475 2835 5
f 2475 2477 2835
f 2833 146 5
f 411 2476 2834
f 411 2834 413
f 413 2836 411
f 411 2836 2478
f 2477 4 2835
f 2835 4 6
f 2837 6 4
f 2837 4 2479
f 414 2838 562
f 562 2480 414
f 2480 2836 414
f 2480 2478 2836
f 2479 342 2837
f 2837 342 344
f 2839 344 342
f 2839 342 2481
f 2840 564 562
f 2840 562 2838
f 2480 562 2482
f 2482 562 564
f 2481 722 2839
f 2839 722 724
f 2841 724 722
f 2841 722 2483
f 2660 2842 2802
f 2660 2802 216
f 2660 216 72
f 564 2840 72
f 564 72 216
f 412 564 216
f 2484 412 216
f 2482 564 412
f 2483 1110 2841
f 2841 1110 1112
f 1504 1112 1110
f 1504 1506 1112
f 1900 1506 1504
f 1900 1902 1506
f 2292 1902 1900
f 2292 2294 1902
f 2842 2294 2802
f 2294 2658 2802
f 2294 2292 2658
f 70 216 2658
f 2658 216 2802
f 2484 216 70
f 2843 1521 2485
f 2485 1521 1519
f 1521 1917 1519
f 1919 1917 1521
f 1919 2844 1917
f 1917 2844 2486
f 830 737 2487
f 2845 1127 830
f 1127 737 830
f 1127 1125 737
f 2485 1125 1127
f 2485 1127 2843
f 2307 2486 2844
f 2307 2844 2309
f 2309 2846 2307
f 2307 2846 2488
f 830 2487 739
f 2487 2847 739
f 2487 2489 2847
f 2845 830 739
f 2673 2488 2846
f 2673 2846 2675
f 2490 2673 169
f 2673 87 169
f 2673 2675 87
f 87 2848 169
f 2849 359 2491
f 2491 359 357
f 2489 357 359
f 2489 359 2847
f 169 85 2490
f 2848 429 521
f 2848 521 2492
f 169 2848 2492
f 85 169 2492
f 429 2850 521
f 2851 19 2493
f 2493 19 17
f 2491 17 19
f 2491 19 2849
f 521 427 2492
f 2850 805 913
f 2850 913 2494
f 521 2850 2494
f 427 521 2494
f 805 2852 913
f 2853 2609 2495
f 2495 2609 2607
f 2493 2607 2609
f 2493 2609 2851
f 913 803 2494
f 2852 1179 1293
f 2852 1293 2496
f 913 2852 2496
f 803 913 2496
f 1179 2854 1293
f 2855 2241 2497
f 2497 2241 2239
f 2495 2239 2241
f 2495 2241 2853
f 1295 2498 2496
f 1295 2496 1293
f 1293 2854 1295
f 1295 2854 2856
f 2857 1851 2499
f 2499 1851 1849
f 2497 1849 1851
f 2497 1851 2855
f 1295 1175 2498
f 1295 2856 1175
f 2856 2500 1175
f 2856 2858 2500
f 2859 2499 2501
f 2859 2857 2499
f 1180 2860 2502
f 1180 2502 1176
f 1176 2500 1180
f 1180 2500 2858
f 2861 2501 2503
f 2861 2859 2501
f 2860 1181 1299
f 2504 2860 1299
f 2502 2860 2504
f 1181 2862 1299
f 1852 2861 1980
f 2861 2505 1980
f 2861 2503 2505
f 2863 1852 1980
f 1299 1177 2504
f 1299 2862 1177
f 2862 2506 1177
f 2862 2864 2506
f 1850 1980 2505
f 2863 1980 1850
f 2507 2863 1850
f 2865 2863 2507
f 2506 2866 2508
f 2864 2866 2506
f 2507 2240 2865
f 2865 2240 2242
f 2867 2242 2240
f 2867 2240 2509
f 2508 2868 2510
f 2866 2868 2508
f 2509 2608 2867
f 2867 2608 2610
f 2869 2610 2608
f 2869 2608 2511
f 1565 2510 2868
f 1565 2868 1567
f 1567 2870 1565
f 1565 2870 2512
f 20 2869 138
f 2869 2513 138
f 2869 2511 2513
f 20 138 480
f 20 480 360
f 2871 360 480
f 2872 2080 1963
f 2512 2872 1963
f 2870 2872 2512
f 2080 2514 1963
f 18 138 2513
f 2515 482 18
f 482 138 18
f 482 480 138
f 862 740 2871
f 480 862 2871
f 482 862 480
f 2873 740 862
f 2874 2082 2080
f 2874 2080 2872
f 2514 2080 2516
f 2516 2080 2082
f 2517 484 2515
f 2515 484 482
f 866 482 484
f 862 482 866
f 2873 862 866
f 2873 866 2875
f 1965 2082 2874
f 1965 2876 2082
f 2876 2516 2082
f 2876 2518 2516
f 358 484 2517
f 2519 870 358
f 870 484 358
f 870 866 484
f 1248 1128 2875
f 866 1248 2875
f 870 1248 866
f 2877 1128 1248
f 2518 2878 2520
f 2876 2878 2518
f 738 870 2519
f 2521 1252 738
f 1252 870 738
f 1252 1248 870
f 2877 1248 1252
f 2877 1252 2879
f 2520 2880 2522
f 2878 2880 2520
f 2523 1256 2521
f 2521 1256 1252
f 2879 1252 1256
f 2879 1256 2881
f 1966 2882 2524
f 1966 2524 1964
f 1964 2522 1966
f 1966 2522 2880
f 2525 1260 2523
f 2523 1260 1256
f 2881 1256 1260
f 2881 1260 2883
f 1568 2884 2526
f 1568 2526 1566
f 1566 2524 1568
f 1568 2524 2882
f 1126 1260 2525
f 1522 2883 1650
f 1650 2883 2527
f 2883 1260 2527
f 1260 1126 2527
f 2885 1522 1650
f 806 2886 2528
f 806 2528 804
f 1178 806 804
f 1178 1182 806
f 1178 2526 1182
f 1182 2526 2884
f 1520 1650 2527
f 1920 2885 2052
f 2052 2885 2529
f 2885 1650 2529
f 1650 1520 2529
f 2887 1920 2052
f 88 2888 212
f 88 212 2530
f 428 88 2530
f 430 88 428
f 428 2528 430
f 430 2528 2886
f 1918 2052 2529
f 2052 1918 2887
f 1918 2310 2887
f 1918 2308 2310
f 2674 2310 2308
f 2674 2676 2310
f 2888 2676 212
f 2676 86 212
f 2676 2674 86
f 2530 212 86
f 2712 2623 2531
f 120 33 2712
f 2712 33 2623
f 462 373 120
f 120 373 33
f 462 2532 373
f 2354 2255 2533
f 2255 2354 2531
f 2354 2712 2531
f 2354 2714 2712
f 122 2712 2714
f 120 2712 122
f 464 120 122
f 462 120 464
f 2532 462 753
f 462 840 753
f 462 464 840
f 1220 1141 840
f 840 1141 753
f 1608 1535 1220
f 1220 1535 1141
f 2010 1933 1608
f 1608 1933 1535
f 2396 2323 2010
f 2010 2323 1933
f 2762 2689 2396
f 2396 2689 2323
f 178 101 2762
f 2762 101 2689
f 178 2534 101
f 2535 2356 2533
f 2533 2356 2354
f 2716 2354 2356
f 2714 2354 2716
f 2716 2889 35
f 122 2716 35
f 2714 2716 122
f 122 35 377
f 122 377 464
f 464 377 757
f 464 757 840
f 840 757 1145
f 840 1145 1220
f 1220 1145 1539
f 1220 1539 1608
f 1608 1539 1937
f 1608 1937 2010
f 2010 1937 2325
f 2010 2325 2396
f 2396 2325 2691
f 2396 2691 2762
f 2762 2691 103
f 2762 103 178
f 443 2534 178
f 103 443 178
f 445 443 103
f 445 2890 443
f 443 2890 2536
f 2256 2356 2535
f 2537 2718 2256
f 2718 2356 2256
f 2718 2716 2356
f 2889 2716 2718
f 2889 2718 2891
f 2892 922 819
f 2536 2892 819
f 2890 2892 2536
f 922 2538 819
f 2539 2720 2537
f 2537 2720 2718
f 2891 2718 2720
f 2891 2720 2893
f 821 922 2892
f 821 2894 922
f 2894 2538 922
f 2894 2540 2538
f 2624 2720 2539
f 36 2893 130
f 130 2893 2541
f 2893 2720 2541
f 2720 2624 2541
f 2895 36 130
f 2540 2896 2542
f 2894 2896 2540
f 34 130 2541
f 2895 130 34
f 2543 2895 34
f 2897 2895 2543
f 2542 2898 2544
f 2896 2898 2542
f 2899 2543 2545
f 2899 2897 2543
f 1201 2544 2898
f 1201 2898 1203
f 1203 2900 1201
f 1201 2900 2546
f 2545 374 2899
f 2899 374 378
f 2901 378 374
f 2901 374 2547
f 2546 2902 2548
f 2900 2902 2546
f 2903 2547 2549
f 2903 2901 2547
f 2548 2904 2550
f 2902 2904 2548
f 2549 754 2903
f 2903 754 758
f 2905 758 754
f 2905 754 2551
f 2550 2906 2552
f 2904 2906 2550
f 1245 2907 1142
f 2907 2551 1142
f 2907 2905 2551
f 2553 1245 1142
f 1575 2552 2906
f 1575 2906 1577
f 1577 2908 1575
f 1575 2908 2554
f 1245 1146 2907
f 1635 2909 1536
f 1536 2909 2553
f 2909 1146 2553
f 1146 1245 2553
f 2555 1635 1536
f 2554 2910 2556
f 2908 2910 2554
f 1635 1540 2909
f 2911 1540 1635
f 2555 2911 1635
f 2557 2911 2555
f 1578 2912 2558
f 1578 2558 1576
f 1576 2556 1578
f 1578 2556 2910
f 2557 1934 2911
f 2911 1934 1938
f 2913 1938 1934
f 2913 1934 2559
f 1204 2914 2560
f 1204 2560 1202
f 1202 2558 1204
f 1204 2558 2912
f 2427 2915 2324
f 2915 2559 2324
f 2915 2913 2559
f 2561 2427 2324
f 446 2916 2562
f 446 2562 444
f 820 446 444
f 820 822 446
f 820 2560 822
f 822 2560 2914
f 2427 2326 2915
f 2561 2690 2427
f 2690 2326 2427
f 2690 2692 2326
f 102 2692 2690
f 102 104 2692
f 102 2562 104
f 104 2562 2916
f 2917 1147 1273
f 1273 1147 1659
f 1659 1147 1541
f 1659 1541 2057
f 2057 1541 1939
f 1939 2918 2057
f 2919 379 509
f 509 379 899
f 899 379 759
f 2917 1273 759
f 759 1273 899
f 1273 1143 899
f 1143 2563 899
f 1659 1537 1143
f 1659 1143 1273
f 2061 2564 1537
f 1659 2061 1537
f 2057 2061 1659
f 2057 2918 2061
f 2061 2918 2920
f 2921 37 159
f 2919 509 37
f 509 159 37
f 509 511 159
f 899 755 2565
f 511 899 2565
f 509 899 511
f 899 2563 755
f 2061 1935 2564
f 2920 2327 2447
f 2920 2447 2566
f 2061 2920 2566
f 1935 2061 2566
f 2327 2922 2447
f 161 2923 159
f 159 2923 2921
f 511 375 2567
f 161 511 2567
f 159 511 161
f 511 2565 375
f 2451 2568 2566
f 2451 2566 2447
f 2447 2922 2451
f 2451 2922 2924
f 163 2925 161
f 161 2925 2923
f 161 2567 2569
f 161 2569 163
f 2455 2570 2568
f 2455 2568 2451
f 2451 2924 2455
f 2455 2924 2926
f 163 38 2925
f 517 2927 376
f 376 2927 2569
f 2927 38 2569
f 38 163 2569
f 2571 517 376
f 1936 2075 2572
f 2455 2328 2570
f 2570 2328 1936
f 2328 2928 1936
f 2928 2075 1936
f 2455 2926 2328
f 517 380 2927
f 911 2929 756
f 756 2929 2571
f 2929 380 2571
f 380 517 2571
f 1144 1291 911
f 1144 911 756
f 1538 1679 1291
f 1538 1291 1144
f 2075 1940 2572
f 2572 1940 1538
f 1940 2930 1538
f 2930 1679 1538
f 2075 2928 1940
f 911 760 2929
f 760 911 1148
f 1148 911 1291
f 1148 1291 1542
f 1542 1291 1679
f 1679 2930 1542
f 1250 1165 2573
f 1636 1557 1250
f 1250 1557 1165
f 1636 2574 1557
f 876 777 2575
f 777 876 2573
f 876 1250 2573
f 876 1254 1250
f 1640 1250 1254
f 1636 1250 1640
f 2574 1636 1957
f 1636 2038 1957
f 1636 1640 2038
f 2038 2576 1957
f 2577 880 2575
f 2575 880 876
f 1258 876 880
f 1254 876 1258
f 1644 1254 1258
f 1640 1254 1644
f 2042 1640 1644
f 2038 1640 2042
f 2576 2038 2578
f 2578 2038 2042
f 498 393 2579
f 393 498 2577
f 498 880 2577
f 498 884 880
f 1262 880 884
f 1258 880 1262
f 1648 1258 1262
f 1644 1258 1648
f 2046 1644 1648
f 2042 1644 2046
f 2578 2042 2580
f 2580 2042 2046
f 2581 502 2579
f 2579 502 498
f 888 498 502
f 884 498 888
f 1266 884 888
f 1262 884 1266
f 1652 1262 1266
f 1648 1262 1652
f 2050 1648 1652
f 2046 1648 2050
f 2580 2046 2582
f 2582 2046 2050
f 394 502 2581
f 2583 892 394
f 892 502 394
f 892 888 502
f 1270 888 892
f 1266 888 1270
f 1656 1266 1270
f 1652 1266 1656
f 2054 1652 1656
f 2050 1652 2054
f 2582 2050 2584
f 2584 2050 2054
f 2585 896 2583
f 2583 896 892
f 1274 892 896
f 1270 892 1274
f 1660 1270 1274
f 1656 1270 1660
f 2058 1656 1660
f 2054 1656 2058
f 2584 2054 2586
f 2586 2054 2058
f 2587 900 2585
f 2585 900 896
f 1278 896 900
f 1274 896 1278
f 1664 1274 1278
f 1660 1274 1664
f 2062 1660 1664
f 2058 1660 2062
f 2586 2058 2588
f 2588 2058 2062
f 2589 904 2587
f 2587 904 900
f 1282 900 904
f 1278 900 1282
f 1668 1278 1282
f 1664 1278 1668
f 2066 1664 1668
f 2062 1664 2066
f 2588 2062 2590
f 2590 2062 2066
f 2591 906 2589
f 2589 906 904
f 1286 904 906
f 1282 904 1286
f 1672 1282 1286
f 1668 1282 1672
f 2070 1668 1672
f 2066 1668 2070
f 2590 2066 2349
f 2066 2452 2349
f 2066 2070 2452
f 2452 2592 2349
f 2593 908 2591
f 2591 908 906
f 1288 906 908
f 1286 906 1288
f 1676 1286 1288
f 1672 1286 1676
f 2074 1672 1676
f 2070 1672 2074
f 2456 2070 2074
f 2452 2070 2456
f 2592 2452 2594
f 2594 2452 2456
f 778 908 2593
f 2595 1290 778
f 1290 908 778
f 1290 1288 908
f 1678 1288 1290
f 1676 1288 1678
f 2076 1676 1678
f 2074 1676 2076
f 2350 2456 2596
f 2456 2076 2596
f 2456 2074 2076
f 2594 2456 2350
f 1166 1290 2595
f 1558 1678 1166
f 1166 1678 1290
f 1958 2076 1558
f 1558 2076 1678
f 2596 2076 1958
f 221 1491 2813
f 2813 1491 1489
f 1491 1885 1489
f 1887 1885 1491
f 1887 2277 1885
f 2279 2277 1887
f 2279 2643 2277
f 2645 2643 2279
f 2814 2643 209
f 2643 57 209
f 2643 2645 57
f 57 222 209
f 223 1097 2815
f 2815 1097 1095
f 2813 1095 1097
f 2813 1097 221
f 209 55 2814
f 55 209 222
f 399 55 222
f 397 55 399
f 399 224 397
f 397 224 2816
f 225 709 2817
f 2817 709 707
f 2815 707 709
f 2815 709 223
f 224 781 951
f 2818 224 951
f 2816 224 2818
f 781 226 951
f 227 2817 2819
f 227 225 2817
f 951 779 2818
f 951 226 779
f 226 2820 779
f 226 228 2820
f 229 2819 2821
f 229 227 2819
f 782 230 2822
f 782 2822 780
f 780 2820 782
f 782 2820 228
f 2821 708 229
f 229 708 710
f 231 710 708
f 231 708 2823
f 400 232 2824
f 400 2824 398
f 398 2822 400
f 400 2822 230
f 2823 1096 231
f 231 1096 1098
f 233 1098 1096
f 233 1096 2825
f 58 234 2826
f 58 2826 56
f 56 2824 58
f 58 2824 232
f 2825 1490 233
f 233 1490 1492
f 1886 1492 1490
f 1886 1888 1492
f 2278 1888 1886
f 2278 2280 1888
f 2644 2280 2278
f 2644 2646 2280
f 2644 2826 2646
f 2646 2826 234
f 235 725 865
f 865 725 1243
f 1243 725 1113
f 1243 1113 1629
f 1629 1113 1507
f 1507 236 1629
f 237 345 485
f 235 865 345
f 865 485 345
f 865 869 485
f 1243 1111 2827
f 869 1243 2827
f 865 1243 869
f 1629 1505 1111
f 1629 1111 1243
f 236 1903 2031
f 236 2031 2828
f 1629 236 2828
f 1505 1629 2828
f 2031 1903 2417
f 2417 1903 2295
f 2417 2295 2783
f 2783 2295 2661
f 2783 2661 199
f 199 2661 73
f 73 238 199
f 343 2829 485
f 2829 237 485
f 2829 239 237
f 869 723 343
f 869 343 485
f 869 2827 723
f 2031 1901 2828
f 2417 2293 1901
f 2417 1901 2031
f 2783 2659 2293
f 2783 2293 2417
f 201 2830 2659
f 2783 201 2659
f 199 201 2783
f 415 551 238
f 551 199 238
f 551 201 199
f 415 240 551
f 241 2829 2831
f 241 239 2829
f 201 71 2830
f 553 2832 71
f 201 553 71
f 551 553 201
f 551 240 553
f 553 240 242
f 243 2831 2833
f 243 241 2831
f 555 2834 2832
f 555 2832 553
f 553 242 555
f 555 242 244
f 150 5 2835
f 2833 5 150
f 245 2833 150
f 243 2833 245
f 2834 555 416
f 246 2834 416
f 2834 558 413
f 2834 246 558
f 558 2836 413
f 244 416 555
f 6 150 2835
f 346 245 504
f 504 245 2837
f 245 150 2837
f 150 6 2837
f 247 346 504
f 2838 414 558
f 246 2838 558
f 248 2838 246
f 2836 558 414
f 344 504 2837
f 247 504 344
f 2839 247 344
f 249 247 2839
f 74 250 214
f 214 2840 74
f 2840 248 74
f 2840 2838 248
f 2839 724 249
f 249 724 726
f 724 2841 1276
f 1114 724 1276
f 726 724 1114
f 251 1114 1276
f 2296 252 2442
f 2296 2442 2842
f 2660 2296 2842
f 2662 2296 2660
f 250 2662 214
f 2662 72 214
f 2662 2660 72
f 2840 214 72
f 1112 1276 2841
f 1276 1112 251
f 1112 1508 251
f 1112 1506 1508
f 1902 1508 1506
f 1902 1904 1508
f 252 1904 2442
f 1904 2294 2442
f 1904 1902 2294
f 2842 2442 2294
f 253 1523 2843
f 2843 1523 1521
f 1523 1919 1521
f 1921 1919 1523
f 1921 254 1919
f 1919 254 2844
f 255 1129 2845
f 2845 1129 1127
f 2843 1127 1129
f 2843 1129 253
f 2309 2844 254
f 2309 254 2311
f 2311 256 2309
f 2309 256 2846
f 257 361 455
f 455 361 2847
f 361 739 2847
f 361 741 739
f 2845 739 741
f 2845 741 255
f 2675 2846 256
f 2675 256 2677
f 2677 87 2675
f 89 87 2677
f 89 258 87
f 87 258 2848
f 359 2849 455
f 2849 257 455
f 2849 259 257
f 455 2847 359
f 429 2848 258
f 429 258 431
f 431 260 429
f 429 260 2850
f 261 2611 2709
f 2709 2611 2851
f 2611 19 2851
f 2611 21 19
f 2849 19 21
f 2849 21 259
f 805 2850 260
f 805 260 807
f 807 262 805
f 805 262 2852
f 263 2243 2351
f 261 2709 2243
f 2243 2709 2351
f 2709 2609 2351
f 2609 2853 2351
f 2709 2851 2609
f 1179 2852 262
f 1179 262 1183
f 1183 264 1179
f 1179 264 2854
f 2241 2855 2351
f 2855 263 2351
f 2855 265 263
f 2351 2853 2241
f 2854 266 2856
f 264 266 2854
f 267 1853 2857
f 2857 1853 1851
f 2855 1851 1853
f 2855 1853 265
f 2856 268 2858
f 266 268 2856
f 269 2857 2859
f 269 267 2857
f 1184 270 2860
f 1184 2860 1180
f 1180 2858 1184
f 1184 2858 268
f 271 2859 2861
f 271 269 2859
f 272 1300 1181
f 2860 272 1181
f 270 272 2860
f 1300 2862 1181
f 2861 1852 271
f 271 1852 1854
f 273 1854 1852
f 273 1852 2863
f 1185 1300 272
f 1185 274 1300
f 274 2862 1300
f 274 2864 2862
f 2244 273 2364
f 273 2865 2364
f 273 2863 2865
f 275 2244 2364
f 2864 276 2866
f 274 276 2864
f 2242 2364 2865
f 2612 275 2726
f 2726 275 2867
f 275 2364 2867
f 2364 2242 2867
f 277 2612 2726
f 2866 278 2868
f 276 278 2866
f 2610 2726 2867
f 22 277 136
f 136 277 2869
f 277 2726 2869
f 2726 2610 2869
f 22 136 478
f 22 478 362
f 279 362 478
f 1567 2868 278
f 1567 278 1569
f 1569 280 1567
f 1567 280 2870
f 20 136 2869
f 360 478 20
f 20 478 136
f 742 279 858
f 858 279 2871
f 279 478 2871
f 478 360 2871
f 742 858 1236
f 742 1236 1130
f 281 1130 1236
f 2870 282 2872
f 280 282 2870
f 740 858 2871
f 2873 1240 740
f 1240 858 740
f 1240 1236 858
f 281 1236 1240
f 281 1240 283
f 2872 284 2874
f 282 284 2872
f 2875 1244 2873
f 2873 1244 1240
f 283 1240 1244
f 283 1244 285
f 1965 2874 284
f 1965 284 1967
f 1967 286 1965
f 1965 286 2876
f 1128 1244 2875
f 285 1244 1128
f 2877 285 1128
f 287 285 2877
f 2876 288 2878
f 286 288 2876
f 289 2877 2879
f 289 287 2877
f 2878 290 2880
f 288 290 2878
f 1524 289 1642
f 289 2881 1642
f 289 2879 2881
f 291 1524 1642
f 1968 292 2882
f 1968 2882 1966
f 1966 2880 1968
f 1968 2880 290
f 2883 1646 2881
f 2881 1646 1642
f 2044 1922 291
f 1642 2044 291
f 1646 2044 1642
f 293 1922 2044
f 1570 294 2884
f 1570 2884 1568
f 1568 2882 1570
f 1570 2882 292
f 1522 1646 2883
f 2885 2048 1522
f 2048 1646 1522
f 2048 2044 1646
f 2430 2312 293
f 2044 2430 293
f 2048 2430 2044
f 2312 2430 2794
f 2312 2794 2678
f 2678 2794 210
f 2678 210 90
f 90 210 560
f 90 560 432
f 432 560 2886
f 806 432 2886
f 808 432 806
f 1182 808 806
f 1182 1186 808
f 1182 2884 1186
f 1186 2884 294
f 1920 2048 2885
f 2887 2434 1920
f 2434 2048 1920
f 2434 2430 2048
f 2796 2430 2434
f 2794 2430 2796
f 88 210 2888
f 210 2796 2888
f 210 2794 2796
f 430 560 88
f 88 560 210
f 2886 560 430
f 2310 2434 2887
f 2676 2796 2310
f 2310 2796 2434
f 2888 2796 2676
f 124 35 2889
f 466 377 124
f 124 377 35
f 842 757 466
f 466 757 377
f 1222 1145 842
f 842 1145 757
f 295 1543 1222
f 1543 1145 1222
f 1543 1539 1145
f 1543 1937 1539
f 1941 1937 1543
f 1941 2325 1937
f 2329 2325 1941
f 2329 2691 2325
f 2693 2691 2329
f 2693 103 2691
f 105 103 2693
f 530 445 296
f 445 105 296
f 445 103 105
f 530 2890 445
f 2891 126 2889
f 2889 126 124
f 468 124 126
f 466 124 468
f 468 297 761
f 842 468 761
f 466 468 842
f 842 761 1149
f 842 1149 1222
f 295 1222 1149
f 447 530 296
f 447 298 530
f 298 2890 530
f 298 2892 2890
f 2893 128 2891
f 2891 128 126
f 470 126 128
f 468 126 470
f 297 468 470
f 297 470 299
f 821 2892 298
f 821 298 823
f 823 300 821
f 821 300 2894
f 36 128 2893
f 2895 472 36
f 472 128 36
f 472 470 128
f 299 470 472
f 299 472 301
f 2894 302 2896
f 300 302 2894
f 2897 474 2895
f 2895 474 472
f 301 472 474
f 301 474 303
f 2896 304 2898
f 302 304 2896
f 2899 476 2897
f 2897 476 474
f 303 474 476
f 303 476 305
f 1203 2898 304
f 1203 304 1205
f 1205 306 1203
f 1203 306 2900
f 378 476 2899
f 305 476 378
f 2901 305 378
f 307 305 2901
f 2900 308 2902
f 306 308 2900
f 309 2901 2903
f 309 307 2901
f 2902 310 2904
f 308 310 2902
f 2903 758 309
f 309 758 762
f 311 762 758
f 311 758 2905
f 2904 312 2906
f 310 312 2904
f 313 2905 2907
f 313 311 2905
f 1577 2906 312
f 1577 312 1579
f 1579 314 1577
f 1577 314 2908
f 1249 315 1146
f 315 2907 1146
f 315 313 2907
f 2909 1249 1146
f 2908 316 2910
f 314 316 2908
f 1249 1150 315
f 1639 317 1540
f 1540 317 2909
f 317 1150 2909
f 1150 1249 2909
f 2911 1639 1540
f 1580 318 2912
f 1580 2912 1578
f 1578 2910 1580
f 1580 2910 316
f 1639 1544 317
f 2041 319 1938
f 1938 319 2911
f 319 1544 2911
f 1544 1639 2911
f 2913 2041 1938
f 1206 320 2914
f 1206 2914 1204
f 1204 2912 1206
f 1206 2912 318
f 2041 1942 319
f 321 1942 2041
f 2913 321 2041
f 2915 321 2913
f 448 322 2916
f 448 2916 446
f 822 448 446
f 822 824 448
f 822 2914 824
f 824 2914 320
f 2915 2326 321
f 321 2326 2330
f 2692 2330 2326
f 2692 2694 2330
f 104 2694 2692
f 104 106 2694
f 104 2916 106
f 106 2916 322
f 323 2625 2739
f 2739 2625 155
f 155 2625 39
f 155 39 507
f 507 39 381
f 507 381 895
f 895 381 763
f 895 763 2917
f 763 1147 2917
f 763 1151 1147
f 1151 1541 1147
f 1545 1541 1151
f 1545 1939 1541
f 1943 1939 1545
f 1943 324 1939
f 1939 324 2918
f 325 2257 2375
f 323 2739 2257
f 2739 2375 2257
f 2739 2741 2375
f 2739 157 2741
f 2739 155 157
f 507 379 2919
f 157 507 2919
f 155 507 157
f 895 759 379
f 895 379 507
f 895 2917 759
f 2918 326 2920
f 324 326 2918
f 327 1865 1991
f 325 2375 1865
f 2375 1991 1865
f 2375 2377 1991
f 2375 2743 2377
f 2375 2741 2743
f 157 37 2921
f 2743 157 2921
f 2741 157 2743
f 157 2919 37
f 2327 2920 326
f 2327 326 2331
f 2331 328 2327
f 2327 328 2922
f 1993 329 1991
f 1991 329 327
f 1991 2379 1993
f 1991 2377 2379
f 2377 2745 2379
f 2377 2743 2745
f 2743 2921 2923
f 2743 2923 2745
f 2922 330 2924
f 328 330 2922
f 1993 1866 329
f 1866 1993 331
f 1993 2381 331
f 1993 2379 2381
f 2379 2747 2381
f 2379 2745 2747
f 2745 2923 2925
f 2745 2925 2747
f 2924 332 2926
f 330 332 2924
f 2381 2258 331
f 2258 2381 333
f 2381 2749 333
f 2381 2747 2749
f 2747 2925 38
f 165 2747 38
f 2749 2747 165
f 2927 165 38
f 2332 334 2928
f 2332 2928 2328
f 2328 2926 2332
f 2332 2926 332
f 2749 2626 333
f 2626 2749 40
f 40 2749 165
f 2927 380 165
f 380 40 165
f 380 382 40
f 335 382 380
f 335 380 2929
f 1944 336 2930
f 1944 2930 1940
f 1940 2928 1944
f 1944 2928 334
f 2929 760 335
f 335 760 764
f 1148 764 760
f 1148 1152 764
f 1542 1152 1148
f 1542 1546 1152
f 1542 2930 1546
f 1546 2930 336
