# Converted from NanoShaper .vert/.face
v -7.754000 -19.304000 -15.992000
v -5.058000 -19.304000 -15.992000
v -8.163000 -19.304000 -15.492000
v -4.155000 -19.304000 -15.492000
v -8.256000 -19.304000 -14.992000
v -3.817000 -19.304000 -14.992000
v -8.122000 -19.304000 -14.492000
v -3.722000 -19.304000 -14.492000
v -7.627000 -19.304000 -13.992000
v -3.815000 -19.304000 -13.992000
v -6.595000 -19.304000 -13.492000
v -4.149000 -19.304000 -13.492000
v -10.813000 -15.304000 -15.492000
v -9.304000 -15.304000 -15.492000
v -11.211000 -15.304000 -14.992000
v -8.686000 -15.304000 -14.992000
v -11.382000 -15.304000 -14.492000
v -8.308000 -15.304000 -14.492000
v -11.474000 -15.304000 -13.992000
v -7.928000 -15.304000 -13.992000
v -11.433000 -15.304000 -13.492000
v -7.806000 -15.304000 -13.492000
v -11.452000 -15.304000 -12.992000
v -7.809000 -15.304000 -12.992000
v -11.373000 -15.304000 -12.492000
v -7.942000 -15.304000 -12.492000
v -11.063000 -15.304000 -11.992000
v -8.386000 -15.304000 -11.992000
v -11.022000 -11.304000 -15.492000
v -8.032000 -11.304000 -15.492000
v -11.361000 -11.304000 -14.992000
v -7.721000 -11.304000 -14.992000
v -11.458000 -11.304000 -14.492000
v -7.496000 -11.304000 -14.492000
v -11.575000 -11.304000 -13.992000
v -7.189000 -11.304000 -13.992000
v -11.821000 -11.304000 -13.492000
v -6.761000 -11.304000 -13.492000
v -11.902000 -11.304000 -12.992000
v -6.522000 -11.304000 -12.992000
v -11.967000 -11.304000 -12.492000
v -6.890000 -11.304000 -12.492000
v -11.909000 -11.304000 -11.992000
v -7.303000 -11.304000 -11.992000
v -11.820000 -11.304000 -11.492000
v -8.189000 -11.304000 -11.492000
v -11.676000 -11.304000 -10.992000
v -8.511000 -11.304000 -10.992000
v -11.365000 -11.304000 -10.492000
v -9.686000 -11.304000 -10.492000
v -11.109000 -11.304000 -9.992000
v -9.945000 -11.304000 -9.992000
v -10.810000 -11.304000 -9.492000
v -10.231000 -11.304000 -9.492000
v -7.733000 -7.304000 -12.492000
v -5.894000 -7.304000 -12.492000
v -8.154000 -7.304000 -11.992000
v -5.442000 -7.304000 -11.992000
v -8.459000 -7.304000 -11.492000
v -5.321000 -7.304000 -11.492000
v -8.686000 -7.304000 -10.992000
v -5.417000 -7.304000 -10.992000
v -12.849000 -7.304000 -10.492000
v -10.715000 -7.304000 -10.492000
v -8.636000 -7.304000 -10.492000
v -5.813000 -7.304000 -10.492000
v -13.224000 -7.304000 -9.992000
v -10.405000 -7.304000 -9.992000
v -8.420000 -7.304000 -9.992000
v -6.703000 -7.304000 -9.992000
v -13.311000 -7.304000 -9.492000
v -10.356000 -7.304000 -9.492000
v -8.075000 -7.304000 -9.492000
v -7.084000 -7.304000 -9.492000
v -13.251000 -7.304000 -8.992000
v -10.494000 -7.304000 -8.992000
v -13.338000 -7.304000 -8.492000
v -10.817000 -7.304000 -8.492000
v -13.613000 -7.304000 -7.992000
v -11.013000 -7.304000 -7.992000
v -13.714000 -7.304000 -7.492000
v -11.327000 -7.304000 -7.492000
v -13.590000 -7.304000 -6.992000
v -11.510000 -7.304000 -6.992000
v -13.105000 -7.304000 -6.492000
v -11.995000 -7.304000 -6.492000
v -8.054000 -19.304000 -15.690000
v -8.054000 -19.304000 -14.380000
v -7.554000 -19.304000 -16.103000
v -7.554000 -19.304000 -13.945000
v -7.054000 -19.304000 -16.246000
v -7.054000 -19.304000 -13.660000
v -6.554000 -19.304000 -16.329000
v -6.554000 -19.304000 -13.471000
v -6.054000 -19.304000 -16.394000
v -6.054000 -19.304000 -13.175000
v -5.554000 -19.304000 -16.301000
v -5.554000 -19.304000 -13.076000
v -5.054000 -19.304000 -15.990000
v -5.054000 -19.304000 -13.112000
v -4.554000 -19.304000 -15.754000
v -4.554000 -19.304000 -13.224000
v -4.054000 -19.304000 -15.387000
v -4.054000 -19.304000 -13.591000
v -11.054000 -15.304000 -15.251000
v -11.054000 -15.304000 -11.984000
v -10.554000 -15.304000 -15.639000
v -10.554000 -15.304000 -11.661000
v -10.054000 -15.304000 -15.732000
v -10.054000 -15.304000 -11.575000
v -9.554000 -15.304000 -15.614000
v -9.554000 -15.304000 -11.585000
v -9.054000 -15.304000 -15.331000
v -9.054000 -15.304000 -11.692000
v -8.554000 -15.304000 -14.830000
v -8.554000 -15.304000 -11.902000
v -8.054000 -15.304000 -14.198000
v -8.054000 -15.304000 -12.308000
v -11.554000 -11.304000 -14.044000
v -11.554000 -11.304000 -10.773000
v -11.054000 -11.304000 -15.461000
v -11.054000 -11.304000 -9.793000
v -10.554000 -11.304000 -15.781000
v -10.554000 -11.304000 -9.413000
v -10.054000 -11.304000 -15.872000
v -10.054000 -11.304000 -9.658000
v -9.554000 -11.304000 -15.919000
v -9.554000 -11.304000 -10.596000
v -9.054000 -11.304000 -15.906000
v -9.054000 -11.304000 -10.756000
v -8.554000 -11.304000 -15.827000
v -8.554000 -11.304000 -10.949000
v -8.054000 -11.304000 -15.515000
v -8.054000 -11.304000 -11.619000
v -7.554000 -11.304000 -14.609000
v -7.554000 -11.304000 -11.895000
v -7.054000 -11.304000 -13.813000
v -7.054000 -11.304000 -12.257000
v -6.554000 -11.304000 -13.215000
v -6.554000 -11.304000 -12.843000
v -13.554000 -7.304000 -8.105000
v -13.554000 -7.304000 -6.926000
v -13.054000 -7.304000 -10.286000
v -13.054000 -7.304000 -6.466000
v -12.554000 -7.304000 -10.663000
v -12.554000 -7.304000 -6.351000
v -12.054000 -7.304000 -10.753000
v -12.054000 -7.304000 -6.462000
v -11.554000 -7.304000 -10.717000
v -11.554000 -7.304000 -6.912000
v -11.054000 -7.304000 -10.603000
v -11.054000 -7.304000 -7.914000
v -10.554000 -7.304000 -10.351000
v -10.554000 -7.304000 -8.875000
v -8.554000 -7.304000 -11.370000
v -8.554000 -7.304000 -10.145000
v -8.054000 -7.304000 -12.154000
v -8.054000 -7.304000 -9.472000
v -7.554000 -7.304000 -12.599000
v -7.554000 -7.304000 -9.280000
v -7.054000 -7.304000 -12.718000
v -7.054000 -7.304000 -9.525000
v -6.554000 -7.304000 -12.691000
v -6.554000 -7.304000 -10.101000
v -6.054000 -7.304000 -12.582000
v -6.054000 -7.304000 -10.354000
v -5.554000 -7.304000 -12.178000
v -5.554000 -7.304000 -10.750000
v -11.554000 -12.016000 -12.992000
v -11.554000 -10.032000 -12.992000
v -11.054000 -16.562000 -12.992000
v -11.054000 -13.916000 -12.992000
v -11.054000 -13.618000 -12.992000
v -11.054000 -9.494000 -12.992000
v -10.554000 -17.292000 -12.992000
v -10.554000 -9.112000 -12.992000
v -10.054000 -17.691000 -12.992000
v -10.054000 -8.992000 -12.992000
v -9.554000 -17.964000 -12.992000
v -9.554000 -8.988000 -12.992000
v -9.054000 -18.069000 -12.992000
v -9.054000 -8.967000 -12.992000
v -8.554000 -18.244000 -12.992000
v -8.554000 -14.483000 -12.992000
v -8.554000 -12.831000 -12.992000
v -8.554000 -8.806000 -12.992000
v -8.054000 -18.324000 -12.992000
v -8.054000 -15.017000 -12.992000
v -8.054000 -12.046000 -12.992000
v -8.054000 -8.342000 -12.992000
v -7.554000 -18.246000 -12.992000
v -7.554000 -15.541000 -12.992000
v -7.554000 -11.612000 -12.992000
v -7.554000 -7.780000 -12.992000
v -7.054000 -18.035000 -12.992000
v -7.054000 -16.242000 -12.992000
v -7.054000 -11.434000 -12.992000
v -7.054000 -7.658000 -12.992000
v -6.554000 -11.316000 -12.992000
v -6.554000 -7.581000 -12.992000
v -6.054000 -10.990000 -12.992000
v -6.054000 -7.693000 -12.992000
v -5.554000 -9.978000 -12.992000
v -5.554000 -8.139000 -12.992000
v -13.054000 -9.053000 -8.992000
v -13.054000 -7.063000 -8.992000
v -12.554000 -9.471000 -8.992000
v -12.554000 -6.744000 -8.992000
v -12.054000 -9.957000 -8.992000
v -12.054000 -6.658000 -8.992000
v -11.554000 -10.403000 -8.992000
v -11.554000 -6.740000 -8.992000
v -11.054000 -10.862000 -8.992000
v -11.054000 -6.875000 -8.992000
v -10.554000 -11.017000 -8.992000
v -10.554000 -7.230000 -8.992000
v -10.054000 -10.902000 -8.992000
v -10.054000 -7.801000 -8.992000
v -9.554000 -10.478000 -8.992000
v -9.554000 -8.063000 -8.992000
v -9.054000 -10.265000 -8.992000
v -9.054000 -8.082000 -8.992000
v -8.554000 -10.389000 -8.992000
v -8.554000 -7.976000 -8.992000
v -8.054000 -10.510000 -8.992000
v -8.054000 -7.636000 -8.992000
v -7.554000 -10.353000 -8.992000
v -7.554000 -7.517000 -8.992000
v -7.054000 -9.917000 -8.992000
v -7.054000 -7.664000 -8.992000
v -8.077000 -18.804000 -15.992000
v -5.043000 -18.804000 -15.992000
v -8.388000 -18.804000 -15.492000
v -4.156000 -18.804000 -15.492000
v -8.533000 -18.804000 -14.992000
v -3.817000 -18.804000 -14.992000
v -8.527000 -18.804000 -14.492000
v -3.722000 -18.804000 -14.492000
v -8.152000 -18.804000 -13.992000
v -3.815000 -18.804000 -13.992000
v -6.975000 -18.804000 -13.492000
v -4.149000 -18.804000 -13.492000
v -11.075000 -14.804000 -15.492000
v -9.099000 -14.804000 -15.492000
v -11.390000 -14.804000 -14.992000
v -8.758000 -14.804000 -14.992000
v -11.473000 -14.804000 -14.492000
v -8.547000 -14.804000 -14.492000
v -11.461000 -14.804000 -13.992000
v -8.339000 -14.804000 -13.992000
v -11.375000 -14.804000 -13.492000
v -8.230000 -14.804000 -13.492000
v -11.291000 -14.804000 -12.992000
v -8.269000 -14.804000 -12.992000
v -11.162000 -14.804000 -12.492000
v -8.468000 -14.804000 -12.492000
v -10.762000 -14.804000 -11.992000
v -8.897000 -14.804000 -11.992000
v -11.025000 -10.804000 -15.492000
v -8.016000 -10.804000 -15.492000
v -11.363000 -10.804000 -14.992000
v -7.639000 -10.804000 -14.992000
v -11.460000 -10.804000 -14.492000
v -7.227000 -10.804000 -14.492000
v -11.580000 -10.804000 -13.992000
v -6.419000 -10.804000 -13.992000
v -11.827000 -10.804000 -13.492000
v -5.997000 -10.804000 -13.492000
v -11.907000 -10.804000 -12.992000
v -5.900000 -10.804000 -12.992000
v -11.970000 -10.804000 -12.492000
v -6.033000 -10.804000 -12.492000
v -11.958000 -10.804000 -11.992000
v -6.495000 -10.804000 -11.992000
v -11.958000 -10.804000 -11.492000
v -6.966000 -10.804000 -11.492000
v -11.935000 -10.804000 -10.992000
v -7.337000 -10.804000 -10.992000
v -11.831000 -10.804000 -10.492000
v -7.489000 -10.804000 -10.492000
v -11.721000 -10.804000 -9.992000
v -7.437000 -10.804000 -9.992000
v -11.588000 -10.804000 -9.492000
v -9.216000 -10.804000 -9.492000
v -8.447000 -10.804000 -9.492000
v -7.713000 -10.804000 -9.492000
v -11.137000 -10.804000 -8.992000
v -9.904000 -10.804000 -8.992000
v -7.514000 -6.804000 -11.992000
v -6.065000 -6.804000 -11.992000
v -7.704000 -6.804000 -11.492000
v -5.826000 -6.804000 -11.492000
v -7.446000 -6.804000 -10.992000
v -6.008000 -6.804000 -10.992000
v -12.658000 -6.804000 -9.992000
v -11.460000 -6.804000 -9.992000
v -12.817000 -6.804000 -9.492000
v -11.018000 -6.804000 -9.492000
v -12.693000 -6.804000 -8.992000
v -11.269000 -6.804000 -8.992000
v -12.723000 -6.804000 -8.492000
v -11.436000 -6.804000 -8.492000
v -12.886000 -6.804000 -7.992000
v -11.698000 -6.804000 -7.992000
v -13.123000 -6.804000 -7.492000
v -11.977000 -6.804000 -7.492000
v -12.783000 -6.804000 -6.992000
v -12.317000 -6.804000 -6.992000
v -8.054000 -18.804000 -16.015000
v -8.054000 -18.804000 -13.894000
v -7.554000 -18.804000 -16.327000
v -7.554000 -18.804000 -13.619000
v -7.054000 -18.804000 -16.406000
v -7.054000 -18.804000 -13.504000
v -6.554000 -18.804000 -16.379000
v -6.554000 -18.804000 -13.336000
v -6.054000 -18.804000 -16.405000
v -6.054000 -18.804000 -13.166000
v -5.554000 -18.804000 -16.314000
v -5.554000 -18.804000 -13.079000
v -5.054000 -18.804000 -16.000000
v -5.054000 -18.804000 -13.112000
v -4.554000 -18.804000 -15.754000
v -4.554000 -18.804000 -13.224000
v -4.054000 -18.804000 -15.386000
v -4.054000 -18.804000 -13.592000
v -11.054000 -14.804000 -15.513000
v -11.054000 -14.804000 -12.293000
v -10.554000 -14.804000 -15.825000
v -10.554000 -14.804000 -11.873000
v -10.054000 -14.804000 -15.906000
v -10.054000 -14.804000 -11.772000
v -9.554000 -14.804000 -15.800000
v -9.554000 -14.804000 -11.771000
v -9.054000 -14.804000 -15.444000
v -9.054000 -14.804000 -11.897000
v -8.554000 -14.804000 -14.506000
v -8.554000 -14.804000 -12.353000
v -11.554000 -10.804000 -14.056000
v -11.554000 -10.804000 -9.432000
v -11.054000 -10.804000 -15.463000
v -11.054000 -10.804000 -8.945000
v -10.554000 -10.804000 -15.783000
v -10.554000 -10.804000 -8.815000
v -10.054000 -10.804000 -15.867000
v -10.054000 -10.804000 -8.912000
v -9.554000 -10.804000 -15.917000
v -9.554000 -10.804000 -9.260000
v -9.054000 -10.804000 -15.917000
v -9.054000 -10.804000 -9.571000
v -8.554000 -10.804000 -15.839000
v -8.554000 -10.804000 -9.546000
v -8.054000 -10.804000 -15.531000
v -8.054000 -10.804000 -9.379000
v -7.554000 -10.804000 -14.886000
v -7.554000 -10.804000 -9.649000
v -7.054000 -10.804000 -14.340000
v -7.054000 -10.804000 -11.400000
v -6.554000 -10.804000 -14.069000
v -6.554000 -10.804000 -11.931000
v -6.054000 -10.804000 -13.606000
v -6.054000 -10.804000 -12.453000
v -13.054000 -6.804000 -7.787000
v -13.054000 -6.804000 -7.244000
v -12.554000 -6.804000 -10.096000
v -12.554000 -6.804000 -6.943000
v -12.054000 -6.804000 -10.256000
v -12.054000 -6.804000 -7.228000
v -11.554000 -6.804000 -10.040000
v -11.554000 -6.804000 -8.139000
v -11.054000 -6.804000 -9.654000
v -11.054000 -6.804000 -9.263000
v -7.554000 -6.804000 -11.947000
v -7.554000 -6.804000 -11.098000
v -7.054000 -6.804000 -12.195000
v -7.054000 -6.804000 -10.850000
v -6.554000 -6.804000 -12.164000
v -6.554000 -6.804000 -10.764000
v -6.054000 -6.804000 -11.982000
v -6.054000 -6.804000 -10.945000
v -11.554000 -12.065000 -12.492000
v -11.554000 -9.668000 -12.492000
v -11.054000 -16.446000 -12.492000
v -11.054000 -14.662000 -12.492000
v -11.054000 -12.563000 -12.492000
v -11.054000 -9.157000 -12.492000
v -10.554000 -16.973000 -12.492000
v -10.554000 -14.051000 -12.492000
v -10.554000 -13.109000 -12.492000
v -10.554000 -8.651000 -12.492000
v -10.054000 -17.463000 -12.492000
v -10.054000 -8.519000 -12.492000
v -9.554000 -17.808000 -12.492000
v -9.554000 -13.906000 -12.492000
v -9.554000 -12.834000 -12.492000
v -9.554000 -8.568000 -12.492000
v -9.054000 -17.893000 -12.492000
v -9.054000 -14.209000 -12.492000
v -9.054000 -12.536000 -12.492000
v -9.054000 -8.524000 -12.492000
v -8.554000 -17.921000 -12.492000
v -8.554000 -14.715000 -12.492000
v -8.554000 -12.262000 -12.492000
v -8.554000 -8.163000 -12.492000
v -8.054000 -17.991000 -12.492000
v -8.054000 -15.161000 -12.492000
v -8.054000 -11.860000 -12.492000
v -8.054000 -7.641000 -12.492000
v -7.554000 -17.823000 -12.492000
v -7.554000 -15.690000 -12.492000
v -7.554000 -11.509000 -12.492000
v -7.554000 -7.167000 -12.492000
v -7.054000 -11.346000 -12.492000
v -7.054000 -7.021000 -12.492000
v -6.554000 -11.201000 -12.492000
v -6.554000 -7.066000 -12.492000
v -6.054000 -10.831000 -12.492000
v -6.054000 -7.191000 -12.492000
v -5.554000 -10.048000 -12.492000
v -5.554000 -7.661000 -12.492000
v -13.554000 -8.431000 -8.492000
v -13.554000 -7.704000 -8.492000
v -13.054000 -9.108000 -8.492000
v -13.054000 -7.021000 -8.492000
v -12.554000 -9.401000 -8.492000
v -12.554000 -6.730000 -8.492000
v -12.054000 -9.631000 -8.492000
v -12.054000 -6.647000 -8.492000
v -11.554000 -9.841000 -8.492000
v -11.554000 -6.749000 -8.492000
v -11.054000 -9.991000 -8.492000
v -11.054000 -7.059000 -8.492000
v -10.554000 -9.954000 -8.492000
v -10.554000 -7.797000 -8.492000
v -10.054000 -9.398000 -8.492000
v -10.054000 -8.654000 -8.492000
v -8.093000 -18.304000 -15.992000
v -5.340000 -18.304000 -15.992000
v -8.503000 -18.304000 -15.492000
v -4.475000 -18.304000 -15.492000
v -8.931000 -18.304000 -14.992000
v -4.030000 -18.304000 -14.992000
v -9.436000 -18.304000 -14.492000
v -3.918000 -18.304000 -14.492000
v -9.658000 -18.304000 -13.992000
v -4.028000 -18.304000 -13.992000
v -9.290000 -18.304000 -13.492000
v -4.466000 -18.304000 -13.492000
v -8.337000 -18.304000 -12.992000
v -7.807000 -18.304000 -12.992000
v -11.057000 -14.304000 -15.492000
v -9.089000 -14.304000 -15.492000
v -11.377000 -14.304000 -14.992000
v -8.766000 -14.304000 -14.992000
v -11.462000 -14.304000 -14.492000
v -8.638000 -14.304000 -14.492000
v -11.440000 -14.304000 -13.992000
v -8.562000 -14.304000 -13.992000
v -11.344000 -14.304000 -13.492000
v -8.539000 -14.304000 -13.492000
v -11.129000 -14.304000 -12.992000
v -8.656000 -14.304000 -12.992000
v -10.764000 -14.304000 -12.492000
v -8.949000 -14.304000 -12.492000
v -10.711000 -10.304000 -15.492000
v -8.287000 -10.304000 -15.492000
v -11.153000 -10.304000 -14.992000
v -7.651000 -10.304000 -14.992000
v -11.265000 -10.304000 -14.492000
v -7.035000 -10.304000 -14.492000
v -11.358000 -10.304000 -13.992000
v -6.079000 -10.304000 -13.992000
v -11.624000 -10.304000 -13.492000
v -5.764000 -10.304000 -13.492000
v -11.732000 -10.304000 -12.992000
v -5.679000 -10.304000 -12.992000
v -11.864000 -10.304000 -12.492000
v -5.737000 -10.304000 -12.492000
v -11.962000 -10.304000 -11.992000
v -6.021000 -10.304000 -11.992000
v -12.048000 -10.304000 -11.492000
v -6.528000 -10.304000 -11.492000
v -12.200000 -10.304000 -10.992000
v -6.757000 -10.304000 -10.992000
v -12.284000 -10.304000 -10.492000
v -6.854000 -10.304000 -10.492000
v -12.250000 -10.304000 -9.992000
v -6.841000 -10.304000 -9.992000
v -12.141000 -10.304000 -9.492000
v -6.994000 -10.304000 -9.492000
v -11.699000 -10.304000 -8.992000
v -9.267000 -10.304000 -8.992000
v -8.797000 -10.304000 -8.992000
v -7.486000 -10.304000 -8.992000
v -9.554000 -18.304000 -14.367000
v -9.554000 -18.304000 -13.700000
v -9.054000 -18.304000 -14.858000
v -9.054000 -18.304000 -13.450000
v -8.554000 -18.304000 -15.429000
v -8.554000 -18.304000 -13.170000
v -8.054000 -18.304000 -16.030000
v -8.054000 -18.304000 -12.943000
v -7.554000 -18.304000 -16.339000
v -7.554000 -18.304000 -13.072000
v -7.054000 -18.304000 -16.417000
v -7.054000 -18.304000 -13.183000
v -6.554000 -18.304000 -16.365000
v -6.554000 -18.304000 -13.235000
v -6.054000 -18.304000 -16.283000
v -6.054000 -18.304000 -13.264000
v -5.554000 -18.304000 -16.117000
v -5.554000 -18.304000 -13.278000
v -5.054000 -18.304000 -15.767000
v -5.054000 -18.304000 -13.308000
v -4.554000 -18.304000 -15.537000
v -4.554000 -18.304000 -13.441000
v -4.054000 -18.304000 -15.040000
v -4.054000 -18.304000 -13.938000
v -11.054000 -14.304000 -15.495000
v -11.054000 -14.304000 -12.868000
v -10.554000 -14.304000 -15.814000
v -10.554000 -14.304000 -12.317000
v -10.054000 -14.304000 -15.899000
v -10.054000 -14.304000 -12.179000
v -9.554000 -14.304000 -15.798000
v -9.554000 -14.304000 -12.200000
v -9.054000 -14.304000 -15.456000
v -9.054000 -14.304000 -12.404000
v -8.554000 -14.304000 -13.959000
v -8.554000 -14.304000 -13.430000
v -12.054000 -10.304000 -11.465000
v -12.054000 -10.304000 -9.337000
v -11.554000 -10.304000 -13.633000
v -11.554000 -10.304000 -8.916000
v -11.054000 -10.304000 -15.163000
v -11.054000 -10.304000 -8.683000
v -10.554000 -10.304000 -15.575000
v -10.554000 -10.304000 -8.605000
v -10.054000 -10.304000 -15.674000
v -10.054000 -10.304000 -8.687000
v -9.554000 -10.304000 -15.729000
v -9.554000 -10.304000 -8.911000
v -9.054000 -10.304000 -15.736000
v -9.054000 -10.304000 -9.013000
v -8.554000 -10.304000 -15.645000
v -8.554000 -10.304000 -8.930000
v -8.054000 -10.304000 -15.305000
v -8.054000 -10.304000 -8.834000
v -7.554000 -10.304000 -14.893000
v -7.554000 -10.304000 -8.956000
v -7.054000 -10.304000 -14.502000
v -7.054000 -10.304000 -9.400000
v -6.554000 -10.304000 -14.304000
v -6.554000 -10.304000 -11.450000
v -6.054000 -10.304000 -13.967000
v -6.054000 -10.304000 -11.960000
v -8.054000 -18.874000 -15.992000
v -8.054000 -18.172000 -15.992000
v -7.554000 -19.436000 -15.992000
v -7.554000 -17.610000 -15.992000
v -7.054000 -19.851000 -15.992000
v -7.054000 -17.502000 -15.992000
v -6.554000 -20.019000 -15.992000
v -6.554000 -17.603000 -15.992000
v -6.054000 -20.032000 -15.992000
v -6.054000 -17.732000 -15.992000
v -5.554000 -19.902000 -15.992000
v -5.554000 -18.141000 -15.992000
v -5.054000 -19.293000 -15.992000
v -5.054000 -18.767000 -15.992000
v -11.554000 -12.010000 -11.992000
v -11.554000 -9.151000 -11.992000
v -11.054000 -15.840000 -11.992000
v -11.054000 -15.273000 -11.992000
v -11.054000 -12.393000 -11.992000
v -11.054000 -8.609000 -11.992000
v -10.554000 -16.498000 -11.992000
v -10.554000 -14.649000 -11.992000
v -10.554000 -12.597000 -11.992000
v -10.554000 -8.182000 -11.992000
v -10.054000 -16.981000 -11.992000
v -10.054000 -14.511000 -11.992000
v -10.054000 -12.536000 -11.992000
v -10.054000 -8.053000 -11.992000
v -9.554000 -17.415000 -11.992000
v -9.554000 -14.516000 -11.992000
v -9.554000 -12.307000 -11.992000
v -9.554000 -8.073000 -11.992000
v -9.054000 -17.537000 -11.992000
v -9.054000 -14.681000 -11.992000
v -9.054000 -12.066000 -11.992000
v -9.054000 -7.963000 -11.992000
v -8.554000 -17.491000 -11.992000
v -8.554000 -15.173000 -11.992000
v -8.554000 -11.883000 -11.992000
v -8.554000 -7.635000 -11.992000
v -8.054000 -17.358000 -11.992000
v -8.054000 -15.697000 -11.992000
v -8.054000 -11.537000 -11.992000
v -8.054000 -7.198000 -11.992000
v -7.554000 -11.348000 -11.992000
v -7.554000 -6.820000 -11.992000
v -7.054000 -11.220000 -11.992000
v -7.054000 -6.712000 -11.992000
v -6.554000 -10.861000 -11.992000
v -6.554000 -6.719000 -11.992000
v -6.054000 -10.333000 -11.992000
v -6.054000 -6.808000 -11.992000
v -5.554000 -9.911000 -11.992000
v -5.554000 -7.157000 -11.992000
v -13.554000 -8.932000 -7.992000
v -13.554000 -7.230000 -7.992000
v -13.054000 -9.297000 -7.992000
v -13.054000 -6.865000 -7.992000
v -12.554000 -9.441000 -7.992000
v -12.554000 -6.731000 -7.992000
v -12.054000 -9.489000 -7.992000
v -12.054000 -6.727000 -7.992000
v -11.554000 -9.461000 -7.992000
v -11.554000 -6.857000 -7.992000
v -11.054000 -9.251000 -7.992000
v -11.054000 -7.247000 -7.992000
v -7.820000 -17.804000 -15.992000
v -5.944000 -17.804000 -15.992000
v -8.572000 -17.804000 -15.492000
v -5.436000 -17.804000 -15.492000
v -9.744000 -17.804000 -14.992000
v -4.723000 -17.804000 -14.992000
v -10.155000 -17.804000 -14.492000
v -4.471000 -17.804000 -14.492000
v -10.267000 -17.804000 -13.992000
v -4.715000 -17.804000 -13.992000
v -10.153000 -17.804000 -13.492000
v -6.150000 -17.804000 -13.492000
v -9.851000 -17.804000 -12.992000
v -6.874000 -17.804000 -12.992000
v -9.565000 -17.804000 -12.492000
v -7.527000 -17.804000 -12.492000
v -11.034000 -13.804000 -15.492000
v -9.090000 -13.804000 -15.492000
v -11.369000 -13.804000 -14.992000
v -8.731000 -13.804000 -14.992000
v -11.464000 -13.804000 -14.492000
v -8.625000 -13.804000 -14.492000
v -11.452000 -13.804000 -13.992000
v -8.549000 -13.804000 -13.992000
v -11.357000 -13.804000 -13.492000
v -8.586000 -13.804000 -13.492000
v -11.050000 -13.804000 -12.992000
v -8.798000 -13.804000 -12.992000
v -10.341000 -13.804000 -12.492000
v -9.727000 -13.804000 -12.492000
v -10.477000 -9.804000 -14.992000
v -7.959000 -9.804000 -14.992000
v -10.724000 -9.804000 -14.492000
v -7.160000 -9.804000 -14.492000
v -10.888000 -9.804000 -13.992000
v -6.049000 -9.804000 -13.992000
v -11.159000 -9.804000 -13.492000
v -5.704000 -9.804000 -13.492000
v -11.339000 -9.804000 -12.992000
v -5.469000 -9.804000 -12.992000
v -11.650000 -9.804000 -12.492000
v -5.360000 -9.804000 -12.492000
v -11.880000 -9.804000 -11.992000
v -5.466000 -9.804000 -11.992000
v -12.115000 -9.804000 -11.492000
v -5.885000 -9.804000 -11.492000
v -12.390000 -9.804000 -10.992000
v -6.247000 -9.804000 -10.992000
v -12.467000 -9.804000 -10.492000
v -6.346000 -9.804000 -10.492000
v -12.461000 -9.804000 -9.992000
v -6.354000 -9.804000 -9.992000
v -12.414000 -9.804000 -9.492000
v -6.468000 -9.804000 -9.492000
v -12.190000 -9.804000 -8.992000
v -6.903000 -9.804000 -8.992000
v -11.648000 -9.804000 -8.492000
v -10.361000 -9.804000 -8.492000
v -10.054000 -17.804000 -14.673000
v -10.054000 -17.804000 -13.287000
v -9.554000 -17.804000 -15.099000
v -9.554000 -17.804000 -12.483000
v -9.054000 -17.804000 -15.273000
v -9.054000 -17.804000 -12.316000
v -8.554000 -17.804000 -15.501000
v -8.554000 -17.804000 -12.360000
v -8.054000 -17.804000 -15.815000
v -8.054000 -17.804000 -12.340000
v -7.554000 -17.804000 -16.145000
v -7.554000 -17.804000 -12.477000
v -7.054000 -17.804000 -16.236000
v -7.054000 -17.804000 -12.853000
v -6.554000 -17.804000 -16.156000
v -6.554000 -17.804000 -13.226000
v -6.054000 -17.804000 -16.049000
v -6.054000 -17.804000 -13.549000
v -5.554000 -17.804000 -15.628000
v -5.554000 -17.804000 -13.796000
v -5.054000 -17.804000 -15.162000
v -5.054000 -17.804000 -13.862000
v -4.554000 -17.804000 -14.802000
v -4.554000 -17.804000 -14.176000
v -11.054000 -13.804000 -15.472000
v -11.054000 -13.804000 -12.998000
v -10.554000 -13.804000 -15.793000
v -10.554000 -13.804000 -12.578000
v -10.054000 -13.804000 -15.881000
v -10.054000 -13.804000 -12.463000
v -9.554000 -13.804000 -15.782000
v -9.554000 -13.804000 -12.536000
v -9.054000 -13.804000 -15.459000
v -9.054000 -13.804000 -12.731000
v -8.554000 -13.804000 -14.020000
v -8.554000 -13.804000 -13.600000
v -12.054000 -9.804000 -11.598000
v -12.054000 -9.804000 -8.797000
v -11.554000 -9.804000 -12.661000
v -11.554000 -9.804000 -8.447000
v -11.054000 -9.804000 -13.681000
v -11.054000 -9.804000 -8.352000
v -10.554000 -9.804000 -14.919000
v -10.554000 -9.804000 -8.426000
v -10.054000 -9.804000 -15.129000
v -10.054000 -9.804000 -8.601000
v -9.554000 -9.804000 -15.200000
v -9.554000 -9.804000 -8.700000
v -9.054000 -9.804000 -15.225000
v -9.054000 -9.804000 -8.759000
v -8.554000 -9.804000 -15.194000
v -8.554000 -9.804000 -8.711000
v -8.054000 -9.804000 -15.046000
v -8.054000 -9.804000 -8.641000
v -7.554000 -9.804000 -14.698000
v -7.554000 -9.804000 -8.737000
v -7.054000 -9.804000 -14.454000
v -7.054000 -9.804000 -8.909000
v -6.554000 -9.804000 -14.322000
v -6.554000 -9.804000 -9.337000
v -6.054000 -9.804000 -13.998000
v -6.054000 -9.804000 -11.321000
v -5.554000 -9.804000 -13.201000
v -5.554000 -9.804000 -11.833000
v -11.054000 -14.888000 -15.492000
v -11.054000 -14.281000 -15.492000
v -11.054000 -13.396000 -15.492000
v -11.054000 -12.838000 -15.492000
v -10.554000 -15.498000 -15.492000
v -10.554000 -10.195000 -15.492000
v -10.054000 -15.699000 -15.492000
v -10.054000 -10.072000 -15.492000
v -9.554000 -15.568000 -15.492000
v -9.554000 -10.013000 -15.492000
v -9.054000 -13.482000 -15.492000
v -9.054000 -10.001000 -15.492000
v -8.554000 -18.006000 -15.492000
v -8.554000 -17.601000 -15.492000
v -8.554000 -12.464000 -15.492000
v -8.554000 -10.109000 -15.492000
v -8.054000 -19.434000 -15.492000
v -8.054000 -17.143000 -15.492000
v -8.054000 -11.374000 -15.492000
v -8.054000 -10.670000 -15.492000
v -7.554000 -19.866000 -15.492000
v -7.554000 -17.038000 -15.492000
v -7.054000 -20.265000 -15.492000
v -7.054000 -17.144000 -15.492000
v -6.554000 -20.380000 -15.492000
v -6.554000 -17.272000 -15.492000
v -6.054000 -20.341000 -15.492000
v -6.054000 -17.372000 -15.492000
v -5.554000 -20.244000 -15.492000
v -5.554000 -17.708000 -15.492000
v -5.054000 -20.059000 -15.492000
v -5.054000 -18.028000 -15.492000
v -4.554000 -19.865000 -15.492000
v -4.554000 -18.244000 -15.492000
v -12.054000 -10.275000 -11.492000
v -12.054000 -9.253000 -11.492000
v -11.554000 -11.859000 -11.492000
v -11.554000 -8.334000 -11.492000
v -11.054000 -12.250000 -11.492000
v -11.054000 -8.027000 -11.492000
v -10.554000 -12.374000 -11.492000
v -10.554000 -7.829000 -11.492000
v -10.054000 -12.283000 -11.492000
v -10.054000 -7.737000 -11.492000
v -9.554000 -11.988000 -11.492000
v -9.554000 -7.750000 -11.492000
v -9.054000 -11.811000 -11.492000
v -9.054000 -7.634000 -11.492000
v -8.554000 -11.521000 -11.492000
v -8.554000 -7.350000 -11.492000
v -8.054000 -11.235000 -11.492000
v -8.054000 -7.053000 -11.492000
v -7.554000 -11.064000 -11.492000
v -7.554000 -6.733000 -11.492000
v -7.054000 -10.870000 -11.492000
v -7.054000 -6.632000 -11.492000
v -6.554000 -10.334000 -11.492000
v -6.554000 -6.616000 -11.492000
v -6.054000 -9.938000 -11.492000
v -6.054000 -6.698000 -11.492000
v -5.554000 -9.461000 -11.492000
v -5.554000 -7.008000 -11.492000
v -13.554000 -9.056000 -7.492000
v -13.554000 -7.106000 -7.492000
v -13.054000 -9.387000 -7.492000
v -13.054000 -6.775000 -7.492000
v -12.554000 -9.481000 -7.492000
v -12.554000 -6.681000 -7.492000
v -12.054000 -9.400000 -7.492000
v -12.054000 -6.772000 -7.492000
v -11.554000 -9.158000 -7.492000
v -11.554000 -7.065000 -7.492000
v -8.246000 -17.304000 -15.492000
v -6.298000 -17.304000 -15.492000
v -10.209000 -17.304000 -14.992000
v -5.981000 -17.304000 -14.992000
v -10.651000 -17.304000 -14.492000
v -6.135000 -17.304000 -14.492000
v -10.762000 -17.304000 -13.992000
v -6.381000 -17.304000 -13.992000
v -10.682000 -17.304000 -13.492000
v -6.518000 -17.304000 -13.492000
v -10.546000 -17.304000 -12.992000
v -6.786000 -17.304000 -12.992000
v -10.189000 -17.304000 -12.492000
v -7.173000 -17.304000 -12.492000
v -9.711000 -17.304000 -11.992000
v -7.972000 -17.304000 -11.992000
v -11.061000 -13.304000 -15.492000
v -8.987000 -13.304000 -15.492000
v -11.381000 -13.304000 -14.992000
v -8.563000 -13.304000 -14.992000
v -11.470000 -13.304000 -14.492000
v -8.435000 -13.304000 -14.492000
v -11.468000 -13.304000 -13.992000
v -8.353000 -13.304000 -13.992000
v -11.375000 -13.304000 -13.492000
v -8.429000 -13.304000 -13.492000
v -11.072000 -13.304000 -12.992000
v -8.748000 -13.304000 -12.992000
v -10.332000 -13.304000 -12.492000
v -9.984000 -13.304000 -12.492000
v -9.195000 -9.304000 -14.492000
v -8.028000 -9.304000 -14.492000
v -9.798000 -9.304000 -13.992000
v -6.076000 -9.304000 -13.992000
v -10.539000 -9.304000 -13.492000
v -5.598000 -9.304000 -13.492000
v -10.843000 -9.304000 -12.992000
v -5.250000 -9.304000 -12.992000
v -11.217000 -9.304000 -12.492000
v -5.149000 -9.304000 -12.492000
v -11.659000 -9.304000 -11.992000
v -5.237000 -9.304000 -11.992000
v -12.070000 -9.304000 -11.492000
v -5.436000 -9.304000 -11.492000
v -12.424000 -9.304000 -10.992000
v -5.765000 -9.304000 -10.992000
v -12.633000 -9.304000 -10.492000
v -5.951000 -9.304000 -10.492000
v -12.717000 -9.304000 -9.992000
v -6.143000 -9.304000 -9.992000
v -12.774000 -9.304000 -9.492000
v -6.273000 -9.304000 -9.492000
v -12.746000 -9.304000 -8.992000
v -6.614000 -9.304000 -8.992000
v -12.735000 -9.304000 -8.492000
v -9.994000 -9.304000 -8.492000
v -13.038000 -9.304000 -7.992000
v -11.127000 -9.304000 -7.992000
v -13.232000 -9.304000 -7.492000
v -11.799000 -9.304000 -7.492000
v -12.987000 -9.304000 -6.992000
v -12.113000 -9.304000 -6.992000
v -10.554000 -17.304000 -14.661000
v -10.554000 -17.304000 -13.009000
v -10.054000 -17.304000 -15.080000
v -10.054000 -17.304000 -12.294000
v -9.554000 -17.304000 -15.321000
v -9.554000 -17.304000 -11.914000
v -9.054000 -17.304000 -15.411000
v -9.054000 -17.304000 -11.823000
v -8.554000 -17.304000 -15.451000
v -8.554000 -17.304000 -11.845000
v -8.054000 -17.304000 -15.547000
v -8.054000 -17.304000 -11.950000
v -7.554000 -17.304000 -15.697000
v -7.554000 -17.304000 -12.234000
v -7.054000 -17.304000 -15.726000
v -7.054000 -17.304000 -12.616000
v -6.554000 -17.304000 -15.557000
v -6.554000 -17.304000 -13.406000
v -6.054000 -17.304000 -15.269000
v -6.054000 -17.304000 -14.680000
v -11.054000 -13.304000 -15.499000
v -11.054000 -13.304000 -12.970000
v -10.554000 -13.304000 -15.821000
v -10.554000 -13.304000 -12.565000
v -10.054000 -13.304000 -15.909000
v -10.054000 -13.304000 -12.483000
v -9.554000 -13.304000 -15.810000
v -9.554000 -13.304000 -12.615000
v -9.054000 -13.304000 -15.538000
v -9.054000 -13.304000 -12.766000
v -8.554000 -13.304000 -14.975000
v -8.554000 -13.304000 -13.237000
v -13.054000 -9.304000 -7.975000
v -13.054000 -9.304000 -7.056000
v -12.554000 -9.304000 -10.718000
v -12.554000 -9.304000 -6.833000
v -12.054000 -9.304000 -11.508000
v -12.054000 -9.304000 -7.047000
v -11.554000 -9.304000 -12.154000
v -11.554000 -9.304000 -7.748000
v -11.054000 -9.304000 -12.653000
v -11.054000 -9.304000 -8.024000
v -10.554000 -9.304000 -13.476000
v -10.554000 -9.304000 -8.212000
v -10.054000 -9.304000 -13.802000
v -10.054000 -9.304000 -8.466000
v -9.554000 -9.304000 -14.176000
v -9.554000 -9.304000 -8.596000
v -9.054000 -9.304000 -14.521000
v -9.054000 -9.304000 -8.580000
v -8.554000 -9.304000 -14.639000
v -8.554000 -9.304000 -8.590000
v -8.054000 -9.304000 -14.498000
v -8.054000 -9.304000 -8.609000
v -7.554000 -9.304000 -14.412000
v -7.554000 -9.304000 -8.619000
v -7.054000 -9.304000 -14.368000
v -7.054000 -9.304000 -8.714000
v -6.554000 -9.304000 -14.284000
v -6.554000 -9.304000 -9.051000
v -6.054000 -9.304000 -13.972000
v -6.054000 -9.304000 -10.260000
v -5.554000 -9.304000 -13.449000
v -5.554000 -9.304000 -11.294000
v -11.054000 -15.647000 -14.992000
v -11.054000 -10.179000 -14.992000
v -10.554000 -16.688000 -14.992000
v -10.554000 -9.831000 -14.992000
v -10.054000 -17.440000 -14.992000
v -10.054000 -9.742000 -14.992000
v -9.554000 -17.933000 -14.992000
v -9.554000 -9.692000 -14.992000
v -9.054000 -18.202000 -14.992000
v -9.054000 -9.631000 -14.992000
v -8.554000 -18.769000 -14.992000
v -8.554000 -15.594000 -14.992000
v -8.554000 -13.289000 -14.992000
v -8.554000 -9.569000 -14.992000
v -8.054000 -19.541000 -14.992000
v -8.054000 -15.990000 -14.992000
v -8.054000 -12.411000 -14.992000
v -8.054000 -9.731000 -14.992000
v -7.554000 -20.036000 -14.992000
v -7.554000 -16.180000 -14.992000
v -7.054000 -20.386000 -14.992000
v -7.054000 -16.697000 -14.992000
v -6.554000 -20.491000 -14.992000
v -6.554000 -17.055000 -14.992000
v -6.054000 -20.429000 -14.992000
v -6.054000 -17.275000 -14.992000
v -5.554000 -20.375000 -14.992000
v -5.554000 -17.545000 -14.992000
v -5.054000 -20.360000 -14.992000
v -5.054000 -17.734000 -14.992000
v -4.554000 -20.242000 -14.992000
v -4.554000 -17.867000 -14.992000
v -4.054000 -19.839000 -14.992000
v -4.054000 -18.271000 -14.992000
v -12.054000 -10.573000 -10.992000
v -12.054000 -7.653000 -10.992000
v -11.554000 -11.459000 -10.992000
v -11.554000 -7.524000 -10.992000
v -11.054000 -11.876000 -10.992000
v -11.054000 -7.594000 -10.992000
v -10.554000 -12.025000 -10.992000
v -10.554000 -7.603000 -10.992000
v -10.054000 -11.903000 -10.992000
v -10.054000 -7.642000 -10.992000
v -9.554000 -11.602000 -10.992000
v -9.554000 -7.657000 -10.992000
v -9.054000 -11.473000 -10.992000
v -9.054000 -7.519000 -10.992000
v -8.554000 -11.322000 -10.992000
v -8.554000 -7.240000 -10.992000
v -8.054000 -11.062000 -10.992000
v -8.054000 -7.078000 -10.992000
v -7.554000 -10.899000 -10.992000
v -7.554000 -6.846000 -10.992000
v -7.054000 -10.595000 -10.992000
v -7.054000 -6.736000 -10.992000
v -6.554000 -10.121000 -10.992000
v -6.554000 -6.698000 -10.992000
v -6.054000 -9.624000 -10.992000
v -6.054000 -6.785000 -10.992000
v -5.554000 -8.939000 -10.992000
v -5.554000 -7.125000 -10.992000
v -13.554000 -8.904000 -6.992000
v -13.554000 -7.258000 -6.992000
v -13.054000 -9.277000 -6.992000
v -13.054000 -6.885000 -6.992000
v -12.554000 -9.379000 -6.992000
v -12.554000 -6.783000 -6.992000
v -12.054000 -9.281000 -6.992000
v -12.054000 -6.881000 -6.992000
v -11.554000 -8.914000 -6.992000
v -11.554000 -7.248000 -6.992000
v -10.530000 -16.804000 -14.992000
v -6.936000 -16.804000 -14.992000
v -10.869000 -16.804000 -14.492000
v -6.671000 -16.804000 -14.492000
v -10.967000 -16.804000 -13.992000
v -6.671000 -16.804000 -13.992000
v -10.916000 -16.804000 -13.492000
v -6.705000 -16.804000 -13.492000
v -10.865000 -16.804000 -12.992000
v -6.816000 -16.804000 -12.992000
v -10.695000 -16.804000 -12.492000
v -7.154000 -16.804000 -12.492000
v -10.301000 -16.804000 -11.992000
v -7.623000 -16.804000 -11.992000
v -11.046000 -12.804000 -15.492000
v -8.705000 -12.804000 -15.492000
v -11.361000 -12.804000 -14.992000
v -8.321000 -12.804000 -14.992000
v -11.452000 -12.804000 -14.492000
v -8.199000 -12.804000 -14.492000
v -11.488000 -12.804000 -13.992000
v -8.145000 -12.804000 -13.992000
v -11.393000 -12.804000 -13.492000
v -8.237000 -12.804000 -13.492000
v -11.197000 -12.804000 -12.992000
v -8.542000 -12.804000 -12.992000
v -10.852000 -12.804000 -12.492000
v -9.509000 -12.804000 -12.492000
v -7.659000 -8.804000 -13.992000
v -6.398000 -8.804000 -13.992000
v -8.138000 -8.804000 -13.492000
v -5.582000 -8.804000 -13.492000
v -8.549000 -8.804000 -12.992000
v -5.237000 -8.804000 -12.992000
v -10.756000 -8.804000 -12.492000
v -5.137000 -8.804000 -12.492000
v -11.275000 -8.804000 -11.992000
v -5.133000 -8.804000 -11.992000
v -11.870000 -8.804000 -11.492000
v -5.232000 -8.804000 -11.492000
v -12.521000 -8.804000 -10.992000
v -5.464000 -8.804000 -10.992000
v -12.860000 -8.804000 -10.492000
v -5.744000 -8.804000 -10.492000
v -13.158000 -8.804000 -9.992000
v -6.052000 -8.804000 -9.992000
v -13.250000 -8.804000 -9.492000
v -6.272000 -8.804000 -9.492000
v -13.254000 -8.804000 -8.992000
v -6.597000 -8.804000 -8.992000
v -13.366000 -8.804000 -8.492000
v -9.968000 -8.804000 -8.492000
v -13.651000 -8.804000 -7.992000
v -10.806000 -8.804000 -7.992000
v -13.749000 -8.804000 -7.492000
v -11.247000 -8.804000 -7.492000
v -13.629000 -8.804000 -6.992000
v -11.471000 -8.804000 -6.992000
v -13.175000 -8.804000 -6.492000
v -11.925000 -8.804000 -6.492000
v -10.554000 -16.804000 -14.968000
v -10.554000 -16.804000 -12.247000
v -10.054000 -16.804000 -15.286000
v -10.054000 -16.804000 -11.853000
v -9.554000 -16.804000 -15.378000
v -9.554000 -16.804000 -11.712000
v -9.054000 -16.804000 -15.415000
v -9.054000 -16.804000 -11.649000
v -8.554000 -16.804000 -15.363000
v -8.554000 -16.804000 -11.642000
v -8.054000 -16.804000 -15.397000
v -8.054000 -16.804000 -11.730000
v -7.554000 -16.804000 -15.346000
v -7.554000 -16.804000 -12.058000
v -7.054000 -16.804000 -15.089000
v -7.054000 -16.804000 -12.597000
v -11.054000 -12.804000 -15.483000
v -11.054000 -12.804000 -12.775000
v -10.554000 -12.804000 -15.811000
v -10.554000 -12.804000 -12.274000
v -10.054000 -12.804000 -15.900000
v -10.054000 -12.804000 -12.268000
v -9.554000 -12.804000 -15.842000
v -9.554000 -12.804000 -12.476000
v -9.054000 -12.804000 -15.712000
v -9.054000 -12.804000 -12.640000
v -8.554000 -12.804000 -15.342000
v -8.554000 -12.804000 -12.978000
v -13.554000 -8.804000 -8.171000
v -13.554000 -8.804000 -6.860000
v -13.054000 -8.804000 -10.183000
v -13.054000 -8.804000 -6.428000
v -12.554000 -8.804000 -10.955000
v -12.554000 -8.804000 -6.316000
v -12.054000 -8.804000 -11.367000
v -12.054000 -8.804000 -6.424000
v -11.554000 -8.804000 -11.754000
v -11.554000 -8.804000 -6.847000
v -11.054000 -8.804000 -12.195000
v -11.054000 -8.804000 -7.758000
v -10.554000 -8.804000 -12.619000
v -10.554000 -8.804000 -8.166000
v -10.054000 -8.804000 -12.754000
v -10.054000 -8.804000 -8.453000
v -9.554000 -8.804000 -12.729000
v -9.554000 -8.804000 -8.600000
v -9.054000 -8.804000 -12.754000
v -9.054000 -8.804000 -8.593000
v -8.554000 -8.804000 -12.989000
v -8.554000 -8.804000 -8.587000
v -8.054000 -8.804000 -13.652000
v -8.054000 -8.804000 -8.612000
v -7.554000 -8.804000 -14.042000
v -7.554000 -8.804000 -8.589000
v -7.054000 -8.804000 -14.166000
v -7.054000 -8.804000 -8.691000
v -6.554000 -8.804000 -14.073000
v -6.554000 -8.804000 -9.036000
v -6.054000 -8.804000 -13.798000
v -6.054000 -8.804000 -9.988000
v -5.554000 -8.804000 -13.466000
v -5.554000 -8.804000 -10.830000
v -11.054000 -16.388000 -14.492000
v -11.054000 -10.043000 -14.492000
v -10.554000 -17.425000 -14.492000
v -10.554000 -9.727000 -14.492000
v -10.054000 -17.923000 -14.492000
v -10.054000 -9.597000 -14.492000
v -9.554000 -18.264000 -14.492000
v -9.554000 -9.404000 -14.492000
v -9.054000 -18.447000 -14.492000
v -9.054000 -9.292000 -14.492000
v -8.554000 -18.778000 -14.492000
v -8.554000 -14.778000 -14.492000
v -8.554000 -13.552000 -14.492000
v -8.554000 -9.236000 -14.492000
v -8.054000 -19.385000 -14.492000
v -8.054000 -15.558000 -14.492000
v -8.054000 -12.576000 -14.492000
v -8.054000 -9.299000 -14.492000
v -7.554000 -19.923000 -14.492000
v -7.554000 -15.825000 -14.492000
v -7.554000 -11.472000 -14.492000
v -7.554000 -9.429000 -14.492000
v -7.054000 -20.306000 -14.492000
v -7.054000 -16.210000 -14.492000
v -7.054000 -10.393000 -14.492000
v -7.054000 -10.002000 -14.492000
v -6.554000 -20.418000 -14.492000
v -6.554000 -16.943000 -14.492000
v -6.054000 -20.413000 -14.492000
v -6.054000 -17.356000 -14.492000
v -5.554000 -20.462000 -14.492000
v -5.554000 -17.578000 -14.492000
v -5.054000 -20.454000 -14.492000
v -5.054000 -17.655000 -14.492000
v -4.554000 -20.344000 -14.492000
v -4.554000 -17.765000 -14.492000
v -4.054000 -19.986000 -14.492000
v -4.054000 -18.123000 -14.492000
v -13.054000 -8.384000 -10.492000
v -13.054000 -7.627000 -10.492000
v -12.554000 -9.501000 -10.492000
v -12.554000 -7.085000 -10.492000
v -12.054000 -10.592000 -10.492000
v -12.054000 -6.980000 -10.492000
v -11.554000 -11.095000 -10.492000
v -11.554000 -7.118000 -10.492000
v -11.054000 -11.507000 -10.492000
v -11.054000 -7.228000 -10.492000
v -10.554000 -11.615000 -10.492000
v -10.554000 -7.359000 -10.492000
v -10.054000 -11.500000 -10.492000
v -10.054000 -7.564000 -10.492000
v -9.554000 -11.250000 -10.492000
v -9.554000 -7.637000 -10.492000
v -9.054000 -11.131000 -10.492000
v -9.054000 -7.514000 -10.492000
v -8.554000 -11.082000 -10.492000
v -8.554000 -7.270000 -10.492000
v -8.054000 -10.968000 -10.492000
v -8.054000 -7.161000 -10.492000
v -7.554000 -10.832000 -10.492000
v -7.554000 -7.052000 -10.492000
v -7.054000 -10.514000 -10.492000
v -7.054000 -7.016000 -10.492000
v -6.554000 -10.050000 -10.492000
v -6.554000 -7.002000 -10.492000
v -6.054000 -9.448000 -10.492000
v -6.054000 -7.125000 -10.492000
v -5.554000 -8.284000 -10.492000
v -5.554000 -7.747000 -10.492000
v -13.054000 -8.892000 -6.492000
v -13.054000 -7.270000 -6.492000
v -12.554000 -9.036000 -6.492000
v -12.554000 -7.126000 -6.492000
v -12.054000 -8.898000 -6.492000
v -12.054000 -7.264000 -6.492000
v -6.959000 -20.304000 -15.492000
v -5.739000 -20.304000 -15.492000
v -7.222000 -20.304000 -14.992000
v -4.716000 -20.304000 -14.992000
v -7.060000 -20.304000 -14.492000
v -4.467000 -20.304000 -14.492000
v -5.993000 -20.304000 -13.992000
v -4.708000 -20.304000 -13.992000
v -10.701000 -16.304000 -14.992000
v -7.395000 -16.304000 -14.992000
v -11.112000 -16.304000 -14.492000
v -6.986000 -16.304000 -14.492000
v -11.227000 -16.304000 -13.992000
v -6.886000 -16.304000 -13.992000
v -11.211000 -16.304000 -13.492000
v -6.900000 -16.304000 -13.492000
v -11.259000 -16.304000 -12.992000
v -7.012000 -16.304000 -12.992000
v -11.167000 -16.304000 -12.492000
v -7.260000 -16.304000 -12.492000
v -10.769000 -16.304000 -11.992000
v -7.613000 -16.304000 -11.992000
v -10.954000 -12.304000 -15.492000
v -8.426000 -12.304000 -15.492000
v -11.307000 -12.304000 -14.992000
v -7.976000 -12.304000 -14.992000
v -11.425000 -12.304000 -14.492000
v -7.856000 -12.304000 -14.492000
v -11.485000 -12.304000 -13.992000
v -7.836000 -12.304000 -13.992000
v -11.471000 -12.304000 -13.492000
v -7.957000 -12.304000 -13.492000
v -11.405000 -12.304000 -12.992000
v -8.265000 -12.304000 -12.992000
v -11.315000 -12.304000 -12.492000
v -8.619000 -12.304000 -12.492000
v -11.196000 -12.304000 -11.992000
v -9.548000 -12.304000 -11.992000
v -10.915000 -12.304000 -11.492000
v -10.107000 -12.304000 -11.492000
v -7.463000 -8.304000 -13.492000
v -5.877000 -8.304000 -13.492000
v -8.029000 -8.304000 -12.992000
v -5.434000 -8.304000 -12.992000
v -8.679000 -8.304000 -12.492000
v -5.230000 -8.304000 -12.492000
v -10.729000 -8.304000 -11.992000
v -5.140000 -8.304000 -11.992000
v -11.503000 -8.304000 -11.492000
v -5.153000 -8.304000 -11.492000
v -12.525000 -8.304000 -10.992000
v -5.240000 -8.304000 -10.992000
v -13.083000 -8.304000 -10.492000
v -5.560000 -8.304000 -10.492000
v -13.392000 -8.304000 -9.992000
v -6.037000 -8.304000 -9.992000
v -13.468000 -8.304000 -9.492000
v -6.280000 -8.304000 -9.492000
v -13.452000 -8.304000 -8.992000
v -6.595000 -8.304000 -8.992000
v -13.587000 -8.304000 -8.492000
v -10.290000 -8.304000 -8.492000
v -13.848000 -8.304000 -7.992000
v -10.755000 -8.304000 -7.992000
v -13.932000 -8.304000 -7.492000
v -11.091000 -8.304000 -7.492000
v -13.829000 -8.304000 -6.992000
v -11.271000 -8.304000 -6.992000
v -13.479000 -8.304000 -6.492000
v -11.621000 -8.304000 -6.492000
v -7.054000 -20.304000 -15.400000
v -7.054000 -20.304000 -14.485000
v -6.554000 -20.304000 -15.644000
v -6.554000 -20.304000 -14.241000
v -6.054000 -20.304000 -15.586000
v -6.054000 -20.304000 -14.051000
v -5.554000 -20.304000 -15.313000
v -5.554000 -20.304000 -13.807000
v -5.054000 -20.304000 -15.120000
v -5.054000 -20.304000 -13.858000
v -4.554000 -20.304000 -14.810000
v -4.554000 -20.304000 -14.168000
v -11.054000 -16.304000 -14.599000
v -11.054000 -16.304000 -12.286000
v -10.554000 -16.304000 -15.094000
v -10.554000 -16.304000 -11.865000
v -10.054000 -16.304000 -15.319000
v -10.054000 -16.304000 -11.644000
v -9.554000 -16.304000 -15.378000
v -9.554000 -16.304000 -11.567000
v -9.054000 -16.304000 -15.362000
v -9.054000 -16.304000 -11.630000
v -8.554000 -16.304000 -15.281000
v -8.554000 -16.304000 -11.634000
v -8.054000 -16.304000 -15.210000
v -8.054000 -16.304000 -11.723000
v -7.554000 -16.304000 -15.086000
v -7.554000 -16.304000 -12.048000
v -7.054000 -16.304000 -14.625000
v -7.054000 -16.304000 -12.908000
v -11.054000 -12.304000 -15.392000
v -11.054000 -12.304000 -11.634000
v -10.554000 -12.304000 -15.742000
v -10.554000 -12.304000 -11.361000
v -10.054000 -12.304000 -15.844000
v -10.054000 -12.304000 -11.531000
v -9.554000 -12.304000 -15.886000
v -9.554000 -12.304000 -11.987000
v -9.054000 -12.304000 -15.788000
v -9.054000 -12.304000 -12.296000
v -8.554000 -12.304000 -15.569000
v -8.554000 -12.304000 -12.548000
v -8.054000 -12.304000 -15.129000
v -8.054000 -12.304000 -13.328000
v -13.554000 -8.304000 -8.567000
v -13.554000 -8.304000 -6.566000
v -13.054000 -8.304000 -10.520000
v -13.054000 -8.304000 -6.229000
v -12.554000 -8.304000 -10.963000
v -12.554000 -8.304000 -6.133000
v -12.054000 -8.304000 -11.311000
v -12.054000 -8.304000 -6.225000
v -11.554000 -8.304000 -11.476000
v -11.554000 -8.304000 -6.557000
v -11.054000 -8.304000 -11.718000
v -11.054000 -8.304000 -7.561000
v -10.554000 -8.304000 -12.102000
v -10.554000 -8.304000 -8.237000
v -10.054000 -8.304000 -12.234000
v -10.054000 -8.304000 -8.640000
v -9.554000 -8.304000 -12.195000
v -9.554000 -8.304000 -8.808000
v -9.054000 -8.304000 -12.303000
v -9.054000 -8.304000 -8.806000
v -8.554000 -8.304000 -12.567000
v -8.554000 -8.304000 -8.767000
v -8.054000 -8.304000 -12.966000
v -8.054000 -8.304000 -8.662000
v -7.554000 -8.304000 -13.435000
v -7.554000 -8.304000 -8.581000
v -7.054000 -8.304000 -13.644000
v -7.054000 -8.304000 -8.684000
v -6.554000 -8.304000 -13.683000
v -6.554000 -8.304000 -9.035000
v -6.054000 -8.304000 -13.585000
v -6.054000 -8.304000 -9.966000
v -5.554000 -8.304000 -13.193000
v -5.554000 -8.304000 -10.498000
v -11.554000 -11.393000 -13.992000
v -11.554000 -10.701000 -13.992000
v -11.054000 -16.587000 -13.992000
v -11.054000 -9.977000 -13.992000
v -10.554000 -17.557000 -13.992000
v -10.554000 -9.588000 -13.992000
v -10.054000 -18.033000 -13.992000
v -10.054000 -9.376000 -13.992000
v -9.554000 -18.346000 -13.992000
v -9.554000 -9.259000 -13.992000
v -9.054000 -18.453000 -13.992000
v -9.054000 -9.191000 -13.992000
v -8.554000 -18.587000 -13.992000
v -8.554000 -14.340000 -13.992000
v -8.554000 -13.826000 -13.992000
v -8.554000 -9.111000 -13.992000
v -8.054000 -18.888000 -13.992000
v -8.054000 -15.147000 -13.992000
v -8.054000 -12.623000 -13.992000
v -8.054000 -8.976000 -13.992000
v -7.554000 -19.386000 -13.992000
v -7.554000 -15.658000 -13.992000
v -7.554000 -11.758000 -13.992000
v -7.554000 -8.744000 -13.992000
v -7.054000 -19.971000 -13.992000
v -7.054000 -16.080000 -13.992000
v -7.054000 -11.194000 -13.992000
v -7.054000 -8.583000 -13.992000
v -6.554000 -20.132000 -13.992000
v -6.554000 -17.048000 -13.992000
v -6.554000 -10.895000 -13.992000
v -6.554000 -8.699000 -13.992000
v -6.054000 -20.281000 -13.992000
v -6.054000 -17.563000 -13.992000
v -6.054000 -10.205000 -13.992000
v -6.054000 -9.403000 -13.992000
v -5.554000 -20.384000 -13.992000
v -5.554000 -17.720000 -13.992000
v -5.054000 -20.363000 -13.992000
v -5.054000 -17.747000 -13.992000
v -4.554000 -20.245000 -13.992000
v -4.554000 -17.865000 -13.992000
v -4.054000 -19.843000 -13.992000
v -4.054000 -18.267000 -13.992000
v -13.054000 -8.925000 -9.992000
v -13.054000 -7.086000 -9.992000
v -12.554000 -9.568000 -9.992000
v -12.554000 -6.761000 -9.992000
v -12.054000 -10.539000 -9.992000
v -12.054000 -6.681000 -9.992000
v -11.554000 -10.967000 -9.992000
v -11.554000 -6.784000 -9.992000
v -11.054000 -11.329000 -9.992000
v -11.054000 -6.902000 -9.992000
v -10.554000 -11.437000 -9.992000
v -10.554000 -7.208000 -9.992000
v -10.054000 -11.350000 -9.992000
v -10.054000 -7.487000 -9.992000
v -9.554000 -11.093000 -9.992000
v -9.554000 -7.601000 -9.992000
v -9.054000 -10.912000 -9.992000
v -9.054000 -7.549000 -9.992000
v -8.554000 -10.909000 -9.992000
v -8.554000 -7.350000 -9.992000
v -8.054000 -10.959000 -9.992000
v -8.054000 -7.202000 -9.992000
v -7.554000 -10.857000 -9.992000
v -7.554000 -7.124000 -9.992000
v -7.054000 -10.514000 -9.992000
v -7.054000 -7.187000 -9.992000
v -6.554000 -10.066000 -9.992000
v -6.554000 -7.382000 -9.992000
v -6.054000 -8.842000 -9.992000
v -6.054000 -8.075000 -9.992000
v -7.116000 -19.804000 -15.992000
v -5.410000 -19.804000 -15.992000
v -7.614000 -19.804000 -15.492000
v -4.472000 -19.804000 -15.492000
v -7.754000 -19.804000 -14.992000
v -4.029000 -19.804000 -14.992000
v -7.643000 -19.804000 -14.492000
v -3.917000 -19.804000 -14.492000
v -7.263000 -19.804000 -13.992000
v -4.026000 -19.804000 -13.992000
v -6.235000 -19.804000 -13.492000
v -4.463000 -19.804000 -13.492000
v -10.992000 -15.804000 -14.992000
v -8.376000 -15.804000 -14.992000
v -11.330000 -15.804000 -14.492000
v -7.605000 -15.804000 -14.492000
v -11.426000 -15.804000 -13.992000
v -7.379000 -15.804000 -13.992000
v -11.395000 -15.804000 -13.492000
v -7.349000 -15.804000 -13.492000
v -11.453000 -15.804000 -12.992000
v -7.347000 -15.804000 -12.992000
v -11.374000 -15.804000 -12.492000
v -7.467000 -15.804000 -12.492000
v -11.064000 -15.804000 -11.992000
v -7.926000 -15.804000 -11.992000
v -10.954000 -11.804000 -15.492000
v -8.133000 -11.804000 -15.492000
v -11.310000 -11.804000 -14.992000
v -7.782000 -11.804000 -14.992000
v -11.416000 -11.804000 -14.492000
v -7.658000 -11.804000 -14.492000
v -11.489000 -11.804000 -13.992000
v -7.580000 -11.804000 -13.992000
v -11.636000 -11.804000 -13.492000
v -7.581000 -11.804000 -13.492000
v -11.699000 -11.804000 -12.992000
v -7.830000 -11.804000 -12.992000
v -11.769000 -11.804000 -12.492000
v -7.995000 -11.804000 -12.492000
v -11.713000 -11.804000 -11.992000
v -8.425000 -11.804000 -11.992000
v -11.595000 -11.804000 -11.492000
v -9.037000 -11.804000 -11.492000
v -11.170000 -11.804000 -10.992000
v -9.906000 -11.804000 -10.992000
v -7.594000 -7.804000 -12.992000
v -5.885000 -7.804000 -12.992000
v -8.272000 -7.804000 -12.492000
v -5.450000 -7.804000 -12.492000
v -8.772000 -7.804000 -11.992000
v -5.244000 -7.804000 -11.992000
v -10.478000 -7.804000 -11.492000
v -5.142000 -7.804000 -11.492000
v -12.267000 -7.804000 -10.992000
v -5.225000 -7.804000 -10.992000
v -13.107000 -7.804000 -10.492000
v -5.541000 -7.804000 -10.492000
v -13.410000 -7.804000 -9.992000
v -6.147000 -7.804000 -9.992000
v -13.485000 -7.804000 -9.492000
v -6.476000 -7.804000 -9.492000
v -13.460000 -7.804000 -8.992000
v -10.052000 -7.804000 -8.992000
v -8.287000 -7.804000 -8.992000
v -6.875000 -7.804000 -8.992000
v -13.582000 -7.804000 -8.492000
v -10.552000 -7.804000 -8.492000
v -13.837000 -7.804000 -7.992000
v -10.802000 -7.804000 -7.992000
v -13.922000 -7.804000 -7.492000
v -11.094000 -7.804000 -7.492000
v -13.819000 -7.804000 -6.992000
v -11.282000 -7.804000 -6.992000
v -13.464000 -7.804000 -6.492000
v -11.636000 -7.804000 -6.492000
v -7.554000 -19.804000 -15.586000
v -7.554000 -19.804000 -14.321000
v -7.054000 -19.804000 -16.025000
v -7.054000 -19.804000 -13.861000
v -6.554000 -19.804000 -16.148000
v -6.554000 -19.804000 -13.686000
v -6.054000 -19.804000 -16.184000
v -6.054000 -19.804000 -13.384000
v -5.554000 -19.804000 -16.073000
v -5.554000 -19.804000 -13.267000
v -5.054000 -19.804000 -15.741000
v -5.054000 -19.804000 -13.307000
v -4.554000 -19.804000 -15.539000
v -4.554000 -19.804000 -13.439000
v -4.054000 -19.804000 -15.043000
v -4.054000 -19.804000 -13.935000
v -11.054000 -15.804000 -14.927000
v -11.054000 -15.804000 -11.982000
v -10.554000 -15.804000 -15.292000
v -10.554000 -15.804000 -11.660000
v -10.054000 -15.804000 -15.444000
v -10.054000 -15.804000 -11.572000
v -9.554000 -15.804000 -15.419000
v -9.554000 -15.804000 -11.563000
v -9.054000 -15.804000 -15.314000
v -9.054000 -15.804000 -11.621000
v -8.554000 -15.804000 -15.092000
v -8.554000 -15.804000 -11.710000
v -8.054000 -15.804000 -14.818000
v -8.054000 -15.804000 -11.924000
v -7.554000 -15.804000 -14.434000
v -7.554000 -15.804000 -12.342000
v -11.554000 -11.804000 -13.781000
v -11.554000 -11.804000 -11.415000
v -11.054000 -11.804000 -15.393000
v -11.054000 -11.804000 -10.914000
v -10.554000 -11.804000 -15.742000
v -10.554000 -11.804000 -10.768000
v -10.054000 -11.804000 -15.852000
v -10.054000 -11.804000 -10.903000
v -9.554000 -11.804000 -15.912000
v -9.554000 -11.804000 -11.201000
v -9.054000 -11.804000 -15.853000
v -9.054000 -11.804000 -11.476000
v -8.554000 -11.804000 -15.753000
v -8.554000 -11.804000 -11.904000
v -8.054000 -11.804000 -15.415000
v -8.054000 -11.804000 -12.384000
v -13.554000 -7.804000 -8.559000
v -13.554000 -7.804000 -6.580000
v -13.054000 -7.804000 -10.544000
v -13.054000 -7.804000 -6.239000
v -12.554000 -7.804000 -10.855000
v -12.554000 -7.804000 -6.143000
v -12.054000 -7.804000 -11.100000
v -12.054000 -7.804000 -6.236000
v -11.554000 -7.804000 -11.222000
v -11.554000 -7.804000 -6.571000
v -11.054000 -7.804000 -11.258000
v -11.054000 -7.804000 -7.563000
v -10.554000 -7.804000 -11.435000
v -10.554000 -7.804000 -8.488000
v -10.054000 -7.804000 -11.645000
v -10.054000 -7.804000 -8.990000
v -9.554000 -7.804000 -11.614000
v -9.554000 -7.804000 -9.297000
v -9.054000 -7.804000 -11.767000
v -9.054000 -7.804000 -9.360000
v -8.554000 -7.804000 -12.225000
v -8.554000 -7.804000 -9.158000
v -8.054000 -7.804000 -12.637000
v -8.054000 -7.804000 -8.861000
v -7.554000 -7.804000 -13.010000
v -7.554000 -7.804000 -8.764000
v -7.054000 -7.804000 -13.121000
v -7.054000 -7.804000 -8.884000
v -6.554000 -7.804000 -13.202000
v -6.554000 -7.804000 -9.339000
v -6.054000 -7.804000 -13.090000
v -6.054000 -7.804000 -10.083000
v -5.554000 -7.804000 -12.674000
v -5.554000 -7.804000 -10.478000
v -11.554000 -12.024000 -13.492000
v -11.554000 -10.209000 -13.492000
v -11.054000 -16.537000 -13.492000
v -11.054000 -9.670000 -13.492000
v -10.554000 -17.461000 -13.492000
v -10.554000 -9.310000 -13.492000
v -10.054000 -17.889000 -13.492000
v -10.054000 -9.207000 -13.492000
v -9.554000 -18.230000 -13.492000
v -9.554000 -9.166000 -13.492000
v -9.054000 -18.321000 -13.492000
v -9.054000 -9.126000 -13.492000
v -8.554000 -18.374000 -13.492000
v -8.554000 -14.257000 -13.492000
v -8.554000 -13.659000 -13.492000
v -8.554000 -9.035000 -13.492000
v -8.054000 -18.543000 -13.492000
v -8.054000 -15.004000 -13.492000
v -8.054000 -12.439000 -13.492000
v -8.054000 -8.736000 -13.492000
v -7.554000 -18.670000 -13.492000
v -7.554000 -15.555000 -13.492000
v -7.554000 -11.778000 -13.492000
v -7.554000 -8.346000 -13.492000
v -7.054000 -18.774000 -13.492000
v -7.054000 -16.092000 -13.492000
v -7.054000 -11.426000 -13.492000
v -7.054000 -8.185000 -13.492000
v -6.554000 -19.394000 -13.492000
v -6.554000 -17.221000 -13.492000
v -6.554000 -11.232000 -13.492000
v -6.554000 -8.058000 -13.492000
v -6.054000 -19.939000 -13.492000
v -6.054000 -17.867000 -13.492000
v -6.054000 -10.875000 -13.492000
v -6.054000 -8.177000 -13.492000
v -5.554000 -20.079000 -13.492000
v -5.554000 -18.031000 -13.492000
v -5.054000 -20.036000 -13.492000
v -5.054000 -18.073000 -13.492000
v -4.554000 -19.872000 -13.492000
v -4.554000 -18.237000 -13.492000
v -13.054000 -9.029000 -9.492000
v -13.054000 -6.982000 -9.492000
v -12.554000 -9.588000 -9.492000
v -12.554000 -6.682000 -9.492000
v -12.054000 -10.411000 -9.492000
v -12.054000 -6.607000 -9.492000
v -11.554000 -10.838000 -9.492000
v -11.554000 -6.691000 -9.492000
v -11.054000 -11.223000 -9.492000
v -11.054000 -6.789000 -9.492000
v -10.554000 -11.336000 -9.492000
v -10.554000 -7.113000 -9.492000
v -10.054000 -11.251000 -9.492000
v -10.054000 -7.519000 -9.492000
v -9.554000 -10.955000 -9.492000
v -9.554000 -7.706000 -9.492000
v -9.054000 -10.767000 -9.492000
v -9.054000 -7.732000 -9.492000
v -8.554000 -10.781000 -9.492000
v -8.554000 -7.579000 -9.492000
v -8.054000 -10.856000 -9.492000
v -8.054000 -7.296000 -9.492000
v -7.554000 -10.746000 -9.492000
v -7.554000 -7.207000 -9.492000
v -7.054000 -10.362000 -9.492000
v -7.054000 -7.316000 -9.492000
v -6.554000 -9.921000 -9.492000
v -6.554000 -7.696000 -9.492000
f 381 1473 169
f 169 1473 1471
f 1473 39 1471
f 41 39 1473
f 41 269 39
f 271 269 41
f 271 475 269
f 477 475 271
f 170 475 719
f 475 663 719
f 475 477 663
f 663 382 719
f 383 1231 171
f 171 1231 1229
f 1231 1455 1229
f 1457 1455 1231
f 1457 23 1455
f 25 23 1457
f 25 253 23
f 255 253 25
f 520 461 384
f 461 255 384
f 461 253 255
f 520 172 461
f 900 843 173
f 1092 1039 900
f 900 1039 843
f 385 1247 1092
f 1247 1039 1092
f 1247 1245 1039
f 169 1245 1247
f 169 1247 381
f 719 661 170
f 382 855 919
f 382 919 174
f 719 382 174
f 661 719 174
f 855 386 919
f 387 1025 175
f 175 1025 1023
f 171 1023 1025
f 171 1025 383
f 463 520 384
f 388 708 649
f 388 649 172
f 463 388 172
f 520 463 172
f 649 708 173
f 708 900 173
f 708 902 900
f 902 389 1041
f 1092 902 1041
f 900 902 1092
f 385 1092 1041
f 919 853 174
f 386 1049 1115
f 386 1115 176
f 919 386 176
f 853 919 176
f 1049 390 1115
f 391 829 177
f 177 829 827
f 175 827 829
f 175 829 387
f 651 708 388
f 708 651 845
f 708 845 902
f 389 902 845
f 1117 178 176
f 1117 176 1115
f 1115 390 1117
f 1117 390 392
f 393 637 179
f 179 637 635
f 177 635 637
f 177 637 391
f 652 394 712
f 652 712 906
f 652 906 846
f 395 846 906
f 1119 180 178
f 1119 178 1117
f 1117 392 1119
f 1119 392 396
f 397 179 181
f 397 393 179
f 398 714 712
f 398 712 394
f 908 712 714
f 906 712 908
f 1100 1042 395
f 906 1100 395
f 908 1100 906
f 399 1042 1100
f 1121 182 180
f 1121 180 1119
f 1119 396 1121
f 1121 396 400
f 401 181 183
f 401 397 181
f 464 402 184
f 464 184 462
f 398 464 714
f 464 650 714
f 464 462 650
f 844 908 650
f 650 908 714
f 185 1102 844
f 1102 908 844
f 1102 1100 908
f 1324 1248 399
f 1100 1324 399
f 1102 1324 1100
f 403 1248 1324
f 1123 186 182
f 1123 182 1121
f 1257 1347 400
f 1347 1121 400
f 1347 1123 1121
f 1257 404 1347
f 502 449 187
f 183 449 502
f 405 183 502
f 401 183 405
f 256 406 188
f 256 188 254
f 254 184 256
f 256 184 402
f 1040 1102 185
f 1246 1324 1040
f 1040 1324 1102
f 403 1324 1246
f 189 403 1246
f 407 403 189
f 1123 1047 186
f 1349 190 1047
f 1123 1349 1047
f 1347 1349 1123
f 1483 1581 404
f 1581 1347 404
f 1581 1349 1347
f 1483 408 1581
f 450 502 187
f 405 502 450
f 191 405 450
f 409 405 191
f 26 410 192
f 26 192 24
f 24 188 26
f 26 188 406
f 189 1472 407
f 407 1472 1474
f 411 1474 1472
f 411 1472 193
f 1349 1255 190
f 1581 1481 1255
f 1581 1255 1349
f 408 55 159
f 408 159 194
f 1581 408 194
f 1481 1581 194
f 55 412 159
f 638 409 694
f 409 195 694
f 409 191 195
f 638 694 894
f 638 894 830
f 830 894 1090
f 830 1090 1026
f 1026 1090 1312
f 1026 1312 1232
f 1232 1312 196
f 1456 1232 196
f 1458 1232 1456
f 1456 192 1458
f 1458 192 410
f 413 193 197
f 413 411 193
f 161 198 194
f 161 194 159
f 159 412 161
f 161 412 414
f 636 694 195
f 828 894 636
f 636 894 694
f 1024 1090 828
f 828 1090 894
f 1230 1312 1024
f 1024 1312 1090
f 196 1312 1230
f 42 413 140
f 413 199 140
f 413 197 199
f 415 42 140
f 163 200 198
f 163 198 161
f 161 414 163
f 163 414 416
f 40 140 199
f 415 140 40
f 201 415 40
f 417 415 201
f 165 202 200
f 165 200 163
f 163 416 165
f 165 416 418
f 201 270 417
f 417 270 272
f 476 272 270
f 476 478 272
f 419 478 476
f 419 476 203
f 1482 1591 204
f 165 56 202
f 202 56 1482
f 56 420 1482
f 420 1591 1482
f 165 418 56
f 203 662 419
f 419 662 664
f 854 664 662
f 854 856 664
f 1048 856 854
f 1048 1050 856
f 1256 1050 1048
f 1256 1258 1050
f 1591 1484 204
f 1484 1256 204
f 1484 1258 1256
f 1591 420 1484
f 421 1273 1327
f 1327 1273 1559
f 1559 1273 1501
f 1501 422 1559
f 423 1065 205
f 205 1065 1063
f 1065 421 1327
f 1271 1065 1327
f 1063 1065 1271
f 1559 1497 1271
f 1559 1271 1327
f 1497 1559 422
f 77 1497 422
f 75 1497 77
f 77 424 75
f 75 424 206
f 425 871 207
f 207 871 869
f 205 869 871
f 205 871 423
f 299 206 424
f 299 424 301
f 301 426 299
f 299 426 208
f 718 677 209
f 207 677 718
f 427 207 718
f 425 207 427
f 208 428 210
f 426 428 208
f 534 491 211
f 679 718 209
f 679 209 491
f 429 679 491
f 534 429 491
f 427 718 679
f 210 430 212
f 428 430 210
f 342 287 213
f 287 342 211
f 342 534 211
f 342 536 534
f 429 534 536
f 429 536 431
f 302 432 214
f 302 214 300
f 300 212 302
f 302 212 430
f 215 344 213
f 213 344 342
f 538 342 344
f 536 342 538
f 431 536 538
f 431 538 433
f 78 434 154
f 154 216 78
f 216 432 78
f 216 214 432
f 217 346 215
f 215 346 344
f 540 344 346
f 538 344 540
f 726 680 433
f 538 726 433
f 540 726 538
f 435 680 726
f 1274 436 1342
f 1274 1342 1574
f 1274 1574 1502
f 154 434 1502
f 154 1502 1574
f 76 154 1574
f 218 76 1574
f 216 154 76
f 288 346 217
f 219 542 288
f 542 346 288
f 542 540 346
f 728 540 542
f 726 540 728
f 926 872 435
f 726 926 435
f 728 926 726
f 872 926 1120
f 872 1120 1066
f 1342 436 1066
f 1120 1342 1066
f 1344 1342 1120
f 1498 1574 220
f 1574 1344 220
f 1574 1342 1344
f 218 1574 1498
f 492 542 219
f 221 730 492
f 730 542 492
f 730 728 542
f 928 728 730
f 926 728 928
f 1122 926 928
f 1120 926 1122
f 1346 1120 1122
f 1344 1120 1346
f 220 1344 222
f 222 1344 1346
f 546 493 223
f 493 546 221
f 546 730 221
f 546 732 730
f 930 730 732
f 928 730 930
f 1124 928 930
f 1122 928 1124
f 1348 1122 1124
f 1346 1122 1348
f 222 1346 224
f 224 1346 1348
f 225 548 223
f 223 548 546
f 734 546 548
f 732 546 734
f 932 732 734
f 930 732 932
f 1126 930 932
f 1124 930 1126
f 1350 1124 1126
f 1348 1124 1350
f 224 1348 1499
f 1348 1582 1499
f 1348 1350 1582
f 1582 226 1499
f 227 550 225
f 225 550 548
f 736 548 550
f 734 548 736
f 934 734 736
f 932 734 934
f 1128 932 934
f 1126 932 1128
f 1352 1126 1128
f 1350 1126 1352
f 1584 1350 1352
f 1582 1350 1584
f 226 1582 228
f 228 1582 1584
f 494 550 227
f 229 738 494
f 738 550 494
f 738 736 550
f 936 736 738
f 934 736 936
f 1130 934 936
f 1128 934 1130
f 1354 1128 1130
f 1352 1128 1354
f 1586 1352 1354
f 1584 1352 1586
f 228 1584 230
f 230 1584 1586
f 678 738 229
f 870 936 678
f 678 936 738
f 1064 1130 870
f 870 1130 936
f 1272 1354 1064
f 1064 1354 1130
f 1500 1586 1272
f 1272 1586 1354
f 230 1586 1500
f 557 231 309
f 309 231 501
f 501 231 437
f 437 558 501
f 559 1 89
f 557 309 1
f 309 89 1
f 309 311 89
f 309 503 311
f 309 501 503
f 623 691 558
f 691 501 558
f 691 503 501
f 623 560 691
f 561 1435 1513
f 559 89 1435
f 89 1513 1435
f 89 91 1513
f 89 313 91
f 89 311 313
f 311 505 313
f 311 503 505
f 503 693 505
f 503 691 693
f 691 560 693
f 693 560 562
f 1515 563 1513
f 1513 563 561
f 1513 93 1515
f 1513 91 93
f 91 315 93
f 91 313 315
f 313 507 315
f 313 505 507
f 505 695 507
f 505 693 695
f 693 562 695
f 695 562 564
f 1517 565 1515
f 1515 565 563
f 1515 95 1517
f 1515 93 95
f 93 317 95
f 93 315 317
f 315 509 317
f 315 507 509
f 507 697 509
f 507 695 697
f 695 564 697
f 697 564 566
f 1519 567 1517
f 1517 567 565
f 1517 97 1519
f 1517 95 97
f 95 319 97
f 95 317 319
f 317 511 319
f 317 509 511
f 568 511 624
f 511 697 624
f 511 509 697
f 697 566 624
f 1519 1436 567
f 1436 1519 2
f 2 1519 97
f 2 97 569
f 97 321 569
f 97 319 321
f 570 321 438
f 321 511 438
f 321 319 511
f 511 568 438
f 321 232 569
f 321 570 232
f 571 1475 381
f 381 1475 1473
f 1475 41 1473
f 43 41 1475
f 43 271 41
f 273 271 43
f 273 477 271
f 479 477 273
f 479 663 477
f 665 663 479
f 382 663 917
f 663 857 917
f 663 665 857
f 857 572 917
f 1296 1231 383
f 573 1459 1296
f 1459 1231 1296
f 1459 1457 1231
f 1459 25 1457
f 27 25 1459
f 328 255 574
f 255 27 574
f 255 25 27
f 328 384 255
f 575 1249 385
f 385 1249 1247
f 381 1247 1249
f 381 1249 571
f 917 855 382
f 572 1051 1113
f 572 1113 386
f 917 572 386
f 855 917 386
f 1051 576 1113
f 1076 1025 387
f 1233 1296 383
f 1233 383 1025
f 577 1233 1025
f 1076 577 1025
f 573 1296 1233
f 257 328 574
f 578 522 463
f 578 463 384
f 257 578 384
f 328 257 384
f 522 388 463
f 1094 1041 389
f 385 1041 1094
f 579 385 1094
f 575 385 579
f 1113 1049 386
f 576 1259 1339
f 576 1339 390
f 1113 576 390
f 1049 1113 390
f 1259 580 1339
f 882 829 391
f 1027 1076 387
f 1027 387 829
f 581 1027 829
f 882 581 829
f 577 1076 1027
f 582 524 522
f 582 522 578
f 388 522 651
f 522 710 651
f 522 524 710
f 904 845 710
f 710 845 651
f 845 904 389
f 904 1094 389
f 904 1096 1094
f 579 1094 1096
f 579 1096 583
f 1341 392 390
f 1341 390 1339
f 1339 580 1341
f 1341 580 584
f 684 637 393
f 831 882 391
f 831 391 637
f 585 831 637
f 684 585 637
f 581 882 831
f 586 526 524
f 586 524 582
f 652 710 394
f 710 526 394
f 710 524 526
f 846 904 652
f 652 904 710
f 395 1098 846
f 1098 904 846
f 1098 1096 904
f 583 1096 1098
f 583 1098 587
f 1343 396 392
f 1343 392 1341
f 1341 584 1343
f 1343 584 588
f 397 686 393
f 393 686 684
f 585 684 686
f 585 686 589
f 590 528 526
f 590 526 586
f 394 526 398
f 398 526 528
f 1042 1098 395
f 1250 587 1322
f 1322 587 399
f 587 1098 399
f 1098 1042 399
f 591 1250 1322
f 1345 400 396
f 1345 396 1343
f 1343 588 1345
f 1345 588 592
f 401 688 397
f 397 688 686
f 589 686 688
f 589 688 593
f 258 594 338
f 528 590 258
f 528 258 338
f 464 528 338
f 402 464 338
f 398 528 464
f 1248 1322 399
f 591 1322 1248
f 403 591 1248
f 595 591 403
f 1345 1257 400
f 592 1485 1579
f 592 1579 404
f 1345 592 404
f 1257 1345 404
f 1485 596 1579
f 405 690 401
f 401 690 688
f 593 688 690
f 593 690 597
f 28 598 118
f 338 594 28
f 338 28 118
f 256 338 118
f 406 256 118
f 402 338 256
f 1476 595 1558
f 595 407 1558
f 595 403 407
f 599 1476 1558
f 1579 1483 404
f 596 57 157
f 596 157 408
f 1579 596 408
f 1483 1579 408
f 57 600 157
f 409 692 405
f 405 692 690
f 892 832 597
f 690 892 597
f 692 892 690
f 832 892 1088
f 832 1088 1028
f 1028 1088 1310
f 1028 1310 1234
f 1234 1310 1542
f 1234 1542 1460
f 118 598 1460
f 118 1460 1542
f 26 118 1542
f 410 26 1542
f 406 118 26
f 1474 1558 407
f 599 1558 1474
f 411 599 1474
f 601 599 411
f 157 55 408
f 157 600 55
f 600 412 55
f 600 602 412
f 638 692 409
f 830 892 638
f 638 892 692
f 1026 1088 830
f 830 1088 892
f 1232 1310 1026
f 1026 1310 1088
f 1458 1542 1232
f 1232 1542 1310
f 410 1542 1458
f 44 601 138
f 601 413 138
f 601 411 413
f 603 44 138
f 602 289 375
f 414 602 375
f 412 602 414
f 289 604 375
f 42 138 413
f 603 138 42
f 415 603 42
f 605 603 415
f 377 416 414
f 377 414 375
f 375 604 377
f 377 604 606
f 274 605 362
f 605 417 362
f 605 415 417
f 607 274 362
f 416 377 290
f 608 416 290
f 418 416 608
f 377 606 290
f 272 362 417
f 362 272 607
f 272 480 607
f 272 478 480
f 609 480 478
f 609 478 419
f 56 167 420
f 56 418 167
f 418 610 167
f 418 608 610
f 419 664 609
f 609 664 666
f 856 666 664
f 856 858 666
f 1050 858 856
f 1050 1052 858
f 1258 1052 1050
f 1258 1260 1052
f 1484 1260 1258
f 1484 1486 1260
f 167 58 420
f 58 1484 420
f 58 1486 1484
f 167 610 58
f 611 1067 1103
f 1103 1067 421
f 1067 1273 421
f 1067 1275 1273
f 1275 1501 1273
f 1503 1501 1275
f 422 1501 141
f 1501 79 141
f 1501 1503 79
f 79 612 141
f 1065 423 1103
f 423 611 1103
f 423 613 611
f 1103 421 1065
f 141 77 422
f 141 612 77
f 612 424 77
f 612 614 424
f 615 873 425
f 425 873 871
f 423 871 873
f 423 873 613
f 301 424 614
f 301 614 303
f 303 616 301
f 301 616 426
f 617 425 427
f 617 615 425
f 426 618 428
f 616 618 426
f 720 679 429
f 427 679 720
f 619 427 720
f 617 427 619
f 304 620 370
f 370 430 304
f 430 618 304
f 430 428 618
f 431 722 429
f 429 722 720
f 920 874 619
f 720 920 619
f 722 920 720
f 621 874 920
f 432 302 370
f 620 432 370
f 622 432 620
f 430 370 302
f 433 724 431
f 431 724 722
f 922 722 724
f 920 722 922
f 1116 1068 621
f 920 1116 621
f 922 1116 920
f 1068 1116 1340
f 1068 1340 1276
f 1276 1340 1572
f 1276 1572 1504
f 1504 1572 434
f 78 1504 434
f 80 1504 78
f 78 432 80
f 80 432 622
f 680 724 433
f 435 924 680
f 924 724 680
f 924 922 724
f 1118 922 924
f 1116 922 1118
f 1274 1340 436
f 1340 1118 436
f 1340 1116 1118
f 1502 1572 1274
f 1274 1572 1340
f 434 1572 1502
f 872 924 435
f 1066 1118 872
f 872 1118 924
f 436 1118 1066
f 745 243 327
f 327 243 519
f 519 243 451
f 451 746 519
f 747 833 899
f 833 748 899
f 749 13 107
f 745 327 13
f 327 107 13
f 327 329 107
f 327 521 329
f 327 519 521
f 639 707 746
f 707 519 746
f 707 521 519
f 747 899 639
f 899 707 639
f 899 901 707
f 1029 1093 748
f 1093 899 748
f 1093 901 899
f 1093 1029 1315
f 1315 1029 1235
f 1315 1235 1547
f 1547 1235 1461
f 1547 1461 123
f 123 1461 29
f 123 29 343
f 343 29 259
f 343 259 537
f 537 259 465
f 465 750 537
f 109 751 107
f 107 751 749
f 107 331 109
f 107 329 331
f 329 523 331
f 329 521 523
f 521 709 523
f 521 707 709
f 707 903 709
f 707 901 903
f 901 1095 903
f 901 1093 1095
f 1093 1317 1095
f 1093 1315 1317
f 1315 1549 1317
f 1315 1547 1549
f 1547 125 1549
f 1547 123 125
f 123 345 125
f 123 343 345
f 343 539 345
f 343 537 539
f 537 750 539
f 539 750 752
f 111 753 109
f 109 753 751
f 109 333 111
f 109 331 333
f 331 525 333
f 331 523 525
f 523 711 525
f 523 709 711
f 709 905 711
f 709 903 905
f 903 1097 905
f 903 1095 1097
f 1095 1319 1097
f 1095 1317 1319
f 1317 1551 1319
f 1317 1549 1551
f 1549 127 1551
f 1549 125 127
f 125 347 127
f 125 345 347
f 345 541 347
f 345 539 541
f 539 752 541
f 541 752 754
f 111 14 753
f 14 111 244
f 244 111 333
f 244 333 452
f 452 333 525
f 452 525 640
f 640 525 711
f 640 711 755
f 711 907 755
f 711 905 907
f 905 1099 907
f 905 1097 1099
f 1097 1321 1099
f 1097 1319 1321
f 1319 1553 1321
f 1319 1551 1553
f 1551 129 1553
f 1551 127 129
f 127 349 129
f 127 347 349
f 347 543 349
f 347 541 543
f 541 754 543
f 543 754 756
f 757 625 687
f 625 758 687
f 907 834 755
f 834 907 1030
f 1030 907 1099
f 1030 1099 759
f 1099 1323 759
f 1099 1321 1323
f 1321 1555 1323
f 1321 1553 1555
f 1553 131 1555
f 1553 129 131
f 129 351 131
f 129 349 351
f 349 545 351
f 349 543 545
f 543 756 545
f 545 756 760
f 761 3 87
f 87 3 557
f 3 231 557
f 3 233 231
f 233 437 231
f 439 437 233
f 687 689 558
f 439 687 558
f 437 439 558
f 687 439 757
f 817 889 758
f 889 687 758
f 889 689 687
f 817 762 889
f 1323 1236 759
f 1236 1323 1462
f 1462 1323 1555
f 1462 1555 763
f 1555 133 763
f 1555 131 133
f 131 353 133
f 131 351 353
f 764 353 466
f 353 545 466
f 353 351 545
f 545 760 466
f 765 1437 1511
f 761 87 1437
f 1437 87 1511
f 87 1 1511
f 1 559 1511
f 87 557 1
f 689 623 558
f 891 560 623
f 689 891 623
f 889 891 689
f 889 762 891
f 891 762 766
f 133 30 763
f 30 133 260
f 260 133 353
f 353 764 260
f 1435 561 1511
f 561 765 1511
f 561 767 765
f 1511 559 1435
f 893 562 560
f 893 560 891
f 891 766 893
f 893 766 768
f 769 1213 1285
f 563 1285 1213
f 767 563 1213
f 561 563 767
f 895 564 562
f 895 562 893
f 893 768 895
f 895 768 770
f 1287 771 1285
f 1285 771 769
f 1285 563 565
f 1285 565 1287
f 564 895 818
f 772 564 818
f 566 564 772
f 895 770 818
f 1287 1214 771
f 773 1214 1287
f 565 773 1287
f 567 773 565
f 624 699 568
f 624 566 699
f 566 774 699
f 566 772 774
f 1521 775 1436
f 775 567 1436
f 775 773 567
f 2 99 1521
f 2 1521 1436
f 569 99 2
f 438 513 570
f 699 626 568
f 568 626 438
f 626 776 438
f 776 513 438
f 699 774 626
f 1523 777 1521
f 1521 777 775
f 1521 101 1523
f 1521 99 101
f 99 569 232
f 323 99 232
f 101 99 323
f 323 232 570
f 513 323 570
f 515 323 513
f 513 776 515
f 515 776 778
f 1523 1438 777
f 1438 1523 4
f 4 1523 101
f 4 101 234
f 234 101 323
f 234 323 440
f 440 323 515
f 515 778 440
f 779 667 717
f 717 667 915
f 915 667 859
f 859 780 915
f 781 1477 571
f 571 1477 1475
f 1477 43 1475
f 45 43 1477
f 45 273 43
f 275 273 45
f 275 479 273
f 481 479 275
f 481 779 717
f 665 481 717
f 479 481 665
f 915 857 665
f 915 665 717
f 780 1053 1111
f 780 1111 572
f 915 780 572
f 857 915 572
f 1053 782 1111
f 1528 1459 573
f 106 27 1528
f 1528 27 1459
f 106 574 27
f 1314 1249 575
f 571 1249 1314
f 783 571 1314
f 781 571 783
f 1111 1051 572
f 782 1261 1337
f 782 1337 576
f 1111 782 576
f 1051 1111 576
f 1261 784 1337
f 1298 1233 577
f 1233 1298 573
f 1298 1528 573
f 1298 1530 1528
f 108 1528 1530
f 106 1528 108
f 574 106 257
f 106 330 257
f 106 108 330
f 330 578 257
f 1314 575 1251
f 575 785 1251
f 575 579 785
f 783 1314 1251
f 1337 1259 576
f 1337 784 1259
f 784 580 1259
f 784 786 580
f 1078 1027 581
f 1027 1078 577
f 1078 1298 577
f 1078 1300 1298
f 1532 1298 1300
f 1530 1298 1532
f 110 1530 1532
f 108 1530 110
f 332 108 110
f 330 108 332
f 578 330 582
f 582 330 332
f 1252 785 1318
f 785 583 1318
f 785 579 583
f 787 1252 1318
f 786 1487 1573
f 584 786 1573
f 580 786 584
f 1487 788 1573
f 884 831 585
f 831 884 581
f 884 1078 581
f 884 1080 1078
f 1302 1078 1080
f 1300 1078 1302
f 1534 1300 1302
f 1532 1300 1534
f 112 1532 1534
f 110 1532 112
f 334 110 112
f 332 110 334
f 582 332 586
f 586 332 334
f 587 1320 583
f 583 1320 1318
f 787 1318 1320
f 787 1320 789
f 1575 588 584
f 1575 584 1573
f 1573 788 1575
f 1575 788 790
f 589 886 585
f 585 886 884
f 1082 884 886
f 1080 884 1082
f 1304 1080 1082
f 1302 1080 1304
f 1536 1302 1304
f 1534 1302 1536
f 114 1534 1536
f 112 1534 114
f 336 112 114
f 334 112 336
f 586 334 590
f 590 334 336
f 1250 1320 587
f 789 1320 1250
f 591 789 1250
f 791 789 591
f 1577 592 588
f 1577 588 1575
f 1575 790 1577
f 1577 790 792
f 593 888 589
f 589 888 886
f 1084 886 888
f 1082 886 1084
f 1306 1082 1084
f 1304 1082 1306
f 1538 1304 1306
f 1536 1304 1538
f 116 1536 1538
f 114 1536 116
f 258 336 594
f 336 116 594
f 336 114 116
f 590 336 258
f 1478 791 1556
f 791 595 1556
f 791 591 595
f 793 1478 1556
f 1577 1485 592
f 1577 792 1485
f 792 596 1485
f 792 794 596
f 597 890 593
f 593 890 888
f 1086 888 890
f 1084 888 1086
f 1308 1084 1086
f 1306 1084 1308
f 1540 1306 1308
f 1538 1306 1540
f 28 116 598
f 116 1540 598
f 116 1538 1540
f 594 116 28
f 1476 1556 595
f 46 793 134
f 134 793 599
f 793 1556 599
f 1556 1476 599
f 795 46 134
f 57 596 794
f 57 794 59
f 59 796 57
f 57 796 600
f 832 890 597
f 1028 1086 832
f 832 1086 890
f 1234 1308 1028
f 1028 1308 1086
f 1460 1540 1234
f 1234 1540 1308
f 598 1540 1460
f 601 136 599
f 599 136 134
f 795 134 136
f 795 136 797
f 796 291 373
f 602 796 373
f 600 796 602
f 291 798 373
f 44 136 601
f 797 136 44
f 603 797 44
f 799 797 603
f 373 289 602
f 373 798 289
f 798 604 289
f 798 800 604
f 276 799 360
f 799 605 360
f 799 603 605
f 801 276 360
f 604 802 606
f 800 802 604
f 274 360 605
f 482 801 556
f 556 801 607
f 801 360 607
f 360 274 607
f 803 482 556
f 290 379 608
f 290 606 379
f 606 804 379
f 606 802 804
f 480 556 607
f 668 803 744
f 744 803 609
f 803 556 609
f 556 480 609
f 805 668 744
f 608 379 292
f 806 608 292
f 610 608 806
f 379 804 292
f 666 744 609
f 744 666 805
f 666 860 805
f 666 858 860
f 1052 860 858
f 1052 1054 860
f 1260 1054 1052
f 1260 1262 1054
f 1486 1262 1260
f 1486 1488 1262
f 58 1488 1486
f 58 60 1488
f 58 610 60
f 60 610 806
f 807 1069 611
f 611 1069 1067
f 1069 1275 1067
f 1277 1275 1069
f 1277 1503 1275
f 1505 1503 1277
f 1505 79 1503
f 81 79 1505
f 81 808 79
f 79 808 612
f 809 875 911
f 613 911 875
f 807 613 875
f 611 613 807
f 808 305 363
f 614 808 363
f 612 808 614
f 305 810 363
f 873 615 911
f 615 809 911
f 615 811 809
f 911 613 873
f 363 303 614
f 363 810 303
f 810 616 303
f 810 812 616
f 813 615 617
f 813 811 615
f 616 814 618
f 812 814 616
f 876 813 918
f 813 619 918
f 813 617 619
f 815 876 918
f 306 816 620
f 306 620 304
f 304 618 306
f 306 618 814
f 874 918 619
f 1070 815 1114
f 1114 815 621
f 815 918 621
f 918 874 621
f 1070 1114 1338
f 1070 1338 1278
f 1278 1338 1570
f 1278 1570 1506
f 1506 1570 152
f 1506 152 82
f 152 622 82
f 622 816 82
f 622 620 816
f 1068 1114 621
f 1276 1338 1068
f 1068 1338 1114
f 1504 1570 1276
f 1276 1570 1338
f 80 152 1504
f 1504 152 1570
f 622 152 80
f 943 15 105
f 105 15 745
f 15 243 745
f 15 245 243
f 245 451 243
f 453 451 245
f 746 451 705
f 451 641 705
f 451 453 641
f 705 641 747
f 641 833 747
f 641 835 833
f 748 833 1091
f 833 1031 1091
f 833 835 1031
f 1091 1031 1313
f 1313 1031 1237
f 1313 1237 1545
f 1545 1237 1463
f 1545 1463 121
f 121 1463 31
f 121 31 341
f 341 31 261
f 341 261 535
f 535 261 467
f 467 944 535
f 945 1221 1297
f 1297 1221 1529
f 1529 1221 1447
f 943 105 1447
f 1447 105 1529
f 105 13 1529
f 13 749 1529
f 105 745 13
f 705 639 746
f 705 747 639
f 1091 1029 748
f 1313 1235 1029
f 1313 1029 1091
f 1545 1461 1235
f 1545 1235 1313
f 121 29 1461
f 121 1461 1545
f 341 259 29
f 341 29 121
f 535 465 259
f 535 259 341
f 535 944 465
f 944 750 465
f 944 946 750
f 947 819 881
f 881 819 1077
f 1077 819 1015
f 945 1297 1015
f 1297 1077 1015
f 1297 1299 1077
f 1297 1531 1299
f 1297 1529 1531
f 1529 749 751
f 1529 751 1531
f 946 653 725
f 752 946 725
f 750 946 752
f 653 948 725
f 949 627 683
f 947 881 627
f 881 683 627
f 881 883 683
f 881 1079 883
f 881 1077 1079
f 1077 1301 1079
f 1077 1299 1301
f 1299 1533 1301
f 1299 1531 1533
f 1531 751 753
f 1531 753 1533
f 727 754 752
f 727 752 725
f 725 948 727
f 727 948 950
f 685 951 683
f 683 951 949
f 683 885 685
f 683 883 885
f 883 1081 885
f 883 1079 1081
f 1079 1303 1081
f 1079 1301 1303
f 1301 1535 1303
f 1301 1533 1535
f 1533 753 14
f 113 1533 14
f 1535 1533 113
f 244 335 113
f 244 113 14
f 452 527 335
f 452 335 244
f 640 713 527
f 640 527 452
f 755 713 640
f 729 756 754
f 729 754 727
f 727 950 729
f 729 950 952
f 953 441 499
f 951 685 441
f 441 685 499
f 685 625 499
f 625 757 499
f 887 758 625
f 685 887 625
f 885 887 685
f 885 1083 887
f 885 1081 1083
f 1081 1305 1083
f 1081 1303 1305
f 1303 1537 1305
f 1303 1535 1537
f 954 1537 16
f 1537 113 16
f 1537 1535 113
f 16 113 246
f 246 113 335
f 246 335 454
f 454 335 527
f 454 527 642
f 642 527 713
f 755 834 713
f 834 642 713
f 834 836 642
f 1030 1101 955
f 836 1030 955
f 834 1030 836
f 759 1101 1030
f 731 760 756
f 731 756 729
f 729 952 731
f 731 952 956
f 957 5 761
f 761 5 3
f 5 233 3
f 235 233 5
f 235 953 499
f 439 235 499
f 233 235 439
f 499 757 439
f 887 817 758
f 1085 762 817
f 887 1085 817
f 1083 1085 887
f 1083 1307 1085
f 1083 1305 1307
f 958 1307 1448
f 1307 1537 1448
f 1307 1305 1537
f 1537 954 1448
f 1101 1032 955
f 1325 959 1236
f 1236 959 759
f 959 1032 759
f 1032 1101 759
f 1462 1557 1325
f 1462 1325 1236
f 763 1557 1462
f 466 547 764
f 547 466 760
f 731 547 760
f 733 547 731
f 731 956 733
f 733 956 960
f 961 1439 765
f 765 1439 1437
f 761 1437 1439
f 761 1439 957
f 1087 766 762
f 1087 762 1085
f 1085 1309 1087
f 1085 1307 1309
f 1307 958 1309
f 1309 958 962
f 1325 1238 959
f 1238 1325 1464
f 1464 1325 1557
f 763 30 1557
f 30 1464 1557
f 30 32 1464
f 260 32 30
f 260 262 32
f 547 468 764
f 468 260 764
f 468 262 260
f 468 547 654
f 654 547 733
f 733 960 654
f 963 1215 1283
f 767 1283 1215
f 961 767 1215
f 765 767 961
f 1089 768 766
f 1089 766 1087
f 964 1089 1222
f 1089 1309 1222
f 1089 1087 1309
f 1309 962 1222
f 1213 769 1283
f 769 963 1283
f 769 965 963
f 1283 767 1213
f 768 1089 1016
f 966 768 1016
f 770 768 966
f 1089 964 1016
f 967 769 771
f 967 965 769
f 818 897 772
f 818 770 897
f 770 968 897
f 770 966 968
f 1289 969 1214
f 969 771 1214
f 969 967 771
f 773 1289 1214
f 772 897 820
f 970 772 820
f 774 772 970
f 897 968 820
f 1291 971 1289
f 1289 971 969
f 1289 773 775
f 1289 775 1291
f 626 701 776
f 626 774 701
f 774 972 701
f 774 970 972
f 1291 1216 971
f 973 1216 1291
f 775 973 1291
f 777 973 775
f 776 701 628
f 974 776 628
f 778 776 974
f 701 972 628
f 1525 975 1438
f 975 777 1438
f 975 973 777
f 4 103 1525
f 4 1525 1438
f 234 325 103
f 234 103 4
f 440 517 325
f 440 325 234
f 440 778 517
f 778 976 517
f 778 974 976
f 1525 1440 975
f 1440 1525 6
f 6 1525 103
f 6 103 236
f 236 103 325
f 236 325 442
f 442 325 517
f 517 976 442
f 977 483 531
f 531 483 779
f 483 667 779
f 483 669 667
f 669 859 667
f 861 859 669
f 780 859 1109
f 859 1055 1109
f 859 861 1055
f 1109 1055 1333
f 1333 1055 1263
f 1333 1263 1565
f 1565 1263 1489
f 1489 978 1565
f 1544 1477 781
f 979 47 1544
f 47 1477 1544
f 47 45 1477
f 47 275 45
f 277 275 47
f 277 977 531
f 481 277 531
f 275 277 481
f 531 779 481
f 1109 1053 780
f 1335 782 1053
f 1109 1335 1053
f 1333 1335 1109
f 1333 1567 1335
f 1333 1565 1567
f 1565 978 1567
f 1567 978 980
f 1544 781 1479
f 781 981 1479
f 781 783 981
f 979 1544 1479
f 1335 1261 782
f 1569 784 1261
f 1335 1569 1261
f 1567 1569 1335
f 1567 980 1569
f 1569 980 982
f 1316 1251 785
f 783 1251 1316
f 983 783 1316
f 981 783 983
f 1571 786 784
f 1571 784 1569
f 1569 982 1571
f 1571 982 984
f 1252 1316 785
f 983 1316 1252
f 787 983 1252
f 985 983 787
f 1571 1487 786
f 1571 984 1487
f 984 788 1487
f 984 986 788
f 1480 985 1552
f 985 789 1552
f 985 787 789
f 987 1480 1552
f 788 988 790
f 986 988 788
f 791 1554 789
f 789 1554 1552
f 987 1552 1554
f 987 1554 989
f 790 990 792
f 988 990 790
f 1478 1554 791
f 989 1554 1478
f 793 989 1478
f 991 989 793
f 990 61 155
f 794 990 155
f 792 990 794
f 61 992 155
f 793 46 991
f 991 46 48
f 993 48 46
f 993 46 795
f 155 59 794
f 155 992 59
f 992 796 59
f 992 994 796
f 995 795 797
f 995 993 795
f 996 374 291
f 796 996 291
f 994 996 796
f 374 798 291
f 278 995 358
f 995 799 358
f 995 797 799
f 997 278 358
f 293 374 996
f 293 998 374
f 998 798 374
f 998 800 798
f 276 358 799
f 484 997 554
f 554 997 801
f 997 358 801
f 358 276 801
f 999 484 554
f 800 1000 802
f 998 1000 800
f 482 554 801
f 670 999 742
f 742 999 803
f 999 554 803
f 554 482 803
f 1001 670 742
f 802 1002 804
f 1000 1002 802
f 668 742 803
f 862 1001 942
f 942 1001 805
f 1001 742 805
f 742 668 805
f 1003 862 942
f 294 1004 806
f 294 806 292
f 292 804 294
f 294 804 1002
f 860 942 805
f 942 860 1003
f 860 1056 1003
f 860 1054 1056
f 1262 1056 1054
f 1262 1264 1056
f 1488 1264 1262
f 1488 1490 1264
f 60 1490 1488
f 60 62 1490
f 60 806 62
f 62 806 1004
f 1005 1071 807
f 807 1071 1069
f 1071 1277 1069
f 1279 1277 1071
f 1279 1505 1277
f 1507 1505 1279
f 1507 81 1505
f 83 81 1507
f 83 1006 81
f 81 1006 808
f 912 875 809
f 807 875 912
f 1007 807 912
f 1005 807 1007
f 1008 364 305
f 808 1008 305
f 1006 1008 808
f 364 810 305
f 912 809 877
f 809 1009 877
f 809 811 1009
f 1007 912 877
f 307 364 1008
f 307 1010 364
f 1010 810 364
f 1010 812 810
f 878 1009 916
f 1009 813 916
f 1009 811 813
f 1011 878 916
f 308 1012 368
f 368 814 308
f 814 1010 308
f 814 812 1010
f 876 916 813
f 1011 916 876
f 815 1011 876
f 1013 1011 815
f 816 306 368
f 1012 816 368
f 1014 816 1012
f 814 368 306
f 815 1070 1013
f 1013 1070 1072
f 1278 1072 1070
f 1278 1280 1072
f 1506 1280 1278
f 1506 1508 1280
f 82 1508 1506
f 82 84 1508
f 82 816 84
f 84 816 1014
f 1137 1223 1295
f 1295 1223 1527
f 1527 1223 1449
f 1527 1449 943
f 1449 15 943
f 1449 17 15
f 17 245 15
f 247 245 17
f 247 453 245
f 455 453 247
f 455 641 453
f 643 641 455
f 643 835 641
f 837 835 643
f 837 1031 835
f 1033 1031 837
f 1033 1237 1031
f 1239 1237 1033
f 1239 1463 1237
f 1465 1463 1239
f 1465 31 1463
f 33 31 1465
f 33 261 31
f 263 261 33
f 263 467 261
f 469 467 263
f 469 1138 467
f 467 1138 944
f 1139 821 879
f 879 821 1075
f 1075 821 1017
f 1137 1295 1017
f 1017 1295 1075
f 1295 1221 1075
f 1221 945 1075
f 1527 1447 1221
f 1527 1221 1295
f 1527 943 1447
f 1138 655 723
f 946 1138 723
f 944 1138 946
f 655 1140 723
f 1141 629 681
f 1139 879 629
f 629 879 681
f 879 819 681
f 819 947 681
f 1075 1015 819
f 1075 819 879
f 1075 945 1015
f 723 653 946
f 723 1140 653
f 1140 948 653
f 1140 1142 948
f 627 949 681
f 949 1141 681
f 949 1143 1141
f 681 947 627
f 948 1144 950
f 1142 1144 948
f 1145 443 497
f 951 497 443
f 1143 951 443
f 949 951 1143
f 1144 847 927
f 952 1144 927
f 950 1144 952
f 847 1146 927
f 441 953 497
f 953 1145 497
f 953 1147 1145
f 497 951 441
f 16 115 954
f 246 337 115
f 246 115 16
f 456 1148 337
f 246 456 337
f 454 456 246
f 642 456 454
f 642 644 456
f 836 909 1149
f 644 836 1149
f 642 836 644
f 955 909 836
f 929 956 952
f 929 952 927
f 927 1146 929
f 929 1146 1150
f 1151 7 957
f 957 7 5
f 7 235 5
f 237 235 7
f 953 235 237
f 953 237 1147
f 1448 1539 958
f 115 18 954
f 954 18 1448
f 18 1152 1448
f 1152 1539 1448
f 18 115 248
f 248 115 337
f 337 1148 248
f 909 838 1149
f 955 1032 909
f 1032 838 909
f 1032 1034 838
f 1153 1034 1032
f 1153 1032 959
f 931 960 956
f 931 956 929
f 929 1150 931
f 931 1150 1154
f 1155 1441 961
f 961 1441 1439
f 957 1439 1441
f 957 1441 1151
f 958 1539 1450
f 1156 958 1450
f 962 958 1156
f 1539 1152 1450
f 959 1238 1153
f 1153 1238 1240
f 1464 1240 1238
f 1464 1466 1240
f 32 135 1157
f 1466 32 1157
f 1464 32 1466
f 262 355 135
f 262 135 32
f 468 549 355
f 468 355 262
f 654 735 549
f 654 549 468
f 931 848 960
f 960 848 654
f 848 1158 654
f 1158 735 654
f 931 1154 848
f 1159 1217 963
f 963 1217 1215
f 961 1215 1217
f 961 1217 1155
f 1222 1311 964
f 1222 962 1311
f 962 1160 1311
f 962 1156 1160
f 135 34 1157
f 34 135 264
f 264 135 355
f 264 355 1161
f 355 551 1161
f 355 549 551
f 1162 551 656
f 551 735 656
f 551 549 735
f 735 1158 656
f 1163 963 965
f 1163 1159 963
f 1018 1164 966
f 1018 966 1016
f 1311 1224 964
f 1224 1016 964
f 1224 1018 1016
f 1311 1160 1224
f 551 470 1161
f 551 1162 470
f 1165 965 967
f 1165 1163 965
f 822 1166 898
f 898 968 822
f 968 1164 822
f 968 966 1164
f 1167 967 969
f 1167 1165 967
f 970 820 898
f 1166 970 898
f 1168 970 1166
f 968 898 820
f 1169 969 971
f 1169 1167 969
f 970 1170 972
f 1168 1170 970
f 1293 1171 1216
f 1171 971 1216
f 1171 1169 971
f 973 1293 1216
f 628 703 974
f 628 972 703
f 972 1172 703
f 972 1170 1172
f 1293 1218 1171
f 1173 1218 1293
f 973 1173 1293
f 975 1173 973
f 974 703 630
f 1174 974 630
f 976 974 1174
f 703 1172 630
f 975 1440 1173
f 1173 1440 1442
f 6 1442 1440
f 6 8 1442
f 236 8 6
f 236 238 8
f 442 238 236
f 442 444 238
f 442 976 444
f 444 976 1174
f 1175 1265 1329
f 1329 1265 1561
f 1561 1265 1491
f 1491 1176 1561
f 1177 863 913
f 913 863 1107
f 1107 863 1057
f 1175 1329 1057
f 1329 1107 1057
f 1329 1331 1107
f 1329 1563 1331
f 1329 1561 1563
f 63 145 1176
f 145 1561 1176
f 145 1563 1561
f 63 1178 145
f 1179 485 977
f 977 485 483
f 485 669 483
f 671 669 485
f 671 1177 913
f 861 671 913
f 669 671 861
f 1107 1055 861
f 1107 861 913
f 1331 1263 1055
f 1331 1055 1107
f 1563 1489 1263
f 1563 1263 1331
f 147 978 1489
f 1563 147 1489
f 145 147 1563
f 145 1178 147
f 147 1178 1180
f 120 47 979
f 1181 279 120
f 279 47 120
f 279 277 47
f 977 277 279
f 977 279 1179
f 149 980 978
f 149 978 147
f 147 1180 149
f 149 1180 1182
f 1546 1479 981
f 49 120 979
f 49 979 1479
f 1183 49 1479
f 1546 1183 1479
f 1181 120 49
f 151 982 980
f 151 980 149
f 149 1182 151
f 151 1182 1184
f 983 1548 981
f 981 1548 1546
f 1183 1546 1548
f 1183 1548 1185
f 982 151 64
f 1186 982 64
f 984 982 1186
f 151 1184 64
f 985 1550 983
f 983 1550 1548
f 1185 1548 1550
f 1185 1550 1187
f 984 1188 986
f 1186 1188 984
f 1480 1550 985
f 50 1187 128
f 128 1187 987
f 1187 1550 987
f 1550 1480 987
f 1189 50 128
f 986 1190 988
f 1188 1190 986
f 989 130 987
f 987 130 128
f 1189 128 130
f 1189 130 1191
f 988 1192 990
f 1190 1192 988
f 991 132 989
f 989 132 130
f 1191 130 132
f 1191 132 1193
f 61 990 1192
f 61 1192 65
f 65 1194 61
f 61 1194 992
f 48 132 991
f 1193 132 48
f 993 1193 48
f 1195 1193 993
f 992 1196 994
f 1194 1196 992
f 1197 993 995
f 1197 1195 993
f 994 1198 996
f 1196 1198 994
f 995 278 1197
f 1197 278 280
f 1199 280 278
f 1199 278 997
f 1200 376 293
f 996 1200 293
f 1198 1200 996
f 376 998 293
f 997 484 1199
f 1199 484 486
f 1201 486 484
f 1201 484 999
f 1202 378 376
f 1202 376 1200
f 998 376 1000
f 1000 376 378
f 999 670 1201
f 1201 670 672
f 1203 672 670
f 1203 670 1001
f 1204 380 378
f 1204 378 1202
f 1000 378 1002
f 1002 378 380
f 1001 862 1203
f 1203 862 864
f 862 1003 1136
f 1058 862 1136
f 864 862 1058
f 1058 1136 1360
f 1058 1360 1266
f 1205 1266 1360
f 66 1206 168
f 380 1204 66
f 380 66 168
f 294 380 168
f 1004 294 168
f 1002 380 294
f 1056 1136 1003
f 1264 1360 1056
f 1056 1360 1136
f 1360 1264 1205
f 1264 1492 1205
f 1264 1490 1492
f 1206 1492 168
f 1492 62 168
f 1492 1490 62
f 1004 168 62
f 1104 1071 1005
f 1328 1279 1104
f 1104 1279 1071
f 1560 1507 1328
f 1328 1507 1279
f 142 83 1560
f 1560 83 1507
f 142 1006 83
f 1104 1005 1073
f 1005 1207 1073
f 1005 1007 1207
f 1104 1073 1281
f 1104 1281 1328
f 1328 1281 1509
f 1328 1509 1560
f 1560 1509 85
f 1560 85 142
f 85 1208 142
f 1208 1006 142
f 1208 1008 1006
f 914 877 1009
f 1007 877 914
f 1209 1007 914
f 1207 1007 1209
f 1210 366 307
f 1008 1210 307
f 1208 1210 1008
f 366 1010 307
f 878 914 1009
f 1209 914 878
f 1011 1209 878
f 1211 1209 1011
f 1012 308 366
f 1210 1012 366
f 1212 1012 1210
f 1010 366 308
f 1074 1211 1112
f 1211 1013 1112
f 1211 1011 1013
f 1074 1112 1336
f 1074 1336 1282
f 1282 1336 1568
f 1282 1568 1510
f 1510 1568 150
f 1510 150 86
f 150 1014 86
f 1014 1212 86
f 1014 1012 1212
f 1072 1112 1013
f 1280 1336 1072
f 1072 1336 1112
f 1508 1568 1280
f 1280 1568 1336
f 84 150 1508
f 1508 150 1568
f 1014 150 84
f 1361 35 119
f 119 35 339
f 339 35 265
f 265 1362 339
f 1363 1225 1137
f 1137 1225 1223
f 1225 1449 1223
f 1451 1449 1225
f 1451 17 1449
f 19 17 1451
f 19 247 17
f 249 247 19
f 249 455 247
f 457 455 249
f 457 643 455
f 645 643 457
f 645 837 643
f 839 837 645
f 839 1033 837
f 1035 1033 839
f 1035 1239 1033
f 1241 1239 1035
f 1241 1465 1239
f 1467 1465 1241
f 1467 1361 119
f 33 1467 119
f 1465 1467 33
f 339 263 33
f 339 33 119
f 263 339 1362
f 471 263 1362
f 469 263 471
f 471 1364 469
f 469 1364 1138
f 1365 823 1139
f 1139 823 821
f 823 1017 821
f 1019 1017 823
f 1137 1017 1019
f 1137 1019 1363
f 655 1138 1364
f 655 1364 657
f 657 1366 655
f 655 1366 1140
f 1367 631 1141
f 1141 631 629
f 1139 629 631
f 1139 631 1365
f 1140 1368 1142
f 1366 1368 1140
f 1369 445 495
f 1143 495 445
f 1367 1143 445
f 1141 1143 1367
f 1368 849 925
f 1144 1368 925
f 1142 1368 1144
f 849 1370 925
f 443 1145 495
f 1145 1369 495
f 1145 1371 1369
f 495 1143 443
f 925 847 1144
f 925 1370 847
f 1370 1146 847
f 1370 1372 1146
f 1373 1145 1147
f 1373 1371 1145
f 458 1374 1148
f 458 1148 456
f 644 715 1375
f 458 644 1375
f 456 644 458
f 1149 715 644
f 1146 1376 1150
f 1372 1376 1146
f 88 7 1151
f 1377 239 88
f 239 7 88
f 239 237 7
f 1147 237 239
f 1147 239 1373
f 18 117 1152
f 250 1378 117
f 18 250 117
f 248 250 18
f 248 1148 250
f 250 1148 1374
f 715 646 1375
f 1149 838 715
f 838 646 715
f 838 840 646
f 1034 840 838
f 1034 1036 840
f 1379 1036 1034
f 1379 1034 1153
f 1150 1380 1154
f 1376 1380 1150
f 1512 1441 1155
f 9 88 1151
f 9 1151 1441
f 1381 9 1441
f 1512 1381 1441
f 1377 88 9
f 1450 1541 1156
f 117 20 1152
f 1152 20 1450
f 20 1382 1450
f 1382 1541 1450
f 117 1378 20
f 1153 1240 1379
f 1379 1240 1242
f 1466 1242 1240
f 1466 1468 1242
f 1383 1468 1466
f 1383 1466 1157
f 848 933 1158
f 1154 1380 848
f 1380 1127 848
f 1127 933 848
f 1127 1380 1043
f 1043 1384 1127
f 1284 1217 1159
f 1443 1512 1155
f 1443 1155 1217
f 1385 1443 1217
f 1284 1385 1217
f 1381 1512 1443
f 1156 1541 1452
f 1386 1156 1452
f 1160 1156 1386
f 1541 1382 1452
f 1157 34 1383
f 1383 34 36
f 264 357 1387
f 36 264 1387
f 34 264 36
f 1161 357 264
f 656 737 1162
f 737 656 1158
f 933 737 1158
f 935 737 933
f 933 1129 935
f 933 1127 1129
f 1127 1384 1129
f 1129 1384 1388
f 1163 1286 1159
f 1159 1286 1284
f 1385 1284 1286
f 1385 1286 1389
f 1020 1390 1164
f 1020 1164 1018
f 1224 1020 1018
f 1224 1226 1020
f 1224 1160 1226
f 1226 1160 1386
f 359 1391 357
f 357 1391 1387
f 357 1161 470
f 553 357 470
f 359 357 553
f 553 470 1162
f 737 553 1162
f 739 553 737
f 737 937 739
f 737 935 937
f 935 1131 937
f 935 1129 1131
f 1129 1388 1131
f 1131 1388 1392
f 1165 1288 1163
f 1163 1288 1286
f 1389 1286 1288
f 1389 1288 1393
f 824 1394 1166
f 824 1166 822
f 822 1164 824
f 824 1164 1390
f 359 266 1391
f 266 359 472
f 472 359 553
f 472 553 1395
f 553 741 1395
f 553 739 741
f 1396 741 850
f 741 937 850
f 741 739 937
f 850 937 1044
f 1044 937 1131
f 1131 1392 1044
f 1288 1165 1219
f 1165 1397 1219
f 1165 1167 1397
f 1393 1288 1219
f 1166 1398 1168
f 1394 1398 1166
f 741 658 1395
f 741 1396 658
f 1399 1167 1169
f 1399 1397 1167
f 1168 1400 1170
f 1398 1400 1168
f 1220 1399 1294
f 1399 1171 1294
f 1399 1169 1171
f 1401 1220 1294
f 632 1402 704
f 704 1172 632
f 1172 1400 632
f 1172 1170 1400
f 1218 1294 1171
f 1401 1294 1218
f 1173 1401 1218
f 1403 1401 1173
f 1174 630 704
f 1402 1174 704
f 1404 1174 1402
f 1172 704 630
f 1173 1442 1403
f 1403 1442 1444
f 8 1444 1442
f 8 10 1444
f 238 10 8
f 238 240 10
f 444 240 238
f 444 446 240
f 444 1174 446
f 446 1174 1404
f 1405 1059 1105
f 1105 1059 1175
f 1059 1265 1175
f 1059 1267 1265
f 1267 1491 1265
f 1493 1491 1267
f 1176 1491 143
f 1491 67 143
f 1491 1493 67
f 67 1406 143
f 1407 865 1177
f 1177 865 863
f 865 1405 1105
f 1057 865 1105
f 863 865 1057
f 1105 1175 1057
f 143 63 1176
f 1406 295 365
f 1406 365 1178
f 143 1406 1178
f 63 143 1178
f 295 1408 365
f 1409 487 1179
f 1179 487 485
f 487 671 485
f 673 671 487
f 1177 671 673
f 1177 673 1407
f 367 1180 1178
f 367 1178 365
f 365 1408 367
f 367 1408 1410
f 1411 281 1181
f 1181 281 279
f 1179 279 281
f 1179 281 1409
f 369 1182 1180
f 369 1180 367
f 367 1410 369
f 369 1410 1412
f 1413 51 1183
f 1183 51 49
f 1181 49 51
f 1181 51 1411
f 1182 369 296
f 1414 1182 296
f 1184 1182 1414
f 369 1412 296
f 1415 1183 1185
f 1415 1413 1183
f 64 153 1186
f 64 1184 153
f 1184 1416 153
f 1184 1414 1416
f 1417 1185 1187
f 1417 1415 1185
f 1186 153 68
f 1418 1186 68
f 1188 1186 1418
f 153 1416 68
f 1187 50 1417
f 1417 50 52
f 1419 52 50
f 1419 50 1189
f 1188 1420 1190
f 1418 1420 1188
f 1421 1189 1191
f 1421 1419 1189
f 1190 1422 1192
f 1420 1422 1190
f 1423 1191 1193
f 1423 1421 1191
f 1424 156 65
f 1192 1424 65
f 1422 1424 1192
f 156 1194 65
f 1425 1193 1195
f 1425 1423 1193
f 69 156 1424
f 69 1426 156
f 1426 1194 156
f 1426 1196 1194
f 1427 1195 1197
f 1427 1425 1195
f 1196 1428 1198
f 1426 1428 1196
f 1197 280 1427
f 1427 280 282
f 1429 282 280
f 1429 280 1199
f 1198 1430 1200
f 1428 1430 1198
f 1199 486 1429
f 1429 486 488
f 1431 488 486
f 1431 486 1201
f 70 1432 164
f 164 1202 70
f 1202 1430 70
f 1202 1200 1430
f 1201 672 1431
f 1431 672 674
f 672 1203 940
f 866 672 940
f 674 672 866
f 1433 866 940
f 1494 1434 1590
f 164 1432 1494
f 1590 164 1494
f 166 164 1590
f 1202 164 1204
f 1204 164 166
f 864 940 1203
f 940 864 1433
f 864 1060 1433
f 864 1058 1060
f 1266 1060 1058
f 1266 1268 1060
f 1592 1590 1205
f 1590 1268 1205
f 1268 1266 1205
f 1268 1590 1434
f 66 166 1206
f 166 1592 1206
f 166 1590 1592
f 1204 166 66
f 1492 1592 1205
f 1206 1592 1492
f 1106 1073 1207
f 1330 1281 1106
f 1106 1281 1073
f 1562 1509 1330
f 1330 1509 1281
f 144 85 1562
f 1562 85 1509
f 144 1208 85
f 1209 1108 1207
f 1207 1108 1106
f 1332 1106 1108
f 1330 1106 1332
f 1564 1330 1332
f 1562 1330 1564
f 146 1562 1564
f 144 1562 146
f 1208 144 1210
f 1210 144 146
f 1211 1110 1209
f 1209 1110 1108
f 1334 1108 1110
f 1332 1108 1334
f 1566 1332 1334
f 1564 1332 1566
f 148 1564 1566
f 146 1564 148
f 1210 146 1212
f 1212 146 148
f 1074 1110 1211
f 1282 1334 1074
f 1074 1334 1110
f 1510 1566 1282
f 1282 1566 1334
f 86 148 1510
f 1510 148 1566
f 1212 148 86
f 1593 1469 1543
f 1543 1469 1361
f 1469 35 1361
f 1469 37 35
f 37 265 35
f 267 265 37
f 1362 265 533
f 265 473 533
f 265 267 473
f 473 1594 533
f 1595 1227 1363
f 1363 1227 1225
f 1227 1451 1225
f 1453 1451 1227
f 1453 19 1451
f 21 19 1453
f 21 249 19
f 251 249 21
f 251 457 249
f 459 457 251
f 459 645 457
f 647 645 459
f 647 839 645
f 841 839 647
f 841 1035 839
f 1037 1035 841
f 1037 1241 1035
f 1243 1241 1037
f 1243 1593 1543
f 1467 1243 1543
f 1241 1243 1467
f 1543 1361 1467
f 533 471 1362
f 1594 659 721
f 1594 721 1364
f 533 1594 1364
f 471 533 1364
f 659 1596 721
f 1597 825 1365
f 1365 825 823
f 825 1019 823
f 1021 1019 825
f 1363 1019 1021
f 1363 1021 1595
f 721 657 1364
f 721 1596 657
f 1596 1366 657
f 1596 1598 1366
f 1599 633 1367
f 1367 633 631
f 1365 631 633
f 1365 633 1597
f 1598 851 923
f 1368 1598 923
f 1366 1598 1368
f 851 1600 923
f 496 445 1369
f 1367 445 496
f 1601 1367 496
f 1599 1367 1601
f 923 849 1368
f 923 1600 849
f 1600 1370 849
f 1600 1602 1370
f 496 1369 447
f 1369 1603 447
f 1369 1371 1603
f 1601 496 447
f 1370 1604 1372
f 1602 1604 1370
f 1605 1371 1373
f 1605 1603 1371
f 458 529 1374
f 458 1375 716
f 648 458 716
f 458 1606 529
f 458 648 1606
f 1607 648 716
f 1372 1608 1376
f 1604 1608 1372
f 310 239 1377
f 1373 239 310
f 1609 1373 310
f 1605 1373 1609
f 252 1610 1378
f 252 1378 250
f 529 460 1374
f 460 250 1374
f 460 252 250
f 1606 460 529
f 646 716 1375
f 716 646 1607
f 646 842 1607
f 646 840 842
f 1036 842 840
f 1036 1038 842
f 1611 1038 1036
f 1611 1036 1379
f 1608 1045 1125
f 1380 1608 1125
f 1376 1608 1380
f 1045 1612 1125
f 90 9 1381
f 9 90 1377
f 90 310 1377
f 90 312 310
f 1609 310 312
f 1609 312 1613
f 22 1614 1382
f 22 1382 20
f 20 1378 22
f 22 1378 1610
f 1379 1242 1611
f 1611 1242 1244
f 1468 1244 1242
f 1468 1470 1244
f 1615 1470 1468
f 1615 1468 1383
f 1125 1043 1380
f 1125 1612 1043
f 1612 1384 1043
f 1612 1616 1384
f 1514 1443 1385
f 1443 1514 1381
f 1514 90 1381
f 1514 92 90
f 314 90 92
f 312 90 314
f 1613 312 314
f 1613 314 1617
f 1454 1618 1386
f 1454 1386 1452
f 1452 1382 1454
f 1454 1382 1614
f 137 1619 36
f 1619 1383 36
f 1619 1615 1383
f 1387 137 36
f 1616 1253 1353
f 1388 1616 1353
f 1384 1616 1388
f 1253 1620 1353
f 1389 1516 1385
f 1385 1516 1514
f 1516 1621 11
f 92 1516 11
f 1514 1516 92
f 92 11 241
f 92 241 314
f 1617 314 241
f 1022 1622 1390
f 1022 1390 1020
f 1226 1022 1020
f 1226 1228 1022
f 1226 1386 1228
f 1228 1386 1618
f 137 38 1619
f 1623 38 137
f 1387 1623 137
f 1391 1623 1387
f 1355 1392 1388
f 1355 1388 1353
f 1353 1620 1355
f 1355 1620 1624
f 1516 1389 1445
f 1389 1625 1445
f 1389 1393 1625
f 1621 1516 1445
f 634 1626 698
f 634 698 1394
f 824 634 1394
f 826 634 824
f 824 1390 826
f 826 1390 1622
f 361 1627 266
f 1627 1391 266
f 1627 1623 1391
f 472 555 361
f 472 361 266
f 1395 555 472
f 850 939 1396
f 1044 1133 939
f 1044 939 850
f 1133 1044 1392
f 1355 1133 1392
f 1357 1133 1355
f 1355 1624 1357
f 1357 1624 1628
f 1290 1219 1397
f 1393 1219 1290
f 1629 1393 1290
f 1625 1393 1629
f 1630 700 698
f 1630 698 1626
f 1394 698 1398
f 1398 698 700
f 361 268 1627
f 268 361 474
f 474 361 555
f 1395 658 555
f 658 474 555
f 658 660 474
f 939 852 1396
f 852 658 1396
f 852 660 658
f 852 939 1046
f 1046 939 1133
f 1046 1133 1254
f 1254 1133 1357
f 1357 1628 1254
f 1399 1292 1397
f 1397 1292 1290
f 1629 1290 1292
f 1629 1292 1631
f 1632 702 700
f 1632 700 1630
f 1398 700 1400
f 1400 700 702
f 1220 1292 1399
f 1631 1292 1220
f 1401 1631 1220
f 1633 1631 1401
f 1402 632 702
f 1632 1402 702
f 1634 1402 1632
f 1400 702 632
f 1446 1633 1526
f 1633 1403 1526
f 1633 1401 1403
f 1446 1526 104
f 1446 104 12
f 12 104 326
f 12 326 242
f 242 326 518
f 242 518 448
f 518 1404 448
f 1404 1634 448
f 1404 1402 1634
f 1444 1526 1403
f 10 104 1444
f 1444 104 1526
f 240 326 10
f 10 326 104
f 446 518 240
f 240 518 326
f 1404 518 446
f 1635 1061 1405
f 1405 1061 1059
f 1061 1267 1059
f 1269 1267 1061
f 1269 1493 1267
f 1495 1493 1269
f 1495 67 1493
f 71 67 1495
f 71 1636 67
f 67 1636 1406
f 1637 867 1407
f 1407 867 865
f 1405 865 867
f 1405 867 1635
f 295 1406 1636
f 295 1636 297
f 297 1638 295
f 295 1638 1408
f 1639 489 1409
f 1409 489 487
f 489 673 487
f 675 673 489
f 1407 673 675
f 1407 675 1637
f 1408 1640 1410
f 1638 1640 1408
f 1641 283 1411
f 1411 283 281
f 1409 281 283
f 1409 283 1639
f 1410 1642 1412
f 1640 1642 1410
f 122 51 1413
f 1411 51 122
f 1643 1411 122
f 1641 1411 1643
f 296 371 1414
f 296 1412 371
f 1412 1644 371
f 1412 1642 1644
f 122 1413 53
f 1413 1645 53
f 1413 1415 1645
f 1643 122 53
f 1414 371 298
f 1646 1414 298
f 1416 1414 1646
f 371 1644 298
f 54 1645 126
f 1645 1417 126
f 1645 1415 1417
f 1647 54 126
f 72 1648 1418
f 72 1418 68
f 68 1416 72
f 72 1416 1646
f 52 126 1417
f 1647 126 52
f 1419 1647 52
f 1649 1647 1419
f 1418 1650 1420
f 1648 1650 1418
f 284 1649 350
f 1649 1421 350
f 1649 1419 1421
f 1651 284 350
f 1420 1652 1422
f 1650 1652 1420
f 1423 352 1421
f 1421 352 350
f 1651 350 352
f 1651 352 1653
f 1422 1654 1424
f 1652 1654 1422
f 352 1423 285
f 1423 1655 285
f 1423 1425 1655
f 1653 352 285
f 69 1424 1654
f 69 1654 73
f 73 1656 69
f 69 1656 1426
f 286 1655 356
f 1655 1427 356
f 1655 1425 1427
f 1657 286 356
f 1426 1658 1428
f 1656 1658 1426
f 282 356 1427
f 1657 356 282
f 1429 1657 282
f 1659 1657 1429
f 74 1660 162
f 162 1430 74
f 1430 1658 74
f 1430 1428 1658
f 1429 488 1659
f 1659 488 490
f 1661 490 488
f 1661 488 1431
f 1432 70 162
f 1660 1432 162
f 1662 1432 1660
f 1430 162 70
f 1431 674 1661
f 1661 674 676
f 866 676 674
f 866 868 676
f 866 1433 1134
f 1062 866 1134
f 868 866 1062
f 1062 1134 1358
f 1062 1358 1270
f 1270 1358 1434
f 1494 1270 1434
f 1496 1270 1494
f 1494 1432 1496
f 1496 1432 1662
f 1060 1134 1433
f 1268 1358 1060
f 1060 1358 1134
f 1434 1358 1268
f 169 1471 1593
f 1593 1471 1469
f 1471 37 1469
f 39 37 1471
f 39 267 37
f 269 267 39
f 269 473 267
f 475 473 269
f 475 170 473
f 473 170 1594
f 171 1229 1595
f 1595 1229 1227
f 1229 1453 1227
f 1455 1453 1229
f 1455 21 1453
f 23 21 1455
f 23 251 21
f 253 251 23
f 253 459 251
f 461 459 253
f 706 647 172
f 647 461 172
f 647 459 461
f 173 843 706
f 843 647 706
f 843 841 647
f 843 1037 841
f 1039 1037 843
f 1039 1243 1037
f 1245 1243 1039
f 1593 1243 1245
f 1593 1245 169
f 659 1594 170
f 659 170 661
f 661 174 659
f 659 174 1596
f 880 825 1597
f 175 1023 880
f 1023 825 880
f 1023 1021 825
f 1595 1021 1023
f 1595 1023 171
f 649 706 172
f 173 706 649
f 174 853 921
f 1598 174 921
f 1596 174 1598
f 853 176 921
f 682 633 1599
f 827 880 1597
f 827 1597 633
f 177 827 633
f 682 177 633
f 175 880 827
f 921 851 1598
f 921 176 851
f 176 1600 851
f 176 178 1600
f 682 1599 635
f 1599 179 635
f 1599 1601 179
f 177 682 635
f 1600 180 1602
f 178 180 1600
f 498 447 1603
f 1601 447 498
f 181 1601 498
f 179 1601 181
f 1602 182 1604
f 180 182 1602
f 1605 500 1603
f 1603 500 498
f 181 498 500
f 181 500 183
f 462 184 530
f 462 530 1606
f 648 462 1606
f 650 462 648
f 648 1607 910
f 844 648 910
f 650 648 844
f 185 844 910
f 1604 186 1608
f 182 186 1604
f 500 1605 449
f 1605 187 449
f 1605 1609 187
f 183 500 449
f 254 188 1610
f 254 1610 252
f 184 254 530
f 254 460 530
f 254 252 460
f 1606 530 460
f 842 910 1607
f 910 842 185
f 842 1040 185
f 842 1038 1040
f 1038 1611 1326
f 1246 1038 1326
f 1040 1038 1246
f 189 1246 1326
f 1045 1608 186
f 1045 186 1047
f 1047 190 1045
f 1045 190 1612
f 450 187 504
f 187 1613 504
f 187 1609 1613
f 191 450 504
f 24 192 1614
f 24 1614 22
f 22 1610 24
f 24 1610 188
f 1244 1326 1611
f 1326 1244 189
f 1244 1472 189
f 1244 1470 1472
f 193 1472 1470
f 193 1470 1615
f 190 1255 1351
f 1616 190 1351
f 1612 190 1616
f 1351 1255 1583
f 1583 1255 1481
f 1481 194 1583
f 1617 506 1613
f 1613 506 504
f 191 504 506
f 191 506 195
f 1456 196 1618
f 1456 1618 1454
f 1454 1614 1456
f 1456 1614 192
f 197 1615 1619
f 197 193 1615
f 1351 1253 1616
f 1585 1620 1253
f 1351 1585 1253
f 1583 1585 1351
f 1583 194 1585
f 1585 194 198
f 94 11 1621
f 316 241 94
f 94 241 11
f 241 316 1617
f 316 506 1617
f 316 508 506
f 696 636 195
f 506 696 195
f 508 696 506
f 636 696 896
f 636 896 828
f 828 896 1622
f 1022 828 1622
f 1024 828 1022
f 1228 1024 1022
f 1228 1230 1024
f 1228 1618 1230
f 1230 1618 196
f 139 199 38
f 199 1619 38
f 199 197 1619
f 1623 139 38
f 1587 1624 1620
f 1587 1620 1585
f 1585 198 1587
f 1587 198 200
f 1518 1445 1625
f 1445 1518 1621
f 1518 94 1621
f 1518 96 94
f 318 94 96
f 316 94 318
f 510 316 318
f 508 316 510
f 634 696 1626
f 696 510 1626
f 696 508 510
f 826 896 634
f 634 896 696
f 1622 896 826
f 139 40 199
f 201 40 139
f 1623 201 139
f 1627 201 1623
f 1589 1628 1624
f 1589 1624 1587
f 1587 200 1589
f 1589 200 202
f 1629 1520 1625
f 1625 1520 1518
f 98 1518 1520
f 96 1518 98
f 320 96 98
f 318 96 320
f 512 318 320
f 510 318 512
f 1626 510 1630
f 1630 510 512
f 1627 268 201
f 201 268 270
f 474 270 268
f 474 476 270
f 660 743 203
f 476 660 203
f 474 660 476
f 852 941 743
f 852 743 660
f 1046 1135 941
f 1046 941 852
f 1254 1359 1135
f 1254 1135 1046
f 1589 1482 1628
f 1628 1482 1254
f 1482 204 1254
f 204 1359 1254
f 1589 202 1482
f 1631 1522 1629
f 1629 1522 1520
f 100 1520 1522
f 98 1520 100
f 322 98 100
f 320 98 322
f 514 320 322
f 512 320 514
f 1630 512 1632
f 1632 512 514
f 743 662 203
f 662 743 854
f 854 743 941
f 854 941 1048
f 1048 941 1135
f 1048 1135 1256
f 1256 1135 1359
f 1359 204 1256
f 1633 1524 1631
f 1631 1524 1522
f 102 1522 1524
f 100 1522 102
f 324 100 102
f 322 100 324
f 516 322 324
f 514 322 516
f 1632 514 1634
f 1634 514 516
f 1446 1524 1633
f 12 102 1446
f 1446 102 1524
f 242 324 12
f 12 324 102
f 448 516 242
f 242 516 324
f 1634 516 448
f 205 1063 1635
f 1635 1063 1061
f 1063 1269 1061
f 1271 1269 1063
f 1271 1495 1269
f 1497 1495 1271
f 1497 71 1495
f 75 71 1497
f 75 206 71
f 71 206 1636
f 207 869 1637
f 1637 869 867
f 1635 867 869
f 1635 869 205
f 297 1636 206
f 297 206 299
f 299 208 297
f 297 208 1638
f 532 489 1639
f 209 677 532
f 677 489 532
f 677 675 489
f 1637 675 677
f 1637 677 207
f 1638 210 1640
f 208 210 1638
f 340 283 1641
f 491 532 1639
f 491 1639 283
f 211 491 283
f 340 211 283
f 209 532 491
f 1640 212 1642
f 210 212 1640
f 340 1641 287
f 1641 213 287
f 1641 1643 213
f 211 340 287
f 300 214 372
f 372 1644 300
f 1644 212 300
f 1644 1642 212
f 124 53 1645
f 1643 53 124
f 215 1643 124
f 213 1643 215
f 1646 298 372
f 214 1646 372
f 216 1646 214
f 1644 372 298
f 54 124 1645
f 215 124 54
f 1647 215 54
f 217 215 1647
f 76 218 1648
f 76 1648 72
f 72 1646 76
f 76 1646 216
f 288 217 348
f 217 1649 348
f 217 1647 1649
f 219 288 348
f 1498 220 1576
f 1576 1650 1498
f 1650 218 1498
f 1650 1648 218
f 284 348 1649
f 492 219 544
f 544 219 1651
f 219 348 1651
f 348 284 1651
f 221 492 544
f 222 1578 1576
f 222 1576 220
f 1650 1576 1652
f 1652 1576 1578
f 544 1651 493
f 1651 223 493
f 1651 1653 223
f 221 544 493
f 224 1580 1578
f 224 1578 222
f 1652 1578 1654
f 1654 1578 1580
f 354 285 1655
f 1653 285 354
f 225 1653 354
f 223 1653 225
f 1499 1580 224
f 226 158 73
f 226 73 1654
f 1499 226 1654
f 1580 1499 1654
f 158 1656 73
f 286 354 1655
f 225 354 286
f 1657 225 286
f 227 225 1657
f 228 160 158
f 228 158 226
f 1656 158 1658
f 1658 158 160
f 494 227 552
f 227 1659 552
f 227 1657 1659
f 229 494 552
f 1660 74 160
f 228 1660 160
f 230 1660 228
f 1658 160 74
f 490 552 1659
f 678 229 740
f 740 229 1661
f 229 552 1661
f 552 490 1661
f 678 740 938
f 678 938 870
f 870 938 1132
f 870 1132 1064
f 1064 1132 1356
f 1064 1356 1272
f 1272 1356 1588
f 1272 1588 1500
f 1588 1662 1500
f 1662 230 1500
f 1662 1660 230
f 676 740 1661
f 868 938 676
f 676 938 740
f 1062 1132 868
f 868 1132 938
f 1270 1356 1062
f 1062 1356 1132
f 1496 1588 1270
f 1270 1588 1356
f 1662 1588 1496
