# Converted from NanoShaper .vert/.face
v 4.764000 1.063000 -15.823000
v 5.962000 1.063000 -15.823000
v 4.191000 1.063000 -15.323000
v 6.535000 1.063000 -15.323000
v 3.988000 1.063000 -14.823000
v 6.737000 1.063000 -14.823000
v 3.969000 1.063000 -14.323000
v 6.753000 1.063000 -14.323000
v 3.968000 1.063000 -13.823000
v 6.819000 1.063000 -13.823000
v 4.060000 1.063000 -13.323000
v 7.072000 1.063000 -13.323000
v 4.251000 1.063000 -12.823000
v 7.279000 1.063000 -12.823000
v 4.414000 1.063000 -12.323000
v 7.296000 1.063000 -12.323000
v 4.423000 1.063000 -11.823000
v 7.289000 1.063000 -11.823000
v 4.435000 1.063000 -11.323000
v 7.333000 1.063000 -11.323000
v 4.461000 1.063000 -10.823000
v 7.579000 1.063000 -10.823000
v 4.471000 1.063000 -10.323000
v 8.019000 1.063000 -10.323000
v 4.458000 1.063000 -9.823000
v 8.231000 1.063000 -9.823000
v 4.381000 1.063000 -9.323000
v 8.249000 1.063000 -9.323000
v 4.182000 1.063000 -8.823000
v 8.253000 1.063000 -8.823000
v 3.988000 1.063000 -8.323000
v 8.253000 1.063000 -8.323000
v 3.712000 1.063000 -7.823000
v 8.068000 1.063000 -7.823000
v 3.499000 1.063000 -7.323000
v 7.845000 1.063000 -7.323000
v 3.409000 1.063000 -6.823000
v 7.774000 1.063000 -6.823000
v 3.151000 1.063000 -6.323000
v 7.580000 1.063000 -6.323000
v 2.709000 1.063000 -5.823000
v 7.243000 1.063000 -5.823000
v 2.488000 1.063000 -5.323000
v 7.028000 1.063000 -5.323000
v 2.185000 1.063000 -4.823000
v 6.596000 1.063000 -4.823000
v 1.999000 1.063000 -4.323000
v 6.246000 1.063000 -4.323000
v 1.965000 1.063000 -3.823000
v 5.968000 1.063000 -3.823000
v 1.982000 1.063000 -3.323000
v 5.736000 1.063000 -3.323000
v 2.101000 1.063000 -2.823000
v 5.514000 1.063000 -2.823000
v 2.437000 1.063000 -2.323000
v 5.063000 1.063000 -2.323000
v 5.295000 5.063000 -12.323000
v 6.492000 5.063000 -12.323000
v 4.655000 5.063000 -11.823000
v 7.065000 5.063000 -11.823000
v 4.135000 5.063000 -11.323000
v 7.268000 5.063000 -11.323000
v 3.945000 5.063000 -10.823000
v 7.280000 5.063000 -10.823000
v 3.949000 5.063000 -10.323000
v 7.260000 5.063000 -10.323000
v 4.046000 5.063000 -9.823000
v 7.068000 5.063000 -9.823000
v 4.270000 5.063000 -9.323000
v 6.792000 5.063000 -9.323000
v 4.752000 5.063000 -8.823000
v 6.503000 5.063000 -8.823000
v 2.730000 5.063000 -4.823000
v 4.159000 5.063000 -4.823000
v 2.197000 5.063000 -4.323000
v 5.064000 5.063000 -4.323000
v 2.006000 5.063000 -3.823000
v 5.522000 5.063000 -3.823000
v 2.000000 5.063000 -3.323000
v 6.027000 5.063000 -3.323000
v 2.000000 5.063000 -2.823000
v 6.251000 5.063000 -2.823000
v 2.093000 5.063000 -2.323000
v 6.618000 5.063000 -2.323000
v 2.255000 5.063000 -1.823000
v 7.910000 5.063000 -1.823000
v 2.348000 5.063000 -1.323000
v 8.499000 5.063000 -1.323000
v 2.358000 5.063000 -0.823000
v 8.706000 5.063000 -0.823000
v 2.306000 5.063000 -0.323000
v 8.768000 5.063000 -0.323000
v 2.300000 5.063000 0.177000
v 8.776000 5.063000 0.177000
v 2.343000 5.063000 0.677000
v 8.707000 5.063000 0.677000
v 2.385000 5.063000 1.177000
v 8.624000 5.063000 1.177000
v 2.557000 5.063000 1.677000
v 8.414000 5.063000 1.677000
v 2.744000 5.063000 2.177000
v 7.772000 5.063000 2.177000
v 2.958000 5.063000 2.677000
v 7.217000 5.063000 2.677000
v 3.039000 5.063000 3.177000
v 6.952000 5.063000 3.177000
v 3.035000 5.063000 3.677000
v 6.776000 5.063000 3.677000
v 3.028000 5.063000 4.177000
v 6.736000 5.063000 4.177000
v 3.048000 5.063000 4.677000
v 6.727000 5.063000 4.677000
v 3.115000 5.063000 5.177000
v 6.588000 5.063000 5.177000
v 3.120000 5.063000 5.677000
v 6.441000 5.063000 5.677000
v 3.010000 5.063000 6.177000
v 6.459000 5.063000 6.177000
v 2.976000 5.063000 6.677000
v 6.616000 5.063000 6.677000
v 2.968000 5.063000 7.177000
v 6.632000 5.063000 7.177000
v 3.000000 5.063000 7.677000
v 6.438000 5.063000 7.677000
v 3.185000 5.063000 8.177000
v 6.037000 5.063000 8.177000
v 3.576000 5.063000 8.677000
v 5.773000 5.063000 8.677000
v 4.239000 5.063000 9.177000
v 5.405000 5.063000 9.177000
v 4.689000 9.063000 4.177000
v 5.988000 9.063000 4.177000
v 4.235000 9.063000 4.677000
v 6.460000 9.063000 4.677000
v 4.047000 9.063000 5.177000
v 6.648000 9.063000 5.177000
v 4.062000 9.063000 5.677000
v 6.706000 9.063000 5.677000
v 4.059000 9.063000 6.177000
v 6.924000 9.063000 6.177000
v 4.008000 9.063000 6.677000
v 7.188000 9.063000 6.677000
v 3.838000 9.063000 7.177000
v 7.530000 9.063000 7.177000
v 3.591000 9.063000 7.677000
v 7.812000 9.063000 7.677000
v 3.259000 9.063000 8.177000
v 7.795000 9.063000 8.177000
v 2.760000 9.063000 8.677000
v 7.688000 9.063000 8.677000
v 2.276000 9.063000 9.177000
v 7.487000 9.063000 9.177000
v 2.041000 9.063000 9.677000
v 7.297000 9.063000 9.677000
v 2.000000 9.063000 10.177000
v 7.257000 9.063000 10.177000
v 2.028000 9.063000 10.677000
v 7.272000 9.063000 10.677000
v 2.241000 9.063000 11.177000
v 7.278000 9.063000 11.177000
v 2.784000 9.063000 11.677000
v 7.258000 9.063000 11.677000
v 3.238000 9.063000 12.177000
v 7.192000 9.063000 12.177000
v 3.474000 9.063000 12.677000
v 7.010000 9.063000 12.677000
v 3.522000 9.063000 13.177000
v 6.746000 9.063000 13.177000
v 3.461000 9.063000 13.677000
v 6.517000 9.063000 13.677000
v 3.462000 9.063000 14.177000
v 6.383000 9.063000 14.177000
v 3.781000 9.063000 14.677000
v 6.288000 9.063000 14.677000
v 4.181000 9.063000 15.177000
v 6.276000 9.063000 15.177000
v 4.640000 9.063000 15.677000
v 5.979000 9.063000 15.677000
v 6.302000 13.063000 13.677000
v 8.112000 13.063000 13.677000
v 5.719000 13.063000 14.177000
v 8.612000 13.063000 14.177000
v 5.379000 13.063000 14.677000
v 9.059000 13.063000 14.677000
v 5.354000 13.063000 15.177000
v 9.268000 13.063000 15.177000
v 5.622000 13.063000 15.677000
v 9.279000 13.063000 15.677000
v 6.112000 13.063000 16.177000
v 9.098000 13.063000 16.177000
v 6.749000 13.063000 16.677000
v 8.584000 13.063000 16.677000
v 2.108000 1.063000 -4.679000
v 2.108000 1.063000 -2.805000
v 2.608000 1.063000 -5.641000
v 2.608000 1.063000 -2.198000
v 3.108000 1.063000 -6.270000
v 3.108000 1.063000 -2.022000
v 3.608000 1.063000 -7.646000
v 3.608000 1.063000 -2.028000
v 4.108000 1.063000 -15.179000
v 4.108000 1.063000 -13.149000
v 4.108000 1.063000 -8.672000
v 4.108000 1.063000 -2.078000
v 4.608000 1.063000 -15.737000
v 4.608000 1.063000 -2.107000
v 5.108000 1.063000 -15.935000
v 5.108000 1.063000 -2.361000
v 5.608000 1.063000 -15.937000
v 5.608000 1.063000 -2.980000
v 6.108000 1.063000 -15.743000
v 6.108000 1.063000 -4.067000
v 6.608000 1.063000 -15.198000
v 6.608000 1.063000 -4.838000
v 7.108000 1.063000 -13.267000
v 7.108000 1.063000 -5.480000
v 7.608000 1.063000 -10.786000
v 7.608000 1.063000 -6.369000
v 8.108000 1.063000 -10.173000
v 8.108000 1.063000 -7.894000
v 2.108000 5.063000 -4.156000
v 2.108000 5.063000 -2.277000
v 2.608000 5.063000 -4.749000
v 2.608000 5.063000 1.862000
v 3.108000 5.063000 -4.962000
v 3.108000 5.063000 5.131000
v 3.108000 5.063000 5.762000
v 3.108000 5.063000 8.016000
v 3.608000 5.063000 -4.992000
v 3.608000 5.063000 8.705000
v 4.108000 5.063000 -11.278000
v 4.108000 5.063000 -9.623000
v 4.108000 5.063000 -4.845000
v 4.108000 5.063000 9.073000
v 4.608000 5.063000 -11.790000
v 4.608000 5.063000 -8.948000
v 4.608000 5.063000 -4.620000
v 4.608000 5.063000 9.379000
v 5.108000 5.063000 -12.217000
v 5.108000 5.063000 -8.624000
v 5.108000 5.063000 -4.275000
v 5.108000 5.063000 9.318000
v 5.608000 5.063000 -12.428000
v 5.608000 5.063000 -8.550000
v 5.608000 5.063000 -3.751000
v 5.608000 5.063000 8.945000
v 6.108000 5.063000 -12.441000
v 6.108000 5.063000 -8.599000
v 6.108000 5.063000 -3.174000
v 6.108000 5.063000 8.075000
v 6.608000 5.063000 -12.262000
v 6.608000 5.063000 -8.979000
v 6.608000 5.063000 -2.332000
v 6.608000 5.063000 5.112000
v 6.608000 5.063000 6.643000
v 6.608000 5.063000 7.289000
v 7.108000 5.063000 -11.754000
v 7.108000 5.063000 -9.898000
v 7.108000 5.063000 -2.031000
v 7.108000 5.063000 2.871000
v 7.608000 5.063000 -1.921000
v 7.608000 5.063000 2.275000
v 8.108000 5.063000 -1.714000
v 8.108000 5.063000 1.990000
v 8.608000 5.063000 -1.126000
v 8.608000 5.063000 1.250000
v 2.108000 9.063000 9.468000
v 2.108000 9.063000 10.933000
v 2.608000 9.063000 8.849000
v 2.608000 9.063000 11.544000
v 3.108000 9.063000 8.315000
v 3.108000 9.063000 12.001000
v 3.608000 9.063000 7.642000
v 3.608000 9.063000 14.489000
v 4.108000 9.063000 4.937000
v 4.108000 9.063000 15.099000
v 4.608000 9.063000 4.242000
v 4.608000 9.063000 15.646000
v 5.108000 9.063000 3.969000
v 5.108000 9.063000 15.915000
v 5.608000 9.063000 3.982000
v 5.608000 9.063000 15.890000
v 6.108000 9.063000 4.273000
v 6.108000 9.063000 15.534000
v 6.608000 9.063000 5.001000
v 6.608000 9.063000 13.428000
v 7.108000 9.063000 6.511000
v 7.108000 9.063000 12.470000
v 7.608000 9.063000 7.261000
v 7.608000 9.063000 8.937000
v 5.608000 13.063000 14.288000
v 5.608000 13.063000 15.661000
v 6.108000 13.063000 13.804000
v 6.108000 13.063000 16.173000
v 6.608000 13.063000 13.513000
v 6.608000 13.063000 16.600000
v 7.108000 13.063000 13.437000
v 7.108000 13.063000 16.791000
v 7.608000 13.063000 13.491000
v 7.608000 13.063000 16.828000
v 8.108000 13.063000 13.674000
v 8.108000 13.063000 16.841000
v 8.608000 13.063000 14.171000
v 8.608000 13.063000 16.663000
v 9.108000 13.063000 14.755000
v 9.108000 13.063000 16.159000
v 4.608000 -0.505000 -12.323000
v 4.608000 3.071000 -12.323000
v 5.108000 -0.969000 -12.323000
v 5.108000 4.064000 -12.323000
v 5.608000 -1.149000 -12.323000
v 5.608000 5.589000 -12.323000
v 6.108000 -1.098000 -12.323000
v 6.108000 5.622000 -12.323000
v 6.608000 -0.606000 -12.323000
v 6.608000 4.215000 -12.323000
v 7.108000 0.328000 -12.323000
v 7.108000 3.268000 -12.323000
v 4.108000 -1.542000 -8.323000
v 4.108000 3.743000 -8.323000
v 4.608000 -2.089000 -8.323000
v 4.608000 4.470000 -8.323000
v 5.108000 -2.296000 -8.323000
v 5.108000 4.774000 -8.323000
v 5.608000 -2.311000 -8.323000
v 5.608000 4.942000 -8.323000
v 6.108000 -2.131000 -8.323000
v 6.108000 4.969000 -8.323000
v 6.608000 -1.662000 -8.323000
v 6.608000 4.904000 -8.323000
v 7.108000 -1.094000 -8.323000
v 7.108000 4.567000 -8.323000
v 7.608000 -0.212000 -8.323000
v 7.608000 3.707000 -8.323000
v 8.108000 0.419000 -8.323000
v 8.108000 1.689000 -8.323000
v 2.108000 -0.042000 -4.323000
v 2.108000 4.316000 -4.323000
v 2.608000 -0.596000 -4.323000
v 2.608000 5.981000 -4.323000
v 3.108000 -0.923000 -4.323000
v 3.108000 6.237000 -4.323000
v 3.608000 -1.119000 -4.323000
v 3.608000 6.249000 -4.323000
v 4.108000 -1.339000 -4.323000
v 4.108000 6.025000 -4.323000
v 4.608000 -1.561000 -4.323000
v 4.608000 5.410000 -4.323000
v 5.108000 -1.594000 -4.323000
v 5.108000 5.027000 -4.323000
v 5.608000 -1.465000 -4.323000
v 5.608000 4.353000 -4.323000
v 6.108000 0.340000 -4.323000
v 6.108000 3.694000 -4.323000
v 2.108000 2.636000 -0.323000
v 2.108000 4.742000 -0.323000
v 2.608000 2.206000 -0.323000
v 2.608000 5.713000 -0.323000
v 3.108000 2.107000 -0.323000
v 3.108000 6.317000 -0.323000
v 3.608000 2.066000 -0.323000
v 3.608000 6.945000 -0.323000
v 4.108000 1.862000 -0.323000
v 4.108000 7.192000 -0.323000
v 4.608000 1.676000 -0.323000
v 4.608000 7.191000 -0.323000
v 5.108000 1.684000 -0.323000
v 5.108000 7.144000 -0.323000
v 5.608000 1.885000 -0.323000
v 5.608000 7.155000 -0.323000
v 6.108000 2.139000 -0.323000
v 6.108000 7.238000 -0.323000
v 6.608000 2.246000 -0.323000
v 6.608000 7.252000 -0.323000
v 7.108000 2.464000 -0.323000
v 7.108000 7.039000 -0.323000
v 7.608000 2.881000 -0.323000
v 7.608000 6.734000 -0.323000
v 8.108000 3.324000 -0.323000
v 8.108000 6.281000 -0.323000
v 8.608000 3.851000 -0.323000
v 8.608000 5.734000 -0.323000
v 3.108000 3.585000 3.677000
v 3.108000 5.215000 3.677000
v 3.608000 2.963000 3.677000
v 3.608000 6.627000 3.677000
v 4.108000 2.745000 3.677000
v 4.108000 7.934000 3.677000
v 4.608000 2.729000 3.677000
v 4.608000 8.575000 3.677000
v 5.108000 2.696000 3.677000
v 5.108000 8.784000 3.677000
v 5.608000 2.713000 3.677000
v 5.608000 8.746000 3.677000
v 6.108000 2.915000 3.677000
v 6.108000 8.521000 3.677000
v 6.608000 3.440000 3.677000
v 6.608000 6.142000 3.677000
v 3.108000 4.477000 7.677000
v 3.108000 7.744000 7.677000
v 3.608000 3.873000 7.677000
v 3.608000 9.114000 7.677000
v 4.108000 3.666000 7.677000
v 4.108000 10.445000 7.677000
v 4.608000 3.661000 7.677000
v 4.608000 10.712000 7.677000
v 5.108000 3.751000 7.677000
v 5.108000 10.727000 7.677000
v 5.608000 3.962000 7.677000
v 5.608000 10.705000 7.677000
v 6.108000 4.548000 7.677000
v 6.108000 10.464000 7.677000
v 6.608000 5.748000 7.677000
v 6.608000 9.935000 7.677000
v 7.108000 6.528000 7.677000
v 7.108000 9.537000 7.677000
v 7.608000 6.869000 7.677000
v 7.608000 9.218000 7.677000
v 8.108000 7.415000 7.677000
v 8.108000 8.672000 7.677000
v 3.108000 8.484000 11.677000
v 3.108000 10.233000 11.677000
v 3.608000 6.905000 11.677000
v 3.608000 10.762000 11.677000
v 4.108000 5.632000 11.677000
v 4.108000 10.976000 11.677000
v 4.608000 5.363000 11.677000
v 4.608000 11.243000 11.677000
v 5.108000 5.228000 11.677000
v 5.108000 11.538000 11.677000
v 5.608000 5.244000 11.677000
v 5.608000 11.762000 11.677000
v 6.108000 5.464000 11.677000
v 6.108000 11.828000 11.677000
v 6.608000 5.933000 11.677000
v 6.608000 11.647000 11.677000
v 7.108000 6.495000 11.677000
v 7.108000 10.814000 11.677000
v 4.608000 9.085000 15.677000
v 4.608000 11.612000 15.677000
v 5.108000 8.874000 15.677000
v 5.108000 12.480000 15.677000
v 5.608000 8.894000 15.677000
v 5.608000 13.051000 15.677000
v 6.108000 9.164000 15.677000
v 6.108000 13.662000 15.677000
v 6.608000 9.585000 15.677000
v 6.608000 14.225000 15.677000
v 7.108000 10.728000 15.677000
v 7.108000 14.420000 15.677000
v 7.608000 11.455000 15.677000
v 7.608000 14.430000 15.677000
v 8.108000 11.674000 15.677000
v 8.108000 14.427000 15.677000
v 8.608000 11.875000 15.677000
v 8.608000 14.246000 15.677000
v 9.108000 12.394000 15.677000
v 9.108000 13.727000 15.677000
v 4.778000 -2.437000 -10.823000
v 5.949000 -2.437000 -10.823000
v 4.451000 -2.437000 -10.323000
v 6.262000 -2.437000 -10.323000
v 4.459000 -2.437000 -9.823000
v 6.253000 -2.437000 -9.823000
v 4.809000 -2.437000 -9.323000
v 5.913000 -2.437000 -9.323000
v 5.012000 1.563000 -15.823000
v 5.713000 1.563000 -15.823000
v 4.296000 1.563000 -15.323000
v 6.430000 1.563000 -15.323000
v 4.077000 1.563000 -14.823000
v 6.649000 1.563000 -14.823000
v 4.054000 1.563000 -14.323000
v 6.679000 1.563000 -14.323000
v 4.051000 1.563000 -13.823000
v 6.787000 1.563000 -13.823000
v 4.233000 1.563000 -13.323000
v 7.063000 1.563000 -13.323000
v 4.392000 1.563000 -12.823000
v 7.260000 1.563000 -12.823000
v 4.446000 1.563000 -12.323000
v 7.263000 1.563000 -12.323000
v 4.441000 1.563000 -11.823000
v 7.229000 1.563000 -11.823000
v 4.440000 1.563000 -11.323000
v 7.309000 1.563000 -11.323000
v 4.454000 1.563000 -10.823000
v 7.595000 1.563000 -10.823000
v 4.480000 1.563000 -10.323000
v 8.064000 1.563000 -10.323000
v 4.446000 1.563000 -9.823000
v 8.275000 1.563000 -9.823000
v 4.380000 1.563000 -9.323000
v 8.291000 1.563000 -9.323000
v 4.183000 1.563000 -8.823000
v 8.264000 1.563000 -8.823000
v 3.988000 1.563000 -8.323000
v 8.152000 1.563000 -8.323000
v 3.646000 1.563000 -7.823000
v 7.967000 1.563000 -7.823000
v 3.441000 1.563000 -7.323000
v 7.815000 1.563000 -7.323000
v 3.348000 1.563000 -6.823000
v 7.769000 1.563000 -6.823000
v 3.082000 1.563000 -6.323000
v 7.591000 1.563000 -6.323000
v 2.641000 1.563000 -5.823000
v 7.293000 1.563000 -5.823000
v 2.441000 1.563000 -5.323000
v 7.069000 1.563000 -5.323000
v 2.211000 1.563000 -4.823000
v 6.679000 1.563000 -4.823000
v 2.016000 1.563000 -4.323000
v 6.382000 1.563000 -4.323000
v 1.930000 1.563000 -3.823000
v 6.063000 1.563000 -3.823000
v 1.898000 1.563000 -3.323000
v 5.706000 1.563000 -3.323000
v 1.880000 1.563000 -2.823000
v 5.472000 1.563000 -2.823000
v 1.960000 1.563000 -2.323000
v 5.261000 1.563000 -2.323000
v 2.309000 1.563000 -1.823000
v 5.007000 1.563000 -1.823000
v 5.564000 5.563000 -12.323000
v 6.223000 5.563000 -12.323000
v 4.741000 5.563000 -11.823000
v 6.954000 5.563000 -11.823000
v 4.185000 5.563000 -11.323000
v 7.175000 5.563000 -11.323000
v 3.977000 5.563000 -10.823000
v 7.275000 5.563000 -10.823000
v 3.967000 5.563000 -10.323000
v 7.263000 5.563000 -10.323000
v 4.148000 5.563000 -9.823000
v 7.054000 5.563000 -9.823000
v 4.576000 5.563000 -9.323000
v 6.609000 5.563000 -9.323000
v 2.950000 5.563000 -4.823000
v 3.820000 5.563000 -4.823000
v 2.299000 5.563000 -4.323000
v 4.485000 5.563000 -4.323000
v 2.092000 5.563000 -3.823000
v 4.877000 5.563000 -3.823000
v 2.088000 5.563000 -3.323000
v 5.648000 5.563000 -3.323000
v 2.098000 5.563000 -2.823000
v 5.980000 5.563000 -2.823000
v 2.276000 5.563000 -2.323000
v 6.444000 5.563000 -2.323000
v 2.425000 5.563000 -1.823000
v 7.654000 5.563000 -1.823000
v 2.526000 5.563000 -1.323000
v 8.396000 5.563000 -1.323000
v 2.525000 5.563000 -0.823000
v 8.619000 5.563000 -0.823000
v 2.541000 5.563000 -0.323000
v 8.685000 5.563000 -0.323000
v 2.558000 5.563000 0.177000
v 8.692000 5.563000 0.177000
v 2.536000 5.563000 0.677000
v 8.503000 5.563000 0.677000
v 2.550000 5.563000 1.177000
v 8.307000 5.563000 1.177000
v 2.761000 5.563000 1.677000
v 7.995000 5.563000 1.677000
v 3.029000 5.563000 2.177000
v 7.122000 5.563000 2.177000
v 3.245000 5.563000 2.677000
v 6.827000 5.563000 2.677000
v 3.325000 5.563000 3.177000
v 6.749000 5.563000 3.177000
v 3.316000 5.563000 3.677000
v 6.723000 5.563000 3.677000
v 3.296000 5.563000 4.177000
v 6.739000 5.563000 4.177000
v 3.309000 5.563000 4.677000
v 6.745000 5.563000 4.677000
v 3.355000 5.563000 5.177000
v 6.712000 5.563000 5.177000
v 3.287000 5.563000 5.677000
v 6.693000 5.563000 5.677000
v 3.101000 5.563000 6.177000
v 6.665000 5.563000 6.177000
v 3.052000 5.563000 6.677000
v 6.722000 5.563000 6.677000
v 2.965000 5.563000 7.177000
v 6.734000 5.563000 7.177000
v 2.978000 5.563000 7.677000
v 6.565000 5.563000 7.677000
v 3.051000 5.563000 8.177000
v 6.275000 5.563000 8.177000
v 3.226000 5.563000 8.677000
v 6.057000 5.563000 8.677000
v 3.486000 5.563000 9.177000
v 6.070000 5.563000 9.177000
v 3.779000 5.563000 9.677000
v 6.230000 5.563000 9.677000
v 3.846000 5.563000 10.177000
v 6.295000 5.563000 10.177000
v 3.836000 5.563000 10.677000
v 6.291000 5.563000 10.677000
v 3.882000 5.563000 11.177000
v 6.268000 5.563000 11.177000
v 4.196000 5.563000 11.677000
v 6.231000 5.563000 11.677000
v 4.725000 5.563000 12.177000
v 5.901000 5.563000 12.177000
v 4.632000 9.563000 4.677000
v 6.063000 9.563000 4.677000
v 4.364000 9.563000 5.177000
v 6.330000 9.563000 5.177000
v 4.386000 9.563000 5.677000
v 6.354000 9.563000 5.677000
v 4.402000 9.563000 6.177000
v 6.538000 9.563000 6.177000
v 4.275000 9.563000 6.677000
v 6.840000 9.563000 6.677000
v 4.024000 9.563000 7.177000
v 6.892000 9.563000 7.177000
v 3.679000 9.563000 7.677000
v 7.077000 9.563000 7.677000
v 3.430000 9.563000 8.177000
v 7.361000 9.563000 8.177000
v 3.095000 9.563000 8.677000
v 7.379000 9.563000 8.677000
v 2.683000 9.563000 9.177000
v 7.328000 9.563000 9.177000
v 2.313000 9.563000 9.677000
v 7.261000 9.563000 9.677000
v 2.125000 9.563000 10.177000
v 7.254000 9.563000 10.177000
v 2.140000 9.563000 10.677000
v 7.276000 9.563000 10.677000
v 2.376000 9.563000 11.177000
v 7.278000 9.563000 11.177000
v 2.830000 9.563000 11.677000
v 7.181000 9.563000 11.677000
v 3.115000 9.563000 12.177000
v 7.127000 9.563000 12.177000
v 3.269000 9.563000 12.677000
v 7.082000 9.563000 12.677000
v 3.260000 9.563000 13.177000
v 6.944000 9.563000 13.177000
v 3.123000 9.563000 13.677000
v 6.849000 9.563000 13.677000
v 3.123000 9.563000 14.177000
v 6.802000 9.563000 14.177000
v 3.336000 9.563000 14.677000
v 6.874000 9.563000 14.677000
v 3.788000 9.563000 15.177000
v 6.873000 9.563000 15.177000
v 4.222000 9.563000 15.677000
v 6.578000 9.563000 15.677000
v 4.866000 9.563000 16.177000
v 5.753000 9.563000 16.177000
v 6.833000 13.563000 13.677000
v 7.954000 13.563000 13.677000
v 6.210000 13.563000 14.177000
v 8.518000 13.563000 14.177000
v 5.915000 13.563000 14.677000
v 8.945000 13.563000 14.677000
v 5.910000 13.563000 15.177000
v 9.173000 13.563000 15.177000
v 6.051000 13.563000 15.677000
v 9.185000 13.563000 15.677000
v 6.286000 13.563000 16.177000
v 8.988000 13.563000 16.177000
v 7.012000 13.563000 16.677000
v 8.366000 13.563000 16.677000
v 4.608000 -2.437000 -10.650000
v 4.608000 -2.437000 -9.527000
v 5.108000 -2.437000 -10.990000
v 5.108000 -2.437000 -9.106000
v 5.608000 -2.437000 -10.989000
v 5.608000 -2.437000 -9.090000
v 6.108000 -2.437000 -10.661000
v 6.108000 -2.437000 -9.532000
v 2.108000 1.563000 -4.625000
v 2.108000 1.563000 -2.027000
v 2.608000 1.563000 -5.769000
v 2.608000 1.563000 -1.635000
v 3.108000 1.563000 -6.356000
v 3.108000 1.563000 -1.504000
v 3.608000 1.563000 -7.763000
v 3.608000 1.563000 -1.546000
v 4.108000 1.563000 -14.944000
v 4.108000 1.563000 -13.600000
v 4.108000 1.563000 -8.629000
v 4.108000 1.563000 -1.540000
v 4.608000 1.563000 -15.632000
v 4.608000 1.563000 -1.535000
v 5.108000 1.563000 -15.846000
v 5.108000 1.563000 -2.003000
v 5.608000 1.563000 -15.848000
v 5.608000 1.563000 -3.131000
v 6.108000 1.563000 -15.639000
v 6.108000 1.563000 -3.894000
v 6.608000 1.563000 -14.974000
v 6.608000 1.563000 -4.715000
v 7.108000 1.563000 -13.248000
v 7.108000 1.563000 -5.392000
v 7.608000 1.563000 -10.808000
v 7.608000 1.563000 -6.353000
v 8.108000 1.563000 -10.254000
v 8.108000 1.563000 -8.158000
v 2.108000 5.563000 -3.897000
v 2.108000 5.563000 -2.767000
v 2.608000 5.563000 -4.643000
v 2.608000 5.563000 1.381000
v 3.108000 5.563000 -4.868000
v 3.108000 5.563000 2.309000
v 3.108000 5.563000 6.146000
v 3.108000 5.563000 8.386000
v 3.608000 5.563000 -4.878000
v 3.608000 5.563000 9.381000
v 4.108000 5.563000 -11.194000
v 4.108000 5.563000 -9.899000
v 4.108000 5.563000 -4.681000
v 4.108000 5.563000 11.589000
v 4.608000 5.563000 -11.734000
v 4.608000 5.563000 -9.300000
v 4.608000 5.563000 -4.144000
v 4.608000 5.563000 12.067000
v 5.108000 5.563000 -12.104000
v 5.108000 5.563000 -9.071000
v 5.108000 5.563000 -3.656000
v 5.108000 5.563000 12.358000
v 5.608000 5.563000 -12.334000
v 5.608000 5.563000 -9.058000
v 5.608000 5.563000 -3.363000
v 5.608000 5.563000 12.333000
v 6.108000 5.563000 -12.348000
v 6.108000 5.563000 -9.096000
v 6.108000 5.563000 -2.669000
v 6.108000 5.563000 8.501000
v 6.108000 5.563000 9.327000
v 6.108000 5.563000 11.951000
v 6.608000 5.563000 -12.153000
v 6.608000 5.563000 -9.323000
v 6.608000 5.563000 -2.172000
v 6.608000 5.563000 7.597000
v 7.108000 5.563000 -11.543000
v 7.108000 5.563000 -9.911000
v 7.108000 5.563000 -1.917000
v 7.108000 5.563000 2.191000
v 7.608000 5.563000 -1.834000
v 7.608000 5.563000 1.893000
v 8.108000 5.563000 -1.611000
v 8.108000 5.563000 1.558000
v 8.608000 5.563000 -0.872000
v 8.608000 5.563000 0.458000
v 2.608000 9.563000 9.262000
v 2.608000 9.563000 11.418000
v 3.108000 9.563000 8.660000
v 3.108000 9.563000 12.160000
v 3.608000 9.563000 7.811000
v 3.608000 9.563000 14.967000
v 4.108000 9.563000 7.034000
v 4.108000 9.563000 15.532000
v 4.608000 9.563000 4.702000
v 4.608000 9.563000 16.051000
v 5.108000 9.563000 4.406000
v 5.108000 9.563000 16.238000
v 5.608000 9.563000 4.411000
v 5.608000 9.563000 16.219000
v 6.108000 9.563000 4.726000
v 6.108000 9.563000 15.996000
v 6.608000 9.563000 6.271000
v 6.608000 9.563000 15.647000
v 7.108000 9.563000 7.721000
v 7.108000 9.563000 12.501000
v 6.108000 13.563000 14.302000
v 6.108000 13.563000 15.838000
v 6.608000 13.563000 13.810000
v 6.608000 13.563000 16.491000
v 7.108000 13.563000 13.583000
v 7.108000 13.563000 16.698000
v 7.608000 13.563000 13.570000
v 7.608000 13.563000 16.734000
v 8.108000 13.563000 13.761000
v 8.108000 13.563000 16.747000
v 8.608000 13.563000 14.305000
v 8.608000 13.563000 16.553000
v 9.108000 13.563000 14.966000
v 9.108000 13.563000 15.948000
v 5.108000 0.534000 -15.823000
v 5.108000 1.619000 -15.823000
v 5.608000 0.529000 -15.823000
v 5.608000 1.623000 -15.823000
v 4.608000 -1.062000 -11.823000
v 4.608000 3.605000 -11.823000
v 5.108000 -1.531000 -11.823000
v 5.108000 6.071000 -11.823000
v 5.608000 -1.625000 -11.823000
v 5.608000 6.223000 -11.823000
v 6.108000 -1.629000 -11.823000
v 6.108000 6.241000 -11.823000
v 6.608000 -1.359000 -11.823000
v 6.608000 5.992000 -11.823000
v 7.108000 -0.213000 -11.823000
v 7.108000 3.849000 -11.823000
v 3.608000 -0.903000 -7.823000
v 3.608000 0.177000 -7.823000
v 4.108000 -1.591000 -7.823000
v 4.108000 3.722000 -7.823000
v 4.608000 -2.098000 -7.823000
v 4.608000 4.273000 -7.823000
v 5.108000 -2.280000 -7.823000
v 5.108000 4.505000 -7.823000
v 5.608000 -2.268000 -7.823000
v 5.608000 4.763000 -7.823000
v 6.108000 -2.058000 -7.823000
v 6.108000 4.922000 -7.823000
v 6.608000 -1.696000 -7.823000
v 6.608000 4.923000 -7.823000
v 7.108000 -1.306000 -7.823000
v 7.108000 4.736000 -7.823000
v 7.608000 -0.377000 -7.823000
v 7.608000 4.211000 -7.823000
v 2.108000 -0.074000 -3.823000
v 2.108000 5.603000 -3.823000
v 2.608000 -0.594000 -3.823000
v 2.608000 6.222000 -3.823000
v 3.108000 -0.776000 -3.823000
v 3.108000 6.433000 -3.823000
v 3.608000 -0.841000 -3.823000
v 3.608000 6.443000 -3.823000
v 4.108000 -0.944000 -3.823000
v 4.108000 6.261000 -3.823000
v 4.608000 -1.017000 -3.823000
v 4.608000 5.816000 -3.823000
v 5.108000 -0.934000 -3.823000
v 5.108000 5.387000 -3.823000
v 5.608000 -0.255000 -3.823000
v 5.608000 4.931000 -3.823000
v 2.108000 2.875000 0.177000
v 2.108000 4.778000 0.177000
v 2.608000 2.348000 0.177000
v 2.608000 5.672000 0.177000
v 3.108000 2.181000 0.177000
v 3.108000 6.380000 0.177000
v 3.608000 2.129000 0.177000
v 3.608000 7.035000 0.177000
v 4.108000 1.943000 0.177000
v 4.108000 7.262000 0.177000
v 4.608000 1.739000 0.177000
v 4.608000 7.264000 0.177000
v 5.108000 1.730000 0.177000
v 5.108000 7.270000 0.177000
v 5.608000 1.918000 0.177000
v 5.608000 7.307000 0.177000
v 6.108000 2.109000 0.177000
v 6.108000 7.431000 0.177000
v 6.608000 2.183000 0.177000
v 6.608000 7.450000 0.177000
v 7.108000 2.380000 0.177000
v 7.108000 7.273000 0.177000
v 7.608000 2.845000 0.177000
v 7.608000 6.810000 0.177000
v 8.108000 3.305000 0.177000
v 8.108000 6.301000 0.177000
v 8.608000 3.851000 0.177000
v 8.608000 5.748000 0.177000
v 3.108000 3.866000 4.177000
v 3.108000 5.230000 4.177000
v 3.608000 3.195000 4.177000
v 3.608000 6.701000 4.177000
v 4.108000 2.940000 4.177000
v 4.108000 8.172000 4.177000
v 4.608000 2.918000 4.177000
v 4.608000 8.998000 4.177000
v 5.108000 2.874000 4.177000
v 5.108000 9.278000 4.177000
v 5.608000 2.892000 4.177000
v 5.608000 9.269000 4.177000
v 6.108000 3.153000 4.177000
v 6.108000 8.961000 4.177000
v 6.608000 3.945000 4.177000
v 6.608000 8.239000 4.177000
v 3.108000 5.383000 8.177000
v 3.108000 8.784000 8.177000
v 3.608000 4.132000 8.177000
v 3.608000 10.106000 8.177000
v 4.108000 3.877000 8.177000
v 4.108000 10.958000 8.177000
v 4.608000 3.871000 8.177000
v 4.608000 11.187000 8.177000
v 5.108000 3.962000 8.177000
v 5.108000 11.203000 8.177000
v 5.608000 4.222000 8.177000
v 5.608000 11.179000 8.177000
v 6.108000 5.238000 8.177000
v 6.108000 10.904000 8.177000
v 6.608000 6.216000 8.177000
v 6.608000 10.223000 8.177000
v 7.108000 6.651000 8.177000
v 7.108000 9.760000 8.177000
v 7.608000 6.889000 8.177000
v 7.608000 9.276000 8.177000
v 8.108000 7.453000 8.177000
v 8.108000 8.633000 8.177000
v 3.608000 8.589000 12.177000
v 3.608000 10.680000 12.177000
v 4.108000 7.249000 12.177000
v 4.108000 11.081000 12.177000
v 4.608000 5.639000 12.177000
v 4.608000 11.322000 12.177000
v 5.108000 5.424000 12.177000
v 5.108000 11.554000 12.177000
v 5.608000 5.443000 12.177000
v 5.608000 11.744000 12.177000
v 6.108000 5.712000 12.177000
v 6.108000 11.872000 12.177000
v 6.608000 6.179000 12.177000
v 6.608000 11.738000 12.177000
v 7.108000 7.380000 12.177000
v 7.108000 10.829000 12.177000
v 5.108000 9.422000 16.177000
v 5.108000 11.416000 16.177000
v 5.608000 9.462000 16.177000
v 5.608000 12.271000 16.177000
v 6.108000 9.924000 16.177000
v 6.108000 13.053000 16.177000
v 6.608000 11.351000 16.177000
v 6.608000 13.975000 16.177000
v 7.108000 11.739000 16.177000
v 7.108000 14.214000 16.177000
v 7.608000 11.842000 16.177000
v 7.608000 14.237000 16.177000
v 8.108000 11.878000 16.177000
v 8.108000 14.243000 16.177000
v 8.608000 12.093000 16.177000
v 8.608000 14.028000 16.177000
v 4.714000 -1.937000 -11.323000
v 6.576000 -1.937000 -11.323000
v 4.294000 -1.937000 -10.823000
v 6.870000 -1.937000 -10.823000
v 4.087000 -1.937000 -10.323000
v 6.867000 -1.937000 -10.323000
v 4.093000 -1.937000 -9.823000
v 6.788000 -1.937000 -9.823000
v 4.265000 -1.937000 -9.323000
v 6.509000 -1.937000 -9.323000
v 4.377000 -1.937000 -8.823000
v 6.392000 -1.937000 -8.823000
v 4.413000 -1.937000 -8.323000
v 6.360000 -1.937000 -8.323000
v 4.392000 -1.937000 -7.823000
v 6.263000 -1.937000 -7.823000
v 4.333000 -1.937000 -7.323000
v 6.408000 -1.937000 -7.323000
v 4.322000 -1.937000 -6.823000
v 6.702000 -1.937000 -6.823000
v 4.319000 -1.937000 -6.323000
v 6.813000 -1.937000 -6.323000
v 4.261000 -1.937000 -5.823000
v 6.811000 -1.937000 -5.823000
v 4.309000 -1.937000 -5.323000
v 6.491000 -1.937000 -5.323000
v 4.665000 -1.937000 -4.823000
v 5.966000 -1.937000 -4.823000
v 4.729000 2.063000 -15.323000
v 5.997000 2.063000 -15.323000
v 4.405000 2.063000 -14.823000
v 6.320000 2.063000 -14.823000
v 4.372000 2.063000 -14.323000
v 6.429000 2.063000 -14.323000
v 4.367000 2.063000 -13.823000
v 6.660000 2.063000 -13.823000
v 4.437000 2.063000 -13.323000
v 7.008000 2.063000 -13.323000
v 4.450000 2.063000 -12.823000
v 7.215000 2.063000 -12.823000
v 4.433000 2.063000 -12.323000
v 7.240000 2.063000 -12.323000
v 4.428000 2.063000 -11.823000
v 7.228000 2.063000 -11.823000
v 4.449000 2.063000 -11.323000
v 7.310000 2.063000 -11.323000
v 4.434000 2.063000 -10.823000
v 7.559000 2.063000 -10.823000
v 4.424000 2.063000 -10.323000
v 7.965000 2.063000 -10.323000
v 4.383000 2.063000 -9.823000
v 8.193000 2.063000 -9.823000
v 4.241000 2.063000 -9.323000
v 8.224000 2.063000 -9.323000
v 4.045000 2.063000 -8.823000
v 8.199000 2.063000 -8.823000
v 3.922000 2.063000 -8.323000
v 8.011000 2.063000 -8.323000
v 3.664000 2.063000 -7.823000
v 7.815000 2.063000 -7.823000
v 3.446000 2.063000 -7.323000
v 7.771000 2.063000 -7.323000
v 3.232000 2.063000 -6.823000
v 7.754000 2.063000 -6.823000
v 2.987000 2.063000 -6.323000
v 7.654000 2.063000 -6.323000
v 2.702000 2.063000 -5.823000
v 7.440000 2.063000 -5.823000
v 2.478000 2.063000 -5.323000
v 7.133000 2.063000 -5.323000
v 2.159000 2.063000 -4.823000
v 6.902000 2.063000 -4.823000
v 1.961000 2.063000 -4.323000
v 6.513000 2.063000 -4.323000
v 1.917000 2.063000 -3.823000
v 6.087000 2.063000 -3.823000
v 1.776000 2.063000 -3.323000
v 5.669000 2.063000 -3.323000
v 1.604000 2.063000 -2.823000
v 5.402000 2.063000 -2.823000
v 1.613000 2.063000 -2.323000
v 5.302000 2.063000 -2.323000
v 1.798000 2.063000 -1.823000
v 5.399000 2.063000 -1.823000
v 1.936000 2.063000 -1.323000
v 5.608000 2.063000 -1.323000
v 2.217000 2.063000 -0.823000
v 5.839000 2.063000 -0.823000
v 3.620000 2.063000 -0.323000
v 5.911000 2.063000 -0.323000
v 3.835000 2.063000 0.177000
v 5.945000 2.063000 0.177000
v 4.132000 2.063000 0.677000
v 5.612000 2.063000 0.677000
v 5.093000 6.063000 -11.823000
v 6.509000 6.063000 -11.823000
v 4.313000 6.063000 -11.323000
v 6.975000 6.063000 -11.323000
v 4.084000 6.063000 -10.823000
v 7.174000 6.063000 -10.823000
v 4.074000 6.063000 -10.323000
v 7.162000 6.063000 -10.323000
v 4.275000 6.063000 -9.823000
v 6.932000 6.063000 -9.823000
v 4.925000 6.063000 -9.323000
v 6.116000 6.063000 -9.323000
v 2.714000 6.063000 -4.323000
v 4.056000 6.063000 -4.323000
v 2.415000 6.063000 -3.823000
v 4.383000 6.063000 -3.823000
v 2.405000 6.063000 -3.323000
v 4.875000 6.063000 -3.323000
v 2.412000 6.063000 -2.823000
v 5.483000 6.063000 -2.823000
v 2.506000 6.063000 -2.323000
v 5.983000 6.063000 -2.323000
v 2.535000 6.063000 -1.823000
v 6.462000 6.063000 -1.823000
v 2.701000 6.063000 -1.323000
v 7.965000 6.063000 -1.323000
v 2.817000 6.063000 -0.823000
v 8.295000 6.063000 -0.823000
v 2.863000 6.063000 -0.323000
v 8.366000 6.063000 -0.323000
v 2.889000 6.063000 0.177000
v 8.375000 6.063000 0.177000
v 2.840000 6.063000 0.677000
v 8.196000 6.063000 0.677000
v 2.817000 6.063000 1.177000
v 7.971000 6.063000 1.177000
v 2.913000 6.063000 1.677000
v 7.334000 6.063000 1.677000
v 3.134000 6.063000 2.177000
v 6.640000 6.063000 2.177000
v 3.385000 6.063000 2.677000
v 6.443000 6.063000 2.677000
v 3.467000 6.063000 3.177000
v 6.478000 6.063000 3.177000
v 3.473000 6.063000 3.677000
v 6.626000 6.063000 3.677000
v 3.437000 6.063000 4.177000
v 6.703000 6.063000 4.177000
v 3.446000 6.063000 4.677000
v 6.781000 6.063000 4.677000
v 3.461000 6.063000 5.177000
v 6.788000 6.063000 5.177000
v 3.441000 6.063000 5.677000
v 6.779000 6.063000 5.677000
v 3.350000 6.063000 6.177000
v 6.774000 6.063000 6.177000
v 3.239000 6.063000 6.677000
v 6.849000 6.063000 6.677000
v 3.050000 6.063000 7.177000
v 6.862000 6.063000 7.177000
v 2.965000 6.063000 7.677000
v 6.729000 6.063000 7.677000
v 2.915000 6.063000 8.177000
v 6.501000 6.063000 8.177000
v 2.901000 6.063000 8.677000
v 6.424000 6.063000 8.677000
v 2.900000 6.063000 9.177000
v 6.569000 6.063000 9.177000
v 2.865000 6.063000 9.677000
v 6.797000 6.063000 9.677000
v 2.849000 6.063000 10.177000
v 6.793000 6.063000 10.177000
v 3.114000 6.063000 10.677000
v 6.826000 6.063000 10.677000
v 3.522000 6.063000 11.177000
v 6.826000 6.063000 11.177000
v 3.795000 6.063000 11.677000
v 6.773000 6.063000 11.677000
v 4.253000 6.063000 12.177000
v 6.453000 6.063000 12.177000
v 4.957000 6.063000 12.677000
v 5.669000 6.063000 12.677000
v 4.354000 10.063000 7.177000
v 6.205000 10.063000 7.177000
v 3.806000 10.063000 7.677000
v 6.480000 10.063000 7.677000
v 3.592000 10.063000 8.177000
v 6.755000 10.063000 8.177000
v 3.291000 10.063000 8.677000
v 6.985000 10.063000 8.677000
v 3.040000 10.063000 9.177000
v 7.161000 10.063000 9.177000
v 2.769000 10.063000 9.677000
v 7.259000 10.063000 9.677000
v 2.489000 10.063000 10.177000
v 7.248000 10.063000 10.177000
v 2.510000 10.063000 10.677000
v 7.273000 10.063000 10.677000
v 2.807000 10.063000 11.177000
v 7.264000 10.063000 11.177000
v 3.020000 10.063000 11.677000
v 7.124000 10.063000 11.677000
v 3.193000 10.063000 12.177000
v 7.110000 10.063000 12.177000
v 3.274000 10.063000 12.677000
v 7.204000 10.063000 12.677000
v 3.190000 10.063000 13.177000
v 7.236000 10.063000 13.177000
v 3.027000 10.063000 13.677000
v 7.299000 10.063000 13.677000
v 3.028000 10.063000 14.177000
v 7.314000 10.063000 14.177000
v 3.223000 10.063000 14.677000
v 7.269000 10.063000 14.677000
v 3.685000 10.063000 15.177000
v 7.179000 10.063000 15.177000
v 4.116000 10.063000 15.677000
v 6.969000 10.063000 15.677000
v 4.653000 10.063000 16.177000
v 6.315000 10.063000 16.177000
v 6.643000 14.063000 14.177000
v 8.144000 14.063000 14.177000
v 6.387000 14.063000 14.677000
v 8.497000 14.063000 14.677000
v 6.381000 14.063000 15.177000
v 8.833000 14.063000 15.177000
v 6.401000 14.063000 15.677000
v 8.849000 14.063000 15.677000
v 6.730000 14.063000 16.177000
v 8.559000 14.063000 16.177000
v 4.108000 -1.937000 -10.418000
v 4.108000 -1.937000 -9.759000
v 4.608000 -1.937000 -11.223000
v 4.608000 -1.937000 -4.875000
v 5.108000 -1.937000 -11.525000
v 5.108000 -1.937000 -4.609000
v 5.608000 -1.937000 -11.565000
v 5.608000 -1.937000 -4.631000
v 6.108000 -1.937000 -11.572000
v 6.108000 -1.937000 -4.969000
v 6.608000 -1.937000 -11.292000
v 6.608000 -1.937000 -9.487000
v 6.608000 -1.937000 -7.042000
v 6.608000 -1.937000 -5.438000
v 1.608000 2.063000 -2.844000
v 1.608000 2.063000 -2.347000
v 2.108000 2.063000 -4.737000
v 2.108000 2.063000 -0.947000
v 2.608000 2.063000 -5.655000
v 2.608000 2.063000 -0.571000
v 3.108000 2.063000 -6.569000
v 3.108000 2.063000 -0.450000
v 3.608000 2.063000 -7.735000
v 3.608000 2.063000 -0.334000
v 4.108000 2.063000 -9.037000
v 4.108000 2.063000 0.649000
v 4.608000 2.063000 -15.205000
v 4.608000 2.063000 0.966000
v 5.108000 2.063000 -15.519000
v 5.108000 2.063000 0.943000
v 5.608000 2.063000 -15.521000
v 5.608000 2.063000 -3.242000
v 5.608000 2.063000 -1.323000
v 5.608000 2.063000 0.679000
v 6.108000 2.063000 -15.216000
v 6.108000 2.063000 -3.851000
v 6.608000 2.063000 -13.914000
v 6.608000 2.063000 -4.452000
v 7.108000 2.063000 -13.147000
v 7.108000 2.063000 -5.258000
v 7.608000 2.063000 -10.759000
v 7.608000 2.063000 -6.172000
v 8.108000 2.063000 -10.079000
v 8.108000 2.063000 -8.531000
v 2.608000 6.063000 -4.211000
v 2.608000 6.063000 -1.554000
v 3.108000 6.063000 -4.543000
v 3.108000 6.063000 2.134000
v 3.108000 6.063000 6.990000
v 3.108000 6.063000 10.671000
v 3.608000 6.063000 -4.557000
v 3.608000 6.063000 11.335000
v 4.108000 6.063000 -10.916000
v 4.108000 6.063000 -10.178000
v 4.108000 6.063000 -4.273000
v 4.108000 6.063000 12.004000
v 4.608000 6.063000 -11.608000
v 4.608000 6.063000 -9.485000
v 4.608000 6.063000 -3.540000
v 4.608000 6.063000 12.518000
v 5.108000 6.063000 -11.828000
v 5.108000 6.063000 -9.275000
v 5.108000 6.063000 -3.187000
v 5.108000 6.063000 12.710000
v 5.608000 6.063000 -11.996000
v 5.608000 6.063000 -9.278000
v 5.608000 6.063000 -2.695000
v 5.608000 6.063000 12.692000
v 6.108000 6.063000 -12.014000
v 6.108000 6.063000 -9.322000
v 6.108000 6.063000 -2.174000
v 6.108000 6.063000 12.457000
v 6.608000 6.063000 -11.744000
v 6.608000 6.063000 -9.519000
v 6.608000 6.063000 -1.729000
v 6.608000 6.063000 2.225000
v 6.608000 6.063000 3.611000
v 6.608000 6.063000 7.904000
v 6.608000 6.063000 9.259000
v 6.608000 6.063000 12.007000
v 7.108000 6.063000 -11.065000
v 7.108000 6.063000 -10.144000
v 7.108000 6.063000 -1.563000
v 7.108000 6.063000 1.783000
v 7.608000 6.063000 -1.510000
v 7.608000 6.063000 1.534000
v 8.108000 6.063000 -1.180000
v 8.108000 6.063000 0.917000
v 2.608000 10.063000 9.891000
v 2.608000 10.063000 10.886000
v 3.108000 10.063000 9.007000
v 3.108000 10.063000 11.955000
v 3.108000 10.063000 13.399000
v 3.108000 10.063000 14.453000
v 3.608000 10.063000 8.131000
v 3.608000 10.063000 15.094000
v 4.108000 10.063000 7.358000
v 4.108000 10.063000 15.665000
v 4.608000 10.063000 7.010000
v 4.608000 10.063000 16.152000
v 5.108000 10.063000 6.819000
v 5.108000 10.063000 16.326000
v 5.608000 10.063000 6.869000
v 5.608000 10.063000 16.309000
v 6.108000 10.063000 7.067000
v 6.108000 10.063000 16.231000
v 6.608000 10.063000 7.880000
v 6.608000 10.063000 16.031000
v 7.108000 10.063000 8.986000
v 7.108000 10.063000 15.417000
v 6.608000 14.063000 14.217000
v 6.608000 14.063000 16.059000
v 7.108000 14.063000 13.891000
v 7.108000 14.063000 16.365000
v 7.608000 14.063000 13.873000
v 7.608000 14.063000 16.400000
v 8.108000 14.063000 14.140000
v 8.108000 14.063000 16.412000
v 8.608000 14.063000 14.786000
v 8.608000 14.063000 16.128000
v 4.608000 0.179000 -15.323000
v 4.608000 1.973000 -15.323000
v 5.108000 -0.068000 -15.323000
v 5.108000 2.221000 -15.323000
v 5.608000 -0.070000 -15.323000
v 5.608000 2.223000 -15.323000
v 6.108000 0.171000 -15.323000
v 6.108000 1.981000 -15.323000
v 4.608000 -1.861000 -11.323000
v 4.608000 6.428000 -11.323000
v 5.108000 -2.106000 -11.323000
v 5.108000 6.669000 -11.323000
v 5.608000 -2.145000 -11.323000
v 5.608000 6.713000 -11.323000
v 6.108000 -2.141000 -11.323000
v 6.108000 6.725000 -11.323000
v 6.608000 -1.914000 -11.323000
v 6.608000 6.508000 -11.323000
v 7.108000 -1.260000 -11.323000
v 7.108000 5.742000 -11.323000
v 3.608000 -1.075000 -7.323000
v 3.608000 3.279000 -7.323000
v 4.108000 -1.649000 -7.323000
v 4.108000 3.807000 -7.323000
v 4.608000 -2.161000 -7.323000
v 4.608000 4.231000 -7.323000
v 5.108000 -2.350000 -7.323000
v 5.108000 4.423000 -7.323000
v 5.608000 -2.343000 -7.323000
v 5.608000 4.678000 -7.323000
v 6.108000 -2.136000 -7.323000
v 6.108000 4.894000 -7.323000
v 6.608000 -1.808000 -7.323000
v 6.608000 4.907000 -7.323000
v 7.108000 -1.545000 -7.323000
v 7.108000 4.722000 -7.323000
v 7.608000 -0.889000 -7.323000
v 7.608000 4.186000 -7.323000
v 2.108000 0.394000 -3.323000
v 2.108000 5.615000 -3.323000
v 2.608000 -0.381000 -3.323000
v 2.608000 6.232000 -3.323000
v 3.108000 -0.595000 -3.323000
v 3.108000 6.449000 -3.323000
v 3.608000 -0.636000 -3.323000
v 3.608000 6.517000 -3.323000
v 4.108000 -0.622000 -3.323000
v 4.108000 6.452000 -3.323000
v 4.608000 -0.587000 -3.323000
v 4.608000 6.275000 -3.323000
v 5.108000 -0.362000 -3.323000
v 5.108000 5.883000 -3.323000
v 5.608000 0.500000 -3.323000
v 5.608000 5.592000 -3.323000
v 6.108000 4.308000 -3.323000
v 6.108000 4.743000 -3.323000
v 2.108000 2.922000 0.677000
v 2.108000 4.661000 0.677000
v 2.608000 2.382000 0.677000
v 2.608000 5.720000 0.677000
v 3.108000 2.192000 0.677000
v 3.108000 6.656000 0.677000
v 3.608000 2.166000 0.677000
v 3.608000 7.222000 0.677000
v 4.108000 2.069000 0.677000
v 4.108000 7.419000 0.677000
v 4.608000 1.947000 0.677000
v 4.608000 7.453000 0.677000
v 5.108000 1.944000 0.677000
v 5.108000 7.467000 0.677000
v 5.608000 2.062000 0.677000
v 5.608000 7.455000 0.677000
v 6.108000 2.133000 0.677000
v 6.108000 7.467000 0.677000
v 6.608000 2.171000 0.677000
v 6.608000 7.450000 0.677000
v 7.108000 2.372000 0.677000
v 7.108000 7.273000 0.677000
v 7.608000 2.839000 0.677000
v 7.608000 6.788000 0.677000
v 8.108000 3.358000 0.677000
v 8.108000 6.213000 0.677000
v 8.608000 3.936000 0.677000
v 8.608000 5.314000 0.677000
v 3.108000 3.940000 4.677000
v 3.108000 5.197000 4.677000
v 3.608000 3.378000 4.677000
v 3.608000 6.693000 4.677000
v 4.108000 3.145000 4.677000
v 4.108000 8.721000 4.677000
v 4.608000 3.105000 4.677000
v 4.608000 9.544000 4.677000
v 5.108000 3.083000 4.677000
v 5.108000 9.773000 4.677000
v 5.608000 3.199000 4.677000
v 5.608000 9.768000 4.677000
v 6.108000 3.622000 4.677000
v 6.108000 9.528000 4.677000
v 6.608000 4.481000 4.677000
v 6.608000 8.610000 4.677000
v 2.608000 6.557000 8.677000
v 2.608000 8.474000 8.677000
v 3.108000 5.749000 8.677000
v 3.108000 9.586000 8.677000
v 3.608000 5.015000 8.677000
v 3.608000 10.646000 8.677000
v 4.108000 4.487000 8.677000
v 4.108000 11.192000 8.677000
v 4.608000 4.449000 8.677000
v 4.608000 11.382000 8.677000
v 5.108000 4.532000 8.677000
v 5.108000 11.416000 8.677000
v 5.608000 4.857000 8.677000
v 5.608000 11.402000 8.677000
v 6.108000 5.638000 8.677000
v 6.108000 11.183000 8.677000
v 6.608000 6.290000 8.677000
v 6.608000 10.590000 8.677000
v 7.108000 6.706000 8.677000
v 7.108000 9.908000 8.677000
v 7.608000 7.123000 8.677000
v 7.608000 9.235000 8.677000
v 3.608000 8.835000 12.677000
v 3.608000 10.707000 12.677000
v 4.108000 8.210000 12.677000
v 4.108000 11.268000 12.677000
v 4.608000 7.408000 12.677000
v 4.608000 11.520000 12.677000
v 5.108000 5.988000 12.677000
v 5.108000 11.748000 12.677000
v 5.608000 6.026000 12.677000
v 5.608000 11.924000 12.677000
v 6.108000 6.512000 12.677000
v 6.108000 12.158000 12.677000
v 6.608000 7.116000 12.677000
v 6.608000 12.133000 12.677000
v 7.108000 9.687000 12.677000
v 7.108000 11.615000 12.677000
v 7.108000 12.517000 16.677000
v 7.108000 13.615000 16.677000
v 7.608000 12.432000 16.677000
v 7.608000 13.691000 16.677000
v 8.108000 12.406000 16.677000
v 8.108000 13.715000 16.677000
v 4.927000 -1.437000 -11.823000
v 6.505000 -1.437000 -11.823000
v 4.280000 -1.437000 -11.323000
v 6.981000 -1.437000 -11.323000
v 4.064000 -1.437000 -10.823000
v 7.232000 -1.437000 -10.823000
v 3.977000 -1.437000 -10.323000
v 7.242000 -1.437000 -10.323000
v 3.974000 -1.437000 -9.823000
v 7.122000 -1.437000 -9.823000
v 4.015000 -1.437000 -9.323000
v 6.934000 -1.437000 -9.323000
v 4.064000 -1.437000 -8.823000
v 6.821000 -1.437000 -8.823000
v 4.059000 -1.437000 -8.323000
v 6.813000 -1.437000 -8.323000
v 3.978000 -1.437000 -7.823000
v 6.955000 -1.437000 -7.823000
v 3.921000 -1.437000 -7.323000
v 7.241000 -1.437000 -7.323000
v 3.673000 -1.437000 -6.823000
v 7.252000 -1.437000 -6.823000
v 3.383000 -1.437000 -6.323000
v 7.181000 -1.437000 -6.323000
v 3.365000 -1.437000 -5.823000
v 7.147000 -1.437000 -5.823000
v 3.372000 -1.437000 -5.323000
v 6.933000 -1.437000 -5.323000
v 3.664000 -1.437000 -4.823000
v 6.394000 -1.437000 -4.823000
v 4.260000 -1.437000 -4.323000
v 5.648000 -1.437000 -4.323000
v 5.038000 2.563000 -13.823000
v 6.308000 2.563000 -13.823000
v 4.751000 2.563000 -13.323000
v 6.885000 2.563000 -13.323000
v 4.573000 2.563000 -12.823000
v 7.126000 2.563000 -12.823000
v 4.509000 2.563000 -12.323000
v 7.274000 2.563000 -12.323000
v 4.482000 2.563000 -11.823000
v 7.290000 2.563000 -11.823000
v 4.493000 2.563000 -11.323000
v 7.353000 2.563000 -11.323000
v 4.459000 2.563000 -10.823000
v 7.593000 2.563000 -10.823000
v 4.375000 2.563000 -10.323000
v 7.806000 2.563000 -10.323000
v 4.296000 2.563000 -9.823000
v 7.934000 2.563000 -9.823000
v 4.115000 2.563000 -9.323000
v 8.108000 2.563000 -9.323000
v 3.945000 2.563000 -8.823000
v 8.105000 2.563000 -8.823000
v 3.858000 2.563000 -8.323000
v 7.924000 2.563000 -8.323000
v 3.611000 2.563000 -7.823000
v 7.783000 2.563000 -7.823000
v 3.415000 2.563000 -7.323000
v 7.766000 2.563000 -7.323000
v 3.134000 2.563000 -6.823000
v 7.771000 2.563000 -6.823000
v 2.946000 2.563000 -6.323000
v 7.724000 2.563000 -6.323000
v 2.707000 2.563000 -5.823000
v 7.536000 2.563000 -5.823000
v 2.490000 2.563000 -5.323000
v 7.231000 2.563000 -5.323000
v 2.220000 2.563000 -4.823000
v 7.021000 2.563000 -4.823000
v 2.019000 2.563000 -4.323000
v 6.558000 2.563000 -4.323000
v 1.934000 2.563000 -3.823000
v 6.087000 2.563000 -3.823000
v 1.690000 2.563000 -3.323000
v 5.764000 2.563000 -3.323000
v 1.504000 2.563000 -2.823000
v 5.512000 2.563000 -2.823000
v 1.498000 2.563000 -2.323000
v 5.455000 2.563000 -2.323000
v 1.525000 2.563000 -1.823000
v 5.609000 2.563000 -1.823000
v 1.608000 2.563000 -1.323000
v 6.029000 2.563000 -1.323000
v 1.802000 2.563000 -0.823000
v 6.885000 2.563000 -0.823000
v 2.158000 2.563000 -0.323000
v 7.233000 2.563000 -0.323000
v 2.333000 2.563000 0.177000
v 7.335000 2.563000 0.177000
v 2.375000 2.563000 0.677000
v 7.341000 2.563000 0.677000
v 2.444000 2.563000 1.177000
v 7.354000 2.563000 1.177000
v 2.740000 2.563000 1.677000
v 7.366000 2.563000 1.677000
v 3.213000 2.563000 2.177000
v 7.342000 2.563000 2.177000
v 4.734000 2.563000 2.677000
v 7.037000 2.563000 2.677000
v 4.810000 6.563000 -11.323000
v 6.528000 6.563000 -11.323000
v 4.445000 6.563000 -10.823000
v 6.827000 6.563000 -10.823000
v 4.431000 6.563000 -10.323000
v 6.810000 6.563000 -10.323000
v 4.741000 6.563000 -9.823000
v 6.451000 6.563000 -9.823000
v 3.181000 6.563000 -2.823000
v 5.014000 6.563000 -2.823000
v 2.903000 6.563000 -2.323000
v 5.505000 6.563000 -2.323000
v 2.878000 6.563000 -1.823000
v 5.880000 6.563000 -1.823000
v 3.014000 6.563000 -1.323000
v 6.520000 6.563000 -1.323000
v 3.191000 6.563000 -0.823000
v 7.473000 6.563000 -0.823000
v 3.296000 6.563000 -0.323000
v 7.833000 6.563000 -0.323000
v 3.220000 6.563000 0.177000
v 7.864000 6.563000 0.177000
v 3.067000 6.563000 0.677000
v 7.840000 6.563000 0.677000
v 3.012000 6.563000 1.177000
v 7.553000 6.563000 1.177000
v 3.016000 6.563000 1.677000
v 6.916000 6.563000 1.677000
v 3.225000 6.563000 2.177000
v 6.452000 6.563000 2.177000
v 3.431000 6.563000 2.677000
v 6.295000 6.563000 2.677000
v 3.541000 6.563000 3.177000
v 6.332000 6.563000 3.177000
v 3.580000 6.563000 3.677000
v 6.554000 6.563000 3.677000
v 3.543000 6.563000 4.177000
v 6.740000 6.563000 4.177000
v 3.548000 6.563000 4.677000
v 6.789000 6.563000 4.677000
v 3.564000 6.563000 5.177000
v 6.780000 6.563000 5.177000
v 3.548000 6.563000 5.677000
v 6.775000 6.563000 5.677000
v 3.460000 6.563000 6.177000
v 6.923000 6.563000 6.177000
v 3.367000 6.563000 6.677000
v 7.112000 6.563000 6.677000
v 3.117000 6.563000 7.177000
v 7.173000 6.563000 7.177000
v 2.930000 6.563000 7.677000
v 7.150000 6.563000 7.677000
v 2.785000 6.563000 8.177000
v 6.961000 6.563000 8.177000
v 2.606000 6.563000 8.677000
v 6.897000 6.563000 8.677000
v 2.549000 6.563000 9.177000
v 7.033000 6.563000 9.177000
v 2.427000 6.563000 9.677000
v 7.158000 6.563000 9.677000
v 2.405000 6.563000 10.177000
v 7.277000 6.563000 10.177000
v 2.665000 6.563000 10.677000
v 7.371000 6.563000 10.677000
v 3.219000 6.563000 11.177000
v 7.356000 6.563000 11.177000
v 3.684000 6.563000 11.677000
v 7.150000 6.563000 11.677000
v 4.124000 6.563000 12.177000
v 6.913000 6.563000 12.177000
v 4.677000 6.563000 12.677000
v 6.195000 6.563000 12.677000
v 4.269000 10.563000 7.677000
v 5.967000 10.563000 7.677000
v 3.782000 10.563000 8.177000
v 6.373000 10.563000 8.177000
v 3.561000 10.563000 8.677000
v 6.622000 10.563000 8.677000
v 3.388000 10.563000 9.177000
v 6.984000 10.563000 9.177000
v 3.359000 10.563000 9.677000
v 7.173000 10.563000 9.677000
v 3.340000 10.563000 10.177000
v 7.253000 10.563000 10.177000
v 3.358000 10.563000 10.677000
v 7.280000 10.563000 10.677000
v 3.368000 10.563000 11.177000
v 7.265000 10.563000 11.177000
v 3.354000 10.563000 11.677000
v 7.137000 10.563000 11.677000
v 3.508000 10.563000 12.177000
v 7.145000 10.563000 12.177000
v 3.513000 10.563000 12.677000
v 7.280000 10.563000 12.677000
v 3.322000 10.563000 13.177000
v 7.452000 10.563000 13.177000
v 3.120000 10.563000 13.677000
v 7.660000 10.563000 13.677000
v 3.120000 10.563000 14.177000
v 7.675000 10.563000 14.177000
v 3.332000 10.563000 14.677000
v 7.597000 10.563000 14.677000
v 3.693000 10.563000 15.177000
v 7.365000 10.563000 15.177000
v 4.136000 10.563000 15.677000
v 7.076000 10.563000 15.677000
v 4.649000 10.563000 16.177000
v 6.504000 10.563000 16.177000
v 3.608000 -1.437000 -6.749000
v 3.608000 -1.437000 -4.879000
v 4.108000 -1.437000 -10.986000
v 4.108000 -1.437000 -4.459000
v 4.608000 -1.437000 -11.647000
v 4.608000 -1.437000 -4.167000
v 5.108000 -1.437000 -11.884000
v 5.108000 -1.437000 -4.183000
v 5.608000 -1.437000 -12.015000
v 5.608000 -1.437000 -4.311000
v 6.108000 -1.437000 -12.021000
v 6.108000 -1.437000 -4.546000
v 6.608000 -1.437000 -11.740000
v 6.608000 -1.437000 -5.002000
v 7.108000 -1.437000 -11.130000
v 7.108000 -1.437000 -9.778000
v 7.108000 -1.437000 -7.603000
v 7.108000 -1.437000 -5.675000
v 1.608000 2.563000 -3.168000
v 1.608000 2.563000 -1.326000
v 2.108000 2.563000 -4.614000
v 2.108000 2.563000 -0.408000
v 2.608000 2.563000 -5.651000
v 2.608000 2.563000 1.531000
v 3.108000 2.563000 -6.778000
v 3.108000 2.563000 2.082000
v 3.608000 2.563000 -7.819000
v 3.608000 2.563000 2.401000
v 4.108000 2.563000 -9.307000
v 4.108000 2.563000 2.465000
v 4.608000 2.563000 -12.954000
v 4.608000 2.563000 2.626000
v 5.108000 2.563000 -13.906000
v 5.108000 2.563000 2.837000
v 5.608000 2.563000 -14.184000
v 5.608000 2.563000 -3.038000
v 5.608000 2.563000 -1.825000
v 5.608000 2.563000 3.007000
v 6.108000 2.563000 -13.960000
v 6.108000 2.563000 -3.847000
v 6.108000 2.563000 -1.248000
v 6.108000 2.563000 2.932000
v 6.608000 2.563000 -13.598000
v 6.608000 2.563000 -4.376000
v 6.608000 2.563000 -0.966000
v 6.608000 2.563000 2.893000
v 7.108000 2.563000 -12.875000
v 7.108000 2.563000 -4.988000
v 7.108000 2.563000 -0.591000
v 7.108000 2.563000 2.608000
v 7.608000 2.563000 -10.798000
v 7.608000 2.563000 -5.957000
v 8.108000 2.563000 -9.325000
v 8.108000 2.563000 -8.840000
v 2.608000 6.563000 8.665000
v 2.608000 6.563000 10.604000
v 3.108000 6.563000 -2.728000
v 3.108000 6.563000 -1.031000
v 3.108000 6.563000 0.506000
v 3.108000 6.563000 1.961000
v 3.108000 6.563000 7.192000
v 3.108000 6.563000 11.076000
v 3.608000 6.563000 -3.146000
v 3.608000 6.563000 11.594000
v 4.108000 6.563000 -3.112000
v 4.108000 6.563000 12.155000
v 4.608000 6.563000 -11.134000
v 4.608000 6.563000 -9.960000
v 4.608000 6.563000 -3.034000
v 4.608000 6.563000 12.639000
v 5.108000 6.563000 -11.461000
v 5.108000 6.563000 -9.633000
v 5.108000 6.563000 -2.736000
v 5.108000 6.563000 12.814000
v 5.608000 6.563000 -11.523000
v 5.608000 6.563000 -9.634000
v 5.608000 6.563000 -2.203000
v 5.608000 6.563000 12.805000
v 6.108000 6.563000 -11.540000
v 6.108000 6.563000 -9.669000
v 6.108000 6.563000 -1.610000
v 6.108000 6.563000 12.697000
v 6.608000 6.563000 -11.244000
v 6.608000 6.563000 -9.965000
v 6.608000 6.563000 -1.240000
v 6.608000 6.563000 1.951000
v 6.608000 6.563000 3.785000
v 6.608000 6.563000 12.482000
v 7.108000 6.563000 -0.986000
v 7.108000 6.563000 1.544000
v 7.108000 6.563000 6.661000
v 7.108000 6.563000 7.883000
v 7.108000 6.563000 9.465000
v 7.108000 6.563000 11.783000
v 7.608000 6.563000 -0.706000
v 7.608000 6.563000 1.114000
v 3.608000 10.563000 8.527000
v 3.608000 10.563000 15.055000
v 4.108000 10.563000 7.811000
v 4.108000 10.563000 15.641000
v 4.608000 10.563000 7.496000
v 4.608000 10.563000 16.152000
v 5.108000 10.563000 7.475000
v 5.108000 10.563000 16.342000
v 5.608000 10.563000 7.499000
v 5.608000 10.563000 16.338000
v 6.108000 10.563000 7.811000
v 6.108000 10.563000 16.306000
v 6.608000 10.563000 8.649000
v 6.608000 10.563000 16.119000
v 7.108000 10.563000 9.428000
v 7.108000 10.563000 15.627000
v 7.608000 10.563000 13.506000
v 7.608000 10.563000 14.623000
v 4.108000 0.515000 -14.823000
v 4.108000 1.638000 -14.823000
v 4.608000 -0.076000 -14.823000
v 4.608000 2.225000 -14.823000
v 5.108000 -0.292000 -14.823000
v 5.108000 2.427000 -14.823000
v 5.608000 -0.292000 -14.823000
v 5.608000 2.429000 -14.823000
v 6.108000 -0.080000 -14.823000
v 6.108000 2.231000 -14.823000
v 6.608000 0.494000 -14.823000
v 6.608000 1.659000 -14.823000
v 4.108000 -1.546000 -10.823000
v 4.108000 -0.354000 -10.823000
v 4.108000 4.409000 -10.823000
v 4.108000 6.116000 -10.823000
v 4.608000 -2.323000 -10.823000
v 4.608000 6.685000 -10.823000
v 5.108000 -2.561000 -10.823000
v 5.108000 6.881000 -10.823000
v 5.608000 -2.560000 -10.823000
v 5.608000 6.904000 -10.823000
v 6.108000 -2.371000 -10.823000
v 6.108000 6.909000 -10.823000
v 6.608000 -2.148000 -10.823000
v 6.608000 6.726000 -10.823000
v 7.108000 -1.611000 -10.823000
v 7.108000 6.202000 -10.823000
v 7.608000 -0.887000 -10.823000
v 7.608000 0.841000 -10.823000
v 3.608000 -1.384000 -6.823000
v 3.608000 3.532000 -6.823000
v 4.108000 -1.777000 -6.823000
v 4.108000 3.851000 -6.823000
v 4.608000 -2.145000 -6.823000
v 4.608000 4.084000 -6.823000
v 5.108000 -2.340000 -6.823000
v 5.108000 4.245000 -6.823000
v 5.608000 -2.340000 -6.823000
v 5.608000 4.447000 -6.823000
v 6.108000 -2.233000 -6.823000
v 6.108000 4.679000 -6.823000
v 6.608000 -2.010000 -6.823000
v 6.608000 4.694000 -6.823000
v 7.108000 -1.564000 -6.823000
v 7.108000 4.467000 -6.823000
v 7.608000 -0.910000 -6.823000
v 7.608000 3.660000 -6.823000
v 1.608000 2.053000 -2.823000
v 1.608000 4.153000 -2.823000
v 2.108000 1.041000 -2.823000
v 2.108000 5.590000 -2.823000
v 2.608000 0.084000 -2.823000
v 2.608000 6.232000 -2.823000
v 3.108000 -0.166000 -2.823000
v 3.108000 6.532000 -2.823000
v 3.608000 -0.188000 -2.823000
v 3.608000 6.694000 -2.823000
v 4.108000 -0.131000 -2.823000
v 4.108000 6.788000 -2.823000
v 4.608000 -0.078000 -2.823000
v 4.608000 6.744000 -2.823000
v 5.108000 0.228000 -2.823000
v 5.108000 6.497000 -2.823000
v 5.608000 2.719000 -2.823000
v 5.608000 5.930000 -2.823000
v 6.108000 3.858000 -2.823000
v 6.108000 5.393000 -2.823000
v 2.108000 3.053000 1.177000
v 2.108000 4.582000 1.177000
v 2.608000 2.431000 1.177000
v 2.608000 5.697000 1.177000
v 3.108000 2.218000 1.177000
v 3.108000 6.773000 1.177000
v 3.608000 2.159000 1.177000
v 3.608000 7.285000 1.177000
v 4.108000 2.138000 1.177000
v 4.108000 7.567000 1.177000
v 4.608000 2.111000 1.177000
v 4.608000 7.753000 1.177000
v 5.108000 2.123000 1.177000
v 5.108000 7.758000 1.177000
v 5.608000 2.176000 1.177000
v 5.608000 7.629000 1.177000
v 6.108000 2.152000 1.177000
v 6.108000 7.502000 1.177000
v 6.608000 2.157000 1.177000
v 6.608000 7.308000 1.177000
v 7.108000 2.359000 1.177000
v 7.108000 7.040000 1.177000
v 7.608000 2.880000 1.177000
v 7.608000 6.513000 1.177000
v 8.108000 3.435000 1.177000
v 8.108000 5.829000 1.177000
v 8.608000 4.060000 1.177000
v 8.608000 5.104000 1.177000
v 3.108000 4.067000 5.177000
v 3.108000 5.045000 5.177000
v 3.608000 3.426000 5.177000
v 3.608000 6.664000 5.177000
v 4.108000 3.209000 5.177000
v 4.108000 9.205000 5.177000
v 4.608000 3.160000 5.177000
v 4.608000 9.758000 5.177000
v 5.108000 3.155000 5.177000
v 5.108000 9.951000 5.177000
v 5.608000 3.340000 5.177000
v 5.608000 9.947000 5.177000
v 6.108000 3.864000 5.177000
v 6.108000 9.744000 5.177000
v 6.608000 5.137000 5.177000
v 6.608000 9.161000 5.177000
v 2.608000 6.447000 9.177000
v 2.608000 9.492000 9.177000
v 3.108000 5.866000 9.177000
v 3.108000 10.185000 9.177000
v 3.608000 5.482000 9.177000
v 3.608000 10.759000 9.177000
v 4.108000 5.152000 9.177000
v 4.108000 11.214000 9.177000
v 4.608000 4.961000 9.177000
v 4.608000 11.421000 9.177000
v 5.108000 4.998000 9.177000
v 5.108000 11.461000 9.177000
v 5.608000 5.156000 9.177000
v 5.608000 11.505000 9.177000
v 6.108000 5.610000 9.177000
v 6.108000 11.382000 9.177000
v 6.608000 6.098000 9.177000
v 6.608000 11.043000 9.177000
v 7.108000 6.658000 9.177000
v 7.108000 10.217000 9.177000
v 7.608000 7.384000 9.177000
v 7.608000 8.455000 9.177000
v 3.608000 8.922000 13.177000
v 3.608000 10.961000 13.177000
v 4.108000 8.415000 13.177000
v 4.108000 11.319000 13.177000
v 4.608000 8.110000 13.177000
v 4.608000 11.730000 13.177000
v 5.108000 7.818000 13.177000
v 5.108000 11.987000 13.177000
v 5.608000 7.529000 13.177000
v 5.608000 12.347000 13.177000
v 6.108000 7.579000 13.177000
v 6.108000 12.630000 13.177000
v 6.608000 8.559000 13.177000
v 6.608000 12.674000 13.177000
v 7.108000 9.841000 13.177000
v 7.108000 12.503000 13.177000
v 5.038000 -0.937000 -12.323000
v 6.368000 -0.937000 -12.323000
v 4.553000 -0.937000 -11.823000
v 6.937000 -0.937000 -11.823000
v 4.173000 -0.937000 -11.323000
v 7.354000 -0.937000 -11.323000
v 3.974000 -0.937000 -10.823000
v 7.587000 -0.937000 -10.823000
v 3.968000 -0.937000 -10.323000
v 7.600000 -0.937000 -10.323000
v 3.941000 -0.937000 -9.823000
v 7.403000 -0.937000 -9.823000
v 3.933000 -0.937000 -9.323000
v 7.181000 -0.937000 -9.323000
v 3.943000 -0.937000 -8.823000
v 7.154000 -0.937000 -8.823000
v 3.816000 -0.937000 -8.323000
v 7.191000 -0.937000 -8.323000
v 3.622000 -0.937000 -7.823000
v 7.371000 -0.937000 -7.823000
v 3.536000 -0.937000 -7.323000
v 7.589000 -0.937000 -7.323000
v 3.278000 -0.937000 -6.823000
v 7.597000 -0.937000 -6.823000
v 3.070000 -0.937000 -6.323000
v 7.409000 -0.937000 -6.323000
v 3.015000 -0.937000 -5.823000
v 7.242000 -0.937000 -5.823000
v 2.895000 -0.937000 -5.323000
v 7.045000 -0.937000 -5.323000
v 2.883000 -0.937000 -4.823000
v 6.538000 -0.937000 -4.823000
v 3.137000 -0.937000 -4.323000
v 5.938000 -0.937000 -4.323000
v 4.073000 -0.937000 -3.823000
v 5.102000 -0.937000 -3.823000
v 5.278000 3.063000 -13.323000
v 6.432000 3.063000 -13.323000
v 4.820000 3.063000 -12.823000
v 6.978000 3.063000 -12.823000
v 4.605000 3.063000 -12.323000
v 7.199000 3.063000 -12.323000
v 4.501000 3.063000 -11.823000
v 7.251000 3.063000 -11.823000
v 4.477000 3.063000 -11.323000
v 7.311000 3.063000 -11.323000
v 4.424000 3.063000 -10.823000
v 7.494000 3.063000 -10.823000
v 4.244000 3.063000 -10.323000
v 7.689000 3.063000 -10.323000
v 4.058000 3.063000 -9.823000
v 7.713000 3.063000 -9.823000
v 4.024000 3.063000 -9.323000
v 7.782000 3.063000 -9.323000
v 3.944000 3.063000 -8.823000
v 7.812000 3.063000 -8.823000
v 3.879000 3.063000 -8.323000
v 7.792000 3.063000 -8.323000
v 3.699000 3.063000 -7.823000
v 7.774000 3.063000 -7.823000
v 3.504000 3.063000 -7.323000
v 7.772000 3.063000 -7.323000
v 3.243000 3.063000 -6.823000
v 7.736000 3.063000 -6.823000
v 3.043000 3.063000 -6.323000
v 7.624000 3.063000 -6.323000
v 2.818000 3.063000 -5.823000
v 7.411000 3.063000 -5.823000
v 2.535000 3.063000 -5.323000
v 7.133000 3.063000 -5.323000
v 2.194000 3.063000 -4.823000
v 6.920000 3.063000 -4.823000
v 1.989000 3.063000 -4.323000
v 6.439000 3.063000 -4.323000
v 1.921000 3.063000 -3.823000
v 6.081000 3.063000 -3.823000
v 1.708000 3.063000 -3.323000
v 5.865000 3.063000 -3.323000
v 1.515000 3.063000 -2.823000
v 5.807000 3.063000 -2.823000
v 1.459000 3.063000 -2.323000
v 5.863000 3.063000 -2.323000
v 1.449000 3.063000 -1.823000
v 6.128000 3.063000 -1.823000
v 1.519000 3.063000 -1.323000
v 7.470000 3.063000 -1.323000
v 1.698000 3.063000 -0.823000
v 7.802000 3.063000 -0.823000
v 1.944000 3.063000 -0.323000
v 7.838000 3.063000 -0.323000
v 2.029000 3.063000 0.177000
v 7.865000 3.063000 0.177000
v 2.045000 3.063000 0.677000
v 7.869000 3.063000 0.677000
v 2.104000 3.063000 1.177000
v 7.766000 3.063000 1.177000
v 2.303000 3.063000 1.677000
v 7.704000 3.063000 1.677000
v 2.707000 3.063000 2.177000
v 7.681000 3.063000 2.177000
v 2.938000 3.063000 2.677000
v 7.476000 3.063000 2.677000
v 3.259000 3.063000 3.177000
v 6.865000 3.063000 3.177000
v 3.482000 3.063000 3.677000
v 6.313000 3.063000 3.677000
v 3.800000 3.063000 4.177000
v 5.990000 3.063000 4.177000
v 3.652000 7.063000 -2.323000
v 5.013000 7.063000 -2.323000
v 3.342000 7.063000 -1.823000
v 5.322000 7.063000 -1.823000
v 3.334000 7.063000 -1.323000
v 5.400000 7.063000 -1.323000
v 3.586000 7.063000 -0.823000
v 5.568000 7.063000 -0.823000
v 3.773000 7.063000 -0.323000
v 7.074000 7.063000 -0.323000
v 3.646000 7.063000 0.177000
v 7.380000 7.063000 0.177000
v 3.405000 7.063000 0.677000
v 7.380000 7.063000 0.677000
v 3.325000 7.063000 1.177000
v 7.076000 7.063000 1.177000
v 3.326000 7.063000 1.677000
v 6.589000 7.063000 1.677000
v 3.414000 7.063000 2.177000
v 6.374000 7.063000 2.177000
v 3.499000 7.063000 2.677000
v 6.280000 7.063000 2.677000
v 3.656000 7.063000 3.177000
v 6.339000 7.063000 3.177000
v 3.808000 7.063000 3.677000
v 6.583000 7.063000 3.677000
v 3.837000 7.063000 4.177000
v 6.771000 7.063000 4.177000
v 3.809000 7.063000 4.677000
v 6.786000 7.063000 4.677000
v 3.814000 7.063000 5.177000
v 6.787000 7.063000 5.177000
v 3.753000 7.063000 5.677000
v 6.806000 7.063000 5.677000
v 3.565000 7.063000 6.177000
v 7.000000 7.063000 6.177000
v 3.464000 7.063000 6.677000
v 7.286000 7.063000 6.677000
v 3.231000 7.063000 7.177000
v 7.601000 7.063000 7.177000
v 2.974000 7.063000 7.677000
v 7.852000 7.063000 7.677000
v 2.696000 7.063000 8.177000
v 7.827000 7.063000 8.177000
v 2.501000 7.063000 8.677000
v 7.544000 7.063000 8.677000
v 2.289000 7.063000 9.177000
v 7.387000 7.063000 9.177000
v 2.059000 7.063000 9.677000
v 7.455000 7.063000 9.677000
v 2.040000 7.063000 10.177000
v 7.614000 7.063000 10.177000
v 2.231000 7.063000 10.677000
v 7.695000 7.063000 10.677000
v 2.841000 7.063000 11.177000
v 7.683000 7.063000 11.177000
v 3.596000 7.063000 11.677000
v 7.456000 7.063000 11.677000
v 4.116000 7.063000 12.177000
v 7.041000 7.063000 12.177000
v 4.713000 7.063000 12.677000
v 6.575000 7.063000 12.677000
v 4.267000 11.063000 8.177000
v 5.894000 11.063000 8.177000
v 3.934000 11.063000 8.677000
v 6.256000 11.063000 8.677000
v 3.915000 11.063000 9.177000
v 6.582000 11.063000 9.177000
v 3.875000 11.063000 9.677000
v 6.954000 11.063000 9.677000
v 3.859000 11.063000 10.177000
v 7.170000 11.063000 10.177000
v 4.082000 11.063000 10.677000
v 7.191000 11.063000 10.677000
v 4.264000 11.063000 11.177000
v 7.170000 11.063000 11.177000
v 4.310000 11.063000 11.677000
v 7.032000 11.063000 11.677000
v 4.077000 11.063000 12.177000
v 7.032000 11.063000 12.177000
v 3.860000 11.063000 12.677000
v 7.218000 11.063000 12.677000
v 3.718000 11.063000 13.177000
v 7.557000 11.063000 13.177000
v 3.453000 11.063000 13.677000
v 7.771000 11.063000 13.677000
v 3.450000 11.063000 14.177000
v 7.802000 11.063000 14.177000
v 3.567000 11.063000 14.677000
v 7.755000 11.063000 14.677000
v 3.790000 11.063000 15.177000
v 7.607000 11.063000 15.177000
v 4.269000 11.063000 15.677000
v 7.227000 11.063000 15.677000
v 4.907000 11.063000 16.177000
v 6.472000 11.063000 16.177000
v 3.108000 -0.937000 -6.475000
v 3.108000 -0.937000 -4.360000
v 3.608000 -0.937000 -7.743000
v 3.608000 -0.937000 -4.041000
v 4.108000 -0.937000 -11.212000
v 4.108000 -0.937000 -3.815000
v 4.608000 -0.937000 -11.890000
v 4.608000 -0.937000 -3.754000
v 5.108000 -0.937000 -12.375000
v 5.108000 -0.937000 -3.825000
v 5.608000 -0.937000 -12.673000
v 5.608000 -0.937000 -4.069000
v 6.108000 -0.937000 -12.494000
v 6.108000 -0.937000 -4.439000
v 6.608000 -0.937000 -12.149000
v 6.608000 -0.937000 -4.881000
v 7.108000 -0.937000 -11.589000
v 7.108000 -0.937000 -5.433000
v 1.608000 3.063000 -3.128000
v 1.608000 3.063000 -1.003000
v 2.108000 3.063000 -4.673000
v 2.108000 3.063000 1.197000
v 2.608000 3.063000 -5.462000
v 2.608000 3.063000 2.041000
v 3.108000 3.063000 -6.558000
v 3.108000 3.063000 3.001000
v 3.608000 3.063000 -7.648000
v 3.608000 3.063000 3.961000
v 4.108000 3.063000 -10.020000
v 4.108000 3.063000 4.415000
v 4.608000 3.063000 -12.338000
v 4.608000 3.063000 4.519000
v 5.108000 3.063000 -13.184000
v 5.108000 3.063000 4.605000
v 5.608000 3.063000 -13.476000
v 5.608000 3.063000 4.427000
v 6.108000 3.063000 -13.468000
v 6.108000 3.063000 -3.868000
v 6.108000 3.063000 -1.844000
v 6.108000 3.063000 4.040000
v 6.608000 3.063000 -13.200000
v 6.608000 3.063000 -4.491000
v 6.608000 3.063000 -1.570000
v 6.608000 3.063000 3.355000
v 7.108000 3.063000 -12.599000
v 7.108000 3.063000 -5.246000
v 7.108000 3.063000 -1.493000
v 7.108000 3.063000 3.037000
v 7.608000 3.063000 -10.600000
v 7.608000 3.063000 -6.266000
v 7.608000 3.063000 -1.193000
v 7.608000 3.063000 2.429000
v 2.108000 7.063000 9.518000
v 2.108000 7.063000 10.434000
v 2.608000 7.063000 8.342000
v 2.608000 7.063000 11.055000
v 3.108000 7.063000 7.410000
v 3.108000 7.063000 11.313000
v 3.608000 7.063000 -2.282000
v 3.608000 7.063000 -0.787000
v 3.608000 7.063000 0.246000
v 3.608000 7.063000 3.047000
v 3.608000 7.063000 6.041000
v 3.608000 7.063000 11.689000
v 4.108000 7.063000 -2.557000
v 4.108000 7.063000 12.171000
v 4.608000 7.063000 -2.544000
v 4.608000 7.063000 12.613000
v 5.108000 7.063000 -2.227000
v 5.108000 7.063000 12.845000
v 5.608000 7.063000 -0.780000
v 5.608000 7.063000 12.946000
v 6.108000 7.063000 -0.611000
v 6.108000 7.063000 12.892000
v 6.608000 7.063000 -0.557000
v 6.608000 7.063000 1.647000
v 6.608000 7.063000 3.719000
v 6.608000 7.063000 12.653000
v 7.108000 7.063000 -0.292000
v 7.108000 7.063000 1.147000
v 7.108000 7.063000 6.366000
v 7.108000 7.063000 12.088000
v 7.608000 7.063000 7.186000
v 7.608000 7.063000 8.571000
v 7.608000 7.063000 10.148000
v 7.608000 7.063000 11.411000
v 3.608000 11.063000 13.349000
v 3.608000 11.063000 14.820000
v 4.108000 11.063000 8.332000
v 4.108000 11.063000 10.720000
v 4.108000 11.063000 12.122000
v 4.108000 11.063000 15.500000
v 4.608000 11.063000 8.011000
v 4.608000 11.063000 16.020000
v 5.108000 11.063000 8.000000
v 5.108000 11.063000 16.244000
v 5.608000 11.063000 8.035000
v 5.608000 11.063000 16.318000
v 6.108000 11.063000 8.388000
v 6.108000 11.063000 16.300000
v 6.608000 11.063000 9.204000
v 6.608000 11.063000 16.115000
v 7.108000 11.063000 9.968000
v 7.108000 11.063000 11.387000
v 7.108000 11.063000 12.436000
v 7.108000 11.063000 15.793000
v 7.608000 11.063000 13.256000
v 7.608000 11.063000 15.174000
v 4.108000 0.360000 -14.323000
v 4.108000 1.690000 -14.323000
v 4.608000 -0.374000 -14.323000
v 4.608000 2.253000 -14.323000
v 5.108000 -0.605000 -14.323000
v 5.108000 2.467000 -14.323000
v 5.608000 -0.598000 -14.323000
v 5.608000 2.516000 -14.323000
v 6.108000 -0.346000 -14.323000
v 6.108000 2.351000 -14.323000
v 6.608000 0.389000 -14.323000
v 6.608000 1.756000 -14.323000
v 4.108000 -1.985000 -10.323000
v 4.108000 -0.336000 -10.323000
v 4.108000 3.787000 -10.323000
v 4.108000 6.138000 -10.323000
v 4.608000 -2.556000 -10.323000
v 4.608000 6.696000 -10.323000
v 5.108000 -2.753000 -10.323000
v 5.108000 6.891000 -10.323000
v 5.608000 -2.753000 -10.323000
v 5.608000 6.902000 -10.323000
v 6.108000 -2.553000 -10.323000
v 6.108000 6.898000 -10.323000
v 6.608000 -2.153000 -10.323000
v 6.608000 6.713000 -10.323000
v 7.108000 -1.612000 -10.323000
v 7.108000 6.178000 -10.323000
v 7.608000 -0.918000 -10.323000
v 7.608000 3.238000 -10.323000
v 3.108000 -1.033000 -6.323000
v 3.108000 0.544000 -6.323000
v 3.108000 1.372000 -6.323000
v 3.108000 3.204000 -6.323000
v 3.608000 -1.623000 -6.323000
v 3.608000 3.741000 -6.323000
v 4.108000 -1.842000 -6.323000
v 4.108000 3.928000 -6.323000
v 4.608000 -2.127000 -6.323000
v 4.608000 3.987000 -6.323000
v 5.108000 -2.332000 -6.323000
v 5.108000 4.087000 -6.323000
v 5.608000 -2.341000 -6.323000
v 5.608000 4.211000 -6.323000
v 6.108000 -2.295000 -6.323000
v 6.108000 4.255000 -6.323000
v 6.608000 -2.098000 -6.323000
v 6.608000 4.238000 -6.323000
v 7.108000 -1.558000 -6.323000
v 7.108000 3.993000 -6.323000
v 7.608000 1.778000 -6.323000
v 7.608000 3.112000 -6.323000
v 1.608000 2.075000 -2.323000
v 1.608000 4.237000 -2.323000
v 2.108000 1.413000 -2.323000
v 2.108000 5.097000 -2.323000
v 2.608000 0.863000 -2.323000
v 2.608000 6.218000 -2.323000
v 3.108000 0.368000 -2.323000
v 3.108000 6.716000 -2.323000
v 3.608000 0.360000 -2.323000
v 3.608000 7.031000 -2.323000
v 4.108000 0.509000 -2.323000
v 4.108000 7.259000 -2.323000
v 4.608000 0.634000 -2.323000
v 4.608000 7.248000 -2.323000
v 5.108000 1.141000 -2.323000
v 5.108000 6.987000 -2.323000
v 5.608000 2.783000 -2.323000
v 5.608000 6.482000 -2.323000
v 6.108000 3.336000 -2.323000
v 6.108000 5.948000 -2.323000
v 6.608000 4.227000 -2.323000
v 6.608000 5.124000 -2.323000
v 2.608000 2.661000 1.677000
v 2.608000 5.192000 1.677000
v 3.108000 2.363000 1.677000
v 3.108000 6.765000 1.677000
v 3.608000 2.181000 1.677000
v 3.608000 7.381000 1.677000
v 4.108000 2.170000 1.677000
v 4.108000 7.907000 1.677000
v 4.608000 2.152000 1.677000
v 4.608000 8.172000 1.677000
v 5.108000 2.165000 1.677000
v 5.108000 8.184000 1.677000
v 5.608000 2.162000 1.677000
v 5.608000 7.956000 1.677000
v 6.108000 2.142000 1.677000
v 6.108000 7.563000 1.677000
v 6.608000 2.158000 1.677000
v 6.608000 7.039000 1.677000
v 7.108000 2.354000 1.677000
v 7.108000 6.273000 1.677000
v 7.608000 2.895000 1.677000
v 7.608000 5.829000 1.677000
v 8.108000 3.654000 1.677000
v 8.108000 5.476000 1.677000
v 3.608000 3.678000 5.677000
v 3.608000 6.720000 5.677000
v 4.108000 3.355000 5.677000
v 4.108000 9.171000 5.677000
v 4.608000 3.170000 5.677000
v 4.608000 9.741000 5.677000
v 5.108000 3.173000 5.677000
v 5.108000 9.939000 5.677000
v 5.608000 3.374000 5.677000
v 5.608000 9.941000 5.677000
v 6.108000 3.954000 5.677000
v 6.108000 9.750000 5.677000
v 6.608000 5.366000 5.677000
v 6.608000 9.257000 5.677000
v 2.108000 6.962000 9.677000
v 2.108000 9.215000 9.677000
v 2.608000 6.375000 9.677000
v 2.608000 9.930000 9.677000
v 3.108000 5.870000 9.677000
v 3.108000 10.347000 9.677000
v 3.608000 5.621000 9.677000
v 3.608000 10.787000 9.677000
v 4.108000 5.368000 9.677000
v 4.108000 11.250000 9.677000
v 4.608000 5.148000 9.677000
v 4.608000 11.446000 9.677000
v 5.108000 5.150000 9.677000
v 5.108000 11.585000 9.677000
v 5.608000 5.222000 9.677000
v 5.608000 11.733000 9.677000
v 6.108000 5.466000 9.677000
v 6.108000 11.741000 9.677000
v 6.608000 5.919000 9.677000
v 6.608000 11.508000 9.677000
v 7.108000 6.461000 9.677000
v 7.108000 10.730000 9.677000
v 7.608000 7.465000 9.677000
v 7.608000 7.939000 9.677000
v 3.108000 9.602000 13.677000
v 3.108000 10.531000 13.677000
v 3.608000 8.931000 13.677000
v 3.608000 11.190000 13.677000
v 4.108000 8.606000 13.677000
v 4.108000 11.528000 13.677000
v 4.608000 8.435000 13.677000
v 4.608000 11.824000 13.677000
v 5.108000 8.316000 13.677000
v 5.108000 12.167000 13.677000
v 5.608000 8.339000 13.677000
v 5.608000 12.635000 13.677000
v 6.108000 8.558000 13.677000
v 6.108000 12.951000 13.677000
v 6.608000 9.234000 13.677000
v 6.608000 13.308000 13.677000
v 7.108000 9.879000 13.677000
v 7.108000 13.771000 13.677000
v 7.608000 10.455000 13.677000
v 7.608000 13.798000 13.677000
v 8.108000 13.022000 13.677000
v 8.108000 13.199000 13.677000
v 4.696000 -0.437000 -14.323000
v 5.986000 -0.437000 -14.323000
v 4.385000 -0.437000 -13.823000
v 6.297000 -0.437000 -13.823000
v 4.385000 -0.437000 -13.323000
v 6.320000 -0.437000 -13.323000
v 4.539000 -0.437000 -12.823000
v 6.406000 -0.437000 -12.823000
v 4.576000 -0.437000 -12.323000
v 6.696000 -0.437000 -12.323000
v 4.472000 -0.437000 -11.823000
v 7.058000 -0.437000 -11.823000
v 4.269000 -0.437000 -11.323000
v 7.491000 -0.437000 -11.323000
v 4.071000 -0.437000 -10.823000
v 7.701000 -0.437000 -10.823000
v 4.066000 -0.437000 -10.323000
v 7.717000 -0.437000 -10.323000
v 4.047000 -0.437000 -9.823000
v 7.648000 -0.437000 -9.823000
v 3.965000 -0.437000 -9.323000
v 7.481000 -0.437000 -9.323000
v 3.914000 -0.437000 -8.823000
v 7.386000 -0.437000 -8.823000
v 3.714000 -0.437000 -8.323000
v 7.422000 -0.437000 -8.323000
v 3.512000 -0.437000 -7.823000
v 7.583000 -0.437000 -7.823000
v 3.428000 -0.437000 -7.323000
v 7.691000 -0.437000 -7.323000
v 3.184000 -0.437000 -6.823000
v 7.697000 -0.437000 -6.823000
v 2.983000 -0.437000 -6.323000
v 7.511000 -0.437000 -6.323000
v 2.777000 -0.437000 -5.823000
v 7.295000 -0.437000 -5.823000
v 2.563000 -0.437000 -5.323000
v 7.117000 -0.437000 -5.323000
v 2.514000 -0.437000 -4.823000
v 6.638000 -0.437000 -4.823000
v 2.419000 -0.437000 -4.323000
v 6.062000 -0.437000 -4.323000
v 2.397000 -0.437000 -3.823000
v 5.536000 -0.437000 -3.823000
v 2.692000 -0.437000 -3.323000
v 4.997000 -0.437000 -3.323000
v 5.225000 3.563000 -12.823000
v 6.578000 3.563000 -12.823000
v 4.835000 3.563000 -12.323000
v 6.947000 3.563000 -12.323000
v 4.597000 3.563000 -11.823000
v 7.154000 3.563000 -11.823000
v 4.459000 3.563000 -11.323000
v 7.248000 3.563000 -11.323000
v 4.374000 3.563000 -10.823000
v 7.361000 3.563000 -10.823000
v 4.136000 3.563000 -10.323000
v 7.429000 3.563000 -10.323000
v 3.955000 3.563000 -9.823000
v 7.377000 3.563000 -9.823000
v 3.966000 3.563000 -9.323000
v 7.343000 3.563000 -9.323000
v 4.003000 3.563000 -8.823000
v 7.466000 3.563000 -8.823000
v 4.022000 3.563000 -8.323000
v 7.653000 3.563000 -8.323000
v 3.980000 3.563000 -7.823000
v 7.775000 3.563000 -7.823000
v 3.822000 3.563000 -7.323000
v 7.763000 3.563000 -7.323000
v 3.645000 3.563000 -6.823000
v 7.641000 3.563000 -6.823000
v 3.375000 3.563000 -6.323000
v 7.447000 3.563000 -6.323000
v 3.120000 3.563000 -5.823000
v 7.040000 3.563000 -5.823000
v 2.636000 3.563000 -5.323000
v 6.801000 3.563000 -5.323000
v 2.161000 3.563000 -4.823000
v 6.525000 3.563000 -4.823000
v 1.964000 3.563000 -4.323000
v 6.193000 3.563000 -4.323000
v 1.893000 3.563000 -3.823000
v 6.032000 3.563000 -3.823000
v 1.669000 3.563000 -3.323000
v 5.940000 3.563000 -3.323000
v 1.458000 3.563000 -2.823000
v 6.008000 3.563000 -2.823000
v 1.436000 3.563000 -2.323000
v 6.268000 3.563000 -2.323000
v 1.441000 3.563000 -1.823000
v 7.271000 3.563000 -1.823000
v 1.588000 3.563000 -1.323000
v 7.961000 3.563000 -1.323000
v 1.782000 3.563000 -0.823000
v 8.192000 3.563000 -0.823000
v 1.935000 3.563000 -0.323000
v 8.392000 3.563000 -0.323000
v 1.954000 3.563000 0.177000
v 8.392000 3.563000 0.177000
v 1.954000 3.563000 0.677000
v 8.306000 3.563000 0.677000
v 2.007000 3.563000 1.177000
v 8.260000 3.563000 1.177000
v 2.190000 3.563000 1.677000
v 8.039000 3.563000 1.677000
v 2.474000 3.563000 2.177000
v 7.817000 3.563000 2.177000
v 2.609000 3.563000 2.677000
v 7.588000 3.563000 2.677000
v 2.841000 3.563000 3.177000
v 7.092000 3.563000 3.177000
v 3.118000 3.563000 3.677000
v 6.659000 3.563000 3.677000
v 3.281000 3.563000 4.177000
v 6.415000 3.563000 4.177000
v 3.390000 3.563000 4.677000
v 6.063000 3.563000 4.677000
v 3.441000 3.563000 5.177000
v 5.886000 3.563000 5.177000
v 3.765000 3.563000 5.677000
v 5.838000 3.563000 5.677000
v 4.095000 3.563000 6.177000
v 5.567000 3.563000 6.177000
v 4.099000 7.563000 1.177000
v 5.906000 7.563000 1.177000
v 3.775000 7.563000 1.677000
v 6.109000 7.563000 1.677000
v 3.616000 7.563000 2.177000
v 6.169000 7.563000 2.177000
v 3.603000 7.563000 2.677000
v 6.193000 7.563000 2.677000
v 3.797000 7.563000 3.177000
v 6.313000 7.563000 3.177000
v 3.987000 7.563000 3.677000
v 6.600000 7.563000 3.677000
v 4.014000 7.563000 4.177000
v 6.788000 7.563000 4.177000
v 3.944000 7.563000 4.677000
v 6.783000 7.563000 4.677000
v 3.933000 7.563000 5.177000
v 6.736000 7.563000 5.177000
v 3.884000 7.563000 5.677000
v 6.801000 7.563000 5.677000
v 3.681000 7.563000 6.177000
v 7.055000 7.563000 6.177000
v 3.484000 7.563000 6.677000
v 7.474000 7.563000 6.677000
v 3.372000 7.563000 7.177000
v 7.985000 7.563000 7.177000
v 3.082000 7.563000 7.677000
v 8.173000 7.563000 7.677000
v 2.634000 7.563000 8.177000
v 8.154000 7.563000 8.177000
v 2.434000 7.563000 8.677000
v 7.921000 7.563000 8.677000
v 2.165000 7.563000 9.177000
v 7.676000 7.563000 9.177000
v 1.946000 7.563000 9.677000
v 7.623000 7.563000 9.677000
v 1.928000 7.563000 10.177000
v 7.709000 7.563000 10.177000
v 2.102000 7.563000 10.677000
v 7.782000 7.563000 10.677000
v 2.594000 7.563000 11.177000
v 7.771000 7.563000 11.177000
v 3.583000 7.563000 11.677000
v 7.562000 7.563000 11.677000
v 4.071000 7.563000 12.177000
v 7.164000 7.563000 12.177000
v 4.530000 7.563000 12.677000
v 6.869000 7.563000 12.677000
v 5.540000 7.563000 13.177000
v 6.081000 7.563000 13.177000
v 5.036000 11.563000 9.677000
v 6.534000 11.563000 9.677000
v 4.814000 11.563000 10.177000
v 6.855000 11.563000 10.177000
v 4.886000 11.563000 10.677000
v 6.873000 11.563000 10.677000
v 4.957000 11.563000 11.177000
v 6.830000 11.563000 11.177000
v 5.146000 11.563000 11.677000
v 6.715000 11.563000 11.677000
v 5.125000 11.563000 12.177000
v 6.800000 11.563000 12.177000
v 4.694000 11.563000 12.677000
v 7.125000 11.563000 12.677000
v 4.412000 11.563000 13.177000
v 7.557000 11.563000 13.177000
v 4.153000 11.563000 13.677000
v 7.780000 11.563000 13.677000
v 3.874000 11.563000 14.177000
v 7.907000 11.563000 14.177000
v 3.885000 11.563000 14.677000
v 8.026000 11.563000 14.677000
v 4.184000 11.563000 15.177000
v 8.081000 11.563000 15.177000
v 4.586000 11.563000 15.677000
v 7.816000 11.563000 15.677000
v 5.134000 11.563000 16.177000
v 6.827000 11.563000 16.177000
v 2.608000 -0.437000 -5.484000
v 2.608000 -0.437000 -3.408000
v 3.108000 -0.437000 -6.687000
v 3.108000 -0.437000 -3.109000
v 3.608000 -0.437000 -8.128000
v 3.608000 -0.437000 -3.076000
v 4.108000 -0.437000 -10.964000
v 4.108000 -0.437000 -3.088000
v 4.608000 -0.437000 -14.237000
v 4.608000 -0.437000 -3.119000
v 5.108000 -0.437000 -14.555000
v 5.108000 -0.437000 -3.418000
v 5.608000 -0.437000 -14.547000
v 5.608000 -0.437000 -3.898000
v 6.108000 -0.437000 -14.198000
v 6.108000 -0.437000 -4.354000
v 6.608000 -0.437000 -12.432000
v 6.608000 -0.437000 -4.798000
v 7.108000 -0.437000 -11.758000
v 7.108000 -0.437000 -5.309000
v 7.608000 -0.437000 -11.112000
v 7.608000 -0.437000 -9.668000
v 7.608000 -0.437000 -7.731000
v 7.608000 -0.437000 -6.515000
v 1.608000 3.563000 -3.224000
v 1.608000 3.563000 -1.269000
v 2.108000 3.563000 -4.733000
v 2.108000 3.563000 1.518000
v 2.608000 3.563000 -5.298000
v 2.608000 3.563000 2.672000
v 3.108000 3.563000 -5.806000
v 3.108000 3.563000 3.648000
v 3.608000 3.563000 -6.768000
v 3.608000 3.563000 5.509000
v 4.108000 3.563000 -10.273000
v 4.108000 3.563000 6.197000
v 4.608000 3.563000 -11.859000
v 4.608000 3.563000 6.629000
v 5.108000 3.563000 -12.708000
v 5.108000 3.563000 6.550000
v 5.608000 3.563000 -13.035000
v 5.608000 3.563000 6.133000
v 6.108000 3.563000 -13.057000
v 6.108000 3.563000 -4.124000
v 6.108000 3.563000 -2.571000
v 6.108000 3.563000 4.599000
v 6.608000 3.563000 -12.797000
v 6.608000 3.563000 -4.933000
v 6.608000 3.563000 -2.037000
v 6.608000 3.563000 3.772000
v 7.108000 3.563000 -11.952000
v 7.108000 3.563000 -5.916000
v 7.108000 3.563000 -1.873000
v 7.108000 3.563000 3.163000
v 7.608000 3.563000 -8.470000
v 7.608000 3.563000 -6.690000
v 7.608000 3.563000 -1.666000
v 7.608000 3.563000 2.643000
v 8.108000 3.563000 -1.045000
v 8.108000 3.563000 1.529000
v 2.108000 7.563000 9.265000
v 2.108000 7.563000 10.688000
v 2.608000 7.563000 8.221000
v 2.608000 7.563000 11.185000
v 3.108000 7.563000 7.646000
v 3.108000 7.563000 11.383000
v 3.608000 7.563000 2.214000
v 3.608000 7.563000 2.704000
v 3.608000 7.563000 6.314000
v 3.608000 7.563000 11.699000
v 4.108000 7.563000 1.166000
v 4.108000 7.563000 12.219000
v 4.608000 7.563000 0.888000
v 4.608000 7.563000 12.740000
v 5.108000 7.563000 0.867000
v 5.108000 7.563000 13.009000
v 5.608000 7.563000 1.037000
v 5.608000 7.563000 13.189000
v 6.108000 7.563000 1.673000
v 6.108000 7.563000 13.171000
v 6.608000 7.563000 3.690000
v 6.608000 7.563000 12.938000
v 7.108000 7.563000 6.249000
v 7.108000 7.563000 12.264000
v 7.608000 7.563000 6.787000
v 7.608000 7.563000 11.603000
v 8.108000 7.563000 7.427000
v 8.108000 7.563000 8.332000
v 4.108000 11.563000 13.727000
v 4.108000 11.563000 15.085000
v 4.608000 11.563000 12.767000
v 4.608000 11.563000 15.708000
v 5.108000 11.563000 9.600000
v 5.108000 11.563000 11.556000
v 5.108000 11.563000 12.212000
v 5.108000 11.563000 16.161000
v 5.608000 11.563000 9.339000
v 5.608000 11.563000 16.352000
v 6.108000 11.563000 9.447000
v 6.108000 11.563000 16.349000
v 6.608000 11.563000 9.746000
v 6.608000 11.563000 16.247000
v 7.108000 11.563000 12.656000
v 7.108000 11.563000 16.060000
v 7.608000 11.563000 13.255000
v 7.608000 11.563000 15.842000
v 4.108000 -0.060000 -13.823000
v 4.108000 1.696000 -13.823000
v 4.608000 -0.612000 -13.823000
v 4.608000 2.282000 -13.823000
v 5.108000 -0.804000 -13.823000
v 5.108000 2.597000 -13.823000
v 5.608000 -0.797000 -13.823000
v 5.608000 2.756000 -13.823000
v 6.108000 -0.590000 -13.823000
v 6.108000 2.681000 -13.823000
v 6.608000 0.013000 -13.823000
v 6.608000 2.186000 -13.823000
v 4.108000 -1.972000 -9.823000
v 4.108000 -0.239000 -9.823000
v 4.108000 2.954000 -9.823000
v 4.108000 5.311000 -9.823000
v 4.608000 -2.549000 -9.823000
v 4.608000 6.472000 -9.823000
v 5.108000 -2.748000 -9.823000
v 5.108000 6.704000 -9.823000
v 5.608000 -2.747000 -9.823000
v 5.608000 6.706000 -9.823000
v 6.108000 -2.547000 -9.823000
v 6.108000 6.685000 -9.823000
v 6.608000 -2.087000 -9.823000
v 6.608000 6.459000 -9.823000
v 7.108000 -1.467000 -9.823000
v 7.108000 4.203000 -9.823000
v 7.608000 -0.536000 -9.823000
v 7.608000 3.237000 -9.823000
v 8.108000 0.459000 -9.823000
v 8.108000 2.250000 -9.823000
v 3.108000 -1.089000 -5.823000
v 3.108000 3.545000 -5.823000
v 3.608000 -1.632000 -5.823000
v 3.608000 3.927000 -5.823000
v 4.108000 -1.858000 -5.823000
v 4.108000 4.032000 -5.823000
v 4.608000 -2.161000 -5.823000
v 4.608000 4.029000 -5.823000
v 5.108000 -2.343000 -5.823000
v 5.108000 4.074000 -5.823000
v 5.608000 -2.338000 -5.823000
v 5.608000 4.037000 -5.823000
v 6.108000 -2.294000 -5.823000
v 6.108000 4.020000 -5.823000
v 6.608000 -2.097000 -5.823000
v 6.608000 3.901000 -5.823000
v 7.108000 -1.527000 -5.823000
v 7.108000 3.471000 -5.823000
v 1.608000 2.372000 -1.823000
v 1.608000 4.256000 -1.823000
v 2.108000 1.702000 -1.823000
v 2.108000 4.845000 -1.823000
v 2.608000 1.440000 -1.823000
v 2.608000 6.217000 -1.823000
v 3.108000 1.320000 -1.823000
v 3.108000 6.795000 -1.823000
v 3.608000 1.338000 -1.823000
v 3.608000 7.277000 -1.823000
v 4.108000 1.378000 -1.823000
v 4.108000 7.465000 -1.823000
v 4.608000 1.403000 -1.823000
v 4.608000 7.456000 -1.823000
v 5.108000 1.649000 -1.823000
v 5.108000 7.244000 -1.823000
v 5.608000 2.561000 -1.823000
v 5.608000 6.772000 -1.823000
v 6.108000 3.051000 -1.823000
v 6.108000 6.396000 -1.823000
v 6.608000 3.291000 -1.823000
v 6.608000 5.961000 -1.823000
v 7.108000 3.464000 -1.823000
v 7.108000 5.734000 -1.823000
v 7.608000 4.466000 -1.823000
v 7.608000 5.590000 -1.823000
v 2.608000 3.209000 2.177000
v 2.608000 4.724000 2.177000
v 3.108000 2.639000 2.177000
v 3.108000 5.825000 2.177000
v 3.608000 2.402000 2.177000
v 3.608000 7.544000 2.177000
v 4.108000 2.385000 2.177000
v 4.108000 8.174000 2.177000
v 4.608000 2.340000 2.177000
v 4.608000 8.387000 2.177000
v 5.108000 2.294000 2.177000
v 5.108000 8.398000 2.177000
v 5.608000 2.180000 2.177000
v 5.608000 8.210000 2.177000
v 6.108000 2.182000 2.177000
v 6.108000 7.672000 2.177000
v 6.608000 2.204000 2.177000
v 6.608000 6.116000 2.177000
v 7.108000 2.385000 2.177000
v 7.108000 5.574000 2.177000
v 7.608000 2.907000 2.177000
v 7.608000 5.228000 2.177000
v 3.108000 4.560000 6.177000
v 3.108000 5.582000 6.177000
v 3.608000 3.883000 6.177000
v 3.608000 7.205000 6.177000
v 4.108000 3.555000 6.177000
v 4.108000 9.171000 6.177000
v 4.608000 3.352000 6.177000
v 4.608000 9.723000 6.177000
v 5.108000 3.355000 6.177000
v 5.108000 9.927000 6.177000
v 5.608000 3.594000 6.177000
v 5.608000 9.933000 6.177000
v 6.108000 4.276000 6.177000
v 6.108000 9.809000 6.177000
v 6.608000 5.414000 6.177000
v 6.608000 9.503000 6.177000
v 2.108000 6.925000 10.177000
v 2.108000 9.522000 10.177000
v 2.608000 6.361000 10.177000
v 2.608000 10.155000 10.177000
v 3.108000 5.855000 10.177000
v 3.108000 10.409000 10.177000
v 3.608000 5.655000 10.177000
v 3.608000 10.800000 10.177000
v 4.108000 5.412000 10.177000
v 4.108000 11.262000 10.177000
v 4.608000 5.203000 10.177000
v 4.608000 11.472000 10.177000
v 5.108000 5.188000 10.177000
v 5.108000 11.734000 10.177000
v 5.608000 5.226000 10.177000
v 5.608000 11.943000 10.177000
v 6.108000 5.422000 10.177000
v 6.108000 11.951000 10.177000
v 6.608000 5.892000 10.177000
v 6.608000 11.760000 10.177000
v 7.108000 6.393000 10.177000
v 7.108000 11.208000 10.177000
v 7.608000 7.046000 10.177000
v 7.608000 8.079000 10.177000
v 3.108000 9.603000 14.177000
v 3.108000 10.530000 14.177000
v 3.608000 8.943000 14.177000
v 3.608000 11.242000 14.177000
v 4.108000 8.722000 14.177000
v 4.108000 11.755000 14.177000
v 4.608000 8.619000 14.177000
v 4.608000 12.014000 14.177000
v 5.108000 8.568000 14.177000
v 5.108000 12.404000 14.177000
v 5.608000 8.626000 14.177000
v 5.608000 12.975000 14.177000
v 6.108000 8.833000 14.177000
v 6.108000 13.466000 14.177000
v 6.608000 9.341000 14.177000
v 6.608000 14.033000 14.177000
v 7.108000 9.886000 14.177000
v 7.108000 14.288000 14.177000
v 7.608000 10.426000 14.177000
v 7.608000 14.304000 14.177000
v 8.108000 12.042000 14.177000
v 8.108000 14.090000 14.177000
v 8.608000 12.998000 14.177000
v 8.608000 13.201000 14.177000
v 4.774000 0.063000 -15.323000
v 5.952000 0.063000 -15.323000
v 4.434000 0.063000 -14.823000
v 6.291000 0.063000 -14.823000
v 4.244000 0.063000 -14.323000
v 6.451000 0.063000 -14.323000
v 4.054000 0.063000 -13.823000
v 6.628000 0.063000 -13.823000
v 4.054000 0.063000 -13.323000
v 6.686000 0.063000 -13.323000
v 4.252000 0.063000 -12.823000
v 6.811000 0.063000 -12.823000
v 4.464000 0.063000 -12.323000
v 6.971000 0.063000 -12.323000
v 4.511000 0.063000 -11.823000
v 7.181000 0.063000 -11.823000
v 4.412000 0.063000 -11.323000
v 7.512000 0.063000 -11.323000
v 4.331000 0.063000 -10.823000
v 7.699000 0.063000 -10.823000
v 4.309000 0.063000 -10.323000
v 7.797000 0.063000 -10.323000
v 4.224000 0.063000 -9.823000
v 7.874000 0.063000 -9.823000
v 4.054000 0.063000 -9.323000
v 7.862000 0.063000 -9.323000
v 3.954000 0.063000 -8.823000
v 7.860000 0.063000 -8.823000
v 3.792000 0.063000 -8.323000
v 7.857000 0.063000 -8.323000
v 3.580000 0.063000 -7.823000
v 7.785000 0.063000 -7.823000
v 3.439000 0.063000 -7.323000
v 7.758000 0.063000 -7.323000
v 3.285000 0.063000 -6.823000
v 7.725000 0.063000 -6.823000
v 3.034000 0.063000 -6.323000
v 7.507000 0.063000 -6.323000
v 2.678000 0.063000 -5.823000
v 7.278000 0.063000 -5.823000
v 2.469000 0.063000 -5.323000
v 7.099000 0.063000 -5.323000
v 2.277000 0.063000 -4.823000
v 6.615000 0.063000 -4.823000
v 2.059000 0.063000 -4.323000
v 6.059000 0.063000 -4.323000
v 2.042000 0.063000 -3.823000
v 5.707000 0.063000 -3.823000
v 2.237000 0.063000 -3.323000
v 5.458000 0.063000 -3.323000
v 2.635000 0.063000 -2.823000
v 4.899000 0.063000 -2.823000
v 5.108000 4.063000 -12.323000
v 6.675000 4.063000 -12.323000
v 4.708000 4.063000 -11.823000
v 7.094000 4.063000 -11.823000
v 4.427000 4.063000 -11.323000
v 7.284000 4.063000 -11.323000
v 4.248000 4.063000 -10.823000
v 7.287000 4.063000 -10.823000
v 4.050000 4.063000 -10.323000
v 7.279000 4.063000 -10.323000
v 3.988000 4.063000 -9.823000
v 7.146000 4.063000 -9.823000
v 4.021000 4.063000 -9.323000
v 7.062000 4.063000 -9.323000
v 4.114000 4.063000 -8.823000
v 7.165000 4.063000 -8.823000
v 4.272000 4.063000 -8.323000
v 7.480000 4.063000 -8.323000
v 4.368000 4.063000 -7.823000
v 7.677000 4.063000 -7.823000
v 4.385000 4.063000 -7.323000
v 7.665000 4.063000 -7.323000
v 4.553000 4.063000 -6.823000
v 7.436000 4.063000 -6.823000
v 5.034000 4.063000 -6.323000
v 7.011000 4.063000 -6.323000
v 4.990000 4.063000 -5.823000
v 5.412000 4.063000 -5.823000
v 2.901000 4.063000 -5.323000
v 5.493000 4.063000 -5.323000
v 2.254000 4.063000 -4.823000
v 5.775000 4.063000 -4.823000
v 2.041000 4.063000 -4.323000
v 5.810000 4.063000 -4.323000
v 1.964000 4.063000 -3.823000
v 5.943000 4.063000 -3.823000
v 1.771000 4.063000 -3.323000
v 6.071000 4.063000 -3.323000
v 1.566000 4.063000 -2.823000
v 6.208000 4.063000 -2.823000
v 1.528000 4.063000 -2.323000
v 6.551000 4.063000 -2.323000
v 1.521000 4.063000 -1.823000
v 7.558000 4.063000 -1.823000
v 1.712000 4.063000 -1.323000
v 8.118000 4.063000 -1.323000
v 1.904000 4.063000 -0.823000
v 8.495000 4.063000 -0.823000
v 1.936000 4.063000 -0.323000
v 8.704000 4.063000 -0.323000
v 1.931000 4.063000 0.177000
v 8.705000 4.063000 0.177000
v 1.976000 4.063000 0.677000
v 8.671000 4.063000 0.677000
v 1.988000 4.063000 1.177000
v 8.609000 4.063000 1.177000
v 2.164000 4.063000 1.677000
v 8.396000 4.063000 1.677000
v 2.423000 4.063000 2.177000
v 7.918000 4.063000 2.177000
v 2.520000 4.063000 2.677000
v 7.549000 4.063000 2.677000
v 2.731000 4.063000 3.177000
v 7.087000 4.063000 3.177000
v 2.940000 4.063000 3.677000
v 6.803000 4.063000 3.677000
v 3.017000 4.063000 4.177000
v 6.662000 4.063000 4.177000
v 3.053000 4.063000 4.677000
v 6.426000 4.063000 4.677000
v 3.110000 4.063000 5.177000
v 6.209000 4.063000 5.177000
v 3.293000 4.063000 5.677000
v 6.153000 4.063000 5.677000
v 3.411000 4.063000 6.177000
v 5.987000 4.063000 6.177000
v 3.408000 4.063000 6.677000
v 5.840000 4.063000 6.677000
v 3.367000 4.063000 7.177000
v 5.787000 4.063000 7.177000
v 3.381000 4.063000 7.677000
v 5.739000 4.063000 7.677000
v 3.696000 4.063000 8.177000
v 5.376000 4.063000 8.177000
v 4.328000 8.063000 1.677000
v 5.443000 8.063000 1.677000
v 3.967000 8.063000 2.177000
v 5.804000 8.063000 2.177000
v 3.949000 8.063000 2.677000
v 5.872000 8.063000 2.677000
v 4.125000 8.063000 3.177000
v 6.086000 8.063000 3.177000
v 4.168000 8.063000 3.677000
v 6.487000 8.063000 3.677000
v 4.086000 8.063000 4.177000
v 6.692000 8.063000 4.177000
v 3.953000 8.063000 4.677000
v 6.729000 8.063000 4.677000
v 3.958000 8.063000 5.177000
v 6.746000 8.063000 5.177000
v 3.936000 8.063000 5.677000
v 6.831000 8.063000 5.677000
v 3.762000 8.063000 6.177000
v 7.091000 8.063000 6.177000
v 3.561000 8.063000 6.677000
v 7.599000 8.063000 6.677000
v 3.452000 8.063000 7.177000
v 8.084000 8.063000 7.177000
v 3.184000 8.063000 7.677000
v 8.259000 8.063000 7.677000
v 2.760000 8.063000 8.177000
v 8.242000 8.063000 8.177000
v 2.493000 8.063000 8.677000
v 8.025000 8.063000 8.677000
v 2.151000 8.063000 9.177000
v 7.705000 8.063000 9.177000
v 1.969000 8.063000 9.677000
v 7.576000 8.063000 9.677000
v 1.972000 8.063000 10.177000
v 7.615000 8.063000 10.177000
v 2.146000 8.063000 10.677000
v 7.682000 8.063000 10.677000
v 2.539000 8.063000 11.177000
v 7.670000 8.063000 11.177000
v 3.471000 8.063000 11.677000
v 7.457000 8.063000 11.677000
v 3.926000 8.063000 12.177000
v 7.204000 8.063000 12.177000
v 4.211000 8.063000 12.677000
v 6.972000 8.063000 12.677000
v 4.697000 8.063000 13.177000
v 6.412000 8.063000 13.177000
v 5.866000 12.063000 12.677000
v 6.752000 12.063000 12.677000
v 5.241000 12.063000 13.177000
v 7.429000 12.063000 13.177000
v 4.975000 12.063000 13.677000
v 7.828000 12.063000 13.677000
v 4.688000 12.063000 14.177000
v 8.121000 12.063000 14.177000
v 4.511000 12.063000 14.677000
v 8.512000 12.063000 14.677000
v 4.567000 12.063000 15.177000
v 8.838000 12.063000 15.177000
v 4.768000 12.063000 15.677000
v 8.854000 12.063000 15.677000
v 5.388000 12.063000 16.177000
v 8.565000 12.063000 16.177000
v 2.108000 0.063000 -4.487000
v 2.108000 0.063000 -3.577000
v 2.608000 0.063000 -5.705000
v 2.608000 0.063000 -2.852000
v 3.108000 0.063000 -6.465000
v 3.108000 0.063000 -2.547000
v 3.608000 0.063000 -7.908000
v 3.608000 0.063000 -2.542000
v 4.108000 0.063000 -14.019000
v 4.108000 0.063000 -13.129000
v 4.108000 0.063000 -9.536000
v 4.108000 0.063000 -2.630000
v 4.608000 0.063000 -15.160000
v 4.608000 0.063000 -2.712000
v 5.108000 0.063000 -15.490000
v 5.108000 0.063000 -2.958000
v 5.608000 0.063000 -15.492000
v 5.608000 0.063000 -3.622000
v 6.108000 0.063000 -15.172000
v 6.108000 0.063000 -4.371000
v 6.608000 0.063000 -13.911000
v 6.608000 0.063000 -4.818000
v 7.108000 0.063000 -11.964000
v 7.108000 0.063000 -5.339000
v 7.608000 0.063000 -11.137000
v 7.608000 0.063000 -6.494000
v 1.608000 4.063000 -2.970000
v 1.608000 4.063000 -1.525000
v 2.108000 4.063000 -4.549000
v 2.108000 4.063000 1.570000
v 2.608000 4.063000 -5.171000
v 2.608000 4.063000 2.949000
v 3.108000 4.063000 -5.416000
v 3.108000 4.063000 5.169000
v 3.608000 4.063000 -5.601000
v 3.608000 4.063000 8.089000
v 4.108000 4.063000 -10.514000
v 4.108000 4.063000 -8.853000
v 4.108000 4.063000 -5.728000
v 4.108000 4.063000 8.395000
v 4.608000 4.063000 -11.670000
v 4.608000 4.063000 -6.741000
v 4.608000 4.063000 -5.721000
v 4.608000 4.063000 8.402000
v 5.108000 4.063000 -12.324000
v 5.108000 4.063000 8.306000
v 5.608000 4.063000 -12.613000
v 5.608000 4.063000 -5.932000
v 5.608000 4.063000 -5.240000
v 5.608000 4.063000 7.945000
v 6.108000 4.063000 -12.631000
v 6.108000 4.063000 -5.953000
v 6.108000 4.063000 -3.160000
v 6.108000 4.063000 5.864000
v 6.608000 4.063000 -12.383000
v 6.608000 4.063000 -6.084000
v 6.608000 4.063000 -2.274000
v 6.608000 4.063000 4.350000
v 7.108000 4.063000 -11.801000
v 7.108000 4.063000 -9.683000
v 7.108000 4.063000 -8.980000
v 7.108000 4.063000 -6.420000
v 7.108000 4.063000 -1.994000
v 7.108000 4.063000 3.152000
v 7.608000 4.063000 -8.075000
v 7.608000 4.063000 -7.135000
v 7.608000 4.063000 -1.796000
v 7.608000 4.063000 2.581000
v 8.108000 4.063000 -1.337000
v 8.108000 4.063000 1.985000
v 8.608000 4.063000 -0.624000
v 8.608000 4.063000 1.183000
v 2.108000 8.063000 9.254000
v 2.108000 8.063000 10.599000
v 2.608000 8.063000 8.455000
v 2.608000 8.063000 11.229000
v 3.108000 8.063000 7.772000
v 3.108000 8.063000 11.467000
v 3.608000 8.063000 6.511000
v 3.608000 8.063000 11.786000
v 4.108000 8.063000 1.894000
v 4.108000 8.063000 3.113000
v 4.108000 8.063000 4.082000
v 4.108000 8.063000 12.486000
v 4.608000 8.063000 1.539000
v 4.608000 8.063000 13.122000
v 5.108000 8.063000 1.524000
v 5.108000 8.063000 13.391000
v 5.608000 8.063000 1.825000
v 5.608000 8.063000 13.437000
v 6.108000 8.063000 3.209000
v 6.108000 8.063000 13.335000
v 6.608000 8.063000 3.898000
v 6.608000 8.063000 13.043000
v 7.108000 8.063000 6.198000
v 7.108000 8.063000 12.423000
v 7.608000 8.063000 6.684000
v 7.608000 8.063000 9.459000
v 7.608000 8.063000 10.142000
v 7.608000 8.063000 11.378000
v 8.108000 8.063000 7.219000
v 8.108000 8.063000 8.540000
v 4.608000 12.063000 14.302000
v 4.608000 12.063000 15.325000
v 5.108000 12.063000 13.388000
v 5.108000 12.063000 16.028000
v 5.608000 12.063000 12.879000
v 5.608000 12.063000 16.246000
v 6.108000 12.063000 12.555000
v 6.108000 12.063000 16.357000
v 6.608000 12.063000 12.610000
v 6.608000 12.063000 16.391000
v 7.108000 12.063000 12.890000
v 7.108000 12.063000 16.398000
v 7.608000 12.063000 13.384000
v 7.608000 12.063000 16.402000
v 8.108000 12.063000 14.151000
v 8.108000 12.063000 16.416000
v 8.608000 12.063000 14.780000
v 8.608000 12.063000 16.134000
v 4.108000 -0.060000 -13.323000
v 4.108000 1.199000 -13.323000
v 4.608000 -0.612000 -13.323000
v 4.608000 2.359000 -13.323000
v 5.108000 -0.807000 -13.323000
v 5.108000 2.946000 -13.323000
v 5.608000 -0.814000 -13.323000
v 5.608000 3.208000 -13.323000
v 6.108000 -0.616000 -13.323000
v 6.108000 3.215000 -13.323000
v 6.608000 -0.054000 -13.323000
v 6.608000 2.922000 -13.323000
v 4.108000 -1.643000 -9.323000
v 4.108000 0.217000 -9.323000
v 4.108000 2.595000 -9.323000
v 4.108000 4.566000 -9.323000
v 4.608000 -2.310000 -9.323000
v 4.608000 5.614000 -9.323000
v 5.108000 -2.544000 -9.323000
v 5.108000 6.166000 -9.323000
v 5.608000 -2.544000 -9.323000
v 5.608000 6.160000 -9.323000
v 6.108000 -2.317000 -9.323000
v 6.108000 6.066000 -9.323000
v 6.608000 -1.851000 -9.323000
v 6.608000 5.564000 -9.323000
v 7.108000 -1.068000 -9.323000
v 7.108000 3.959000 -9.323000
v 7.608000 -0.268000 -9.323000
v 7.608000 3.233000 -9.323000
v 8.108000 0.416000 -9.323000
v 8.108000 2.563000 -9.323000
v 2.608000 -0.542000 -5.323000
v 2.608000 3.461000 -5.323000
v 3.108000 -1.154000 -5.323000
v 3.108000 4.203000 -5.323000
v 3.608000 -1.617000 -5.323000
v 3.608000 4.323000 -5.323000
v 4.108000 -1.829000 -5.323000
v 4.108000 4.303000 -5.323000
v 4.608000 -2.148000 -5.323000
v 4.608000 4.287000 -5.323000
v 5.108000 -2.329000 -5.323000
v 5.108000 4.192000 -5.323000
v 5.608000 -2.313000 -5.323000
v 5.608000 4.044000 -5.323000
v 6.108000 -2.124000 -5.323000
v 6.108000 3.938000 -5.323000
v 6.608000 -1.854000 -5.323000
v 6.608000 3.722000 -5.323000
v 7.108000 -0.565000 -5.323000
v 7.108000 -0.275000 -5.323000
v 7.108000 1.954000 -5.323000
v 7.108000 3.120000 -5.323000
v 1.608000 2.564000 -1.323000
v 1.608000 3.664000 -1.323000
v 2.108000 1.920000 -1.323000
v 2.108000 4.694000 -1.323000
v 2.608000 1.692000 -1.323000
v 2.608000 5.855000 -1.323000
v 3.108000 1.653000 -1.323000
v 3.108000 6.747000 -1.323000
v 3.608000 1.680000 -1.323000
v 3.608000 7.284000 -1.323000
v 4.108000 1.644000 -1.323000
v 4.108000 7.471000 -1.323000
v 4.608000 1.616000 -1.323000
v 4.608000 7.462000 -1.323000
v 5.108000 1.700000 -1.323000
v 5.108000 7.255000 -1.323000
v 5.608000 2.063000 -1.323000
v 5.608000 6.942000 -1.323000
v 6.108000 2.629000 -1.323000
v 6.108000 6.733000 -1.323000
v 6.608000 2.866000 -1.323000
v 6.608000 6.503000 -1.323000
v 7.108000 2.937000 -1.323000
v 7.108000 6.280000 -1.323000
v 7.608000 3.150000 -1.323000
v 7.608000 6.216000 -1.323000
v 8.108000 4.031000 -1.323000
v 8.108000 5.954000 -1.323000
v 2.608000 3.565000 2.677000
v 2.608000 4.530000 2.677000
v 3.108000 2.922000 2.677000
v 3.108000 5.280000 2.677000
v 3.608000 2.698000 2.677000
v 3.608000 7.575000 2.677000
v 4.108000 2.648000 2.677000
v 4.108000 8.188000 2.677000
v 4.608000 2.578000 2.677000
v 4.608000 8.402000 2.677000
v 5.108000 2.515000 2.677000
v 5.108000 8.424000 2.677000
v 5.608000 2.393000 2.677000
v 5.608000 8.258000 2.677000
v 6.108000 2.387000 2.677000
v 6.108000 7.753000 2.677000
v 6.608000 2.395000 2.677000
v 6.608000 5.812000 2.677000
v 7.108000 2.612000 2.677000
v 7.108000 5.239000 2.677000
v 3.108000 4.477000 6.677000
v 3.108000 5.757000 6.677000
v 3.608000 3.905000 6.677000
v 3.608000 8.179000 6.677000
v 4.108000 3.674000 6.677000
v 4.108000 9.292000 6.677000
v 4.608000 3.577000 6.677000
v 4.608000 9.854000 6.677000
v 5.108000 3.608000 6.677000
v 5.108000 10.008000 6.677000
v 5.608000 3.846000 6.677000
v 5.608000 9.991000 6.677000
v 6.108000 4.379000 6.677000
v 6.108000 9.948000 6.677000
v 6.608000 5.043000 6.677000
v 6.608000 9.751000 6.677000
v 7.108000 6.554000 6.677000
v 7.108000 9.196000 6.677000
v 2.108000 7.475000 10.677000
v 2.108000 7.743000 10.677000
v 2.108000 8.478000 10.677000
v 2.108000 9.482000 10.677000
v 2.608000 6.617000 10.677000
v 2.608000 10.139000 10.677000
v 3.108000 6.067000 10.677000
v 3.108000 10.393000 10.677000
v 3.608000 5.726000 10.677000
v 3.608000 10.763000 10.677000
v 4.108000 5.364000 10.677000
v 4.108000 11.078000 10.677000
v 4.608000 5.159000 10.677000
v 4.608000 11.364000 10.677000
v 5.108000 5.155000 10.677000
v 5.108000 11.744000 10.677000
v 5.608000 5.207000 10.677000
v 5.608000 11.952000 10.677000
v 6.108000 5.418000 10.677000
v 6.108000 11.960000 10.677000
v 6.608000 5.865000 10.677000
v 6.608000 11.772000 10.677000
v 7.108000 6.348000 10.677000
v 7.108000 11.246000 10.677000
v 7.608000 6.875000 10.677000
v 7.608000 8.217000 10.677000
v 3.608000 9.194000 14.677000
v 3.608000 11.158000 14.677000
v 4.108000 8.869000 14.677000
v 4.108000 11.745000 14.677000
v 4.608000 8.669000 14.677000
v 4.608000 12.163000 14.677000
v 5.108000 8.649000 14.677000
v 5.108000 12.723000 14.677000
v 5.608000 8.686000 14.677000
v 5.608000 13.251000 14.677000
v 6.108000 8.914000 14.677000
v 6.108000 13.735000 14.677000
v 6.608000 9.335000 14.677000
v 6.608000 14.252000 14.677000
v 7.108000 9.859000 14.677000
v 7.108000 14.466000 14.677000
v 7.608000 10.592000 14.677000
v 7.608000 14.479000 14.677000
v 8.108000 11.663000 14.677000
v 8.108000 14.301000 14.677000
v 8.608000 12.141000 14.677000
v 8.608000 13.980000 14.677000
v 5.054000 0.563000 -15.823000
v 5.671000 0.563000 -15.823000
v 4.309000 0.563000 -15.323000
v 6.417000 0.563000 -15.323000
v 4.088000 0.563000 -14.823000
v 6.638000 0.563000 -14.823000
v 4.047000 0.563000 -14.323000
v 6.665000 0.563000 -14.323000
v 3.963000 0.563000 -13.823000
v 6.732000 0.563000 -13.823000
v 3.964000 0.563000 -13.323000
v 6.950000 0.563000 -13.323000
v 4.159000 0.563000 -12.823000
v 7.171000 0.563000 -12.823000
v 4.411000 0.563000 -12.323000
v 7.202000 0.563000 -12.323000
v 4.487000 0.563000 -11.823000
v 7.285000 0.563000 -11.823000
v 4.460000 0.563000 -11.323000
v 7.434000 0.563000 -11.323000
v 4.462000 0.563000 -10.823000
v 7.663000 0.563000 -10.823000
v 4.432000 0.563000 -10.323000
v 7.933000 0.563000 -10.323000
v 4.378000 0.563000 -9.823000
v 8.150000 0.563000 -9.823000
v 4.240000 0.563000 -9.323000
v 8.170000 0.563000 -9.323000
v 4.057000 0.563000 -8.823000
v 8.172000 0.563000 -8.823000
v 3.947000 0.563000 -8.323000
v 8.170000 0.563000 -8.323000
v 3.680000 0.563000 -7.823000
v 7.980000 0.563000 -7.823000
v 3.480000 0.563000 -7.323000
v 7.780000 0.563000 -7.323000
v 3.383000 0.563000 -6.823000
v 7.706000 0.563000 -6.823000
v 3.109000 0.563000 -6.323000
v 7.496000 0.563000 -6.323000
v 2.686000 0.563000 -5.823000
v 7.241000 0.563000 -5.823000
v 2.484000 0.563000 -5.323000
v 7.028000 0.563000 -5.323000
v 2.167000 0.563000 -4.823000
v 6.618000 0.563000 -4.823000
v 1.952000 0.563000 -4.323000
v 6.155000 0.563000 -4.323000
v 1.937000 0.563000 -3.823000
v 5.798000 0.563000 -3.823000
v 2.057000 0.563000 -3.323000
v 5.627000 0.563000 -3.323000
v 2.253000 0.563000 -2.823000
v 5.377000 0.563000 -2.823000
v 2.836000 0.563000 -2.323000
v 4.259000 0.563000 -2.323000
v 5.271000 4.563000 -12.323000
v 6.497000 4.563000 -12.323000
v 4.698000 4.563000 -11.823000
v 7.055000 4.563000 -11.823000
v 4.256000 4.563000 -11.323000
v 7.257000 4.563000 -11.323000
v 4.047000 4.563000 -10.823000
v 7.266000 4.563000 -10.823000
v 3.956000 4.563000 -10.323000
v 7.229000 4.563000 -10.323000
v 3.964000 4.563000 -9.823000
v 7.052000 4.563000 -9.823000
v 4.107000 4.563000 -9.323000
v 6.934000 4.563000 -9.323000
v 4.320000 4.563000 -8.823000
v 6.945000 4.563000 -8.823000
v 4.718000 4.563000 -8.323000
v 7.113000 4.563000 -8.323000
v 5.255000 4.563000 -7.823000
v 7.336000 4.563000 -7.823000
v 5.430000 4.563000 -7.323000
v 7.320000 4.563000 -7.323000
v 5.813000 4.563000 -6.823000
v 6.966000 4.563000 -6.823000
v 2.543000 4.563000 -4.823000
v 5.016000 4.563000 -4.823000
v 2.155000 4.563000 -4.323000
v 5.473000 4.563000 -4.323000
v 1.965000 4.563000 -3.823000
v 5.779000 4.563000 -3.823000
v 1.910000 4.563000 -3.323000
v 6.118000 4.563000 -3.323000
v 1.843000 4.563000 -2.823000
v 6.316000 4.563000 -2.823000
v 1.820000 4.563000 -2.323000
v 6.641000 4.563000 -2.323000
v 1.834000 4.563000 -1.823000
v 7.656000 4.563000 -1.823000
v 2.010000 4.563000 -1.323000
v 8.376000 4.563000 -1.323000
v 2.096000 4.563000 -0.823000
v 8.627000 4.563000 -0.823000
v 2.028000 4.563000 -0.323000
v 8.784000 4.563000 -0.323000
v 2.010000 4.563000 0.177000
v 8.793000 4.563000 0.177000
v 2.067000 4.563000 0.677000
v 8.782000 4.563000 0.677000
v 2.099000 4.563000 1.177000
v 8.711000 4.563000 1.177000
v 2.294000 4.563000 1.677000
v 8.516000 4.563000 1.677000
v 2.538000 4.563000 2.177000
v 7.978000 4.563000 2.177000
v 2.621000 4.563000 2.677000
v 7.431000 4.563000 2.677000
v 2.809000 4.563000 3.177000
v 7.055000 4.563000 3.177000
v 2.907000 4.563000 3.677000
v 6.836000 4.563000 3.677000
v 2.930000 4.563000 4.177000
v 6.761000 4.563000 4.177000
v 2.957000 4.563000 4.677000
v 6.636000 4.563000 4.677000
v 3.019000 4.563000 5.177000
v 6.433000 4.563000 5.177000
v 3.120000 4.563000 5.677000
v 6.261000 4.563000 5.677000
v 3.107000 4.563000 6.177000
v 6.244000 4.563000 6.177000
v 3.071000 4.563000 6.677000
v 6.280000 4.563000 6.677000
v 3.055000 4.563000 7.177000
v 6.288000 4.563000 7.177000
v 3.075000 4.563000 7.677000
v 6.117000 4.563000 7.677000
v 3.296000 4.563000 8.177000
v 5.874000 4.563000 8.177000
v 3.986000 4.563000 8.677000
v 5.192000 4.563000 8.677000
v 4.591000 8.563000 3.677000
v 6.047000 8.563000 3.677000
v 4.253000 8.563000 4.177000
v 6.424000 8.563000 4.177000
v 4.053000 8.563000 4.677000
v 6.622000 8.563000 4.677000
v 3.963000 8.563000 5.177000
v 6.732000 8.563000 5.177000
v 3.958000 8.563000 5.677000
v 6.798000 8.563000 5.677000
v 3.931000 8.563000 6.177000
v 7.024000 8.563000 6.177000
v 3.794000 8.563000 6.677000
v 7.448000 8.563000 6.677000
v 3.592000 8.563000 7.177000
v 7.967000 8.563000 7.177000
v 3.326000 8.563000 7.677000
v 8.158000 8.563000 7.677000
v 3.029000 8.563000 8.177000
v 8.139000 8.563000 8.177000
v 2.628000 8.563000 8.677000
v 7.903000 8.563000 8.677000
v 2.175000 8.563000 9.177000
v 7.593000 8.563000 9.177000
v 1.957000 8.563000 9.677000
v 7.409000 8.563000 9.677000
v 1.940000 8.563000 10.177000
v 7.368000 8.563000 10.177000
v 2.090000 8.563000 10.677000
v 7.412000 8.563000 10.677000
v 2.334000 8.563000 11.177000
v 7.411000 8.563000 11.177000
v 3.018000 8.563000 11.677000
v 7.301000 8.563000 11.677000
v 3.632000 8.563000 12.177000
v 7.231000 8.563000 12.177000
v 3.836000 8.563000 12.677000
v 7.040000 8.563000 12.677000
v 3.911000 8.563000 13.177000
v 6.609000 8.563000 13.177000
v 4.202000 8.563000 13.677000
v 6.114000 8.563000 13.677000
v 5.922000 12.563000 13.177000
v 7.018000 12.563000 13.177000
v 5.520000 12.563000 13.677000
v 7.942000 12.563000 13.677000
v 5.256000 12.563000 14.177000
v 8.476000 12.563000 14.177000
v 4.965000 12.563000 14.677000
v 8.947000 12.563000 14.677000
v 4.940000 12.563000 15.177000
v 9.175000 12.563000 15.177000
v 5.184000 12.563000 15.677000
v 9.187000 12.563000 15.677000
v 5.800000 12.563000 16.177000
v 8.990000 12.563000 16.177000
v 7.023000 12.563000 16.677000
v 8.371000 12.563000 16.677000
v 2.108000 0.563000 -4.730000
v 2.108000 0.563000 -3.132000
v 2.608000 0.563000 -5.669000
v 2.608000 0.563000 -2.452000
v 3.108000 0.563000 -6.322000
v 3.108000 0.563000 -2.238000
v 3.608000 0.563000 -7.692000
v 3.608000 0.563000 -2.234000
v 4.108000 0.563000 -14.907000
v 4.108000 0.563000 -12.911000
v 4.108000 0.563000 -9.020000
v 4.108000 0.563000 -2.302000
v 4.608000 0.563000 -15.620000
v 4.608000 0.563000 -2.354000
v 5.108000 0.563000 -15.835000
v 5.108000 0.563000 -2.568000
v 5.608000 0.563000 -15.837000
v 5.608000 0.563000 -3.269000
v 6.108000 0.563000 -15.626000
v 6.108000 0.563000 -4.277000
v 6.608000 0.563000 -14.940000
v 6.608000 0.563000 -4.810000
v 7.108000 0.563000 -13.029000
v 7.108000 0.563000 -5.478000
v 7.608000 0.563000 -10.931000
v 7.608000 0.563000 -6.524000
v 8.108000 0.563000 -9.972000
v 8.108000 0.563000 -8.095000
v 2.108000 4.563000 -4.235000
v 2.108000 4.563000 1.224000
v 2.608000 4.563000 -4.877000
v 2.608000 4.563000 2.615000
v 3.108000 4.563000 -5.109000
v 3.108000 4.563000 5.580000
v 3.108000 4.563000 6.170000
v 3.108000 4.563000 7.802000
v 3.608000 4.563000 -5.160000
v 3.608000 4.563000 8.485000
v 4.108000 4.563000 -11.041000
v 4.108000 4.563000 -9.320000
v 4.108000 4.563000 -5.097000
v 4.108000 4.563000 8.716000
v 4.608000 4.563000 -11.721000
v 4.608000 4.563000 -8.447000
v 4.608000 4.563000 -5.000000
v 4.608000 4.563000 8.756000
v 5.108000 4.563000 -12.226000
v 5.108000 4.563000 -7.982000
v 5.108000 4.563000 -4.755000
v 5.108000 4.563000 8.699000
v 5.608000 4.563000 -12.445000
v 5.608000 4.563000 -7.031000
v 5.608000 4.563000 -4.060000
v 5.608000 4.563000 8.446000
v 6.108000 4.563000 -12.456000
v 6.108000 4.563000 -6.675000
v 6.108000 4.563000 -3.342000
v 6.108000 4.563000 7.700000
v 6.608000 4.563000 -12.260000
v 6.608000 4.563000 -6.660000
v 6.608000 4.563000 -2.359000
v 6.608000 4.563000 4.787000
v 7.108000 4.563000 -11.736000
v 7.108000 4.563000 -9.967000
v 7.108000 4.563000 -8.333000
v 7.108000 4.563000 -6.952000
v 7.108000 4.563000 -1.993000
v 7.108000 4.563000 3.100000
v 7.608000 4.563000 -1.839000
v 7.608000 4.563000 2.477000
v 8.108000 4.563000 -1.592000
v 8.108000 4.563000 2.094000
v 8.608000 4.563000 -0.871000
v 8.608000 4.563000 1.506000
v 2.108000 8.563000 9.283000
v 2.108000 8.563000 10.725000
v 2.608000 8.563000 8.701000
v 2.608000 8.563000 11.451000
v 3.108000 8.563000 8.064000
v 3.108000 8.563000 11.725000
v 3.608000 8.563000 7.126000
v 3.608000 8.563000 12.143000
v 4.108000 8.563000 4.472000
v 4.108000 8.563000 13.564000
v 4.608000 8.563000 3.656000
v 4.608000 8.563000 13.960000
v 5.108000 8.563000 3.329000
v 5.108000 8.563000 14.159000
v 5.608000 8.563000 3.439000
v 5.608000 8.563000 14.010000
v 6.108000 8.563000 3.735000
v 6.108000 8.563000 13.682000
v 6.608000 8.563000 4.625000
v 6.608000 8.563000 13.178000
v 7.108000 8.563000 6.292000
v 7.108000 8.563000 12.554000
v 7.608000 8.563000 6.806000
v 7.608000 8.563000 9.146000
v 8.108000 8.563000 7.471000
v 8.108000 8.563000 8.288000
v 5.108000 12.563000 14.377000
v 5.108000 12.563000 15.570000
v 5.608000 12.563000 13.492000
v 5.608000 12.563000 16.072000
v 6.108000 12.563000 13.090000
v 6.108000 12.563000 16.305000
v 6.608000 12.563000 13.061000
v 6.608000 12.563000 16.516000
v 7.108000 12.563000 13.211000
v 7.108000 12.563000 16.695000
v 7.608000 12.563000 13.460000
v 7.608000 12.563000 16.735000
v 8.108000 12.563000 13.800000
v 8.108000 12.563000 16.748000
v 8.608000 12.563000 14.333000
v 8.608000 12.563000 16.555000
v 9.108000 12.563000 14.962000
v 9.108000 12.563000 15.952000
v 4.608000 -0.511000 -12.823000
v 4.608000 2.642000 -12.823000
v 5.108000 -0.800000 -12.823000
v 5.108000 3.467000 -12.823000
v 5.608000 -0.883000 -12.823000
v 5.608000 3.771000 -12.823000
v 6.108000 -0.728000 -12.823000
v 6.108000 3.795000 -12.823000
v 6.608000 -0.146000 -12.823000
v 6.608000 3.541000 -12.823000
v 7.108000 0.433000 -12.823000
v 7.108000 2.631000 -12.823000
v 4.108000 -1.544000 -8.823000
v 4.108000 0.732000 -8.823000
v 4.108000 1.886000 -8.823000
v 4.108000 4.046000 -8.823000
v 4.608000 -2.128000 -8.823000
v 4.608000 4.948000 -8.823000
v 5.108000 -2.354000 -8.823000
v 5.108000 5.240000 -8.823000
v 5.608000 -2.366000 -8.823000
v 5.608000 5.271000 -8.823000
v 6.108000 -2.171000 -8.823000
v 6.108000 5.208000 -8.823000
v 6.608000 -1.681000 -8.823000
v 6.608000 4.977000 -8.823000
v 7.108000 -1.030000 -8.823000
v 7.108000 4.196000 -8.823000
v 7.608000 -0.166000 -8.823000
v 7.608000 3.354000 -8.823000
v 8.108000 0.413000 -8.823000
v 8.108000 2.554000 -8.823000
v 2.608000 -0.588000 -4.823000
v 2.608000 4.692000 -4.823000
v 3.108000 -1.115000 -4.823000
v 3.108000 5.668000 -4.823000
v 3.608000 -1.403000 -4.823000
v 3.608000 5.690000 -4.823000
v 4.108000 -1.629000 -4.823000
v 4.108000 5.122000 -4.823000
v 4.608000 -1.899000 -4.823000
v 4.608000 4.765000 -4.823000
v 5.108000 -2.118000 -4.823000
v 5.108000 4.490000 -4.823000
v 5.608000 -2.099000 -4.823000
v 5.608000 4.171000 -4.823000
v 6.108000 -1.824000 -4.823000
v 6.108000 3.850000 -4.823000
v 6.608000 -0.654000 -4.823000
v 6.608000 0.784000 -4.823000
v 6.608000 1.192000 -4.823000
v 6.608000 3.487000 -4.823000
v 2.108000 2.147000 -0.823000
v 2.108000 4.588000 -0.823000
v 2.608000 1.885000 -0.823000
v 2.608000 5.754000 -0.823000
v 3.108000 1.865000 -0.823000
v 3.108000 6.443000 -0.823000
v 3.608000 1.857000 -0.823000
v 3.608000 7.079000 -0.823000
v 4.108000 1.747000 -0.823000
v 4.108000 7.299000 -0.823000
v 4.608000 1.649000 -0.823000
v 4.608000 7.293000 -0.823000
v 5.108000 1.668000 -0.823000
v 5.108000 7.173000 -0.823000
v 5.608000 1.880000 -0.823000
v 5.608000 7.052000 -0.823000
v 6.108000 2.248000 -0.823000
v 6.108000 6.942000 -0.823000
v 6.608000 2.453000 -0.823000
v 6.608000 6.825000 -0.823000
v 7.108000 2.680000 -0.823000
v 7.108000 6.697000 -0.823000
v 7.608000 2.923000 -0.823000
v 7.608000 6.492000 -0.823000
v 8.108000 3.432000 -0.823000
v 8.108000 6.216000 -0.823000
v 8.608000 4.477000 -0.823000
v 8.608000 5.592000 -0.823000
v 3.108000 3.191000 3.177000
v 3.108000 5.181000 3.177000
v 3.608000 2.866000 3.177000
v 3.608000 6.830000 3.177000
v 4.108000 2.731000 3.177000
v 4.108000 8.044000 3.177000
v 4.608000 2.660000 3.177000
v 4.608000 8.403000 3.177000
v 5.108000 2.652000 3.177000
v 5.108000 8.503000 3.177000
v 5.608000 2.623000 3.177000
v 5.608000 8.410000 3.177000
v 6.108000 2.695000 3.177000
v 6.108000 8.034000 3.177000
v 6.608000 2.864000 3.177000
v 6.608000 5.823000 3.177000
v 3.108000 4.436000 7.177000
v 3.108000 6.440000 7.177000
v 3.608000 3.862000 7.177000
v 3.608000 8.599000 7.177000
v 4.108000 3.657000 7.177000
v 4.108000 9.755000 7.177000
v 4.608000 3.641000 7.177000
v 4.608000 10.217000 7.177000
v 5.108000 3.694000 7.177000
v 5.108000 10.278000 7.177000
v 5.608000 3.914000 7.177000
v 5.608000 10.252000 7.177000
v 6.108000 4.407000 7.177000
v 6.108000 10.110000 7.177000
v 6.608000 5.007000 7.177000
v 6.608000 9.794000 7.177000
v 7.108000 6.473000 7.177000
v 7.108000 9.378000 7.177000
v 7.608000 7.069000 7.177000
v 7.608000 9.006000 7.177000
v 2.608000 7.459000 11.177000
v 2.608000 9.867000 11.177000
v 3.108000 6.739000 11.177000
v 3.108000 10.339000 11.177000
v 3.608000 5.929000 11.177000
v 3.608000 10.748000 11.177000
v 4.108000 5.374000 11.177000
v 4.108000 10.981000 11.177000
v 4.608000 5.168000 11.177000
v 4.608000 11.292000 11.177000
v 5.108000 5.161000 11.177000
v 5.108000 11.685000 11.177000
v 5.608000 5.211000 11.177000
v 5.608000 11.902000 11.177000
v 6.108000 5.431000 11.177000
v 6.108000 11.915000 11.177000
v 6.608000 5.877000 11.177000
v 6.608000 11.731000 11.177000
v 7.108000 6.355000 11.177000
v 7.108000 11.198000 11.177000
v 7.608000 6.898000 11.177000
v 7.608000 8.194000 11.177000
v 4.108000 9.121000 15.177000
v 4.108000 11.490000 15.177000
v 4.608000 8.836000 15.177000
v 4.608000 12.135000 15.177000
v 5.108000 8.682000 15.177000
v 5.108000 12.751000 15.177000
v 5.608000 8.700000 15.177000
v 5.608000 13.268000 15.177000
v 6.108000 8.922000 15.177000
v 6.108000 13.756000 15.177000
v 6.608000 9.346000 15.177000
v 6.608000 14.248000 15.177000
v 7.108000 9.895000 15.177000
v 7.108000 14.454000 15.177000
v 7.608000 11.064000 15.177000
v 7.608000 14.469000 15.177000
v 8.108000 11.583000 15.177000
v 8.108000 14.416000 15.177000
v 8.608000 11.888000 15.177000
v 8.608000 14.233000 15.177000
v 9.108000 12.417000 15.177000
v 9.108000 13.704000 15.177000
f 787 3323 3531
f 3531 3323 207
f 207 3323 1
f 207 1 693
f 693 1 467
f 467 788 693
f 3533 789 3531
f 3531 789 787
f 3531 209 3533
f 3531 207 209
f 207 695 209
f 207 693 695
f 693 788 695
f 695 788 790
f 3533 3324 789
f 3324 3533 2
f 2 3533 209
f 2 209 468
f 468 209 695
f 695 790 468
f 791 1897 2105
f 2105 1897 307
f 1897 2373 307
f 1897 2375 2373
f 2375 2847 2373
f 2849 2847 2375
f 2849 3337 2847
f 3339 3337 2849
f 3339 15 3337
f 17 15 3339
f 17 481 15
f 483 481 17
f 483 975 481
f 977 975 483
f 977 1461 975
f 1463 1461 977
f 1463 1935 1461
f 1937 1935 1463
f 308 1935 2603
f 1935 2415 2603
f 1935 1937 2415
f 2415 792 2603
f 793 1423 1637
f 791 2105 1423
f 1423 2105 1637
f 2105 1895 1637
f 1895 309 1637
f 2105 307 1895
f 2603 2413 308
f 2413 2603 792
f 2889 2413 792
f 2887 2413 2889
f 310 2887 3563
f 2887 3381 3563
f 2887 2889 3381
f 3563 3381 239
f 239 3381 59
f 239 59 725
f 725 59 527
f 725 527 1219
f 1219 527 1029
f 1029 794 1219
f 1639 795 1637
f 1637 795 793
f 1637 309 311
f 1637 311 1639
f 3563 3379 310
f 239 57 3379
f 239 3379 3563
f 725 525 57
f 725 57 239
f 1223 312 525
f 725 1223 525
f 1219 1223 725
f 1219 794 1223
f 1223 794 796
f 1641 797 1639
f 1639 797 795
f 1639 311 313
f 1639 313 1641
f 1227 314 312
f 1227 312 1223
f 1223 796 1227
f 1227 796 798
f 1641 1424 797
f 2113 799 1896
f 1896 799 313
f 799 1424 313
f 1424 1641 313
f 315 2113 1896
f 3380 3575 316
f 58 251 3575
f 58 3575 3380
f 526 739 251
f 526 251 58
f 1227 1030 314
f 314 1030 526
f 1030 800 526
f 800 739 526
f 1227 798 1030
f 2113 1898 799
f 315 2374 2113
f 2374 1898 2113
f 2374 2376 1898
f 2848 3057 801
f 2376 2848 801
f 2374 2848 2376
f 317 3057 2848
f 2414 2617 318
f 2890 802 2617
f 2414 2890 2617
f 2888 2890 2414
f 3575 3382 316
f 3382 2888 316
f 3382 2890 2888
f 3382 3575 60
f 60 3575 251
f 60 251 528
f 528 251 739
f 739 800 528
f 3057 2850 801
f 317 3338 3057
f 3338 2850 3057
f 3338 3340 2850
f 16 3340 3338
f 16 18 3340
f 482 18 16
f 482 484 18
f 976 484 482
f 976 978 484
f 1462 978 976
f 1462 1464 978
f 1936 1464 1462
f 1936 1938 1464
f 2617 2416 318
f 2416 1936 318
f 2416 1938 1936
f 2617 802 2416
f 803 2391 2571
f 2571 2391 3041
f 3041 2391 2865
f 2865 804 3041
f 805 1439 319
f 319 1439 1437
f 1439 1911 1437
f 1913 1911 1439
f 1913 803 2571
f 2389 1913 2571
f 1911 1913 2389
f 3041 2863 2389
f 3041 2389 2571
f 2863 3041 804
f 3355 2863 804
f 3353 2863 3355
f 3355 31 3353
f 33 31 3355
f 33 497 31
f 499 497 33
f 499 991 497
f 993 991 499
f 993 1477 991
f 1479 1477 993
f 1479 1951 1477
f 1953 1951 1479
f 1953 2429 1951
f 2431 2429 1953
f 2431 806 2429
f 2429 806 320
f 807 949 321
f 321 949 947
f 319 947 949
f 319 949 805
f 2903 320 806
f 2903 806 2905
f 2905 808 2903
f 2903 808 322
f 809 321 323
f 809 807 321
f 810 3564 3395
f 322 810 3395
f 808 810 322
f 3564 324 3395
f 811 323 325
f 811 809 323
f 3397 3564 810
f 3397 812 3564
f 812 324 3564
f 812 326 324
f 813 325 327
f 813 811 325
f 326 814 328
f 812 814 326
f 327 948 813
f 813 948 950
f 815 950 948
f 815 948 329
f 328 816 330
f 814 816 328
f 329 1438 815
f 815 1438 1440
f 817 1440 1438
f 817 1438 331
f 330 818 332
f 816 818 330
f 331 1912 817
f 817 1912 1914
f 2390 1914 1912
f 2390 2392 1914
f 819 2392 2390
f 819 2390 333
f 2904 3099 334
f 3398 820 3099
f 2904 3398 3099
f 3396 3398 2904
f 3396 332 3398
f 3398 332 818
f 333 2864 819
f 819 2864 2866
f 2864 335 3544
f 3356 2864 3544
f 2866 2864 3356
f 3356 3544 220
f 3356 220 34
f 34 220 706
f 34 706 500
f 500 706 336
f 992 500 336
f 994 500 992
f 1478 994 992
f 1478 1480 994
f 1952 1480 1478
f 1952 1954 1480
f 2430 1954 1952
f 2430 2432 1954
f 3099 2906 334
f 2906 2430 334
f 2906 2432 2430
f 3099 820 2906
f 3354 3544 335
f 32 220 3354
f 3354 220 3544
f 498 706 32
f 32 706 220
f 336 706 498
f 821 2881 337
f 337 2881 2879
f 2881 3369 2879
f 3371 3369 2881
f 3371 47 3369
f 49 47 3371
f 49 513 47
f 515 513 49
f 515 1007 513
f 1009 1007 515
f 1009 1493 1007
f 1495 1493 1009
f 1495 1967 1493
f 1969 1967 1495
f 1969 2445 1967
f 2447 2445 1969
f 2447 2919 2445
f 2921 2919 2447
f 338 2919 3545
f 2919 3407 3545
f 2919 2921 3407
f 3545 3407 221
f 221 3407 77
f 221 77 707
f 707 77 543
f 543 822 707
f 823 2407 339
f 339 2407 2405
f 337 2405 2407
f 337 2407 821
f 3545 3405 338
f 221 75 3405
f 221 3405 3545
f 707 541 75
f 707 75 221
f 822 1043 1203
f 822 1203 340
f 707 822 340
f 541 707 340
f 1043 824 1203
f 825 339 341
f 825 823 339
f 1203 1041 340
f 1203 824 1041
f 824 342 1041
f 824 826 342
f 2102 1927 343
f 341 1927 2102
f 827 341 2102
f 825 341 827
f 342 828 344
f 826 828 342
f 2102 343 1929
f 343 829 1929
f 343 345 829
f 827 2102 1929
f 1042 1213 346
f 1042 344 1213
f 344 830 1213
f 344 828 830
f 1636 1453 347
f 345 1453 1636
f 831 345 1636
f 829 345 831
f 542 723 348
f 1213 1044 346
f 346 1044 542
f 1044 832 542
f 832 723 542
f 1213 830 1044
f 349 1638 347
f 347 1638 1636
f 2108 1930 831
f 1636 2108 831
f 1638 2108 1636
f 833 1930 2108
f 76 241 350
f 723 544 348
f 348 544 76
f 544 834 76
f 834 241 76
f 723 832 544
f 351 1640 349
f 349 1640 1638
f 2110 1638 1640
f 2108 1638 2110
f 2580 2408 833
f 2108 2580 833
f 2110 2580 2108
f 835 2408 2580
f 3406 3569 352
f 241 78 350
f 350 78 3406
f 78 836 3406
f 836 3569 3406
f 241 834 78
f 1454 1640 351
f 1928 2110 1454
f 1454 2110 1640
f 2406 2580 1928
f 1928 2580 2110
f 2580 2406 835
f 2406 2882 835
f 2406 2880 2882
f 2880 353 3536
f 3372 2880 3536
f 2882 2880 3372
f 3372 3536 212
f 3372 212 50
f 50 212 698
f 50 698 516
f 516 698 1194
f 516 1194 1010
f 1010 1194 1670
f 1010 1670 1496
f 1496 1670 2136
f 1496 2136 1970
f 1970 2136 2610
f 1970 2610 2448
f 2448 2610 354
f 2920 2448 354
f 2922 2448 2920
f 3569 3408 352
f 3408 2920 352
f 3408 2922 2920
f 3569 836 3408
f 3370 3536 353
f 48 212 3370
f 3370 212 3536
f 514 698 48
f 48 698 212
f 1008 1194 514
f 514 1194 698
f 1494 1670 1008
f 1008 1670 1194
f 1968 2136 1494
f 1494 2136 1670
f 2446 2610 1968
f 1968 2610 2136
f 354 2610 2446
f 837 1985 355
f 355 1985 1983
f 1985 2461 1983
f 2463 2461 1985
f 2463 2935 2461
f 2937 2935 2463
f 2937 3421 2935
f 3423 3421 2937
f 3423 838 3421
f 3421 838 356
f 839 1511 357
f 357 1511 1509
f 355 1509 1511
f 355 1511 837
f 91 356 838
f 91 838 93
f 93 557 91
f 559 557 93
f 559 840 557
f 557 840 358
f 841 357 359
f 841 839 357
f 1057 358 840
f 1057 840 1059
f 1059 842 1057
f 1057 842 360
f 843 359 361
f 843 841 359
f 1541 360 842
f 1541 842 1543
f 1543 844 1541
f 1541 844 362
f 845 1025 363
f 363 1025 1023
f 361 1023 1025
f 361 1025 843
f 2011 362 844
f 2011 844 2013
f 2013 846 2011
f 2011 846 364
f 847 363 365
f 847 845 363
f 364 848 366
f 846 848 364
f 849 365 367
f 849 847 365
f 366 850 368
f 848 850 366
f 851 367 369
f 851 849 367
f 368 852 370
f 850 852 368
f 369 1024 851
f 851 1024 1026
f 853 1026 1024
f 853 1024 371
f 370 854 372
f 852 854 370
f 855 371 373
f 855 853 371
f 372 856 374
f 854 856 372
f 857 373 375
f 857 855 373
f 2012 2177 376
f 2012 374 2177
f 374 858 2177
f 374 856 858
f 375 1510 857
f 857 1510 1512
f 859 1512 1510
f 859 1510 377
f 376 2177 2014
f 860 376 2014
f 378 376 860
f 2177 858 2014
f 377 1984 859
f 859 1984 1986
f 861 1986 1984
f 861 1984 379
f 1544 862 380
f 1544 380 1542
f 1542 378 1544
f 1544 378 860
f 379 2462 861
f 861 2462 2464
f 863 2464 2462
f 863 2462 381
f 1060 864 382
f 1060 382 1058
f 1058 380 1060
f 1060 380 862
f 381 2936 863
f 863 2936 2938
f 3422 2938 2936
f 3422 3424 2938
f 92 3424 3422
f 92 94 3424
f 558 94 92
f 558 560 94
f 558 382 560
f 560 382 864
f 865 2953 383
f 383 2953 2951
f 2953 3437 2951
f 3439 3437 2953
f 3439 107 3437
f 109 107 3439
f 109 866 107
f 107 866 384
f 2126 1999 385
f 867 2479 2126
f 2479 1999 2126
f 2479 2477 1999
f 383 2477 2479
f 383 2479 865
f 573 384 866
f 573 866 575
f 575 1073 573
f 1075 1073 575
f 1075 1557 1073
f 1559 1557 1075
f 1559 868 1557
f 1557 868 386
f 2126 385 2001
f 385 869 2001
f 385 387 869
f 867 2126 2001
f 2027 386 868
f 2027 868 2029
f 2029 2499 2027
f 2501 2499 2029
f 388 2499 3117
f 2499 2981 3117
f 2499 2501 2981
f 2981 870 3117
f 871 387 389
f 871 869 387
f 3117 2979 388
f 2979 3117 870
f 3461 2979 870
f 3459 2979 3461
f 3461 872 3459
f 3459 872 390
f 873 389 391
f 873 871 389
f 872 131 279
f 392 872 279
f 390 872 392
f 131 874 279
f 875 391 393
f 875 873 391
f 281 394 392
f 281 392 279
f 279 874 281
f 281 874 876
f 2002 875 2138
f 875 395 2138
f 875 393 395
f 877 2002 2138
f 3460 3607 396
f 281 132 394
f 394 132 3460
f 132 878 3460
f 878 3607 3460
f 281 876 132
f 2000 2138 395
f 2480 877 2616
f 2616 877 397
f 877 2138 397
f 2138 2000 397
f 879 2480 2616
f 1558 1717 398
f 2028 2175 1717
f 2028 1717 1558
f 2500 2647 2175
f 2500 2175 2028
f 2980 3127 2647
f 2980 2647 2500
f 3607 3462 396
f 396 3462 2980
f 3462 880 2980
f 880 3127 2980
f 3607 878 3462
f 2478 2616 397
f 2616 2478 879
f 2478 2954 879
f 2478 2952 2954
f 3438 2954 2952
f 3438 3440 2954
f 108 3440 3438
f 108 110 3440
f 574 110 108
f 574 576 110
f 1074 576 574
f 1074 1076 576
f 1717 1560 398
f 1560 1074 398
f 1560 1076 1074
f 1560 1717 2030
f 2030 1717 2175
f 2030 2175 2502
f 2502 2175 2647
f 2502 2647 2982
f 2982 2647 3127
f 3127 880 2982
f 3552 3453 399
f 228 123 3552
f 3552 123 3453
f 881 591 228
f 591 123 228
f 591 589 123
f 591 1089 589
f 1091 1089 591
f 1091 1573 1089
f 1575 1573 1091
f 1575 2043 1573
f 2045 2043 1575
f 2045 2515 2043
f 2517 2515 2045
f 400 2515 3111
f 2515 2997 3111
f 2515 2517 2997
f 3111 2997 3595
f 3595 2997 3477
f 3477 882 3595
f 3070 2967 401
f 3455 3552 399
f 3455 399 2967
f 883 3455 2967
f 3070 883 2967
f 3552 3455 125
f 3552 125 228
f 881 228 125
f 3111 2995 400
f 3595 3475 2995
f 3595 2995 3111
f 3475 3595 882
f 147 3475 882
f 145 3475 147
f 402 145 757
f 145 623 757
f 145 147 623
f 757 623 1253
f 1253 623 1115
f 1115 884 1253
f 3070 401 2969
f 401 885 2969
f 401 403 885
f 883 3070 2969
f 757 621 402
f 1253 1113 621
f 1253 621 757
f 884 1597 1729
f 884 1729 404
f 1253 884 404
f 1113 1253 404
f 1597 886 1729
f 887 403 405
f 887 885 403
f 1729 1595 404
f 886 2065 2191
f 886 2191 406
f 1729 886 406
f 1595 1729 406
f 2065 888 2191
f 889 405 407
f 889 887 405
f 2193 408 406
f 2193 406 2191
f 2191 888 2193
f 2193 888 890
f 2970 889 3084
f 889 409 3084
f 889 407 409
f 891 2970 3084
f 2195 410 408
f 2195 408 2193
f 2193 890 2195
f 2195 890 892
f 2968 3084 409
f 3456 891 3574
f 3574 891 411
f 891 3084 411
f 3084 2968 411
f 3456 3574 250
f 3456 250 126
f 893 126 250
f 1596 1737 412
f 2195 2066 410
f 410 2066 1596
f 2066 894 1596
f 894 1737 1596
f 2195 892 2066
f 3454 3574 411
f 124 250 3454
f 3454 250 3574
f 250 124 893
f 124 592 893
f 124 590 592
f 590 413 1236
f 1092 590 1236
f 592 590 1092
f 895 1092 1236
f 1114 1265 414
f 1737 1598 412
f 412 1598 1114
f 1598 896 1114
f 896 1265 1114
f 1737 894 1598
f 1090 1236 413
f 1576 895 1722
f 1722 895 415
f 895 1236 415
f 1236 1090 415
f 897 1576 1722
f 622 771 416
f 1265 1116 414
f 414 1116 622
f 1116 898 622
f 898 771 622
f 1265 896 1116
f 1574 1722 415
f 897 1722 1574
f 417 897 1574
f 899 897 417
f 416 771 624
f 900 416 624
f 418 416 900
f 771 898 624
f 417 2044 899
f 899 2044 2046
f 901 2046 2044
f 901 2044 419
f 148 902 420
f 148 420 146
f 146 418 148
f 148 418 900
f 419 2516 901
f 901 2516 2518
f 2996 2518 2516
f 2996 2998 2518
f 3476 2998 2996
f 3476 3478 2998
f 3476 420 3478
f 3478 420 902
f 3596 3491 421
f 272 161 3596
f 3596 161 3491
f 756 637 272
f 272 637 161
f 1250 1129 756
f 756 1129 637
f 1250 422 1129
f 2162 2059 423
f 2636 2531 2162
f 2162 2531 2059
f 3114 3011 2636
f 2636 3011 2531
f 3011 3114 421
f 3114 3596 421
f 3114 3598 3596
f 3598 903 163
f 272 3598 163
f 3596 3598 272
f 272 163 639
f 272 639 756
f 756 639 1131
f 756 1131 1250
f 1611 422 1250
f 1131 1611 1250
f 1613 1611 1131
f 1613 904 1611
f 1611 904 424
f 1214 1105 425
f 1696 1589 1214
f 1214 1589 1105
f 1589 1696 423
f 1696 2162 423
f 1696 2164 2162
f 2164 905 2533
f 2636 2164 2533
f 2162 2164 2636
f 2636 2533 3013
f 2636 3013 3114
f 3114 3013 3493
f 3114 3493 3598
f 903 3598 3493
f 904 2081 2189
f 426 904 2189
f 424 904 426
f 2081 906 2189
f 724 605 427
f 1107 1214 425
f 1107 425 605
f 907 1107 605
f 724 907 605
f 1214 1107 1591
f 1214 1591 1696
f 1696 1591 2061
f 1696 2061 2164
f 905 2164 2061
f 2189 2079 426
f 2189 906 2079
f 906 428 2079
f 906 908 428
f 724 427 607
f 427 909 607
f 427 429 909
f 907 724 607
f 428 910 430
f 908 910 428
f 911 429 431
f 911 909 429
f 2547 430 910
f 2547 910 2549
f 2549 912 2547
f 2547 912 432
f 608 911 738
f 911 433 738
f 911 431 433
f 913 608 738
f 432 914 434
f 912 914 432
f 606 738 433
f 1108 913 1238
f 1238 913 435
f 913 738 435
f 738 606 435
f 915 1108 1238
f 434 916 436
f 914 916 434
f 1106 1238 435
f 1592 915 1724
f 1724 915 437
f 915 1238 437
f 1238 1106 437
f 1592 1724 2180
f 1592 2180 2062
f 917 2062 2180
f 2082 918 438
f 2082 438 2080
f 2548 2082 2080
f 2548 2550 2082
f 2548 436 2550
f 2550 436 916
f 1590 1724 437
f 2060 2180 1590
f 1590 2180 1724
f 2180 2060 917
f 2060 2534 917
f 2060 2532 2534
f 3012 2534 2532
f 3012 3014 2534
f 3492 3014 3012
f 3492 3494 3014
f 162 3494 3492
f 162 164 3494
f 638 164 162
f 638 640 164
f 1130 640 638
f 1130 1132 640
f 1612 1132 1130
f 1612 1614 1132
f 1612 438 1614
f 1614 438 918
f 762 653 439
f 1258 1145 762
f 762 1145 653
f 1732 1627 1258
f 1258 1627 1145
f 2192 2095 1732
f 1732 2095 1627
f 2658 2563 2192
f 2192 2563 2095
f 2658 440 2563
f 280 177 441
f 655 762 439
f 655 439 177
f 919 655 177
f 280 919 177
f 762 655 1147
f 762 1147 1258
f 1258 1147 1629
f 1258 1629 1732
f 1732 1629 2097
f 1732 2097 2192
f 2192 2097 920
f 2662 2192 920
f 2658 2192 2662
f 440 2658 3031
f 2658 3140 3031
f 2658 2662 3140
f 3140 442 3031
f 443 282 441
f 441 282 280
f 919 280 282
f 919 282 921
f 2565 2662 920
f 2662 2565 3033
f 2662 3033 3140
f 922 3620 3511
f 922 3511 442
f 3033 922 442
f 3140 3033 442
f 3620 444 3511
f 178 282 443
f 656 921 768
f 768 921 445
f 921 282 445
f 282 178 445
f 923 656 768
f 3513 3620 922
f 924 294 187
f 924 187 444
f 3513 924 444
f 3620 3513 444
f 774 665 294
f 294 665 187
f 774 446 665
f 654 768 445
f 1148 923 1266
f 1266 923 447
f 923 768 447
f 768 654 447
f 1148 1266 1740
f 1148 1740 1630
f 1630 1740 2200
f 1630 2200 2098
f 925 2098 2200
f 189 294 924
f 294 189 667
f 294 667 774
f 926 1270 1155
f 926 1155 446
f 667 926 446
f 774 667 446
f 1270 448 1155
f 1146 1266 447
f 1628 1740 1146
f 1146 1740 1266
f 449 2204 1628
f 2204 1740 1628
f 2204 2200 1740
f 2670 2566 925
f 2200 2670 925
f 2204 2670 2200
f 927 2566 2670
f 1157 1270 926
f 1157 928 1270
f 928 448 1270
f 928 450 448
f 2096 2204 449
f 451 2672 2096
f 2672 2204 2096
f 2672 2670 2204
f 927 2670 2672
f 927 2672 929
f 450 930 452
f 928 930 450
f 2564 2672 451
f 929 2672 2564
f 453 929 2564
f 931 929 453
f 452 932 454
f 930 932 452
f 3034 931 3154
f 931 455 3154
f 931 453 455
f 933 3034 3154
f 1158 934 1278
f 1278 456 1158
f 456 932 1158
f 456 454 932
f 3032 3154 455
f 3514 933 3634
f 3634 933 457
f 933 3154 457
f 3154 3032 457
f 3514 3634 306
f 3514 306 190
f 190 306 786
f 190 786 668
f 1278 934 668
f 1278 668 786
f 1156 1278 786
f 458 1156 786
f 456 1278 1156
f 3512 3634 457
f 188 306 3512
f 3512 306 3634
f 666 786 188
f 188 786 306
f 458 786 666
f 1279 3325 3529
f 3529 3325 205
f 205 3325 3
f 205 3 691
f 691 3 469
f 469 1280 691
f 1281 2835 3049
f 1279 3529 2835
f 2835 3529 3049
f 3529 3323 3049
f 3323 787 3049
f 205 1 3323
f 205 3323 3529
f 691 467 1
f 691 1 205
f 1280 963 1187
f 1280 1187 788
f 691 1280 788
f 467 691 788
f 963 1282 1187
f 3051 1283 3049
f 3049 1283 1281
f 3049 787 789
f 3049 789 3051
f 1189 790 788
f 1189 788 1187
f 1187 1282 1189
f 1189 1282 1284
f 3051 2836 1283
f 3535 1285 3324
f 3324 1285 789
f 1285 2836 789
f 2836 3051 789
f 2 211 3535
f 2 3535 3324
f 468 697 211
f 468 211 2
f 1189 964 790
f 790 964 468
f 964 1286 468
f 1286 697 468
f 1189 1284 964
f 3535 3326 1285
f 3326 3535 4
f 4 3535 211
f 4 211 470
f 470 211 697
f 697 1286 470
f 1287 1425 1635
f 1635 1425 791
f 1425 1897 791
f 1425 1899 1897
f 1899 2375 1897
f 2377 2375 1899
f 2377 2849 2375
f 2851 2849 2377
f 2851 3339 2849
f 3341 3339 2851
f 3341 17 3339
f 19 17 3341
f 19 483 17
f 485 483 19
f 485 977 483
f 979 977 485
f 979 1463 977
f 1465 1463 979
f 1465 1937 1463
f 1939 1937 1465
f 1939 2415 1937
f 2417 2415 1939
f 792 2415 3075
f 2415 2891 3075
f 2415 2417 2891
f 3075 2891 3559
f 3559 2891 3383
f 3559 3383 235
f 235 3383 61
f 235 61 721
f 721 61 529
f 721 529 1215
f 1215 529 1031
f 1031 1288 1215
f 1289 935 1163
f 1287 1635 935
f 935 1635 1163
f 1635 1423 1163
f 1423 793 1163
f 1635 791 1423
f 3075 2889 792
f 3559 3381 2889
f 3559 2889 3075
f 235 59 3381
f 235 3381 3559
f 721 527 59
f 721 59 235
f 1215 1029 527
f 1215 527 721
f 1288 1523 1701
f 1288 1701 794
f 1215 1288 794
f 1029 1215 794
f 1523 1290 1701
f 1165 1291 1163
f 1163 1291 1289
f 1163 793 795
f 1163 795 1165
f 1705 796 794
f 1705 794 1701
f 1701 1290 1705
f 1705 1290 1292
f 1167 1293 1165
f 1165 1293 1291
f 1165 795 797
f 1165 797 1167
f 1709 798 796
f 1709 796 1705
f 1705 1292 1709
f 1709 1292 1294
f 1167 936 1293
f 1643 1295 1424
f 1424 1295 797
f 1295 936 797
f 936 1167 797
f 799 1643 1424
f 1030 1231 800
f 1709 1524 798
f 798 1524 1030
f 1524 1296 1030
f 1296 1231 1030
f 1709 1294 1524
f 1643 1426 1295
f 2115 1297 1898
f 1898 1297 799
f 1297 1426 799
f 1426 1643 799
f 2376 2585 2115
f 2376 2115 1898
f 801 2585 2376
f 2890 3093 802
f 3382 3579 3093
f 3382 3093 2890
f 60 257 3579
f 60 3579 3382
f 528 743 257
f 528 257 60
f 1231 1032 800
f 800 1032 528
f 1032 1298 528
f 1298 743 528
f 1231 1296 1032
f 2115 1900 1297
f 1900 2115 2378
f 2378 2115 2585
f 801 2850 2585
f 2850 2378 2585
f 2850 2852 2378
f 3340 2852 2850
f 3340 3342 2852
f 18 3342 3340
f 18 20 3342
f 484 20 18
f 484 486 20
f 978 486 484
f 978 980 486
f 1464 980 978
f 1464 1466 980
f 1938 1466 1464
f 1938 1940 1466
f 2416 1940 1938
f 2416 2418 1940
f 3093 2892 802
f 2892 2416 802
f 2892 2418 2416
f 2892 3093 3384
f 3384 3093 3579
f 3384 3579 62
f 62 3579 257
f 62 257 530
f 530 257 743
f 743 1298 530
f 1299 1915 2101
f 2101 1915 803
f 1915 2391 803
f 1915 2393 2391
f 2393 2865 2391
f 2867 2865 2393
f 804 2865 3523
f 2865 3357 3523
f 2865 2867 3357
f 3523 3357 199
f 199 3357 35
f 199 35 685
f 685 35 501
f 685 501 1181
f 1181 501 995
f 1181 995 1657
f 1657 995 1481
f 1657 1481 2125
f 2125 1481 1955
f 1955 1300 2125
f 1301 1441 805
f 805 1441 1439
f 1441 1299 2101
f 1913 1441 2101
f 1439 1441 1913
f 2101 803 1913
f 3523 3355 804
f 199 33 3355
f 199 3355 3523
f 685 499 33
f 685 33 199
f 1181 993 499
f 1181 499 685
f 1657 1479 993
f 1657 993 1181
f 2125 1953 1479
f 2125 1479 1657
f 1953 2125 1300
f 2433 1953 1300
f 2431 1953 2433
f 2433 1302 2431
f 2431 1302 806
f 1303 951 807
f 807 951 949
f 805 949 951
f 805 951 1301
f 2905 806 1302
f 2905 1302 2907
f 2907 1304 2905
f 2905 1304 808
f 1305 807 809
f 1305 1303 807
f 808 1306 810
f 1304 1306 808
f 1307 809 811
f 1307 1305 809
f 3397 810 1306
f 3397 1306 3399
f 3399 1308 3397
f 3397 1308 812
f 1309 811 813
f 1309 1307 811
f 812 1310 814
f 1308 1310 812
f 813 950 1309
f 1309 950 952
f 1311 952 950
f 1311 950 815
f 814 1312 816
f 1310 1312 814
f 1647 1313 1440
f 1313 815 1440
f 1313 1311 815
f 817 1647 1440
f 816 1314 818
f 1312 1314 816
f 1647 1442 1313
f 817 1914 1647
f 1914 1442 1647
f 1914 1916 1442
f 2392 2589 1315
f 1916 2392 1315
f 1914 2392 1916
f 819 2589 2392
f 3400 1316 820
f 3400 820 3398
f 3398 818 3400
f 3400 818 1314
f 2589 2394 1315
f 819 2866 2589
f 2866 2394 2589
f 2866 2868 2394
f 3356 2868 2866
f 3356 3358 2868
f 34 3358 3356
f 34 36 3358
f 500 36 34
f 500 502 36
f 994 502 500
f 994 996 502
f 1480 996 994
f 1480 1482 996
f 1954 1482 1480
f 1954 1956 1482
f 2432 1956 1954
f 2432 2434 1956
f 2906 2434 2432
f 2906 2908 2434
f 2906 820 2908
f 2908 820 1316
f 3036 2881 821
f 1317 3373 3036
f 3373 2881 3036
f 3373 3371 2881
f 3373 49 3371
f 51 49 3373
f 51 515 49
f 517 515 51
f 517 1009 515
f 1011 1009 517
f 1011 1495 1009
f 1497 1495 1011
f 1497 1969 1495
f 1971 1969 1497
f 1971 2447 1969
f 2449 2447 1971
f 2449 2921 2447
f 2923 2921 2449
f 2923 3407 2921
f 3409 3407 2923
f 3409 77 3407
f 79 77 3409
f 79 543 77
f 545 543 79
f 545 1318 543
f 543 1318 822
f 2568 2407 823
f 2883 3036 821
f 2883 821 2407
f 1319 2883 2407
f 2568 1319 2407
f 1317 3036 2883
f 1043 822 1318
f 1043 1318 1045
f 1045 1320 1043
f 1043 1320 824
f 2568 823 2409
f 823 1321 2409
f 823 825 1321
f 1319 2568 2409
f 824 1322 826
f 1320 1322 824
f 1323 825 827
f 1323 1321 825
f 826 1324 828
f 1322 1324 826
f 2104 1929 829
f 827 1929 2104
f 1325 827 2104
f 1323 827 1325
f 828 1326 830
f 1324 1326 828
f 831 2106 829
f 829 2106 2104
f 1325 2104 2106
f 1325 2106 1327
f 1044 1217 832
f 1044 830 1217
f 830 1328 1217
f 830 1326 1328
f 1930 2106 831
f 2410 1327 2578
f 2578 1327 833
f 1327 2106 833
f 2106 1930 833
f 1329 2410 2578
f 544 727 834
f 1217 1046 832
f 832 1046 544
f 1046 1330 544
f 1330 727 544
f 1217 1328 1046
f 2408 2578 833
f 2884 1329 3052
f 3052 1329 835
f 1329 2578 835
f 2578 2408 835
f 1331 2884 3052
f 78 245 836
f 245 78 834
f 727 245 834
f 731 245 727
f 727 1330 731
f 731 1330 1332
f 2882 3052 835
f 3052 2882 1331
f 2882 3374 1331
f 2882 3372 3374
f 50 3374 3372
f 50 52 3374
f 516 52 50
f 516 518 52
f 1010 518 516
f 1010 1012 518
f 1496 1012 1010
f 1496 1498 1012
f 1970 1498 1496
f 1970 1972 1498
f 2448 1972 1970
f 2448 2450 1972
f 2922 2450 2448
f 2922 2924 2450
f 3408 3573 1333
f 2924 3408 1333
f 2922 3408 2924
f 245 80 836
f 836 80 3408
f 80 1334 3408
f 1334 3573 3408
f 80 245 546
f 546 245 731
f 731 1332 546
f 3573 3410 1333
f 3573 1334 3410
f 1335 1987 837
f 837 1987 1985
f 1987 2463 1985
f 2465 2463 1987
f 2465 2937 2463
f 2939 2937 2465
f 2939 3423 2937
f 3425 3423 2939
f 3425 1336 3423
f 3423 1336 838
f 1337 1513 839
f 839 1513 1511
f 837 1511 1513
f 837 1513 1335
f 93 838 1336
f 93 1336 95
f 95 559 93
f 561 559 95
f 561 1338 559
f 559 1338 840
f 1339 839 841
f 1339 1337 839
f 1059 840 1338
f 1059 1338 1061
f 842 1059 1689
f 1059 1545 1689
f 1059 1061 1545
f 1545 1340 1689
f 1341 841 843
f 1341 1339 841
f 1689 1543 842
f 1340 2015 2159
f 1340 2159 844
f 1689 1340 844
f 1543 1689 844
f 2015 1342 2159
f 1184 1025 845
f 843 1025 1184
f 1343 843 1184
f 1341 843 1343
f 2159 2013 844
f 2159 1342 2013
f 1342 846 2013
f 1342 1344 846
f 1184 845 1027
f 845 1345 1027
f 845 847 1345
f 1343 1184 1027
f 846 1346 848
f 1344 1346 846
f 1347 847 849
f 1347 1345 847
f 848 1348 850
f 1346 1348 848
f 1349 849 851
f 1349 1347 849
f 850 1350 852
f 1348 1350 850
f 851 1026 1349
f 1349 1026 1028
f 1351 1028 1026
f 1351 1026 853
f 852 1352 854
f 1350 1352 852
f 1353 853 855
f 1353 1351 853
f 854 1354 856
f 1352 1354 854
f 1355 855 857
f 1355 1353 855
f 856 1356 858
f 1354 1356 856
f 857 1512 1355
f 1355 1512 1514
f 1357 1514 1512
f 1357 1512 859
f 2016 1358 860
f 2016 860 2014
f 2014 858 2016
f 2016 858 1356
f 859 1986 1357
f 1357 1986 1988
f 1359 1988 1986
f 1359 1986 861
f 1546 1360 862
f 1546 862 1544
f 1544 860 1546
f 1546 860 1358
f 861 2464 1359
f 1359 2464 2466
f 1361 2466 2464
f 1361 2464 863
f 562 1362 752
f 562 752 864
f 1060 562 864
f 1062 562 1060
f 1060 862 1062
f 1062 862 1360
f 863 2938 1361
f 1361 2938 2940
f 3424 2940 2938
f 3424 3426 2940
f 94 3426 3424
f 94 96 3426
f 1362 96 752
f 96 560 752
f 96 94 560
f 864 752 560
f 1363 2955 865
f 865 2955 2953
f 2955 3439 2953
f 3441 3439 2955
f 3441 109 3439
f 111 109 3441
f 111 1364 109
f 109 1364 866
f 1365 2481 867
f 867 2481 2479
f 865 2479 2481
f 865 2481 1363
f 575 866 1364
f 575 1364 577
f 577 1075 575
f 1077 1075 577
f 1077 1559 1075
f 1561 1559 1077
f 1561 1366 1559
f 1559 1366 868
f 2128 2001 869
f 867 2001 2128
f 1367 867 2128
f 1365 867 1367
f 2029 868 1366
f 2029 1366 2031
f 2031 2501 2029
f 2503 2501 2031
f 2503 2981 2501
f 2983 2981 2503
f 870 2981 3599
f 2981 3463 3599
f 2981 2983 3463
f 3463 1368 3599
f 871 2130 869
f 869 2130 2128
f 1367 2128 2130
f 1367 2130 1369
f 3599 3461 870
f 1368 133 277
f 1368 277 872
f 3599 1368 872
f 3461 3599 872
f 133 1370 277
f 873 2132 871
f 871 2132 2130
f 1369 2130 2132
f 1369 2132 1371
f 277 131 872
f 1370 609 763
f 1370 763 874
f 277 1370 874
f 131 277 874
f 609 1372 763
f 875 2134 873
f 873 2134 2132
f 1371 2132 2134
f 1371 2134 1373
f 765 876 874
f 765 874 763
f 763 1372 765
f 765 1372 1374
f 2002 2134 875
f 2482 1373 2612
f 2612 1373 877
f 1373 2134 877
f 2134 2002 877
f 1375 2482 2612
f 132 283 878
f 765 610 876
f 876 610 132
f 610 1376 132
f 1376 283 132
f 765 1374 610
f 2480 2612 877
f 2956 1375 3092
f 3092 1375 879
f 1375 2612 879
f 2612 2480 879
f 1377 2956 3092
f 3462 3609 880
f 283 134 878
f 878 134 3462
f 134 1378 3462
f 1378 3609 3462
f 283 1376 134
f 2954 3092 879
f 3092 2954 1377
f 2954 3442 1377
f 2954 3440 3442
f 110 3442 3440
f 110 112 3442
f 576 112 110
f 576 578 112
f 1076 578 576
f 1076 1078 578
f 1560 1078 1076
f 1560 1562 1078
f 2030 1562 1560
f 2030 2032 1562
f 2502 2032 2030
f 2502 2504 2032
f 2982 2504 2502
f 2982 2984 2504
f 3609 3464 880
f 3464 2982 880
f 3464 2984 2982
f 3609 1378 3464
f 1379 1577 1685
f 1685 1577 2153
f 2153 1577 2047
f 2153 2047 2629
f 2629 2047 2519
f 2629 2519 3109
f 3109 2519 2999
f 2999 1380 3109
f 714 591 881
f 1381 1093 714
f 1093 591 714
f 1093 1091 591
f 1093 1379 1685
f 1575 1093 1685
f 1091 1093 1575
f 2153 2045 1575
f 2153 1575 1685
f 2629 2517 2045
f 2629 2045 2153
f 3109 2997 2517
f 3109 2517 2629
f 2997 3109 1380
f 3479 2997 1380
f 3477 2997 3479
f 882 3477 271
f 3477 149 271
f 3477 3479 149
f 271 149 755
f 755 149 625
f 625 1382 755
f 3554 3455 883
f 1383 127 3554
f 127 3455 3554
f 127 125 3455
f 593 714 881
f 125 593 881
f 127 593 125
f 1381 714 593
f 271 147 882
f 755 623 147
f 755 147 271
f 623 755 1382
f 1117 623 1382
f 1115 623 1117
f 884 1115 1727
f 1115 1599 1727
f 1115 1117 1599
f 1599 1384 1727
f 3074 2969 885
f 3457 3554 883
f 3457 883 2969
f 1385 3457 2969
f 3074 1385 2969
f 1383 3554 3457
f 1727 1597 884
f 1384 2067 2187
f 1384 2187 886
f 1727 1384 886
f 1597 1727 886
f 2067 1386 2187
f 887 3078 885
f 885 3078 3074
f 1385 3074 3078
f 1385 3078 1387
f 2187 2065 886
f 2187 1386 2065
f 1386 888 2065
f 1386 1388 888
f 889 3080 887
f 887 3080 3078
f 1387 3078 3080
f 1387 3080 1389
f 888 1390 890
f 1388 1390 888
f 2970 3080 889
f 3458 1389 3570
f 3570 1389 891
f 1389 3080 891
f 3080 2970 891
f 1391 3458 3570
f 890 1392 892
f 1390 1392 890
f 3456 3570 891
f 3570 3456 1391
f 3456 128 1391
f 3456 126 128
f 126 893 736
f 594 126 736
f 128 126 594
f 1393 594 736
f 2066 2197 894
f 2066 892 2197
f 892 1394 2197
f 892 1392 1394
f 592 736 893
f 736 592 1393
f 592 1094 1393
f 592 1092 1094
f 1395 1094 1092
f 1395 1092 895
f 1598 1739 896
f 2197 2068 894
f 894 2068 1598
f 2068 1396 1598
f 1396 1739 1598
f 2197 1394 2068
f 895 1576 1395
f 1395 1576 1578
f 1397 1578 1576
f 1397 1576 897
f 1118 1398 898
f 1118 898 1116
f 1739 1600 896
f 1600 1116 896
f 1600 1118 1116
f 1739 1396 1600
f 2048 1397 2182
f 1397 899 2182
f 1397 897 899
f 1399 2048 2182
f 626 1400 900
f 626 900 624
f 624 898 626
f 626 898 1398
f 2046 2182 899
f 2520 1399 2654
f 2654 1399 901
f 1399 2182 901
f 2182 2046 901
f 2520 2654 3136
f 2520 3136 3000
f 3000 3136 3616
f 3000 3616 3480
f 3480 3616 902
f 148 3480 902
f 150 3480 148
f 148 900 150
f 150 900 1400
f 2518 2654 901
f 2998 3136 2518
f 2518 3136 2654
f 3478 3616 2998
f 2998 3616 3136
f 902 3616 3478
f 1401 165 903
f 903 165 163
f 165 639 163
f 641 639 165
f 641 1131 639
f 1133 1131 641
f 1133 1613 1131
f 1615 1613 1133
f 1615 1402 1613
f 1613 1402 904
f 2638 2533 905
f 3118 3013 2638
f 2638 3013 2533
f 1403 3495 3118
f 3495 3013 3118
f 3495 3493 3013
f 903 3493 3495
f 903 3495 1401
f 2081 904 1402
f 2081 1402 2083
f 2083 1404 2081
f 2081 1404 906
f 1218 1107 907
f 1700 1591 1218
f 1218 1591 1107
f 2166 2061 1700
f 1700 2061 1591
f 2535 2638 905
f 2535 905 2061
f 1405 2535 2061
f 2166 1405 2061
f 2638 2535 3015
f 2638 3015 3118
f 1403 3118 3015
f 906 1406 908
f 1404 1406 906
f 728 607 909
f 1109 1218 907
f 1109 907 607
f 1407 1109 607
f 728 1407 607
f 1218 1109 1593
f 1218 1593 1700
f 1700 1593 2063
f 1700 2063 2166
f 1405 2166 2063
f 1406 2551 2661
f 910 1406 2661
f 908 1406 910
f 2551 1408 2661
f 911 732 909
f 909 732 728
f 1407 728 732
f 1407 732 1409
f 2661 2549 910
f 2661 1408 2549
f 1408 912 2549
f 1408 1410 912
f 608 732 911
f 1110 1409 1230
f 1230 1409 913
f 1409 732 913
f 732 608 913
f 1411 1110 1230
f 1410 3019 3143
f 914 1410 3143
f 912 1410 914
f 3019 1412 3143
f 1108 1230 913
f 1594 1411 1718
f 1718 1411 915
f 1411 1230 915
f 1230 1108 915
f 1594 1718 2176
f 1594 2176 2064
f 1413 2064 2176
f 3145 916 914
f 3145 914 3143
f 3143 1412 3145
f 3145 1412 1414
f 1592 1718 915
f 2062 2176 1592
f 1592 2176 1718
f 2536 1413 2650
f 2650 1413 917
f 1413 2176 917
f 2176 2062 917
f 2536 2650 3130
f 2536 3130 3016
f 3016 3130 3612
f 3016 3612 3496
f 3496 3612 288
f 3496 288 166
f 166 288 772
f 166 772 642
f 1415 642 772
f 2082 2203 918
f 2550 2669 2203
f 2550 2203 2082
f 3145 3020 916
f 916 3020 2550
f 3020 1416 2550
f 1416 2669 2550
f 3145 1414 3020
f 2534 2650 917
f 3014 3130 2534
f 2534 3130 2650
f 3494 3612 3014
f 3014 3612 3130
f 164 288 3494
f 3494 288 3612
f 640 772 164
f 164 772 288
f 772 640 1415
f 640 1134 1415
f 640 1132 1134
f 1614 1134 1132
f 1614 1616 1134
f 2203 2084 918
f 2084 1614 918
f 2084 1616 1614
f 2084 2203 2552
f 2552 2203 2669
f 2669 1416 2552
f 764 655 919
f 1260 1147 764
f 764 1147 655
f 1734 1629 1260
f 1260 1629 1147
f 2194 2097 1734
f 1734 2097 1629
f 2194 920 2097
f 921 766 919
f 919 766 764
f 1262 764 766
f 1260 764 1262
f 1736 1260 1262
f 1734 1260 1736
f 2196 1734 1736
f 2194 1734 2196
f 920 2194 2565
f 2194 2664 2565
f 2194 2196 2664
f 3142 3033 2664
f 2664 3033 2565
f 3142 922 3033
f 656 766 921
f 923 1264 656
f 1264 766 656
f 1264 1262 766
f 1738 1262 1264
f 1736 1262 1738
f 2198 1736 1738
f 2196 1736 2198
f 2666 2196 2198
f 2664 2196 2666
f 3144 2664 2666
f 3142 2664 3144
f 922 3142 3513
f 3142 3622 3513
f 3142 3144 3622
f 3622 924 3513
f 1148 1264 923
f 1630 1738 1148
f 1148 1738 1264
f 2098 2198 1630
f 1630 2198 1738
f 925 2668 2098
f 2668 2198 2098
f 2668 2666 2198
f 3146 2666 2668
f 3144 2666 3146
f 3624 3144 3146
f 3622 3144 3624
f 924 3622 189
f 3622 296 189
f 3622 3624 296
f 776 667 296
f 296 667 189
f 776 926 667
f 2566 2668 925
f 927 3148 2566
f 3148 2668 2566
f 3148 3146 2668
f 3148 1417 3515
f 3624 3148 3515
f 3146 3148 3624
f 3624 3515 191
f 3624 191 296
f 296 191 669
f 296 669 776
f 1418 1272 1157
f 1418 1157 926
f 669 1418 926
f 776 669 926
f 1272 928 1157
f 929 3150 927
f 927 3150 3148
f 1417 3148 3150
f 1417 3150 1419
f 1420 1274 1272
f 1420 1272 1418
f 928 1272 930
f 930 1272 1274
f 931 3152 929
f 929 3152 3150
f 1419 3150 3152
f 1419 3152 1421
f 1422 1276 1274
f 1422 1274 1420
f 930 1274 932
f 932 1274 1276
f 3034 3152 931
f 3516 1421 3632
f 3632 1421 933
f 1421 3152 933
f 3152 3034 933
f 3516 3632 304
f 3516 304 192
f 192 304 784
f 192 784 670
f 1276 1422 670
f 1276 670 784
f 1158 1276 784
f 934 1158 784
f 932 1276 1158
f 3514 3632 933
f 190 304 3514
f 3514 304 3632
f 668 784 190
f 190 784 304
f 934 784 668
f 1745 3327 3525
f 3525 3327 201
f 201 3327 5
f 201 5 687
f 687 5 471
f 471 1746 687
f 1747 2837 3047
f 1745 3525 2837
f 2837 3525 3047
f 3525 3325 3047
f 3325 1279 3047
f 201 3 3325
f 201 3325 3525
f 687 469 3
f 687 3 201
f 1746 965 1185
f 1746 1185 1280
f 687 1746 1280
f 469 687 1280
f 965 1748 1185
f 2835 1281 3047
f 1281 1747 3047
f 1281 1749 1747
f 3047 1279 2835
f 1185 963 1280
f 1185 1748 963
f 1748 1282 963
f 1748 1750 1282
f 1751 1281 1283
f 1751 1749 1281
f 1282 1752 1284
f 1750 1752 1282
f 3053 1753 2836
f 1753 1283 2836
f 1753 1751 1283
f 1285 3053 2836
f 964 1193 1286
f 964 1284 1193
f 1284 1754 1193
f 1284 1752 1754
f 3053 2838 1753
f 3537 1755 3326
f 3326 1755 1285
f 1755 2838 1285
f 2838 3053 1285
f 4 213 3537
f 4 3537 3326
f 470 699 213
f 470 213 4
f 1193 966 1286
f 1286 966 470
f 966 1756 470
f 1756 699 470
f 1193 1754 966
f 3537 3328 1755
f 3328 3537 6
f 6 3537 213
f 6 213 472
f 472 213 699
f 699 1756 472
f 1757 1427 1633
f 1633 1427 2103
f 2103 1427 1901
f 2103 1901 2573
f 2573 1901 2379
f 2379 1758 2573
f 1759 3385 3555
f 3555 3385 231
f 231 3385 63
f 231 63 717
f 717 63 531
f 717 531 1211
f 1211 531 1033
f 1033 1760 1211
f 1761 937 1161
f 1757 1633 937
f 937 1633 1161
f 1633 1425 1161
f 1425 1287 1161
f 2103 1899 1425
f 2103 1425 1633
f 2573 2377 1899
f 2573 1899 2103
f 2377 2573 1758
f 2853 2377 1758
f 2851 2377 2853
f 2853 3341 2851
f 3343 3341 2853
f 3343 19 3341
f 21 19 3343
f 21 485 19
f 487 485 21
f 487 979 485
f 981 979 487
f 981 1465 979
f 1467 1465 981
f 1467 1939 1465
f 1941 1939 1467
f 1941 2417 1939
f 2419 2417 1941
f 2419 2891 2417
f 2893 2891 2419
f 2893 1759 3555
f 3383 2893 3555
f 2891 2893 3383
f 231 61 3383
f 231 3383 3555
f 717 529 61
f 717 61 231
f 1211 1031 529
f 1211 529 717
f 1760 1525 1697
f 1760 1697 1288
f 1211 1760 1288
f 1031 1211 1288
f 1525 1762 1697
f 1763 459 673
f 1761 1161 459
f 459 1161 673
f 1161 935 673
f 935 1289 673
f 1161 1287 935
f 1697 1523 1288
f 1697 1762 1523
f 1762 1290 1523
f 1762 1764 1290
f 675 1765 673
f 673 1765 1763
f 673 1289 1291
f 673 1291 675
f 1290 1766 1292
f 1764 1766 1290
f 675 460 1765
f 1767 460 675
f 1291 1767 675
f 1293 1767 1291
f 1292 1768 1294
f 1766 1768 1292
f 1169 1769 936
f 1769 1293 936
f 1769 1767 1293
f 1295 1169 936
f 1524 1713 1296
f 1524 1294 1713
f 1294 1770 1713
f 1294 1768 1770
f 1169 938 1769
f 1645 1771 1426
f 1426 1771 1295
f 1771 938 1295
f 938 1169 1295
f 1297 1645 1426
f 1032 1239 1298
f 1713 1526 1296
f 1296 1526 1032
f 1526 1772 1032
f 1772 1239 1032
f 1713 1770 1526
f 1645 1428 1771
f 1297 1900 1645
f 1900 1428 1645
f 1900 1902 1428
f 2378 2587 1773
f 1902 2378 1773
f 1900 2378 1902
f 2852 3059 2587
f 2852 2587 2378
f 3342 3541 3059
f 3342 3059 2852
f 22 1774 3541
f 3342 22 3541
f 20 22 3342
f 486 22 20
f 486 488 22
f 980 488 486
f 980 982 488
f 1466 982 980
f 1466 1468 982
f 1940 1468 1466
f 1940 1942 1468
f 2418 1942 1940
f 2418 2420 1942
f 2892 2420 2418
f 2892 2894 2420
f 3384 2894 2892
f 3384 3386 2894
f 62 3386 3384
f 62 64 3386
f 530 64 62
f 530 532 64
f 1239 1034 1298
f 1034 530 1298
f 1034 532 530
f 1239 1772 1034
f 2587 2380 1773
f 2380 2587 2854
f 2854 2587 3059
f 2854 3059 3344
f 3344 3059 3541
f 3541 1774 3344
f 1775 1917 1299
f 1299 1917 1915
f 1917 2393 1915
f 2395 2393 1917
f 2395 2867 2393
f 2869 2867 2395
f 2869 3357 2867
f 3359 3357 2869
f 3359 35 3357
f 37 35 3359
f 37 501 35
f 503 501 37
f 503 995 501
f 997 995 503
f 997 1481 995
f 1483 1481 997
f 1483 1955 1481
f 1957 1955 1483
f 1957 1776 1955
f 1955 1776 1300
f 1777 1443 1301
f 1301 1443 1441
f 1299 1441 1443
f 1299 1443 1775
f 2433 1300 1776
f 2433 1776 2435
f 2435 1778 2433
f 2433 1778 1302
f 1779 953 1303
f 1303 953 951
f 1301 951 953
f 1301 953 1777
f 2907 1302 1778
f 2907 1778 2909
f 2909 1780 2907
f 2907 1780 1304
f 1781 1303 1305
f 1781 1779 1303
f 1304 1782 1306
f 1780 1782 1304
f 1783 1305 1307
f 1783 1781 1305
f 1784 3568 3399
f 1306 1784 3399
f 1782 1784 1306
f 3568 1308 3399
f 1785 1307 1309
f 1785 1783 1307
f 3401 3568 1784
f 3401 1786 3568
f 1786 1308 3568
f 1786 1310 1308
f 1171 1787 952
f 1787 1309 952
f 1787 1785 1309
f 1311 1171 952
f 1310 1788 1312
f 1786 1788 1310
f 1171 954 1787
f 1789 954 1171
f 1311 1789 1171
f 1313 1789 1311
f 3402 1790 3582
f 3582 1314 3402
f 1314 1788 3402
f 1314 1312 1788
f 1313 1442 1789
f 1789 1442 1444
f 1916 1444 1442
f 1916 1918 1444
f 1791 1918 1916
f 1791 1916 1315
f 2910 1792 3100
f 3582 1790 2910
f 3582 2910 3100
f 3400 3582 3100
f 1316 3400 3100
f 1314 3582 3400
f 1315 2394 1791
f 1791 2394 2396
f 2868 2396 2394
f 2868 2870 2396
f 3358 2870 2868
f 3358 3360 2870
f 36 3360 3358
f 36 38 3360
f 502 38 36
f 502 504 38
f 996 504 502
f 996 998 504
f 1482 998 996
f 1482 1484 998
f 1956 1484 1482
f 1956 1958 1484
f 2434 1958 1956
f 2434 2436 1958
f 1792 2436 3100
f 2436 2908 3100
f 2436 2434 2908
f 1316 3100 2908
f 1793 1013 1173
f 1173 1013 1649
f 1649 1013 1499
f 1649 1499 2117
f 2117 1499 1973
f 2117 1973 2591
f 2591 1973 2451
f 2591 2451 3061
f 3061 2451 2925
f 2925 1794 3061
f 3518 3373 1317
f 1795 53 3518
f 53 3373 3518
f 53 51 3373
f 53 517 51
f 519 517 53
f 519 1793 1173
f 1011 519 1173
f 517 519 1011
f 1649 1497 1011
f 1649 1011 1173
f 2117 1971 1497
f 2117 1497 1649
f 2591 2449 1971
f 2591 1971 2117
f 3061 2923 2449
f 3061 2449 2591
f 2923 3061 1794
f 3411 2923 1794
f 3409 2923 3411
f 3411 79 3409
f 81 79 3411
f 81 545 79
f 547 545 81
f 547 1796 545
f 545 1796 1318
f 3038 2883 1319
f 3375 3518 1317
f 3375 1317 2883
f 1797 3375 2883
f 3038 1797 2883
f 1795 3518 3375
f 1045 1318 1796
f 1045 1796 1047
f 1047 1798 1045
f 1045 1798 1320
f 2570 2409 1321
f 2885 3038 1319
f 2885 1319 2409
f 1799 2885 2409
f 2570 1799 2409
f 1797 3038 2885
f 1320 1800 1322
f 1798 1800 1320
f 1323 2572 1321
f 1321 2572 2570
f 1799 2570 2572
f 1799 2572 1801
f 1800 1531 1693
f 1324 1800 1693
f 1322 1800 1324
f 1531 1802 1693
f 1325 2574 1323
f 1323 2574 2572
f 1801 2572 2574
f 1801 2574 1803
f 1695 1326 1324
f 1695 1324 1693
f 1693 1802 1695
f 1695 1802 1804
f 1327 2576 1325
f 1325 2576 2574
f 1803 2574 2576
f 1803 2576 1805
f 1699 1328 1326
f 1699 1326 1695
f 1695 1804 1699
f 1699 1804 1806
f 2410 2576 1327
f 2886 1805 3050
f 3050 1805 1329
f 1805 2576 1329
f 2576 2410 1329
f 1807 2886 3050
f 1046 1221 1330
f 1699 1532 1328
f 1328 1532 1046
f 1532 1808 1046
f 1808 1221 1046
f 1699 1806 1532
f 2884 3050 1329
f 3376 1807 3534
f 3534 1807 1331
f 1807 3050 1331
f 3050 2884 1331
f 3376 3534 210
f 3376 210 54
f 54 210 696
f 54 696 520
f 520 696 1190
f 520 1190 1014
f 1014 1190 1666
f 1014 1666 1500
f 1809 1500 1666
f 1330 1221 1048
f 1810 1330 1048
f 1332 1330 1810
f 1221 1808 1048
f 3374 3534 1331
f 52 210 3374
f 3374 210 3534
f 518 696 52
f 52 696 210
f 1012 1190 518
f 518 1190 696
f 1498 1666 1012
f 1012 1666 1190
f 1666 1498 1809
f 1498 1974 1809
f 1498 1972 1974
f 2450 1974 1972
f 2450 2452 1974
f 2924 3087 1811
f 2452 2924 1811
f 2450 2924 2452
f 1333 3087 2924
f 80 249 1334
f 548 1812 249
f 80 548 249
f 546 548 80
f 546 1332 548
f 548 1332 1810
f 3087 2926 1811
f 1333 3410 3087
f 3410 2926 3087
f 3410 3412 2926
f 249 82 1334
f 82 3410 1334
f 82 3412 3410
f 249 1812 82
f 1813 1989 1335
f 1335 1989 1987
f 1989 2465 1987
f 2467 2465 1989
f 2467 2939 2465
f 2941 2939 2467
f 2941 3425 2939
f 3427 3425 2941
f 3427 1814 3425
f 3425 1814 1336
f 1815 1515 1337
f 1337 1515 1513
f 1335 1513 1515
f 1335 1515 1813
f 95 1336 1814
f 95 1814 97
f 97 561 95
f 563 561 97
f 563 1816 561
f 561 1816 1338
f 1817 1337 1339
f 1817 1815 1337
f 1061 1338 1816
f 1061 1816 1063
f 1063 1545 1061
f 1547 1545 1063
f 1547 1818 1545
f 1545 1818 1340
f 1819 1339 1341
f 1819 1817 1339
f 2015 1340 1818
f 2015 1818 2017
f 2017 1820 2015
f 2015 1820 1342
f 1821 1341 1343
f 1821 1819 1341
f 1820 2489 2637
f 1344 1820 2637
f 1342 1820 1344
f 2489 1822 2637
f 1186 1027 1345
f 1343 1027 1186
f 1823 1343 1186
f 1821 1343 1823
f 2639 1346 1344
f 2639 1344 2637
f 2637 1822 2639
f 2639 1822 1824
f 1347 1188 1345
f 1345 1188 1186
f 1823 1186 1188
f 1823 1188 1825
f 2641 1348 1346
f 2641 1346 2639
f 2639 1824 2641
f 2641 1824 1826
f 1349 1192 1347
f 1347 1192 1188
f 1825 1188 1192
f 1825 1192 1827
f 2643 1350 1348
f 2643 1348 2641
f 2641 1826 2643
f 2643 1826 1828
f 1028 1192 1349
f 1827 1192 1028
f 1351 1827 1028
f 1829 1827 1351
f 1350 2643 2490
f 1830 1350 2490
f 1352 1350 1830
f 2643 1828 2490
f 1831 1351 1353
f 1831 1829 1351
f 1352 1832 1354
f 1830 1832 1352
f 1833 1353 1355
f 1833 1831 1353
f 2018 1834 2178
f 2178 1356 2018
f 1356 1832 2018
f 1356 1354 1832
f 1355 1514 1833
f 1833 1514 1516
f 1835 1516 1514
f 1835 1514 1357
f 1548 1836 1726
f 2178 1834 1548
f 2178 1548 1726
f 2016 2178 1726
f 1358 2016 1726
f 1356 2178 2016
f 1357 1988 1835
f 1835 1988 1990
f 1837 1990 1988
f 1837 1988 1359
f 1064 1838 1246
f 1726 1836 1064
f 1726 1064 1246
f 1546 1726 1246
f 1360 1546 1246
f 1358 1726 1546
f 1359 2466 1837
f 1837 2466 2468
f 1839 2468 2466
f 1839 2466 1361
f 564 1840 1362
f 564 1362 562
f 1838 564 1246
f 564 1062 1246
f 564 562 1062
f 1360 1246 1062
f 1361 2940 1839
f 1839 2940 2942
f 3426 2942 2940
f 3426 3428 2942
f 96 3428 3426
f 96 98 3428
f 96 1362 98
f 98 1362 1840
f 3068 2955 1363
f 1841 3443 3068
f 3443 2955 3068
f 3443 3441 2955
f 226 111 1842
f 111 3443 1842
f 111 3441 3443
f 226 1364 111
f 1843 2483 1365
f 1365 2483 2481
f 2957 3068 1363
f 2481 2957 1363
f 2483 2957 2481
f 1841 3068 2957
f 113 226 1842
f 577 1364 226
f 113 577 226
f 579 577 113
f 579 1077 577
f 1079 1077 579
f 1079 1561 1077
f 1563 1561 1079
f 1563 1844 1561
f 1561 1844 1366
f 1845 1365 1367
f 1845 1843 1365
f 2031 1366 1844
f 2031 1844 2033
f 2033 2503 2031
f 2505 2503 2033
f 2505 2983 2503
f 2985 2983 2505
f 2985 3463 2983
f 3465 3463 2985
f 1368 3463 275
f 3463 135 275
f 3463 3465 135
f 135 1846 275
f 1847 1367 1369
f 1847 1845 1367
f 275 133 1368
f 1846 611 761
f 1846 761 1370
f 275 1846 1370
f 133 275 1370
f 611 1848 761
f 1849 1369 1371
f 1849 1847 1369
f 761 609 1370
f 761 1848 609
f 1848 1372 609
f 1848 1850 1372
f 1851 1371 1373
f 1851 1849 1371
f 1372 1852 1374
f 1850 1852 1372
f 1373 2482 1851
f 1851 2482 2484
f 1853 2484 2482
f 1853 2482 1375
f 610 767 1376
f 610 1374 767
f 1374 1854 767
f 1374 1852 1854
f 1375 2956 1853
f 1853 2956 2958
f 2956 1377 3578
f 3444 2956 3578
f 2958 2956 3444
f 3444 3578 254
f 3444 254 114
f 1855 114 254
f 134 285 1378
f 767 612 1376
f 1376 612 134
f 612 1856 134
f 1856 285 134
f 767 1854 612
f 3442 3578 1377
f 112 254 3442
f 3442 254 3578
f 254 112 1855
f 112 580 1855
f 112 578 580
f 1078 580 578
f 1078 1080 580
f 1562 1080 1078
f 1562 1564 1080
f 2032 1564 1562
f 2032 2034 1564
f 2504 2034 2032
f 2504 2506 2034
f 2984 2506 2504
f 2984 2986 2506
f 3464 2986 2984
f 3464 3466 2986
f 285 136 1378
f 136 3464 1378
f 136 3466 3464
f 285 1856 136
f 1857 1579 1379
f 1379 1579 1577
f 1579 2047 1577
f 2049 2047 1579
f 2049 2519 2047
f 2521 2519 2049
f 2521 2999 2519
f 3001 2999 2521
f 1380 2999 3593
f 2999 3481 3593
f 2999 3001 3481
f 3593 3481 269
f 269 3481 151
f 151 1858 269
f 1859 1095 1381
f 1381 1095 1093
f 1379 1093 1095
f 1379 1095 1857
f 3593 3479 1380
f 269 149 3479
f 269 3479 3593
f 149 269 1858
f 627 149 1858
f 625 149 627
f 1382 625 1249
f 625 1119 1249
f 625 627 1119
f 1119 1860 1249
f 230 127 1383
f 1861 595 230
f 595 127 230
f 595 593 127
f 1381 593 595
f 1381 595 1859
f 1249 1117 1382
f 1117 1249 1860
f 1601 1117 1860
f 1599 1117 1601
f 1601 1862 1599
f 1599 1862 1384
f 3558 3457 1385
f 3457 3558 1383
f 3558 230 1383
f 3558 234 230
f 1861 230 234
f 1861 234 1863
f 2067 1384 1862
f 2067 1862 2069
f 2069 1864 2067
f 2067 1864 1386
f 1387 3562 1385
f 1385 3562 3558
f 3562 1865 129
f 234 3562 129
f 3558 3562 234
f 1863 234 129
f 1386 1866 1388
f 1864 1866 1386
f 1389 3566 1387
f 1387 3566 3562
f 1865 3562 3566
f 1865 3566 1867
f 1388 1868 1390
f 1866 1868 1388
f 3458 3566 1389
f 130 1867 246
f 246 1867 1391
f 1867 3566 1391
f 3566 3458 1391
f 1869 130 246
f 1390 1870 1392
f 1868 1870 1390
f 128 246 1391
f 246 128 1869
f 128 596 1869
f 128 594 596
f 1871 596 594
f 1871 594 1393
f 1392 1872 1394
f 1870 1872 1392
f 1393 1094 1871
f 1871 1094 1096
f 1873 1096 1094
f 1873 1094 1395
f 2070 1874 1396
f 2070 1396 2068
f 2068 1394 2070
f 2070 1394 1872
f 1395 1578 1873
f 1873 1578 1580
f 1875 1580 1578
f 1875 1578 1397
f 1118 1267 1398
f 1602 1876 1267
f 1118 1602 1267
f 1600 1602 1118
f 1600 1396 1602
f 1602 1396 1874
f 1397 2048 1875
f 1875 2048 2050
f 1877 2050 2048
f 1877 2048 1399
f 3482 1878 3614
f 3482 3614 290
f 3482 290 152
f 152 290 1400
f 626 152 1400
f 628 152 626
f 1267 1120 1398
f 1120 626 1398
f 1120 628 626
f 1267 1876 1120
f 1399 2520 1877
f 1877 2520 2522
f 3000 2522 2520
f 3000 3002 2522
f 1878 3002 3614
f 3002 3480 3614
f 3002 3000 3480
f 150 290 3480
f 3480 290 3614
f 1400 290 150
f 1879 167 1401
f 1401 167 165
f 167 641 165
f 643 641 167
f 643 1133 641
f 1135 1133 643
f 1135 1615 1133
f 1617 1615 1135
f 1617 1880 1615
f 1615 1880 1402
f 1881 3497 1403
f 1403 3497 3495
f 1401 3495 3497
f 1401 3497 1879
f 2083 1402 1880
f 2083 1880 2085
f 2085 1882 2083
f 2083 1882 1404
f 2640 2535 1405
f 3120 3015 2640
f 2640 3015 2535
f 1403 3015 3120
f 1883 1403 3120
f 1881 1403 1883
f 1882 2553 2657
f 1406 1882 2657
f 1404 1882 1406
f 2553 1884 2657
f 1222 1109 1407
f 1704 1593 1222
f 1222 1593 1109
f 2168 2063 1704
f 1704 2063 1593
f 2063 2168 1405
f 2168 2640 1405
f 2168 2642 2640
f 2642 1885 3017
f 3120 2642 3017
f 2640 2642 3120
f 1883 3120 3017
f 2657 2551 1406
f 2657 1884 2551
f 1884 1408 2551
f 1884 1886 1408
f 1409 1226 1407
f 1407 1226 1222
f 1708 1222 1226
f 1704 1222 1708
f 2170 1704 1708
f 2168 1704 2170
f 2170 1887 2537
f 2642 2170 2537
f 2168 2170 2642
f 1885 2642 2537
f 1886 3021 3141
f 1410 1886 3141
f 1408 1886 1410
f 3021 1888 3141
f 1110 1226 1409
f 1411 1712 1110
f 1712 1226 1110
f 1712 1708 1226
f 2172 1708 1712
f 2170 1708 2172
f 2646 2538 1887
f 2170 2646 1887
f 2172 2646 2170
f 1889 2538 2646
f 3141 3019 1410
f 1888 3501 3621
f 1888 3621 1412
f 3141 1888 1412
f 3019 3141 1412
f 3501 1890 3621
f 1594 1712 1411
f 2064 2172 1594
f 1594 2172 1712
f 1413 2648 2064
f 2648 2172 2064
f 2648 2646 2172
f 3128 3018 1889
f 2646 3128 1889
f 2648 3128 2646
f 1891 3018 3128
f 3623 1414 1412
f 3623 1412 3621
f 3621 1890 3623
f 3623 1890 1892
f 2536 2648 1413
f 3016 3128 2536
f 2536 3128 2648
f 3128 3016 1891
f 3016 3498 1891
f 3016 3496 3498
f 166 3498 3496
f 166 168 3498
f 642 168 166
f 642 644 168
f 1893 644 642
f 1893 642 1415
f 3020 3147 1416
f 3623 3502 1414
f 1414 3502 3020
f 3502 1894 3020
f 1894 3147 3020
f 3623 1892 3502
f 1415 1134 1893
f 1893 1134 1136
f 1616 1136 1134
f 1616 1618 1136
f 2084 1618 1616
f 2084 2086 1618
f 2552 2086 2084
f 2552 2554 2086
f 3147 3022 1416
f 3022 2552 1416
f 3022 2554 2552
f 3147 1894 3022
f 3626 3515 1417
f 298 191 3626
f 3626 191 3515
f 778 669 298
f 298 669 191
f 778 1418 669
f 1419 3628 1417
f 1417 3628 3626
f 300 3626 3628
f 298 3626 300
f 780 298 300
f 778 298 780
f 1418 778 1420
f 1420 778 780
f 1421 3630 1419
f 1419 3630 3628
f 302 3628 3630
f 300 3628 302
f 782 300 302
f 780 300 782
f 1420 780 1422
f 1422 780 782
f 3516 3630 1421
f 192 302 3516
f 3516 302 3630
f 670 782 192
f 192 782 302
f 1422 782 670
f 2207 3329 1745
f 1745 3329 3327
f 3329 5 3327
f 7 5 3329
f 7 471 5
f 473 471 7
f 473 2208 471
f 471 2208 1746
f 2209 2839 1747
f 1747 2839 2837
f 1745 2837 2839
f 1745 2839 2207
f 965 1746 2208
f 965 2208 967
f 967 2210 965
f 965 2210 1748
f 2211 2365 2577
f 1749 2577 2365
f 2209 1749 2365
f 1747 1749 2209
f 1748 2212 1750
f 2210 2212 1748
f 2579 2213 2577
f 2577 2213 2211
f 2577 1749 1751
f 2577 1751 2579
f 1750 2214 1752
f 2212 2214 1750
f 2579 2366 2213
f 2215 2366 2579
f 1751 2215 2579
f 1753 2215 1751
f 1752 2216 1754
f 2214 2216 1752
f 1753 2838 2215
f 2215 2838 2840
f 2217 2840 2838
f 2217 2838 1755
f 968 2218 1756
f 968 1756 966
f 966 1754 968
f 968 1754 2216
f 1755 3328 2217
f 2217 3328 3330
f 6 3330 3328
f 6 8 3330
f 472 8 6
f 472 474 8
f 472 1756 474
f 474 1756 2218
f 2219 939 1159
f 1159 939 1757
f 939 1427 1757
f 939 1429 1427
f 1429 1901 1427
f 1903 1901 1429
f 1903 2379 1901
f 2381 2379 1903
f 2381 2220 2379
f 2379 2220 1758
f 2221 2895 3071
f 3071 2895 1759
f 2895 3385 1759
f 2895 3387 3385
f 3387 63 3385
f 65 63 3387
f 65 531 63
f 533 531 65
f 533 1033 531
f 1035 1033 533
f 1035 2222 1033
f 1033 2222 1760
f 2223 461 671
f 2219 1159 461
f 461 1159 671
f 1159 937 671
f 937 1761 671
f 1159 1757 937
f 2853 1758 2220
f 2853 2220 2855
f 2855 3343 2853
f 3345 3343 2855
f 3345 21 3343
f 23 21 3345
f 23 487 21
f 489 487 23
f 489 981 487
f 983 981 489
f 983 1467 981
f 1469 1467 983
f 1469 1941 1467
f 1943 1941 1469
f 1943 2419 1941
f 2421 2419 1943
f 2421 2221 3071
f 2893 2421 3071
f 2419 2421 2893
f 3071 1759 2893
f 1525 1760 2222
f 1525 2222 1527
f 1527 2224 1525
f 1525 2224 1762
f 459 1763 671
f 1763 2223 671
f 1763 2225 2223
f 671 1761 459
f 1762 2226 1764
f 2224 2226 1762
f 2227 1763 1765
f 2227 2225 1763
f 1764 2228 1766
f 2226 2228 1764
f 677 2229 460
f 2229 1765 460
f 2229 2227 1765
f 1767 677 460
f 1766 2230 1768
f 2228 2230 1766
f 677 462 2229
f 2231 462 677
f 1767 2231 677
f 1769 2231 1767
f 1768 2232 1770
f 2230 2232 1768
f 1769 938 2231
f 2231 938 940
f 2233 940 938
f 2233 938 1771
f 1528 2234 1772
f 1528 1772 1526
f 1526 1770 1528
f 1528 1770 2232
f 1771 1428 2233
f 2233 1428 1430
f 1902 1430 1428
f 1902 1904 1430
f 2235 1904 1902
f 2235 1902 1773
f 22 217 1774
f 488 703 217
f 488 217 22
f 982 1199 703
f 982 703 488
f 1468 1681 1199
f 1468 1199 982
f 1942 2147 1681
f 1942 1681 1468
f 2422 2236 2147
f 1942 2422 2147
f 2420 2422 1942
f 2894 2422 2420
f 2894 2896 2422
f 3386 2896 2894
f 3386 3388 2896
f 64 3388 3386
f 64 66 3388
f 532 66 64
f 532 534 66
f 1034 534 532
f 1034 1036 534
f 1034 1772 1036
f 1036 1772 2234
f 1773 2380 2235
f 2235 2380 2382
f 2854 2382 2380
f 2854 2856 2382
f 3344 2856 2854
f 3344 3346 2856
f 217 24 1774
f 24 3344 1774
f 24 3346 3344
f 24 217 490
f 490 217 703
f 490 703 984
f 984 703 1199
f 984 1199 1470
f 1470 1199 1681
f 1470 1681 1944
f 1944 1681 2147
f 2147 2236 1944
f 2237 1919 2099
f 2099 1919 2569
f 2569 1919 2397
f 2569 2397 3039
f 3039 2397 2871
f 2871 2238 3039
f 2239 505 683
f 683 505 1179
f 1179 505 999
f 1179 999 1655
f 1655 999 1485
f 1655 1485 2123
f 2123 1485 1959
f 1959 2240 2123
f 2241 1445 1631
f 2237 2099 1445
f 1445 2099 1631
f 2099 1917 1631
f 1917 1775 1631
f 2569 2395 1917
f 2569 1917 2099
f 3039 2869 2395
f 3039 2395 2569
f 2869 3039 2238
f 3361 2869 2238
f 3359 2869 3361
f 3361 37 3359
f 39 37 3361
f 39 2239 683
f 503 39 683
f 37 39 503
f 1179 997 503
f 1179 503 683
f 1655 1483 997
f 1655 997 1179
f 2123 1957 1483
f 2123 1483 1655
f 2240 2437 2599
f 2240 2599 1776
f 2123 2240 1776
f 1957 2123 1776
f 2437 2242 2599
f 1443 1777 1631
f 1777 2241 1631
f 1777 2243 2241
f 1631 1775 1443
f 2599 2435 1776
f 2599 2242 2435
f 2242 1778 2435
f 2242 2244 1778
f 2245 955 1779
f 1779 955 953
f 1777 953 955
f 1777 955 2243
f 2246 3076 2909
f 1778 2246 2909
f 2244 2246 1778
f 3076 1780 2909
f 2247 1779 1781
f 2247 2245 1779
f 2911 3076 2246
f 2911 2248 3076
f 2248 1780 3076
f 2248 1782 1780
f 2249 1781 1783
f 2249 2247 1781
f 1782 2250 1784
f 2248 2250 1782
f 2251 1783 1785
f 2251 2249 1783
f 2252 3572 3401
f 1784 2252 3401
f 2250 2252 1784
f 3572 1786 3401
f 2253 1785 1787
f 2253 2251 1785
f 2254 3576 3572
f 2254 3572 2252
f 1786 3572 1788
f 1788 3572 3576
f 1787 954 2253
f 2253 954 956
f 2255 956 954
f 2255 954 1789
f 2912 2256 3096
f 3576 2254 2912
f 3576 2912 3096
f 3402 3576 3096
f 1790 3402 3096
f 1788 3576 3402
f 1789 1444 2255
f 2255 1444 1446
f 1918 1446 1444
f 1918 1920 1446
f 1918 1791 2590
f 2398 1918 2590
f 1920 1918 2398
f 2398 2590 3060
f 2398 3060 2872
f 2872 3060 3542
f 2872 3542 3362
f 3362 3542 218
f 3362 218 40
f 40 218 704
f 40 704 506
f 2257 506 704
f 2438 2258 2622
f 3096 2256 2438
f 3096 2438 2622
f 2910 3096 2622
f 1792 2910 2622
f 1790 3096 2910
f 2396 2590 1791
f 2870 3060 2396
f 2396 3060 2590
f 3360 3542 2870
f 2870 3542 3060
f 38 218 3360
f 3360 218 3542
f 504 704 38
f 38 704 218
f 704 504 2257
f 504 1000 2257
f 504 998 1000
f 1484 1000 998
f 1484 1486 1000
f 1958 1486 1484
f 1958 1960 1486
f 2258 1960 2622
f 1960 2436 2622
f 1960 1958 2436
f 1792 2622 2436
f 1174 1013 1793
f 2259 1501 1174
f 1501 1013 1174
f 1501 1499 1013
f 1501 1973 1499
f 1975 1973 1501
f 1975 2451 1973
f 2453 2451 1975
f 2453 2925 2451
f 2927 2925 2453
f 2927 2260 2925
f 2925 2260 1794
f 194 53 1795
f 2261 521 194
f 521 53 194
f 521 519 53
f 1015 1174 1793
f 519 1015 1793
f 521 1015 519
f 2259 1174 1015
f 3411 1794 2260
f 3411 2260 3413
f 3413 81 3411
f 83 81 3413
f 708 547 2262
f 547 83 2262
f 547 81 83
f 708 1796 547
f 3520 3375 1797
f 55 194 1795
f 55 1795 3375
f 2263 55 3375
f 3520 2263 3375
f 2261 194 55
f 549 708 2262
f 1047 1796 708
f 549 1047 708
f 1049 1047 549
f 1049 2264 1047
f 1047 2264 1798
f 3040 2885 1799
f 3377 3520 1797
f 3377 1797 2885
f 2265 3377 2885
f 3040 2265 2885
f 2263 3520 3377
f 2264 1533 1687
f 1800 2264 1687
f 1798 2264 1800
f 1533 2266 1687
f 1801 3042 1799
f 1799 3042 3040
f 2265 3040 3042
f 2265 3042 2267
f 1687 1531 1800
f 1687 2266 1531
f 2266 1802 1531
f 2266 2268 1802
f 1803 3046 1801
f 1801 3046 3042
f 2267 3042 3046
f 2267 3046 2269
f 2268 2003 2163
f 1804 2268 2163
f 1802 2268 1804
f 2003 2270 2163
f 1805 3048 1803
f 1803 3048 3046
f 3530 3378 2269
f 3046 3530 2269
f 3048 3530 3046
f 2271 3378 3530
f 2165 1806 1804
f 2165 1804 2163
f 2163 2270 2165
f 2165 2270 2272
f 2886 3048 1805
f 1807 3532 2886
f 3532 3048 2886
f 3532 3530 3048
f 208 56 2271
f 3530 208 2271
f 3532 208 3530
f 2273 56 208
f 1532 1703 1808
f 2165 2004 1806
f 1806 2004 1532
f 2004 2274 1532
f 2274 1703 1532
f 2165 2272 2004
f 3376 3532 1807
f 54 208 3376
f 3376 208 3532
f 208 54 2273
f 54 522 2273
f 54 520 522
f 1014 522 520
f 1014 1016 522
f 1500 1016 1014
f 1500 1502 1016
f 2275 1502 1500
f 2275 1500 1809
f 1048 1225 1810
f 1703 1534 1808
f 1808 1534 1048
f 1534 2276 1048
f 2276 1225 1048
f 1703 2274 1534
f 1809 1974 2275
f 2275 1974 1976
f 2452 2611 2277
f 1976 2452 2277
f 1974 2452 1976
f 1811 2611 2452
f 548 735 1812
f 1225 1050 1810
f 1810 1050 548
f 1050 2278 548
f 2278 735 548
f 1225 2276 1050
f 2611 2454 2277
f 1811 2926 2611
f 2926 2454 2611
f 2926 2928 2454
f 3412 3577 2279
f 2928 3412 2279
f 2926 3412 2928
f 82 253 3577
f 82 3577 3412
f 735 550 1812
f 1812 550 82
f 550 2280 82
f 2280 253 82
f 735 2278 550
f 3577 3414 2279
f 3414 3577 84
f 84 3577 253
f 253 2280 84
f 2120 1989 1813
f 2594 2467 2120
f 2120 2467 1989
f 3064 2941 2594
f 2594 2941 2467
f 3546 3427 3064
f 3064 3427 2941
f 3546 1814 3427
f 1654 1515 1815
f 1991 2120 1813
f 1991 1813 1515
f 2281 1991 1515
f 1654 2281 1515
f 2120 1991 2469
f 2120 2469 2594
f 2594 2469 2943
f 2594 2943 3064
f 3064 2943 3429
f 3064 3429 3546
f 97 1814 3546
f 3429 97 3546
f 99 97 3429
f 710 563 2282
f 563 99 2282
f 563 97 99
f 710 1816 563
f 1654 1815 1517
f 1815 2283 1517
f 1815 1817 2283
f 2281 1654 1517
f 565 710 2282
f 1063 1816 710
f 565 1063 710
f 1065 1063 565
f 1065 1547 1063
f 1549 1547 1065
f 1549 2284 1547
f 1547 2284 1818
f 2285 1817 1819
f 2285 2283 1817
f 2017 1818 2284
f 2017 2284 2019
f 2019 2286 2017
f 2017 2286 1820
f 2287 1819 1821
f 2287 2285 1819
f 2489 1820 2286
f 2489 2286 2491
f 2491 2288 2489
f 2489 2288 1822
f 2289 1821 1823
f 2289 2287 1821
f 2288 2971 3119
f 1824 2288 3119
f 1822 2288 1824
f 2971 2290 3119
f 2291 1823 1825
f 2291 2289 1823
f 3121 1826 1824
f 3121 1824 3119
f 3119 2290 3121
f 3121 2290 2292
f 2293 1825 1827
f 2293 2291 1825
f 1826 3121 2972
f 2294 1826 2972
f 1828 1826 2294
f 3121 2292 2972
f 2295 1827 1829
f 2295 2293 1827
f 2490 2645 1830
f 2490 1828 2645
f 1828 2296 2645
f 1828 2294 2296
f 2297 1829 1831
f 2297 2295 1829
f 2020 2298 2174
f 2492 2020 2174
f 1830 2492 2174
f 1832 1830 2174
f 2492 1830 2645
f 2645 2296 2492
f 2299 1831 1833
f 2299 2297 1831
f 1550 2300 1720
f 2174 2298 1550
f 2174 1550 1720
f 2018 2174 1720
f 1834 2018 1720
f 1832 2174 2018
f 1833 1516 2299
f 2299 1516 1518
f 2301 1518 1516
f 2301 1516 1835
f 1066 2302 1244
f 1720 2300 1066
f 1720 1066 1244
f 1548 1720 1244
f 1836 1548 1244
f 1834 1720 1548
f 1835 1990 2301
f 2301 1990 1992
f 1990 1837 2626
f 2470 1990 2626
f 1992 1990 2470
f 2303 2470 2626
f 566 2304 750
f 1244 2302 566
f 1244 566 750
f 1064 1244 750
f 1838 1064 750
f 1836 1244 1064
f 2468 2626 1837
f 2944 2303 3106
f 3106 2303 1839
f 2303 2626 1839
f 2626 2468 1839
f 2944 3106 3590
f 2944 3590 3430
f 3430 3590 266
f 3430 266 100
f 750 2304 100
f 750 100 266
f 564 750 266
f 1840 564 266
f 1838 750 564
f 2942 3106 1839
f 3428 3590 2942
f 2942 3590 3106
f 98 266 3428
f 3428 266 3590
f 1840 266 98
f 3550 3443 1841
f 3550 1842 3443
f 2600 2483 1843
f 2305 2959 2600
f 2959 2483 2600
f 2959 2957 2483
f 3445 3550 1841
f 2957 3445 1841
f 2959 3445 2957
f 113 1842 3550
f 3445 113 3550
f 115 113 3445
f 115 579 113
f 581 579 115
f 581 1079 579
f 1081 1079 581
f 1081 1563 1079
f 1565 1563 1081
f 1565 2306 1563
f 1563 2306 1844
f 2600 1843 2485
f 1843 2307 2485
f 1843 1845 2307
f 2305 2600 2485
f 2033 1844 2306
f 2033 2306 2035
f 2035 2505 2033
f 2507 2505 2035
f 2507 2985 2505
f 2987 2985 2507
f 2987 3465 2985
f 3467 3465 2987
f 3467 135 3465
f 137 135 3467
f 137 2308 135
f 135 2308 1846
f 2309 1845 1847
f 2309 2307 1845
f 611 1846 2308
f 611 2308 613
f 613 2310 611
f 611 2310 1848
f 2311 1847 1849
f 2311 2309 1847
f 1848 2312 1850
f 2310 2312 1848
f 2313 1849 1851
f 2313 2311 1849
f 1850 2314 1852
f 2312 2314 1850
f 1851 2484 2313
f 2313 2484 2486
f 2315 2486 2484
f 2315 2484 1853
f 1852 2316 1854
f 2314 2316 1852
f 1853 2958 2315
f 2315 2958 2960
f 3444 2960 2958
f 3444 3446 2960
f 114 3446 3444
f 114 116 3446
f 2317 116 114
f 2317 114 1855
f 614 2318 1856
f 614 1856 612
f 612 1854 614
f 614 1854 2316
f 1855 580 2317
f 2317 580 582
f 1080 582 580
f 1080 1082 582
f 1564 1082 1080
f 1564 1566 1082
f 2034 1566 1564
f 2034 2036 1566
f 2506 2036 2034
f 2506 2508 2036
f 2986 2508 2506
f 2986 2988 2508
f 3466 2988 2986
f 3466 3468 2988
f 136 3468 3466
f 136 138 3468
f 136 1856 138
f 138 1856 2318
f 2319 2051 2151
f 2151 2051 2627
f 2627 2051 2523
f 2627 2523 3107
f 3107 2523 3003
f 3107 3003 3591
f 3591 3003 3483
f 3591 3483 267
f 267 3483 153
f 153 2320 267
f 2321 1581 1857
f 1857 1581 1579
f 1581 2319 2151
f 2049 1581 2151
f 1579 1581 2049
f 2627 2521 2049
f 2627 2049 2151
f 3107 3001 2521
f 3107 2521 2627
f 3591 3481 3001
f 3591 3001 3107
f 267 151 3481
f 267 3481 3591
f 2320 629 753
f 2320 753 1858
f 267 2320 1858
f 151 267 1858
f 629 2322 753
f 2323 1097 1859
f 1859 1097 1095
f 1857 1095 1097
f 1857 1097 2321
f 753 627 1858
f 627 753 2322
f 1121 627 2322
f 1119 627 1121
f 1121 2324 1119
f 1119 2324 1860
f 716 595 1861
f 1859 595 716
f 2325 1859 716
f 2323 1859 2325
f 1601 1860 2324
f 1601 2324 1603
f 1603 2326 1601
f 1601 2326 1862
f 716 1861 597
f 1861 2327 597
f 1861 1863 2327
f 2325 716 597
f 2069 1862 2326
f 2069 2326 2071
f 2071 2328 2069
f 2069 2328 1864
f 238 129 1865
f 1863 129 238
f 2329 1863 238
f 2327 1863 2329
f 1864 2330 1866
f 2328 2330 1864
f 1867 242 1865
f 1865 242 238
f 2329 238 242
f 2329 242 2331
f 2330 2539 2659
f 1868 2330 2659
f 1866 2330 1868
f 2539 2332 2659
f 130 242 1867
f 2331 242 130
f 1869 2331 130
f 2333 2331 1869
f 2663 1870 1868
f 2663 1868 2659
f 2659 2332 2663
f 2663 2332 2334
f 737 2335 596
f 2335 1869 596
f 2335 2333 1869
f 1871 737 596
f 2665 1872 1870
f 2665 1870 2663
f 2663 2334 2665
f 2665 2334 2336
f 737 598 2335
f 1237 2337 1096
f 1096 2337 1871
f 2337 598 1871
f 598 737 1871
f 1873 1237 1096
f 2070 2199 1874
f 2665 2540 1872
f 1872 2540 2070
f 2540 2338 2070
f 2338 2199 2070
f 2665 2336 2540
f 1237 1098 2337
f 1723 2339 1580
f 1580 2339 1873
f 2339 1098 1873
f 1098 1237 1873
f 1875 1723 1580
f 1602 1741 1876
f 2199 2072 1874
f 1874 2072 1602
f 2072 2340 1602
f 2340 1741 1602
f 2199 2338 2072
f 1723 1582 2339
f 1875 2050 1723
f 2050 1582 1723
f 2050 2052 1582
f 2341 2052 2050
f 2341 2050 1877
f 3004 2342 3132
f 3004 3132 1878
f 3482 3004 1878
f 3484 3004 3482
f 152 3484 3482
f 152 154 3484
f 628 154 152
f 628 630 154
f 1120 630 628
f 1120 1122 630
f 1741 1604 1876
f 1604 1120 1876
f 1604 1122 1120
f 1741 2340 1604
f 1877 2522 2341
f 2341 2522 2524
f 2342 2524 3132
f 2524 3002 3132
f 2524 2522 3002
f 1878 3132 3002
f 2343 1137 1251
f 1137 2344 1251
f 2345 169 1879
f 1879 169 167
f 169 643 167
f 645 643 169
f 645 2343 1251
f 1135 645 1251
f 643 645 1135
f 1135 1251 2344
f 1619 1135 2344
f 1617 1135 1619
f 1880 1617 2185
f 1617 2087 2185
f 1617 1619 2087
f 2087 2346 2185
f 3600 3497 1881
f 1879 3497 3600
f 2347 1879 3600
f 2345 1879 2347
f 2185 2085 1880
f 2185 2346 2085
f 2346 1882 2085
f 2346 2348 1882
f 3600 1881 3499
f 1881 2349 3499
f 1881 1883 2349
f 2347 3600 3499
f 2553 1882 2348
f 2553 2348 2555
f 2555 2350 2553
f 2553 2350 1884
f 3122 3017 1885
f 1883 3017 3122
f 2351 1883 3122
f 2349 1883 2351
f 2350 3023 3139
f 1886 2350 3139
f 1884 2350 1886
f 3023 2352 3139
f 2644 2537 1887
f 2537 2644 1885
f 2644 3122 1885
f 2644 3124 3122
f 2351 3122 3124
f 2351 3124 2353
f 3139 3021 1886
f 2352 3503 3619
f 2352 3619 1888
f 3139 2352 1888
f 3021 3139 1888
f 3503 2354 3619
f 2538 2644 1887
f 1889 3126 2538
f 3126 2644 2538
f 3126 3124 2644
f 2353 3124 3126
f 2353 3126 2355
f 3619 3501 1888
f 3619 2354 3501
f 2354 1890 3501
f 2354 2356 1890
f 3018 3126 1889
f 3500 2355 3610
f 3610 2355 1891
f 2355 3126 1891
f 3126 3018 1891
f 3500 3610 286
f 3500 286 170
f 2357 170 286
f 2356 179 295
f 1892 2356 295
f 1890 2356 1892
f 179 2358 295
f 3498 3610 1891
f 168 286 3498
f 3498 286 3610
f 286 168 2357
f 168 646 2357
f 168 644 646
f 2359 646 644
f 2359 644 1893
f 3502 3625 1894
f 3625 3502 1892
f 295 3625 1892
f 297 3625 295
f 657 777 2358
f 777 295 2358
f 777 297 295
f 657 2360 777
f 1893 1136 2359
f 2359 1136 1138
f 1618 1743 2361
f 1138 1618 2361
f 1136 1618 1138
f 2086 2205 1743
f 2086 1743 1618
f 2554 2671 2205
f 2554 2205 2086
f 3022 3149 2671
f 3022 2671 2554
f 3149 3022 1894
f 3625 3149 1894
f 3627 3149 3625
f 3625 299 3627
f 3625 297 299
f 297 779 299
f 297 777 779
f 777 2360 779
f 779 2360 2362
f 1743 1620 2361
f 1620 1743 2088
f 2088 1743 2205
f 2088 2205 2556
f 2556 2205 2671
f 2556 2671 3024
f 3024 2671 3149
f 3024 3149 3504
f 3504 3149 3627
f 3504 3627 2363
f 3627 301 2363
f 3627 299 301
f 2364 301 658
f 301 779 658
f 301 299 779
f 779 2362 658
f 301 180 2363
f 301 2364 180
f 2673 2841 3043
f 3043 2841 2207
f 2841 3329 2207
f 2841 3331 3329
f 3331 7 3329
f 9 7 3331
f 9 473 7
f 475 473 9
f 475 2674 473
f 473 2674 2208
f 2675 2367 2575
f 2673 3043 2367
f 2367 3043 2575
f 3043 2839 2575
f 2839 2209 2575
f 3043 2207 2839
f 967 2208 2674
f 967 2674 969
f 969 2676 967
f 967 2676 2210
f 2365 2211 2575
f 2211 2675 2575
f 2211 2677 2675
f 2575 2209 2365
f 2676 1455 1663
f 2212 2676 1663
f 2210 2676 2212
f 1455 2678 1663
f 2679 2211 2213
f 2679 2677 2211
f 1665 2214 2212
f 1665 2212 1663
f 1663 2678 1665
f 1665 2678 2680
f 2581 2681 2366
f 2681 2213 2366
f 2681 2679 2213
f 2215 2581 2366
f 1669 2216 2214
f 1669 2214 1665
f 1665 2680 1669
f 1669 2680 2682
f 2581 2368 2681
f 3055 2683 2840
f 2840 2683 2215
f 2683 2368 2215
f 2368 2581 2215
f 2217 3055 2840
f 968 1195 2218
f 1669 1456 2216
f 2216 1456 968
f 1456 2684 968
f 2684 1195 968
f 1669 2682 1456
f 3055 2842 2683
f 2217 3330 3055
f 3330 2842 3055
f 3330 3332 2842
f 8 3332 3330
f 8 10 3332
f 474 10 8
f 474 476 10
f 1195 970 2218
f 970 474 2218
f 970 476 474
f 1195 2684 970
f 2685 941 2219
f 2219 941 939
f 941 1429 939
f 1431 1429 941
f 1431 1903 1429
f 1905 1903 1431
f 1905 2381 1903
f 2383 2381 1905
f 2383 2686 2381
f 2381 2686 2220
f 2687 1945 2127
f 2127 1945 2601
f 2601 1945 2423
f 2601 2423 2221
f 2423 2895 2221
f 2423 2897 2895
f 2897 3387 2895
f 3389 3387 2897
f 3389 65 3387
f 67 65 3389
f 718 533 2688
f 533 67 2688
f 533 65 67
f 1212 1035 718
f 718 1035 533
f 1212 2222 1035
f 2689 463 2223
f 2223 463 461
f 2219 461 463
f 2219 463 2685
f 2855 2220 2686
f 2855 2686 2857
f 2857 3345 2855
f 3347 3345 2857
f 3347 23 3345
f 25 23 3347
f 25 489 23
f 491 489 25
f 491 983 489
f 985 983 491
f 985 1469 983
f 1471 1469 985
f 1471 2687 2127
f 1943 1471 2127
f 1469 1471 1943
f 2601 2421 1943
f 2601 1943 2127
f 2601 2221 2421
f 535 718 2688
f 718 535 1037
f 718 1037 1212
f 2690 1698 1527
f 2690 1527 2222
f 1037 2690 2222
f 1212 1037 2222
f 1698 2224 1527
f 2691 2223 2225
f 2691 2689 2223
f 1529 1698 2690
f 1529 2692 1698
f 2692 2224 1698
f 2692 2226 2224
f 2693 2225 2227
f 2693 2691 2225
f 2226 2694 2228
f 2692 2694 2226
f 2695 2227 2229
f 2695 2693 2227
f 2228 2696 2230
f 2694 2696 2228
f 2229 462 2695
f 2695 462 464
f 2697 464 462
f 2697 462 2231
f 1530 2698 1714
f 1714 2232 1530
f 2232 2696 1530
f 2232 2230 2696
f 2231 940 2697
f 2697 940 942
f 2699 942 940
f 2699 940 2233
f 3390 2700 3580
f 3390 3580 258
f 3390 258 68
f 68 258 744
f 68 744 536
f 536 744 1240
f 536 1240 1038
f 1714 2698 1038
f 1714 1038 1240
f 1528 1714 1240
f 2234 1528 1240
f 2232 1714 1528
f 2233 1430 2699
f 2699 1430 1432
f 1904 1432 1430
f 1904 1906 1432
f 2701 1906 1904
f 2701 1904 2235
f 2424 2702 2236
f 2424 2236 2422
f 2896 2424 2422
f 2896 2898 2424
f 2700 2898 3580
f 2898 3388 3580
f 2898 2896 3388
f 66 258 3388
f 3388 258 3580
f 534 744 66
f 66 744 258
f 1036 1240 534
f 534 1240 744
f 2234 1240 1036
f 2235 2382 2701
f 2701 2382 2384
f 2856 2384 2382
f 2856 2858 2384
f 3346 3543 2703
f 2858 3346 2703
f 2856 3346 2858
f 24 219 3543
f 24 3543 3346
f 490 705 219
f 490 219 24
f 984 1201 705
f 984 705 490
f 1472 2704 1201
f 984 1472 1201
f 1470 1472 984
f 1944 1472 1470
f 1944 1946 1472
f 1944 2236 1946
f 1946 2236 2702
f 3543 3348 2703
f 3348 3543 26
f 26 3543 219
f 26 219 492
f 492 219 705
f 492 705 986
f 986 705 1201
f 1201 2704 986
f 2705 1921 2237
f 2237 1921 1919
f 1921 2397 1919
f 2399 2397 1921
f 2399 2871 2397
f 2873 2871 2399
f 2238 2871 3521
f 2871 3363 3521
f 2871 2873 3363
f 3521 3363 197
f 197 3363 41
f 197 41 2239
f 41 505 2239
f 41 507 505
f 507 999 505
f 1001 999 507
f 1001 1485 999
f 1487 1485 1001
f 1487 1959 1485
f 1961 1959 1487
f 1961 2706 1959
f 1959 2706 2240
f 2707 1447 2241
f 2241 1447 1445
f 2237 1445 1447
f 2237 1447 2705
f 3521 3361 2238
f 197 39 3361
f 197 3361 3521
f 197 2239 39
f 2437 2240 2706
f 2437 2706 2439
f 2439 2708 2437
f 2437 2708 2242
f 2709 2241 2243
f 2709 2707 2241
f 2242 2710 2244
f 2708 2710 2242
f 2711 957 2245
f 2245 957 955
f 2243 955 957
f 2243 957 2709
f 2244 2712 2246
f 2710 2712 2244
f 2713 2245 2247
f 2713 2711 2245
f 2911 2246 2712
f 2911 2712 2913
f 2913 2714 2911
f 2911 2714 2248
f 2715 2247 2249
f 2715 2713 2247
f 2914 2716 3082
f 3082 2250 2914
f 2250 2714 2914
f 2250 2248 2714
f 2717 2249 2251
f 2717 2715 2249
f 2718 3086 3082
f 2718 3082 2716
f 2250 3082 2252
f 2252 3082 3086
f 2719 2251 2253
f 2719 2717 2251
f 2720 3090 3086
f 2720 3086 2718
f 2252 3086 2254
f 2254 3086 3090
f 2253 956 2719
f 2719 956 958
f 2721 958 956
f 2721 956 2255
f 2440 2722 2618
f 3090 2720 2440
f 3090 2440 2618
f 2912 3090 2618
f 2256 2912 2618
f 2254 3090 2912
f 2255 1446 2721
f 2721 1446 1448
f 1920 1448 1446
f 1920 1922 1448
f 2398 1922 1920
f 2398 2400 1922
f 2872 2400 2398
f 2872 2874 2400
f 3362 2874 2872
f 3362 3364 2874
f 40 3364 3362
f 40 42 3364
f 506 42 40
f 506 508 42
f 506 2257 1200
f 1002 506 1200
f 508 506 1002
f 1002 1200 1682
f 1002 1682 1488
f 1488 1682 2148
f 1488 2148 1962
f 2618 2722 1962
f 2618 1962 2148
f 2438 2618 2148
f 2258 2438 2148
f 2256 2618 2438
f 1000 1200 2257
f 1486 1682 1000
f 1000 1682 1200
f 1960 2148 1486
f 1486 2148 1682
f 2258 2148 1960
f 2723 1503 2259
f 2259 1503 1501
f 1503 1975 1501
f 1977 1975 1503
f 1977 2453 1975
f 2455 2453 1977
f 2455 2927 2453
f 2929 2927 2455
f 2929 2724 2927
f 2927 2724 2260
f 680 521 2261
f 2725 1017 680
f 1017 521 680
f 1017 1015 521
f 2259 1015 1017
f 2259 1017 2723
f 3413 2260 2724
f 3413 2724 3415
f 222 83 2726
f 83 3415 2726
f 83 3413 3415
f 222 2262 83
f 196 55 2263
f 523 680 2261
f 523 2261 55
f 2727 523 55
f 196 2727 55
f 2725 680 523
f 85 222 2726
f 549 2262 222
f 85 549 222
f 551 549 85
f 551 1049 549
f 1051 1049 551
f 1051 2728 1049
f 1049 2728 2264
f 3522 3377 2265
f 3377 3522 2263
f 3522 196 2263
f 3522 198 196
f 2727 196 198
f 2727 198 2729
f 1533 2264 2728
f 1533 2728 1535
f 1535 2730 1533
f 1533 2730 2266
f 2267 3524 2265
f 2265 3524 3522
f 200 3522 3524
f 198 3522 200
f 2729 198 200
f 2729 200 2731
f 2730 2005 2157
f 2268 2730 2157
f 2266 2730 2268
f 2005 2732 2157
f 2269 3528 2267
f 2267 3528 3524
f 204 3524 3528
f 200 3524 204
f 2731 200 204
f 2731 204 2733
f 2157 2003 2268
f 2157 2732 2003
f 2732 2270 2003
f 2732 2734 2270
f 3378 3528 2269
f 2271 206 3378
f 206 3528 3378
f 206 204 3528
f 2733 204 206
f 2733 206 2735
f 2270 2736 2272
f 2734 2736 2270
f 56 206 2271
f 524 2735 694
f 694 2735 2273
f 2735 206 2273
f 206 56 2273
f 2737 524 694
f 2004 2167 2274
f 2004 2272 2167
f 2272 2738 2167
f 2272 2736 2738
f 522 694 2273
f 694 522 2737
f 522 1018 2737
f 522 1016 1018
f 1502 1667 2739
f 1018 1502 2739
f 1016 1502 1018
f 2275 1667 1502
f 1534 1707 2276
f 2167 2006 2274
f 2274 2006 1534
f 2006 2740 1534
f 2740 1707 1534
f 2167 2738 2006
f 1667 1504 2739
f 2137 2741 1976
f 1976 2741 2275
f 2741 1504 2275
f 1504 1667 2275
f 2277 2137 1976
f 1050 1229 2278
f 1707 1536 2276
f 2276 1536 1050
f 1536 2742 1050
f 2742 1229 1050
f 1707 2740 1536
f 2137 1978 2741
f 2615 2743 2454
f 2454 2743 2277
f 2743 1978 2277
f 1978 2137 2277
f 2928 3091 2615
f 2928 2615 2454
f 2279 3091 2928
f 550 741 2280
f 1229 1052 2278
f 2278 1052 550
f 1052 2744 550
f 2744 741 550
f 1229 2742 1052
f 2619 2745 2615
f 2615 2745 2743
f 2615 3097 2619
f 2615 3091 3097
f 3091 2279 3414
f 3583 3091 3414
f 3097 3091 3583
f 84 259 3583
f 84 3583 3414
f 259 84 2280
f 741 259 2280
f 745 259 741
f 741 2744 745
f 745 2744 2746
f 2619 2456 2745
f 2456 2619 2930
f 2930 2619 3097
f 2930 3097 2747
f 3097 3585 2747
f 3097 3583 3585
f 3583 261 3585
f 3583 259 261
f 259 747 261
f 259 745 747
f 745 2746 747
f 747 2746 2748
f 3585 3416 2747
f 3416 3585 86
f 86 3585 261
f 86 261 552
f 552 261 747
f 747 2748 552
f 2122 1991 2281
f 2749 2471 2122
f 2471 1991 2122
f 2471 2469 1991
f 2471 2943 2469
f 2945 2943 2471
f 2945 3429 2943
f 3431 3429 2945
f 224 99 2750
f 99 3431 2750
f 99 3429 3431
f 224 2282 99
f 1656 1517 2283
f 1993 2122 2281
f 1993 2281 1517
f 2751 1993 1517
f 1656 2751 1517
f 2749 2122 1993
f 101 224 2750
f 565 2282 224
f 101 565 224
f 567 565 101
f 1206 1065 2752
f 1065 567 2752
f 1065 565 567
f 1690 1549 1206
f 1206 1549 1065
f 1690 2284 1549
f 1656 2283 1519
f 2283 2753 1519
f 2283 2285 2753
f 2751 1656 1519
f 1067 1206 2752
f 1206 1067 1551
f 1206 1551 1690
f 2019 2284 1690
f 1551 2019 1690
f 2021 2019 1551
f 2021 2754 2019
f 2019 2754 2286
f 2755 2285 2287
f 2755 2753 2285
f 2491 2286 2754
f 2491 2754 2493
f 2288 2491 3115
f 2491 2973 3115
f 2491 2493 2973
f 2973 2756 3115
f 2757 2287 2289
f 2757 2755 2287
f 3115 2971 2288
f 3115 2756 2971
f 2756 2290 2971
f 2756 2758 2290
f 2759 2289 2291
f 2759 2757 2289
f 2290 2760 2292
f 2758 2760 2290
f 2761 2291 2293
f 2761 2759 2291
f 2972 3123 2294
f 2972 2292 3123
f 2292 2762 3123
f 2292 2760 2762
f 2763 2293 2295
f 2763 2761 2293
f 2294 3123 2974
f 2764 2294 2974
f 2296 2294 2764
f 3123 2762 2974
f 2765 2295 2297
f 2765 2763 2295
f 1552 2766 1716
f 1552 1716 2298
f 2020 1552 2298
f 2022 1552 2020
f 2492 2022 2020
f 2492 2494 2022
f 2492 2296 2494
f 2494 2296 2764
f 2767 2297 2299
f 2767 2765 2297
f 1068 2768 1242
f 1716 2766 1068
f 1716 1068 1242
f 1550 1716 1242
f 2300 1550 1242
f 2298 1716 1550
f 2299 1518 2767
f 2767 1518 1520
f 2769 1520 1518
f 2769 1518 2301
f 568 2770 748
f 1242 2768 568
f 1242 568 748
f 1066 1242 748
f 2302 1066 748
f 2300 1242 1066
f 2301 1992 2769
f 2769 1992 1994
f 2470 1994 1992
f 2470 2472 1994
f 2470 2303 3104
f 2946 2470 3104
f 2472 2470 2946
f 2946 3104 3588
f 2946 3588 3432
f 3432 3588 264
f 3432 264 102
f 748 2770 102
f 748 102 264
f 566 748 264
f 2304 566 264
f 2302 748 566
f 2944 3104 2303
f 3430 3588 2944
f 2944 3588 3104
f 100 264 3430
f 3430 264 3588
f 2304 264 100
f 2771 3447 3551
f 3551 3447 227
f 227 3447 117
f 227 117 713
f 713 117 583
f 583 2772 713
f 2773 2961 2305
f 2305 2961 2959
f 2961 2771 3551
f 3445 2961 3551
f 2959 2961 3445
f 227 115 3445
f 227 3445 3551
f 713 581 115
f 713 115 227
f 581 713 2772
f 1083 581 2772
f 1081 581 1083
f 1083 1565 1081
f 1567 1565 1083
f 2306 1565 2161
f 1565 2037 2161
f 1565 1567 2037
f 2037 2774 2161
f 2775 2487 2307
f 2307 2487 2485
f 2305 2485 2487
f 2305 2487 2773
f 2161 2035 2306
f 2035 2161 2774
f 2509 2035 2774
f 2507 2035 2509
f 2509 2987 2507
f 2989 2987 2509
f 2989 3467 2987
f 3469 3467 2989
f 3469 137 3467
f 139 137 3469
f 139 2776 137
f 137 2776 2308
f 2777 2307 2309
f 2777 2775 2307
f 613 2308 2776
f 613 2776 615
f 615 2778 613
f 613 2778 2310
f 2779 2309 2311
f 2779 2777 2309
f 2310 2780 2312
f 2778 2780 2310
f 2488 2779 2608
f 2779 2313 2608
f 2779 2311 2313
f 2781 2488 2608
f 2312 2782 2314
f 2780 2782 2312
f 2486 2608 2313
f 2962 2781 3088
f 3088 2781 2315
f 2781 2608 2315
f 2608 2486 2315
f 2783 2962 3088
f 2314 2784 2316
f 2782 2784 2314
f 2960 3088 2315
f 3088 2960 2783
f 2960 3448 2783
f 2960 3446 3448
f 116 3448 3446
f 116 118 3448
f 2785 118 116
f 2785 116 2317
f 616 2786 2318
f 616 2318 614
f 614 2316 616
f 616 2316 2784
f 2317 582 2785
f 2785 582 584
f 1082 584 582
f 1082 1084 584
f 1566 1084 1082
f 1566 1568 1084
f 2036 1568 1566
f 2036 2038 1568
f 2508 2038 2036
f 2508 2510 2038
f 2988 2510 2508
f 2988 2990 2510
f 3468 2990 2988
f 3468 3470 2990
f 138 3470 3468
f 138 140 3470
f 138 2318 140
f 140 2318 2786
f 2787 2053 2319
f 2319 2053 2051
f 2053 2523 2051
f 2525 2523 2053
f 2525 3003 2523
f 3005 3003 2525
f 3005 3483 3003
f 3485 3483 3005
f 3485 153 3483
f 155 153 3485
f 155 2788 153
f 153 2788 2320
f 2789 1583 2321
f 2321 1583 1581
f 2319 1581 1583
f 2319 1583 2787
f 629 2320 2788
f 629 2788 631
f 2322 629 1247
f 629 1123 1247
f 629 631 1123
f 1123 2790 1247
f 2791 1099 2323
f 2323 1099 1097
f 2321 1097 1099
f 2321 1099 2789
f 1247 1121 2322
f 1247 2790 1121
f 2790 2324 1121
f 2790 2792 2324
f 2793 2323 2325
f 2793 2791 2323
f 1603 2324 2792
f 1603 2792 1605
f 1605 2794 1603
f 1603 2794 2326
f 2795 599 2327
f 2327 599 597
f 2325 597 599
f 2325 599 2793
f 2071 2326 2794
f 2071 2794 2073
f 2073 2796 2071
f 2071 2796 2328
f 2797 2327 2329
f 2797 2795 2327
f 2328 2798 2330
f 2796 2798 2328
f 2799 2329 2331
f 2799 2797 2329
f 2539 2330 2798
f 2539 2798 2541
f 2541 2800 2539
f 2539 2800 2332
f 2801 2331 2333
f 2801 2799 2331
f 2332 2802 2334
f 2800 2802 2332
f 2803 2333 2335
f 2803 2801 2333
f 2334 2804 2336
f 2802 2804 2334
f 2335 598 2803
f 2803 598 600
f 2805 600 598
f 2805 598 2337
f 2540 2667 2338
f 2540 2336 2667
f 2336 2806 2667
f 2336 2804 2806
f 2337 1098 2805
f 2805 1098 1100
f 2807 1100 1098
f 2807 1098 2339
f 2072 2201 2340
f 2667 2542 2338
f 2338 2542 2072
f 2542 2808 2072
f 2808 2201 2072
f 2667 2806 2542
f 2339 1582 2807
f 2807 1582 1584
f 2052 2183 2809
f 1584 2052 2809
f 1582 2052 1584
f 2341 2183 2052
f 3004 3133 2342
f 3486 2810 3133
f 3004 3486 3133
f 3484 3486 3004
f 154 3486 3484
f 154 156 3486
f 630 156 154
f 630 632 156
f 1122 632 630
f 1122 1124 632
f 1604 1124 1122
f 1604 1606 1124
f 2201 2074 2340
f 2074 1604 2340
f 2074 1606 1604
f 2201 2808 2074
f 2183 2054 2809
f 2341 2524 2183
f 2524 2054 2183
f 2524 2526 2054
f 3133 3006 2342
f 3006 2524 2342
f 3006 2526 2524
f 3133 2810 3006
f 2811 1139 2343
f 2343 1139 1137
f 1139 2812 1137
f 1137 2812 2344
f 2813 171 2345
f 2345 171 169
f 171 645 169
f 647 645 171
f 2343 645 647
f 2343 647 2811
f 1619 2344 2812
f 1619 2812 1621
f 1621 2087 1619
f 2089 2087 1621
f 2089 2814 2087
f 2087 2814 2346
f 2815 2345 2347
f 2815 2813 2345
f 2814 2557 2655
f 2348 2814 2655
f 2346 2814 2348
f 2557 2816 2655
f 3602 3499 2349
f 2347 3499 3602
f 2817 2347 3602
f 2815 2347 2817
f 2655 2555 2348
f 2655 2816 2555
f 2816 2350 2555
f 2816 2818 2350
f 2351 3604 2349
f 2349 3604 3602
f 2817 3602 3604
f 2817 3604 2819
f 3023 2350 2818
f 3023 2818 3025
f 3025 2820 3023
f 3023 2820 2352
f 2353 3606 2351
f 2351 3606 3604
f 2819 3604 3606
f 2819 3606 2821
f 3503 2352 2820
f 3503 2820 3505
f 3505 2822 3503
f 3503 2822 2354
f 2355 3608 2353
f 2353 3608 3606
f 2821 3606 3608
f 2821 3608 2823
f 2822 181 293
f 2356 2822 293
f 2354 2822 2356
f 181 2824 293
f 3500 3608 2355
f 3608 3500 2823
f 3500 172 2823
f 3500 170 172
f 2825 172 170
f 2825 170 2357
f 293 179 2356
f 2824 659 775
f 2824 775 2358
f 293 2824 2358
f 179 293 2358
f 659 2826 775
f 2357 646 2825
f 2825 646 648
f 2827 648 646
f 2827 646 2359
f 775 657 2358
f 2826 1149 1271
f 2826 1271 2360
f 775 2826 2360
f 657 775 2360
f 1149 2828 1271
f 2359 1138 2827
f 2827 1138 1140
f 2829 1140 1138
f 2829 1138 2361
f 1273 2362 2360
f 1273 2360 1271
f 1271 2828 1273
f 1273 2828 2830
f 2361 1620 2829
f 2829 1620 1622
f 2088 1622 1620
f 2088 2090 1622
f 2556 2090 2088
f 2556 2558 2090
f 3024 3151 2831
f 2558 3024 2831
f 2556 3024 2558
f 3504 3629 3151
f 3504 3151 3024
f 2363 3629 3504
f 658 781 2364
f 781 658 2362
f 1273 781 2362
f 1275 781 1273
f 1273 2830 1275
f 1275 2830 2832
f 3151 3026 2831
f 3026 3151 3506
f 3506 3151 3629
f 303 2833 180
f 180 2833 2363
f 2833 3506 2363
f 3506 3629 2363
f 781 660 2364
f 2364 660 180
f 660 2834 180
f 2834 303 180
f 660 781 1150
f 1150 781 1275
f 1275 2832 1150
f 303 182 2833
f 303 2834 182
f 3155 2843 2673
f 2673 2843 2841
f 2843 3331 2841
f 3333 3331 2843
f 3333 9 3331
f 11 9 3333
f 688 475 3156
f 475 11 3156
f 475 9 11
f 688 2674 475
f 3157 2369 2675
f 2675 2369 2367
f 2673 2367 2369
f 2673 2369 3155
f 477 688 3156
f 969 2674 688
f 477 969 688
f 971 969 477
f 971 3158 969
f 969 3158 2676
f 3159 2675 2677
f 3159 3157 2675
f 1455 2676 3158
f 1455 3158 1457
f 1457 3160 1455
f 1455 3160 2678
f 3161 2677 2679
f 3161 3159 2677
f 3160 1931 2133
f 2680 3160 2133
f 2678 3160 2680
f 1931 3162 2133
f 3163 2679 2681
f 3163 3161 2679
f 2135 2682 2680
f 2135 2680 2133
f 2133 3162 2135
f 2135 3162 3164
f 2681 2368 3163
f 3163 2368 2370
f 3165 2370 2368
f 3165 2368 2683
f 1456 1673 2684
f 2135 1932 2682
f 2682 1932 1456
f 1932 3166 1456
f 3166 1673 1456
f 2135 3164 1932
f 2683 2842 3165
f 3165 2842 2844
f 3332 2844 2842
f 3332 3334 2844
f 10 3334 3332
f 10 12 3334
f 476 12 10
f 476 478 12
f 970 478 476
f 970 972 478
f 1673 1458 2684
f 1458 970 2684
f 1458 972 970
f 1673 3166 1458
f 1160 941 2685
f 3167 1433 1160
f 1433 941 1160
f 1433 1431 941
f 1433 1905 1431
f 1907 1905 1433
f 1907 2383 1905
f 2385 2383 1907
f 2686 2383 3045
f 2383 2859 3045
f 2383 2385 2859
f 2859 3168 3045
f 3169 1947 2687
f 2687 1947 1945
f 1947 2423 1945
f 2425 2423 1947
f 2425 2897 2423
f 2899 2897 2425
f 2899 3389 2897
f 3391 3389 2899
f 232 67 3170
f 67 3391 3170
f 67 3389 3391
f 232 2688 67
f 672 463 2689
f 943 1160 2685
f 943 2685 463
f 3171 943 463
f 672 3171 463
f 3167 1160 943
f 3045 2857 2686
f 2857 3045 3168
f 3349 2857 3168
f 3347 2857 3349
f 3349 25 3347
f 27 25 3349
f 27 491 25
f 493 491 27
f 493 985 491
f 987 985 493
f 987 1471 985
f 1473 1471 987
f 2687 1471 1473
f 2687 1473 3169
f 69 232 3170
f 535 2688 232
f 69 535 232
f 537 535 69
f 1216 1037 3172
f 1037 537 3172
f 1037 535 537
f 1216 2690 1037
f 672 2689 465
f 2689 3173 465
f 2689 2691 3173
f 3171 672 465
f 1039 1216 3172
f 3174 1702 1529
f 3174 1529 2690
f 1039 3174 2690
f 1216 1039 2690
f 1702 2692 1529
f 3175 2691 2693
f 3175 3173 2691
f 3176 1706 1702
f 3176 1702 3174
f 2692 1702 2694
f 2694 1702 1706
f 466 3175 678
f 3175 2695 678
f 3175 2693 2695
f 3177 466 678
f 3178 1710 1706
f 3178 1706 3176
f 2694 1706 2696
f 2696 1706 1710
f 464 678 2695
f 944 3177 1170
f 1170 3177 2697
f 3177 678 2697
f 678 464 2697
f 3179 944 1170
f 1040 3180 1232
f 1710 3178 1040
f 1710 1040 1232
f 1530 1710 1232
f 2698 1530 1232
f 2696 1710 1530
f 942 1170 2697
f 1434 3179 1646
f 1646 3179 2699
f 3179 1170 2699
f 1170 942 2699
f 3181 1434 1646
f 2900 3182 3094
f 2900 3094 2700
f 3390 2900 2700
f 3392 2900 3390
f 68 3392 3390
f 68 70 3392
f 536 70 68
f 536 538 70
f 3180 538 1232
f 538 1038 1232
f 538 536 1038
f 2698 1232 1038
f 1432 1646 2699
f 1646 1432 3181
f 1432 1908 3181
f 1432 1906 1908
f 1906 2701 2588
f 2386 1906 2588
f 1908 1906 2386
f 3183 2386 2588
f 2426 3184 2702
f 2426 2702 2424
f 3182 2426 3094
f 2426 2898 3094
f 2426 2424 2898
f 2700 3094 2898
f 2384 2588 2701
f 2588 2384 3183
f 2384 2860 3183
f 2384 2858 2860
f 3185 2860 2858
f 3185 2858 2703
f 1472 1683 2704
f 1948 3186 1683
f 1472 1948 1683
f 1946 1948 1472
f 1946 2702 1948
f 1948 2702 3184
f 2703 3348 3185
f 3185 3348 3350
f 26 3350 3348
f 26 28 3350
f 492 28 26
f 492 494 28
f 986 494 492
f 986 988 494
f 1683 1474 2704
f 1474 986 2704
f 1474 988 986
f 1683 3186 1474
f 3187 2401 2567
f 2567 2401 3037
f 3037 2401 2875
f 3037 2875 3519
f 3519 2875 3365
f 3519 3365 195
f 195 3365 43
f 195 43 681
f 681 43 509
f 681 509 1177
f 1177 509 1003
f 1177 1003 1653
f 1653 1003 1489
f 1653 1489 2121
f 2121 1489 1963
f 1963 3188 2121
f 3189 1923 2705
f 2705 1923 1921
f 1923 3187 2567
f 2399 1923 2567
f 1921 1923 2399
f 3037 2873 2399
f 3037 2399 2567
f 3519 3363 2873
f 3519 2873 3037
f 195 41 3363
f 195 3363 3519
f 681 507 41
f 681 41 195
f 1177 1001 507
f 1177 507 681
f 1653 1487 1001
f 1653 1001 1177
f 2121 1961 1487
f 2121 1487 1653
f 3188 2441 2597
f 3188 2597 2706
f 2121 3188 2706
f 1961 2121 2706
f 2597 2441 3067
f 3067 2441 2915
f 2915 3190 3067
f 3191 1449 2707
f 2707 1449 1447
f 2705 1447 1449
f 2705 1449 3189
f 2597 2439 2706
f 3069 2708 2439
f 2597 3069 2439
f 3067 3069 2597
f 3067 3190 3069
f 3069 3190 3192
f 3193 2707 2709
f 3193 3191 2707
f 3073 2710 2708
f 3073 2708 3069
f 3069 3192 3073
f 3073 3192 3194
f 3195 959 2711
f 2711 959 957
f 2709 957 959
f 2709 959 3193
f 3077 2712 2710
f 3077 2710 3073
f 3073 3194 3077
f 3077 3194 3196
f 3197 2711 2713
f 3197 3195 2711
f 3077 2913 2712
f 3077 3196 2913
f 3196 2714 2913
f 3196 3198 2714
f 3199 2713 2715
f 3199 3197 2713
f 2916 3200 2716
f 2916 2716 2914
f 2914 2714 2916
f 2916 2714 3198
f 3201 2715 2717
f 3201 3199 2715
f 2716 3202 2718
f 3200 3202 2716
f 960 3201 1172
f 3201 2719 1172
f 3201 2717 2719
f 3203 960 1172
f 2718 3204 2720
f 3202 3204 2718
f 958 1172 2719
f 1450 3203 1648
f 1648 3203 2721
f 3203 1172 2721
f 1172 958 2721
f 1450 1648 2116
f 1450 2116 1924
f 3205 1924 2116
f 2876 3206 3058
f 2876 3058 3540
f 2876 3540 3366
f 3366 3540 216
f 3366 216 44
f 44 216 702
f 44 702 510
f 3207 510 702
f 2442 3208 2722
f 2442 2722 2440
f 2440 2720 2442
f 2442 2720 3204
f 1448 1648 2721
f 1922 2116 1448
f 1448 2116 1648
f 2116 1922 3205
f 1922 2402 3205
f 1922 2400 2402
f 3206 2402 3058
f 2402 2874 3058
f 2402 2400 2874
f 3364 3540 2874
f 2874 3540 3058
f 42 216 3364
f 3364 216 3540
f 508 702 42
f 42 702 216
f 702 508 3207
f 508 1004 3207
f 508 1002 1004
f 1488 1004 1002
f 1488 1490 1004
f 1962 1490 1488
f 1962 1964 1490
f 1962 2722 1964
f 1964 2722 3208
f 1650 1503 2723
f 3209 1979 1650
f 1979 1503 1650
f 1979 1977 1503
f 1979 2455 1977
f 2457 2455 1979
f 3062 2929 3210
f 2929 2457 3210
f 2929 2455 2457
f 3062 2724 2929
f 3211 1019 2725
f 2725 1019 1017
f 1505 1650 2723
f 1017 1505 2723
f 1019 1505 1017
f 3209 1650 1505
f 2931 3062 3210
f 3415 2724 3062
f 2931 3415 3062
f 3417 3415 2931
f 3417 3212 3415
f 3415 3212 2726
f 682 523 2727
f 2725 523 682
f 3213 2725 682
f 3211 2725 3213
f 85 2726 3212
f 85 3212 87
f 87 551 85
f 553 551 87
f 1204 1051 3214
f 1051 553 3214
f 1051 551 553
f 1204 2728 1051
f 2729 684 2727
f 2727 684 682
f 3213 682 684
f 3213 684 3215
f 1053 1204 3214
f 1535 2728 1204
f 1053 1535 1204
f 1537 1535 1053
f 1537 3216 1535
f 1535 3216 2730
f 2731 686 2729
f 2729 686 684
f 3215 684 686
f 3215 686 3217
f 2005 2730 3216
f 2005 3216 2007
f 2007 3218 2005
f 2005 3218 2732
f 2733 690 2731
f 2731 690 686
f 3217 686 690
f 3217 690 3219
f 2732 3220 2734
f 3218 3220 2732
f 2735 692 2733
f 2733 692 690
f 3219 690 692
f 3219 692 3221
f 2734 3222 2736
f 3220 3222 2734
f 524 692 2735
f 3221 692 524
f 2737 3221 524
f 3223 3221 2737
f 2736 3224 2738
f 3222 3224 2736
f 2737 1018 3223
f 3223 1018 1020
f 3225 1020 1018
f 3225 1018 2739
f 2008 3226 2740
f 2008 2740 2006
f 2006 2738 2008
f 2008 2738 3224
f 2739 1504 3225
f 3225 1504 1506
f 3227 1506 1504
f 3227 1504 2741
f 1536 1711 2742
f 1536 2740 1711
f 2740 3228 1711
f 2740 3226 3228
f 2141 3229 1978
f 3229 2741 1978
f 3229 3227 2741
f 2743 2141 1978
f 1052 1233 2744
f 1711 1538 2742
f 2742 1538 1052
f 1538 3230 1052
f 3230 1233 1052
f 1711 3228 1538
f 2145 3231 2141
f 2141 3231 3229
f 2141 2743 2745
f 2141 2745 2145
f 1241 2746 2744
f 1241 2744 1233
f 1233 3230 1241
f 1241 3230 3232
f 2145 1980 3231
f 2623 3233 2456
f 2456 3233 2745
f 3233 1980 2745
f 1980 2145 2745
f 2930 3101 2623
f 2930 2623 2456
f 2747 3101 2930
f 1243 2748 2746
f 1243 2746 1241
f 1241 3232 1243
f 1243 3232 3234
f 2623 2458 3233
f 2458 2623 3235
f 2623 3103 3235
f 2623 3101 3103
f 3101 2747 3416
f 3587 3101 3416
f 3103 3101 3587
f 86 263 3587
f 86 3587 3416
f 552 749 263
f 552 263 86
f 1243 1054 2748
f 2748 1054 552
f 1054 3236 552
f 3236 749 552
f 1243 3234 1054
f 3103 2932 3235
f 2932 3103 3418
f 3418 3103 3587
f 3418 3587 88
f 88 3587 263
f 88 263 554
f 554 263 749
f 749 3236 554
f 2596 2471 2749
f 3237 2947 2596
f 2947 2471 2596
f 2947 2945 2471
f 3548 3431 3238
f 3431 2947 3238
f 3431 2945 2947
f 3548 2750 3431
f 3239 1995 2751
f 2751 1995 1993
f 2473 2596 2749
f 1993 2473 2749
f 1995 2473 1993
f 3237 2596 2473
f 3433 3548 3238
f 101 2750 3548
f 3433 101 3548
f 103 101 3433
f 712 567 3240
f 567 103 3240
f 567 101 103
f 712 2752 567
f 1658 1519 2753
f 2751 1519 1658
f 3241 2751 1658
f 3239 2751 3241
f 569 712 3240
f 1067 2752 712
f 569 1067 712
f 1069 1067 569
f 1069 1551 1067
f 1553 1551 1069
f 1553 2021 1551
f 2023 2021 1553
f 2754 2021 2633
f 2021 2495 2633
f 2021 2023 2495
f 2495 3242 2633
f 2755 1660 2753
f 2753 1660 1658
f 3241 1658 1660
f 3241 1660 3243
f 2633 2493 2754
f 2493 2633 3242
f 2975 2493 3242
f 2973 2493 2975
f 2975 3244 2973
f 2973 3244 2756
f 2757 1662 2755
f 2755 1662 1660
f 3243 1660 1662
f 3243 1662 3245
f 2756 3246 2758
f 3244 3246 2756
f 1662 2757 1521
f 2757 3247 1521
f 2757 2759 3247
f 3245 1662 1521
f 2758 3248 2760
f 3246 3248 2758
f 3249 2759 2761
f 3249 3247 2759
f 2760 3250 2762
f 3248 3250 2760
f 3251 2761 2763
f 3251 3249 2761
f 2976 3252 2764
f 2976 2764 2974
f 2974 2762 2976
f 2976 2762 3250
f 3253 2763 2765
f 3253 3251 2763
f 1070 3254 1234
f 1070 1234 2766
f 1552 1070 2766
f 1554 1070 1552
f 2022 1554 1552
f 2022 2024 1554
f 2494 2024 2022
f 2494 2496 2024
f 2494 2764 2496
f 2496 2764 3252
f 1522 3253 1680
f 3253 2767 1680
f 3253 2765 2767
f 3255 1522 1680
f 570 3256 746
f 1234 3254 570
f 1234 570 746
f 1068 1234 746
f 2768 1068 746
f 2766 1234 1068
f 1520 1680 2767
f 1996 3255 2150
f 2150 3255 2769
f 3255 1680 2769
f 1680 1520 2769
f 1996 2150 2624
f 1996 2624 2474
f 2474 2624 3102
f 2474 3102 2948
f 2948 3102 3586
f 2948 3586 3434
f 3434 3586 262
f 3434 262 104
f 746 3256 104
f 746 104 262
f 568 746 262
f 2770 568 262
f 2768 746 568
f 1994 2150 2769
f 2472 2624 1994
f 1994 2624 2150
f 2946 3102 2472
f 2472 3102 2624
f 3432 3586 2946
f 2946 3586 3102
f 102 262 3432
f 3432 262 3586
f 2770 262 102
f 3257 3449 2771
f 2771 3449 3447
f 3449 117 3447
f 119 117 3449
f 119 583 117
f 585 583 119
f 585 3258 583
f 583 3258 2772
f 3259 2963 2773
f 2773 2963 2961
f 2771 2961 2963
f 2771 2963 3257
f 1083 2772 3258
f 1083 3258 1085
f 1085 1567 1083
f 1569 1567 1085
f 1569 2037 1567
f 2039 2037 1569
f 2774 2037 2635
f 2037 2511 2635
f 2037 2039 2511
f 2635 2511 3113
f 3113 2511 2991
f 2991 3260 3113
f 2602 2487 2775
f 2773 2487 2602
f 3261 2773 2602
f 3259 2773 3261
f 2635 2509 2774
f 3113 2989 2509
f 3113 2509 2635
f 2989 3113 3260
f 3471 2989 3260
f 3469 2989 3471
f 3471 139 3469
f 141 139 3471
f 141 3262 139
f 139 3262 2776
f 2777 2604 2775
f 2775 2604 2602
f 3261 2602 2604
f 3261 2604 3263
f 615 2776 3262
f 615 3262 617
f 617 3264 615
f 615 3264 2778
f 2779 2606 2777
f 2777 2606 2604
f 3263 2604 2606
f 3263 2606 3265
f 2778 3266 2780
f 3264 3266 2778
f 2488 2606 2779
f 3265 2606 2488
f 2781 3265 2488
f 3267 3265 2781
f 2780 3268 2782
f 3266 3268 2780
f 2781 2962 3267
f 3267 2962 2964
f 3269 2964 2962
f 3269 2962 2783
f 2782 3270 2784
f 3268 3270 2782
f 2783 3448 3269
f 3269 3448 3450
f 118 255 3271
f 3450 118 3271
f 3448 118 3450
f 2785 255 118
f 616 769 2786
f 616 2784 769
f 2784 3272 769
f 2784 3270 3272
f 255 120 3271
f 2785 584 255
f 584 120 255
f 584 586 120
f 1084 586 584
f 1084 1086 586
f 1568 1721 3273
f 1086 1568 3273
f 1084 1568 1086
f 2038 2179 1721
f 2038 1721 1568
f 2510 2649 2179
f 2510 2179 2038
f 2990 3129 2649
f 2990 2649 2510
f 3470 3611 3129
f 3470 3129 2990
f 140 287 3611
f 140 3611 3470
f 769 618 2786
f 2786 618 140
f 618 3274 140
f 3274 287 140
f 769 3272 618
f 1721 1570 3273
f 1570 1721 2040
f 2040 1721 2179
f 2040 2179 2512
f 2512 2179 2649
f 2512 2649 2992
f 2992 2649 3129
f 2992 3129 3472
f 3472 3129 3611
f 3472 3611 142
f 142 3611 287
f 287 3274 142
f 2152 2053 2787
f 3275 2527 2152
f 2527 2053 2152
f 2527 2525 2053
f 3108 3005 3276
f 3005 2527 3276
f 3005 2525 2527
f 3277 3487 3108
f 3487 3005 3108
f 3487 3485 3005
f 3487 155 3485
f 157 155 3487
f 157 3278 155
f 155 3278 2788
f 1686 1583 2789
f 2055 2152 2787
f 2055 2787 1583
f 3279 2055 1583
f 1686 3279 1583
f 3275 2152 2055
f 3007 3108 3276
f 3277 3108 3007
f 631 2788 3278
f 631 3278 633
f 633 1123 631
f 1125 1123 633
f 1125 3280 1123
f 1123 3280 2790
f 1208 1099 2791
f 1585 1686 2789
f 1585 2789 1099
f 3281 1585 1099
f 1208 3281 1099
f 3279 1686 1585
f 2790 3282 2792
f 3280 3282 2790
f 1208 2791 1101
f 2791 3283 1101
f 2791 2793 3283
f 3281 1208 1101
f 1605 2792 3282
f 1605 3282 1607
f 1607 3284 1605
f 1605 3284 2794
f 3285 601 2795
f 2795 601 599
f 2793 599 601
f 2793 601 3283
f 2073 2794 3284
f 2073 3284 2075
f 2075 3286 2073
f 2073 3286 2796
f 3287 2795 2797
f 3287 3285 2795
f 2796 3288 2798
f 3286 3288 2796
f 3289 2797 2799
f 3289 3287 2797
f 2541 2798 3288
f 2541 3288 2543
f 2543 3290 2541
f 2541 3290 2800
f 3291 2799 2801
f 3291 3289 2799
f 2800 3292 2802
f 3290 3292 2800
f 3293 2801 2803
f 3293 3291 2801
f 2802 3294 2804
f 3292 3294 2802
f 2803 600 3293
f 3293 600 602
f 3295 602 600
f 3295 600 2805
f 2804 3296 2806
f 3294 3296 2804
f 2805 1100 3295
f 3295 1100 1102
f 3297 1102 1100
f 3297 1100 2807
f 2544 3298 2808
f 2544 2808 2542
f 2542 2806 2544
f 2544 2806 3296
f 2807 1584 3297
f 3297 1584 1586
f 3299 1586 1584
f 3299 1584 2809
f 3488 3300 2810
f 3488 2810 3486
f 156 3488 3486
f 156 158 3488
f 632 158 156
f 632 634 158
f 1124 634 632
f 1124 1126 634
f 1606 1126 1124
f 1606 1608 1126
f 2074 1608 1606
f 2074 2076 1608
f 2074 2808 2076
f 2076 2808 3298
f 2809 2054 3299
f 3299 2054 2056
f 2526 2056 2054
f 2526 2528 2056
f 3006 2528 2526
f 3006 3008 2528
f 3006 2810 3008
f 3008 2810 3300
f 1252 1139 2811
f 1252 2812 1139
f 274 171 2813
f 3301 649 274
f 649 171 274
f 649 647 171
f 1141 1252 2811
f 647 1141 2811
f 649 1141 647
f 1621 2812 1252
f 1141 1621 1252
f 1623 1621 1141
f 1623 2089 1621
f 2091 2089 1623
f 2091 3302 2089
f 2089 3302 2814
f 274 2813 173
f 2813 3303 173
f 2813 2815 3303
f 3301 274 173
f 2557 2814 3302
f 2557 3302 2559
f 2559 3304 2557
f 2557 3304 2816
f 3305 2815 2817
f 3305 3303 2815
f 3304 3027 3137
f 2818 3304 3137
f 2816 3304 2818
f 3027 3306 3137
f 3307 2817 2819
f 3307 3305 2817
f 3137 3025 2818
f 3306 3507 3617
f 3306 3617 2820
f 3137 3306 2820
f 3025 3137 2820
f 3507 3308 3617
f 3309 2819 2821
f 3309 3307 2819
f 3617 3505 2820
f 3308 183 291
f 3308 291 2822
f 3617 3308 2822
f 3505 3617 2822
f 183 3310 291
f 3311 2821 2823
f 3311 3309 2821
f 291 181 2822
f 3310 661 773
f 3310 773 2824
f 291 3310 2824
f 181 291 2824
f 661 3312 773
f 2823 172 3311
f 3311 172 174
f 3313 174 172
f 3313 172 2825
f 773 659 2824
f 3312 1151 1269
f 3312 1269 2826
f 773 3312 2826
f 659 773 2826
f 1151 3314 1269
f 2825 648 3313
f 3313 648 650
f 3315 650 648
f 3315 648 2827
f 1269 1149 2826
f 1269 3314 1149
f 3314 2828 1149
f 3314 3316 2828
f 2827 1140 3315
f 3315 1140 1142
f 1140 2829 1744
f 1624 1140 1744
f 1142 1140 1624
f 3317 1624 1744
f 2828 3318 2830
f 3316 3318 2828
f 1622 1744 2829
f 1744 1622 3317
f 1622 2092 3317
f 1622 2090 2092
f 2558 2092 2090
f 2558 2560 2092
f 3319 2560 2558
f 3319 2558 2831
f 2830 3320 2832
f 3318 3320 2830
f 2831 3026 3319
f 3319 3026 3028
f 3506 3631 3321
f 3028 3506 3321
f 3026 3506 3028
f 2833 3631 3506
f 660 783 2834
f 1152 3322 783
f 660 1152 783
f 1150 1152 660
f 1150 2832 1152
f 1152 2832 3320
f 3631 3508 3321
f 2833 182 3631
f 182 3508 3631
f 182 184 3508
f 783 662 2834
f 662 182 2834
f 662 184 182
f 783 3322 662
f 3044 2843 3155
f 3526 3333 3044
f 3044 3333 2843
f 202 11 3526
f 3526 11 3333
f 202 3156 11
f 3635 2371 3157
f 3157 2371 2369
f 2845 3044 3155
f 2369 2845 3155
f 2371 2845 2369
f 3044 2845 3335
f 3044 3335 3526
f 3526 3335 13
f 3526 13 202
f 477 3156 202
f 13 477 202
f 479 477 13
f 479 971 477
f 973 971 479
f 3158 971 1661
f 971 1459 1661
f 971 973 1459
f 1459 3636 1661
f 3637 3157 3159
f 3637 3635 3157
f 1661 1457 3158
f 3636 1933 2131
f 3636 2131 3160
f 1661 3636 3160
f 1457 1661 3160
f 1933 3638 2131
f 3639 3159 3161
f 3639 3637 3159
f 2131 1931 3160
f 3638 2411 2607
f 3638 2607 3162
f 2131 3638 3162
f 1931 2131 3162
f 2411 3640 2607
f 3641 3161 3163
f 3641 3639 3161
f 2609 3164 3162
f 2609 3162 2607
f 2607 3640 2609
f 2609 3640 3642
f 3163 2370 3641
f 3641 2370 2372
f 3643 2372 2370
f 3643 2370 3165
f 1932 2139 3166
f 2609 2412 3164
f 3164 2412 1932
f 2412 3644 1932
f 3644 2139 1932
f 2609 3642 2412
f 3165 2844 3643
f 3643 2844 2846
f 3334 3539 3645
f 2846 3334 3645
f 2844 3334 2846
f 12 215 3539
f 12 3539 3334
f 478 701 215
f 478 215 12
f 972 1197 701
f 972 701 478
f 1458 1677 1197
f 1458 1197 972
f 2139 1934 3166
f 3166 1934 1458
f 1934 3646 1458
f 3646 1677 1458
f 2139 3644 1934
f 3539 3336 3645
f 3336 3539 14
f 14 3539 215
f 14 215 480
f 480 215 701
f 480 701 974
f 974 701 1197
f 974 1197 1460
f 1460 1197 1677
f 1677 3646 1460
f 3647 1435 3167
f 3167 1435 1433
f 1435 1907 1433
f 1909 1907 1435
f 1909 2385 1907
f 2387 2385 1909
f 2387 2859 2385
f 2861 2859 2387
f 3168 2859 3527
f 2859 3351 3527
f 2859 2861 3351
f 3351 3648 3527
f 3649 989 1183
f 1183 989 1659
f 1659 989 1475
f 1659 1475 3169
f 1475 1947 3169
f 1475 1949 1947
f 1949 2425 1947
f 2427 2425 1949
f 3072 2899 3650
f 2899 2427 3650
f 2899 2425 2427
f 3556 3391 3072
f 3072 3391 2899
f 3556 3170 3391
f 3651 945 3171
f 3171 945 943
f 3167 943 945
f 3167 945 3647
f 3527 3349 3168
f 3349 3527 3648
f 29 3349 3648
f 27 3349 29
f 29 493 27
f 495 493 29
f 495 3649 1183
f 987 495 1183
f 493 495 987
f 1659 1473 987
f 1659 987 1183
f 1659 3169 1473
f 2901 3072 3650
f 3072 2901 3393
f 3072 3393 3556
f 3652 236 69
f 3652 69 3170
f 3393 3652 3170
f 3556 3393 3170
f 722 537 236
f 236 537 69
f 722 3172 537
f 674 465 3173
f 3171 465 674
f 3653 3171 674
f 3651 3171 3653
f 71 236 3652
f 236 71 3654
f 726 236 3654
f 722 236 726
f 3172 722 1039
f 722 1220 1039
f 722 726 1220
f 1220 3174 1039
f 3175 676 3173
f 3173 676 674
f 3653 674 676
f 3653 676 3655
f 3656 730 726
f 3656 726 3654
f 1224 726 730
f 1220 726 1224
f 3174 1220 3176
f 3176 1220 1224
f 466 676 3175
f 3655 676 466
f 3177 3655 466
f 3657 3655 3177
f 3658 734 730
f 3658 730 3656
f 1228 730 734
f 1224 730 1228
f 3176 1224 3178
f 3178 1224 1228
f 3177 944 3657
f 3657 944 946
f 3659 946 944
f 3659 944 3179
f 72 3660 252
f 734 3658 72
f 252 734 72
f 740 734 252
f 1040 1228 3180
f 1228 740 3180
f 1228 734 740
f 3178 1228 1040
f 3179 1434 3659
f 3659 1434 1436
f 3661 1436 1434
f 3661 1434 3181
f 2900 3095 3182
f 3394 3662 3095
f 2900 3394 3095
f 3392 3394 2900
f 3660 3394 252
f 3394 70 252
f 3394 3392 70
f 538 740 70
f 70 740 252
f 3180 740 538
f 3181 1908 3661
f 3661 1908 1910
f 2386 1910 1908
f 2386 2388 1910
f 3663 2388 2386
f 3663 2386 3183
f 2428 3664 3184
f 2428 3184 2426
f 3095 2902 3182
f 2902 2426 3182
f 2902 2428 2426
f 3095 3662 2902
f 3183 2860 3663
f 3663 2860 2862
f 3665 2862 2860
f 3665 2860 3185
f 1476 3666 1684
f 1476 1684 3186
f 1948 1476 3186
f 1950 1476 1948
f 1948 3184 1950
f 1950 3184 3664
f 3185 3350 3665
f 3665 3350 3352
f 28 3352 3350
f 28 30 3352
f 494 30 28
f 494 496 30
f 988 496 494
f 988 990 496
f 3666 990 1684
f 990 1474 1684
f 990 988 1474
f 3186 1684 1474
f 3667 2403 3187
f 3187 2403 2401
f 2403 2875 2401
f 2877 2875 2403
f 2877 3365 2875
f 3367 3365 2877
f 3367 43 3365
f 45 43 3367
f 45 509 43
f 511 509 45
f 511 1003 509
f 1005 1003 511
f 1005 1489 1003
f 1491 1489 1005
f 1491 1963 1489
f 1965 1963 1491
f 3188 1963 2595
f 1963 2443 2595
f 1963 1965 2443
f 2595 2443 3065
f 3065 2443 2917
f 3065 2917 3547
f 3547 2917 3403
f 3403 3668 3547
f 3669 1925 3189
f 3189 1925 1923
f 3187 1923 1925
f 3187 1925 3667
f 2595 2441 3188
f 3065 2915 2441
f 3065 2441 2595
f 3549 3190 2915
f 3065 3549 2915
f 3547 3549 3065
f 73 225 3668
f 225 3547 3668
f 225 3549 3547
f 225 73 711
f 711 73 539
f 539 3670 711
f 1632 1449 3191
f 3189 1449 1632
f 3671 3189 1632
f 3669 3189 3671
f 3553 3192 3190
f 3553 3190 3549
f 3549 229 3553
f 3549 225 229
f 225 715 229
f 225 711 715
f 711 3670 715
f 715 3670 3672
f 1632 3191 1451
f 3191 3673 1451
f 3191 3193 3673
f 3671 1632 1451
f 3557 3194 3192
f 3557 3192 3553
f 3553 233 3557
f 3553 229 233
f 3674 233 540
f 233 715 540
f 233 229 715
f 715 3672 540
f 1162 959 3195
f 3193 959 1162
f 3675 3193 1162
f 3673 3193 3675
f 3561 3196 3194
f 3561 3194 3557
f 3676 3561 74
f 3561 233 74
f 3561 3557 233
f 233 3674 74
f 1162 3195 961
f 3195 3677 961
f 3195 3197 3677
f 3675 1162 961
f 3196 3561 3404
f 3678 3196 3404
f 3198 3196 3678
f 3561 3676 3404
f 3679 3197 3199
f 3679 3677 3197
f 2916 3083 3200
f 2916 3198 3083
f 3198 3680 3083
f 3198 3678 3680
f 962 3679 1168
f 3679 3201 1168
f 3679 3199 3201
f 3681 962 1168
f 3200 3083 2918
f 3682 3200 2918
f 3202 3200 3682
f 3083 3680 2918
f 960 1168 3201
f 1452 3681 1644
f 1644 3681 3203
f 3681 1168 3203
f 1168 960 3203
f 1452 1644 2114
f 1452 2114 1926
f 3683 1926 2114
f 46 3684 214
f 3685 46 214
f 2444 3686 2614
f 2614 3204 2444
f 3204 3682 2444
f 3204 3202 3682
f 1450 1644 3203
f 1924 2114 1450
f 1450 2114 1644
f 2404 3683 2586
f 2586 3683 3205
f 3683 2114 3205
f 2114 1924 3205
f 2404 2586 3206
f 2876 2404 3206
f 2878 2404 2876
f 3366 2878 2876
f 3366 3368 2878
f 3684 3368 214
f 3368 44 214
f 3368 3366 44
f 214 44 3685
f 44 512 3685
f 44 510 512
f 510 3207 1198
f 1006 510 1198
f 512 510 1006
f 1006 1198 1678
f 1006 1678 1492
f 1492 1678 2144
f 1492 2144 1966
f 2614 3686 1966
f 2614 1966 2144
f 2442 2614 2144
f 3208 2442 2144
f 3204 2614 2442
f 2402 2586 3205
f 3206 2586 2402
f 1004 1198 3207
f 1490 1678 1004
f 1004 1678 1198
f 1964 2144 1490
f 1490 2144 1678
f 3208 2144 1964
f 2118 1979 3209
f 2592 2457 2118
f 2118 2457 1979
f 2592 3210 2457
f 1176 1019 3211
f 3687 1507 1176
f 1507 1019 1176
f 1507 1505 1019
f 1981 2118 3209
f 1505 1981 3209
f 1507 1981 1505
f 2118 1981 2459
f 2118 2459 2592
f 2931 3210 2592
f 2459 2931 2592
f 2933 2931 2459
f 2933 3417 2931
f 3419 3417 2933
f 3419 3688 3417
f 3417 3688 3212
f 1176 3211 1021
f 3211 3689 1021
f 3211 3213 3689
f 3687 1176 1021
f 87 3212 3688
f 87 3688 89
f 89 553 87
f 555 553 89
f 555 3690 553
f 553 3690 3214
f 3691 3213 3215
f 3691 3689 3213
f 1053 3214 3690
f 1053 3690 1055
f 1688 1537 3692
f 1537 1055 3692
f 1537 1053 1055
f 1688 3216 1537
f 3693 3215 3217
f 3693 3691 3215
f 1539 1688 3692
f 2007 3216 1688
f 1539 2007 1688
f 2009 2007 1539
f 2009 3694 2007
f 2007 3694 3218
f 3695 3217 3219
f 3695 3693 3217
f 3218 3696 3220
f 3694 3696 3218
f 3697 3219 3221
f 3697 3695 3219
f 3220 3698 3222
f 3696 3698 3220
f 3699 3221 3223
f 3699 3697 3221
f 3222 3700 3224
f 3698 3700 3222
f 1191 3701 1020
f 3701 3223 1020
f 3701 3699 3223
f 3225 1191 1020
f 2010 3702 3226
f 2010 3226 2008
f 2008 3224 2010
f 2010 3224 3700
f 1191 1022 3701
f 1671 3703 1506
f 1506 3703 3225
f 3703 1022 3225
f 1022 1191 3225
f 3227 1671 1506
f 3226 3704 3228
f 3702 3704 3226
f 1675 3705 1671
f 1671 3705 3703
f 1671 3227 3229
f 1671 3229 1675
f 1538 1715 3230
f 1538 3228 1715
f 3228 3706 1715
f 3228 3704 3706
f 1675 1508 3705
f 3707 1508 1675
f 3229 3707 1675
f 3231 3707 3229
f 1719 3232 3230
f 1719 3230 1715
f 1715 3706 1719
f 1719 3706 3708
f 2149 3709 1980
f 3709 3231 1980
f 3709 3707 3231
f 3233 2149 1980
f 3232 1719 1540
f 3710 3232 1540
f 3234 3232 3710
f 1719 3708 1540
f 2149 1982 3709
f 2625 3711 2458
f 2458 3711 3233
f 3711 1982 3233
f 1982 2149 3233
f 3235 2625 2458
f 1054 1245 3236
f 1054 3234 1245
f 3234 3712 1245
f 3234 3710 3712
f 2625 2460 3711
f 3235 2932 2625
f 2932 2460 2625
f 2932 2934 2460
f 3418 3589 3713
f 2934 3418 3713
f 2932 3418 2934
f 88 265 3589
f 88 3589 3418
f 554 751 265
f 554 265 88
f 1245 1056 3236
f 3236 1056 554
f 1056 3714 554
f 3714 751 554
f 1245 3712 1056
f 3589 3420 3713
f 3420 3589 90
f 90 3589 265
f 90 265 556
f 556 265 751
f 751 3714 556
f 3066 2947 3237
f 3066 3238 2947
f 2124 1995 3239
f 3715 2475 2124
f 2475 1995 2124
f 2475 2473 1995
f 2949 3066 3237
f 2473 2949 3237
f 2475 2949 2473
f 3433 3238 3066
f 2949 3433 3066
f 3435 3433 2949
f 3435 103 3433
f 105 103 3435
f 105 3716 103
f 103 3716 3240
f 2124 3239 1997
f 3239 3717 1997
f 3239 3241 3717
f 3715 2124 1997
f 569 3240 3716
f 569 3716 571
f 571 1069 569
f 1071 1069 571
f 1071 1553 1069
f 1555 1553 1071
f 2160 2023 3718
f 2023 1555 3718
f 2023 1553 1555
f 2634 2495 2160
f 2160 2495 2023
f 2634 3242 2495
f 3719 3241 3243
f 3719 3717 3241
f 2025 2160 3718
f 2160 2025 2497
f 2160 2497 2634
f 3720 3116 2975
f 3720 2975 3242
f 2497 3720 3242
f 2634 2497 3242
f 3116 3244 2975
f 3721 3243 3245
f 3721 3719 3243
f 2977 3116 3720
f 2977 3722 3116
f 3722 3244 3116
f 3722 3246 3244
f 1664 1521 3247
f 3245 1521 1664
f 3723 3245 1664
f 3721 3245 3723
f 3246 3724 3248
f 3722 3724 3246
f 3249 1668 3247
f 3247 1668 1664
f 3723 1664 1668
f 3723 1668 3725
f 3248 3726 3250
f 3724 3726 3248
f 3251 1672 3249
f 3249 1672 1668
f 3725 1668 1672
f 3725 1672 3727
f 2978 3728 3252
f 2978 3252 2976
f 2976 3250 2978
f 2978 3250 3726
f 3253 1676 3251
f 3251 1676 1672
f 3727 1672 1676
f 3727 1676 3729
f 1072 3730 3254
f 1072 3254 1070
f 1554 1072 1070
f 1554 1556 1072
f 2024 1556 1554
f 2024 2026 1556
f 2496 2026 2024
f 2496 2498 2026
f 2496 3252 2498
f 2498 3252 3728
f 1522 1676 3253
f 1998 3729 2146
f 2146 3729 3255
f 3729 1676 3255
f 1676 1522 3255
f 1998 2146 2620
f 1998 2620 2476
f 2476 2620 3098
f 2476 3098 2950
f 2950 3098 3584
f 2950 3584 3436
f 3436 3584 260
f 3436 260 106
f 106 260 3256
f 570 106 3256
f 572 106 570
f 570 3254 572
f 572 3254 3730
f 1996 2146 3255
f 2474 2620 1996
f 1996 2620 2146
f 2948 3098 2474
f 2474 3098 2620
f 3434 3584 2948
f 2948 3584 3098
f 104 260 3434
f 3434 260 3584
f 3256 260 104
f 3731 3451 3257
f 3257 3451 3449
f 3451 119 3449
f 121 119 3451
f 121 585 119
f 587 585 121
f 3258 585 1207
f 585 1087 1207
f 585 587 1087
f 1087 3732 1207
f 3733 2965 3259
f 3259 2965 2963
f 3257 2963 2965
f 3257 2965 3731
f 1207 1085 3258
f 1085 1207 3732
f 1571 1085 3732
f 1569 1085 1571
f 1571 2039 1569
f 2041 2039 1571
f 2041 2511 2039
f 2513 2511 2041
f 2513 2991 2511
f 2993 2991 2513
f 3260 2991 3597
f 2991 3473 3597
f 2991 2993 3473
f 3473 3734 3597
f 3735 3259 3261
f 3735 3733 3259
f 3597 3471 3260
f 3471 3597 3734
f 143 3471 3734
f 141 3471 143
f 3262 141 759
f 141 619 759
f 141 143 619
f 619 3736 759
f 3737 3261 3263
f 3737 3735 3261
f 759 617 3262
f 3736 1111 1257
f 3736 1257 3264
f 759 3736 3264
f 617 759 3264
f 1111 3738 1257
f 3739 3263 3265
f 3739 3737 3263
f 1259 3266 3264
f 1259 3264 1257
f 1257 3738 1259
f 1259 3738 3740
f 3741 3265 3267
f 3741 3739 3265
f 1261 3268 3266
f 1261 3266 1259
f 1259 3740 1261
f 1261 3740 3742
f 3267 2964 3741
f 3741 2964 2966
f 3743 2966 2964
f 3743 2964 3269
f 1263 3270 3268
f 1263 3268 1261
f 1261 3742 1263
f 1263 3742 3744
f 3269 3450 3743
f 3743 3450 3452
f 3745 3452 3450
f 3745 3450 3271
f 3270 1263 1112
f 3746 3270 1112
f 3272 3270 3746
f 1263 3744 1112
f 3271 120 3745
f 3745 120 122
f 586 122 120
f 586 588 122
f 1086 588 586
f 1086 1088 588
f 3747 1088 1086
f 3747 1086 3273
f 620 3748 3274
f 620 3274 618
f 618 3272 620
f 620 3272 3746
f 3273 1570 3747
f 3747 1570 1572
f 2040 1572 1570
f 2040 2042 1572
f 2512 2651 3749
f 2042 2512 3749
f 2040 2512 2042
f 2992 3131 2651
f 2992 2651 2512
f 3472 3613 3131
f 3472 3131 2992
f 144 3750 3613
f 3472 144 3613
f 142 144 3472
f 142 3274 144
f 144 3274 3748
f 2651 2514 3749
f 2514 2651 2994
f 2994 2651 3131
f 2994 3131 3474
f 3474 3131 3613
f 3613 3750 3474
f 2628 2527 3275
f 2628 3276 2527
f 3592 3487 3277
f 268 157 3592
f 3592 157 3487
f 268 3278 157
f 2154 2055 3279
f 2529 2628 3275
f 2529 3275 2055
f 3751 2529 2055
f 2154 3751 2055
f 3007 3276 2628
f 2529 3007 2628
f 3009 3007 2529
f 3489 3592 3277
f 3007 3489 3277
f 3009 3489 3007
f 3592 3489 159
f 3592 159 268
f 633 3278 268
f 159 633 268
f 635 633 159
f 1248 1125 3752
f 1125 635 3752
f 1125 633 635
f 1248 3280 1125
f 1692 1585 3281
f 2057 2154 3279
f 2057 3279 1585
f 3753 2057 1585
f 1692 3753 1585
f 3751 2154 2057
f 1127 1248 3752
f 1127 3754 1248
f 3754 3280 1248
f 3754 3282 3280
f 3755 1103 3283
f 3283 1103 1101
f 1587 1692 3281
f 1101 1587 3281
f 1103 1587 1101
f 3753 1692 1587
f 1607 3282 3754
f 1607 3754 1609
f 1609 3756 1607
f 1607 3756 3284
f 3757 603 3285
f 3285 603 601
f 3283 601 603
f 3283 603 3755
f 3758 2188 2075
f 3284 3758 2075
f 3756 3758 3284
f 2188 3286 2075
f 3759 3285 3287
f 3759 3757 3285
f 2077 2188 3758
f 2077 3760 2188
f 3760 3286 2188
f 3760 3288 3286
f 3761 3287 3289
f 3761 3759 3287
f 2543 3288 3760
f 2543 3760 2545
f 2545 3762 2543
f 2543 3762 3290
f 3763 3289 3291
f 3763 3761 3289
f 3290 3764 3292
f 3762 3764 3290
f 3765 3291 3293
f 3765 3763 3291
f 3292 3766 3294
f 3764 3766 3292
f 3293 602 3765
f 3765 602 604
f 3767 604 602
f 3767 602 3295
f 3294 3768 3296
f 3766 3768 3294
f 3295 1102 3767
f 3767 1102 1104
f 3769 1104 1102
f 3769 1102 3297
f 2546 3770 3298
f 2546 3298 2544
f 2544 3296 2546
f 2546 3296 3768
f 3297 1586 3769
f 3769 1586 1588
f 3771 1588 1586
f 3771 1586 3299
f 3490 3772 3300
f 3490 3300 3488
f 158 3490 3488
f 158 160 3490
f 634 160 158
f 634 636 160
f 1126 636 634
f 1126 1128 636
f 1608 1128 1126
f 1608 1610 1128
f 2076 1610 1608
f 2076 2078 1610
f 2076 3298 2078
f 2078 3298 3770
f 3299 2056 3771
f 3771 2056 2058
f 2528 2058 2056
f 2528 2530 2058
f 3008 2530 2528
f 3008 3010 2530
f 3008 3300 3010
f 3010 3300 3772
f 758 649 3301
f 1254 1141 758
f 758 1141 649
f 1728 1623 1254
f 1254 1623 1141
f 2186 2091 1728
f 1728 2091 1623
f 2186 3302 2091
f 276 173 3303
f 651 758 3301
f 651 3301 173
f 3773 651 173
f 276 3773 173
f 758 651 1143
f 758 1143 1254
f 1254 1143 1625
f 1254 1625 1728
f 1728 1625 2093
f 1728 2093 2186
f 3774 2656 2559
f 3774 2559 3302
f 2093 3774 3302
f 2186 2093 3302
f 2656 3304 2559
f 276 3303 175
f 3303 3775 175
f 3303 3305 3775
f 3773 276 175
f 2561 2656 3774
f 3027 3304 2656
f 2561 3027 2656
f 3029 3027 2561
f 3029 3776 3027
f 3027 3776 3306
f 3777 3305 3307
f 3777 3775 3305
f 3507 3306 3776
f 3507 3776 3509
f 3509 3778 3507
f 3507 3778 3308
f 3779 3307 3309
f 3779 3777 3307
f 183 3308 3778
f 183 3778 185
f 185 3780 183
f 183 3780 3310
f 3781 3309 3311
f 3781 3779 3309
f 661 3310 3780
f 661 3780 663
f 663 3782 661
f 661 3782 3312
f 3311 174 3781
f 3781 174 176
f 3783 176 174
f 3783 174 3313
f 1151 3312 3782
f 1151 3782 1153
f 1153 3784 1151
f 1151 3784 3314
f 3313 650 3783
f 3783 650 652
f 3785 652 650
f 3785 650 3315
f 3314 3786 3316
f 3784 3786 3314
f 3315 1142 3785
f 3785 1142 1144
f 1624 1144 1142
f 1624 1626 1144
f 1624 3317 2206
f 2094 1624 2206
f 1626 1624 2094
f 3787 2094 2206
f 3316 3788 3318
f 3786 3788 3316
f 2092 2206 3317
f 2206 2092 3787
f 2092 2562 3787
f 2092 2560 2562
f 3789 2562 2560
f 3789 2560 3319
f 3318 3790 3320
f 3788 3790 3318
f 3153 3791 3028
f 3791 3319 3028
f 3791 3789 3319
f 3321 3153 3028
f 1152 1277 3322
f 1152 3320 1277
f 3320 3792 1277
f 3320 3790 3792
f 3153 3030 3791
f 3633 3793 3508
f 3508 3793 3321
f 3793 3030 3321
f 3030 3153 3321
f 184 305 3633
f 184 3633 3508
f 662 785 305
f 662 305 184
f 1277 1154 3322
f 3322 1154 662
f 1154 3794 662
f 3794 785 662
f 1277 3792 1154
f 3633 3510 3793
f 3510 3633 186
f 186 3633 305
f 186 305 664
f 664 305 785
f 785 3794 664
f 307 2373 3635
f 3635 2373 2371
f 2373 2845 2371
f 2847 2845 2373
f 2847 3335 2845
f 3337 3335 2847
f 3337 13 3335
f 15 13 3337
f 15 479 13
f 481 479 15
f 481 973 479
f 975 973 481
f 975 1459 973
f 1461 1459 975
f 3636 1459 2129
f 1459 1935 2129
f 1459 1461 1935
f 1935 308 2129
f 309 1895 2107
f 3637 2107 1895
f 307 3637 1895
f 3635 3637 307
f 2129 1933 3636
f 308 2413 2605
f 308 2605 3638
f 2129 308 3638
f 1933 2129 3638
f 2605 2413 3079
f 3079 2413 2887
f 2887 310 3079
f 2109 311 2107
f 2107 311 309
f 2107 3637 3639
f 2107 3639 2109
f 2605 2411 3638
f 3081 3640 2411
f 2605 3081 2411
f 3079 3081 2605
f 3379 3567 310
f 3567 3079 310
f 3567 3081 3079
f 3567 3379 243
f 243 3379 57
f 243 57 729
f 729 57 525
f 525 312 729
f 2111 313 2109
f 2109 313 311
f 2109 3639 3641
f 2109 3641 2111
f 3085 3642 3640
f 3085 3640 3081
f 3081 3571 3085
f 3081 3567 3571
f 3567 247 3571
f 3567 243 247
f 243 733 247
f 243 729 733
f 729 312 733
f 733 312 314
f 2111 1896 313
f 2583 315 2372
f 2372 315 3641
f 315 1896 3641
f 1896 2111 3641
f 3643 2583 2372
f 2412 2613 3644
f 2613 2412 3642
f 3085 2613 3642
f 3089 2613 3085
f 316 3089 3380
f 3089 3571 3380
f 3089 3085 3571
f 3380 3571 58
f 58 3571 247
f 58 247 526
f 526 247 733
f 733 314 526
f 2583 2374 315
f 3643 2846 2583
f 2846 2374 2583
f 2846 2848 2374
f 317 2848 2846
f 317 2846 3645
f 1934 2143 3646
f 2613 2414 3644
f 3644 2414 1934
f 2414 318 1934
f 318 2143 1934
f 2414 2613 2888
f 2888 2613 3089
f 3089 316 2888
f 3645 3336 317
f 317 3336 3338
f 14 3338 3336
f 14 16 3338
f 480 16 14
f 480 482 16
f 974 482 480
f 974 976 482
f 1460 976 974
f 1460 1462 976
f 2143 1936 3646
f 1936 1460 3646
f 1936 1462 1460
f 2143 318 1936
f 319 1437 3647
f 3647 1437 1435
f 1437 1909 1435
f 1911 1909 1437
f 1911 2387 1909
f 2389 2387 1911
f 2389 2861 2387
f 2863 2861 2389
f 2863 3351 2861
f 3353 3351 2863
f 3648 3351 203
f 3351 31 203
f 3351 3353 31
f 203 31 689
f 689 31 497
f 689 497 3649
f 497 989 3649
f 497 991 989
f 991 1475 989
f 1477 1475 991
f 1477 1949 1475
f 1951 1949 1477
f 1951 2427 1949
f 2429 2427 1951
f 2429 320 2427
f 2427 320 3650
f 321 947 3651
f 3651 947 945
f 3647 945 947
f 3647 947 319
f 203 29 3648
f 689 495 29
f 689 29 203
f 689 3649 495
f 2901 3650 320
f 2901 320 2903
f 3560 3393 322
f 3393 2903 322
f 3393 2901 2903
f 3560 3652 3393
f 323 3651 3653
f 323 321 3651
f 3395 3560 322
f 324 240 71
f 324 71 3652
f 3395 324 3652
f 3560 3395 3652
f 240 3654 71
f 325 3653 3655
f 325 323 3653
f 326 244 240
f 326 240 324
f 3654 240 3656
f 3656 240 244
f 327 3655 3657
f 327 325 3655
f 328 248 244
f 328 244 326
f 3656 244 3658
f 3658 244 248
f 3657 946 327
f 327 946 948
f 329 948 946
f 329 946 3659
f 3660 72 248
f 328 3660 248
f 330 3660 328
f 3658 248 72
f 3659 1436 329
f 329 1436 1438
f 331 1438 1436
f 331 1436 3661
f 3394 3581 3662
f 3394 3660 3581
f 3660 332 3581
f 3660 330 332
f 3661 1910 331
f 331 1910 1912
f 2388 1912 1910
f 2388 2390 1912
f 333 2390 2388
f 333 2388 3663
f 2428 2621 3664
f 2904 334 2621
f 2428 2904 2621
f 2902 2904 2428
f 3581 3396 3662
f 3396 2902 3662
f 3396 2904 2902
f 3581 332 3396
f 3663 2862 333
f 333 2862 2864
f 335 2864 2862
f 335 2862 3665
f 992 336 1202
f 992 1202 3666
f 1476 992 3666
f 1478 992 1476
f 1950 1478 1476
f 1950 1952 1478
f 2621 2430 3664
f 2430 1950 3664
f 2430 1952 1950
f 2621 334 2430
f 3665 3352 335
f 335 3352 3354
f 30 3354 3352
f 30 32 3354
f 496 32 30
f 496 498 32
f 336 498 1202
f 498 990 1202
f 498 496 990
f 3666 1202 990
f 337 2879 3035
f 3035 2879 3517
f 3517 2879 3369
f 3517 3369 193
f 193 3369 47
f 193 47 679
f 679 47 513
f 679 513 1175
f 1175 513 1007
f 1175 1007 1651
f 1651 1007 1493
f 1651 1493 2119
f 2119 1493 1967
f 2119 1967 2593
f 2593 1967 2445
f 2593 2445 3063
f 3063 2445 2919
f 2919 338 3063
f 339 2405 3667
f 3667 2405 2403
f 2405 337 3035
f 2877 2405 3035
f 2403 2405 2877
f 3517 3367 2877
f 3517 2877 3035
f 193 45 3367
f 193 3367 3517
f 679 511 45
f 679 45 193
f 1175 1005 511
f 1175 511 679
f 1651 1491 1005
f 1651 1005 1175
f 2119 1965 1491
f 2119 1491 1651
f 2593 2443 1965
f 2593 1965 2119
f 3063 2917 2443
f 3063 2443 2593
f 2917 3063 338
f 3405 2917 338
f 3403 2917 3405
f 3668 3403 223
f 3403 75 223
f 3403 3405 75
f 223 75 709
f 709 75 541
f 541 340 709
f 2100 1925 3669
f 3667 1925 2100
f 341 3667 2100
f 339 3667 341
f 223 73 3668
f 709 539 73
f 709 73 223
f 340 1041 1205
f 340 1205 3670
f 709 340 3670
f 539 709 3670
f 1041 342 1205
f 2100 3669 1927
f 3669 343 1927
f 3669 3671 343
f 341 2100 1927
f 1209 3672 3670
f 1209 3670 1205
f 1205 342 1209
f 1209 342 344
f 1634 1451 3673
f 3671 1451 1634
f 345 3671 1634
f 343 3671 345
f 540 719 3674
f 1209 1042 3672
f 3672 1042 540
f 1042 346 540
f 346 719 540
f 1209 344 1042
f 1634 3673 1453
f 3673 347 1453
f 3673 3675 347
f 345 1634 1453
f 74 237 3676
f 719 542 3674
f 3674 542 74
f 542 348 74
f 348 237 74
f 719 346 542
f 1164 961 3677
f 3675 961 1164
f 349 3675 1164
f 347 3675 349
f 3404 3565 3678
f 237 76 3676
f 3676 76 3404
f 76 350 3404
f 350 3565 3404
f 237 348 76
f 3679 1166 3677
f 3677 1166 1164
f 349 1164 1166
f 349 1166 351
f 3678 3565 3406
f 352 3678 3406
f 3680 3678 352
f 3565 350 3406
f 962 1166 3679
f 1454 351 1642
f 1642 351 3681
f 351 1166 3681
f 1166 962 3681
f 1454 1642 2112
f 1454 2112 1928
f 1928 2112 2582
f 1928 2582 2406
f 2406 2582 3054
f 2406 3054 2880
f 353 2880 3054
f 2920 354 3682
f 2920 3682 2918
f 2918 3680 2920
f 2920 3680 352
f 1452 1642 3681
f 1926 2112 1452
f 1452 2112 1642
f 3683 2584 1926
f 2584 2112 1926
f 2584 2582 2112
f 3056 2582 2584
f 3054 2582 3056
f 3538 3370 353
f 3054 3538 353
f 3056 3538 3054
f 3370 3538 3684
f 46 3370 3684
f 48 3370 46
f 46 3685 700
f 514 46 700
f 48 46 514
f 514 700 1196
f 514 1196 1008
f 1008 1196 1674
f 1008 1674 1494
f 1494 1674 2140
f 1494 2140 1968
f 1968 2140 3686
f 2444 1968 3686
f 2446 1968 2444
f 2444 3682 2446
f 2446 3682 354
f 2404 2584 3683
f 2878 3056 2404
f 2404 3056 2584
f 3368 3538 2878
f 2878 3538 3056
f 3684 3538 3368
f 512 700 3685
f 1006 1196 512
f 512 1196 700
f 1492 1674 1006
f 1006 1674 1196
f 1966 2140 1492
f 1492 2140 1674
f 3686 2140 1966
f 1652 1507 3687
f 355 1983 1652
f 1983 1507 1652
f 1983 1981 1507
f 1983 2459 1981
f 2461 2459 1983
f 2461 2933 2459
f 2935 2933 2461
f 2935 3419 2933
f 3421 3419 2935
f 3421 356 3419
f 3419 356 3688
f 1178 1021 3689
f 1509 1652 3687
f 1509 3687 1021
f 357 1509 1021
f 1178 357 1021
f 355 1652 1509
f 89 3688 356
f 89 356 91
f 91 555 89
f 557 555 91
f 557 358 555
f 555 358 3690
f 3691 1180 3689
f 3689 1180 1178
f 357 1178 1180
f 357 1180 359
f 1055 3690 358
f 1055 358 1057
f 1057 360 1055
f 1055 360 3692
f 3693 1182 3691
f 3691 1182 1180
f 359 1180 1182
f 359 1182 361
f 1539 3692 360
f 1539 360 1541
f 2158 2009 362
f 2009 1541 362
f 2009 1539 1541
f 2158 3694 2009
f 1182 3693 1023
f 3693 363 1023
f 3693 3695 363
f 361 1182 1023
f 2011 2158 362
f 2011 364 2158
f 364 3694 2158
f 364 3696 3694
f 365 3695 3697
f 365 363 3695
f 3696 366 3698
f 364 366 3696
f 367 3697 3699
f 367 365 3697
f 3698 368 3700
f 366 368 3698
f 369 3699 3701
f 369 367 3699
f 2010 2169 3702
f 2010 3700 2169
f 3700 370 2169
f 3700 368 370
f 3701 1022 369
f 369 1022 1024
f 371 1024 1022
f 371 1022 3703
f 2171 3704 3702
f 2171 3702 2169
f 2169 370 2171
f 2171 370 372
f 373 3703 3705
f 373 371 3703
f 2173 3706 3704
f 2173 3704 2171
f 2171 372 2173
f 2173 372 374
f 1679 375 1508
f 375 3705 1508
f 375 373 3705
f 3707 1679 1508
f 3706 2173 2012
f 376 3706 2012
f 3708 3706 376
f 2173 374 2012
f 1679 1510 375
f 377 1510 1679
f 3707 377 1679
f 3709 377 3707
f 1540 1725 3710
f 1540 3708 1725
f 3708 378 1725
f 3708 376 378
f 3709 1982 377
f 377 1982 1984
f 379 1984 1982
f 379 1982 3711
f 3710 1725 1542
f 380 3710 1542
f 3712 3710 380
f 1725 378 1542
f 3711 2460 379
f 379 2460 2462
f 2934 3105 381
f 2462 2934 381
f 2460 2934 2462
f 3713 3105 2934
f 1058 382 3714
f 1058 3714 1056
f 1056 3712 1058
f 1058 3712 380
f 3105 2936 381
f 3713 3420 3105
f 3420 2936 3105
f 3420 3422 2936
f 90 3422 3420
f 90 92 3422
f 556 92 90
f 556 558 92
f 556 3714 558
f 558 3714 382
f 2598 2475 3715
f 383 2951 2598
f 2951 2475 2598
f 2951 2949 2475
f 2951 3435 2949
f 3437 3435 2951
f 3437 105 3435
f 107 105 3437
f 107 384 105
f 105 384 3716
f 385 1999 3717
f 3717 1999 1997
f 2477 2598 3715
f 1997 2477 3715
f 1999 2477 1997
f 383 2598 2477
f 571 3716 384
f 571 384 573
f 573 1071 571
f 1073 1071 573
f 1073 1555 1071
f 1557 1555 1073
f 1557 386 1555
f 1555 386 3718
f 387 3717 3719
f 387 385 3717
f 2025 3718 386
f 2025 386 2027
f 2027 2497 2025
f 2499 2497 2027
f 2499 388 2497
f 2497 388 3720
f 389 3719 3721
f 389 387 3719
f 2977 3720 388
f 2977 388 2979
f 3722 2977 3601
f 2977 3459 3601
f 2977 2979 3459
f 3459 390 3601
f 391 3721 3723
f 391 389 3721
f 3603 3724 3722
f 3603 3722 3601
f 3601 390 3603
f 3603 390 392
f 393 3723 3725
f 393 391 3723
f 3605 3726 3724
f 3605 3724 3603
f 3603 392 3605
f 3605 392 394
f 395 3725 3727
f 395 393 3725
f 2978 3125 3728
f 3605 3460 3726
f 3726 3460 2978
f 3460 396 2978
f 396 3125 2978
f 3605 394 3460
f 2000 395 2142
f 395 3729 2142
f 395 3727 3729
f 397 2000 2142
f 1072 1235 3730
f 1558 398 1235
f 1072 1558 1235
f 1556 1558 1072
f 2026 1558 1556
f 2026 2028 1558
f 2498 2028 2026
f 2498 2500 2028
f 3125 2980 3728
f 2980 2498 3728
f 2980 2500 2498
f 3125 396 2980
f 1998 2142 3729
f 2142 1998 397
f 1998 2478 397
f 1998 2476 2478
f 2950 2478 2476
f 2950 2952 2478
f 3436 2952 2950
f 3436 3438 2952
f 106 3438 3436
f 106 108 3438
f 572 108 106
f 572 574 108
f 1235 1074 3730
f 1074 572 3730
f 1074 574 572
f 1235 398 1074
f 399 3453 3731
f 3731 3453 3451
f 3453 121 3451
f 123 121 3453
f 123 587 121
f 589 587 123
f 589 1087 587
f 1089 1087 589
f 3732 1087 1691
f 1087 1573 1691
f 1087 1089 1573
f 1691 1573 2155
f 2155 1573 2043
f 2155 2043 2631
f 2631 2043 2515
f 2515 400 2631
f 401 2967 3733
f 3733 2967 2965
f 3731 2965 2967
f 3731 2967 399
f 1691 1571 3732
f 2155 2041 1571
f 2155 1571 1691
f 2631 2513 2041
f 2631 2041 2155
f 2513 2631 400
f 2995 2513 400
f 2993 2513 2995
f 2995 3473 2993
f 3475 3473 2995
f 3734 3473 273
f 3473 145 273
f 3473 3475 145
f 145 402 273
f 403 3733 3735
f 403 401 3733
f 273 143 3734
f 143 273 402
f 621 143 402
f 619 143 621
f 3736 619 1255
f 619 1113 1255
f 619 621 1113
f 1113 404 1255
f 405 3735 3737
f 405 403 3735
f 1255 1111 3736
f 404 1595 1731
f 404 1731 3738
f 1255 404 3738
f 1111 1255 3738
f 1595 406 1731
f 407 3737 3739
f 407 405 3737
f 1733 3740 3738
f 1733 3738 1731
f 1731 406 1733
f 1733 406 408
f 409 3739 3741
f 409 407 3739
f 1735 3742 3740
f 1735 3740 1733
f 1733 408 1735
f 1735 408 410
f 3741 2966 409
f 409 2966 2968
f 411 2968 2966
f 411 2966 3743
f 3742 1735 1596
f 412 3742 1596
f 3744 3742 412
f 1735 410 1596
f 3743 3452 411
f 411 3452 3454
f 3452 3745 256
f 124 3452 256
f 3454 3452 124
f 124 256 742
f 124 742 590
f 413 590 742
f 1114 414 3746
f 1114 3746 1112
f 1112 3744 1114
f 1114 3744 412
f 122 256 3745
f 588 742 122
f 122 742 256
f 742 588 413
f 588 1090 413
f 588 1088 1090
f 415 1090 1088
f 415 1088 3747
f 622 416 3748
f 622 3748 620
f 620 3746 622
f 622 3746 414
f 3747 1572 415
f 415 1572 1574
f 2042 2181 417
f 1574 2042 417
f 1572 2042 1574
f 3749 2181 2042
f 144 289 3750
f 144 3748 289
f 3748 418 289
f 3748 416 418
f 2181 2044 417
f 2653 419 2514
f 2514 419 3749
f 419 2044 3749
f 2044 2181 3749
f 2994 3135 2653
f 2994 2653 2514
f 3474 3615 3135
f 3474 3135 2994
f 289 146 3750
f 3750 146 3474
f 146 420 3474
f 420 3615 3474
f 289 418 146
f 2653 2516 419
f 2516 2653 2996
f 2996 2653 3135
f 2996 3135 3476
f 3476 3135 3615
f 3615 420 3476
f 2630 2529 3751
f 3110 3009 2630
f 2630 3009 2529
f 3594 3489 3110
f 3110 3489 3009
f 270 159 3594
f 3594 159 3489
f 754 635 270
f 270 635 159
f 754 3752 635
f 2156 2057 3753
f 2057 2156 3751
f 2156 2630 3751
f 2156 2632 2630
f 3112 2630 2632
f 3110 2630 3112
f 3112 421 3491
f 3594 3112 3491
f 3110 3112 3594
f 3594 3491 161
f 3594 161 270
f 270 161 637
f 270 637 754
f 1127 3752 754
f 637 1127 754
f 1129 1127 637
f 1129 422 1127
f 1127 422 3754
f 1210 1103 3755
f 1694 1587 1210
f 1210 1587 1103
f 2059 2156 3753
f 2059 3753 1587
f 423 2059 1587
f 1694 423 1587
f 2156 2059 2531
f 2156 2531 2632
f 2632 2531 3011
f 2632 3011 3112
f 421 3112 3011
f 1609 3754 422
f 1609 422 1611
f 1611 424 1609
f 1609 424 3756
f 720 603 3757
f 1105 1210 3755
f 1105 3755 603
f 425 1105 603
f 720 425 603
f 1210 1105 1589
f 1210 1589 1694
f 423 1694 1589
f 3756 426 3758
f 424 426 3756
f 720 3757 605
f 3757 427 605
f 3757 3759 427
f 425 720 605
f 2077 3758 426
f 2077 426 2079
f 2079 428 2077
f 2077 428 3760
f 429 3759 3761
f 429 427 3759
f 430 2660 2545
f 3760 430 2545
f 428 430 3760
f 2660 3762 2545
f 431 3761 3763
f 431 429 3761
f 2547 2660 430
f 2547 432 2660
f 432 3762 2660
f 432 3764 3762
f 433 3763 3765
f 433 431 3763
f 3764 434 3766
f 432 434 3764
f 3765 604 433
f 433 604 606
f 435 606 604
f 435 604 3767
f 3766 436 3768
f 434 436 3766
f 3767 1104 435
f 435 1104 1106
f 437 1106 1104
f 437 1104 3769
f 2080 438 2202
f 2080 2202 3770
f 2546 2080 3770
f 2548 2080 2546
f 2546 3768 2548
f 2548 3768 436
f 3769 1588 437
f 437 1588 1590
f 1588 3771 2184
f 2060 1588 2184
f 1590 1588 2060
f 2060 2184 2652
f 2060 2652 2532
f 2532 2652 3134
f 2532 3134 3012
f 3012 3134 3772
f 3490 3012 3772
f 3492 3012 3490
f 160 3492 3490
f 160 162 3492
f 636 162 160
f 636 638 162
f 1128 638 636
f 1128 1130 638
f 1610 1130 1128
f 1610 1612 1130
f 438 1612 2202
f 1612 2078 2202
f 1612 1610 2078
f 3770 2202 2078
f 2058 2184 3771
f 2530 2652 2058
f 2058 2652 2184
f 3010 3134 2530
f 2530 3134 2652
f 3772 3134 3010
f 760 651 3773
f 1256 1143 760
f 760 1143 651
f 1730 1625 1256
f 1256 1625 1143
f 2190 2093 1730
f 1730 2093 1625
f 2190 3774 2093
f 278 175 3775
f 653 760 3773
f 653 3773 175
f 439 653 175
f 278 439 175
f 760 653 1145
f 760 1145 1256
f 1256 1145 1627
f 1256 1627 1730
f 1730 1627 2095
f 1730 2095 2190
f 2561 3774 2190
f 2095 2561 2190
f 2563 2561 2095
f 3138 3029 440
f 3029 2563 440
f 3029 2561 2563
f 3138 3776 3029
f 278 3775 177
f 3775 441 177
f 3775 3777 441
f 439 278 177
f 3031 3138 440
f 442 3618 3509
f 442 3509 3776
f 3031 442 3776
f 3138 3031 3776
f 3618 3778 3509
f 443 3777 3779
f 443 441 3777
f 3511 3618 442
f 444 292 185
f 444 185 3778
f 3511 444 3778
f 3618 3511 3778
f 292 3780 185
f 178 443 284
f 443 3781 284
f 443 3779 3781
f 445 178 284
f 187 292 444
f 663 3780 292
f 187 663 292
f 665 663 187
f 665 446 663
f 663 446 3782
f 176 284 3781
f 654 445 770
f 770 445 3783
f 445 284 3783
f 284 176 3783
f 447 654 770
f 1153 3782 446
f 1153 446 1155
f 1155 448 1153
f 1153 448 3784
f 652 770 3783
f 1146 447 1268
f 1268 447 3785
f 447 770 3785
f 770 652 3785
f 1146 1268 1742
f 1146 1742 1628
f 449 1628 1742
f 3784 450 3786
f 448 450 3784
f 1144 1268 3785
f 1626 1742 1144
f 1144 1742 1268
f 1742 1626 449
f 1626 2096 449
f 1626 2094 2096
f 451 2096 2094
f 451 2094 3787
f 3786 452 3788
f 450 452 3786
f 3787 2562 451
f 451 2562 2564
f 453 2564 2562
f 453 2562 3789
f 3788 454 3790
f 452 454 3788
f 455 3789 3791
f 455 453 3789
f 3790 456 3792
f 454 456 3790
f 3791 3030 455
f 455 3030 3032
f 457 3032 3030
f 457 3030 3793
f 1156 458 3794
f 1156 3794 1154
f 1154 3792 1156
f 1156 3792 456
f 3793 3510 457
f 457 3510 3512
f 186 3512 3510
f 186 188 3512
f 664 188 186
f 664 666 188
f 664 3794 666
f 666 3794 458
