# Converted from NanoShaper .vert/.face
v 7.907000 10.696000 -13.767000
v 8.611000 10.696000 -13.767000
v 7.343000 10.696000 -13.267000
v 9.175000 10.696000 -13.267000
v 7.232000 10.696000 -12.767000
v 9.285000 10.696000 -12.767000
v 7.373000 10.696000 -12.267000
v 9.135000 10.696000 -12.267000
v 7.629000 10.696000 -11.767000
v 8.883000 10.696000 -11.767000
v 7.608000 10.696000 -11.267000
v 8.892000 10.696000 -11.267000
v 7.306000 10.696000 -10.767000
v 9.153000 10.696000 -10.767000
v 7.042000 10.696000 -10.267000
v 9.458000 10.696000 -10.267000
v 6.877000 10.696000 -9.767000
v 9.581000 10.696000 -9.767000
v 6.765000 10.696000 -9.267000
v 9.807000 10.696000 -9.267000
v 6.751000 10.696000 -8.767000
v 10.268000 10.696000 -8.767000
v 6.915000 10.696000 -8.267000
v 10.571000 10.696000 -8.267000
v 7.389000 10.696000 -7.767000
v 10.786000 10.696000 -7.767000
v 7.663000 10.696000 -7.267000
v 11.250000 10.696000 -7.267000
v 7.736000 10.696000 -6.767000
v 11.601000 10.696000 -6.767000
v 7.629000 10.696000 -6.267000
v 11.707000 10.696000 -6.267000
v 7.438000 10.696000 -5.767000
v 11.627000 10.696000 -5.767000
v 7.351000 10.696000 -5.267000
v 11.321000 10.696000 -5.267000
v 7.449000 10.696000 -4.767000
v 10.674000 10.696000 -4.767000
v 7.786000 10.696000 -4.267000
v 9.740000 10.696000 -4.267000
v 5.965000 14.696000 -14.767000
v 9.255000 14.696000 -14.767000
v 5.577000 14.696000 -14.267000
v 9.603000 14.696000 -14.267000
v 5.425000 14.696000 -13.767000
v 9.707000 14.696000 -13.767000
v 5.372000 14.696000 -13.267000
v 9.669000 14.696000 -13.267000
v 5.363000 14.696000 -12.767000
v 9.594000 14.696000 -12.767000
v 5.460000 14.696000 -12.267000
v 9.302000 14.696000 -12.267000
v 5.795000 14.696000 -11.767000
v 8.962000 14.696000 -11.767000
v 6.697000 14.696000 -11.267000
v 8.681000 14.696000 -11.267000
v 7.453000 14.696000 -10.767000
v 8.308000 14.696000 -10.767000
v 7.687000 14.696000 -9.267000
v 8.973000 14.696000 -9.267000
v 7.226000 14.696000 -8.767000
v 9.720000 14.696000 -8.767000
v 6.962000 14.696000 -8.267000
v 10.031000 14.696000 -8.267000
v 6.773000 14.696000 -7.767000
v 10.269000 14.696000 -7.767000
v 6.719000 14.696000 -7.267000
v 10.635000 14.696000 -7.267000
v 6.657000 14.696000 -6.767000
v 10.946000 14.696000 -6.767000
v 6.361000 14.696000 -6.267000
v 11.028000 14.696000 -6.267000
v 5.885000 14.696000 -5.767000
v 10.909000 14.696000 -5.767000
v 5.751000 14.696000 -5.267000
v 10.590000 14.696000 -5.267000
v 5.868000 14.696000 -4.767000
v 10.208000 14.696000 -4.767000
v 5.979000 14.696000 -4.267000
v 9.314000 14.696000 -4.267000
v 6.098000 14.696000 -3.767000
v 8.743000 14.696000 -3.767000
v 6.488000 14.696000 -3.267000
v 8.123000 14.696000 -3.267000
v 5.819000 18.696000 -18.767000
v 8.779000 18.696000 -18.767000
v 5.476000 18.696000 -18.267000
v 9.107000 18.696000 -18.267000
v 5.375000 18.696000 -17.767000
v 9.199000 18.696000 -17.767000
v 5.459000 18.696000 -17.267000
v 9.165000 18.696000 -17.267000
v 5.768000 18.696000 -16.767000
v 9.184000 18.696000 -16.767000
v 6.089000 18.696000 -16.267000
v 9.235000 18.696000 -16.267000
v 6.375000 18.696000 -15.767000
v 9.421000 18.696000 -15.767000
v 6.621000 18.696000 -15.267000
v 9.527000 18.696000 -15.267000
v 6.770000 18.696000 -14.767000
v 9.434000 18.696000 -14.767000
v 6.817000 18.696000 -14.267000
v 9.079000 18.696000 -14.267000
v 6.940000 18.696000 -13.767000
v 8.590000 18.696000 -13.767000
v 7.013000 10.696000 -10.185000
v 7.013000 10.696000 -8.142000
v 7.513000 10.696000 -13.508000
v 7.513000 10.696000 -12.040000
v 7.513000 10.696000 -11.092000
v 7.513000 10.696000 -7.577000
v 7.513000 10.696000 -5.948000
v 7.513000 10.696000 -4.629000
v 8.013000 10.696000 -13.799000
v 8.013000 10.696000 -4.092000
v 8.513000 10.696000 -13.797000
v 8.513000 10.696000 -3.902000
v 9.013000 10.696000 -13.500000
v 9.013000 10.696000 -12.064000
v 9.013000 10.696000 -10.997000
v 9.013000 10.696000 -3.906000
v 9.513000 10.696000 -10.097000
v 9.513000 10.696000 -4.107000
v 10.013000 10.696000 -9.013000
v 10.013000 10.696000 -4.407000
v 10.513000 10.696000 -8.409000
v 10.513000 10.696000 -4.636000
v 11.013000 10.696000 -7.479000
v 11.013000 10.696000 -5.023000
v 11.513000 10.696000 -6.944000
v 11.513000 10.696000 -5.521000
v 5.513000 14.696000 -14.107000
v 5.513000 14.696000 -12.149000
v 6.013000 14.696000 -14.803000
v 6.013000 14.696000 -11.597000
v 6.013000 14.696000 -5.942000
v 6.013000 14.696000 -4.031000
v 6.513000 14.696000 -15.037000
v 6.513000 14.696000 -11.357000
v 6.513000 14.696000 -6.488000
v 6.513000 14.696000 -3.248000
v 7.013000 14.696000 -15.118000
v 7.013000 14.696000 -11.096000
v 7.013000 14.696000 -8.367000
v 7.013000 14.696000 -3.019000
v 7.513000 14.696000 -15.146000
v 7.513000 14.696000 -10.724000
v 7.513000 14.696000 -9.089000
v 7.513000 14.696000 -3.006000
v 8.013000 14.696000 -15.139000
v 8.013000 14.696000 -10.571000
v 8.013000 14.696000 -9.465000
v 8.013000 14.696000 -3.198000
v 8.513000 14.696000 -15.121000
v 8.513000 14.696000 -11.010000
v 8.513000 14.696000 -9.428000
v 8.513000 14.696000 -3.527000
v 9.013000 14.696000 -14.946000
v 9.013000 14.696000 -11.857000
v 9.013000 14.696000 -9.246000
v 9.013000 14.696000 -4.050000
v 9.513000 14.696000 -14.449000
v 9.513000 14.696000 -12.576000
v 9.513000 14.696000 -8.944000
v 9.513000 14.696000 -4.369000
v 10.013000 14.696000 -8.314000
v 10.013000 14.696000 -4.617000
v 10.513000 14.696000 -7.436000
v 10.513000 14.696000 -5.156000
v 11.013000 14.696000 -6.514000
v 11.013000 14.696000 -6.107000
v 5.513000 18.696000 -18.349000
v 5.513000 18.696000 -17.140000
v 6.013000 18.696000 -18.919000
v 6.013000 18.696000 -16.413000
v 6.513000 18.696000 -19.120000
v 6.513000 18.696000 -15.508000
v 7.013000 18.696000 -19.197000
v 7.013000 18.696000 -13.658000
v 7.513000 18.696000 -19.182000
v 7.513000 18.696000 -13.322000
v 8.013000 18.696000 -19.151000
v 8.013000 18.696000 -13.323000
v 8.513000 18.696000 -18.972000
v 8.513000 18.696000 -13.662000
v 9.013000 18.696000 -18.465000
v 9.013000 18.696000 -14.209000
v 9.513000 18.696000 -15.448000
v 9.513000 18.696000 -15.055000
v 7.013000 16.555000 -15.267000
v 7.013000 19.360000 -15.267000
v 7.513000 16.151000 -15.267000
v 7.513000 19.659000 -15.267000
v 8.013000 16.153000 -15.267000
v 8.013000 19.699000 -15.267000
v 8.513000 16.337000 -15.267000
v 8.513000 19.586000 -15.267000
v 9.013000 16.815000 -15.267000
v 9.013000 19.342000 -15.267000
v 9.513000 17.639000 -15.267000
v 9.513000 18.732000 -15.267000
v 6.513000 12.700000 -11.267000
v 6.513000 14.383000 -11.267000
v 7.013000 11.184000 -11.267000
v 7.013000 14.925000 -11.267000
v 7.513000 10.757000 -11.267000
v 7.513000 15.188000 -11.267000
v 8.013000 10.479000 -11.267000
v 8.013000 15.189000 -11.267000
v 8.513000 10.484000 -11.267000
v 8.513000 14.856000 -11.267000
v 9.013000 10.827000 -11.267000
v 9.013000 14.219000 -11.267000
v 6.013000 15.572000 -7.267000
v 6.013000 16.816000 -7.267000
v 6.513000 14.945000 -7.267000
v 6.513000 17.406000 -7.267000
v 7.013000 14.221000 -7.267000
v 7.013000 17.882000 -7.267000
v 7.513000 10.891000 -7.267000
v 7.513000 18.091000 -7.267000
v 8.013000 10.094000 -7.267000
v 8.013000 18.102000 -7.267000
v 8.513000 9.518000 -7.267000
v 8.513000 17.920000 -7.267000
v 9.013000 9.315000 -7.267000
v 9.013000 17.434000 -7.267000
v 9.513000 9.309000 -7.267000
v 9.513000 16.871000 -7.267000
v 10.013000 9.437000 -7.267000
v 10.013000 16.121000 -7.267000
v 10.513000 9.657000 -7.267000
v 10.513000 15.076000 -7.267000
v 11.013000 10.061000 -7.267000
v 11.013000 11.880000 -7.267000
v 6.513000 14.657000 -3.267000
v 6.513000 16.350000 -3.267000
v 7.013000 14.283000 -3.267000
v 7.013000 16.678000 -3.267000
v 7.513000 14.265000 -3.267000
v 7.513000 16.701000 -3.267000
v 8.013000 14.568000 -3.267000
v 8.013000 16.679000 -3.267000
v 8.513000 15.020000 -3.267000
v 8.513000 16.382000 -3.267000
v 7.325000 11.196000 -13.767000
v 9.183000 11.196000 -13.767000
v 7.018000 11.196000 -13.267000
v 9.500000 11.196000 -13.267000
v 6.851000 11.196000 -12.767000
v 9.583000 11.196000 -12.767000
v 6.719000 11.196000 -12.267000
v 9.471000 11.196000 -12.267000
v 6.824000 11.196000 -11.767000
v 9.247000 11.196000 -11.767000
v 7.004000 11.196000 -11.267000
v 9.186000 11.196000 -11.267000
v 7.019000 11.196000 -10.767000
v 9.323000 11.196000 -10.767000
v 6.848000 11.196000 -10.267000
v 9.566000 11.196000 -10.267000
v 6.555000 11.196000 -9.767000
v 9.660000 11.196000 -9.767000
v 6.460000 11.196000 -9.267000
v 9.790000 11.196000 -9.267000
v 6.433000 11.196000 -8.767000
v 10.124000 11.196000 -8.767000
v 6.551000 11.196000 -8.267000
v 10.456000 11.196000 -8.267000
v 6.951000 11.196000 -7.767000
v 10.761000 11.196000 -7.767000
v 7.344000 11.196000 -7.267000
v 11.301000 11.196000 -7.267000
v 7.501000 11.196000 -6.767000
v 11.604000 11.196000 -6.767000
v 7.552000 11.196000 -6.267000
v 11.681000 11.196000 -6.267000
v 7.506000 11.196000 -5.767000
v 11.573000 11.196000 -5.767000
v 7.432000 11.196000 -5.267000
v 11.223000 11.196000 -5.267000
v 7.536000 11.196000 -4.767000
v 10.543000 11.196000 -4.767000
v 7.908000 11.196000 -4.267000
v 9.607000 11.196000 -4.267000
v 5.848000 15.196000 -14.767000
v 9.212000 15.196000 -14.767000
v 5.494000 15.196000 -14.267000
v 9.565000 15.196000 -14.267000
v 5.387000 15.196000 -13.767000
v 9.672000 15.196000 -13.767000
v 5.348000 15.196000 -13.267000
v 9.652000 15.196000 -13.267000
v 5.427000 15.196000 -12.767000
v 9.556000 15.196000 -12.767000
v 5.568000 15.196000 -12.267000
v 9.221000 15.196000 -12.267000
v 5.947000 15.196000 -11.767000
v 8.665000 15.196000 -11.767000
v 7.937000 15.196000 -9.267000
v 8.598000 15.196000 -9.267000
v 7.266000 15.196000 -8.767000
v 9.743000 15.196000 -8.767000
v 6.880000 15.196000 -8.267000
v 10.080000 15.196000 -8.267000
v 6.540000 15.196000 -7.767000
v 10.238000 15.196000 -7.767000
v 6.302000 15.196000 -7.267000
v 10.465000 15.196000 -7.267000
v 5.897000 15.196000 -6.767000
v 10.609000 15.196000 -6.767000
v 5.401000 15.196000 -6.267000
v 10.718000 15.196000 -6.267000
v 5.282000 15.196000 -5.767000
v 10.700000 15.196000 -5.767000
v 5.386000 15.196000 -5.267000
v 10.566000 15.196000 -5.267000
v 5.535000 15.196000 -4.767000
v 10.230000 15.196000 -4.767000
v 5.809000 15.196000 -4.267000
v 9.546000 15.196000 -4.267000
v 6.002000 15.196000 -3.767000
v 9.046000 15.196000 -3.767000
v 6.351000 15.196000 -3.267000
v 8.641000 15.196000 -3.267000
v 5.821000 19.196000 -18.767000
v 8.648000 19.196000 -18.767000
v 5.500000 19.196000 -18.267000
v 9.012000 19.196000 -18.267000
v 5.412000 19.196000 -17.767000
v 9.110000 19.196000 -17.767000
v 5.509000 19.196000 -17.267000
v 9.076000 19.196000 -17.267000
v 5.804000 19.196000 -16.767000
v 9.081000 19.196000 -16.767000
v 6.004000 19.196000 -16.267000
v 9.062000 19.196000 -16.267000
v 6.333000 19.196000 -15.767000
v 9.103000 19.196000 -15.767000
v 6.860000 19.196000 -15.267000
v 9.193000 19.196000 -15.267000
v 7.368000 19.196000 -14.767000
v 9.063000 19.196000 -14.767000
v 6.513000 11.196000 -9.643000
v 6.513000 11.196000 -8.361000
v 7.013000 11.196000 -13.253000
v 7.013000 11.196000 -11.213000
v 7.013000 11.196000 -10.720000
v 7.013000 11.196000 -7.712000
v 7.513000 11.196000 -13.964000
v 7.513000 11.196000 -6.703000
v 7.513000 11.196000 -5.801000
v 7.513000 11.196000 -4.827000
v 8.013000 11.196000 -14.242000
v 8.013000 11.196000 -4.188000
v 8.513000 11.196000 -14.234000
v 8.513000 11.196000 -3.984000
v 9.013000 11.196000 -13.942000
v 9.013000 11.196000 -3.988000
v 9.513000 11.196000 -13.231000
v 9.513000 11.196000 -12.373000
v 9.513000 11.196000 -10.395000
v 9.513000 11.196000 -4.203000
v 10.013000 11.196000 -8.899000
v 10.013000 11.196000 -4.491000
v 10.513000 11.196000 -8.154000
v 10.513000 11.196000 -4.743000
v 11.013000 11.196000 -7.513000
v 11.013000 11.196000 -5.108000
v 11.513000 11.196000 -6.974000
v 11.513000 11.196000 -5.641000
v 5.513000 15.196000 -14.309000
v 5.513000 15.196000 -12.425000
v 5.513000 15.196000 -6.428000
v 5.513000 15.196000 -4.826000
v 6.013000 15.196000 -14.895000
v 6.013000 15.196000 -11.718000
v 6.013000 15.196000 -6.902000
v 6.013000 15.196000 -3.742000
v 6.513000 15.196000 -15.102000
v 6.513000 15.196000 -11.503000
v 6.513000 15.196000 -7.699000
v 6.513000 15.196000 -3.138000
v 7.013000 15.196000 -15.153000
v 7.013000 15.196000 -11.433000
v 7.013000 15.196000 -8.452000
v 7.013000 15.196000 -2.926000
v 7.513000 15.196000 -15.174000
v 7.513000 15.196000 -11.275000
v 7.513000 15.196000 -9.000000
v 7.513000 15.196000 -2.908000
v 8.013000 15.196000 -15.163000
v 8.013000 15.196000 -11.275000
v 8.013000 15.196000 -9.293000
v 8.013000 15.196000 -2.957000
v 8.513000 15.196000 -15.108000
v 8.513000 15.196000 -11.635000
v 8.513000 15.196000 -9.277000
v 8.513000 15.196000 -3.165000
v 9.013000 15.196000 -14.917000
v 9.013000 15.196000 -12.075000
v 9.013000 15.196000 -9.182000
v 9.013000 15.196000 -3.729000
v 9.513000 15.196000 -14.379000
v 9.513000 15.196000 -12.668000
v 9.513000 15.196000 -8.944000
v 9.513000 15.196000 -4.241000
v 10.013000 15.196000 -8.413000
v 10.013000 15.196000 -4.596000
v 10.513000 15.196000 -7.137000
v 10.513000 15.196000 -5.148000
v 5.513000 19.196000 -18.299000
v 5.513000 19.196000 -17.258000
v 6.013000 19.196000 -18.928000
v 6.013000 19.196000 -16.245000
v 6.513000 19.196000 -19.146000
v 6.513000 19.196000 -15.589000
v 7.013000 19.196000 -19.166000
v 7.013000 19.196000 -15.120000
v 7.513000 19.196000 -19.089000
v 7.513000 19.196000 -14.573000
v 8.013000 19.196000 -19.062000
v 8.013000 19.196000 -14.275000
v 8.513000 19.196000 -18.868000
v 8.513000 19.196000 -14.326000
v 9.013000 19.196000 -18.265000
v 9.013000 19.196000 -14.688000
v 6.013000 18.106000 -18.767000
v 6.013000 19.790000 -18.767000
v 6.513000 17.763000 -18.767000
v 6.513000 20.149000 -18.767000
v 7.013000 17.672000 -18.767000
v 7.013000 20.175000 -18.767000
v 7.513000 17.695000 -18.767000
v 7.513000 19.908000 -18.767000
v 8.013000 17.749000 -18.767000
v 8.013000 19.662000 -18.767000
v 8.513000 18.033000 -18.767000
v 8.513000 19.378000 -18.767000
v 6.013000 14.618000 -14.767000
v 6.013000 15.685000 -14.767000
v 6.513000 13.474000 -14.767000
v 6.513000 18.084000 -14.767000
v 7.013000 13.206000 -14.767000
v 7.013000 18.955000 -14.767000
v 7.513000 13.133000 -14.767000
v 7.513000 19.293000 -14.767000
v 8.013000 13.367000 -14.767000
v 8.013000 19.482000 -14.767000
v 8.513000 13.666000 -14.767000
v 8.513000 19.467000 -14.767000
v 9.013000 14.042000 -14.767000
v 9.013000 19.236000 -14.767000
v 9.513000 17.901000 -14.767000
v 9.513000 18.439000 -14.767000
v 7.013000 11.212000 -10.767000
v 7.013000 14.276000 -10.767000
v 7.513000 10.495000 -10.767000
v 7.513000 14.727000 -10.767000
v 8.013000 10.225000 -10.767000
v 8.013000 14.809000 -10.767000
v 8.513000 10.230000 -10.767000
v 8.513000 14.550000 -10.767000
v 9.013000 10.519000 -10.767000
v 9.013000 12.899000 -10.767000
v 5.513000 15.509000 -6.767000
v 5.513000 16.915000 -6.767000
v 6.013000 15.118000 -6.767000
v 6.013000 17.278000 -6.767000
v 6.513000 14.817000 -6.767000
v 6.513000 17.533000 -6.767000
v 7.013000 14.253000 -6.767000
v 7.013000 17.783000 -6.767000
v 7.513000 11.158000 -6.767000
v 7.513000 17.991000 -6.767000
v 8.013000 10.092000 -6.767000
v 8.013000 18.003000 -6.767000
v 8.513000 9.501000 -6.767000
v 8.513000 17.804000 -6.767000
v 9.013000 9.292000 -6.767000
v 9.013000 17.416000 -6.767000
v 9.513000 9.282000 -6.767000
v 9.513000 16.920000 -6.767000
v 10.013000 9.357000 -6.767000
v 10.013000 16.318000 -6.767000
v 10.513000 9.413000 -6.767000
v 10.513000 15.329000 -6.767000
v 11.013000 9.606000 -6.767000
v 11.013000 14.502000 -6.767000
v 11.513000 10.221000 -6.767000
v 11.513000 11.650000 -6.767000
v 7.395000 11.696000 -14.267000
v 9.098000 11.696000 -14.267000
v 7.029000 11.696000 -13.767000
v 9.464000 11.696000 -13.767000
v 6.823000 11.696000 -13.267000
v 9.597000 11.696000 -13.267000
v 6.529000 11.696000 -12.767000
v 9.657000 11.696000 -12.767000
v 6.411000 11.696000 -12.267000
v 9.552000 11.696000 -12.267000
v 6.489000 11.696000 -11.767000
v 9.306000 11.696000 -11.767000
v 6.714000 11.696000 -11.267000
v 9.202000 11.696000 -11.267000
v 6.802000 11.696000 -10.767000
v 9.300000 11.696000 -10.767000
v 6.699000 11.696000 -10.267000
v 9.534000 11.696000 -10.267000
v 6.472000 11.696000 -9.767000
v 9.629000 11.696000 -9.767000
v 6.382000 11.696000 -9.267000
v 9.721000 11.696000 -9.267000
v 6.346000 11.696000 -8.767000
v 9.934000 11.696000 -8.767000
v 6.457000 11.696000 -8.267000
v 10.167000 11.696000 -8.267000
v 6.817000 11.696000 -7.767000
v 10.610000 11.696000 -7.767000
v 7.230000 11.696000 -7.267000
v 11.153000 11.696000 -7.267000
v 7.419000 11.696000 -6.767000
v 11.493000 11.696000 -6.767000
v 7.613000 11.696000 -6.267000
v 11.577000 11.696000 -6.267000
v 7.653000 11.696000 -5.767000
v 11.459000 11.696000 -5.767000
v 7.623000 11.696000 -5.267000
v 11.053000 11.696000 -5.267000
v 7.790000 11.696000 -4.767000
v 10.292000 11.696000 -4.767000
v 8.493000 11.696000 -4.267000
v 9.229000 11.696000 -4.267000
v 6.020000 15.696000 -14.767000
v 9.226000 15.696000 -14.767000
v 5.614000 15.696000 -14.267000
v 9.585000 15.696000 -14.267000
v 5.497000 15.696000 -13.767000
v 9.696000 15.696000 -13.767000
v 5.458000 15.696000 -13.267000
v 9.622000 15.696000 -13.267000
v 5.560000 15.696000 -12.767000
v 9.438000 15.696000 -12.767000
v 5.906000 15.696000 -12.267000
v 9.055000 15.696000 -12.267000
v 7.294000 15.696000 -8.767000
v 9.632000 15.696000 -8.767000
v 6.803000 15.696000 -8.267000
v 10.000000 15.696000 -8.267000
v 6.400000 15.696000 -7.767000
v 10.104000 15.696000 -7.767000
v 5.928000 15.696000 -7.267000
v 10.168000 15.696000 -7.267000
v 5.371000 15.696000 -6.767000
v 10.278000 15.696000 -6.767000
v 5.028000 15.696000 -6.267000
v 10.457000 15.696000 -6.267000
v 4.943000 15.696000 -5.767000
v 10.553000 15.696000 -5.767000
v 5.057000 15.696000 -5.267000
v 10.448000 15.696000 -5.267000
v 5.395000 15.696000 -4.767000
v 10.106000 15.696000 -4.767000
v 5.749000 15.696000 -4.267000
v 9.701000 15.696000 -4.267000
v 5.973000 15.696000 -3.767000
v 9.164000 15.696000 -3.767000
v 6.280000 15.696000 -3.267000
v 8.778000 15.696000 -3.267000
v 5.951000 19.696000 -18.767000
v 7.893000 19.696000 -18.767000
v 5.596000 19.696000 -18.267000
v 8.654000 19.696000 -18.267000
v 5.501000 19.696000 -17.767000
v 8.789000 19.696000 -17.767000
v 5.605000 19.696000 -17.267000
v 8.755000 19.696000 -17.267000
v 5.918000 19.696000 -16.767000
v 8.735000 19.696000 -16.767000
v 6.116000 19.696000 -16.267000
v 8.752000 19.696000 -16.267000
v 6.488000 19.696000 -15.767000
v 8.610000 19.696000 -15.767000
v 7.698000 19.696000 -15.267000
v 8.049000 19.696000 -15.267000
v 6.513000 11.696000 -12.729000
v 6.513000 11.696000 -11.707000
v 6.513000 11.696000 -9.864000
v 6.513000 11.696000 -8.151000
v 7.013000 11.696000 -13.725000
v 7.013000 11.696000 -7.578000
v 7.513000 11.696000 -14.356000
v 7.513000 11.696000 -6.552000
v 8.013000 11.696000 -14.558000
v 8.013000 11.696000 -4.496000
v 8.513000 11.696000 -14.552000
v 8.513000 11.696000 -4.262000
v 9.013000 11.696000 -14.334000
v 9.013000 11.696000 -4.244000
v 9.513000 11.696000 -13.630000
v 9.513000 11.696000 -12.181000
v 9.513000 11.696000 -10.318000
v 9.513000 11.696000 -4.330000
v 10.013000 11.696000 -8.566000
v 10.013000 11.696000 -4.546000
v 10.513000 11.696000 -7.848000
v 10.513000 11.696000 -4.946000
v 11.013000 11.696000 -7.379000
v 11.013000 11.696000 -5.238000
v 11.513000 11.696000 -6.713000
v 11.513000 11.696000 -5.903000
v 5.013000 15.696000 -6.224000
v 5.013000 15.696000 -5.379000
v 5.513000 15.696000 -13.934000
v 5.513000 15.696000 -12.899000
v 5.513000 15.696000 -6.879000
v 5.513000 15.696000 -4.601000
v 6.013000 15.696000 -14.762000
v 6.013000 15.696000 -12.159000
v 6.013000 15.696000 -7.332000
v 6.013000 15.696000 -3.667000
v 6.513000 15.696000 -15.016000
v 6.513000 15.696000 -11.854000
v 6.513000 15.696000 -7.916000
v 6.513000 15.696000 -3.072000
v 7.013000 15.696000 -15.171000
v 7.013000 15.696000 -11.823000
v 7.013000 15.696000 -8.447000
v 7.013000 15.696000 -2.863000
v 7.513000 15.696000 -15.178000
v 7.513000 15.696000 -11.814000
v 7.513000 15.696000 -8.968000
v 7.513000 15.696000 -2.846000
v 8.013000 15.696000 -15.180000
v 8.013000 15.696000 -11.835000
v 8.013000 15.696000 -9.238000
v 8.013000 15.696000 -2.861000
v 8.513000 15.696000 -15.107000
v 8.513000 15.696000 -12.005000
v 8.513000 15.696000 -9.229000
v 8.513000 15.696000 -3.052000
v 9.013000 15.696000 -14.923000
v 9.013000 15.696000 -12.235000
v 9.013000 15.696000 -9.064000
v 9.013000 15.696000 -3.581000
v 9.513000 15.696000 -14.414000
v 9.513000 15.696000 -12.951000
v 9.513000 15.696000 -8.856000
v 9.513000 15.696000 -4.112000
v 10.013000 15.696000 -8.237000
v 10.013000 15.696000 -4.647000
v 10.513000 15.696000 -6.099000
v 10.513000 15.696000 -5.457000
v 5.513000 19.696000 -17.949000
v 5.513000 19.696000 -17.609000
v 6.013000 19.696000 -18.817000
v 6.013000 19.696000 -16.568000
v 6.513000 19.696000 -19.055000
v 6.513000 19.696000 -15.748000
v 7.013000 19.696000 -19.074000
v 7.013000 19.696000 -15.493000
v 7.513000 19.696000 -18.903000
v 7.513000 19.696000 -15.306000
v 8.013000 19.696000 -18.735000
v 8.013000 19.696000 -15.261000
v 8.513000 19.696000 -18.454000
v 8.513000 19.696000 -15.603000
v 5.513000 18.378000 -18.267000
v 5.513000 19.384000 -18.267000
v 6.013000 17.631000 -18.267000
v 6.013000 20.244000 -18.267000
v 6.513000 17.411000 -18.267000
v 6.513000 20.481000 -18.267000
v 7.013000 17.367000 -18.267000
v 7.013000 20.500000 -18.267000
v 7.513000 17.383000 -18.267000
v 7.513000 20.313000 -18.267000
v 8.013000 17.415000 -18.267000
v 8.013000 20.013000 -18.267000
v 8.513000 17.610000 -18.267000
v 8.513000 19.802000 -18.267000
v 9.013000 18.218000 -18.267000
v 9.013000 19.193000 -18.267000
v 5.513000 14.932000 -14.267000
v 5.513000 15.372000 -14.267000
v 6.013000 13.498000 -14.267000
v 6.013000 16.231000 -14.267000
v 6.513000 13.049000 -14.267000
v 6.513000 18.295000 -14.267000
v 7.013000 12.604000 -14.267000
v 7.013000 18.848000 -14.267000
v 7.513000 11.527000 -14.267000
v 7.513000 19.083000 -14.267000
v 8.013000 11.222000 -14.267000
v 8.013000 19.190000 -14.267000
v 8.513000 11.230000 -14.267000
v 8.513000 19.138000 -14.267000
v 9.013000 11.566000 -14.267000
v 9.013000 18.793000 -14.267000
v 9.513000 14.199000 -14.267000
v 9.513000 17.181000 -14.267000
v 7.013000 10.769000 -10.267000
v 7.013000 13.873000 -10.267000
v 7.513000 10.127000 -10.267000
v 7.513000 14.312000 -10.267000
v 8.013000 9.923000 -10.267000
v 8.013000 14.495000 -10.267000
v 8.513000 9.928000 -10.267000
v 8.513000 14.281000 -10.267000
v 9.013000 10.144000 -10.267000
v 9.013000 13.445000 -10.267000
v 9.513000 10.845000 -10.267000
v 9.513000 11.895000 -10.267000
v 5.013000 15.734000 -6.267000
v 5.013000 16.691000 -6.267000
v 5.513000 15.113000 -6.267000
v 5.513000 17.312000 -6.267000
v 6.013000 14.891000 -6.267000
v 6.013000 17.513000 -6.267000
v 6.513000 14.590000 -6.267000
v 6.513000 17.580000 -6.267000
v 7.013000 14.078000 -6.267000
v 7.013000 17.661000 -6.267000
v 7.513000 12.567000 -6.267000
v 7.513000 17.714000 -6.267000
v 8.013000 9.910000 -6.267000
v 8.013000 17.692000 -6.267000
v 8.513000 9.483000 -6.267000
v 8.513000 17.502000 -6.267000
v 9.013000 9.276000 -6.267000
v 9.013000 17.292000 -6.267000
v 9.513000 9.266000 -6.267000
v 9.513000 16.908000 -6.267000
v 10.013000 9.313000 -6.267000
v 10.013000 16.326000 -6.267000
v 10.513000 9.306000 -6.267000
v 10.513000 15.568000 -6.267000
v 11.013000 9.482000 -6.267000
v 11.013000 14.732000 -6.267000
v 11.513000 9.980000 -6.267000
v 11.513000 11.831000 -6.267000
v 7.243000 12.196000 -14.267000
v 9.219000 12.196000 -14.267000
v 6.786000 12.196000 -13.767000
v 9.552000 12.196000 -13.767000
v 6.395000 12.196000 -13.267000
v 9.646000 12.196000 -13.267000
v 6.239000 12.196000 -12.767000
v 9.577000 12.196000 -12.767000
v 6.261000 12.196000 -12.267000
v 9.430000 12.196000 -12.267000
v 6.402000 12.196000 -11.767000
v 9.177000 12.196000 -11.767000
v 6.636000 12.196000 -11.267000
v 9.071000 12.196000 -11.267000
v 6.756000 12.196000 -10.767000
v 9.174000 12.196000 -10.767000
v 6.682000 12.196000 -10.267000
v 9.419000 12.196000 -10.267000
v 6.472000 12.196000 -9.767000
v 9.559000 12.196000 -9.767000
v 6.388000 12.196000 -9.267000
v 9.643000 12.196000 -9.267000
v 6.335000 12.196000 -8.767000
v 9.784000 12.196000 -8.767000
v 6.446000 12.196000 -8.267000
v 10.037000 12.196000 -8.267000
v 6.807000 12.196000 -7.767000
v 10.351000 12.196000 -7.767000
v 7.256000 12.196000 -7.267000
v 10.818000 12.196000 -7.267000
v 7.458000 12.196000 -6.767000
v 11.199000 12.196000 -6.767000
v 7.602000 12.196000 -6.267000
v 11.297000 12.196000 -6.267000
v 7.642000 12.196000 -5.767000
v 11.169000 12.196000 -5.767000
v 7.675000 12.196000 -5.267000
v 10.725000 12.196000 -5.267000
v 7.948000 12.196000 -4.767000
v 10.144000 12.196000 -4.767000
v 7.348000 16.196000 -15.267000
v 8.117000 16.196000 -15.267000
v 6.370000 16.196000 -14.767000
v 9.249000 16.196000 -14.767000
v 5.985000 16.196000 -14.267000
v 9.575000 16.196000 -14.267000
v 5.853000 16.196000 -13.767000
v 9.667000 16.196000 -13.767000
v 5.818000 16.196000 -13.267000
v 9.574000 16.196000 -13.267000
v 5.966000 16.196000 -12.767000
v 9.266000 16.196000 -12.767000
v 7.578000 16.196000 -12.267000
v 8.370000 16.196000 -12.267000
v 7.380000 16.196000 -8.767000
v 9.287000 16.196000 -8.767000
v 6.774000 16.196000 -8.267000
v 9.703000 16.196000 -8.267000
v 6.308000 16.196000 -7.767000
v 9.831000 16.196000 -7.767000
v 5.784000 16.196000 -7.267000
v 9.983000 16.196000 -7.267000
v 5.229000 16.196000 -6.767000
v 10.070000 16.196000 -6.767000
v 4.923000 16.196000 -6.267000
v 10.112000 16.196000 -6.267000
v 4.844000 16.196000 -5.767000
v 10.202000 16.196000 -5.767000
v 4.949000 16.196000 -5.267000
v 10.107000 16.196000 -5.267000
v 5.300000 16.196000 -4.767000
v 9.952000 16.196000 -4.767000
v 5.813000 16.196000 -4.267000
v 9.583000 16.196000 -4.267000
v 6.067000 16.196000 -3.767000
v 9.031000 16.196000 -3.767000
v 6.407000 16.196000 -3.267000
v 8.648000 16.196000 -3.267000
v 5.953000 20.196000 -18.267000
v 7.676000 20.196000 -18.267000
v 5.824000 20.196000 -17.767000
v 7.859000 20.196000 -17.767000
v 5.967000 20.196000 -17.267000
v 8.125000 20.196000 -17.267000
v 6.317000 20.196000 -16.767000
v 8.259000 20.196000 -16.767000
v 6.505000 20.196000 -16.267000
v 8.116000 20.196000 -16.267000
v 6.513000 12.196000 -13.436000
v 6.513000 12.196000 -11.521000
v 6.513000 12.196000 -9.869000
v 6.513000 12.196000 -8.132000
v 7.013000 12.196000 -14.020000
v 7.013000 12.196000 -7.584000
v 7.513000 12.196000 -14.460000
v 7.513000 12.196000 -6.588000
v 8.013000 12.196000 -14.641000
v 8.013000 12.196000 -4.703000
v 8.513000 12.196000 -14.635000
v 8.513000 12.196000 -4.441000
v 9.013000 12.196000 -14.432000
v 9.013000 12.196000 -4.407000
v 9.513000 12.196000 -13.858000
v 9.513000 12.196000 -12.492000
v 9.513000 12.196000 -9.966000
v 9.513000 12.196000 -4.438000
v 10.013000 12.196000 -8.318000
v 10.013000 12.196000 -4.660000
v 10.513000 12.196000 -7.570000
v 10.513000 12.196000 -5.119000
v 11.013000 12.196000 -7.074000
v 11.013000 12.196000 -5.532000
v 5.013000 16.196000 -6.469000
v 5.013000 16.196000 -5.134000
v 5.513000 16.196000 -7.005000
v 5.513000 16.196000 -4.592000
v 6.013000 16.196000 -14.319000
v 6.013000 16.196000 -12.701000
v 6.013000 16.196000 -7.452000
v 6.013000 16.196000 -3.909000
v 6.513000 16.196000 -14.893000
v 6.513000 16.196000 -12.371000
v 6.513000 16.196000 -7.962000
v 6.513000 16.196000 -3.180000
v 7.013000 16.196000 -15.182000
v 7.013000 16.196000 -12.319000
v 7.013000 16.196000 -8.457000
v 7.013000 16.196000 -2.953000
v 7.513000 16.196000 -15.283000
v 7.513000 16.196000 -12.273000
v 7.513000 16.196000 -8.874000
v 7.513000 16.196000 -2.936000
v 8.013000 16.196000 -15.282000
v 8.013000 16.196000 -12.232000
v 8.013000 16.196000 -9.107000
v 8.013000 16.196000 -2.952000
v 8.513000 16.196000 -15.205000
v 8.513000 16.196000 -12.289000
v 8.513000 16.196000 -9.117000
v 8.513000 16.196000 -3.160000
v 9.013000 16.196000 -14.971000
v 9.013000 16.196000 -12.521000
v 9.013000 16.196000 -8.939000
v 9.013000 16.196000 -3.743000
v 9.513000 16.196000 -14.408000
v 9.513000 16.196000 -13.129000
v 9.513000 16.196000 -8.555000
v 9.513000 16.196000 -4.212000
v 10.013000 16.196000 -7.180000
v 10.013000 16.196000 -4.938000
v 6.013000 20.196000 -18.359000
v 6.013000 20.196000 -17.199000
v 6.513000 20.196000 -18.720000
v 6.513000 20.196000 -16.256000
v 7.013000 20.196000 -18.746000
v 7.013000 20.196000 -15.868000
v 7.513000 20.196000 -18.475000
v 7.513000 20.196000 -15.842000
v 8.013000 20.196000 -17.457000
v 8.013000 20.196000 -16.130000
v 5.513000 18.078000 -17.767000
v 5.513000 19.724000 -17.767000
v 6.013000 17.509000 -17.767000
v 6.013000 20.353000 -17.767000
v 6.513000 17.308000 -17.767000
v 6.513000 20.571000 -17.767000
v 7.013000 17.286000 -17.767000
v 7.013000 20.589000 -17.767000
v 7.513000 17.302000 -17.767000
v 7.513000 20.416000 -17.767000
v 8.013000 17.322000 -17.767000
v 8.013000 20.120000 -17.767000
v 8.513000 17.501000 -17.767000
v 8.513000 19.910000 -17.767000
v 9.013000 18.008000 -17.767000
v 9.013000 19.404000 -17.767000
v 5.513000 13.685000 -13.767000
v 5.513000 15.732000 -13.767000
v 6.013000 13.071000 -13.767000
v 6.013000 16.371000 -13.767000
v 6.513000 12.516000 -13.767000
v 6.513000 18.091000 -13.767000
v 7.013000 11.740000 -13.767000
v 7.013000 18.749000 -13.767000
v 7.513000 10.960000 -13.767000
v 7.513000 18.958000 -13.767000
v 8.013000 10.663000 -13.767000
v 8.013000 18.958000 -13.767000
v 8.513000 10.665000 -13.767000
v 8.513000 18.753000 -13.767000
v 9.013000 10.968000 -13.767000
v 9.013000 18.094000 -13.767000
v 9.513000 11.848000 -13.767000
v 9.513000 13.001000 -13.767000
v 9.513000 13.876000 -13.767000
v 9.513000 17.309000 -13.767000
v 6.513000 11.331000 -9.767000
v 6.513000 13.086000 -9.767000
v 7.013000 10.527000 -9.767000
v 7.013000 13.810000 -9.767000
v 7.513000 10.028000 -9.767000
v 7.513000 14.194000 -9.767000
v 8.013000 9.838000 -9.767000
v 8.013000 14.482000 -9.767000
v 8.513000 9.842000 -9.767000
v 8.513000 14.365000 -9.767000
v 9.013000 10.030000 -9.767000
v 9.013000 13.938000 -9.767000
v 9.513000 10.543000 -9.767000
v 9.513000 12.469000 -9.767000
v 5.013000 15.546000 -5.767000
v 5.013000 16.879000 -5.767000
v 5.513000 15.008000 -5.767000
v 5.513000 17.406000 -5.767000
v 6.013000 14.596000 -5.767000
v 6.013000 17.593000 -5.767000
v 6.513000 14.341000 -5.767000
v 6.513000 17.603000 -5.767000
v 7.013000 13.861000 -5.767000
v 7.013000 17.603000 -5.767000
v 7.513000 10.289000 -5.767000
v 7.513000 11.217000 -5.767000
v 7.513000 12.600000 -5.767000
v 7.513000 17.513000 -5.767000
v 8.013000 9.640000 -5.767000
v 8.013000 17.473000 -5.767000
v 8.513000 9.419000 -5.767000
v 8.513000 17.286000 -5.767000
v 9.013000 9.330000 -5.767000
v 9.013000 17.138000 -5.767000
v 9.513000 9.314000 -5.767000
v 9.513000 16.945000 -5.767000
v 10.013000 9.337000 -5.767000
v 10.013000 16.450000 -5.767000
v 10.513000 9.386000 -5.767000
v 10.513000 15.783000 -5.767000
v 11.013000 9.575000 -5.767000
v 11.013000 14.325000 -5.767000
v 11.513000 10.152000 -5.767000
v 11.513000 11.555000 -5.767000
v 6.931000 12.696000 -14.267000
v 9.248000 12.696000 -14.267000
v 6.366000 12.696000 -13.767000
v 9.554000 12.696000 -13.767000
v 6.013000 12.696000 -13.267000
v 9.632000 12.696000 -13.267000
v 5.919000 12.696000 -12.767000
v 9.526000 12.696000 -12.767000
v 6.026000 12.696000 -12.267000
v 9.264000 12.696000 -12.267000
v 6.310000 12.696000 -11.767000
v 9.123000 12.696000 -11.767000
v 6.514000 12.696000 -11.267000
v 9.040000 12.696000 -11.267000
v 6.649000 12.696000 -10.767000
v 9.059000 12.696000 -10.767000
v 6.624000 12.696000 -10.267000
v 9.179000 12.696000 -10.267000
v 6.452000 12.696000 -9.767000
v 9.446000 12.696000 -9.767000
v 6.354000 12.696000 -9.267000
v 9.610000 12.696000 -9.267000
v 6.402000 12.696000 -8.767000
v 9.786000 12.696000 -8.767000
v 6.494000 12.696000 -8.267000
v 10.059000 12.696000 -8.267000
v 6.811000 12.696000 -7.767000
v 10.282000 12.696000 -7.767000
v 7.217000 12.696000 -7.267000
v 10.736000 12.696000 -7.267000
v 7.399000 12.696000 -6.767000
v 11.055000 12.696000 -6.767000
v 7.470000 12.696000 -6.267000
v 11.151000 12.696000 -6.267000
v 7.476000 12.696000 -5.767000
v 11.045000 12.696000 -5.767000
v 7.561000 12.696000 -5.267000
v 10.679000 12.696000 -5.267000
v 7.844000 12.696000 -4.767000
v 9.881000 12.696000 -4.767000
v 6.933000 16.696000 -15.267000
v 8.919000 16.696000 -15.267000
v 6.476000 16.696000 -14.767000
v 9.314000 16.696000 -14.767000
v 6.259000 16.696000 -14.267000
v 9.590000 16.696000 -14.267000
v 6.228000 16.696000 -13.767000
v 9.671000 16.696000 -13.767000
v 6.359000 16.696000 -13.267000
v 9.567000 16.696000 -13.267000
v 7.031000 16.696000 -12.767000
v 9.220000 16.696000 -12.767000
v 7.531000 16.696000 -8.767000
v 9.089000 16.696000 -8.767000
v 6.798000 16.696000 -8.267000
v 9.496000 16.696000 -8.267000
v 6.419000 16.696000 -7.767000
v 9.616000 16.696000 -7.767000
v 5.927000 16.696000 -7.267000
v 9.656000 16.696000 -7.267000
v 5.352000 16.696000 -6.767000
v 9.725000 16.696000 -6.767000
v 5.014000 16.696000 -6.267000
v 9.730000 16.696000 -6.267000
v 4.930000 16.696000 -5.767000
v 9.827000 16.696000 -5.767000
v 5.043000 16.696000 -5.267000
v 9.751000 16.696000 -5.267000
v 5.433000 16.696000 -4.767000
v 9.611000 16.696000 -4.767000
v 6.112000 16.696000 -4.267000
v 9.038000 16.696000 -4.267000
v 6.420000 16.696000 -3.767000
v 8.636000 16.696000 -3.767000
v 7.084000 16.696000 -3.267000
v 7.929000 16.696000 -3.267000
v 6.013000 12.696000 -13.266000
v 6.013000 12.696000 -12.300000
v 6.513000 12.696000 -13.898000
v 6.513000 12.696000 -11.272000
v 6.513000 12.696000 -9.911000
v 6.513000 12.696000 -8.221000
v 7.013000 12.696000 -14.327000
v 7.013000 12.696000 -7.562000
v 7.513000 12.696000 -14.573000
v 7.513000 12.696000 -5.431000
v 8.013000 12.696000 -14.689000
v 8.013000 12.696000 -4.627000
v 8.513000 12.696000 -14.675000
v 8.513000 12.696000 -4.434000
v 9.013000 12.696000 -14.466000
v 9.013000 12.696000 -4.413000
v 9.513000 12.696000 -13.871000
v 9.513000 12.696000 -12.735000
v 9.513000 12.696000 -9.590000
v 9.513000 12.696000 -4.545000
v 10.013000 12.696000 -8.378000
v 10.013000 12.696000 -4.835000
v 10.513000 12.696000 -7.477000
v 10.513000 12.696000 -5.135000
v 11.013000 12.696000 -6.868000
v 11.013000 12.696000 -5.699000
v 5.013000 16.696000 -6.262000
v 5.013000 16.696000 -5.341000
v 5.513000 16.696000 -6.894000
v 5.513000 16.696000 -4.709000
v 6.013000 16.696000 -7.330000
v 6.013000 16.696000 -4.364000
v 6.513000 16.696000 -14.822000
v 6.513000 16.696000 -13.041000
v 6.513000 16.696000 -7.896000
v 6.513000 16.696000 -3.625000
v 7.013000 16.696000 -15.327000
v 7.013000 16.696000 -12.774000
v 7.013000 16.696000 -8.445000
v 7.013000 16.696000 -3.285000
v 7.513000 16.696000 -15.557000
v 7.513000 16.696000 -12.541000
v 7.513000 16.696000 -8.755000
v 7.513000 16.696000 -3.261000
v 8.013000 16.696000 -15.599000
v 8.013000 16.696000 -12.408000
v 8.013000 16.696000 -8.989000
v 8.013000 16.696000 -3.284000
v 8.513000 16.696000 -15.524000
v 8.513000 16.696000 -12.415000
v 8.513000 16.696000 -9.008000
v 8.513000 16.696000 -3.591000
v 9.013000 16.696000 -15.169000
v 9.013000 16.696000 -12.609000
v 9.013000 16.696000 -8.820000
v 9.013000 16.696000 -4.246000
v 9.513000 16.696000 -14.444000
v 9.513000 16.696000 -13.149000
v 9.513000 16.696000 -8.230000
v 9.513000 16.696000 -4.627000
v 5.513000 18.312000 -17.267000
v 5.513000 19.300000 -17.267000
v 6.013000 17.610000 -17.267000
v 6.013000 20.232000 -17.267000
v 6.513000 17.393000 -17.267000
v 6.513000 20.472000 -17.267000
v 7.013000 17.292000 -17.267000
v 7.013000 20.534000 -17.267000
v 7.513000 17.285000 -17.267000
v 7.513000 20.474000 -17.267000
v 8.013000 17.328000 -17.267000
v 8.013000 20.270000 -17.267000
v 8.513000 17.522000 -17.267000
v 8.513000 19.893000 -17.267000
v 9.013000 18.071000 -17.267000
v 9.013000 19.341000 -17.267000
v 5.513000 13.483000 -13.267000
v 5.513000 15.809000 -13.267000
v 6.013000 12.696000 -13.267000
v 6.013000 16.357000 -13.267000
v 6.513000 12.093000 -13.267000
v 6.513000 16.899000 -13.267000
v 7.013000 11.210000 -13.267000
v 7.013000 18.344000 -13.267000
v 7.513000 10.557000 -13.267000
v 7.513000 18.644000 -13.267000
v 8.013000 10.350000 -13.267000
v 8.013000 18.643000 -13.267000
v 8.513000 10.351000 -13.267000
v 8.513000 18.341000 -13.267000
v 9.013000 10.563000 -13.267000
v 9.013000 17.736000 -13.267000
v 9.513000 11.232000 -13.267000
v 9.513000 13.307000 -13.267000
v 9.513000 13.924000 -13.267000
v 9.513000 17.036000 -13.267000
v 6.513000 11.067000 -9.267000
v 6.513000 13.325000 -9.267000
v 7.013000 10.486000 -9.267000
v 7.013000 13.913000 -9.267000
v 7.513000 10.030000 -9.267000
v 7.513000 14.436000 -9.267000
v 8.013000 9.814000 -9.267000
v 8.013000 15.522000 -9.267000
v 8.513000 9.792000 -9.267000
v 8.513000 15.291000 -9.267000
v 9.013000 9.892000 -9.267000
v 9.013000 14.610000 -9.267000
v 9.513000 10.163000 -9.267000
v 9.513000 13.612000 -9.267000
v 5.013000 15.813000 -5.267000
v 5.013000 16.612000 -5.267000
v 5.513000 15.011000 -5.267000
v 5.513000 17.280000 -5.267000
v 6.013000 14.485000 -5.267000
v 6.013000 17.486000 -5.267000
v 6.513000 14.087000 -5.267000
v 6.513000 17.501000 -5.267000
v 7.013000 13.545000 -5.267000
v 7.013000 17.501000 -5.267000
v 7.513000 10.073000 -5.267000
v 7.513000 11.384000 -5.267000
v 7.513000 12.808000 -5.267000
v 7.513000 17.322000 -5.267000
v 8.013000 9.536000 -5.267000
v 8.013000 17.211000 -5.267000
v 8.513000 9.346000 -5.267000
v 8.513000 17.156000 -5.267000
v 9.013000 9.349000 -5.267000
v 9.013000 17.103000 -5.267000
v 9.513000 9.409000 -5.267000
v 9.513000 16.895000 -5.267000
v 10.013000 9.445000 -5.267000
v 10.013000 16.333000 -5.267000
v 10.513000 9.654000 -5.267000
v 10.513000 15.523000 -5.267000
v 11.013000 9.963000 -5.267000
v 11.013000 11.750000 -5.267000
v 7.060000 13.196000 -14.767000
v 7.855000 13.196000 -14.767000
v 6.339000 13.196000 -14.267000
v 9.186000 13.196000 -14.267000
v 5.868000 13.196000 -13.767000
v 9.473000 13.196000 -13.767000
v 5.721000 13.196000 -13.267000
v 9.538000 13.196000 -13.267000
v 5.755000 13.196000 -12.767000
v 9.427000 13.196000 -12.767000
v 5.869000 13.196000 -12.267000
v 9.240000 13.196000 -12.267000
v 6.047000 13.196000 -11.767000
v 9.140000 13.196000 -11.767000
v 6.366000 13.196000 -11.267000
v 9.059000 13.196000 -11.267000
v 6.593000 13.196000 -10.767000
v 8.976000 13.196000 -10.767000
v 6.645000 13.196000 -10.267000
v 9.031000 13.196000 -10.267000
v 6.550000 13.196000 -9.767000
v 9.301000 13.196000 -9.767000
v 6.453000 13.196000 -9.267000
v 9.596000 13.196000 -9.267000
v 6.502000 13.196000 -8.767000
v 9.739000 13.196000 -8.767000
v 6.595000 13.196000 -8.267000
v 9.979000 13.196000 -8.267000
v 6.897000 13.196000 -7.767000
v 10.254000 13.196000 -7.767000
v 7.200000 13.196000 -7.267000
v 10.718000 13.196000 -7.267000
v 7.328000 13.196000 -6.767000
v 11.057000 13.196000 -6.767000
v 7.362000 13.196000 -6.267000
v 11.156000 13.196000 -6.267000
v 7.340000 13.196000 -5.767000
v 11.071000 13.196000 -5.767000
v 7.294000 13.196000 -5.267000
v 10.754000 13.196000 -5.267000
v 7.413000 13.196000 -4.767000
v 9.851000 13.196000 -4.767000
v 7.634000 17.196000 -16.267000
v 8.418000 17.196000 -16.267000
v 7.042000 17.196000 -15.767000
v 9.069000 17.196000 -15.767000
v 6.725000 17.196000 -15.267000
v 9.271000 17.196000 -15.267000
v 6.459000 17.196000 -14.767000
v 9.410000 17.196000 -14.767000
v 6.352000 17.196000 -14.267000
v 9.510000 17.196000 -14.267000
v 6.413000 17.196000 -13.767000
v 9.565000 17.196000 -13.767000
v 6.659000 17.196000 -13.267000
v 9.453000 17.196000 -13.267000
v 7.465000 17.196000 -12.767000
v 9.056000 17.196000 -12.767000
v 6.918000 17.196000 -8.267000
v 9.116000 17.196000 -8.267000
v 6.568000 17.196000 -7.767000
v 9.284000 17.196000 -7.767000
v 6.323000 17.196000 -7.267000
v 9.258000 17.196000 -7.267000
v 5.878000 17.196000 -6.767000
v 9.290000 17.196000 -6.767000
v 5.362000 17.196000 -6.267000
v 9.159000 17.196000 -6.267000
v 5.247000 17.196000 -5.767000
v 8.801000 17.196000 -5.767000
v 5.402000 17.196000 -5.267000
v 8.118000 17.196000 -5.267000
v 6.533000 17.196000 -4.767000
v 7.304000 17.196000 -4.767000
v 6.013000 13.196000 -13.958000
v 6.013000 13.196000 -11.849000
v 6.513000 13.196000 -14.486000
v 6.513000 13.196000 -10.987000
v 6.513000 13.196000 -9.643000
v 6.513000 13.196000 -8.588000
v 7.013000 13.196000 -14.757000
v 7.013000 13.196000 -7.596000
v 7.513000 13.196000 -14.799000
v 7.513000 13.196000 -4.606000
v 8.013000 13.196000 -14.738000
v 8.013000 13.196000 -4.331000
v 8.513000 13.196000 -14.654000
v 8.513000 13.196000 -4.289000
v 9.013000 13.196000 -14.425000
v 9.013000 13.196000 -11.068000
v 9.013000 13.196000 -10.331000
v 9.013000 13.196000 -4.354000
v 9.513000 13.196000 -13.614000
v 9.513000 13.196000 -13.037000
v 9.513000 13.196000 -9.456000
v 9.513000 13.196000 -4.536000
v 10.013000 13.196000 -8.203000
v 10.013000 13.196000 -4.850000
v 10.513000 13.196000 -7.449000
v 10.513000 13.196000 -5.071000
v 11.013000 13.196000 -6.867000
v 11.013000 13.196000 -5.631000
v 5.513000 17.196000 -6.480000
v 5.513000 17.196000 -5.124000
v 6.013000 17.196000 -6.904000
v 6.013000 17.196000 -4.832000
v 6.513000 17.196000 -14.883000
v 6.513000 17.196000 -13.492000
v 6.513000 17.196000 -7.629000
v 6.513000 17.196000 -4.769000
v 7.013000 17.196000 -15.726000
v 7.013000 17.196000 -12.996000
v 7.013000 17.196000 -8.343000
v 7.013000 17.196000 -4.664000
v 7.513000 17.196000 -16.191000
v 7.513000 17.196000 -12.738000
v 7.513000 17.196000 -8.569000
v 7.513000 17.196000 -4.909000
v 8.013000 17.196000 -16.382000
v 8.013000 17.196000 -12.528000
v 8.013000 17.196000 -8.661000
v 8.013000 17.196000 -5.231000
v 8.513000 17.196000 -16.221000
v 8.513000 17.196000 -12.525000
v 8.513000 17.196000 -8.671000
v 8.513000 17.196000 -5.419000
v 9.013000 17.196000 -15.850000
v 9.013000 17.196000 -12.735000
v 9.013000 17.196000 -8.394000
v 9.013000 17.196000 -5.997000
v 9.513000 17.196000 -14.249000
v 9.513000 17.196000 -13.429000
v 6.013000 18.030000 -16.767000
v 6.013000 19.865000 -16.767000
v 6.513000 17.595000 -16.767000
v 6.513000 20.331000 -16.767000
v 7.013000 17.351000 -16.767000
v 7.013000 20.534000 -16.767000
v 7.513000 17.289000 -16.767000
v 7.513000 20.551000 -16.767000
v 8.013000 17.280000 -16.767000
v 8.013000 20.377000 -16.767000
v 8.513000 17.446000 -16.767000
v 8.513000 19.907000 -16.767000
v 9.013000 17.958000 -16.767000
v 9.013000 19.340000 -16.767000
v 5.513000 13.650000 -12.767000
v 5.513000 15.577000 -12.767000
v 6.013000 12.507000 -12.767000
v 6.013000 16.229000 -12.767000
v 6.513000 11.731000 -12.767000
v 6.513000 16.484000 -12.767000
v 7.013000 10.981000 -12.767000
v 7.013000 16.685000 -12.767000
v 7.513000 10.463000 -12.767000
v 7.513000 17.292000 -12.767000
v 8.013000 10.269000 -12.767000
v 8.013000 17.654000 -12.767000
v 8.513000 10.271000 -12.767000
v 8.513000 17.580000 -12.767000
v 9.013000 10.468000 -12.767000
v 9.013000 17.255000 -12.767000
v 9.513000 11.025000 -12.767000
v 9.513000 12.861000 -12.767000
v 9.513000 14.203000 -12.767000
v 9.513000 15.487000 -12.767000
v 6.513000 11.018000 -8.767000
v 6.513000 13.221000 -8.767000
v 7.013000 10.488000 -8.767000
v 7.013000 14.086000 -8.767000
v 7.513000 10.135000 -8.767000
v 7.513000 16.664000 -8.767000
v 8.013000 9.869000 -8.767000
v 8.013000 17.067000 -8.767000
v 8.513000 9.704000 -8.767000
v 8.513000 17.095000 -8.767000
v 9.013000 9.628000 -8.767000
v 9.013000 16.797000 -8.767000
v 9.513000 9.665000 -8.767000
v 9.513000 15.871000 -8.767000
v 10.013000 9.974000 -8.767000
v 10.013000 11.479000 -8.767000
v 5.513000 15.258000 -4.767000
v 5.513000 16.809000 -4.767000
v 6.013000 14.544000 -4.767000
v 6.013000 17.128000 -4.767000
v 6.513000 13.975000 -4.767000
v 6.513000 17.194000 -4.767000
v 7.013000 13.484000 -4.767000
v 7.013000 17.238000 -4.767000
v 7.513000 10.323000 -4.767000
v 7.513000 11.129000 -4.767000
v 7.513000 13.108000 -4.767000
v 7.513000 17.161000 -4.767000
v 8.013000 9.653000 -4.767000
v 8.013000 17.088000 -4.767000
v 8.513000 9.446000 -4.767000
v 8.513000 17.053000 -4.767000
v 9.013000 9.450000 -4.767000
v 9.013000 17.004000 -4.767000
v 9.513000 9.634000 -4.767000
v 9.513000 16.776000 -4.767000
v 10.013000 9.799000 -4.767000
v 10.013000 12.441000 -4.767000
v 10.013000 14.038000 -4.767000
v 10.013000 16.005000 -4.767000
v 10.513000 10.177000 -4.767000
v 10.513000 11.244000 -4.767000
v 8.549000 9.696000 -8.767000
v 9.609000 9.696000 -8.767000
v 8.304000 9.696000 -8.267000
v 10.164000 9.696000 -8.267000
v 8.225000 9.696000 -7.767000
v 10.298000 9.696000 -7.767000
v 8.294000 9.696000 -7.267000
v 10.574000 9.696000 -7.267000
v 8.281000 9.696000 -6.767000
v 11.134000 9.696000 -6.767000
v 8.231000 9.696000 -6.267000
v 11.291000 9.696000 -6.267000
v 7.937000 9.696000 -5.767000
v 11.175000 9.696000 -5.767000
v 7.803000 9.696000 -5.267000
v 10.594000 9.696000 -5.267000
v 7.954000 9.696000 -4.767000
v 9.677000 9.696000 -4.767000
v 6.344000 13.696000 -14.767000
v 8.570000 13.696000 -14.767000
v 5.869000 13.696000 -14.267000
v 9.277000 13.696000 -14.267000
v 5.508000 13.696000 -13.767000
v 9.475000 13.696000 -13.767000
v 5.411000 13.696000 -13.267000
v 9.483000 13.696000 -13.267000
v 5.493000 13.696000 -12.767000
v 9.382000 13.696000 -12.767000
v 5.602000 13.696000 -12.267000
v 9.221000 13.696000 -12.267000
v 5.904000 13.696000 -11.767000
v 9.211000 13.696000 -11.767000
v 6.272000 13.696000 -11.267000
v 9.106000 13.696000 -11.267000
v 6.674000 13.696000 -10.767000
v 8.961000 13.696000 -10.767000
v 6.883000 13.696000 -10.267000
v 8.963000 13.696000 -10.267000
v 6.885000 13.696000 -9.767000
v 9.173000 13.696000 -9.767000
v 6.791000 13.696000 -9.267000
v 9.480000 13.696000 -9.267000
v 6.804000 13.696000 -8.767000
v 9.658000 13.696000 -8.767000
v 6.813000 13.696000 -8.267000
v 9.881000 13.696000 -8.267000
v 6.954000 13.696000 -7.767000
v 10.301000 13.696000 -7.767000
v 7.160000 13.696000 -7.267000
v 10.734000 13.696000 -7.267000
v 7.267000 13.696000 -6.767000
v 11.068000 13.696000 -6.767000
v 7.240000 13.696000 -6.267000
v 11.164000 13.696000 -6.267000
v 7.107000 13.696000 -5.767000
v 11.076000 13.696000 -5.767000
v 6.860000 13.696000 -5.267000
v 10.754000 13.696000 -5.267000
v 6.737000 13.696000 -4.767000
v 9.842000 13.696000 -4.767000
v 6.888000 13.696000 -4.267000
v 8.898000 13.696000 -4.267000
v 6.916000 17.696000 -18.767000
v 7.515000 17.696000 -18.767000
v 5.931000 17.696000 -18.267000
v 8.630000 17.696000 -18.267000
v 5.783000 17.696000 -17.767000
v 8.768000 17.696000 -17.767000
v 5.905000 17.696000 -17.267000
v 8.734000 17.696000 -17.267000
v 6.370000 17.696000 -16.767000
v 8.826000 17.696000 -16.767000
v 6.639000 17.696000 -16.267000
v 9.092000 17.696000 -16.267000
v 6.725000 17.696000 -15.767000
v 9.430000 17.696000 -15.767000
v 6.653000 17.696000 -15.267000
v 9.535000 17.696000 -15.267000
v 6.467000 17.696000 -14.767000
v 9.486000 17.696000 -14.767000
v 6.362000 17.696000 -14.267000
v 9.397000 17.696000 -14.267000
v 6.441000 17.696000 -13.767000
v 9.265000 17.696000 -13.767000
v 6.749000 17.696000 -13.267000
v 9.058000 17.696000 -13.267000
v 6.913000 17.696000 -7.767000
v 8.672000 17.696000 -7.767000
v 6.789000 17.696000 -7.267000
v 8.796000 17.696000 -7.267000
v 6.839000 17.696000 -6.767000
v 8.654000 17.696000 -6.767000
v 7.232000 17.696000 -6.267000
v 7.992000 17.696000 -6.267000
v 8.013000 9.696000 -5.876000
v 8.013000 9.696000 -4.687000
v 8.513000 9.696000 -8.730000
v 8.513000 9.696000 -4.364000
v 9.013000 9.696000 -8.880000
v 9.013000 9.696000 -4.370000
v 9.513000 9.696000 -8.798000
v 9.513000 9.696000 -4.676000
v 10.013000 9.696000 -8.490000
v 10.013000 9.696000 -4.870000
v 10.513000 9.696000 -7.337000
v 10.513000 9.696000 -5.209000
v 11.013000 9.696000 -6.919000
v 11.013000 9.696000 -5.546000
v 5.513000 13.696000 -13.777000
v 5.513000 13.696000 -12.618000
v 6.013000 13.696000 -14.395000
v 6.013000 13.696000 -11.596000
v 6.513000 13.696000 -14.894000
v 6.513000 13.696000 -10.986000
v 7.013000 13.696000 -15.082000
v 7.013000 13.696000 -7.623000
v 7.013000 13.696000 -5.569000
v 7.013000 13.696000 -4.108000
v 7.513000 13.696000 -15.064000
v 7.513000 13.696000 -3.833000
v 8.013000 13.696000 -14.872000
v 8.013000 13.696000 -3.859000
v 8.513000 13.696000 -14.780000
v 8.513000 13.696000 -4.063000
v 9.013000 13.696000 -14.552000
v 9.013000 13.696000 -10.988000
v 9.013000 13.696000 -10.090000
v 9.013000 13.696000 -4.327000
v 9.513000 13.696000 -9.191000
v 9.513000 13.696000 -4.559000
v 10.013000 13.696000 -8.068000
v 10.013000 13.696000 -4.853000
v 10.513000 13.696000 -7.500000
v 10.513000 13.696000 -5.074000
v 11.013000 13.696000 -6.891000
v 11.013000 13.696000 -5.623000
v 6.013000 17.696000 -18.380000
v 6.013000 17.696000 -17.109000
v 6.513000 17.696000 -18.702000
v 6.513000 17.696000 -16.556000
v 6.513000 17.696000 -14.875000
v 6.513000 17.696000 -13.601000
v 7.013000 17.696000 -18.791000
v 7.013000 17.696000 -13.051000
v 7.013000 17.696000 -7.914000
v 7.013000 17.696000 -6.450000
v 7.513000 17.696000 -18.768000
v 7.513000 17.696000 -12.850000
v 7.513000 17.696000 -8.247000
v 7.513000 17.696000 -6.232000
v 8.013000 17.696000 -18.713000
v 8.013000 17.696000 -12.785000
v 8.013000 17.696000 -8.262000
v 8.013000 17.696000 -6.273000
v 8.513000 17.696000 -18.424000
v 8.513000 17.696000 -12.863000
v 8.513000 17.696000 -7.982000
v 8.513000 17.696000 -6.580000
v 9.013000 17.696000 -16.382000
v 9.013000 17.696000 -13.206000
v 9.513000 17.696000 -15.494000
v 9.513000 17.696000 -14.972000
v 6.013000 19.013000 -16.267000
v 6.013000 19.319000 -16.267000
v 6.513000 17.874000 -16.267000
v 6.513000 20.201000 -16.267000
v 7.013000 17.381000 -16.267000
v 7.013000 20.439000 -16.267000
v 7.513000 17.220000 -16.267000
v 7.513000 20.457000 -16.267000
v 8.013000 17.153000 -16.267000
v 8.013000 20.268000 -16.267000
v 8.513000 17.225000 -16.267000
v 8.513000 19.896000 -16.267000
v 9.013000 17.583000 -16.267000
v 9.013000 19.314000 -16.267000
v 5.513000 14.004000 -12.267000
v 5.513000 15.042000 -12.267000
v 6.013000 12.728000 -12.267000
v 6.013000 15.805000 -12.267000
v 6.513000 11.473000 -12.267000
v 6.513000 16.097000 -12.267000
v 7.013000 10.957000 -12.267000
v 7.013000 16.141000 -12.267000
v 7.513000 10.590000 -12.267000
v 7.513000 16.186000 -12.267000
v 8.013000 10.376000 -12.267000
v 8.013000 16.265000 -12.267000
v 8.513000 10.378000 -12.267000
v 8.513000 16.147000 -12.267000
v 9.013000 10.595000 -12.267000
v 9.013000 15.753000 -12.267000
v 9.513000 11.328000 -12.267000
v 9.513000 11.966000 -12.267000
v 6.513000 11.305000 -8.267000
v 6.513000 12.909000 -8.267000
v 7.013000 10.621000 -8.267000
v 7.013000 17.338000 -8.267000
v 7.513000 10.351000 -8.267000
v 7.513000 17.675000 -8.267000
v 8.013000 9.937000 -8.267000
v 8.013000 17.691000 -8.267000
v 8.513000 9.551000 -8.267000
v 8.513000 17.493000 -8.267000
v 9.013000 9.349000 -8.267000
v 9.013000 17.270000 -8.267000
v 9.513000 9.354000 -8.267000
v 9.513000 16.655000 -8.267000
v 10.013000 9.570000 -8.267000
v 10.013000 13.072000 -8.267000
v 10.013000 14.425000 -8.267000
v 10.013000 15.661000 -8.267000
v 10.513000 10.260000 -8.267000
v 10.513000 11.041000 -8.267000
v 6.013000 14.623000 -4.267000
v 6.013000 16.590000 -4.267000
v 6.513000 14.018000 -4.267000
v 6.513000 16.949000 -4.267000
v 7.013000 13.605000 -4.267000
v 7.013000 17.090000 -4.267000
v 7.513000 13.380000 -4.267000
v 7.513000 17.095000 -4.267000
v 8.013000 10.104000 -4.267000
v 8.013000 11.347000 -4.267000
v 8.013000 13.274000 -4.267000
v 8.013000 17.080000 -4.267000
v 8.513000 9.790000 -4.267000
v 8.513000 11.704000 -4.267000
v 8.513000 13.254000 -4.267000
v 8.513000 16.941000 -4.267000
v 9.013000 9.797000 -4.267000
v 9.013000 11.745000 -4.267000
v 9.013000 14.039000 -4.267000
v 9.013000 16.710000 -4.267000
v 9.513000 10.133000 -4.267000
v 9.513000 11.400000 -4.267000
v 9.513000 15.126000 -4.267000
v 9.513000 16.306000 -4.267000
v 7.421000 10.196000 -10.267000
v 9.080000 10.196000 -10.267000
v 7.294000 10.196000 -9.767000
v 9.240000 10.196000 -9.767000
v 7.315000 10.196000 -9.267000
v 9.546000 10.196000 -9.267000
v 7.436000 10.196000 -8.767000
v 10.162000 10.196000 -8.767000
v 7.732000 10.196000 -8.267000
v 10.491000 10.196000 -8.267000
v 7.861000 10.196000 -7.767000
v 10.673000 10.196000 -7.767000
v 7.964000 10.196000 -7.267000
v 11.110000 10.196000 -7.267000
v 7.970000 10.196000 -6.767000
v 11.502000 10.196000 -6.767000
v 7.832000 10.196000 -6.267000
v 11.616000 10.196000 -6.267000
v 7.550000 10.196000 -5.767000
v 11.531000 10.196000 -5.767000
v 7.455000 10.196000 -5.267000
v 11.192000 10.196000 -5.267000
v 7.561000 10.196000 -4.767000
v 10.524000 10.196000 -4.767000
v 7.944000 10.196000 -4.267000
v 9.557000 10.196000 -4.267000
v 6.201000 14.196000 -14.767000
v 9.125000 14.196000 -14.767000
v 5.721000 14.196000 -14.267000
v 9.511000 14.196000 -14.267000
v 5.412000 14.196000 -13.767000
v 9.622000 14.196000 -13.767000
v 5.321000 14.196000 -13.267000
v 9.589000 14.196000 -13.267000
v 5.397000 14.196000 -12.767000
v 9.510000 14.196000 -12.767000
v 5.496000 14.196000 -12.267000
v 9.300000 14.196000 -12.267000
v 5.820000 14.196000 -11.767000
v 9.153000 14.196000 -11.767000
v 6.396000 14.196000 -11.267000
v 9.022000 14.196000 -11.267000
v 6.953000 14.196000 -10.767000
v 8.772000 14.196000 -10.767000
v 7.384000 14.196000 -10.267000
v 8.614000 14.196000 -10.267000
v 7.514000 14.196000 -9.767000
v 8.760000 14.196000 -9.767000
v 7.319000 14.196000 -9.267000
v 9.245000 14.196000 -9.267000
v 7.063000 14.196000 -8.767000
v 9.674000 14.196000 -8.767000
v 6.933000 14.196000 -8.267000
v 9.962000 14.196000 -8.267000
v 6.916000 14.196000 -7.767000
v 10.249000 14.196000 -7.767000
v 7.023000 14.196000 -7.267000
v 10.754000 14.196000 -7.267000
v 7.043000 14.196000 -6.767000
v 11.055000 14.196000 -6.767000
v 6.920000 14.196000 -6.267000
v 11.131000 14.196000 -6.267000
v 6.717000 14.196000 -5.767000
v 11.023000 14.196000 -5.767000
v 6.404000 14.196000 -5.267000
v 10.670000 14.196000 -5.267000
v 6.325000 14.196000 -4.767000
v 10.097000 14.196000 -4.767000
v 6.306000 14.196000 -4.267000
v 9.078000 14.196000 -4.267000
v 6.461000 14.196000 -3.767000
v 8.528000 14.196000 -3.767000
v 5.952000 18.196000 -18.767000
v 8.636000 18.196000 -18.767000
v 5.571000 18.196000 -18.267000
v 9.003000 18.196000 -18.267000
v 5.463000 18.196000 -17.767000
v 9.103000 18.196000 -17.767000
v 5.553000 18.196000 -17.267000
v 9.068000 18.196000 -17.267000
v 5.899000 18.196000 -16.767000
v 9.114000 18.196000 -16.767000
v 6.353000 18.196000 -16.267000
v 9.263000 18.196000 -16.267000
v 6.532000 18.196000 -15.767000
v 9.525000 18.196000 -15.767000
v 6.583000 18.196000 -15.267000
v 9.624000 18.196000 -15.267000
v 6.539000 18.196000 -14.767000
v 9.537000 18.196000 -14.767000
v 6.467000 18.196000 -14.267000
v 9.263000 18.196000 -14.267000
v 6.554000 18.196000 -13.767000
v 8.969000 18.196000 -13.767000
v 6.900000 18.196000 -13.267000
v 8.622000 18.196000 -13.267000
v 7.513000 10.196000 -10.400000
v 7.513000 10.196000 -8.648000
v 7.513000 10.196000 -5.662000
v 7.513000 10.196000 -4.900000
v 8.013000 10.196000 -10.726000
v 8.013000 10.196000 -4.216000
v 8.513000 10.196000 -10.719000
v 8.513000 10.196000 -4.007000
v 9.013000 10.196000 -10.368000
v 9.013000 10.196000 -4.012000
v 9.513000 10.196000 -9.303000
v 9.513000 10.196000 -4.233000
v 10.013000 10.196000 -8.890000
v 10.013000 10.196000 -4.515000
v 10.513000 10.196000 -8.203000
v 10.513000 10.196000 -4.758000
v 11.013000 10.196000 -7.346000
v 11.013000 10.196000 -5.129000
v 11.513000 10.196000 -6.744000
v 11.513000 10.196000 -5.721000
v 5.513000 14.196000 -13.978000
v 5.513000 14.196000 -12.225000
v 6.013000 14.196000 -14.562000
v 6.013000 14.196000 -11.601000
v 6.513000 14.196000 -14.996000
v 6.513000 14.196000 -11.183000
v 6.513000 14.196000 -5.502000
v 6.513000 14.196000 -3.694000
v 7.013000 14.196000 -15.171000
v 7.013000 14.196000 -10.699000
v 7.013000 14.196000 -8.600000
v 7.013000 14.196000 -7.313000
v 7.013000 14.196000 -6.590000
v 7.013000 14.196000 -3.351000
v 7.513000 14.196000 -15.154000
v 7.513000 14.196000 -9.958000
v 7.513000 14.196000 -9.753000
v 7.513000 14.196000 -3.333000
v 8.013000 14.196000 -15.062000
v 8.013000 14.196000 -3.503000
v 8.513000 14.196000 -15.036000
v 8.513000 14.196000 -3.755000
v 9.013000 14.196000 -14.847000
v 9.013000 14.196000 -11.246000
v 9.013000 14.196000 -9.481000
v 9.013000 14.196000 -4.222000
v 9.513000 14.196000 -14.263000
v 9.513000 14.196000 -12.774000
v 9.513000 14.196000 -8.983000
v 9.513000 14.196000 -4.489000
v 10.013000 14.196000 -8.173000
v 10.013000 14.196000 -4.707000
v 10.513000 14.196000 -7.480000
v 10.513000 14.196000 -5.119000
v 11.013000 14.196000 -6.876000
v 11.013000 14.196000 -5.743000
v 5.513000 18.196000 -18.103000
v 5.513000 18.196000 -17.386000
v 6.013000 18.196000 -18.813000
v 6.013000 18.196000 -16.672000
v 6.513000 18.196000 -19.031000
v 6.513000 18.196000 -15.860000
v 6.513000 18.196000 -14.600000
v 6.513000 18.196000 -13.892000
v 7.013000 18.196000 -19.111000
v 7.013000 18.196000 -13.178000
v 7.513000 18.196000 -19.094000
v 7.513000 18.196000 -12.963000
v 8.013000 18.196000 -19.054000
v 8.013000 18.196000 -12.964000
v 8.513000 18.196000 -18.859000
v 8.513000 18.196000 -13.180000
v 9.013000 18.196000 -18.244000
v 9.013000 18.196000 -13.868000
v 9.513000 18.196000 -15.798000
v 9.513000 18.196000 -14.705000
v 6.513000 18.253000 -15.767000
v 6.513000 19.731000 -15.767000
v 7.013000 17.225000 -15.767000
v 7.013000 20.097000 -15.767000
v 7.513000 16.935000 -15.767000
v 7.513000 20.123000 -15.767000
v 8.013000 16.853000 -15.767000
v 8.013000 20.000000 -15.767000
v 8.513000 16.893000 -15.767000
v 8.513000 19.772000 -15.767000
v 9.013000 17.150000 -15.767000
v 9.013000 19.305000 -15.767000
v 9.513000 18.004000 -15.767000
v 9.513000 18.367000 -15.767000
v 6.013000 13.276000 -11.767000
v 6.013000 15.286000 -11.767000
v 6.513000 11.638000 -11.767000
v 6.513000 15.609000 -11.767000
v 7.013000 11.044000 -11.767000
v 7.013000 15.641000 -11.767000
v 7.513000 10.774000 -11.767000
v 7.513000 15.648000 -11.767000
v 8.013000 10.514000 -11.767000
v 8.013000 15.628000 -11.767000
v 8.513000 10.517000 -11.767000
v 8.513000 15.342000 -11.767000
v 9.013000 10.811000 -11.767000
v 9.013000 14.589000 -11.767000
v 6.513000 15.276000 -7.767000
v 6.513000 17.033000 -7.767000
v 7.013000 11.100000 -7.767000
v 7.013000 17.776000 -7.767000
v 7.513000 10.592000 -7.767000
v 7.513000 18.003000 -7.767000
v 8.013000 9.984000 -7.767000
v 8.013000 18.015000 -7.767000
v 8.513000 9.460000 -7.767000
v 8.513000 17.818000 -7.767000
v 9.013000 9.271000 -7.767000
v 9.013000 17.409000 -7.767000
v 9.513000 9.276000 -7.767000
v 9.513000 16.908000 -7.767000
v 10.013000 9.477000 -7.767000
v 10.013000 15.906000 -7.767000
v 10.513000 9.929000 -7.767000
v 10.513000 11.855000 -7.767000
v 6.013000 15.018000 -3.767000
v 6.013000 16.027000 -3.767000
v 6.513000 14.154000 -3.767000
v 6.513000 16.770000 -3.767000
v 7.013000 13.912000 -3.767000
v 7.013000 16.995000 -3.767000
v 7.513000 13.763000 -3.767000
v 7.513000 17.013000 -3.767000
v 8.013000 13.789000 -3.767000
v 8.013000 16.997000 -3.767000
v 8.513000 14.172000 -3.767000
v 8.513000 16.790000 -3.767000
v 9.013000 15.133000 -3.767000
v 9.013000 16.230000 -3.767000
f 429 1715 1797
f 1797 1715 175
f 175 1715 85
f 175 85 415
f 415 85 327
f 415 327 657
f 657 327 571
f 571 430 657
f 1799 431 1797
f 1797 431 429
f 1797 177 1799
f 1797 175 177
f 175 417 177
f 175 415 417
f 415 659 417
f 415 657 659
f 657 430 659
f 659 430 432
f 433 1467 1547
f 431 1799 1467
f 1799 1547 1467
f 1799 1803 1547
f 1799 179 1803
f 1799 177 179
f 177 419 179
f 177 417 419
f 417 661 419
f 417 659 661
f 659 432 661
f 661 432 434
f 1551 435 1547
f 1547 435 433
f 1547 1805 1551
f 1547 1803 1805
f 1803 181 1805
f 1803 179 181
f 179 421 181
f 179 419 421
f 419 663 421
f 419 661 663
f 661 434 663
f 663 434 436
f 1551 1468 435
f 1468 1551 437
f 1551 1807 437
f 1551 1805 1807
f 1805 183 1807
f 1805 181 183
f 181 423 183
f 181 421 423
f 438 423 572
f 423 663 572
f 423 421 663
f 663 436 572
f 1809 439 1807
f 1807 439 437
f 1807 185 1809
f 1807 183 185
f 183 425 185
f 183 423 425
f 423 438 425
f 425 438 440
f 1809 1716 439
f 1716 1809 86
f 86 1809 185
f 86 185 328
f 328 185 425
f 425 440 328
f 441 41 135
f 135 41 377
f 377 41 287
f 287 442 377
f 443 1423 1517
f 1517 1423 1763
f 1763 1423 1669
f 441 135 1669
f 135 1763 1669
f 135 139 1763
f 135 381 139
f 135 377 381
f 535 623 442
f 623 377 442
f 623 381 377
f 623 535 863
f 863 535 785
f 863 785 1091
f 1091 785 1025
f 1091 1025 1303
f 1303 1025 1245
f 1303 1245 1545
f 1545 1245 1483
f 1483 444 1545
f 1519 445 1517
f 1517 445 443
f 1517 1767 1519
f 1517 1763 1767
f 1763 143 1767
f 1763 139 143
f 139 385 143
f 139 381 385
f 381 627 385
f 381 623 627
f 623 867 627
f 623 863 867
f 1091 1023 191
f 867 1091 191
f 863 1091 867
f 1303 1243 1023
f 1303 1023 1091
f 1545 1481 1243
f 1545 1243 1303
f 1481 1545 444
f 1731 1481 444
f 1729 1481 1731
f 1731 99 1729
f 101 99 1731
f 420 341 446
f 341 101 446
f 341 99 101
f 420 192 341
f 447 1197 1279
f 445 1519 1197
f 1519 1279 1197
f 1519 1523 1279
f 1519 1773 1523
f 1519 1767 1773
f 1767 147 1773
f 1767 143 147
f 143 389 147
f 143 385 389
f 385 631 389
f 385 627 631
f 867 783 193
f 631 867 193
f 627 867 631
f 867 191 783
f 343 420 446
f 343 448 420
f 448 192 420
f 448 194 192
f 1279 1198 447
f 1198 1279 449
f 1279 1525 449
f 1279 1523 1525
f 1523 1777 1525
f 1523 1773 1777
f 1773 151 1777
f 1773 147 151
f 147 393 151
f 147 389 393
f 389 635 393
f 389 631 635
f 631 193 195
f 631 195 635
f 450 666 585
f 194 450 585
f 448 450 194
f 666 196 585
f 1527 451 1525
f 1525 451 449
f 1525 1779 1527
f 1525 1777 1779
f 1777 155 1779
f 1777 151 155
f 151 397 155
f 151 393 397
f 393 639 397
f 393 635 639
f 635 195 784
f 879 635 784
f 639 635 879
f 197 879 784
f 198 586 666
f 450 198 666
f 452 198 450
f 196 666 586
f 1527 1424 451
f 1424 1527 453
f 1527 1781 453
f 1527 1779 1781
f 1779 159 1781
f 1779 155 159
f 155 401 159
f 155 397 401
f 397 643 401
f 397 639 643
f 639 883 643
f 639 879 883
f 879 197 1024
f 1111 879 1024
f 883 879 1111
f 199 1111 1024
f 198 454 200
f 452 454 198
f 1781 1670 453
f 1670 1781 42
f 42 1781 159
f 42 159 288
f 288 159 401
f 288 401 536
f 536 401 643
f 536 643 786
f 786 643 883
f 786 883 1026
f 1026 883 1111
f 199 1244 1111
f 1244 1026 1111
f 1244 1246 1026
f 1244 201 1566
f 1484 1244 1566
f 1246 1244 1484
f 455 1484 1566
f 102 456 190
f 102 190 202
f 342 102 202
f 344 102 342
f 342 200 344
f 344 200 454
f 1482 1566 201
f 1566 1482 455
f 1482 1732 455
f 1482 1730 1732
f 456 1732 190
f 1732 100 190
f 1732 1730 100
f 202 190 100
f 1274 1211 203
f 1518 1437 1274
f 1274 1437 1211
f 1764 1683 1518
f 1518 1683 1437
f 1764 204 1683
f 348 257 205
f 457 507 348
f 507 257 348
f 507 505 257
f 507 755 505
f 757 755 507
f 757 995 755
f 997 995 757
f 1213 1274 203
f 995 1213 203
f 997 1213 995
f 1274 1213 1439
f 1274 1439 1518
f 1518 1439 1685
f 1518 1685 1764
f 458 144 55
f 458 55 204
f 1685 458 204
f 1764 1685 204
f 144 206 55
f 459 13 111
f 13 259 111
f 259 205 111
f 205 207 111
f 205 259 348
f 457 348 259
f 57 144 458
f 57 460 144
f 460 206 144
f 460 208 206
f 11 209 111
f 209 459 111
f 209 461 459
f 111 207 11
f 208 462 210
f 460 462 208
f 463 209 211
f 463 461 209
f 58 464 156
f 156 212 58
f 212 462 58
f 212 210 462
f 121 465 12
f 465 211 12
f 465 463 211
f 213 121 12
f 1214 466 1286
f 1214 1286 1530
f 1214 1530 1440
f 1440 1530 1782
f 1440 1782 1686
f 156 464 1686
f 156 1686 1782
f 56 156 1782
f 214 56 1782
f 212 156 56
f 121 14 465
f 213 258 121
f 258 14 121
f 258 260 14
f 506 260 258
f 506 508 260
f 756 508 506
f 756 758 508
f 996 758 756
f 996 998 758
f 466 998 1286
f 998 1212 1286
f 998 996 1212
f 1438 1530 1212
f 1212 1530 1286
f 1684 1782 1438
f 1438 1782 1530
f 214 1782 1684
f 467 555 617
f 617 555 857
f 857 555 805
f 857 805 1087
f 1087 805 1043
f 1043 468 1087
f 469 311 379
f 467 617 311
f 311 617 379
f 617 553 379
f 553 215 379
f 857 803 553
f 857 553 617
f 1087 1041 803
f 1087 803 857
f 468 1261 1301
f 468 1301 216
f 1087 468 216
f 1041 1087 216
f 1261 470 1301
f 309 217 379
f 217 469 379
f 217 471 469
f 379 215 309
f 1301 1259 216
f 1301 470 1259
f 470 218 1259
f 470 472 218
f 473 69 219
f 219 69 67
f 217 67 69
f 217 69 471
f 1493 218 472
f 1493 472 1495
f 1495 474 1493
f 1493 474 220
f 475 275 221
f 221 275 273
f 275 521 273
f 523 521 275
f 523 771 521
f 773 771 523
f 773 1011 771
f 1013 1011 773
f 1013 1227 1011
f 1229 1227 1013
f 1229 1453 1227
f 1455 1453 1229
f 1455 1699 1453
f 1701 1699 1455
f 219 1699 1701
f 219 1701 473
f 220 476 222
f 474 476 220
f 477 1657 223
f 223 1657 1655
f 1657 27 1655
f 29 27 1657
f 221 27 29
f 221 29 475
f 222 478 224
f 476 478 222
f 479 1413 225
f 225 1413 1411
f 223 1411 1413
f 223 1413 477
f 224 480 226
f 478 480 224
f 481 225 227
f 481 479 225
f 1496 482 228
f 1496 228 1494
f 1494 226 1496
f 1496 226 480
f 483 227 229
f 483 481 227
f 1262 484 230
f 1262 230 1260
f 1260 228 1262
f 1262 228 482
f 485 229 231
f 485 483 229
f 804 891 232
f 1044 486 891
f 804 1044 891
f 1042 1044 804
f 1042 230 1044
f 1044 230 484
f 487 231 233
f 487 485 231
f 310 411 234
f 556 488 411
f 310 556 411
f 554 556 310
f 891 806 232
f 806 554 232
f 806 556 554
f 891 486 806
f 1511 489 1412
f 489 233 1412
f 489 487 233
f 235 1511 1412
f 772 853 236
f 1012 1083 853
f 1012 853 772
f 1228 1297 1083
f 1228 1083 1012
f 1454 1539 1297
f 1454 1297 1228
f 1700 1793 1539
f 1700 1539 1454
f 70 490 1793
f 1700 70 1793
f 68 70 1700
f 411 312 234
f 312 68 234
f 312 70 68
f 411 488 312
f 1511 1414 489
f 235 1656 1511
f 1656 1414 1511
f 1656 1658 1414
f 28 131 491
f 1658 28 491
f 1656 28 1658
f 274 371 131
f 274 131 28
f 524 492 371
f 274 524 371
f 522 524 274
f 853 774 236
f 774 522 236
f 774 524 522
f 774 853 1014
f 1014 853 1083
f 1014 1083 1230
f 1230 1083 1297
f 1230 1297 1456
f 1456 1297 1539
f 1456 1539 1702
f 1702 1539 1793
f 1793 490 1702
f 131 30 491
f 30 131 276
f 276 131 371
f 371 492 276
f 142 83 237
f 384 325 142
f 142 325 83
f 626 569 384
f 384 569 325
f 866 819 626
f 626 819 569
f 866 238 819
f 239 146 237
f 237 146 142
f 388 142 146
f 384 142 388
f 630 384 388
f 626 384 630
f 870 626 630
f 866 626 870
f 238 866 240
f 240 866 870
f 241 150 239
f 239 150 146
f 392 146 150
f 388 146 392
f 634 388 392
f 630 388 634
f 874 630 634
f 870 630 874
f 240 870 1057
f 870 1102 1057
f 870 874 1102
f 1102 242 1057
f 243 154 241
f 241 154 150
f 396 150 154
f 392 150 396
f 638 392 396
f 634 392 638
f 878 634 638
f 874 634 878
f 1058 1102 244
f 1102 878 244
f 1102 874 878
f 242 1102 1058
f 84 154 243
f 245 400 84
f 400 154 84
f 400 396 154
f 642 396 400
f 638 396 642
f 882 638 642
f 878 638 882
f 244 878 246
f 246 878 882
f 326 400 245
f 570 642 326
f 326 642 400
f 820 882 570
f 570 882 642
f 246 882 820
f 669 87 173
f 173 87 413
f 413 87 329
f 329 670 413
f 671 1469 1541
f 1541 1469 429
f 1469 1715 429
f 1469 1717 1715
f 1717 669 173
f 85 1717 173
f 1715 1717 85
f 413 327 85
f 413 85 173
f 327 413 670
f 573 327 670
f 571 327 573
f 430 571 893
f 571 821 893
f 571 573 821
f 821 672 893
f 1543 673 1541
f 1541 673 671
f 1541 429 431
f 1541 431 1543
f 895 432 430
f 895 430 893
f 893 672 895
f 895 672 674
f 1467 433 1543
f 433 673 1543
f 433 675 673
f 1543 431 1467
f 897 434 432
f 897 432 895
f 895 674 897
f 897 674 676
f 677 433 435
f 677 675 433
f 899 436 434
f 899 434 897
f 897 676 899
f 899 676 678
f 1555 679 1468
f 679 435 1468
f 679 677 435
f 437 1555 1468
f 572 665 438
f 899 822 436
f 436 822 572
f 822 680 572
f 680 665 572
f 899 678 822
f 1559 681 1555
f 1555 681 679
f 1555 437 439
f 1555 439 1559
f 667 440 438
f 667 438 665
f 665 680 667
f 667 680 682
f 1559 1470 681
f 439 1716 1559
f 1716 1470 1559
f 1716 1718 1470
f 86 187 683
f 1718 86 683
f 1716 86 1718
f 330 684 187
f 86 330 187
f 328 330 86
f 667 574 440
f 574 328 440
f 574 330 328
f 667 682 574
f 187 88 683
f 187 684 88
f 685 289 373
f 289 686 373
f 687 1425 1515
f 1515 1425 1761
f 1761 1425 1671
f 1761 1671 441
f 1671 41 441
f 1671 43 41
f 43 685 373
f 287 43 373
f 41 43 287
f 686 537 619
f 686 619 442
f 373 686 442
f 287 373 442
f 619 537 859
f 859 537 787
f 787 688 859
f 689 1199 1273
f 687 1515 1199
f 1199 1515 1273
f 1515 1423 1273
f 1423 443 1273
f 1761 1669 1423
f 1761 1423 1515
f 1761 441 1669
f 619 535 442
f 859 785 535
f 859 535 619
f 785 859 688
f 1027 785 688
f 1025 785 1027
f 1027 1245 1025
f 1247 1245 1027
f 1247 1483 1245
f 1485 1483 1247
f 444 1483 1801
f 1483 1733 1801
f 1483 1485 1733
f 1733 690 1801
f 691 983 1065
f 689 1273 983
f 1273 1065 983
f 1273 1277 1065
f 1273 443 445
f 1273 445 1277
f 1801 1731 444
f 1731 1801 690
f 103 1731 690
f 101 1731 103
f 103 692 101
f 101 692 446
f 693 493 593
f 593 493 837
f 837 493 743
f 691 1065 743
f 1065 837 743
f 1065 1067 837
f 1277 1197 447
f 1067 1277 447
f 1065 1277 1067
f 1277 445 1197
f 694 422 343
f 446 694 343
f 692 694 446
f 422 448 343
f 595 695 593
f 593 695 693
f 593 839 595
f 593 837 839
f 837 1069 839
f 837 1067 1069
f 1067 447 1198
f 1281 1067 1198
f 1069 1067 1281
f 449 1281 1198
f 696 424 422
f 696 422 694
f 448 422 450
f 450 422 424
f 597 697 595
f 595 697 695
f 595 841 597
f 595 839 841
f 839 1071 841
f 839 1069 1071
f 1069 1283 1071
f 1069 1281 1283
f 1281 449 451
f 1281 451 1283
f 698 426 424
f 698 424 696
f 450 424 452
f 452 424 426
f 599 699 597
f 597 699 697
f 597 843 599
f 597 841 843
f 841 1073 843
f 841 1071 1073
f 1071 1285 1073
f 1071 1283 1285
f 1283 451 1424
f 1529 1283 1424
f 1285 1283 1529
f 453 1529 1424
f 700 428 426
f 700 426 698
f 452 426 454
f 454 426 428
f 599 494 699
f 494 599 744
f 744 599 843
f 744 843 984
f 984 843 1073
f 984 1073 1200
f 1200 1073 1285
f 1200 1285 1426
f 1426 1285 1529
f 453 1670 1529
f 1670 1426 1529
f 1670 1672 1426
f 42 163 701
f 1672 42 701
f 1670 42 1672
f 288 405 163
f 288 163 42
f 536 647 405
f 536 405 288
f 786 887 647
f 786 647 536
f 1026 1115 887
f 1026 887 786
f 1248 702 1115
f 1026 1248 1115
f 1246 1248 1026
f 1484 1248 1246
f 1484 1486 1248
f 1484 455 1814
f 1734 1484 1814
f 1486 1484 1734
f 1734 1814 456
f 102 1734 456
f 104 1734 102
f 700 104 428
f 104 344 428
f 104 102 344
f 454 428 344
f 163 44 701
f 44 163 290
f 290 163 405
f 290 405 538
f 538 405 647
f 538 647 788
f 788 647 887
f 788 887 1028
f 1028 887 1115
f 1115 702 1028
f 1732 1814 455
f 456 1814 1732
f 703 261 349
f 349 261 457
f 261 507 457
f 261 509 507
f 509 757 507
f 759 757 509
f 759 997 757
f 999 997 759
f 999 1213 997
f 1215 1213 999
f 1215 1439 1213
f 1441 1439 1215
f 1768 1685 704
f 1685 1441 704
f 1685 1439 1441
f 1768 458 1685
f 705 1643 1739
f 1739 1643 459
f 1643 13 459
f 1643 15 13
f 15 703 349
f 259 15 349
f 13 15 259
f 349 457 259
f 1687 1768 704
f 706 148 57
f 706 57 458
f 1687 706 458
f 1768 1687 458
f 148 460 57
f 1743 707 1739
f 1739 707 705
f 1739 459 461
f 1739 461 1743
f 708 152 148
f 708 148 706
f 460 148 462
f 462 148 152
f 1745 709 1743
f 1743 709 707
f 1743 461 463
f 1743 463 1745
f 464 58 152
f 708 464 152
f 710 464 708
f 462 152 58
f 1747 711 1745
f 1745 711 709
f 1745 463 465
f 1745 465 1747
f 1214 1287 466
f 1442 712 1287
f 1214 1442 1287
f 1440 1442 1214
f 1686 1442 1440
f 1686 1688 1442
f 1686 464 1688
f 1688 464 710
f 1747 1644 711
f 465 14 1747
f 14 1644 1747
f 14 16 1644
f 260 363 713
f 16 260 713
f 14 260 16
f 508 603 363
f 508 363 260
f 760 714 603
f 508 760 603
f 758 760 508
f 998 760 758
f 998 1000 760
f 1287 1216 466
f 1216 998 466
f 1216 1000 998
f 1287 712 1216
f 363 262 713
f 262 363 510
f 510 363 603
f 603 714 510
f 715 807 855
f 807 716 855
f 717 313 375
f 375 313 467
f 313 555 467
f 313 557 555
f 557 715 855
f 805 557 855
f 555 557 805
f 805 855 716
f 1045 805 716
f 1043 805 1045
f 468 1043 1299
f 1043 1263 1299
f 1043 1045 1263
f 1263 718 1299
f 311 469 375
f 469 717 375
f 469 719 717
f 375 467 311
f 1299 1261 468
f 1299 718 1261
f 718 470 1261
f 718 720 470
f 721 71 141
f 471 141 71
f 719 471 71
f 469 471 719
f 470 722 472
f 720 722 470
f 723 1703 1771
f 721 141 1703
f 1703 141 1771
f 141 69 1771
f 69 473 1771
f 141 471 69
f 724 1550 1495
f 472 724 1495
f 722 724 472
f 1550 474 1495
f 352 275 475
f 594 523 352
f 352 523 275
f 838 773 594
f 594 773 523
f 725 1015 838
f 1015 773 838
f 1015 1013 773
f 1015 1229 1013
f 1231 1229 1015
f 1231 1455 1229
f 1457 1455 1231
f 1457 723 1771
f 1701 1457 1771
f 1455 1457 1701
f 1771 473 1701
f 1497 1550 724
f 1497 726 1550
f 726 474 1550
f 726 476 474
f 727 1659 477
f 477 1659 1657
f 1659 29 1657
f 31 29 1659
f 277 352 475
f 29 277 475
f 31 277 29
f 352 277 525
f 352 525 594
f 594 525 775
f 594 775 838
f 725 838 775
f 1498 728 1558
f 1558 478 1498
f 478 726 1498
f 478 476 726
f 729 1415 479
f 479 1415 1413
f 477 1413 1415
f 477 1415 727
f 730 1562 1558
f 730 1558 728
f 478 1558 480
f 480 1558 1562
f 731 479 481
f 731 729 479
f 482 1496 1562
f 730 482 1562
f 732 482 730
f 480 1562 1496
f 733 481 483
f 733 731 481
f 1264 734 484
f 1264 484 1262
f 1262 482 1264
f 1264 482 732
f 735 483 485
f 735 733 483
f 1046 736 486
f 1046 486 1044
f 1044 484 1046
f 1046 484 734
f 737 485 487
f 737 735 485
f 558 738 488
f 558 488 556
f 806 558 556
f 806 808 558
f 806 486 808
f 808 486 736
f 739 487 489
f 739 737 487
f 70 171 490
f 314 740 171
f 70 314 171
f 312 314 70
f 312 488 314
f 314 488 738
f 489 1414 739
f 739 1414 1416
f 1658 1757 741
f 1416 1658 741
f 1414 1658 1416
f 491 1757 1658
f 524 611 492
f 776 742 611
f 524 776 611
f 774 776 524
f 1014 776 774
f 1014 1016 776
f 1230 1016 1014
f 1230 1232 1016
f 1456 1232 1230
f 1456 1458 1232
f 1702 1458 1456
f 1702 1704 1458
f 171 72 490
f 72 1702 490
f 72 1704 1702
f 171 740 72
f 1757 1660 741
f 491 30 1757
f 30 1660 1757
f 30 32 1660
f 276 32 30
f 276 278 32
f 611 526 492
f 526 276 492
f 526 278 276
f 611 742 526
f 903 1719 1795
f 1795 1719 669
f 1719 87 669
f 1719 89 87
f 89 329 87
f 331 329 89
f 670 329 655
f 329 575 655
f 329 331 575
f 575 904 655
f 905 1471 671
f 671 1471 1469
f 1471 903 1795
f 1717 1471 1795
f 1469 1471 1717
f 1795 669 1717
f 655 573 670
f 573 655 904
f 823 573 904
f 821 573 823
f 823 906 821
f 821 906 672
f 907 671 673
f 907 905 671
f 672 908 674
f 906 908 672
f 909 673 675
f 909 907 673
f 674 910 676
f 908 910 674
f 911 675 677
f 911 909 675
f 676 912 678
f 910 912 676
f 913 677 679
f 913 911 677
f 824 914 680
f 824 680 822
f 822 678 824
f 824 678 912
f 915 679 681
f 915 913 679
f 680 916 682
f 914 916 680
f 681 1470 915
f 915 1470 1472
f 1718 1811 917
f 1472 1718 917
f 1470 1718 1472
f 683 1811 1718
f 330 427 684
f 576 918 427
f 330 576 427
f 574 576 330
f 574 682 576
f 576 682 916
f 1811 1720 917
f 683 88 1811
f 88 1720 1811
f 88 90 1720
f 427 332 684
f 332 88 684
f 332 90 88
f 427 918 332
f 919 1427 1513
f 1513 1427 1759
f 1759 1427 1673
f 1759 1673 133
f 133 1673 45
f 133 45 685
f 45 289 685
f 45 291 289
f 686 289 615
f 289 539 615
f 289 291 539
f 539 920 615
f 921 1201 1271
f 919 1513 1201
f 1201 1513 1271
f 1513 1425 1271
f 1425 687 1271
f 1759 1671 1425
f 1759 1425 1513
f 133 43 1671
f 133 1671 1759
f 133 685 43
f 615 537 686
f 537 615 920
f 789 537 920
f 787 537 789
f 789 922 787
f 787 922 688
f 923 985 1061
f 921 1271 985
f 985 1271 1061
f 1271 1199 1061
f 1199 689 1061
f 1271 687 1199
f 1027 688 922
f 1027 922 1029
f 1029 1247 1027
f 1249 1247 1029
f 1249 1485 1247
f 1487 1485 1249
f 1802 1733 924
f 1733 1487 924
f 1733 1485 1487
f 1802 690 1733
f 925 745 835
f 923 1061 745
f 745 1061 835
f 1061 983 835
f 983 691 835
f 1061 689 983
f 1735 1802 924
f 103 690 1802
f 1735 103 1802
f 105 103 1735
f 105 926 103
f 103 926 692
f 927 247 351
f 351 247 693
f 247 493 693
f 247 495 493
f 495 925 835
f 743 495 835
f 493 495 743
f 835 691 743
f 692 928 694
f 926 928 692
f 929 1 115
f 927 351 1
f 351 115 1
f 351 355 115
f 351 693 695
f 351 695 355
f 694 930 696
f 928 930 694
f 117 931 115
f 115 931 929
f 115 357 117
f 115 355 357
f 355 695 697
f 355 697 357
f 696 932 698
f 930 932 696
f 117 2 931
f 2 117 933
f 117 359 933
f 117 357 359
f 357 697 699
f 357 699 359
f 1736 934 1812
f 1736 1812 188
f 1736 188 106
f 188 700 106
f 700 932 106
f 700 698 932
f 359 248 933
f 699 494 359
f 494 248 359
f 494 496 248
f 744 845 935
f 496 744 935
f 494 744 496
f 984 1075 845
f 984 845 744
f 1202 936 1075
f 984 1202 1075
f 1200 1202 984
f 1426 1202 1200
f 1426 1428 1202
f 1672 1785 937
f 1428 1672 937
f 1426 1672 1428
f 701 1785 1672
f 1248 1327 702
f 1488 938 1327
f 1248 1488 1327
f 1486 1488 1248
f 934 1488 1812
f 1488 1734 1812
f 1488 1486 1734
f 104 188 1734
f 1734 188 1812
f 700 188 104
f 845 746 935
f 746 845 986
f 986 845 1075
f 1075 936 986
f 1785 1674 937
f 701 44 1785
f 44 1674 1785
f 44 46 1674
f 290 46 44
f 290 292 46
f 538 292 290
f 538 540 292
f 788 540 538
f 788 790 540
f 1028 790 788
f 1028 1030 790
f 1327 1250 702
f 1250 1028 702
f 1250 1030 1028
f 1327 938 1250
f 939 511 589
f 589 511 833
f 833 511 761
f 833 761 1063
f 1063 761 1001
f 1001 940 1063
f 941 17 107
f 107 17 703
f 17 261 703
f 17 263 261
f 263 939 589
f 509 263 589
f 261 263 509
f 833 759 509
f 833 509 589
f 1063 999 759
f 1063 759 833
f 999 1063 940
f 1217 999 940
f 1215 999 1217
f 1217 1441 1215
f 1443 1441 1217
f 1443 942 1441
f 1441 942 704
f 943 1645 705
f 705 1645 1643
f 1645 941 107
f 15 1645 107
f 1643 1645 15
f 107 703 15
f 944 1774 1687
f 704 944 1687
f 942 944 704
f 1774 706 1687
f 945 705 707
f 945 943 705
f 1689 1774 944
f 1689 946 1774
f 946 706 1774
f 946 708 706
f 947 707 709
f 947 945 707
f 708 948 710
f 946 948 708
f 949 709 711
f 949 947 709
f 1442 1531 712
f 1690 950 1531
f 1442 1690 1531
f 1688 1690 1442
f 1688 710 1690
f 1690 710 948
f 711 1644 949
f 949 1644 1646
f 16 123 951
f 1646 16 951
f 1644 16 1646
f 713 123 16
f 760 847 714
f 1002 952 847
f 760 1002 847
f 1000 1002 760
f 1216 1002 1000
f 1216 1218 1002
f 1531 1444 712
f 1444 1216 712
f 1444 1218 1216
f 1531 950 1444
f 123 18 951
f 713 262 123
f 262 18 123
f 262 264 18
f 510 264 262
f 510 512 264
f 847 762 714
f 762 510 714
f 762 512 510
f 847 952 762
f 953 559 613
f 613 559 715
f 559 807 715
f 559 809 807
f 716 807 1085
f 807 1047 1085
f 807 809 1047
f 1047 954 1085
f 955 315 717
f 717 315 313
f 315 953 613
f 557 315 613
f 313 315 557
f 613 715 557
f 1085 1045 716
f 1045 1085 954
f 1265 1045 954
f 1263 1045 1265
f 1265 956 1263
f 1263 956 718
f 957 73 137
f 719 137 73
f 955 719 73
f 717 719 955
f 718 958 720
f 956 958 718
f 71 721 137
f 721 957 137
f 721 959 957
f 137 719 71
f 720 960 722
f 958 960 720
f 961 1705 723
f 723 1705 1703
f 721 1703 1705
f 721 1705 959
f 722 962 724
f 960 962 722
f 963 33 113
f 113 33 353
f 353 33 279
f 279 964 353
f 965 1017 725
f 725 1017 1015
f 1017 1231 1015
f 1233 1231 1017
f 1233 1457 1231
f 1459 1457 1233
f 723 1457 1459
f 723 1459 961
f 966 1554 1497
f 724 966 1497
f 962 966 724
f 1554 726 1497
f 967 1417 1499
f 1499 1417 727
f 1417 1659 727
f 1417 1661 1659
f 1661 963 113
f 31 1661 113
f 1659 1661 31
f 353 277 31
f 353 31 113
f 277 353 964
f 527 277 964
f 525 277 527
f 527 775 525
f 777 775 527
f 725 775 777
f 725 777 965
f 728 1498 1554
f 966 728 1554
f 968 728 966
f 726 1554 1498
f 1415 729 1499
f 729 967 1499
f 729 969 967
f 1499 727 1415
f 728 970 730
f 968 970 728
f 971 729 731
f 971 969 729
f 1266 972 1326
f 1326 732 1266
f 732 970 1266
f 732 730 970
f 973 731 733
f 973 971 731
f 734 1264 1326
f 972 734 1326
f 974 734 972
f 732 1326 1264
f 975 733 735
f 975 973 733
f 1048 976 736
f 1048 736 1046
f 1046 734 1048
f 1048 734 974
f 977 735 737
f 977 975 735
f 558 653 738
f 810 978 653
f 558 810 653
f 808 810 558
f 808 736 810
f 810 736 976
f 979 737 739
f 979 977 737
f 74 980 172
f 74 172 740
f 314 74 740
f 316 74 314
f 653 560 738
f 560 314 738
f 560 316 314
f 653 978 560
f 739 1416 979
f 979 1416 1418
f 981 1418 1416
f 981 1416 741
f 528 982 612
f 528 612 742
f 776 528 742
f 778 528 776
f 1016 778 776
f 1016 1018 778
f 1232 1018 1016
f 1232 1234 1018
f 1458 1234 1232
f 1458 1460 1234
f 1704 1460 1458
f 1704 1706 1460
f 980 1706 172
f 1706 72 172
f 1706 1704 72
f 740 172 72
f 741 1660 981
f 981 1660 1662
f 32 1662 1660
f 32 34 1662
f 278 34 32
f 278 280 34
f 982 280 612
f 280 526 612
f 280 278 526
f 742 612 526
f 1796 1719 903
f 1119 91 1796
f 91 1719 1796
f 91 89 1719
f 91 331 89
f 333 331 91
f 656 575 1120
f 575 333 1120
f 575 331 333
f 656 904 575
f 1121 1473 905
f 905 1473 1471
f 1721 1796 903
f 1471 1721 903
f 1473 1721 1471
f 1119 1796 1721
f 577 656 1120
f 823 904 656
f 577 823 656
f 825 823 577
f 825 1122 823
f 823 1122 906
f 1123 905 907
f 1123 1121 905
f 906 1124 908
f 1122 1124 906
f 1125 907 909
f 1125 1123 907
f 908 1126 910
f 1124 1126 908
f 1127 909 911
f 1127 1125 909
f 910 1128 912
f 1126 1128 910
f 1129 911 913
f 1129 1127 911
f 824 901 914
f 824 912 901
f 912 1130 901
f 912 1128 1130
f 1131 913 915
f 1131 1129 913
f 914 901 826
f 1132 914 826
f 916 914 1132
f 901 1130 826
f 915 1472 1131
f 1131 1472 1474
f 1133 1474 1472
f 1133 1472 917
f 578 1134 918
f 578 918 576
f 576 916 578
f 578 916 1132
f 917 1720 1133
f 1133 1720 1722
f 90 1722 1720
f 90 92 1722
f 332 92 90
f 332 334 92
f 332 918 334
f 334 918 1134
f 1135 1429 919
f 919 1429 1427
f 1429 1673 1427
f 1675 1673 1429
f 1675 45 1673
f 47 45 1675
f 47 291 45
f 293 291 47
f 293 539 291
f 541 539 293
f 541 1136 539
f 539 1136 920
f 1137 1203 921
f 921 1203 1201
f 919 1201 1203
f 919 1203 1135
f 789 920 1136
f 789 1136 791
f 791 1138 789
f 789 1138 922
f 1139 747 831
f 831 747 923
f 747 985 923
f 747 987 985
f 921 985 987
f 921 987 1137
f 1029 922 1138
f 1029 1138 1031
f 1304 1249 1140
f 1249 1031 1140
f 1249 1029 1031
f 1546 1487 1304
f 1304 1487 1249
f 1546 924 1487
f 1141 497 591
f 1139 831 497
f 497 831 591
f 831 745 591
f 745 925 591
f 831 923 745
f 1251 1304 1140
f 1304 1251 1489
f 1304 1489 1546
f 1735 924 1546
f 1489 1735 1546
f 1737 1735 1489
f 180 105 1142
f 105 1737 1142
f 105 1735 1737
f 180 926 105
f 1143 3 109
f 109 3 927
f 3 247 927
f 3 249 247
f 249 1141 591
f 495 249 591
f 247 249 495
f 591 925 495
f 1144 182 180
f 1144 180 1142
f 926 180 928
f 928 180 182
f 1 929 109
f 929 1143 109
f 929 1145 1143
f 109 927 1
f 1146 184 182
f 1146 182 1144
f 928 182 930
f 930 182 184
f 1147 929 931
f 1147 1145 929
f 1148 186 184
f 1148 184 1146
f 930 184 932
f 932 184 186
f 119 1149 2
f 1149 931 2
f 1149 1147 931
f 933 119 2
f 1738 1150 934
f 1738 934 1736
f 1148 1738 186
f 1738 106 186
f 1738 1736 106
f 932 186 106
f 119 4 1149
f 933 248 119
f 248 4 119
f 248 250 4
f 496 601 1151
f 250 496 1151
f 248 496 250
f 935 601 496
f 1202 1289 936
f 1430 1152 1289
f 1202 1430 1289
f 1428 1430 1202
f 1153 1430 1428
f 1153 1428 937
f 1252 1154 1328
f 1252 1328 938
f 1488 1252 938
f 1490 1252 1488
f 1488 934 1490
f 1490 934 1150
f 601 498 1151
f 935 746 601
f 746 498 601
f 746 748 498
f 986 748 746
f 986 988 748
f 1289 1204 936
f 1204 986 936
f 1204 988 986
f 1289 1152 1204
f 937 1674 1153
f 1153 1674 1676
f 46 1676 1674
f 46 48 1676
f 292 48 46
f 292 294 48
f 540 294 292
f 540 542 294
f 790 542 540
f 790 792 542
f 1030 792 790
f 1030 1032 792
f 1154 1032 1328
f 1032 1250 1328
f 1032 1030 1250
f 938 1328 1250
f 1155 265 345
f 345 265 939
f 265 511 939
f 265 513 511
f 513 761 511
f 763 761 513
f 763 1001 761
f 1003 1001 763
f 940 1001 1275
f 1001 1219 1275
f 1001 1003 1219
f 1219 1156 1275
f 1157 19 941
f 941 19 17
f 19 1155 345
f 263 19 345
f 17 19 263
f 345 939 263
f 1275 1217 940
f 1217 1275 1156
f 1445 1217 1156
f 1443 1217 1445
f 1445 1158 1443
f 1443 1158 942
f 1159 1647 943
f 943 1647 1645
f 941 1645 1647
f 941 1647 1157
f 1158 1691 1775
f 944 1158 1775
f 942 1158 944
f 1691 1160 1775
f 1161 943 945
f 1161 1159 943
f 1775 1689 944
f 1160 59 153
f 1160 153 946
f 1775 1160 946
f 1689 1775 946
f 153 59 395
f 395 59 301
f 301 1162 395
f 1163 945 947
f 1163 1161 945
f 157 948 946
f 157 946 153
f 153 399 157
f 153 395 399
f 395 1162 399
f 399 1162 1164
f 1165 947 949
f 1165 1163 947
f 1690 1783 950
f 157 60 948
f 948 60 1690
f 60 1166 1690
f 1166 1783 1690
f 60 157 302
f 302 157 399
f 399 1164 302
f 1749 1167 1646
f 1167 949 1646
f 1167 1165 949
f 951 1749 1646
f 1002 1077 952
f 1218 1291 1077
f 1218 1077 1002
f 1446 1168 1291
f 1218 1446 1291
f 1444 1446 1218
f 1783 1692 950
f 1692 1444 950
f 1692 1446 1444
f 1783 1166 1692
f 1749 1648 1167
f 951 18 1749
f 18 1648 1749
f 18 20 1648
f 264 20 18
f 264 266 20
f 512 266 264
f 512 514 266
f 762 514 512
f 762 764 514
f 1077 1004 952
f 1004 762 952
f 1004 764 762
f 1004 1077 1220
f 1220 1077 1291
f 1291 1168 1220
f 614 559 953
f 1169 811 614
f 811 559 614
f 811 809 559
f 1086 1047 1170
f 1047 811 1170
f 1047 809 811
f 1086 954 1047
f 1171 317 955
f 955 317 315
f 561 614 953
f 315 561 953
f 317 561 315
f 1169 614 561
f 1049 1086 1170
f 1265 954 1086
f 1049 1265 1086
f 1267 1265 1049
f 1267 1172 1265
f 1265 1172 956
f 1173 75 957
f 957 75 73
f 955 73 75
f 955 75 1171
f 956 1174 958
f 1172 1174 956
f 1175 1707 1765
f 959 1765 1707
f 1173 959 1707
f 957 959 1173
f 958 1176 960
f 1174 1176 958
f 1177 1461 1521
f 1175 1765 1461
f 1461 1765 1521
f 1765 1705 1521
f 1705 961 1521
f 1765 959 1705
f 960 1178 962
f 1176 1178 960
f 1179 1663 1741
f 1741 1663 963
f 1663 33 963
f 1663 35 33
f 35 279 33
f 281 279 35
f 281 1180 279
f 279 1180 964
f 1068 1017 965
f 1181 1235 1068
f 1235 1017 1068
f 1235 1233 1017
f 1235 1177 1521
f 1459 1235 1521
f 1233 1235 1459
f 1521 961 1459
f 962 1182 966
f 1178 1182 962
f 1183 1419 967
f 967 1419 1417
f 1419 1179 1741
f 1661 1419 1741
f 1417 1419 1661
f 1741 963 1661
f 527 964 1180
f 527 1180 529
f 529 777 527
f 779 777 529
f 1019 1068 965
f 777 1019 965
f 779 1019 777
f 1181 1068 1019
f 966 1184 968
f 1182 1184 966
f 1185 967 969
f 1185 1183 967
f 1268 1186 1322
f 1322 970 1268
f 970 1184 1268
f 970 968 1184
f 1187 969 971
f 1187 1185 969
f 972 1266 1322
f 1186 972 1322
f 1188 972 1186
f 970 1322 1266
f 1189 971 973
f 1189 1187 971
f 972 1190 974
f 1188 1190 972
f 1191 973 975
f 1191 1189 973
f 1050 1192 976
f 1050 976 1048
f 1048 974 1050
f 1050 974 1190
f 1193 975 977
f 1193 1191 975
f 562 1194 654
f 562 654 978
f 810 562 978
f 812 562 810
f 810 976 812
f 812 976 1192
f 1420 1193 1512
f 1193 979 1512
f 1193 977 979
f 1195 1420 1512
f 780 1196 854
f 780 854 1084
f 780 1084 1020
f 1020 1084 1298
f 1020 1298 1236
f 1236 1298 1540
f 1236 1540 1462
f 1462 1540 1794
f 1462 1794 1708
f 1708 1794 980
f 74 1708 980
f 76 1708 74
f 316 76 74
f 316 318 76
f 1194 318 654
f 318 560 654
f 318 316 560
f 978 654 560
f 1418 1512 979
f 1664 1195 1758
f 1758 1195 981
f 1195 1512 981
f 1512 1418 981
f 1664 1758 132
f 1664 132 36
f 36 132 372
f 36 372 282
f 282 372 982
f 528 282 982
f 530 282 528
f 1196 530 854
f 530 778 854
f 530 528 778
f 1018 1084 778
f 778 1084 854
f 1234 1298 1018
f 1018 1298 1084
f 1460 1540 1234
f 1234 1540 1298
f 1706 1794 1460
f 1460 1794 1540
f 980 1794 1706
f 1662 1758 981
f 34 132 1662
f 1662 132 1758
f 280 372 34
f 34 372 132
f 982 372 280
f 174 91 1119
f 414 333 174
f 174 333 91
f 414 1120 333
f 1542 1473 1121
f 1329 1723 1542
f 1723 1473 1542
f 1723 1721 1473
f 93 174 1119
f 1721 93 1119
f 1723 93 1721
f 174 93 335
f 174 335 414
f 577 1120 414
f 335 577 414
f 579 577 335
f 894 825 1330
f 825 579 1330
f 825 577 579
f 894 1122 825
f 1542 1121 1475
f 1121 1331 1475
f 1121 1123 1331
f 1329 1542 1475
f 827 894 1330
f 827 1332 894
f 1332 1122 894
f 1332 1124 1122
f 1333 1123 1125
f 1333 1331 1123
f 1124 1334 1126
f 1332 1334 1124
f 1335 1125 1127
f 1335 1333 1125
f 1126 1336 1128
f 1334 1336 1126
f 1337 1127 1129
f 1337 1335 1127
f 1128 1338 1130
f 1336 1338 1128
f 1339 1129 1131
f 1339 1337 1129
f 828 1340 1132
f 828 1132 826
f 826 1130 828
f 828 1130 1338
f 1131 1474 1339
f 1339 1474 1476
f 1341 1476 1474
f 1341 1474 1133
f 580 1342 1134
f 580 1134 578
f 578 1132 580
f 580 1132 1340
f 1133 1722 1341
f 1341 1722 1724
f 92 1724 1722
f 92 94 1724
f 334 94 92
f 334 336 94
f 334 1134 336
f 336 1134 1342
f 1343 1431 1135
f 1135 1431 1429
f 1431 1675 1429
f 1677 1675 1431
f 1677 47 1675
f 49 47 1677
f 49 293 47
f 295 293 49
f 616 541 1344
f 541 295 1344
f 541 293 295
f 616 1136 541
f 1345 989 1059
f 1059 989 1137
f 989 1203 1137
f 989 1205 1203
f 1135 1203 1205
f 1135 1205 1343
f 543 616 1344
f 791 1136 616
f 543 791 616
f 793 791 543
f 793 1346 791
f 791 1346 1138
f 1347 749 1139
f 1139 749 747
f 749 1345 1059
f 987 749 1059
f 747 749 987
f 1059 1137 987
f 1348 1092 1031
f 1138 1348 1031
f 1346 1348 1138
f 1092 1140 1031
f 1349 251 347
f 347 251 1141
f 251 497 1141
f 251 499 497
f 1139 497 499
f 1139 499 1347
f 1350 1096 1092
f 1350 1092 1348
f 1140 1092 1251
f 1092 1308 1251
f 1092 1096 1308
f 1548 1489 1308
f 1308 1489 1251
f 1804 1737 1548
f 1548 1737 1489
f 1804 1142 1737
f 1351 5 1143
f 1143 5 3
f 5 1349 347
f 249 5 347
f 3 5 249
f 347 1141 249
f 1033 1096 1350
f 1096 1033 1253
f 1096 1253 1308
f 1308 1253 1352
f 1552 1308 1352
f 1548 1308 1552
f 1806 1548 1552
f 1804 1548 1806
f 1142 1804 1144
f 1144 1804 1806
f 1353 1143 1145
f 1353 1351 1143
f 1354 1556 1552
f 1354 1552 1352
f 1808 1552 1556
f 1806 1552 1808
f 1144 1806 1146
f 1146 1806 1808
f 1355 1145 1147
f 1355 1353 1145
f 1356 1560 1556
f 1356 1556 1354
f 1810 1556 1560
f 1808 1556 1810
f 1146 1808 1148
f 1148 1808 1810
f 1357 1147 1149
f 1357 1355 1147
f 1358 1564 1560
f 1358 1560 1356
f 1738 1810 1150
f 1810 1564 1150
f 1810 1560 1564
f 1148 1810 1738
f 1149 4 1357
f 1357 4 6
f 250 361 1359
f 6 250 1359
f 4 250 6
f 1151 361 250
f 1206 1360 1290
f 1206 1290 1152
f 1430 1206 1152
f 1432 1206 1430
f 1430 1153 1786
f 1678 1430 1786
f 1432 1430 1678
f 1361 1678 1786
f 544 1362 648
f 544 648 888
f 544 888 794
f 794 888 1116
f 794 1116 1034
f 1034 1116 1154
f 1252 1034 1154
f 1254 1034 1252
f 1358 1254 1564
f 1254 1490 1564
f 1254 1252 1490
f 1150 1564 1490
f 361 252 1359
f 1151 498 361
f 498 252 361
f 498 500 252
f 748 500 498
f 748 750 500
f 988 750 748
f 988 990 750
f 1360 990 1290
f 990 1204 1290
f 990 988 1204
f 1152 1290 1204
f 1676 1786 1153
f 1786 1676 1361
f 1676 50 1361
f 1676 48 50
f 294 50 48
f 294 296 50
f 1362 296 648
f 296 542 648
f 296 294 542
f 792 888 542
f 542 888 648
f 1032 1116 792
f 792 1116 888
f 1154 1116 1032
f 1363 267 1155
f 1155 267 265
f 267 513 265
f 515 513 267
f 515 763 513
f 765 763 515
f 765 1003 763
f 1005 1003 765
f 1005 1219 1003
f 1221 1219 1005
f 1221 1364 1219
f 1219 1364 1156
f 1365 21 1157
f 1157 21 19
f 1155 19 21
f 1155 21 1363
f 1445 1156 1364
f 1445 1364 1447
f 1447 1366 1445
f 1445 1366 1158
f 1367 1649 1159
f 1159 1649 1647
f 1157 1647 1649
f 1157 1649 1365
f 1691 1158 1366
f 1691 1366 1693
f 1160 1691 149
f 1691 61 149
f 1691 1693 61
f 149 61 391
f 391 61 303
f 391 303 633
f 633 303 547
f 633 547 873
f 873 547 797
f 797 1368 873
f 1369 1159 1161
f 1369 1367 1159
f 149 59 1160
f 391 301 59
f 391 59 149
f 637 1162 301
f 391 637 301
f 633 637 391
f 633 877 637
f 633 873 877
f 1035 1105 1368
f 1105 873 1368
f 1105 877 873
f 1035 1370 1105
f 1371 1161 1163
f 1371 1369 1161
f 641 1164 1162
f 641 1162 637
f 637 881 641
f 637 877 881
f 877 1109 881
f 877 1105 1109
f 1105 1370 1109
f 1109 1370 1372
f 1373 1405 1503
f 1165 1503 1405
f 1371 1165 1405
f 1163 1165 1371
f 60 161 1166
f 302 403 161
f 302 161 60
f 403 302 1164
f 641 403 1164
f 645 403 641
f 641 885 645
f 641 881 885
f 881 1113 885
f 881 1109 1113
f 1109 1372 1113
f 1113 1372 1374
f 1505 1375 1503
f 1503 1375 1373
f 1503 1165 1167
f 1503 1167 1505
f 1446 1533 1168
f 1692 1787 1533
f 1692 1533 1446
f 1787 1692 1166
f 161 1787 1166
f 165 1787 161
f 161 407 165
f 161 403 407
f 403 649 407
f 403 645 649
f 1376 649 798
f 649 885 798
f 649 645 885
f 798 885 1036
f 1036 885 1113
f 1113 1374 1036
f 1505 1406 1375
f 1751 1377 1648
f 1648 1377 1167
f 1377 1406 1167
f 1406 1505 1167
f 20 125 1751
f 20 1751 1648
f 266 365 125
f 266 125 20
f 516 1378 365
f 266 516 365
f 514 516 266
f 764 516 514
f 764 766 516
f 1004 766 764
f 1004 1006 766
f 1220 1006 1004
f 1220 1222 1006
f 1533 1448 1168
f 1448 1220 1168
f 1448 1222 1220
f 1448 1533 1694
f 1694 1533 1787
f 1694 1787 62
f 62 1787 165
f 62 165 304
f 304 165 407
f 304 407 548
f 548 407 649
f 649 1376 548
f 1751 1650 1377
f 1650 1751 22
f 22 1751 125
f 22 125 268
f 268 125 365
f 365 1378 268
f 856 811 1169
f 856 1170 811
f 376 317 1171
f 1379 563 376
f 563 317 376
f 563 561 317
f 813 856 1169
f 561 813 1169
f 563 813 561
f 1049 1170 856
f 813 1049 856
f 1051 1049 813
f 1300 1267 1380
f 1267 1051 1380
f 1267 1049 1051
f 1300 1172 1267
f 1381 77 1173
f 1173 77 75
f 319 376 1171
f 75 319 1171
f 77 319 75
f 1379 376 319
f 1382 1302 1300
f 1382 1300 1380
f 1172 1300 1174
f 1174 1300 1302
f 1383 1709 1175
f 1175 1709 1707
f 1173 1707 1709
f 1173 1709 1381
f 1384 1306 1302
f 1384 1302 1382
f 1174 1302 1176
f 1176 1302 1306
f 1385 1463 1177
f 1177 1463 1461
f 1175 1461 1463
f 1175 1463 1383
f 1269 1306 1384
f 1269 1386 1306
f 1386 1176 1306
f 1386 1178 1176
f 1742 1663 1179
f 1387 37 1742
f 37 1663 1742
f 37 35 1663
f 354 281 1388
f 281 37 1388
f 281 35 37
f 354 1180 281
f 1389 1237 1181
f 1181 1237 1235
f 1177 1235 1237
f 1177 1237 1385
f 1270 1390 1314
f 1314 1182 1270
f 1182 1386 1270
f 1182 1178 1386
f 1391 1421 1183
f 1183 1421 1419
f 1665 1742 1179
f 1419 1665 1179
f 1421 1665 1419
f 1387 1742 1665
f 283 354 1388
f 529 1180 354
f 283 529 354
f 531 529 283
f 531 779 529
f 781 779 531
f 781 1019 779
f 1021 1019 781
f 1181 1019 1021
f 1181 1021 1389
f 1392 1318 1314
f 1392 1314 1390
f 1182 1314 1184
f 1184 1314 1318
f 1393 1183 1185
f 1393 1391 1183
f 1186 1268 1318
f 1392 1186 1318
f 1394 1186 1392
f 1184 1318 1268
f 1395 1185 1187
f 1395 1393 1185
f 1186 1396 1188
f 1394 1396 1186
f 1397 1187 1189
f 1397 1395 1187
f 1188 1398 1190
f 1396 1398 1188
f 1422 1397 1508
f 1397 1191 1508
f 1397 1189 1191
f 1399 1422 1508
f 1022 1400 1080
f 1022 1080 1294
f 1022 1294 1238
f 1238 1294 1536
f 1238 1536 1464
f 1401 1464 1536
f 814 1402 892
f 814 892 1192
f 1050 814 1192
f 1052 814 1050
f 1050 1190 1052
f 1052 1190 1398
f 1193 1510 1191
f 1191 1510 1508
f 1399 1508 1510
f 1399 1510 1403
f 532 1404 608
f 532 608 852
f 532 852 782
f 1080 1400 782
f 852 1080 782
f 1082 1080 852
f 1296 1080 1082
f 1294 1080 1296
f 1538 1294 1296
f 1536 1294 1538
f 1792 1710 1401
f 1536 1792 1401
f 1538 1792 1536
f 1710 1792 170
f 1710 170 78
f 78 170 412
f 78 412 320
f 320 412 1194
f 562 320 1194
f 564 320 562
f 1402 564 892
f 564 812 892
f 564 562 812
f 1192 892 812
f 1420 1510 1193
f 1666 1403 1756
f 1756 1403 1195
f 1403 1510 1195
f 1510 1420 1195
f 1666 1756 130
f 1666 130 38
f 38 130 370
f 38 370 284
f 608 1404 284
f 370 608 284
f 610 608 370
f 780 852 1196
f 852 610 1196
f 852 608 610
f 1020 1082 780
f 780 1082 852
f 1236 1296 1020
f 1020 1296 1082
f 1462 1538 1236
f 1236 1538 1296
f 1708 1792 1462
f 1462 1792 1538
f 76 170 1708
f 1708 170 1792
f 318 412 76
f 76 412 170
f 1194 412 318
f 1664 1756 1195
f 36 130 1664
f 1664 130 1756
f 282 370 36
f 36 370 130
f 530 610 282
f 282 610 370
f 1196 610 530
f 1798 1723 1329
f 176 93 1798
f 1798 93 1723
f 1567 337 176
f 337 93 176
f 337 335 93
f 658 579 1568
f 579 337 1568
f 579 335 337
f 658 1330 579
f 1544 1475 1331
f 1725 1798 1329
f 1725 1329 1475
f 1569 1725 1475
f 1544 1569 1475
f 1798 1725 95
f 1798 95 176
f 1567 176 95
f 581 658 1568
f 827 1330 658
f 581 827 658
f 829 827 581
f 829 1570 827
f 827 1570 1332
f 1544 1331 1477
f 1331 1571 1477
f 1331 1333 1571
f 1569 1544 1477
f 1332 1572 1334
f 1570 1572 1332
f 1573 1333 1335
f 1573 1571 1333
f 1334 1574 1336
f 1572 1574 1334
f 1575 1239 1315
f 1337 1315 1239
f 1573 1337 1239
f 1335 1337 1573
f 1336 1576 1338
f 1574 1576 1336
f 1315 1240 1575
f 1577 1240 1315
f 1337 1577 1315
f 1339 1577 1337
f 830 1578 1340
f 830 1340 828
f 828 1338 830
f 830 1338 1576
f 1563 1579 1476
f 1579 1339 1476
f 1579 1577 1339
f 1341 1563 1476
f 582 1580 1342
f 582 1342 580
f 580 1340 582
f 582 1340 1578
f 1563 1478 1579
f 1341 1724 1563
f 1724 1478 1563
f 1724 1726 1478
f 94 1726 1724
f 94 96 1726
f 336 96 94
f 336 338 96
f 336 1342 338
f 338 1342 1580
f 1514 1431 1343
f 1581 1679 1514
f 1679 1431 1514
f 1679 1677 1431
f 1679 49 1677
f 51 49 1679
f 374 295 1582
f 295 51 1582
f 295 49 51
f 374 1344 295
f 1060 989 1345
f 1583 1207 1060
f 1207 989 1060
f 1207 1205 989
f 1433 1514 1343
f 1205 1433 1343
f 1207 1433 1205
f 1581 1514 1433
f 297 374 1582
f 543 1344 374
f 297 543 374
f 545 543 297
f 860 793 1584
f 793 545 1584
f 793 543 545
f 860 1346 793
f 1585 501 587
f 587 501 1347
f 501 749 1347
f 501 751 749
f 991 1060 1345
f 749 991 1345
f 751 991 749
f 1583 1060 991
f 1586 864 860
f 1586 860 1584
f 1346 860 1348
f 1348 860 864
f 1587 253 1349
f 1349 253 251
f 253 1585 587
f 499 253 587
f 251 253 499
f 587 1347 499
f 1588 868 864
f 1588 864 1586
f 1348 864 1350
f 1350 864 868
f 1589 7 1351
f 1351 7 5
f 1349 5 7
f 1349 7 1587
f 1590 872 868
f 1590 868 1588
f 1350 868 1033
f 868 1100 1033
f 868 872 1100
f 1312 1253 1100
f 1100 1253 1033
f 1312 1352 1253
f 1591 1351 1353
f 1591 1589 1351
f 795 872 1590
f 872 795 1592
f 1104 872 1592
f 1100 872 1104
f 1316 1100 1104
f 1312 1100 1316
f 1352 1312 1354
f 1354 1312 1316
f 1593 1353 1355
f 1593 1591 1353
f 796 1594 880
f 1104 1592 796
f 880 1104 796
f 1108 1104 880
f 1320 1104 1108
f 1316 1104 1320
f 1354 1316 1356
f 1356 1316 1320
f 1595 1355 1357
f 1595 1593 1355
f 1596 884 880
f 1596 880 1594
f 1112 880 884
f 1108 880 1112
f 1324 1108 1112
f 1320 1108 1324
f 1356 1320 1358
f 1358 1320 1324
f 1357 6 1595
f 1595 6 8
f 6 1359 362
f 254 6 362
f 8 6 254
f 1597 254 362
f 752 1598 846
f 752 846 1076
f 752 1076 992
f 992 1076 1360
f 1206 992 1360
f 1208 992 1206
f 1432 1208 1206
f 1432 1434 1208
f 1678 1434 1432
f 1678 1680 1434
f 1678 1361 164
f 52 1678 164
f 1680 1678 52
f 52 164 406
f 52 406 298
f 298 406 1362
f 544 298 1362
f 546 298 544
f 1596 546 884
f 546 794 884
f 546 544 794
f 1034 1112 794
f 794 1112 884
f 1254 1324 1034
f 1034 1324 1112
f 1358 1324 1254
f 252 362 1359
f 362 252 1597
f 252 502 1597
f 252 500 502
f 1598 502 846
f 502 750 846
f 502 500 750
f 990 1076 750
f 750 1076 846
f 1360 1076 990
f 50 164 1361
f 296 406 50
f 50 406 164
f 1362 406 296
f 346 267 1363
f 1599 517 346
f 517 267 346
f 517 515 267
f 517 765 515
f 767 765 517
f 767 1005 765
f 1007 1005 767
f 1276 1221 1600
f 1221 1007 1600
f 1221 1005 1007
f 1276 1364 1221
f 1601 23 1365
f 1365 23 21
f 269 346 1363
f 21 269 1363
f 23 269 21
f 1599 346 269
f 1223 1276 1600
f 1447 1364 1276
f 1223 1447 1276
f 1449 1447 1223
f 1366 1447 1769
f 1447 1695 1769
f 1447 1449 1695
f 1769 1695 145
f 145 1695 63
f 145 63 387
f 387 63 305
f 387 305 629
f 629 305 549
f 629 549 869
f 869 549 799
f 869 799 1097
f 1097 799 1037
f 1097 1037 1309
f 1309 1037 1255
f 1255 1602 1309
f 1740 1649 1367
f 1365 1649 1740
f 1603 1365 1740
f 1601 1365 1603
f 1769 1693 1366
f 145 61 1693
f 145 1693 1769
f 387 303 61
f 387 61 145
f 629 547 303
f 629 303 387
f 869 797 547
f 869 547 629
f 1101 1368 797
f 869 1101 797
f 1097 1101 869
f 1097 1313 1101
f 1097 1309 1313
f 1309 1602 1313
f 1313 1602 1604
f 1740 1367 1651
f 1367 1605 1651
f 1367 1369 1605
f 1603 1740 1651
f 1101 1035 1368
f 1317 1370 1035
f 1101 1317 1035
f 1313 1317 1101
f 1313 1604 1317
f 1317 1604 1606
f 1607 1407 1501
f 1371 1501 1407
f 1605 1371 1407
f 1369 1371 1605
f 1321 1372 1370
f 1321 1370 1317
f 1317 1606 1321
f 1321 1606 1608
f 1405 1373 1501
f 1373 1607 1501
f 1373 1609 1607
f 1501 1371 1405
f 1325 1374 1372
f 1325 1372 1321
f 1321 1608 1325
f 1325 1608 1610
f 1611 1373 1375
f 1611 1609 1373
f 798 889 1376
f 1038 1612 889
f 798 1038 889
f 1036 1038 798
f 1325 1256 1374
f 1256 1036 1374
f 1256 1038 1036
f 1325 1610 1256
f 1507 1613 1406
f 1613 1375 1406
f 1613 1611 1375
f 1377 1507 1406
f 516 605 1378
f 766 849 605
f 766 605 516
f 1006 1079 849
f 1006 849 766
f 1224 1614 1079
f 1006 1224 1079
f 1222 1224 1006
f 1448 1224 1222
f 1448 1450 1224
f 1694 1450 1448
f 1694 1696 1450
f 62 167 1615
f 1696 62 1615
f 1694 62 1696
f 304 409 167
f 304 167 62
f 550 1616 409
f 304 550 409
f 548 550 304
f 889 800 1376
f 800 548 1376
f 800 550 548
f 889 1612 800
f 1507 1408 1613
f 1377 1650 1507
f 1650 1408 1507
f 1650 1652 1408
f 22 127 1617
f 1652 22 1617
f 1650 22 1652
f 270 1618 127
f 22 270 127
f 268 270 22
f 605 518 1378
f 518 268 1378
f 518 270 268
f 518 605 768
f 768 605 849
f 768 849 1008
f 1008 849 1079
f 1079 1614 1008
f 167 64 1615
f 64 167 306
f 306 167 409
f 409 1616 306
f 127 24 1617
f 127 1618 24
f 618 563 1379
f 858 813 618
f 618 813 563
f 1088 1051 858
f 858 1051 813
f 1088 1380 1051
f 1619 79 1381
f 1381 79 77
f 79 319 77
f 321 319 79
f 565 618 1379
f 319 565 1379
f 321 565 319
f 618 565 815
f 618 815 858
f 858 815 1620
f 1090 858 1620
f 1088 858 1090
f 1380 1088 1382
f 1382 1088 1090
f 1621 1711 1383
f 1383 1711 1709
f 1381 1709 1711
f 1381 1711 1619
f 1053 1090 1620
f 1053 1622 1090
f 1622 1382 1090
f 1622 1384 1382
f 1623 1465 1385
f 1385 1465 1463
f 1383 1463 1465
f 1383 1465 1621
f 1624 1310 1269
f 1384 1624 1269
f 1622 1624 1384
f 1310 1386 1269
f 114 37 1387
f 114 1388 37
f 1280 1237 1389
f 1385 1237 1280
f 1625 1385 1280
f 1623 1385 1625
f 1390 1270 1310
f 1624 1390 1310
f 1626 1390 1624
f 1386 1310 1270
f 1500 1421 1391
f 1627 1667 1500
f 1667 1421 1500
f 1667 1665 1421
f 39 114 1387
f 1665 39 1387
f 1667 39 1665
f 283 1388 114
f 39 283 114
f 285 283 39
f 596 531 1628
f 531 285 1628
f 531 283 285
f 840 781 596
f 596 781 531
f 1070 1021 840
f 840 1021 781
f 1021 1070 1389
f 1070 1280 1389
f 1070 1282 1280
f 1625 1280 1282
f 1625 1282 1629
f 1390 1630 1392
f 1626 1630 1390
f 1393 1502 1391
f 1391 1502 1500
f 1627 1500 1502
f 1627 1502 1631
f 533 596 1628
f 596 533 1632
f 842 596 1632
f 840 596 842
f 1072 840 842
f 1070 840 1072
f 1284 1070 1072
f 1282 1070 1284
f 1629 1282 1284
f 1629 1284 1633
f 1392 1634 1394
f 1630 1634 1392
f 1395 1504 1393
f 1393 1504 1502
f 1631 1502 1504
f 1631 1504 1635
f 1636 844 842
f 1636 842 1632
f 1074 842 844
f 1072 842 1074
f 1288 1072 1074
f 1284 1072 1288
f 1532 1466 1633
f 1284 1532 1633
f 1288 1532 1284
f 1637 1466 1532
f 1394 1638 1396
f 1634 1638 1394
f 1397 1506 1395
f 1395 1506 1504
f 1635 1504 1506
f 1635 1506 1639
f 534 1640 604
f 844 1636 534
f 604 844 534
f 848 844 604
f 1078 844 848
f 1074 844 1078
f 1292 1074 1078
f 1288 1074 1292
f 1534 1288 1292
f 1532 1288 1534
f 1788 1712 1637
f 1532 1788 1637
f 1534 1788 1532
f 1712 1788 166
f 1712 166 80
f 1641 80 166
f 1054 1642 1118
f 1118 1398 1054
f 1398 1638 1054
f 1398 1396 1638
f 1422 1506 1397
f 1668 1639 1752
f 1752 1639 1399
f 1639 1506 1399
f 1506 1422 1399
f 1668 1752 126
f 1668 126 40
f 40 126 366
f 40 366 286
f 604 1640 286
f 366 604 286
f 606 604 366
f 850 604 606
f 848 604 850
f 1022 1078 1400
f 1078 850 1400
f 1078 848 850
f 1238 1292 1022
f 1022 1292 1078
f 1464 1534 1238
f 1238 1534 1292
f 1401 1790 1464
f 1790 1534 1464
f 1790 1788 1534
f 168 1788 1790
f 166 1788 168
f 410 322 1641
f 166 410 1641
f 168 410 166
f 322 410 652
f 322 652 566
f 566 652 1402
f 814 566 1402
f 816 566 814
f 1642 816 1118
f 816 1052 1118
f 816 814 1052
f 1398 1118 1052
f 1403 1754 1399
f 1399 1754 1752
f 128 1752 1754
f 126 1752 128
f 368 126 128
f 366 126 368
f 532 606 1404
f 606 368 1404
f 606 366 368
f 782 850 532
f 532 850 606
f 1400 850 782
f 1710 1790 1401
f 78 168 1710
f 1710 168 1790
f 320 410 78
f 78 410 168
f 564 652 320
f 320 652 410
f 1402 652 564
f 1666 1754 1403
f 38 128 1666
f 1666 128 1754
f 284 368 38
f 38 368 128
f 1404 368 284
f 416 337 1567
f 416 1568 337
f 1800 1725 1569
f 1815 97 1800
f 97 1725 1800
f 97 95 1725
f 339 416 1567
f 95 339 1567
f 97 339 95
f 581 1568 416
f 339 581 416
f 583 581 339
f 896 829 1816
f 829 583 1816
f 829 581 583
f 896 1570 829
f 1817 1479 1571
f 1571 1479 1477
f 1727 1800 1569
f 1477 1727 1569
f 1479 1727 1477
f 1815 1800 1727
f 1818 898 896
f 1818 896 1816
f 1570 896 1572
f 1572 896 898
f 1819 1241 1311
f 1573 1311 1241
f 1817 1573 1241
f 1571 1573 1817
f 1820 900 898
f 1820 898 1818
f 1572 898 1574
f 1574 898 900
f 1239 1575 1311
f 1575 1819 1311
f 1575 1821 1819
f 1311 1573 1239
f 1822 902 900
f 1822 900 1820
f 1574 900 1576
f 1576 900 902
f 1319 1823 1240
f 1823 1575 1240
f 1823 1821 1575
f 1577 1319 1240
f 1578 830 902
f 1822 1578 902
f 1824 1578 1822
f 1576 902 830
f 1323 1825 1319
f 1319 1825 1823
f 1319 1577 1579
f 1319 1579 1323
f 584 1826 1580
f 584 1580 582
f 582 1578 584
f 584 1578 1824
f 1323 1242 1825
f 1579 1478 1323
f 1478 1242 1323
f 1478 1480 1242
f 1726 1813 1827
f 1480 1726 1827
f 1478 1726 1480
f 98 1828 1813
f 1726 98 1813
f 96 98 1726
f 338 98 96
f 338 340 98
f 338 1580 340
f 340 1580 1826
f 1813 1728 1827
f 1813 1828 1728
f 1760 1679 1581
f 134 51 1760
f 1760 51 1679
f 134 1582 51
f 1272 1207 1583
f 1829 1435 1272
f 1435 1207 1272
f 1435 1433 1207
f 1681 1760 1581
f 1433 1681 1581
f 1435 1681 1433
f 1760 1681 53
f 1760 53 134
f 297 1582 134
f 53 297 134
f 299 297 53
f 620 545 1830
f 545 299 1830
f 545 297 299
f 620 1584 545
f 1831 503 1585
f 1585 503 501
f 503 751 501
f 753 751 503
f 753 991 751
f 993 991 753
f 1209 1272 1583
f 991 1209 1583
f 993 1209 991
f 1829 1272 1209
f 1832 624 620
f 1832 620 1830
f 1584 620 1586
f 1586 620 624
f 1833 255 1587
f 1587 255 253
f 1585 253 255
f 1585 255 1831
f 1834 628 624
f 1834 624 1832
f 1586 624 1588
f 1588 624 628
f 110 7 1589
f 1587 7 110
f 1835 1587 110
f 1833 1587 1835
f 1836 632 628
f 1836 628 1834
f 1588 628 1590
f 1590 628 632
f 110 1589 9
f 1589 1837 9
f 1589 1591 1837
f 1835 110 9
f 1838 636 632
f 1838 632 1836
f 1590 632 795
f 632 876 795
f 632 636 876
f 876 1592 795
f 1839 1591 1593
f 1839 1837 1591
f 1840 640 636
f 1840 636 1838
f 796 876 1594
f 876 640 1594
f 876 636 640
f 1592 876 796
f 10 1839 120
f 1839 1595 120
f 1839 1593 1595
f 1841 10 120
f 54 1842 160
f 54 160 402
f 54 402 300
f 640 1840 300
f 402 640 300
f 644 640 402
f 1594 640 1596
f 1596 640 644
f 8 120 1595
f 120 8 1841
f 8 256 1841
f 8 254 256
f 254 1597 602
f 504 254 602
f 256 254 504
f 504 602 1598
f 752 504 1598
f 754 504 752
f 992 754 752
f 992 994 754
f 1208 994 992
f 1208 1210 994
f 1434 1210 1208
f 1434 1436 1210
f 1680 1436 1434
f 1680 1682 1436
f 1842 1682 160
f 1682 52 160
f 1682 1680 52
f 298 402 52
f 52 402 160
f 546 644 298
f 298 644 402
f 1596 644 546
f 502 602 1597
f 1598 602 502
f 590 517 1599
f 834 767 590
f 590 767 517
f 1064 1007 834
f 834 1007 767
f 1064 1600 1007
f 1843 551 625
f 625 551 865
f 865 551 801
f 865 801 1093
f 1093 801 1039
f 1039 1844 1093
f 108 23 1601
f 1845 271 108
f 271 23 108
f 271 269 23
f 519 590 1599
f 269 519 1599
f 271 519 269
f 590 519 769
f 590 769 834
f 834 769 1009
f 834 1009 1064
f 1223 1600 1064
f 1009 1223 1064
f 1225 1223 1009
f 1225 1449 1223
f 1451 1449 1225
f 1451 1695 1449
f 1697 1695 1451
f 1697 63 1695
f 65 63 1697
f 65 305 63
f 307 305 65
f 307 1843 625
f 549 307 625
f 305 307 549
f 865 799 549
f 865 549 625
f 1093 1037 799
f 1093 799 865
f 1037 1093 1844
f 1257 1037 1844
f 1255 1037 1257
f 1602 1255 1549
f 1255 1491 1549
f 1255 1257 1491
f 1491 1846 1549
f 108 1601 25
f 1601 1847 25
f 1601 1603 1847
f 1845 108 25
f 1553 1604 1602
f 1553 1602 1549
f 1549 1846 1553
f 1553 1846 1848
f 1849 1653 1605
f 1605 1653 1651
f 1603 1651 1653
f 1603 1653 1847
f 1557 1606 1604
f 1557 1604 1553
f 1553 1848 1557
f 1557 1848 1850
f 1851 1409 1607
f 1607 1409 1407
f 1605 1407 1409
f 1605 1409 1849
f 1561 1608 1606
f 1561 1606 1557
f 1557 1850 1561
f 1561 1850 1852
f 1853 1607 1609
f 1853 1851 1607
f 1608 1561 1492
f 1854 1608 1492
f 1610 1608 1854
f 1561 1852 1492
f 1855 1609 1611
f 1855 1853 1609
f 1038 1117 1612
f 1258 1856 1117
f 1038 1258 1117
f 1256 1258 1038
f 1256 1610 1258
f 1258 1610 1854
f 1857 1611 1613
f 1857 1855 1611
f 1224 1293 1614
f 1450 1535 1293
f 1450 1293 1224
f 1696 1789 1535
f 1696 1535 1450
f 1615 1789 1696
f 550 651 1616
f 802 1858 651
f 550 802 651
f 800 802 550
f 1117 1040 1612
f 1040 800 1612
f 1040 802 800
f 1117 1856 1040
f 1613 1408 1857
f 1857 1408 1410
f 1652 1753 1859
f 1410 1652 1859
f 1408 1652 1410
f 1617 1753 1652
f 270 367 1618
f 518 607 367
f 518 367 270
f 770 1860 607
f 518 770 607
f 768 770 518
f 1008 770 768
f 1008 1010 770
f 1293 1226 1614
f 1226 1008 1614
f 1226 1010 1008
f 1226 1293 1452
f 1452 1293 1535
f 1452 1535 1698
f 1698 1535 1789
f 1615 64 1789
f 64 1698 1789
f 64 66 1698
f 306 66 64
f 306 308 66
f 651 552 1616
f 552 306 1616
f 552 308 306
f 651 1858 552
f 1753 1654 1859
f 1617 24 1753
f 24 1654 1753
f 24 26 1654
f 367 272 1618
f 272 24 1618
f 272 26 24
f 272 367 520
f 520 367 607
f 607 1860 520
f 138 79 1619
f 1861 323 138
f 323 79 138
f 323 321 79
f 323 565 321
f 567 565 323
f 862 815 1862
f 815 567 1862
f 815 565 567
f 862 1620 815
f 1863 1713 1621
f 1621 1713 1711
f 81 138 1619
f 1711 81 1619
f 1713 81 1711
f 1861 138 81
f 817 862 1862
f 1053 1620 862
f 817 1053 862
f 1055 1053 817
f 1055 1864 1053
f 1053 1864 1622
f 1522 1465 1623
f 1621 1465 1522
f 1865 1621 1522
f 1863 1621 1865
f 1622 1866 1624
f 1864 1866 1622
f 1625 1524 1623
f 1623 1524 1522
f 1865 1522 1524
f 1865 1524 1867
f 1624 1868 1626
f 1866 1868 1624
f 1744 1667 1627
f 116 39 1744
f 1744 39 1667
f 356 285 116
f 116 285 39
f 356 1628 285
f 1629 1526 1625
f 1625 1526 1524
f 1867 1524 1526
f 1867 1526 1869
f 1626 1870 1630
f 1868 1870 1626
f 1631 1746 1627
f 1627 1746 1744
f 118 1744 1746
f 116 1744 118
f 358 116 118
f 356 116 358
f 1628 356 533
f 356 598 533
f 356 358 598
f 598 1632 533
f 1633 1528 1629
f 1629 1528 1526
f 1869 1526 1528
f 1869 1528 1871
f 1630 1872 1634
f 1870 1872 1630
f 1635 1748 1631
f 1631 1748 1746
f 122 1746 1748
f 118 1746 122
f 360 118 122
f 358 118 360
f 600 358 360
f 598 358 600
f 1632 598 1636
f 1636 598 600
f 1466 1528 1633
f 1714 1871 1784
f 1784 1871 1637
f 1871 1528 1637
f 1528 1466 1637
f 1714 1784 162
f 1714 162 82
f 1873 82 162
f 1056 1874 1114
f 1114 1638 1056
f 1638 1872 1056
f 1638 1634 1872
f 1639 1750 1635
f 1635 1750 1748
f 124 1748 1750
f 122 1748 124
f 364 122 124
f 360 122 364
f 534 600 1640
f 600 364 1640
f 600 360 364
f 1636 600 534
f 1712 1784 1637
f 80 162 1712
f 1712 162 1784
f 324 1873 408
f 408 1873 1641
f 1873 162 1641
f 162 80 1641
f 324 408 650
f 324 650 568
f 568 650 890
f 568 890 818
f 1114 1874 818
f 1114 818 890
f 1054 1114 890
f 1642 1054 890
f 1638 1114 1054
f 1668 1750 1639
f 40 124 1668
f 1668 124 1750
f 286 364 40
f 40 364 124
f 1640 364 286
f 322 408 1641
f 566 650 322
f 322 650 408
f 816 890 566
f 566 890 650
f 1642 890 816
f 178 97 1815
f 418 339 178
f 178 339 97
f 660 583 418
f 418 583 339
f 660 1816 583
f 191 1023 1095
f 1095 1023 1307
f 1307 1023 1243
f 1307 1243 1817
f 1243 1479 1817
f 1243 1481 1479
f 1481 1727 1479
f 1729 1727 1481
f 99 178 1815
f 1727 99 1815
f 1729 99 1727
f 178 99 341
f 178 341 418
f 418 341 192
f 662 418 192
f 660 418 662
f 1816 660 1818
f 1818 660 662
f 193 783 871
f 191 1095 783
f 1095 871 783
f 1095 1099 871
f 1307 1241 1819
f 1099 1307 1819
f 1095 1307 1099
f 1307 1817 1241
f 194 664 662
f 194 662 192
f 1818 662 1820
f 1820 662 664
f 875 195 871
f 871 195 193
f 871 1103 875
f 871 1099 1103
f 1099 1819 1821
f 1099 1821 1103
f 585 664 194
f 585 196 664
f 196 1820 664
f 196 1822 1820
f 875 784 195
f 784 875 197
f 875 1107 197
f 875 1103 1107
f 1103 1821 1823
f 1103 1823 1107
f 586 198 668
f 668 1824 586
f 1824 196 586
f 1824 1822 196
f 1107 1024 197
f 199 1024 1107
f 1823 199 1107
f 1825 199 1823
f 1826 584 668
f 198 1826 668
f 200 1826 198
f 1824 668 584
f 1825 1242 199
f 199 1242 1244
f 1480 1565 201
f 1244 1480 201
f 1242 1480 1244
f 1827 1565 1480
f 98 189 1828
f 342 202 189
f 98 342 189
f 340 342 98
f 340 1826 342
f 342 1826 200
f 1565 1482 201
f 1827 1728 1565
f 1728 1482 1565
f 1728 1730 1482
f 189 100 1828
f 100 1728 1828
f 100 1730 1728
f 189 202 100
f 1516 1435 1829
f 1762 1681 1516
f 1516 1681 1435
f 136 53 1762
f 1762 53 1681
f 378 299 136
f 136 299 53
f 378 1830 299
f 588 503 1831
f 832 753 588
f 588 753 503
f 1062 993 832
f 832 993 753
f 203 1211 1062
f 1211 993 1062
f 1211 1209 993
f 1437 1516 1829
f 1209 1437 1829
f 1211 1437 1209
f 1516 1437 1683
f 1516 1683 1762
f 1762 1683 204
f 140 1762 204
f 136 1762 140
f 382 136 140
f 378 136 382
f 1830 378 1832
f 1832 378 382
f 205 257 1833
f 1833 257 255
f 505 588 1831
f 255 505 1831
f 257 505 255
f 588 505 755
f 588 755 832
f 832 755 995
f 832 995 1062
f 203 1062 995
f 55 140 204
f 140 55 206
f 386 140 206
f 382 140 386
f 1832 382 1834
f 1834 382 386
f 207 1833 1835
f 207 205 1833
f 208 390 386
f 208 386 206
f 1834 386 1836
f 1836 386 390
f 209 11 1837
f 1837 11 9
f 1835 9 11
f 1835 11 207
f 210 394 390
f 210 390 208
f 1836 390 1838
f 1838 390 394
f 211 1837 1839
f 211 209 1837
f 212 398 394
f 212 394 210
f 1838 394 1840
f 1840 394 398
f 1839 10 211
f 211 10 12
f 213 12 10
f 213 10 1841
f 56 214 1842
f 56 1842 54
f 212 56 398
f 56 300 398
f 56 54 300
f 1840 398 300
f 1841 256 213
f 213 256 258
f 504 258 256
f 504 506 258
f 754 506 504
f 754 756 506
f 994 756 754
f 994 996 756
f 1210 996 994
f 1210 1212 996
f 1436 1212 1210
f 1436 1438 1212
f 1682 1438 1436
f 1682 1684 1438
f 1682 1842 1684
f 1684 1842 214
f 215 553 621
f 621 553 861
f 861 553 803
f 861 803 1089
f 1089 803 1041
f 1041 216 1089
f 217 309 383
f 215 621 309
f 309 621 383
f 621 551 383
f 551 1843 383
f 861 801 551
f 861 551 621
f 1089 1039 801
f 1089 801 861
f 216 1259 1305
f 216 1305 1844
f 1089 216 1844
f 1039 1089 1844
f 1259 218 1305
f 350 271 1845
f 592 519 350
f 350 519 271
f 836 769 592
f 592 769 519
f 1066 1009 836
f 836 1009 769
f 1278 1225 1066
f 1066 1225 1009
f 1520 1451 1278
f 1278 1451 1225
f 1770 1697 1520
f 1520 1697 1451
f 219 67 1770
f 67 1697 1770
f 67 65 1697
f 67 217 383
f 307 67 383
f 65 67 307
f 383 1843 307
f 1305 1257 1844
f 1257 1305 218
f 1493 1257 218
f 1491 1257 1493
f 1493 220 1491
f 1491 220 1846
f 112 25 1847
f 273 350 1845
f 273 1845 25
f 221 273 25
f 112 221 25
f 350 273 521
f 350 521 592
f 592 521 771
f 592 771 836
f 836 771 1011
f 836 1011 1066
f 1066 1011 1227
f 1066 1227 1278
f 1278 1227 1453
f 1278 1453 1520
f 1520 1453 1699
f 1520 1699 1770
f 219 1770 1699
f 1846 222 1848
f 220 222 1846
f 223 1655 1849
f 1849 1655 1653
f 27 112 1847
f 1653 27 1847
f 1655 27 1653
f 221 112 27
f 1848 224 1850
f 222 224 1848
f 225 1411 1851
f 1851 1411 1409
f 1849 1409 1411
f 1849 1411 223
f 1850 226 1852
f 224 226 1850
f 227 1851 1853
f 227 225 1851
f 1494 228 1854
f 1494 1854 1492
f 1492 1852 1494
f 1494 1852 226
f 229 1853 1855
f 229 227 1853
f 1260 230 1856
f 1260 1856 1258
f 1258 1854 1260
f 1260 1854 228
f 231 1855 1857
f 231 229 1855
f 804 232 1858
f 804 1858 802
f 1040 804 802
f 1040 1042 804
f 1040 1856 1042
f 1042 1856 230
f 1509 233 1410
f 233 1857 1410
f 233 231 1857
f 1859 1509 1410
f 770 851 1860
f 1010 1081 851
f 1010 851 770
f 1226 1295 1081
f 1226 1081 1010
f 1452 1537 1295
f 1452 1295 1226
f 1698 1791 1537
f 1698 1537 1452
f 66 169 1791
f 66 1791 1698
f 310 234 169
f 66 310 169
f 308 310 66
f 552 310 308
f 552 554 310
f 552 1858 554
f 554 1858 232
f 1509 1412 233
f 1755 235 1654
f 1654 235 1859
f 235 1412 1859
f 1412 1509 1859
f 26 129 1755
f 26 1755 1654
f 272 369 129
f 272 129 26
f 520 609 369
f 520 369 272
f 851 772 1860
f 1860 772 520
f 772 236 520
f 236 609 520
f 772 851 1012
f 1012 851 1081
f 1012 1081 1228
f 1228 1081 1295
f 1228 1295 1454
f 1454 1295 1537
f 1454 1537 1700
f 1700 1537 1791
f 1700 1791 68
f 68 1791 169
f 169 234 68
f 1755 1656 235
f 1656 1755 28
f 28 1755 129
f 28 129 274
f 274 129 369
f 274 369 522
f 522 369 609
f 609 236 522
f 380 323 1861
f 622 567 380
f 380 567 323
f 622 1862 567
f 1766 1713 1863
f 237 83 1766
f 83 1713 1766
f 83 81 1713
f 325 380 1861
f 81 325 1861
f 83 325 81
f 380 325 569
f 380 569 622
f 817 1862 622
f 569 817 622
f 819 817 569
f 1094 1055 238
f 1055 819 238
f 1055 817 819
f 1094 1864 1055
f 1865 1772 1863
f 1863 1772 1766
f 237 1766 1772
f 237 1772 239
f 240 1098 1094
f 240 1094 238
f 1864 1094 1866
f 1866 1094 1098
f 1867 1776 1865
f 1865 1776 1772
f 239 1772 1776
f 239 1776 241
f 1057 1098 240
f 1057 242 1098
f 242 1866 1098
f 242 1868 1866
f 1869 1778 1867
f 1867 1778 1776
f 241 1776 1778
f 241 1778 243
f 1058 244 1106
f 1106 1870 1058
f 1870 242 1058
f 1870 1868 242
f 1871 1780 1869
f 1869 1780 1778
f 158 84 243
f 1778 158 243
f 1780 158 1778
f 245 84 158
f 246 1110 1106
f 246 1106 244
f 1870 1106 1872
f 1872 1106 1110
f 1714 1780 1871
f 82 158 1714
f 1714 158 1780
f 326 245 404
f 404 245 1873
f 245 158 1873
f 158 82 1873
f 326 404 646
f 326 646 570
f 570 646 886
f 570 886 820
f 1110 246 820
f 1110 820 886
f 1056 1110 886
f 1874 1056 886
f 1872 1110 1056
f 324 404 1873
f 568 646 324
f 324 646 404
f 818 886 568
f 568 886 646
f 1874 886 818
