# Converted from NanoShaper .vert/.face
v 9.926000 0.503000 9.705000
v 12.460000 0.503000 9.705000
v 9.077000 0.503000 10.205000
v 13.035000 0.503000 10.205000
v 8.739000 0.503000 10.705000
v 13.263000 0.503000 10.705000
v 8.317000 0.503000 11.205000
v 13.374000 0.503000 11.205000
v 6.079000 0.503000 11.705000
v 6.537000 0.503000 11.705000
v 7.331000 0.503000 11.705000
v 13.408000 0.503000 11.705000
v 5.467000 0.503000 12.205000
v 13.522000 0.503000 12.205000
v 5.374000 0.503000 12.705000
v 13.839000 0.503000 12.705000
v 5.339000 0.503000 13.205000
v 14.143000 0.503000 13.205000
v 5.344000 0.503000 13.705000
v 14.250000 0.503000 13.705000
v 5.099000 0.503000 14.205000
v 14.298000 0.503000 14.205000
v 5.033000 0.503000 14.705000
v 14.326000 0.503000 14.705000
v 5.147000 0.503000 15.205000
v 14.222000 0.503000 15.205000
v 5.670000 0.503000 15.705000
v 6.031000 0.503000 15.705000
v 7.991000 0.503000 15.705000
v 13.879000 0.503000 15.705000
v 8.571000 0.503000 16.205000
v 13.531000 0.503000 16.205000
v 9.136000 0.503000 16.705000
v 13.421000 0.503000 16.705000
v 9.659000 0.503000 17.205000
v 13.287000 0.503000 17.205000
v 10.113000 0.503000 17.705000
v 12.804000 0.503000 17.705000
v 4.608000 4.503000 9.705000
v 8.391000 4.503000 9.705000
v 10.649000 4.503000 9.705000
v 12.288000 4.503000 9.705000
v 3.977000 4.503000 10.205000
v 8.961000 4.503000 10.205000
v 10.441000 4.503000 10.205000
v 12.415000 4.503000 10.205000
v 3.057000 4.503000 10.705000
v 9.630000 4.503000 10.705000
v 10.351000 4.503000 10.705000
v 12.436000 4.503000 10.705000
v 0.915000 4.503000 11.205000
v 9.738000 4.503000 11.205000
v 10.563000 4.503000 11.205000
v 12.320000 4.503000 11.205000
v 0.612000 4.503000 11.705000
v 9.742000 4.503000 11.705000
v 10.729000 4.503000 11.705000
v 12.011000 4.503000 11.705000
v 0.536000 4.503000 12.205000
v 12.106000 4.503000 12.205000
v 0.644000 4.503000 12.705000
v 12.601000 4.503000 12.705000
v 1.000000 4.503000 13.205000
v 12.849000 4.503000 13.205000
v 1.462000 4.503000 13.705000
v 12.994000 4.503000 13.705000
v 1.719000 4.503000 14.205000
v 13.070000 4.503000 14.205000
v 2.006000 4.503000 14.705000
v 13.215000 4.503000 14.705000
v 2.150000 4.503000 15.205000
v 13.356000 4.503000 15.205000
v 2.134000 4.503000 15.705000
v 13.343000 4.503000 15.705000
v 2.226000 4.503000 16.205000
v 13.211000 4.503000 16.205000
v 2.581000 4.503000 16.705000
v 5.567000 4.503000 16.705000
v 9.846000 4.503000 16.705000
v 12.882000 4.503000 16.705000
v 4.029000 8.503000 9.205000
v 5.942000 8.503000 9.205000
v 3.687000 8.503000 9.705000
v 6.284000 8.503000 9.705000
v 3.586000 8.503000 10.205000
v 6.385000 8.503000 10.205000
v 3.670000 8.503000 10.705000
v 6.395000 8.503000 10.705000
v 3.985000 8.503000 11.205000
v 6.561000 8.503000 11.205000
v 4.406000 8.503000 11.705000
v 6.984000 8.503000 11.705000
v 4.571000 8.503000 12.205000
v 7.326000 8.503000 12.205000
v 4.578000 8.503000 12.705000
v 7.600000 8.503000 12.705000
v 4.578000 8.503000 13.205000
v 8.026000 8.503000 13.205000
v 4.457000 8.503000 13.705000
v 8.667000 8.503000 13.705000
v 4.258000 8.503000 14.205000
v 11.356000 8.503000 14.205000
v 3.986000 8.503000 14.705000
v 11.804000 8.503000 14.705000
v 3.600000 8.503000 15.205000
v 12.282000 8.503000 15.205000
v 3.283000 8.503000 15.705000
v 14.388000 8.503000 15.705000
v 3.002000 8.503000 16.205000
v 14.739000 8.503000 16.205000
v 2.574000 8.503000 16.705000
v 14.836000 8.503000 16.705000
v 2.450000 8.503000 17.205000
v 5.622000 8.503000 17.205000
v 9.428000 8.503000 17.205000
v 14.868000 8.503000 17.205000
v 2.600000 8.503000 17.705000
v 4.337000 8.503000 17.705000
v 10.394000 8.503000 17.705000
v 14.784000 8.503000 17.705000
v 11.437000 8.503000 18.205000
v 14.471000 8.503000 18.205000
v 12.058000 8.503000 18.705000
v 13.781000 8.503000 18.705000
v 4.537000 12.503000 16.705000
v 5.575000 12.503000 16.705000
v 4.088000 12.503000 17.205000
v 6.329000 12.503000 17.205000
v 3.971000 12.503000 17.705000
v 6.471000 12.503000 17.705000
v 4.117000 12.503000 18.205000
v 6.331000 12.503000 18.205000
v 5.467000 0.503000 12.205000
v 5.467000 0.503000 15.628000
v 5.967000 0.503000 11.734000
v 5.967000 0.503000 15.716000
v 6.467000 0.503000 11.697000
v 6.467000 0.503000 15.671000
v 6.967000 0.503000 11.733000
v 6.967000 0.503000 15.549000
v 7.467000 0.503000 11.679000
v 7.467000 0.503000 15.518000
v 7.967000 0.503000 11.423000
v 7.967000 0.503000 15.692000
v 8.467000 0.503000 11.076000
v 8.467000 0.503000 16.100000
v 8.967000 0.503000 10.324000
v 8.967000 0.503000 16.533000
v 9.467000 0.503000 9.899000
v 9.467000 0.503000 17.030000
v 9.967000 0.503000 9.684000
v 9.967000 0.503000 17.561000
v 10.467000 0.503000 9.356000
v 10.467000 0.503000 17.916000
v 10.967000 0.503000 9.231000
v 10.967000 0.503000 18.073000
v 11.467000 0.503000 9.239000
v 11.467000 0.503000 18.153000
v 11.967000 0.503000 9.352000
v 11.967000 0.503000 18.067000
v 12.467000 0.503000 9.710000
v 12.467000 0.503000 17.908000
v 12.967000 0.503000 10.116000
v 12.967000 0.503000 17.575000
v 13.467000 0.503000 12.045000
v 13.467000 0.503000 16.385000
v 13.967000 0.503000 12.895000
v 13.967000 0.503000 15.604000
v 0.967000 4.503000 11.152000
v 0.967000 4.503000 13.174000
v 1.467000 4.503000 10.844000
v 1.467000 4.503000 13.712000
v 1.967000 4.503000 10.764000
v 1.967000 4.503000 14.631000
v 2.467000 4.503000 10.796000
v 2.467000 4.503000 16.593000
v 2.967000 4.503000 10.724000
v 2.967000 4.503000 16.936000
v 3.467000 4.503000 10.543000
v 3.467000 4.503000 17.069000
v 3.967000 4.503000 10.212000
v 3.967000 4.503000 17.150000
v 4.467000 4.503000 9.807000
v 4.467000 4.503000 17.088000
v 4.967000 4.503000 9.509000
v 4.967000 4.503000 16.983000
v 5.467000 4.503000 9.392000
v 5.467000 4.503000 16.741000
v 5.967000 4.503000 9.336000
v 5.967000 4.503000 16.632000
v 6.467000 4.503000 9.377000
v 6.467000 4.503000 16.600000
v 6.967000 4.503000 9.360000
v 6.967000 4.503000 16.575000
v 7.467000 4.503000 9.357000
v 7.467000 4.503000 16.589000
v 7.967000 4.503000 9.452000
v 7.967000 4.503000 16.651000
v 8.467000 4.503000 9.762000
v 8.467000 4.503000 16.604000
v 8.967000 4.503000 10.209000
v 8.967000 4.503000 16.630000
v 9.467000 4.503000 10.528000
v 9.467000 4.503000 16.628000
v 9.967000 4.503000 11.951000
v 9.967000 4.503000 16.750000
v 10.467000 4.503000 10.082000
v 10.467000 4.503000 11.075000
v 10.467000 4.503000 11.993000
v 10.467000 4.503000 17.005000
v 10.967000 4.503000 9.385000
v 10.967000 4.503000 17.101000
v 11.467000 4.503000 9.236000
v 11.467000 4.503000 17.096000
v 11.967000 4.503000 9.376000
v 11.967000 4.503000 17.064000
v 12.467000 4.503000 12.500000
v 12.467000 4.503000 16.945000
v 12.967000 4.503000 13.556000
v 12.967000 4.503000 16.615000
v 2.467000 8.503000 17.003000
v 2.467000 8.503000 17.364000
v 2.967000 8.503000 16.246000
v 2.967000 8.503000 18.048000
v 3.467000 8.503000 15.385000
v 3.467000 8.503000 18.164000
v 3.967000 8.503000 9.266000
v 3.967000 8.503000 11.186000
v 3.967000 8.503000 14.733000
v 3.967000 8.503000 18.006000
v 4.467000 8.503000 8.926000
v 4.467000 8.503000 11.827000
v 4.467000 8.503000 13.667000
v 4.467000 8.503000 17.625000
v 4.967000 8.503000 8.827000
v 4.967000 8.503000 17.412000
v 5.467000 8.503000 8.912000
v 5.467000 8.503000 17.228000
v 5.967000 8.503000 9.228000
v 5.967000 8.503000 17.109000
v 6.467000 8.503000 11.000000
v 6.467000 8.503000 17.039000
v 6.967000 8.503000 11.688000
v 6.967000 8.503000 16.996000
v 7.467000 8.503000 12.505000
v 7.467000 8.503000 17.040000
v 7.967000 8.503000 13.139000
v 7.967000 8.503000 17.025000
v 8.467000 8.503000 13.606000
v 8.467000 8.503000 17.031000
v 8.967000 8.503000 13.784000
v 8.967000 8.503000 17.054000
v 9.467000 8.503000 13.784000
v 9.467000 8.503000 17.224000
v 9.967000 8.503000 13.746000
v 9.967000 8.503000 17.509000
v 10.467000 8.503000 13.729000
v 10.467000 8.503000 17.738000
v 10.967000 8.503000 13.878000
v 10.967000 8.503000 17.995000
v 11.467000 8.503000 14.306000
v 11.467000 8.503000 18.221000
v 11.967000 8.503000 14.947000
v 11.967000 8.503000 18.629000
v 12.467000 8.503000 15.286000
v 12.467000 8.503000 18.938000
v 12.967000 8.503000 15.396000
v 12.967000 8.503000 19.016000
v 13.467000 8.503000 15.374000
v 13.467000 8.503000 18.898000
v 13.967000 8.503000 15.454000
v 13.967000 8.503000 18.569000
v 14.467000 8.503000 15.781000
v 14.467000 8.503000 18.209000
v 4.467000 12.503000 16.765000
v 4.467000 12.503000 18.554000
v 4.967000 12.503000 16.503000
v 4.967000 12.503000 18.699000
v 5.467000 12.503000 16.675000
v 5.467000 12.503000 18.660000
v 5.967000 12.503000 16.863000
v 5.967000 12.503000 18.548000
v 6.467000 12.503000 17.615000
v 6.467000 12.503000 17.797000
v 3.967000 7.623000 9.705000
v 3.967000 9.269000 9.705000
v 4.467000 1.628000 9.705000
v 4.467000 4.095000 9.705000
v 4.467000 6.956000 9.705000
v 4.467000 9.654000 9.705000
v 4.967000 1.176000 9.705000
v 4.967000 5.022000 9.705000
v 4.967000 6.908000 9.705000
v 4.967000 9.761000 9.705000
v 5.467000 1.038000 9.705000
v 5.467000 5.440000 9.705000
v 5.467000 7.129000 9.705000
v 5.467000 9.669000 9.705000
v 5.967000 1.171000 9.705000
v 5.967000 5.470000 9.705000
v 5.967000 7.606000 9.705000
v 5.967000 9.313000 9.705000
v 6.467000 1.603000 9.705000
v 6.467000 5.295000 9.705000
v 6.967000 1.915000 9.705000
v 6.967000 5.041000 9.705000
v 7.467000 1.999000 9.705000
v 7.467000 5.029000 9.705000
v 7.967000 1.929000 9.705000
v 7.967000 4.903000 9.705000
v 8.467000 1.630000 9.705000
v 8.467000 4.429000 9.705000
v 8.967000 1.147000 9.705000
v 8.967000 4.152000 9.705000
v 9.467000 0.740000 9.705000
v 9.467000 4.124000 9.705000
v 9.967000 0.472000 9.705000
v 9.967000 4.257000 9.705000
v 10.467000 -0.016000 9.705000
v 10.467000 4.411000 9.705000
v 10.967000 -0.182000 9.705000
v 10.967000 4.682000 9.705000
v 11.467000 -0.107000 9.705000
v 11.467000 4.784000 9.705000
v 11.967000 -0.086000 9.705000
v 11.967000 4.688000 9.705000
v 12.467000 0.512000 9.705000
v 12.467000 4.333000 9.705000
v 12.967000 1.132000 9.705000
v 12.967000 3.367000 9.705000
v 1.467000 4.461000 13.705000
v 1.467000 5.053000 13.705000
v 1.967000 3.577000 13.705000
v 1.967000 6.018000 13.705000
v 2.467000 3.069000 13.705000
v 2.467000 6.323000 13.705000
v 2.967000 2.399000 13.705000
v 2.967000 6.423000 13.705000
v 3.467000 1.574000 13.705000
v 3.467000 6.595000 13.705000
v 3.967000 1.003000 13.705000
v 3.967000 6.905000 13.705000
v 4.467000 0.690000 13.705000
v 4.467000 7.659000 13.705000
v 4.467000 8.466000 13.705000
v 4.467000 10.839000 13.705000
v 4.967000 0.592000 13.705000
v 4.967000 11.393000 13.705000
v 5.467000 0.451000 13.705000
v 5.467000 11.740000 13.705000
v 5.967000 0.189000 13.705000
v 5.967000 11.861000 13.705000
v 6.467000 0.103000 13.705000
v 6.467000 11.917000 13.705000
v 6.967000 0.133000 13.705000
v 6.967000 11.938000 13.705000
v 7.467000 0.044000 13.705000
v 7.467000 11.878000 13.705000
v 7.967000 -0.165000 13.705000
v 7.967000 11.766000 13.705000
v 8.467000 -0.928000 13.705000
v 8.467000 11.410000 13.705000
v 8.967000 -2.849000 13.705000
v 8.967000 7.856000 13.705000
v 8.967000 8.899000 13.705000
v 8.967000 10.261000 13.705000
v 9.467000 -3.240000 13.705000
v 9.467000 7.959000 13.705000
v 9.967000 -3.355000 13.705000
v 9.967000 8.407000 13.705000
v 10.467000 -3.365000 13.705000
v 10.467000 8.469000 13.705000
v 10.967000 -3.285000 13.705000
v 10.967000 8.314000 13.705000
v 11.467000 -2.966000 13.705000
v 11.467000 7.859000 13.705000
v 11.967000 -2.565000 13.705000
v 11.967000 7.307000 13.705000
v 12.467000 -2.205000 13.705000
v 12.467000 5.554000 13.705000
v 12.967000 -1.857000 13.705000
v 12.967000 4.542000 13.705000
v 13.467000 -1.447000 13.705000
v 13.467000 3.976000 13.705000
v 13.967000 -0.083000 13.705000
v 13.967000 3.493000 13.705000
v 2.467000 8.630000 17.705000
v 2.467000 10.373000 17.705000
v 2.967000 8.288000 17.705000
v 2.967000 10.931000 17.705000
v 3.467000 8.200000 17.705000
v 3.467000 11.508000 17.705000
v 3.967000 8.307000 17.705000
v 3.967000 12.498000 17.705000
v 4.467000 8.601000 17.705000
v 4.467000 12.842000 17.705000
v 4.967000 8.942000 17.705000
v 4.967000 12.943000 17.705000
v 5.467000 9.105000 17.705000
v 5.467000 12.885000 17.705000
v 5.967000 9.522000 17.705000
v 5.967000 12.805000 17.705000
v 6.467000 10.111000 17.705000
v 6.467000 12.507000 17.705000
v 9.967000 0.907000 17.705000
v 9.967000 1.323000 17.705000
v 9.967000 9.524000 17.705000
v 9.967000 10.154000 17.705000
v 10.467000 0.106000 17.705000
v 10.467000 1.987000 17.705000
v 10.467000 8.435000 17.705000
v 10.467000 10.997000 17.705000
v 10.967000 -0.435000 17.705000
v 10.967000 2.076000 17.705000
v 10.967000 8.223000 17.705000
v 10.967000 11.303000 17.705000
v 11.467000 -0.559000 17.705000
v 11.467000 2.137000 17.705000
v 11.467000 7.838000 17.705000
v 11.467000 11.382000 17.705000
v 11.967000 -0.423000 17.705000
v 11.967000 2.446000 17.705000
v 11.967000 6.858000 17.705000
v 11.967000 11.423000 17.705000
v 12.467000 0.121000 17.705000
v 12.467000 2.514000 17.705000
v 12.467000 5.613000 17.705000
v 12.467000 11.388000 17.705000
v 12.967000 0.662000 17.705000
v 12.967000 2.371000 17.705000
v 12.967000 5.487000 17.705000
v 12.967000 11.314000 17.705000
v 13.467000 5.604000 17.705000
v 13.467000 11.016000 17.705000
v 13.967000 5.766000 17.705000
v 13.967000 10.509000 17.705000
v 14.467000 6.121000 17.705000
v 14.467000 9.453000 17.705000
v 9.683000 -2.997000 13.205000
v 10.867000 -2.997000 13.205000
v 9.103000 -2.997000 13.705000
v 11.430000 -2.997000 13.705000
v 8.992000 -2.997000 14.205000
v 11.538000 -2.997000 14.205000
v 9.144000 -2.997000 14.705000
v 11.387000 -2.997000 14.705000
v 10.082000 1.003000 9.205000
v 12.330000 1.003000 9.205000
v 9.169000 1.003000 9.705000
v 12.878000 1.003000 9.705000
v 4.653000 1.003000 10.205000
v 6.290000 1.003000 10.205000
v 8.648000 1.003000 10.205000
v 13.196000 1.003000 10.205000
v 4.482000 1.003000 10.705000
v 6.503000 1.003000 10.705000
v 8.401000 1.003000 10.705000
v 13.304000 1.003000 10.705000
v 4.150000 1.003000 11.205000
v 13.344000 1.003000 11.205000
v 3.663000 1.003000 11.705000
v 13.366000 1.003000 11.705000
v 3.545000 1.003000 12.205000
v 13.528000 1.003000 12.205000
v 3.586000 1.003000 12.705000
v 13.898000 1.003000 12.705000
v 3.743000 1.003000 13.205000
v 14.236000 1.003000 13.205000
v 3.967000 1.003000 13.705000
v 14.337000 1.003000 13.705000
v 4.099000 1.003000 14.205000
v 14.391000 1.003000 14.205000
v 4.433000 1.003000 14.705000
v 14.407000 1.003000 14.705000
v 4.517000 1.003000 15.205000
v 14.336000 1.003000 15.205000
v 4.441000 1.003000 15.705000
v 14.200000 1.003000 15.705000
v 4.492000 1.003000 16.205000
v 6.619000 1.003000 16.205000
v 8.307000 1.003000 16.205000
v 13.909000 1.003000 16.205000
v 4.643000 1.003000 16.705000
v 6.209000 1.003000 16.705000
v 8.772000 1.003000 16.705000
v 13.765000 1.003000 16.705000
v 9.163000 1.003000 17.205000
v 13.664000 1.003000 17.205000
v 9.954000 1.003000 17.705000
v 13.304000 1.003000 17.705000
v 4.946000 5.003000 9.705000
v 7.709000 5.003000 9.705000
v 3.870000 5.003000 10.205000
v 8.354000 5.003000 10.205000
v 2.559000 5.003000 10.705000
v 8.702000 5.003000 10.705000
v 1.072000 5.003000 11.205000
v 8.860000 5.003000 11.205000
v 0.729000 5.003000 11.705000
v 8.933000 5.003000 11.705000
v 0.646000 5.003000 12.205000
v 9.156000 5.003000 12.205000
v 0.764000 5.003000 12.705000
v 11.495000 5.003000 12.705000
v 1.146000 5.003000 13.205000
v 12.162000 5.003000 13.205000
v 1.459000 5.003000 13.705000
v 12.670000 5.003000 13.705000
v 1.620000 5.003000 14.205000
v 12.894000 5.003000 14.205000
v 1.890000 5.003000 14.705000
v 13.086000 5.003000 14.705000
v 2.037000 5.003000 15.205000
v 13.336000 5.003000 15.205000
v 2.032000 5.003000 15.705000
v 13.482000 5.003000 15.705000
v 2.117000 5.003000 16.205000
v 13.468000 5.003000 16.205000
v 2.433000 5.003000 16.705000
v 5.410000 5.003000 16.705000
v 9.857000 5.003000 16.705000
v 13.345000 5.003000 16.705000
v 4.195000 9.003000 9.205000
v 5.776000 9.003000 9.205000
v 3.804000 9.003000 9.705000
v 6.167000 9.003000 9.705000
v 3.694000 9.003000 10.205000
v 6.277000 9.003000 10.205000
v 3.786000 9.003000 10.705000
v 6.295000 9.003000 10.705000
v 4.133000 9.003000 11.205000
v 6.474000 9.003000 11.205000
v 4.452000 9.003000 11.705000
v 6.906000 9.003000 11.705000
v 4.550000 9.003000 12.205000
v 7.515000 9.003000 12.205000
v 4.529000 9.003000 12.705000
v 7.914000 9.003000 12.705000
v 4.457000 9.003000 13.205000
v 8.228000 9.003000 13.205000
v 4.254000 9.003000 13.705000
v 9.051000 9.003000 13.705000
v 4.125000 9.003000 14.205000
v 10.812000 9.003000 14.205000
v 3.916000 9.003000 14.705000
v 11.316000 9.003000 14.705000
v 3.504000 9.003000 15.205000
v 11.638000 9.003000 15.205000
v 3.123000 9.003000 15.705000
v 13.735000 9.003000 15.705000
v 2.564000 9.003000 16.205000
v 14.403000 9.003000 16.205000
v 2.214000 9.003000 16.705000
v 14.668000 9.003000 16.705000
v 2.123000 9.003000 17.205000
v 6.393000 9.003000 17.205000
v 9.460000 9.003000 17.205000
v 14.777000 9.003000 17.205000
v 2.231000 9.003000 17.705000
v 5.194000 9.003000 17.705000
v 10.101000 9.003000 17.705000
v 14.687000 9.003000 17.705000
v 2.613000 9.003000 18.205000
v 4.258000 9.003000 18.205000
v 10.550000 9.003000 18.205000
v 14.372000 9.003000 18.205000
v 11.360000 9.003000 18.705000
v 13.899000 9.003000 18.705000
v 9.467000 -2.997000 13.307000
v 9.467000 -2.997000 15.028000
v 9.967000 -2.997000 13.152000
v 9.967000 -2.997000 15.183000
v 10.467000 -2.997000 13.143000
v 10.467000 -2.997000 15.193000
v 10.967000 -2.997000 13.245000
v 10.967000 -2.997000 15.088000
v 11.467000 -2.997000 13.791000
v 11.467000 -2.997000 14.544000
v 3.967000 1.003000 11.379000
v 3.967000 1.003000 13.703000
v 4.467000 1.003000 10.743000
v 4.467000 1.003000 14.791000
v 4.467000 1.003000 15.483000
v 4.467000 1.003000 15.939000
v 4.967000 1.003000 9.885000
v 4.967000 1.003000 17.009000
v 5.467000 1.003000 9.741000
v 5.467000 1.003000 17.128000
v 5.967000 1.003000 9.880000
v 5.967000 1.003000 16.957000
v 6.467000 1.003000 10.626000
v 6.467000 1.003000 16.329000
v 6.967000 1.003000 11.118000
v 6.967000 1.003000 16.035000
v 7.467000 1.003000 11.170000
v 7.467000 1.003000 15.927000
v 7.967000 1.003000 11.067000
v 7.967000 1.003000 16.022000
v 8.467000 1.003000 10.598000
v 8.467000 1.003000 16.325000
v 8.967000 1.003000 9.845000
v 8.967000 1.003000 17.007000
v 9.467000 1.003000 9.549000
v 9.467000 1.003000 17.391000
v 9.967000 1.003000 9.290000
v 9.967000 1.003000 17.715000
v 10.467000 1.003000 8.976000
v 10.467000 1.003000 18.025000
v 10.967000 1.003000 8.880000
v 10.967000 1.003000 18.109000
v 11.467000 1.003000 8.906000
v 11.467000 1.003000 18.081000
v 11.967000 1.003000 8.996000
v 11.967000 1.003000 18.099000
v 12.467000 1.003000 9.310000
v 12.467000 1.003000 18.037000
v 12.967000 1.003000 9.814000
v 12.967000 1.003000 17.913000
v 13.467000 1.003000 12.074000
v 13.467000 1.003000 17.538000
v 13.967000 1.003000 12.775000
v 13.967000 1.003000 16.097000
v 0.967000 5.003000 11.311000
v 0.967000 5.003000 13.016000
v 1.467000 5.003000 10.961000
v 1.467000 5.003000 13.725000
v 1.967000 5.003000 10.854000
v 1.967000 5.003000 14.892000
v 2.467000 5.003000 10.734000
v 2.467000 5.003000 16.738000
v 2.967000 5.003000 10.544000
v 2.967000 5.003000 17.044000
v 3.467000 5.003000 10.399000
v 3.467000 5.003000 17.123000
v 3.967000 5.003000 10.135000
v 3.967000 5.003000 17.086000
v 4.467000 5.003000 9.855000
v 4.467000 5.003000 17.024000
v 4.967000 5.003000 9.700000
v 4.967000 5.003000 16.901000
v 5.467000 5.003000 9.517000
v 5.467000 5.003000 16.688000
v 5.967000 5.003000 9.429000
v 5.967000 5.003000 16.617000
v 6.467000 5.003000 9.534000
v 6.467000 5.003000 16.543000
v 6.967000 5.003000 9.672000
v 6.967000 5.003000 16.471000
v 7.467000 5.003000 9.677000
v 7.467000 5.003000 16.493000
v 7.967000 5.003000 9.806000
v 7.967000 5.003000 16.574000
v 8.467000 5.003000 10.412000
v 8.467000 5.003000 16.594000
v 8.967000 5.003000 11.805000
v 8.967000 5.003000 16.586000
v 9.467000 5.003000 12.525000
v 9.467000 5.003000 16.635000
v 9.967000 5.003000 12.701000
v 9.967000 5.003000 16.743000
v 10.467000 5.003000 12.702000
v 10.467000 5.003000 16.983000
v 10.967000 5.003000 12.595000
v 10.967000 5.003000 17.087000
v 11.467000 5.003000 12.691000
v 11.467000 5.003000 17.133000
v 11.967000 5.003000 13.044000
v 11.967000 5.003000 17.167000
v 12.467000 5.003000 13.430000
v 12.467000 5.003000 17.189000
v 12.967000 5.003000 14.405000
v 12.967000 5.003000 17.095000
v 13.467000 5.003000 15.605000
v 13.467000 5.003000 16.219000
v 2.467000 9.003000 16.300000
v 2.467000 9.003000 18.068000
v 2.967000 9.003000 15.877000
v 2.967000 9.003000 18.407000
v 3.467000 9.003000 15.242000
v 3.467000 9.003000 18.491000
v 3.967000 9.003000 9.432000
v 3.967000 9.003000 11.020000
v 3.967000 9.003000 14.611000
v 3.967000 9.003000 18.377000
v 4.467000 9.003000 9.043000
v 4.467000 9.003000 11.744000
v 4.467000 9.003000 13.168000
v 4.467000 9.003000 18.039000
v 4.967000 9.003000 8.935000
v 4.967000 9.003000 17.762000
v 5.467000 9.003000 9.028000
v 5.467000 9.003000 17.604000
v 5.967000 9.003000 9.387000
v 5.967000 9.003000 17.382000
v 6.467000 9.003000 11.192000
v 6.467000 9.003000 17.187000
v 6.967000 9.003000 11.753000
v 6.967000 9.003000 17.110000
v 7.467000 9.003000 12.157000
v 7.467000 9.003000 17.126000
v 7.967000 9.003000 12.793000
v 7.967000 9.003000 17.099000
v 8.467000 9.003000 13.438000
v 8.467000 9.003000 17.137000
v 8.967000 9.003000 13.677000
v 8.967000 9.003000 17.109000
v 9.467000 9.003000 13.833000
v 9.467000 9.003000 17.207000
v 9.967000 9.003000 13.901000
v 9.967000 9.003000 17.561000
v 10.467000 9.003000 14.012000
v 10.467000 9.003000 18.109000
v 10.967000 9.003000 14.317000
v 10.967000 9.003000 18.581000
v 11.467000 9.003000 14.973000
v 11.467000 9.003000 18.735000
v 11.967000 9.003000 15.491000
v 11.967000 9.003000 18.939000
v 12.467000 9.003000 15.653000
v 12.467000 9.003000 19.064000
v 12.967000 9.003000 15.684000
v 12.967000 9.003000 19.096000
v 13.467000 9.003000 15.667000
v 13.467000 9.003000 18.989000
v 13.967000 9.003000 15.788000
v 13.967000 9.003000 18.633000
v 14.467000 9.003000 16.312000
v 14.467000 9.003000 18.082000
v 3.467000 5.691000 10.205000
v 3.467000 6.149000 10.205000
v 3.967000 2.256000 10.205000
v 3.967000 4.380000 10.205000
v 3.967000 4.658000 10.205000
v 3.967000 9.422000 10.205000
v 4.467000 1.184000 10.205000
v 4.467000 9.762000 10.205000
v 4.967000 0.816000 10.205000
v 4.967000 9.862000 10.205000
v 5.467000 0.716000 10.205000
v 5.467000 9.776000 10.205000
v 5.967000 0.813000 10.205000
v 5.967000 6.139000 10.205000
v 5.967000 7.307000 10.205000
v 5.967000 9.461000 10.205000
v 6.467000 1.164000 10.205000
v 6.467000 5.722000 10.205000
v 6.967000 1.543000 10.205000
v 6.967000 5.437000 10.205000
v 7.467000 1.646000 10.205000
v 7.467000 5.339000 10.205000
v 7.967000 1.527000 10.205000
v 7.967000 5.241000 10.205000
v 8.467000 1.174000 10.205000
v 8.467000 4.890000 10.205000
v 8.967000 0.658000 10.205000
v 8.967000 4.500000 10.205000
v 9.467000 -0.180000 10.205000
v 9.467000 4.375000 10.205000
v 9.967000 -1.371000 10.205000
v 9.967000 4.386000 10.205000
v 10.467000 -1.877000 10.205000
v 10.467000 4.514000 10.205000
v 10.967000 -2.007000 10.205000
v 10.967000 4.770000 10.205000
v 11.467000 -2.047000 10.205000
v 11.467000 4.866000 10.205000
v 11.967000 -2.326000 10.205000
v 11.967000 4.776000 10.205000
v 12.467000 -2.456000 10.205000
v 12.467000 4.453000 10.205000
v 12.967000 -2.315000 10.205000
v 12.967000 3.847000 10.205000
v 1.967000 4.086000 14.205000
v 1.967000 5.890000 14.205000
v 2.467000 3.410000 14.205000
v 2.467000 6.231000 14.205000
v 2.967000 2.872000 14.205000
v 2.967000 6.465000 14.205000
v 3.467000 1.989000 14.205000
v 3.467000 6.711000 14.205000
v 3.967000 1.134000 14.205000
v 3.967000 7.079000 14.205000
v 4.467000 0.776000 14.205000
v 4.467000 11.332000 14.205000
v 4.967000 0.560000 14.205000
v 4.967000 11.694000 14.205000
v 5.467000 0.339000 14.205000
v 5.467000 11.839000 14.205000
v 5.967000 0.160000 14.205000
v 5.967000 11.930000 14.205000
v 6.467000 0.082000 14.205000
v 6.467000 11.873000 14.205000
v 6.967000 0.107000 14.205000
v 6.967000 11.848000 14.205000
v 7.467000 0.051000 14.205000
v 7.467000 11.804000 14.205000
v 7.967000 -0.137000 14.205000
v 7.967000 11.686000 14.205000
v 8.467000 -0.814000 14.205000
v 8.467000 11.289000 14.205000
v 8.967000 -2.971000 14.205000
v 8.967000 10.450000 14.205000
v 9.467000 -3.326000 14.205000
v 9.467000 9.768000 14.205000
v 9.967000 -3.433000 14.205000
v 9.967000 9.493000 14.205000
v 10.467000 -3.444000 14.205000
v 10.467000 9.308000 14.205000
v 10.967000 -3.369000 14.205000
v 10.967000 8.880000 14.205000
v 11.467000 -3.068000 14.205000
v 11.467000 8.390000 14.205000
v 11.967000 -2.484000 14.205000
v 11.967000 7.868000 14.205000
v 12.467000 -1.981000 14.205000
v 12.467000 7.279000 14.205000
v 12.967000 -1.476000 14.205000
v 12.967000 4.708000 14.205000
v 13.467000 -0.929000 14.205000
v 13.467000 4.010000 14.205000
v 13.967000 -0.032000 14.205000
v 13.967000 3.404000 14.205000
v 2.967000 8.663000 18.205000
v 2.967000 10.392000 18.205000
v 3.467000 8.544000 18.205000
v 3.467000 11.037000 18.205000
v 3.967000 8.707000 18.205000
v 3.967000 12.340000 18.205000
v 4.467000 9.192000 18.205000
v 4.467000 12.731000 18.205000
v 4.967000 9.456000 18.205000
v 4.967000 12.841000 18.205000
v 5.467000 9.606000 18.205000
v 5.467000 12.789000 18.205000
v 5.967000 10.121000 18.205000
v 5.967000 12.707000 18.205000
v 6.467000 10.581000 18.205000
v 6.467000 12.377000 18.205000
v 10.467000 9.090000 18.205000
v 10.467000 10.860000 18.205000
v 10.967000 8.703000 18.205000
v 10.967000 11.200000 18.205000
v 11.467000 8.485000 18.205000
v 11.467000 11.286000 18.205000
v 11.967000 8.015000 18.205000
v 11.967000 11.329000 18.205000
v 12.467000 7.287000 18.205000
v 12.467000 11.314000 18.205000
v 12.967000 6.153000 18.205000
v 12.967000 11.236000 18.205000
v 13.467000 6.006000 18.205000
v 13.467000 10.912000 18.205000
v 13.967000 6.134000 18.205000
v 13.967000 10.397000 18.205000
v 14.467000 7.269000 18.205000
v 14.467000 7.765000 18.205000
v 14.467000 8.413000 18.205000
v 14.467000 8.598000 18.205000
v 11.626000 -2.497000 10.705000
v 13.269000 -2.497000 10.705000
v 11.407000 -2.497000 11.205000
v 13.406000 -2.497000 11.205000
v 11.485000 -2.497000 11.705000
v 13.259000 -2.497000 11.705000
v 11.582000 -2.497000 12.205000
v 12.734000 -2.497000 12.205000
v 9.513000 -2.497000 12.705000
v 11.925000 -2.497000 12.705000
v 9.065000 -2.497000 13.205000
v 12.091000 -2.497000 13.205000
v 8.770000 -2.497000 13.705000
v 12.044000 -2.497000 13.705000
v 8.687000 -2.497000 14.205000
v 11.954000 -2.497000 14.205000
v 8.800000 -2.497000 14.705000
v 11.956000 -2.497000 14.705000
v 9.188000 -2.497000 15.205000
v 11.790000 -2.497000 15.205000
v 5.350000 1.503000 9.205000
v 5.579000 1.503000 9.205000
v 9.556000 1.503000 9.205000
v 12.814000 1.503000 9.205000
v 4.574000 1.503000 9.705000
v 6.361000 1.503000 9.705000
v 8.602000 1.503000 9.705000
v 13.172000 1.503000 9.705000
v 4.270000 1.503000 10.205000
v 6.886000 1.503000 10.205000
v 8.016000 1.503000 10.205000
v 13.302000 1.503000 10.205000
v 4.036000 1.503000 10.705000
v 13.364000 1.503000 10.705000
v 3.583000 1.503000 11.205000
v 13.395000 1.503000 11.205000
v 3.084000 1.503000 11.705000
v 13.430000 1.503000 11.705000
v 2.952000 1.503000 12.205000
v 13.604000 1.503000 12.205000
v 3.041000 1.503000 12.705000
v 14.017000 1.503000 12.705000
v 3.170000 1.503000 13.205000
v 14.301000 1.503000 13.205000
v 3.527000 1.503000 13.705000
v 14.387000 1.503000 13.705000
v 3.742000 1.503000 14.205000
v 14.364000 1.503000 14.205000
v 4.000000 1.503000 14.705000
v 14.385000 1.503000 14.705000
v 4.132000 1.503000 15.205000
v 14.405000 1.503000 15.205000
v 4.065000 1.503000 15.705000
v 14.312000 1.503000 15.705000
v 3.968000 1.503000 16.205000
v 14.032000 1.503000 16.205000
v 4.113000 1.503000 16.705000
v 6.779000 1.503000 16.705000
v 8.501000 1.503000 16.705000
v 13.869000 1.503000 16.705000
v 4.620000 1.503000 17.205000
v 6.230000 1.503000 17.205000
v 9.026000 1.503000 17.205000
v 13.771000 1.503000 17.205000
v 10.014000 1.503000 17.705000
v 13.450000 1.503000 17.705000
v 3.531000 5.503000 10.205000
v 6.817000 5.503000 10.205000
v 2.564000 5.503000 10.705000
v 7.454000 5.503000 10.705000
v 1.780000 5.503000 11.205000
v 7.896000 5.503000 11.205000
v 1.124000 5.503000 11.705000
v 8.325000 5.503000 11.705000
v 1.004000 5.503000 12.205000
v 8.645000 5.503000 12.205000
v 1.177000 5.503000 12.705000
v 9.280000 5.503000 12.705000
v 1.494000 5.503000 13.205000
v 11.772000 5.503000 13.205000
v 1.614000 5.503000 13.705000
v 12.478000 5.503000 13.705000
v 1.720000 5.503000 14.205000
v 12.858000 5.503000 14.205000
v 2.001000 5.503000 14.705000
v 13.149000 5.503000 14.705000
v 2.135000 5.503000 15.205000
v 13.446000 5.503000 15.205000
v 2.115000 5.503000 15.705000
v 13.807000 5.503000 15.705000
v 2.205000 5.503000 16.205000
v 13.941000 5.503000 16.205000
v 2.553000 5.503000 16.705000
v 5.059000 5.503000 16.705000
v 9.811000 5.503000 16.705000
v 13.970000 5.503000 16.705000
v 11.473000 5.503000 17.205000
v 13.839000 5.503000 17.205000
v 12.771000 5.503000 17.705000
v 13.124000 5.503000 17.705000
v 4.207000 9.503000 9.705000
v 5.764000 9.503000 9.705000
v 4.049000 9.503000 10.205000
v 5.922000 9.503000 10.205000
v 4.180000 9.503000 10.705000
v 5.951000 9.503000 10.705000
v 4.604000 9.503000 11.205000
v 6.175000 9.503000 11.205000
v 4.758000 9.503000 11.705000
v 6.900000 9.503000 11.705000
v 4.712000 9.503000 12.205000
v 7.897000 9.503000 12.205000
v 4.612000 9.503000 12.705000
v 8.391000 9.503000 12.705000
v 4.437000 9.503000 13.205000
v 8.697000 9.503000 13.205000
v 4.160000 9.503000 13.705000
v 9.108000 9.503000 13.705000
v 4.055000 9.503000 14.205000
v 9.942000 9.503000 14.205000
v 3.901000 9.503000 14.705000
v 10.767000 9.503000 14.705000
v 3.508000 9.503000 15.205000
v 11.060000 9.503000 15.205000
v 3.064000 9.503000 15.705000
v 11.883000 9.503000 15.705000
v 2.431000 9.503000 16.205000
v 13.896000 9.503000 16.205000
v 2.116000 9.503000 16.705000
v 14.304000 9.503000 16.705000
v 2.031000 9.503000 17.205000
v 7.013000 9.503000 17.205000
v 9.471000 9.503000 17.205000
v 14.466000 9.503000 17.205000
v 2.132000 9.503000 17.705000
v 5.942000 9.503000 17.705000
v 9.974000 9.503000 17.705000
v 14.447000 9.503000 17.705000
v 2.473000 9.503000 18.205000
v 5.204000 9.503000 18.205000
v 10.218000 9.503000 18.205000
v 14.302000 9.503000 18.205000
v 10.588000 9.503000 18.705000
v 13.997000 9.503000 18.705000
v 8.967000 -2.497000 13.339000
v 8.967000 -2.497000 14.982000
v 9.467000 -2.497000 12.749000
v 9.467000 -2.497000 15.373000
v 9.967000 -2.497000 12.466000
v 9.967000 -2.497000 15.488000
v 10.467000 -2.497000 12.507000
v 10.467000 -2.497000 15.536000
v 10.967000 -2.497000 12.448000
v 10.967000 -2.497000 15.625000
v 11.467000 -2.497000 10.944000
v 11.467000 -2.497000 11.682000
v 11.467000 -2.497000 12.356000
v 11.467000 -2.497000 15.501000
v 11.967000 -2.497000 10.384000
v 11.967000 -2.497000 12.497000
v 11.967000 -2.497000 12.863000
v 11.967000 -2.497000 14.073000
v 12.467000 -2.497000 10.247000
v 12.467000 -2.497000 12.306000
v 12.967000 -2.497000 10.396000
v 12.967000 -2.497000 12.021000
v 2.967000 1.503000 12.022000
v 2.967000 1.503000 12.364000
v 3.467000 1.503000 11.303000
v 3.467000 1.503000 13.605000
v 3.967000 1.503000 10.808000
v 3.967000 1.503000 14.636000
v 4.467000 1.503000 9.856000
v 4.467000 1.503000 17.086000
v 4.967000 1.503000 9.330000
v 4.967000 1.503000 17.401000
v 5.467000 1.503000 9.198000
v 5.467000 1.503000 17.485000
v 5.967000 1.503000 9.333000
v 5.967000 1.503000 17.367000
v 6.467000 1.503000 9.817000
v 6.467000 1.503000 16.975000
v 6.967000 1.503000 10.281000
v 6.967000 1.503000 16.582000
v 7.467000 1.503000 10.503000
v 7.467000 1.503000 16.356000
v 7.967000 1.503000 10.249000
v 7.967000 1.503000 16.355000
v 8.467000 1.503000 9.809000
v 8.467000 1.503000 16.675000
v 8.967000 1.503000 9.475000
v 8.967000 1.503000 17.146000
v 9.467000 1.503000 9.263000
v 9.467000 1.503000 17.488000
v 9.967000 1.503000 8.967000
v 9.967000 1.503000 17.679000
v 10.467000 1.503000 8.847000
v 10.467000 1.503000 17.937000
v 10.967000 1.503000 8.774000
v 10.967000 1.503000 18.027000
v 11.467000 1.503000 8.811000
v 11.467000 1.503000 17.994000
v 11.967000 1.503000 8.866000
v 11.967000 1.503000 18.043000
v 12.467000 1.503000 8.988000
v 12.467000 1.503000 18.116000
v 12.967000 1.503000 9.361000
v 12.967000 1.503000 18.020000
v 13.467000 1.503000 11.884000
v 13.467000 1.503000 17.687000
v 13.967000 1.503000 12.644000
v 13.967000 1.503000 16.346000
v 1.467000 5.503000 11.358000
v 1.467000 5.503000 13.140000
v 1.967000 5.503000 11.101000
v 1.967000 5.503000 14.638000
v 2.467000 5.503000 10.775000
v 2.467000 5.503000 16.620000
v 2.967000 5.503000 10.459000
v 2.967000 5.503000 16.956000
v 3.467000 5.503000 10.241000
v 3.467000 5.503000 17.043000
v 3.967000 5.503000 9.954000
v 3.967000 5.503000 17.067000
v 4.467000 5.503000 9.834000
v 4.467000 5.503000 16.984000
v 4.967000 5.503000 9.755000
v 4.967000 5.503000 16.740000
v 5.467000 5.503000 9.731000
v 5.467000 5.503000 16.618000
v 5.967000 5.503000 9.729000
v 5.967000 5.503000 16.580000
v 6.467000 5.503000 9.901000
v 6.467000 5.503000 16.487000
v 6.967000 5.503000 10.308000
v 6.967000 5.503000 16.345000
v 7.467000 5.503000 10.716000
v 7.467000 5.503000 16.365000
v 7.967000 5.503000 11.274000
v 7.967000 5.503000 16.512000
v 8.467000 5.503000 11.966000
v 8.467000 5.503000 16.599000
v 8.967000 5.503000 12.460000
v 8.967000 5.503000 16.630000
v 9.467000 5.503000 12.815000
v 9.467000 5.503000 16.632000
v 9.967000 5.503000 12.976000
v 9.967000 5.503000 16.765000
v 10.467000 5.503000 12.970000
v 10.467000 5.503000 17.040000
v 10.967000 5.503000 12.893000
v 10.967000 5.503000 17.152000
v 11.467000 5.503000 13.015000
v 11.467000 5.503000 17.203000
v 11.967000 5.503000 13.337000
v 11.967000 5.503000 17.379000
v 12.467000 5.503000 13.693000
v 12.467000 5.503000 17.602000
v 12.967000 5.503000 14.359000
v 12.967000 5.503000 17.720000
v 13.467000 5.503000 15.228000
v 13.467000 5.503000 17.580000
v 13.967000 5.503000 16.618000
v 13.967000 5.503000 16.776000
v 2.467000 9.503000 16.169000
v 2.467000 9.503000 18.199000
v 2.967000 9.503000 15.796000
v 2.967000 9.503000 18.505000
v 3.467000 9.503000 15.248000
v 3.467000 9.503000 18.583000
v 3.967000 9.503000 14.554000
v 3.967000 9.503000 18.529000
v 4.467000 9.503000 9.446000
v 4.467000 9.503000 11.030000
v 4.467000 9.503000 13.145000
v 4.467000 9.503000 18.405000
v 4.967000 9.503000 9.289000
v 4.967000 9.503000 18.246000
v 5.467000 9.503000 9.422000
v 5.467000 9.503000 18.104000
v 5.967000 9.503000 10.822000
v 5.967000 9.503000 17.686000
v 6.467000 9.503000 11.454000
v 6.467000 9.503000 17.430000
v 6.967000 9.503000 11.737000
v 6.967000 9.503000 17.221000
v 7.467000 9.503000 11.951000
v 7.467000 9.503000 17.120000
v 7.967000 9.503000 12.258000
v 7.967000 9.503000 17.121000
v 8.467000 9.503000 12.826000
v 8.467000 9.503000 17.079000
v 8.967000 9.503000 13.560000
v 8.967000 9.503000 17.076000
v 9.467000 9.503000 13.979000
v 9.467000 9.503000 17.203000
v 9.967000 9.503000 14.214000
v 9.967000 9.503000 17.693000
v 10.467000 9.503000 14.409000
v 10.467000 9.503000 18.590000
v 10.967000 9.503000 15.075000
v 10.967000 9.503000 18.926000
v 11.467000 9.503000 15.557000
v 11.467000 9.503000 19.010000
v 11.967000 9.503000 15.724000
v 11.967000 9.503000 19.059000
v 12.467000 9.503000 15.792000
v 12.467000 9.503000 19.146000
v 12.967000 9.503000 15.852000
v 12.967000 9.503000 19.146000
v 13.467000 9.503000 15.946000
v 13.467000 9.503000 19.057000
v 13.967000 9.503000 16.275000
v 13.967000 9.503000 18.735000
v 2.967000 4.581000 10.705000
v 2.967000 6.243000 10.705000
v 3.467000 2.427000 10.705000
v 3.467000 6.882000 10.705000
v 3.967000 1.579000 10.705000
v 3.967000 9.295000 10.705000
v 4.467000 1.015000 10.705000
v 4.467000 9.671000 10.705000
v 4.967000 0.721000 10.705000
v 4.967000 9.787000 10.705000
v 5.467000 0.627000 10.705000
v 5.467000 9.750000 10.705000
v 5.967000 0.717000 10.705000
v 5.967000 9.489000 10.705000
v 6.467000 0.981000 10.705000
v 6.467000 6.017000 10.705000
v 6.967000 1.286000 10.705000
v 6.967000 5.732000 10.705000
v 7.467000 1.402000 10.705000
v 7.467000 5.498000 10.705000
v 7.967000 1.295000 10.705000
v 7.967000 5.333000 10.705000
v 8.467000 0.936000 10.705000
v 8.467000 5.143000 10.705000
v 8.967000 -0.669000 10.705000
v 8.967000 4.804000 10.705000
v 9.467000 -1.424000 10.705000
v 9.467000 4.558000 10.705000
v 9.967000 -1.859000 10.705000
v 9.967000 4.449000 10.705000
v 10.467000 -2.214000 10.705000
v 10.467000 4.539000 10.705000
v 10.967000 -2.313000 10.705000
v 10.967000 4.764000 10.705000
v 11.467000 -2.422000 10.705000
v 11.467000 4.867000 10.705000
v 11.967000 -2.684000 10.705000
v 11.967000 4.785000 10.705000
v 12.467000 -2.779000 10.705000
v 12.467000 4.474000 10.705000
v 12.967000 -2.676000 10.705000
v 12.967000 4.001000 10.705000
v 13.467000 -2.304000 10.705000
v 13.467000 -0.217000 10.705000
v 1.967000 4.592000 14.705000
v 1.967000 5.423000 14.705000
v 2.467000 3.576000 14.705000
v 2.467000 6.032000 14.705000
v 2.967000 3.100000 14.705000
v 2.967000 6.481000 14.705000
v 3.467000 2.209000 14.705000
v 3.467000 6.934000 14.705000
v 3.967000 1.560000 14.705000
v 3.967000 8.075000 14.705000
v 3.967000 8.690000 14.705000
v 3.967000 10.618000 14.705000
v 4.467000 0.979000 14.705000
v 4.467000 11.517000 14.705000
v 4.967000 0.563000 14.705000
v 4.967000 11.814000 14.705000
v 5.467000 0.229000 14.705000
v 5.467000 11.882000 14.705000
v 5.967000 0.130000 14.705000
v 5.967000 11.908000 14.705000
v 6.467000 0.138000 14.705000
v 6.467000 11.828000 14.705000
v 6.967000 0.177000 14.705000
v 6.967000 11.662000 14.705000
v 7.467000 0.128000 14.705000
v 7.467000 11.539000 14.705000
v 7.967000 -0.096000 14.705000
v 7.967000 11.385000 14.705000
v 8.467000 -0.656000 14.705000
v 8.467000 10.979000 14.705000
v 8.967000 -2.802000 14.705000
v 8.967000 10.542000 14.705000
v 9.467000 -3.209000 14.705000
v 9.467000 10.043000 14.705000
v 9.967000 -3.327000 14.705000
v 9.967000 9.801000 14.705000
v 10.467000 -3.337000 14.705000
v 10.467000 9.673000 14.705000
v 10.967000 -3.256000 14.705000
v 10.967000 9.315000 14.705000
v 11.467000 -2.921000 14.705000
v 11.467000 8.847000 14.705000
v 11.967000 -2.487000 14.705000
v 11.967000 8.360000 14.705000
v 12.467000 -1.670000 14.705000
v 12.467000 7.632000 14.705000
v 12.967000 -1.038000 14.705000
v 12.967000 6.995000 14.705000
v 13.467000 -0.528000 14.705000
v 13.467000 4.096000 14.705000
v 13.967000 -0.046000 14.705000
v 13.967000 3.256000 14.705000
v 4.467000 10.607000 18.705000
v 4.467000 12.339000 18.705000
v 4.967000 10.524000 18.705000
v 4.967000 12.496000 18.705000
v 5.467000 10.475000 18.705000
v 5.467000 12.459000 18.705000
v 5.967000 10.608000 18.705000
v 5.967000 12.350000 18.705000
v 6.467000 11.240000 18.705000
v 6.467000 11.718000 18.705000
v 10.467000 9.877000 18.705000
v 10.467000 10.087000 18.705000
v 10.967000 9.130000 18.705000
v 10.967000 10.833000 18.705000
v 11.467000 8.965000 18.705000
v 11.467000 10.951000 18.705000
v 11.967000 8.610000 18.705000
v 11.967000 10.999000 18.705000
v 12.467000 8.107000 18.705000
v 12.467000 11.016000 18.705000
v 12.967000 7.933000 18.705000
v 12.967000 10.912000 18.705000
v 13.467000 8.034000 18.705000
v 13.467000 10.448000 18.705000
v 13.967000 9.276000 18.705000
v 13.967000 9.765000 18.705000
v 10.825000 -1.997000 10.205000
v 13.292000 -1.997000 10.205000
v 10.109000 -1.997000 10.705000
v 13.656000 -1.997000 10.705000
v 9.720000 -1.997000 11.205000
v 13.753000 -1.997000 11.205000
v 9.113000 -1.997000 11.705000
v 13.650000 -1.997000 11.705000
v 8.976000 -1.997000 12.205000
v 13.497000 -1.997000 12.205000
v 8.920000 -1.997000 12.705000
v 13.449000 -1.997000 12.705000
v 8.742000 -1.997000 13.205000
v 13.292000 -1.997000 13.205000
v 8.641000 -1.997000 13.705000
v 12.802000 -1.997000 13.705000
v 8.608000 -1.997000 14.205000
v 12.452000 -1.997000 14.205000
v 8.712000 -1.997000 14.705000
v 12.304000 -1.997000 14.705000
v 9.055000 -1.997000 15.205000
v 12.178000 -1.997000 15.205000
v 10.173000 -1.997000 15.705000
v 11.790000 -1.997000 15.705000
v 4.606000 2.003000 9.205000
v 6.323000 2.003000 9.205000
v 9.363000 2.003000 9.205000
v 12.940000 2.003000 9.205000
v 4.245000 2.003000 9.705000
v 13.264000 2.003000 9.705000
v 4.056000 2.003000 10.205000
v 13.354000 2.003000 10.205000
v 3.621000 2.003000 10.705000
v 13.389000 2.003000 10.705000
v 3.071000 2.003000 11.205000
v 13.382000 2.003000 11.205000
v 2.666000 2.003000 11.705000
v 13.519000 2.003000 11.705000
v 2.520000 2.003000 12.205000
v 13.853000 2.003000 12.205000
v 2.623000 2.003000 12.705000
v 14.184000 2.003000 12.705000
v 2.801000 2.003000 13.205000
v 14.315000 2.003000 13.205000
v 3.140000 2.003000 13.705000
v 14.392000 2.003000 13.705000
v 3.456000 2.003000 14.205000
v 14.380000 2.003000 14.205000
v 3.663000 2.003000 14.705000
v 14.323000 2.003000 14.705000
v 3.785000 2.003000 15.205000
v 14.324000 2.003000 15.205000
v 3.738000 2.003000 15.705000
v 14.225000 2.003000 15.705000
v 3.663000 2.003000 16.205000
v 13.937000 2.003000 16.205000
v 3.771000 2.003000 16.705000
v 13.783000 2.003000 16.705000
v 4.149000 2.003000 17.205000
v 6.432000 2.003000 17.205000
v 9.003000 2.003000 17.205000
v 13.679000 2.003000 17.205000
v 10.502000 2.003000 17.705000
v 13.325000 2.003000 17.705000
v 3.449000 6.003000 10.205000
v 6.089000 6.003000 10.205000
v 2.743000 6.003000 10.705000
v 6.485000 6.003000 10.705000
v 2.313000 6.003000 11.205000
v 6.894000 6.003000 11.205000
v 2.073000 6.003000 11.705000
v 7.449000 6.003000 11.705000
v 1.951000 6.003000 12.205000
v 8.008000 6.003000 12.205000
v 1.994000 6.003000 12.705000
v 8.988000 6.003000 12.705000
v 2.027000 6.003000 13.205000
v 11.312000 6.003000 13.205000
v 1.951000 6.003000 13.705000
v 12.422000 6.003000 13.705000
v 2.085000 6.003000 14.205000
v 12.893000 6.003000 14.205000
v 2.429000 6.003000 14.705000
v 13.264000 6.003000 14.705000
v 2.509000 6.003000 15.205000
v 13.751000 6.003000 15.205000
v 2.427000 6.003000 15.705000
v 14.152000 6.003000 15.705000
v 2.549000 6.003000 16.205000
v 14.273000 6.003000 16.205000
v 3.112000 6.003000 16.705000
v 4.871000 6.003000 16.705000
v 9.869000 6.003000 16.705000
v 14.375000 6.003000 16.705000
v 11.317000 6.003000 17.205000
v 14.487000 6.003000 17.205000
v 12.089000 6.003000 17.705000
v 14.350000 6.003000 17.705000
v 5.635000 10.003000 11.705000
v 6.422000 10.003000 11.705000
v 5.077000 10.003000 12.205000
v 8.364000 10.003000 12.205000
v 4.800000 10.003000 12.705000
v 8.728000 10.003000 12.705000
v 4.490000 10.003000 13.205000
v 8.894000 10.003000 13.205000
v 4.186000 10.003000 13.705000
v 9.034000 10.003000 13.705000
v 4.084000 10.003000 14.205000
v 9.258000 10.003000 14.205000
v 3.915000 10.003000 14.705000
v 9.525000 10.003000 14.705000
v 3.569000 10.003000 15.205000
v 9.850000 10.003000 15.205000
v 3.159000 10.003000 15.705000
v 10.213000 10.003000 15.705000
v 2.565000 10.003000 16.205000
v 13.324000 10.003000 16.205000
v 2.215000 10.003000 16.705000
v 13.891000 10.003000 16.705000
v 2.124000 10.003000 17.205000
v 7.147000 10.003000 17.205000
v 9.701000 10.003000 17.205000
v 14.175000 10.003000 17.205000
v 2.232000 10.003000 17.705000
v 6.369000 10.003000 17.705000
v 9.939000 10.003000 17.705000
v 14.290000 10.003000 17.705000
v 2.614000 10.003000 18.205000
v 5.866000 10.003000 18.205000
v 10.127000 10.003000 18.205000
v 14.208000 10.003000 18.205000
v 10.462000 10.003000 18.705000
v 13.876000 10.003000 18.705000
v 8.967000 -1.997000 12.481000
v 8.967000 -1.997000 15.114000
v 9.467000 -1.997000 11.352000
v 9.467000 -1.997000 15.470000
v 9.967000 -1.997000 10.957000
v 9.967000 -1.997000 15.620000
v 10.467000 -1.997000 10.332000
v 10.467000 -1.997000 15.852000
v 10.967000 -1.997000 10.195000
v 10.967000 -1.997000 15.963000
v 11.467000 -1.997000 10.165000
v 11.467000 -1.997000 15.879000
v 11.967000 -1.997000 9.997000
v 11.967000 -1.997000 15.540000
v 12.467000 -1.997000 9.900000
v 12.467000 -1.997000 14.173000
v 12.967000 -1.997000 10.005000
v 12.967000 -1.997000 13.534000
v 13.467000 -1.997000 10.384000
v 13.467000 -1.997000 12.407000
v 2.967000 2.003000 11.304000
v 2.967000 2.003000 13.504000
v 3.467000 2.003000 10.857000
v 3.467000 2.003000 14.228000
v 3.967000 2.003000 10.350000
v 3.967000 2.003000 17.024000
v 4.467000 2.003000 9.343000
v 4.467000 2.003000 17.397000
v 4.967000 2.003000 8.984000
v 4.967000 2.003000 17.529000
v 5.467000 2.003000 8.887000
v 5.467000 2.003000 17.594000
v 5.967000 2.003000 8.986000
v 5.967000 2.003000 17.485000
v 6.467000 2.003000 9.326000
v 6.467000 2.003000 17.184000
v 6.967000 2.003000 9.618000
v 6.967000 2.003000 16.958000
v 7.467000 2.003000 9.701000
v 7.467000 2.003000 16.758000
v 7.967000 2.003000 9.641000
v 7.967000 2.003000 16.734000
v 8.467000 2.003000 9.492000
v 8.467000 2.003000 16.893000
v 8.967000 2.003000 9.353000
v 8.967000 2.003000 17.177000
v 9.467000 2.003000 9.146000
v 9.467000 2.003000 17.509000
v 9.967000 2.003000 8.870000
v 9.967000 2.003000 17.630000
v 10.467000 2.003000 8.796000
v 10.467000 2.003000 17.698000
v 10.967000 2.003000 8.761000
v 10.967000 2.003000 17.746000
v 11.467000 2.003000 8.763000
v 11.467000 2.003000 17.765000
v 11.967000 2.003000 8.798000
v 11.967000 2.003000 17.935000
v 12.467000 2.003000 8.896000
v 12.467000 2.003000 18.030000
v 12.967000 2.003000 9.232000
v 12.967000 2.003000 17.928000
v 13.467000 2.003000 11.577000
v 13.467000 2.003000 17.559000
v 13.967000 2.003000 12.334000
v 13.967000 2.003000 16.148000
v 1.967000 6.003000 12.026000
v 1.967000 6.003000 12.333000
v 1.967000 6.003000 13.537000
v 1.967000 6.003000 13.886000
v 2.467000 6.003000 10.974000
v 2.467000 6.003000 14.807000
v 2.467000 6.003000 15.441000
v 2.467000 6.003000 16.004000
v 2.967000 6.003000 10.569000
v 2.967000 6.003000 16.638000
v 3.467000 6.003000 10.188000
v 3.467000 6.003000 16.854000
v 3.967000 6.003000 9.871000
v 3.967000 6.003000 16.965000
v 4.467000 6.003000 9.786000
v 4.467000 6.003000 16.878000
v 4.967000 6.003000 9.828000
v 4.967000 6.003000 16.669000
v 5.467000 6.003000 9.914000
v 5.467000 6.003000 16.579000
v 5.967000 6.003000 10.110000
v 5.967000 6.003000 16.575000
v 6.467000 6.003000 10.679000
v 6.467000 6.003000 16.481000
v 6.967000 6.003000 11.269000
v 6.967000 6.003000 16.370000
v 7.467000 6.003000 11.722000
v 7.467000 6.003000 16.391000
v 7.967000 6.003000 12.179000
v 7.967000 6.003000 16.554000
v 8.467000 6.003000 12.443000
v 8.467000 6.003000 16.639000
v 8.967000 6.003000 12.697000
v 8.967000 6.003000 16.631000
v 9.467000 6.003000 12.879000
v 9.467000 6.003000 16.615000
v 9.967000 6.003000 13.086000
v 9.967000 6.003000 16.744000
v 10.467000 6.003000 13.192000
v 10.467000 6.003000 16.994000
v 10.967000 6.003000 13.160000
v 10.967000 6.003000 17.117000
v 11.467000 6.003000 13.237000
v 11.467000 6.003000 17.263000
v 11.967000 6.003000 13.409000
v 11.967000 6.003000 17.597000
v 12.467000 6.003000 13.750000
v 12.467000 6.003000 17.931000
v 12.967000 6.003000 14.279000
v 12.967000 6.003000 18.090000
v 13.467000 6.003000 14.955000
v 13.467000 6.003000 18.202000
v 13.967000 6.003000 15.411000
v 13.967000 6.003000 18.078000
v 14.467000 6.003000 16.998000
v 14.467000 6.003000 17.398000
v 2.467000 10.003000 16.301000
v 2.467000 10.003000 18.067000
v 2.967000 10.003000 15.904000
v 2.967000 10.003000 18.406000
v 3.467000 10.003000 15.314000
v 3.467000 10.003000 18.552000
v 3.967000 10.003000 14.598000
v 3.967000 10.003000 18.626000
v 4.467000 10.003000 13.236000
v 4.467000 10.003000 18.553000
v 4.967000 10.003000 12.380000
v 4.967000 10.003000 18.538000
v 5.467000 10.003000 11.814000
v 5.467000 10.003000 18.444000
v 5.967000 10.003000 11.639000
v 5.967000 10.003000 18.104000
v 6.467000 10.003000 11.712000
v 6.467000 10.003000 17.641000
v 6.967000 10.003000 11.758000
v 6.967000 10.003000 17.293000
v 7.467000 10.003000 11.852000
v 7.467000 10.003000 17.107000
v 7.967000 10.003000 11.972000
v 7.967000 10.003000 17.056000
v 8.467000 10.003000 12.302000
v 8.467000 10.003000 16.985000
v 8.967000 10.003000 13.462000
v 8.967000 10.003000 16.919000
v 9.467000 10.003000 14.569000
v 9.467000 10.003000 16.977000
v 9.967000 10.003000 15.436000
v 9.967000 10.003000 17.776000
v 10.467000 10.003000 15.808000
v 10.467000 10.003000 18.710000
v 10.967000 10.003000 15.782000
v 10.967000 10.003000 19.016000
v 11.467000 10.003000 15.838000
v 11.467000 10.003000 19.094000
v 11.967000 10.003000 15.916000
v 11.967000 10.003000 19.101000
v 12.467000 10.003000 15.914000
v 12.467000 10.003000 19.152000
v 12.967000 10.003000 16.022000
v 12.967000 10.003000 19.093000
v 13.467000 10.003000 16.287000
v 13.467000 10.003000 18.966000
v 13.967000 10.003000 16.824000
v 13.967000 10.003000 18.610000
v 0.967000 4.132000 11.205000
v 0.967000 4.782000 11.205000
v 1.467000 3.550000 11.205000
v 1.467000 5.364000 11.205000
v 1.967000 3.146000 11.205000
v 1.967000 5.625000 11.205000
v 2.467000 2.617000 11.205000
v 2.467000 6.236000 11.205000
v 2.967000 2.176000 11.205000
v 2.967000 6.658000 11.205000
v 3.467000 1.606000 11.205000
v 3.467000 7.045000 11.205000
v 3.967000 1.135000 11.205000
v 3.967000 8.205000 11.205000
v 4.467000 0.827000 11.205000
v 4.467000 9.401000 11.205000
v 4.967000 0.685000 11.205000
v 4.967000 9.679000 11.205000
v 5.467000 0.601000 11.205000
v 5.467000 9.764000 11.205000
v 5.967000 0.668000 11.205000
v 5.967000 9.639000 11.205000
v 6.467000 0.807000 11.205000
v 6.467000 6.416000 11.205000
v 6.467000 8.052000 11.205000
v 6.467000 9.030000 11.205000
v 6.967000 0.949000 11.205000
v 6.967000 5.956000 11.205000
v 7.467000 0.967000 11.205000
v 7.467000 5.744000 11.205000
v 7.967000 0.843000 11.205000
v 7.967000 5.470000 11.205000
v 8.467000 -0.075000 11.205000
v 8.467000 5.259000 11.205000
v 8.967000 -1.397000 11.205000
v 8.967000 4.916000 11.205000
v 9.467000 -1.850000 11.205000
v 9.467000 4.618000 11.205000
v 9.967000 -2.115000 11.205000
v 9.967000 4.451000 11.205000
v 10.467000 -2.301000 11.205000
v 10.467000 4.478000 11.205000
v 10.967000 -2.394000 11.205000
v 10.967000 4.666000 11.205000
v 11.467000 -2.522000 11.205000
v 11.467000 4.770000 11.205000
v 11.967000 -2.780000 11.205000
v 11.967000 4.669000 11.205000
v 12.467000 -2.868000 11.205000
v 12.467000 4.416000 11.205000
v 12.967000 -2.772000 11.205000
v 12.967000 4.055000 11.205000
v 13.467000 -2.438000 11.205000
v 13.467000 0.056000 11.205000
v 13.467000 2.505000 11.205000
v 13.467000 3.321000 11.205000
v 2.467000 3.905000 15.205000
v 2.467000 5.966000 15.205000
v 2.967000 3.326000 15.205000
v 2.967000 6.410000 15.205000
v 3.467000 2.501000 15.205000
v 3.467000 7.032000 15.205000
v 3.967000 1.755000 15.205000
v 3.967000 11.340000 15.205000
v 4.467000 1.047000 15.205000
v 4.467000 11.857000 15.205000
v 4.967000 0.635000 15.205000
v 4.967000 12.024000 15.205000
v 5.467000 0.318000 15.205000
v 5.467000 11.996000 15.205000
v 5.967000 0.212000 15.205000
v 5.967000 11.907000 15.205000
v 6.467000 0.223000 15.205000
v 6.467000 11.808000 15.205000
v 6.967000 0.293000 15.205000
v 6.967000 11.542000 15.205000
v 7.467000 0.271000 15.205000
v 7.467000 11.309000 15.205000
v 7.967000 0.037000 15.205000
v 7.967000 11.171000 15.205000
v 8.467000 -0.341000 15.205000
v 8.467000 10.876000 15.205000
v 8.967000 -1.643000 15.205000
v 8.967000 10.507000 15.205000
v 9.467000 -2.805000 15.205000
v 9.467000 10.222000 15.205000
v 9.967000 -2.974000 15.205000
v 9.967000 9.946000 15.205000
v 10.467000 -2.985000 15.205000
v 10.467000 9.798000 15.205000
v 10.967000 -2.878000 15.205000
v 10.967000 9.578000 15.205000
v 11.467000 -2.682000 15.205000
v 11.467000 9.151000 15.205000
v 11.967000 -2.329000 15.205000
v 11.967000 8.676000 15.205000
v 12.467000 -1.521000 15.205000
v 12.467000 8.402000 15.205000
v 12.967000 -0.803000 15.205000
v 12.967000 8.008000 15.205000
v 13.467000 -0.335000 15.205000
v 13.467000 4.059000 15.205000
v 13.467000 5.554000 15.205000
v 13.467000 7.427000 15.205000
v 13.967000 0.093000 15.205000
v 13.967000 2.695000 15.205000
v 10.077000 -1.497000 10.205000
v 13.445000 -1.497000 10.205000
v 9.563000 -1.497000 10.705000
v 13.768000 -1.497000 10.705000
v 9.052000 -1.497000 11.205000
v 13.857000 -1.497000 11.205000
v 8.692000 -1.497000 11.705000
v 13.806000 -1.497000 11.705000
v 8.531000 -1.497000 12.205000
v 13.778000 -1.497000 12.205000
v 8.560000 -1.497000 12.705000
v 13.755000 -1.497000 12.705000
v 8.568000 -1.497000 13.205000
v 13.641000 -1.497000 13.205000
v 8.559000 -1.497000 13.705000
v 13.416000 -1.497000 13.705000
v 8.574000 -1.497000 14.205000
v 12.941000 -1.497000 14.205000
v 8.652000 -1.497000 14.705000
v 12.578000 -1.497000 14.705000
v 8.954000 -1.497000 15.205000
v 12.484000 -1.497000 15.205000
v 9.967000 -1.497000 15.705000
v 12.352000 -1.497000 15.705000
v 11.103000 -1.497000 16.205000
v 11.717000 -1.497000 16.205000
v 4.485000 2.503000 9.205000
v 6.523000 2.503000 9.205000
v 9.319000 2.503000 9.205000
v 12.966000 2.503000 9.205000
v 4.157000 2.503000 9.705000
v 13.281000 2.503000 9.705000
v 3.939000 2.503000 10.205000
v 13.366000 2.503000 10.205000
v 3.453000 2.503000 10.705000
v 13.411000 2.503000 10.705000
v 2.650000 2.503000 11.205000
v 13.466000 2.503000 11.205000
v 2.079000 2.503000 11.705000
v 13.651000 2.503000 11.705000
v 1.955000 2.503000 12.205000
v 13.974000 2.503000 12.205000
v 2.111000 2.503000 12.705000
v 14.276000 2.503000 12.705000
v 2.535000 2.503000 13.205000
v 14.357000 2.503000 13.205000
v 2.913000 2.503000 13.705000
v 14.351000 2.503000 13.705000
v 3.160000 2.503000 14.205000
v 14.328000 2.503000 14.205000
v 3.288000 2.503000 14.705000
v 14.236000 2.503000 14.705000
v 3.466000 2.503000 15.205000
v 14.082000 2.503000 15.205000
v 3.483000 2.503000 15.705000
v 13.891000 2.503000 15.705000
v 3.513000 2.503000 16.205000
v 13.743000 2.503000 16.205000
v 3.682000 2.503000 16.705000
v 13.614000 2.503000 16.705000
v 4.030000 2.503000 17.205000
v 6.432000 2.503000 17.205000
v 9.026000 2.503000 17.205000
v 13.331000 2.503000 17.205000
v 12.218000 2.503000 17.705000
v 12.590000 2.503000 17.705000
v 3.604000 6.503000 10.205000
v 5.813000 6.503000 10.205000
v 3.200000 6.503000 10.705000
v 6.121000 6.503000 10.705000
v 2.734000 6.503000 11.205000
v 6.410000 6.503000 11.205000
v 2.553000 6.503000 11.705000
v 6.867000 6.503000 11.705000
v 2.450000 6.503000 12.205000
v 7.488000 6.503000 12.205000
v 2.588000 6.503000 12.705000
v 8.258000 6.503000 12.705000
v 2.967000 6.503000 13.205000
v 9.948000 6.503000 13.205000
v 3.246000 6.503000 13.705000
v 12.420000 6.503000 13.705000
v 3.046000 6.503000 14.205000
v 12.801000 6.503000 14.205000
v 2.989000 6.503000 14.705000
v 13.214000 6.503000 14.705000
v 3.059000 6.503000 15.205000
v 13.897000 6.503000 15.205000
v 3.028000 6.503000 15.705000
v 14.256000 6.503000 15.705000
v 3.119000 6.503000 16.205000
v 14.445000 6.503000 16.205000
v 3.690000 6.503000 16.705000
v 4.707000 6.503000 16.705000
v 9.547000 6.503000 16.705000
v 14.704000 6.503000 16.705000
v 11.100000 6.503000 17.205000
v 14.800000 6.503000 17.205000
v 11.968000 6.503000 17.705000
v 14.699000 6.503000 17.705000
v 12.635000 6.503000 18.205000
v 14.332000 6.503000 18.205000
v 5.585000 10.503000 12.205000
v 8.481000 10.503000 12.205000
v 5.120000 10.503000 12.705000
v 8.813000 10.503000 12.705000
v 4.637000 10.503000 13.205000
v 8.910000 10.503000 13.205000
v 4.279000 10.503000 13.705000
v 8.897000 10.503000 13.705000
v 4.142000 10.503000 14.205000
v 8.935000 10.503000 14.205000
v 3.958000 10.503000 14.705000
v 9.006000 10.503000 14.705000
v 3.641000 10.503000 15.205000
v 8.974000 10.503000 15.205000
v 3.345000 10.503000 15.705000
v 9.057000 10.503000 15.705000
v 3.036000 10.503000 16.205000
v 8.989000 10.503000 16.205000
v 11.216000 10.503000 16.205000
v 11.706000 10.503000 16.205000
v 2.578000 10.503000 16.705000
v 8.266000 10.503000 16.705000
v 10.372000 10.503000 16.705000
v 13.317000 10.503000 16.705000
v 2.453000 10.503000 17.205000
v 7.154000 10.503000 17.205000
v 10.081000 10.503000 17.205000
v 13.815000 10.503000 17.205000
v 2.602000 10.503000 17.705000
v 6.711000 10.503000 17.705000
v 10.109000 10.503000 17.705000
v 13.974000 10.503000 17.705000
v 3.046000 10.503000 18.205000
v 6.387000 10.503000 18.205000
v 10.236000 10.503000 18.205000
v 13.863000 10.503000 18.205000
v 5.097000 10.503000 18.705000
v 5.642000 10.503000 18.705000
v 10.613000 10.503000 18.705000
v 13.417000 10.503000 18.705000
v 8.967000 -1.497000 11.328000
v 8.967000 -1.497000 15.218000
v 9.467000 -1.497000 10.795000
v 9.467000 -1.497000 15.551000
v 9.967000 -1.497000 10.296000
v 9.967000 -1.497000 15.704000
v 10.467000 -1.497000 9.960000
v 10.467000 -1.497000 15.991000
v 10.967000 -1.497000 9.862000
v 10.967000 -1.497000 16.178000
v 11.467000 -1.497000 9.908000
v 11.467000 -1.497000 16.239000
v 11.967000 -1.497000 9.848000
v 11.967000 -1.497000 16.101000
v 12.467000 -1.497000 9.797000
v 12.467000 -1.497000 15.357000
v 12.967000 -1.497000 9.893000
v 12.967000 -1.497000 14.181000
v 13.467000 -1.497000 10.227000
v 13.467000 -1.497000 13.604000
v 1.967000 2.503000 12.026000
v 1.967000 2.503000 12.329000
v 2.467000 2.503000 11.316000
v 2.467000 2.503000 13.122000
v 2.967000 2.503000 11.041000
v 2.967000 2.503000 13.779000
v 3.467000 2.503000 10.694000
v 3.467000 2.503000 15.208000
v 3.967000 2.503000 10.158000
v 3.967000 2.503000 17.142000
v 4.467000 2.503000 9.222000
v 4.467000 2.503000 17.481000
v 4.967000 2.503000 8.896000
v 4.967000 2.503000 17.580000
v 5.467000 2.503000 8.804000
v 5.467000 2.503000 17.527000
v 5.967000 2.503000 8.898000
v 5.967000 2.503000 17.402000
v 6.467000 2.503000 9.176000
v 6.467000 2.503000 17.194000
v 6.967000 2.503000 9.354000
v 6.967000 2.503000 17.064000
v 7.467000 2.503000 9.383000
v 7.467000 2.503000 16.876000
v 7.967000 2.503000 9.346000
v 7.967000 2.503000 16.846000
v 8.467000 2.503000 9.360000
v 8.467000 2.503000 16.984000
v 8.967000 2.503000 9.304000
v 8.967000 2.503000 17.176000
v 9.467000 2.503000 9.135000
v 9.467000 2.503000 17.424000
v 9.967000 2.503000 8.862000
v 9.967000 2.503000 17.538000
v 10.467000 2.503000 8.781000
v 10.467000 2.503000 17.539000
v 10.967000 2.503000 8.809000
v 10.967000 2.503000 17.546000
v 11.467000 2.503000 8.785000
v 11.467000 2.503000 17.610000
v 11.967000 2.503000 8.784000
v 11.967000 2.503000 17.674000
v 12.467000 2.503000 8.877000
v 12.467000 2.503000 17.715000
v 12.967000 2.503000 9.206000
v 12.967000 2.503000 17.574000
v 13.467000 2.503000 11.207000
v 13.467000 2.503000 16.981000
v 13.967000 2.503000 12.196000
v 13.967000 2.503000 15.542000
v 2.467000 6.503000 12.014000
v 2.467000 6.503000 12.378000
v 2.967000 6.503000 10.956000
v 2.967000 6.503000 13.204000
v 3.467000 6.503000 10.345000
v 3.467000 6.503000 16.608000
v 3.967000 6.503000 9.951000
v 3.967000 6.503000 16.742000
v 4.467000 6.503000 9.800000
v 4.467000 6.503000 16.757000
v 4.967000 6.503000 9.837000
v 4.967000 6.503000 16.631000
v 5.467000 6.503000 9.964000
v 5.467000 6.503000 16.591000
v 5.967000 6.503000 10.406000
v 5.967000 6.503000 16.559000
v 6.467000 6.503000 11.267000
v 6.467000 6.503000 16.534000
v 6.967000 6.503000 11.786000
v 6.967000 6.503000 16.553000
v 7.467000 6.503000 12.182000
v 7.467000 6.503000 16.561000
v 7.967000 6.503000 12.567000
v 7.967000 6.503000 16.565000
v 8.467000 6.503000 12.785000
v 8.467000 6.503000 16.608000
v 8.967000 6.503000 12.860000
v 8.967000 6.503000 16.623000
v 9.467000 6.503000 12.978000
v 9.467000 6.503000 16.681000
v 9.967000 6.503000 13.211000
v 9.967000 6.503000 16.870000
v 10.467000 6.503000 13.315000
v 10.467000 6.503000 17.006000
v 10.967000 6.503000 13.281000
v 10.967000 6.503000 17.141000
v 11.467000 6.503000 13.326000
v 11.467000 6.503000 17.387000
v 11.967000 6.503000 13.420000
v 11.967000 6.503000 17.704000
v 12.467000 6.503000 13.751000
v 12.467000 6.503000 18.074000
v 12.967000 6.503000 14.422000
v 12.967000 6.503000 18.409000
v 13.467000 6.503000 14.912000
v 13.467000 6.503000 18.514000
v 13.967000 6.503000 15.272000
v 13.967000 6.503000 18.423000
v 14.467000 6.503000 16.257000
v 14.467000 6.503000 18.073000
v 2.467000 10.503000 17.016000
v 2.467000 10.503000 17.351000
v 2.967000 10.503000 16.276000
v 2.967000 10.503000 18.136000
v 3.467000 10.503000 15.489000
v 3.467000 10.503000 18.463000
v 3.967000 10.503000 14.689000
v 3.967000 10.503000 18.604000
v 4.467000 10.503000 13.382000
v 4.467000 10.503000 18.670000
v 4.967000 10.503000 12.895000
v 4.967000 10.503000 18.695000
v 5.467000 10.503000 12.315000
v 5.467000 10.503000 18.724000
v 5.967000 10.503000 11.979000
v 5.967000 10.503000 18.601000
v 6.467000 10.503000 11.852000
v 6.467000 10.503000 18.078000
v 6.967000 10.503000 11.809000
v 6.967000 10.503000 17.384000
v 7.467000 10.503000 11.812000
v 7.467000 10.503000 17.003000
v 7.967000 10.503000 11.888000
v 7.967000 10.503000 16.796000
v 8.467000 10.503000 12.191000
v 8.467000 10.503000 16.632000
v 8.967000 10.503000 14.388000
v 8.967000 10.503000 16.252000
v 10.467000 10.503000 16.633000
v 10.467000 10.503000 18.566000
v 10.967000 10.503000 16.304000
v 10.967000 10.503000 18.909000
v 11.467000 10.503000 16.174000
v 11.467000 10.503000 18.994000
v 11.967000 10.503000 16.262000
v 11.967000 10.503000 19.016000
v 12.467000 10.503000 16.270000
v 12.467000 10.503000 19.055000
v 12.967000 10.503000 16.425000
v 12.967000 10.503000 18.975000
v 13.467000 10.503000 16.836000
v 13.467000 10.503000 18.664000
v 13.967000 10.503000 17.623000
v 13.967000 10.503000 17.869000
v 0.967000 3.555000 11.705000
v 0.967000 5.359000 11.705000
v 1.467000 3.181000 11.705000
v 1.467000 5.694000 11.705000
v 1.967000 2.607000 11.705000
v 1.967000 5.925000 11.705000
v 2.467000 2.205000 11.705000
v 2.467000 6.417000 11.705000
v 2.967000 1.612000 11.705000
v 2.967000 6.766000 11.705000
v 3.467000 1.188000 11.705000
v 3.467000 7.031000 11.705000
v 3.967000 0.826000 11.705000
v 3.967000 7.460000 11.705000
v 4.467000 0.704000 11.705000
v 4.467000 9.044000 11.705000
v 4.967000 0.638000 11.705000
v 4.967000 9.683000 11.705000
v 5.467000 0.604000 11.705000
v 5.467000 9.937000 11.705000
v 5.967000 0.513000 11.705000
v 5.967000 10.088000 11.705000
v 6.467000 0.497000 11.705000
v 6.467000 9.984000 11.705000
v 6.967000 0.531000 11.705000
v 6.967000 6.393000 11.705000
v 6.967000 8.292000 11.705000
v 6.967000 8.661000 11.705000
v 7.467000 0.468000 11.705000
v 7.467000 5.990000 11.705000
v 7.967000 0.059000 11.705000
v 7.967000 5.741000 11.705000
v 8.467000 -1.269000 11.705000
v 8.467000 5.369000 11.705000
v 8.967000 -1.849000 11.705000
v 8.967000 4.971000 11.705000
v 9.467000 -2.216000 11.705000
v 9.467000 4.615000 11.705000
v 9.967000 -2.316000 11.705000
v 9.967000 4.453000 11.705000
v 10.467000 -2.356000 11.705000
v 10.467000 4.450000 11.705000
v 10.967000 -2.436000 11.705000
v 10.967000 4.584000 11.705000
v 11.467000 -2.493000 11.705000
v 11.467000 4.649000 11.705000
v 11.967000 -2.681000 11.705000
v 11.967000 4.516000 11.705000
v 12.467000 -2.773000 11.705000
v 12.467000 4.412000 11.705000
v 12.967000 -2.669000 11.705000
v 12.967000 4.247000 11.705000
v 13.467000 -2.294000 11.705000
v 13.467000 0.208000 11.705000
v 13.467000 1.635000 11.705000
v 13.467000 3.881000 11.705000
v 2.467000 4.012000 15.705000
v 2.467000 6.042000 15.705000
v 2.967000 3.495000 15.705000
v 2.967000 6.438000 15.705000
v 3.467000 2.524000 15.705000
v 3.467000 7.098000 15.705000
v 3.467000 8.091000 15.705000
v 3.467000 10.716000 15.705000
v 3.967000 1.624000 15.705000
v 3.967000 11.852000 15.705000
v 4.467000 0.977000 15.705000
v 4.467000 12.221000 15.705000
v 4.967000 0.665000 15.705000
v 4.967000 12.320000 15.705000
v 5.467000 0.529000 15.705000
v 5.467000 12.220000 15.705000
v 5.967000 0.496000 15.705000
v 5.967000 11.970000 15.705000
v 6.467000 0.530000 15.705000
v 6.467000 11.753000 15.705000
v 6.967000 0.658000 15.705000
v 6.967000 11.389000 15.705000
v 7.467000 0.747000 15.705000
v 7.467000 11.076000 15.705000
v 7.967000 0.524000 15.705000
v 7.967000 10.978000 15.705000
v 8.467000 0.060000 15.705000
v 8.467000 10.862000 15.705000
v 8.967000 -0.316000 15.705000
v 8.967000 10.567000 15.705000
v 9.467000 -0.643000 15.705000
v 9.467000 10.302000 15.705000
v 9.967000 -1.496000 15.705000
v 9.967000 10.103000 15.705000
v 10.467000 -2.260000 15.705000
v 10.467000 9.948000 15.705000
v 10.967000 -2.415000 15.705000
v 10.967000 9.937000 15.705000
v 11.467000 -2.287000 15.705000
v 11.467000 9.756000 15.705000
v 11.967000 -1.826000 15.705000
v 11.967000 9.459000 15.705000
v 12.467000 -1.375000 15.705000
v 12.467000 9.125000 15.705000
v 12.967000 -0.407000 15.705000
v 12.967000 9.045000 15.705000
v 13.467000 0.091000 15.705000
v 13.467000 3.298000 15.705000
v 13.467000 4.965000 15.705000
v 13.467000 9.057000 15.705000
v 13.967000 0.620000 15.705000
v 13.967000 2.419000 15.705000
v 13.967000 5.693000 15.705000
v 13.967000 8.917000 15.705000
v 14.467000 7.765000 15.705000
v 14.467000 8.305000 15.705000
v 9.617000 -0.997000 10.205000
v 13.377000 -0.997000 10.205000
v 9.076000 -0.997000 10.705000
v 13.732000 -0.997000 10.705000
v 8.682000 -0.997000 11.205000
v 13.841000 -0.997000 11.205000
v 8.298000 -0.997000 11.705000
v 13.893000 -0.997000 11.705000
v 8.176000 -0.997000 12.205000
v 13.853000 -0.997000 12.205000
v 8.256000 -0.997000 12.705000
v 13.834000 -0.997000 12.705000
v 8.433000 -0.997000 13.205000
v 13.829000 -0.997000 13.205000
v 8.484000 -0.997000 13.705000
v 13.747000 -0.997000 13.705000
v 8.519000 -0.997000 14.205000
v 13.427000 -0.997000 14.205000
v 8.600000 -0.997000 14.705000
v 13.003000 -0.997000 14.705000
v 8.891000 -0.997000 15.205000
v 12.823000 -0.997000 15.205000
v 9.733000 -0.997000 15.705000
v 12.685000 -0.997000 15.705000
v 10.480000 -0.997000 16.205000
v 12.362000 -0.997000 16.205000
v 11.063000 -0.997000 16.705000
v 11.840000 -0.997000 16.705000
v 4.492000 3.003000 9.205000
v 6.517000 3.003000 9.205000
v 9.308000 3.003000 9.205000
v 12.835000 3.003000 9.205000
v 4.151000 3.003000 9.705000
v 13.185000 3.003000 9.705000
v 3.909000 3.003000 10.205000
v 13.300000 3.003000 10.205000
v 3.338000 3.003000 10.705000
v 13.372000 3.003000 10.705000
v 2.056000 3.003000 11.205000
v 13.500000 3.003000 11.205000
v 1.659000 3.003000 11.705000
v 13.769000 3.003000 11.705000
v 1.542000 3.003000 12.205000
v 13.938000 3.003000 12.205000
v 1.667000 3.003000 12.705000
v 14.171000 3.003000 12.705000
v 2.033000 3.003000 13.205000
v 14.258000 3.003000 13.205000
v 2.534000 3.003000 13.705000
v 14.269000 3.003000 13.705000
v 2.869000 3.003000 14.205000
v 14.219000 3.003000 14.205000
v 3.043000 3.003000 14.705000
v 14.106000 3.003000 14.705000
v 3.177000 3.003000 15.205000
v 13.839000 3.003000 15.205000
v 3.183000 3.003000 15.705000
v 13.598000 3.003000 15.705000
v 3.274000 3.003000 16.205000
v 13.422000 3.003000 16.205000
v 3.602000 3.003000 16.705000
v 13.238000 3.003000 16.705000
v 4.180000 3.003000 17.205000
v 5.936000 3.003000 17.205000
v 9.520000 3.003000 17.205000
v 12.726000 3.003000 17.205000
v 4.411000 7.003000 9.705000
v 5.274000 7.003000 9.705000
v 3.768000 7.003000 10.205000
v 5.856000 7.003000 10.205000
v 3.531000 7.003000 10.705000
v 6.022000 7.003000 10.705000
v 3.422000 7.003000 11.205000
v 6.199000 7.003000 11.205000
v 3.425000 7.003000 11.705000
v 6.595000 7.003000 11.705000
v 3.540000 7.003000 12.205000
v 7.274000 7.003000 12.205000
v 3.897000 7.003000 12.705000
v 7.848000 7.003000 12.705000
v 4.116000 7.003000 13.205000
v 9.214000 7.003000 13.205000
v 4.080000 7.003000 13.705000
v 12.249000 7.003000 13.705000
v 3.895000 7.003000 14.205000
v 12.641000 7.003000 14.205000
v 3.531000 7.003000 14.705000
v 12.962000 7.003000 14.705000
v 3.452000 7.003000 15.205000
v 13.757000 7.003000 15.205000
v 3.423000 7.003000 15.705000
v 14.333000 7.003000 15.705000
v 3.497000 7.003000 16.205000
v 14.677000 7.003000 16.205000
v 4.213000 7.003000 16.705000
v 5.304000 7.003000 16.705000
v 9.392000 7.003000 16.705000
v 14.811000 7.003000 16.705000
v 10.933000 7.003000 17.205000
v 14.883000 7.003000 17.205000
v 11.935000 7.003000 17.705000
v 14.788000 7.003000 17.705000
v 12.509000 7.003000 18.205000
v 14.456000 7.003000 18.205000
v 6.126000 11.003000 12.205000
v 8.321000 11.003000 12.205000
v 5.565000 11.003000 12.705000
v 8.699000 11.003000 12.705000
v 5.083000 11.003000 13.205000
v 8.802000 11.003000 13.205000
v 4.588000 11.003000 13.705000
v 8.727000 11.003000 13.705000
v 4.261000 11.003000 14.205000
v 8.645000 11.003000 14.205000
v 4.077000 11.003000 14.705000
v 8.444000 11.003000 14.705000
v 3.762000 11.003000 15.205000
v 8.279000 11.003000 15.205000
v 3.611000 11.003000 15.705000
v 7.752000 11.003000 15.705000
v 3.386000 11.003000 16.205000
v 7.243000 11.003000 16.205000
v 3.062000 11.003000 16.705000
v 7.154000 11.003000 16.705000
v 11.865000 11.003000 16.705000
v 12.048000 11.003000 16.705000
v 2.919000 11.003000 17.205000
v 7.064000 11.003000 17.205000
v 10.608000 11.003000 17.205000
v 13.312000 11.003000 17.205000
v 3.037000 11.003000 17.705000
v 6.910000 11.003000 17.705000
v 10.473000 11.003000 17.705000
v 13.481000 11.003000 17.705000
v 3.444000 11.003000 18.205000
v 6.734000 11.003000 18.205000
v 10.620000 11.003000 18.205000
v 13.371000 11.003000 18.205000
v 4.148000 11.003000 18.705000
v 6.373000 11.003000 18.705000
v 12.343000 11.003000 18.705000
v 12.687000 11.003000 18.705000
v 8.467000 -0.997000 11.437000
v 8.467000 -0.997000 13.419000
v 8.967000 -0.997000 10.814000
v 8.967000 -0.997000 15.283000
v 9.467000 -0.997000 10.344000
v 9.467000 -0.997000 15.579000
v 9.967000 -0.997000 10.006000
v 9.967000 -0.997000 15.839000
v 10.467000 -0.997000 9.854000
v 10.467000 -0.997000 16.193000
v 10.967000 -0.997000 9.767000
v 10.967000 -0.997000 16.645000
v 11.467000 -0.997000 9.806000
v 11.467000 -0.997000 16.830000
v 11.967000 -0.997000 9.760000
v 11.967000 -0.997000 16.613000
v 12.467000 -0.997000 9.833000
v 12.467000 -0.997000 16.073000
v 12.967000 -0.997000 9.948000
v 12.967000 -0.997000 14.769000
v 13.467000 -0.997000 10.293000
v 13.467000 -0.997000 14.159000
v 1.967000 3.003000 11.290000
v 1.967000 3.003000 13.109000
v 2.467000 3.003000 10.957000
v 2.467000 3.003000 13.644000
v 2.967000 3.003000 10.842000
v 2.967000 3.003000 14.525000
v 3.467000 3.003000 10.628000
v 3.467000 3.003000 16.541000
v 3.967000 3.003000 10.116000
v 3.967000 3.003000 17.050000
v 4.467000 3.003000 9.229000
v 4.467000 3.003000 17.365000
v 4.967000 3.003000 8.911000
v 4.967000 3.003000 17.473000
v 5.467000 3.003000 8.825000
v 5.467000 3.003000 17.380000
v 5.967000 3.003000 8.924000
v 5.967000 3.003000 17.198000
v 6.467000 3.003000 9.184000
v 6.467000 3.003000 17.086000
v 6.967000 3.003000 9.306000
v 6.967000 3.003000 16.970000
v 7.467000 3.003000 9.297000
v 7.467000 3.003000 16.841000
v 7.967000 3.003000 9.259000
v 7.967000 3.003000 16.874000
v 8.467000 3.003000 9.316000
v 8.467000 3.003000 17.049000
v 8.967000 3.003000 9.281000
v 8.967000 3.003000 17.141000
v 9.467000 3.003000 9.141000
v 9.467000 3.003000 17.195000
v 9.967000 3.003000 8.876000
v 9.967000 3.003000 17.254000
v 10.467000 3.003000 8.788000
v 10.467000 3.003000 17.266000
v 10.967000 3.003000 8.825000
v 10.967000 3.003000 17.412000
v 11.467000 3.003000 8.774000
v 11.467000 3.003000 17.501000
v 11.967000 3.003000 8.841000
v 11.967000 3.003000 17.460000
v 12.467000 3.003000 8.974000
v 12.467000 3.003000 17.351000
v 12.967000 3.003000 9.340000
v 12.967000 3.003000 16.992000
v 13.467000 3.003000 11.122000
v 13.467000 3.003000 16.055000
v 13.967000 3.003000 12.275000
v 13.967000 3.003000 14.957000
v 3.467000 7.003000 10.945000
v 3.467000 7.003000 12.041000
v 3.467000 7.003000 14.915000
v 3.467000 7.003000 16.116000
v 3.967000 7.003000 9.979000
v 3.967000 7.003000 12.840000
v 3.967000 7.003000 14.049000
v 3.967000 7.003000 16.617000
v 4.467000 7.003000 9.686000
v 4.467000 7.003000 16.766000
v 4.967000 7.003000 9.651000
v 4.967000 7.003000 16.752000
v 5.467000 7.003000 9.796000
v 5.467000 7.003000 16.676000
v 5.967000 7.003000 10.468000
v 5.967000 7.003000 16.606000
v 6.467000 7.003000 11.592000
v 6.467000 7.003000 16.590000
v 6.967000 7.003000 11.987000
v 6.967000 7.003000 16.646000
v 7.467000 7.003000 12.402000
v 7.467000 7.003000 16.641000
v 7.967000 7.003000 12.803000
v 7.967000 7.003000 16.597000
v 8.467000 7.003000 13.096000
v 8.467000 7.003000 16.628000
v 8.967000 7.003000 13.179000
v 8.967000 7.003000 16.622000
v 9.467000 7.003000 13.232000
v 9.467000 7.003000 16.731000
v 9.967000 7.003000 13.292000
v 9.967000 7.003000 16.971000
v 10.467000 7.003000 13.324000
v 10.467000 7.003000 17.078000
v 10.967000 7.003000 13.267000
v 10.967000 7.003000 17.221000
v 11.467000 7.003000 13.358000
v 11.467000 7.003000 17.487000
v 11.967000 7.003000 13.540000
v 11.967000 7.003000 17.725000
v 12.467000 7.003000 13.918000
v 12.467000 7.003000 18.162000
v 12.967000 7.003000 14.710000
v 12.967000 7.003000 18.499000
v 13.467000 7.003000 15.041000
v 13.467000 7.003000 18.598000
v 13.967000 7.003000 15.361000
v 13.967000 7.003000 18.512000
v 14.467000 7.003000 15.859000
v 14.467000 7.003000 18.194000
v 2.967000 11.003000 16.915000
v 2.967000 11.003000 17.539000
v 3.467000 11.003000 16.063000
v 3.467000 11.003000 18.225000
v 3.967000 11.003000 14.881000
v 3.967000 11.003000 18.600000
v 4.467000 11.003000 13.854000
v 4.467000 11.003000 18.859000
v 4.967000 11.003000 13.310000
v 4.967000 11.003000 18.970000
v 5.467000 11.003000 12.827000
v 5.467000 11.003000 19.021000
v 5.967000 11.003000 12.315000
v 5.967000 11.003000 18.942000
v 6.467000 11.003000 12.005000
v 6.467000 11.003000 18.615000
v 6.967000 11.003000 11.892000
v 6.967000 11.003000 17.531000
v 7.467000 11.003000 11.918000
v 7.467000 11.003000 15.927000
v 7.967000 11.003000 12.001000
v 7.967000 11.003000 15.623000
v 8.467000 11.003000 12.342000
v 8.467000 11.003000 14.648000
v 10.967000 11.003000 16.857000
v 10.967000 11.003000 18.533000
v 11.467000 11.003000 16.737000
v 11.467000 11.003000 18.652000
v 11.967000 11.003000 16.700000
v 11.967000 11.003000 18.701000
v 12.467000 11.003000 16.783000
v 12.467000 11.003000 18.719000
v 12.967000 11.003000 16.898000
v 12.967000 11.003000 18.608000
v 13.467000 11.003000 17.580000
v 13.467000 11.003000 17.926000
v 0.967000 3.446000 12.205000
v 0.967000 5.468000 12.205000
v 1.467000 3.073000 12.205000
v 1.467000 5.776000 12.205000
v 1.967000 2.492000 12.205000
v 1.967000 6.014000 12.205000
v 2.467000 2.054000 12.205000
v 2.467000 6.519000 12.205000
v 2.967000 1.488000 12.205000
v 2.967000 6.833000 12.205000
v 3.467000 1.078000 12.205000
v 3.467000 6.976000 12.205000
v 3.967000 0.745000 12.205000
v 3.967000 7.240000 12.205000
v 4.467000 0.638000 12.205000
v 4.467000 7.835000 12.205000
v 4.967000 0.564000 12.205000
v 4.967000 9.866000 12.205000
v 5.467000 0.503000 12.205000
v 5.467000 10.364000 12.205000
v 5.967000 0.301000 12.205000
v 5.967000 10.862000 12.205000
v 6.467000 0.187000 12.205000
v 6.467000 11.354000 12.205000
v 6.967000 0.179000 12.205000
v 6.967000 11.516000 12.205000
v 7.467000 0.028000 12.205000
v 7.467000 6.542000 12.205000
v 7.467000 8.913000 12.205000
v 7.467000 11.444000 12.205000
v 7.967000 -0.510000 12.205000
v 7.967000 6.023000 12.205000
v 7.967000 9.579000 12.205000
v 7.967000 11.326000 12.205000
v 8.467000 -1.436000 12.205000
v 8.467000 5.700000 12.205000
v 8.467000 10.297000 12.205000
v 8.467000 10.637000 12.205000
v 8.967000 -1.988000 12.205000
v 8.967000 5.230000 12.205000
v 9.467000 -2.324000 12.205000
v 9.467000 4.769000 12.205000
v 9.967000 -2.425000 12.205000
v 9.967000 4.601000 12.205000
v 10.467000 -2.403000 12.205000
v 10.467000 4.589000 12.205000
v 10.967000 -2.442000 12.205000
v 10.967000 4.698000 12.205000
v 11.467000 -2.470000 12.205000
v 11.467000 4.689000 12.205000
v 11.967000 -2.546000 12.205000
v 11.967000 4.540000 12.205000
v 12.467000 -2.531000 12.205000
v 12.467000 4.460000 12.205000
v 12.967000 -2.417000 12.205000
v 12.967000 4.359000 12.205000
v 13.467000 -2.033000 12.205000
v 13.467000 4.037000 12.205000
v 13.967000 2.418000 12.205000
v 13.967000 2.797000 12.205000
v 2.467000 4.133000 16.205000
v 2.467000 5.921000 16.205000
v 2.467000 9.234000 16.205000
v 2.467000 9.768000 16.205000
v 2.967000 3.635000 16.205000
v 2.967000 6.346000 16.205000
v 2.967000 8.540000 16.205000
v 2.967000 10.436000 16.205000
v 3.467000 2.614000 16.205000
v 3.467000 6.952000 16.205000
v 3.467000 7.855000 16.205000
v 3.467000 11.154000 16.205000
v 3.967000 1.503000 16.205000
v 3.967000 12.000000 16.205000
v 4.467000 1.025000 16.205000
v 4.467000 12.331000 16.205000
v 4.967000 0.722000 16.205000
v 4.967000 12.428000 16.205000
v 5.467000 0.642000 16.205000
v 5.467000 12.342000 16.205000
v 5.967000 0.716000 16.205000
v 5.967000 12.060000 16.205000
v 6.467000 0.925000 16.205000
v 6.467000 11.746000 16.205000
v 6.967000 1.178000 16.205000
v 6.967000 11.186000 16.205000
v 7.467000 1.351000 16.205000
v 7.467000 10.924000 16.205000
v 7.967000 1.316000 16.205000
v 7.967000 10.864000 16.205000
v 8.467000 0.712000 16.205000
v 8.467000 10.771000 16.205000
v 8.967000 0.113000 16.205000
v 8.967000 10.515000 16.205000
v 9.467000 -0.064000 16.205000
v 9.467000 10.280000 16.205000
v 9.967000 -0.420000 16.205000
v 9.967000 10.218000 16.205000
v 10.467000 -0.980000 16.205000
v 10.467000 10.261000 16.205000
v 10.967000 -1.453000 16.205000
v 10.967000 10.410000 16.205000
v 11.467000 -1.536000 16.205000
v 11.467000 10.533000 16.205000
v 11.967000 -1.390000 16.205000
v 11.967000 10.446000 16.205000
v 12.467000 -0.837000 16.205000
v 12.467000 10.440000 16.205000
v 12.967000 -0.071000 16.205000
v 12.967000 10.292000 16.205000
v 13.467000 0.439000 16.205000
v 13.467000 2.941000 16.205000
v 13.467000 5.001000 16.205000
v 13.467000 9.919000 16.205000
v 13.967000 1.143000 16.205000
v 13.967000 1.916000 16.205000
v 13.967000 5.529000 16.205000
v 13.967000 9.415000 16.205000
v 14.467000 6.564000 16.205000
v 14.467000 8.936000 16.205000
v 9.494000 -0.497000 10.205000
v 13.221000 -0.497000 10.205000
v 8.956000 -0.497000 10.705000
v 13.624000 -0.497000 10.705000
v 8.540000 -0.497000 11.205000
v 13.743000 -0.497000 11.205000
v 8.153000 -0.497000 11.705000
v 13.805000 -0.497000 11.705000
v 7.961000 -0.497000 12.205000
v 13.756000 -0.497000 12.205000
v 7.992000 -0.497000 12.705000
v 13.813000 -0.497000 12.705000
v 8.152000 -0.497000 13.205000
v 13.906000 -0.497000 13.205000
v 8.291000 -0.497000 13.705000
v 13.855000 -0.497000 13.705000
v 8.327000 -0.497000 14.205000
v 13.706000 -0.497000 14.205000
v 8.371000 -0.497000 14.705000
v 13.493000 -0.497000 14.705000
v 8.611000 -0.497000 15.205000
v 13.294000 -0.497000 15.205000
v 9.251000 -0.497000 15.705000
v 12.905000 -0.497000 15.705000
v 10.045000 -0.497000 16.205000
v 12.665000 -0.497000 16.205000
v 10.382000 -0.497000 16.705000
v 12.495000 -0.497000 16.705000
v 10.548000 -0.497000 17.205000
v 12.364000 -0.497000 17.205000
v 11.105000 -0.497000 17.705000
v 11.807000 -0.497000 17.705000
v 4.605000 3.503000 9.205000
v 6.442000 3.503000 9.205000
v 9.525000 3.503000 9.205000
v 12.514000 3.503000 9.205000
v 4.229000 3.503000 9.705000
v 12.881000 3.503000 9.705000
v 3.947000 3.503000 10.205000
v 13.173000 3.503000 10.205000
v 3.234000 3.503000 10.705000
v 13.285000 3.503000 10.705000
v 1.561000 3.503000 11.205000
v 13.407000 3.503000 11.205000
v 1.018000 3.503000 11.705000
v 13.688000 3.503000 11.705000
v 0.911000 3.503000 12.205000
v 13.800000 3.503000 12.205000
v 1.065000 3.503000 12.705000
v 13.850000 3.503000 12.705000
v 1.567000 3.503000 13.205000
v 13.919000 3.503000 13.205000
v 2.031000 3.503000 13.705000
v 13.958000 3.503000 13.705000
v 2.371000 3.503000 14.205000
v 13.884000 3.503000 14.205000
v 2.544000 3.503000 14.705000
v 13.838000 3.503000 14.705000
v 2.841000 3.503000 15.205000
v 13.714000 3.503000 15.205000
v 2.962000 3.503000 15.705000
v 13.384000 3.503000 15.705000
v 3.060000 3.503000 16.205000
v 13.175000 3.503000 16.205000
v 3.433000 3.503000 16.705000
v 7.217000 3.503000 16.705000
v 7.818000 3.503000 16.705000
v 12.857000 3.503000 16.705000
v 11.049000 3.503000 17.205000
v 11.937000 3.503000 17.205000
v 4.038000 7.503000 9.705000
v 5.884000 7.503000 9.705000
v 3.766000 7.503000 10.205000
v 6.067000 7.503000 10.205000
v 3.694000 7.503000 10.705000
v 6.099000 7.503000 10.705000
v 3.788000 7.503000 11.205000
v 6.196000 7.503000 11.205000
v 4.013000 7.503000 11.705000
v 6.605000 7.503000 11.705000
v 4.248000 7.503000 12.205000
v 7.166000 7.503000 12.205000
v 4.409000 7.503000 12.705000
v 7.571000 7.503000 12.705000
v 4.450000 7.503000 13.205000
v 8.113000 7.503000 13.205000
v 4.416000 7.503000 13.705000
v 11.834000 7.503000 13.705000
v 4.250000 7.503000 14.205000
v 12.246000 7.503000 14.205000
v 3.859000 7.503000 14.705000
v 12.600000 7.503000 14.705000
v 3.614000 7.503000 15.205000
v 13.426000 7.503000 15.205000
v 3.556000 7.503000 15.705000
v 14.428000 7.503000 15.705000
v 3.577000 7.503000 16.205000
v 14.762000 7.503000 16.205000
v 3.921000 7.503000 16.705000
v 5.927000 7.503000 16.705000
v 8.924000 7.503000 16.705000
v 14.857000 7.503000 16.705000
v 10.271000 7.503000 17.205000
v 14.911000 7.503000 17.205000
v 11.646000 7.503000 17.705000
v 14.821000 7.503000 17.705000
v 12.388000 7.503000 18.205000
v 14.495000 7.503000 18.205000
v 6.839000 11.503000 12.205000
v 7.169000 11.503000 12.205000
v 6.113000 11.503000 12.705000
v 8.303000 11.503000 12.705000
v 5.615000 11.503000 13.205000
v 8.450000 11.503000 13.205000
v 5.098000 11.503000 13.705000
v 8.375000 11.503000 13.705000
v 4.642000 11.503000 14.205000
v 8.260000 11.503000 14.205000
v 4.452000 11.503000 14.705000
v 7.614000 11.503000 14.705000
v 4.097000 11.503000 15.205000
v 7.028000 11.503000 15.205000
v 3.758000 11.503000 15.705000
v 6.845000 11.503000 15.705000
v 3.644000 11.503000 16.205000
v 6.699000 11.503000 16.205000
v 3.611000 11.503000 16.705000
v 6.729000 11.503000 16.705000
v 3.464000 11.503000 17.205000
v 6.901000 11.503000 17.205000
v 3.464000 11.503000 17.705000
v 6.921000 11.503000 17.705000
v 3.659000 11.503000 18.205000
v 6.824000 11.503000 18.205000
v 4.039000 11.503000 18.705000
v 6.496000 11.503000 18.705000
v 7.967000 -0.497000 12.170000
v 7.967000 -0.497000 12.549000
v 8.467000 -0.497000 11.275000
v 8.467000 -0.497000 14.979000
v 8.967000 -0.497000 10.693000
v 8.967000 -0.497000 15.557000
v 9.467000 -0.497000 10.230000
v 9.467000 -0.497000 15.791000
v 9.967000 -0.497000 9.921000
v 9.967000 -0.497000 16.135000
v 10.467000 -0.497000 9.828000
v 10.467000 -0.497000 16.975000
v 10.967000 -0.497000 9.770000
v 10.967000 -0.497000 17.641000
v 11.467000 -0.497000 9.805000
v 11.467000 -0.497000 17.767000
v 11.967000 -0.497000 9.774000
v 11.967000 -0.497000 17.629000
v 12.467000 -0.497000 9.891000
v 12.467000 -0.497000 16.845000
v 12.967000 -0.497000 10.052000
v 12.967000 -0.497000 15.625000
v 13.467000 -0.497000 10.446000
v 13.467000 -0.497000 14.789000
v 0.967000 3.503000 11.826000
v 0.967000 3.503000 12.500000
v 1.467000 3.503000 11.252000
v 1.467000 3.503000 13.101000
v 1.967000 3.503000 11.029000
v 1.967000 3.503000 13.632000
v 2.467000 3.503000 10.853000
v 2.467000 3.503000 14.507000
v 2.967000 3.503000 10.760000
v 2.967000 3.503000 15.826000
v 3.467000 3.503000 10.616000
v 3.467000 3.503000 16.734000
v 3.967000 3.503000 10.177000
v 3.967000 3.503000 17.022000
v 4.467000 3.503000 9.337000
v 4.467000 3.503000 17.167000
v 4.967000 3.503000 8.991000
v 4.967000 3.503000 17.192000
v 5.467000 3.503000 8.900000
v 5.467000 3.503000 17.096000
v 5.967000 3.503000 9.005000
v 5.967000 3.503000 17.067000
v 6.467000 3.503000 9.213000
v 6.467000 3.503000 16.963000
v 6.967000 3.503000 9.308000
v 6.967000 3.503000 16.756000
v 7.467000 3.503000 9.276000
v 7.467000 3.503000 16.674000
v 7.967000 3.503000 9.264000
v 7.967000 3.503000 16.745000
v 8.467000 3.503000 9.337000
v 8.467000 3.503000 16.958000
v 8.967000 3.503000 9.365000
v 8.967000 3.503000 17.044000
v 9.467000 3.503000 9.233000
v 9.467000 3.503000 17.030000
v 9.967000 3.503000 8.961000
v 9.967000 3.503000 17.039000
v 10.467000 3.503000 8.867000
v 10.467000 3.503000 17.103000
v 10.967000 3.503000 8.847000
v 10.967000 3.503000 17.187000
v 11.467000 3.503000 8.778000
v 11.467000 3.503000 17.254000
v 11.967000 3.503000 8.867000
v 11.967000 3.503000 17.200000
v 12.467000 3.503000 9.164000
v 12.467000 3.503000 17.049000
v 12.967000 3.503000 9.857000
v 12.967000 3.503000 16.568000
v 13.467000 3.503000 11.326000
v 13.467000 3.503000 15.583000
v 3.967000 7.503000 9.799000
v 3.967000 7.503000 11.642000
v 3.967000 7.503000 14.592000
v 3.967000 7.503000 16.731000
v 4.467000 7.503000 9.345000
v 4.467000 7.503000 16.916000
v 4.967000 7.503000 9.207000
v 4.967000 7.503000 16.998000
v 5.467000 7.503000 9.327000
v 5.467000 7.503000 16.892000
v 5.967000 7.503000 9.853000
v 5.967000 7.503000 16.695000
v 6.467000 7.503000 11.586000
v 6.467000 7.503000 16.635000
v 6.967000 7.503000 11.995000
v 6.967000 7.503000 16.625000
v 7.467000 7.503000 12.579000
v 7.467000 7.503000 16.632000
v 7.967000 7.503000 13.098000
v 7.967000 7.503000 16.602000
v 8.467000 7.503000 13.412000
v 8.467000 7.503000 16.640000
v 8.967000 7.503000 13.560000
v 8.967000 7.503000 16.712000
v 9.467000 7.503000 13.499000
v 9.467000 7.503000 16.890000
v 9.967000 7.503000 13.394000
v 9.967000 7.503000 17.109000
v 10.467000 7.503000 13.349000
v 10.467000 7.503000 17.227000
v 10.967000 7.503000 13.367000
v 10.967000 7.503000 17.354000
v 11.467000 7.503000 13.472000
v 11.467000 7.503000 17.582000
v 11.967000 7.503000 13.837000
v 11.967000 7.503000 17.910000
v 12.467000 7.503000 14.555000
v 12.467000 7.503000 18.281000
v 12.967000 7.503000 14.973000
v 12.967000 7.503000 18.543000
v 13.467000 7.503000 15.221000
v 13.467000 7.503000 18.610000
v 13.967000 7.503000 15.410000
v 13.967000 7.503000 18.533000
v 14.467000 7.503000 15.744000
v 14.467000 7.503000 18.232000
v 3.467000 11.503000 17.192000
v 3.467000 11.503000 17.719000
v 3.967000 11.503000 15.361000
v 3.967000 11.503000 18.632000
v 4.467000 11.503000 14.671000
v 4.467000 11.503000 18.976000
v 4.967000 11.503000 13.855000
v 4.967000 11.503000 19.078000
v 5.467000 11.503000 13.307000
v 5.467000 11.503000 19.105000
v 5.967000 11.503000 12.875000
v 5.967000 11.503000 19.031000
v 6.467000 11.503000 12.343000
v 6.467000 11.503000 18.733000
v 6.967000 11.503000 12.192000
v 6.967000 11.503000 15.380000
v 7.467000 11.503000 12.263000
v 7.467000 11.503000 14.760000
v 7.967000 11.503000 12.388000
v 7.967000 11.503000 14.536000
v 0.967000 3.602000 12.705000
v 0.967000 5.312000 12.705000
v 1.467000 3.194000 12.705000
v 1.467000 5.669000 12.705000
v 1.967000 2.637000 12.705000
v 1.967000 5.981000 12.705000
v 2.467000 2.172000 12.705000
v 2.467000 6.396000 12.705000
v 2.967000 1.578000 12.705000
v 2.967000 6.731000 12.705000
v 3.467000 1.121000 12.705000
v 3.467000 6.855000 12.705000
v 3.967000 0.763000 12.705000
v 3.967000 7.041000 12.705000
v 4.467000 0.650000 12.705000
v 4.467000 7.618000 12.705000
v 4.967000 0.587000 12.705000
v 4.967000 10.299000 12.705000
v 5.467000 0.467000 12.705000
v 5.467000 10.906000 12.705000
v 5.967000 0.203000 12.705000
v 5.967000 11.368000 12.705000
v 6.467000 0.097000 12.705000
v 6.467000 11.736000 12.705000
v 6.967000 0.097000 12.705000
v 6.967000 11.851000 12.705000
v 7.467000 -0.036000 12.705000
v 7.467000 11.784000 12.705000
v 7.967000 -0.463000 12.705000
v 7.967000 6.793000 12.705000
v 7.967000 9.069000 12.705000
v 7.967000 11.689000 12.705000
v 8.467000 -1.362000 12.705000
v 8.467000 6.393000 12.705000
v 8.467000 9.578000 12.705000
v 8.467000 11.353000 12.705000
v 8.967000 -2.053000 12.705000
v 8.967000 6.029000 12.705000
v 9.467000 -2.473000 12.705000
v 9.467000 5.238000 12.705000
v 9.967000 -2.611000 12.705000
v 9.967000 5.007000 12.705000
v 10.467000 -2.601000 12.705000
v 10.467000 5.006000 12.705000
v 10.967000 -2.605000 12.705000
v 10.967000 5.163000 12.705000
v 11.467000 -2.596000 12.705000
v 11.467000 5.017000 12.705000
v 11.967000 -2.487000 12.705000
v 11.967000 4.752000 12.705000
v 12.467000 -2.432000 12.705000
v 12.467000 4.546000 12.705000
v 12.967000 -2.327000 12.705000
v 12.967000 4.334000 12.705000
v 13.467000 -1.979000 12.705000
v 13.467000 4.019000 12.705000
v 13.967000 1.269000 12.705000
v 13.967000 3.344000 12.705000
v 2.467000 4.766000 16.705000
v 2.467000 5.288000 16.705000
v 2.467000 8.607000 16.705000
v 2.467000 10.396000 16.705000
v 2.967000 4.114000 16.705000
v 2.967000 5.921000 16.705000
v 2.967000 8.179000 16.705000
v 2.967000 10.906000 16.705000
v 3.467000 3.428000 16.705000
v 3.467000 6.319000 16.705000
v 3.467000 7.859000 16.705000
v 3.467000 11.352000 16.705000
v 3.967000 1.658000 16.705000
v 3.967000 6.604000 16.705000
v 3.967000 7.454000 16.705000
v 3.967000 12.061000 16.705000
v 4.467000 1.162000 16.705000
v 4.467000 12.472000 16.705000
v 4.967000 0.825000 16.705000
v 4.967000 5.778000 16.705000
v 4.967000 6.882000 16.705000
v 4.967000 12.590000 16.705000
v 5.467000 0.742000 16.705000
v 5.467000 4.913000 16.705000
v 5.467000 7.091000 16.705000
v 5.467000 12.517000 16.705000
v 5.967000 0.859000 16.705000
v 5.967000 4.216000 16.705000
v 5.967000 7.532000 16.705000
v 5.967000 12.366000 16.705000
v 6.467000 1.243000 16.705000
v 6.467000 4.049000 16.705000
v 6.467000 7.810000 16.705000
v 6.467000 11.950000 16.705000
v 6.967000 1.617000 16.705000
v 6.967000 3.740000 16.705000
v 6.967000 7.904000 16.705000
v 6.967000 11.184000 16.705000
v 7.467000 1.905000 16.705000
v 7.467000 3.374000 16.705000
v 7.467000 7.829000 16.705000
v 7.467000 10.803000 16.705000
v 7.967000 1.945000 16.705000
v 7.967000 3.735000 16.705000
v 7.967000 7.879000 16.705000
v 7.967000 10.595000 16.705000
v 8.467000 1.556000 16.705000
v 8.467000 4.098000 16.705000
v 8.467000 7.832000 16.705000
v 8.467000 10.433000 16.705000
v 8.967000 0.676000 16.705000
v 8.967000 4.181000 16.705000
v 8.967000 7.476000 16.705000
v 8.967000 10.268000 16.705000
v 9.467000 0.302000 16.705000
v 9.467000 4.139000 16.705000
v 9.467000 6.664000 16.705000
v 9.467000 10.184000 16.705000
v 9.967000 -0.038000 16.705000
v 9.967000 10.307000 16.705000
v 10.467000 -0.584000 16.705000
v 10.467000 10.555000 16.705000
v 10.967000 -0.962000 16.705000
v 10.967000 10.856000 16.705000
v 11.467000 -1.068000 16.705000
v 11.467000 10.971000 16.705000
v 11.967000 -0.942000 16.705000
v 11.967000 11.007000 16.705000
v 12.467000 -0.531000 16.705000
v 12.467000 10.922000 16.705000
v 12.967000 0.022000 16.705000
v 12.967000 3.303000 16.705000
v 12.967000 4.625000 16.705000
v 12.967000 10.801000 16.705000
v 13.467000 0.548000 16.705000
v 13.467000 2.750000 16.705000
v 13.467000 5.101000 16.705000
v 13.467000 10.352000 16.705000
v 13.967000 5.499000 16.705000
v 13.967000 9.920000 16.705000
v 14.467000 6.111000 16.705000
v 14.467000 9.335000 16.705000
v 10.432000 0.003000 9.705000
v 12.068000 0.003000 9.705000
v 9.406000 0.003000 10.205000
v 13.009000 0.003000 10.205000
v 8.883000 0.003000 10.705000
v 13.361000 0.003000 10.705000
v 8.455000 0.003000 11.205000
v 13.487000 0.003000 11.205000
v 7.997000 0.003000 11.705000
v 13.546000 0.003000 11.705000
v 7.512000 0.003000 12.205000
v 13.643000 0.003000 12.205000
v 7.382000 0.003000 12.705000
v 13.771000 0.003000 12.705000
v 7.434000 0.003000 13.205000
v 13.959000 0.003000 13.205000
v 7.607000 0.003000 13.705000
v 14.002000 0.003000 13.705000
v 7.647000 0.003000 14.205000
v 13.990000 0.003000 14.205000
v 7.798000 0.003000 14.705000
v 14.016000 0.003000 14.705000
v 8.015000 0.003000 15.205000
v 13.875000 0.003000 15.205000
v 8.551000 0.003000 15.705000
v 13.351000 0.003000 15.705000
v 9.266000 0.003000 16.205000
v 13.040000 0.003000 16.205000
v 9.918000 0.003000 16.705000
v 12.949000 0.003000 16.705000
v 10.127000 0.003000 17.205000
v 12.814000 0.003000 17.205000
v 10.538000 0.003000 17.705000
v 12.377000 0.003000 17.705000
v 5.261000 4.003000 9.205000
v 5.854000 4.003000 9.205000
v 10.211000 4.003000 9.205000
v 12.326000 4.003000 9.205000
v 4.435000 4.003000 9.705000
v 12.678000 4.003000 9.705000
v 3.934000 4.003000 10.205000
v 12.839000 4.003000 10.205000
v 3.220000 4.003000 10.705000
v 12.965000 4.003000 10.705000
v 1.021000 4.003000 11.205000
v 13.034000 4.003000 11.205000
v 0.692000 4.003000 11.705000
v 13.350000 4.003000 11.705000
v 0.611000 4.003000 12.205000
v 13.500000 4.003000 12.205000
v 0.726000 4.003000 12.705000
v 13.484000 4.003000 12.705000
v 1.116000 4.003000 13.205000
v 13.401000 4.003000 13.205000
v 1.621000 4.003000 13.705000
v 13.439000 4.003000 13.705000
v 2.014000 4.003000 14.205000
v 13.474000 4.003000 14.205000
v 2.190000 4.003000 14.705000
v 13.537000 4.003000 14.705000
v 2.392000 4.003000 15.205000
v 13.488000 4.003000 15.205000
v 2.477000 4.003000 15.705000
v 13.305000 4.003000 15.705000
v 2.607000 4.003000 16.205000
v 13.104000 4.003000 16.205000
v 3.068000 4.003000 16.705000
v 6.555000 4.003000 16.705000
v 8.231000 4.003000 16.705000
v 12.734000 4.003000 16.705000
v 4.145000 8.003000 9.205000
v 5.826000 8.003000 9.205000
v 3.770000 8.003000 9.705000
v 6.201000 8.003000 9.705000
v 3.659000 8.003000 10.205000
v 6.308000 8.003000 10.205000
v 3.702000 8.003000 10.705000
v 6.300000 8.003000 10.705000
v 3.937000 8.003000 11.205000
v 6.442000 8.003000 11.205000
v 4.361000 8.003000 11.705000
v 6.865000 8.003000 11.705000
v 4.526000 8.003000 12.205000
v 7.227000 8.003000 12.205000
v 4.565000 8.003000 12.705000
v 7.512000 8.003000 12.705000
v 4.580000 8.003000 13.205000
v 7.992000 8.003000 13.205000
v 4.514000 8.003000 13.705000
v 8.744000 8.003000 13.705000
v 9.517000 8.003000 13.705000
v 11.291000 8.003000 13.705000
v 4.353000 8.003000 14.205000
v 11.869000 8.003000 14.205000
v 3.962000 8.003000 14.705000
v 12.242000 8.003000 14.705000
v 3.643000 8.003000 15.205000
v 12.973000 8.003000 15.205000
v 3.495000 8.003000 15.705000
v 14.504000 8.003000 15.705000
v 3.386000 8.003000 16.205000
v 14.824000 8.003000 16.205000
v 3.221000 8.003000 16.705000
v 14.912000 8.003000 16.705000
v 3.371000 8.003000 17.205000
v 4.549000 8.003000 17.205000
v 9.642000 8.003000 17.205000
v 14.859000 8.003000 17.205000
v 11.327000 8.003000 17.705000
v 14.771000 8.003000 17.705000
v 11.977000 8.003000 18.205000
v 14.456000 8.003000 18.205000
v 12.708000 8.003000 18.705000
v 13.427000 8.003000 18.705000
v 4.831000 12.003000 15.205000
v 5.399000 12.003000 15.205000
v 4.114000 12.003000 15.705000
v 5.902000 12.003000 15.705000
v 3.969000 12.003000 16.205000
v 6.053000 12.003000 16.205000
v 3.925000 12.003000 16.705000
v 6.423000 12.003000 16.705000
v 3.756000 12.003000 17.205000
v 6.714000 12.003000 17.205000
v 3.669000 12.003000 17.705000
v 6.814000 12.003000 17.705000
v 3.777000 12.003000 18.205000
v 6.715000 12.003000 18.205000
v 4.156000 12.003000 18.705000
v 6.345000 12.003000 18.705000
v 7.467000 0.003000 12.274000
v 7.467000 0.003000 13.252000
v 7.967000 0.003000 11.733000
v 7.967000 0.003000 15.129000
v 8.467000 0.003000 11.193000
v 8.467000 0.003000 15.636000
v 8.967000 0.003000 10.606000
v 8.967000 0.003000 16.089000
v 9.467000 0.003000 10.160000
v 9.467000 0.003000 16.281000
v 9.967000 0.003000 9.896000
v 9.967000 0.003000 16.801000
v 10.467000 0.003000 9.697000
v 10.467000 0.003000 17.638000
v 10.967000 0.003000 9.627000
v 10.967000 0.003000 17.980000
v 11.467000 0.003000 9.651000
v 11.467000 0.003000 18.074000
v 11.967000 0.003000 9.673000
v 11.967000 0.003000 17.971000
v 12.467000 0.003000 9.876000
v 12.467000 0.003000 17.623000
v 12.967000 0.003000 10.169000
v 12.967000 0.003000 16.514000
v 13.467000 0.003000 11.029000
v 13.467000 0.003000 15.604000
v 13.967000 0.003000 13.237000
v 13.967000 0.003000 15.001000
v 0.967000 4.003000 11.259000
v 0.967000 4.003000 13.068000
v 1.467000 4.003000 10.924000
v 1.467000 4.003000 13.560000
v 1.967000 4.003000 10.839000
v 1.967000 4.003000 14.121000
v 2.467000 4.003000 10.828000
v 2.467000 4.003000 15.549000
v 2.967000 4.003000 10.769000
v 2.967000 4.003000 16.619000
v 3.467000 4.003000 10.595000
v 3.467000 4.003000 16.959000
v 3.967000 4.003000 10.171000
v 3.967000 4.003000 17.081000
v 4.467000 4.003000 9.668000
v 4.467000 4.003000 17.101000
v 4.967000 4.003000 9.293000
v 4.967000 4.003000 17.027000
v 5.467000 4.003000 9.176000
v 5.467000 4.003000 16.911000
v 5.967000 4.003000 9.231000
v 5.967000 4.003000 16.800000
v 6.467000 4.003000 9.284000
v 6.467000 4.003000 16.723000
v 6.967000 4.003000 9.272000
v 6.967000 4.003000 16.649000
v 7.467000 4.003000 9.269000
v 7.467000 4.003000 16.648000
v 7.967000 4.003000 9.327000
v 7.967000 4.003000 16.654000
v 8.467000 4.003000 9.447000
v 8.467000 4.003000 16.739000
v 8.967000 4.003000 9.582000
v 8.967000 4.003000 16.778000
v 9.467000 4.003000 9.556000
v 9.467000 4.003000 16.759000
v 9.967000 4.003000 9.301000
v 9.967000 4.003000 16.894000
v 10.467000 4.003000 9.155000
v 10.467000 4.003000 17.030000
v 10.967000 4.003000 8.988000
v 10.967000 4.003000 17.095000
v 11.467000 4.003000 8.884000
v 11.467000 4.003000 17.143000
v 11.967000 4.003000 8.982000
v 11.967000 4.003000 17.065000
v 12.467000 4.003000 9.349000
v 12.467000 4.003000 16.887000
v 12.967000 4.003000 10.870000
v 12.967000 4.003000 16.440000
v 13.467000 4.003000 11.979000
v 13.467000 4.003000 12.867000
v 13.467000 4.003000 14.083000
v 13.467000 4.003000 15.284000
v 3.467000 8.003000 15.816000
v 3.467000 8.003000 17.240000
v 3.967000 8.003000 9.382000
v 3.967000 8.003000 11.249000
v 3.967000 8.003000 14.699000
v 3.967000 8.003000 17.228000
v 4.467000 8.003000 9.009000
v 4.467000 8.003000 11.921000
v 4.467000 8.003000 13.915000
v 4.467000 8.003000 17.213000
v 4.967000 8.003000 8.904000
v 4.967000 8.003000 17.160000
v 5.467000 8.003000 8.994000
v 5.467000 8.003000 17.043000
v 5.967000 8.003000 9.340000
v 5.967000 8.003000 16.926000
v 6.467000 8.003000 11.250000
v 6.467000 8.003000 16.784000
v 6.967000 8.003000 11.807000
v 6.967000 8.003000 16.743000
v 7.467000 8.003000 12.644000
v 7.467000 8.003000 16.776000
v 7.967000 8.003000 13.181000
v 7.967000 8.003000 16.762000
v 8.467000 8.003000 13.583000
v 8.467000 8.003000 16.768000
v 8.967000 8.003000 13.747000
v 8.967000 8.003000 16.919000
v 9.467000 8.003000 13.718000
v 9.467000 8.003000 17.100000
v 9.967000 8.003000 13.526000
v 9.967000 8.003000 17.396000
v 10.467000 8.003000 13.431000
v 10.467000 8.003000 17.499000
v 10.967000 8.003000 13.531000
v 10.967000 8.003000 17.549000
v 11.467000 8.003000 13.831000
v 11.467000 8.003000 17.803000
v 11.967000 8.003000 14.317000
v 11.967000 8.003000 18.195000
v 12.467000 8.003000 14.944000
v 12.467000 8.003000 18.613000
v 12.967000 8.003000 15.203000
v 12.967000 8.003000 18.742000
v 13.467000 8.003000 15.275000
v 13.467000 8.003000 18.695000
v 13.967000 8.003000 15.369000
v 13.967000 8.003000 18.530000
v 14.467000 8.003000 15.669000
v 14.467000 8.003000 18.194000
v 3.967000 12.003000 16.419000
v 3.967000 12.003000 18.516000
v 4.467000 12.003000 15.359000
v 4.467000 12.003000 18.893000
v 4.967000 12.003000 15.168000
v 4.967000 12.003000 19.001000
v 5.467000 12.003000 15.222000
v 5.467000 12.003000 19.003000
v 5.967000 12.003000 15.994000
v 5.967000 12.003000 18.923000
v 6.467000 12.003000 16.772000
v 6.467000 12.003000 18.590000
v 4.467000 7.657000 9.205000
v 4.467000 9.267000 9.205000
v 4.967000 1.631000 9.205000
v 4.967000 3.877000 9.205000
v 4.967000 7.505000 9.205000
v 4.967000 9.420000 9.205000
v 5.467000 1.496000 9.205000
v 5.467000 4.051000 9.205000
v 5.467000 7.634000 9.205000
v 5.467000 9.290000 9.205000
v 5.967000 1.634000 9.205000
v 5.967000 3.936000 9.205000
v 6.467000 2.312000 9.205000
v 6.467000 3.375000 9.205000
v 9.467000 1.652000 9.205000
v 9.467000 3.416000 9.205000
v 9.967000 1.107000 9.205000
v 9.967000 3.905000 9.205000
v 10.467000 0.653000 9.205000
v 10.467000 4.058000 9.205000
v 10.967000 0.527000 9.205000
v 10.967000 4.336000 9.205000
v 11.467000 0.537000 9.205000
v 11.467000 4.473000 9.205000
v 11.967000 0.661000 9.205000
v 11.967000 4.344000 9.205000
v 12.467000 1.136000 9.205000
v 12.467000 3.645000 9.205000
v 1.467000 3.588000 13.205000
v 1.467000 5.472000 13.205000
v 1.967000 3.075000 13.205000
v 1.967000 5.944000 13.205000
v 2.467000 2.585000 13.205000
v 2.467000 6.303000 13.205000
v 2.967000 1.715000 13.205000
v 2.967000 6.502000 13.205000
v 3.467000 1.263000 13.205000
v 3.467000 6.664000 13.205000
v 3.967000 0.868000 13.205000
v 3.967000 6.891000 13.205000
v 4.467000 0.676000 13.205000
v 4.467000 7.553000 13.205000
v 4.467000 8.959000 13.205000
v 4.467000 9.694000 13.205000
v 4.967000 0.577000 13.205000
v 4.967000 10.873000 13.205000
v 5.467000 0.455000 13.205000
v 5.467000 11.405000 13.205000
v 5.967000 0.203000 13.205000
v 5.967000 11.700000 13.205000
v 6.467000 0.116000 13.205000
v 6.467000 11.857000 13.205000
v 6.967000 0.091000 13.205000
v 6.967000 11.948000 13.205000
v 7.467000 -0.009000 13.205000
v 7.467000 11.881000 13.205000
v 7.967000 -0.302000 13.205000
v 7.967000 11.790000 13.205000
v 8.467000 -1.094000 13.205000
v 8.467000 7.152000 13.205000
v 8.467000 9.261000 13.205000
v 8.467000 11.487000 13.205000
v 8.967000 -2.369000 13.205000
v 8.967000 7.029000 13.205000
v 9.467000 -2.895000 13.205000
v 9.467000 6.951000 13.205000
v 9.967000 -3.050000 13.205000
v 9.967000 6.459000 13.205000
v 10.467000 -3.060000 13.205000
v 10.467000 6.031000 13.205000
v 10.967000 -2.963000 13.205000
v 10.967000 6.120000 13.205000
v 11.467000 -2.787000 13.205000
v 11.467000 5.906000 13.205000
v 11.967000 -2.550000 13.205000
v 11.967000 5.203000 13.205000
v 12.467000 -2.363000 13.205000
v 12.467000 4.792000 13.205000
v 12.967000 -2.209000 13.205000
v 12.967000 4.406000 13.205000
v 13.467000 -1.808000 13.205000
v 13.467000 3.939000 13.205000
v 13.967000 0.034000 13.205000
v 13.967000 3.455000 13.205000
v 2.467000 8.487000 17.205000
v 2.467000 10.516000 17.205000
v 2.967000 8.147000 17.205000
v 2.967000 11.052000 17.205000
v 3.467000 7.990000 17.205000
v 3.467000 11.506000 17.205000
v 3.967000 7.985000 17.205000
v 3.967000 12.372000 17.205000
v 4.467000 1.657000 17.205000
v 4.467000 3.376000 17.205000
v 4.467000 7.990000 17.205000
v 4.467000 12.752000 17.205000
v 4.967000 1.191000 17.205000
v 4.967000 3.478000 17.205000
v 4.967000 8.107000 17.205000
v 4.967000 12.861000 17.205000
v 5.467000 1.076000 17.205000
v 5.467000 3.314000 17.205000
v 5.467000 8.457000 17.205000
v 5.467000 12.795000 17.205000
v 5.967000 1.240000 17.205000
v 5.967000 2.981000 17.205000
v 5.967000 8.675000 17.205000
v 5.967000 12.706000 17.205000
v 6.467000 9.051000 17.205000
v 6.467000 12.376000 17.205000
v 6.967000 9.403000 17.205000
v 6.967000 11.313000 17.205000
v 9.467000 0.680000 17.205000
v 9.467000 2.981000 17.205000
v 9.467000 8.375000 17.205000
v 9.467000 9.056000 17.205000
v 9.967000 0.159000 17.205000
v 9.967000 3.083000 17.205000
v 9.967000 7.675000 17.205000
v 9.967000 10.379000 17.205000
v 10.467000 -0.414000 17.205000
v 10.467000 3.134000 17.205000
v 10.467000 7.456000 17.205000
v 10.467000 10.877000 17.205000
v 10.967000 -0.764000 17.205000
v 10.967000 3.452000 17.205000
v 10.967000 6.848000 17.205000
v 10.967000 11.208000 17.205000
v 11.467000 -0.857000 17.205000
v 11.467000 3.648000 17.205000
v 11.467000 5.509000 17.205000
v 11.467000 11.293000 17.205000
v 11.967000 -0.755000 17.205000
v 11.967000 3.492000 17.205000
v 11.967000 5.104000 17.205000
v 11.967000 11.332000 17.205000
v 12.467000 -0.389000 17.205000
v 12.467000 3.252000 17.205000
v 12.467000 5.025000 17.205000
v 12.467000 11.279000 17.205000
v 12.967000 0.169000 17.205000
v 12.967000 2.786000 17.205000
v 12.967000 5.086000 17.205000
v 12.967000 11.196000 17.205000
v 13.467000 0.680000 17.205000
v 13.467000 2.360000 17.205000
v 13.467000 5.260000 17.205000
v 13.467000 10.858000 17.205000
v 13.967000 5.604000 17.205000
v 13.967000 10.349000 17.205000
v 14.467000 5.982000 17.205000
v 14.467000 9.502000 17.205000
f 729 1359 1505
f 1359 730 1505
f 731 1737 1875
f 1875 1737 2295
f 2295 1737 2157
f 2295 2157 2715
f 2715 2157 2581
f 2715 2581 3131
f 3131 2581 3001
f 3001 732 3131
f 733 493 635
f 635 493 1081
f 1081 493 925
f 729 1505 925
f 1505 1081 925
f 1505 1507 1081
f 1771 1923 730
f 1923 1505 730
f 1923 1507 1505
f 1923 1771 2341
f 2341 1771 2191
f 2341 2191 2755
f 2755 2191 2615
f 2755 2615 285
f 2615 3033 285
f 2615 3035 3033
f 3035 83 3033
f 85 83 3035
f 85 525 83
f 527 525 85
f 527 734 525
f 525 734 286
f 735 887 1031
f 1031 887 287
f 887 1323 287
f 887 1325 1323
f 1325 731 1875
f 1735 1325 1875
f 1323 1325 1735
f 2295 2155 1735
f 2295 1735 1875
f 2715 2579 2155
f 2715 2155 2295
f 3131 2999 2579
f 3131 2579 2715
f 732 43 183
f 732 183 288
f 3131 732 288
f 2999 3131 288
f 733 635 43
f 635 183 43
f 635 637 183
f 635 1083 637
f 635 1081 1083
f 1081 1509 1083
f 1081 1507 1509
f 1507 1925 1509
f 1507 1923 1925
f 2341 2189 289
f 1925 2341 289
f 1923 2341 1925
f 2755 2613 2189
f 2755 2189 2341
f 2755 285 2613
f 959 286 734
f 959 734 961
f 961 736 959
f 959 736 290
f 737 451 585
f 735 1031 451
f 451 1031 585
f 1031 883 585
f 883 291 585
f 1031 287 883
f 183 39 288
f 637 491 39
f 637 39 183
f 1085 292 491
f 637 1085 491
f 1083 1085 637
f 1083 1511 1085
f 1083 1509 1511
f 1509 1927 1511
f 1509 1925 1927
f 1925 289 293
f 1925 293 1927
f 290 738 294
f 736 738 290
f 587 739 585
f 585 739 737
f 585 291 295
f 585 295 587
f 1087 296 292
f 1087 292 1085
f 1085 1513 1087
f 1085 1511 1513
f 1511 1929 1513
f 1511 1927 1929
f 1927 293 2190
f 2349 1927 2190
f 1929 1927 2349
f 297 2349 2190
f 294 740 298
f 738 740 294
f 589 741 587
f 587 741 739
f 587 295 299
f 587 299 589
f 1089 300 296
f 1089 296 1087
f 1087 1515 1089
f 1087 1513 1515
f 742 1515 1772
f 1515 1929 1772
f 1515 1513 1929
f 1772 1929 2192
f 2192 1929 2349
f 2765 743 2614
f 2614 743 297
f 743 2192 297
f 2192 2349 297
f 301 2765 2614
f 962 744 302
f 962 302 960
f 960 298 962
f 962 298 740
f 589 452 741
f 1039 745 884
f 884 745 299
f 745 452 299
f 452 589 299
f 303 1039 884
f 1091 304 300
f 1091 300 1089
f 746 1091 1360
f 1091 1515 1360
f 1091 1089 1515
f 1515 742 1360
f 2765 2616 743
f 301 3034 2765
f 3034 2616 2765
f 3034 3036 2616
f 84 3036 3034
f 84 86 3036
f 526 86 84
f 526 528 86
f 526 302 528
f 528 302 744
f 1039 888 745
f 747 888 1039
f 303 747 1039
f 305 747 303
f 304 1091 926
f 748 304 926
f 306 304 748
f 1091 746 926
f 749 305 307
f 749 747 305
f 306 750 308
f 748 750 306
f 751 307 309
f 751 749 307
f 492 651 310
f 492 308 651
f 308 752 651
f 308 750 752
f 753 889 1047
f 311 1047 889
f 751 311 889
f 309 311 751
f 40 199 312
f 651 494 310
f 310 494 40
f 494 754 40
f 754 199 40
f 651 752 494
f 755 453 601
f 753 1047 453
f 453 1047 601
f 1047 885 601
f 885 313 601
f 1047 311 885
f 312 199 44
f 756 312 44
f 314 312 756
f 199 754 44
f 757 2963 3099
f 3099 2963 149
f 149 2963 3
f 755 601 3
f 3 601 149
f 601 449 149
f 449 315 149
f 601 313 449
f 314 758 316
f 756 758 314
f 759 2123 2271
f 2271 2123 2687
f 2687 2123 2543
f 757 3099 2543
f 3099 2687 2543
f 3099 3101 2687
f 149 1 317
f 3101 149 317
f 3099 149 3101
f 149 315 1
f 316 760 318
f 758 760 316
f 761 1705 1853
f 759 2271 1705
f 2271 1853 1705
f 2271 2273 1853
f 2271 2689 2273
f 2271 2687 2689
f 3101 2961 319
f 2689 3101 319
f 2687 3101 2689
f 3101 317 2961
f 760 45 207
f 320 760 207
f 318 760 320
f 45 762 207
f 763 1295 1437
f 761 1853 1295
f 1853 1437 1295
f 1853 1855 1437
f 1853 2275 1855
f 1853 2273 2275
f 2273 2691 2275
f 2273 2689 2691
f 2689 319 321
f 2689 321 2691
f 207 41 320
f 207 762 41
f 762 322 41
f 762 764 322
f 1439 765 1437
f 1437 765 763
f 1437 1857 1439
f 1437 1855 1857
f 1855 2277 1857
f 1855 2275 2277
f 2275 2693 2277
f 2275 2691 2693
f 2691 321 323
f 2691 323 2693
f 322 766 324
f 764 766 322
f 1441 767 1439
f 1439 767 765
f 1439 1859 1441
f 1439 1857 1859
f 1857 2279 1859
f 1857 2277 2279
f 2277 2695 2279
f 2277 2693 2695
f 2693 323 325
f 2693 325 2695
f 324 768 326
f 766 768 324
f 1443 769 1441
f 1441 769 767
f 1441 1861 1443
f 1441 1859 1861
f 1859 2281 1861
f 1859 2279 2281
f 2279 2697 2281
f 2279 2695 2697
f 2695 325 2962
f 3111 2695 2962
f 2697 2695 3111
f 2 161 3111
f 2 3111 2962
f 327 161 2
f 46 770 328
f 46 328 42
f 42 326 46
f 46 326 768
f 1445 771 1443
f 1443 771 769
f 1443 1863 1445
f 1443 1861 1863
f 1861 2283 1863
f 1861 2281 2283
f 2281 2699 2283
f 2281 2697 2699
f 2697 3113 2699
f 2697 3111 3113
f 3111 163 3113
f 3111 161 163
f 161 327 450
f 617 161 450
f 163 161 617
f 329 617 450
f 2580 2751 330
f 3002 772 2751
f 2580 3002 2751
f 3000 3002 2580
f 3000 328 3002
f 3002 328 770
f 1445 1296 771
f 1296 1445 1706
f 1706 1445 1863
f 1706 1863 2124
f 2124 1863 2283
f 2124 2283 2544
f 2544 2283 2699
f 2544 2699 2964
f 2964 2699 3113
f 2964 3113 4
f 4 3113 163
f 4 163 454
f 454 163 617
f 329 886 617
f 886 454 617
f 886 890 454
f 1324 890 886
f 1324 1326 890
f 1736 1326 1324
f 1736 1738 1326
f 2156 1738 1736
f 2156 2158 1738
f 2751 2582 330
f 2582 2156 330
f 2582 2158 2156
f 2751 772 2582
f 172 65 331
f 626 507 172
f 172 507 65
f 626 332 507
f 3124 3015 333
f 67 172 331
f 67 331 3015
f 773 67 3015
f 3124 773 3015
f 172 67 509
f 172 509 626
f 939 332 626
f 509 939 626
f 941 939 509
f 1498 1373 774
f 1373 941 774
f 1373 939 941
f 1498 334 1373
f 775 2597 335
f 335 2597 2595
f 3017 3124 333
f 2595 3017 333
f 2597 3017 2595
f 773 3124 3017
f 1375 1498 774
f 1375 776 1498
f 776 334 1498
f 776 336 334
f 1872 1751 337
f 777 2173 1872
f 2173 1751 1872
f 2173 2171 1751
f 335 2171 2173
f 335 2173 775
f 336 778 338
f 776 778 336
f 779 1341 339
f 339 1341 1339
f 1753 1872 337
f 1339 1753 337
f 1341 1753 1339
f 777 1872 1753
f 1785 338 778
f 1785 778 1787
f 1787 780 1785
f 1785 780 340
f 781 905 341
f 341 905 903
f 339 903 905
f 339 905 779
f 780 2207 2343
f 342 780 2343
f 340 780 342
f 2207 782 2343
f 783 471 343
f 343 471 469
f 341 469 471
f 341 471 781
f 2343 2205 342
f 2205 2343 782
f 2631 2205 782
f 2629 2205 2631
f 344 2629 3181
f 2629 3053 3181
f 2629 2631 3053
f 3181 3053 345
f 3053 99 345
f 3053 101 99
f 101 541 99
f 543 541 101
f 543 975 541
f 977 975 543
f 977 1401 975
f 1403 1401 977
f 1403 1813 1401
f 1815 1813 1403
f 346 1813 2393
f 1813 2235 2393
f 1813 1815 2235
f 2235 784 2393
f 785 343 347
f 785 783 343
f 3181 3049 344
f 3181 345 3049
f 2393 2233 346
f 784 2659 2807
f 784 2807 348
f 2393 784 348
f 2233 2393 348
f 2659 786 2807
f 787 21 349
f 349 21 19
f 347 19 21
f 347 21 785
f 2807 2657 348
f 2807 786 2657
f 786 350 2657
f 786 788 350
f 789 349 351
f 789 787 349
f 350 790 352
f 788 790 350
f 791 351 353
f 791 789 351
f 352 792 354
f 790 792 352
f 793 353 355
f 793 791 353
f 354 794 356
f 792 794 354
f 795 355 357
f 795 793 355
f 356 796 358
f 794 796 356
f 797 2979 359
f 359 2979 2977
f 357 2977 2979
f 357 2979 795
f 358 798 360
f 796 798 358
f 799 2559 361
f 361 2559 2557
f 359 2557 2559
f 359 2559 797
f 2660 800 362
f 2660 362 2658
f 2658 360 2660
f 2660 360 798
f 801 873 363
f 363 873 871
f 873 1309 871
f 1311 1309 873
f 1311 1719 1309
f 1721 1719 1311
f 1721 2137 1719
f 2139 2137 1721
f 361 2137 2139
f 361 2139 799
f 3050 3199 364
f 100 251 3199
f 100 3199 3050
f 365 251 100
f 1816 802 366
f 1816 366 1814
f 2234 1816 1814
f 2234 2236 1816
f 2234 362 2236
f 2236 362 800
f 803 443 367
f 367 443 441
f 363 441 443
f 363 443 801
f 3201 368 364
f 3201 364 3199
f 3199 253 3201
f 3199 251 253
f 251 365 542
f 707 251 542
f 253 251 707
f 976 1153 707
f 976 707 542
f 1404 804 1153
f 976 1404 1153
f 1402 1404 976
f 1402 366 1404
f 1404 366 802
f 805 367 369
f 805 803 367
f 3201 3051 368
f 255 370 3051
f 3201 255 3051
f 253 255 3201
f 253 709 255
f 253 707 709
f 806 709 978
f 709 1153 978
f 709 707 1153
f 1153 804 978
f 807 369 371
f 807 805 369
f 257 372 370
f 257 370 255
f 255 711 257
f 255 709 711
f 709 806 711
f 711 806 808
f 809 371 373
f 809 807 371
f 259 374 372
f 259 372 257
f 810 259 544
f 259 711 544
f 259 257 711
f 711 808 544
f 577 811 442
f 811 373 442
f 811 809 373
f 375 577 442
f 3052 3209 376
f 259 102 374
f 374 102 3052
f 102 812 3052
f 812 3209 3052
f 259 810 102
f 577 444 811
f 375 377 577
f 377 874 577
f 874 444 577
f 377 1020 874
f 813 874 1020
f 2630 2789 378
f 3209 3054 376
f 376 3054 2630
f 3054 814 2630
f 814 2789 2630
f 3209 812 3054
f 872 1020 377
f 1312 813 1444
f 1444 813 379
f 813 1020 379
f 1020 872 379
f 815 1312 1444
f 1374 1541 380
f 1786 1957 1541
f 1786 1541 1374
f 2206 2377 1957
f 2206 1957 1786
f 2789 2632 378
f 378 2632 2206
f 2632 816 2206
f 816 2377 2206
f 2789 814 2632
f 1310 1444 379
f 1722 815 1864
f 1864 815 381
f 815 1444 381
f 1444 1310 381
f 817 1722 1864
f 510 818 382
f 510 382 508
f 940 510 508
f 940 942 510
f 1541 1376 380
f 1376 940 380
f 1376 942 940
f 1376 1541 1788
f 1788 1541 1957
f 1788 1957 2208
f 2208 1957 2377
f 2377 816 2208
f 1720 1864 381
f 2140 817 2286
f 2286 817 383
f 817 1864 383
f 1864 1720 383
f 819 2140 2286
f 3016 3171 384
f 68 820 3171
f 3016 68 3171
f 66 68 3016
f 66 382 68
f 68 382 818
f 2138 2286 383
f 2286 2138 819
f 2138 2560 819
f 2138 2558 2560
f 821 2560 2558
f 821 2558 385
f 2598 822 386
f 2598 386 2596
f 3171 3018 384
f 3018 2596 384
f 3018 2598 2596
f 3171 820 3018
f 385 2978 821
f 821 2978 2980
f 20 2980 2978
f 20 22 2980
f 470 22 20
f 470 472 22
f 904 472 470
f 904 906 472
f 1340 906 904
f 1340 1342 906
f 1752 1342 1340
f 1752 1754 1342
f 2172 1754 1752
f 2172 2174 1754
f 2172 386 2174
f 2174 386 822
f 676 559 387
f 1124 993 676
f 676 993 559
f 1552 1419 1124
f 1124 1419 993
f 1552 388 1419
f 224 117 389
f 563 676 387
f 563 387 117
f 823 563 117
f 224 823 117
f 676 563 997
f 676 997 1124
f 1124 997 1423
f 1124 1423 1552
f 824 1970 1835
f 824 1835 388
f 1423 824 388
f 1552 1423 388
f 1970 390 1835
f 391 226 389
f 389 226 224
f 823 224 226
f 823 226 825
f 1839 1970 824
f 2253 390 1970
f 1839 2253 1970
f 2257 2253 1839
f 2802 2673 826
f 2673 2257 826
f 2673 2253 2257
f 2802 392 2673
f 393 230 391
f 391 230 226
f 825 226 230
f 825 230 827
f 2675 2802 826
f 3085 392 2802
f 2675 3085 2802
f 3087 3085 2675
f 3087 828 3085
f 3085 828 394
f 118 230 393
f 564 827 688
f 688 827 395
f 827 230 395
f 230 118 395
f 829 564 688
f 129 394 828
f 129 828 131
f 131 830 129
f 129 830 396
f 397 690 395
f 395 690 688
f 829 688 690
f 829 690 831
f 396 832 398
f 830 832 396
f 560 690 397
f 998 831 1138
f 1138 831 399
f 831 690 399
f 690 560 399
f 833 998 1138
f 398 834 400
f 832 834 398
f 994 1138 399
f 1424 833 1566
f 1566 833 401
f 833 1138 401
f 1138 994 401
f 835 1424 1566
f 400 836 402
f 834 836 400
f 1420 1566 401
f 1840 835 1984
f 1984 835 403
f 835 1566 403
f 1566 1420 403
f 837 1840 1984
f 132 838 284
f 284 404 132
f 404 836 132
f 404 402 836
f 1836 1984 403
f 1984 1836 837
f 1836 2258 837
f 1836 2254 2258
f 2674 2258 2254
f 2674 2676 2258
f 3086 2676 2674
f 3086 3088 2676
f 838 3088 284
f 3088 130 284
f 3088 3086 130
f 404 284 130
f 606 489 405
f 606 406 489
f 1582 1421 407
f 1582 408 1421
f 154 37 409
f 37 154 405
f 154 606 405
f 154 608 606
f 406 606 923
f 606 1056 923
f 606 608 1056
f 1056 410 923
f 258 119 411
f 712 561 258
f 258 561 119
f 839 999 712
f 999 561 712
f 999 995 561
f 1425 1582 407
f 995 1425 407
f 999 1425 995
f 1837 408 1582
f 1425 1837 1582
f 1841 1837 1425
f 1841 840 1837
f 1837 840 412
f 3106 2993 413
f 2993 3106 409
f 3106 154 409
f 3106 156 154
f 610 154 156
f 608 154 610
f 1058 608 610
f 1056 608 1058
f 410 1056 1357
f 1056 1482 1357
f 1056 1058 1482
f 1482 414 1357
f 415 260 411
f 411 260 258
f 260 841 565
f 712 260 565
f 258 260 712
f 839 712 565
f 2255 412 840
f 2255 840 2259
f 2259 842 2255
f 2255 842 416
f 2694 2573 417
f 2573 2694 413
f 2694 3106 413
f 2694 3108 3106
f 158 3106 3108
f 156 3106 158
f 612 156 158
f 610 156 612
f 1060 610 612
f 1058 610 1060
f 1484 1058 1060
f 1482 1058 1484
f 414 1482 418
f 418 1482 1484
f 3210 3069 419
f 121 260 415
f 121 415 3069
f 843 121 3069
f 3210 843 3069
f 841 260 121
f 416 844 420
f 842 844 416
f 2574 2694 417
f 421 3110 2574
f 3110 2694 2574
f 3110 3108 2694
f 160 3108 3110
f 158 3108 160
f 614 158 160
f 612 158 614
f 1062 612 614
f 1060 612 1062
f 1486 1060 1062
f 1484 1060 1486
f 418 1484 422
f 422 1484 1486
f 2376 2223 423
f 2790 2647 2376
f 2376 2647 2223
f 2647 2790 419
f 2790 3210 419
f 2790 3212 3210
f 843 3210 3212
f 843 3212 845
f 420 846 424
f 844 846 420
f 2994 3110 421
f 425 162 2994
f 162 3110 2994
f 162 160 3110
f 616 160 162
f 614 160 616
f 1064 614 616
f 1062 614 1064
f 1488 1062 1064
f 1486 1062 1488
f 422 1486 1769
f 1486 1910 1769
f 1486 1488 1910
f 1910 426 1769
f 1542 1391 427
f 1958 1803 1542
f 1542 1803 1391
f 1803 1958 423
f 1958 2376 423
f 1958 2378 2376
f 2378 847 2649
f 2790 2378 2649
f 2376 2378 2790
f 2790 2649 3071
f 2790 3071 3212
f 845 3212 3071
f 424 848 428
f 846 848 424
f 38 162 425
f 429 618 38
f 618 162 38
f 618 616 162
f 1066 616 618
f 1064 616 1066
f 1490 1064 1066
f 1488 1064 1490
f 1770 1910 430
f 1910 1490 430
f 1910 1488 1490
f 426 1910 1770
f 1118 957 431
f 957 1118 427
f 1118 1542 427
f 1118 1544 1542
f 1544 849 1805
f 1958 1544 1805
f 1542 1544 1958
f 1958 1805 2225
f 1958 2225 2378
f 847 2378 2225
f 428 850 432
f 848 850 428
f 490 618 429
f 924 1066 490
f 490 1066 618
f 1358 1490 924
f 924 1490 1066
f 430 1490 1358
f 958 1118 431
f 433 1546 958
f 1546 1118 958
f 1546 1544 1118
f 849 1544 1546
f 849 1546 851
f 2260 852 2422
f 2422 434 2260
f 434 850 2260
f 434 432 850
f 435 1548 433
f 433 1548 1546
f 851 1546 1548
f 851 1548 853
f 1842 854 2010
f 2422 852 1842
f 2422 1842 2010
f 2256 2422 2010
f 436 2256 2010
f 434 2422 2256
f 1392 1548 435
f 1806 853 1966
f 1966 853 437
f 853 1548 437
f 1548 1392 437
f 1806 1966 2386
f 1806 2386 2226
f 855 2226 2386
f 3072 856 3222
f 857 3072 3222
f 566 858 728
f 566 728 438
f 996 566 438
f 1000 566 996
f 1422 1000 996
f 1422 1426 1000
f 854 1426 2010
f 1426 1838 2010
f 1426 1422 1838
f 436 2010 1838
f 1804 1966 437
f 2224 2386 1804
f 1804 2386 1966
f 2386 2224 855
f 2224 2650 855
f 2224 2648 2650
f 856 2650 3222
f 2650 3070 3222
f 2650 2648 3070
f 3222 3070 857
f 3070 122 857
f 3070 120 122
f 858 122 728
f 122 562 728
f 122 120 562
f 438 728 562
f 1173 495 631
f 631 495 1077
f 1077 495 927
f 1077 927 1503
f 1503 927 1361
f 1361 1174 1503
f 1175 1739 1873
f 1873 1739 2293
f 2293 1739 2159
f 2293 2159 2713
f 2713 2159 2583
f 2713 2583 3129
f 3129 2583 3003
f 3129 3003 179
f 179 3003 47
f 1173 631 47
f 631 179 47
f 631 633 179
f 631 1079 633
f 631 1077 1079
f 1503 1359 729
f 1079 1503 729
f 1077 1503 1079
f 1174 1773 1921
f 1174 1921 730
f 1503 1174 730
f 1359 1503 730
f 1773 1176 1921
f 1177 1327 1453
f 1175 1873 1327
f 1327 1873 1453
f 1873 1737 1453
f 1737 731 1453
f 2293 2157 1737
f 2293 1737 1873
f 2713 2581 2157
f 2713 2157 2293
f 3129 3001 2581
f 3129 2581 2713
f 181 732 3001
f 3129 181 3001
f 179 181 3129
f 633 493 733
f 181 633 733
f 179 633 181
f 1079 925 493
f 1079 493 633
f 1079 729 925
f 1921 1771 730
f 1771 1921 1176
f 2193 1771 1176
f 2191 1771 2193
f 2193 2615 2191
f 2617 2615 2193
f 2617 3035 2615
f 3037 3035 2617
f 3037 85 3035
f 87 85 3037
f 87 527 85
f 529 527 87
f 529 1178 527
f 527 1178 734
f 1179 891 735
f 735 891 887
f 891 1177 1453
f 1325 891 1453
f 887 891 1325
f 1453 731 1325
f 181 43 732
f 181 733 43
f 961 734 1178
f 961 1178 963
f 963 1180 961
f 961 1180 736
f 1181 455 737
f 737 455 451
f 735 451 455
f 735 455 1179
f 736 1182 738
f 1180 1182 736
f 1183 737 739
f 1183 1181 737
f 738 1184 740
f 1182 1184 738
f 1185 739 741
f 1185 1183 739
f 1772 1931 742
f 2192 2351 1931
f 2192 1931 1772
f 743 2351 2192
f 964 1186 744
f 964 744 962
f 962 740 964
f 964 740 1184
f 591 1187 452
f 1187 741 452
f 1187 1185 741
f 745 591 452
f 1360 1517 746
f 1931 1774 742
f 742 1774 1360
f 1774 1188 1360
f 1188 1517 1360
f 1774 1931 2194
f 2194 1931 2351
f 743 2616 2351
f 2616 2194 2351
f 2616 2618 2194
f 3036 2618 2616
f 3036 3038 2618
f 86 3038 3036
f 86 88 3038
f 528 88 86
f 528 530 88
f 528 744 530
f 530 744 1186
f 591 456 1187
f 1041 1189 888
f 888 1189 745
f 1189 456 745
f 456 591 745
f 747 1041 888
f 926 1093 748
f 1517 1362 746
f 746 1362 926
f 1362 1190 926
f 1190 1093 926
f 1517 1188 1362
f 1043 1191 1041
f 1041 1191 1189
f 1041 747 749
f 1041 749 1043
f 748 1093 928
f 1192 748 928
f 750 748 1192
f 1093 1190 928
f 1045 1193 1043
f 1043 1193 1191
f 1043 749 751
f 1043 751 1045
f 750 1194 752
f 1192 1194 750
f 1195 457 599
f 1193 1045 457
f 457 1045 599
f 1045 889 599
f 889 753 599
f 1045 751 889
f 494 653 754
f 494 752 653
f 752 1196 653
f 752 1194 1196
f 1197 2545 2683
f 2683 2545 3097
f 3097 2545 2965
f 3097 2965 147
f 147 2965 5
f 1195 599 5
f 5 599 147
f 599 453 147
f 453 755 147
f 599 753 453
f 44 201 756
f 653 496 754
f 754 496 44
f 496 1198 44
f 1198 201 44
f 653 1196 496
f 1199 2125 2269
f 1197 2683 2125
f 2683 2269 2125
f 2683 2685 2269
f 3097 2963 757
f 2685 3097 757
f 2683 3097 2685
f 147 3 2963
f 147 2963 3097
f 147 755 3
f 203 758 756
f 203 756 201
f 201 1198 203
f 203 1198 1200
f 1201 1707 1851
f 1199 2269 1707
f 1707 2269 1851
f 2269 2123 1851
f 2123 759 1851
f 2685 2543 2123
f 2685 2123 2269
f 2685 757 2543
f 758 203 48
f 1202 758 48
f 760 758 1202
f 203 1200 48
f 1203 1297 1435
f 1201 1851 1297
f 1297 1851 1435
f 1851 1705 1435
f 1705 761 1435
f 1851 759 1705
f 45 760 1202
f 45 1202 49
f 49 1204 45
f 45 1204 762
f 1295 763 1435
f 763 1203 1435
f 763 1205 1203
f 1435 761 1295
f 762 1206 764
f 1204 1206 762
f 1207 763 765
f 1207 1205 763
f 764 1208 766
f 1206 1208 764
f 1209 859 1017
f 767 1017 859
f 1207 767 859
f 765 767 1207
f 766 1210 768
f 1208 1210 766
f 1021 1211 1017
f 1017 1211 1209
f 1017 767 769
f 1017 769 1021
f 50 1212 770
f 50 770 46
f 46 768 50
f 50 768 1210
f 1023 1213 1021
f 1021 1213 1211
f 1021 769 771
f 1021 771 1023
f 3004 1214 772
f 3004 772 3002
f 3002 770 3004
f 3004 770 1212
f 1023 860 1213
f 1447 1215 1296
f 1296 1215 771
f 1215 860 771
f 860 1023 771
f 1706 1865 1447
f 1706 1447 1296
f 2124 2285 1865
f 2124 1865 1706
f 2544 2701 2285
f 2544 2285 2124
f 2966 1216 2701
f 2544 2966 2701
f 2964 2966 2544
f 4 2966 2964
f 4 6 2966
f 454 6 4
f 454 458 6
f 890 458 454
f 890 892 458
f 1326 892 890
f 1326 1328 892
f 1738 1328 1326
f 1738 1740 1328
f 2158 1740 1738
f 2158 2160 1740
f 2582 2160 2158
f 2582 2584 2160
f 2582 772 2584
f 2584 772 1214
f 1447 1298 1215
f 1298 1447 1708
f 1708 1447 1865
f 1708 1865 2126
f 2126 1865 2285
f 2126 2285 2546
f 2546 2285 2701
f 2701 1216 2546
f 174 67 773
f 1217 511 174
f 511 67 174
f 511 509 67
f 1074 941 1218
f 941 511 1218
f 941 509 511
f 1074 774 941
f 2710 2597 775
f 1219 3019 2710
f 3019 2597 2710
f 3019 3017 2597
f 69 174 773
f 3017 69 773
f 3019 69 3017
f 1217 174 69
f 943 1074 1218
f 1375 774 1074
f 943 1375 1074
f 1377 1375 943
f 1377 1220 1375
f 1375 1220 776
f 2292 2173 777
f 2599 2710 775
f 2599 775 2173
f 1221 2599 2173
f 2292 1221 2173
f 1219 2710 2599
f 776 1222 778
f 1220 1222 776
f 1452 1341 779
f 1223 1755 1452
f 1755 1341 1452
f 1755 1753 1341
f 2175 2292 777
f 1753 2175 777
f 1755 2175 1753
f 1221 2292 2175
f 1787 778 1222
f 1787 1222 1789
f 1789 1224 1787
f 1787 1224 780
f 1030 905 781
f 1343 1452 779
f 1343 779 905
f 1225 1343 905
f 1030 1225 905
f 1223 1452 1343
f 2207 780 1224
f 2207 1224 2209
f 782 2207 2757
f 2207 2633 2757
f 2207 2209 2633
f 2757 2633 3177
f 3177 2633 3055
f 3055 1226 3177
f 1227 545 683
f 683 545 1129
f 1129 545 979
f 1129 979 1557
f 1557 979 1405
f 1557 1405 1973
f 1973 1405 1817
f 1817 1228 1973
f 1229 473 783
f 783 473 471
f 907 1030 781
f 471 907 781
f 473 907 471
f 1225 1030 907
f 2757 2631 782
f 3177 3053 2631
f 3177 2631 2757
f 3053 3177 1226
f 103 3053 1226
f 101 3053 103
f 103 1227 683
f 543 103 683
f 101 103 543
f 1129 977 543
f 1129 543 683
f 1557 1403 977
f 1557 977 1129
f 1973 1815 1403
f 1973 1403 1557
f 1815 1973 1228
f 2237 1815 1228
f 2235 1815 2237
f 784 2235 2805
f 2235 2661 2805
f 2235 2237 2661
f 2661 1230 2805
f 1231 783 785
f 1231 1229 783
f 2805 2659 784
f 2805 1230 2659
f 1230 786 2659
f 1230 1232 786
f 1233 23 787
f 787 23 21
f 785 21 23
f 785 23 1231
f 786 1234 788
f 1232 1234 786
f 1235 787 789
f 1235 1233 787
f 788 1236 790
f 1234 1236 788
f 1237 789 791
f 1237 1235 789
f 790 1238 792
f 1236 1238 790
f 1239 791 793
f 1239 1237 791
f 792 1240 794
f 1238 1240 792
f 1241 793 795
f 1241 1239 793
f 794 1242 796
f 1240 1242 794
f 1243 2981 797
f 797 2981 2979
f 795 2979 2981
f 795 2981 1241
f 2662 1244 2820
f 2820 798 2662
f 798 1242 2662
f 798 796 1242
f 1245 2561 799
f 799 2561 2559
f 797 2559 2561
f 797 2561 1243
f 2238 1246 2410
f 2820 1244 2238
f 2820 2238 2410
f 2660 2820 2410
f 800 2660 2410
f 798 2820 2660
f 1247 875 801
f 801 875 873
f 875 1311 873
f 1313 1311 875
f 1313 1721 1311
f 1723 1721 1313
f 1723 2139 1721
f 2141 2139 1723
f 799 2139 2141
f 799 2141 1245
f 1816 1993 802
f 1246 1248 1993
f 2236 1246 1993
f 1816 2236 1993
f 2410 1246 2236
f 800 2410 2236
f 1249 445 803
f 803 445 443
f 801 443 445
f 801 445 1247
f 1404 1579 804
f 1993 1818 802
f 802 1818 1404
f 1818 1250 1404
f 1250 1579 1404
f 1993 1248 1818
f 1251 803 805
f 1251 1249 803
f 978 1155 806
f 1579 1406 804
f 804 1406 978
f 1406 1252 978
f 1252 1155 978
f 1579 1250 1406
f 1253 805 807
f 1253 1251 805
f 1157 808 806
f 1157 806 1155
f 1155 1252 1157
f 1157 1252 1254
f 1255 807 809
f 1255 1253 807
f 544 713 810
f 1157 980 808
f 808 980 544
f 980 1256 544
f 1256 713 544
f 1157 1254 980
f 446 1255 578
f 1255 811 578
f 1255 809 811
f 1257 446 578
f 102 261 812
f 713 546 810
f 810 546 102
f 546 1258 102
f 1258 261 102
f 713 1256 546
f 444 578 811
f 578 444 1257
f 444 876 1257
f 444 874 876
f 1259 876 874
f 1259 874 813
f 3054 3211 814
f 261 104 812
f 812 104 3054
f 104 1260 3054
f 1260 3211 3054
f 261 1258 104
f 813 1312 1259
f 1259 1312 1314
f 1261 1314 1312
f 1261 1312 815
f 2632 2791 816
f 3211 3056 814
f 814 3056 2632
f 3056 1262 2632
f 1262 2791 2632
f 3211 1260 3056
f 815 1722 1261
f 1261 1722 1724
f 1263 1724 1722
f 1263 1722 817
f 510 671 818
f 942 1117 671
f 942 671 510
f 1376 1543 1117
f 1376 1117 942
f 1788 1959 1543
f 1788 1543 1376
f 2210 1264 1959
f 1788 2210 1959
f 2208 2210 1788
f 2791 2634 816
f 2634 2208 816
f 2634 2210 2208
f 2791 1262 2634
f 817 2140 1263
f 1263 2140 2142
f 1265 2142 2140
f 1265 2140 819
f 70 1266 820
f 70 820 68
f 671 512 818
f 512 68 818
f 512 70 68
f 512 671 944
f 944 671 1117
f 944 1117 1378
f 1378 1117 1543
f 1378 1543 1790
f 1790 1543 1959
f 1959 1264 1790
f 819 2560 1265
f 1265 2560 2562
f 1267 2562 2560
f 1267 2560 821
f 2600 1268 822
f 2600 822 2598
f 3018 2600 2598
f 3018 3020 2600
f 3018 820 3020
f 3020 820 1266
f 821 2980 1267
f 1267 2980 2982
f 22 2982 2980
f 22 24 2982
f 472 24 22
f 472 474 24
f 906 474 472
f 906 908 474
f 1342 908 906
f 1342 1344 908
f 1754 1344 1342
f 1754 1756 1344
f 2174 1756 1754
f 2174 2176 1756
f 2174 822 2176
f 2176 822 1268
f 678 563 823
f 1126 997 678
f 678 997 563
f 1554 1423 1126
f 1126 1423 997
f 1554 824 1423
f 825 680 823
f 823 680 678
f 1128 678 680
f 1126 678 1128
f 1556 1126 1128
f 1554 1126 1556
f 824 1554 1839
f 1554 1972 1839
f 1554 1556 1972
f 2390 2257 1972
f 1972 2257 1839
f 2390 826 2257
f 827 684 825
f 825 684 680
f 1130 680 684
f 1128 680 1130
f 1558 1128 1130
f 1556 1128 1558
f 1974 1556 1558
f 1972 1556 1974
f 2392 1972 1974
f 2390 1972 2392
f 826 2390 2675
f 2390 2804 2675
f 2390 2392 2804
f 3224 3087 2804
f 2804 3087 2675
f 3224 828 3087
f 564 684 827
f 829 1134 564
f 1134 684 564
f 1134 1130 684
f 1560 1130 1134
f 1558 1130 1560
f 1976 1558 1560
f 1974 1558 1976
f 1976 1269 2261
f 2392 1976 2261
f 1974 1976 2392
f 2392 2261 2677
f 2392 2677 2804
f 2804 2677 3089
f 2804 3089 3224
f 1270 276 131
f 1270 131 828
f 3089 1270 828
f 3224 3089 828
f 276 830 131
f 831 1136 829
f 829 1136 1134
f 1562 1134 1136
f 1560 1134 1562
f 1978 1560 1562
f 1976 1560 1978
f 1269 1976 1978
f 1269 1978 1271
f 1272 278 276
f 1272 276 1270
f 830 276 832
f 832 276 278
f 998 1136 831
f 833 1564 998
f 1564 1136 998
f 1564 1562 1136
f 1564 1273 1843
f 1978 1564 1843
f 1562 1564 1978
f 1271 1978 1843
f 1274 280 278
f 1274 278 1272
f 832 278 834
f 834 278 280
f 1424 1564 833
f 1844 1273 1982
f 1982 1273 835
f 1273 1564 835
f 1564 1424 835
f 1275 1844 1982
f 1276 282 280
f 1276 280 1274
f 834 280 836
f 836 280 282
f 1840 1982 835
f 2262 1275 2402
f 2402 1275 837
f 1275 1982 837
f 1982 1840 837
f 1277 2262 2402
f 3090 1278 3234
f 282 1276 3090
f 282 3090 3234
f 132 282 3234
f 838 132 3234
f 836 282 132
f 2258 2402 837
f 2402 2258 1277
f 2258 2678 1277
f 2258 2676 2678
f 1278 2678 3234
f 2678 3088 3234
f 2678 2676 3088
f 838 3234 3088
f 1158 999 839
f 1279 1427 1158
f 1427 999 1158
f 1427 1425 999
f 1996 1841 1280
f 1841 1427 1280
f 1841 1425 1427
f 1996 840 1841
f 714 565 841
f 1001 1158 839
f 1001 839 565
f 1281 1001 565
f 714 1281 565
f 1279 1158 1001
f 1845 1996 1280
f 1282 2412 2259
f 1282 2259 840
f 1845 1282 840
f 1996 1845 840
f 2412 842 2259
f 262 121 843
f 567 714 841
f 567 841 121
f 1283 567 121
f 262 1283 121
f 1281 714 567
f 1284 2414 2412
f 1284 2412 1282
f 842 2412 844
f 844 2412 2414
f 845 264 843
f 843 264 262
f 1283 262 264
f 1283 264 1285
f 1286 2416 2414
f 1286 2414 1284
f 844 2414 846
f 846 2414 2416
f 2792 2649 847
f 3214 3071 2792
f 2792 3071 2649
f 123 264 845
f 123 845 3071
f 1287 123 3071
f 3214 1287 3071
f 1285 264 123
f 2263 2416 1286
f 2263 1288 2416
f 1288 846 2416
f 1288 848 846
f 1960 1805 849
f 2380 2225 1960
f 1960 2225 1805
f 2225 2380 847
f 2380 2792 847
f 2380 2794 2792
f 2794 1289 3073
f 3214 2794 3073
f 2792 2794 3214
f 1287 3214 3073
f 2264 1290 2420
f 2420 850 2264
f 850 1288 2264
f 850 848 1288
f 851 1962 849
f 849 1962 1960
f 2382 1960 1962
f 2380 1960 2382
f 2796 2380 2382
f 2794 2380 2796
f 3218 3074 1289
f 2794 3218 1289
f 2796 3218 2794
f 1291 3074 3218
f 1846 1292 2008
f 2420 1290 1846
f 2420 1846 2008
f 2260 2420 2008
f 852 2260 2008
f 850 2420 2260
f 853 1964 851
f 851 1964 1962
f 2384 1962 1964
f 2382 1962 2384
f 2798 2382 2384
f 2796 2382 2798
f 3220 2796 2798
f 3218 2796 3220
f 272 124 1291
f 3218 272 1291
f 3220 272 3218
f 124 272 726
f 124 726 568
f 1293 568 726
f 1428 1294 1598
f 2008 1292 1428
f 2008 1428 1598
f 1842 2008 1598
f 854 1842 1598
f 852 2008 1842
f 1806 1964 853
f 2226 2384 1806
f 1806 2384 1964
f 855 2800 2226
f 2800 2384 2226
f 2800 2798 2384
f 3072 3220 856
f 3220 2800 856
f 3220 2798 2800
f 857 274 3072
f 274 3220 3072
f 274 272 3220
f 566 726 858
f 726 274 858
f 726 272 274
f 726 566 1293
f 566 1002 1293
f 566 1000 1002
f 1294 1002 1598
f 1002 1426 1598
f 1002 1000 1426
f 854 1598 1426
f 2650 2800 855
f 856 2800 2650
f 122 274 857
f 858 274 122
f 1599 51 169
f 51 1600 169
f 1601 3005 3121
f 1599 169 3005
f 169 3121 3005
f 169 171 3121
f 497 625 1600
f 625 169 1600
f 625 171 169
f 497 1602 625
f 1603 2585 2707
f 1601 3121 2585
f 3121 2707 2585
f 3121 3123 2707
f 3121 173 3123
f 3121 171 173
f 171 627 173
f 171 625 627
f 929 1073 1602
f 1073 625 1602
f 1073 627 625
f 929 1604 1073
f 1605 2161 2289
f 1603 2707 2161
f 2707 2289 2161
f 2707 2709 2289
f 2707 3125 2709
f 2707 3123 3125
f 3123 175 3125
f 3123 173 175
f 173 629 175
f 173 627 629
f 627 1075 629
f 627 1073 1075
f 1363 1499 1604
f 1499 1073 1604
f 1499 1075 1073
f 1363 1606 1499
f 1607 1741 1871
f 1605 2289 1741
f 2289 1871 1741
f 2289 2291 1871
f 2289 2711 2291
f 2289 2709 2711
f 2709 3127 2711
f 2709 3125 3127
f 3125 177 3127
f 3125 175 177
f 629 495 1173
f 177 629 1173
f 175 629 177
f 1075 927 495
f 1075 495 629
f 1499 1361 927
f 1499 927 1075
f 1606 1775 1919
f 1606 1919 1174
f 1499 1606 1174
f 1361 1499 1174
f 1775 1608 1919
f 1609 1329 1451
f 1607 1871 1329
f 1329 1871 1451
f 1871 1739 1451
f 1739 1175 1451
f 2291 2159 1739
f 2291 1739 1871
f 2711 2583 2159
f 2711 2159 2291
f 3127 3003 2583
f 3127 2583 2711
f 177 47 3003
f 177 3003 3127
f 177 1173 47
f 1919 1773 1174
f 1608 2195 2337
f 1608 2337 1176
f 1919 1608 1176
f 1773 1919 1176
f 2195 1610 2337
f 1611 893 1029
f 1609 1451 893
f 893 1451 1029
f 1451 1327 1029
f 1327 1177 1029
f 1451 1175 1327
f 2337 2193 1176
f 2193 2337 1610
f 2619 2193 1610
f 2617 2193 2619
f 2619 3037 2617
f 3039 3037 2619
f 228 87 1612
f 87 3039 1612
f 87 3037 3039
f 682 529 228
f 228 529 87
f 682 1178 529
f 1613 459 581
f 1611 1029 459
f 459 1029 581
f 1029 891 581
f 891 1179 581
f 1029 1177 891
f 89 228 1612
f 228 89 531
f 228 531 682
f 1614 1132 963
f 1614 963 1178
f 531 1614 1178
f 682 531 1178
f 1132 1180 963
f 455 1181 581
f 1181 1613 581
f 1181 1615 1613
f 581 1179 455
f 965 1132 1614
f 965 1616 1132
f 1616 1180 1132
f 1616 1182 1180
f 1617 1181 1183
f 1617 1615 1181
f 1182 1618 1184
f 1616 1618 1182
f 1619 1183 1185
f 1619 1617 1183
f 964 1139 1186
f 964 1184 1139
f 1184 1620 1139
f 1184 1618 1620
f 1621 1185 1187
f 1621 1619 1185
f 1776 1622 1188
f 1776 1188 1774
f 2194 1776 1774
f 2194 2196 1776
f 2618 2196 2194
f 2618 2620 2196
f 3038 2620 2618
f 3038 3040 2620
f 88 241 1623
f 3040 88 1623
f 3038 88 3040
f 530 695 241
f 530 241 88
f 1139 966 1186
f 1186 966 530
f 966 1624 530
f 1624 695 530
f 1139 1620 966
f 593 1625 456
f 1625 1187 456
f 1625 1621 1187
f 1189 593 456
f 1364 1626 1190
f 1364 1190 1362
f 1362 1188 1364
f 1364 1188 1622
f 241 90 1623
f 90 241 532
f 532 241 695
f 695 1624 532
f 595 1627 593
f 593 1627 1625
f 593 1189 1191
f 593 1191 595
f 928 1095 1192
f 928 1190 1095
f 1190 1628 1095
f 1190 1626 1628
f 597 1629 595
f 595 1629 1627
f 595 1191 1193
f 595 1193 597
f 1192 1095 930
f 1630 1192 930
f 1194 1192 1630
f 1095 1628 930
f 1631 2967 3095
f 3095 2967 145
f 145 2967 7
f 1629 597 7
f 7 597 145
f 597 457 145
f 457 1195 145
f 597 1193 457
f 1194 1632 1196
f 1630 1632 1194
f 1633 2127 2267
f 2267 2127 1197
f 2127 2545 1197
f 2127 2547 2545
f 2547 1631 3095
f 2965 2547 3095
f 2545 2547 2965
f 145 5 2965
f 145 2965 3095
f 145 1195 5
f 498 1634 1198
f 498 1198 496
f 496 1196 498
f 498 1196 1632
f 1635 1709 1849
f 1633 2267 1709
f 1709 2267 1849
f 2267 2125 1849
f 2125 1199 1849
f 2267 1197 2125
f 1198 1636 1200
f 1634 1636 1198
f 1637 1299 1433
f 1635 1849 1299
f 1299 1849 1433
f 1849 1707 1433
f 1707 1201 1433
f 1849 1199 1707
f 52 1638 1202
f 52 1202 48
f 48 1200 52
f 52 1200 1636
f 1297 1203 1433
f 1203 1637 1433
f 1203 1639 1637
f 1433 1201 1297
f 1640 208 49
f 1202 1640 49
f 1638 1640 1202
f 208 1204 49
f 1641 1203 1205
f 1641 1639 1203
f 53 208 1640
f 53 1642 208
f 1642 1204 208
f 1642 1206 1204
f 1643 861 1013
f 1207 1013 861
f 1641 1207 861
f 1205 1207 1641
f 1206 1644 1208
f 1642 1644 1206
f 859 1209 1013
f 1209 1643 1013
f 1209 1645 1643
f 1013 1207 859
f 1208 1646 1210
f 1644 1646 1208
f 1647 1209 1211
f 1647 1645 1209
f 54 1648 1212
f 54 1212 50
f 50 1210 54
f 54 1210 1646
f 1649 1211 1213
f 1649 1647 1211
f 3004 3167 1214
f 3004 1212 3167
f 1212 1650 3167
f 1212 1648 1650
f 1213 860 1649
f 1649 860 862
f 1651 862 860
f 1651 860 1215
f 2966 3115 1216
f 8 1652 3115
f 2966 8 3115
f 6 8 2966
f 458 8 6
f 458 460 8
f 892 460 458
f 892 894 460
f 1328 894 892
f 1328 1330 894
f 1740 1330 1328
f 1740 1742 1330
f 2160 2333 1653
f 1742 2160 1653
f 1740 2160 1742
f 2586 1654 2333
f 2160 2586 2333
f 2584 2586 2160
f 3167 3006 1214
f 3006 2584 1214
f 3006 2586 2584
f 3167 1650 3006
f 1215 1298 1651
f 1651 1298 1300
f 1708 1300 1298
f 1708 1710 1300
f 2126 1710 1708
f 2126 2128 1710
f 2546 2128 2126
f 2546 2548 2128
f 3115 2968 1216
f 2968 2546 1216
f 2968 2548 2546
f 3115 1652 2968
f 2333 2162 1653
f 2333 1654 2162
f 628 511 1217
f 628 1218 511
f 1655 3021 1219
f 1219 3021 3019
f 3021 69 3019
f 71 69 3021
f 513 628 1217
f 69 513 1217
f 71 513 69
f 943 1218 628
f 513 943 628
f 945 943 513
f 1500 1377 1656
f 1377 945 1656
f 1377 943 945
f 1500 1220 1377
f 1657 2601 1221
f 1221 2601 2599
f 1219 2599 2601
f 1219 2601 1655
f 1379 1500 1656
f 1379 1658 1500
f 1658 1220 1500
f 1658 1222 1220
f 1659 1757 1223
f 1223 1757 1755
f 1757 2175 1755
f 2177 2175 1757
f 1221 2175 2177
f 1221 2177 1657
f 1789 1222 1658
f 1789 1658 1791
f 1224 1789 2339
f 1789 2211 2339
f 1789 1791 2211
f 2211 1660 2339
f 1661 1345 1225
f 1225 1345 1343
f 1223 1343 1345
f 1223 1345 1659
f 2339 2209 1224
f 2209 2339 1660
f 2635 2209 1660
f 2633 2209 2635
f 2635 3055 2633
f 3057 3055 2635
f 1226 3055 229
f 3055 105 229
f 3055 3057 105
f 229 105 1227
f 105 545 1227
f 105 547 545
f 547 979 545
f 981 979 547
f 981 1405 979
f 1407 1405 981
f 1407 1817 1405
f 1819 1817 1407
f 1228 1817 2391
f 1817 2239 2391
f 1817 1819 2239
f 2239 1662 2391
f 582 473 1229
f 1663 909 582
f 909 473 582
f 909 907 473
f 1225 907 909
f 1225 909 1661
f 229 103 1226
f 229 1227 103
f 2391 2237 1228
f 2237 2391 1662
f 2663 2237 1662
f 2661 2237 2663
f 2663 1664 2661
f 2661 1664 1230
f 582 1229 475
f 1229 1665 475
f 1229 1231 1665
f 1663 582 475
f 1664 3075 3227
f 1232 1664 3227
f 1230 1664 1232
f 3075 1666 3227
f 1667 25 1233
f 1233 25 23
f 1231 23 25
f 1231 25 1665
f 1232 3227 3076
f 1668 1232 3076
f 1234 1232 1668
f 3227 1666 3076
f 1669 1233 1235
f 1669 1667 1233
f 1234 1670 1236
f 1668 1670 1234
f 1671 1235 1237
f 1671 1669 1235
f 1236 1672 1238
f 1670 1672 1236
f 1673 1237 1239
f 1673 1671 1237
f 1238 1674 1240
f 1672 1674 1238
f 1675 1239 1241
f 1675 1673 1239
f 2664 1676 2818
f 2818 1242 2664
f 1242 1674 2664
f 1242 1240 1674
f 3094 2981 1243
f 1241 2981 3094
f 1677 1241 3094
f 1675 1241 1677
f 1244 2662 2818
f 1676 1244 2818
f 1678 1244 1676
f 1242 2818 2662
f 2682 2561 1245
f 2983 3094 1243
f 2983 1243 2561
f 1679 2983 2561
f 2682 1679 2561
f 1677 3094 2983
f 2240 1680 1246
f 2240 1246 2238
f 2238 1244 2240
f 2240 1244 1678
f 1004 875 1247
f 1430 1313 1004
f 1004 1313 875
f 1681 1725 1430
f 1725 1313 1430
f 1725 1723 1313
f 1725 2141 1723
f 2143 2141 1725
f 2563 2682 1245
f 2141 2563 1245
f 2143 2563 2141
f 1679 2682 2563
f 1246 1682 1248
f 1680 1682 1246
f 570 445 1249
f 877 1004 1247
f 877 1247 445
f 1683 877 445
f 570 1683 445
f 1004 877 1315
f 1004 1315 1430
f 1681 1430 1315
f 1820 1684 1250
f 1820 1250 1818
f 1818 1248 1820
f 1820 1248 1682
f 1251 572 1249
f 1249 572 570
f 1683 570 572
f 1683 572 1685
f 1408 1686 1252
f 1408 1252 1406
f 1406 1250 1408
f 1408 1250 1684
f 1253 574 1251
f 1251 574 572
f 1685 572 574
f 1685 574 1687
f 1252 1688 1254
f 1686 1688 1252
f 1255 576 1253
f 1253 576 574
f 1687 574 576
f 1687 576 1689
f 980 1159 1256
f 980 1254 1159
f 1254 1690 1159
f 1254 1688 1690
f 446 576 1255
f 1689 576 446
f 1257 1689 446
f 1691 1689 1257
f 546 715 1258
f 1159 982 1256
f 1256 982 546
f 982 1692 546
f 1692 715 546
f 1159 1690 982
f 1257 876 1691
f 1691 876 878
f 1693 878 876
f 1693 876 1259
f 104 263 1260
f 715 548 1258
f 1258 548 104
f 548 1694 104
f 1694 263 104
f 715 1692 548
f 1259 1314 1693
f 1693 1314 1316
f 1695 1316 1314
f 1695 1314 1261
f 3056 3213 1262
f 263 106 1260
f 1260 106 3056
f 106 1696 3056
f 1696 3213 3056
f 263 1694 106
f 1261 1724 1695
f 1695 1724 1726
f 1724 1263 2284
f 2144 1724 2284
f 1726 1724 2144
f 1697 2144 2284
f 2210 2379 1264
f 2634 2793 2379
f 2634 2379 2210
f 2793 2634 1262
f 3213 2793 1262
f 3215 2793 3213
f 3213 1696 3215
f 3215 1696 1698
f 2142 2284 1263
f 2564 1697 2702
f 2702 1697 1265
f 1697 2284 1265
f 2284 2142 1265
f 1699 2564 2702
f 72 1700 1266
f 72 1266 70
f 512 72 70
f 512 514 72
f 944 514 512
f 944 946 514
f 1378 1545 1701
f 946 1378 1701
f 944 1378 946
f 1790 1961 1545
f 1790 1545 1378
f 1961 1790 1264
f 2379 1961 1264
f 2381 1961 2379
f 1702 2381 2636
f 2381 2793 2636
f 2381 2379 2793
f 2636 2793 3058
f 3058 2793 3215
f 3215 1698 3058
f 2562 2702 1265
f 2984 1699 3118
f 3118 1699 1267
f 1699 2702 1267
f 2702 2562 1267
f 1703 2984 3118
f 2178 1704 2336
f 2178 2336 1268
f 2600 2178 1268
f 2602 2178 2600
f 3020 2602 2600
f 3020 3022 2602
f 3020 1266 3022
f 3022 1266 1700
f 1545 1380 1701
f 1380 1545 1792
f 1792 1545 1961
f 1792 1961 2212
f 2212 1961 2381
f 2381 1702 2212
f 2982 3118 1267
f 3118 2982 1703
f 2982 26 1703
f 2982 24 26
f 474 26 24
f 474 476 26
f 908 476 474
f 908 910 476
f 1344 910 908
f 1344 1346 910
f 1756 1346 1344
f 1756 1758 1346
f 1704 1758 2336
f 1758 2176 2336
f 1758 1756 2176
f 1268 2336 2176
f 2394 2261 1269
f 2806 2677 2394
f 2394 2677 2261
f 3226 3089 2806
f 2806 3089 2677
f 3226 1270 3089
f 1271 2396 1269
f 1269 2396 2394
f 2808 2394 2396
f 2806 2394 2808
f 3228 2806 2808
f 3226 2806 3228
f 1270 3226 1272
f 1272 3226 3228
f 1980 1843 1273
f 1843 1980 1271
f 1980 2396 1271
f 1980 2398 2396
f 2810 2396 2398
f 2808 2396 2810
f 3230 2808 2810
f 3228 2808 3230
f 1272 3228 1274
f 1274 3228 3230
f 1844 1980 1273
f 1275 2400 1844
f 2400 1980 1844
f 2400 2398 1980
f 2812 2398 2400
f 2810 2398 2812
f 3232 2810 2812
f 3230 2810 3232
f 1274 3230 1276
f 1276 3230 3232
f 2262 2400 1275
f 1277 2814 2262
f 2814 2400 2262
f 2814 2812 2400
f 3090 3232 1278
f 3232 2814 1278
f 3232 2812 2814
f 1276 3232 3090
f 2678 2814 1277
f 1278 2814 2678
f 1584 1427 1279
f 1584 1280 1427
f 1160 1001 1281
f 1001 1160 1279
f 1160 1584 1279
f 1160 1586 1584
f 1280 1584 1845
f 1584 1998 1845
f 1584 1586 1998
f 1998 1282 1845
f 716 567 1283
f 567 716 1281
f 716 1160 1281
f 716 1162 1160
f 1588 1160 1162
f 1586 1160 1588
f 2000 1586 1588
f 1998 1586 2000
f 1282 1998 1284
f 1284 1998 2000
f 1285 718 1283
f 1283 718 716
f 1164 716 718
f 1162 716 1164
f 1590 1162 1164
f 1588 1162 1590
f 2002 1588 1590
f 2000 1588 2002
f 1284 2000 1286
f 1286 2000 2002
f 266 123 1287
f 123 266 1285
f 266 718 1285
f 266 720 718
f 1166 718 720
f 1164 718 1166
f 1592 1164 1166
f 1590 1164 1592
f 2004 1590 1592
f 2002 1590 2004
f 1286 2002 2263
f 2002 2418 2263
f 2002 2004 2418
f 2418 1288 2263
f 3216 3073 1289
f 3073 3216 1287
f 3216 266 1287
f 3216 268 266
f 722 266 268
f 720 266 722
f 1168 720 722
f 1166 720 1168
f 1594 1166 1168
f 1592 1166 1594
f 2006 1592 1594
f 2004 1592 2006
f 2264 2418 1290
f 2418 2006 1290
f 2418 2004 2006
f 1288 2418 2264
f 3074 3216 1289
f 1291 270 3074
f 270 3216 3074
f 270 268 3216
f 724 268 270
f 722 268 724
f 1170 722 724
f 1168 722 1170
f 1596 1168 1170
f 1594 1168 1596
f 1846 2006 1292
f 2006 1596 1292
f 2006 1594 1596
f 1290 2006 1846
f 124 270 1291
f 568 724 124
f 124 724 270
f 1293 1172 568
f 1172 724 568
f 1172 1170 724
f 1428 1596 1294
f 1596 1172 1294
f 1596 1170 1172
f 1292 1596 1428
f 1002 1172 1293
f 1294 1172 1002
f 2011 3007 3119
f 3119 3007 1599
f 3007 51 1599
f 3007 55 51
f 1600 51 623
f 51 499 623
f 51 55 499
f 499 2012 623
f 2013 2587 2705
f 2011 3119 2587
f 2587 3119 2705
f 3119 3005 2705
f 3005 1601 2705
f 3119 1599 3005
f 623 497 1600
f 2012 931 1071
f 2012 1071 1602
f 623 2012 1602
f 497 623 1602
f 931 2014 1071
f 2015 2163 2287
f 2013 2705 2163
f 2163 2705 2287
f 2705 2585 2287
f 2585 1603 2287
f 2705 1601 2585
f 1071 929 1602
f 1071 2014 929
f 2014 1604 929
f 2014 2016 1604
f 2017 1743 1869
f 2015 2287 1743
f 1743 2287 1869
f 2287 2161 1869
f 2161 1605 1869
f 2287 1603 2161
f 1363 1604 2016
f 1363 2016 1365
f 1365 2018 1363
f 1363 2018 1606
f 2019 1331 1449
f 2017 1869 1331
f 1331 1869 1449
f 1869 1741 1449
f 1741 1607 1449
f 1869 1605 1741
f 1775 1606 2018
f 1775 2018 1777
f 1777 2020 1775
f 1775 2020 1608
f 2021 895 1027
f 2019 1449 895
f 895 1449 1027
f 1449 1329 1027
f 1329 1609 1027
f 1449 1607 1329
f 2195 1608 2020
f 2195 2020 2197
f 2197 2022 2195
f 2195 2022 1610
f 2023 461 579
f 2021 1027 461
f 461 1027 579
f 1027 893 579
f 893 1611 579
f 1027 1609 893
f 2024 2756 2619
f 1610 2024 2619
f 2022 2024 1610
f 3176 3039 2756
f 2756 3039 2619
f 3176 1612 3039
f 459 1613 579
f 1613 2023 579
f 1613 2025 2023
f 579 1611 459
f 2621 2756 2024
f 2756 2621 3041
f 2756 3041 3176
f 89 1612 3176
f 3041 89 3176
f 91 89 3041
f 91 531 89
f 533 531 91
f 533 2026 531
f 531 2026 1614
f 2027 1613 1615
f 2027 2025 1613
f 965 1614 2026
f 965 2026 967
f 967 2028 965
f 965 2028 1616
f 2029 1615 1617
f 2029 2027 1615
f 1616 2030 1618
f 2028 2030 1616
f 2031 1617 1619
f 2031 2029 1617
f 2030 1393 1565
f 1620 2030 1565
f 1618 2030 1620
f 1393 2032 1565
f 2033 9 137
f 1621 137 9
f 2031 1621 9
f 1619 1621 2031
f 1776 1933 1622
f 2196 2353 1933
f 2196 1933 1776
f 2620 2767 2353
f 2620 2353 2196
f 3040 3189 2767
f 3040 2767 2620
f 1623 3189 3040
f 966 1141 1624
f 1565 1394 1620
f 1620 1394 966
f 1394 2034 966
f 2034 1141 966
f 1565 2032 1394
f 137 10 2033
f 2035 10 137
f 1621 2035 137
f 1625 2035 1621
f 1364 1519 1626
f 1933 1778 1622
f 1622 1778 1364
f 1778 2036 1364
f 2036 1519 1364
f 1778 1933 2198
f 2198 1933 2353
f 2198 2353 2622
f 2622 2353 2767
f 2622 2767 3042
f 3042 2767 3189
f 243 2037 90
f 90 2037 1623
f 2037 3042 1623
f 3042 3189 1623
f 534 2038 243
f 90 534 243
f 532 534 90
f 1141 968 1624
f 968 532 1624
f 968 534 532
f 1141 2034 968
f 2039 11 141
f 1627 141 11
f 2035 1627 11
f 1625 1627 2035
f 1626 1519 1366
f 2040 1626 1366
f 1628 1626 2040
f 1519 2036 1366
f 243 92 2037
f 243 2038 92
f 143 2041 141
f 141 2041 2039
f 141 1627 1629
f 141 1629 143
f 930 1097 1630
f 930 1628 1097
f 1628 2042 1097
f 1628 2040 2042
f 2043 2129 2265
f 2265 2129 2681
f 2681 2129 2549
f 2681 2549 1631
f 2549 2967 1631
f 2549 2969 2967
f 2969 2041 143
f 7 2969 143
f 2967 2969 7
f 143 1629 7
f 1630 1097 932
f 2044 1630 932
f 1632 1630 2044
f 1097 2042 932
f 2045 1711 1847
f 2043 2265 1711
f 1711 2265 1847
f 2265 2127 1847
f 2127 1633 1847
f 2681 2547 2127
f 2681 2127 2265
f 2681 1631 2547
f 500 2046 1634
f 500 1634 498
f 498 1632 500
f 500 1632 2044
f 2047 1301 1431
f 2045 1847 1301
f 1301 1847 1431
f 1847 1709 1431
f 1709 1635 1431
f 1847 1633 1709
f 1634 2048 1636
f 2046 2048 1634
f 1299 1637 1431
f 1637 2047 1431
f 1637 2049 2047
f 1431 1635 1299
f 56 2050 1638
f 56 1638 52
f 52 1636 56
f 56 1636 2048
f 2051 1637 1639
f 2051 2049 1637
f 1638 2052 1640
f 2050 2052 1638
f 2053 1639 1641
f 2053 2051 1639
f 53 1640 2052
f 53 2052 57
f 57 2054 53
f 53 2054 1642
f 1014 861 1643
f 1641 861 1014
f 2055 1641 1014
f 2053 1641 2055
f 1642 2056 1644
f 2054 2056 1642
f 1014 1643 863
f 1643 2057 863
f 1643 1645 2057
f 2055 1014 863
f 1644 2058 1646
f 2056 2058 1644
f 2059 1645 1647
f 2059 2057 1645
f 58 2060 1648
f 58 1648 54
f 54 1646 58
f 58 1646 2058
f 2061 1647 1649
f 2061 2059 1647
f 1648 2062 1650
f 2060 2062 1648
f 1649 862 2061
f 2061 862 864
f 2063 864 862
f 2063 862 1651
f 12 2064 1652
f 12 1652 8
f 460 12 8
f 460 462 12
f 894 462 460
f 894 896 462
f 1330 1491 2065
f 896 1330 2065
f 894 1330 896
f 1742 1913 1491
f 1742 1491 1330
f 1653 1913 1742
f 2586 2753 1654
f 3008 2066 2753
f 2586 3008 2753
f 3006 3008 2586
f 3006 1650 3008
f 3008 1650 2062
f 1651 1300 2063
f 2063 1300 1302
f 1710 1302 1300
f 1710 1712 1302
f 2128 1712 1710
f 2128 2130 1712
f 2548 2130 2128
f 2548 2550 2130
f 2968 2550 2548
f 2968 2970 2550
f 2968 1652 2970
f 2970 1652 2064
f 1491 1332 2065
f 1332 1491 1744
f 1744 1491 1913
f 1653 2162 1913
f 2162 1744 1913
f 2162 2164 1744
f 2753 2588 1654
f 2588 2162 1654
f 2588 2164 2162
f 2753 2066 2588
f 3126 3021 1655
f 2067 73 3126
f 73 3021 3126
f 73 71 3021
f 73 513 71
f 515 513 73
f 515 945 513
f 947 945 515
f 1656 945 1501
f 945 1381 1501
f 945 947 1381
f 1381 2068 1501
f 2069 2603 1657
f 1657 2603 2601
f 3023 3126 1655
f 2601 3023 1655
f 2603 3023 2601
f 2067 3126 3023
f 1501 1379 1656
f 1501 2068 1379
f 2068 1658 1379
f 2068 2070 1658
f 1874 1757 1659
f 2071 2179 1874
f 2179 1757 1874
f 2179 2177 1757
f 1657 2177 2179
f 1657 2179 2069
f 1791 1658 2070
f 1791 2070 1793
f 1793 2211 1791
f 2213 2211 1793
f 2213 2072 2211
f 2211 2072 1660
f 2073 107 225
f 225 107 679
f 679 107 549
f 679 549 1127
f 1127 549 983
f 1127 983 1555
f 1555 983 1409
f 1555 1409 1971
f 1971 1409 1821
f 1821 2074 1971
f 2075 1347 1661
f 1661 1347 1345
f 1759 1874 1659
f 1345 1759 1659
f 1347 1759 1345
f 2071 1874 1759
f 2635 1660 2072
f 2635 2072 2637
f 2637 3057 2635
f 3059 3057 2637
f 3059 2073 225
f 105 3059 225
f 3057 3059 105
f 679 547 105
f 679 105 225
f 1127 981 547
f 1127 547 679
f 1555 1407 981
f 1555 981 1127
f 1971 1819 1407
f 1971 1407 1555
f 1819 1971 2074
f 2241 1819 2074
f 2239 1819 2241
f 1662 2239 2803
f 2239 2665 2803
f 2239 2241 2665
f 2665 2076 2803
f 2077 477 583
f 583 477 1663
f 477 909 1663
f 477 911 909
f 1661 909 911
f 1661 911 2075
f 2803 2663 1662
f 2076 3077 3225
f 2076 3225 1664
f 2803 2076 1664
f 2663 2803 1664
f 3077 2078 3225
f 475 1665 583
f 1665 2077 583
f 1665 2079 2077
f 583 1663 475
f 3225 3075 1664
f 3225 2078 3075
f 2078 1666 3075
f 2078 2080 1666
f 134 25 1667
f 1665 25 134
f 2081 1665 134
f 2079 1665 2081
f 3076 3229 1668
f 3076 1666 3229
f 1666 2082 3229
f 1666 2080 2082
f 134 1667 27
f 1667 2083 27
f 1667 1669 2083
f 2081 134 27
f 1668 3229 3078
f 2084 1668 3078
f 1670 1668 2084
f 3229 2082 3078
f 28 2083 138
f 2083 1671 138
f 2083 1669 1671
f 2085 28 138
f 1670 2086 1672
f 2084 2086 1670
f 1673 140 1671
f 1671 140 138
f 2085 138 140
f 2085 140 2087
f 2666 2088 2816
f 2816 1674 2666
f 1674 2086 2666
f 1674 1672 2086
f 1675 142 1673
f 1673 142 140
f 2087 140 142
f 2087 142 2089
f 1676 2664 2816
f 2088 1676 2816
f 2090 1676 2088
f 1674 2816 2664
f 1677 144 1675
f 1675 144 142
f 2089 142 144
f 2089 144 2091
f 2242 2092 2408
f 2408 1678 2242
f 1678 2090 2242
f 1678 1676 2090
f 3096 2983 1679
f 29 144 1677
f 29 1677 2983
f 2093 29 2983
f 3096 2093 2983
f 2091 144 29
f 1680 2240 2408
f 2092 1680 2408
f 2094 1680 2092
f 1678 2408 2240
f 1848 1725 1681
f 2268 2143 1848
f 1848 2143 1725
f 2684 2563 2268
f 2268 2563 2143
f 2985 3096 1679
f 2985 1679 2563
f 2095 2985 2563
f 2684 2095 2563
f 2093 3096 2985
f 1680 2096 1682
f 2094 2096 1680
f 1006 877 1683
f 1432 1315 1006
f 1006 1315 877
f 1315 1432 1681
f 1432 1848 1681
f 1432 1850 1848
f 2270 1848 1850
f 2268 1848 2270
f 2270 2097 2565
f 2684 2270 2565
f 2268 2270 2684
f 2095 2684 2565
f 1822 2098 1684
f 1822 1684 1820
f 1820 1682 1822
f 1822 1682 2096
f 1685 1008 1683
f 1683 1008 1006
f 1434 1006 1008
f 1432 1006 1434
f 1852 1432 1434
f 1850 1432 1852
f 1852 2099 2145
f 2270 1852 2145
f 1850 1852 2270
f 2097 2270 2145
f 1408 1581 1686
f 1408 1684 1581
f 1684 2100 1581
f 1684 2098 2100
f 1687 1010 1685
f 1685 1010 1008
f 1010 2101 1317
f 1434 1010 1317
f 1008 1010 1434
f 1434 1317 1727
f 1434 1727 1852
f 2099 1852 1727
f 1686 1581 1410
f 2102 1686 1410
f 1688 1686 2102
f 1581 2100 1410
f 1689 1012 1687
f 1687 1012 1010
f 2101 1010 1012
f 2101 1012 2103
f 1688 2104 1690
f 2102 2104 1688
f 1691 1016 1689
f 1689 1016 1012
f 2103 1012 1016
f 2103 1016 2105
f 982 1161 1692
f 982 1690 1161
f 1690 2106 1161
f 1690 2104 2106
f 878 1016 1691
f 1318 2105 1442
f 1442 2105 1693
f 2105 1016 1693
f 1016 878 1693
f 2107 1318 1442
f 548 717 1694
f 1161 984 1692
f 1692 984 548
f 984 2108 548
f 2108 717 548
f 1161 2106 984
f 1316 1442 1693
f 1728 2107 1862
f 1862 2107 1695
f 2107 1442 1695
f 1442 1316 1695
f 2109 1728 1862
f 106 265 1696
f 265 106 1694
f 717 265 1694
f 719 265 717
f 717 2108 719
f 719 2108 2110
f 1726 1862 1695
f 1862 1726 2109
f 1726 2146 2109
f 1726 2144 2146
f 2144 1697 2700
f 2566 2144 2700
f 2146 2144 2566
f 2111 2566 2700
f 267 1698 1696
f 267 1696 265
f 265 721 267
f 265 719 721
f 719 2110 721
f 721 2110 2112
f 2564 2700 1697
f 2986 2111 3116
f 3116 2111 1699
f 2111 2700 1699
f 2700 2564 1699
f 2113 2986 3116
f 2604 2114 2754
f 2604 2754 3172
f 2604 3172 3024
f 3024 3172 1700
f 72 3024 1700
f 74 3024 72
f 514 673 2115
f 74 514 2115
f 72 514 74
f 946 1119 673
f 946 673 514
f 1701 1119 946
f 2636 2795 1702
f 3058 3217 2795
f 3058 2795 2636
f 3217 3058 1698
f 267 3217 1698
f 269 3217 267
f 267 723 269
f 267 721 723
f 721 2112 723
f 723 2112 2116
f 2984 3116 1699
f 30 2113 168
f 168 2113 1703
f 2113 3116 1703
f 3116 2984 1703
f 2117 30 168
f 1760 2118 1916
f 1760 1916 1704
f 2178 1760 1704
f 2180 1760 2178
f 2114 2180 2754
f 2180 2602 2754
f 2180 2178 2602
f 3022 3172 2602
f 2602 3172 2754
f 1700 3172 3022
f 673 516 2115
f 516 673 948
f 948 673 1119
f 1547 2119 1380
f 1380 2119 1701
f 2119 948 1701
f 948 1119 1701
f 1792 1963 1547
f 1792 1547 1380
f 2212 2383 1963
f 2212 1963 1792
f 2383 2212 1702
f 2795 2383 1702
f 2797 2383 2795
f 2795 3219 2797
f 2795 3217 3219
f 3217 271 3219
f 3217 269 271
f 2120 271 550
f 271 723 550
f 271 269 723
f 723 2116 550
f 26 168 1703
f 168 26 2117
f 26 478 2117
f 26 476 478
f 910 478 476
f 910 912 478
f 1346 912 910
f 1346 1348 912
f 2118 1348 1916
f 1348 1758 1916
f 1348 1346 1758
f 1704 1916 1758
f 1547 1382 2119
f 1382 1547 1794
f 1794 1547 1963
f 1794 1963 2214
f 2214 1963 2383
f 2214 2383 2638
f 2638 2383 2797
f 2638 2797 2121
f 2797 3221 2121
f 2797 3219 3221
f 2122 3221 108
f 3221 271 108
f 3221 3219 271
f 271 2120 108
f 3221 3060 2121
f 3221 2122 3060
f 2423 2589 2703
f 2703 2589 2011
f 2589 3007 2011
f 2589 3009 3007
f 3009 55 3007
f 59 55 3009
f 59 499 55
f 501 499 59
f 501 2424 499
f 499 2424 2012
f 2587 2013 2703
f 2013 2423 2703
f 2013 2425 2423
f 2703 2011 2587
f 931 2012 2424
f 931 2424 933
f 933 2426 931
f 931 2426 2014
f 2427 1745 1867
f 1867 1745 2015
f 1745 2163 2015
f 1745 2165 2163
f 2013 2163 2165
f 2013 2165 2425
f 2426 1367 1495
f 2016 2426 1495
f 2014 2426 2016
f 1367 2428 1495
f 1743 2017 1867
f 2017 2427 1867
f 2017 2429 2427
f 1867 2015 1743
f 1495 1365 2016
f 2428 1779 1917
f 2428 1917 2018
f 1495 2428 2018
f 1365 1495 2018
f 1779 2430 1917
f 2431 897 1025
f 1025 897 2019
f 897 1331 2019
f 897 1333 1331
f 2017 1331 1333
f 2017 1333 2429
f 1917 1777 2018
f 1917 2430 1777
f 2430 2020 1777
f 2430 2432 2020
f 895 2021 1025
f 2021 2431 1025
f 2021 2433 2431
f 1025 2019 895
f 2434 2338 2197
f 2020 2434 2197
f 2432 2434 2020
f 2338 2022 2197
f 2435 463 2023
f 2023 463 461
f 2021 461 463
f 2021 463 2433
f 2199 2338 2434
f 2199 2436 2338
f 2436 2022 2338
f 2436 2024 2022
f 2437 2023 2025
f 2437 2435 2023
f 2621 2024 2436
f 2621 2436 2623
f 3180 3041 2438
f 3041 2623 2438
f 3041 2621 2623
f 232 91 3180
f 3180 91 3041
f 686 533 232
f 232 533 91
f 686 2026 533
f 2439 2025 2027
f 2439 2437 2025
f 3043 3180 2438
f 3180 3043 93
f 3180 93 232
f 232 93 535
f 232 535 686
f 967 2026 686
f 535 967 686
f 969 967 535
f 969 2440 967
f 967 2440 2028
f 2441 2027 2029
f 2441 2439 2027
f 2440 1395 1563
f 2030 2440 1563
f 2028 2440 2030
f 1395 2442 1563
f 2443 13 135
f 2031 135 13
f 2441 2031 13
f 2029 2031 2441
f 1563 1393 2030
f 2442 1807 1981
f 2442 1981 2032
f 1563 2442 2032
f 1393 1563 2032
f 1807 2444 1981
f 9 2033 135
f 2033 2443 135
f 2033 2445 2443
f 135 2031 9
f 1394 1567 2034
f 1567 1394 2032
f 1981 1567 2032
f 1983 1567 1981
f 2227 2401 2444
f 2401 1981 2444
f 2401 1983 1981
f 2227 2446 2401
f 139 2447 10
f 2447 2033 10
f 2447 2445 2033
f 2035 139 10
f 1778 1935 2036
f 2198 2355 1935
f 2198 1935 1778
f 2622 2769 2355
f 2622 2355 2198
f 3042 3191 2769
f 3042 2769 2622
f 2037 3191 3042
f 534 697 2038
f 968 1143 697
f 968 697 534
f 1143 968 2034
f 1567 1143 2034
f 1569 1143 1567
f 1567 1985 1569
f 1567 1983 1985
f 1983 2403 1985
f 1983 2401 2403
f 2651 2815 2446
f 2815 2401 2446
f 2815 2403 2401
f 2651 2448 2815
f 11 2039 139
f 2039 2447 139
f 2039 2449 2447
f 139 2035 11
f 1366 1521 2040
f 1521 1366 2036
f 1935 1521 2036
f 1937 1521 1935
f 2450 1937 2200
f 1937 2355 2200
f 1937 1935 2355
f 2200 2355 2624
f 2624 2355 2769
f 2624 2769 3044
f 3044 2769 3191
f 2037 92 3191
f 92 3044 3191
f 92 94 3044
f 94 92 2451
f 92 697 2451
f 697 699 2451
f 92 2038 697
f 697 1145 699
f 697 1143 1145
f 1143 1571 1145
f 1143 1569 1571
f 1569 1987 1571
f 1569 1985 1987
f 1985 2405 1987
f 1985 2403 2405
f 2452 2405 2652
f 2405 2815 2652
f 2405 2403 2815
f 2815 2448 2652
f 2453 2551 2679
f 2679 2551 3093
f 3093 2551 2971
f 2041 3093 2971
f 2449 2041 2971
f 2039 2041 2449
f 1523 2042 2040
f 1523 2040 1521
f 2454 1523 1780
f 1523 1937 1780
f 1523 1521 1937
f 1937 2450 1780
f 699 536 2451
f 536 699 970
f 970 699 1145
f 970 1145 2455
f 1145 1573 2455
f 1145 1571 1573
f 1571 1989 1573
f 1571 1987 1989
f 1987 2407 1989
f 1987 2405 2407
f 2405 2452 2407
f 2407 2452 2456
f 2457 2131 2043
f 2043 2131 2129
f 2131 2453 2679
f 2549 2131 2679
f 2129 2131 2549
f 3093 2969 2549
f 3093 2549 2679
f 3093 2041 2969
f 932 1099 2044
f 1523 1368 2042
f 2042 1368 932
f 1368 2458 932
f 2458 1099 932
f 1523 2454 1368
f 1573 1396 2455
f 1396 1573 2459
f 1573 1991 2459
f 1573 1989 1991
f 2460 1991 2228
f 1991 2407 2228
f 1991 1989 2407
f 2407 2456 2228
f 2461 1713 2045
f 2045 1713 1711
f 2043 1711 1713
f 2043 1713 2457
f 500 655 2046
f 1099 934 2044
f 2044 934 500
f 934 2462 500
f 2462 655 500
f 1099 2458 934
f 1991 1808 2459
f 1991 2460 1808
f 2463 1303 2047
f 2047 1303 1301
f 2045 1301 1303
f 2045 1303 2461
f 2046 655 502
f 2464 2046 502
f 2048 2046 2464
f 655 2462 502
f 2465 2047 2049
f 2465 2463 2047
f 56 205 2050
f 56 2048 205
f 2048 2466 205
f 2048 2464 2466
f 2467 2049 2051
f 2467 2465 2049
f 209 2052 2050
f 209 2050 205
f 205 2466 209
f 209 2466 2468
f 2469 2051 2053
f 2469 2467 2051
f 209 57 2052
f 209 2468 57
f 2468 2054 57
f 2468 2470 2054
f 2471 2053 2055
f 2471 2469 2053
f 2054 2472 2056
f 2470 2472 2054
f 2473 865 2057
f 2057 865 863
f 2055 863 865
f 2055 865 2471
f 2056 2474 2058
f 2472 2474 2056
f 2475 2057 2059
f 2475 2473 2057
f 60 2476 2060
f 60 2060 58
f 58 2058 60
f 60 2058 2474
f 866 2475 1024
f 2475 2061 1024
f 2475 2059 2061
f 2477 866 1024
f 2060 2478 2062
f 2476 2478 2060
f 864 1024 2061
f 2477 1024 864
f 2063 2477 864
f 2479 2477 2063
f 12 165 2064
f 462 619 165
f 462 165 12
f 896 1067 619
f 896 619 462
f 2065 1067 896
f 3008 3169 2066
f 3008 2062 3169
f 2062 2480 3169
f 2062 2478 2480
f 2063 1302 2479
f 2479 1302 1304
f 1712 1304 1302
f 1712 1714 1304
f 2130 1714 1712
f 2130 2132 1714
f 2550 2132 2130
f 2550 2552 2132
f 2970 2552 2550
f 2970 2972 2552
f 165 14 2064
f 14 2970 2064
f 14 2972 2970
f 14 165 464
f 464 165 619
f 464 619 898
f 898 619 1067
f 2065 1332 1067
f 1332 898 1067
f 1332 1334 898
f 1744 1915 2481
f 1334 1744 2481
f 1332 1744 1334
f 2166 2482 1915
f 1744 2166 1915
f 2164 2166 1744
f 2588 2166 2164
f 2588 2590 2166
f 3169 3010 2066
f 3010 2588 2066
f 3010 2590 2588
f 3169 2480 3010
f 1915 1746 2481
f 1915 2482 1746
f 2483 75 2067
f 2067 75 73
f 75 515 73
f 517 515 75
f 517 947 515
f 949 947 517
f 1502 1381 2484
f 1381 949 2484
f 1381 947 949
f 1502 2068 1381
f 2485 985 1123
f 985 2486 1123
f 2712 2603 2069
f 2487 3025 2712
f 3025 2603 2712
f 3025 3023 2603
f 2067 3023 3025
f 2067 3025 2483
f 1383 1502 2484
f 1383 2488 1502
f 2488 2068 1502
f 2488 2070 2068
f 2489 551 677
f 2485 1123 551
f 1123 677 551
f 1123 1125 677
f 1411 1553 2486
f 1553 1123 2486
f 1553 1125 1123
f 1411 2490 1553
f 2491 2181 2071
f 2071 2181 2179
f 2605 2712 2069
f 2179 2605 2069
f 2181 2605 2179
f 2487 2712 2605
f 1793 2070 2488
f 1793 2488 1795
f 2340 2213 2492
f 2213 1795 2492
f 2213 1793 1795
f 2340 2072 2213
f 2493 3061 3173
f 3173 3061 2073
f 3061 107 2073
f 3061 109 107
f 109 2489 677
f 549 109 677
f 107 109 549
f 1125 983 549
f 1125 549 677
f 1553 1409 983
f 1553 983 1125
f 1409 1553 2490
f 1823 1409 2490
f 1821 1409 1823
f 2074 1821 2389
f 1821 2243 2389
f 1821 1823 2243
f 2243 2494 2389
f 2495 1349 2075
f 2075 1349 1347
f 1349 1759 1347
f 1761 1759 1349
f 2071 1759 1761
f 2071 1761 2491
f 2215 2340 2492
f 2637 2072 2340
f 2215 2637 2340
f 2639 2637 2215
f 2639 2493 3173
f 3059 2639 3173
f 2637 2639 3059
f 3173 2073 3059
f 2389 2241 2074
f 2241 2389 2494
f 2667 2241 2494
f 2665 2241 2667
f 2667 2496 2665
f 2665 2496 2076
f 584 477 2077
f 2497 913 584
f 913 477 584
f 913 911 477
f 2075 911 913
f 2075 913 2495
f 3077 2076 2496
f 3077 2496 3079
f 3079 2498 3077
f 3077 2498 2078
f 584 2077 479
f 2077 2499 479
f 2077 2079 2499
f 2497 584 479
f 2078 2500 2080
f 2498 2500 2078
f 2501 2079 2081
f 2501 2499 2079
f 2080 2502 2082
f 2500 2502 2080
f 136 27 2083
f 2081 27 136
f 2503 2081 136
f 2501 2081 2503
f 3078 3231 2084
f 3078 2082 3231
f 2082 2504 3231
f 2082 2502 2504
f 28 136 2083
f 2503 136 28
f 2085 2503 28
f 2505 2503 2085
f 2084 3231 3080
f 2506 2084 3080
f 2086 2084 2506
f 3231 2504 3080
f 480 2505 594
f 2505 2087 594
f 2505 2085 2087
f 2507 480 594
f 2668 2508 2088
f 2668 2088 2666
f 2666 2086 2668
f 2668 2086 2506
f 2089 596 2087
f 2087 596 594
f 2507 594 596
f 2507 596 2509
f 2244 2510 2406
f 2406 2090 2244
f 2090 2508 2244
f 2090 2088 2508
f 2091 598 2089
f 2089 598 596
f 2509 596 598
f 2509 598 2511
f 2092 2242 2406
f 2510 2092 2406
f 2512 2092 2510
f 2090 2406 2242
f 146 29 2093
f 481 598 2091
f 481 2091 29
f 2513 481 29
f 146 2513 29
f 2511 598 481
f 2092 2514 2094
f 2512 2514 2092
f 3098 2985 2095
f 31 146 2093
f 31 2093 2985
f 2515 31 2985
f 3098 2515 2985
f 2513 146 31
f 2094 2516 2096
f 2514 2516 2094
f 2686 2565 2097
f 2987 3098 2095
f 2987 2095 2565
f 2517 2987 2565
f 2686 2517 2565
f 2515 3098 2987
f 1824 2518 2098
f 1824 2098 1822
f 1822 2096 1824
f 1824 2096 2516
f 2272 2145 2099
f 2145 2272 2097
f 2272 2686 2097
f 2272 2688 2686
f 2517 2686 2688
f 2517 2688 2519
f 2098 2520 2100
f 2518 2520 2098
f 1436 1317 2101
f 1854 1727 1436
f 1436 1727 1317
f 1727 1854 2099
f 1854 2272 2099
f 1854 2274 2272
f 2274 2521 2567
f 2688 2274 2567
f 2272 2274 2688
f 2519 2688 2567
f 1410 1583 2102
f 1410 2100 1583
f 2100 2522 1583
f 2100 2520 2522
f 2103 1438 2101
f 2101 1438 1436
f 1856 1436 1438
f 1854 1436 1856
f 1856 2523 2147
f 2274 1856 2147
f 1854 1856 2274
f 2521 2274 2147
f 1585 2104 2102
f 1585 2102 1583
f 1583 2522 1585
f 1585 2522 2524
f 2105 1440 2103
f 2103 1440 1438
f 1440 2525 1729
f 1856 1440 1729
f 1438 1440 1856
f 2523 1856 1729
f 1587 2106 2104
f 1587 2104 1585
f 1825 1999 2524
f 1999 1585 2524
f 1999 1587 1585
f 1825 2526 1999
f 1318 1440 2105
f 1730 2525 1860
f 1860 2525 2107
f 2525 1440 2107
f 1440 1318 2107
f 2527 1730 1860
f 984 1163 2108
f 1163 984 2106
f 1587 1163 2106
f 1589 1163 1587
f 2528 1589 1826
f 1589 1999 1826
f 1589 1587 1999
f 1999 2526 1826
f 1728 1860 2107
f 2148 2527 2282
f 2282 2527 2109
f 2527 1860 2109
f 1860 1728 2109
f 2529 2148 2282
f 1165 2110 2108
f 1165 2108 1163
f 1163 1591 1165
f 1163 1589 1591
f 1589 2528 1591
f 1591 2528 2530
f 2146 2282 2109
f 2282 2146 2529
f 2146 2568 2529
f 2146 2566 2568
f 2531 2568 2566
f 2531 2566 2111
f 1167 2112 2110
f 1167 2110 1165
f 1165 1593 1167
f 1165 1591 1593
f 1591 2530 1593
f 1593 2530 2532
f 2111 2986 2531
f 2531 2986 2988
f 2533 2988 2986
f 2533 2986 2113
f 2182 2534 2334
f 2182 2334 2114
f 2604 2182 2114
f 2606 2182 2604
f 3024 2606 2604
f 3024 3026 2606
f 74 3026 3024
f 74 76 3026
f 2535 76 74
f 2535 74 2115
f 1169 2116 2112
f 1169 2112 1167
f 2536 1169 1412
f 1169 1593 1412
f 1169 1167 1593
f 1593 2532 1412
f 2113 30 2533
f 2533 30 32
f 30 2117 622
f 482 30 622
f 32 30 482
f 2537 482 622
f 1350 2538 1494
f 1350 1494 2118
f 1760 1350 2118
f 1762 1350 1760
f 2534 1762 2334
f 1762 2180 2334
f 1762 1760 2180
f 2114 2334 2180
f 2115 516 2535
f 2535 516 518
f 948 518 516
f 948 950 518
f 2539 950 948
f 2539 948 2119
f 550 725 2120
f 1169 986 2116
f 2116 986 550
f 986 2540 550
f 2540 725 550
f 1169 2536 986
f 478 622 2117
f 622 478 2537
f 478 914 2537
f 478 912 914
f 2538 914 1494
f 914 1348 1494
f 914 912 1348
f 2118 1494 1348
f 2119 1382 2539
f 2539 1382 1384
f 1794 1384 1382
f 1794 1796 1384
f 2214 2385 2541
f 1796 2214 2541
f 1794 2214 1796
f 2638 2799 2385
f 2638 2385 2214
f 2121 2799 2638
f 108 273 2122
f 725 552 2120
f 2120 552 108
f 552 2542 108
f 2542 273 108
f 725 2540 552
f 2385 2216 2541
f 2216 2385 2640
f 2640 2385 2799
f 2121 3060 2799
f 3060 2640 2799
f 3060 3062 2640
f 273 110 2122
f 110 3060 2122
f 110 3062 3060
f 273 2542 110
f 2704 2589 2423
f 2821 3011 2704
f 3011 2589 2704
f 3011 3009 2589
f 3011 59 3009
f 61 59 3011
f 61 501 59
f 503 501 61
f 503 2822 501
f 501 2822 2424
f 2704 2423 2591
f 2423 2823 2591
f 2423 2425 2823
f 2821 2704 2591
f 933 2424 2822
f 933 2822 935
f 935 2824 933
f 933 2824 2426
f 1868 1745 2427
f 2825 2167 1868
f 2167 1745 1868
f 2167 2165 1745
f 2425 2165 2167
f 2425 2167 2823
f 2826 1496 1367
f 2426 2826 1367
f 2824 2826 2426
f 1496 2428 1367
f 1868 2427 1747
f 2427 2827 1747
f 2427 2429 2827
f 2825 1868 1747
f 1369 1496 2826
f 2828 1918 1779
f 2828 1779 2428
f 1369 2828 2428
f 1496 1369 2428
f 1918 2430 1779
f 1026 897 2431
f 2829 1335 1026
f 1335 897 1026
f 1335 1333 897
f 2429 1333 1335
f 2429 1335 2827
f 1781 1918 2828
f 1781 2830 1918
f 2830 2430 1918
f 2830 2432 2430
f 1026 2431 899
f 2431 2831 899
f 2431 2433 2831
f 2829 1026 899
f 2432 2832 2434
f 2830 2832 2432
f 2833 465 2435
f 2435 465 463
f 2433 463 465
f 2433 465 2831
f 2199 2434 2832
f 2199 2832 2201
f 2201 2834 2199
f 2199 2834 2436
f 2835 2435 2437
f 2835 2833 2435
f 2623 2436 2834
f 2623 2834 2625
f 2625 2836 2623
f 2623 2836 2438
f 2837 2437 2439
f 2837 2835 2437
f 3043 2438 2836
f 3043 2836 3045
f 3045 93 3043
f 95 93 3045
f 95 535 93
f 537 535 95
f 537 969 535
f 971 969 537
f 2440 969 1561
f 969 1397 1561
f 969 971 1397
f 1397 2838 1561
f 2839 15 133
f 2441 133 15
f 2837 2441 15
f 2439 2441 2837
f 1561 1395 2440
f 2838 1809 1979
f 2838 1979 2442
f 1561 2838 2442
f 1395 1561 2442
f 1809 2840 1979
f 13 2443 133
f 2443 2839 133
f 2443 2841 2839
f 133 2441 13
f 1979 1807 2442
f 2840 2229 2399
f 2840 2399 2444
f 1979 2840 2444
f 1807 1979 2444
f 2229 2842 2399
f 2843 2443 2445
f 2843 2841 2443
f 2399 2227 2444
f 2842 2653 2813
f 2842 2813 2446
f 2399 2842 2446
f 2227 2399 2446
f 2653 2844 2813
f 2845 2445 2447
f 2845 2843 2445
f 2813 2651 2446
f 2813 2844 2651
f 2844 2448 2651
f 2844 2846 2448
f 2847 2973 3091
f 2449 3091 2973
f 2845 2449 2973
f 2447 2449 2845
f 2200 2357 2450
f 2624 2771 2357
f 2624 2357 2200
f 3044 3193 2771
f 3044 2771 2624
f 94 245 3193
f 94 3193 3044
f 2451 245 94
f 2652 2817 2452
f 2652 2448 2817
f 2448 2848 2817
f 2448 2846 2848
f 2680 2551 2453
f 2849 2847 2680
f 2847 2971 2680
f 2971 2551 2680
f 2847 3091 2971
f 3091 2449 2971
f 1780 1939 2454
f 2357 2202 2450
f 2450 2202 1780
f 2202 2850 1780
f 2850 1939 1780
f 2202 2357 2626
f 2626 2357 2771
f 2626 2771 3046
f 3046 2771 3193
f 3046 3193 96
f 96 3193 245
f 2451 536 245
f 536 96 245
f 536 538 96
f 970 1147 2851
f 538 970 2851
f 536 970 538
f 2455 1147 970
f 2819 2456 2452
f 2819 2452 2817
f 2817 2848 2819
f 2819 2848 2852
f 2853 2133 2457
f 2457 2133 2131
f 2553 2680 2453
f 2131 2553 2453
f 2133 2553 2131
f 2849 2680 2553
f 1368 1525 2458
f 1939 1782 2454
f 2454 1782 1368
f 1782 2854 1368
f 2854 1525 1368
f 1939 2850 1782
f 1147 972 2851
f 1575 2855 1396
f 1396 2855 2455
f 2855 972 2455
f 972 1147 2455
f 2459 1575 1396
f 2228 2409 2460
f 2819 2654 2456
f 2456 2654 2228
f 2654 2856 2228
f 2856 2409 2228
f 2819 2852 2654
f 2857 1305 1429
f 1429 1305 2461
f 1305 1713 2461
f 1305 1715 1713
f 2457 1713 1715
f 2457 1715 2853
f 934 1101 2462
f 1101 934 2458
f 1525 1101 2458
f 1527 1101 1525
f 1525 2854 1527
f 1527 2854 2858
f 1575 1398 2855
f 2459 1808 1575
f 1808 1398 1575
f 1808 1810 1398
f 2409 2230 2460
f 2230 1808 2460
f 2230 1810 1808
f 2409 2856 2230
f 1303 2463 1429
f 2463 2857 1429
f 2463 2859 2857
f 1429 2461 1303
f 502 657 2464
f 1101 936 2462
f 2462 936 502
f 936 2860 502
f 2860 657 502
f 936 1101 1370
f 1370 1101 1527
f 1527 2858 1370
f 2861 867 1007
f 2465 1007 867
f 2859 2465 867
f 2463 2465 2859
f 659 2466 2464
f 659 2464 657
f 657 2860 659
f 659 2860 2862
f 1009 2863 1007
f 1007 2863 2861
f 1007 2465 2467
f 1007 2467 1009
f 661 2468 2466
f 661 2466 659
f 659 2862 661
f 661 2862 2864
f 1011 2865 1009
f 1009 2865 2863
f 1009 2467 2469
f 1009 2469 1011
f 663 2470 2468
f 663 2468 661
f 661 2864 663
f 663 2864 2866
f 1015 2867 1011
f 1011 2867 2865
f 1011 2469 2471
f 1011 2471 1015
f 665 2472 2470
f 665 2470 663
f 663 2866 665
f 665 2866 2868
f 865 2473 1018
f 2867 1015 868
f 2869 868 1015
f 2471 2869 1015
f 2869 865 1018
f 2869 2471 865
f 2472 665 504
f 2870 2472 504
f 2474 2472 2870
f 665 2868 504
f 2475 1022 2473
f 2473 1022 1018
f 2869 1018 1022
f 2869 1022 2871
f 60 217 2476
f 60 2474 217
f 2474 2872 217
f 2474 2870 2872
f 866 1022 2475
f 2871 1022 866
f 2477 2871 866
f 2873 2871 2477
f 2476 217 62
f 2874 2476 62
f 2478 2476 2874
f 217 2872 62
f 1306 2873 1448
f 2873 2479 1448
f 2873 2477 2479
f 2875 1306 1448
f 2478 2876 2480
f 2874 2876 2478
f 1304 1448 2479
f 1448 1304 2875
f 1304 1716 2875
f 1304 1714 1716
f 2132 1716 1714
f 2132 2134 1716
f 2552 2134 2132
f 2552 2554 2134
f 2972 2554 2552
f 2972 2974 2554
f 14 2974 2972
f 14 16 2974
f 464 16 14
f 464 466 16
f 898 1069 2877
f 466 898 2877
f 464 898 466
f 1334 1493 1069
f 1334 1069 898
f 2481 1493 1334
f 2166 2335 2482
f 2592 2878 2335
f 2166 2592 2335
f 2590 2592 2166
f 3010 2592 2590
f 3010 3012 2592
f 3010 2480 3012
f 3012 2480 2876
f 1069 900 2877
f 900 1069 1336
f 1336 1069 1493
f 2481 1746 1493
f 1746 1336 1493
f 1746 1748 1336
f 2335 2168 2482
f 2168 1746 2482
f 2168 1748 1746
f 2335 2878 2168
f 176 75 2483
f 2879 519 176
f 519 75 176
f 519 517 75
f 1076 949 2880
f 949 519 2880
f 949 517 519
f 1076 2484 949
f 2881 553 675
f 675 553 2485
f 553 985 2485
f 553 987 985
f 2486 985 1551
f 985 1413 1551
f 985 987 1413
f 1413 2882 1551
f 3128 3025 2487
f 77 176 2483
f 77 2483 3025
f 2883 77 3025
f 3128 2883 3025
f 2879 176 77
f 951 1076 2880
f 2884 1504 1383
f 2884 1383 2484
f 951 2884 2484
f 1076 951 2484
f 1504 2488 1383
f 2885 111 223
f 2881 675 111
f 111 675 223
f 675 551 223
f 551 2489 223
f 675 2485 551
f 1551 1411 2486
f 2882 1827 1969
f 2882 1969 2490
f 1551 2882 2490
f 1411 1551 2490
f 1827 2886 1969
f 2294 2181 2491
f 2887 2607 2294
f 2607 2181 2294
f 2607 2605 2181
f 3027 3128 2487
f 2605 3027 2487
f 2607 3027 2605
f 2883 3128 3027
f 1385 1504 2884
f 2888 1922 1795
f 2888 1795 2488
f 1385 2888 2488
f 1504 1385 2488
f 1922 2492 1795
f 2889 3063 2493
f 2493 3063 3061
f 3063 2885 223
f 109 3063 223
f 3061 3063 109
f 223 2489 109
f 1969 1823 2490
f 1823 1969 2886
f 2245 1823 2886
f 2243 1823 2245
f 2245 2890 2243
f 2243 2890 2494
f 2891 1351 2495
f 2495 1351 1349
f 1351 1761 1349
f 1763 1761 1351
f 2183 2294 2491
f 1761 2183 2491
f 1763 2183 1761
f 2887 2294 2183
f 1797 1922 2888
f 2892 2344 2215
f 2892 2215 2492
f 1797 2892 2492
f 1922 1797 2492
f 2893 2641 2344
f 2641 2215 2344
f 2641 2639 2215
f 2493 2639 2641
f 2493 2641 2889
f 2667 2494 2890
f 2667 2890 2669
f 2496 2667 3223
f 2667 3081 3223
f 2667 2669 3081
f 3081 2894 3223
f 2895 915 2497
f 2497 915 913
f 2495 913 915
f 2495 915 2891
f 2217 2344 2892
f 2893 2344 2217
f 3223 3079 2496
f 3223 2894 3079
f 2894 2498 3079
f 2894 2896 2498
f 2897 483 2499
f 2499 483 479
f 2497 479 483
f 2497 483 2895
f 1386 2898 1512
f 1386 1512 1928
f 1386 1928 1798
f 2899 1798 1928
f 2896 125 277
f 2500 2896 277
f 2498 2896 2500
f 125 2900 277
f 2901 2499 2501
f 2901 2897 2499
f 520 2902 642
f 520 642 1088
f 520 1088 952
f 1512 2898 952
f 1088 1512 952
f 1514 1512 1088
f 1930 1512 1514
f 1928 1512 1930
f 2350 2218 2899
f 1928 2350 2899
f 1930 2350 1928
f 2903 2218 2350
f 279 2502 2500
f 279 2500 277
f 277 2900 279
f 279 2900 2904
f 2905 2501 2503
f 2905 2901 2501
f 78 2906 190
f 642 2902 78
f 190 642 78
f 644 642 190
f 1090 642 644
f 1088 642 1090
f 1516 1088 1090
f 1514 1088 1516
f 1932 1514 1516
f 1930 1514 1932
f 2352 1930 1932
f 2350 1930 2352
f 2766 2642 2903
f 2350 2766 2903
f 2352 2766 2350
f 2907 2642 2766
f 2502 279 126
f 2908 2502 126
f 2504 2502 2908
f 279 2904 126
f 484 2905 592
f 2905 2505 592
f 2905 2503 2505
f 2909 484 592
f 2910 192 190
f 2910 190 2906
f 646 190 192
f 644 190 646
f 1092 644 646
f 1090 644 1092
f 1518 1090 1092
f 1516 1090 1518
f 1934 1516 1518
f 1932 1516 1934
f 2354 1932 1934
f 2352 1932 2354
f 2768 2352 2354
f 2766 2352 2768
f 2907 2766 2768
f 2907 2768 2911
f 3082 2912 2506
f 3082 2506 3080
f 3080 2504 3082
f 3082 2504 2908
f 480 592 2505
f 916 2909 1042
f 1042 2909 2507
f 2909 592 2507
f 592 480 2507
f 2913 916 1042
f 3028 2914 3144
f 192 2910 3028
f 3144 192 3028
f 194 192 3144
f 648 192 194
f 646 192 648
f 1094 646 648
f 1092 646 1094
f 1520 1092 1094
f 1518 1092 1520
f 1936 1518 1520
f 1934 1518 1936
f 2356 1934 1936
f 2354 1934 2356
f 2770 2354 2356
f 2768 2354 2770
f 2911 2768 2770
f 2911 2770 2915
f 2670 2916 2508
f 2670 2508 2668
f 2668 2506 2670
f 2670 2506 2912
f 2509 1044 2507
f 2507 1044 1042
f 2913 1042 1044
f 2913 1044 2917
f 2608 2918 2730
f 3144 2914 2608
f 2730 3144 2608
f 3146 3144 2730
f 196 3144 3146
f 194 3144 196
f 650 194 196
f 648 194 650
f 1096 648 650
f 1094 648 1096
f 1522 1094 1096
f 1520 1094 1522
f 1938 1520 1522
f 1936 1520 1938
f 2358 1936 1938
f 2356 1936 2358
f 2772 2356 2358
f 2770 2356 2772
f 2915 2770 2772
f 2915 2772 2919
f 2246 2920 2510
f 2246 2510 2244
f 2244 2508 2246
f 2246 2508 2916
f 2511 1046 2509
f 2509 1046 1044
f 2917 1044 1046
f 2917 1046 2921
f 2609 2730 2918
f 2730 2609 2922
f 3148 2730 2922
f 3146 2730 3148
f 198 3146 3148
f 196 3146 198
f 652 196 198
f 650 196 652
f 1098 650 652
f 1096 650 1098
f 1524 1096 1098
f 1522 1096 1524
f 1940 1522 1524
f 1938 1522 1940
f 2360 1938 1940
f 2358 1938 2360
f 2774 2358 2360
f 2772 2358 2774
f 2919 2772 2774
f 2919 2774 2923
f 2510 2924 2512
f 2920 2924 2510
f 600 481 2513
f 481 600 2511
f 600 1046 2511
f 600 1048 1046
f 2921 1046 1048
f 2921 1048 2925
f 3029 3148 2922
f 3148 3029 2926
f 200 3148 2926
f 198 3148 200
f 654 198 200
f 652 198 654
f 1100 652 654
f 1098 652 1100
f 1526 1098 1100
f 1524 1098 1526
f 1942 1524 1526
f 1940 1524 1942
f 2362 1940 1942
f 2360 1940 2362
f 2776 2360 2362
f 2774 2360 2776
f 2923 2774 2776
f 2923 2776 2927
f 1828 2928 1992
f 1992 2514 1828
f 2514 2924 1828
f 2514 2512 2924
f 148 31 2515
f 485 600 2513
f 485 2513 31
f 2929 485 31
f 148 2929 31
f 600 485 917
f 600 917 1048
f 2925 1048 917
f 2930 202 200
f 2930 200 2926
f 656 200 202
f 654 200 656
f 1102 654 656
f 1100 654 1102
f 1528 1100 1102
f 1526 1100 1528
f 1944 1526 1528
f 1942 1526 1944
f 2364 1942 1944
f 2362 1942 2364
f 2364 2931 2643
f 2776 2364 2643
f 2362 2364 2776
f 2927 2776 2643
f 2932 1994 1992
f 2932 1992 2928
f 2514 1992 2516
f 2516 1992 1994
f 3100 2987 2517
f 33 148 2515
f 33 2515 2987
f 2933 33 2987
f 3100 2933 2987
f 2929 148 33
f 2934 204 202
f 2934 202 2930
f 658 202 204
f 656 202 658
f 1104 656 658
f 1102 656 1104
f 1530 1102 1104
f 1528 1102 1530
f 1946 1528 1530
f 1944 1528 1946
f 1946 2935 2219
f 2364 1946 2219
f 1944 1946 2364
f 2931 2364 2219
f 2518 1824 1994
f 2932 2518 1994
f 2936 2518 2932
f 2516 1994 1824
f 3100 2517 2989
f 2517 2937 2989
f 2517 2519 2937
f 2933 3100 2989
f 79 204 2934
f 204 79 521
f 204 521 658
f 658 521 953
f 658 953 1104
f 1104 953 1387
f 1104 1387 1530
f 1530 1387 1799
f 1530 1799 1946
f 2935 1946 1799
f 2518 2938 2520
f 2936 2938 2518
f 2939 2569 2521
f 2521 2569 2567
f 2519 2567 2569
f 2519 2569 2937
f 2938 1829 1995
f 2522 2938 1995
f 2520 2938 2522
f 1829 2940 1995
f 2276 2147 2523
f 2521 2147 2276
f 2941 2521 2276
f 2939 2521 2941
f 1997 2524 2522
f 1997 2522 1995
f 1995 2940 1997
f 1997 2940 2942
f 1858 1729 2525
f 2149 2276 2523
f 2149 2523 1729
f 2943 2149 1729
f 1858 2943 1729
f 2941 2276 2149
f 1997 1825 2524
f 1997 2942 1825
f 2942 2526 1825
f 2942 2944 2526
f 1730 1858 2525
f 2150 2943 2280
f 2280 2943 2527
f 2943 1858 2527
f 1858 1730 2527
f 2945 2150 2280
f 1826 2001 2528
f 2526 2944 1826
f 2944 2415 1826
f 2415 2001 1826
f 2415 2944 2247
f 2247 2946 2415
f 2148 2280 2527
f 2945 2280 2148
f 2529 2945 2148
f 2947 2945 2529
f 2003 2530 2528
f 2003 2528 2001
f 2948 2003 2248
f 2003 2415 2248
f 2003 2001 2415
f 2415 2946 2248
f 2529 2568 2947
f 2947 2568 2570
f 2568 2531 3114
f 2990 2568 3114
f 2570 2568 2990
f 2949 2990 3114
f 2610 2950 2752
f 2610 2752 3168
f 2610 3168 3030
f 3030 3168 220
f 3030 220 80
f 2951 80 220
f 2005 2532 2530
f 2005 2530 2003
f 2003 2948 2005
f 2005 2948 2952
f 2988 3114 2531
f 34 2949 166
f 166 2949 2533
f 2949 3114 2533
f 3114 2988 2533
f 2953 34 166
f 2184 2954 2534
f 2184 2534 2182
f 2950 2184 2752
f 2184 2606 2752
f 2184 2182 2606
f 3026 3168 2606
f 2606 3168 2752
f 76 220 3026
f 3026 220 3168
f 522 2951 674
f 674 2951 2535
f 2951 220 2535
f 220 76 2535
f 2955 522 674
f 1412 1595 2536
f 2005 1830 2532
f 2532 1830 1412
f 1830 2956 1412
f 2956 1595 1412
f 2005 2952 1830
f 32 166 2533
f 166 32 2953
f 32 486 2953
f 32 482 486
f 482 2537 1070
f 918 482 1070
f 486 482 918
f 918 1070 2538
f 1350 918 2538
f 1352 918 1350
f 1762 1352 1350
f 1762 1764 1352
f 1762 2534 1764
f 1764 2534 2954
f 518 674 2535
f 518 950 674
f 950 2957 674
f 2957 2955 674
f 2957 950 1121
f 2539 1121 950
f 986 1171 2540
f 1595 1414 2536
f 2536 1414 986
f 1414 2958 986
f 2958 1171 986
f 1595 2956 1414
f 914 1070 2537
f 2538 1070 914
f 1121 954 2957
f 2539 1384 1121
f 1384 954 1121
f 1384 1388 954
f 1796 1965 2959
f 1388 1796 2959
f 1384 1796 1388
f 2541 1965 1796
f 552 727 2542
f 1171 988 2540
f 2540 988 552
f 988 2960 552
f 2960 727 552
f 1171 2958 988
f 1965 1800 2959
f 2541 2216 1965
f 2216 1800 1965
f 2216 2220 1800
f 2640 2220 2216
f 2640 2644 2220
f 3062 2644 2640
f 3062 3064 2644
f 110 3064 3062
f 110 112 3064
f 727 554 2542
f 554 110 2542
f 554 112 110
f 727 2960 554
f 3235 3031 3179
f 3179 3031 231
f 231 3031 81
f 231 81 685
f 685 81 523
f 523 3236 685
f 3237 1319 1457
f 1457 1319 1879
f 1879 1319 1731
f 1879 1731 2299
f 2299 1731 2151
f 2299 2151 2719
f 2719 2151 2575
f 2575 3238 2719
f 3183 3239 3179
f 3179 3239 3235
f 3179 235 3183
f 3179 231 235
f 231 689 235
f 231 685 689
f 685 3236 689
f 689 3236 3240
f 3241 879 1035
f 3237 1457 879
f 1457 1035 879
f 1457 1459 1035
f 1457 1881 1459
f 1457 1879 1881
f 1879 2301 1881
f 1879 2299 2301
f 2299 2721 2301
f 2299 2719 2721
f 2995 3137 3238
f 3137 2719 3238
f 3137 2721 2719
f 2995 3242 3137
f 3185 3243 3183
f 3183 3243 3239
f 3183 237 3185
f 3183 235 237
f 235 691 237
f 235 689 691
f 689 3240 691
f 691 3240 3244
f 1035 880 3241
f 880 1035 3245
f 1035 1461 3245
f 1035 1459 1461
f 1459 1883 1461
f 1459 1881 1883
f 1881 2303 1883
f 1881 2301 2303
f 2301 2723 2303
f 2301 2721 2723
f 3246 2723 2996
f 2723 3137 2996
f 2723 2721 3137
f 3137 3242 2996
f 3185 3032 3243
f 3032 3185 82
f 82 3185 237
f 82 237 524
f 524 237 691
f 691 3244 524
f 1461 1320 3245
f 1320 1461 3247
f 1461 1885 3247
f 1461 1883 1885
f 1883 2305 1885
f 1883 2303 2305
f 3248 2305 2576
f 2305 2723 2576
f 2305 2303 2723
f 2723 3246 2576
f 1885 1732 3247
f 1732 1885 2152
f 2152 1885 2305
f 2305 3248 2152
f 3249 1321 1475
f 1475 1321 1897
f 1897 1321 1733
f 1897 1733 2317
f 2317 1733 2153
f 2153 3250 2317
f 3251 881 1053
f 3249 1475 881
f 1475 1053 881
f 1475 1477 1053
f 1475 1899 1477
f 1475 1897 1899
f 1897 2319 1899
f 1897 2317 2319
f 2577 2739 3250
f 2739 2317 3250
f 2739 2319 2317
f 2577 3252 2739
f 3253 447 607
f 3251 1053 447
f 1053 607 447
f 1053 1055 607
f 1053 1479 1055
f 1053 1477 1479
f 1477 1901 1479
f 1477 1899 1901
f 1899 2321 1901
f 1899 2319 2321
f 2319 2741 2321
f 2319 2739 2741
f 2997 3157 3252
f 3157 2739 3252
f 3157 2741 2739
f 2997 3254 3157
f 609 3255 607
f 607 3255 3253
f 607 1057 609
f 607 1055 1057
f 1055 1481 1057
f 1055 1479 1481
f 1479 1903 1481
f 1479 1901 1903
f 1901 2323 1903
f 1901 2321 2323
f 2321 2743 2323
f 2321 2741 2743
f 2741 3159 2743
f 2741 3157 3159
f 3157 3254 3159
f 3159 3254 3256
f 611 3257 609
f 609 3257 3255
f 609 1059 611
f 609 1057 1059
f 1057 1483 1059
f 1057 1481 1483
f 1481 1905 1483
f 1481 1903 1905
f 1903 2325 1905
f 1903 2323 2325
f 2323 2745 2325
f 2323 2743 2745
f 2743 3161 2745
f 2743 3159 3161
f 3159 3256 3161
f 3161 3256 3258
f 613 3259 611
f 611 3259 3257
f 611 1061 613
f 611 1059 1061
f 1059 1485 1061
f 1059 1483 1485
f 1483 1907 1485
f 1483 1905 1907
f 1905 2327 1907
f 1905 2325 2327
f 2325 2747 2327
f 2325 2745 2747
f 2745 3163 2747
f 2745 3161 3163
f 3161 3258 3163
f 3163 3258 3260
f 613 448 3259
f 448 613 3261
f 613 1063 3261
f 613 1061 1063
f 1061 1487 1063
f 1061 1485 1487
f 1485 1909 1487
f 1485 1907 1909
f 1907 2329 1909
f 1907 2327 2329
f 2327 2749 2329
f 2327 2747 2749
f 3262 2749 2998
f 2749 3163 2998
f 2749 2747 3163
f 3163 3260 2998
f 1063 882 3261
f 882 1063 1322
f 1322 1063 1487
f 1322 1487 1734
f 1734 1487 1909
f 1734 1909 2154
f 2154 1909 2329
f 2154 2329 2578
f 2578 2329 2749
f 2749 3262 2578
f 3120 3011 2821
f 170 61 3120
f 3120 61 3011
f 624 503 170
f 170 503 61
f 624 2822 503
f 2706 2591 2823
f 3013 3120 2821
f 3013 2821 2591
f 3263 3013 2591
f 2706 3263 2591
f 3120 3013 63
f 3120 63 170
f 170 63 505
f 170 505 624
f 3264 1072 935
f 3264 935 2822
f 505 3264 2822
f 624 505 2822
f 1072 2824 935
f 2288 2167 2825
f 2593 2706 2823
f 2593 2823 2167
f 3265 2593 2167
f 2288 3265 2167
f 3263 2706 2593
f 937 1072 3264
f 937 3266 1072
f 3266 2824 1072
f 3266 2826 2824
f 1870 1747 2827
f 2169 2288 2825
f 2169 2825 1747
f 3267 2169 1747
f 1870 3267 1747
f 3265 2288 2169
f 1369 2826 3266
f 1369 3266 1371
f 1371 3268 1369
f 1369 3268 2828
f 3269 1337 2829
f 2829 1337 1335
f 1749 1870 2827
f 1335 1749 2827
f 1337 1749 1335
f 3267 1870 1749
f 3270 1920 1781
f 2828 3270 1781
f 3268 3270 2828
f 1920 2830 1781
f 3271 901 2831
f 2831 901 899
f 2829 899 901
f 2829 901 3269
f 1783 1920 3270
f 1783 3272 1920
f 3272 2830 1920
f 3272 2832 2830
f 3273 467 2833
f 2833 467 465
f 2831 465 467
f 2831 467 3271
f 3274 2342 2201
f 2832 3274 2201
f 3272 3274 2832
f 2342 2834 2201
f 3275 2833 2835
f 3275 3273 2833
f 2203 2342 3274
f 2625 2834 2342
f 2203 2625 2342
f 2627 2625 2203
f 2627 3276 2625
f 2625 3276 2836
f 3277 539 687
f 687 539 1133
f 1133 539 973
f 973 3278 1133
f 3279 2835 2837
f 3279 3275 2835
f 3045 2836 3276
f 3045 3276 3047
f 3047 95 3045
f 97 95 3047
f 97 3277 687
f 537 97 687
f 95 97 537
f 1133 971 537
f 1133 537 687
f 971 1133 3278
f 1399 971 3278
f 1397 971 1399
f 2838 1397 1977
f 1397 1811 1977
f 1397 1399 1811
f 1811 3280 1977
f 3281 17 2839
f 2839 17 15
f 2837 15 17
f 2837 17 3279
f 1977 1809 2838
f 3280 2231 2397
f 3280 2397 2840
f 1977 3280 2840
f 1809 1977 2840
f 2231 3282 2397
f 3283 2839 2841
f 3283 3281 2839
f 2397 2229 2840
f 3282 2655 2811
f 3282 2811 2842
f 2397 3282 2842
f 2229 2397 2842
f 2655 3284 2811
f 3285 2841 2843
f 3285 3283 2841
f 2811 2653 2842
f 2811 3284 2653
f 3284 2844 2653
f 3284 3286 2844
f 3287 2843 2845
f 3287 3285 2843
f 2844 3288 2846
f 3286 3288 2844
f 3289 2975 2847
f 2847 2975 2973
f 2845 2973 2975
f 2845 2975 3287
f 2846 3290 2848
f 3288 3290 2846
f 3291 2847 2849
f 3291 3289 2847
f 2202 2359 2850
f 2626 2773 2359
f 2626 2359 2202
f 3046 3195 2773
f 3046 2773 2626
f 96 247 3195
f 96 3195 3046
f 538 701 247
f 538 247 96
f 2851 701 538
f 2848 3292 2852
f 3290 3292 2848
f 3293 2135 2853
f 2853 2135 2133
f 2135 2553 2133
f 2555 2553 2135
f 2849 2553 2555
f 2849 2555 3291
f 1782 1941 2854
f 1941 1782 2850
f 2359 1941 2850
f 2361 1941 2359
f 3294 2361 2628
f 2361 2773 2628
f 2361 2359 2773
f 2628 2773 3048
f 3048 2773 3195
f 3048 3195 98
f 98 3195 247
f 98 247 540
f 540 247 701
f 1149 3295 972
f 972 3295 2851
f 3295 540 2851
f 540 701 2851
f 2855 1149 972
f 2656 3296 2856
f 2656 2856 2654
f 2654 2852 2656
f 2656 2852 3292
f 3297 1307 2857
f 2857 1307 1305
f 1307 1715 1305
f 1717 1715 1307
f 2853 1715 1717
f 2853 1717 3293
f 1943 2858 2854
f 1943 2854 1941
f 1941 2363 1943
f 1941 2361 2363
f 2361 3294 2363
f 2363 3294 3298
f 1149 974 3295
f 2855 1398 1149
f 1398 974 1149
f 1398 1400 974
f 1810 1400 1398
f 1810 1812 1400
f 2230 1812 1810
f 2230 2232 1812
f 2230 2856 2232
f 2232 2856 3296
f 3299 869 1005
f 2859 1005 869
f 3297 2859 869
f 2857 2859 3297
f 936 1103 2860
f 1370 1529 1103
f 1370 1103 936
f 1529 1370 2858
f 1943 1529 2858
f 1945 1529 1943
f 3300 1945 2204
f 1945 2363 2204
f 1945 1943 2363
f 2363 3298 2204
f 3301 439 571
f 3299 1005 439
f 439 1005 571
f 1005 867 571
f 867 2861 571
f 1005 2859 867
f 1105 2862 2860
f 1105 2860 1103
f 1103 1531 1105
f 1103 1529 1531
f 3302 1531 1784
f 1531 1945 1784
f 1531 1529 1945
f 1945 3300 1784
f 573 3303 571
f 571 3303 3301
f 571 2861 2863
f 571 2863 573
f 1107 2864 2862
f 1107 2862 1105
f 1105 1533 1107
f 1105 1531 1533
f 1531 3302 1533
f 1533 3302 3304
f 573 440 3303
f 3305 440 573
f 2863 3305 573
f 2865 3305 2863
f 1109 2866 2864
f 1109 2864 1107
f 1107 1535 1109
f 1107 1533 1535
f 1533 3304 1535
f 1535 3304 3306
f 3307 2865 2867
f 3307 3305 2865
f 1111 2868 2866
f 1111 2866 1109
f 3308 1111 1372
f 1111 1535 1372
f 1111 1109 1535
f 1535 3306 1372
f 1019 3309 868
f 3309 2867 868
f 3309 3307 2867
f 2869 1019 868
f 504 667 2870
f 1111 938 2868
f 2868 938 504
f 938 3310 504
f 3310 667 504
f 1111 3308 938
f 1019 870 3309
f 3311 870 1019
f 2869 3311 1019
f 2871 3311 2869
f 2870 667 506
f 3312 2870 506
f 2872 2870 3312
f 667 3310 506
f 3313 2871 2873
f 3313 3311 2871
f 64 3314 2874
f 64 2874 62
f 62 2872 64
f 64 2872 3312
f 2873 1306 3313
f 3313 1306 1308
f 3315 1308 1306
f 3315 1306 2875
f 3014 3316 3170
f 3170 2876 3014
f 2876 3314 3014
f 2876 2874 3314
f 2875 1716 3315
f 3315 1716 1718
f 2134 1718 1716
f 2134 2136 1718
f 2554 2136 2134
f 2554 2556 2136
f 2974 2556 2554
f 2974 2976 2556
f 16 167 3317
f 2976 16 3317
f 2974 16 2976
f 466 621 167
f 466 167 16
f 2877 621 466
f 2594 3318 2878
f 2594 2878 2592
f 3316 2594 3170
f 2594 3012 3170
f 2594 2592 3012
f 2876 3170 3012
f 167 18 3317
f 18 167 468
f 468 167 621
f 2877 900 621
f 900 468 621
f 900 902 468
f 1336 902 900
f 1336 1338 902
f 1748 1338 1336
f 1748 1750 1338
f 2168 1750 1748
f 2168 2170 1750
f 2168 2878 2170
f 2170 2878 3318
f 630 519 2879
f 630 2880 519
f 3319 113 221
f 221 113 2881
f 113 553 2881
f 113 555 553
f 555 987 553
f 989 987 555
f 989 1413 987
f 1415 1413 989
f 2882 1413 1967
f 1413 1831 1967
f 1413 1415 1831
f 1831 3320 1967
f 178 77 2883
f 77 178 2879
f 178 630 2879
f 178 632 630
f 2880 630 951
f 630 1078 951
f 630 632 1078
f 1078 2884 951
f 111 2885 221
f 2885 3319 221
f 2885 3321 3319
f 221 2881 111
f 1967 1827 2882
f 3320 2249 2387
f 3320 2387 2886
f 1967 3320 2886
f 1827 1967 2886
f 2249 3322 2387
f 2714 2607 2887
f 3130 3027 2714
f 2714 3027 2607
f 3027 3130 2883
f 3130 178 2883
f 3130 180 178
f 634 178 180
f 632 178 634
f 1080 632 634
f 1078 632 1080
f 2884 1078 1385
f 1078 1506 1385
f 1078 1080 1506
f 1506 2888 1385
f 3323 3065 2889
f 2889 3065 3063
f 2885 3063 3065
f 2885 3065 3321
f 2387 2245 2886
f 3322 2671 2801
f 3322 2801 2890
f 2387 3322 2890
f 2245 2387 2890
f 2671 3324 2801
f 1454 1351 2891
f 1876 1763 1454
f 1454 1763 1351
f 2296 2183 1876
f 1876 2183 1763
f 2183 2296 2887
f 2296 2714 2887
f 2296 2716 2714
f 3132 2714 2716
f 3130 2714 3132
f 182 3130 3132
f 180 3130 182
f 636 180 182
f 634 180 636
f 1082 634 636
f 1080 634 1082
f 1508 1080 1082
f 1506 1080 1508
f 2888 1506 1797
f 1506 1924 1797
f 1506 1508 1924
f 1924 2892 1797
f 2758 2641 2893
f 2889 2641 2758
f 3325 2889 2758
f 3323 2889 3325
f 2801 2669 2890
f 2669 2801 3324
f 3083 2669 3324
f 3081 2669 3083
f 3083 3326 3081
f 3081 3326 2894
f 1032 915 2895
f 1353 1454 2891
f 1353 2891 915
f 3327 1353 915
f 1032 3327 915
f 1454 1353 1765
f 1454 1765 1876
f 1876 1765 2185
f 1876 2185 2296
f 2296 2185 3328
f 2718 2296 3328
f 2716 2296 2718
f 3134 2716 2718
f 3132 2716 3134
f 184 3132 3134
f 182 3132 184
f 638 182 184
f 636 182 638
f 1084 636 638
f 1082 636 1084
f 1510 1082 1084
f 1508 1082 1510
f 1926 1508 1510
f 1924 1508 1926
f 2892 1924 2217
f 1924 2346 2217
f 1924 1926 2346
f 2217 2346 2893
f 2346 2758 2893
f 2346 2760 2758
f 3325 2758 2760
f 3325 2760 3329
f 3326 127 275
f 2896 3326 275
f 2894 3326 2896
f 127 3330 275
f 586 483 2897
f 919 1032 2895
f 919 2895 483
f 3331 919 483
f 586 3331 483
f 3327 1032 919
f 3332 2720 2718
f 3332 2718 3328
f 3136 2718 2720
f 3134 2718 3136
f 186 3134 3136
f 184 3134 186
f 640 184 186
f 638 184 640
f 1086 638 640
f 1084 638 1086
f 1386 1510 2898
f 1510 1086 2898
f 1510 1084 1086
f 1798 1926 1386
f 1386 1926 1510
f 2899 2348 1798
f 2348 1926 1798
f 2348 2346 1926
f 2762 2346 2348
f 2760 2346 2762
f 3184 3066 3329
f 2760 3184 3329
f 2762 3184 2760
f 3333 3066 3184
f 275 125 2896
f 275 3330 125
f 3330 2900 125
f 3330 3334 2900
f 2901 588 2897
f 2897 588 586
f 3331 586 588
f 3331 588 3335
f 3336 2722 2720
f 3336 2720 3332
f 3138 2720 2722
f 3136 2720 3138
f 188 3136 3138
f 186 3136 188
f 520 640 2902
f 640 188 2902
f 640 186 188
f 952 1086 520
f 520 1086 640
f 2898 1086 952
f 2218 2348 2899
f 2903 2764 2218
f 2764 2348 2218
f 2764 2762 2348
f 3186 2762 2764
f 3184 2762 3186
f 3333 3184 3186
f 3333 3186 3337
f 2900 3338 2904
f 3334 3338 2900
f 2905 590 2901
f 2901 590 588
f 3335 588 590
f 3335 590 3339
f 2186 3340 2304
f 2722 3336 2186
f 2304 2722 2186
f 2724 2722 2304
f 3140 2722 2724
f 3138 2722 3140
f 78 188 2906
f 188 3140 2906
f 188 3138 3140
f 2902 188 78
f 2642 2764 2903
f 2907 3188 2642
f 3188 2764 2642
f 3188 3186 2764
f 240 114 3337
f 3186 240 3337
f 3188 240 3186
f 3341 114 240
f 126 281 2908
f 126 2904 281
f 2904 3342 281
f 2904 3338 3342
f 484 590 2905
f 920 3339 1040
f 1040 3339 2909
f 3339 590 2909
f 590 484 2909
f 920 1040 1464
f 920 1464 1354
f 1354 1464 1886
f 1354 1886 1766
f 2304 3340 1766
f 1886 2304 1766
f 2306 2304 1886
f 2726 2304 2306
f 2724 2304 2726
f 3142 2724 2726
f 3140 2724 3142
f 2906 3140 2910
f 2910 3140 3142
f 2911 3190 2907
f 2907 3190 3188
f 242 3188 3190
f 240 3188 242
f 696 556 3341
f 240 696 3341
f 242 696 240
f 3343 556 696
f 3082 3233 2912
f 281 128 2908
f 2908 128 3082
f 128 3344 3082
f 3344 3233 3082
f 281 3342 128
f 916 1040 2909
f 2913 1466 916
f 1466 1040 916
f 1466 1464 1040
f 1888 1464 1466
f 1886 1464 1888
f 2308 1886 1888
f 2306 1886 2308
f 2728 2306 2308
f 2726 2306 2728
f 3028 3142 2914
f 3142 2728 2914
f 3142 2726 2728
f 2910 3142 3028
f 2915 3192 2911
f 2911 3192 3190
f 244 3190 3192
f 242 3190 244
f 698 242 244
f 696 242 698
f 3343 696 698
f 3343 698 3345
f 2672 3346 2916
f 2672 2916 2670
f 3233 3084 2912
f 3084 2670 2912
f 3084 2672 2670
f 3233 3344 3084
f 2917 1468 2913
f 2913 1468 1466
f 1890 1466 1468
f 1888 1466 1890
f 2310 1888 1890
f 2308 1888 2310
f 2608 2728 2918
f 2728 2310 2918
f 2728 2308 2310
f 2914 2728 2608
f 2919 3194 2915
f 2915 3194 3192
f 246 3192 3194
f 244 3192 246
f 700 244 246
f 698 244 700
f 1146 990 3345
f 698 1146 3345
f 700 1146 698
f 990 1146 1572
f 990 1572 1416
f 1416 1572 1988
f 1416 1988 1832
f 1832 1988 2920
f 2246 1832 2920
f 2250 1832 2246
f 2246 2916 2250
f 2250 2916 3346
f 2921 1470 2917
f 2917 1470 1468
f 1892 1468 1470
f 1890 1468 1892
f 2312 1890 1892
f 2310 1890 2312
f 2918 2310 2609
f 2310 2732 2609
f 2310 2312 2732
f 2732 2922 2609
f 2923 3196 2919
f 2919 3196 3194
f 248 3194 3196
f 246 3194 248
f 702 246 248
f 700 246 702
f 1148 700 702
f 1146 700 1148
f 1574 1146 1148
f 1572 1146 1574
f 1990 1572 1574
f 1988 1572 1990
f 2920 1988 2924
f 2924 1988 1990
f 2925 1472 2921
f 2921 1472 1470
f 1894 1470 1472
f 1892 1470 1894
f 2314 1892 1894
f 2312 1892 2314
f 2734 2312 2314
f 2732 2312 2734
f 2922 2732 3029
f 2732 3150 3029
f 2732 2734 3150
f 3150 2926 3029
f 2927 3198 2923
f 2923 3198 3196
f 250 3196 3198
f 248 3196 250
f 704 248 250
f 702 248 704
f 1150 702 704
f 1148 702 1150
f 1576 1148 1150
f 1574 1148 1576
f 1828 1990 2928
f 1990 1576 2928
f 1990 1574 1576
f 2924 1990 1828
f 602 485 2929
f 1050 917 602
f 602 917 485
f 917 1050 2925
f 1050 1472 2925
f 1050 1474 1472
f 1896 1472 1474
f 1894 1472 1896
f 2316 1894 1896
f 2314 1894 2316
f 2736 2314 2316
f 2734 2314 2736
f 3152 2734 2736
f 3150 2734 3152
f 2926 3150 2930
f 2930 3150 3152
f 2778 2643 2931
f 2643 2778 2927
f 2778 3198 2927
f 2778 3200 3198
f 252 3198 3200
f 250 3198 252
f 706 250 252
f 704 250 706
f 1152 704 706
f 1150 704 1152
f 1578 1150 1152
f 1576 1150 1578
f 2928 1576 2932
f 2932 1576 1578
f 150 33 2933
f 487 602 2929
f 487 2929 33
f 3347 487 33
f 150 3347 33
f 602 487 921
f 602 921 1050
f 1050 921 1355
f 1050 1355 1474
f 1474 1355 1767
f 1474 1767 1896
f 1896 1767 3348
f 2318 1896 3348
f 2316 1896 2318
f 2738 2316 2318
f 2736 2316 2738
f 3154 2736 2738
f 3152 2736 3154
f 2930 3152 2934
f 2934 3152 3154
f 2366 2219 2935
f 2219 2366 2931
f 2366 2778 2931
f 2366 2780 2778
f 3202 2778 2780
f 3200 2778 3202
f 3202 3349 115
f 252 3202 115
f 3200 3202 252
f 252 115 557
f 252 557 706
f 706 557 3350
f 1154 706 3350
f 1152 706 1154
f 1580 1152 1154
f 1578 1152 1580
f 2932 1578 2936
f 2936 1578 1580
f 3102 2989 2937
f 35 150 2933
f 35 2933 2989
f 3351 35 2989
f 3102 3351 2989
f 3347 150 35
f 2187 2318 3348
f 2318 2187 3352
f 2740 2318 3352
f 2738 2318 2740
f 3156 2738 2740
f 3154 2738 3156
f 2934 3154 79
f 3154 206 79
f 3154 3156 206
f 660 521 206
f 206 521 79
f 1106 953 660
f 660 953 521
f 1532 1387 1106
f 1106 1387 953
f 1948 1799 1532
f 1532 1799 1387
f 1799 1948 2935
f 1948 2366 2935
f 1948 2368 2366
f 2782 2366 2368
f 2780 2366 2782
f 2782 3353 3067
f 3202 2782 3067
f 2780 2782 3202
f 3349 3202 3067
f 991 1154 3350
f 1154 991 1417
f 1154 1417 1580
f 1417 3354 1580
f 3354 2936 1580
f 3354 2938 2936
f 2690 2569 2939
f 2991 3102 2937
f 2991 2937 2569
f 3355 2991 2569
f 2690 3355 2569
f 3351 3102 2991
f 3356 2742 2740
f 3356 2740 3352
f 3158 2740 2742
f 3156 2740 3158
f 210 3156 3158
f 206 3156 210
f 662 206 210
f 660 206 662
f 1108 660 662
f 1106 660 1108
f 1534 1106 1108
f 1532 1106 1534
f 1950 1532 1534
f 1948 1532 1950
f 2370 1948 1950
f 2368 1948 2370
f 2370 3357 2645
f 2782 2370 2645
f 2368 2370 2782
f 3353 2782 2645
f 1829 2938 3354
f 1829 3354 1833
f 1833 3358 1829
f 1829 3358 2940
f 2690 2939 2571
f 2939 3359 2571
f 2939 2941 3359
f 3355 2690 2571
f 3360 2744 2742
f 3360 2742 3356
f 3160 2742 2744
f 3158 2742 3160
f 212 3158 3160
f 210 3158 212
f 664 210 212
f 662 210 664
f 1110 662 664
f 1108 662 1110
f 1536 1108 1110
f 1534 1108 1536
f 1952 1534 1536
f 1950 1534 1952
f 1952 3361 2221
f 2370 1952 2221
f 1950 1952 2370
f 3357 2370 2221
f 3358 2251 2411
f 2942 3358 2411
f 2940 3358 2942
f 2251 3362 2411
f 2278 2149 2943
f 2941 2149 2278
f 3363 2941 2278
f 3359 2941 3363
f 2611 2744 3360
f 2744 2611 3364
f 3162 2744 3364
f 3160 2744 3162
f 214 3160 3162
f 212 3160 214
f 666 212 214
f 664 212 666
f 1112 664 666
f 1110 664 1112
f 1112 3365 1389
f 1536 1112 1389
f 1110 1112 1536
f 1536 1389 1801
f 1536 1801 1952
f 3361 1952 1801
f 2413 2944 2942
f 2413 2942 2411
f 2411 3362 2413
f 2413 3362 3366
f 2150 2278 2943
f 3363 2278 2150
f 2945 3363 2150
f 3367 3363 2945
f 2612 3368 2748
f 3162 3364 2612
f 2748 3162 2612
f 3164 3162 2748
f 216 3162 3164
f 214 3162 216
f 668 214 216
f 666 214 668
f 668 3369 955
f 1112 668 955
f 666 668 1112
f 3365 1112 955
f 2413 2247 2944
f 2413 3366 2247
f 3366 2946 2247
f 3366 3370 2946
f 2572 3367 2698
f 3367 2947 2698
f 3367 2945 2947
f 3371 2572 2698
f 3372 2750 2748
f 3372 2748 3368
f 3166 2748 2750
f 3164 2748 3166
f 218 3164 3166
f 216 3164 218
f 670 216 218
f 668 216 670
f 3369 668 670
f 3369 670 3373
f 2248 2417 2948
f 2248 2946 2417
f 2946 3374 2417
f 2946 3370 3374
f 2570 2698 2947
f 2698 2570 3371
f 2570 2992 3371
f 2570 2990 2992
f 3375 2992 2990
f 3375 2990 2949
f 2188 3376 2332
f 2750 3372 2188
f 2750 2188 2332
f 2610 2750 2332
f 2950 2610 2332
f 3030 3166 2610
f 2610 3166 2750
f 80 218 3030
f 3030 218 3166
f 2951 672 80
f 672 218 80
f 672 670 218
f 3373 670 672
f 3373 672 3377
f 2419 2952 2948
f 2419 2948 2417
f 2417 3374 2419
f 2419 3374 3378
f 2949 34 3375
f 3375 34 36
f 3379 36 34
f 3379 34 2953
f 1768 3380 1914
f 2332 3376 1768
f 2332 1768 1914
f 2184 2332 1914
f 2954 2184 1914
f 2950 2332 2184
f 522 672 2951
f 3377 672 522
f 2955 3377 522
f 3381 3377 2955
f 1830 2007 2956
f 2419 2252 2952
f 2952 2252 1830
f 2252 3382 1830
f 3382 2007 1830
f 2419 3378 2252
f 2953 486 3379
f 3379 486 488
f 918 488 486
f 918 922 488
f 1352 922 918
f 1352 1356 922
f 3380 1356 1914
f 1356 1764 1914
f 1356 1352 1764
f 2954 1914 1764
f 956 3381 1122
f 3381 2957 1122
f 3381 2955 2957
f 3383 956 1122
f 1414 1597 2958
f 2007 1834 2956
f 2956 1834 1414
f 1834 3384 1414
f 3384 1597 1414
f 2007 3382 1834
f 954 1122 2957
f 954 1388 1122
f 1388 3385 1122
f 3385 3383 1122
f 3385 1388 1549
f 2959 1549 1388
f 992 3386 2960
f 992 2960 988
f 1597 1418 2958
f 1418 988 2958
f 1418 992 988
f 1597 3384 1418
f 1549 1390 3385
f 2959 1800 1549
f 1800 1390 1549
f 1800 1802 1390
f 2220 1802 1800
f 2220 2222 1802
f 2644 2222 2220
f 2644 2646 2222
f 3064 2646 2644
f 3064 3068 2646
f 112 3068 3064
f 112 116 3068
f 554 116 112
f 554 558 116
f 554 2960 558
f 558 2960 3386
f 285 3033 3175
f 3175 3033 227
f 227 3033 83
f 227 83 681
f 681 83 525
f 525 286 681
f 287 1323 1455
f 1455 1323 1877
f 1877 1323 1735
f 1877 1735 2297
f 2297 1735 2155
f 2297 2155 2717
f 2717 2155 2579
f 2717 2579 3133
f 3133 2579 2999
f 2999 288 3133
f 289 2189 2345
f 2345 2189 2759
f 2759 2189 2613
f 285 3175 2613
f 2613 3175 2759
f 3175 3031 2759
f 3031 3235 2759
f 227 81 3031
f 227 3031 3175
f 681 523 81
f 681 81 227
f 286 959 1131
f 286 1131 3236
f 681 286 3236
f 523 681 3236
f 959 290 1131
f 291 883 1033
f 287 1455 883
f 883 1455 1033
f 1455 1319 1033
f 1319 3237 1033
f 1877 1731 1319
f 1877 1319 1455
f 2297 2151 1731
f 2297 1731 1877
f 2717 2575 2151
f 2717 2151 2297
f 3135 3238 2575
f 2717 3135 2575
f 3133 3135 2717
f 39 185 288
f 185 3133 288
f 185 3135 3133
f 185 39 639
f 639 39 491
f 491 292 639
f 2347 293 2345
f 2345 293 289
f 2345 2761 2347
f 2345 2759 2761
f 2759 3235 3239
f 2759 3239 2761
f 1135 3240 3236
f 1135 3236 1131
f 1131 290 1135
f 1135 290 294
f 879 3241 1033
f 3241 291 1033
f 3241 295 291
f 1033 3237 879
f 3135 2995 3238
f 187 3242 2995
f 3135 187 2995
f 185 187 3135
f 185 641 187
f 185 639 641
f 639 292 641
f 641 292 296
f 2347 2190 293
f 2190 2347 297
f 2347 2763 297
f 2347 2761 2763
f 2761 3239 3243
f 2761 3243 2763
f 1137 3244 3240
f 1137 3240 1135
f 1135 294 1137
f 1137 294 298
f 1037 299 880
f 299 3241 880
f 299 295 3241
f 3245 1037 880
f 2996 3139 3246
f 3139 2996 3242
f 187 3139 3242
f 189 3139 187
f 187 643 189
f 187 641 643
f 641 296 643
f 643 296 300
f 2763 2614 297
f 3187 301 3032
f 3032 301 3243
f 301 2614 3243
f 2614 2763 3243
f 82 239 3187
f 82 3187 3032
f 524 693 239
f 524 239 82
f 1137 960 3244
f 3244 960 524
f 960 302 524
f 302 693 524
f 1137 298 960
f 1037 884 299
f 1463 303 1320
f 1320 303 3245
f 303 884 3245
f 884 1037 3245
f 3247 1463 1320
f 2576 2725 3248
f 2725 2576 3246
f 3139 2725 3246
f 3141 2725 3139
f 3139 191 3141
f 3139 189 191
f 189 645 191
f 189 643 645
f 643 300 645
f 645 300 304
f 3187 3034 301
f 3034 3187 84
f 84 3187 239
f 84 239 526
f 526 239 693
f 693 302 526
f 1465 305 1463
f 1463 305 303
f 1463 3247 1732
f 1887 1463 1732
f 1465 1463 1887
f 2152 2307 1887
f 2152 1887 1732
f 2307 2152 3248
f 2725 2307 3248
f 2727 2307 2725
f 2725 3143 2727
f 2725 3141 3143
f 3141 193 3143
f 3141 191 193
f 191 647 193
f 191 645 647
f 645 304 647
f 647 304 306
f 1467 307 1465
f 1465 307 305
f 1465 1889 1467
f 1465 1887 1889
f 1887 2309 1889
f 1887 2307 2309
f 2307 2729 2309
f 2307 2727 2729
f 2727 3145 2729
f 2727 3143 3145
f 3143 195 3145
f 3143 193 195
f 193 649 195
f 193 647 649
f 647 306 649
f 649 306 308
f 1469 309 1467
f 1467 309 307
f 1467 1891 1469
f 1467 1889 1891
f 1889 2311 1891
f 1889 2309 2311
f 2309 2731 2311
f 2309 2729 2731
f 2729 3147 2731
f 2729 3145 3147
f 3145 197 3147
f 3145 195 197
f 310 197 492
f 197 649 492
f 197 195 649
f 649 308 492
f 1471 311 1469
f 1469 311 309
f 1469 1893 1471
f 1469 1891 1893
f 1891 2313 1893
f 1891 2311 2313
f 2311 2733 2313
f 2311 2731 2733
f 2731 3149 2733
f 2731 3147 3149
f 312 3149 40
f 3149 197 40
f 3149 3147 197
f 197 310 40
f 313 885 1049
f 311 1471 885
f 1471 1049 885
f 1471 1473 1049
f 1471 1895 1473
f 1471 1893 1895
f 1893 2315 1895
f 1893 2313 2315
f 2313 2735 2315
f 2313 2733 2735
f 2733 3151 2735
f 2733 3149 3151
f 3149 312 3151
f 3151 312 314
f 315 449 603
f 313 1049 449
f 1049 603 449
f 1049 1051 603
f 1473 1321 3249
f 1051 1473 3249
f 1049 1473 1051
f 1895 1733 1321
f 1895 1321 1473
f 2315 2153 1733
f 2315 1733 1895
f 2737 3250 2153
f 2315 2737 2153
f 2735 2737 2315
f 2735 3153 2737
f 2735 3151 3153
f 3151 314 3153
f 3153 314 316
f 317 1 151
f 315 603 1
f 603 151 1
f 603 605 151
f 1051 881 3251
f 605 1051 3251
f 603 1051 605
f 1051 3249 881
f 2737 2577 3250
f 3155 3252 2577
f 2737 3155 2577
f 3153 3155 2737
f 3153 316 3155
f 3155 316 318
f 319 2961 3103
f 317 151 2961
f 151 3103 2961
f 151 153 3103
f 605 447 3253
f 153 605 3253
f 151 605 153
f 605 3251 447
f 3155 2997 3252
f 3155 318 2997
f 318 3254 2997
f 318 320 3254
f 3105 321 3103
f 3103 321 319
f 3103 155 3105
f 3103 153 155
f 153 3253 3255
f 153 3255 155
f 320 41 211
f 3256 320 211
f 3254 320 3256
f 41 322 211
f 3107 323 3105
f 3105 323 321
f 3105 157 3107
f 3105 155 157
f 155 3255 3257
f 155 3257 157
f 213 3258 3256
f 213 3256 211
f 211 322 213
f 213 322 324
f 3109 325 3107
f 3107 325 323
f 3107 159 3109
f 3107 157 159
f 157 3257 3259
f 157 3259 159
f 215 3260 3258
f 215 3258 213
f 213 324 215
f 215 324 326
f 3109 2962 325
f 2962 3109 2
f 2 3109 159
f 615 327 448
f 448 327 3259
f 327 2 3259
f 2 159 3259
f 3261 615 448
f 2998 3165 3262
f 215 42 3260
f 3260 42 2998
f 42 328 2998
f 328 3165 2998
f 215 326 42
f 615 450 327
f 1065 329 882
f 882 329 3261
f 329 450 3261
f 450 615 3261
f 1322 1489 1065
f 1322 1065 882
f 1734 1911 1489
f 1734 1489 1322
f 2154 2331 1911
f 2154 1911 1734
f 2580 330 2331
f 2154 2580 2331
f 2578 2580 2154
f 3165 3000 3262
f 3000 2578 3262
f 3000 2580 2578
f 3165 328 3000
f 1065 886 329
f 886 1065 1324
f 1324 1065 1489
f 1324 1489 1736
f 1736 1489 1911
f 1736 1911 2156
f 2156 1911 2331
f 2331 330 2156
f 3122 3013 3263
f 331 65 3122
f 65 3013 3122
f 65 63 3013
f 65 505 63
f 507 505 65
f 507 332 505
f 505 332 3264
f 2708 2593 3265
f 3015 3122 3263
f 3015 3263 2593
f 333 3015 2593
f 2708 333 2593
f 331 3122 3015
f 937 3264 332
f 937 332 939
f 3266 937 1497
f 937 1373 1497
f 937 939 1373
f 1373 334 1497
f 2290 2169 3267
f 2595 2708 3265
f 2595 3265 2169
f 335 2595 2169
f 2290 335 2169
f 333 2708 2595
f 1497 1371 3266
f 1497 334 1371
f 334 3268 1371
f 334 336 3268
f 1450 1337 3269
f 337 1751 1450
f 1751 1337 1450
f 1751 1749 1337
f 2171 2290 3267
f 1749 2171 3267
f 1751 2171 1749
f 335 2290 2171
f 3268 338 3270
f 336 338 3268
f 1028 901 3271
f 1339 1450 3269
f 1339 3269 901
f 339 1339 901
f 1028 339 901
f 337 1450 1339
f 1783 3270 338
f 1783 338 1785
f 1785 340 1783
f 1783 340 3272
f 580 467 3273
f 903 1028 3271
f 903 3271 467
f 341 903 467
f 580 341 467
f 339 1028 903
f 3272 342 3274
f 340 342 3272
f 580 3273 469
f 3273 343 469
f 3273 3275 343
f 341 580 469
f 2203 3274 342
f 2203 342 2205
f 2205 2627 2203
f 2629 2627 2205
f 2629 344 2627
f 2627 344 3276
f 345 99 233
f 233 99 3277
f 99 539 3277
f 99 541 539
f 541 973 539
f 975 973 541
f 3278 973 1559
f 973 1401 1559
f 973 975 1401
f 1559 1401 1975
f 1975 1401 1813
f 1813 346 1975
f 347 3275 3279
f 347 343 3275
f 3047 3276 344
f 3047 344 3049
f 3049 345 233
f 97 3049 233
f 3047 3049 97
f 233 3277 97
f 1559 1399 3278
f 1975 1811 1399
f 1975 1399 1559
f 346 2233 2395
f 346 2395 3280
f 1975 346 3280
f 1811 1975 3280
f 2233 348 2395
f 349 19 3281
f 3281 19 17
f 3279 17 19
f 3279 19 347
f 2395 2231 3280
f 348 2657 2809
f 348 2809 3282
f 2395 348 3282
f 2231 2395 3282
f 2657 350 2809
f 351 3281 3283
f 351 349 3281
f 2809 2655 3282
f 2809 350 2655
f 350 3284 2655
f 350 352 3284
f 353 3283 3285
f 353 351 3283
f 3284 354 3286
f 352 354 3284
f 355 3285 3287
f 355 353 3285
f 3286 356 3288
f 354 356 3286
f 3092 2975 3289
f 3287 2975 3092
f 357 3287 3092
f 355 3287 357
f 3288 358 3290
f 356 358 3288
f 3092 3289 2977
f 3289 359 2977
f 3289 3291 359
f 357 3092 2977
f 3290 360 3292
f 358 360 3290
f 2266 2135 3293
f 361 2557 2266
f 2557 2135 2266
f 2557 2555 2135
f 3291 2555 2557
f 3291 2557 359
f 2628 2775 3294
f 3048 3197 2775
f 3048 2775 2628
f 98 249 3197
f 98 3197 3048
f 540 703 249
f 540 249 98
f 3295 703 540
f 2658 362 3296
f 2658 3296 2656
f 2656 3292 2658
f 2658 3292 360
f 363 871 1003
f 1003 871 3297
f 871 1307 3297
f 871 1309 1307
f 1309 1717 1307
f 1719 1717 1309
f 2137 2266 3293
f 1717 2137 3293
f 1719 2137 1717
f 361 2266 2137
f 2777 3298 3294
f 2777 3294 2775
f 364 2777 3050
f 2777 3197 3050
f 2777 2775 3197
f 3050 3197 100
f 100 3197 249
f 100 249 365
f 249 705 365
f 249 703 705
f 703 3295 974
f 1151 703 974
f 705 703 1151
f 1400 1577 1151
f 1400 1151 974
f 1814 366 1577
f 1400 1814 1577
f 1812 1814 1400
f 2232 1814 1812
f 2232 2234 1814
f 2232 3296 2234
f 2234 3296 362
f 367 441 569
f 363 1003 441
f 441 1003 569
f 1003 869 569
f 869 3299 569
f 1003 3297 869
f 2204 2365 3300
f 2365 2204 3298
f 2777 2365 3298
f 2779 2365 2777
f 2777 364 2779
f 2779 364 368
f 705 542 365
f 542 705 976
f 976 705 1151
f 976 1151 1402
f 1402 1151 1577
f 1577 366 1402
f 439 3301 569
f 3301 367 569
f 3301 369 367
f 569 3299 439
f 1784 1947 3302
f 1947 1784 3300
f 2365 1947 3300
f 2367 1947 2365
f 2365 2781 2367
f 2365 2779 2781
f 3051 3203 368
f 3203 2779 368
f 3203 2781 2779
f 3051 370 3203
f 371 3301 3303
f 371 369 3301
f 1949 3304 3302
f 1949 3302 1947
f 1947 2369 1949
f 1947 2367 2369
f 2367 2783 2369
f 2367 2781 2783
f 2781 3205 2783
f 2781 3203 3205
f 3203 370 3205
f 3205 370 372
f 575 373 440
f 373 3303 440
f 373 371 3303
f 3305 575 440
f 1951 3306 3304
f 1951 3304 1949
f 1949 2371 1951
f 1949 2369 2371
f 2369 2785 2371
f 2369 2783 2785
f 2783 3207 2785
f 2783 3205 3207
f 3205 372 3207
f 3207 372 374
f 575 442 373
f 375 442 575
f 3305 375 575
f 3307 375 3305
f 1372 1537 3308
f 1537 1372 3306
f 1951 1537 3306
f 1953 1537 1951
f 1951 2373 1953
f 1951 2371 2373
f 2371 2787 2373
f 2371 2785 2787
f 376 2787 3052
f 2787 3207 3052
f 2787 2785 3207
f 3207 374 3052
f 377 3307 3309
f 377 375 3307
f 938 1113 3310
f 1113 938 3308
f 1537 1113 3308
f 1539 1113 1537
f 1537 1955 1539
f 1537 1953 1955
f 1953 2375 1955
f 1953 2373 2375
f 378 2375 2630
f 2375 2787 2630
f 2375 2373 2787
f 2787 376 2630
f 3309 870 377
f 377 870 872
f 379 872 870
f 379 870 3311
f 506 669 3312
f 669 506 3310
f 1113 669 3310
f 1115 669 1113
f 380 1115 1374
f 1115 1539 1374
f 1115 1113 1539
f 1374 1539 1786
f 1786 1539 1955
f 1786 1955 2206
f 2206 1955 2375
f 2375 378 2206
f 1310 379 1446
f 379 3313 1446
f 379 3311 3313
f 381 1310 1446
f 64 219 3314
f 669 508 3312
f 3312 508 64
f 508 382 64
f 382 219 64
f 508 669 940
f 940 669 1115
f 1115 380 940
f 1308 1446 3313
f 1720 381 1866
f 1866 381 3315
f 381 1446 3315
f 1446 1308 3315
f 383 1720 1866
f 3016 384 3316
f 3016 3316 3014
f 219 66 3314
f 66 3014 3314
f 66 3016 3014
f 219 382 66
f 1718 1866 3315
f 1866 1718 383
f 1718 2138 383
f 1718 2136 2138
f 2556 2138 2136
f 2556 2558 2138
f 2976 3117 385
f 2558 2976 385
f 2556 2976 2558
f 3317 3117 2976
f 2596 386 3318
f 2596 3318 2594
f 2594 3316 2596
f 2596 3316 384
f 3117 2978 385
f 3317 18 3117
f 18 2978 3117
f 18 20 2978
f 468 20 18
f 468 470 20
f 902 470 468
f 902 904 470
f 1338 904 902
f 1338 1340 904
f 1750 1340 1338
f 1750 1752 1340
f 2170 1752 1750
f 2170 2172 1752
f 2170 3318 2172
f 2172 3318 386
f 222 113 3319
f 387 559 222
f 559 113 222
f 559 555 113
f 559 989 555
f 993 989 559
f 993 1415 989
f 1419 1415 993
f 1968 1831 388
f 1831 1419 388
f 1831 1415 1419
f 1968 3320 1831
f 222 3319 117
f 3319 389 117
f 3319 3321 389
f 387 222 117
f 1835 1968 388
f 390 2388 2249
f 390 2249 3320
f 1835 390 3320
f 1968 1835 3320
f 2388 3322 2249
f 3174 3065 3323
f 3321 3065 3174
f 391 3321 3174
f 389 3321 391
f 2253 2388 390
f 2671 3322 2388
f 2253 2671 2388
f 2673 2671 2253
f 2673 392 2671
f 2671 392 3324
f 3325 3178 3323
f 3323 3178 3174
f 391 3174 3178
f 391 3178 393
f 3083 3324 392
f 3083 392 3085
f 3085 394 3083
f 3083 394 3326
f 1456 1353 3327
f 1878 1765 1456
f 1456 1765 1353
f 2298 2185 1878
f 1878 2185 1765
f 2298 3328 2185
f 3329 3182 3325
f 3325 3182 3178
f 234 118 393
f 3178 234 393
f 3182 234 3178
f 395 118 234
f 127 3326 394
f 127 394 129
f 129 396 127
f 127 396 3330
f 1034 919 3331
f 919 1034 3327
f 1034 1456 3327
f 1034 1458 1456
f 1880 1456 1458
f 1878 1456 1880
f 2300 1878 1880
f 2298 1878 2300
f 3328 2298 3332
f 3332 2298 2300
f 3066 3182 3329
f 3333 236 3066
f 236 3182 3066
f 236 234 3182
f 395 234 236
f 395 236 397
f 3330 398 3334
f 396 398 3330
f 3335 1036 3331
f 3331 1036 1034
f 1460 1034 1036
f 1458 1034 1460
f 1882 1458 1460
f 1880 1458 1882
f 2302 1880 1882
f 2300 1880 2302
f 3332 2300 3336
f 3336 2300 2302
f 3337 238 3333
f 3333 238 236
f 692 560 397
f 236 692 397
f 238 692 236
f 399 560 692
f 3334 400 3338
f 398 400 3334
f 3339 1038 3335
f 3335 1038 1036
f 1462 1036 1038
f 1460 1036 1462
f 1884 1460 1462
f 1882 1460 1884
f 2186 2302 3340
f 2302 1884 3340
f 2302 1882 1884
f 3336 2302 2186
f 114 238 3337
f 3341 694 114
f 694 238 114
f 694 692 238
f 1140 994 399
f 692 1140 399
f 694 1140 692
f 401 994 1140
f 3338 402 3342
f 400 402 3338
f 920 1038 3339
f 1354 1462 920
f 920 1462 1038
f 1766 1884 1354
f 1354 1884 1462
f 3340 1884 1766
f 556 694 3341
f 3343 1142 556
f 1142 694 556
f 1142 1140 694
f 1568 1420 401
f 1140 1568 401
f 1142 1568 1140
f 403 1420 1568
f 128 283 3344
f 128 3342 283
f 3342 404 283
f 3342 402 404
f 3345 1144 3343
f 3343 1144 1142
f 1570 1142 1144
f 1568 1142 1570
f 1986 1836 403
f 1568 1986 403
f 1570 1986 1568
f 1836 1986 2404
f 1836 2404 2254
f 2254 2404 3346
f 2672 2254 3346
f 2674 2254 2672
f 3084 2674 2672
f 3084 3086 2674
f 283 130 3344
f 130 3084 3344
f 130 3086 3084
f 283 404 130
f 990 1144 3345
f 1416 1570 990
f 990 1570 1144
f 1832 1986 1416
f 1416 1986 1570
f 2250 2404 1832
f 1832 2404 1986
f 3346 2404 2250
f 604 487 3347
f 1052 921 604
f 604 921 487
f 1476 1355 1052
f 1052 1355 921
f 1898 1767 1476
f 1476 1767 1355
f 1898 3348 1767
f 254 115 3349
f 708 557 254
f 254 557 115
f 708 3350 557
f 152 35 3351
f 489 604 3347
f 489 3347 35
f 405 489 35
f 152 405 35
f 604 489 406
f 1054 604 406
f 1052 604 1054
f 1478 1052 1054
f 1476 1052 1478
f 1900 1476 1478
f 1898 1476 1900
f 3348 1898 2187
f 1898 2320 2187
f 1898 1900 2320
f 2320 3352 2187
f 3204 3067 3353
f 3067 3204 3349
f 3204 254 3349
f 3204 256 254
f 710 254 256
f 708 254 710
f 3350 708 991
f 708 1156 991
f 708 710 1156
f 407 1421 1156
f 1421 991 1156
f 1421 1417 991
f 1421 408 1417
f 1417 408 3354
f 3104 2991 3355
f 37 152 3351
f 37 3351 2991
f 409 37 2991
f 3104 409 2991
f 405 152 37
f 923 1054 406
f 1054 923 410
f 1480 1054 410
f 1478 1054 1480
f 1902 1478 1480
f 1900 1478 1902
f 2322 1900 1902
f 2320 1900 2322
f 3352 2320 3356
f 3356 2320 2322
f 2784 2645 3357
f 2645 2784 3353
f 2784 3204 3353
f 2784 3206 3204
f 3206 411 119
f 256 3206 119
f 3204 3206 256
f 256 119 561
f 256 561 710
f 710 561 995
f 710 995 1156
f 407 1156 995
f 1833 3354 408
f 1833 408 1837
f 1837 412 1833
f 1833 412 3358
f 2692 2571 3359
f 2993 3104 3355
f 2993 3355 2571
f 413 2993 2571
f 2692 413 2571
f 409 3104 2993
f 1357 1480 410
f 1480 1357 414
f 1904 1480 414
f 1902 1480 1904
f 2324 1902 1904
f 2322 1902 2324
f 3356 2322 3360
f 3360 2322 2324
f 2372 2221 3361
f 2221 2372 3357
f 2372 2784 3357
f 2372 2786 2784
f 3208 2784 2786
f 3206 2784 3208
f 411 3206 3208
f 411 3208 415
f 2251 3358 412
f 2251 412 2255
f 2255 416 2251
f 2251 416 3362
f 2692 3359 2573
f 3359 417 2573
f 3359 3363 417
f 413 2692 2573
f 418 1906 1904
f 418 1904 414
f 2326 1904 1906
f 2324 1904 2326
f 3360 2324 2611
f 2324 2746 2611
f 2324 2326 2746
f 2746 3364 2611
f 1538 1389 3365
f 1954 1801 1538
f 1538 1801 1389
f 1801 1954 3361
f 1954 2372 3361
f 1954 2374 2372
f 2788 2372 2374
f 2786 2372 2788
f 2788 419 3069
f 3208 2788 3069
f 2786 2788 3208
f 415 3208 3069
f 3362 420 3366
f 416 420 3362
f 2574 417 2696
f 417 3367 2696
f 417 3363 3367
f 421 2574 2696
f 422 1908 1906
f 422 1906 418
f 2328 1906 1908
f 2326 1906 2328
f 2612 2746 3368
f 2746 2328 3368
f 2746 2326 2328
f 3364 2746 2612
f 1114 955 3369
f 955 1114 3365
f 1114 1538 3365
f 1114 1540 1538
f 1956 1538 1540
f 1954 1538 1956
f 1956 423 2223
f 2374 1956 2223
f 1954 1956 2374
f 2374 2223 2647
f 2374 2647 2788
f 419 2788 2647
f 3366 424 3370
f 420 424 3366
f 2572 2696 3367
f 2994 421 3112
f 3112 421 3371
f 421 2696 3371
f 2696 2572 3371
f 425 2994 3112
f 1769 1908 422
f 1908 1769 426
f 2330 1908 426
f 2328 1908 2330
f 3368 2328 3372
f 3372 2328 2330
f 3373 1116 3369
f 3369 1116 1114
f 1116 427 1391
f 1540 1116 1391
f 1114 1116 1540
f 1540 1391 1803
f 1540 1803 1956
f 423 1956 1803
f 3370 428 3374
f 424 428 3370
f 2992 3112 3371
f 38 425 164
f 164 425 3375
f 425 3112 3375
f 3112 2992 3375
f 429 38 164
f 1770 430 1912
f 2330 426 1770
f 2330 1770 1912
f 2188 2330 1912
f 3376 2188 1912
f 3372 2330 2188
f 1116 3373 957
f 3373 431 957
f 3373 3377 431
f 427 1116 957
f 3374 432 3378
f 428 432 3374
f 36 164 3375
f 490 429 620
f 620 429 3379
f 429 164 3379
f 164 36 3379
f 490 620 1068
f 490 1068 924
f 924 1068 1492
f 924 1492 1358
f 1912 430 1358
f 1912 1358 1492
f 1768 1912 1492
f 3380 1768 1492
f 3376 1912 1768
f 958 431 1120
f 431 3381 1120
f 431 3377 3381
f 433 958 1120
f 2252 2421 3382
f 2252 3378 2421
f 3378 434 2421
f 3378 432 434
f 488 620 3379
f 922 1068 488
f 488 1068 620
f 1356 1492 922
f 922 1492 1068
f 3380 1492 1356
f 956 1120 3381
f 433 1120 956
f 3383 433 956
f 435 433 3383
f 1834 2009 3384
f 2421 2256 3382
f 3382 2256 1834
f 2256 436 1834
f 436 2009 1834
f 2421 434 2256
f 1392 435 1550
f 435 3385 1550
f 435 3383 3385
f 437 1392 1550
f 996 438 3386
f 996 3386 992
f 1418 996 992
f 1418 1422 996
f 2009 1838 3384
f 1838 1418 3384
f 1838 1422 1418
f 2009 436 1838
f 1390 1550 3385
f 1550 1390 437
f 1390 1804 437
f 1390 1802 1804
f 2222 1804 1802
f 2222 2224 1804
f 2646 2224 2222
f 2646 2648 2224
f 3068 2648 2646
f 3068 3070 2648
f 116 3070 3068
f 116 120 3070
f 558 120 116
f 558 562 120
f 558 3386 562
f 562 3386 438
