# Converted from NanoShaper .vert/.face
v 9.801000 -11.073000 -2.152000
v 11.272000 -11.073000 -2.152000
v 7.883000 -11.073000 -1.652000
v 12.383000 -11.073000 -1.652000
v 7.310000 -11.073000 -1.152000
v 12.392000 -11.073000 -1.152000
v 7.102000 -11.073000 -0.652000
v 12.174000 -11.073000 -0.652000
v 7.096000 -11.073000 -0.152000
v 11.911000 -11.073000 -0.152000
v 7.289000 -11.073000 0.348000
v 11.636000 -11.073000 0.348000
v 7.654000 -11.073000 0.848000
v 11.387000 -11.073000 0.848000
v 7.927000 -11.073000 1.348000
v 11.168000 -11.073000 1.348000
v 8.058000 -11.073000 1.848000
v 11.118000 -11.073000 1.848000
v 8.247000 -11.073000 2.348000
v 10.889000 -11.073000 2.348000
v 8.721000 -11.073000 2.848000
v 10.215000 -11.073000 2.848000
v 7.373000 -11.073000 5.348000
v 8.878000 -11.073000 5.348000
v 6.768000 -11.073000 5.848000
v 9.545000 -11.073000 5.848000
v 6.172000 -11.073000 6.348000
v 9.608000 -11.073000 6.348000
v 5.470000 -11.073000 6.848000
v 9.705000 -11.073000 6.848000
v 5.243000 -11.073000 7.348000
v 9.762000 -11.073000 7.348000
v 5.203000 -11.073000 7.848000
v 9.960000 -11.073000 7.848000
v 5.201000 -11.073000 8.348000
v 10.400000 -11.073000 8.348000
v 5.432000 -11.073000 8.848000
v 10.715000 -11.073000 8.848000
v 5.684000 -11.073000 9.348000
v 11.149000 -11.073000 9.348000
v 5.760000 -11.073000 9.848000
v 11.618000 -11.073000 9.848000
v 6.009000 -11.073000 10.348000
v 12.040000 -11.073000 10.348000
v 6.501000 -11.073000 10.848000
v 12.049000 -11.073000 10.848000
v 6.991000 -11.073000 11.348000
v 11.827000 -11.073000 11.348000
v 7.198000 -11.073000 11.848000
v 11.500000 -11.073000 11.848000
v 7.265000 -11.073000 12.348000
v 11.151000 -11.073000 12.348000
v 7.223000 -11.073000 12.848000
v 10.868000 -11.073000 12.848000
v 7.208000 -11.073000 13.348000
v 10.700000 -11.073000 13.348000
v 7.426000 -11.073000 13.848000
v 10.610000 -11.073000 13.848000
v 7.949000 -11.073000 14.348000
v 10.493000 -11.073000 14.348000
v 10.247000 -7.073000 -4.152000
v 11.494000 -7.073000 -4.152000
v 10.198000 -7.073000 -3.652000
v 11.626000 -7.073000 -3.652000
v 9.928000 -7.073000 -3.152000
v 12.040000 -7.073000 -3.152000
v 9.756000 -7.073000 -2.652000
v 12.488000 -7.073000 -2.652000
v 9.399000 -7.073000 -2.152000
v 12.457000 -7.073000 -2.152000
v 8.897000 -7.073000 -1.652000
v 12.204000 -7.073000 -1.652000
v 8.751000 -7.073000 -1.152000
v 12.124000 -7.073000 -1.152000
v 8.720000 -7.073000 -0.652000
v 12.045000 -7.073000 -0.652000
v 8.706000 -7.073000 -0.152000
v 11.682000 -7.073000 -0.152000
v 8.896000 -7.073000 0.348000
v 11.504000 -7.073000 0.348000
v 9.342000 -7.073000 0.848000
v 11.468000 -7.073000 0.848000
v 9.513000 -7.073000 1.348000
v 11.602000 -7.073000 1.348000
v 9.410000 -7.073000 1.848000
v 12.025000 -7.073000 1.848000
v 9.042000 -7.073000 2.348000
v 12.093000 -7.073000 2.348000
v 8.809000 -7.073000 2.848000
v 12.127000 -7.073000 2.848000
v 8.724000 -7.073000 3.348000
v 12.120000 -7.073000 3.348000
v 8.457000 -7.073000 3.848000
v 12.108000 -7.073000 3.848000
v 7.967000 -7.073000 4.348000
v 12.073000 -7.073000 4.348000
v 7.475000 -7.073000 4.848000
v 11.841000 -7.073000 4.848000
v 7.255000 -7.073000 5.348000
v 11.368000 -7.073000 5.348000
v 7.049000 -7.073000 5.848000
v 11.172000 -7.073000 5.848000
v 6.790000 -7.073000 6.348000
v 11.103000 -7.073000 6.348000
v 6.759000 -7.073000 6.848000
v 10.926000 -7.073000 6.848000
v 6.769000 -7.073000 7.348000
v 10.687000 -7.073000 7.348000
v 6.983000 -7.073000 7.848000
v 10.730000 -7.073000 7.848000
v 7.806000 -7.073000 8.348000
v 11.333000 -7.073000 8.348000
v 8.636000 -7.073000 8.848000
v 12.032000 -7.073000 8.848000
v 10.257000 -7.073000 9.348000
v 12.115000 -7.073000 9.348000
v 10.804000 -7.073000 9.848000
v 12.079000 -7.073000 9.848000
v 5.660000 -11.073000 6.657000
v 5.660000 -11.073000 9.268000
v 6.160000 -11.073000 6.356000
v 6.160000 -11.073000 10.519000
v 6.660000 -11.073000 5.959000
v 6.660000 -11.073000 10.973000
v 7.160000 -11.073000 -0.860000
v 7.160000 -11.073000 0.088000
v 7.160000 -11.073000 5.464000
v 7.160000 -11.073000 11.721000
v 7.660000 -11.073000 -1.509000
v 7.660000 -11.073000 0.855000
v 7.660000 -11.073000 5.257000
v 7.660000 -11.073000 14.084000
v 8.160000 -11.073000 -1.847000
v 8.160000 -11.073000 2.178000
v 8.160000 -11.073000 5.219000
v 8.160000 -11.073000 14.563000
v 8.660000 -11.073000 -2.076000
v 8.660000 -11.073000 2.803000
v 8.660000 -11.073000 5.295000
v 8.660000 -11.073000 14.797000
v 9.160000 -11.073000 -2.079000
v 9.160000 -11.073000 3.056000
v 9.160000 -11.073000 5.452000
v 9.160000 -11.073000 14.813000
v 9.660000 -11.073000 -2.115000
v 9.660000 -11.073000 3.082000
v 9.660000 -11.073000 6.594000
v 9.660000 -11.073000 14.778000
v 10.160000 -11.073000 -2.234000
v 10.160000 -11.073000 2.889000
v 10.160000 -11.073000 8.098000
v 10.160000 -11.073000 14.664000
v 10.660000 -11.073000 -2.258000
v 10.660000 -11.073000 2.579000
v 10.660000 -11.073000 8.772000
v 10.660000 -11.073000 13.532000
v 11.160000 -11.073000 -2.178000
v 11.160000 -11.073000 1.394000
v 11.160000 -11.073000 9.360000
v 11.160000 -11.073000 12.335000
v 11.660000 -11.073000 -2.044000
v 11.660000 -11.073000 0.278000
v 11.660000 -11.073000 9.890000
v 11.660000 -11.073000 11.614000
v 12.160000 -11.073000 -1.891000
v 12.160000 -11.073000 -0.622000
v 7.160000 -7.073000 5.647000
v 7.160000 -7.073000 8.033000
v 7.660000 -7.073000 4.656000
v 7.660000 -7.073000 8.305000
v 8.160000 -7.073000 4.141000
v 8.160000 -7.073000 8.540000
v 8.660000 -7.073000 3.514000
v 8.660000 -7.073000 8.866000
v 9.160000 -7.073000 -1.925000
v 9.160000 -7.073000 0.631000
v 9.160000 -7.073000 2.201000
v 9.160000 -7.073000 9.252000
v 9.660000 -7.073000 -2.479000
v 9.660000 -7.073000 9.326000
v 10.160000 -7.073000 -3.510000
v 10.160000 -7.073000 9.343000
v 10.660000 -7.073000 -4.548000
v 10.660000 -7.073000 9.588000
v 11.160000 -7.073000 -4.516000
v 11.160000 -7.073000 5.902000
v 11.160000 -7.073000 8.300000
v 11.160000 -7.073000 10.196000
v 11.660000 -7.073000 -3.597000
v 11.660000 -7.073000 -0.112000
v 11.660000 -7.073000 1.433000
v 11.660000 -7.073000 5.029000
v 11.660000 -7.073000 8.423000
v 11.660000 -7.073000 10.219000
v 12.160000 -7.073000 -3.030000
v 12.160000 -7.073000 -1.509000
v 9.660000 -9.227000 -3.652000
v 9.660000 -7.440000 -3.652000
v 10.160000 -9.553000 -3.652000
v 10.160000 -7.090000 -3.652000
v 10.660000 -9.722000 -3.652000
v 10.660000 -6.944000 -3.652000
v 11.160000 -9.755000 -3.652000
v 11.160000 -6.952000 -3.652000
v 11.660000 -9.622000 -3.652000
v 11.660000 -7.086000 -3.652000
v 12.160000 -9.271000 -3.652000
v 12.160000 -7.371000 -3.652000
v 7.660000 -12.363000 0.348000
v 7.660000 -8.187000 0.348000
v 8.160000 -12.984000 0.348000
v 8.160000 -7.643000 0.348000
v 8.660000 -13.201000 0.348000
v 8.660000 -7.276000 0.348000
v 9.160000 -13.215000 0.348000
v 9.160000 -6.834000 0.348000
v 9.660000 -13.033000 0.348000
v 9.660000 -6.613000 0.348000
v 10.160000 -12.531000 0.348000
v 10.160000 -6.617000 0.348000
v 10.660000 -11.980000 0.348000
v 10.660000 -6.662000 0.348000
v 11.160000 -11.538000 0.348000
v 11.160000 -6.852000 0.348000
v 11.660000 -11.046000 0.348000
v 11.660000 -7.167000 0.348000
v 12.160000 -10.577000 0.348000
v 12.160000 -7.519000 0.348000
v 12.660000 -10.250000 0.348000
v 12.660000 -7.808000 0.348000
v 7.660000 -8.196000 4.348000
v 7.660000 -7.688000 4.348000
v 8.160000 -9.296000 4.348000
v 8.160000 -6.875000 4.348000
v 8.660000 -10.046000 4.348000
v 8.660000 -6.353000 4.348000
v 9.160000 -10.416000 4.348000
v 9.160000 -6.101000 4.348000
v 9.660000 -10.445000 4.348000
v 9.660000 -5.948000 4.348000
v 10.160000 -10.248000 4.348000
v 10.160000 -5.942000 4.348000
v 10.660000 -9.990000 4.348000
v 10.660000 -5.960000 4.348000
v 11.160000 -9.516000 4.348000
v 11.160000 -6.141000 4.348000
v 11.660000 -9.058000 4.348000
v 11.660000 -6.634000 4.348000
v 12.160000 -8.523000 4.348000
v 12.160000 -7.214000 4.348000
v 5.160000 -10.998000 8.348000
v 5.160000 -9.738000 8.348000
v 5.660000 -11.542000 8.348000
v 5.660000 -8.210000 8.348000
v 6.160000 -11.832000 8.348000
v 6.160000 -7.688000 8.348000
v 6.660000 -12.492000 8.348000
v 6.660000 -7.491000 8.348000
v 7.160000 -13.033000 8.348000
v 7.160000 -7.323000 8.348000
v 7.660000 -13.226000 8.348000
v 7.660000 -7.111000 8.348000
v 8.160000 -13.221000 8.348000
v 8.160000 -6.900000 8.348000
v 8.660000 -13.064000 8.348000
v 8.660000 -6.694000 8.348000
v 9.160000 -12.748000 8.348000
v 9.160000 -6.620000 8.348000
v 9.660000 -11.960000 8.348000
v 9.660000 -6.638000 8.348000
v 10.160000 -11.307000 8.348000
v 10.160000 -6.820000 8.348000
v 10.660000 -10.626000 8.348000
v 10.660000 -6.965000 8.348000
v 11.160000 -10.118000 8.348000
v 11.160000 -7.054000 8.348000
v 11.660000 -9.844000 8.348000
v 11.660000 -7.115000 8.348000
v 12.160000 -9.229000 8.348000
v 12.160000 -7.370000 8.348000
v 6.660000 -13.522000 12.348000
v 6.660000 -12.245000 12.348000
v 7.160000 -14.265000 12.348000
v 7.160000 -11.432000 12.348000
v 7.660000 -14.523000 12.348000
v 7.660000 -9.652000 12.348000
v 8.160000 -14.535000 12.348000
v 8.160000 -9.117000 12.348000
v 8.660000 -14.314000 12.348000
v 8.660000 -8.925000 12.348000
v 9.160000 -13.986000 12.348000
v 9.160000 -8.903000 12.348000
v 9.660000 -13.588000 12.348000
v 9.660000 -8.858000 12.348000
v 10.160000 -13.296000 12.348000
v 10.160000 -8.781000 12.348000
v 10.660000 -13.023000 12.348000
v 10.660000 -8.644000 12.348000
v 11.160000 -12.356000 12.348000
v 11.160000 -11.106000 12.348000
v 11.160000 -10.281000 12.348000
v 11.160000 -8.669000 12.348000
v 7.265000 -14.573000 12.848000
v 8.612000 -14.573000 12.848000
v 7.269000 -14.573000 13.348000
v 8.609000 -14.573000 13.348000
v 8.301000 -10.573000 -2.152000
v 12.751000 -10.573000 -2.152000
v 7.507000 -10.573000 -1.652000
v 13.017000 -10.573000 -1.652000
v 7.201000 -10.573000 -1.152000
v 13.048000 -10.573000 -1.152000
v 7.028000 -10.573000 -0.652000
v 12.944000 -10.573000 -0.652000
v 7.037000 -10.573000 -0.152000
v 12.491000 -10.573000 -0.152000
v 7.245000 -10.573000 0.348000
v 12.165000 -10.573000 0.348000
v 7.695000 -10.573000 0.848000
v 11.867000 -10.573000 0.848000
v 7.963000 -10.573000 1.348000
v 11.652000 -10.573000 1.348000
v 8.052000 -10.573000 1.848000
v 11.587000 -10.573000 1.848000
v 8.230000 -10.573000 2.348000
v 11.339000 -10.573000 2.348000
v 8.622000 -10.573000 2.848000
v 10.810000 -10.573000 2.848000
v 9.070000 -10.573000 3.348000
v 10.448000 -10.573000 3.348000
v 8.688000 -10.573000 4.848000
v 9.550000 -10.573000 4.848000
v 7.258000 -10.573000 5.348000
v 9.910000 -10.573000 5.348000
v 6.499000 -10.573000 5.848000
v 10.117000 -10.573000 5.848000
v 5.749000 -10.573000 6.348000
v 10.116000 -10.573000 6.348000
v 5.213000 -10.573000 6.848000
v 10.104000 -10.573000 6.848000
v 5.028000 -10.573000 7.348000
v 10.145000 -10.573000 7.348000
v 5.017000 -10.573000 7.848000
v 10.413000 -10.573000 7.848000
v 5.024000 -10.573000 8.348000
v 10.693000 -10.573000 8.348000
v 5.219000 -10.573000 8.848000
v 10.991000 -10.573000 8.848000
v 5.472000 -10.573000 9.348000
v 11.564000 -10.573000 9.348000
v 5.561000 -10.573000 9.848000
v 12.319000 -10.573000 9.848000
v 5.766000 -10.573000 10.348000
v 12.557000 -10.573000 10.348000
v 6.360000 -10.573000 10.848000
v 12.559000 -10.573000 10.848000
v 6.979000 -10.573000 11.348000
v 12.328000 -10.573000 11.348000
v 7.267000 -10.573000 11.848000
v 11.685000 -10.573000 11.848000
v 7.442000 -10.573000 12.348000
v 11.102000 -10.573000 12.348000
v 7.454000 -10.573000 12.848000
v 10.730000 -10.573000 12.848000
v 7.560000 -10.573000 13.348000
v 10.369000 -10.573000 13.348000
v 7.964000 -10.573000 13.848000
v 10.094000 -10.573000 13.848000
v 9.776000 -6.573000 -1.652000
v 11.519000 -6.573000 -1.652000
v 9.372000 -6.573000 -1.152000
v 11.493000 -6.573000 -1.152000
v 9.270000 -6.573000 -0.652000
v 11.085000 -6.573000 -0.652000
v 9.241000 -6.573000 -0.152000
v 10.981000 -6.573000 -0.152000
v 9.758000 -6.573000 2.348000
v 11.167000 -6.573000 2.348000
v 9.398000 -6.573000 2.848000
v 11.591000 -6.573000 2.848000
v 9.226000 -6.573000 3.348000
v 11.598000 -6.573000 3.348000
v 8.932000 -6.573000 3.848000
v 11.637000 -6.573000 3.848000
v 8.440000 -6.573000 4.348000
v 11.611000 -6.573000 4.348000
v 7.968000 -6.573000 4.848000
v 11.392000 -6.573000 4.848000
v 7.708000 -6.573000 5.348000
v 11.059000 -6.573000 5.348000
v 7.596000 -6.573000 5.848000
v 10.828000 -6.573000 5.848000
v 7.378000 -6.573000 6.348000
v 10.581000 -6.573000 6.348000
v 7.317000 -6.573000 6.848000
v 10.323000 -6.573000 6.848000
v 7.328000 -6.573000 7.348000
v 10.093000 -6.573000 7.348000
v 8.319000 -6.573000 7.848000
v 10.005000 -6.573000 7.848000
v 7.660000 -14.573000 12.432000
v 7.660000 -14.573000 13.753000
v 8.160000 -14.573000 12.411000
v 8.160000 -14.573000 13.775000
v 5.160000 -10.573000 6.943000
v 5.160000 -10.573000 8.746000
v 5.660000 -10.573000 6.399000
v 5.660000 -10.573000 10.157000
v 6.160000 -10.573000 6.132000
v 6.160000 -10.573000 10.738000
v 6.660000 -10.573000 5.688000
v 6.660000 -10.573000 11.032000
v 7.160000 -10.573000 -1.063000
v 7.160000 -10.573000 0.202000
v 7.160000 -10.573000 5.385000
v 7.160000 -10.573000 11.635000
v 7.660000 -10.573000 -1.797000
v 7.660000 -10.573000 0.806000
v 7.660000 -10.573000 5.234000
v 7.660000 -10.573000 13.532000
v 8.160000 -10.573000 -2.089000
v 8.160000 -10.573000 2.197000
v 8.160000 -10.573000 5.074000
v 8.160000 -10.573000 14.040000
v 8.660000 -10.573000 -2.265000
v 8.660000 -10.573000 2.893000
v 8.660000 -10.573000 4.861000
v 8.660000 -10.573000 14.322000
v 9.160000 -10.573000 -2.276000
v 9.160000 -10.573000 3.432000
v 9.160000 -10.573000 4.725000
v 9.160000 -10.573000 14.335000
v 9.660000 -10.573000 -2.303000
v 9.660000 -10.573000 3.703000
v 9.660000 -10.573000 4.964000
v 9.660000 -10.573000 14.233000
v 10.160000 -10.573000 -2.404000
v 10.160000 -10.573000 3.624000
v 10.160000 -10.573000 7.396000
v 10.160000 -10.573000 13.726000
v 10.660000 -10.573000 -2.564000
v 10.660000 -10.573000 3.065000
v 10.660000 -10.573000 8.284000
v 10.660000 -10.573000 12.930000
v 11.160000 -10.573000 -2.578000
v 11.160000 -10.573000 2.522000
v 11.160000 -10.573000 9.037000
v 11.160000 -10.573000 12.274000
v 11.660000 -10.573000 -2.573000
v 11.660000 -10.573000 1.310000
v 11.660000 -10.573000 9.401000
v 11.660000 -10.573000 11.864000
v 12.160000 -10.573000 -2.529000
v 12.160000 -10.573000 0.356000
v 12.160000 -10.573000 9.684000
v 12.160000 -10.573000 11.524000
v 12.660000 -10.573000 -2.247000
v 12.660000 -10.573000 -0.342000
v 7.660000 -6.573000 5.595000
v 7.660000 -6.573000 7.706000
v 8.160000 -6.573000 4.667000
v 8.160000 -6.573000 7.790000
v 8.660000 -6.573000 4.126000
v 8.660000 -6.573000 8.101000
v 9.160000 -6.573000 3.505000
v 9.160000 -6.573000 8.265000
v 9.660000 -6.573000 -1.478000
v 9.660000 -6.573000 0.277000
v 9.660000 -6.573000 2.524000
v 9.660000 -6.573000 8.231000
v 10.160000 -6.573000 -2.031000
v 10.160000 -6.573000 0.258000
v 10.160000 -6.573000 1.898000
v 10.160000 -6.573000 7.166000
v 10.660000 -6.573000 -2.050000
v 10.660000 -6.573000 0.163000
v 10.660000 -6.573000 1.872000
v 10.660000 -6.573000 6.149000
v 11.160000 -6.573000 -2.023000
v 11.160000 -6.573000 -0.777000
v 11.160000 -6.573000 2.340000
v 11.160000 -6.573000 5.149000
v 9.160000 -8.987000 -3.152000
v 9.160000 -7.860000 -3.152000
v 9.660000 -9.563000 -3.152000
v 9.660000 -7.222000 -3.152000
v 10.160000 -9.728000 -3.152000
v 10.160000 -6.999000 -3.152000
v 10.660000 -9.907000 -3.152000
v 10.660000 -6.954000 -3.152000
v 11.160000 -10.022000 -3.152000
v 11.160000 -6.944000 -3.152000
v 11.660000 -9.979000 -3.152000
v 11.660000 -6.959000 -3.152000
v 12.160000 -9.858000 -3.152000
v 12.160000 -7.121000 -3.152000
v 12.660000 -9.303000 -3.152000
v 12.660000 -7.397000 -3.152000
v 7.660000 -12.341000 0.848000
v 7.660000 -11.045000 0.848000
v 7.660000 -10.126000 0.848000
v 7.660000 -8.197000 0.848000
v 8.160000 -12.984000 0.848000
v 8.160000 -7.637000 0.848000
v 8.660000 -13.201000 0.848000
v 8.660000 -7.428000 0.848000
v 9.160000 -13.215000 0.848000
v 9.160000 -7.215000 0.848000
v 9.660000 -13.034000 0.848000
v 9.660000 -6.864000 0.848000
v 10.160000 -12.510000 0.848000
v 10.160000 -6.783000 0.848000
v 10.660000 -11.744000 0.848000
v 10.660000 -6.825000 0.848000
v 11.160000 -11.301000 0.848000
v 11.160000 -6.953000 0.848000
v 11.660000 -10.790000 0.848000
v 11.660000 -7.180000 0.848000
v 12.160000 -10.294000 0.848000
v 12.160000 -7.561000 0.848000
v 12.660000 -9.746000 0.848000
v 12.660000 -8.049000 0.848000
v 7.660000 -9.251000 4.848000
v 7.660000 -6.896000 4.848000
v 8.160000 -9.894000 4.848000
v 8.160000 -6.385000 4.848000
v 8.660000 -10.558000 4.848000
v 8.660000 -6.111000 4.848000
v 9.160000 -10.650000 4.848000
v 9.160000 -5.942000 4.848000
v 9.660000 -10.526000 4.848000
v 9.660000 -5.910000 4.848000
v 10.160000 -10.201000 4.848000
v 10.160000 -5.927000 4.848000
v 10.660000 -9.801000 4.848000
v 10.660000 -6.072000 4.848000
v 11.160000 -9.473000 4.848000
v 11.160000 -6.351000 4.848000
v 11.660000 -8.985000 4.848000
v 11.660000 -6.900000 4.848000
v 5.660000 -11.317000 8.848000
v 5.660000 -8.847000 8.848000
v 6.160000 -11.683000 8.848000
v 6.160000 -7.910000 8.848000
v 6.660000 -12.403000 8.848000
v 6.660000 -7.693000 8.848000
v 7.160000 -13.038000 8.848000
v 7.160000 -7.647000 8.848000
v 7.660000 -13.269000 8.848000
v 7.660000 -7.461000 8.848000
v 8.160000 -13.274000 8.848000
v 8.160000 -7.281000 8.848000
v 8.660000 -13.192000 8.848000
v 8.660000 -7.061000 8.848000
v 9.160000 -12.972000 8.848000
v 9.160000 -6.920000 8.848000
v 9.660000 -12.389000 8.848000
v 9.660000 -6.888000 8.848000
v 10.160000 -11.696000 8.848000
v 10.160000 -6.924000 8.848000
v 10.660000 -11.173000 8.848000
v 10.660000 -6.987000 8.848000
v 11.160000 -10.409000 8.848000
v 11.160000 -6.924000 8.848000
v 11.660000 -10.106000 8.848000
v 11.660000 -6.937000 8.848000
v 12.160000 -9.784000 8.848000
v 12.160000 -7.151000 8.848000
v 12.660000 -8.846000 8.848000
v 12.660000 -7.776000 8.848000
v 6.660000 -13.885000 12.848000
v 6.660000 -12.245000 12.848000
v 7.160000 -14.508000 12.848000
v 7.160000 -11.186000 12.848000
v 7.660000 -14.720000 12.848000
v 7.660000 -9.725000 12.848000
v 8.160000 -14.731000 12.848000
v 8.160000 -9.150000 12.848000
v 8.660000 -14.545000 12.848000
v 8.660000 -8.952000 12.848000
v 9.160000 -14.122000 12.848000
v 9.160000 -8.954000 12.848000
v 9.660000 -13.790000 12.848000
v 9.660000 -9.096000 12.848000
v 10.160000 -13.513000 12.848000
v 10.160000 -9.385000 12.848000
v 10.660000 -13.225000 12.848000
v 10.660000 -10.353000 12.848000
v 11.160000 -12.277000 12.848000
v 11.160000 -11.886000 12.848000
v 7.473000 -14.073000 10.348000
v 8.383000 -14.073000 10.348000
v 7.364000 -14.073000 10.848000
v 8.453000 -14.073000 10.848000
v 7.361000 -14.073000 11.348000
v 8.447000 -14.073000 11.348000
v 7.236000 -14.073000 11.848000
v 8.602000 -14.073000 11.848000
v 6.971000 -14.073000 12.348000
v 9.026000 -14.073000 12.348000
v 6.753000 -14.073000 12.848000
v 9.224000 -14.073000 12.848000
v 6.755000 -14.073000 13.348000
v 9.585000 -14.073000 13.348000
v 6.992000 -14.073000 13.848000
v 10.060000 -14.073000 13.848000
v 8.392000 -14.073000 14.348000
v 10.081000 -14.073000 14.348000
v 9.917000 -10.073000 -2.652000
v 12.783000 -10.073000 -2.652000
v 7.847000 -10.073000 -2.152000
v 13.305000 -10.073000 -2.152000
v 7.249000 -10.073000 -1.652000
v 13.523000 -10.073000 -1.652000
v 7.045000 -10.073000 -1.152000
v 13.553000 -10.073000 -1.152000
v 7.013000 -10.073000 -0.652000
v 13.545000 -10.073000 -0.652000
v 7.045000 -10.073000 -0.152000
v 13.291000 -10.073000 -0.152000
v 7.244000 -10.073000 0.348000
v 12.845000 -10.073000 0.348000
v 7.650000 -10.073000 0.848000
v 12.387000 -10.073000 0.848000
v 7.919000 -10.073000 1.348000
v 12.133000 -10.073000 1.348000
v 8.006000 -10.073000 1.848000
v 12.056000 -10.073000 1.848000
v 8.160000 -10.073000 2.348000
v 11.779000 -10.073000 2.348000
v 8.427000 -10.073000 2.848000
v 11.341000 -10.073000 2.848000
v 8.718000 -10.073000 3.348000
v 11.037000 -10.073000 3.348000
v 8.801000 -10.073000 3.848000
v 10.802000 -10.073000 3.848000
v 8.678000 -10.073000 4.348000
v 10.523000 -10.073000 4.348000
v 8.255000 -10.073000 4.848000
v 10.330000 -10.073000 4.848000
v 6.875000 -10.073000 5.348000
v 10.303000 -10.073000 5.348000
v 6.251000 -10.073000 5.848000
v 10.411000 -10.073000 5.848000
v 5.685000 -10.073000 6.348000
v 10.410000 -10.073000 6.348000
v 5.198000 -10.073000 6.848000
v 10.535000 -10.073000 6.848000
v 5.015000 -10.073000 7.348000
v 10.602000 -10.073000 7.348000
v 5.019000 -10.073000 7.848000
v 10.855000 -10.073000 7.848000
v 5.041000 -10.073000 8.348000
v 11.236000 -10.073000 8.348000
v 5.239000 -10.073000 8.848000
v 11.720000 -10.073000 8.848000
v 5.480000 -10.073000 9.348000
v 12.296000 -10.073000 9.348000
v 5.561000 -10.073000 9.848000
v 12.576000 -10.073000 9.848000
v 5.767000 -10.073000 10.348000
v 12.736000 -10.073000 10.348000
v 6.366000 -10.073000 10.848000
v 12.738000 -10.073000 10.848000
v 7.098000 -10.073000 11.348000
v 12.543000 -10.073000 11.348000
v 7.416000 -10.073000 11.848000
v 11.986000 -10.073000 11.848000
v 7.524000 -10.073000 12.348000
v 11.227000 -10.073000 12.348000
v 7.551000 -10.073000 12.848000
v 10.562000 -10.073000 12.848000
v 7.759000 -10.073000 13.348000
v 10.072000 -10.073000 13.348000
v 8.331000 -10.073000 13.848000
v 9.539000 -10.073000 13.848000
v 9.886000 -6.073000 3.348000
v 10.856000 -6.073000 3.348000
v 9.720000 -6.073000 3.848000
v 10.992000 -6.073000 3.848000
v 9.232000 -6.073000 4.348000
v 11.032000 -6.073000 4.348000
v 8.749000 -6.073000 4.848000
v 10.663000 -6.073000 4.848000
v 8.270000 -6.073000 5.348000
v 10.535000 -6.073000 5.348000
v 8.247000 -6.073000 5.848000
v 10.122000 -6.073000 5.848000
v 8.765000 -6.073000 6.348000
v 9.956000 -6.073000 6.348000
v 7.160000 -14.073000 12.007000
v 7.160000 -14.073000 14.020000
v 7.660000 -14.073000 10.159000
v 7.660000 -14.073000 14.271000
v 8.160000 -14.073000 10.140000
v 8.160000 -14.073000 14.318000
v 8.660000 -14.073000 11.919000
v 8.660000 -14.073000 14.416000
v 9.160000 -14.073000 12.730000
v 9.160000 -14.073000 14.724000
v 9.660000 -14.073000 13.438000
v 9.660000 -14.073000 14.758000
v 5.160000 -10.073000 6.915000
v 5.160000 -10.073000 8.708000
v 5.660000 -10.073000 6.369000
v 5.660000 -10.073000 10.156000
v 6.160000 -10.073000 5.930000
v 6.160000 -10.073000 10.737000
v 6.660000 -10.073000 5.464000
v 6.660000 -10.073000 10.984000
v 7.160000 -10.073000 -1.497000
v 7.160000 -10.073000 0.196000
v 7.160000 -10.073000 5.260000
v 7.160000 -10.073000 11.424000
v 7.660000 -10.073000 -2.053000
v 7.660000 -10.073000 0.861000
v 7.660000 -10.073000 5.173000
v 7.660000 -10.073000 13.173000
v 8.160000 -10.073000 -2.245000
v 8.160000 -10.073000 2.348000
v 8.160000 -10.073000 4.925000
v 8.160000 -10.073000 13.745000
v 8.660000 -10.073000 -2.321000
v 8.660000 -10.073000 3.201000
v 8.660000 -10.073000 4.381000
v 8.660000 -10.073000 13.967000
v 9.160000 -10.073000 -2.489000
v 9.160000 -10.073000 13.972000
v 9.660000 -10.073000 -2.600000
v 9.660000 -10.073000 13.778000
v 10.160000 -10.073000 -2.723000
v 10.160000 -10.073000 13.250000
v 10.660000 -10.073000 -2.942000
v 10.660000 -10.073000 4.090000
v 10.660000 -10.073000 7.519000
v 10.660000 -10.073000 12.769000
v 11.160000 -10.073000 -3.088000
v 11.160000 -10.073000 3.097000
v 11.160000 -10.073000 8.261000
v 11.160000 -10.073000 12.401000
v 11.660000 -10.073000 -3.064000
v 11.660000 -10.073000 2.464000
v 11.660000 -10.073000 8.789000
v 11.660000 -10.073000 12.026000
v 12.160000 -10.073000 -3.016000
v 12.160000 -10.073000 1.262000
v 12.160000 -10.073000 9.212000
v 12.160000 -10.073000 11.745000
v 12.660000 -10.073000 -2.771000
v 12.660000 -10.073000 0.536000
v 12.660000 -10.073000 10.077000
v 12.660000 -10.073000 11.120000
v 13.160000 -10.073000 -2.311000
v 13.160000 -10.073000 -0.022000
v 8.660000 -6.073000 4.954000
v 8.660000 -6.073000 6.267000
v 9.160000 -6.073000 4.419000
v 9.160000 -6.073000 6.702000
v 9.660000 -6.073000 3.917000
v 9.660000 -6.073000 6.676000
v 10.160000 -6.073000 3.083000
v 10.160000 -6.073000 5.800000
v 10.660000 -6.073000 3.124000
v 10.660000 -6.073000 4.854000
v 9.160000 -9.794000 -2.652000
v 9.160000 -7.491000 -2.652000
v 9.660000 -10.017000 -2.652000
v 9.660000 -7.132000 -2.652000
v 10.160000 -10.161000 -2.652000
v 10.160000 -6.907000 -2.652000
v 10.660000 -10.436000 -2.652000
v 10.660000 -6.869000 -2.652000
v 11.160000 -10.495000 -2.652000
v 11.160000 -6.871000 -2.652000
v 11.660000 -10.495000 -2.652000
v 11.660000 -6.923000 -2.652000
v 12.160000 -10.449000 -2.652000
v 12.160000 -6.961000 -2.652000
v 12.660000 -10.193000 -2.652000
v 12.660000 -7.173000 -2.652000
v 13.160000 -9.259000 -2.652000
v 13.160000 -7.787000 -2.652000
v 8.160000 -12.736000 1.348000
v 8.160000 -7.851000 1.348000
v 8.660000 -13.001000 1.348000
v 8.660000 -7.555000 1.348000
v 9.160000 -13.018000 1.348000
v 9.160000 -7.355000 1.348000
v 9.660000 -12.799000 1.348000
v 9.660000 -6.954000 1.348000
v 10.160000 -12.185000 1.348000
v 10.160000 -6.776000 1.348000
v 10.660000 -11.558000 1.348000
v 10.660000 -6.799000 1.348000
v 11.160000 -11.082000 1.348000
v 11.160000 -6.933000 1.348000
v 11.660000 -10.564000 1.348000
v 11.660000 -7.096000 1.348000
v 12.160000 -10.046000 1.348000
v 12.160000 -7.397000 1.348000
v 12.660000 -9.423000 1.348000
v 12.660000 -8.119000 1.348000
v 7.160000 -10.415000 5.348000
v 7.160000 -7.232000 5.348000
v 7.660000 -11.358000 5.348000
v 7.660000 -6.633000 5.348000
v 8.160000 -11.387000 5.348000
v 8.160000 -6.133000 5.348000
v 8.660000 -11.138000 5.348000
v 8.660000 -5.951000 5.348000
v 9.160000 -11.008000 5.348000
v 9.160000 -5.929000 5.348000
v 9.660000 -10.797000 5.348000
v 9.660000 -5.909000 5.348000
v 10.160000 -10.273000 5.348000
v 10.160000 -5.930000 5.348000
v 10.660000 -9.759000 5.348000
v 10.660000 -6.152000 5.348000
v 11.160000 -9.501000 5.348000
v 11.160000 -6.748000 5.348000
v 11.660000 -8.955000 5.348000
v 11.660000 -7.405000 5.348000
v 5.660000 -11.037000 9.348000
v 5.660000 -9.286000 9.348000
v 6.160000 -11.583000 9.348000
v 6.160000 -8.518000 9.348000
v 6.660000 -12.417000 9.348000
v 6.660000 -8.196000 9.348000
v 7.160000 -13.239000 9.348000
v 7.160000 -7.928000 9.348000
v 7.660000 -13.497000 9.348000
v 7.660000 -7.645000 9.348000
v 8.160000 -13.512000 9.348000
v 8.160000 -7.455000 9.348000
v 8.660000 -13.481000 9.348000
v 8.660000 -7.315000 9.348000
v 9.160000 -13.252000 9.348000
v 9.160000 -7.127000 9.348000
v 9.660000 -12.755000 9.348000
v 9.660000 -7.086000 9.348000
v 10.160000 -12.130000 9.348000
v 10.160000 -7.075000 9.348000
v 10.660000 -11.781000 9.348000
v 10.660000 -7.034000 9.348000
v 11.160000 -11.051000 9.348000
v 11.160000 -6.920000 9.348000
v 11.660000 -10.514000 9.348000
v 11.660000 -6.915000 9.348000
v 12.160000 -10.218000 9.348000
v 12.160000 -7.099000 9.348000
v 12.660000 -9.427000 9.348000
v 12.660000 -7.625000 9.348000
v 6.660000 -13.880000 13.348000
v 6.660000 -12.848000 13.348000
v 7.160000 -14.506000 13.348000
v 7.160000 -11.156000 13.348000
v 7.660000 -14.719000 13.348000
v 7.660000 -10.373000 13.348000
v 8.160000 -14.729000 13.348000
v 8.160000 -9.404000 13.348000
v 8.660000 -14.543000 13.348000
v 8.660000 -9.161000 13.348000
v 9.160000 -14.246000 13.348000
v 9.160000 -9.163000 13.348000
v 9.660000 -14.040000 13.348000
v 9.660000 -9.412000 13.348000
v 10.160000 -13.778000 13.348000
v 10.160000 -10.237000 13.348000
v 10.660000 -13.485000 13.348000
v 10.660000 -11.014000 13.348000
v 11.160000 -12.849000 13.348000
v 11.160000 -11.859000 13.348000
v 7.068000 -13.573000 9.848000
v 9.058000 -13.573000 9.848000
v 6.808000 -13.573000 10.348000
v 9.134000 -13.573000 10.348000
v 6.757000 -13.573000 10.848000
v 9.150000 -13.573000 10.848000
v 6.746000 -13.573000 11.348000
v 9.266000 -13.573000 11.348000
v 6.726000 -13.573000 11.848000
v 9.605000 -13.573000 11.848000
v 6.679000 -13.573000 12.348000
v 9.686000 -13.573000 12.348000
v 6.575000 -13.573000 12.848000
v 10.024000 -13.573000 12.848000
v 6.577000 -13.573000 13.348000
v 10.516000 -13.573000 13.348000
v 6.777000 -13.573000 13.848000
v 10.642000 -13.573000 13.848000
v 7.349000 -13.573000 14.348000
v 10.648000 -13.573000 14.348000
v 8.415000 -13.573000 14.848000
v 10.401000 -13.573000 14.848000
v 10.330000 -9.573000 -4.152000
v 11.412000 -9.573000 -4.152000
v 10.212000 -9.573000 -3.652000
v 11.760000 -9.573000 -3.652000
v 9.679000 -9.573000 -3.152000
v 12.476000 -9.573000 -3.152000
v 8.954000 -9.573000 -2.652000
v 13.071000 -9.573000 -2.652000
v 7.785000 -9.573000 -2.152000
v 13.556000 -9.573000 -2.152000
v 7.221000 -9.573000 -1.652000
v 13.734000 -9.573000 -1.652000
v 7.023000 -9.573000 -1.152000
v 13.758000 -9.573000 -1.152000
v 7.021000 -9.573000 -0.652000
v 13.751000 -9.573000 -0.652000
v 7.067000 -9.573000 -0.152000
v 13.544000 -9.573000 -0.152000
v 7.260000 -9.573000 0.348000
v 13.100000 -9.573000 0.348000
v 7.560000 -9.573000 0.848000
v 12.753000 -9.573000 0.848000
v 7.794000 -9.573000 1.348000
v 12.584000 -9.573000 1.348000
v 7.964000 -9.573000 1.848000
v 12.541000 -9.573000 1.848000
v 8.006000 -9.573000 2.348000
v 12.323000 -9.573000 2.348000
v 8.196000 -9.573000 2.848000
v 12.063000 -9.573000 2.848000
v 8.443000 -9.573000 3.348000
v 11.653000 -9.573000 3.348000
v 8.519000 -9.573000 3.848000
v 11.319000 -9.573000 3.848000
v 8.356000 -9.573000 4.348000
v 11.095000 -9.573000 4.348000
v 7.892000 -9.573000 4.848000
v 11.021000 -9.573000 4.848000
v 6.772000 -9.573000 5.348000
v 11.031000 -9.573000 5.348000
v 6.217000 -9.573000 5.848000
v 11.009000 -9.573000 5.848000
v 5.696000 -9.573000 6.348000
v 10.959000 -9.573000 6.348000
v 5.238000 -9.573000 6.848000
v 11.001000 -9.573000 6.848000
v 5.055000 -9.573000 7.348000
v 11.094000 -9.573000 7.348000
v 5.069000 -9.573000 7.848000
v 11.401000 -9.573000 7.848000
v 5.237000 -9.573000 8.348000
v 11.929000 -9.573000 8.348000
v 5.449000 -9.573000 8.848000
v 12.364000 -9.573000 8.848000
v 5.581000 -9.573000 9.348000
v 12.593000 -9.573000 9.348000
v 5.739000 -9.573000 9.848000
v 12.743000 -9.573000 9.848000
v 6.012000 -9.573000 10.348000
v 12.768000 -9.573000 10.348000
v 6.638000 -9.573000 10.848000
v 12.733000 -9.573000 10.848000
v 7.180000 -9.573000 11.348000
v 12.532000 -9.573000 11.348000
v 7.567000 -9.573000 11.848000
v 12.077000 -9.573000 11.848000
v 7.705000 -9.573000 12.348000
v 11.503000 -9.573000 12.348000
v 7.743000 -9.573000 12.848000
v 10.347000 -9.573000 12.848000
v 7.994000 -9.573000 13.348000
v 9.817000 -9.573000 13.348000
v 6.660000 -13.573000 12.466000
v 6.660000 -13.573000 13.626000
v 7.160000 -13.573000 9.755000
v 7.160000 -13.573000 14.239000
v 7.660000 -13.573000 9.452000
v 7.660000 -13.573000 14.514000
v 8.160000 -13.573000 9.434000
v 8.160000 -13.573000 14.739000
v 8.660000 -13.573000 9.498000
v 8.660000 -13.573000 15.018000
v 9.160000 -13.573000 11.046000
v 9.160000 -13.573000 15.282000
v 9.660000 -13.573000 12.255000
v 9.660000 -13.573000 15.299000
v 10.160000 -13.573000 12.982000
v 10.160000 -13.573000 15.085000
v 5.160000 -9.573000 6.997000
v 5.160000 -9.573000 8.145000
v 5.660000 -9.573000 6.382000
v 5.660000 -9.573000 9.631000
v 6.160000 -9.573000 5.906000
v 6.160000 -9.573000 10.494000
v 6.660000 -9.573000 5.415000
v 6.660000 -9.573000 10.867000
v 7.160000 -9.573000 -1.548000
v 7.160000 -9.573000 0.155000
v 7.160000 -9.573000 5.205000
v 7.160000 -9.573000 11.329000
v 7.660000 -9.573000 -2.083000
v 7.660000 -9.573000 1.082000
v 7.660000 -9.573000 5.004000
v 7.660000 -9.573000 12.091000
v 8.160000 -9.573000 -2.275000
v 8.160000 -9.573000 2.782000
v 8.160000 -9.573000 4.604000
v 8.160000 -9.573000 13.510000
v 8.660000 -9.573000 -2.474000
v 8.660000 -9.573000 13.745000
v 9.160000 -9.573000 -2.810000
v 9.160000 -9.573000 13.744000
v 9.660000 -9.573000 -3.139000
v 9.660000 -9.573000 13.502000
v 10.160000 -9.573000 -3.564000
v 10.160000 -9.573000 12.976000
v 10.660000 -9.573000 -4.467000
v 10.660000 -9.573000 12.676000
v 11.160000 -9.573000 -4.430000
v 11.160000 -9.573000 4.143000
v 11.160000 -9.573000 7.502000
v 11.160000 -9.573000 12.478000
v 11.660000 -9.573000 -3.752000
v 11.660000 -9.573000 3.339000
v 11.660000 -9.573000 8.076000
v 11.660000 -9.573000 12.254000
v 12.160000 -9.573000 -3.344000
v 12.160000 -9.573000 2.647000
v 12.160000 -9.573000 8.632000
v 12.160000 -9.573000 11.760000
v 12.660000 -9.573000 -3.028000
v 12.660000 -9.573000 1.054000
v 12.660000 -9.573000 9.559000
v 12.660000 -9.573000 11.099000
v 13.160000 -9.573000 -2.578000
v 13.160000 -9.573000 0.272000
v 13.660000 -9.573000 -1.937000
v 13.660000 -9.573000 -0.362000
v 8.160000 -10.388000 -2.152000
v 8.160000 -8.387000 -2.152000
v 8.660000 -10.934000 -2.152000
v 8.660000 -7.455000 -2.152000
v 9.160000 -10.929000 -2.152000
v 9.160000 -7.194000 -2.152000
v 9.660000 -10.992000 -2.152000
v 9.660000 -6.883000 -2.152000
v 10.160000 -11.373000 -2.152000
v 10.160000 -6.644000 -2.152000
v 10.660000 -11.346000 -2.152000
v 10.660000 -6.631000 -2.152000
v 11.160000 -11.107000 -2.152000
v 11.160000 -6.643000 -2.152000
v 11.660000 -10.986000 -2.152000
v 11.660000 -6.794000 -2.152000
v 12.160000 -10.937000 -2.152000
v 12.160000 -6.962000 -2.152000
v 12.660000 -10.666000 -2.152000
v 12.660000 -7.189000 -2.152000
v 13.160000 -10.219000 -2.152000
v 13.160000 -7.737000 -2.152000
v 8.160000 -11.668000 1.848000
v 8.160000 -8.082000 1.848000
v 8.660000 -12.419000 1.848000
v 8.660000 -7.598000 1.848000
v 9.160000 -12.480000 1.848000
v 9.160000 -7.274000 1.848000
v 9.660000 -12.306000 1.848000
v 9.660000 -6.830000 1.848000
v 10.160000 -11.999000 1.848000
v 10.160000 -6.598000 1.848000
v 10.660000 -11.528000 1.848000
v 10.660000 -6.586000 1.848000
v 11.160000 -11.027000 1.848000
v 11.160000 -6.778000 1.848000
v 11.660000 -10.483000 1.848000
v 11.660000 -6.946000 1.848000
v 12.160000 -9.974000 1.848000
v 12.160000 -7.153000 1.848000
v 12.660000 -9.341000 1.848000
v 12.660000 -7.761000 1.848000
v 6.660000 -10.812000 5.848000
v 6.660000 -8.330000 5.848000
v 7.160000 -11.703000 5.848000
v 7.160000 -6.949000 5.848000
v 7.660000 -11.961000 5.848000
v 7.660000 -6.517000 5.848000
v 8.160000 -11.961000 5.848000
v 8.160000 -6.121000 5.848000
v 8.660000 -11.722000 5.848000
v 8.660000 -5.940000 5.848000
v 9.160000 -11.285000 5.848000
v 9.160000 -5.937000 5.848000
v 9.660000 -11.012000 5.848000
v 9.660000 -5.958000 5.848000
v 10.160000 -10.501000 5.848000
v 10.160000 -6.088000 5.848000
v 10.660000 -9.808000 5.848000
v 10.660000 -6.404000 5.848000
v 11.160000 -9.488000 5.848000
v 11.160000 -7.057000 5.848000
v 11.660000 -8.916000 5.848000
v 11.660000 -7.742000 5.848000
v 5.660000 -10.891000 9.848000
v 5.660000 -9.756000 9.848000
v 6.160000 -11.524000 9.848000
v 6.160000 -8.903000 9.848000
v 6.660000 -12.856000 9.848000
v 6.660000 -8.625000 9.848000
v 7.160000 -13.662000 9.848000
v 7.160000 -8.357000 9.848000
v 7.660000 -13.917000 9.848000
v 7.660000 -7.868000 9.848000
v 8.160000 -13.925000 9.848000
v 8.160000 -7.642000 9.848000
v 8.660000 -13.737000 9.848000
v 8.660000 -7.634000 9.848000
v 9.160000 -13.516000 9.848000
v 9.160000 -7.559000 9.848000
v 9.660000 -13.037000 9.848000
v 9.660000 -7.422000 9.848000
v 10.160000 -12.472000 9.848000
v 10.160000 -7.330000 9.848000
v 10.660000 -11.995000 9.848000
v 10.660000 -7.148000 9.848000
v 11.160000 -11.492000 9.848000
v 11.160000 -6.945000 9.848000
v 11.660000 -11.047000 9.848000
v 11.660000 -6.933000 9.848000
v 12.160000 -10.746000 9.848000
v 12.160000 -7.119000 9.848000
v 12.660000 -9.874000 9.848000
v 12.660000 -7.662000 9.848000
v 7.160000 -14.256000 13.848000
v 7.160000 -11.641000 13.848000
v 7.660000 -14.516000 13.848000
v 7.660000 -10.843000 13.848000
v 8.160000 -14.528000 13.848000
v 8.160000 -10.304000 13.848000
v 8.660000 -14.374000 13.848000
v 8.660000 -9.771000 13.848000
v 9.160000 -14.262000 13.848000
v 9.160000 -9.775000 13.848000
v 9.660000 -14.199000 13.848000
v 9.660000 -10.180000 13.848000
v 10.160000 -14.018000 13.848000
v 10.160000 -10.634000 13.848000
v 10.660000 -13.555000 13.848000
v 10.660000 -11.118000 13.848000
v 11.160000 -13.013000 13.848000
v 11.160000 -11.680000 13.848000
v 8.428000 -13.073000 -0.152000
v 9.454000 -13.073000 -0.152000
v 8.307000 -13.073000 0.348000
v 9.590000 -13.073000 0.348000
v 8.307000 -13.073000 0.848000
v 9.591000 -13.073000 0.848000
v 7.426000 -13.073000 7.348000
v 8.356000 -13.073000 7.348000
v 7.255000 -13.073000 7.848000
v 8.523000 -13.073000 7.848000
v 7.228000 -13.073000 8.348000
v 8.638000 -13.073000 8.348000
v 7.211000 -13.073000 8.848000
v 8.994000 -13.073000 8.848000
v 6.993000 -13.073000 9.348000
v 9.347000 -13.073000 9.348000
v 6.753000 -13.073000 9.848000
v 9.625000 -13.073000 9.848000
v 6.586000 -13.073000 10.348000
v 9.730000 -13.073000 10.348000
v 6.547000 -13.073000 10.848000
v 9.910000 -13.073000 10.848000
v 6.532000 -13.073000 11.348000
v 10.074000 -13.073000 11.348000
v 6.534000 -13.073000 11.848000
v 10.487000 -13.073000 11.848000
v 6.552000 -13.073000 12.348000
v 10.588000 -13.073000 12.348000
v 6.561000 -13.073000 12.848000
v 10.813000 -13.073000 12.848000
v 6.595000 -13.073000 13.348000
v 11.049000 -13.073000 13.348000
v 6.798000 -13.073000 13.848000
v 11.125000 -13.073000 13.848000
v 7.257000 -13.073000 14.348000
v 11.127000 -13.073000 14.348000
v 7.882000 -13.073000 14.848000
v 10.892000 -13.073000 14.848000
v 8.813000 -13.073000 15.348000
v 10.107000 -13.073000 15.348000
v 9.963000 -9.073000 -4.652000
v 11.779000 -9.073000 -4.652000
v 9.725000 -9.073000 -4.152000
v 12.027000 -9.073000 -4.152000
v 9.525000 -9.073000 -3.652000
v 12.362000 -9.073000 -3.652000
v 9.197000 -9.073000 -3.152000
v 12.824000 -9.073000 -3.152000
v 8.737000 -9.073000 -2.652000
v 13.202000 -9.073000 -2.652000
v 7.779000 -9.073000 -2.152000
v 13.576000 -9.073000 -2.152000
v 7.219000 -9.073000 -1.652000
v 13.762000 -9.073000 -1.652000
v 7.024000 -9.073000 -1.152000
v 13.782000 -9.073000 -1.152000
v 7.026000 -9.073000 -0.652000
v 13.757000 -9.073000 -0.652000
v 7.088000 -9.073000 -0.152000
v 13.551000 -9.073000 -0.152000
v 7.304000 -9.073000 0.348000
v 13.123000 -9.073000 0.348000
v 7.535000 -9.073000 0.848000
v 12.868000 -9.073000 0.848000
v 7.738000 -9.073000 1.348000
v 12.767000 -9.073000 1.348000
v 7.933000 -9.073000 1.848000
v 12.736000 -9.073000 1.848000
v 8.002000 -9.073000 2.348000
v 12.635000 -9.073000 2.348000
v 8.118000 -9.073000 2.848000
v 12.587000 -9.073000 2.848000
v 8.195000 -9.073000 3.348000
v 12.351000 -9.073000 3.348000
v 8.191000 -9.073000 3.848000
v 11.877000 -9.073000 3.848000
v 7.991000 -9.073000 4.348000
v 11.642000 -9.073000 4.348000
v 7.502000 -9.073000 4.848000
v 11.585000 -9.073000 4.848000
v 6.793000 -9.073000 5.348000
v 11.592000 -9.073000 5.348000
v 6.236000 -9.073000 5.848000
v 11.573000 -9.073000 5.848000
v 5.725000 -9.073000 6.348000
v 11.514000 -9.073000 6.348000
v 5.455000 -9.073000 6.848000
v 11.402000 -9.073000 6.848000
v 5.254000 -9.073000 7.348000
v 11.448000 -9.073000 7.348000
v 5.269000 -9.073000 7.848000
v 11.757000 -9.073000 7.848000
v 5.433000 -9.073000 8.348000
v 12.302000 -9.073000 8.348000
v 5.625000 -9.073000 8.848000
v 12.594000 -9.073000 8.848000
v 5.762000 -9.073000 9.348000
v 12.768000 -9.073000 9.348000
v 6.001000 -9.073000 9.848000
v 12.774000 -9.073000 9.848000
v 6.516000 -9.073000 10.348000
v 12.757000 -9.073000 10.348000
v 6.922000 -9.073000 10.848000
v 12.722000 -9.073000 10.848000
v 7.604000 -9.073000 11.348000
v 12.509000 -9.073000 11.348000
v 8.119000 -9.073000 11.848000
v 12.062000 -9.073000 11.848000
v 8.235000 -9.073000 12.348000
v 11.527000 -9.073000 12.348000
v 8.296000 -9.073000 12.848000
v 9.595000 -9.073000 12.848000
v 6.660000 -13.073000 10.096000
v 6.660000 -13.073000 13.579000
v 7.160000 -13.073000 8.996000
v 7.160000 -13.073000 14.248000
v 7.660000 -13.073000 7.140000
v 7.660000 -13.073000 14.727000
v 8.160000 -13.073000 7.160000
v 8.160000 -13.073000 14.948000
v 8.660000 -13.073000 -0.377000
v 8.660000 -13.073000 1.224000
v 8.660000 -13.073000 8.397000
v 8.660000 -13.073000 15.255000
v 9.160000 -13.073000 -0.405000
v 9.160000 -13.073000 1.255000
v 9.160000 -13.073000 9.087000
v 9.160000 -13.073000 15.473000
v 9.660000 -13.073000 10.009000
v 9.660000 -13.073000 15.488000
v 10.160000 -13.073000 11.464000
v 10.160000 -13.073000 15.326000
v 10.660000 -13.073000 12.543000
v 10.660000 -13.073000 15.070000
v 5.660000 -9.073000 6.455000
v 5.660000 -9.073000 8.979000
v 6.160000 -9.073000 5.919000
v 6.160000 -9.073000 10.012000
v 6.660000 -9.073000 5.433000
v 6.660000 -9.073000 10.497000
v 7.160000 -9.073000 -1.550000
v 7.160000 -9.073000 0.079000
v 7.160000 -9.073000 5.103000
v 7.160000 -9.073000 11.085000
v 7.660000 -9.073000 -2.087000
v 7.660000 -9.073000 1.203000
v 7.660000 -9.073000 4.720000
v 7.660000 -9.073000 11.383000
v 8.160000 -9.073000 -2.297000
v 8.160000 -9.073000 3.083000
v 8.160000 -9.073000 3.982000
v 8.160000 -9.073000 11.953000
v 8.660000 -9.073000 -2.586000
v 8.660000 -9.073000 13.197000
v 9.160000 -9.073000 -3.106000
v 9.160000 -9.073000 13.194000
v 9.660000 -9.073000 -3.920000
v 9.660000 -9.073000 12.804000
v 10.160000 -9.073000 -4.844000
v 10.160000 -9.073000 12.613000
v 10.660000 -9.073000 -5.065000
v 10.660000 -9.073000 12.534000
v 11.160000 -9.073000 -5.048000
v 11.160000 -9.073000 12.480000
v 11.660000 -9.073000 -4.778000
v 11.660000 -9.073000 4.273000
v 11.660000 -9.073000 7.738000
v 11.660000 -9.073000 12.267000
v 12.160000 -9.073000 -3.903000
v 12.160000 -9.073000 3.545000
v 12.160000 -9.073000 8.192000
v 12.160000 -9.073000 11.727000
v 12.660000 -9.073000 -3.323000
v 12.660000 -9.073000 2.191000
v 12.660000 -9.073000 8.990000
v 12.660000 -9.073000 11.059000
v 13.160000 -9.073000 -2.707000
v 13.160000 -9.073000 0.300000
v 13.660000 -9.073000 -1.992000
v 13.660000 -9.073000 -0.349000
v 7.660000 -10.767000 -1.652000
v 7.660000 -8.347000 -1.652000
v 8.160000 -11.349000 -1.652000
v 8.160000 -7.770000 -1.652000
v 8.660000 -11.528000 -1.652000
v 8.660000 -7.208000 -1.652000
v 9.160000 -11.571000 -1.652000
v 9.160000 -6.918000 -1.652000
v 9.660000 -11.782000 -1.652000
v 9.660000 -6.630000 -1.652000
v 10.160000 -12.001000 -1.652000
v 10.160000 -6.444000 -1.652000
v 10.660000 -11.990000 -1.652000
v 10.660000 -6.439000 -1.652000
v 11.160000 -11.724000 -1.652000
v 11.160000 -6.458000 -1.652000
v 11.660000 -11.328000 -1.652000
v 11.660000 -6.651000 -1.652000
v 12.160000 -11.142000 -1.652000
v 12.160000 -7.037000 -1.652000
v 12.660000 -10.921000 -1.652000
v 12.660000 -7.380000 -1.652000
v 13.160000 -10.441000 -1.652000
v 13.160000 -7.692000 -1.652000
v 13.660000 -9.818000 -1.652000
v 13.660000 -8.294000 -1.652000
v 8.160000 -10.073000 2.348000
v 8.160000 -8.122000 2.348000
v 8.660000 -11.754000 2.348000
v 8.660000 -7.440000 2.348000
v 9.160000 -11.999000 2.348000
v 9.160000 -6.958000 2.348000
v 9.660000 -12.004000 2.348000
v 9.660000 -6.629000 2.348000
v 10.160000 -11.778000 2.348000
v 10.160000 -6.417000 2.348000
v 10.660000 -11.296000 2.348000
v 10.660000 -6.407000 2.348000
v 11.160000 -10.753000 2.348000
v 11.160000 -6.570000 2.348000
v 11.660000 -10.186000 2.348000
v 11.660000 -6.799000 2.348000
v 12.160000 -9.730000 2.348000
v 12.160000 -7.125000 2.348000
v 12.660000 -9.009000 2.348000
v 12.660000 -7.719000 2.348000
v 6.160000 -11.058000 6.348000
v 6.160000 -8.334000 6.348000
v 6.660000 -11.721000 6.348000
v 6.660000 -7.321000 6.348000
v 7.160000 -12.221000 6.348000
v 7.160000 -6.695000 6.348000
v 7.660000 -12.447000 6.348000
v 7.660000 -6.462000 6.348000
v 8.160000 -12.430000 6.348000
v 8.160000 -6.280000 6.348000
v 8.660000 -12.154000 6.348000
v 8.660000 -6.108000 6.348000
v 9.160000 -11.509000 6.348000
v 9.160000 -5.966000 6.348000
v 9.660000 -11.034000 6.348000
v 9.660000 -5.977000 6.348000
v 10.160000 -10.496000 6.348000
v 10.160000 -6.188000 6.348000
v 10.660000 -9.791000 6.348000
v 10.660000 -6.636000 6.348000
v 11.160000 -9.437000 6.348000
v 11.160000 -7.144000 6.348000
v 11.660000 -8.785000 6.348000
v 11.660000 -7.829000 6.348000
v 6.160000 -11.287000 10.348000
v 6.160000 -9.425000 10.348000
v 6.660000 -13.308000 10.348000
v 6.660000 -8.925000 10.348000
v 7.160000 -13.916000 10.348000
v 7.160000 -8.610000 10.348000
v 7.660000 -14.124000 10.348000
v 7.660000 -8.328000 10.348000
v 8.160000 -14.131000 10.348000
v 8.160000 -8.140000 10.348000
v 8.660000 -13.939000 10.348000
v 8.660000 -8.088000 10.348000
v 9.160000 -13.556000 10.348000
v 9.160000 -7.898000 10.348000
v 9.660000 -13.132000 10.348000
v 9.660000 -7.631000 10.348000
v 10.160000 -12.727000 10.348000
v 10.160000 -7.447000 10.348000
v 10.660000 -12.210000 10.348000
v 10.660000 -7.335000 10.348000
v 11.160000 -11.717000 10.348000
v 11.160000 -7.165000 10.348000
v 11.660000 -11.275000 10.348000
v 11.660000 -7.153000 10.348000
v 12.160000 -10.998000 10.348000
v 12.160000 -7.385000 10.348000
v 12.660000 -10.360000 10.348000
v 12.660000 -8.285000 10.348000
v 7.660000 -13.925000 14.348000
v 7.660000 -11.413000 14.348000
v 8.160000 -14.035000 14.348000
v 8.160000 -10.859000 14.348000
v 8.660000 -14.116000 14.348000
v 8.660000 -10.599000 14.348000
v 9.160000 -14.196000 14.348000
v 9.160000 -10.587000 14.348000
v 9.660000 -14.209000 14.348000
v 9.660000 -10.657000 14.348000
v 10.160000 -14.029000 14.348000
v 10.160000 -10.889000 14.348000
v 10.660000 -13.561000 14.348000
v 10.660000 -11.161000 14.348000
v 11.160000 -13.016000 14.348000
v 11.160000 -11.676000 14.348000
v 8.084000 -12.573000 -0.652000
v 9.868000 -12.573000 -0.652000
v 7.809000 -12.573000 -0.152000
v 10.097000 -12.573000 -0.152000
v 7.768000 -12.573000 0.348000
v 10.129000 -12.573000 0.348000
v 7.773000 -12.573000 0.848000
v 10.124000 -12.573000 0.848000
v 8.009000 -12.573000 1.348000
v 9.888000 -12.573000 1.348000
v 7.045000 -12.573000 6.848000
v 8.737000 -12.573000 6.848000
v 6.753000 -12.573000 7.348000
v 9.011000 -12.573000 7.348000
v 6.696000 -12.573000 7.848000
v 9.086000 -12.573000 7.848000
v 6.705000 -12.573000 8.348000
v 9.329000 -12.573000 8.348000
v 6.746000 -12.573000 8.848000
v 9.553000 -12.573000 8.848000
v 6.716000 -12.573000 9.348000
v 9.833000 -12.573000 9.348000
v 6.585000 -12.573000 9.848000
v 10.096000 -12.573000 9.848000
v 6.527000 -12.573000 10.348000
v 10.301000 -12.573000 10.348000
v 6.514000 -12.573000 10.848000
v 10.542000 -12.573000 10.848000
v 6.519000 -12.573000 11.348000
v 10.816000 -12.573000 11.348000
v 6.531000 -12.573000 11.848000
v 11.046000 -12.573000 11.848000
v 6.558000 -12.573000 12.348000
v 11.056000 -12.573000 12.348000
v 6.570000 -12.573000 12.848000
v 11.094000 -12.573000 12.848000
v 6.746000 -12.573000 13.348000
v 11.234000 -12.573000 13.348000
v 6.946000 -12.573000 13.848000
v 11.313000 -12.573000 13.848000
v 7.211000 -12.573000 14.348000
v 11.315000 -12.573000 14.348000
v 7.794000 -12.573000 14.848000
v 11.119000 -12.573000 14.848000
v 8.817000 -12.573000 15.348000
v 10.554000 -12.573000 15.348000
v 10.274000 -8.573000 -5.152000
v 11.467000 -8.573000 -5.152000
v 9.712000 -8.573000 -4.652000
v 12.030000 -8.573000 -4.652000
v 9.516000 -8.573000 -4.152000
v 12.258000 -8.573000 -4.152000
v 9.301000 -8.573000 -3.652000
v 12.611000 -8.573000 -3.652000
v 9.073000 -8.573000 -3.152000
v 13.059000 -8.573000 -3.152000
v 8.728000 -8.573000 -2.652000
v 13.271000 -8.573000 -2.652000
v 8.080000 -8.573000 -2.152000
v 13.550000 -8.573000 -2.152000
v 7.438000 -8.573000 -1.652000
v 13.748000 -8.573000 -1.652000
v 7.206000 -8.573000 -1.152000
v 13.746000 -8.573000 -1.152000
v 7.209000 -8.573000 -0.652000
v 13.582000 -8.573000 -0.652000
v 7.304000 -8.573000 -0.152000
v 13.358000 -8.573000 -0.152000
v 7.460000 -8.573000 0.348000
v 13.117000 -8.573000 0.348000
v 7.540000 -8.573000 0.848000
v 12.861000 -8.573000 0.848000
v 7.732000 -8.573000 1.348000
v 12.771000 -8.573000 1.348000
v 7.955000 -8.573000 1.848000
v 12.764000 -8.573000 1.848000
v 8.025000 -8.573000 2.348000
v 12.773000 -8.573000 2.348000
v 8.070000 -8.573000 2.848000
v 12.769000 -8.573000 2.848000
v 8.035000 -8.573000 3.348000
v 12.572000 -8.573000 3.348000
v 7.964000 -8.573000 3.848000
v 12.271000 -8.573000 3.848000
v 7.731000 -8.573000 4.348000
v 12.132000 -8.573000 4.348000
v 7.293000 -8.573000 4.848000
v 11.939000 -8.573000 4.848000
v 6.919000 -8.573000 5.348000
v 11.812000 -8.573000 5.348000
v 6.517000 -8.573000 5.848000
v 11.769000 -8.573000 5.848000
v 5.958000 -8.573000 6.348000
v 11.720000 -8.573000 6.348000
v 5.704000 -8.573000 6.848000
v 11.655000 -8.573000 6.848000
v 5.566000 -8.573000 7.348000
v 11.739000 -8.573000 7.348000
v 5.520000 -8.573000 7.848000
v 12.093000 -8.573000 7.848000
v 5.524000 -8.573000 8.348000
v 12.554000 -8.573000 8.348000
v 5.714000 -8.573000 8.848000
v 12.731000 -8.573000 8.848000
v 6.108000 -8.573000 9.348000
v 12.799000 -8.573000 9.348000
v 6.766000 -8.573000 9.848000
v 12.790000 -8.573000 9.848000
v 7.226000 -8.573000 10.348000
v 12.732000 -8.573000 10.348000
v 8.561000 -8.573000 10.848000
v 12.559000 -8.573000 10.848000
v 9.405000 -8.573000 11.348000
v 12.282000 -8.573000 11.348000
v 9.835000 -8.573000 11.848000
v 11.839000 -8.573000 11.848000
v 6.660000 -12.573000 9.574000
v 6.660000 -12.573000 13.160000
v 7.160000 -12.573000 6.740000
v 7.160000 -12.573000 14.269000
v 7.660000 -12.573000 6.488000
v 7.660000 -12.573000 14.778000
v 8.160000 -12.573000 -0.727000
v 8.160000 -12.573000 1.505000
v 8.160000 -12.573000 6.501000
v 8.160000 -12.573000 14.979000
v 8.660000 -12.573000 -0.991000
v 8.660000 -12.573000 1.765000
v 8.660000 -12.573000 6.773000
v 8.660000 -12.573000 15.256000
v 9.160000 -12.573000 -1.005000
v 9.160000 -12.573000 1.783000
v 9.160000 -12.573000 8.064000
v 9.160000 -12.573000 15.468000
v 9.660000 -12.573000 -0.815000
v 9.660000 -12.573000 1.569000
v 9.660000 -12.573000 9.099000
v 9.660000 -12.573000 15.494000
v 10.160000 -12.573000 10.069000
v 10.160000 -12.573000 15.469000
v 10.660000 -12.573000 11.110000
v 10.660000 -12.573000 15.291000
v 11.160000 -12.573000 13.100000
v 11.160000 -12.573000 14.779000
v 5.660000 -8.573000 7.011000
v 5.660000 -8.573000 8.754000
v 6.160000 -8.573000 6.159000
v 6.160000 -8.573000 9.401000
v 6.660000 -8.573000 5.663000
v 6.660000 -8.573000 9.760000
v 7.160000 -8.573000 5.040000
v 7.160000 -8.573000 10.248000
v 7.660000 -8.573000 -1.870000
v 7.660000 -8.573000 1.219000
v 7.660000 -8.573000 4.440000
v 7.660000 -8.573000 10.765000
v 8.160000 -8.573000 -2.207000
v 8.160000 -8.573000 10.810000
v 8.660000 -8.573000 -2.588000
v 8.660000 -8.573000 10.857000
v 9.160000 -8.573000 -3.368000
v 9.160000 -8.573000 11.086000
v 9.660000 -8.573000 -4.564000
v 9.660000 -8.573000 11.612000
v 10.160000 -8.573000 -5.090000
v 10.160000 -8.573000 12.131000
v 10.660000 -8.573000 -5.272000
v 10.660000 -8.573000 12.307000
v 11.160000 -8.573000 -5.258000
v 11.160000 -8.573000 12.294000
v 11.660000 -8.573000 -5.039000
v 11.660000 -8.573000 6.748000
v 11.660000 -8.573000 7.008000
v 11.660000 -8.573000 12.039000
v 12.160000 -8.573000 -4.389000
v 12.160000 -8.573000 4.189000
v 12.160000 -8.573000 7.912000
v 12.160000 -8.573000 11.471000
v 12.660000 -8.573000 -3.598000
v 12.660000 -8.573000 3.188000
v 12.660000 -8.573000 8.570000
v 12.660000 -8.573000 10.593000
v 13.160000 -8.573000 -2.949000
v 13.160000 -8.573000 0.274000
v 13.660000 -8.573000 -1.946000
v 13.660000 -8.573000 -0.860000
v 10.660000 -8.924000 -5.152000
v 10.660000 -7.684000 -5.152000
v 11.160000 -8.891000 -5.152000
v 11.160000 -7.717000 -5.152000
v 7.160000 -10.450000 -1.152000
v 7.160000 -8.655000 -1.152000
v 7.660000 -11.651000 -1.152000
v 7.660000 -8.114000 -1.152000
v 8.160000 -11.965000 -1.152000
v 8.160000 -7.708000 -1.152000
v 8.660000 -12.252000 -1.152000
v 8.660000 -7.167000 -1.152000
v 9.160000 -12.313000 -1.152000
v 9.160000 -6.687000 -1.152000
v 9.660000 -12.277000 -1.152000
v 9.660000 -6.485000 -1.152000
v 10.160000 -12.248000 -1.152000
v 10.160000 -6.424000 -1.152000
v 10.660000 -12.206000 -1.152000
v 10.660000 -6.425000 -1.152000
v 11.160000 -11.993000 -1.152000
v 11.160000 -6.469000 -1.152000
v 11.660000 -11.532000 -1.152000
v 11.660000 -6.664000 -1.152000
v 12.160000 -11.190000 -1.152000
v 12.160000 -7.106000 -1.152000
v 12.660000 -10.925000 -1.152000
v 12.660000 -7.455000 -1.152000
v 13.160000 -10.474000 -1.152000
v 13.160000 -7.700000 -1.152000
v 13.660000 -9.880000 -1.152000
v 13.660000 -8.298000 -1.152000
v 8.160000 -9.401000 2.848000
v 8.160000 -7.855000 2.848000
v 8.660000 -10.816000 2.848000
v 8.660000 -7.217000 2.848000
v 9.160000 -11.476000 2.848000
v 9.160000 -6.728000 2.848000
v 9.660000 -11.482000 2.848000
v 9.660000 -6.402000 2.848000
v 10.160000 -11.125000 2.848000
v 10.160000 -6.189000 2.848000
v 10.660000 -10.741000 2.848000
v 10.660000 -6.206000 2.848000
v 11.160000 -10.263000 2.848000
v 11.160000 -6.397000 2.848000
v 11.660000 -9.798000 2.848000
v 11.660000 -6.612000 2.848000
v 12.160000 -9.514000 2.848000
v 12.160000 -7.117000 2.848000
v 12.660000 -8.935000 2.848000
v 12.660000 -7.784000 2.848000
v 5.660000 -11.250000 6.848000
v 5.660000 -8.655000 6.848000
v 6.160000 -11.716000 6.848000
v 6.160000 -7.829000 6.848000
v 6.660000 -12.260000 6.848000
v 6.660000 -7.196000 6.848000
v 7.160000 -12.681000 6.848000
v 7.160000 -6.664000 6.848000
v 7.660000 -12.918000 6.848000
v 7.660000 -6.455000 6.848000
v 8.160000 -12.909000 6.848000
v 8.160000 -6.392000 6.848000
v 8.660000 -12.648000 6.848000
v 8.660000 -6.298000 6.848000
v 9.160000 -11.803000 6.848000
v 9.160000 -6.150000 6.848000
v 9.660000 -11.128000 6.848000
v 9.660000 -6.163000 6.848000
v 10.160000 -10.505000 6.848000
v 10.160000 -6.414000 6.848000
v 10.660000 -9.923000 6.848000
v 10.660000 -6.853000 6.848000
v 11.160000 -9.368000 6.848000
v 11.160000 -7.335000 6.848000
v 11.660000 -8.554000 6.848000
v 11.660000 -8.053000 6.848000
v 6.660000 -13.406000 10.848000
v 6.660000 -9.532000 10.848000
v 7.160000 -13.966000 10.848000
v 7.160000 -8.838000 10.848000
v 7.660000 -14.161000 10.848000
v 7.660000 -8.620000 10.848000
v 8.160000 -14.161000 10.848000
v 8.160000 -8.605000 10.848000
v 8.660000 -13.964000 10.848000
v 8.660000 -8.566000 10.848000
v 9.160000 -13.566000 10.848000
v 9.160000 -8.389000 10.848000
v 9.660000 -13.204000 10.848000
v 9.660000 -7.909000 10.848000
v 10.160000 -12.934000 10.848000
v 10.160000 -7.622000 10.848000
v 10.660000 -12.473000 10.848000
v 10.660000 -7.433000 10.848000
v 11.160000 -11.967000 10.848000
v 11.160000 -7.405000 10.848000
v 11.660000 -11.401000 10.848000
v 11.660000 -7.539000 10.848000
v 12.160000 -11.001000 10.848000
v 12.160000 -7.929000 10.848000
v 12.660000 -10.366000 10.848000
v 12.660000 -8.831000 10.848000
v 8.160000 -13.380000 14.848000
v 8.160000 -11.725000 14.848000
v 8.660000 -13.750000 14.848000
v 8.660000 -11.163000 14.848000
v 9.160000 -14.005000 14.848000
v 9.160000 -11.114000 14.848000
v 9.660000 -14.022000 14.848000
v 9.660000 -11.145000 14.848000
v 10.160000 -13.809000 14.848000
v 10.160000 -11.179000 14.848000
v 10.660000 -13.300000 14.848000
v 10.660000 -11.393000 14.848000
v 8.350000 -12.073000 -1.152000
v 11.029000 -12.073000 -1.152000
v 7.747000 -12.073000 -0.652000
v 11.055000 -12.073000 -0.652000
v 7.582000 -12.073000 -0.152000
v 10.731000 -12.073000 -0.152000
v 7.575000 -12.073000 0.348000
v 10.554000 -12.073000 0.348000
v 7.588000 -12.073000 0.848000
v 10.387000 -12.073000 0.848000
v 7.786000 -12.073000 1.348000
v 10.236000 -12.073000 1.348000
v 8.320000 -12.073000 1.848000
v 10.053000 -12.073000 1.848000
v 7.001000 -12.073000 6.348000
v 8.739000 -12.073000 6.348000
v 6.468000 -12.073000 6.848000
v 9.037000 -12.073000 6.848000
v 6.235000 -12.073000 7.348000
v 9.238000 -12.073000 7.348000
v 6.241000 -12.073000 7.848000
v 9.382000 -12.073000 7.848000
v 6.406000 -12.073000 8.348000
v 9.605000 -12.073000 8.348000
v 6.491000 -12.073000 8.848000
v 9.844000 -12.073000 8.848000
v 6.528000 -12.073000 9.348000
v 10.221000 -12.073000 9.348000
v 6.480000 -12.073000 9.848000
v 10.545000 -12.073000 9.848000
v 6.459000 -12.073000 10.348000
v 10.820000 -12.073000 10.348000
v 6.528000 -12.073000 10.848000
v 11.079000 -12.073000 10.848000
v 6.641000 -12.073000 11.348000
v 11.155000 -12.073000 11.348000
v 6.716000 -12.073000 11.848000
v 11.245000 -12.073000 11.848000
v 6.750000 -12.073000 12.348000
v 11.240000 -12.073000 12.348000
v 6.746000 -12.073000 12.848000
v 11.172000 -12.073000 12.848000
v 6.911000 -12.073000 13.348000
v 11.221000 -12.073000 13.348000
v 7.021000 -12.073000 13.848000
v 11.305000 -12.073000 13.848000
v 7.226000 -12.073000 14.348000
v 11.307000 -12.073000 14.348000
v 7.826000 -12.073000 14.848000
v 11.109000 -12.073000 14.848000
v 8.874000 -12.073000 15.348000
v 10.535000 -12.073000 15.348000
v 10.258000 -8.073000 -5.152000
v 11.483000 -8.073000 -5.152000
v 9.703000 -8.073000 -4.652000
v 12.038000 -8.073000 -4.652000
v 9.510000 -8.073000 -4.152000
v 12.263000 -8.073000 -4.152000
v 9.309000 -8.073000 -3.652000
v 12.613000 -8.073000 -3.652000
v 9.092000 -8.073000 -3.152000
v 13.061000 -8.073000 -3.152000
v 8.768000 -8.073000 -2.652000
v 13.244000 -8.073000 -2.652000
v 8.266000 -8.073000 -2.152000
v 13.358000 -8.073000 -2.152000
v 7.945000 -8.073000 -1.652000
v 13.538000 -8.073000 -1.652000
v 7.725000 -8.073000 -1.152000
v 13.536000 -8.073000 -1.152000
v 7.735000 -8.073000 -0.652000
v 13.302000 -8.073000 -0.652000
v 7.805000 -8.073000 -0.152000
v 13.131000 -8.073000 -0.152000
v 7.733000 -8.073000 0.348000
v 12.904000 -8.073000 0.348000
v 7.729000 -8.073000 0.848000
v 12.673000 -8.073000 0.848000
v 7.956000 -8.073000 1.348000
v 12.645000 -8.073000 1.348000
v 8.166000 -8.073000 1.848000
v 12.749000 -8.073000 1.848000
v 8.182000 -8.073000 2.348000
v 12.771000 -8.073000 2.348000
v 8.095000 -8.073000 2.848000
v 12.756000 -8.073000 2.848000
v 8.029000 -8.073000 3.348000
v 12.560000 -8.073000 3.348000
v 7.922000 -8.073000 3.848000
v 12.373000 -8.073000 3.848000
v 7.637000 -8.073000 4.348000
v 12.310000 -8.073000 4.348000
v 7.209000 -8.073000 4.848000
v 12.125000 -8.073000 4.848000
v 6.987000 -8.073000 5.348000
v 11.874000 -8.073000 5.348000
v 6.747000 -8.073000 5.848000
v 11.766000 -8.073000 5.848000
v 6.306000 -8.073000 6.348000
v 11.725000 -8.073000 6.348000
v 5.998000 -8.073000 6.848000
v 11.665000 -8.073000 6.848000
v 5.770000 -8.073000 7.348000
v 11.753000 -8.073000 7.348000
v 5.746000 -8.073000 7.848000
v 12.110000 -8.073000 7.848000
v 5.746000 -8.073000 8.348000
v 12.566000 -8.073000 8.348000
v 5.981000 -8.073000 8.848000
v 12.743000 -8.073000 8.848000
v 6.905000 -8.073000 9.348000
v 12.810000 -8.073000 9.348000
v 7.452000 -8.073000 9.848000
v 12.793000 -8.073000 9.848000
v 8.738000 -8.073000 10.348000
v 12.592000 -8.073000 10.348000
v 9.501000 -8.073000 10.848000
v 12.295000 -8.073000 10.848000
v 10.006000 -8.073000 11.348000
v 11.907000 -8.073000 11.348000
v 6.660000 -12.073000 6.652000
v 6.660000 -12.073000 11.519000
v 7.160000 -12.073000 6.202000
v 7.160000 -12.073000 14.238000
v 7.660000 -12.073000 -0.466000
v 7.660000 -12.073000 1.101000
v 7.660000 -12.073000 5.966000
v 7.660000 -12.073000 14.763000
v 8.160000 -12.073000 -1.065000
v 8.160000 -12.073000 1.736000
v 8.160000 -12.073000 5.976000
v 8.160000 -12.073000 14.957000
v 8.660000 -12.073000 -1.234000
v 8.660000 -12.073000 2.054000
v 8.660000 -12.073000 6.269000
v 8.660000 -12.073000 15.232000
v 9.160000 -12.073000 -1.271000
v 9.160000 -12.073000 2.246000
v 9.160000 -12.073000 7.109000
v 9.160000 -12.073000 15.436000
v 9.660000 -12.073000 -1.367000
v 9.660000 -12.073000 2.219000
v 9.660000 -12.073000 8.492000
v 9.660000 -12.073000 15.457000
v 10.160000 -12.073000 -1.536000
v 10.160000 -12.073000 1.610000
v 10.160000 -12.073000 9.290000
v 10.160000 -12.073000 15.461000
v 10.660000 -12.073000 -1.516000
v 10.660000 -12.073000 -0.009000
v 10.660000 -12.073000 10.097000
v 10.660000 -12.073000 15.281000
v 11.160000 -12.073000 11.366000
v 11.160000 -12.073000 14.762000
v 6.160000 -8.073000 6.590000
v 6.160000 -8.073000 9.024000
v 6.660000 -8.073000 5.960000
v 6.660000 -8.073000 9.255000
v 7.160000 -8.073000 4.939000
v 7.160000 -8.073000 9.515000
v 7.660000 -8.073000 4.320000
v 7.660000 -8.073000 10.061000
v 8.160000 -8.073000 -1.999000
v 8.160000 -8.073000 1.820000
v 8.160000 -8.073000 2.521000
v 8.160000 -8.073000 10.292000
v 8.660000 -8.073000 -2.550000
v 8.660000 -8.073000 10.335000
v 9.160000 -8.073000 -3.345000
v 9.160000 -8.073000 10.527000
v 9.660000 -8.073000 -4.579000
v 9.660000 -8.073000 11.003000
v 10.160000 -8.073000 -5.098000
v 10.160000 -8.073000 11.516000
v 10.660000 -8.073000 -5.279000
v 10.660000 -8.073000 11.816000
v 11.160000 -8.073000 -5.265000
v 11.160000 -8.073000 11.819000
v 11.660000 -8.073000 -5.048000
v 11.660000 -8.073000 11.584000
v 12.160000 -8.073000 -4.409000
v 12.160000 -8.073000 4.787000
v 12.160000 -8.073000 7.896000
v 12.160000 -8.073000 10.993000
v 12.660000 -8.073000 -3.600000
v 12.660000 -8.073000 0.909000
v 12.660000 -8.073000 1.458000
v 12.660000 -8.073000 3.157000
v 12.660000 -8.073000 8.540000
v 12.660000 -8.073000 10.210000
v 13.160000 -8.073000 -2.955000
v 13.160000 -8.073000 -0.293000
v 10.160000 -9.258000 -4.652000
v 10.160000 -7.349000 -4.652000
v 10.660000 -9.475000 -4.652000
v 10.660000 -7.133000 -4.652000
v 11.160000 -9.458000 -4.652000
v 11.160000 -7.149000 -4.652000
v 11.660000 -9.194000 -4.652000
v 11.660000 -7.413000 -4.652000
v 7.160000 -11.270000 -0.652000
v 7.160000 -8.660000 -0.652000
v 7.660000 -11.962000 -0.652000
v 7.660000 -8.116000 -0.652000
v 8.160000 -12.650000 -0.652000
v 8.160000 -7.813000 -0.652000
v 8.660000 -12.921000 -0.652000
v 8.660000 -7.161000 -0.652000
v 9.160000 -12.934000 -0.652000
v 9.160000 -6.635000 -0.652000
v 9.660000 -12.706000 -0.652000
v 9.660000 -6.445000 -0.652000
v 10.160000 -12.420000 -0.652000
v 10.160000 -6.419000 -0.652000
v 10.660000 -12.226000 -0.652000
v 10.660000 -6.448000 -0.652000
v 11.160000 -12.009000 -0.652000
v 11.160000 -6.601000 -0.652000
v 11.660000 -11.546000 -0.652000
v 11.660000 -6.885000 -0.652000
v 12.160000 -11.086000 -0.652000
v 12.160000 -7.137000 -0.652000
v 12.660000 -10.715000 -0.652000
v 12.660000 -7.554000 -0.652000
v 13.160000 -10.456000 -0.652000
v 13.160000 -7.913000 -0.652000
v 13.660000 -9.864000 -0.652000
v 13.660000 -8.752000 -0.652000
v 8.160000 -8.987000 3.348000
v 8.160000 -7.679000 3.348000
v 8.660000 -9.975000 3.348000
v 8.660000 -7.127000 3.348000
v 9.160000 -10.644000 3.348000
v 9.160000 -6.638000 3.348000
v 9.660000 -10.789000 3.348000
v 9.660000 -6.182000 3.348000
v 10.160000 -10.702000 3.348000
v 10.160000 -6.001000 3.348000
v 10.660000 -10.443000 3.348000
v 10.660000 -6.016000 3.348000
v 11.160000 -9.951000 3.348000
v 11.160000 -6.233000 3.348000
v 11.660000 -9.569000 3.348000
v 11.660000 -6.612000 3.348000
v 12.160000 -9.272000 3.348000
v 12.160000 -7.143000 3.348000
v 5.160000 -10.936000 7.348000
v 5.160000 -9.244000 7.348000
v 5.660000 -11.494000 7.348000
v 5.660000 -8.302000 7.348000
v 6.160000 -11.994000 7.348000
v 6.160000 -7.650000 7.348000
v 6.660000 -12.489000 7.348000
v 6.660000 -7.207000 7.348000
v 7.160000 -12.943000 7.348000
v 7.160000 -6.671000 7.348000
v 7.660000 -13.135000 7.348000
v 7.660000 -6.460000 7.348000
v 8.160000 -13.128000 7.348000
v 8.160000 -6.450000 7.348000
v 8.660000 -12.918000 7.348000
v 8.660000 -6.461000 7.348000
v 9.160000 -12.300000 7.348000
v 9.160000 -6.369000 7.348000
v 9.660000 -11.305000 7.348000
v 9.660000 -6.383000 7.348000
v 10.160000 -10.555000 7.348000
v 10.160000 -6.621000 7.348000
v 10.660000 -10.007000 7.348000
v 10.660000 -7.053000 7.348000
v 11.160000 -9.480000 7.348000
v 11.160000 -7.388000 7.348000
v 11.660000 -8.749000 7.348000
v 11.660000 -7.850000 7.348000
v 6.660000 -13.430000 11.348000
v 6.660000 -12.013000 11.348000
v 7.160000 -13.969000 11.348000
v 7.160000 -9.639000 11.348000
v 7.660000 -14.164000 11.348000
v 7.660000 -9.042000 11.348000
v 8.160000 -14.164000 11.348000
v 8.160000 -8.899000 11.348000
v 8.660000 -13.965000 11.348000
v 8.660000 -8.829000 11.348000
v 9.160000 -13.637000 11.348000
v 9.160000 -8.696000 11.348000
v 9.660000 -13.339000 11.348000
v 9.660000 -8.403000 11.348000
v 10.160000 -13.033000 11.348000
v 10.160000 -7.903000 11.348000
v 10.660000 -12.727000 11.348000
v 10.660000 -7.633000 11.348000
v 11.160000 -12.066000 11.348000
v 11.160000 -7.613000 11.348000
v 11.660000 -11.303000 11.348000
v 11.660000 -7.827000 11.348000
v 12.160000 -10.757000 11.348000
v 12.160000 -8.436000 11.348000
v 9.160000 -13.455000 15.348000
v 9.160000 -11.777000 15.348000
v 9.660000 -13.488000 15.348000
v 9.660000 -11.738000 15.348000
v 10.160000 -13.007000 15.348000
v 10.160000 -11.740000 15.348000
v 9.173000 -11.573000 -1.652000
v 11.314000 -11.573000 -1.652000
v 7.581000 -11.573000 -1.152000
v 11.610000 -11.573000 -1.152000
v 7.321000 -11.573000 -0.652000
v 11.627000 -11.573000 -0.652000
v 7.314000 -11.573000 -0.152000
v 11.370000 -11.573000 -0.152000
v 7.439000 -11.573000 0.348000
v 11.113000 -11.573000 0.348000
v 7.588000 -11.573000 0.848000
v 10.830000 -11.573000 0.848000
v 7.799000 -11.573000 1.348000
v 10.644000 -11.573000 1.348000
v 8.136000 -11.573000 1.848000
v 10.612000 -11.573000 1.848000
v 8.483000 -11.573000 2.348000
v 10.368000 -11.573000 2.348000
v 7.030000 -11.573000 5.848000
v 8.815000 -11.573000 5.848000
v 6.515000 -11.573000 6.348000
v 9.104000 -11.573000 6.348000
v 6.006000 -11.573000 6.848000
v 9.298000 -11.573000 6.848000
v 5.734000 -11.573000 7.348000
v 9.524000 -11.573000 7.348000
v 5.676000 -11.573000 7.848000
v 9.645000 -11.573000 7.848000
v 5.713000 -11.573000 8.348000
v 9.904000 -11.573000 8.348000
v 6.022000 -11.573000 8.848000
v 10.294000 -11.573000 8.848000
v 6.150000 -11.573000 9.348000
v 10.875000 -11.573000 9.348000
v 6.200000 -11.573000 9.848000
v 11.096000 -11.573000 9.848000
v 6.309000 -11.573000 10.348000
v 11.298000 -11.573000 10.348000
v 6.558000 -11.573000 10.848000
v 11.516000 -11.573000 10.848000
v 6.843000 -11.573000 11.348000
v 11.495000 -11.573000 11.348000
v 7.052000 -11.573000 11.848000
v 11.373000 -11.573000 11.848000
v 7.093000 -11.573000 12.348000
v 11.243000 -11.573000 12.348000
v 7.008000 -11.573000 12.848000
v 11.088000 -11.573000 12.848000
v 7.016000 -11.573000 13.348000
v 11.025000 -11.573000 13.348000
v 7.184000 -11.573000 13.848000
v 11.094000 -11.573000 13.848000
v 7.491000 -11.573000 14.348000
v 11.097000 -11.573000 14.348000
v 8.259000 -11.573000 14.848000
v 10.854000 -11.573000 14.848000
v 9.932000 -7.573000 -4.652000
v 11.810000 -7.573000 -4.652000
v 9.700000 -7.573000 -4.152000
v 12.050000 -7.573000 -4.152000
v 9.546000 -7.573000 -3.652000
v 12.365000 -7.573000 -3.652000
v 9.318000 -7.573000 -3.152000
v 12.829000 -7.573000 -3.152000
v 9.081000 -7.573000 -2.652000
v 13.048000 -7.573000 -2.652000
v 8.536000 -7.573000 -2.152000
v 13.042000 -7.573000 -2.152000
v 8.280000 -7.573000 -1.652000
v 12.992000 -7.573000 -1.652000
v 8.274000 -7.573000 -1.152000
v 12.921000 -7.573000 -1.152000
v 8.397000 -7.573000 -0.652000
v 12.687000 -7.573000 -0.652000
v 8.379000 -7.573000 -0.152000
v 12.615000 -7.573000 -0.152000
v 8.263000 -7.573000 0.348000
v 12.265000 -7.573000 0.348000
v 8.272000 -7.573000 0.848000
v 12.179000 -7.573000 0.848000
v 8.621000 -7.573000 1.348000
v 12.355000 -7.573000 1.348000
v 8.703000 -7.573000 1.848000
v 12.564000 -7.573000 1.848000
v 8.510000 -7.573000 2.348000
v 12.582000 -7.573000 2.348000
v 8.310000 -7.573000 2.848000
v 12.540000 -7.573000 2.848000
v 8.220000 -7.573000 3.348000
v 12.383000 -7.573000 3.348000
v 8.056000 -7.573000 3.848000
v 12.303000 -7.573000 3.848000
v 7.698000 -7.573000 4.348000
v 12.293000 -7.573000 4.348000
v 7.222000 -7.573000 4.848000
v 12.106000 -7.573000 4.848000
v 7.038000 -7.573000 5.348000
v 11.752000 -7.573000 5.348000
v 6.808000 -7.573000 5.848000
v 11.576000 -7.573000 5.848000
v 6.541000 -7.573000 6.348000
v 11.534000 -7.573000 6.348000
v 6.326000 -7.573000 6.848000
v 11.412000 -7.573000 6.848000
v 6.255000 -7.573000 7.348000
v 11.417000 -7.573000 7.348000
v 6.293000 -7.573000 7.848000
v 11.782000 -7.573000 7.848000
v 6.401000 -7.573000 8.348000
v 12.350000 -7.573000 8.348000
v 7.416000 -7.573000 8.848000
v 12.558000 -7.573000 8.848000
v 7.793000 -7.573000 9.348000
v 12.630000 -7.573000 9.348000
v 9.119000 -7.573000 9.848000
v 12.610000 -7.573000 9.848000
v 9.786000 -7.573000 10.348000
v 12.347000 -7.573000 10.348000
v 10.270000 -7.573000 10.848000
v 11.723000 -7.573000 10.848000
v 6.160000 -11.573000 6.706000
v 6.160000 -11.573000 9.408000
v 6.660000 -11.573000 6.208000
v 6.660000 -11.573000 11.022000
v 7.160000 -11.573000 5.718000
v 7.160000 -11.573000 13.795000
v 7.660000 -11.573000 -1.233000
v 7.660000 -11.573000 1.069000
v 7.660000 -11.573000 5.466000
v 7.660000 -11.573000 14.507000
v 8.160000 -11.573000 -1.505000
v 8.160000 -11.573000 1.883000
v 8.160000 -11.573000 5.461000
v 8.160000 -11.573000 14.800000
v 8.660000 -11.573000 -1.608000
v 8.660000 -11.573000 2.535000
v 8.660000 -11.573000 5.698000
v 8.660000 -11.573000 15.033000
v 9.160000 -11.573000 -1.650000
v 9.160000 -11.573000 2.787000
v 9.160000 -11.573000 6.476000
v 9.160000 -11.573000 15.240000
v 9.660000 -11.573000 -1.847000
v 9.660000 -11.573000 2.794000
v 9.660000 -11.573000 7.887000
v 9.660000 -11.573000 15.256000
v 10.160000 -11.573000 -2.053000
v 10.160000 -11.573000 2.561000
v 10.160000 -11.573000 8.717000
v 10.160000 -11.573000 15.252000
v 10.660000 -11.573000 -2.042000
v 10.660000 -11.573000 1.262000
v 10.660000 -11.573000 9.129000
v 10.660000 -11.573000 15.033000
v 11.160000 -11.573000 -1.792000
v 11.160000 -11.573000 0.233000
v 11.160000 -11.573000 10.078000
v 11.160000 -11.573000 12.613000
v 6.660000 -7.573000 6.110000
v 6.660000 -7.573000 8.600000
v 7.160000 -7.573000 4.964000
v 7.160000 -7.573000 8.726000
v 7.660000 -7.573000 4.383000
v 7.660000 -7.573000 9.096000
v 8.160000 -7.573000 3.592000
v 8.160000 -7.573000 9.721000
v 8.660000 -7.573000 -2.274000
v 8.660000 -7.573000 1.432000
v 8.660000 -7.573000 1.992000
v 8.660000 -7.573000 9.766000
v 9.160000 -7.573000 -2.768000
v 9.160000 -7.573000 9.866000
v 9.660000 -7.573000 -3.949000
v 9.660000 -7.573000 10.196000
v 10.160000 -7.573000 -4.874000
v 10.160000 -7.573000 10.730000
v 10.660000 -7.573000 -5.090000
v 10.660000 -7.573000 11.247000
v 11.160000 -7.573000 -5.073000
v 11.160000 -7.573000 11.282000
v 11.660000 -7.573000 -4.811000
v 11.660000 -7.573000 5.542000
v 11.660000 -7.573000 7.734000
v 11.660000 -7.573000 10.903000
v 12.160000 -7.573000 -3.924000
v 12.160000 -7.573000 4.752000
v 12.160000 -7.573000 8.140000
v 12.160000 -7.573000 10.520000
v 12.660000 -7.573000 -3.334000
v 12.660000 -7.573000 -0.416000
v 9.660000 -8.966000 -4.152000
v 9.660000 -7.642000 -4.152000
v 10.160000 -9.486000 -4.152000
v 10.160000 -7.121000 -4.152000
v 10.660000 -9.667000 -4.152000
v 10.660000 -6.940000 -4.152000
v 11.160000 -9.653000 -4.152000
v 11.160000 -6.955000 -4.152000
v 11.660000 -9.436000 -4.152000
v 11.660000 -7.172000 -4.152000
v 12.160000 -8.853000 -4.152000
v 12.160000 -7.764000 -4.152000
v 7.160000 -11.286000 -0.152000
v 7.160000 -8.839000 -0.152000
v 7.660000 -12.285000 -0.152000
v 7.660000 -8.200000 -0.152000
v 8.160000 -12.928000 -0.152000
v 8.160000 -7.803000 -0.152000
v 8.660000 -13.143000 -0.152000
v 8.660000 -7.149000 -0.152000
v 9.160000 -13.155000 -0.152000
v 9.160000 -6.619000 -0.152000
v 9.660000 -12.968000 -0.152000
v 9.660000 -6.432000 -0.152000
v 10.160000 -12.510000 -0.152000
v 10.160000 -6.441000 -0.152000
v 10.660000 -12.118000 -0.152000
v 10.660000 -6.480000 -0.152000
v 11.160000 -11.783000 -0.152000
v 11.160000 -6.665000 -0.152000
v 11.660000 -11.324000 -0.152000
v 11.660000 -7.059000 -0.152000
v 12.160000 -10.808000 -0.152000
v 12.160000 -7.354000 -0.152000
v 12.660000 -10.493000 -0.152000
v 12.660000 -7.599000 -0.152000
v 13.160000 -10.203000 -0.152000
v 13.160000 -8.124000 -0.152000
v 8.160000 -9.024000 3.848000
v 8.160000 -7.382000 3.848000
v 8.660000 -9.831000 3.848000
v 8.660000 -6.875000 3.848000
v 9.160000 -10.391000 3.848000
v 9.160000 -6.353000 3.848000
v 9.660000 -10.522000 3.848000
v 9.660000 -6.092000 3.848000
v 10.160000 -10.468000 3.848000
v 10.160000 -5.982000 3.848000
v 10.660000 -10.207000 3.848000
v 10.660000 -5.975000 3.848000
v 11.160000 -9.725000 3.848000
v 11.160000 -6.160000 3.848000
v 11.660000 -9.242000 3.848000
v 11.660000 -6.594000 3.848000
v 12.160000 -8.779000 3.848000
v 12.160000 -7.163000 3.848000
v 5.160000 -10.997000 7.848000
v 5.160000 -9.275000 7.848000
v 5.660000 -11.559000 7.848000
v 5.660000 -8.221000 7.848000
v 6.160000 -11.995000 7.848000
v 6.160000 -7.654000 7.848000
v 6.660000 -12.532000 7.848000
v 6.660000 -7.349000 7.848000
v 7.160000 -13.019000 7.848000
v 7.160000 -6.906000 7.848000
v 7.660000 -13.209000 7.848000
v 7.660000 -6.651000 7.848000
v 8.160000 -13.201000 7.848000
v 8.160000 -6.597000 7.848000
v 8.660000 -12.991000 7.848000
v 8.660000 -6.505000 7.848000
v 9.160000 -12.464000 7.848000
v 9.160000 -6.433000 7.848000
v 9.660000 -11.541000 7.848000
v 9.660000 -6.449000 7.848000
v 10.160000 -10.832000 7.848000
v 10.160000 -6.667000 7.848000
v 10.660000 -10.270000 7.848000
v 10.660000 -7.026000 7.848000
v 11.160000 -9.810000 7.848000
v 11.160000 -7.263000 7.848000
v 11.660000 -9.236000 7.848000
v 11.660000 -7.487000 7.848000
v 6.660000 -13.453000 11.848000
v 6.660000 -12.175000 11.848000
v 7.160000 -14.022000 11.848000
v 7.160000 -11.278000 11.848000
v 7.660000 -14.247000 11.848000
v 7.660000 -9.434000 11.848000
v 8.160000 -14.253000 11.848000
v 8.160000 -9.054000 11.848000
v 8.660000 -14.047000 11.848000
v 8.660000 -8.912000 11.848000
v 9.160000 -13.783000 11.848000
v 9.160000 -8.828000 11.848000
v 9.660000 -13.541000 11.848000
v 9.660000 -8.671000 11.848000
v 10.160000 -13.209000 11.848000
v 10.160000 -8.332000 11.848000
v 10.660000 -12.973000 11.848000
v 10.660000 -8.101000 11.848000
v 11.160000 -12.352000 11.848000
v 11.160000 -8.102000 11.848000
v 11.660000 -10.625000 11.848000
v 11.660000 -8.380000 11.848000
f 483 1493 1599
f 1599 1493 1909
f 1909 1493 1801
f 1801 484 1909
f 485 1191 197
f 197 1191 1189
f 1191 483 1599
f 1491 1191 1599
f 1189 1191 1491
f 1909 1799 1491
f 1909 1491 1599
f 1799 1909 484
f 2107 1799 484
f 2105 1799 2107
f 2107 486 2105
f 2105 486 198
f 487 899 1009
f 199 1009 899
f 485 199 899
f 197 199 485
f 486 65 181
f 200 486 181
f 198 486 200
f 65 488 181
f 897 201 1009
f 201 487 1009
f 201 489 487
f 1009 199 897
f 181 63 200
f 181 488 63
f 488 202 63
f 488 490 202
f 491 201 203
f 491 489 201
f 202 492 204
f 490 492 202
f 493 203 205
f 493 491 203
f 64 189 206
f 64 204 189
f 204 494 189
f 204 492 494
f 1021 495 898
f 495 205 898
f 495 493 205
f 207 1021 898
f 206 189 66
f 496 206 66
f 208 206 496
f 189 494 66
f 1021 900 495
f 1317 497 1190
f 1190 497 207
f 497 900 207
f 900 1021 207
f 1492 1617 1317
f 1492 1317 1190
f 1800 1925 1617
f 1800 1617 1492
f 2106 2233 1925
f 2106 1925 1800
f 2106 208 2233
f 208 498 2233
f 208 496 498
f 1317 1192 497
f 1192 1317 1494
f 1494 1317 1617
f 1494 1617 1802
f 1802 1617 1925
f 1802 1925 2108
f 2108 1925 2233
f 2233 498 2108
f 499 1749 209
f 209 1749 1747
f 1749 2053 1747
f 2055 2053 1749
f 2055 11 2053
f 13 11 2055
f 418 317 500
f 317 13 500
f 317 11 13
f 501 623 418
f 623 317 418
f 623 621 317
f 623 913 621
f 915 913 623
f 915 1205 913
f 1207 1205 915
f 1207 1507 1205
f 1509 1507 1207
f 1509 502 1507
f 1507 502 210
f 503 1445 211
f 211 1445 1443
f 209 1443 1445
f 209 1445 499
f 319 418 500
f 501 418 319
f 1815 210 502
f 1815 502 1817
f 1817 504 1815
f 1815 504 212
f 505 1149 213
f 213 1149 1147
f 211 1147 1149
f 211 1149 503
f 2121 212 504
f 2121 504 2123
f 2123 506 2121
f 2121 506 214
f 507 213 215
f 507 505 213
f 508 176 79
f 214 508 79
f 506 508 214
f 176 216 79
f 215 1148 507
f 507 1148 1150
f 509 1150 1148
f 509 1148 217
f 81 176 508
f 81 510 176
f 510 216 176
f 510 218 216
f 217 1444 509
f 509 1444 1446
f 511 1446 1444
f 511 1444 219
f 218 512 220
f 510 512 218
f 219 1748 511
f 511 1748 1750
f 513 1750 1748
f 513 1748 221
f 220 514 222
f 512 514 220
f 221 2054 513
f 513 2054 2056
f 515 2056 2054
f 515 2054 223
f 222 516 224
f 514 516 222
f 223 12 515
f 515 12 14
f 517 14 12
f 517 12 225
f 82 518 226
f 82 226 80
f 80 224 82
f 82 224 516
f 320 517 454
f 517 227 454
f 517 225 227
f 519 320 454
f 226 520 228
f 518 520 226
f 318 454 227
f 624 519 750
f 750 519 229
f 519 454 229
f 454 318 229
f 521 624 750
f 2124 522 230
f 2124 230 2122
f 2122 228 2124
f 2124 228 520
f 622 750 229
f 750 622 521
f 622 916 521
f 622 914 916
f 1206 916 914
f 1206 1208 916
f 1508 1208 1206
f 1508 1510 1208
f 1816 1510 1508
f 1816 1818 1510
f 1816 230 1818
f 1818 230 522
f 523 1223 1291
f 1291 1223 1593
f 1593 1223 1525
f 1593 1525 231
f 1525 1831 231
f 1525 1833 1831
f 232 1831 2207
f 1831 2139 2207
f 1831 1833 2139
f 2207 2139 169
f 169 2139 97
f 97 524 169
f 525 931 1001
f 523 1291 931
f 931 1291 1001
f 1291 1221 1001
f 1221 233 1001
f 1593 1523 1221
f 1593 1221 1291
f 1593 231 1523
f 2207 2137 232
f 169 95 2137
f 169 2137 2207
f 524 387 461
f 524 461 234
f 169 524 234
f 95 169 234
f 387 526 461
f 527 639 725
f 525 1001 639
f 639 1001 725
f 1001 929 725
f 929 235 725
f 1001 233 929
f 461 385 234
f 461 526 385
f 526 236 385
f 526 528 236
f 529 331 431
f 527 725 331
f 331 725 431
f 725 637 431
f 637 237 431
f 725 235 637
f 528 683 757
f 238 528 757
f 236 528 238
f 683 530 757
f 431 332 529
f 531 332 431
f 237 531 431
f 239 531 237
f 757 681 238
f 757 530 681
f 530 240 681
f 530 532 240
f 533 239 241
f 533 531 239
f 240 534 242
f 532 534 240
f 241 638 533
f 533 638 640
f 535 640 638
f 535 638 243
f 242 536 244
f 534 536 242
f 243 930 535
f 535 930 932
f 537 932 930
f 537 930 245
f 684 538 246
f 684 246 682
f 682 244 684
f 684 244 536
f 245 1222 537
f 537 1222 1224
f 539 1224 1222
f 539 1222 247
f 388 540 248
f 388 248 386
f 386 246 388
f 388 246 538
f 247 1524 539
f 539 1524 1526
f 1524 249 1922
f 1834 1524 1922
f 1526 1524 1834
f 1834 1922 2230
f 1834 2230 2140
f 2140 2230 250
f 96 2140 250
f 98 2140 96
f 96 248 98
f 98 248 540
f 1832 1922 249
f 2138 2230 1832
f 1832 2230 1922
f 250 2230 2138
f 406 345 251
f 704 653 406
f 406 653 345
f 704 252 653
f 541 37 253
f 253 37 35
f 347 406 251
f 35 347 251
f 37 347 35
f 406 347 655
f 406 655 704
f 945 252 704
f 655 945 704
f 947 945 655
f 947 1237 945
f 1239 1237 947
f 1584 1539 542
f 1539 1239 542
f 1539 1237 1239
f 1584 254 1539
f 543 2075 255
f 255 2075 2073
f 253 2073 2075
f 253 2075 541
f 1541 1584 542
f 1847 254 1584
f 1541 1847 1584
f 1849 1847 1541
f 1849 544 1847
f 1847 544 256
f 545 1765 257
f 257 1765 1763
f 255 1763 1765
f 255 1765 543
f 546 2204 2153
f 256 546 2153
f 544 546 256
f 2204 258 2153
f 547 1457 259
f 259 1457 1455
f 257 1455 1457
f 257 1457 545
f 548 2206 2204
f 548 2204 546
f 258 2204 260
f 260 2204 2206
f 549 1157 261
f 261 1157 1155
f 259 1155 1157
f 259 1157 547
f 2155 2206 548
f 2155 550 2206
f 550 260 2206
f 550 262 260
f 551 261 263
f 551 549 261
f 552 172 111
f 262 552 111
f 550 552 262
f 172 264 111
f 1267 553 1156
f 553 263 1156
f 553 551 263
f 265 1267 1156
f 113 172 552
f 113 554 172
f 554 264 172
f 554 266 264
f 1267 1158 553
f 555 1158 1267
f 265 555 1267
f 267 555 265
f 266 556 268
f 554 556 266
f 267 1456 555
f 555 1456 1458
f 1764 1883 557
f 1458 1764 557
f 1456 1764 1458
f 269 1883 1764
f 268 558 270
f 556 558 268
f 1883 1766 557
f 2193 559 2074
f 2074 559 269
f 559 1766 269
f 1766 1883 269
f 271 2193 2074
f 270 560 272
f 558 560 270
f 2193 2076 559
f 155 561 36
f 36 561 271
f 561 2076 271
f 2076 2193 271
f 273 155 36
f 272 562 274
f 560 562 272
f 155 38 561
f 273 346 155
f 346 38 155
f 346 348 38
f 563 348 346
f 563 346 275
f 274 564 276
f 562 564 274
f 743 565 654
f 565 275 654
f 565 563 275
f 277 743 654
f 112 193 278
f 112 276 193
f 276 566 193
f 276 564 566
f 743 656 565
f 1023 567 946
f 946 567 277
f 567 656 277
f 656 743 277
f 279 1023 946
f 278 193 114
f 568 278 114
f 280 278 568
f 193 566 114
f 1023 948 567
f 279 1238 1023
f 1238 948 1023
f 1238 1240 948
f 1540 1619 569
f 1240 1540 569
f 1238 1540 1240
f 1848 1929 1619
f 1848 1619 1540
f 2156 570 1929
f 1848 2156 1929
f 2154 2156 1848
f 2154 280 2156
f 2156 280 568
f 1619 1542 569
f 1542 1619 1850
f 1850 1619 1929
f 1929 570 1850
f 571 885 967
f 967 885 281
f 885 1171 281
f 885 1173 1171
f 1173 1471 1171
f 1473 1471 1173
f 1473 572 1471
f 1471 572 282
f 573 601 283
f 283 601 599
f 601 571 967
f 883 601 967
f 599 601 883
f 967 281 883
f 1779 282 572
f 1779 572 1781
f 1781 2089 1779
f 2091 2089 1781
f 2091 574 2089
f 2089 574 284
f 575 303 401
f 285 401 303
f 573 285 303
f 283 285 573
f 51 284 574
f 51 574 53
f 53 361 51
f 363 361 53
f 363 669 361
f 671 669 363
f 671 576 669
f 669 576 286
f 403 577 401
f 401 577 575
f 401 285 287
f 401 287 403
f 961 286 576
f 961 576 963
f 963 578 961
f 961 578 288
f 403 304 577
f 579 304 403
f 287 579 403
f 289 579 287
f 1253 288 578
f 1253 578 1255
f 1255 580 1253
f 1253 580 290
f 699 581 600
f 581 289 600
f 581 579 289
f 291 699 600
f 290 582 292
f 580 582 290
f 699 602 581
f 583 602 699
f 291 583 699
f 293 583 291
f 1256 584 1302
f 1302 294 1256
f 294 582 1256
f 294 292 582
f 293 884 583
f 583 884 886
f 585 886 884
f 585 884 295
f 586 1304 1302
f 586 1302 584
f 294 1302 296
f 296 1302 1304
f 1277 587 1172
f 587 295 1172
f 587 585 295
f 297 1277 1172
f 672 588 736
f 672 736 1012
f 672 1012 964
f 1304 586 964
f 1012 1304 964
f 1306 1304 1012
f 296 1304 298
f 298 1304 1306
f 1277 1174 587
f 297 1472 1277
f 1472 1174 1277
f 1472 1474 1174
f 589 1474 1472
f 589 1472 299
f 2092 590 2202
f 2092 2202 300
f 52 2092 300
f 54 2092 52
f 362 54 52
f 362 364 54
f 740 736 301
f 736 364 301
f 364 362 301
f 364 736 588
f 1016 736 740
f 1012 736 1016
f 1308 1012 1016
f 1306 1012 1308
f 298 1306 302
f 302 1306 1308
f 299 1780 589
f 589 1780 1782
f 590 1782 2202
f 1782 2090 2202
f 1782 1780 2090
f 300 2202 2090
f 670 740 301
f 962 1016 670
f 670 1016 740
f 1254 1308 962
f 962 1308 1016
f 302 1308 1254
f 765 901 1005
f 1005 901 1299
f 1299 901 1193
f 1299 1193 483
f 1193 1493 483
f 1193 1495 1493
f 1495 1801 1493
f 1803 1801 1495
f 484 1801 2215
f 1801 2109 2215
f 1801 1803 2109
f 2109 766 2215
f 1007 767 1005
f 1005 767 765
f 1299 1191 485
f 1007 1299 485
f 1005 1299 1007
f 1299 483 1191
f 2215 2107 484
f 2215 766 2107
f 766 486 2107
f 766 768 486
f 769 609 731
f 767 1007 609
f 609 1007 731
f 1007 899 731
f 899 487 731
f 1007 485 899
f 65 486 768
f 65 768 67
f 67 770 65
f 65 770 488
f 733 771 731
f 731 771 769
f 731 487 489
f 731 489 733
f 488 772 490
f 770 772 488
f 737 773 733
f 733 773 771
f 733 489 491
f 733 491 737
f 490 774 492
f 772 774 490
f 741 775 737
f 737 775 773
f 737 491 493
f 737 493 741
f 492 776 494
f 774 776 492
f 745 777 741
f 741 777 775
f 741 493 495
f 741 495 745
f 66 195 496
f 66 494 195
f 494 778 195
f 494 776 778
f 749 779 745
f 745 779 777
f 745 495 900
f 1025 745 900
f 749 745 1025
f 497 1025 900
f 496 195 68
f 780 496 68
f 498 496 780
f 195 778 68
f 749 610 779
f 610 749 902
f 902 749 1025
f 1321 781 1192
f 1192 781 497
f 781 902 497
f 902 1025 497
f 1494 1621 1321
f 1494 1321 1192
f 1802 1931 1621
f 1802 1621 1494
f 2110 782 1931
f 1802 2110 1931
f 2108 2110 1802
f 2108 498 2110
f 2110 498 780
f 1321 1194 781
f 1194 1321 1496
f 1496 1321 1621
f 1496 1621 1804
f 1804 1621 1931
f 1931 782 1804
f 1866 1749 499
f 2172 2055 1866
f 1866 2055 1749
f 130 13 2172
f 2172 13 2055
f 130 500 13
f 716 623 501
f 996 915 716
f 716 915 623
f 1290 1207 996
f 996 1207 915
f 1592 1509 1290
f 1290 1509 1207
f 1592 502 1509
f 783 1447 503
f 503 1447 1445
f 1751 1866 499
f 1445 1751 499
f 1447 1751 1445
f 1866 1751 2057
f 1866 2057 2172
f 2172 2057 15
f 2172 15 130
f 319 500 130
f 15 319 130
f 321 319 15
f 625 716 501
f 319 625 501
f 321 625 319
f 716 625 917
f 716 917 996
f 996 917 1209
f 996 1209 1290
f 1290 1209 1511
f 1290 1511 1592
f 1817 502 1592
f 1511 1817 1592
f 1819 1817 1511
f 1819 784 1817
f 1817 784 504
f 1266 1149 505
f 503 1149 1266
f 785 503 1266
f 783 503 785
f 2123 504 784
f 2123 784 2125
f 2125 786 2123
f 2123 786 506
f 507 1270 505
f 505 1270 1266
f 785 1266 1270
f 785 1270 787
f 506 788 508
f 786 788 506
f 1150 1270 507
f 787 1270 1150
f 509 787 1150
f 789 787 509
f 81 508 788
f 81 788 83
f 83 790 81
f 81 790 510
f 509 1446 789
f 789 1446 1448
f 791 1448 1446
f 791 1446 511
f 510 792 512
f 790 792 510
f 511 1750 791
f 791 1750 1752
f 1750 513 2196
f 2058 1750 2196
f 1752 1750 2058
f 793 2058 2196
f 512 794 514
f 792 794 512
f 2056 2196 513
f 793 2196 2056
f 515 793 2056
f 795 793 515
f 514 796 516
f 794 796 514
f 515 14 795
f 795 14 16
f 14 517 450
f 322 14 450
f 16 14 322
f 797 322 450
f 84 798 518
f 84 518 82
f 82 516 84
f 84 516 796
f 320 450 517
f 626 797 746
f 746 797 519
f 797 450 519
f 450 320 519
f 799 626 746
f 518 800 520
f 798 800 518
f 624 746 519
f 918 799 1026
f 1026 799 521
f 799 746 521
f 746 624 521
f 801 918 1026
f 1820 802 1926
f 1820 1926 522
f 2124 1820 522
f 2126 1820 2124
f 2124 520 2126
f 2126 520 800
f 916 1026 521
f 1026 916 801
f 916 1210 801
f 916 1208 1210
f 1510 1210 1208
f 1510 1512 1210
f 802 1512 1926
f 1512 1818 1926
f 1512 1510 1818
f 522 1926 1818
f 803 641 713
f 713 641 993
f 993 641 933
f 993 933 1287
f 1287 933 1225
f 1287 1225 1589
f 1589 1225 1527
f 1589 1527 1899
f 1899 1527 1835
f 1899 1835 2205
f 2205 1835 2141
f 2141 804 2205
f 805 23 131
f 131 23 419
f 419 23 333
f 803 713 333
f 713 419 333
f 713 717 419
f 713 997 717
f 713 993 997
f 1287 1223 523
f 997 1287 523
f 993 1287 997
f 1589 1525 1223
f 1589 1223 1287
f 1899 1833 1525
f 1899 1525 1589
f 2205 2139 1833
f 2205 1833 1899
f 2139 2205 804
f 99 2139 804
f 97 2139 99
f 99 806 97
f 97 806 524
f 135 807 131
f 131 807 805
f 131 423 135
f 131 419 423
f 419 721 423
f 419 717 721
f 997 931 525
f 721 997 525
f 717 997 721
f 997 523 931
f 387 524 806
f 387 806 389
f 389 808 387
f 387 808 526
f 139 809 135
f 135 809 807
f 135 427 139
f 135 423 427
f 721 639 527
f 427 721 527
f 423 721 427
f 721 525 639
f 808 685 755
f 528 808 755
f 526 808 528
f 685 810 755
f 139 24 809
f 529 811 331
f 811 139 331
f 139 427 331
f 139 811 24
f 427 527 331
f 755 683 528
f 755 810 683
f 810 530 683
f 810 812 530
f 435 813 332
f 813 529 332
f 813 811 529
f 531 435 332
f 530 814 532
f 812 814 530
f 435 334 813
f 815 334 435
f 531 815 435
f 533 815 531
f 532 816 534
f 814 816 532
f 533 640 815
f 815 640 642
f 817 642 640
f 817 640 535
f 686 818 764
f 764 536 686
f 536 816 686
f 536 534 816
f 535 932 817
f 817 932 934
f 819 934 932
f 819 932 537
f 390 820 482
f 764 818 390
f 764 390 482
f 684 764 482
f 538 684 482
f 536 764 684
f 537 1224 819
f 819 1224 1226
f 821 1226 1224
f 821 1224 539
f 100 822 192
f 482 820 100
f 482 100 192
f 388 482 192
f 540 388 192
f 538 482 388
f 539 1526 821
f 821 1526 1528
f 1834 1528 1526
f 1834 1836 1528
f 2140 1836 1834
f 2140 2142 1836
f 822 2142 192
f 2142 98 192
f 2142 2140 98
f 540 192 98
f 120 37 541
f 823 349 120
f 349 37 120
f 349 347 37
f 349 655 347
f 657 655 349
f 657 947 655
f 949 947 657
f 1280 1239 824
f 1239 949 824
f 1239 947 949
f 1280 542 1239
f 825 2077 543
f 543 2077 2075
f 39 120 541
f 2075 39 541
f 2077 39 2075
f 823 120 39
f 1241 1280 824
f 1541 542 1280
f 1241 1541 1280
f 1543 1541 1241
f 1896 1849 826
f 1849 1543 826
f 1849 1541 1543
f 1896 544 1849
f 827 1767 545
f 545 1767 1765
f 543 1765 1767
f 543 1767 825
f 828 1898 1896
f 828 1896 826
f 544 1896 546
f 546 1896 1898
f 829 1159 1259
f 1259 1159 547
f 1159 1457 547
f 1159 1459 1457
f 545 1457 1459
f 545 1459 827
f 1851 1898 828
f 1851 830 1898
f 830 546 1898
f 830 548 546
f 1157 549 1259
f 549 829 1259
f 549 831 829
f 1259 547 1157
f 832 2208 2155
f 548 832 2155
f 830 832 548
f 2208 550 2155
f 833 549 551
f 833 831 549
f 2157 2208 832
f 2157 834 2208
f 834 550 2208
f 834 552 550
f 835 551 553
f 835 833 551
f 836 174 113
f 552 836 113
f 834 836 552
f 174 554 113
f 1271 837 1158
f 837 553 1158
f 837 835 553
f 555 1271 1158
f 838 178 174
f 838 174 836
f 554 174 556
f 556 174 178
f 1271 1160 837
f 1575 839 1458
f 1458 839 555
f 839 1160 555
f 1160 1271 555
f 557 1575 1458
f 840 180 178
f 840 178 838
f 556 178 558
f 558 178 180
f 1575 1460 839
f 1887 841 1766
f 1766 841 557
f 841 1460 557
f 1460 1575 557
f 559 1887 1766
f 842 182 180
f 842 180 840
f 558 180 560
f 560 180 182
f 1887 1768 841
f 2197 843 2076
f 2076 843 559
f 843 1768 559
f 1768 1887 559
f 561 2197 2076
f 115 182 842
f 115 844 182
f 844 560 182
f 844 562 560
f 2197 2078 843
f 561 38 2197
f 38 2078 2197
f 38 40 2078
f 348 447 845
f 40 348 845
f 38 348 40
f 563 447 348
f 562 846 564
f 844 846 562
f 447 350 845
f 847 350 447
f 563 847 447
f 565 847 563
f 564 848 566
f 846 848 564
f 747 849 656
f 849 565 656
f 849 847 565
f 567 747 656
f 116 850 568
f 116 568 114
f 114 566 116
f 116 566 848
f 747 658 849
f 567 948 747
f 948 658 747
f 948 950 658
f 1240 1319 851
f 950 1240 851
f 948 1240 950
f 569 1319 1240
f 2158 852 570
f 2158 570 2156
f 2156 568 2158
f 2158 568 850
f 1319 1242 851
f 569 1542 1319
f 1542 1242 1319
f 1542 1544 1242
f 1850 1544 1542
f 1850 1852 1544
f 1850 570 1852
f 1852 570 852
f 853 887 571
f 571 887 885
f 887 1173 885
f 1175 1173 887
f 1556 1473 854
f 1473 1175 854
f 1473 1173 1175
f 1556 572 1473
f 855 603 573
f 573 603 601
f 571 601 603
f 571 603 853
f 1475 1556 854
f 1781 572 1556
f 1475 1781 1556
f 1783 1781 1475
f 1783 2091 1781
f 2093 2091 1783
f 2093 856 2091
f 2091 856 574
f 857 305 575
f 575 305 303
f 573 303 305
f 573 305 855
f 53 574 856
f 53 856 55
f 55 363 53
f 365 363 55
f 718 671 858
f 671 365 858
f 671 363 365
f 718 576 671
f 859 575 577
f 859 857 575
f 673 718 858
f 963 576 718
f 673 963 718
f 965 963 673
f 965 860 963
f 963 860 578
f 577 304 859
f 859 304 306
f 861 306 304
f 861 304 579
f 862 1298 1255
f 578 862 1255
f 860 862 578
f 1298 580 1255
f 863 579 581
f 863 861 579
f 864 1300 1298
f 864 1298 862
f 580 1298 582
f 582 1298 1300
f 581 602 863
f 863 602 604
f 865 604 602
f 865 602 583
f 584 1256 1300
f 864 584 1300
f 866 584 864
f 582 1300 1256
f 981 867 886
f 867 583 886
f 867 865 583
f 585 981 886
f 674 868 732
f 674 732 1010
f 674 1010 966
f 1010 586 966
f 586 866 966
f 586 584 866
f 981 888 867
f 869 888 981
f 585 869 981
f 587 869 585
f 366 870 444
f 732 868 366
f 732 366 444
f 672 732 444
f 588 672 444
f 964 1010 672
f 672 1010 732
f 586 1010 964
f 587 1174 869
f 869 1174 1176
f 1474 1581 871
f 1176 1474 871
f 1174 1474 1176
f 589 1581 1474
f 2094 872 590
f 2094 590 2092
f 54 2094 2092
f 54 56 2094
f 870 56 444
f 56 364 444
f 56 54 364
f 588 444 364
f 1581 1476 871
f 589 1782 1581
f 1782 1476 1581
f 1782 1784 1476
f 1782 590 1784
f 1784 590 872
f 1033 611 719
f 719 611 999
f 999 611 903
f 999 903 1293
f 1293 903 1195
f 1293 1195 1595
f 1595 1195 1497
f 1497 1034 1595
f 1035 307 425
f 1033 719 307
f 719 425 307
f 719 723 425
f 719 1003 723
f 719 999 1003
f 999 1297 1003
f 999 1293 1297
f 1293 1597 1297
f 1293 1595 1597
f 1805 1907 1034
f 1907 1595 1034
f 1907 1597 1595
f 1907 1805 2211
f 2211 1805 2111
f 2111 1036 2211
f 429 1037 425
f 425 1037 1035
f 425 727 429
f 425 723 727
f 1003 901 765
f 727 1003 765
f 723 1003 727
f 1297 1193 901
f 1297 901 1003
f 1597 1495 1193
f 1597 1193 1297
f 1907 1803 1495
f 1907 1495 1597
f 2211 2109 1803
f 2211 1803 1907
f 2211 1036 2109
f 1036 766 2109
f 1036 1038 766
f 433 1039 429
f 429 1039 1037
f 429 729 433
f 429 727 729
f 727 765 767
f 727 767 729
f 1038 69 179
f 768 1038 179
f 766 1038 768
f 69 1040 179
f 1041 1 149
f 1039 433 1
f 433 149 1
f 433 437 149
f 729 609 769
f 437 729 769
f 433 729 437
f 729 767 609
f 179 67 768
f 179 1040 67
f 1040 770 67
f 1040 1042 770
f 153 1043 149
f 149 1043 1041
f 149 441 153
f 149 437 441
f 437 769 771
f 437 771 441
f 770 1044 772
f 1042 1044 770
f 157 1045 153
f 153 1045 1043
f 153 445 157
f 153 441 445
f 441 771 773
f 441 773 445
f 772 1046 774
f 1044 1046 772
f 157 2 1045
f 2 157 1047
f 157 449 1047
f 157 445 449
f 445 773 775
f 445 775 449
f 774 1048 776
f 1046 1048 774
f 453 1049 449
f 449 1049 1047
f 449 775 777
f 449 777 453
f 776 1050 778
f 1048 1050 776
f 457 1051 453
f 453 1051 1049
f 453 777 779
f 453 779 457
f 70 1052 780
f 70 780 68
f 68 778 70
f 70 778 1050
f 457 308 1051
f 753 1053 610
f 610 1053 779
f 1053 308 779
f 308 457 779
f 902 1029 753
f 902 753 610
f 781 1029 902
f 2112 1054 782
f 2112 782 2110
f 2110 780 2112
f 2112 780 1052
f 753 612 1053
f 612 753 904
f 904 753 1029
f 781 1194 1029
f 1194 904 1029
f 1194 1196 904
f 1496 1196 1194
f 1496 1498 1196
f 1804 1498 1496
f 1804 1806 1498
f 1804 782 1806
f 1806 782 1054
f 1562 1447 783
f 1870 1751 1562
f 1562 1751 1447
f 1055 2059 1870
f 2059 1751 1870
f 2059 2057 1751
f 2059 15 2057
f 17 15 2059
f 17 321 15
f 323 321 17
f 323 625 321
f 627 625 323
f 627 917 625
f 919 917 627
f 919 1209 917
f 1211 1209 919
f 1211 1511 1209
f 1513 1511 1211
f 1904 1819 1056
f 1819 1513 1056
f 1819 1511 1513
f 1904 784 1819
f 785 1566 783
f 783 1566 1562
f 1566 1057 1753
f 1870 1566 1753
f 1562 1566 1870
f 1055 1870 1753
f 1821 1904 1056
f 1058 2212 2125
f 1058 2125 784
f 1821 1058 784
f 1904 1821 784
f 2212 786 2125
f 787 1570 785
f 785 1570 1566
f 1057 1566 1570
f 1057 1570 1059
f 2127 2212 1058
f 2127 1060 2212
f 1060 786 2212
f 1060 788 786
f 789 1574 787
f 787 1574 1570
f 1059 1570 1574
f 1059 1574 1061
f 83 788 1060
f 83 1060 85
f 85 1062 83
f 83 1062 790
f 1448 1574 789
f 1754 1061 1886
f 1886 1061 791
f 1061 1574 791
f 1574 1448 791
f 1063 1754 1886
f 790 1064 792
f 1062 1064 790
f 1752 1886 791
f 1886 1752 1063
f 1752 2060 1063
f 1752 2058 2060
f 1065 2060 2058
f 1065 2058 793
f 792 1066 794
f 1064 1066 792
f 18 1065 158
f 1065 795 158
f 1065 793 795
f 1067 18 158
f 794 1068 796
f 1066 1068 794
f 16 158 795
f 158 16 1067
f 16 324 1067
f 16 322 324
f 1069 324 322
f 1069 322 797
f 84 191 798
f 84 796 191
f 796 1070 191
f 796 1068 1070
f 797 626 1069
f 1069 626 628
f 1071 628 626
f 1071 626 799
f 798 191 86
f 1072 798 86
f 800 798 1072
f 191 1070 86
f 799 918 1071
f 1071 918 920
f 1073 920 918
f 1073 918 801
f 1820 1927 802
f 2128 1074 1927
f 1820 2128 1927
f 2126 2128 1820
f 2126 800 2128
f 2128 800 1072
f 801 1210 1073
f 1073 1210 1212
f 1512 1212 1210
f 1512 1514 1212
f 1927 1822 802
f 1822 1512 802
f 1822 1514 1512
f 1927 1074 1822
f 1075 335 411
f 411 335 709
f 709 335 643
f 709 643 989
f 989 643 935
f 989 935 1283
f 1283 935 1227
f 1283 1227 1587
f 1587 1227 1529
f 1529 1076 1587
f 1077 2063 2169
f 2169 2063 127
f 127 2063 25
f 1075 411 25
f 411 127 25
f 411 415 127
f 709 641 803
f 415 709 803
f 411 709 415
f 989 933 641
f 989 641 709
f 1283 1225 933
f 1283 933 989
f 1587 1527 1225
f 1587 1225 1283
f 1527 1587 1076
f 1837 1527 1076
f 1835 1527 1837
f 1837 2141 1835
f 2143 2141 1837
f 804 2141 167
f 2141 101 167
f 2141 2143 101
f 101 1078 167
f 2173 1079 2169
f 2169 1079 1077
f 127 23 805
f 2173 127 805
f 2169 127 2173
f 415 333 23
f 415 23 127
f 415 803 333
f 167 99 804
f 1078 391 459
f 1078 459 806
f 167 1078 806
f 99 167 806
f 391 1080 459
f 2177 1081 2173
f 2173 1081 1079
f 2173 805 807
f 2173 807 2177
f 459 389 806
f 459 1080 389
f 1080 808 389
f 1080 1082 808
f 2181 1083 2177
f 2177 1083 1081
f 2177 807 809
f 2177 809 2181
f 685 808 1082
f 685 1082 687
f 687 1084 685
f 685 1084 810
f 2181 2064 1083
f 143 1085 24
f 24 1085 809
f 1085 2064 809
f 2064 2181 809
f 811 143 24
f 810 1086 812
f 1084 1086 810
f 143 26 1085
f 1087 26 143
f 811 1087 143
f 813 1087 811
f 812 1088 814
f 1086 1088 812
f 813 334 1087
f 1087 334 336
f 1089 336 334
f 1089 334 815
f 688 1090 762
f 762 816 688
f 816 1088 688
f 816 814 1088
f 815 642 1089
f 1089 642 644
f 1091 644 642
f 1091 642 817
f 818 686 762
f 1090 818 762
f 1092 818 1090
f 816 762 686
f 817 934 1091
f 1091 934 936
f 1093 936 934
f 1093 934 819
f 392 1094 820
f 392 820 390
f 390 818 392
f 392 818 1092
f 819 1226 1093
f 1093 1226 1228
f 1095 1228 1226
f 1095 1226 821
f 2144 1096 2226
f 2144 2226 822
f 100 2144 822
f 102 2144 100
f 100 820 102
f 102 820 1094
f 821 1528 1095
f 1095 1528 1530
f 1836 1530 1528
f 1836 1838 1530
f 1096 1838 2226
f 1838 2142 2226
f 1838 1836 2142
f 822 2226 2142
f 1097 351 823
f 823 351 349
f 351 657 349
f 659 657 351
f 986 949 1098
f 949 659 1098
f 949 657 659
f 986 824 949
f 2166 2077 825
f 1099 41 2166
f 41 2077 2166
f 41 39 2077
f 823 39 41
f 823 41 1097
f 951 986 1098
f 1241 824 986
f 951 1241 986
f 1243 1241 951
f 1586 1543 1100
f 1543 1243 1100
f 1543 1241 1243
f 1586 826 1543
f 1101 1461 1555
f 1555 1461 827
f 1461 1767 827
f 1461 1769 1767
f 2079 2166 825
f 1767 2079 825
f 1769 2079 1767
f 1099 2166 2079
f 1102 1588 1586
f 1102 1586 1100
f 826 1586 828
f 828 1586 1588
f 1103 873 969
f 969 873 829
f 873 1159 829
f 873 1161 1159
f 1161 1101 1555
f 1459 1161 1555
f 1159 1161 1459
f 1555 827 1459
f 1545 1588 1102
f 1104 1900 1851
f 1104 1851 828
f 1545 1104 828
f 1588 1545 828
f 1900 830 1851
f 971 1105 969
f 969 1105 1103
f 969 829 831
f 969 831 971
f 1853 1900 1104
f 1853 1106 1900
f 1106 830 1900
f 1106 832 830
f 973 1107 971
f 971 1107 1105
f 971 831 833
f 971 833 973
f 1108 2210 2157
f 832 1108 2157
f 1106 1108 832
f 2210 834 2157
f 975 1109 973
f 973 1109 1107
f 973 833 835
f 973 835 975
f 1110 2214 2210
f 1110 2210 1108
f 834 2210 836
f 836 2210 2214
f 975 874 1109
f 1111 874 975
f 835 1111 975
f 837 1111 835
f 2159 2214 1110
f 2159 1112 2214
f 1112 836 2214
f 1112 838 836
f 837 1160 1111
f 1111 1160 1162
f 1113 1162 1160
f 1113 1160 839
f 838 1114 840
f 1112 1114 838
f 839 1460 1113
f 1113 1460 1462
f 1115 1462 1460
f 1115 1460 841
f 840 1116 842
f 1114 1116 840
f 841 1768 1115
f 1115 1768 1770
f 1117 1770 1768
f 1117 1768 843
f 1118 184 115
f 842 1118 115
f 1116 1118 842
f 184 844 115
f 843 2078 1117
f 1117 2078 2080
f 40 159 1119
f 2080 40 1119
f 2078 40 2080
f 845 159 40
f 117 184 1118
f 117 1120 184
f 1120 844 184
f 1120 846 844
f 159 42 1119
f 451 1121 350
f 350 1121 845
f 1121 42 845
f 42 159 845
f 847 451 350
f 846 1122 848
f 1120 1122 846
f 455 1123 451
f 451 1123 1121
f 451 847 849
f 451 849 455
f 118 1124 850
f 118 850 116
f 116 848 118
f 118 848 1122
f 455 352 1123
f 849 658 455
f 658 352 455
f 658 660 352
f 950 1027 1125
f 660 950 1125
f 658 950 660
f 851 1027 950
f 2160 1126 852
f 2160 852 2158
f 2158 850 2160
f 2160 850 1124
f 1027 952 1125
f 851 1242 1027
f 1242 952 1027
f 1242 1244 952
f 1544 1244 1242
f 1544 1546 1244
f 1852 1546 1544
f 1852 1854 1546
f 1852 852 1854
f 1854 852 1126
f 968 887 853
f 1258 1175 968
f 968 1175 887
f 1258 854 1175
f 1127 605 855
f 855 605 603
f 889 968 853
f 603 889 853
f 605 889 603
f 968 889 1177
f 968 1177 1258
f 1475 854 1258
f 1177 1475 1258
f 1477 1475 1177
f 1477 1783 1475
f 1785 1783 1477
f 2170 2093 1128
f 2093 1785 1128
f 2093 1783 1785
f 2170 856 2093
f 402 305 857
f 855 305 402
f 1129 855 402
f 1127 855 1129
f 2095 2170 1128
f 55 856 2170
f 2095 55 2170
f 57 55 2095
f 420 365 1130
f 365 57 1130
f 365 55 57
f 420 858 365
f 859 404 857
f 857 404 402
f 1129 402 404
f 1129 404 1131
f 367 420 1130
f 1132 722 673
f 1132 673 858
f 367 1132 858
f 420 367 858
f 1002 965 722
f 722 965 673
f 1002 860 965
f 306 404 859
f 1131 404 306
f 861 1131 306
f 1133 1131 861
f 675 722 1132
f 722 675 1134
f 1004 722 1134
f 1002 722 1004
f 860 1002 862
f 862 1002 1004
f 1135 861 863
f 1135 1133 861
f 1136 1006 1004
f 1136 1004 1134
f 862 1004 864
f 864 1004 1006
f 701 1137 604
f 1137 863 604
f 1137 1135 863
f 865 701 604
f 676 1138 730
f 1006 1136 676
f 730 1006 676
f 1008 1006 730
f 864 1006 866
f 866 1006 1008
f 701 606 1137
f 1139 606 701
f 865 1139 701
f 867 1139 865
f 368 1140 440
f 730 1138 368
f 730 368 440
f 674 730 440
f 868 674 440
f 966 1008 674
f 674 1008 730
f 866 1008 966
f 867 888 1139
f 1139 888 890
f 1141 890 888
f 1141 888 869
f 58 1142 156
f 440 1140 58
f 440 58 156
f 366 440 156
f 870 366 156
f 868 440 366
f 869 1176 1141
f 1141 1176 1178
f 1143 1178 1176
f 1143 1176 871
f 2096 1144 872
f 2096 872 2094
f 1142 2096 156
f 2096 56 156
f 2096 2094 56
f 870 156 56
f 871 1476 1143
f 1143 1476 1478
f 1784 1478 1476
f 1784 1786 1478
f 1784 872 1786
f 1786 872 1144
f 1325 309 417
f 417 309 715
f 715 309 613
f 715 613 995
f 995 613 905
f 995 905 1289
f 1289 905 1197
f 1289 1197 1591
f 1591 1197 1499
f 1499 1326 1591
f 1327 3 133
f 1325 417 3
f 417 133 3
f 417 421 133
f 715 611 1033
f 421 715 1033
f 417 715 421
f 995 903 611
f 995 611 715
f 1289 1195 903
f 1289 903 995
f 1591 1497 1195
f 1591 1195 1289
f 1326 1807 1903
f 1326 1903 1034
f 1591 1326 1034
f 1497 1591 1034
f 1807 1328 1903
f 137 1329 133
f 133 1329 1327
f 421 307 1035
f 137 421 1035
f 133 421 137
f 421 1033 307
f 1903 1805 1034
f 1805 1903 1328
f 2113 1805 1328
f 2111 1805 2113
f 2113 1330 2111
f 2111 1330 1036
f 141 1331 137
f 137 1331 1329
f 137 1035 1037
f 137 1037 141
f 1330 71 175
f 1038 1330 175
f 1036 1330 1038
f 71 1332 175
f 1333 2045 2187
f 1331 141 2045
f 141 2187 2045
f 141 145 2187
f 141 1037 1039
f 141 1039 145
f 175 69 1038
f 175 1332 69
f 1332 1040 69
f 1332 1334 1040
f 2191 1335 2187
f 2187 1335 1333
f 145 1 1041
f 2191 145 1041
f 2187 145 2191
f 145 1039 1
f 1334 369 471
f 1042 1334 471
f 1040 1334 1042
f 369 1336 471
f 2195 1337 2191
f 2191 1337 1335
f 2191 1041 1043
f 2191 1043 2195
f 475 1044 1042
f 475 1042 471
f 471 1336 475
f 475 1336 1338
f 2199 1339 2195
f 2195 1339 1337
f 2195 1043 1045
f 2195 1045 2199
f 479 1046 1044
f 479 1044 475
f 475 1338 479
f 479 1338 1340
f 2199 2046 1339
f 161 1341 2
f 2 1341 1045
f 1341 2046 1045
f 2046 2199 1045
f 1047 161 2
f 1046 479 370
f 1342 1046 370
f 1048 1046 1342
f 479 1340 370
f 165 1343 161
f 161 1343 1341
f 161 1047 1049
f 161 1049 165
f 1048 1344 1050
f 1342 1344 1048
f 165 4 1343
f 1345 4 165
f 1049 1345 165
f 1051 1345 1049
f 72 1346 1052
f 72 1052 70
f 70 1050 72
f 72 1050 1344
f 1051 308 1345
f 1345 308 310
f 1347 310 308
f 1347 308 1053
f 2114 1348 1054
f 2114 1054 2112
f 2112 1052 2114
f 2114 1052 1346
f 1053 612 1347
f 1347 612 614
f 904 1031 1349
f 614 904 1349
f 612 904 614
f 1196 1323 1031
f 1196 1031 904
f 1498 1623 1323
f 1498 1323 1196
f 1808 1350 1623
f 1498 1808 1623
f 1806 1808 1498
f 1806 1054 1808
f 1808 1054 1348
f 1031 906 1349
f 906 1031 1198
f 1198 1031 1323
f 1198 1323 1500
f 1500 1323 1623
f 1623 1350 1500
f 2176 2059 1055
f 134 17 2176
f 2176 17 2059
f 422 323 134
f 134 323 17
f 720 627 422
f 422 627 323
f 1351 921 720
f 921 627 720
f 921 919 627
f 921 1211 919
f 1213 1211 921
f 1213 1513 1211
f 1515 1513 1213
f 1515 1352 1513
f 1513 1352 1056
f 1874 1753 1057
f 2061 2176 1055
f 2061 1055 1753
f 1353 2061 1753
f 1874 1353 1753
f 2176 2061 19
f 2176 19 134
f 134 19 325
f 134 325 422
f 422 325 629
f 422 629 720
f 1351 720 629
f 1821 1056 1352
f 1821 1352 1823
f 1058 1821 2213
f 1821 2129 2213
f 1821 1823 2129
f 2129 1354 2213
f 1059 1878 1057
f 1057 1878 1874
f 1353 1874 1878
f 1353 1878 1355
f 2213 2127 1058
f 1354 87 177
f 1354 177 1060
f 2213 1354 1060
f 2127 2213 1060
f 87 1356 177
f 1061 1882 1059
f 1059 1882 1878
f 1355 1878 1882
f 1355 1882 1357
f 177 85 1060
f 177 1356 85
f 1356 1062 85
f 1356 1358 1062
f 1754 1882 1061
f 1357 1882 1754
f 1063 1357 1754
f 1359 1357 1063
f 1358 377 473
f 1064 1358 473
f 1062 1358 1064
f 377 1360 473
f 1063 2060 1359
f 1359 2060 2062
f 1361 2062 2060
f 1361 2060 1065
f 477 1066 1064
f 477 1064 473
f 473 1360 477
f 477 1360 1362
f 1065 18 1361
f 1361 18 20
f 1363 20 18
f 1363 18 1067
f 481 1068 1066
f 481 1066 477
f 477 1362 481
f 481 1362 1364
f 1067 324 1363
f 1363 324 326
f 1365 326 324
f 1365 324 1069
f 1068 481 378
f 1366 1068 378
f 1070 1068 1366
f 481 1364 378
f 1069 628 1365
f 1365 628 630
f 1367 630 628
f 1367 628 1071
f 88 1368 1072
f 88 1072 86
f 86 1070 88
f 88 1070 1366
f 1071 920 1367
f 1367 920 922
f 920 1073 1318
f 1214 920 1318
f 922 920 1214
f 1369 1214 1318
f 2130 1370 1074
f 2130 1074 2128
f 2128 1072 2130
f 2130 1072 1368
f 1212 1318 1073
f 1318 1212 1369
f 1212 1516 1369
f 1212 1514 1516
f 1822 1516 1514
f 1822 1824 1516
f 1822 1074 1824
f 1824 1074 1370
f 1371 337 409
f 409 337 707
f 707 337 645
f 707 645 987
f 987 645 937
f 987 937 1281
f 1281 937 1229
f 1281 1229 1585
f 1585 1229 1531
f 1531 1372 1585
f 1373 2065 2167
f 2167 2065 123
f 123 2065 27
f 1371 409 27
f 27 409 123
f 409 335 123
f 335 1075 123
f 707 643 335
f 707 335 409
f 987 935 643
f 987 643 707
f 1281 1227 935
f 1281 935 987
f 1585 1529 1227
f 1585 1227 1281
f 1372 1839 1897
f 1372 1897 1076
f 1585 1372 1076
f 1529 1585 1076
f 1897 1839 2203
f 2203 1839 2145
f 2145 1374 2203
f 1375 1755 1863
f 1373 2167 1755
f 1755 2167 1863
f 2167 2063 1863
f 2063 1077 1863
f 123 25 2063
f 123 2063 2167
f 123 1075 25
f 1897 1837 1076
f 2203 2143 1837
f 2203 1837 1897
f 2143 2203 1374
f 103 2143 1374
f 101 2143 103
f 103 1376 101
f 101 1376 1078
f 1867 1377 1863
f 1863 1377 1375
f 1863 1077 1079
f 1863 1079 1867
f 391 1078 1376
f 391 1376 393
f 393 1378 391
f 391 1378 1080
f 1871 1379 1867
f 1867 1379 1377
f 1867 1079 1081
f 1867 1081 1871
f 1080 1380 1082
f 1378 1380 1080
f 1875 1381 1871
f 1871 1381 1379
f 1871 1081 1083
f 1871 1083 1875
f 1382 756 687
f 1082 1382 687
f 1380 1382 1082
f 756 1084 687
f 1875 1756 1381
f 1083 2064 1875
f 2064 1756 1875
f 2064 2066 1756
f 1383 2066 2064
f 1383 2064 1085
f 689 756 1382
f 689 1384 756
f 1384 1084 756
f 1384 1086 1084
f 1085 26 1383
f 1383 26 28
f 1385 28 26
f 1385 26 1087
f 1086 1386 1088
f 1384 1386 1086
f 1087 336 1385
f 1385 336 338
f 1387 338 336
f 1387 336 1089
f 690 1388 1090
f 690 1090 688
f 688 1088 690
f 690 1088 1386
f 1089 644 1387
f 1387 644 646
f 1389 646 644
f 1389 644 1091
f 394 1390 478
f 478 1092 394
f 1092 1388 394
f 1092 1090 1388
f 1091 936 1389
f 1389 936 938
f 1391 938 936
f 1391 936 1093
f 104 1392 186
f 478 1390 104
f 478 104 186
f 392 478 186
f 1094 392 186
f 1092 478 392
f 1093 1228 1391
f 1391 1228 1230
f 1393 1230 1228
f 1393 1228 1095
f 2146 1394 1096
f 2146 1096 2144
f 1392 2146 186
f 2146 102 186
f 2146 2144 102
f 1094 186 102
f 1095 1530 1393
f 1393 1530 1532
f 1838 1532 1530
f 1838 1840 1532
f 1838 1096 1840
f 1840 1096 1394
f 408 351 1097
f 706 659 408
f 408 659 351
f 706 1098 659
f 1395 43 1099
f 1099 43 41
f 353 408 1097
f 41 353 1097
f 43 353 41
f 408 353 661
f 408 661 706
f 951 1098 706
f 661 951 706
f 953 951 661
f 1282 1243 1396
f 1243 953 1396
f 1243 951 953
f 1282 1100 1243
f 1397 1163 1257
f 1257 1163 1101
f 1163 1461 1101
f 1163 1463 1461
f 1463 1769 1461
f 1771 1769 1463
f 1771 2079 1769
f 2081 2079 1771
f 1099 2079 2081
f 1099 2081 1395
f 1245 1282 1396
f 1245 1398 1282
f 1398 1100 1282
f 1398 1102 1100
f 1399 875 1103
f 1103 875 873
f 875 1397 1257
f 1161 875 1257
f 873 875 1161
f 1257 1101 1161
f 1400 1590 1545
f 1102 1400 1545
f 1398 1400 1102
f 1590 1104 1545
f 1401 591 693
f 1105 693 591
f 1399 1105 591
f 1103 1105 1399
f 1547 1590 1400
f 1402 1902 1853
f 1402 1853 1104
f 1547 1402 1104
f 1590 1547 1104
f 1902 1106 1853
f 695 1403 693
f 693 1403 1401
f 693 1105 1107
f 693 1107 695
f 1404 1906 1902
f 1404 1902 1402
f 1106 1902 1108
f 1108 1902 1906
f 695 592 1403
f 1405 592 695
f 1107 1405 695
f 1109 1405 1107
f 1406 1908 1906
f 1406 1906 1404
f 1108 1906 1110
f 1110 1906 1908
f 1109 874 1405
f 1405 874 876
f 1407 876 874
f 1407 874 1111
f 1855 1908 1406
f 1408 2216 2159
f 1408 2159 1110
f 1855 1408 1110
f 1908 1855 1110
f 2216 1112 2159
f 1273 1409 1162
f 1409 1111 1162
f 1409 1407 1111
f 1113 1273 1162
f 1410 2218 2216
f 1410 2216 1408
f 1112 2216 1114
f 1114 2216 2218
f 1273 1164 1409
f 1577 1411 1462
f 1462 1411 1113
f 1411 1164 1113
f 1164 1273 1113
f 1115 1577 1462
f 2161 2218 1410
f 2161 1412 2218
f 1412 1114 2218
f 1412 1116 1114
f 1577 1464 1411
f 1891 1413 1770
f 1770 1413 1115
f 1413 1464 1115
f 1464 1577 1115
f 1117 1891 1770
f 1116 1414 1118
f 1412 1414 1116
f 1891 1772 1413
f 2201 1415 2080
f 2080 1415 1117
f 1415 1772 1117
f 1772 1891 1117
f 1119 2201 2080
f 1416 188 117
f 1118 1416 117
f 1414 1416 1118
f 188 1120 117
f 2201 2082 1415
f 163 1417 42
f 42 1417 1119
f 1417 2082 1119
f 2082 2201 1119
f 1121 163 42
f 1418 194 188
f 1418 188 1416
f 1120 188 1122
f 1122 188 194
f 163 44 1417
f 1419 44 163
f 1121 1419 163
f 1123 1419 1121
f 1124 118 194
f 1418 1124 194
f 1420 1124 1418
f 1122 194 118
f 1123 352 1419
f 1419 352 354
f 660 751 1421
f 354 660 1421
f 352 660 354
f 1125 751 660
f 1856 1422 1930
f 1856 1930 1126
f 2160 1856 1126
f 2162 1856 2160
f 2160 1124 2162
f 2162 1124 1420
f 751 662 1421
f 1125 952 751
f 952 662 751
f 952 954 662
f 1244 954 952
f 1244 1246 954
f 1546 1246 1244
f 1546 1548 1246
f 1422 1548 1930
f 1548 1854 1930
f 1548 1546 1854
f 1126 1930 1854
f 692 605 1127
f 970 889 692
f 692 889 605
f 1260 1177 970
f 970 1177 889
f 1558 1477 1260
f 1260 1477 1177
f 1864 1785 1558
f 1558 1785 1477
f 1864 1128 1785
f 1129 694 1127
f 1127 694 692
f 694 1423 891
f 970 694 891
f 692 694 970
f 970 891 1179
f 970 1179 1260
f 1260 1179 1479
f 1260 1479 1558
f 1558 1479 1787
f 1558 1787 1864
f 2095 1128 1864
f 1787 2095 1864
f 2097 2095 1787
f 132 57 1424
f 57 2097 1424
f 57 2095 2097
f 132 1130 57
f 1131 696 1129
f 1129 696 694
f 1423 694 696
f 1423 696 1425
f 59 132 1424
f 1426 424 367
f 1426 367 1130
f 59 1426 1130
f 132 59 1130
f 424 1132 367
f 696 1131 607
f 1131 1427 607
f 1131 1133 1427
f 1425 696 607
f 1428 428 424
f 1428 424 1426
f 1132 424 675
f 424 726 675
f 424 428 726
f 726 1134 675
f 1429 1133 1135
f 1429 1427 1133
f 1430 432 428
f 1430 428 1428
f 728 428 432
f 726 428 728
f 1134 726 1136
f 1136 726 728
f 1431 1135 1137
f 1431 1429 1135
f 1432 436 432
f 1432 432 1430
f 676 728 1138
f 728 436 1138
f 728 432 436
f 1136 728 676
f 1137 606 1431
f 1431 606 608
f 1433 608 606
f 1433 606 1139
f 1140 368 436
f 1432 1140 436
f 1434 1140 1432
f 1138 436 368
f 1139 890 1433
f 1433 890 892
f 1435 892 890
f 1435 890 1141
f 60 1436 1142
f 60 1142 58
f 58 1140 60
f 60 1140 1434
f 1141 1178 1435
f 1435 1178 1180
f 1437 1180 1178
f 1437 1178 1143
f 2098 1438 1144
f 2098 1144 2096
f 2096 1142 2098
f 2098 1142 1436
f 1143 1478 1437
f 1437 1478 1480
f 1786 1480 1478
f 1786 1788 1480
f 1786 1144 1788
f 1788 1144 1438
f 1625 1485 1605
f 1605 1485 1915
f 1915 1485 1793
f 1793 1626 1915
f 1607 1627 1605
f 1605 1627 1625
f 1605 1917 1607
f 1605 1915 1917
f 1915 1626 1917
f 1917 1626 1628
f 1607 1486 1627
f 1486 1607 1794
f 1794 1607 1917
f 1917 1628 1794
f 1629 615 711
f 711 615 991
f 991 615 907
f 991 907 1285
f 1285 907 1199
f 1199 1630 1285
f 1631 2047 2171
f 2171 2047 129
f 129 2047 5
f 129 5 1325
f 5 309 1325
f 5 311 309
f 311 1629 711
f 613 311 711
f 309 311 613
f 991 905 613
f 991 613 711
f 1285 1197 905
f 1285 905 991
f 1197 1285 1630
f 1501 1197 1630
f 1499 1197 1501
f 1501 1632 1499
f 1499 1632 1326
f 2175 1633 2171
f 2171 1633 1631
f 129 3 1327
f 2175 129 1327
f 2171 129 2175
f 129 1325 3
f 1807 1326 1632
f 1807 1632 1809
f 1809 1634 1807
f 1807 1634 1328
f 1635 1741 1873
f 1633 2175 1741
f 2175 1873 1741
f 2175 2179 1873
f 2175 1327 1329
f 2175 1329 2179
f 2113 1328 1634
f 2113 1634 2115
f 2115 1636 2113
f 2113 1636 1330
f 1877 1637 1873
f 1873 1637 1635
f 1873 2183 1877
f 1873 2179 2183
f 2179 1329 1331
f 2179 1331 2183
f 71 1330 1636
f 71 1636 73
f 73 1638 71
f 71 1638 1332
f 1881 1639 1877
f 1877 1639 1637
f 2183 2045 1333
f 1881 2183 1333
f 1877 2183 1881
f 2183 1331 2045
f 1638 371 467
f 1334 1638 467
f 1332 1638 1334
f 371 1640 467
f 1885 1641 1881
f 1881 1641 1639
f 1881 1333 1335
f 1881 1335 1885
f 467 369 1334
f 467 1640 369
f 1640 1336 369
f 1640 1642 1336
f 1889 1643 1885
f 1885 1643 1641
f 1885 1335 1337
f 1885 1337 1889
f 1336 1644 1338
f 1642 1644 1336
f 1889 1742 1643
f 1645 1742 1889
f 1337 1645 1889
f 1339 1645 1337
f 1338 1646 1340
f 1644 1646 1338
f 1339 2046 1645
f 1645 2046 2048
f 1647 2048 2046
f 1647 2046 1341
f 372 1648 1342
f 372 1342 370
f 370 1340 372
f 372 1340 1646
f 1649 1341 1343
f 1649 1647 1341
f 74 1650 196
f 196 1344 74
f 1344 1648 74
f 1344 1342 1648
f 1343 4 1649
f 1649 4 6
f 1651 6 4
f 1651 4 1345
f 1346 72 196
f 1650 1346 196
f 1652 1346 1650
f 1344 196 72
f 1345 310 1651
f 1651 310 312
f 1653 312 310
f 1653 310 1347
f 2116 1654 1348
f 2116 1348 2114
f 2114 1346 2116
f 2116 1346 1652
f 1347 614 1653
f 1653 614 616
f 1655 616 614
f 1655 614 1349
f 1810 1656 1350
f 1810 1350 1808
f 1808 1348 1810
f 1810 1348 1654
f 1349 906 1655
f 1655 906 908
f 1198 908 906
f 1198 1200 908
f 1500 1200 1198
f 1500 1502 1200
f 1500 1350 1502
f 1502 1350 1656
f 1000 921 1351
f 1657 1215 1000
f 1215 921 1000
f 1215 1213 921
f 1215 1515 1213
f 1517 1515 1215
f 1352 1515 1905
f 1515 1825 1905
f 1515 1517 1825
f 1825 1658 1905
f 2180 2061 1353
f 138 19 2180
f 2180 19 2061
f 1659 327 138
f 327 19 138
f 327 325 19
f 327 629 325
f 631 629 327
f 923 1000 1351
f 629 923 1351
f 631 923 629
f 1657 1000 923
f 1905 1823 1352
f 1823 1905 1658
f 2131 1823 1658
f 2129 1823 2131
f 2131 1660 2129
f 2129 1660 1354
f 1355 2184 1353
f 1353 2184 2180
f 2184 1661 21
f 138 2184 21
f 2180 2184 138
f 1659 138 21
f 87 1354 1660
f 87 1660 89
f 89 1662 87
f 87 1662 1356
f 1357 2188 1355
f 1355 2188 2184
f 1661 2184 2188
f 1661 2188 1663
f 1662 379 469
f 1358 1662 469
f 1356 1662 1358
f 379 1664 469
f 1359 2192 1357
f 1357 2192 2188
f 1663 2188 2192
f 1663 2192 1665
f 469 377 1358
f 469 1664 377
f 1664 1360 377
f 1664 1666 1360
f 2062 2192 1359
f 22 1665 154
f 154 1665 1361
f 1665 2192 1361
f 2192 2062 1361
f 1667 22 154
f 1360 1668 1362
f 1666 1668 1360
f 20 154 1361
f 328 1667 446
f 446 1667 1363
f 1667 154 1363
f 154 20 1363
f 1669 328 446
f 1362 1670 1364
f 1668 1670 1362
f 326 446 1363
f 632 1669 742
f 742 1669 1365
f 1669 446 1365
f 446 326 1365
f 1671 632 742
f 380 1672 1366
f 380 1366 378
f 378 1364 380
f 380 1364 1670
f 630 742 1365
f 924 1671 1022
f 1022 1671 1367
f 1671 742 1367
f 742 630 1367
f 1673 924 1022
f 90 1674 1368
f 90 1368 88
f 88 1366 90
f 90 1366 1672
f 922 1022 1367
f 1022 922 1673
f 922 1216 1673
f 922 1214 1216
f 1675 1216 1214
f 1675 1214 1369
f 2132 1676 1370
f 2132 1370 2130
f 2130 1368 2132
f 2132 1368 1674
f 1369 1516 1675
f 1675 1516 1518
f 1824 1518 1516
f 1824 1826 1518
f 1824 1370 1826
f 1826 1370 1676
f 1677 29 119
f 119 29 407
f 407 29 339
f 407 339 705
f 705 339 647
f 705 647 985
f 985 647 939
f 985 939 1279
f 1279 939 1231
f 1231 1678 1279
f 1679 2067 2165
f 1677 119 2067
f 119 2165 2067
f 119 121 2165
f 407 337 1371
f 121 407 1371
f 119 407 121
f 705 645 337
f 705 337 407
f 985 937 645
f 985 645 705
f 1279 1229 937
f 1279 937 985
f 1229 1279 1678
f 1533 1229 1678
f 1531 1229 1533
f 1372 1531 1895
f 1531 1841 1895
f 1531 1533 1841
f 1841 1680 1895
f 1681 1757 1861
f 1679 2165 1757
f 1757 2165 1861
f 2165 2065 1861
f 2065 1373 1861
f 121 27 2065
f 121 2065 2165
f 121 1371 27
f 1895 1839 1372
f 1839 1895 1680
f 2147 1839 1680
f 2145 1839 2147
f 2147 1682 2145
f 2145 1682 1374
f 1683 1449 1557
f 1681 1861 1449
f 1449 1861 1557
f 1861 1755 1557
f 1755 1375 1557
f 1861 1373 1755
f 103 1374 1682
f 103 1682 105
f 105 1684 103
f 103 1684 1376
f 1559 1685 1557
f 1557 1685 1683
f 1557 1375 1377
f 1557 1377 1559
f 393 1376 1684
f 393 1684 395
f 395 1686 393
f 393 1686 1378
f 1563 1687 1559
f 1559 1687 1685
f 1559 1377 1379
f 1559 1379 1563
f 1378 1688 1380
f 1686 1688 1378
f 1567 1689 1563
f 1563 1689 1687
f 1563 1379 1381
f 1563 1381 1567
f 1380 1690 1382
f 1688 1690 1380
f 1567 1450 1689
f 1381 1756 1567
f 1756 1450 1567
f 1756 1758 1450
f 2066 2185 1691
f 1758 2066 1691
f 1756 2066 1758
f 1383 2185 2066
f 1692 758 689
f 1382 1692 689
f 1690 1692 1382
f 758 1384 689
f 2185 2068 1691
f 147 1693 28
f 28 1693 1383
f 1693 2068 1383
f 2068 2185 1383
f 1385 147 28
f 1694 760 758
f 1694 758 1692
f 1384 758 1386
f 1386 758 760
f 147 30 1693
f 1385 338 147
f 338 30 147
f 338 340 30
f 1695 340 338
f 1695 338 1387
f 1388 690 760
f 1694 1388 760
f 1696 1388 1694
f 1386 760 690
f 1387 646 1695
f 1695 646 648
f 1697 648 646
f 1697 646 1389
f 396 1698 1390
f 396 1390 394
f 394 1388 396
f 396 1388 1696
f 1389 938 1697
f 1697 938 940
f 1699 940 938
f 1699 938 1391
f 106 1700 1392
f 106 1392 104
f 104 1390 106
f 106 1390 1698
f 1391 1230 1699
f 1699 1230 1232
f 1230 1393 1610
f 1534 1230 1610
f 1232 1230 1534
f 1701 1534 1610
f 2148 1702 1394
f 2148 1394 2146
f 2146 1392 2148
f 2148 1392 1700
f 1532 1610 1393
f 1610 1532 1701
f 1532 1842 1701
f 1532 1840 1842
f 1840 1394 1842
f 1842 1394 1702
f 122 43 1395
f 410 353 122
f 122 353 43
f 708 661 410
f 410 661 353
f 988 953 708
f 708 953 661
f 988 1396 953
f 1703 1165 1397
f 1397 1165 1163
f 1165 1463 1163
f 1465 1463 1165
f 1465 1771 1463
f 1773 1771 1465
f 1773 2081 1771
f 2083 2081 1773
f 45 122 1395
f 2081 45 1395
f 2083 45 2081
f 122 45 355
f 122 355 410
f 410 355 663
f 410 663 708
f 708 663 955
f 708 955 988
f 1704 1284 1245
f 1704 1245 1396
f 955 1704 1396
f 988 955 1396
f 1284 1398 1245
f 1705 877 1399
f 1399 877 875
f 1397 875 877
f 1397 877 1703
f 1247 1284 1704
f 1247 1706 1284
f 1706 1398 1284
f 1706 1400 1398
f 1707 593 1401
f 1401 593 591
f 1399 591 593
f 1399 593 1705
f 1708 1594 1547
f 1400 1708 1547
f 1706 1708 1400
f 1594 1402 1547
f 1709 1401 1403
f 1709 1707 1401
f 1710 1596 1594
f 1710 1594 1708
f 1402 1594 1404
f 1404 1594 1596
f 1403 592 1709
f 1709 592 594
f 1711 594 592
f 1711 592 1405
f 1549 1596 1710
f 1549 1712 1596
f 1712 1404 1596
f 1712 1406 1404
f 1405 876 1711
f 1711 876 878
f 1713 878 876
f 1713 876 1407
f 1714 1910 1855
f 1406 1714 1855
f 1712 1714 1406
f 1910 1408 1855
f 1715 1407 1409
f 1715 1713 1407
f 1857 1910 1714
f 1857 1716 1910
f 1716 1408 1910
f 1716 1410 1408
f 1409 1164 1715
f 1715 1164 1166
f 1717 1166 1164
f 1717 1164 1411
f 1718 2220 2161
f 1410 1718 2161
f 1716 1718 1410
f 2220 1412 2161
f 1411 1464 1717
f 1717 1464 1466
f 1719 1466 1464
f 1719 1464 1413
f 2163 2220 1718
f 2163 1720 2220
f 1720 1412 2220
f 1720 1414 1412
f 1413 1772 1719
f 1719 1772 1774
f 1721 1774 1772
f 1721 1772 1415
f 1414 1722 1416
f 1720 1722 1414
f 1415 2082 1721
f 1721 2082 2084
f 1723 2084 2082
f 1723 2082 1417
f 1416 1724 1418
f 1722 1724 1416
f 1417 44 1723
f 1723 44 46
f 1725 46 44
f 1725 44 1419
f 2164 1726 2232
f 2232 1420 2164
f 1420 1724 2164
f 1420 1418 1724
f 1419 354 1725
f 1725 354 356
f 1727 356 354
f 1727 354 1421
f 1550 1728 1620
f 1550 1620 1422
f 1856 1550 1422
f 1858 1550 1856
f 1726 1858 2232
f 1858 2162 2232
f 1858 1856 2162
f 1420 2232 2162
f 1421 662 1727
f 1727 662 664
f 954 664 662
f 954 956 664
f 1246 956 954
f 1246 1248 956
f 1728 1248 1620
f 1248 1548 1620
f 1248 1246 1548
f 1422 1620 1548
f 972 891 1423
f 1262 1179 972
f 972 1179 891
f 1560 1479 1262
f 1262 1479 1179
f 1868 1787 1560
f 1560 1787 1479
f 2174 2097 1868
f 1868 2097 1787
f 2174 1424 2097
f 1425 974 1423
f 1423 974 972
f 974 1729 1181
f 1262 974 1181
f 972 974 1262
f 1262 1181 1481
f 1262 1481 1560
f 1560 1481 1789
f 1560 1789 1868
f 1868 1789 1730
f 2178 1868 1730
f 2174 1868 2178
f 1424 2174 59
f 2174 136 59
f 2174 2178 136
f 136 1426 59
f 698 607 1427
f 893 974 1425
f 893 1425 607
f 1731 893 607
f 698 1731 607
f 1729 974 893
f 2099 2178 1730
f 2178 2099 1732
f 140 2178 1732
f 136 2178 140
f 1426 136 1428
f 1428 136 140
f 1429 700 1427
f 1427 700 698
f 1731 698 700
f 1731 700 1733
f 1734 144 140
f 1734 140 1732
f 1428 140 1430
f 1430 140 144
f 1431 702 1429
f 1429 702 700
f 1733 700 702
f 1733 702 1735
f 1736 148 144
f 1736 144 1734
f 1430 144 1432
f 1432 144 148
f 608 702 1431
f 1735 702 608
f 1433 1735 608
f 1737 1735 1433
f 1738 152 148
f 1738 148 1736
f 1432 148 1434
f 1434 148 152
f 1433 892 1737
f 1737 892 894
f 1739 894 892
f 1739 892 1435
f 1436 60 152
f 1738 1436 152
f 1740 1436 1738
f 1434 152 60
f 1435 1180 1739
f 1739 1180 1182
f 1180 1437 1582
f 1482 1180 1582
f 1182 1180 1482
f 1482 1582 1894
f 1482 1894 1790
f 1790 1894 1438
f 2098 1790 1438
f 2100 1790 2098
f 2098 1436 2100
f 2100 1436 1740
f 1480 1582 1437
f 1788 1894 1480
f 1480 1894 1582
f 1438 1894 1788
f 1933 1185 1303
f 1303 1185 1603
f 1603 1185 1487
f 1603 1487 1913
f 1913 1487 1795
f 1913 1795 2219
f 2219 1795 2101
f 2101 1934 2219
f 1305 1935 1303
f 1303 1935 1933
f 1603 1485 1625
f 1305 1603 1625
f 1303 1603 1305
f 1913 1793 1485
f 1913 1485 1603
f 2221 1626 1793
f 1913 2221 1793
f 2219 2221 1913
f 2219 1934 2221
f 2221 1934 1936
f 1307 1937 1305
f 1305 1937 1935
f 1305 1625 1627
f 1305 1627 1307
f 2223 1628 1626
f 2223 1626 2221
f 2221 1936 2223
f 2223 1936 1938
f 1309 1939 1307
f 1307 1939 1937
f 1307 1627 1486
f 1609 1307 1486
f 1309 1307 1609
f 1794 1919 1609
f 1794 1609 1486
f 1919 1794 1628
f 2223 1919 1628
f 2225 1919 2223
f 2223 1938 2225
f 2225 1938 1940
f 1309 1186 1939
f 1186 1309 1488
f 1488 1309 1609
f 1488 1609 1796
f 1796 1609 1919
f 1796 1919 2102
f 2102 1919 2225
f 2225 1940 2102
f 1941 7 125
f 125 7 413
f 413 7 313
f 413 313 1629
f 313 615 1629
f 313 617 615
f 617 907 615
f 909 907 617
f 909 1199 907
f 1201 1199 909
f 1201 1942 1199
f 1199 1942 1630
f 1943 2049 1631
f 1631 2049 2047
f 2049 1941 125
f 5 2049 125
f 2047 2049 5
f 413 311 5
f 413 5 125
f 413 1629 311
f 1501 1630 1942
f 1501 1942 1503
f 1503 1944 1501
f 1501 1944 1632
f 1945 1439 1561
f 1561 1439 1869
f 1869 1439 1743
f 1633 1869 1743
f 1943 1633 1743
f 1631 1633 1943
f 1809 1632 1944
f 1809 1944 1811
f 1811 1946 1809
f 1809 1946 1634
f 1565 1947 1561
f 1561 1947 1945
f 1869 1741 1635
f 1565 1869 1635
f 1561 1869 1565
f 1869 1633 1741
f 2115 1634 1946
f 2115 1946 2117
f 2117 1948 2115
f 2115 1948 1636
f 1569 1949 1565
f 1565 1949 1947
f 1565 1635 1637
f 1565 1637 1569
f 73 1636 1948
f 73 1948 75
f 75 1950 73
f 73 1950 1638
f 1573 1951 1569
f 1569 1951 1949
f 1569 1637 1639
f 1569 1639 1573
f 371 1638 1950
f 371 1950 373
f 373 1952 371
f 371 1952 1640
f 1573 1440 1951
f 1953 1440 1573
f 1639 1953 1573
f 1641 1953 1639
f 1640 1954 1642
f 1952 1954 1640
f 1955 1641 1643
f 1955 1953 1641
f 1642 1956 1644
f 1954 1956 1642
f 1643 1742 1955
f 1955 1742 1744
f 1957 1744 1742
f 1957 1742 1645
f 374 1958 480
f 480 1646 374
f 1646 1956 374
f 1646 1644 1956
f 1645 2048 1957
f 1957 2048 2050
f 1959 2050 2048
f 1959 2048 1647
f 1648 372 480
f 1958 1648 480
f 1960 1648 1958
f 1646 480 372
f 1961 1647 1649
f 1961 1959 1647
f 76 1962 1650
f 76 1650 74
f 74 1648 76
f 76 1648 1960
f 1649 6 1961
f 1961 6 8
f 1963 8 6
f 1963 6 1651
f 1650 1964 1652
f 1962 1964 1650
f 1651 312 1963
f 1963 312 314
f 1965 314 312
f 1965 312 1653
f 2118 1966 1654
f 2118 1654 2116
f 2116 1652 2118
f 2118 1652 1964
f 1653 616 1965
f 1965 616 618
f 1967 618 616
f 1967 616 1655
f 1504 1968 1624
f 1504 1624 1656
f 1810 1504 1656
f 1812 1504 1810
f 1810 1654 1812
f 1812 1654 1966
f 1655 908 1967
f 1967 908 910
f 1200 910 908
f 1200 1202 910
f 1968 1202 1624
f 1202 1502 1624
f 1202 1200 1502
f 1656 1624 1502
f 1294 1215 1657
f 1969 1519 1294
f 1519 1215 1294
f 1519 1517 1215
f 1519 1825 1517
f 1827 1825 1519
f 1827 1970 1825
f 1825 1970 1658
f 426 327 1659
f 724 631 426
f 426 631 327
f 1971 925 724
f 925 631 724
f 925 923 631
f 1217 1294 1657
f 923 1217 1657
f 925 1217 923
f 1969 1294 1217
f 2131 1658 1970
f 2131 1970 2133
f 2133 1972 2131
f 2131 1972 1660
f 142 21 1661
f 329 426 1659
f 329 1659 21
f 1973 329 21
f 142 1973 21
f 426 329 633
f 426 633 724
f 1971 724 633
f 89 1660 1972
f 89 1972 91
f 91 1974 89
f 89 1974 1662
f 1663 146 1661
f 1661 146 142
f 1973 142 146
f 1973 146 1975
f 379 1662 1974
f 379 1974 381
f 381 1976 379
f 379 1976 1664
f 1665 150 1663
f 1663 150 146
f 1975 146 150
f 1975 150 1977
f 1976 677 761
f 1666 1976 761
f 1664 1976 1666
f 677 1978 761
f 22 150 1665
f 330 1977 442
f 442 1977 1667
f 1977 150 1667
f 150 22 1667
f 1979 330 442
f 763 1668 1666
f 763 1666 761
f 761 1978 763
f 763 1978 1980
f 328 442 1667
f 634 1979 738
f 738 1979 1669
f 1979 442 1669
f 442 328 1669
f 1981 634 738
f 1668 763 678
f 1982 1668 678
f 1670 1668 1982
f 763 1980 678
f 632 738 1669
f 926 1981 1018
f 1018 1981 1671
f 1981 738 1671
f 738 632 1671
f 1983 926 1018
f 382 1984 1672
f 382 1672 380
f 380 1670 382
f 382 1670 1982
f 924 1018 1671
f 1983 1018 924
f 1673 1983 924
f 1985 1983 1673
f 92 1986 1674
f 92 1674 90
f 90 1672 92
f 92 1672 1984
f 1673 1216 1985
f 1985 1216 1218
f 1216 1675 1618
f 1520 1216 1618
f 1218 1216 1520
f 1520 1618 1928
f 1520 1928 1828
f 1828 1928 1676
f 2132 1828 1676
f 2134 1828 2132
f 2132 1674 2134
f 2134 1674 1986
f 1518 1618 1675
f 1826 1928 1518
f 1518 1928 1618
f 1676 1928 1826
f 1987 341 405
f 405 341 703
f 703 341 649
f 703 649 983
f 983 649 941
f 941 1988 983
f 1989 31 1677
f 1677 31 29
f 31 1987 405
f 339 31 405
f 29 31 339
f 703 647 339
f 703 339 405
f 983 939 647
f 983 647 703
f 939 983 1988
f 1233 939 1988
f 1231 939 1233
f 1678 1231 1583
f 1231 1535 1583
f 1231 1233 1535
f 1535 1990 1583
f 1991 2069 1679
f 1679 2069 2067
f 1677 2067 2069
f 1677 2069 1989
f 1583 1533 1678
f 1533 1583 1990
f 1843 1533 1990
f 1841 1533 1843
f 1843 1992 1841
f 1841 1992 1680
f 1993 1759 1681
f 1681 1759 1757
f 1679 1757 1759
f 1679 1759 1991
f 2147 1680 1992
f 2147 1992 2149
f 2149 1994 2147
f 2147 1994 1682
f 1995 1451 1683
f 1683 1451 1449
f 1681 1449 1451
f 1681 1451 1993
f 105 1682 1994
f 105 1994 107
f 107 1996 105
f 105 1996 1684
f 1997 1151 1261
f 1685 1261 1151
f 1995 1685 1151
f 1683 1685 1995
f 395 1684 1996
f 395 1996 397
f 397 1998 395
f 395 1998 1686
f 1263 1999 1261
f 1261 1999 1997
f 1261 1685 1687
f 1261 1687 1263
f 1686 2000 1688
f 1998 2000 1686
f 1263 1152 1999
f 2001 1152 1263
f 1687 2001 1263
f 1689 2001 1687
f 1688 2002 1690
f 2000 2002 1688
f 1689 1450 2001
f 2001 1450 1452
f 1758 1879 2003
f 1452 1758 2003
f 1450 1758 1452
f 1691 1879 1758
f 1690 2004 1692
f 2002 2004 1690
f 1879 1760 2003
f 1691 2068 1879
f 2068 1760 1879
f 2068 2070 1760
f 2005 2070 2068
f 2005 2068 1693
f 1692 2006 1694
f 2004 2006 1692
f 1693 30 2005
f 2005 30 32
f 340 32 30
f 340 342 32
f 2007 342 340
f 2007 340 1695
f 398 2008 474
f 474 1696 398
f 1696 2006 398
f 1696 1694 2006
f 1695 648 2007
f 2007 648 650
f 2009 650 648
f 2009 648 1697
f 1698 396 474
f 2008 1698 474
f 2010 1698 2008
f 1696 474 396
f 1697 940 2009
f 2009 940 942
f 2011 942 940
f 2011 940 1699
f 108 2012 1700
f 108 1700 106
f 106 1698 108
f 108 1698 2010
f 1699 1232 2011
f 2011 1232 1234
f 1534 1611 2013
f 1234 1534 2013
f 1232 1534 1234
f 1701 1611 1534
f 2150 2014 1702
f 2150 1702 2148
f 2148 1700 2150
f 2150 1700 2012
f 1611 1536 2013
f 1701 1842 1611
f 1842 1536 1611
f 1842 1844 1536
f 1842 1702 1844
f 1844 1702 2014
f 2015 1167 1703
f 1703 1167 1165
f 1167 1465 1165
f 1467 1465 1167
f 1467 1773 1465
f 1775 1773 1467
f 2168 2083 2016
f 2083 1775 2016
f 2083 1773 1775
f 124 45 2168
f 2168 45 2083
f 412 355 124
f 124 355 45
f 710 663 412
f 412 663 355
f 990 955 710
f 710 955 663
f 990 1704 955
f 2017 879 1705
f 1705 879 877
f 1703 877 879
f 1703 879 2015
f 2085 2168 2016
f 2168 2085 47
f 2168 47 124
f 124 47 357
f 124 357 412
f 412 357 665
f 412 665 710
f 710 665 2018
f 994 710 2018
f 990 710 994
f 1704 990 1247
f 990 1288 1247
f 990 994 1288
f 1288 1706 1247
f 2019 595 1707
f 1707 595 593
f 1705 593 595
f 1705 595 2017
f 957 994 2018
f 994 957 1249
f 994 1249 1288
f 1249 2020 1288
f 2020 1706 1288
f 2020 1708 1706
f 2021 1707 1709
f 2021 2019 1707
f 1708 2022 1710
f 2020 2022 1708
f 1709 594 2021
f 2021 594 596
f 2023 596 594
f 2023 594 1711
f 2024 1598 1549
f 1710 2024 1549
f 2022 2024 1710
f 1598 1712 1549
f 977 2025 878
f 2025 1711 878
f 2025 2023 1711
f 1713 977 878
f 2026 1600 1598
f 2026 1598 2024
f 1712 1598 1714
f 1714 1598 1600
f 977 880 2025
f 2027 880 977
f 1713 2027 977
f 1715 2027 1713
f 1551 1600 2026
f 2028 1912 1857
f 2028 1857 1714
f 1551 2028 1714
f 1600 1551 1714
f 1912 1716 1857
f 1715 1166 2027
f 2027 1166 1168
f 2029 1168 1166
f 2029 1166 1717
f 1859 1912 2028
f 1859 2030 1912
f 2030 1716 1912
f 2030 1718 1716
f 1579 2031 1466
f 2031 1717 1466
f 2031 2029 1717
f 1719 1579 1466
f 2032 2222 2163
f 1718 2032 2163
f 2030 2032 1718
f 2222 1720 2163
f 1579 1468 2031
f 1719 1774 1579
f 1774 1468 1579
f 1774 1776 1468
f 2033 1776 1774
f 2033 1774 1721
f 2034 2224 2222
f 2034 2222 2032
f 1720 2222 1722
f 1722 2222 2224
f 1721 2084 2033
f 2033 2084 2086
f 2035 2086 2084
f 2035 2084 1723
f 2036 2228 2224
f 2036 2224 2034
f 1722 2224 1724
f 1724 2224 2228
f 1723 46 2035
f 2035 46 48
f 2037 48 46
f 2037 46 1725
f 1860 2038 1924
f 2228 2036 1860
f 2228 1860 1924
f 2164 2228 1924
f 1726 2164 1924
f 1724 2228 2164
f 1725 356 2037
f 2037 356 358
f 356 1727 752
f 666 356 752
f 358 356 666
f 666 752 1028
f 666 1028 958
f 958 1028 1320
f 958 1320 1250
f 1250 1320 1728
f 1550 1250 1728
f 1552 1250 1550
f 2038 1552 1924
f 1552 1858 1924
f 1552 1550 1858
f 1726 1924 1858
f 664 752 1727
f 956 1028 664
f 664 1028 752
f 1248 1320 956
f 956 1320 1028
f 1728 1320 1248
f 1264 1181 1729
f 1564 1481 1264
f 1264 1481 1181
f 1872 1789 1564
f 1564 1789 1481
f 1872 1730 1789
f 976 893 1731
f 893 976 1729
f 976 1264 1729
f 976 1268 1264
f 1568 1264 1268
f 1564 1264 1568
f 1876 1564 1568
f 1872 1564 1876
f 1730 1872 2099
f 1872 2182 2099
f 1872 1876 2182
f 2182 1732 2099
f 1733 978 1731
f 1731 978 976
f 978 2039 1183
f 1268 978 1183
f 976 978 1268
f 1268 1183 1483
f 1268 1483 1568
f 1568 1483 1791
f 1568 1791 1876
f 1876 1791 2040
f 2186 1876 2040
f 2182 1876 2186
f 1732 2182 1734
f 1734 2182 2186
f 1735 980 1733
f 1733 980 978
f 2039 978 980
f 2039 980 2041
f 2042 2190 2186
f 2042 2186 2040
f 1734 2186 1736
f 1736 2186 2190
f 1737 982 1735
f 1735 982 980
f 1276 1184 2041
f 980 1276 2041
f 982 1276 980
f 2043 1184 1276
f 2044 2194 2190
f 2044 2190 2042
f 1736 2190 1738
f 1738 2190 2194
f 894 982 1737
f 1739 1278 894
f 1278 982 894
f 1278 1276 982
f 1580 1484 2043
f 1276 1580 2043
f 1278 1580 1276
f 1484 1580 1892
f 1484 1892 1792
f 2194 2044 1792
f 1892 2194 1792
f 2198 2194 1892
f 1738 2194 1740
f 1740 2194 2198
f 1182 1278 1739
f 1482 1580 1182
f 1182 1580 1278
f 1790 1892 1482
f 1482 1892 1580
f 2100 2198 1790
f 1790 2198 1892
f 1740 2198 2100
f 2235 1489 1601
f 1601 1489 1911
f 1911 1489 1797
f 1797 2236 1911
f 2237 1187 1933
f 1933 1187 1185
f 1187 2235 1601
f 1487 1187 1601
f 1185 1187 1487
f 1911 1795 1487
f 1911 1487 1601
f 1795 1911 2236
f 2103 1795 2236
f 2101 1795 2103
f 2103 2238 2101
f 2101 2238 1934
f 2239 895 1011
f 1935 1011 895
f 2237 1935 895
f 1933 1935 2237
f 2238 61 183
f 1936 2238 183
f 1934 2238 1936
f 61 2240 183
f 1013 2241 1011
f 1011 2241 2239
f 1011 1935 1937
f 1011 1937 1013
f 185 1938 1936
f 185 1936 183
f 183 2240 185
f 185 2240 2242
f 1013 896 2241
f 2243 896 1013
f 1937 2243 1013
f 1939 2243 1937
f 1938 185 62
f 2244 1938 62
f 1940 1938 2244
f 185 2242 62
f 1939 1186 2243
f 2243 1186 1188
f 1488 1613 2245
f 1188 1488 2245
f 1186 1488 1188
f 1796 1921 1613
f 1796 1613 1488
f 2104 2246 1921
f 1796 2104 1921
f 2102 2104 1796
f 2102 1940 2104
f 2104 1940 2244
f 1613 1490 2245
f 1490 1613 1798
f 1798 1613 1921
f 1921 2246 1798
f 2247 9 1941
f 1941 9 7
f 9 313 7
f 315 313 9
f 315 617 313
f 619 617 315
f 619 909 617
f 911 909 619
f 911 1201 909
f 1203 1201 911
f 1203 2248 1201
f 1201 2248 1942
f 2249 1745 1865
f 1865 1745 1943
f 1745 2049 1943
f 1745 2051 2049
f 1941 2049 2051
f 1941 2051 2247
f 1503 1942 2248
f 1503 2248 1505
f 1505 2250 1503
f 1503 2250 1944
f 2251 1441 1945
f 1945 1441 1439
f 1441 2249 1865
f 1743 1441 1865
f 1439 1441 1743
f 1865 1943 1743
f 1811 1944 2250
f 1811 2250 1813
f 1813 2252 1811
f 1811 2252 1946
f 2253 1145 1265
f 1947 1265 1145
f 2251 1947 1145
f 1945 1947 2251
f 2117 1946 2252
f 2117 2252 2119
f 2119 2254 2117
f 2117 2254 1948
f 1269 2255 1265
f 1265 2255 2253
f 1265 1947 1949
f 1265 1949 1269
f 75 1948 2254
f 75 2254 77
f 77 2256 75
f 75 2256 1950
f 1269 1146 2255
f 2257 1146 1269
f 1949 2257 1269
f 1951 2257 1949
f 373 1950 2256
f 373 2256 375
f 375 2258 373
f 373 2258 1952
f 1951 1440 2257
f 2257 1440 1442
f 2259 1442 1440
f 2259 1440 1953
f 1952 2260 1954
f 2258 2260 1952
f 2261 1953 1955
f 2261 2259 1953
f 1954 2262 1956
f 2260 2262 1954
f 1955 1744 2261
f 2261 1744 1746
f 2263 1746 1744
f 2263 1744 1957
f 376 2264 1958
f 376 1958 374
f 374 1956 376
f 376 1956 2262
f 1957 2050 2263
f 2263 2050 2052
f 2265 2052 2050
f 2265 2050 1959
f 1958 2266 1960
f 2264 2266 1958
f 10 2265 166
f 2265 1961 166
f 2265 1959 1961
f 2267 10 166
f 78 2268 1962
f 78 1962 76
f 76 1960 78
f 78 1960 2266
f 8 166 1961
f 316 2267 458
f 458 2267 1963
f 2267 166 1963
f 166 8 1963
f 2269 316 458
f 2120 2270 2234
f 2234 1964 2120
f 1964 2268 2120
f 1964 1962 2268
f 314 458 1963
f 2269 458 314
f 1965 2269 314
f 2271 2269 1965
f 1814 2272 1932
f 2234 2270 1814
f 2234 1814 1932
f 2118 2234 1932
f 1966 2118 1932
f 1964 2234 2118
f 1965 618 2271
f 2271 618 620
f 618 1967 1032
f 912 618 1032
f 620 618 912
f 912 1032 1324
f 912 1324 1204
f 1204 1324 1968
f 1504 1204 1968
f 1506 1204 1504
f 2272 1506 1932
f 1506 1812 1932
f 1506 1504 1812
f 1966 1932 1812
f 910 1032 1967
f 1202 1324 910
f 910 1324 1032
f 1968 1324 1202
f 2273 1521 1969
f 1969 1521 1519
f 1521 1827 1519
f 1829 1827 1521
f 1970 1827 2209
f 1827 2135 2209
f 1827 1829 2135
f 2135 2274 2209
f 2275 927 1971
f 1971 927 925
f 927 1217 925
f 1219 1217 927
f 1969 1217 1219
f 1969 1219 2273
f 2209 2133 1970
f 2274 93 173
f 2274 173 1972
f 2209 2274 1972
f 2133 2209 1972
f 93 2276 173
f 430 329 1973
f 2277 635 430
f 635 329 430
f 635 633 329
f 1971 633 635
f 1971 635 2275
f 173 91 1972
f 2276 383 465
f 2276 465 1974
f 173 2276 1974
f 91 173 1974
f 383 2278 465
f 1975 434 1973
f 1973 434 430
f 2277 430 434
f 2277 434 2279
f 465 381 1974
f 465 2278 381
f 2278 1976 381
f 2278 2280 1976
f 1977 438 1975
f 1975 438 434
f 2279 434 438
f 2279 438 2281
f 677 1976 2280
f 677 2280 679
f 679 2282 677
f 677 2282 1978
f 330 438 1977
f 2281 438 330
f 1979 2281 330
f 2283 2281 1979
f 1978 2284 1980
f 2282 2284 1978
f 1979 634 2283
f 2283 634 636
f 2285 636 634
f 2285 634 1981
f 680 2286 1982
f 680 1982 678
f 678 1980 680
f 680 1980 2284
f 1981 926 2285
f 2285 926 928
f 2287 928 926
f 2287 926 1983
f 384 2288 1984
f 384 1984 382
f 382 1982 384
f 384 1982 2286
f 1220 2287 1314
f 2287 1985 1314
f 2287 1983 1985
f 2289 1220 1314
f 94 2290 1986
f 94 1986 92
f 92 1984 94
f 94 1984 2288
f 1218 1314 1985
f 1314 1218 2289
f 1218 1522 2289
f 1218 1520 1522
f 1828 1522 1520
f 1828 1830 1522
f 2134 1830 1828
f 2134 2136 1830
f 2134 1986 2136
f 2136 1986 2290
f 2291 343 1987
f 1987 343 341
f 343 649 341
f 651 649 343
f 651 941 649
f 943 941 651
f 943 2292 941
f 941 2292 1988
f 2293 33 1989
f 1989 33 31
f 1987 31 33
f 1987 33 2291
f 1233 1988 2292
f 1233 2292 1235
f 1235 1535 1233
f 1537 1535 1235
f 1537 2294 1535
f 1535 2294 1990
f 2295 2071 1991
f 1991 2071 2069
f 1989 2069 2071
f 1989 2071 2293
f 1843 1990 2294
f 1843 2294 1845
f 1845 2296 1843
f 1843 2296 1992
f 2297 1761 1993
f 1993 1761 1759
f 1991 1759 1761
f 1991 1761 2295
f 2149 1992 2296
f 2149 2296 2151
f 2151 2298 2149
f 2149 2298 1994
f 2299 1453 1995
f 1995 1453 1451
f 1993 1451 1453
f 1993 1453 2297
f 107 1994 2298
f 107 2298 109
f 109 2300 107
f 107 2300 1996
f 2301 1153 1997
f 1997 1153 1151
f 1995 1151 1153
f 1995 1153 2299
f 2302 460 397
f 1996 2302 397
f 2300 2302 1996
f 460 1998 397
f 2303 1997 1999
f 2303 2301 1997
f 2304 462 460
f 2304 460 2302
f 1998 460 2000
f 2000 460 462
f 1999 1152 2303
f 2303 1152 1154
f 2305 1154 1152
f 2305 1152 2001
f 399 462 2304
f 399 2306 462
f 2306 2000 462
f 2306 2002 2000
f 2001 1452 2305
f 2305 1452 1454
f 2307 1454 1452
f 2307 1452 2003
f 2002 2308 2004
f 2306 2308 2002
f 2003 1760 2307
f 2307 1760 1762
f 2070 1762 1760
f 2070 2072 1762
f 2309 2072 2070
f 2309 2070 2005
f 2004 2310 2006
f 2308 2310 2004
f 2005 32 2309
f 2309 32 34
f 342 439 2311
f 34 342 2311
f 32 342 34
f 2007 439 342
f 400 2312 2008
f 400 2008 398
f 398 2006 400
f 400 2006 2310
f 439 344 2311
f 735 2313 650
f 650 2313 2007
f 2313 344 2007
f 344 439 2007
f 2009 735 650
f 2008 2314 2010
f 2312 2314 2008
f 735 652 2313
f 1015 2315 942
f 942 2315 2009
f 2315 652 2009
f 652 735 2009
f 2011 1015 942
f 110 2316 2012
f 110 2012 108
f 108 2010 110
f 110 2010 2314
f 1015 944 2315
f 1311 2317 1234
f 1234 2317 2011
f 2317 944 2011
f 944 1015 2011
f 2013 1311 1234
f 2150 2227 2014
f 2150 2012 2227
f 2012 2318 2227
f 2012 2316 2318
f 1311 1236 2317
f 2013 1536 1311
f 1536 1236 1311
f 1536 1538 1236
f 1844 1538 1536
f 1844 1846 1538
f 2227 2152 2014
f 2152 1844 2014
f 2152 1846 1844
f 2227 2318 2152
f 2319 1169 2015
f 2015 1169 1167
f 1169 1467 1167
f 1469 1467 1169
f 1862 1775 2320
f 1775 1469 2320
f 1775 1467 1469
f 1862 2016 1775
f 2321 881 2017
f 2017 881 879
f 2015 879 881
f 2015 881 2319
f 1777 1862 2320
f 2085 2016 1862
f 1777 2085 1862
f 2087 2085 1777
f 128 47 2322
f 47 2087 2322
f 47 2085 2087
f 416 357 128
f 128 357 47
f 714 665 416
f 416 665 357
f 714 2018 665
f 2323 597 2019
f 2019 597 595
f 2017 595 597
f 2017 597 2321
f 49 128 2322
f 128 49 359
f 128 359 416
f 416 359 667
f 416 667 714
f 957 2018 714
f 667 957 714
f 959 957 667
f 1292 1249 2324
f 1249 959 2324
f 1249 957 959
f 1292 2020 1249
f 2325 2019 2021
f 2325 2323 2019
f 1251 1292 2324
f 1251 2326 1292
f 2326 2020 1292
f 2326 2022 2020
f 2021 596 2325
f 2325 596 598
f 2327 598 596
f 2327 596 2023
f 2022 2328 2024
f 2326 2328 2022
f 2329 2023 2025
f 2329 2327 2023
f 2024 2330 2026
f 2328 2330 2024
f 2025 880 2329
f 2329 880 882
f 2331 882 880
f 2331 880 2027
f 2332 1602 1551
f 2026 2332 1551
f 2330 2332 2026
f 1602 2028 1551
f 1275 2333 1168
f 2333 2027 1168
f 2333 2331 2027
f 2029 1275 1168
f 1553 1602 2332
f 2334 1914 1859
f 2334 1859 2028
f 1553 2334 2028
f 1602 1553 2028
f 1914 2030 1859
f 1275 1170 2333
f 2335 1170 1275
f 2029 2335 1275
f 2031 2335 2029
f 2336 1916 1914
f 2336 1914 2334
f 2030 1914 2032
f 2032 1914 1916
f 2031 1468 2335
f 2335 1468 1470
f 1776 1893 2337
f 1470 1776 2337
f 1468 1776 1470
f 2033 1893 1776
f 2338 1918 1916
f 2338 1916 2336
f 2032 1916 2034
f 2034 1916 1918
f 1893 1778 2337
f 2033 2086 1893
f 2086 1778 1893
f 2086 2088 1778
f 2086 2035 164
f 50 2086 164
f 2088 2086 50
f 2339 50 164
f 2340 1920 1918
f 2340 1918 2338
f 2034 1918 2036
f 2036 1918 1920
f 48 164 2035
f 360 2339 456
f 456 2339 2037
f 2339 164 2037
f 164 48 2037
f 360 456 748
f 360 748 668
f 668 748 1024
f 668 1024 960
f 960 1024 1316
f 960 1316 1252
f 1252 1316 1616
f 1252 1616 1554
f 1920 2340 1554
f 1920 1554 1616
f 1860 1920 1616
f 2038 1860 1616
f 2036 1920 1860
f 358 456 2037
f 666 748 358
f 358 748 456
f 958 1024 666
f 666 1024 748
f 1250 1316 958
f 958 1316 1024
f 1552 1616 1250
f 1250 1616 1316
f 2038 1616 1552
f 1272 1183 2039
f 1572 1483 1272
f 1272 1483 1183
f 1880 1791 1572
f 1572 1791 1483
f 1880 2040 1791
f 2041 1274 2039
f 2039 1274 1272
f 1576 1272 1274
f 1572 1272 1576
f 1884 1572 1576
f 1880 1572 1884
f 2040 1880 2042
f 2042 1880 1884
f 1184 1274 2041
f 2043 1578 1184
f 1578 1274 1184
f 1578 1576 1274
f 1888 1576 1578
f 1884 1576 1888
f 2042 1884 2044
f 2044 1884 1888
f 1484 1578 2043
f 1792 1888 1484
f 1484 1888 1578
f 2044 1888 1792
f 197 1189 1301
f 1301 1189 2235
f 1189 1489 2235
f 1189 1491 1489
f 1491 1797 1489
f 1799 1797 1491
f 2236 1797 2217
f 1797 2105 2217
f 1797 1799 2105
f 2105 198 2217
f 1187 2237 1301
f 2237 197 1301
f 2237 199 197
f 1301 2235 1187
f 2217 2103 2236
f 2217 198 2103
f 198 2238 2103
f 198 200 2238
f 201 897 2239
f 2239 897 895
f 2237 895 897
f 2237 897 199
f 61 2238 200
f 61 200 63
f 63 202 61
f 61 202 2240
f 203 2239 2241
f 203 201 2239
f 2240 204 2242
f 202 204 2240
f 1017 205 896
f 205 2241 896
f 205 203 2241
f 2243 1017 896
f 64 206 2244
f 64 2244 62
f 62 2242 64
f 64 2242 204
f 1017 898 205
f 1313 207 1188
f 1188 207 2243
f 207 898 2243
f 898 1017 2243
f 2245 1313 1188
f 2104 2229 2246
f 2104 2244 2229
f 2244 208 2229
f 2244 206 208
f 1313 1190 207
f 2245 1490 1313
f 1490 1190 1313
f 1490 1492 1190
f 1798 1492 1490
f 1798 1800 1492
f 2229 2106 2246
f 2106 1798 2246
f 2106 1800 1798
f 2229 208 2106
f 126 9 2247
f 414 315 126
f 126 315 9
f 712 619 414
f 414 619 315
f 992 911 712
f 712 911 619
f 1286 1203 992
f 992 1203 911
f 1286 2248 1203
f 209 1747 2249
f 2249 1747 1745
f 1747 2051 1745
f 2053 2051 1747
f 11 126 2247
f 2051 11 2247
f 2053 11 2051
f 126 11 317
f 126 317 414
f 414 317 621
f 414 621 712
f 712 621 913
f 712 913 992
f 992 913 1205
f 992 1205 1286
f 1505 2248 1286
f 1205 1505 1286
f 1507 1505 1205
f 1507 210 1505
f 1505 210 2250
f 211 1443 2251
f 2251 1443 1441
f 2249 1441 1443
f 2249 1443 209
f 1813 2250 210
f 1813 210 1815
f 1815 212 1813
f 1813 212 2252
f 213 1147 2253
f 2253 1147 1145
f 2251 1145 1147
f 2251 1147 211
f 2119 2252 212
f 2119 212 2121
f 2121 214 2119
f 2119 214 2254
f 215 2253 2255
f 215 213 2253
f 77 2254 214
f 77 214 79
f 79 216 77
f 77 216 2256
f 2255 1146 215
f 215 1146 1148
f 217 1148 1146
f 217 1146 2257
f 218 468 375
f 2256 218 375
f 216 218 2256
f 468 2258 375
f 2257 1442 217
f 217 1442 1444
f 219 1444 1442
f 219 1442 2259
f 220 472 468
f 220 468 218
f 2258 468 2260
f 2260 468 472
f 1748 219 1890
f 219 2261 1890
f 219 2259 2261
f 221 1748 1890
f 222 476 472
f 222 472 220
f 2260 472 2262
f 2262 472 476
f 1746 1890 2261
f 2054 221 2200
f 2200 221 2263
f 221 1890 2263
f 1890 1746 2263
f 223 2054 2200
f 2264 376 476
f 222 2264 476
f 224 2264 222
f 2262 476 376
f 2052 2200 2263
f 12 223 162
f 162 223 2265
f 223 2200 2265
f 2200 2052 2265
f 225 12 162
f 80 226 190
f 190 2266 80
f 2266 224 80
f 2266 2264 224
f 10 162 2265
f 225 162 10
f 2267 225 10
f 227 225 2267
f 2268 78 190
f 226 2268 190
f 228 2268 226
f 2266 190 78
f 2267 316 227
f 227 316 318
f 229 318 316
f 229 316 2269
f 2122 230 2270
f 2122 2270 2120
f 2120 2268 2122
f 2122 2268 228
f 622 229 754
f 229 2271 754
f 229 2269 2271
f 622 754 1030
f 622 1030 914
f 914 1030 1322
f 914 1322 1206
f 1206 1322 1622
f 1206 1622 1508
f 1508 1622 2272
f 1814 1508 2272
f 1816 1508 1814
f 1814 2270 1816
f 1816 2270 230
f 620 754 2271
f 912 1030 620
f 620 1030 754
f 1204 1322 912
f 912 1322 1030
f 1506 1622 1204
f 1204 1622 1322
f 2272 1622 1506
f 231 1831 1901
f 1831 232 1901
f 233 1221 1295
f 1295 1221 2273
f 1221 1521 2273
f 1221 1523 1521
f 1523 231 1901
f 1829 1523 1901
f 1521 1523 1829
f 1829 1901 232
f 2137 1829 232
f 2135 1829 2137
f 2274 2135 171
f 2135 95 171
f 2135 2137 95
f 95 234 171
f 235 929 2275
f 2275 929 927
f 929 233 1295
f 1219 929 1295
f 927 929 1219
f 1295 2273 1219
f 171 93 2274
f 234 385 463
f 234 463 2276
f 171 234 2276
f 93 171 2276
f 385 236 463
f 237 637 2277
f 2277 637 635
f 2275 635 637
f 2275 637 235
f 463 383 2276
f 463 236 383
f 236 2278 383
f 236 238 2278
f 239 2277 2279
f 239 237 2277
f 238 681 759
f 2280 238 759
f 2278 238 2280
f 681 240 759
f 241 2279 2281
f 241 239 2279
f 759 679 2280
f 759 240 679
f 240 2282 679
f 240 242 2282
f 638 241 734
f 241 2283 734
f 241 2281 2283
f 243 638 734
f 2282 244 2284
f 242 244 2282
f 636 734 2283
f 930 243 1014
f 1014 243 2285
f 243 734 2285
f 734 636 2285
f 245 930 1014
f 682 246 2286
f 682 2286 680
f 680 2284 682
f 682 2284 244
f 928 1014 2285
f 1222 245 1310
f 1310 245 2287
f 245 1014 2287
f 1014 928 2287
f 247 1222 1310
f 386 248 2288
f 386 2288 384
f 384 2286 386
f 386 2286 246
f 1220 1310 2287
f 1524 247 1614
f 1614 247 2289
f 247 1310 2289
f 1310 1220 2289
f 249 1524 1614
f 96 250 2290
f 96 2290 94
f 94 2288 96
f 96 2288 248
f 1522 1614 2289
f 1614 1522 249
f 1522 1832 249
f 1522 1830 1832
f 2136 1832 1830
f 2136 2138 1832
f 2136 2290 2138
f 2138 2290 250
f 251 345 2291
f 2291 345 343
f 345 651 343
f 653 651 345
f 984 943 252
f 943 653 252
f 943 651 653
f 984 2292 943
f 253 35 2293
f 2293 35 33
f 2291 33 35
f 2291 35 251
f 945 984 252
f 1235 2292 984
f 945 1235 984
f 1237 1235 945
f 1237 1537 1235
f 1539 1537 1237
f 1539 254 1537
f 1537 254 2294
f 255 2073 2295
f 2295 2073 2071
f 2293 2071 2073
f 2293 2073 253
f 1845 2294 254
f 1845 254 1847
f 1847 256 1845
f 1845 256 2296
f 257 1763 2297
f 2297 1763 1761
f 2295 1761 1763
f 2295 1763 255
f 2151 2296 256
f 2151 256 2153
f 2153 258 2151
f 2151 258 2298
f 259 1455 2299
f 2299 1455 1453
f 2297 1453 1455
f 2297 1455 257
f 260 168 109
f 2298 260 109
f 258 260 2298
f 168 2300 109
f 261 1155 2301
f 2301 1155 1153
f 2299 1153 1155
f 2299 1155 259
f 262 170 168
f 262 168 260
f 2300 168 2302
f 2302 168 170
f 263 2301 2303
f 263 261 2301
f 111 170 262
f 111 264 170
f 264 2302 170
f 264 2304 2302
f 2303 1154 263
f 263 1154 1156
f 265 1156 1154
f 265 1154 2305
f 266 464 399
f 2304 266 399
f 264 266 2304
f 464 2306 399
f 1571 267 1454
f 267 2305 1454
f 267 265 2305
f 2307 1571 1454
f 268 466 464
f 268 464 266
f 2306 464 2308
f 2308 464 466
f 1571 1456 267
f 2307 1762 1571
f 1762 1456 1571
f 1762 1764 1456
f 2072 2189 269
f 1764 2072 269
f 1762 2072 1764
f 2309 2189 2072
f 270 470 466
f 270 466 268
f 2308 466 2310
f 2310 466 470
f 2189 2074 269
f 151 271 34
f 34 271 2309
f 271 2074 2309
f 2074 2189 2309
f 2311 151 34
f 2312 400 470
f 270 2312 470
f 272 2312 270
f 2310 470 400
f 151 36 271
f 443 273 344
f 344 273 2311
f 273 36 2311
f 36 151 2311
f 2313 443 344
f 2312 274 2314
f 272 274 2312
f 443 346 273
f 739 275 652
f 652 275 2313
f 275 346 2313
f 346 443 2313
f 2315 739 652
f 110 187 2316
f 110 2314 187
f 2314 276 187
f 2314 274 276
f 739 654 275
f 1019 277 944
f 944 277 2315
f 277 654 2315
f 654 739 2315
f 2317 1019 944
f 2316 187 112
f 278 2316 112
f 2318 2316 278
f 187 276 112
f 1019 946 277
f 1315 279 1236
f 1236 279 2317
f 279 946 2317
f 946 1019 2317
f 1538 1615 1315
f 1538 1315 1236
f 1846 1923 1615
f 1846 1615 1538
f 2152 2231 1923
f 2152 1923 1846
f 2152 2318 2231
f 2318 280 2231
f 2318 278 280
f 1315 1238 279
f 1238 1315 1540
f 1540 1315 1615
f 1540 1615 1848
f 1848 1615 1923
f 1848 1923 2154
f 2154 1923 2231
f 2231 280 2154
f 281 1171 2319
f 2319 1171 1169
f 1171 1469 1169
f 1471 1469 1171
f 1471 282 1469
f 1469 282 2320
f 283 599 691
f 691 599 2321
f 599 881 2321
f 599 883 881
f 2319 881 883
f 2319 883 281
f 1777 2320 282
f 1777 282 1779
f 1779 2087 1777
f 2089 2087 1779
f 2089 284 2087
f 2087 284 2322
f 597 2323 691
f 2323 283 691
f 2323 285 283
f 691 2321 597
f 49 2322 284
f 49 284 51
f 51 359 49
f 361 359 51
f 361 667 359
f 669 667 361
f 998 959 286
f 959 669 286
f 959 667 669
f 998 2324 959
f 287 2323 2325
f 287 285 2323
f 961 998 286
f 288 1296 1251
f 288 1251 2324
f 961 288 2324
f 998 961 2324
f 1296 2326 1251
f 697 289 598
f 289 2325 598
f 289 287 2325
f 2327 697 598
f 1253 1296 288
f 1253 290 1296
f 290 2326 1296
f 290 2328 2326
f 697 600 289
f 291 600 697
f 2327 291 697
f 2329 291 2327
f 2328 292 2330
f 290 292 2328
f 979 293 882
f 293 2329 882
f 293 291 2329
f 2331 979 882
f 2330 294 2332
f 292 294 2330
f 979 884 293
f 295 884 979
f 2331 295 979
f 2333 295 2331
f 296 1604 1553
f 2332 296 1553
f 294 296 2332
f 1604 2334 1553
f 2333 1170 295
f 295 1170 1172
f 297 1172 1170
f 297 1170 2335
f 298 1606 1604
f 298 1604 296
f 2334 1604 2336
f 2336 1604 1606
f 2335 1470 297
f 297 1470 1472
f 299 1472 1470
f 299 1470 2337
f 52 300 160
f 52 160 448
f 52 448 362
f 301 362 448
f 302 1608 1606
f 302 1606 298
f 2336 1606 2338
f 2338 1606 1608
f 2337 1778 299
f 299 1778 1780
f 2088 1780 1778
f 2088 2090 1780
f 300 2090 160
f 2090 50 160
f 2090 2088 50
f 2339 452 50
f 452 160 50
f 452 448 160
f 744 670 301
f 448 744 301
f 452 744 448
f 670 744 1020
f 670 1020 962
f 962 1020 1312
f 962 1312 1254
f 1608 302 1254
f 1312 1608 1254
f 1612 1608 1312
f 2338 1608 2340
f 2340 1608 1612
f 360 452 2339
f 668 744 360
f 360 744 452
f 960 1020 668
f 668 1020 744
f 1252 1312 960
f 960 1312 1020
f 1554 1612 1252
f 1252 1612 1312
f 2340 1612 1554
