# Converted from NanoShaper .vert/.face
v -5.038000 -9.351000 -9.654000
v -2.394000 -9.351000 -9.654000
v -5.043000 -9.351000 -9.154000
v -1.763000 -9.351000 -9.154000
v -4.967000 -9.351000 -8.654000
v -1.305000 -9.351000 -8.654000
v -8.389000 -9.351000 -8.154000
v -6.964000 -9.351000 -8.154000
v -4.762000 -9.351000 -8.154000
v -1.001000 -9.351000 -8.154000
v -8.379000 -9.351000 -7.654000
v -6.931000 -9.351000 -7.654000
v -4.567000 -9.351000 -7.654000
v -0.749000 -9.351000 -7.654000
v -4.399000 -9.351000 -7.154000
v -0.632000 -9.351000 -7.154000
v -4.349000 -9.351000 -6.654000
v -0.580000 -9.351000 -6.654000
v -4.476000 -9.351000 -6.154000
v -0.550000 -9.351000 -6.154000
v -4.669000 -9.351000 -5.654000
v -0.509000 -9.351000 -5.654000
v -5.078000 -9.351000 -5.154000
v -0.513000 -9.351000 -5.154000
v -6.524000 -9.351000 -4.654000
v -0.537000 -9.351000 -4.654000
v -6.574000 -9.351000 -4.154000
v -0.698000 -9.351000 -4.154000
v -6.674000 -9.351000 -3.654000
v -0.729000 -9.351000 -3.654000
v -6.878000 -9.351000 -3.154000
v -0.653000 -9.351000 -3.154000
v -7.119000 -9.351000 -2.654000
v -0.547000 -9.351000 -2.654000
v -7.131000 -9.351000 -2.154000
v -0.404000 -9.351000 -2.154000
v -6.981000 -9.351000 -1.654000
v -0.216000 -9.351000 -1.654000
v -6.827000 -9.351000 -1.154000
v -0.224000 -9.351000 -1.154000
v -6.633000 -9.351000 -0.654000
v -0.461000 -9.351000 -0.654000
v -6.205000 -9.351000 -0.154000
v -0.735000 -9.351000 -0.154000
v -5.906000 -9.351000 0.346000
v -0.812000 -9.351000 0.346000
v -5.749000 -9.351000 0.846000
v -0.734000 -9.351000 0.846000
v -5.661000 -9.351000 1.346000
v -0.525000 -9.351000 1.346000
v -5.730000 -9.351000 1.846000
v -0.309000 -9.351000 1.846000
v -5.932000 -9.351000 2.346000
v -0.299000 -9.351000 2.346000
v -6.516000 -9.351000 2.846000
v -0.307000 -9.351000 2.846000
v -7.095000 -9.351000 3.346000
v -0.539000 -9.351000 3.346000
v -7.541000 -9.351000 3.846000
v -1.121000 -9.351000 3.846000
v -7.775000 -9.351000 4.346000
v -1.462000 -9.351000 4.346000
v -7.951000 -9.351000 4.846000
v -2.095000 -9.351000 4.846000
v -8.109000 -9.351000 5.346000
v -2.600000 -9.351000 5.346000
v -8.308000 -9.351000 5.846000
v -2.672000 -9.351000 5.846000
v -8.526000 -9.351000 6.346000
v -2.621000 -9.351000 6.346000
v -8.560000 -9.351000 6.846000
v -2.699000 -9.351000 6.846000
v -8.579000 -9.351000 7.346000
v -2.761000 -9.351000 7.346000
v -8.584000 -9.351000 7.846000
v -2.929000 -9.351000 7.846000
v -8.438000 -9.351000 8.346000
v -3.213000 -9.351000 8.346000
v -7.909000 -9.351000 8.846000
v -3.542000 -9.351000 8.846000
v -7.023000 -9.351000 9.346000
v -3.778000 -9.351000 9.346000
v -6.010000 -9.351000 9.846000
v -4.305000 -9.351000 9.846000
v -8.499000 -5.351000 -9.154000
v -7.309000 -5.351000 -9.154000
v -8.954000 -5.351000 -8.654000
v -6.383000 -5.351000 -8.654000
v -8.940000 -5.351000 -8.154000
v -6.379000 -5.351000 -8.154000
v -8.450000 -5.351000 -7.654000
v -6.852000 -5.351000 -7.654000
v -3.940000 -5.351000 -1.154000
v -2.922000 -5.351000 -1.154000
v -3.960000 -5.351000 -0.654000
v -2.411000 -5.351000 -0.654000
v -3.590000 -5.351000 -0.154000
v -2.357000 -5.351000 -0.154000
v -3.625000 -5.351000 0.346000
v -2.216000 -5.351000 0.346000
v -3.972000 -5.351000 0.846000
v -1.835000 -5.351000 0.846000
v -4.213000 -5.351000 1.346000
v -1.524000 -5.351000 1.346000
v -4.442000 -5.351000 1.846000
v -0.631000 -5.351000 1.846000
v -4.826000 -5.351000 2.346000
v 0.519000 -5.351000 2.346000
v -6.582000 -5.351000 2.846000
v 0.785000 -5.351000 2.846000
v -7.313000 -5.351000 3.346000
v 0.805000 -5.351000 3.346000
v -7.576000 -5.351000 3.846000
v 0.658000 -5.351000 3.846000
v -7.622000 -5.351000 4.346000
v 0.515000 -5.351000 4.346000
v -7.770000 -5.351000 4.846000
v 0.465000 -5.351000 4.846000
v -8.089000 -5.351000 5.346000
v 0.435000 -5.351000 5.346000
v -8.317000 -5.351000 5.846000
v 0.361000 -5.351000 5.846000
v -8.680000 -5.351000 6.346000
v 0.165000 -5.351000 6.346000
v -9.081000 -5.351000 6.846000
v -1.068000 -5.351000 6.846000
v -9.600000 -5.351000 7.346000
v -2.100000 -5.351000 7.346000
v -10.113000 -5.351000 7.846000
v -2.316000 -5.351000 7.846000
v -10.566000 -5.351000 8.346000
v -2.367000 -5.351000 8.346000
v -13.781000 -5.351000 8.846000
v -2.335000 -5.351000 8.846000
v -14.572000 -5.351000 9.346000
v -2.281000 -5.351000 9.346000
v -15.101000 -5.351000 9.846000
v -2.217000 -5.351000 9.846000
v -15.284000 -5.351000 10.346000
v -2.037000 -5.351000 10.346000
v -15.271000 -5.351000 10.846000
v -8.160000 -5.351000 10.846000
v -7.653000 -5.351000 10.846000
v -1.563000 -5.351000 10.846000
v -15.151000 -5.351000 11.346000
v -9.053000 -5.351000 11.346000
v -6.146000 -5.351000 11.346000
v -0.424000 -5.351000 11.346000
v -14.915000 -5.351000 11.846000
v -9.381000 -5.351000 11.846000
v -5.433000 -5.351000 11.846000
v 0.763000 -5.351000 11.846000
v -14.112000 -5.351000 12.346000
v -9.405000 -5.351000 12.346000
v -5.158000 -5.351000 12.346000
v 2.259000 -5.351000 12.346000
v -13.276000 -5.351000 12.846000
v -9.256000 -5.351000 12.846000
v -5.094000 -5.351000 12.846000
v 2.798000 -5.351000 12.846000
v -12.847000 -5.351000 13.346000
v -9.309000 -5.351000 13.346000
v -5.143000 -5.351000 13.346000
v 2.986000 -5.351000 13.346000
v -12.566000 -5.351000 13.846000
v -10.091000 -5.351000 13.846000
v -5.124000 -5.351000 13.846000
v 2.980000 -5.351000 13.846000
v -11.895000 -5.351000 14.346000
v -11.010000 -5.351000 14.346000
v -5.013000 -5.351000 14.346000
v 2.953000 -5.351000 14.346000
v -4.781000 -5.351000 14.846000
v 2.843000 -5.351000 14.846000
v -4.044000 -5.351000 15.346000
v 2.772000 -5.351000 15.346000
v -3.558000 -5.351000 15.846000
v 2.510000 -5.351000 15.846000
v -3.020000 -5.351000 16.346000
v 2.259000 -5.351000 16.346000
v -1.903000 -5.351000 16.846000
v 2.021000 -5.351000 16.846000
v -1.276000 -5.351000 17.346000
v 0.679000 -5.351000 17.346000
v -15.475000 -1.351000 4.846000
v -12.059000 -1.351000 4.846000
v -16.422000 -1.351000 5.346000
v -11.784000 -1.351000 5.346000
v -16.637000 -1.351000 5.846000
v -11.767000 -1.351000 5.846000
v -16.624000 -1.351000 6.346000
v -11.985000 -1.351000 6.346000
v -16.610000 -1.351000 6.846000
v -12.180000 -1.351000 6.846000
v -16.621000 -1.351000 7.346000
v -12.169000 -1.351000 7.346000
v -16.616000 -1.351000 7.846000
v -12.138000 -1.351000 7.846000
v -5.494000 -1.351000 7.846000
v -2.707000 -1.351000 7.846000
v -16.594000 -1.351000 8.346000
v -12.191000 -1.351000 8.346000
v -6.382000 -1.351000 8.346000
v -1.903000 -1.351000 8.346000
v -16.435000 -1.351000 8.846000
v -12.182000 -1.351000 8.846000
v -6.680000 -1.351000 8.846000
v -0.857000 -1.351000 8.846000
v -16.331000 -1.351000 9.346000
v -12.200000 -1.351000 9.346000
v -6.690000 -1.351000 9.346000
v -0.283000 -1.351000 9.346000
v -16.298000 -1.351000 9.846000
v -12.182000 -1.351000 9.846000
v -6.680000 -1.351000 9.846000
v 0.039000 -1.351000 9.846000
v -16.167000 -1.351000 10.346000
v -12.120000 -1.351000 10.346000
v -6.963000 -1.351000 10.346000
v 0.425000 -1.351000 10.346000
v -15.956000 -1.351000 10.846000
v -11.977000 -1.351000 10.846000
v -8.003000 -1.351000 10.846000
v 0.781000 -1.351000 10.846000
v -15.785000 -1.351000 11.346000
v -11.961000 -1.351000 11.346000
v -9.198000 -1.351000 11.346000
v 1.045000 -1.351000 11.346000
v -15.652000 -1.351000 11.846000
v -12.239000 -1.351000 11.846000
v -10.016000 -1.351000 11.846000
v 1.435000 -1.351000 11.846000
v -15.326000 -1.351000 12.346000
v -12.931000 -1.351000 12.346000
v -9.974000 -1.351000 12.346000
v 2.046000 -1.351000 12.346000
v -9.657000 -1.351000 12.846000
v 2.511000 -1.351000 12.846000
v -9.348000 -1.351000 13.346000
v 3.256000 -1.351000 13.346000
v -9.005000 -1.351000 13.846000
v 3.833000 -1.351000 13.846000
v -8.722000 -1.351000 14.346000
v 4.287000 -1.351000 14.346000
v -7.040000 -1.351000 14.846000
v 4.467000 -1.351000 14.846000
v -4.556000 -1.351000 15.346000
v 4.486000 -1.351000 15.346000
v -3.596000 -1.351000 15.846000
v 4.487000 -1.351000 15.846000
v -2.670000 -1.351000 16.346000
v 4.303000 -1.351000 16.346000
v -2.104000 -1.351000 16.846000
v 0.172000 -1.351000 16.846000
v 2.447000 -1.351000 16.846000
v 3.782000 -1.351000 16.846000
v -14.780000 2.649000 4.346000
v -12.974000 2.649000 4.346000
v -15.039000 2.649000 4.846000
v -12.700000 2.649000 4.846000
v -15.065000 2.649000 5.346000
v -12.689000 2.649000 5.346000
v -15.042000 2.649000 5.846000
v -12.810000 2.649000 5.846000
v -15.140000 2.649000 6.346000
v -12.978000 2.649000 6.346000
v -15.116000 2.649000 6.846000
v -13.271000 2.649000 6.846000
v -4.600000 2.649000 10.346000
v -1.846000 2.649000 10.346000
v -5.143000 2.649000 10.846000
v -1.235000 2.649000 10.846000
v -5.346000 2.649000 11.346000
v -0.853000 2.649000 11.346000
v -5.604000 2.649000 11.846000
v 0.428000 2.649000 11.846000
v -6.030000 2.649000 12.346000
v 1.375000 2.649000 12.346000
v 2.109000 2.649000 12.346000
v 4.011000 2.649000 12.346000
v -6.591000 2.649000 12.846000
v 4.675000 2.649000 12.846000
v -7.136000 2.649000 13.346000
v 4.941000 2.649000 13.346000
v -7.629000 2.649000 13.846000
v 5.171000 2.649000 13.846000
v -7.817000 2.649000 14.346000
v 5.188000 2.649000 14.346000
v -7.817000 2.649000 14.846000
v 4.973000 2.649000 14.846000
v -7.831000 2.649000 15.346000
v 4.662000 2.649000 15.346000
v -7.840000 2.649000 15.846000
v 4.127000 2.649000 15.846000
v -7.655000 2.649000 16.346000
v 3.569000 2.649000 16.346000
v -7.129000 2.649000 16.846000
v -3.623000 2.649000 16.846000
v -3.019000 2.649000 16.846000
v -2.679000 2.649000 16.846000
v -1.725000 2.649000 16.846000
v 1.769000 2.649000 16.846000
v -3.742000 6.649000 10.346000
v -2.036000 6.649000 10.346000
v -4.064000 6.649000 10.846000
v -1.581000 6.649000 10.846000
v -4.057000 6.649000 11.346000
v -0.902000 6.649000 11.346000
v -3.823000 6.649000 11.846000
v -0.297000 6.649000 11.846000
v -3.721000 6.649000 12.346000
v -0.081000 6.649000 12.346000
v -3.854000 6.649000 12.846000
v -0.068000 6.649000 12.846000
v -4.278000 6.649000 13.346000
v -0.218000 6.649000 13.346000
v -5.115000 6.649000 13.846000
v -0.455000 6.649000 13.846000
v -6.396000 6.649000 14.346000
v -1.329000 6.649000 14.346000
v -6.620000 6.649000 14.846000
v -2.394000 6.649000 14.846000
v -6.606000 6.649000 15.346000
v -3.106000 6.649000 15.346000
v -6.344000 6.649000 15.846000
v -4.498000 6.649000 15.846000
v -8.422000 -9.351000 6.064000
v -8.422000 -9.351000 8.374000
v -7.922000 -9.351000 -8.439000
v -7.922000 -9.351000 -7.388000
v -7.922000 -9.351000 4.762000
v -7.922000 -9.351000 8.836000
v -7.422000 -9.351000 -8.402000
v -7.422000 -9.351000 -7.319000
v -7.422000 -9.351000 3.700000
v -7.422000 -9.351000 9.160000
v -6.922000 -9.351000 -3.084000
v -6.922000 -9.351000 -1.467000
v -6.922000 -9.351000 3.137000
v -6.922000 -9.351000 9.391000
v -6.422000 -9.351000 -4.921000
v -6.422000 -9.351000 -0.384000
v -6.422000 -9.351000 2.786000
v -6.422000 -9.351000 9.591000
v -5.922000 -9.351000 -5.098000
v -5.922000 -9.351000 0.303000
v -5.922000 -9.351000 2.332000
v -5.922000 -9.351000 9.884000
v -5.422000 -9.351000 -5.053000
v -5.422000 -9.351000 9.977000
v -4.922000 -9.351000 -9.848000
v -4.922000 -9.351000 -8.545000
v -4.922000 -9.351000 -5.279000
v -4.922000 -9.351000 10.009000
v -4.422000 -9.351000 -10.096000
v -4.422000 -9.351000 -7.228000
v -4.422000 -9.351000 -6.318000
v -4.422000 -9.351000 9.902000
v -3.922000 -9.351000 -9.969000
v -3.922000 -9.351000 9.542000
v -3.422000 -9.351000 -9.847000
v -3.422000 -9.351000 8.641000
v -2.922000 -9.351000 -9.773000
v -2.922000 -9.351000 7.831000
v -2.422000 -9.351000 -9.666000
v -2.422000 -9.351000 5.078000
v -1.922000 -9.351000 -9.319000
v -1.922000 -9.351000 4.752000
v -1.422000 -9.351000 -8.812000
v -1.422000 -9.351000 4.294000
v -0.922000 -9.351000 -8.024000
v -0.922000 -9.351000 3.672000
v -0.422000 -9.351000 -2.197000
v -0.422000 -9.351000 -0.713000
v -0.422000 -9.351000 1.532000
v -0.422000 -9.351000 3.170000
v -14.922000 -5.351000 9.613000
v -14.922000 -5.351000 11.837000
v -14.422000 -5.351000 9.275000
v -14.422000 -5.351000 12.234000
v -13.922000 -5.351000 8.972000
v -13.922000 -5.351000 12.410000
v -13.422000 -5.351000 8.561000
v -13.422000 -5.351000 12.702000
v -12.922000 -5.351000 8.428000
v -12.922000 -5.351000 13.233000
v -12.422000 -5.351000 8.519000
v -12.422000 -5.351000 14.016000
v -11.922000 -5.351000 8.672000
v -11.922000 -5.351000 14.336000
v -11.422000 -5.351000 8.696000
v -11.422000 -5.351000 14.419000
v -10.922000 -5.351000 8.571000
v -10.922000 -5.351000 14.313000
v -10.422000 -5.351000 8.211000
v -10.422000 -5.351000 14.003000
v -9.922000 -5.351000 7.607000
v -9.922000 -5.351000 13.788000
v -9.422000 -5.351000 7.194000
v -9.422000 -5.351000 13.495000
v -8.922000 -5.351000 -8.715000
v -8.922000 -5.351000 -8.122000
v -8.922000 -5.351000 6.642000
v -8.922000 -5.351000 11.230000
v -8.422000 -5.351000 -9.276000
v -8.422000 -5.351000 -7.607000
v -8.422000 -5.351000 6.027000
v -8.422000 -5.351000 10.918000
v -7.922000 -5.351000 -9.519000
v -7.922000 -5.351000 -7.336000
v -7.922000 -5.351000 5.107000
v -7.922000 -5.351000 10.820000
v -7.422000 -5.351000 -9.276000
v -7.422000 -5.351000 -7.290000
v -7.422000 -5.351000 3.489000
v -7.422000 -5.351000 10.902000
v -6.922000 -5.351000 -8.988000
v -6.922000 -5.351000 -7.531000
v -6.922000 -5.351000 3.050000
v -6.922000 -5.351000 11.157000
v -6.422000 -5.351000 -8.724000
v -6.422000 -5.351000 -8.076000
v -6.422000 -5.351000 2.794000
v -6.422000 -5.351000 11.302000
v -5.922000 -5.351000 2.662000
v -5.922000 -5.351000 11.431000
v -5.422000 -5.351000 2.602000
v -5.422000 -5.351000 11.858000
v -4.922000 -5.351000 2.418000
v -4.922000 -5.351000 14.621000
v -4.422000 -5.351000 1.808000
v -4.422000 -5.351000 15.142000
v -3.922000 -5.351000 -1.184000
v -3.922000 -5.351000 -0.582000
v -3.922000 -5.351000 0.788000
v -3.922000 -5.351000 15.439000
v -3.422000 -5.351000 -1.459000
v -3.422000 -5.351000 16.028000
v -2.922000 -5.351000 -1.154000
v -2.922000 -5.351000 16.392000
v -2.422000 -5.351000 -0.674000
v -2.422000 -5.351000 16.547000
v -1.922000 -5.351000 0.708000
v -1.922000 -5.351000 7.134000
v -1.922000 -5.351000 10.493000
v -1.922000 -5.351000 16.830000
v -1.422000 -5.351000 1.456000
v -1.422000 -5.351000 6.870000
v -1.422000 -5.351000 10.956000
v -1.422000 -5.351000 17.224000
v -0.922000 -5.351000 1.768000
v -0.922000 -5.351000 6.833000
v -0.922000 -5.351000 11.196000
v -0.922000 -5.351000 17.621000
v -0.422000 -5.351000 1.886000
v -0.422000 -5.351000 6.762000
v -0.422000 -5.351000 11.347000
v -0.422000 -5.351000 17.753000
v 0.078000 -5.351000 2.020000
v 0.078000 -5.351000 6.466000
v 0.078000 -5.351000 11.612000
v 0.078000 -5.351000 17.662000
v 0.578000 -5.351000 2.417000
v 0.578000 -5.351000 4.086000
v 0.578000 -5.351000 11.760000
v 0.578000 -5.351000 17.384000
v 1.078000 -5.351000 12.030000
v 1.078000 -5.351000 17.279000
v 1.578000 -5.351000 12.179000
v 1.578000 -5.351000 17.182000
v 2.078000 -5.351000 12.268000
v 2.078000 -5.351000 16.770000
v 2.578000 -5.351000 12.574000
v 2.578000 -5.351000 15.759000
v -16.422000 -1.351000 5.346000
v -16.422000 -1.351000 8.894000
v -15.922000 -1.351000 4.954000
v -15.922000 -1.351000 10.937000
v -15.422000 -1.351000 4.842000
v -15.422000 -1.351000 12.240000
v -14.922000 -1.351000 4.813000
v -14.922000 -1.351000 12.620000
v -14.422000 -1.351000 4.772000
v -14.422000 -1.351000 12.721000
v -13.922000 -1.351000 4.544000
v -13.922000 -1.351000 12.616000
v -13.422000 -1.351000 4.438000
v -13.422000 -1.351000 12.463000
v -12.922000 -1.351000 4.453000
v -12.922000 -1.351000 12.342000
v -12.422000 -1.351000 4.583000
v -12.422000 -1.351000 12.017000
v -11.922000 -1.351000 5.023000
v -11.922000 -1.351000 6.244000
v -9.922000 -1.351000 11.683000
v -9.922000 -1.351000 12.424000
v -9.422000 -1.351000 11.452000
v -9.422000 -1.351000 13.243000
v -8.922000 -1.351000 11.067000
v -8.922000 -1.351000 14.052000
v -8.422000 -1.351000 10.877000
v -8.422000 -1.351000 14.575000
v -7.922000 -1.351000 10.813000
v -7.922000 -1.351000 14.716000
v -7.422000 -1.351000 10.569000
v -7.422000 -1.351000 14.753000
v -6.922000 -1.351000 10.311000
v -6.922000 -1.351000 14.869000
v -6.422000 -1.351000 8.395000
v -6.422000 -1.351000 14.932000
v -5.922000 -1.351000 8.004000
v -5.922000 -1.351000 15.019000
v -5.422000 -1.351000 7.812000
v -5.422000 -1.351000 15.058000
v -4.922000 -1.351000 7.542000
v -4.922000 -1.351000 15.184000
v -4.422000 -1.351000 7.439000
v -4.422000 -1.351000 15.388000
v -3.922000 -1.351000 7.416000
v -3.922000 -1.351000 15.624000
v -3.422000 -1.351000 7.543000
v -3.422000 -1.351000 15.926000
v -2.922000 -1.351000 7.723000
v -2.922000 -1.351000 16.146000
v -2.422000 -1.351000 8.009000
v -2.422000 -1.351000 16.597000
v -1.922000 -1.351000 8.333000
v -1.922000 -1.351000 16.935000
v -1.422000 -1.351000 8.627000
v -1.422000 -1.351000 17.139000
v -0.922000 -1.351000 8.818000
v -0.922000 -1.351000 17.158000
v -0.422000 -1.351000 9.168000
v -0.422000 -1.351000 17.078000
v 0.078000 -1.351000 9.907000
v 0.078000 -1.351000 16.871000
v 0.578000 -1.351000 10.533000
v 0.578000 -1.351000 16.709000
v 1.078000 -1.351000 11.405000
v 1.078000 -1.351000 16.585000
v 1.578000 -1.351000 11.947000
v 1.578000 -1.351000 16.602000
v 2.078000 -1.351000 12.392000
v 2.078000 -1.351000 16.710000
v 2.578000 -1.351000 12.912000
v 2.578000 -1.351000 16.904000
v 3.078000 -1.351000 13.252000
v 3.078000 -1.351000 17.014000
v 3.578000 -1.351000 13.578000
v 3.578000 -1.351000 16.937000
v 4.078000 -1.351000 14.078000
v 4.078000 -1.351000 16.629000
v -14.922000 2.649000 4.549000
v -14.922000 2.649000 7.109000
v -14.422000 2.649000 4.066000
v -14.422000 2.649000 7.278000
v -13.922000 2.649000 3.935000
v -13.922000 2.649000 7.285000
v -13.422000 2.649000 4.024000
v -13.422000 2.649000 7.085000
v -12.922000 2.649000 4.409000
v -12.922000 2.649000 6.218000
v -7.422000 2.649000 13.586000
v -7.422000 2.649000 16.634000
v -6.922000 2.649000 13.128000
v -6.922000 2.649000 16.937000
v -6.422000 2.649000 12.674000
v -6.422000 2.649000 17.013000
v -5.922000 2.649000 12.248000
v -5.922000 2.649000 17.021000
v -5.422000 2.649000 11.531000
v -5.422000 2.649000 17.002000
v -4.922000 2.649000 10.576000
v -4.922000 2.649000 17.020000
v -4.422000 2.649000 10.270000
v -4.422000 2.649000 17.000000
v -3.922000 2.649000 10.193000
v -3.922000 2.649000 16.920000
v -3.422000 2.649000 10.164000
v -3.422000 2.649000 16.823000
v -2.922000 2.649000 10.173000
v -2.922000 2.649000 16.853000
v -2.422000 2.649000 10.229000
v -2.422000 2.649000 16.821000
v -1.922000 2.649000 10.315000
v -1.922000 2.649000 16.807000
v -1.422000 2.649000 10.626000
v -1.422000 2.649000 16.907000
v -0.922000 2.649000 11.272000
v -0.922000 2.649000 17.123000
v -0.422000 2.649000 11.613000
v -0.422000 2.649000 17.222000
v 0.078000 2.649000 11.739000
v 0.078000 2.649000 17.276000
v 0.578000 2.649000 11.884000
v 0.578000 2.649000 17.272000
v 1.078000 2.649000 12.124000
v 1.078000 2.649000 17.177000
v 1.578000 2.649000 12.407000
v 1.578000 2.649000 16.906000
v 2.078000 2.649000 12.352000
v 2.078000 2.649000 16.810000
v 2.578000 2.649000 12.283000
v 2.578000 2.649000 16.804000
v 3.078000 2.649000 12.261000
v 3.078000 2.649000 16.712000
v 3.578000 2.649000 12.268000
v 3.578000 2.649000 16.337000
v 4.078000 2.649000 12.371000
v 4.078000 2.649000 15.886000
v 4.578000 2.649000 12.725000
v 4.578000 2.649000 15.457000
v 5.078000 2.649000 13.599000
v 5.078000 2.649000 14.673000
v -6.422000 6.649000 14.382000
v -6.422000 6.649000 15.747000
v -5.922000 6.649000 13.979000
v -5.922000 6.649000 16.149000
v -5.422000 6.649000 13.885000
v -5.422000 6.649000 16.242000
v -4.922000 6.649000 13.783000
v -4.922000 6.649000 16.113000
v -4.422000 6.649000 13.477000
v -4.422000 6.649000 15.812000
v -3.922000 6.649000 10.557000
v -3.922000 6.649000 11.647000
v -3.922000 6.649000 12.962000
v -3.922000 6.649000 15.709000
v -3.422000 6.649000 10.104000
v -3.422000 6.649000 15.576000
v -2.922000 6.649000 9.973000
v -2.922000 6.649000 15.214000
v -2.422000 6.649000 10.070000
v -2.422000 6.649000 14.862000
v -1.922000 6.649000 10.491000
v -1.922000 6.649000 14.660000
v -1.422000 6.649000 11.006000
v -1.422000 6.649000 14.379000
v -0.922000 6.649000 11.334000
v -0.922000 6.649000 14.224000
v -0.422000 6.649000 11.691000
v -0.422000 6.649000 13.800000
v -10.422000 -8.293000 -12.154000
v -10.422000 -6.425000 -12.154000
v -9.922000 -8.715000 -12.154000
v -9.922000 -6.036000 -12.154000
v -9.422000 -8.817000 -12.154000
v -9.422000 -5.945000 -12.154000
v -8.922000 -8.729000 -12.154000
v -8.922000 -6.072000 -12.154000
v -8.422000 -8.600000 -12.154000
v -8.422000 -6.488000 -12.154000
v -7.922000 -8.117000 -12.154000
v -7.922000 -6.994000 -12.154000
v -9.422000 -7.692000 -8.154000
v -9.422000 -5.680000 -8.154000
v -8.922000 -9.003000 -8.154000
v -8.922000 -5.344000 -8.154000
v -8.422000 -9.339000 -8.154000
v -8.422000 -5.239000 -8.154000
v -7.922000 -9.432000 -8.154000
v -7.922000 -5.171000 -8.154000
v -7.422000 -9.426000 -8.154000
v -7.422000 -5.235000 -8.154000
v -6.922000 -9.336000 -8.154000
v -6.922000 -5.244000 -8.154000
v -6.422000 -9.102000 -8.154000
v -6.422000 -5.334000 -8.154000
v -5.922000 -8.965000 -8.154000
v -5.922000 -5.662000 -8.154000
v -5.422000 -8.994000 -8.154000
v -5.422000 -6.308000 -8.154000
v -4.922000 -9.222000 -8.154000
v -4.922000 -6.733000 -8.154000
v -4.422000 -9.672000 -8.154000
v -4.422000 -6.853000 -8.154000
v -3.922000 -10.287000 -8.154000
v -3.922000 -6.917000 -8.154000
v -3.422000 -10.689000 -8.154000
v -3.422000 -7.037000 -8.154000
v -2.922000 -10.913000 -8.154000
v -2.922000 -7.400000 -8.154000
v -2.422000 -11.225000 -8.154000
v -2.422000 -7.757000 -8.154000
v -1.922000 -11.767000 -8.154000
v -1.922000 -8.119000 -8.154000
v -1.422000 -12.239000 -8.154000
v -1.422000 -8.700000 -8.154000
v -0.922000 -12.624000 -8.154000
v -0.922000 -9.449000 -8.154000
v -0.422000 -12.739000 -8.154000
v -0.422000 -9.967000 -8.154000
v 0.078000 -12.628000 -8.154000
v 0.078000 -10.425000 -8.154000
v 0.578000 -12.172000 -8.154000
v 0.578000 -10.990000 -8.154000
v -6.922000 -11.584000 -4.154000
v -6.922000 -9.627000 -4.154000
v -6.422000 -11.904000 -4.154000
v -6.422000 -9.254000 -4.154000
v -5.922000 -11.991000 -4.154000
v -5.922000 -9.066000 -4.154000
v -5.422000 -11.981000 -4.154000
v -5.422000 -9.025000 -4.154000
v -4.922000 -12.009000 -4.154000
v -4.922000 -8.953000 -4.154000
v -4.422000 -12.144000 -4.154000
v -4.422000 -8.754000 -4.154000
v -3.922000 -12.395000 -4.154000
v -3.922000 -8.646000 -4.154000
v -3.422000 -12.576000 -4.154000
v -3.422000 -8.442000 -4.154000
v -2.922000 -12.854000 -4.154000
v -2.922000 -8.201000 -4.154000
v -2.422000 -12.955000 -4.154000
v -2.422000 -7.931000 -4.154000
v -1.922000 -13.001000 -4.154000
v -1.922000 -7.892000 -4.154000
v -1.422000 -12.896000 -4.154000
v -1.422000 -8.266000 -4.154000
v -0.922000 -12.565000 -4.154000
v -0.922000 -8.791000 -4.154000
v -0.422000 -12.056000 -4.154000
v -0.422000 -9.835000 -4.154000
v -5.922000 -9.948000 -0.154000
v -5.922000 -7.165000 -0.154000
v -5.422000 -12.106000 -0.154000
v -5.422000 -6.793000 -0.154000
v -4.922000 -12.298000 -0.154000
v -4.922000 -6.484000 -0.154000
v -4.422000 -12.140000 -0.154000
v -4.422000 -5.862000 -0.154000
v -3.922000 -11.511000 -0.154000
v -3.922000 -5.477000 -0.154000
v -3.422000 -10.958000 -0.154000
v -3.422000 -5.313000 -0.154000
v -2.922000 -10.574000 -0.154000
v -2.922000 -5.241000 -0.154000
v -2.422000 -10.031000 -0.154000
v -2.422000 -5.326000 -0.154000
v -1.922000 -9.671000 -0.154000
v -1.922000 -5.629000 -0.154000
v -1.422000 -9.561000 -0.154000
v -1.422000 -6.086000 -0.154000
v -0.922000 -9.456000 -0.154000
v -0.922000 -6.592000 -0.154000
v -0.422000 -9.046000 -0.154000
v -0.422000 -7.158000 -0.154000
v -15.922000 -0.244000 3.846000
v -15.922000 1.008000 3.846000
v -15.422000 -0.700000 3.846000
v -15.422000 1.539000 3.846000
v -14.922000 -0.822000 3.846000
v -14.922000 1.957000 3.846000
v -14.422000 -0.748000 3.846000
v -14.422000 2.237000 3.846000
v -13.922000 -0.705000 3.846000
v -13.922000 2.476000 3.846000
v -13.422000 -0.697000 3.846000
v -13.422000 2.243000 3.846000
v -12.922000 -0.642000 3.846000
v -12.922000 1.834000 3.846000
v -7.422000 -9.677000 3.846000
v -7.422000 -5.168000 3.846000
v -6.922000 -10.546000 3.846000
v -6.922000 -4.501000 3.846000
v -6.422000 -11.009000 3.846000
v -6.422000 -4.057000 3.846000
v -5.922000 -11.335000 3.846000
v -5.922000 -3.789000 3.846000
v -5.422000 -11.438000 3.846000
v -5.422000 -3.481000 3.846000
v -4.922000 -11.529000 3.846000
v -4.922000 -3.061000 3.846000
v -4.422000 -11.507000 3.846000
v -4.422000 -2.752000 3.846000
v -3.922000 -11.404000 3.846000
v -3.922000 -2.674000 3.846000
v -3.422000 -11.067000 3.846000
v -3.422000 -2.668000 3.846000
v -2.922000 -10.587000 3.846000
v -2.922000 -2.681000 3.846000
v -2.422000 -10.141000 3.846000
v -2.422000 -2.715000 3.846000
v -1.922000 -9.930000 3.846000
v -1.922000 -2.670000 3.846000
v -1.422000 -9.615000 3.846000
v -1.422000 -2.709000 3.846000
v -0.922000 -9.198000 3.846000
v -0.922000 -2.812000 3.846000
v -0.422000 -8.770000 3.846000
v -0.422000 -3.161000 3.846000
v 0.078000 -8.405000 3.846000
v 0.078000 -3.555000 3.846000
v 0.578000 -8.037000 3.846000
v 0.578000 -5.045000 3.846000
v -16.422000 -1.593000 7.846000
v -16.422000 1.373000 7.846000
v -15.922000 -1.929000 7.846000
v -15.922000 1.904000 7.846000
v -15.422000 -2.114000 7.846000
v -15.422000 2.214000 7.846000
v -14.922000 -2.171000 7.846000
v -14.922000 2.296000 7.846000
v -14.422000 -2.215000 7.846000
v -14.422000 2.242000 7.846000
v -13.922000 -2.292000 7.846000
v -13.922000 2.179000 7.846000
v -13.422000 -2.385000 7.846000
v -13.422000 2.119000 7.846000
v -12.922000 -2.333000 7.846000
v -12.922000 2.018000 7.846000
v -12.422000 -1.955000 7.846000
v -12.422000 1.630000 7.846000
v -11.922000 -0.901000 7.846000
v -11.922000 0.644000 7.846000
v -9.922000 -8.172000 7.846000
v -9.922000 -4.481000 7.846000
v -9.422000 -8.668000 7.846000
v -9.422000 -3.500000 7.846000
v -8.922000 -9.018000 7.846000
v -8.922000 -2.918000 7.846000
v -8.422000 -9.535000 7.846000
v -8.422000 -2.496000 7.846000
v -7.922000 -10.056000 7.846000
v -7.922000 -2.389000 7.846000
v -7.422000 -10.589000 7.846000
v -7.422000 -2.408000 7.846000
v -6.922000 -10.900000 7.846000
v -6.922000 -2.502000 7.846000
v -6.422000 -11.029000 7.846000
v -6.422000 -2.293000 7.846000
v -5.922000 -11.289000 7.846000
v -5.922000 -1.706000 7.846000
v -5.422000 -11.644000 7.846000
v -5.422000 -1.264000 7.846000
v -4.922000 -11.735000 7.846000
v -4.922000 -0.943000 7.846000
v -4.422000 -11.603000 7.846000
v -4.422000 -0.955000 7.846000
v -3.922000 -11.257000 7.846000
v -3.922000 -1.099000 7.846000
v -3.422000 -10.876000 7.846000
v -3.422000 -1.220000 7.846000
v -2.922000 -9.325000 7.846000
v -2.922000 -1.280000 7.846000
v -2.422000 -8.060000 7.846000
v -2.422000 -5.036000 7.846000
v -2.422000 -3.847000 7.846000
v -2.422000 -1.531000 7.846000
v -1.922000 -7.820000 7.846000
v -1.922000 -5.997000 7.846000
v -1.422000 -7.568000 7.846000
v -1.422000 -6.710000 7.846000
v -15.422000 -4.218000 11.846000
v -15.422000 0.084000 11.846000
v -14.922000 -5.341000 11.846000
v -14.922000 0.471000 11.846000
v -14.422000 -5.734000 11.846000
v -14.422000 0.576000 11.846000
v -13.922000 -5.901000 11.846000
v -13.922000 0.437000 11.846000
v -13.422000 -6.318000 11.846000
v -13.422000 -0.019000 11.846000
v -12.922000 -7.293000 11.846000
v -12.922000 -0.504000 11.846000
v -12.422000 -7.693000 11.846000
v -12.422000 -1.046000 11.846000
v -11.922000 -7.845000 11.846000
v -11.922000 -1.710000 11.846000
v -11.422000 -7.940000 11.846000
v -11.422000 -1.860000 11.846000
v -10.922000 -7.863000 11.846000
v -10.922000 -1.799000 11.846000
v -10.422000 -7.655000 11.846000
v -10.422000 -1.563000 11.846000
v -9.922000 -7.182000 11.846000
v -9.922000 -1.315000 11.846000
v -9.422000 -5.502000 11.846000
v -9.422000 -1.191000 11.846000
v -8.922000 -4.787000 11.846000
v -8.922000 -0.985000 11.846000
v -8.422000 -4.614000 11.846000
v -8.422000 -0.867000 11.846000
v -7.922000 -4.573000 11.846000
v -7.922000 -0.923000 11.846000
v -7.422000 -4.622000 11.846000
v -7.422000 -0.912000 11.846000
v -6.922000 -4.766000 11.846000
v -6.922000 -0.781000 11.846000
v -6.422000 -4.810000 11.846000
v -6.422000 -0.499000 11.846000
v -5.922000 -4.964000 11.846000
v -5.922000 0.088000 11.846000
v -5.422000 -5.363000 11.846000
v -5.422000 0.810000 11.846000
v -5.422000 1.942000 11.846000
v -5.422000 3.597000 11.846000
v -4.922000 -5.772000 11.846000
v -4.922000 4.520000 11.846000
v -4.422000 -6.090000 11.846000
v -4.422000 6.079000 11.846000
v -3.922000 -6.370000 11.846000
v -3.922000 6.545000 11.846000
v -3.422000 -6.462000 11.846000
v -3.422000 6.970000 11.846000
v -2.922000 -6.525000 11.846000
v -2.922000 7.171000 11.846000
v -2.422000 -6.505000 11.846000
v -2.422000 7.306000 11.846000
v -1.922000 -6.425000 11.846000
v -1.922000 7.444000 11.846000
v -1.422000 -6.336000 11.846000
v -1.422000 7.537000 11.846000
v -0.922000 -6.300000 11.846000
v -0.922000 7.423000 11.846000
v -0.422000 -6.165000 11.846000
v -0.422000 3.321000 11.846000
v -0.422000 5.221000 11.846000
v -0.422000 6.962000 11.846000
v 0.078000 -5.902000 11.846000
v 0.078000 2.785000 11.846000
v 0.578000 -5.652000 11.846000
v 0.578000 -4.627000 11.846000
v 0.578000 -2.817000 11.846000
v 0.578000 2.617000 11.846000
v 1.078000 -1.824000 11.846000
v 1.078000 2.486000 11.846000
v 1.578000 -1.235000 11.846000
v 1.578000 2.207000 11.846000
v 2.078000 -0.752000 11.846000
v 2.078000 2.071000 11.846000
v 2.578000 1.124000 11.846000
v 2.578000 1.760000 11.846000
v -7.422000 1.340000 15.846000
v -7.422000 4.307000 15.846000
v -6.922000 0.897000 15.846000
v -6.922000 4.992000 15.846000
v -6.422000 0.764000 15.846000
v -6.422000 6.546000 15.846000
v -5.922000 0.673000 15.846000
v -5.922000 6.960000 15.846000
v -5.422000 0.479000 15.846000
v -5.422000 7.055000 15.846000
v -4.922000 0.289000 15.846000
v -4.922000 6.923000 15.846000
v -4.422000 -0.064000 15.846000
v -4.422000 6.604000 15.846000
v -3.922000 -0.447000 15.846000
v -3.922000 6.402000 15.846000
v -3.422000 -5.685000 15.846000
v -3.422000 -3.658000 15.846000
v -3.422000 -1.646000 15.846000
v -3.422000 6.151000 15.846000
v -2.922000 -6.152000 15.846000
v -2.922000 5.933000 15.846000
v -2.422000 -6.279000 15.846000
v -2.422000 4.783000 15.846000
v -1.922000 -6.191000 15.846000
v -1.922000 4.495000 15.846000
v -1.422000 -6.067000 15.846000
v -1.422000 4.251000 15.846000
v -0.922000 -6.003000 15.846000
v -0.922000 4.095000 15.846000
v -0.422000 -6.011000 15.846000
v -0.422000 3.958000 15.846000
v 0.078000 -6.058000 15.846000
v 0.078000 3.796000 15.846000
v 0.578000 -6.168000 15.846000
v 0.578000 3.709000 15.846000
v 1.078000 -6.235000 15.846000
v 1.078000 3.616000 15.846000
v 1.578000 -6.113000 15.846000
v 1.578000 3.570000 15.846000
v 2.078000 -5.736000 15.846000
v 2.078000 3.595000 15.846000
v 2.578000 -5.251000 15.846000
v 2.578000 3.639000 15.846000
v 3.078000 -3.742000 15.846000
v 3.078000 3.597000 15.846000
v 3.578000 -3.066000 15.846000
v 3.578000 3.509000 15.846000
v 4.078000 -2.583000 15.846000
v 4.078000 -0.077000 15.846000
v 4.078000 2.179000 15.846000
v 4.078000 3.119000 15.846000
v -0.934000 -12.851000 -7.654000
v 0.096000 -12.851000 -7.654000
v -0.968000 -12.851000 -7.154000
v 0.130000 -12.851000 -7.154000
v -1.939000 -12.851000 -5.654000
v -0.957000 -12.851000 -5.654000
v -2.362000 -12.851000 -5.154000
v -0.986000 -12.851000 -5.154000
v -2.867000 -12.851000 -4.654000
v -1.355000 -12.851000 -4.654000
v -2.930000 -12.851000 -4.154000
v -1.323000 -12.851000 -4.154000
v -2.925000 -12.851000 -3.654000
v -1.326000 -12.851000 -3.654000
v -5.584000 -12.851000 -1.654000
v -4.337000 -12.851000 -1.654000
v -5.582000 -12.851000 -1.154000
v -4.339000 -12.851000 -1.154000
v -10.091000 -8.851000 -11.654000
v -8.491000 -8.851000 -11.654000
v -10.094000 -8.851000 -11.154000
v -8.469000 -8.851000 -11.154000
v -5.329000 -8.851000 -10.154000
v -3.404000 -8.851000 -10.154000
v -8.486000 -8.851000 -9.654000
v -7.207000 -8.851000 -9.654000
v -5.951000 -8.851000 -9.654000
v -2.376000 -8.851000 -9.654000
v -8.588000 -8.851000 -9.154000
v -1.785000 -8.851000 -9.154000
v -8.817000 -8.851000 -8.654000
v -1.519000 -8.851000 -8.654000
v -9.047000 -8.851000 -8.154000
v -1.310000 -8.851000 -8.154000
v -9.043000 -8.851000 -7.654000
v -6.124000 -8.851000 -7.654000
v -4.847000 -8.851000 -7.654000
v -1.244000 -8.851000 -7.654000
v -8.786000 -8.851000 -7.154000
v -6.424000 -8.851000 -7.154000
v -4.451000 -8.851000 -7.154000
v -1.010000 -8.851000 -7.154000
v -7.549000 -8.851000 -6.654000
v -6.760000 -8.851000 -6.654000
v -4.290000 -8.851000 -6.654000
v -0.800000 -8.851000 -6.654000
v -4.171000 -8.851000 -6.154000
v -0.783000 -8.851000 -6.154000
v -4.103000 -8.851000 -5.654000
v -0.732000 -8.851000 -5.654000
v -4.026000 -8.851000 -5.154000
v -0.725000 -8.851000 -5.154000
v -4.092000 -8.851000 -4.654000
v -0.775000 -8.851000 -4.654000
v -4.689000 -8.851000 -4.154000
v -0.890000 -8.851000 -4.154000
v -6.182000 -8.851000 -3.654000
v -0.879000 -8.851000 -3.654000
v -6.561000 -8.851000 -3.154000
v -0.727000 -8.851000 -3.154000
v -6.795000 -8.851000 -2.654000
v -0.512000 -8.851000 -2.654000
v -6.908000 -8.851000 -2.154000
v -0.229000 -8.851000 -2.154000
v -6.848000 -8.851000 -1.654000
v -0.039000 -8.851000 -1.654000
v -6.807000 -8.851000 -1.154000
v -0.046000 -8.851000 -1.154000
v -6.626000 -8.851000 -0.654000
v -0.204000 -8.851000 -0.654000
v -6.320000 -8.851000 -0.154000
v -0.303000 -8.851000 -0.154000
v -6.084000 -8.851000 0.346000
v -0.244000 -8.851000 0.346000
v -5.771000 -8.851000 0.846000
v -0.239000 -8.851000 0.846000
v -5.652000 -8.851000 1.346000
v -0.224000 -8.851000 1.346000
v -5.747000 -8.851000 1.846000
v -0.104000 -8.851000 1.846000
v -6.026000 -8.851000 2.346000
v -0.083000 -8.851000 2.346000
v -6.632000 -8.851000 2.846000
v -0.067000 -8.851000 2.846000
v -7.154000 -8.851000 3.346000
v -0.208000 -8.851000 3.346000
v -7.613000 -8.851000 3.846000
v -0.513000 -8.851000 3.846000
v -7.924000 -8.851000 4.346000
v -0.919000 -8.851000 4.346000
v -8.391000 -8.851000 4.846000
v -1.415000 -8.851000 4.846000
v -8.619000 -8.851000 5.346000
v -1.670000 -8.851000 5.346000
v -8.651000 -8.851000 5.846000
v -1.745000 -8.851000 5.846000
v -8.742000 -8.851000 6.346000
v -1.790000 -8.851000 6.346000
v -8.791000 -8.851000 6.846000
v -2.166000 -8.851000 6.846000
v -8.916000 -8.851000 7.346000
v -2.463000 -8.851000 7.346000
v -9.138000 -8.851000 7.846000
v -2.765000 -8.851000 7.846000
v -9.504000 -8.851000 8.346000
v -3.237000 -8.851000 8.346000
v -9.521000 -8.851000 8.846000
v -3.553000 -8.851000 8.846000
v -7.580000 -8.851000 9.346000
v -3.774000 -8.851000 9.346000
v -6.009000 -8.851000 9.846000
v -4.297000 -8.851000 9.846000
v -3.851000 -4.851000 1.346000
v -2.019000 -4.851000 1.346000
v -4.229000 -4.851000 1.846000
v -1.423000 -4.851000 1.846000
v -4.677000 -4.851000 2.346000
v -0.032000 -4.851000 2.346000
v -5.997000 -4.851000 2.846000
v 0.440000 -4.851000 2.846000
v -6.793000 -4.851000 3.346000
v 0.566000 -4.851000 3.346000
v -7.143000 -4.851000 3.846000
v 0.544000 -4.851000 3.846000
v -7.316000 -4.851000 4.346000
v 0.490000 -4.851000 4.346000
v -7.568000 -4.851000 4.846000
v 0.423000 -4.851000 4.846000
v -7.850000 -4.851000 5.346000
v 0.267000 -4.851000 5.346000
v -8.111000 -4.851000 5.846000
v 0.035000 -4.851000 5.846000
v -8.554000 -4.851000 6.346000
v -0.700000 -4.851000 6.346000
v -9.103000 -4.851000 6.846000
v -2.092000 -4.851000 6.846000
v -9.604000 -4.851000 7.346000
v -2.360000 -4.851000 7.346000
v -10.081000 -4.851000 7.846000
v -2.447000 -4.851000 7.846000
v -13.441000 -4.851000 8.346000
v -12.315000 -4.851000 8.346000
v -10.668000 -4.851000 8.346000
v -2.447000 -4.851000 8.346000
v -14.062000 -4.851000 8.846000
v -2.252000 -4.851000 8.846000
v -14.626000 -4.851000 9.346000
v -1.943000 -4.851000 9.346000
v -15.111000 -4.851000 9.846000
v -1.751000 -4.851000 9.846000
v -15.315000 -4.851000 10.346000
v -1.603000 -4.851000 10.346000
v -15.364000 -4.851000 10.846000
v -1.204000 -4.851000 10.846000
v -15.337000 -4.851000 11.346000
v -8.555000 -4.851000 11.346000
v -7.515000 -4.851000 11.346000
v -0.325000 -4.851000 11.346000
v -15.151000 -4.851000 11.846000
v -9.018000 -4.851000 11.846000
v -6.188000 -4.851000 11.846000
v 0.731000 -4.851000 11.846000
v -14.890000 -4.851000 12.346000
v -9.043000 -4.851000 12.346000
v -5.547000 -4.851000 12.346000
v 2.230000 -4.851000 12.346000
v -13.980000 -4.851000 12.846000
v -8.543000 -4.851000 12.846000
v -5.467000 -4.851000 12.846000
v 2.782000 -4.851000 12.846000
v -13.010000 -4.851000 13.346000
v -7.854000 -4.851000 13.346000
v -5.598000 -4.851000 13.346000
v 2.973000 -4.851000 13.346000
v -12.586000 -4.851000 13.846000
v -7.848000 -4.851000 13.846000
v -5.591000 -4.851000 13.846000
v 2.973000 -4.851000 13.846000
v -11.943000 -4.851000 14.346000
v -10.962000 -4.851000 14.346000
v -5.340000 -4.851000 14.346000
v 2.956000 -4.851000 14.346000
v -5.048000 -4.851000 14.846000
v 2.970000 -4.851000 14.846000
v -4.501000 -4.851000 15.346000
v 2.952000 -4.851000 15.346000
v -3.606000 -4.851000 15.846000
v 2.782000 -4.851000 15.846000
v -3.038000 -4.851000 16.346000
v 2.529000 -4.851000 16.346000
v -2.144000 -4.851000 16.846000
v 2.272000 -4.851000 16.846000
v -1.581000 -4.851000 17.346000
v 1.709000 -4.851000 17.346000
v -0.899000 -4.851000 17.846000
v 0.143000 -4.851000 17.846000
v -15.627000 -0.851000 4.346000
v -12.085000 -0.851000 4.346000
v -16.177000 -0.851000 4.846000
v -11.769000 -0.851000 4.846000
v -16.646000 -0.851000 5.346000
v -11.561000 -0.851000 5.346000
v -16.826000 -0.851000 5.846000
v -11.547000 -0.851000 5.846000
v -16.814000 -0.851000 6.346000
v -11.685000 -0.851000 6.346000
v -16.820000 -0.851000 6.846000
v -11.737000 -0.851000 6.846000
v -16.818000 -0.851000 7.346000
v -11.742000 -0.851000 7.346000
v -16.810000 -0.851000 7.846000
v -11.903000 -0.851000 7.846000
v -16.799000 -0.851000 8.346000
v -12.137000 -0.851000 8.346000
v -5.822000 -0.851000 8.346000
v -3.577000 -0.851000 8.346000
v -16.599000 -0.851000 8.846000
v -12.256000 -0.851000 8.846000
v -6.127000 -0.851000 8.846000
v -0.854000 -0.851000 8.846000
v -16.386000 -0.851000 9.346000
v -12.414000 -0.851000 9.346000
v -6.158000 -0.851000 9.346000
v -0.095000 -0.851000 9.346000
v -16.305000 -0.851000 9.846000
v -12.464000 -0.851000 9.846000
v -6.186000 -0.851000 9.846000
v 0.557000 -0.851000 9.846000
v -16.109000 -0.851000 10.346000
v -12.428000 -0.851000 10.346000
v -6.368000 -0.851000 10.346000
v 0.792000 -0.851000 10.346000
v -15.905000 -0.851000 10.846000
v -12.290000 -0.851000 10.846000
v -6.647000 -0.851000 10.846000
v 0.972000 -0.851000 10.846000
v -15.832000 -0.851000 11.346000
v -12.301000 -0.851000 11.346000
v -6.985000 -0.851000 11.346000
v 1.414000 -0.851000 11.346000
v -15.640000 -0.851000 11.846000
v -12.557000 -0.851000 11.846000
v -7.118000 -0.851000 11.846000
v 2.011000 -0.851000 11.846000
v -15.139000 -0.851000 12.346000
v -13.440000 -0.851000 12.346000
v -9.078000 -0.851000 12.346000
v 2.521000 -0.851000 12.346000
v -9.071000 -0.851000 12.846000
v 2.929000 -0.851000 12.846000
v -8.602000 -0.851000 13.346000
v 3.374000 -0.851000 13.346000
v -8.382000 -0.851000 13.846000
v 3.786000 -0.851000 13.846000
v -7.968000 -0.851000 14.346000
v 4.074000 -0.851000 14.346000
v -6.660000 -0.851000 14.846000
v 4.309000 -0.851000 14.846000
v -4.880000 -0.851000 15.346000
v 4.467000 -0.851000 15.346000
v -3.663000 -0.851000 15.846000
v 4.462000 -0.851000 15.846000
v -2.857000 -0.851000 16.346000
v 4.258000 -0.851000 16.346000
v -2.314000 -0.851000 16.846000
v -0.168000 -0.851000 16.846000
v 2.527000 -0.851000 16.846000
v 3.668000 -0.851000 16.846000
v -14.487000 3.149000 4.846000
v -13.266000 3.149000 4.846000
v -14.515000 3.149000 5.346000
v -13.238000 3.149000 5.346000
v -4.626000 3.149000 10.346000
v -2.196000 3.149000 10.346000
v -5.151000 3.149000 10.846000
v -1.471000 3.149000 10.846000
v -5.343000 3.149000 11.346000
v -1.091000 3.149000 11.346000
v -5.595000 3.149000 11.846000
v -0.311000 3.149000 11.846000
v -5.869000 3.149000 12.346000
v 0.335000 3.149000 12.346000
v 3.060000 3.149000 12.346000
v 4.054000 3.149000 12.346000
v -6.475000 3.149000 12.846000
v 0.661000 3.149000 12.846000
v 2.251000 3.149000 12.846000
v 4.702000 3.149000 12.846000
v -7.080000 3.149000 13.346000
v 5.157000 3.149000 13.346000
v -7.597000 3.149000 13.846000
v 5.375000 3.149000 13.846000
v -7.800000 3.149000 14.346000
v 5.390000 3.149000 14.346000
v -7.836000 3.149000 14.846000
v 5.209000 3.149000 14.846000
v -7.842000 3.149000 15.346000
v 4.732000 3.149000 15.346000
v -7.829000 3.149000 15.846000
v 4.067000 3.149000 15.846000
v -7.645000 3.149000 16.346000
v 1.508000 3.149000 16.346000
v -7.111000 3.149000 16.846000
v -4.648000 3.149000 16.846000
v -3.344000 7.149000 10.846000
v -2.429000 7.149000 10.846000
v -3.376000 7.149000 11.346000
v -1.744000 7.149000 11.346000
v -3.000000 7.149000 11.846000
v -0.558000 7.149000 11.846000
v -3.051000 7.149000 12.346000
v -0.291000 7.149000 12.346000
v -3.160000 7.149000 12.846000
v -0.276000 7.149000 12.846000
v -3.528000 7.149000 13.346000
v -0.501000 7.149000 13.346000
v -3.931000 7.149000 13.846000
v -1.413000 7.149000 13.846000
v -4.466000 7.149000 14.346000
v -2.731000 7.149000 14.346000
v -6.042000 7.149000 14.846000
v -3.497000 7.149000 14.846000
v -6.014000 7.149000 15.346000
v -4.905000 7.149000 15.346000
v -5.422000 -12.851000 -1.893000
v -5.422000 -12.851000 -0.920000
v -4.922000 -12.851000 -2.076000
v -4.922000 -12.851000 -0.737000
v -4.422000 -12.851000 -1.807000
v -4.422000 -12.851000 -1.006000
v -2.922000 -12.851000 -4.191000
v -2.922000 -12.851000 -3.648000
v -2.422000 -12.851000 -5.066000
v -2.422000 -12.851000 -3.331000
v -1.922000 -12.851000 -5.687000
v -1.922000 -12.851000 -3.233000
v -1.422000 -12.851000 -5.971000
v -1.422000 -12.851000 -3.488000
v -0.922000 -12.851000 -7.674000
v -0.922000 -12.851000 -7.062000
v -0.422000 -12.851000 -7.957000
v -0.422000 -12.851000 -6.778000
v 0.078000 -12.851000 -7.685000
v 0.078000 -12.851000 -7.051000
v -9.922000 -8.851000 -11.906000
v -9.922000 -8.851000 -10.895000
v -9.422000 -8.851000 -12.098000
v -9.422000 -8.851000 -10.703000
v -9.422000 -8.851000 8.208000
v -9.422000 -8.851000 9.025000
v -8.922000 -8.851000 -11.928000
v -8.922000 -8.851000 -10.845000
v -8.922000 -8.851000 -8.482000
v -8.922000 -8.851000 -7.345000
v -8.922000 -8.851000 7.365000
v -8.922000 -8.851000 9.286000
v -8.422000 -8.851000 -9.777000
v -8.422000 -8.851000 -6.878000
v -8.422000 -8.851000 4.889000
v -8.422000 -8.851000 9.256000
v -7.922000 -8.851000 -10.042000
v -7.922000 -8.851000 -6.719000
v -7.922000 -8.851000 4.344000
v -7.922000 -8.851000 9.288000
v -7.422000 -8.851000 -9.858000
v -7.422000 -8.851000 -6.611000
v -7.422000 -8.851000 3.594000
v -7.422000 -8.851000 9.385000
v -6.922000 -8.851000 -9.540000
v -6.922000 -8.851000 -6.573000
v -6.922000 -8.851000 3.088000
v -6.922000 -8.851000 9.470000
v -6.422000 -8.851000 -9.583000
v -6.422000 -8.851000 -7.157000
v -6.422000 -8.851000 -3.372000
v -6.422000 -8.851000 -0.344000
v -6.422000 -8.851000 2.699000
v -6.422000 -8.851000 9.620000
v -5.922000 -8.851000 -9.667000
v -5.922000 -8.851000 -7.839000
v -5.922000 -8.851000 -3.828000
v -5.922000 -8.851000 0.585000
v -5.922000 -8.851000 2.188000
v -5.922000 -8.851000 9.883000
v -5.422000 -8.851000 -10.055000
v -5.422000 -8.851000 -7.925000
v -5.422000 -8.851000 -3.919000
v -5.422000 -8.851000 9.976000
v -4.922000 -8.851000 -10.481000
v -4.922000 -8.851000 -7.706000
v -4.922000 -8.851000 -4.015000
v -4.922000 -8.851000 10.013000
v -4.422000 -8.851000 -10.615000
v -4.422000 -8.851000 -7.089000
v -4.422000 -8.851000 -4.358000
v -4.422000 -8.851000 9.906000
v -3.922000 -8.851000 -10.511000
v -3.922000 -8.851000 9.549000
v -3.422000 -8.851000 -10.167000
v -3.422000 -8.851000 8.605000
v -2.922000 -8.851000 -9.879000
v -2.922000 -8.851000 8.035000
v -2.422000 -8.851000 -9.674000
v -2.422000 -8.851000 7.251000
v -1.922000 -8.851000 -9.329000
v -1.922000 -8.851000 6.561000
v -1.422000 -8.851000 -8.468000
v -1.422000 -8.851000 4.854000
v -0.922000 -8.851000 -7.010000
v -0.922000 -8.851000 4.350000
v -0.422000 -8.851000 -2.465000
v -0.422000 -8.851000 3.707000
v -14.922000 -4.851000 9.598000
v -14.922000 -4.851000 12.299000
v -14.422000 -4.851000 9.156000
v -14.422000 -4.851000 12.730000
v -13.922000 -4.851000 8.706000
v -13.922000 -4.851000 12.857000
v -13.422000 -4.851000 8.338000
v -13.422000 -4.851000 13.052000
v -12.922000 -4.851000 8.226000
v -12.922000 -4.851000 13.427000
v -12.422000 -4.851000 8.303000
v -12.422000 -4.851000 14.039000
v -11.922000 -4.851000 8.518000
v -11.922000 -4.851000 14.354000
v -11.422000 -4.851000 8.605000
v -11.422000 -4.851000 14.435000
v -10.922000 -4.851000 8.490000
v -10.922000 -4.851000 14.330000
v -10.422000 -4.851000 8.166000
v -10.422000 -4.851000 14.136000
v -9.922000 -4.851000 7.646000
v -9.922000 -4.851000 13.976000
v -9.422000 -4.851000 7.170000
v -9.422000 -4.851000 13.990000
v -8.922000 -4.851000 6.639000
v -8.922000 -4.851000 11.687000
v -8.922000 -4.851000 12.571000
v -8.922000 -4.851000 14.121000
v -8.422000 -4.851000 6.232000
v -8.422000 -4.851000 11.289000
v -8.422000 -4.851000 12.904000
v -8.422000 -4.851000 14.250000
v -7.922000 -4.851000 5.469000
v -7.922000 -4.851000 11.254000
v -7.922000 -4.851000 13.225000
v -7.922000 -4.851000 13.981000
v -7.422000 -4.851000 4.575000
v -7.422000 -4.851000 11.388000
v -6.922000 -4.851000 3.515000
v -6.922000 -4.851000 11.719000
v -6.422000 -4.851000 3.068000
v -6.422000 -4.851000 11.803000
v -5.922000 -4.851000 2.814000
v -5.922000 -4.851000 11.965000
v -5.422000 -4.851000 2.703000
v -5.422000 -4.851000 14.182000
v -4.922000 -4.851000 2.523000
v -4.922000 -4.851000 15.015000
v -4.422000 -4.851000 2.078000
v -4.422000 -4.851000 15.382000
v -3.922000 -4.851000 1.425000
v -3.922000 -4.851000 15.605000
v -3.422000 -4.851000 1.010000
v -3.422000 -4.851000 16.043000
v -2.922000 -4.851000 0.851000
v -2.922000 -4.851000 16.401000
v -2.422000 -4.851000 0.991000
v -2.422000 -4.851000 7.618000
v -2.422000 -4.851000 8.466000
v -2.422000 -4.851000 16.630000
v -1.922000 -4.851000 1.448000
v -1.922000 -4.851000 6.717000
v -1.922000 -4.851000 9.384000
v -1.922000 -4.851000 17.082000
v -1.422000 -4.851000 1.847000
v -1.422000 -4.851000 6.535000
v -1.422000 -4.851000 10.623000
v -1.422000 -4.851000 17.476000
v -0.922000 -4.851000 2.099000
v -0.922000 -4.851000 6.434000
v -0.922000 -4.851000 11.064000
v -0.922000 -4.851000 17.836000
v -0.422000 -4.851000 2.203000
v -0.422000 -4.851000 6.228000
v -0.422000 -4.851000 11.300000
v -0.422000 -4.851000 17.948000
v 0.078000 -4.851000 2.416000
v 0.078000 -4.851000 5.783000
v 0.078000 -4.851000 11.578000
v 0.078000 -4.851000 17.871000
v 0.578000 -4.851000 11.777000
v 0.578000 -4.851000 17.618000
v 1.078000 -4.851000 12.049000
v 1.078000 -4.851000 17.488000
v 1.578000 -4.851000 12.195000
v 1.578000 -4.851000 17.401000
v 2.078000 -4.851000 12.282000
v 2.078000 -4.851000 17.086000
v 2.578000 -4.851000 12.592000
v 2.578000 -4.851000 16.258000
v -16.422000 -0.851000 5.065000
v -16.422000 -0.851000 9.227000
v -15.922000 -0.851000 4.618000
v -15.922000 -0.851000 10.783000
v -15.422000 -0.851000 4.150000
v -15.422000 -0.851000 12.124000
v -14.922000 -0.851000 3.897000
v -14.922000 -0.851000 12.450000
v -14.422000 -0.851000 4.006000
v -14.422000 -0.851000 12.535000
v -13.922000 -0.851000 3.991000
v -13.922000 -0.851000 12.442000
v -13.422000 -0.851000 3.939000
v -13.422000 -0.851000 12.340000
v -12.922000 -0.851000 3.953000
v -12.922000 -0.851000 12.131000
v -12.422000 -0.851000 4.085000
v -12.422000 -0.851000 9.382000
v -12.422000 -0.851000 10.368000
v -12.422000 -0.851000 11.655000
v -11.922000 -0.851000 4.575000
v -11.922000 -0.851000 7.889000
v -8.922000 -0.851000 12.093000
v -8.922000 -0.851000 13.079000
v -8.422000 -0.851000 11.873000
v -8.422000 -0.851000 13.691000
v -7.922000 -0.851000 12.017000
v -7.922000 -0.851000 14.373000
v -7.422000 -0.851000 12.175000
v -7.422000 -0.851000 14.532000
v -6.922000 -0.851000 11.253000
v -6.922000 -0.851000 14.724000
v -6.422000 -0.851000 10.433000
v -6.422000 -0.851000 14.968000
v -5.922000 -0.851000 8.468000
v -5.922000 -0.851000 15.161000
v -5.422000 -0.851000 8.030000
v -5.422000 -0.851000 15.246000
v -4.922000 -0.851000 7.903000
v -4.922000 -0.851000 15.334000
v -4.422000 -0.851000 7.959000
v -4.422000 -0.851000 15.461000
v -3.922000 -0.851000 8.238000
v -3.922000 -0.851000 15.702000
v -3.422000 -0.851000 8.356000
v -3.422000 -0.851000 15.971000
v -2.922000 -0.851000 8.402000
v -2.922000 -0.851000 16.294000
v -2.422000 -0.851000 8.439000
v -2.422000 -0.851000 16.728000
v -1.922000 -0.851000 8.566000
v -1.922000 -0.851000 17.136000
v -1.422000 -0.851000 8.702000
v -1.422000 -0.851000 17.275000
v -0.922000 -0.851000 8.816000
v -0.922000 -0.851000 17.224000
v -0.422000 -0.851000 9.123000
v -0.422000 -0.851000 16.995000
v 0.078000 -0.851000 9.460000
v 0.078000 -0.851000 16.759000
v 0.578000 -0.851000 9.872000
v 0.578000 -0.851000 16.682000
v 1.078000 -0.851000 11.001000
v 1.078000 -0.851000 16.590000
v 1.578000 -0.851000 11.483000
v 1.578000 -0.851000 16.598000
v 2.078000 -0.851000 11.929000
v 2.078000 -0.851000 16.684000
v 2.578000 -0.851000 12.421000
v 2.578000 -0.851000 16.863000
v 3.078000 -0.851000 13.011000
v 3.078000 -0.851000 16.965000
v 3.578000 -0.851000 13.579000
v 3.578000 -0.851000 16.882000
v 4.078000 -0.851000 14.352000
v 4.078000 -0.851000 16.566000
v -14.422000 3.149000 4.735000
v -14.422000 3.149000 5.526000
v -13.922000 3.149000 4.458000
v -13.922000 3.149000 5.803000
v -13.422000 3.149000 4.633000
v -13.422000 3.149000 5.628000
v -7.422000 3.149000 13.631000
v -7.422000 3.149000 16.622000
v -6.922000 3.149000 13.180000
v -6.922000 3.149000 16.928000
v -6.422000 3.149000 12.819000
v -6.422000 3.149000 17.003000
v -5.922000 3.149000 12.416000
v -5.922000 3.149000 17.014000
v -5.422000 3.149000 11.550000
v -5.422000 3.149000 17.009000
v -4.922000 3.149000 10.562000
v -4.922000 3.149000 16.915000
v -4.422000 3.149000 10.256000
v -4.422000 3.149000 16.805000
v -3.922000 3.149000 10.176000
v -3.922000 3.149000 16.700000
v -3.422000 3.149000 10.162000
v -3.422000 3.149000 16.540000
v -2.922000 3.149000 10.197000
v -2.922000 3.149000 16.492000
v -2.422000 3.149000 10.271000
v -2.422000 3.149000 16.474000
v -1.922000 3.149000 10.481000
v -1.922000 3.149000 16.509000
v -1.422000 3.149000 10.907000
v -1.422000 3.149000 16.636000
v -0.922000 3.149000 11.511000
v -0.922000 3.149000 16.745000
v -0.422000 3.149000 11.796000
v -0.422000 3.149000 16.816000
v 0.078000 3.149000 12.088000
v 0.078000 3.149000 16.780000
v 0.578000 3.149000 12.740000
v 0.578000 3.149000 16.748000
v 1.078000 3.149000 13.170000
v 1.078000 3.149000 16.561000
v 1.578000 3.149000 13.218000
v 1.578000 3.149000 16.330000
v 2.078000 3.149000 12.972000
v 2.078000 3.149000 16.310000
v 2.578000 3.149000 12.580000
v 2.578000 3.149000 16.329000
v 3.078000 3.149000 12.339000
v 3.078000 3.149000 16.208000
v 3.578000 3.149000 12.254000
v 3.578000 3.149000 16.029000
v 4.078000 3.149000 12.355000
v 4.078000 3.149000 15.841000
v 4.578000 3.149000 12.702000
v 4.578000 3.149000 15.486000
v 5.078000 3.149000 13.244000
v 5.078000 3.149000 15.029000
v -5.922000 7.149000 14.650000
v -5.922000 7.149000 15.479000
v -5.422000 7.149000 14.445000
v -5.422000 7.149000 15.683000
v -4.922000 7.149000 14.579000
v -4.922000 7.149000 15.373000
v -4.422000 7.149000 14.285000
v -4.422000 7.149000 14.990000
v -3.922000 7.149000 13.833000
v -3.922000 7.149000 15.090000
v -3.422000 7.149000 13.186000
v -3.422000 7.149000 14.789000
v -2.922000 7.149000 10.590000
v -2.922000 7.149000 14.473000
v -2.422000 7.149000 10.857000
v -2.422000 7.149000 14.278000
v -1.922000 7.149000 11.279000
v -1.922000 7.149000 14.063000
v -1.422000 7.149000 11.435000
v -1.422000 7.149000 13.848000
v -0.922000 7.149000 11.575000
v -0.922000 7.149000 13.700000
v -0.422000 7.149000 12.029000
v -0.422000 7.149000 13.231000
v -10.422000 -8.603000 -11.654000
v -10.422000 -6.149000 -11.654000
v -9.922000 -8.927000 -11.654000
v -9.922000 -5.840000 -11.654000
v -9.422000 -9.014000 -11.654000
v -9.422000 -5.761000 -11.654000
v -8.922000 -8.935000 -11.654000
v -8.922000 -5.871000 -11.654000
v -8.422000 -8.825000 -11.654000
v -8.422000 -6.227000 -11.654000
v -7.922000 -8.470000 -11.654000
v -7.922000 -6.641000 -11.654000
v -9.422000 -7.275000 -7.654000
v -9.422000 -6.009000 -7.654000
v -8.922000 -8.998000 -7.654000
v -8.922000 -5.563000 -7.654000
v -8.422000 -9.335000 -7.654000
v -8.422000 -5.340000 -7.654000
v -7.922000 -9.429000 -7.654000
v -7.922000 -5.248000 -7.654000
v -7.422000 -9.436000 -7.654000
v -7.422000 -5.245000 -7.654000
v -6.922000 -9.348000 -7.654000
v -6.922000 -5.326000 -7.654000
v -6.422000 -9.063000 -7.654000
v -6.422000 -5.540000 -7.654000
v -5.922000 -8.723000 -7.654000
v -5.922000 -5.969000 -7.654000
v -5.422000 -8.530000 -7.654000
v -5.422000 -7.240000 -7.654000
v -4.922000 -8.759000 -7.654000
v -4.922000 -7.447000 -7.654000
v -4.422000 -9.673000 -7.654000
v -4.422000 -7.365000 -7.654000
v -3.922000 -10.598000 -7.654000
v -3.922000 -7.416000 -7.654000
v -3.422000 -10.909000 -7.654000
v -3.422000 -7.452000 -7.654000
v -2.922000 -11.097000 -7.654000
v -2.922000 -7.577000 -7.654000
v -2.422000 -11.515000 -7.654000
v -2.422000 -7.762000 -7.654000
v -1.922000 -12.066000 -7.654000
v -1.922000 -8.094000 -7.654000
v -1.422000 -12.514000 -7.654000
v -1.422000 -8.651000 -7.654000
v -0.922000 -12.856000 -7.654000
v -0.922000 -9.161000 -7.654000
v -0.422000 -12.951000 -7.654000
v -0.422000 -9.642000 -7.654000
v 0.078000 -12.858000 -7.654000
v 0.078000 -10.155000 -7.654000
v 0.578000 -12.522000 -7.654000
v 0.578000 -10.640000 -7.654000
v -6.922000 -11.554000 -3.654000
v -6.922000 -9.612000 -3.654000
v -6.422000 -11.901000 -3.654000
v -6.422000 -9.086000 -3.654000
v -5.922000 -12.003000 -3.654000
v -5.922000 -8.671000 -3.654000
v -5.422000 -12.016000 -3.654000
v -5.422000 -8.533000 -3.654000
v -4.922000 -12.065000 -3.654000
v -4.922000 -8.441000 -3.654000
v -4.422000 -12.188000 -3.654000
v -4.422000 -8.338000 -3.654000
v -3.922000 -12.393000 -3.654000
v -3.922000 -8.237000 -3.654000
v -3.422000 -12.571000 -3.654000
v -3.422000 -7.784000 -3.654000
v -2.922000 -12.852000 -3.654000
v -2.922000 -6.639000 -3.654000
v -2.422000 -12.950000 -3.654000
v -2.422000 -6.371000 -3.654000
v -1.922000 -13.000000 -3.654000
v -1.922000 -6.546000 -3.654000
v -1.422000 -12.896000 -3.654000
v -1.422000 -7.925000 -3.654000
v -0.922000 -12.540000 -3.654000
v -0.922000 -8.677000 -3.654000
v -0.422000 -11.695000 -3.654000
v -0.422000 -10.452000 -3.654000
v -5.922000 -9.314000 0.346000
v -5.922000 -7.363000 0.346000
v -5.422000 -11.147000 0.346000
v -5.422000 -6.802000 0.346000
v -4.922000 -11.823000 0.346000
v -4.922000 -6.402000 0.346000
v -4.422000 -11.755000 0.346000
v -4.422000 -5.878000 0.346000
v -3.922000 -11.350000 0.346000
v -3.922000 -5.491000 0.346000
v -3.422000 -10.980000 0.346000
v -3.422000 -5.256000 0.346000
v -2.922000 -10.642000 0.346000
v -2.922000 -5.150000 0.346000
v -2.422000 -9.965000 0.346000
v -2.422000 -5.248000 0.346000
v -1.922000 -9.605000 0.346000
v -1.922000 -5.502000 0.346000
v -1.422000 -9.491000 0.346000
v -1.422000 -5.950000 0.346000
v -0.922000 -9.399000 0.346000
v -0.922000 -6.517000 0.346000
v -0.422000 -9.071000 0.346000
v -0.422000 -7.051000 0.346000
v -15.922000 -0.595000 4.346000
v -15.922000 1.307000 4.346000
v -15.422000 -0.948000 4.346000
v -15.422000 1.833000 4.346000
v -14.922000 -1.031000 4.346000
v -14.922000 2.431000 4.346000
v -14.422000 -1.051000 4.346000
v -14.422000 2.945000 4.346000
v -13.922000 -1.151000 4.346000
v -13.922000 3.080000 4.346000
v -13.422000 -1.258000 4.346000
v -13.422000 2.988000 4.346000
v -12.922000 -1.264000 4.346000
v -12.922000 2.585000 4.346000
v -12.422000 -1.126000 4.346000
v -12.422000 2.076000 4.346000
v -11.922000 -0.595000 4.346000
v -11.922000 0.373000 4.346000
v -7.922000 -8.856000 4.346000
v -7.922000 -5.952000 4.346000
v -7.422000 -10.047000 4.346000
v -7.422000 -5.018000 4.346000
v -6.922000 -10.602000 4.346000
v -6.922000 -4.182000 4.346000
v -6.422000 -11.028000 4.346000
v -6.422000 -3.804000 4.346000
v -5.922000 -11.348000 4.346000
v -5.922000 -3.466000 4.346000
v -5.422000 -11.443000 4.346000
v -5.422000 -3.280000 4.346000
v -4.922000 -11.522000 4.346000
v -4.922000 -3.034000 4.346000
v -4.422000 -11.487000 4.346000
v -4.422000 -2.764000 4.346000
v -3.922000 -11.387000 4.346000
v -3.922000 -2.624000 4.346000
v -3.422000 -11.056000 4.346000
v -3.422000 -2.488000 4.346000
v -2.922000 -10.541000 4.346000
v -2.922000 -2.391000 4.346000
v -2.422000 -10.006000 4.346000
v -2.422000 -2.478000 4.346000
v -1.922000 -9.733000 4.346000
v -1.922000 -2.617000 4.346000
v -1.422000 -9.307000 4.346000
v -1.422000 -2.699000 4.346000
v -0.922000 -8.854000 4.346000
v -0.922000 -2.805000 4.346000
v -0.422000 -8.518000 4.346000
v -0.422000 -3.155000 4.346000
v 0.078000 -8.350000 4.346000
v 0.078000 -3.566000 4.346000
v 0.578000 -8.013000 4.346000
v 0.578000 -5.725000 4.346000
v -16.422000 -1.561000 8.346000
v -16.422000 1.337000 8.346000
v -15.922000 -1.983000 8.346000
v -15.922000 1.691000 8.346000
v -15.422000 -2.320000 8.346000
v -15.422000 1.983000 8.346000
v -14.922000 -2.631000 8.346000
v -14.922000 2.075000 8.346000
v -14.422000 -2.771000 8.346000
v -14.422000 1.987000 8.346000
v -13.922000 -3.042000 8.346000
v -13.922000 1.907000 8.346000
v -13.422000 -4.888000 8.346000
v -13.422000 1.856000 8.346000
v -12.922000 -5.208000 8.346000
v -12.922000 1.712000 8.346000
v -12.422000 -5.011000 8.346000
v -12.422000 1.378000 8.346000
v -11.922000 -4.203000 8.346000
v -11.922000 -2.571000 8.346000
v -10.422000 -5.824000 8.346000
v -10.422000 -4.219000 8.346000
v -9.922000 -8.529000 8.346000
v -9.922000 -3.687000 8.346000
v -9.422000 -8.889000 8.346000
v -9.422000 -3.134000 8.346000
v -8.922000 -9.074000 8.346000
v -8.922000 -2.614000 8.346000
v -8.422000 -9.361000 8.346000
v -8.422000 -2.280000 8.346000
v -7.922000 -9.760000 8.346000
v -7.922000 -2.013000 8.346000
v -7.422000 -10.260000 8.346000
v -7.422000 -1.902000 8.346000
v -6.922000 -10.665000 8.346000
v -6.922000 -1.795000 8.346000
v -6.422000 -10.759000 8.346000
v -6.422000 -1.401000 8.346000
v -5.922000 -10.845000 8.346000
v -5.922000 -0.950000 8.346000
v -5.422000 -11.045000 8.346000
v -5.422000 -0.519000 8.346000
v -4.922000 -11.185000 8.346000
v -4.922000 -0.389000 8.346000
v -4.422000 -10.981000 8.346000
v -4.422000 -0.483000 8.346000
v -3.922000 -10.757000 8.346000
v -3.922000 -0.760000 8.346000
v -3.422000 -10.349000 8.346000
v -3.422000 -0.860000 8.346000
v -2.922000 -7.531000 8.346000
v -2.922000 -0.903000 8.346000
v -2.422000 -6.803000 8.346000
v -2.422000 -5.144000 8.346000
v -2.422000 -4.665000 8.346000
v -2.422000 -0.967000 8.346000
v -1.922000 -2.851000 8.346000
v -1.922000 -1.319000 8.346000
v -15.422000 -3.726000 12.346000
v -15.422000 -1.526000 12.346000
v -14.922000 -4.803000 12.346000
v -14.922000 -0.161000 12.346000
v -14.422000 -5.246000 12.346000
v -14.422000 0.020000 12.346000
v -13.922000 -5.407000 12.346000
v -13.922000 -0.279000 12.346000
v -13.422000 -5.758000 12.346000
v -13.422000 -0.878000 12.346000
v -12.922000 -6.269000 12.346000
v -12.922000 -1.371000 12.346000
v -12.422000 -7.175000 12.346000
v -12.422000 -2.671000 12.346000
v -11.922000 -7.622000 12.346000
v -11.922000 -2.746000 12.346000
v -11.422000 -7.752000 12.346000
v -11.422000 -2.369000 12.346000
v -10.922000 -7.660000 12.346000
v -10.922000 -2.029000 12.346000
v -10.422000 -7.268000 12.346000
v -10.422000 -1.627000 12.346000
v -9.922000 -6.730000 12.346000
v -9.922000 -1.331000 12.346000
v -9.422000 -5.396000 12.346000
v -9.422000 -1.084000 12.346000
v -8.922000 -4.770000 12.346000
v -8.922000 -0.776000 12.346000
v -8.422000 -4.615000 12.346000
v -8.422000 -0.676000 12.346000
v -7.922000 -4.554000 12.346000
v -7.922000 -0.746000 12.346000
v -7.422000 -4.548000 12.346000
v -7.422000 -0.826000 12.346000
v -6.922000 -4.532000 12.346000
v -6.922000 -0.715000 12.346000
v -6.422000 -4.503000 12.346000
v -6.422000 -0.308000 12.346000
v -5.922000 -4.608000 12.346000
v -5.922000 0.638000 12.346000
v -5.922000 2.017000 12.346000
v -5.922000 3.024000 12.346000
v -5.422000 -4.988000 12.346000
v -5.422000 3.836000 12.346000
v -4.922000 -5.613000 12.346000
v -4.922000 4.650000 12.346000
v -4.422000 -6.072000 12.346000
v -4.422000 5.975000 12.346000
v -3.922000 -6.410000 12.346000
v -3.922000 6.436000 12.346000
v -3.422000 -6.516000 12.346000
v -3.422000 6.890000 12.346000
v -2.922000 -6.528000 12.346000
v -2.922000 7.211000 12.346000
v -2.422000 -6.526000 12.346000
v -2.422000 7.384000 12.346000
v -1.922000 -6.487000 12.346000
v -1.922000 7.655000 12.346000
v -1.422000 -6.514000 12.346000
v -1.422000 7.748000 12.346000
v -0.922000 -6.505000 12.346000
v -0.922000 7.653000 12.346000
v -0.422000 -6.409000 12.346000
v -0.422000 7.313000 12.346000
v 0.078000 -6.350000 12.346000
v 0.078000 3.489000 12.346000
v 0.578000 -6.301000 12.346000
v 0.578000 2.954000 12.346000
v 1.078000 -6.250000 12.346000
v 1.078000 -4.214000 12.346000
v 1.078000 -3.074000 12.346000
v 1.078000 2.731000 12.346000
v 1.578000 -6.269000 12.346000
v 1.578000 -4.458000 12.346000
v 1.578000 -1.858000 12.346000
v 1.578000 2.617000 12.346000
v 2.078000 -6.038000 12.346000
v 2.078000 -4.643000 12.346000
v 2.078000 -1.306000 12.346000
v 2.078000 2.644000 12.346000
v 2.578000 -0.775000 12.346000
v 2.578000 2.759000 12.346000
v 3.078000 0.867000 12.346000
v 3.078000 3.185000 12.346000
v 3.578000 2.318000 12.346000
v 3.578000 3.479000 12.346000
v -7.422000 1.715000 16.346000
v -7.422000 3.978000 16.346000
v -6.922000 1.321000 16.346000
v -6.922000 4.534000 16.346000
v -6.422000 1.225000 16.346000
v -6.422000 5.077000 16.346000
v -5.922000 1.231000 16.346000
v -5.922000 6.217000 16.346000
v -5.422000 1.189000 16.346000
v -5.422000 6.455000 16.346000
v -4.922000 1.103000 16.346000
v -4.922000 6.057000 16.346000
v -4.422000 0.828000 16.346000
v -4.422000 4.326000 16.346000
v -3.922000 0.568000 16.346000
v -3.922000 4.038000 16.346000
v -3.422000 0.032000 16.346000
v -3.422000 3.819000 16.346000
v -2.922000 -5.512000 16.346000
v -2.922000 -4.344000 16.346000
v -2.922000 -0.742000 16.346000
v -2.922000 3.475000 16.346000
v -2.422000 -5.771000 16.346000
v -2.422000 3.433000 16.346000
v -1.922000 -5.852000 16.346000
v -1.922000 3.571000 16.346000
v -1.422000 -5.938000 16.346000
v -1.422000 3.541000 16.346000
v -0.922000 -6.002000 16.346000
v -0.922000 3.575000 16.346000
v -0.422000 -6.002000 16.346000
v -0.422000 3.625000 16.346000
v 0.078000 -6.017000 16.346000
v 0.078000 3.536000 16.346000
v 0.578000 -6.011000 16.346000
v 0.578000 3.340000 16.346000
v 1.078000 -5.970000 16.346000
v 1.078000 3.255000 16.346000
v 1.578000 -5.883000 16.346000
v 1.578000 3.136000 16.346000
v 2.078000 -5.568000 16.346000
v 2.078000 3.115000 16.346000
v 2.578000 -4.755000 16.346000
v 2.578000 3.132000 16.346000
v 3.078000 -3.240000 16.346000
v 3.078000 3.020000 16.346000
v 3.578000 -2.765000 16.346000
v 3.578000 0.189000 16.346000
v 3.578000 1.143000 16.346000
v 3.578000 2.636000 16.346000
v 4.078000 -2.317000 16.346000
v 4.078000 -0.423000 16.346000
v -1.288000 -12.351000 -8.154000
v 0.447000 -12.351000 -8.154000
v -1.591000 -12.351000 -7.654000
v 0.715000 -12.351000 -7.654000
v -1.634000 -12.351000 -7.154000
v 0.731000 -12.351000 -7.154000
v -1.845000 -12.351000 -6.654000
v 0.507000 -12.351000 -6.654000
v -2.348000 -12.351000 -6.154000
v -0.019000 -12.351000 -6.154000
v -2.760000 -12.351000 -5.654000
v -0.258000 -12.351000 -5.654000
v -3.345000 -12.351000 -5.154000
v -0.327000 -12.351000 -5.154000
v -3.987000 -12.351000 -4.654000
v -0.564000 -12.351000 -4.654000
v -4.028000 -12.351000 -4.154000
v -0.728000 -12.351000 -4.154000
v -4.060000 -12.351000 -3.654000
v -0.781000 -12.351000 -3.654000
v -4.480000 -12.351000 -3.154000
v -1.020000 -12.351000 -3.154000
v -5.493000 -12.351000 -2.654000
v -3.183000 -12.351000 -2.654000
v -6.008000 -12.351000 -2.154000
v -3.669000 -12.351000 -2.154000
v -6.149000 -12.351000 -1.654000
v -3.751000 -12.351000 -1.654000
v -6.129000 -12.351000 -1.154000
v -3.792000 -12.351000 -1.154000
v -5.889000 -12.351000 -0.654000
v -4.032000 -12.351000 -0.654000
v -10.381000 -8.351000 -12.154000
v -8.091000 -8.351000 -12.154000
v -10.619000 -8.351000 -11.654000
v -7.828000 -8.351000 -11.654000
v -10.620000 -8.351000 -11.154000
v -7.763000 -8.351000 -11.154000
v -10.387000 -8.351000 -10.654000
v -7.530000 -8.351000 -10.654000
v -5.317000 -8.351000 -10.654000
v -3.521000 -8.351000 -10.654000
v -9.651000 -8.351000 -10.154000
v -6.822000 -8.351000 -10.154000
v -5.976000 -8.351000 -10.154000
v -3.121000 -8.351000 -10.154000
v -9.191000 -8.351000 -9.654000
v -2.612000 -8.351000 -9.654000
v -9.089000 -8.351000 -9.154000
v -2.017000 -8.351000 -9.154000
v -9.138000 -8.351000 -8.654000
v -1.771000 -8.351000 -8.654000
v -9.269000 -8.351000 -8.154000
v -1.741000 -8.351000 -8.154000
v -9.265000 -8.351000 -7.654000
v -1.711000 -8.351000 -7.654000
v -9.060000 -8.351000 -7.154000
v -6.166000 -8.351000 -7.154000
v -4.394000 -8.351000 -7.154000
v -1.598000 -8.351000 -7.154000
v -8.456000 -8.351000 -6.654000
v -6.660000 -8.351000 -6.654000
v -4.049000 -8.351000 -6.654000
v -1.373000 -8.351000 -6.654000
v -3.793000 -8.351000 -6.154000
v -1.349000 -8.351000 -6.154000
v -3.223000 -8.351000 -5.654000
v -1.246000 -8.351000 -5.654000
v -2.868000 -8.351000 -5.154000
v -1.237000 -8.351000 -5.154000
v -2.761000 -8.351000 -4.654000
v -1.344000 -8.351000 -4.654000
v -3.191000 -8.351000 -4.154000
v -1.316000 -8.351000 -4.154000
v -4.508000 -8.351000 -3.654000
v -1.075000 -8.351000 -3.654000
v -6.297000 -8.351000 -3.154000
v -0.770000 -8.351000 -3.154000
v -6.634000 -8.351000 -2.654000
v -0.562000 -8.351000 -2.654000
v -6.818000 -8.351000 -2.154000
v -0.248000 -8.351000 -2.154000
v -6.808000 -8.351000 -1.654000
v -0.056000 -8.351000 -1.654000
v -6.756000 -8.351000 -1.154000
v -0.036000 -8.351000 -1.154000
v -6.536000 -8.351000 -0.654000
v -0.067000 -8.351000 -0.654000
v -6.285000 -8.351000 -0.154000
v -0.105000 -8.351000 -0.154000
v -6.109000 -8.351000 0.346000
v -0.042000 -8.351000 0.346000
v -5.895000 -8.351000 0.846000
v -0.042000 -8.351000 0.846000
v -5.825000 -8.351000 1.346000
v -0.063000 -8.351000 1.346000
v -5.977000 -8.351000 1.846000
v -0.012000 -8.351000 1.846000
v -6.366000 -8.351000 2.346000
v 0.146000 -8.351000 2.346000
v -6.861000 -8.351000 2.846000
v 0.268000 -8.351000 2.846000
v -7.244000 -8.351000 3.346000
v 0.233000 -8.351000 3.346000
v -7.620000 -8.351000 3.846000
v 0.169000 -8.351000 3.846000
v -8.076000 -8.351000 4.346000
v 0.074000 -8.351000 4.346000
v -8.603000 -8.351000 4.846000
v -0.553000 -8.351000 4.846000
v -8.796000 -8.351000 5.346000
v -0.682000 -8.351000 5.346000
v -8.795000 -8.351000 5.846000
v -0.407000 -8.351000 5.846000
v -8.797000 -8.351000 6.346000
v -0.405000 -8.351000 6.346000
v -8.974000 -8.351000 6.846000
v -1.212000 -8.351000 6.846000
v -9.301000 -8.351000 7.346000
v -1.806000 -8.351000 7.346000
v -9.805000 -8.351000 7.846000
v -2.592000 -8.351000 7.846000
v -10.055000 -8.351000 8.346000
v -3.217000 -8.351000 8.346000
v -10.065000 -8.351000 8.846000
v -3.585000 -8.351000 8.846000
v -9.882000 -8.351000 9.346000
v -3.913000 -8.351000 9.346000
v -5.918000 -8.351000 9.846000
v -4.869000 -8.351000 9.846000
v -3.547000 -4.351000 1.346000
v -2.362000 -4.351000 1.346000
v -4.117000 -4.351000 1.846000
v -1.767000 -4.351000 1.846000
v -4.585000 -4.351000 2.346000
v -0.366000 -4.351000 2.346000
v -5.399000 -4.351000 2.846000
v 0.256000 -4.351000 2.846000
v -6.337000 -4.351000 3.346000
v 0.468000 -4.351000 3.346000
v -6.810000 -4.351000 3.846000
v 0.496000 -4.351000 3.846000
v -7.061000 -4.351000 4.346000
v 0.485000 -4.351000 4.346000
v -7.327000 -4.351000 4.846000
v 0.290000 -4.351000 4.846000
v -7.565000 -4.351000 5.346000
v -0.018000 -4.351000 5.346000
v -7.694000 -4.351000 5.846000
v -0.567000 -4.351000 5.846000
v -8.114000 -4.351000 6.346000
v -1.452000 -4.351000 6.346000
v -8.939000 -4.351000 6.846000
v -2.280000 -4.351000 6.846000
v -9.551000 -4.351000 7.346000
v -2.470000 -4.351000 7.346000
v -9.855000 -4.351000 7.846000
v -2.465000 -4.351000 7.846000
v -13.483000 -4.351000 8.346000
v -11.975000 -4.351000 8.346000
v -10.517000 -4.351000 8.346000
v -2.334000 -4.351000 8.346000
v -14.110000 -4.351000 8.846000
v -2.118000 -4.351000 8.846000
v -14.654000 -4.351000 9.346000
v -1.758000 -4.351000 9.346000
v -15.142000 -4.351000 9.846000
v -1.574000 -4.351000 9.846000
v -15.420000 -4.351000 10.346000
v -1.416000 -4.351000 10.346000
v -15.595000 -4.351000 10.846000
v -1.031000 -4.351000 10.846000
v -15.579000 -4.351000 11.346000
v -0.261000 -4.351000 11.346000
v -15.353000 -4.351000 11.846000
v 0.418000 -4.351000 11.846000
v -15.101000 -4.351000 12.346000
v 1.251000 -4.351000 12.346000
v -14.578000 -4.351000 12.846000
v 2.535000 -4.351000 12.846000
v -12.971000 -4.351000 13.346000
v 2.843000 -4.351000 13.346000
v -12.364000 -4.351000 13.846000
v 2.974000 -4.351000 13.846000
v -9.501000 -4.351000 14.346000
v -7.317000 -4.351000 14.346000
v -6.043000 -4.351000 14.346000
v 2.973000 -4.351000 14.346000
v -5.226000 -4.351000 14.846000
v 2.967000 -4.351000 14.846000
v -4.537000 -4.351000 15.346000
v 2.987000 -4.351000 15.346000
v -3.613000 -4.351000 15.846000
v 2.960000 -4.351000 15.846000
v -2.926000 -4.351000 16.346000
v 2.738000 -4.351000 16.346000
v -2.125000 -4.351000 16.846000
v 2.291000 -4.351000 16.846000
v -1.585000 -4.351000 17.346000
v 1.725000 -4.351000 17.346000
v -0.897000 -4.351000 17.846000
v 0.141000 -4.351000 17.846000
v -15.849000 -0.351000 3.846000
v -12.492000 -0.351000 3.846000
v -16.085000 -0.351000 4.346000
v -11.841000 -0.351000 4.346000
v -16.322000 -0.351000 4.846000
v -11.621000 -0.351000 4.846000
v -16.637000 -0.351000 5.346000
v -11.540000 -0.351000 5.346000
v -16.818000 -0.351000 5.846000
v -11.522000 -0.351000 5.846000
v -16.833000 -0.351000 6.346000
v -11.557000 -0.351000 6.346000
v -16.845000 -0.351000 6.846000
v -11.551000 -0.351000 6.846000
v -16.843000 -0.351000 7.346000
v -11.545000 -0.351000 7.346000
v -16.837000 -0.351000 7.846000
v -11.737000 -0.351000 7.846000
v -16.818000 -0.351000 8.346000
v -12.028000 -0.351000 8.346000
v -16.618000 -0.351000 8.846000
v -12.226000 -0.351000 8.846000
v -5.534000 -0.351000 8.846000
v -4.026000 -0.351000 8.846000
v -16.370000 -0.351000 9.346000
v -12.475000 -0.351000 9.346000
v -5.607000 -0.351000 9.346000
v 0.228000 -0.351000 9.346000
v -16.288000 -0.351000 9.846000
v -12.559000 -0.351000 9.846000
v -5.798000 -0.351000 9.846000
v 0.789000 -0.351000 9.846000
v -16.101000 -0.351000 10.346000
v -12.542000 -0.351000 10.346000
v -6.014000 -0.351000 10.346000
v 0.988000 -0.351000 10.346000
v -15.900000 -0.351000 10.846000
v -12.540000 -0.351000 10.846000
v -6.061000 -0.351000 10.846000
v 1.226000 -0.351000 10.846000
v -15.822000 -0.351000 11.346000
v -12.684000 -0.351000 11.346000
v -6.127000 -0.351000 11.346000
v 1.706000 -0.351000 11.346000
v -15.626000 -0.351000 11.846000
v -13.050000 -0.351000 11.846000
v -6.255000 -0.351000 11.846000
v 2.252000 -0.351000 11.846000
v -15.058000 -0.351000 12.346000
v -13.883000 -0.351000 12.346000
v -6.457000 -0.351000 12.346000
v 2.759000 -0.351000 12.346000
v -6.633000 -0.351000 12.846000
v 3.171000 -0.351000 12.846000
v -7.012000 -0.351000 13.346000
v 3.405000 -0.351000 13.346000
v -7.631000 -0.351000 13.846000
v 3.660000 -0.351000 13.846000
v -7.475000 -0.351000 14.346000
v 3.821000 -0.351000 14.346000
v -6.750000 -0.351000 14.846000
v 4.076000 -0.351000 14.846000
v -5.947000 -0.351000 15.346000
v 4.275000 -0.351000 15.346000
v -4.007000 -0.351000 15.846000
v 4.270000 -0.351000 15.846000
v -3.134000 -0.351000 16.346000
v 4.025000 -0.351000 16.346000
v -2.554000 -0.351000 16.846000
v 0.267000 -0.351000 16.846000
v -1.925000 -0.351000 17.346000
v -0.853000 -0.351000 17.346000
v -4.544000 3.649000 10.346000
v -2.279000 3.649000 10.346000
v -5.086000 3.649000 10.846000
v -1.625000 3.649000 10.846000
v -5.274000 3.649000 11.346000
v -1.182000 3.649000 11.346000
v -5.396000 3.649000 11.846000
v -0.603000 3.649000 11.846000
v -5.593000 3.649000 12.346000
v -0.014000 3.649000 12.346000
v -5.998000 3.649000 12.846000
v 0.326000 3.649000 12.846000
v 2.645000 3.649000 12.846000
v 4.558000 3.649000 12.846000
v -6.779000 3.649000 13.346000
v 0.841000 3.649000 13.346000
v 2.066000 3.649000 13.346000
v 5.160000 3.649000 13.346000
v -7.362000 3.649000 13.846000
v 5.378000 3.649000 13.846000
v -7.644000 3.649000 14.346000
v 5.393000 3.649000 14.346000
v -7.812000 3.649000 14.846000
v 5.212000 3.649000 14.846000
v -7.801000 3.649000 15.346000
v 4.692000 3.649000 15.346000
v -7.769000 3.649000 15.846000
v 0.856000 3.649000 15.846000
v -7.562000 3.649000 16.346000
v -3.278000 3.649000 16.346000
v -6.955000 3.649000 16.846000
v -5.136000 3.649000 16.846000
v -1.937000 7.649000 12.346000
v -0.912000 7.649000 12.346000
v -1.969000 7.649000 12.846000
v -0.880000 7.649000 12.846000
v -5.922000 -12.351000 -2.276000
v -5.922000 -12.351000 -0.697000
v -5.422000 -12.351000 -2.742000
v -5.422000 -12.351000 -0.304000
v -4.922000 -12.351000 -3.033000
v -4.922000 -12.351000 -0.198000
v -4.422000 -12.351000 -3.198000
v -4.422000 -12.351000 -0.334000
v -3.922000 -12.351000 -4.752000
v -3.922000 -12.351000 -0.814000
v -3.422000 -12.351000 -5.101000
v -3.422000 -12.351000 -2.534000
v -2.922000 -12.351000 -5.495000
v -2.922000 -12.351000 -2.709000
v -2.422000 -12.351000 -6.051000
v -2.422000 -12.351000 -2.736000
v -1.922000 -12.351000 -6.567000
v -1.922000 -12.351000 -2.710000
v -1.422000 -12.351000 -7.996000
v -1.422000 -12.351000 -2.832000
v -0.922000 -12.351000 -8.423000
v -0.922000 -12.351000 -3.294000
v -0.422000 -12.351000 -8.537000
v -0.422000 -12.351000 -4.902000
v 0.078000 -12.351000 -8.426000
v 0.078000 -12.351000 -6.259000
v 0.578000 -12.351000 -7.979000
v 0.578000 -12.351000 -6.756000
v -10.422000 -8.351000 -12.099000
v -10.422000 -8.351000 -10.701000
v -9.922000 -8.351000 -12.504000
v -9.922000 -8.351000 -10.295000
v -9.922000 -8.351000 8.013000
v -9.922000 -8.351000 9.277000
v -9.422000 -8.351000 -12.604000
v -9.422000 -8.351000 -9.983000
v -9.422000 -8.351000 7.492000
v -9.422000 -8.351000 9.705000
v -8.922000 -8.351000 -12.536000
v -8.922000 -8.351000 -6.980000
v -8.922000 -8.351000 6.741000
v -8.922000 -8.351000 9.811000
v -8.422000 -8.351000 -12.409000
v -8.422000 -8.351000 -6.640000
v -8.422000 -8.351000 4.618000
v -8.422000 -8.351000 9.716000
v -7.922000 -8.351000 -11.909000
v -7.922000 -8.351000 -6.539000
v -7.922000 -8.351000 4.215000
v -7.922000 -8.351000 9.557000
v -7.422000 -8.351000 -10.536000
v -7.422000 -8.351000 -6.480000
v -7.422000 -8.351000 3.585000
v -7.422000 -8.351000 9.529000
v -6.922000 -8.351000 -10.193000
v -6.922000 -8.351000 -6.520000
v -6.922000 -8.351000 2.917000
v -6.922000 -8.351000 9.510000
v -6.422000 -8.351000 -10.085000
v -6.422000 -8.351000 -6.877000
v -6.422000 -8.351000 -2.993000
v -6.422000 -8.351000 -0.477000
v -6.422000 -8.351000 2.414000
v -6.422000 -8.351000 9.616000
v -5.922000 -8.351000 -10.173000
v -5.922000 -8.351000 -7.393000
v -5.922000 -8.351000 -3.431000
v -5.922000 -8.351000 0.778000
v -5.922000 -8.351000 1.736000
v -5.922000 -8.351000 9.844000
v -5.422000 -8.351000 -10.530000
v -5.422000 -8.351000 -7.580000
v -5.422000 -8.351000 -3.544000
v -5.422000 -8.351000 9.938000
v -4.922000 -8.351000 -10.954000
v -4.922000 -8.351000 -7.507000
v -4.922000 -8.351000 -3.589000
v -4.922000 -8.351000 9.859000
v -4.422000 -8.351000 -11.066000
v -4.422000 -8.351000 -7.182000
v -4.422000 -8.351000 -3.665000
v -4.422000 -8.351000 9.720000
v -3.922000 -8.351000 -10.957000
v -3.922000 -8.351000 -6.364000
v -3.922000 -8.351000 -3.749000
v -3.922000 -8.351000 9.356000
v -3.422000 -8.351000 -10.526000
v -3.422000 -8.351000 -5.809000
v -3.422000 -8.351000 -4.039000
v -3.422000 -8.351000 8.614000
v -2.922000 -8.351000 -9.942000
v -2.922000 -8.351000 -5.257000
v -2.922000 -8.351000 -4.407000
v -2.922000 -8.351000 8.072000
v -2.422000 -8.351000 -9.499000
v -2.422000 -8.351000 7.733000
v -1.922000 -8.351000 -9.023000
v -1.922000 -8.351000 7.415000
v -1.422000 -8.351000 -6.763000
v -1.422000 -8.351000 7.085000
v -0.922000 -8.351000 -3.397000
v -0.922000 -8.351000 6.702000
v -0.422000 -8.351000 -2.397000
v -0.422000 -8.351000 4.730000
v -0.422000 -8.351000 5.816000
v -0.422000 -8.351000 6.382000
v 0.078000 -8.351000 2.139000
v 0.078000 -8.351000 4.339000
v -15.422000 -4.351000 10.350000
v -15.422000 -4.351000 11.712000
v -14.922000 -4.351000 9.571000
v -14.922000 -4.351000 12.579000
v -14.422000 -4.351000 9.114000
v -14.422000 -4.351000 12.919000
v -13.922000 -4.351000 8.660000
v -13.922000 -4.351000 13.019000
v -13.422000 -4.351000 8.320000
v -13.422000 -4.351000 13.125000
v -12.922000 -4.351000 8.218000
v -12.922000 -4.351000 13.374000
v -12.422000 -4.351000 8.252000
v -12.422000 -4.351000 13.778000
v -11.922000 -4.351000 8.365000
v -11.922000 -4.351000 14.165000
v -11.422000 -4.351000 8.502000
v -11.422000 -4.351000 14.260000
v -10.922000 -4.351000 8.481000
v -10.922000 -4.351000 14.169000
v -10.422000 -4.351000 8.303000
v -10.422000 -4.351000 14.111000
v -9.922000 -4.351000 7.929000
v -9.922000 -4.351000 14.174000
v -9.422000 -4.351000 7.192000
v -9.422000 -4.351000 14.390000
v -8.922000 -4.351000 6.835000
v -8.922000 -4.351000 14.692000
v -8.422000 -4.351000 6.513000
v -8.422000 -4.351000 14.790000
v -7.922000 -4.351000 6.190000
v -7.922000 -4.351000 14.668000
v -7.422000 -4.351000 4.983000
v -7.422000 -4.351000 14.395000
v -6.922000 -4.351000 4.003000
v -6.922000 -4.351000 14.221000
v -6.422000 -4.351000 3.460000
v -6.422000 -4.351000 14.248000
v -5.922000 -4.351000 3.020000
v -5.922000 -4.351000 14.401000
v -5.422000 -4.351000 2.854000
v -5.422000 -4.351000 14.704000
v -4.922000 -4.351000 2.627000
v -4.922000 -4.351000 15.073000
v -4.422000 -4.351000 2.157000
v -4.422000 -4.351000 15.401000
v -3.922000 -4.351000 1.616000
v -3.922000 -4.351000 15.627000
v -3.422000 -4.351000 1.288000
v -3.422000 -4.351000 16.004000
v -2.922000 -4.351000 1.192000
v -2.922000 -4.351000 16.347000
v -2.422000 -4.351000 1.316000
v -2.422000 -4.351000 7.133000
v -2.422000 -4.351000 8.063000
v -2.422000 -4.351000 16.589000
v -1.922000 -4.351000 1.688000
v -1.922000 -4.351000 6.521000
v -1.922000 -4.351000 9.116000
v -1.922000 -4.351000 17.081000
v -1.422000 -4.351000 2.087000
v -1.422000 -4.351000 6.336000
v -1.422000 -4.351000 10.333000
v -1.422000 -4.351000 17.481000
v -0.922000 -4.351000 2.234000
v -0.922000 -4.351000 6.134000
v -0.922000 -4.351000 10.935000
v -0.922000 -4.351000 17.835000
v -0.422000 -4.351000 2.325000
v -0.422000 -4.351000 5.702000
v -0.422000 -4.351000 11.253000
v -0.422000 -4.351000 17.947000
v 0.078000 -4.351000 2.635000
v 0.078000 -4.351000 5.210000
v 0.078000 -4.351000 11.589000
v 0.078000 -4.351000 17.870000
v 0.578000 -4.351000 11.969000
v 0.578000 -4.351000 17.620000
v 1.078000 -4.351000 12.284000
v 1.078000 -4.351000 17.494000
v 1.578000 -4.351000 12.402000
v 1.578000 -4.351000 17.408000
v 2.078000 -4.351000 12.509000
v 2.078000 -4.351000 17.096000
v 2.578000 -4.351000 12.895000
v 2.578000 -4.351000 16.534000
v -16.422000 -0.351000 5.018000
v -16.422000 -0.351000 9.199000
v -15.922000 -0.351000 3.957000
v -15.922000 -0.351000 10.764000
v -15.422000 -0.351000 3.490000
v -15.422000 -0.351000 12.095000
v -14.922000 -0.351000 3.367000
v -14.922000 -0.351000 12.402000
v -14.422000 -0.351000 3.438000
v -14.422000 -0.351000 12.477000
v -13.922000 -0.351000 3.553000
v -13.922000 -0.351000 12.364000
v -13.422000 -0.351000 3.706000
v -13.422000 -0.351000 12.118000
v -12.922000 -0.351000 3.762000
v -12.922000 -0.351000 11.683000
v -12.422000 -0.351000 3.874000
v -12.422000 -0.351000 9.204000
v -11.922000 -0.351000 4.241000
v -11.922000 -0.351000 8.123000
v -7.422000 -0.351000 13.622000
v -7.422000 -0.351000 14.390000
v -6.922000 -0.351000 13.239000
v -6.922000 -0.351000 14.742000
v -6.422000 -0.351000 12.250000
v -6.422000 -0.351000 15.071000
v -5.922000 -0.351000 10.073000
v -5.922000 -0.351000 15.355000
v -5.422000 -0.351000 8.659000
v -5.422000 -0.351000 15.442000
v -4.922000 -0.351000 8.408000
v -4.922000 -0.351000 15.491000
v -4.422000 -0.351000 8.581000
v -4.422000 -0.351000 15.688000
v -3.922000 -0.351000 8.870000
v -3.922000 -0.351000 15.882000
v -3.422000 -0.351000 8.950000
v -3.422000 -0.351000 16.162000
v -2.922000 -0.351000 9.048000
v -2.922000 -0.351000 16.517000
v -2.422000 -0.351000 8.982000
v -2.422000 -0.351000 16.992000
v -1.922000 -0.351000 8.959000
v -1.922000 -0.351000 17.347000
v -1.422000 -0.351000 8.907000
v -1.422000 -0.351000 17.454000
v -0.922000 -0.351000 9.009000
v -0.922000 -0.351000 17.373000
v -0.422000 -0.351000 9.148000
v -0.422000 -0.351000 17.109000
v 0.078000 -0.351000 9.284000
v 0.078000 -0.351000 16.885000
v 0.578000 -0.351000 9.589000
v 0.578000 -0.351000 16.827000
v 1.078000 -0.351000 10.590000
v 1.078000 -0.351000 16.782000
v 1.578000 -0.351000 11.225000
v 1.578000 -0.351000 16.782000
v 2.078000 -0.351000 11.656000
v 2.078000 -0.351000 16.797000
v 2.578000 -0.351000 12.122000
v 2.578000 -0.351000 16.798000
v 3.078000 -0.351000 12.723000
v 3.078000 -0.351000 16.798000
v 3.578000 -0.351000 13.695000
v 3.578000 -0.351000 16.680000
v 4.078000 -0.351000 14.849000
v 4.078000 -0.351000 16.277000
v -7.422000 3.649000 13.925000
v -7.422000 3.649000 16.521000
v -6.922000 3.649000 13.483000
v -6.922000 3.649000 16.859000
v -6.422000 3.649000 13.064000
v -6.422000 3.649000 16.958000
v -5.922000 3.649000 12.788000
v -5.922000 3.649000 16.986000
v -5.422000 3.649000 11.922000
v -5.422000 3.649000 16.935000
v -4.922000 3.649000 10.632000
v -4.922000 3.649000 16.742000
v -4.422000 3.649000 10.291000
v -4.422000 3.649000 16.556000
v -3.922000 3.649000 10.191000
v -3.922000 3.649000 16.479000
v -3.422000 3.649000 10.165000
v -3.422000 3.649000 16.391000
v -2.922000 3.649000 10.198000
v -2.922000 3.649000 16.270000
v -2.422000 3.649000 10.283000
v -2.422000 3.649000 16.234000
v -1.922000 3.649000 10.592000
v -1.922000 3.649000 16.301000
v -1.422000 3.649000 11.067000
v -1.422000 3.649000 16.263000
v -0.922000 3.649000 11.592000
v -0.922000 3.649000 16.271000
v -0.422000 3.649000 11.978000
v -0.422000 3.649000 16.308000
v 0.078000 3.649000 12.463000
v 0.078000 3.649000 16.140000
v 0.578000 3.649000 13.154000
v 0.578000 3.649000 15.905000
v 1.078000 3.649000 13.465000
v 1.078000 3.649000 15.810000
v 1.578000 3.649000 13.544000
v 1.578000 3.649000 15.721000
v 2.078000 3.649000 13.338000
v 2.078000 3.649000 15.777000
v 2.578000 3.649000 12.920000
v 2.578000 3.649000 15.836000
v 3.078000 3.649000 12.530000
v 3.078000 3.649000 15.807000
v 3.578000 3.649000 12.431000
v 3.578000 3.649000 15.773000
v 4.078000 3.649000 12.549000
v 4.078000 3.649000 15.645000
v 4.578000 3.649000 12.858000
v 4.578000 3.649000 15.402000
v 5.078000 3.649000 13.239000
v 5.078000 3.649000 15.033000
v -1.922000 7.649000 12.321000
v -1.922000 7.649000 12.939000
v -1.422000 7.649000 12.044000
v -1.422000 7.649000 13.216000
v -0.922000 7.649000 12.328000
v -0.922000 7.649000 12.932000
v -10.422000 -8.605000 -11.154000
v -10.422000 -6.163000 -11.154000
v -9.922000 -8.929000 -11.154000
v -9.922000 -5.850000 -11.154000
v -9.422000 -9.015000 -11.154000
v -9.422000 -5.771000 -11.154000
v -8.922000 -8.941000 -11.154000
v -8.922000 -5.879000 -11.154000
v -8.422000 -8.833000 -11.154000
v -8.422000 -6.184000 -11.154000
v -7.922000 -8.518000 -11.154000
v -7.922000 -6.570000 -11.154000
v -4.922000 -7.898000 -11.154000
v -4.922000 -7.313000 -11.154000
v -4.422000 -8.188000 -11.154000
v -4.422000 -7.024000 -11.154000
v -3.922000 -7.910000 -11.154000
v -3.922000 -7.302000 -11.154000
v -8.922000 -8.672000 -7.154000
v -8.922000 -6.007000 -7.154000
v -8.422000 -9.118000 -7.154000
v -8.422000 -5.562000 -7.154000
v -7.922000 -9.243000 -7.154000
v -7.922000 -5.452000 -7.154000
v -7.422000 -9.292000 -7.154000
v -7.422000 -5.420000 -7.154000
v -6.922000 -9.257000 -7.154000
v -6.922000 -5.514000 -7.154000
v -6.422000 -8.849000 -7.154000
v -6.422000 -5.902000 -7.154000
v -4.422000 -9.005000 -7.154000
v -4.422000 -8.435000 -7.154000
v -3.922000 -10.649000 -7.154000
v -3.922000 -7.867000 -7.154000
v -3.422000 -10.963000 -7.154000
v -3.422000 -7.729000 -7.154000
v -2.922000 -11.207000 -7.154000
v -2.922000 -7.697000 -7.154000
v -2.422000 -11.641000 -7.154000
v -2.422000 -7.788000 -7.154000
v -1.922000 -12.107000 -7.154000
v -1.922000 -8.100000 -7.154000
v -1.422000 -12.557000 -7.154000
v -1.422000 -8.488000 -7.154000
v -0.922000 -12.870000 -7.154000
v -0.922000 -8.964000 -7.154000
v -0.422000 -12.965000 -7.154000
v -0.422000 -9.616000 -7.154000
v 0.078000 -12.872000 -7.154000
v 0.078000 -10.174000 -7.154000
v 0.578000 -12.541000 -7.154000
v 0.578000 -10.621000 -7.154000
v -6.922000 -11.555000 -3.154000
v -6.922000 -9.406000 -3.154000
v -6.422000 -11.901000 -3.154000
v -6.422000 -8.532000 -3.154000
v -5.922000 -12.042000 -3.154000
v -5.922000 -8.044000 -3.154000
v -5.422000 -12.178000 -3.154000
v -5.422000 -7.913000 -3.154000
v -4.922000 -12.280000 -3.154000
v -4.922000 -7.862000 -3.154000
v -4.422000 -12.364000 -3.154000
v -4.422000 -7.674000 -3.154000
v -3.922000 -12.456000 -3.154000
v -3.922000 -7.100000 -3.154000
v -3.422000 -12.524000 -3.154000
v -3.422000 -6.457000 -3.154000
v -2.922000 -12.650000 -3.154000
v -2.922000 -5.982000 -3.154000
v -2.422000 -12.756000 -3.154000
v -2.422000 -5.853000 -3.154000
v -1.922000 -12.804000 -3.154000
v -1.922000 -5.943000 -3.154000
v -1.422000 -12.680000 -3.154000
v -1.422000 -6.330000 -3.154000
v -0.922000 -12.205000 -3.154000
v -0.922000 -7.972000 -3.154000
v -5.922000 -7.996000 0.846000
v -5.922000 -7.486000 0.846000
v -5.422000 -11.038000 0.846000
v -5.422000 -6.664000 0.846000
v -4.922000 -11.686000 0.846000
v -4.922000 -6.181000 0.846000
v -4.422000 -11.717000 0.846000
v -4.422000 -5.686000 0.846000
v -3.922000 -11.423000 0.846000
v -3.922000 -5.322000 0.846000
v -3.422000 -11.151000 0.846000
v -3.422000 -5.007000 0.846000
v -2.922000 -10.736000 0.846000
v -2.922000 -4.855000 0.846000
v -2.422000 -10.059000 0.846000
v -2.422000 -4.982000 0.846000
v -1.922000 -9.672000 0.846000
v -1.922000 -5.294000 0.846000
v -1.422000 -9.552000 0.846000
v -1.422000 -5.673000 0.846000
v -0.922000 -9.447000 0.846000
v -0.922000 -6.250000 0.846000
v -0.422000 -9.094000 0.846000
v -0.422000 -6.675000 0.846000
v -15.922000 -1.171000 4.846000
v -15.922000 1.358000 4.846000
v -15.422000 -1.355000 4.846000
v -15.422000 1.907000 4.846000
v -14.922000 -1.384000 4.846000
v -14.922000 2.808000 4.846000
v -14.422000 -1.426000 4.846000
v -14.422000 3.179000 4.846000
v -13.922000 -1.657000 4.846000
v -13.922000 3.292000 4.846000
v -13.422000 -1.755000 4.846000
v -13.422000 3.215000 4.846000
v -12.922000 -1.711000 4.846000
v -12.922000 2.906000 4.846000
v -12.422000 -1.609000 4.846000
v -12.422000 2.386000 4.846000
v -11.922000 -1.177000 4.846000
v -11.922000 0.848000 4.846000
v -8.422000 -8.805000 4.846000
v -8.422000 -6.339000 4.846000
v -7.922000 -9.387000 4.846000
v -7.922000 -5.652000 4.846000
v -7.422000 -10.072000 4.846000
v -7.422000 -4.490000 4.846000
v -6.922000 -10.591000 4.846000
v -6.922000 -4.004000 4.846000
v -6.422000 -10.916000 4.846000
v -6.422000 -3.587000 4.846000
v -5.922000 -11.207000 4.846000
v -5.922000 -3.265000 4.846000
v -5.422000 -11.393000 4.846000
v -5.422000 -3.172000 4.846000
v -4.922000 -11.482000 4.846000
v -4.922000 -3.027000 4.846000
v -4.422000 -11.452000 4.846000
v -4.422000 -2.758000 4.846000
v -3.922000 -11.363000 4.846000
v -3.922000 -2.584000 4.846000
v -3.422000 -11.045000 4.846000
v -3.422000 -2.298000 4.846000
v -2.922000 -10.224000 4.846000
v -2.922000 -2.198000 4.846000
v -2.422000 -9.558000 4.846000
v -2.422000 -2.285000 4.846000
v -1.922000 -9.267000 4.846000
v -1.922000 -2.564000 4.846000
v -1.422000 -8.856000 4.846000
v -1.422000 -2.794000 4.846000
v -0.922000 -8.541000 4.846000
v -0.922000 -3.010000 4.846000
v -0.422000 -8.313000 4.846000
v -0.422000 -3.428000 4.846000
v 0.078000 -8.156000 4.846000
v 0.078000 -3.874000 4.846000
v 0.578000 -7.715000 4.846000
v 0.578000 -6.115000 4.846000
v -16.422000 -1.382000 8.846000
v -16.422000 0.989000 8.846000
v -15.922000 -2.231000 8.846000
v -15.922000 1.466000 8.846000
v -15.422000 -2.783000 8.846000
v -15.422000 1.743000 8.846000
v -14.922000 -3.217000 8.846000
v -14.922000 1.830000 8.846000
v -14.422000 -3.537000 8.846000
v -14.422000 1.826000 8.846000
v -13.922000 -5.151000 8.846000
v -13.922000 1.839000 8.846000
v -13.422000 -5.649000 8.846000
v -13.422000 1.761000 8.846000
v -12.922000 -5.801000 8.846000
v -12.922000 1.531000 8.846000
v -12.422000 -5.752000 8.846000
v -12.422000 1.030000 8.846000
v -11.922000 -5.767000 8.846000
v -11.922000 -1.848000 8.846000
v -11.422000 -5.813000 8.846000
v -11.422000 -2.461000 8.846000
v -10.922000 -6.134000 8.846000
v -10.922000 -3.150000 8.846000
v -10.422000 -7.734000 8.846000
v -10.422000 -3.317000 8.846000
v -9.922000 -8.540000 8.846000
v -9.922000 -3.196000 8.846000
v -9.422000 -8.897000 8.846000
v -9.422000 -2.973000 8.846000
v -8.922000 -9.013000 8.846000
v -8.922000 -2.596000 8.846000
v -8.422000 -9.145000 8.846000
v -8.422000 -2.147000 8.846000
v -7.922000 -9.344000 8.846000
v -7.922000 -1.813000 8.846000
v -7.422000 -9.722000 8.846000
v -7.422000 -1.705000 8.846000
v -6.922000 -10.162000 8.846000
v -6.922000 -1.526000 8.846000
v -6.422000 -10.306000 8.846000
v -6.422000 -1.086000 8.846000
v -5.922000 -10.450000 8.846000
v -5.922000 -0.661000 8.846000
v -5.422000 -10.555000 8.846000
v -5.422000 -0.297000 8.846000
v -4.922000 -10.569000 8.846000
v -4.922000 -0.188000 8.846000
v -4.422000 -10.456000 8.846000
v -4.422000 -0.265000 8.846000
v -3.922000 -10.217000 8.846000
v -3.922000 -0.364000 8.846000
v -3.422000 -7.801000 8.846000
v -3.422000 -0.409000 8.846000
v -2.922000 -6.727000 8.846000
v -2.922000 -0.453000 8.846000
v -2.422000 -5.653000 8.846000
v -2.422000 -0.439000 8.846000
v -1.922000 -3.231000 8.846000
v -1.922000 -0.474000 8.846000
v -1.422000 -2.272000 8.846000
v -1.422000 -0.459000 8.846000
v -0.922000 -1.466000 8.846000
v -0.922000 -0.727000 8.846000
v -14.922000 -3.510000 12.846000
v -14.922000 -1.913000 12.846000
v -14.422000 -4.622000 12.846000
v -14.422000 -1.593000 12.846000
v -13.922000 -4.871000 12.846000
v -13.922000 -1.956000 12.846000
v -13.422000 -5.208000 12.846000
v -13.422000 -2.458000 12.846000
v -12.922000 -5.822000 12.846000
v -12.922000 -3.227000 12.846000
v -12.422000 -6.309000 12.846000
v -12.422000 -3.364000 12.846000
v -11.922000 -6.966000 12.846000
v -11.922000 -3.377000 12.846000
v -11.422000 -7.226000 12.846000
v -11.422000 -3.153000 12.846000
v -10.922000 -7.162000 12.846000
v -10.922000 -2.397000 12.846000
v -10.422000 -6.930000 12.846000
v -10.422000 -1.949000 12.846000
v -9.922000 -6.568000 12.846000
v -9.922000 -1.550000 12.846000
v -9.422000 -5.629000 12.846000
v -9.422000 -1.128000 12.846000
v -8.922000 -5.025000 12.846000
v -8.922000 -0.780000 12.846000
v -8.422000 -4.822000 12.846000
v -8.422000 -0.653000 12.846000
v -7.922000 -4.709000 12.846000
v -7.922000 -0.645000 12.846000
v -7.422000 -4.558000 12.846000
v -7.422000 -0.735000 12.846000
v -6.922000 -4.448000 12.846000
v -6.922000 -0.600000 12.846000
v -6.422000 -4.423000 12.846000
v -6.422000 0.086000 12.846000
v -6.422000 1.162000 12.846000
v -6.422000 3.237000 12.846000
v -5.922000 -4.532000 12.846000
v -5.922000 3.699000 12.846000
v -5.422000 -4.897000 12.846000
v -5.422000 4.132000 12.846000
v -4.922000 -5.570000 12.846000
v -4.922000 5.061000 12.846000
v -4.422000 -6.029000 12.846000
v -4.422000 6.164000 12.846000
v -3.922000 -6.389000 12.846000
v -3.922000 6.576000 12.846000
v -3.422000 -6.499000 12.846000
v -3.422000 7.006000 12.846000
v -2.922000 -6.476000 12.846000
v -2.922000 7.238000 12.846000
v -2.422000 -6.523000 12.846000
v -2.422000 7.399000 12.846000
v -1.922000 -6.509000 12.846000
v -1.922000 7.668000 12.846000
v -1.422000 -6.503000 12.846000
v -1.422000 7.761000 12.846000
v -0.922000 -6.515000 12.846000
v -0.922000 7.666000 12.846000
v -0.422000 -6.485000 12.846000
v -0.422000 7.331000 12.846000
v 0.078000 -6.548000 12.846000
v 0.078000 5.166000 12.846000
v 0.578000 -6.698000 12.846000
v 0.578000 3.228000 12.846000
v 1.078000 -6.790000 12.846000
v 1.078000 2.905000 12.846000
v 1.578000 -6.815000 12.846000
v 1.578000 2.865000 12.846000
v 2.078000 -6.708000 12.846000
v 2.078000 -3.659000 12.846000
v 2.078000 -1.786000 12.846000
v 2.078000 3.026000 12.846000
v 2.578000 -6.279000 12.846000
v 2.578000 -4.415000 12.846000
v 2.578000 -1.259000 12.846000
v 2.578000 3.558000 12.846000
v 3.078000 -0.621000 12.846000
v 3.078000 3.990000 12.846000
v 3.578000 0.768000 12.846000
v 3.578000 4.095000 12.846000
v 4.078000 1.864000 12.846000
v 4.078000 4.021000 12.846000
v 4.578000 2.400000 12.846000
v 4.578000 3.613000 12.846000
v -6.922000 1.944000 16.846000
v -6.922000 3.701000 16.846000
v -6.422000 1.759000 16.846000
v -6.422000 4.323000 16.846000
v -5.922000 1.840000 16.846000
v -5.922000 4.593000 16.846000
v -5.422000 1.758000 16.846000
v -5.422000 4.400000 16.846000
v -4.922000 1.671000 16.846000
v -4.922000 3.394000 16.846000
v -4.422000 1.542000 16.846000
v -4.422000 3.073000 16.846000
v -3.922000 1.255000 16.846000
v -3.922000 2.880000 16.846000
v -3.422000 0.807000 16.846000
v -3.422000 2.596000 16.846000
v -2.922000 0.209000 16.846000
v -2.922000 2.661000 16.846000
v -2.422000 -0.659000 16.846000
v -2.422000 2.621000 16.846000
v -1.922000 -5.329000 16.846000
v -1.922000 2.604000 16.846000
v -1.422000 -5.712000 16.846000
v -1.422000 2.755000 16.846000
v -0.922000 -5.873000 16.846000
v -0.922000 3.006000 16.846000
v -0.422000 -5.975000 16.846000
v -0.422000 3.105000 16.846000
v 0.078000 -5.902000 16.846000
v 0.078000 -1.293000 16.846000
v 0.078000 -0.440000 16.846000
v 0.078000 3.091000 16.846000
v 0.578000 -5.806000 16.846000
v 0.578000 -1.758000 16.846000
v 0.578000 -0.304000 16.846000
v 0.578000 3.090000 16.846000
v 1.078000 -5.771000 16.846000
v 1.078000 -1.994000 16.846000
v 1.078000 -0.229000 16.846000
v 1.078000 2.993000 16.846000
v 1.578000 -5.677000 16.846000
v 1.578000 -1.964000 16.846000
v 1.578000 -0.230000 16.846000
v 1.578000 2.724000 16.846000
v 2.078000 -5.278000 16.846000
v 2.078000 -1.791000 16.846000
v 2.078000 -0.119000 16.846000
v 2.078000 2.591000 16.846000
v 2.578000 -2.750000 16.846000
v 2.578000 -0.700000 16.846000
v 2.578000 0.509000 16.846000
v 2.578000 2.576000 16.846000
v 3.078000 -2.457000 16.846000
v 3.078000 -0.472000 16.846000
v 3.078000 1.435000 16.846000
v 3.078000 2.392000 16.846000
v 3.578000 -2.116000 16.846000
v 3.578000 -0.701000 16.846000
v -1.006000 -11.851000 -8.654000
v 0.064000 -11.851000 -8.654000
v -1.867000 -11.851000 -8.154000
v 0.708000 -11.851000 -8.154000
v -2.088000 -11.851000 -7.654000
v 0.925000 -11.851000 -7.654000
v -2.169000 -11.851000 -7.154000
v 0.938000 -11.851000 -7.154000
v -2.383000 -11.851000 -6.654000
v 0.755000 -11.851000 -6.654000
v -2.865000 -11.851000 -6.154000
v 0.300000 -11.851000 -6.154000
v -3.471000 -11.851000 -5.654000
v 0.000000 -11.851000 -5.654000
v -4.510000 -11.851000 -5.154000
v -0.107000 -11.851000 -5.154000
v -6.575000 -11.851000 -4.654000
v -0.221000 -11.851000 -4.654000
v -6.547000 -11.851000 -4.154000
v -0.273000 -11.851000 -4.154000
v -6.531000 -11.851000 -3.654000
v -0.509000 -11.851000 -3.654000
v -6.532000 -11.851000 -3.154000
v -0.791000 -11.851000 -3.154000
v -6.557000 -11.851000 -2.654000
v -1.341000 -11.851000 -2.654000
v -6.607000 -11.851000 -2.154000
v -2.987000 -11.851000 -2.154000
v -6.594000 -11.851000 -1.654000
v -3.406000 -11.851000 -1.654000
v -6.386000 -11.851000 -1.154000
v -3.600000 -11.851000 -1.154000
v -6.119000 -11.851000 -0.654000
v -3.796000 -11.851000 -0.654000
v -5.612000 -11.851000 -0.154000
v -4.150000 -11.851000 -0.154000
v -4.615000 -11.851000 1.346000
v -4.407000 -11.851000 1.346000
v -5.106000 -11.851000 1.846000
v -3.807000 -11.851000 1.846000
v -5.103000 -11.851000 2.346000
v -3.809000 -11.851000 2.346000
v -5.482000 -11.851000 6.346000
v -4.462000 -11.851000 6.346000
v -5.500000 -11.851000 6.846000
v -4.440000 -11.851000 6.846000
v -5.426000 -11.851000 7.346000
v -4.506000 -11.851000 7.346000
v -10.027000 -7.851000 -12.654000
v -8.439000 -7.851000 -12.654000
v -10.602000 -7.851000 -12.154000
v -7.817000 -7.851000 -12.154000
v -10.802000 -7.851000 -11.654000
v -7.595000 -7.851000 -11.654000
v -10.803000 -7.851000 -11.154000
v -7.488000 -7.851000 -11.154000
v -4.947000 -7.851000 -11.154000
v -3.891000 -7.851000 -11.154000
v -10.607000 -7.851000 -10.654000
v -7.190000 -7.851000 -10.654000
v -5.646000 -7.851000 -10.654000
v -3.278000 -7.851000 -10.654000
v -10.065000 -7.851000 -10.154000
v -3.041000 -7.851000 -10.154000
v -9.512000 -7.851000 -9.654000
v -2.792000 -7.851000 -9.654000
v -9.329000 -7.851000 -9.154000
v -2.490000 -7.851000 -9.154000
v -9.305000 -7.851000 -8.654000
v -2.298000 -7.851000 -8.654000
v -9.367000 -7.851000 -8.154000
v -2.267000 -7.851000 -8.154000
v -9.303000 -7.851000 -7.654000
v -2.235000 -7.851000 -7.654000
v -9.081000 -7.851000 -7.154000
v -6.186000 -7.851000 -7.154000
v -3.885000 -7.851000 -7.154000
v -2.281000 -7.851000 -7.154000
v -8.499000 -7.851000 -6.654000
v -6.759000 -7.851000 -6.654000
v -3.376000 -7.851000 -6.654000
v -2.388000 -7.851000 -6.654000
v -3.482000 -7.851000 -3.654000
v -1.468000 -7.851000 -3.654000
v -4.880000 -7.851000 -3.154000
v -0.997000 -7.851000 -3.154000
v -6.378000 -7.851000 -2.654000
v -0.648000 -7.851000 -2.654000
v -6.607000 -7.851000 -2.154000
v -0.284000 -7.851000 -2.154000
v -6.605000 -7.851000 -1.654000
v -0.095000 -7.851000 -1.654000
v -6.568000 -7.851000 -1.154000
v -0.061000 -7.851000 -1.154000
v -6.367000 -7.851000 -0.654000
v -0.072000 -7.851000 -0.654000
v -6.237000 -7.851000 -0.154000
v -0.099000 -7.851000 -0.154000
v -6.078000 -7.851000 0.346000
v -0.041000 -7.851000 0.346000
v -5.945000 -7.851000 0.846000
v 0.003000 -7.851000 0.846000
v -5.994000 -7.851000 1.346000
v 0.089000 -7.851000 1.346000
v -6.351000 -7.851000 1.846000
v 0.244000 -7.851000 1.846000
v -6.879000 -7.851000 2.346000
v 0.507000 -7.851000 2.346000
v -7.133000 -7.851000 2.846000
v 0.749000 -7.851000 2.846000
v -7.357000 -7.851000 3.346000
v 0.749000 -7.851000 3.346000
v -7.669000 -7.851000 3.846000
v 0.721000 -7.851000 3.846000
v -8.125000 -7.851000 4.346000
v 0.709000 -7.851000 4.346000
v -8.589000 -7.851000 4.846000
v 0.469000 -7.851000 4.846000
v -8.783000 -7.851000 5.346000
v 0.220000 -7.851000 5.346000
v -8.799000 -7.851000 5.846000
v 0.213000 -7.851000 5.846000
v -8.861000 -7.851000 6.346000
v 0.213000 -7.851000 6.346000
v -9.117000 -7.851000 6.846000
v -0.046000 -7.851000 6.846000
v -9.560000 -7.851000 7.346000
v -0.902000 -7.851000 7.346000
v -10.037000 -7.851000 7.846000
v -2.078000 -7.851000 7.846000
v -10.246000 -7.851000 8.346000
v -3.111000 -7.851000 8.346000
v -10.365000 -7.851000 8.846000
v -3.448000 -7.851000 8.846000
v -10.482000 -7.851000 9.346000
v -3.956000 -7.851000 9.346000
v -10.767000 -7.851000 9.846000
v -8.262000 -7.851000 9.846000
v -12.893000 -7.851000 10.346000
v -10.046000 -7.851000 10.346000
v -12.937000 -7.851000 10.846000
v -10.273000 -7.851000 10.846000
v -12.546000 -7.851000 11.346000
v -10.349000 -7.851000 11.346000
v -11.901000 -7.851000 11.846000
v -10.884000 -7.851000 11.846000
v -3.891000 -3.851000 1.846000
v -2.026000 -3.851000 1.846000
v -4.417000 -3.851000 2.346000
v -1.408000 -3.851000 2.346000
v -5.035000 -3.851000 2.846000
v 0.017000 -3.851000 2.846000
v -5.550000 -3.851000 3.346000
v 0.274000 -3.851000 3.346000
v -6.045000 -3.851000 3.846000
v 0.315000 -3.851000 3.846000
v -6.488000 -3.851000 4.346000
v 0.305000 -3.851000 4.346000
v -6.703000 -3.851000 4.846000
v 0.061000 -3.851000 4.846000
v -7.009000 -3.851000 5.346000
v -0.576000 -3.851000 5.346000
v -7.105000 -3.851000 5.846000
v -1.168000 -3.851000 5.846000
v -7.471000 -3.851000 6.346000
v -1.754000 -3.851000 6.346000
v -8.501000 -3.851000 6.846000
v -2.283000 -3.851000 6.846000
v -9.274000 -3.851000 7.346000
v -2.468000 -3.851000 7.346000
v -9.601000 -3.851000 7.846000
v -2.423000 -3.851000 7.846000
v -13.491000 -3.851000 8.346000
v -11.758000 -3.851000 8.346000
v -10.059000 -3.851000 8.346000
v -2.192000 -3.851000 8.346000
v -14.209000 -3.851000 8.846000
v -2.008000 -3.851000 8.846000
v -14.867000 -3.851000 9.346000
v -1.759000 -3.851000 9.346000
v -15.332000 -3.851000 9.846000
v -1.536000 -3.851000 9.846000
v -15.670000 -3.851000 10.346000
v -1.239000 -3.851000 10.346000
v -15.816000 -3.851000 10.846000
v -0.792000 -3.851000 10.846000
v -15.798000 -3.851000 11.346000
v -0.201000 -3.851000 11.346000
v -15.605000 -3.851000 11.846000
v 0.277000 -3.851000 11.846000
v -15.335000 -3.851000 12.346000
v 0.887000 -3.851000 12.346000
v -14.666000 -3.851000 12.846000
v 2.213000 -3.851000 12.846000
v -12.387000 -3.851000 13.346000
v 2.771000 -3.851000 13.346000
v -10.386000 -3.851000 13.846000
v 2.973000 -3.851000 13.846000
v -9.690000 -3.851000 14.346000
v 3.033000 -3.851000 14.346000
v -9.045000 -3.851000 14.846000
v -7.695000 -3.851000 14.846000
v -5.587000 -3.851000 14.846000
v 3.020000 -3.851000 14.846000
v -4.569000 -3.851000 15.346000
v 3.060000 -3.851000 15.346000
v -3.554000 -3.851000 15.846000
v 3.041000 -3.851000 15.846000
v -2.704000 -3.851000 16.346000
v 2.784000 -3.851000 16.346000
v -2.137000 -3.851000 16.846000
v 2.246000 -3.851000 16.846000
v -1.578000 -3.851000 17.346000
v 1.571000 -3.851000 17.346000
v -15.551000 0.149000 3.346000
v -13.862000 0.149000 3.346000
v -16.075000 0.149000 3.846000
v -12.503000 0.149000 3.846000
v -16.257000 0.149000 4.346000
v -11.845000 0.149000 4.346000
v -16.326000 0.149000 4.846000
v -11.625000 0.149000 4.846000
v -16.466000 0.149000 5.346000
v -11.568000 0.149000 5.346000
v -16.642000 0.149000 5.846000
v -11.547000 0.149000 5.846000
v -16.810000 0.149000 6.346000
v -11.551000 0.149000 6.346000
v -16.823000 0.149000 6.846000
v -11.552000 0.149000 6.846000
v -16.828000 0.149000 7.346000
v -11.547000 0.149000 7.346000
v -16.838000 0.149000 7.846000
v -11.738000 0.149000 7.846000
v -16.807000 0.149000 8.346000
v -12.028000 0.149000 8.346000
v -16.602000 0.149000 8.846000
v -12.245000 0.149000 8.846000
v -16.356000 0.149000 9.346000
v -12.512000 0.149000 9.346000
v -1.883000 0.149000 9.346000
v 0.216000 0.149000 9.346000
v -16.277000 0.149000 9.846000
v -12.590000 0.149000 9.846000
v -2.627000 0.149000 9.846000
v 0.783000 0.149000 9.846000
v -16.097000 0.149000 10.346000
v -12.605000 0.149000 10.346000
v -5.423000 0.149000 10.346000
v 0.994000 0.149000 10.346000
v -15.779000 0.149000 10.846000
v -12.746000 0.149000 10.846000
v -5.595000 0.149000 10.846000
v 1.268000 0.149000 10.846000
v -15.613000 0.149000 11.346000
v -12.987000 0.149000 11.346000
v -5.655000 0.149000 11.346000
v 1.747000 0.149000 11.346000
v -15.370000 0.149000 11.846000
v -13.569000 0.149000 11.846000
v -5.875000 0.149000 11.846000
v 2.251000 0.149000 11.846000
v -6.152000 0.149000 12.346000
v 2.789000 0.149000 12.346000
v -6.409000 0.149000 12.846000
v 3.241000 0.149000 12.846000
v -6.784000 0.149000 13.346000
v 3.486000 0.149000 13.346000
v -7.401000 0.149000 13.846000
v 3.660000 0.149000 13.846000
v -7.522000 0.149000 14.346000
v 3.758000 0.149000 14.346000
v -7.247000 0.149000 14.846000
v 3.960000 0.149000 14.846000
v -6.442000 0.149000 15.346000
v 4.054000 0.149000 15.346000
v -4.626000 0.149000 15.846000
v 3.949000 0.149000 15.846000
v -3.502000 0.149000 16.346000
v 3.602000 0.149000 16.346000
v -2.877000 0.149000 16.846000
v 2.242000 0.149000 16.846000
v -2.124000 0.149000 17.346000
v -0.483000 0.149000 17.346000
v -4.355000 4.149000 10.346000
v -2.239000 4.149000 10.346000
v -4.877000 4.149000 10.846000
v -1.541000 4.149000 10.846000
v -5.081000 4.149000 11.346000
v -1.157000 4.149000 11.346000
v -5.123000 4.149000 11.846000
v -0.695000 4.149000 11.846000
v -5.182000 4.149000 12.346000
v -0.216000 4.149000 12.346000
v -5.408000 4.149000 12.846000
v 0.268000 4.149000 12.846000
v -5.977000 4.149000 13.346000
v 0.629000 4.149000 13.346000
v 2.664000 4.149000 13.346000
v 4.916000 4.149000 13.346000
v -6.866000 4.149000 13.846000
v 0.980000 4.149000 13.846000
v 2.295000 4.149000 13.846000
v 5.181000 4.149000 13.846000
v -7.373000 4.149000 14.346000
v 1.390000 4.149000 14.346000
v 1.893000 4.149000 14.346000
v 5.199000 4.149000 14.346000
v -7.596000 4.149000 14.846000
v 1.471000 4.149000 14.846000
v 1.826000 4.149000 14.846000
v 4.982000 4.149000 14.846000
v -7.585000 4.149000 15.346000
v 0.567000 4.149000 15.346000
v -7.551000 4.149000 15.846000
v -1.132000 4.149000 15.846000
v -7.294000 4.149000 16.346000
v -4.199000 4.149000 16.346000
v -6.517000 4.149000 16.846000
v -5.266000 4.149000 16.846000
v -6.422000 -11.851000 -4.904000
v -6.422000 -11.851000 -1.224000
v -5.922000 -11.851000 -5.100000
v -5.922000 -11.851000 -0.415000
v -5.422000 -11.851000 -5.013000
v -5.422000 -11.851000 -0.005000
v -5.422000 -11.851000 6.253000
v -5.422000 -11.851000 7.352000
v -4.922000 -11.851000 -5.045000
v -4.922000 -11.851000 0.303000
v -4.922000 -11.851000 1.571000
v -4.922000 -11.851000 2.607000
v -4.922000 -11.851000 6.036000
v -4.922000 -11.851000 7.619000
v -4.422000 -11.851000 -5.192000
v -4.422000 -11.851000 0.166000
v -4.422000 -11.851000 1.342000
v -4.422000 -11.851000 2.786000
v -3.922000 -11.851000 -5.452000
v -3.922000 -11.851000 -0.450000
v -3.922000 -11.851000 1.648000
v -3.922000 -11.851000 2.537000
v -3.422000 -11.851000 -5.687000
v -3.422000 -11.851000 -1.623000
v -2.922000 -11.851000 -6.092000
v -2.922000 -11.851000 -2.205000
v -2.422000 -11.851000 -6.600000
v -2.422000 -11.851000 -2.449000
v -1.922000 -11.851000 -8.070000
v -1.922000 -11.851000 -2.509000
v -1.422000 -11.851000 -8.527000
v -1.422000 -11.851000 -2.615000
v -0.922000 -11.851000 -8.671000
v -0.922000 -11.851000 -2.983000
v -0.422000 -11.851000 -8.742000
v -0.422000 -11.851000 -3.792000
v 0.078000 -11.851000 -8.649000
v 0.078000 -11.851000 -5.835000
v 0.578000 -11.851000 -8.313000
v 0.578000 -11.851000 -6.422000
v -12.922000 -7.851000 10.404000
v -12.922000 -7.851000 10.881000
v -12.422000 -7.851000 10.049000
v -12.422000 -7.851000 11.532000
v -11.922000 -7.851000 10.045000
v -11.922000 -7.851000 11.828000
v -11.422000 -7.851000 9.976000
v -11.422000 -7.851000 12.153000
v -10.922000 -7.851000 9.938000
v -10.922000 -7.851000 11.902000
v -10.422000 -7.851000 -12.376000
v -10.422000 -7.851000 -10.424000
v -10.422000 -7.851000 9.091000
v -10.422000 -7.851000 11.464000
v -9.922000 -7.851000 -12.698000
v -9.922000 -7.851000 -10.060000
v -9.922000 -7.851000 7.698000
v -9.922000 -7.851000 10.273000
v -9.422000 -7.851000 -12.784000
v -9.422000 -7.851000 -9.482000
v -9.422000 -7.851000 7.179000
v -9.422000 -7.851000 10.138000
v -8.922000 -7.851000 -12.752000
v -8.922000 -7.851000 -6.955000
v -8.922000 -7.851000 6.520000
v -8.922000 -7.851000 10.033000
v -8.422000 -7.851000 -12.647000
v -8.422000 -7.851000 -6.622000
v -8.422000 -7.851000 4.634000
v -8.422000 -7.851000 9.916000
v -7.922000 -7.851000 -12.290000
v -7.922000 -7.851000 -6.528000
v -7.922000 -7.851000 4.140000
v -7.922000 -7.851000 9.670000
v -7.422000 -7.851000 -10.979000
v -7.422000 -7.851000 -6.491000
v -7.422000 -7.851000 3.444000
v -7.422000 -7.851000 9.534000
v -6.922000 -7.851000 -10.462000
v -6.922000 -7.851000 -6.580000
v -6.922000 -7.851000 2.405000
v -6.922000 -7.851000 9.518000
v -6.422000 -7.851000 -10.335000
v -6.422000 -7.851000 -6.905000
v -6.422000 -7.851000 -2.593000
v -6.422000 -7.851000 -0.793000
v -6.422000 -7.851000 1.915000
v -6.422000 -7.851000 9.553000
v -5.922000 -7.851000 -10.456000
v -5.922000 -7.851000 -7.366000
v -5.922000 -7.851000 -3.003000
v -5.922000 -7.851000 9.701000
v -5.422000 -7.851000 -10.858000
v -5.422000 -7.851000 -7.554000
v -5.422000 -7.851000 -3.101000
v -5.422000 -7.851000 9.790000
v -4.922000 -7.851000 -11.164000
v -4.922000 -7.851000 -7.546000
v -4.922000 -7.851000 -3.143000
v -4.922000 -7.851000 9.727000
v -4.422000 -7.851000 -11.259000
v -4.422000 -7.851000 -7.392000
v -4.422000 -7.851000 -3.268000
v -4.422000 -7.851000 9.566000
v -3.922000 -7.851000 -11.167000
v -3.922000 -7.851000 -7.174000
v -3.922000 -7.851000 -3.426000
v -3.922000 -7.851000 9.325000
v -3.422000 -7.851000 -10.833000
v -3.422000 -7.851000 -6.742000
v -3.422000 -7.851000 -3.682000
v -3.422000 -7.851000 8.807000
v -2.922000 -7.851000 -9.881000
v -2.922000 -7.851000 -6.327000
v -2.922000 -7.851000 -3.874000
v -2.922000 -7.851000 8.156000
v -2.422000 -7.851000 -9.013000
v -2.422000 -7.851000 -6.586000
v -2.422000 -7.851000 -4.095000
v -2.422000 -7.851000 7.903000
v -1.922000 -7.851000 -4.110000
v -1.922000 -7.851000 7.830000
v -1.422000 -7.851000 -3.605000
v -1.422000 -7.851000 7.706000
v -0.922000 -7.851000 -3.059000
v -0.922000 -7.851000 7.358000
v -0.422000 -7.851000 -2.343000
v -0.422000 -7.851000 7.146000
v 0.078000 -7.851000 1.297000
v 0.078000 -7.851000 6.668000
v 0.578000 -7.851000 2.441000
v 0.578000 -7.851000 4.684000
v -15.422000 -3.851000 9.959000
v -15.422000 -3.851000 12.219000
v -14.922000 -3.851000 9.389000
v -14.922000 -3.851000 12.714000
v -14.422000 -3.851000 9.014000
v -14.422000 -3.851000 12.929000
v -13.922000 -3.851000 8.600000
v -13.922000 -3.851000 13.017000
v -13.422000 -3.851000 8.318000
v -13.422000 -3.851000 13.061000
v -12.922000 -3.851000 8.228000
v -12.922000 -3.851000 13.178000
v -12.422000 -3.851000 8.196000
v -12.422000 -3.851000 13.333000
v -11.922000 -3.851000 8.280000
v -11.922000 -3.851000 13.588000
v -11.422000 -3.851000 8.467000
v -11.422000 -3.851000 13.768000
v -10.922000 -3.851000 8.558000
v -10.922000 -3.851000 13.748000
v -10.422000 -3.851000 8.514000
v -10.422000 -3.851000 13.828000
v -9.922000 -3.851000 8.242000
v -9.922000 -3.851000 14.155000
v -9.422000 -3.851000 7.538000
v -9.422000 -3.851000 14.581000
v -8.922000 -3.851000 7.075000
v -8.922000 -3.851000 14.898000
v -8.422000 -3.851000 6.813000
v -8.422000 -3.851000 14.982000
v -7.922000 -3.851000 6.617000
v -7.922000 -3.851000 14.890000
v -7.422000 -3.851000 6.305000
v -7.422000 -3.851000 14.820000
v -6.922000 -3.851000 5.194000
v -6.922000 -3.851000 14.759000
v -6.422000 -3.851000 4.248000
v -6.422000 -3.851000 14.775000
v -5.922000 -3.851000 3.682000
v -5.922000 -3.851000 14.780000
v -5.422000 -3.851000 3.227000
v -5.422000 -3.851000 14.893000
v -4.922000 -3.851000 2.732000
v -4.922000 -3.851000 15.105000
v -4.422000 -3.851000 2.350000
v -4.422000 -3.851000 15.415000
v -3.922000 -3.851000 1.886000
v -3.922000 -3.851000 15.628000
v -3.422000 -3.851000 1.497000
v -3.422000 -3.851000 15.906000
v -2.922000 -3.851000 1.405000
v -2.922000 -3.851000 16.185000
v -2.422000 -3.851000 1.530000
v -2.422000 -3.851000 7.123000
v -2.422000 -3.851000 7.850000
v -2.422000 -3.851000 16.576000
v -1.922000 -3.851000 1.972000
v -1.922000 -3.851000 6.488000
v -1.922000 -3.851000 9.062000
v -1.922000 -3.851000 17.091000
v -1.422000 -3.851000 2.340000
v -1.422000 -3.851000 6.080000
v -1.422000 -3.851000 10.076000
v -1.422000 -3.851000 17.434000
v -0.922000 -3.851000 2.434000
v -0.922000 -3.851000 5.651000
v -0.922000 -3.851000 10.706000
v -0.922000 -3.851000 17.651000
v -0.422000 -3.851000 2.527000
v -0.422000 -3.851000 5.221000
v -0.422000 -3.851000 11.154000
v -0.422000 -3.851000 17.751000
v 0.078000 -3.851000 2.922000
v 0.078000 -3.851000 4.825000
v 0.078000 -3.851000 11.605000
v 0.078000 -3.851000 17.680000
v 0.578000 -3.851000 12.109000
v 0.578000 -3.851000 17.503000
v 1.078000 -3.851000 12.452000
v 1.078000 -3.851000 17.440000
v 1.578000 -3.851000 12.603000
v 1.578000 -3.851000 17.343000
v 2.078000 -3.851000 12.786000
v 2.078000 -3.851000 17.004000
v 2.578000 -3.851000 13.107000
v 2.578000 -3.851000 16.554000
v -16.422000 0.149000 5.207000
v -16.422000 0.149000 9.162000
v -15.922000 0.149000 3.639000
v -15.922000 0.149000 10.599000
v -15.422000 0.149000 3.284000
v -15.422000 0.149000 11.777000
v -14.922000 0.149000 3.179000
v -14.922000 0.149000 12.179000
v -14.422000 0.149000 3.228000
v -14.422000 0.149000 12.270000
v -13.922000 0.149000 3.321000
v -13.922000 0.149000 12.133000
v -13.422000 0.149000 3.587000
v -13.422000 0.149000 11.711000
v -12.922000 0.149000 3.753000
v -12.922000 0.149000 11.256000
v -12.422000 0.149000 3.878000
v -12.422000 0.149000 9.132000
v -11.922000 0.149000 4.247000
v -11.922000 0.149000 8.132000
v -7.422000 0.149000 13.874000
v -7.422000 0.149000 14.620000
v -6.922000 0.149000 13.484000
v -6.922000 0.149000 15.098000
v -6.422000 0.149000 12.870000
v -6.422000 0.149000 15.354000
v -5.922000 0.149000 11.924000
v -5.922000 0.149000 15.503000
v -5.422000 0.149000 10.345000
v -5.422000 0.149000 15.667000
v -4.922000 0.149000 9.978000
v -4.922000 0.149000 15.776000
v -4.422000 0.149000 9.897000
v -4.422000 0.149000 15.915000
v -3.922000 0.149000 9.924000
v -3.922000 0.149000 16.119000
v -3.422000 0.149000 9.995000
v -3.422000 0.149000 16.391000
v -2.922000 0.149000 9.903000
v -2.922000 0.149000 16.792000
v -2.422000 0.149000 9.734000
v -2.422000 0.149000 17.213000
v -1.922000 0.149000 9.363000
v -1.922000 0.149000 17.426000
v -1.422000 0.149000 9.191000
v -1.422000 0.149000 17.508000
v -0.922000 0.149000 9.177000
v -0.922000 0.149000 17.417000
v -0.422000 0.149000 9.213000
v -0.422000 0.149000 17.335000
v 0.078000 0.149000 9.289000
v 0.078000 0.149000 17.196000
v 0.578000 0.149000 9.596000
v 0.578000 0.149000 17.027000
v 1.078000 0.149000 10.542000
v 1.078000 0.149000 16.977000
v 1.578000 0.149000 11.168000
v 1.578000 0.149000 16.975000
v 2.078000 0.149000 11.668000
v 2.078000 0.149000 16.895000
v 2.578000 0.149000 12.105000
v 2.578000 0.149000 16.789000
v 3.078000 0.149000 12.665000
v 3.078000 0.149000 16.636000
v 3.578000 0.149000 13.567000
v 3.578000 0.149000 16.366000
v -7.422000 4.149000 14.415000
v -7.422000 4.149000 16.168000
v -6.922000 4.149000 13.909000
v -6.922000 4.149000 16.635000
v -6.422000 4.149000 13.530000
v -6.422000 4.149000 16.888000
v -5.922000 4.149000 13.312000
v -5.922000 4.149000 16.994000
v -5.422000 4.149000 12.865000
v -5.422000 4.149000 16.913000
v -4.922000 4.149000 10.922000
v -4.922000 4.149000 16.624000
v -4.422000 4.149000 10.388000
v -4.422000 4.149000 16.402000
v -3.922000 4.149000 10.178000
v -3.922000 4.149000 16.286000
v -3.422000 4.149000 10.123000
v -3.422000 4.149000 16.191000
v -2.922000 4.149000 10.151000
v -2.922000 4.149000 16.045000
v -2.422000 4.149000 10.248000
v -2.422000 4.149000 16.029000
v -1.922000 4.149000 10.532000
v -1.922000 4.149000 15.985000
v -1.422000 4.149000 10.990000
v -1.422000 4.149000 15.902000
v -0.922000 4.149000 11.593000
v -0.922000 4.149000 15.790000
v -0.422000 4.149000 12.121000
v -0.422000 4.149000 15.640000
v 0.078000 4.149000 12.615000
v 0.078000 4.149000 15.408000
v 0.578000 4.149000 13.271000
v 0.578000 4.149000 15.346000
v 1.078000 4.149000 13.974000
v 1.078000 4.149000 15.171000
v 2.078000 4.149000 14.160000
v 2.078000 4.149000 15.045000
v 2.578000 4.149000 13.435000
v 2.578000 4.149000 15.267000
v 3.078000 4.149000 13.037000
v 3.078000 4.149000 15.246000
v 3.578000 4.149000 12.915000
v 3.578000 4.149000 15.300000
v 4.078000 4.149000 12.945000
v 4.078000 4.149000 15.322000
v 4.578000 4.149000 13.083000
v 4.578000 4.149000 15.190000
v 5.078000 4.149000 13.577000
v 5.078000 4.149000 14.695000
v -10.422000 -8.301000 -10.654000
v -10.422000 -6.485000 -10.654000
v -9.922000 -8.720000 -10.654000
v -9.922000 -6.073000 -10.654000
v -9.422000 -8.822000 -10.654000
v -9.422000 -5.946000 -10.654000
v -8.922000 -8.790000 -10.654000
v -8.922000 -5.936000 -10.654000
v -8.422000 -8.764000 -10.654000
v -8.422000 -6.068000 -10.654000
v -7.922000 -8.616000 -10.654000
v -7.922000 -6.367000 -10.654000
v -7.422000 -8.233000 -10.654000
v -7.422000 -6.968000 -10.654000
v -5.422000 -8.222000 -10.654000
v -5.422000 -6.985000 -10.654000
v -4.922000 -8.664000 -10.654000
v -4.922000 -6.553000 -10.654000
v -4.422000 -8.806000 -10.654000
v -4.422000 -6.439000 -10.654000
v -3.922000 -8.677000 -10.654000
v -3.922000 -6.550000 -10.654000
v -3.422000 -8.213000 -10.654000
v -3.422000 -6.998000 -10.654000
v -8.422000 -8.404000 -6.654000
v -8.422000 -6.300000 -6.654000
v -7.922000 -8.735000 -6.654000
v -7.922000 -6.030000 -6.654000
v -7.422000 -8.922000 -6.654000
v -7.422000 -5.917000 -6.654000
v -6.922000 -8.990000 -6.654000
v -6.922000 -6.091000 -6.654000
v -3.922000 -10.818000 -6.654000
v -3.922000 -8.197000 -6.654000
v -3.422000 -11.142000 -6.654000
v -3.422000 -7.869000 -6.654000
v -2.922000 -11.426000 -6.654000
v -2.922000 -7.761000 -6.654000
v -2.422000 -11.819000 -6.654000
v -2.422000 -7.838000 -6.654000
v -1.922000 -12.297000 -6.654000
v -1.922000 -8.112000 -6.654000
v -1.422000 -12.626000 -6.654000
v -1.422000 -8.329000 -6.654000
v -0.922000 -12.779000 -6.654000
v -0.922000 -8.690000 -6.654000
v -0.422000 -12.797000 -6.654000
v -0.422000 -9.634000 -6.654000
v 0.078000 -12.678000 -6.654000
v 0.078000 -10.321000 -6.654000
v 0.578000 -12.257000 -6.654000
v 0.578000 -10.905000 -6.654000
v -6.922000 -11.562000 -2.654000
v -6.922000 -9.076000 -2.654000
v -6.422000 -11.937000 -2.654000
v -6.422000 -7.907000 -2.654000
v -5.922000 -12.175000 -2.654000
v -5.922000 -7.520000 -2.654000
v -5.422000 -12.386000 -2.654000
v -5.422000 -7.416000 -2.654000
v -4.922000 -12.501000 -2.654000
v -4.922000 -7.308000 -2.654000
v -4.422000 -12.493000 -2.654000
v -4.422000 -6.903000 -2.654000
v -3.922000 -12.474000 -2.654000
v -3.922000 -6.440000 -2.654000
v -3.422000 -12.393000 -2.654000
v -3.422000 -6.004000 -2.654000
v -2.922000 -12.306000 -2.654000
v -2.922000 -5.780000 -2.654000
v -2.422000 -12.222000 -2.654000
v -2.422000 -5.670000 -2.654000
v -1.922000 -12.250000 -2.654000
v -1.922000 -5.747000 -2.654000
v -1.422000 -11.963000 -2.654000
v -1.422000 -6.055000 -2.654000
v -0.922000 -11.292000 -2.654000
v -0.922000 -6.901000 -2.654000
v -5.922000 -8.079000 1.346000
v -5.922000 -6.949000 1.346000
v -5.422000 -11.382000 1.346000
v -5.422000 -6.475000 1.346000
v -4.922000 -11.778000 1.346000
v -4.922000 -6.095000 1.346000
v -4.422000 -11.852000 1.346000
v -4.422000 -5.608000 1.346000
v -3.922000 -11.701000 1.346000
v -3.922000 -4.954000 1.346000
v -3.422000 -11.358000 1.346000
v -3.422000 -4.176000 1.346000
v -2.922000 -10.968000 1.346000
v -2.922000 -3.961000 1.346000
v -2.422000 -10.307000 1.346000
v -2.422000 -4.270000 1.346000
v -1.922000 -9.936000 1.346000
v -1.922000 -4.971000 1.346000
v -1.422000 -9.781000 1.346000
v -1.422000 -5.435000 1.346000
v -0.922000 -9.652000 1.346000
v -0.922000 -5.717000 1.346000
v -0.422000 -9.226000 1.346000
v -0.422000 -5.917000 1.346000
v 0.078000 -7.885000 1.346000
v 0.078000 -6.142000 1.346000
v -16.422000 -1.351000 5.346000
v -16.422000 0.270000 5.346000
v -15.922000 -1.736000 5.346000
v -15.922000 1.620000 5.346000
v -15.422000 -1.828000 5.346000
v -15.422000 2.158000 5.346000
v -14.922000 -1.844000 5.346000
v -14.922000 2.828000 5.346000
v -14.422000 -1.818000 5.346000
v -14.422000 3.193000 5.346000
v -13.922000 -1.892000 5.346000
v -13.922000 3.304000 5.346000
v -13.422000 -1.967000 5.346000
v -13.422000 3.228000 5.346000
v -12.922000 -1.924000 5.346000
v -12.922000 2.923000 5.346000
v -12.422000 -1.839000 5.346000
v -12.422000 2.384000 5.346000
v -11.922000 -1.516000 5.346000
v -11.922000 0.969000 5.346000
v -8.422000 -9.108000 5.346000
v -8.422000 -6.049000 5.346000
v -7.922000 -9.482000 5.346000
v -7.922000 -4.964000 5.346000
v -7.422000 -9.941000 5.346000
v -7.422000 -4.163000 5.346000
v -6.922000 -10.376000 5.346000
v -6.922000 -3.812000 5.346000
v -6.422000 -10.795000 5.346000
v -6.422000 -3.566000 5.346000
v -5.922000 -11.150000 5.346000
v -5.922000 -3.274000 5.346000
v -5.422000 -11.440000 5.346000
v -5.422000 -3.180000 5.346000
v -4.922000 -11.539000 5.346000
v -4.922000 -3.038000 5.346000
v -4.422000 -11.465000 5.346000
v -4.422000 -2.767000 5.346000
v -3.922000 -11.261000 5.346000
v -3.922000 -2.587000 5.346000
v -3.422000 -10.863000 5.346000
v -3.422000 -2.299000 5.346000
v -2.922000 -9.811000 5.346000
v -2.922000 -2.199000 5.346000
v -2.422000 -9.219000 5.346000
v -2.422000 -2.286000 5.346000
v -1.922000 -9.006000 5.346000
v -1.922000 -2.611000 5.346000
v -1.422000 -8.666000 5.346000
v -1.422000 -2.997000 5.346000
v -0.922000 -8.449000 5.346000
v -0.922000 -3.411000 5.346000
v -0.422000 -8.263000 5.346000
v -0.422000 -4.004000 5.346000
v 0.078000 -7.992000 5.346000
v 0.078000 -4.481000 5.346000
v 0.578000 -7.470000 5.346000
v 0.578000 -5.864000 5.346000
v -15.922000 -2.669000 9.346000
v -15.922000 1.119000 9.346000
v -15.422000 -3.220000 9.346000
v -15.422000 1.530000 9.346000
v -14.922000 -3.782000 9.346000
v -14.922000 1.635000 9.346000
v -14.422000 -5.586000 9.346000
v -14.422000 1.728000 9.346000
v -13.922000 -5.889000 9.346000
v -13.922000 1.822000 9.346000
v -13.422000 -6.213000 9.346000
v -13.422000 1.735000 9.346000
v -12.922000 -6.699000 9.346000
v -12.922000 1.410000 9.346000
v -12.422000 -7.110000 9.346000
v -12.422000 -0.816000 9.346000
v -11.922000 -7.147000 9.346000
v -11.922000 -1.734000 9.346000
v -11.422000 -7.313000 9.346000
v -11.422000 -2.157000 9.346000
v -10.922000 -7.558000 9.346000
v -10.922000 -2.545000 9.346000
v -10.422000 -7.895000 9.346000
v -10.422000 -2.811000 9.346000
v -9.922000 -8.317000 9.346000
v -9.922000 -2.909000 9.346000
v -9.422000 -8.692000 9.346000
v -9.422000 -2.831000 9.346000
v -8.922000 -8.816000 9.346000
v -8.922000 -2.604000 9.346000
v -8.422000 -8.771000 9.346000
v -8.422000 -2.128000 9.346000
v -7.922000 -8.754000 9.346000
v -7.922000 -1.818000 9.346000
v -7.422000 -8.963000 9.346000
v -7.422000 -1.708000 9.346000
v -6.922000 -9.512000 9.346000
v -6.922000 -1.523000 9.346000
v -6.422000 -9.869000 9.346000
v -6.422000 -1.076000 9.346000
v -5.922000 -10.182000 9.346000
v -5.922000 -0.634000 9.346000
v -5.422000 -10.292000 9.346000
v -5.422000 -0.249000 9.346000
v -4.922000 -10.294000 9.346000
v -4.922000 -0.129000 9.346000
v -4.422000 -10.171000 9.346000
v -4.422000 -0.157000 9.346000
v -3.922000 -9.711000 9.346000
v -3.922000 -8.308000 9.346000
v -3.922000 -7.693000 9.346000
v -3.922000 -0.162000 9.346000
v -3.422000 -6.753000 9.346000
v -3.422000 -0.190000 9.346000
v -2.922000 -6.142000 9.346000
v -2.922000 -0.223000 9.346000
v -2.422000 -5.568000 9.346000
v -2.422000 -0.126000 9.346000
v -1.922000 -4.817000 9.346000
v -1.922000 0.122000 9.346000
v -1.422000 -2.784000 9.346000
v -1.422000 0.735000 9.346000
v -0.922000 -2.249000 9.346000
v -0.922000 0.970000 9.346000
v -0.422000 -1.699000 9.346000
v -0.422000 0.682000 9.346000
v 0.078000 -0.582000 9.346000
v 0.078000 0.348000 9.346000
v -12.922000 -5.168000 13.346000
v -12.922000 -4.253000 13.346000
v -12.422000 -6.022000 13.346000
v -12.422000 -3.865000 13.346000
v -11.922000 -6.395000 13.346000
v -11.922000 -3.733000 13.346000
v -11.422000 -6.690000 13.346000
v -11.422000 -3.576000 13.346000
v -10.922000 -6.802000 13.346000
v -10.922000 -3.287000 13.346000
v -10.422000 -6.699000 13.346000
v -10.422000 -2.597000 13.346000
v -9.922000 -6.287000 13.346000
v -9.922000 -1.990000 13.346000
v -9.422000 -5.456000 13.346000
v -9.422000 -1.458000 13.346000
v -8.922000 -5.133000 13.346000
v -8.922000 -0.992000 13.346000
v -8.422000 -5.000000 13.346000
v -8.422000 -0.784000 13.346000
v -7.922000 -4.882000 13.346000
v -7.922000 -0.636000 13.346000
v -7.422000 -4.620000 13.346000
v -7.422000 -0.554000 13.346000
v -6.922000 -4.505000 13.346000
v -6.922000 -0.243000 13.346000
v -6.922000 0.662000 13.346000
v -6.922000 3.472000 13.346000
v -6.422000 -4.503000 13.346000
v -6.422000 3.931000 13.346000
v -5.922000 -4.641000 13.346000
v -5.922000 4.189000 13.346000
v -5.422000 -5.020000 13.346000
v -5.422000 4.691000 13.346000
v -4.922000 -5.631000 13.346000
v -4.922000 6.141000 13.346000
v -4.422000 -5.971000 13.346000
v -4.422000 6.523000 13.346000
v -3.922000 -6.181000 13.346000
v -3.922000 6.926000 13.346000
v -3.422000 -6.287000 13.346000
v -3.422000 7.196000 13.346000
v -2.922000 -6.393000 13.346000
v -2.922000 7.298000 13.346000
v -2.422000 -6.495000 13.346000
v -2.422000 7.367000 13.346000
v -1.922000 -6.515000 13.346000
v -1.922000 7.492000 13.346000
v -1.422000 -6.502000 13.346000
v -1.422000 7.581000 13.346000
v -0.922000 -6.505000 13.346000
v -0.922000 7.471000 13.346000
v -0.422000 -6.504000 13.346000
v -0.422000 7.043000 13.346000
v 0.078000 -6.648000 13.346000
v 0.078000 5.501000 13.346000
v 0.578000 -6.903000 13.346000
v 0.578000 4.343000 13.346000
v 1.078000 -6.981000 13.346000
v 1.078000 3.399000 13.346000
v 1.578000 -7.009000 13.346000
v 1.578000 3.326000 13.346000
v 2.078000 -6.918000 13.346000
v 2.078000 3.659000 13.346000
v 2.578000 -6.588000 13.346000
v 2.578000 -3.392000 13.346000
v 2.578000 -1.959000 13.346000
v 2.578000 4.061000 13.346000
v 3.078000 -1.617000 13.346000
v 3.078000 4.435000 13.346000
v 3.578000 0.359000 13.346000
v 3.578000 4.526000 13.346000
v 4.078000 1.452000 13.346000
v 4.078000 4.562000 13.346000
v 4.578000 2.027000 13.346000
v 4.578000 4.425000 13.346000
v 5.078000 2.919000 13.346000
v 5.078000 3.895000 13.346000
v -2.922000 1.162000 17.346000
v -2.922000 1.699000 17.346000
v -2.422000 0.421000 17.346000
v -2.422000 1.993000 17.346000
v -1.922000 -0.356000 17.346000
v -1.922000 1.989000 17.346000
v -1.422000 -5.170000 17.346000
v -1.422000 -2.444000 17.346000
v -1.422000 -0.694000 17.346000
v -1.422000 1.981000 17.346000
v -0.922000 -5.633000 17.346000
v -0.922000 -2.075000 17.346000
v -0.922000 -0.466000 17.346000
v -0.922000 2.187000 17.346000
v -0.422000 -5.767000 17.346000
v -0.422000 -1.969000 17.346000
v -0.422000 0.175000 17.346000
v -0.422000 2.411000 17.346000
v 0.078000 -5.676000 17.346000
v 0.078000 -2.155000 17.346000
v 0.078000 0.449000 17.346000
v 0.078000 2.527000 17.346000
v 0.578000 -5.398000 17.346000
v 0.578000 -2.626000 17.346000
v 0.578000 1.096000 17.346000
v 0.578000 2.512000 17.346000
v 1.078000 -5.240000 17.346000
v 1.078000 -3.527000 17.346000
v 1.078000 1.556000 17.346000
v 1.078000 2.284000 17.346000
v 1.578000 -5.042000 17.346000
v 1.578000 -3.863000 17.346000
v -1.568000 -11.351000 -8.654000
v 0.084000 -11.351000 -8.654000
v -2.286000 -11.351000 -8.154000
v 0.716000 -11.351000 -8.154000
v -2.577000 -11.351000 -7.654000
v 0.932000 -11.351000 -7.654000
v -2.720000 -11.351000 -7.154000
v 0.945000 -11.351000 -7.154000
v -3.044000 -11.351000 -6.654000
v 0.763000 -11.351000 -6.654000
v -3.562000 -11.351000 -6.154000
v 0.324000 -11.351000 -6.154000
v -4.477000 -11.351000 -5.654000
v 0.028000 -11.351000 -5.654000
v -6.910000 -11.351000 -5.154000
v -0.063000 -11.351000 -5.154000
v -7.126000 -11.351000 -4.654000
v -0.076000 -11.351000 -4.654000
v -7.109000 -11.351000 -4.154000
v -0.094000 -11.351000 -4.154000
v -7.078000 -11.351000 -3.654000
v -0.304000 -11.351000 -3.654000
v -7.078000 -11.351000 -3.154000
v -0.670000 -11.351000 -3.154000
v -7.092000 -11.351000 -2.654000
v -0.967000 -11.351000 -2.654000
v -7.083000 -11.351000 -2.154000
v -2.442000 -11.351000 -2.154000
v -6.868000 -11.351000 -1.654000
v -3.195000 -11.351000 -1.654000
v -6.609000 -11.351000 -1.154000
v -3.477000 -11.351000 -1.154000
v -6.149000 -11.351000 -0.654000
v -3.605000 -11.351000 -0.654000
v -5.699000 -11.351000 -0.154000
v -3.805000 -11.351000 -0.154000
v -5.368000 -11.351000 0.346000
v -3.923000 -11.351000 0.346000
v -5.300000 -11.351000 0.846000
v -3.800000 -11.351000 0.846000
v -5.443000 -11.351000 1.346000
v -3.412000 -11.351000 1.346000
v -5.634000 -11.351000 1.846000
v -3.266000 -11.351000 1.846000
v -5.633000 -11.351000 2.346000
v -3.258000 -11.351000 2.346000
v -5.546000 -11.351000 2.846000
v -3.390000 -11.351000 2.846000
v -5.540000 -11.351000 3.346000
v -3.727000 -11.351000 3.346000
v -5.878000 -11.351000 3.846000
v -3.806000 -11.351000 3.846000
v -5.915000 -11.351000 4.346000
v -3.839000 -11.351000 4.346000
v -5.561000 -11.351000 4.846000
v -3.891000 -11.351000 4.846000
v -5.613000 -11.351000 5.346000
v -4.086000 -11.351000 5.346000
v -5.879000 -11.351000 5.846000
v -4.000000 -11.351000 5.846000
v -6.107000 -11.351000 6.346000
v -3.787000 -11.351000 6.346000
v -6.146000 -11.351000 6.846000
v -3.727000 -11.351000 6.846000
v -6.117000 -11.351000 7.346000
v -3.718000 -11.351000 7.346000
v -5.846000 -11.351000 7.846000
v -4.072000 -11.351000 7.846000
v -10.112000 -7.351000 -12.654000
v -8.396000 -7.351000 -12.654000
v -10.643000 -7.351000 -12.154000
v -7.797000 -7.351000 -12.154000
v -10.829000 -7.351000 -11.654000
v -7.576000 -7.351000 -11.654000
v -10.821000 -7.351000 -11.154000
v -7.470000 -7.351000 -11.154000
v -4.942000 -7.351000 -11.154000
v -3.895000 -7.351000 -11.154000
v -10.615000 -7.351000 -10.654000
v -7.190000 -7.351000 -10.654000
v -5.645000 -7.351000 -10.654000
v -3.280000 -7.351000 -10.654000
v -10.116000 -7.351000 -10.154000
v -3.070000 -7.351000 -10.154000
v -9.725000 -7.351000 -9.654000
v -2.965000 -7.351000 -9.654000
v -9.583000 -7.351000 -9.154000
v -2.791000 -7.351000 -9.154000
v -9.601000 -7.351000 -8.654000
v -2.785000 -7.351000 -8.654000
v -9.593000 -7.351000 -8.154000
v -2.982000 -7.351000 -8.154000
v -9.396000 -7.351000 -7.654000
v -5.305000 -7.351000 -7.654000
v -9.063000 -7.351000 -7.154000
v -6.232000 -7.351000 -7.154000
v -8.428000 -7.351000 -6.654000
v -6.820000 -7.351000 -6.654000
v -3.104000 -7.351000 -3.654000
v -1.615000 -7.351000 -3.654000
v -4.091000 -7.351000 -3.154000
v -1.169000 -7.351000 -3.154000
v -5.036000 -7.351000 -2.654000
v -0.742000 -7.351000 -2.654000
v -6.014000 -7.351000 -2.154000
v -0.307000 -7.351000 -2.154000
v -6.133000 -7.351000 -1.654000
v -0.118000 -7.351000 -1.654000
v -6.119000 -7.351000 -1.154000
v -0.128000 -7.351000 -1.154000
v -6.085000 -7.351000 -0.654000
v -0.250000 -7.351000 -0.654000
v -6.056000 -7.351000 -0.154000
v -0.287000 -7.351000 -0.154000
v -5.915000 -7.351000 0.346000
v -0.229000 -7.351000 0.346000
v -5.874000 -7.351000 0.846000
v -0.050000 -7.351000 0.846000
v -6.080000 -7.351000 1.346000
v 0.214000 -7.351000 1.346000
v -6.629000 -7.351000 1.846000
v 0.567000 -7.351000 1.846000
v -7.133000 -7.351000 2.346000
v 0.806000 -7.351000 2.346000
v -7.374000 -7.351000 2.846000
v 0.948000 -7.351000 2.846000
v -7.599000 -7.351000 3.346000
v 0.948000 -7.351000 3.346000
v -7.802000 -7.351000 3.846000
v 0.925000 -7.351000 3.846000
v -8.153000 -7.351000 4.346000
v 0.925000 -7.351000 4.346000
v -8.618000 -7.351000 4.846000
v 0.752000 -7.351000 4.846000
v -8.801000 -7.351000 5.346000
v 0.647000 -7.351000 5.346000
v -8.809000 -7.351000 5.846000
v 0.702000 -7.351000 5.846000
v -8.870000 -7.351000 6.346000
v 0.703000 -7.351000 6.346000
v -9.126000 -7.351000 6.846000
v 0.464000 -7.351000 6.846000
v -9.602000 -7.351000 7.346000
v -0.360000 -7.351000 7.346000
v -10.093000 -7.351000 7.846000
v -1.304000 -7.351000 7.846000
v -10.305000 -7.351000 8.346000
v -2.807000 -7.351000 8.346000
v -10.557000 -7.351000 8.846000
v -3.222000 -7.351000 8.846000
v -11.330000 -7.351000 9.346000
v -3.745000 -7.351000 9.346000
v -13.236000 -7.351000 9.846000
v -8.166000 -7.351000 9.846000
v -13.510000 -7.351000 10.346000
v -9.086000 -7.351000 10.346000
v -13.531000 -7.351000 10.846000
v -9.618000 -7.351000 10.846000
v -13.314000 -7.351000 11.346000
v -9.779000 -7.351000 11.346000
v -12.878000 -7.351000 11.846000
v -10.039000 -7.351000 11.846000
v -12.276000 -7.351000 12.346000
v -10.490000 -7.351000 12.346000
v -3.800000 -3.351000 2.346000
v -2.300000 -3.351000 2.346000
v -4.742000 -3.351000 2.846000
v -1.622000 -3.351000 2.846000
v -5.007000 -3.351000 3.346000
v -0.289000 -3.351000 3.346000
v -5.243000 -3.351000 3.846000
v -0.194000 -3.351000 3.846000
v -5.619000 -3.351000 4.346000
v -0.202000 -3.351000 4.346000
v -6.110000 -3.351000 4.846000
v -0.500000 -3.351000 4.846000
v -6.094000 -3.351000 5.346000
v -0.968000 -3.351000 5.346000
v -5.978000 -3.351000 5.846000
v -1.506000 -3.351000 5.846000
v -5.862000 -3.351000 6.346000
v -1.917000 -3.351000 6.346000
v -5.983000 -3.351000 6.846000
v -2.172000 -3.351000 6.846000
v -8.878000 -3.351000 7.346000
v -2.250000 -3.351000 7.346000
v -9.312000 -3.351000 7.846000
v -2.204000 -3.351000 7.846000
v -13.603000 -3.351000 8.346000
v -11.746000 -3.351000 8.346000
v -9.660000 -3.351000 8.346000
v -2.105000 -3.351000 8.346000
v -14.674000 -3.351000 8.846000
v -1.955000 -3.351000 8.846000
v -15.329000 -3.351000 9.346000
v -1.707000 -3.351000 9.346000
v -15.813000 -3.351000 9.846000
v -1.410000 -3.351000 9.846000
v -16.047000 -3.351000 10.346000
v -1.041000 -3.351000 10.346000
v -16.042000 -3.351000 10.846000
v -0.482000 -3.351000 10.846000
v -15.884000 -3.351000 11.346000
v -0.064000 -3.351000 11.346000
v -15.765000 -3.351000 11.846000
v 0.330000 -3.351000 11.846000
v -15.572000 -3.351000 12.346000
v 0.917000 -3.351000 12.346000
v -15.015000 -3.351000 12.846000
v -12.475000 -3.351000 12.846000
v -11.796000 -3.351000 12.846000
v 1.900000 -3.351000 12.846000
v -11.008000 -3.351000 13.346000
v 2.556000 -3.351000 13.346000
v -9.963000 -3.351000 13.846000
v 2.945000 -3.351000 13.846000
v -9.607000 -3.351000 14.346000
v 3.183000 -3.351000 14.346000
v -9.040000 -3.351000 14.846000
v 3.280000 -3.351000 14.846000
v -4.579000 -3.351000 15.346000
v 3.316000 -3.351000 15.346000
v -3.216000 -3.351000 15.846000
v 3.301000 -3.351000 15.846000
v -2.654000 -3.351000 16.346000
v 2.987000 -3.351000 16.346000
v -2.171000 -3.351000 16.846000
v 2.256000 -3.351000 16.846000
v -1.598000 -3.351000 17.346000
v 0.871000 -3.351000 17.346000
v -15.538000 0.649000 3.346000
v -13.804000 0.649000 3.346000
v -16.068000 0.649000 3.846000
v -12.766000 0.649000 3.846000
v -16.251000 0.649000 4.346000
v -12.077000 0.649000 4.346000
v -16.283000 0.649000 4.846000
v -11.827000 0.649000 4.846000
v -16.308000 0.649000 5.346000
v -11.774000 0.649000 5.346000
v -16.434000 0.649000 5.846000
v -11.746000 0.649000 5.846000
v -16.626000 0.649000 6.346000
v -11.741000 0.649000 6.346000
v -16.692000 0.649000 6.846000
v -11.753000 0.649000 6.846000
v -16.811000 0.649000 7.346000
v -11.747000 0.649000 7.346000
v -16.811000 0.649000 7.846000
v -11.925000 0.649000 7.846000
v -16.776000 0.649000 8.346000
v -12.051000 0.649000 8.346000
v -16.559000 0.649000 8.846000
v -12.273000 0.649000 8.846000
v -16.231000 0.649000 9.346000
v -12.538000 0.649000 9.346000
v -1.478000 0.649000 9.346000
v -0.391000 0.649000 9.346000
v -16.078000 0.649000 9.846000
v -12.700000 0.649000 9.846000
v -2.147000 0.649000 9.846000
v 0.534000 0.649000 9.846000
v -15.861000 0.649000 10.346000
v -12.815000 0.649000 10.346000
v -4.597000 0.649000 10.346000
v 0.848000 0.649000 10.346000
v -15.536000 0.649000 10.846000
v -13.059000 0.649000 10.846000
v -5.181000 0.649000 10.846000
v 1.260000 0.649000 10.846000
v -15.265000 0.649000 11.346000
v -13.482000 0.649000 11.346000
v -5.316000 0.649000 11.346000
v 1.741000 0.649000 11.346000
v -5.492000 0.649000 11.846000
v 2.322000 0.649000 11.846000
v -5.916000 0.649000 12.346000
v 2.939000 0.649000 12.346000
v -6.384000 0.649000 12.846000
v 3.494000 0.649000 12.846000
v -6.917000 0.649000 13.346000
v 3.754000 0.649000 13.346000
v -7.501000 0.649000 13.846000
v 3.794000 0.649000 13.846000
v -7.659000 0.649000 14.346000
v 3.846000 0.649000 14.346000
v -7.593000 0.649000 14.846000
v 3.989000 0.649000 14.846000
v -7.306000 0.649000 15.346000
v 3.990000 0.649000 15.346000
v -5.819000 0.649000 15.846000
v 3.804000 0.649000 15.846000
v -4.070000 0.649000 16.346000
v 3.451000 0.649000 16.346000
v -3.287000 0.649000 16.846000
v 2.646000 0.649000 16.846000
v -2.575000 0.649000 17.346000
v 0.195000 0.649000 17.346000
v -4.410000 4.649000 10.346000
v -1.910000 4.649000 10.346000
v -4.739000 4.649000 10.846000
v -1.336000 4.649000 10.846000
v -4.838000 4.649000 11.346000
v -1.019000 4.649000 11.346000
v -4.878000 4.649000 11.846000
v -0.653000 4.649000 11.846000
v -4.923000 4.649000 12.346000
v -0.236000 4.649000 12.346000
v -5.073000 4.649000 12.846000
v 0.241000 4.649000 12.846000
v -5.451000 4.649000 13.346000
v 0.487000 4.649000 13.346000
v -6.520000 4.649000 13.846000
v 0.551000 4.649000 13.846000
v 3.078000 4.649000 13.846000
v 4.607000 4.649000 13.846000
v -7.069000 4.649000 14.346000
v 0.466000 4.649000 14.346000
v 3.068000 4.649000 14.346000
v 4.641000 4.649000 14.346000
v -7.277000 4.649000 14.846000
v 0.079000 4.649000 14.846000
v -7.275000 4.649000 15.346000
v -0.902000 4.649000 15.346000
v -7.128000 4.649000 15.846000
v -2.237000 4.649000 15.846000
v -6.843000 4.649000 16.346000
v -4.692000 4.649000 16.346000
v -6.922000 -11.351000 -5.137000
v -6.922000 -11.351000 -1.757000
v -6.422000 -11.351000 -5.540000
v -6.422000 -11.351000 -0.918000
v -5.922000 -11.351000 -5.636000
v -5.922000 -11.351000 -0.396000
v -5.922000 -11.351000 5.922000
v -5.922000 -11.351000 7.758000
v -5.422000 -11.351000 -5.576000
v -5.422000 -11.351000 0.231000
v -5.422000 -11.351000 1.293000
v -5.422000 -11.351000 8.153000
v -4.922000 -11.351000 -5.603000
v -4.922000 -11.351000 8.247000
v -4.422000 -11.351000 -5.671000
v -4.422000 -11.351000 8.111000
v -3.922000 -11.351000 -5.941000
v -3.922000 -11.351000 0.335000
v -3.922000 -11.351000 0.530000
v -3.922000 -11.351000 4.899000
v -3.922000 -11.351000 6.050000
v -3.922000 -11.351000 7.692000
v -3.422000 -11.351000 -6.266000
v -3.422000 -11.351000 -1.303000
v -3.422000 -11.351000 1.328000
v -3.422000 -11.351000 2.901000
v -2.922000 -11.351000 -6.829000
v -2.922000 -11.351000 -1.909000
v -2.422000 -11.351000 -7.979000
v -2.422000 -11.351000 -2.160000
v -1.922000 -11.351000 -8.441000
v -1.922000 -11.351000 -2.220000
v -1.422000 -11.351000 -8.720000
v -1.422000 -11.351000 -2.313000
v -0.922000 -11.351000 -8.827000
v -0.922000 -11.351000 -2.710000
v -0.422000 -11.351000 -8.769000
v -0.422000 -11.351000 -3.500000
v 0.078000 -11.351000 -8.656000
v 0.078000 -11.351000 -5.777000
v 0.578000 -11.351000 -8.324000
v 0.578000 -11.351000 -6.412000
v -13.422000 -7.351000 10.114000
v -13.422000 -7.351000 11.171000
v -12.922000 -7.351000 9.606000
v -12.922000 -7.351000 11.788000
v -12.422000 -7.351000 9.472000
v -12.422000 -7.351000 12.214000
v -11.922000 -7.351000 9.459000
v -11.922000 -7.351000 12.632000
v -11.422000 -7.351000 9.371000
v -11.422000 -7.351000 12.766000
v -10.922000 -7.351000 9.175000
v -10.922000 -7.351000 12.672000
v -10.422000 -7.351000 -12.429000
v -10.422000 -7.351000 -10.421000
v -10.422000 -7.351000 8.623000
v -10.422000 -7.351000 12.256000
v -9.922000 -7.351000 -12.737000
v -9.922000 -7.351000 -9.948000
v -9.922000 -7.351000 7.630000
v -9.922000 -7.351000 11.688000
v -9.422000 -7.351000 -12.815000
v -9.422000 -7.351000 -7.702000
v -9.422000 -7.351000 7.170000
v -9.422000 -7.351000 10.574000
v -8.922000 -7.351000 -12.771000
v -8.922000 -7.351000 -6.984000
v -8.922000 -7.351000 6.500000
v -8.922000 -7.351000 10.260000
v -8.422000 -7.351000 -12.665000
v -8.422000 -7.351000 -6.652000
v -8.422000 -7.351000 4.595000
v -8.422000 -7.351000 9.999000
v -7.922000 -7.351000 -12.315000
v -7.922000 -7.351000 -6.550000
v -7.922000 -7.351000 4.061000
v -7.922000 -7.351000 9.699000
v -7.422000 -7.351000 -11.008000
v -7.422000 -7.351000 -6.505000
v -7.422000 -7.351000 2.942000
v -7.422000 -7.351000 9.558000
v -6.922000 -7.351000 -10.455000
v -6.922000 -7.351000 -6.608000
v -6.922000 -7.351000 2.082000
v -6.922000 -7.351000 9.524000
v -6.422000 -7.351000 -10.324000
v -6.422000 -7.351000 -6.956000
v -6.422000 -7.351000 1.680000
v -6.422000 -7.351000 9.575000
v -5.922000 -7.351000 -10.449000
v -5.922000 -7.351000 -7.394000
v -5.922000 -7.351000 -2.295000
v -5.922000 -7.351000 0.314000
v -5.922000 -7.351000 1.054000
v -5.922000 -7.351000 9.679000
v -5.422000 -7.351000 -10.857000
v -5.422000 -7.351000 -7.623000
v -5.422000 -7.351000 -2.576000
v -5.422000 -7.351000 9.744000
v -4.922000 -7.351000 -11.162000
v -4.922000 -7.351000 -7.692000
v -4.922000 -7.351000 -2.697000
v -4.922000 -7.351000 9.722000
v -4.422000 -7.351000 -11.257000
v -4.422000 -7.351000 -7.662000
v -4.422000 -7.351000 -2.974000
v -4.422000 -7.351000 9.617000
v -3.922000 -7.351000 -11.165000
v -3.922000 -7.351000 -7.708000
v -3.922000 -7.351000 -3.228000
v -3.922000 -7.351000 9.431000
v -3.422000 -7.351000 -10.831000
v -3.422000 -7.351000 -7.784000
v -3.422000 -7.351000 -3.481000
v -3.422000 -7.351000 9.101000
v -2.922000 -7.351000 -9.522000
v -2.922000 -7.351000 -8.256000
v -2.922000 -7.351000 -3.748000
v -2.922000 -7.351000 8.452000
v -2.422000 -7.351000 -3.920000
v -2.422000 -7.351000 8.124000
v -1.922000 -7.351000 -3.854000
v -1.922000 -7.351000 8.011000
v -1.422000 -7.351000 -3.456000
v -1.422000 -7.351000 7.901000
v -0.922000 -7.351000 -2.863000
v -0.922000 -7.351000 7.587000
v -0.422000 -7.351000 -2.314000
v -0.422000 -7.351000 7.370000
v 0.078000 -7.351000 1.111000
v 0.078000 -7.351000 7.157000
v 0.578000 -7.351000 1.860000
v 0.578000 -7.351000 6.679000
v -15.922000 -3.351000 10.009000
v -15.922000 -3.351000 11.253000
v -15.422000 -3.351000 9.465000
v -15.422000 -3.351000 12.541000
v -14.922000 -3.351000 8.996000
v -14.922000 -3.351000 12.887000
v -14.422000 -3.351000 8.709000
v -14.422000 -3.351000 12.988000
v -13.922000 -3.351000 8.483000
v -13.922000 -3.351000 13.012000
v -13.422000 -3.351000 8.291000
v -13.422000 -3.351000 12.965000
v -12.922000 -3.351000 8.210000
v -12.922000 -3.351000 12.913000
v -12.422000 -3.351000 8.171000
v -12.422000 -3.351000 12.833000
v -11.922000 -3.351000 8.268000
v -11.922000 -3.351000 12.817000
v -11.422000 -3.351000 8.534000
v -11.422000 -3.351000 13.019000
v -10.922000 -3.351000 8.765000
v -10.922000 -3.351000 13.385000
v -10.422000 -3.351000 8.827000
v -10.422000 -3.351000 13.535000
v -9.922000 -3.351000 8.642000
v -9.922000 -3.351000 13.894000
v -9.422000 -3.351000 7.988000
v -9.422000 -3.351000 14.574000
v -8.922000 -3.351000 7.400000
v -8.922000 -3.351000 14.896000
v -8.422000 -3.351000 7.021000
v -8.422000 -3.351000 14.985000
v -7.922000 -3.351000 6.931000
v -7.922000 -3.351000 14.954000
v -7.422000 -3.351000 7.000000
v -7.422000 -3.351000 14.996000
v -6.922000 -3.351000 7.239000
v -6.922000 -3.351000 14.946000
v -6.422000 -3.351000 7.221000
v -6.422000 -3.351000 14.964000
v -5.922000 -3.351000 4.558000
v -5.922000 -3.351000 5.977000
v -5.922000 -3.351000 6.718000
v -5.922000 -3.351000 14.956000
v -5.422000 -3.351000 4.110000
v -5.422000 -3.351000 14.989000
v -4.922000 -3.351000 3.117000
v -4.922000 -3.351000 15.150000
v -4.422000 -3.351000 2.595000
v -4.422000 -3.351000 15.420000
v -3.922000 -3.351000 2.401000
v -3.922000 -3.351000 15.544000
v -3.422000 -3.351000 2.085000
v -3.422000 -3.351000 15.726000
v -2.922000 -3.351000 1.910000
v -2.922000 -3.351000 16.066000
v -2.422000 -3.351000 2.159000
v -2.422000 -3.351000 16.614000
v -1.922000 -3.351000 2.699000
v -1.922000 -3.351000 6.353000
v -1.922000 -3.351000 8.934000
v -1.922000 -3.351000 17.106000
v -1.422000 -3.351000 2.897000
v -1.422000 -3.351000 5.752000
v -1.422000 -3.351000 9.824000
v -1.422000 -3.351000 17.425000
v -0.922000 -3.351000 2.941000
v -0.922000 -3.351000 5.287000
v -0.922000 -3.351000 10.466000
v -0.922000 -3.351000 17.538000
v -0.422000 -3.351000 3.157000
v -0.422000 -3.351000 4.750000
v -0.422000 -3.351000 10.920000
v -0.422000 -3.351000 17.539000
v 0.078000 -3.351000 11.514000
v 0.078000 -3.351000 17.551000
v 0.578000 -3.351000 12.094000
v 0.578000 -3.351000 17.426000
v 1.078000 -3.351000 12.430000
v 1.078000 -3.351000 17.286000
v 1.578000 -3.351000 12.671000
v 1.578000 -3.351000 17.151000
v 2.078000 -3.351000 12.959000
v 2.078000 -3.351000 16.949000
v 2.578000 -3.351000 13.370000
v 2.578000 -3.351000 16.653000
v 3.078000 -3.351000 14.086000
v 3.078000 -3.351000 16.251000
v -16.422000 0.649000 5.819000
v -16.422000 0.649000 9.027000
v -15.922000 0.649000 3.649000
v -15.922000 0.649000 10.256000
v -15.422000 0.649000 3.291000
v -15.422000 0.649000 11.121000
v -14.922000 0.649000 3.185000
v -14.922000 0.649000 11.630000
v -14.422000 0.649000 3.198000
v -14.422000 0.649000 11.770000
v -13.922000 0.649000 3.293000
v -13.922000 0.649000 11.660000
v -13.422000 0.649000 3.589000
v -13.422000 0.649000 11.274000
v -12.922000 0.649000 3.794000
v -12.922000 0.649000 10.641000
v -12.422000 0.649000 4.026000
v -12.422000 0.649000 9.077000
v -11.922000 0.649000 4.588000
v -11.922000 0.649000 7.839000
v -7.422000 0.649000 13.727000
v -7.422000 0.649000 15.196000
v -6.922000 0.649000 13.351000
v -6.922000 0.649000 15.622000
v -6.422000 0.649000 12.889000
v -6.422000 0.649000 15.739000
v -5.922000 0.649000 12.353000
v -5.922000 0.649000 15.826000
v -5.422000 0.649000 11.714000
v -5.422000 0.649000 15.935000
v -4.922000 0.649000 10.514000
v -4.922000 0.649000 16.022000
v -4.422000 0.649000 10.292000
v -4.422000 0.649000 16.183000
v -3.922000 0.649000 10.236000
v -3.922000 0.649000 16.396000
v -3.422000 0.649000 10.264000
v -3.422000 0.649000 16.702000
v -2.922000 0.649000 10.170000
v -2.922000 0.649000 17.139000
v -2.422000 0.649000 10.024000
v -2.422000 0.649000 17.413000
v -1.922000 0.649000 9.636000
v -1.922000 0.649000 17.499000
v -1.422000 0.649000 9.324000
v -1.422000 0.649000 17.498000
v -0.922000 0.649000 9.238000
v -0.922000 0.649000 17.488000
v -0.422000 0.649000 9.336000
v -0.422000 0.649000 17.500000
v 0.078000 0.649000 9.505000
v 0.078000 0.649000 17.398000
v 0.578000 0.649000 9.903000
v 0.578000 0.649000 17.171000
v 1.078000 0.649000 10.634000
v 1.078000 0.649000 17.038000
v 1.578000 0.649000 11.165000
v 1.578000 0.649000 17.009000
v 2.078000 0.649000 11.653000
v 2.078000 0.649000 16.982000
v 2.578000 0.649000 12.022000
v 2.578000 0.649000 16.877000
v 3.078000 0.649000 12.486000
v 3.078000 0.649000 16.579000
v 3.578000 0.649000 12.954000
v 3.578000 0.649000 16.217000
v -6.922000 4.649000 14.161000
v -6.922000 4.649000 16.229000
v -6.422000 4.649000 13.799000
v -6.422000 4.649000 16.691000
v -5.922000 4.649000 13.631000
v -5.922000 4.649000 16.814000
v -5.422000 4.649000 13.321000
v -5.422000 4.649000 16.722000
v -4.922000 4.649000 12.344000
v -4.922000 4.649000 16.464000
v -4.422000 4.649000 10.358000
v -4.422000 4.649000 16.219000
v -3.922000 4.649000 10.013000
v -3.922000 4.649000 16.059000
v -3.422000 4.649000 9.902000
v -3.422000 4.649000 16.021000
v -2.922000 4.649000 9.929000
v -2.922000 4.649000 15.951000
v -2.422000 4.649000 10.019000
v -2.422000 4.649000 15.888000
v -1.922000 4.649000 10.338000
v -1.922000 4.649000 15.763000
v -1.422000 4.649000 10.734000
v -1.422000 4.649000 15.630000
v -0.922000 4.649000 11.459000
v -0.922000 4.649000 15.354000
v -0.422000 4.649000 12.126000
v -0.422000 4.649000 15.206000
v 0.078000 4.649000 12.649000
v 0.078000 4.649000 14.847000
v 3.078000 4.649000 13.846000
v 3.078000 4.649000 14.364000
v 3.578000 4.649000 13.579000
v 3.578000 4.649000 14.648000
v 4.078000 4.649000 13.492000
v 4.078000 4.649000 14.781000
v 4.578000 4.649000 13.793000
v 4.578000 4.649000 14.479000
v -9.922000 -8.101000 -10.154000
v -9.922000 -6.476000 -10.154000
v -9.422000 -8.488000 -10.154000
v -9.422000 -6.102000 -10.154000
v -8.922000 -8.678000 -10.154000
v -8.922000 -5.932000 -10.154000
v -8.422000 -8.779000 -10.154000
v -8.422000 -5.847000 -10.154000
v -7.922000 -8.801000 -10.154000
v -7.922000 -5.911000 -10.154000
v -7.422000 -8.686000 -10.154000
v -7.422000 -6.223000 -10.154000
v -6.922000 -8.402000 -10.154000
v -6.922000 -6.853000 -10.154000
v -6.422000 -8.244000 -10.154000
v -6.422000 -7.019000 -10.154000
v -5.922000 -8.374000 -10.154000
v -5.922000 -6.878000 -10.154000
v -5.422000 -8.745000 -10.154000
v -5.422000 -6.550000 -10.154000
v -4.922000 -9.188000 -10.154000
v -4.922000 -6.327000 -10.154000
v -4.422000 -9.316000 -10.154000
v -4.422000 -6.233000 -10.154000
v -3.922000 -9.221000 -10.154000
v -3.922000 -6.326000 -10.154000
v -3.422000 -8.874000 -10.154000
v -3.422000 -6.661000 -10.154000
v -4.422000 -10.790000 -6.154000
v -4.422000 -9.254000 -6.154000
v -3.922000 -11.177000 -6.154000
v -3.922000 -8.504000 -6.154000
v -3.422000 -11.417000 -6.154000
v -3.422000 -8.064000 -6.154000
v -2.922000 -11.785000 -6.154000
v -2.922000 -7.936000 -6.154000
v -2.422000 -12.263000 -6.154000
v -2.422000 -8.007000 -6.154000
v -1.922000 -12.660000 -6.154000
v -1.922000 -8.166000 -6.154000
v -1.422000 -12.779000 -6.154000
v -1.422000 -8.318000 -6.154000
v -0.922000 -12.766000 -6.154000
v -0.922000 -8.669000 -6.154000
v -0.422000 -12.619000 -6.154000
v -0.422000 -9.561000 -6.154000
v 0.078000 -12.251000 -6.154000
v 0.078000 -10.447000 -6.154000
v -6.922000 -11.542000 -2.154000
v -6.922000 -8.899000 -2.154000
v -6.422000 -12.051000 -2.154000
v -6.422000 -7.633000 -2.154000
v -5.922000 -12.404000 -2.154000
v -5.922000 -7.296000 -2.154000
v -5.422000 -12.712000 -2.154000
v -5.422000 -6.990000 -2.154000
v -4.922000 -12.805000 -2.154000
v -4.922000 -6.823000 -2.154000
v -4.422000 -12.695000 -2.154000
v -4.422000 -6.475000 -2.154000
v -3.922000 -12.487000 -2.154000
v -3.922000 -6.044000 -2.154000
v -3.422000 -12.197000 -2.154000
v -3.422000 -5.762000 -2.154000
v -2.922000 -11.783000 -2.154000
v -2.922000 -5.684000 -2.154000
v -2.422000 -11.340000 -2.154000
v -2.422000 -5.670000 -2.154000
v -1.922000 -11.236000 -2.154000
v -1.922000 -5.751000 -2.154000
v -1.422000 -11.058000 -2.154000
v -1.422000 -6.056000 -2.154000
v -0.922000 -10.397000 -2.154000
v -0.922000 -6.510000 -2.154000
v -0.422000 -9.394000 -2.154000
v -0.422000 -7.055000 -2.154000
v -6.422000 -7.761000 1.846000
v -6.422000 -6.552000 1.846000
v -5.922000 -8.431000 1.846000
v -5.922000 -6.314000 1.846000
v -5.422000 -11.618000 1.846000
v -5.422000 -6.165000 1.846000
v -4.922000 -11.932000 1.846000
v -4.922000 -5.938000 1.846000
v -4.422000 -12.013000 1.846000
v -4.422000 -5.310000 1.846000
v -3.922000 -11.906000 1.846000
v -3.922000 -3.894000 1.846000
v -3.422000 -11.547000 1.846000
v -3.422000 -3.485000 1.846000
v -2.922000 -11.004000 1.846000
v -2.922000 -3.390000 1.846000
v -2.422000 -10.581000 1.846000
v -2.422000 -3.519000 1.846000
v -1.922000 -10.152000 1.846000
v -1.922000 -4.004000 1.846000
v -1.422000 -9.978000 1.846000
v -1.422000 -4.852000 1.846000
v -0.922000 -9.861000 1.846000
v -0.922000 -5.267000 1.846000
v -0.422000 -9.500000 1.846000
v -0.422000 -5.394000 1.846000
v 0.078000 -8.131000 1.846000
v 0.078000 -5.516000 1.846000
v 0.578000 -7.337000 1.846000
v 0.578000 -5.909000 1.846000
v -16.422000 -1.617000 5.846000
v -16.422000 0.685000 5.846000
v -15.922000 -1.927000 5.846000
v -15.922000 1.918000 5.846000
v -15.422000 -2.005000 5.846000
v -15.422000 2.357000 5.846000
v -14.922000 -2.017000 5.846000
v -14.922000 2.732000 5.846000
v -14.422000 -2.003000 5.846000
v -14.422000 3.012000 5.846000
v -13.922000 -1.984000 5.846000
v -13.922000 3.124000 5.846000
v -13.422000 -1.987000 5.846000
v -13.422000 3.036000 5.846000
v -12.922000 -1.941000 5.846000
v -12.922000 2.737000 5.846000
v -12.422000 -1.853000 5.846000
v -12.422000 2.321000 5.846000
v -11.922000 -1.535000 5.846000
v -11.922000 0.957000 5.846000
v -8.422000 -9.225000 5.846000
v -8.422000 -5.604000 5.846000
v -7.922000 -9.649000 5.846000
v -7.922000 -4.631000 5.846000
v -7.422000 -9.957000 5.846000
v -7.422000 -4.061000 5.846000
v -6.922000 -10.297000 5.846000
v -6.922000 -3.769000 5.846000
v -6.422000 -10.693000 5.846000
v -6.422000 -3.587000 5.846000
v -5.922000 -11.306000 5.846000
v -5.922000 -3.329000 5.846000
v -5.422000 -11.659000 5.846000
v -5.422000 -3.211000 5.846000
v -4.922000 -11.748000 5.846000
v -4.922000 -3.078000 5.846000
v -4.422000 -11.626000 5.846000
v -4.422000 -2.805000 5.846000
v -3.922000 -11.283000 5.846000
v -3.922000 -2.604000 5.846000
v -3.422000 -10.882000 5.846000
v -3.422000 -2.342000 5.846000
v -2.922000 -9.687000 5.846000
v -2.922000 -2.298000 5.846000
v -2.422000 -9.156000 5.846000
v -2.422000 -2.449000 5.846000
v -1.922000 -8.935000 5.846000
v -1.922000 -2.918000 5.846000
v -1.422000 -8.652000 5.846000
v -1.422000 -3.466000 5.846000
v -0.922000 -8.477000 5.846000
v -0.922000 -4.064000 5.846000
v -0.422000 -8.357000 5.846000
v -0.422000 -4.466000 5.846000
v 0.078000 -8.004000 5.846000
v 0.078000 -4.912000 5.846000
v 0.578000 -7.515000 5.846000
v 0.578000 -5.675000 5.846000
v -15.922000 -3.199000 9.846000
v -15.922000 0.848000 9.846000
v -15.422000 -3.730000 9.846000
v -15.422000 1.207000 9.846000
v -14.922000 -5.773000 9.846000
v -14.922000 1.350000 9.846000
v -14.422000 -6.197000 9.846000
v -14.422000 1.512000 9.846000
v -13.922000 -6.424000 9.846000
v -13.922000 1.620000 9.846000
v -13.422000 -7.067000 9.846000
v -13.422000 1.516000 9.846000
v -12.922000 -7.598000 9.846000
v -12.922000 1.092000 9.846000
v -12.422000 -7.734000 9.846000
v -12.422000 -0.959000 9.846000
v -11.922000 -7.739000 9.846000
v -11.922000 -1.612000 9.846000
v -11.422000 -7.784000 9.846000
v -11.422000 -1.961000 9.846000
v -10.922000 -7.819000 9.846000
v -10.922000 -2.289000 9.846000
v -10.422000 -7.940000 9.846000
v -10.422000 -2.517000 9.846000
v -9.922000 -8.066000 9.846000
v -9.922000 -2.685000 9.846000
v -9.422000 -8.194000 9.846000
v -9.422000 -2.678000 9.846000
v -8.922000 -8.290000 9.846000
v -8.922000 -2.469000 9.846000
v -8.422000 -8.100000 9.846000
v -8.422000 -2.030000 9.846000
v -7.922000 -6.935000 9.846000
v -7.922000 -1.804000 9.846000
v -7.422000 -6.666000 9.846000
v -7.422000 -1.682000 9.846000
v -6.922000 -6.666000 9.846000
v -6.922000 -1.503000 9.846000
v -6.422000 -6.741000 9.846000
v -6.422000 -1.120000 9.846000
v -5.922000 -9.501000 9.846000
v -5.922000 -8.360000 9.846000
v -5.922000 -6.887000 9.846000
v -5.922000 -0.502000 9.846000
v -5.422000 -9.743000 9.846000
v -5.422000 -8.045000 9.846000
v -5.422000 -6.973000 9.846000
v -5.422000 -0.072000 9.846000
v -4.922000 -9.789000 9.846000
v -4.922000 -8.315000 9.846000
v -4.922000 -6.955000 9.846000
v -4.922000 0.062000 9.846000
v -4.422000 -9.544000 9.846000
v -4.422000 -8.635000 9.846000
v -4.422000 -6.955000 9.846000
v -4.422000 0.107000 9.846000
v -3.922000 -6.751000 9.846000
v -3.922000 0.083000 9.846000
v -3.922000 4.983000 9.846000
v -3.922000 5.878000 9.846000
v -3.422000 -6.381000 9.846000
v -3.422000 0.038000 9.846000
v -3.422000 4.741000 9.846000
v -3.422000 6.164000 9.846000
v -2.922000 -5.952000 9.846000
v -2.922000 0.088000 9.846000
v -2.922000 4.788000 9.846000
v -2.922000 6.423000 9.846000
v -2.422000 -5.573000 9.846000
v -2.422000 0.276000 9.846000
v -2.422000 4.967000 9.846000
v -2.422000 6.183000 9.846000
v -1.922000 -5.083000 9.846000
v -1.922000 1.114000 9.846000
v -1.422000 -3.378000 9.846000
v -1.422000 1.474000 9.846000
v -0.922000 -2.696000 9.846000
v -0.922000 1.540000 9.846000
v -0.422000 -2.148000 9.846000
v -0.422000 1.418000 9.846000
v 0.078000 -1.306000 9.846000
v 0.078000 1.013000 9.846000
v 0.578000 -0.824000 9.846000
v 0.578000 0.594000 9.846000
v -12.422000 -5.678000 13.846000
v -12.422000 -4.434000 13.846000
v -11.922000 -6.108000 13.846000
v -11.922000 -4.004000 13.846000
v -11.422000 -6.230000 13.846000
v -11.422000 -3.904000 13.846000
v -10.922000 -6.294000 13.846000
v -10.922000 -3.943000 13.846000
v -10.422000 -6.095000 13.846000
v -10.422000 -3.868000 13.846000
v -9.922000 -5.144000 13.846000
v -9.922000 -3.203000 13.846000
v -9.422000 -5.020000 13.846000
v -9.422000 -2.029000 13.846000
v -8.922000 -4.997000 13.846000
v -8.922000 -1.250000 13.846000
v -8.422000 -4.988000 13.846000
v -8.422000 -0.874000 13.846000
v -7.922000 -4.884000 13.846000
v -7.922000 -0.568000 13.846000
v -7.422000 -4.616000 13.846000
v -7.422000 -0.048000 13.846000
v -7.422000 0.360000 13.846000
v -7.422000 3.567000 13.846000
v -6.922000 -4.491000 13.846000
v -6.922000 4.076000 13.846000
v -6.422000 -4.498000 13.846000
v -6.422000 4.808000 13.846000
v -5.922000 -4.635000 13.846000
v -5.922000 6.407000 13.846000
v -5.422000 -5.014000 13.846000
v -5.422000 6.589000 13.846000
v -4.922000 -5.608000 13.846000
v -4.922000 6.721000 13.846000
v -4.422000 -5.929000 13.846000
v -4.422000 6.969000 13.846000
v -3.922000 -6.015000 13.846000
v -3.922000 7.152000 13.846000
v -3.422000 -6.079000 13.846000
v -3.422000 7.259000 13.846000
v -2.922000 -6.226000 13.846000
v -2.922000 7.309000 13.846000
v -2.422000 -6.404000 13.846000
v -2.422000 7.314000 13.846000
v -1.922000 -6.478000 13.846000
v -1.922000 7.257000 13.846000
v -1.422000 -6.515000 13.846000
v -1.422000 7.150000 13.846000
v -0.922000 -6.506000 13.846000
v -0.922000 7.026000 13.846000
v -0.422000 -6.499000 13.846000
v -0.422000 6.604000 13.846000
v 0.078000 -6.639000 13.846000
v 0.078000 5.395000 13.846000
v 0.578000 -6.899000 13.846000
v 0.578000 4.607000 13.846000
v 1.078000 -6.978000 13.846000
v 1.078000 4.077000 13.846000
v 1.578000 -7.007000 13.846000
v 1.578000 3.908000 13.846000
v 2.078000 -6.916000 13.846000
v 2.078000 4.020000 13.846000
v 2.578000 -6.586000 13.846000
v 2.578000 4.362000 13.846000
v 3.078000 -2.545000 13.846000
v 3.078000 4.649000 13.846000
v 3.578000 -2.085000 13.846000
v 3.578000 4.729000 13.846000
v 4.078000 1.310000 13.846000
v 4.078000 4.776000 13.846000
v 4.578000 1.860000 13.846000
v 4.578000 4.662000 13.846000
v 5.078000 2.525000 13.846000
v 5.078000 4.289000 13.846000
v -0.422000 -5.178000 17.846000
v -0.422000 -4.027000 17.846000
v 0.078000 -4.957000 17.846000
v 0.078000 -4.249000 17.846000
v -2.290000 -10.851000 -8.654000
v -0.253000 -10.851000 -8.654000
v -3.060000 -10.851000 -8.154000
v 0.481000 -10.851000 -8.154000
v -3.562000 -10.851000 -7.654000
v 0.741000 -10.851000 -7.654000
v -3.645000 -10.851000 -7.154000
v 0.756000 -10.851000 -7.154000
v -3.875000 -10.851000 -6.654000
v 0.539000 -10.851000 -6.654000
v -4.368000 -10.851000 -6.154000
v 0.215000 -10.851000 -6.154000
v -6.620000 -10.851000 -5.654000
v 0.017000 -10.851000 -5.654000
v -7.138000 -10.851000 -5.154000
v -0.022000 -10.851000 -5.154000
v -7.318000 -10.851000 -4.654000
v -0.028000 -10.851000 -4.654000
v -7.304000 -10.851000 -4.154000
v -0.111000 -10.851000 -4.154000
v -7.272000 -10.851000 -3.654000
v -0.316000 -10.851000 -3.654000
v -7.269000 -10.851000 -3.154000
v -0.521000 -10.851000 -3.154000
v -7.300000 -10.851000 -2.654000
v -0.724000 -10.851000 -2.654000
v -7.301000 -10.851000 -2.154000
v -1.216000 -10.851000 -2.154000
v -7.105000 -10.851000 -1.654000
v -2.804000 -10.851000 -1.654000
v -6.648000 -10.851000 -1.154000
v -3.126000 -10.851000 -1.154000
v -6.152000 -10.851000 -0.654000
v -3.234000 -10.851000 -0.654000
v -5.747000 -10.851000 -0.154000
v -3.286000 -10.851000 -0.154000
v -5.510000 -10.851000 0.346000
v -3.202000 -10.851000 0.346000
v -5.476000 -10.851000 0.846000
v -3.028000 -10.851000 0.846000
v -5.634000 -10.851000 1.346000
v -2.832000 -10.851000 1.346000
v -5.817000 -10.851000 1.846000
v -2.747000 -10.851000 1.846000
v -5.862000 -10.851000 2.346000
v -2.734000 -10.851000 2.346000
v -5.962000 -10.851000 2.846000
v -2.783000 -10.851000 2.846000
v -6.282000 -10.851000 3.346000
v -3.003000 -10.851000 3.346000
v -6.579000 -10.851000 3.846000
v -3.218000 -10.851000 3.846000
v -6.624000 -10.851000 4.346000
v -3.236000 -10.851000 4.346000
v -6.566000 -10.851000 4.846000
v -3.261000 -10.851000 4.846000
v -6.350000 -10.851000 5.346000
v -3.412000 -10.851000 5.346000
v -6.302000 -10.851000 5.846000
v -3.397000 -10.851000 5.846000
v -6.411000 -10.851000 6.346000
v -3.231000 -10.851000 6.346000
v -6.729000 -10.851000 6.846000
v -3.201000 -10.851000 6.846000
v -7.084000 -10.851000 7.346000
v -3.191000 -10.851000 7.346000
v -7.042000 -10.851000 7.846000
v -3.403000 -10.851000 7.846000
v -5.897000 -10.851000 8.346000
v -4.156000 -10.851000 8.346000
v -10.079000 -6.851000 -12.654000
v -8.840000 -6.851000 -12.654000
v -10.625000 -6.851000 -12.154000
v -8.015000 -6.851000 -12.154000
v -10.813000 -6.851000 -11.654000
v -7.768000 -6.851000 -11.654000
v -10.803000 -6.851000 -11.154000
v -7.714000 -6.851000 -11.154000
v -10.589000 -6.851000 -10.654000
v -7.522000 -6.851000 -10.654000
v -5.310000 -6.851000 -10.654000
v -3.529000 -6.851000 -10.654000
v -10.105000 -6.851000 -10.154000
v -6.925000 -6.851000 -10.154000
v -5.878000 -6.851000 -10.154000
v -3.272000 -6.851000 -10.154000
v -9.788000 -6.851000 -9.654000
v -3.251000 -6.851000 -9.654000
v -9.720000 -6.851000 -9.154000
v -3.245000 -6.851000 -9.154000
v -9.787000 -6.851000 -8.654000
v -3.362000 -6.851000 -8.654000
v -9.781000 -6.851000 -8.154000
v -4.439000 -6.851000 -8.154000
v -9.576000 -6.851000 -7.654000
v -5.589000 -6.851000 -7.654000
v -9.100000 -6.851000 -7.154000
v -6.181000 -6.851000 -7.154000
v -8.484000 -6.851000 -6.654000
v -6.711000 -6.851000 -6.654000
v -3.031000 -6.851000 -3.654000
v -1.728000 -6.851000 -3.654000
v -3.696000 -6.851000 -3.154000
v -1.198000 -6.851000 -3.154000
v -4.377000 -6.851000 -2.654000
v -0.944000 -6.851000 -2.654000
v -4.989000 -6.851000 -2.154000
v -0.565000 -6.851000 -2.154000
v -5.573000 -6.851000 -1.654000
v -0.333000 -6.851000 -1.654000
v -5.568000 -6.851000 -1.154000
v -0.345000 -6.851000 -1.154000
v -5.556000 -6.851000 -0.654000
v -0.574000 -6.851000 -0.654000
v -5.534000 -6.851000 -0.154000
v -0.702000 -6.851000 -0.154000
v -5.479000 -6.851000 0.346000
v -0.616000 -6.851000 0.346000
v -5.574000 -6.851000 0.846000
v -0.272000 -6.851000 0.846000
v -5.861000 -6.851000 1.346000
v 0.292000 -6.851000 1.346000
v -6.621000 -6.851000 1.846000
v 0.793000 -6.851000 1.846000
v -7.160000 -6.851000 2.346000
v 0.984000 -6.851000 2.346000
v -7.581000 -6.851000 2.846000
v 0.990000 -6.851000 2.846000
v -7.775000 -6.851000 3.346000
v 0.964000 -6.851000 3.346000
v -7.893000 -6.851000 3.846000
v 0.958000 -6.851000 3.846000
v -8.197000 -6.851000 4.346000
v 0.938000 -6.851000 4.346000
v -8.639000 -6.851000 4.846000
v 0.807000 -6.851000 4.846000
v -8.819000 -6.851000 5.346000
v 0.790000 -6.851000 5.346000
v -8.814000 -6.851000 5.846000
v 0.900000 -6.851000 5.846000
v -8.825000 -6.851000 6.346000
v 0.901000 -6.851000 6.346000
v -9.029000 -6.851000 6.846000
v 0.703000 -6.851000 6.846000
v -9.579000 -6.851000 7.346000
v 0.132000 -6.851000 7.346000
v -10.113000 -6.851000 7.846000
v -1.334000 -6.851000 7.846000
v -10.340000 -6.851000 8.346000
v -2.445000 -6.851000 8.346000
v -10.694000 -6.851000 8.846000
v -3.008000 -6.851000 8.846000
v -12.833000 -6.851000 9.346000
v -3.475000 -6.851000 9.346000
v -13.527000 -6.851000 9.846000
v -7.830000 -6.851000 9.846000
v -6.043000 -6.851000 9.846000
v -4.113000 -6.851000 9.846000
v -13.814000 -6.851000 10.346000
v -8.535000 -6.851000 10.346000
v -13.825000 -6.851000 10.846000
v -9.057000 -6.851000 10.846000
v -13.581000 -6.851000 11.346000
v -9.507000 -6.851000 11.346000
v -13.126000 -6.851000 11.846000
v -9.761000 -6.851000 11.846000
v -12.589000 -6.851000 12.346000
v -10.030000 -6.851000 12.346000
v -12.031000 -6.851000 12.846000
v -10.294000 -6.851000 12.846000
v 0.452000 -6.851000 13.346000
v 2.226000 -6.851000 13.346000
v 0.460000 -6.851000 13.846000
v 2.223000 -6.851000 13.846000
v -4.376000 -2.851000 3.346000
v -2.769000 -2.851000 3.346000
v -1.980000 -2.851000 3.346000
v -1.809000 -2.851000 3.346000
v -4.640000 -2.851000 3.846000
v -0.837000 -2.851000 3.846000
v -4.617000 -2.851000 4.346000
v -0.823000 -2.851000 4.346000
v -4.621000 -2.851000 4.846000
v -1.273000 -2.851000 4.846000
v -4.601000 -2.851000 5.346000
v -1.642000 -2.851000 5.346000
v -4.515000 -2.851000 5.846000
v -1.971000 -2.851000 5.846000
v -4.812000 -2.851000 6.346000
v -2.230000 -2.851000 6.346000
v -5.343000 -2.851000 6.846000
v -2.284000 -2.851000 6.846000
v -5.868000 -2.851000 7.346000
v -2.169000 -2.851000 7.346000
v -8.874000 -2.851000 7.846000
v -2.032000 -2.851000 7.846000
v -14.169000 -2.851000 8.346000
v -11.819000 -2.851000 8.346000
v -9.123000 -2.851000 8.346000
v -1.922000 -2.851000 8.346000
v -15.375000 -2.851000 8.846000
v -11.164000 -2.851000 8.846000
v -9.258000 -2.851000 8.846000
v -1.750000 -2.851000 8.846000
v -15.788000 -2.851000 9.346000
v -10.321000 -2.851000 9.346000
v -9.505000 -2.851000 9.346000
v -1.470000 -2.851000 9.346000
v -16.084000 -2.851000 9.846000
v -1.054000 -2.851000 9.846000
v -16.257000 -2.851000 10.346000
v -0.645000 -2.851000 10.346000
v -16.250000 -2.851000 10.846000
v -0.248000 -2.851000 10.846000
v -16.041000 -2.851000 11.346000
v 0.174000 -2.851000 11.346000
v -15.783000 -2.851000 11.846000
v 0.555000 -2.851000 11.846000
v -15.571000 -2.851000 12.346000
v 1.231000 -2.851000 12.346000
v -15.012000 -2.851000 12.846000
v -13.331000 -2.851000 12.846000
v -11.178000 -2.851000 12.846000
v 1.818000 -2.851000 12.846000
v -10.592000 -2.851000 13.346000
v 2.339000 -2.851000 13.346000
v -9.852000 -2.851000 13.846000
v 2.982000 -2.851000 13.846000
v -9.540000 -2.851000 14.346000
v 3.481000 -2.851000 14.346000
v -8.941000 -2.851000 14.846000
v 3.729000 -2.851000 14.846000
v -4.590000 -2.851000 15.346000
v 3.776000 -2.851000 15.346000
v -3.122000 -2.851000 15.846000
v 3.771000 -2.851000 15.846000
v -2.638000 -2.851000 16.346000
v 3.500000 -2.851000 16.346000
v -2.147000 -2.851000 16.846000
v 2.461000 -2.851000 16.846000
v -1.585000 -2.851000 17.346000
v 0.702000 -2.851000 17.346000
v -15.042000 1.149000 3.346000
v -13.849000 1.149000 3.346000
v -15.822000 1.149000 3.846000
v -12.790000 1.149000 3.846000
v -16.045000 1.149000 4.346000
v -12.220000 1.149000 4.346000
v -16.074000 1.149000 4.846000
v -12.009000 1.149000 4.846000
v -16.175000 1.149000 5.346000
v -11.978000 1.149000 5.346000
v -16.327000 1.149000 5.846000
v -11.994000 1.149000 5.846000
v -16.358000 1.149000 6.346000
v -11.997000 1.149000 6.346000
v -16.429000 1.149000 6.846000
v -12.017000 1.149000 6.846000
v -16.602000 1.149000 7.346000
v -12.018000 1.149000 7.346000
v -16.606000 1.149000 7.846000
v -12.153000 1.149000 7.846000
v -16.572000 1.149000 8.346000
v -12.241000 1.149000 8.346000
v -16.307000 1.149000 8.846000
v -12.503000 1.149000 8.846000
v -15.900000 1.149000 9.346000
v -12.722000 1.149000 9.346000
v -15.542000 1.149000 9.846000
v -12.964000 1.149000 9.846000
v -1.894000 1.149000 9.846000
v -0.069000 1.149000 9.846000
v -15.119000 1.149000 10.346000
v -13.381000 1.149000 10.346000
v -4.079000 1.149000 10.346000
v 0.512000 1.149000 10.346000
v -14.966000 1.149000 10.846000
v -13.781000 1.149000 10.846000
v -4.935000 1.149000 10.846000
v 1.116000 1.149000 10.846000
v -5.156000 1.149000 11.346000
v 1.737000 1.149000 11.346000
v -5.349000 1.149000 11.846000
v 2.591000 1.149000 11.846000
v -5.701000 1.149000 12.346000
v 3.203000 1.149000 12.346000
v -6.421000 1.149000 12.846000
v 3.726000 1.149000 12.846000
v -7.093000 1.149000 13.346000
v 3.950000 1.149000 13.346000
v -7.622000 1.149000 13.846000
v 3.991000 1.149000 13.846000
v -7.806000 1.149000 14.346000
v 4.009000 1.149000 14.346000
v -7.794000 1.149000 14.846000
v 4.068000 1.149000 14.846000
v -7.595000 1.149000 15.346000
v 4.000000 1.149000 15.346000
v -7.268000 1.149000 15.846000
v 3.842000 1.149000 15.846000
v -5.057000 1.149000 16.346000
v 3.580000 1.149000 16.346000
v -3.770000 1.149000 16.846000
v 2.791000 1.149000 16.846000
v -2.915000 1.149000 17.346000
v 0.610000 1.149000 17.346000
v -4.027000 5.149000 9.846000
v -2.288000 5.149000 9.846000
v -4.565000 5.149000 10.346000
v -1.715000 5.149000 10.346000
v -4.753000 5.149000 10.846000
v -1.265000 5.149000 10.846000
v -4.766000 5.149000 11.346000
v -0.796000 5.149000 11.346000
v -4.796000 5.149000 11.846000
v -0.466000 5.149000 11.846000
v -4.825000 5.149000 12.346000
v -0.153000 5.149000 12.346000
v -4.906000 5.149000 12.846000
v 0.082000 5.149000 12.846000
v -5.219000 5.149000 13.346000
v 0.247000 5.149000 13.346000
v -6.149000 5.149000 13.846000
v 0.260000 5.149000 13.846000
v -6.845000 5.149000 14.346000
v 0.034000 5.149000 14.346000
v -7.068000 5.149000 14.846000
v -0.659000 5.149000 14.846000
v -7.063000 5.149000 15.346000
v -1.647000 5.149000 15.346000
v -6.825000 5.149000 15.846000
v -2.659000 5.149000 15.846000
v -6.356000 5.149000 16.346000
v -4.801000 5.149000 16.346000
v -6.922000 -10.851000 -5.429000
v -6.922000 -10.851000 -1.427000
v -6.922000 -10.851000 7.083000
v -6.922000 -10.851000 8.007000
v -6.422000 -10.851000 -5.744000
v -6.422000 -10.851000 -0.911000
v -6.422000 -10.851000 3.525000
v -6.422000 -10.851000 5.120000
v -6.422000 -10.851000 6.369000
v -6.422000 -10.851000 8.207000
v -5.922000 -10.851000 -5.825000
v -5.922000 -10.851000 -0.388000
v -5.922000 -10.851000 2.729000
v -5.922000 -10.851000 8.339000
v -5.422000 -10.851000 -5.781000
v -5.422000 -10.851000 8.496000
v -4.922000 -10.851000 -5.853000
v -4.922000 -10.851000 8.554000
v -4.422000 -10.851000 -6.111000
v -4.422000 -10.851000 8.435000
v -3.922000 -10.851000 -6.597000
v -3.922000 -10.851000 8.259000
v -3.422000 -10.851000 -7.848000
v -3.422000 -10.851000 7.871000
v -2.922000 -10.851000 -8.349000
v -2.922000 -10.851000 -1.530000
v -2.922000 -10.851000 1.074000
v -2.922000 -10.851000 3.215000
v -2.422000 -10.851000 -8.616000
v -2.422000 -10.851000 -1.867000
v -1.922000 -10.851000 -8.730000
v -1.922000 -10.851000 -1.921000
v -1.422000 -10.851000 -8.787000
v -1.422000 -10.851000 -2.031000
v -0.922000 -10.851000 -8.811000
v -0.922000 -10.851000 -2.409000
v -0.422000 -10.851000 -8.729000
v -0.422000 -10.851000 -3.427000
v 0.078000 -10.851000 -8.465000
v 0.078000 -10.851000 -5.853000
v 0.578000 -10.851000 -8.027000
v 0.578000 -10.851000 -6.709000
v -13.422000 -6.851000 9.735000
v -13.422000 -6.851000 11.538000
v -12.922000 -6.851000 9.381000
v -12.922000 -6.851000 12.086000
v -12.422000 -6.851000 9.269000
v -12.422000 -6.851000 12.502000
v -11.922000 -6.851000 9.251000
v -11.922000 -6.851000 12.909000
v -11.422000 -6.851000 9.168000
v -11.422000 -6.851000 13.156000
v -10.922000 -6.851000 9.001000
v -10.922000 -6.851000 13.261000
v -10.422000 -6.851000 -12.408000
v -10.422000 -6.851000 -10.455000
v -10.422000 -6.851000 8.505000
v -10.422000 -6.851000 13.030000
v -9.922000 -6.851000 -12.721000
v -9.922000 -6.851000 -9.923000
v -9.922000 -6.851000 7.606000
v -9.922000 -6.851000 12.174000
v -9.422000 -6.851000 -12.800000
v -9.422000 -6.851000 -7.462000
v -9.422000 -6.851000 7.238000
v -9.422000 -6.851000 11.226000
v -8.922000 -6.851000 -12.690000
v -8.922000 -6.851000 -6.953000
v -8.922000 -6.851000 6.656000
v -8.922000 -6.851000 10.693000
v -8.422000 -6.851000 -12.473000
v -8.422000 -6.851000 -6.629000
v -8.422000 -6.851000 4.570000
v -8.422000 -6.851000 10.244000
v -7.922000 -6.851000 -12.026000
v -7.922000 -6.851000 -6.536000
v -7.922000 -6.851000 3.919000
v -7.922000 -6.851000 9.897000
v -7.422000 -6.851000 -10.526000
v -7.422000 -6.851000 -6.475000
v -7.422000 -6.851000 2.643000
v -7.422000 -6.851000 9.718000
v -6.922000 -6.851000 -10.153000
v -6.922000 -6.851000 -6.558000
v -6.922000 -6.851000 2.066000
v -6.922000 -6.851000 9.705000
v -6.422000 -6.851000 -10.036000
v -6.422000 -6.851000 -6.871000
v -6.422000 -6.851000 1.735000
v -6.422000 -6.851000 9.767000
v -5.922000 -6.851000 -10.134000
v -5.922000 -6.851000 -7.413000
v -5.922000 -6.851000 1.410000
v -5.922000 -6.851000 9.867000
v -5.422000 -6.851000 -10.518000
v -5.422000 -6.851000 -7.764000
v -5.422000 -6.851000 -1.891000
v -5.422000 -6.851000 9.907000
v -4.922000 -6.851000 -10.947000
v -4.922000 -6.851000 -8.036000
v -4.922000 -6.851000 -2.191000
v -4.922000 -6.851000 9.902000
v -4.422000 -6.851000 -11.060000
v -4.422000 -6.851000 -8.157000
v -4.422000 -6.851000 -2.600000
v -4.422000 -6.851000 9.928000
v -3.922000 -6.851000 -10.950000
v -3.922000 -6.851000 -8.246000
v -3.922000 -6.851000 -3.021000
v -3.922000 -6.851000 9.741000
v -3.422000 -6.851000 -10.511000
v -3.422000 -6.851000 -8.551000
v -3.422000 -6.851000 -3.360000
v -3.422000 -6.851000 9.277000
v -2.922000 -6.851000 -3.706000
v -2.922000 -6.851000 8.740000
v -2.422000 -6.851000 -3.818000
v -2.422000 -6.851000 8.332000
v -1.922000 -6.851000 -3.740000
v -1.922000 -6.851000 8.068000
v -1.422000 -6.851000 -3.433000
v -1.422000 -6.851000 7.886000
v -0.922000 -6.851000 -2.617000
v -0.922000 -6.851000 7.626000
v -0.422000 -6.851000 -1.926000
v -0.422000 -6.851000 -0.935000
v -0.422000 -6.851000 0.675000
v -0.422000 -6.851000 7.485000
v 0.078000 -6.851000 1.170000
v 0.078000 -6.851000 7.370000
v 0.578000 -6.851000 1.582000
v 0.578000 -6.851000 7.012000
v 0.578000 -6.851000 13.151000
v 0.578000 -6.851000 14.022000
v 1.078000 -6.851000 12.954000
v 1.078000 -6.851000 14.219000
v 1.578000 -6.851000 12.906000
v 1.578000 -6.851000 14.278000
v 2.078000 -6.851000 13.114000
v 2.078000 -6.851000 14.070000
v -15.922000 -2.851000 9.535000
v -15.922000 -2.851000 11.545000
v -15.422000 -2.851000 8.909000
v -15.422000 -2.851000 12.540000
v -14.922000 -2.851000 8.499000
v -14.922000 -2.851000 12.886000
v -14.422000 -2.851000 8.391000
v -14.422000 -2.851000 12.986000
v -13.922000 -2.851000 8.260000
v -13.922000 -2.851000 12.973000
v -13.422000 -2.851000 8.160000
v -13.422000 -2.851000 12.882000
v -12.922000 -2.851000 8.111000
v -12.922000 -2.851000 12.676000
v -12.422000 -2.851000 8.138000
v -12.422000 -2.851000 12.436000
v -11.922000 -2.851000 8.296000
v -11.922000 -2.851000 12.402000
v -11.422000 -2.851000 8.612000
v -11.422000 -2.851000 12.621000
v -10.922000 -2.851000 9.032000
v -10.922000 -2.851000 13.114000
v -10.422000 -2.851000 9.290000
v -10.422000 -2.851000 13.424000
v -9.922000 -2.851000 9.478000
v -9.922000 -2.851000 13.768000
v -9.422000 -2.851000 9.246000
v -9.422000 -2.851000 14.498000
v -8.922000 -2.851000 7.912000
v -8.922000 -2.851000 14.854000
v -8.422000 -2.851000 7.490000
v -8.422000 -2.851000 14.959000
v -7.922000 -2.851000 7.379000
v -7.922000 -2.851000 14.954000
v -7.422000 -2.851000 7.510000
v -7.422000 -2.851000 14.991000
v -6.922000 -2.851000 7.667000
v -6.922000 -2.851000 14.996000
v -6.422000 -2.851000 7.643000
v -6.422000 -2.851000 14.972000
v -5.922000 -2.851000 7.391000
v -5.922000 -2.851000 14.970000
v -5.422000 -2.851000 6.934000
v -5.422000 -2.851000 14.999000
v -4.922000 -2.851000 6.452000
v -4.922000 -2.851000 15.155000
v -4.422000 -2.851000 3.449000
v -4.422000 -2.851000 15.425000
v -3.922000 -2.851000 3.050000
v -3.922000 -2.851000 15.532000
v -3.422000 -2.851000 2.965000
v -3.422000 -2.851000 15.665000
v -2.922000 -2.851000 3.213000
v -2.922000 -2.851000 16.024000
v -2.422000 -2.851000 3.437000
v -2.422000 -2.851000 16.607000
v -1.922000 -2.851000 3.341000
v -1.922000 -2.851000 5.776000
v -1.922000 -2.851000 8.346000
v -1.922000 -2.851000 17.092000
v -1.422000 -2.851000 3.448000
v -1.422000 -2.851000 5.054000
v -1.422000 -2.851000 9.409000
v -1.422000 -2.851000 17.420000
v -0.922000 -2.851000 3.703000
v -0.922000 -2.851000 4.524000
v -0.922000 -2.851000 10.036000
v -0.922000 -2.851000 17.510000
v -0.422000 -2.851000 10.602000
v -0.422000 -2.851000 17.497000
v 0.078000 -2.851000 11.233000
v 0.078000 -2.851000 17.520000
v 0.578000 -2.851000 11.872000
v 0.578000 -2.851000 17.408000
v 1.078000 -2.851000 12.265000
v 1.078000 -2.851000 17.139000
v 1.578000 -2.851000 12.605000
v 1.578000 -2.851000 17.021000
v 2.078000 -2.851000 13.081000
v 2.078000 -2.851000 16.943000
v 2.578000 -2.851000 13.535000
v 2.578000 -2.851000 16.814000
v 3.078000 -2.851000 13.924000
v 3.078000 -2.851000 16.656000
v 3.578000 -2.851000 14.485000
v 3.578000 -2.851000 16.247000
v -16.422000 1.149000 6.822000
v -16.422000 1.149000 8.694000
v -15.922000 1.149000 4.001000
v -15.922000 1.149000 9.314000
v -15.422000 1.149000 3.515000
v -15.422000 1.149000 10.007000
v -14.922000 1.149000 3.302000
v -14.922000 1.149000 10.922000
v -14.422000 1.149000 3.214000
v -14.422000 1.149000 11.214000
v -13.922000 1.149000 3.314000
v -13.922000 1.149000 11.037000
v -13.422000 1.149000 3.598000
v -13.422000 1.149000 10.390000
v -12.922000 1.149000 3.791000
v -12.922000 1.149000 9.791000
v -12.422000 1.149000 4.101000
v -12.422000 1.149000 8.736000
v -7.422000 1.149000 13.591000
v -7.422000 1.149000 15.643000
v -6.922000 1.149000 13.214000
v -6.922000 1.149000 16.114000
v -6.422000 1.149000 12.847000
v -6.422000 1.149000 16.247000
v -5.922000 1.149000 12.531000
v -5.922000 1.149000 16.280000
v -5.422000 1.149000 11.991000
v -5.422000 1.149000 16.308000
v -4.922000 1.149000 10.829000
v -4.922000 1.149000 16.389000
v -4.422000 1.149000 10.491000
v -4.422000 1.149000 16.652000
v -3.922000 1.149000 10.304000
v -3.922000 1.149000 16.791000
v -3.422000 1.149000 10.245000
v -3.422000 1.149000 17.035000
v -2.922000 1.149000 10.239000
v -2.922000 1.149000 17.343000
v -2.422000 1.149000 10.122000
v -2.422000 1.149000 17.452000
v -1.922000 1.149000 9.864000
v -1.922000 1.149000 17.500000
v -1.422000 1.149000 9.551000
v -1.422000 1.149000 17.482000
v -0.922000 1.149000 9.449000
v -0.922000 1.149000 17.521000
v -0.422000 1.149000 9.572000
v -0.422000 1.149000 17.497000
v 0.078000 1.149000 9.990000
v 0.078000 1.149000 17.462000
v 0.578000 1.149000 10.423000
v 0.578000 1.149000 17.358000
v 1.078000 1.149000 10.823000
v 1.078000 1.149000 17.175000
v 1.578000 1.149000 11.177000
v 1.578000 1.149000 17.061000
v 2.078000 1.149000 11.612000
v 2.078000 1.149000 16.995000
v 2.578000 1.149000 11.840000
v 2.578000 1.149000 16.911000
v 3.078000 1.149000 12.209000
v 3.078000 1.149000 16.717000
v 3.578000 1.149000 12.666000
v 3.578000 1.149000 16.349000
v -6.922000 5.149000 14.463000
v -6.922000 5.149000 15.703000
v -6.422000 5.149000 13.970000
v -6.422000 5.149000 16.298000
v -5.922000 5.149000 13.764000
v -5.922000 5.149000 16.518000
v -5.422000 5.149000 13.516000
v -5.422000 5.149000 16.518000
v -4.922000 5.149000 12.890000
v -4.922000 5.149000 16.401000
v -4.422000 5.149000 10.153000
v -4.422000 5.149000 16.143000
v -3.922000 5.149000 9.797000
v -3.922000 5.149000 16.010000
v -3.422000 5.149000 9.693000
v -3.422000 5.149000 16.005000
v -2.922000 5.149000 9.715000
v -2.922000 5.149000 15.935000
v -2.422000 5.149000 9.791000
v -2.422000 5.149000 15.730000
v -1.922000 5.149000 10.099000
v -1.922000 5.149000 15.465000
v -1.422000 5.149000 10.648000
v -1.422000 5.149000 15.192000
v -0.922000 5.149000 11.189000
v -0.922000 5.149000 14.935000
v -0.422000 5.149000 11.906000
v -0.422000 5.149000 14.709000
v 0.078000 5.149000 12.834000
v 0.078000 5.149000 14.286000
v -9.422000 -8.059000 -9.654000
v -9.422000 -6.127000 -9.654000
v -8.922000 -8.594000 -9.654000
v -8.922000 -5.831000 -9.654000
v -8.422000 -8.880000 -9.654000
v -8.422000 -5.541000 -9.654000
v -7.922000 -8.992000 -9.654000
v -7.922000 -5.430000 -9.654000
v -7.422000 -8.914000 -9.654000
v -7.422000 -5.542000 -9.654000
v -6.922000 -8.800000 -9.654000
v -6.922000 -5.869000 -9.654000
v -6.422000 -8.806000 -9.654000
v -6.422000 -6.169000 -9.654000
v -5.922000 -8.858000 -9.654000
v -5.922000 -6.261000 -9.654000
v -5.422000 -9.089000 -9.654000
v -5.422000 -6.245000 -9.654000
v -4.922000 -9.406000 -9.654000
v -4.922000 -6.195000 -9.654000
v -4.422000 -9.515000 -9.654000
v -4.422000 -6.213000 -9.654000
v -3.922000 -9.555000 -9.654000
v -3.922000 -6.306000 -9.654000
v -3.422000 -9.611000 -9.654000
v -3.422000 -6.636000 -9.654000
v -2.922000 -9.687000 -9.654000
v -2.922000 -7.448000 -9.654000
v -2.422000 -9.402000 -9.654000
v -2.422000 -8.755000 -9.654000
v -6.422000 -11.144000 -5.654000
v -6.422000 -9.653000 -5.654000
v -5.922000 -11.321000 -5.654000
v -5.922000 -9.736000 -5.654000
v -5.422000 -11.212000 -5.654000
v -5.422000 -9.837000 -5.654000
v -4.922000 -11.269000 -5.654000
v -4.922000 -9.564000 -5.654000
v -4.422000 -11.372000 -5.654000
v -4.422000 -9.122000 -5.654000
v -3.922000 -11.627000 -5.654000
v -3.922000 -8.720000 -5.654000
v -3.422000 -11.888000 -5.654000
v -3.422000 -8.463000 -5.654000
v -2.922000 -12.245000 -5.654000
v -2.922000 -8.221000 -5.654000
v -2.422000 -12.608000 -5.654000
v -2.422000 -8.168000 -5.654000
v -1.922000 -12.857000 -5.654000
v -1.922000 -8.168000 -5.654000
v -1.422000 -12.941000 -5.654000
v -1.422000 -8.269000 -5.654000
v -0.922000 -12.837000 -5.654000
v -0.922000 -8.601000 -5.654000
v -0.422000 -12.522000 -5.654000
v -0.422000 -9.510000 -5.654000
v -6.922000 -11.256000 -1.654000
v -6.922000 -9.179000 -1.654000
v -6.422000 -12.062000 -1.654000
v -6.422000 -7.623000 -1.654000
v -5.922000 -12.609000 -1.654000
v -5.922000 -7.112000 -1.654000
v -5.422000 -12.920000 -1.654000
v -5.422000 -6.783000 -1.654000
v -4.922000 -13.000000 -1.654000
v -4.922000 -6.541000 -1.654000
v -4.422000 -12.891000 -1.654000
v -4.422000 -6.008000 -1.654000
v -3.922000 -12.538000 -1.654000
v -3.922000 -5.567000 -1.654000
v -3.422000 -11.882000 -1.654000
v -3.422000 -5.458000 -1.654000
v -2.922000 -10.961000 -1.654000
v -2.922000 -5.531000 -1.654000
v -2.422000 -10.641000 -1.654000
v -2.422000 -5.651000 -1.654000
v -1.922000 -10.590000 -1.654000
v -1.922000 -5.764000 -1.654000
v -1.422000 -10.480000 -1.654000
v -1.422000 -6.066000 -1.654000
v -0.922000 -10.103000 -1.654000
v -0.922000 -6.367000 -1.654000
v -0.422000 -9.620000 -1.654000
v -0.422000 -6.735000 -1.654000
v -6.922000 -7.797000 2.346000
v -6.922000 -6.193000 2.346000
v -6.422000 -8.279000 2.346000
v -6.422000 -5.909000 2.346000
v -5.922000 -10.642000 2.346000
v -5.922000 -5.825000 2.346000
v -5.422000 -11.616000 2.346000
v -5.422000 -5.804000 2.346000
v -4.922000 -11.931000 2.346000
v -4.922000 -5.510000 2.346000
v -4.422000 -12.012000 2.346000
v -4.422000 -3.862000 2.346000
v -3.922000 -11.905000 2.346000
v -3.922000 -3.403000 2.346000
v -3.422000 -11.545000 2.346000
v -3.422000 -3.236000 2.346000
v -2.922000 -11.029000 2.346000
v -2.922000 -3.188000 2.346000
v -2.422000 -10.575000 2.346000
v -2.422000 -3.297000 2.346000
v -1.922000 -10.147000 2.346000
v -1.922000 -3.581000 2.346000
v -1.422000 -9.976000 2.346000
v -1.422000 -3.844000 2.346000
v -0.922000 -9.861000 2.346000
v -0.922000 -4.009000 2.346000
v -0.422000 -9.509000 2.346000
v -0.422000 -4.254000 2.346000
v 0.078000 -8.475000 2.346000
v 0.078000 -4.954000 2.346000
v 0.578000 -7.756000 2.346000
v 0.578000 -5.432000 2.346000
v -16.422000 -1.606000 6.346000
v -16.422000 1.003000 6.346000
v -15.922000 -1.929000 6.346000
v -15.922000 1.925000 6.346000
v -15.422000 -2.021000 6.346000
v -15.422000 2.438000 6.346000
v -14.922000 -2.019000 6.346000
v -14.922000 2.750000 6.346000
v -14.422000 -2.000000 6.346000
v -14.422000 2.872000 6.346000
v -13.922000 -2.016000 6.346000
v -13.922000 2.882000 6.346000
v -13.422000 -2.008000 6.346000
v -13.422000 2.791000 6.346000
v -12.922000 -1.923000 6.346000
v -12.922000 2.628000 6.346000
v -12.422000 -1.705000 6.346000
v -12.422000 2.282000 6.346000
v -11.922000 -1.279000 6.346000
v -11.922000 0.957000 6.346000
v -8.422000 -9.483000 6.346000
v -8.422000 -4.629000 6.346000
v -7.922000 -9.859000 6.346000
v -7.922000 -4.220000 6.346000
v -7.422000 -10.175000 6.346000
v -7.422000 -3.826000 6.346000
v -6.922000 -10.417000 6.346000
v -6.922000 -3.690000 6.346000
v -6.422000 -10.836000 6.346000
v -6.422000 -3.619000 6.346000
v -5.922000 -11.568000 6.346000
v -5.922000 -3.389000 6.346000
v -5.422000 -11.873000 6.346000
v -5.422000 -3.129000 6.346000
v -4.922000 -11.948000 6.346000
v -4.922000 -2.918000 6.346000
v -4.422000 -11.835000 6.346000
v -4.422000 -2.662000 6.346000
v -3.922000 -11.468000 6.346000
v -3.922000 -2.407000 6.346000
v -3.422000 -11.079000 6.346000
v -3.422000 -2.253000 6.346000
v -2.922000 -9.885000 6.346000
v -2.922000 -2.281000 6.346000
v -2.422000 -9.179000 6.346000
v -2.422000 -2.577000 6.346000
v -1.922000 -8.915000 6.346000
v -1.922000 -3.341000 6.346000
v -1.422000 -8.625000 6.346000
v -1.422000 -4.370000 6.346000
v -0.922000 -8.469000 6.346000
v -0.922000 -4.708000 6.346000
v -0.422000 -8.359000 6.346000
v -0.422000 -4.994000 6.346000
v 0.078000 -8.004000 6.346000
v 0.078000 -5.291000 6.346000
v 0.578000 -7.517000 6.346000
v 0.578000 -5.692000 6.346000
v -15.922000 -3.510000 10.346000
v -15.922000 0.565000 10.346000
v -15.422000 -4.346000 10.346000
v -15.422000 1.008000 10.346000
v -14.922000 -6.059000 10.346000
v -14.922000 1.223000 10.346000
v -14.422000 -6.393000 10.346000
v -14.422000 1.346000 10.346000
v -13.922000 -6.729000 10.346000
v -13.922000 1.337000 10.346000
v -13.422000 -7.467000 10.346000
v -13.422000 1.169000 10.346000
v -12.922000 -7.839000 10.346000
v -12.922000 0.787000 10.346000
v -12.422000 -7.951000 10.346000
v -12.422000 -0.867000 10.346000
v -11.922000 -7.949000 10.346000
v -11.922000 -1.531000 10.346000
v -11.422000 -7.961000 10.346000
v -11.422000 -1.786000 10.346000
v -10.922000 -7.972000 10.346000
v -10.922000 -2.029000 10.346000
v -10.422000 -7.928000 10.346000
v -10.422000 -2.235000 10.346000
v -9.922000 -7.820000 10.346000
v -9.922000 -2.332000 10.346000
v -9.422000 -7.581000 10.346000
v -9.422000 -2.328000 10.346000
v -8.922000 -7.219000 10.346000
v -8.922000 -2.041000 10.346000
v -8.422000 -6.716000 10.346000
v -8.422000 -1.756000 10.346000
v -7.922000 -6.295000 10.346000
v -7.922000 -1.597000 10.346000
v -7.422000 -6.219000 10.346000
v -7.422000 -1.468000 10.346000
v -6.922000 -6.273000 10.346000
v -6.922000 -1.332000 10.346000
v -6.422000 -6.323000 10.346000
v -6.422000 -0.916000 10.346000
v -5.922000 -6.325000 10.346000
v -5.922000 -0.234000 10.346000
v -5.422000 -6.318000 10.346000
v -5.422000 0.149000 10.346000
v -4.922000 -6.321000 10.346000
v -4.922000 0.469000 10.346000
v -4.422000 -6.428000 10.346000
v -4.422000 0.746000 10.346000
v -4.422000 2.069000 10.346000
v -4.422000 3.888000 10.346000
v -4.422000 4.694000 10.346000
v -4.422000 6.057000 10.346000
v -3.922000 -6.403000 10.346000
v -3.922000 6.516000 10.346000
v -3.422000 -6.211000 10.346000
v -3.422000 6.888000 10.346000
v -2.922000 -5.927000 10.346000
v -2.922000 7.018000 10.346000
v -2.422000 -5.684000 10.346000
v -2.422000 6.922000 10.346000
v -1.922000 -5.259000 10.346000
v -1.922000 2.773000 10.346000
v -1.922000 4.631000 10.346000
v -1.922000 6.506000 10.346000
v -1.422000 -4.366000 10.346000
v -1.422000 2.115000 10.346000
v -0.922000 -3.176000 10.346000
v -0.922000 1.844000 10.346000
v -0.422000 -2.563000 10.346000
v -0.422000 1.652000 10.346000
v 0.078000 -1.869000 10.346000
v 0.078000 1.489000 10.346000
v 0.578000 -1.168000 10.346000
v 0.578000 1.057000 10.346000
v -11.922000 -5.305000 14.346000
v -11.922000 -4.807000 14.346000
v -11.422000 -5.587000 14.346000
v -11.422000 -4.525000 14.346000
v -9.422000 -4.421000 14.346000
v -9.422000 -2.547000 14.346000
v -8.922000 -4.699000 14.346000
v -8.922000 -1.644000 14.346000
v -8.422000 -4.796000 14.346000
v -8.422000 -1.122000 14.346000
v -7.922000 -4.674000 14.346000
v -7.922000 -0.822000 14.346000
v -7.422000 -4.387000 14.346000
v -7.422000 4.088000 14.346000
v -6.922000 -4.276000 14.346000
v -6.922000 5.022000 14.346000
v -6.422000 -4.292000 14.346000
v -6.422000 6.615000 14.346000
v -5.922000 -4.395000 14.346000
v -5.922000 7.004000 14.346000
v -5.422000 -4.756000 14.346000
v -5.422000 7.095000 14.346000
v -4.922000 -5.466000 14.346000
v -4.922000 7.070000 14.346000
v -4.422000 -5.828000 14.346000
v -4.422000 7.161000 14.346000
v -3.922000 -5.943000 14.346000
v -3.922000 7.240000 14.346000
v -3.422000 -6.047000 14.346000
v -3.422000 7.264000 14.346000
v -2.922000 -6.206000 14.346000
v -2.922000 7.186000 14.346000
v -2.422000 -6.390000 14.346000
v -2.422000 7.108000 14.346000
v -1.922000 -6.471000 14.346000
v -1.922000 6.984000 14.346000
v -1.422000 -6.394000 14.346000
v -1.422000 6.696000 14.346000
v -0.922000 -6.328000 14.346000
v -0.922000 6.418000 14.346000
v -0.422000 -6.290000 14.346000
v -0.422000 5.587000 14.346000
v 0.078000 -6.401000 14.346000
v 0.078000 5.093000 14.346000
v 0.578000 -6.685000 14.346000
v 0.578000 4.555000 14.346000
v 1.078000 -6.778000 14.346000
v 1.078000 4.245000 14.346000
v 1.578000 -6.810000 14.346000
v 1.578000 4.127000 14.346000
v 2.078000 -6.703000 14.346000
v 2.078000 4.191000 14.346000
v 2.578000 -6.269000 14.346000
v 2.578000 4.389000 14.346000
v 3.078000 -3.656000 14.346000
v 3.078000 4.652000 14.346000
v 3.578000 -2.739000 14.346000
v 3.578000 4.736000 14.346000
v 4.078000 -2.274000 14.346000
v 4.078000 -0.857000 14.346000
v 4.078000 1.281000 14.346000
v 4.078000 4.790000 14.346000
v 4.578000 1.867000 14.346000
v 4.578000 4.678000 14.346000
v 5.078000 2.502000 14.346000
v 5.078000 4.312000 14.346000
v -3.494000 -10.351000 -8.654000
v -0.871000 -10.351000 -8.654000
v -3.869000 -10.351000 -8.154000
v 0.018000 -10.351000 -8.154000
v -4.123000 -10.351000 -7.654000
v 0.258000 -10.351000 -7.654000
v -4.165000 -10.351000 -7.154000
v 0.255000 -10.351000 -7.154000
v -4.292000 -10.351000 -6.654000
v 0.103000 -10.351000 -6.654000
v -4.670000 -10.351000 -6.154000
v 0.038000 -10.351000 -6.154000
v -6.722000 -10.351000 -5.654000
v -0.006000 -10.351000 -5.654000
v -7.138000 -10.351000 -5.154000
v -0.027000 -10.351000 -5.154000
v -7.313000 -10.351000 -4.654000
v -0.023000 -10.351000 -4.654000
v -7.302000 -10.351000 -4.154000
v -0.213000 -10.351000 -4.154000
v -7.271000 -10.351000 -3.654000
v -0.449000 -10.351000 -3.654000
v -7.264000 -10.351000 -3.154000
v -0.525000 -10.351000 -3.154000
v -7.320000 -10.351000 -2.654000
v -0.668000 -10.351000 -2.654000
v -7.326000 -10.351000 -2.154000
v -0.898000 -10.351000 -2.154000
v -7.138000 -10.351000 -1.654000
v -1.205000 -10.351000 -1.654000
v -6.655000 -10.351000 -1.154000
v -2.218000 -10.351000 -1.154000
v -6.180000 -10.351000 -0.654000
v -2.596000 -10.351000 -0.654000
v -5.795000 -10.351000 -0.154000
v -2.725000 -10.351000 -0.154000
v -5.614000 -10.351000 0.346000
v -2.689000 -10.351000 0.346000
v -5.626000 -10.351000 0.846000
v -2.651000 -10.351000 0.846000
v -5.753000 -10.351000 1.346000
v -2.465000 -10.351000 1.346000
v -5.815000 -10.351000 1.846000
v -2.203000 -10.351000 1.846000
v -5.965000 -10.351000 2.346000
v -2.206000 -10.351000 2.346000
v -6.279000 -10.351000 2.846000
v -2.412000 -10.351000 2.846000
v -6.814000 -10.351000 3.346000
v -2.573000 -10.351000 3.346000
v -7.063000 -10.351000 3.846000
v -2.705000 -10.351000 3.846000
v -7.127000 -10.351000 4.346000
v -2.762000 -10.351000 4.346000
v -7.128000 -10.351000 4.846000
v -2.993000 -10.351000 4.846000
v -6.949000 -10.351000 5.346000
v -3.165000 -10.351000 5.346000
v -6.838000 -10.351000 5.846000
v -3.153000 -10.351000 5.846000
v -7.034000 -10.351000 6.346000
v -3.024000 -10.351000 6.346000
v -7.541000 -10.351000 6.846000
v -3.008000 -10.351000 6.846000
v -7.662000 -10.351000 7.346000
v -3.006000 -10.351000 7.346000
v -7.626000 -10.351000 7.846000
v -3.166000 -10.351000 7.846000
v -7.346000 -10.351000 8.346000
v -3.424000 -10.351000 8.346000
v -6.266000 -10.351000 8.846000
v -4.125000 -10.351000 8.846000
v -10.363000 -6.351000 -12.154000
v -8.562000 -6.351000 -12.154000
v -10.595000 -6.351000 -11.654000
v -8.274000 -6.351000 -11.654000
v -10.583000 -6.351000 -11.154000
v -8.206000 -6.351000 -11.154000
v -10.316000 -6.351000 -10.654000
v -7.945000 -6.351000 -10.654000
v -9.811000 -6.351000 -10.154000
v -7.341000 -6.351000 -10.154000
v -4.989000 -6.351000 -10.154000
v -3.862000 -6.351000 -10.154000
v -9.619000 -6.351000 -9.654000
v -3.818000 -6.351000 -9.654000
v -9.658000 -6.351000 -9.154000
v -3.847000 -6.351000 -9.154000
v -9.777000 -6.351000 -8.654000
v -4.746000 -6.351000 -8.654000
v -9.772000 -6.351000 -8.154000
v -5.385000 -6.351000 -8.154000
v -9.565000 -6.351000 -7.654000
v -5.753000 -6.351000 -7.654000
v -9.075000 -6.351000 -7.154000
v -6.205000 -6.351000 -7.154000
v -8.452000 -6.351000 -6.654000
v -6.733000 -6.351000 -6.654000
v -3.353000 -6.351000 -3.154000
v -1.407000 -6.351000 -3.154000
v -3.842000 -6.351000 -2.654000
v -1.188000 -6.351000 -2.654000
v -4.308000 -6.351000 -2.154000
v -1.099000 -6.351000 -2.154000
v -4.687000 -6.351000 -1.654000
v -0.956000 -6.351000 -1.654000
v -4.889000 -6.351000 -1.154000
v -0.986000 -6.351000 -1.154000
v -4.891000 -6.351000 -0.654000
v -1.174000 -6.351000 -0.654000
v -4.792000 -6.351000 -0.154000
v -1.177000 -6.351000 -0.154000
v -4.872000 -6.351000 0.346000
v -1.108000 -6.351000 0.346000
v -5.073000 -6.351000 0.846000
v -0.805000 -6.351000 0.846000
v -5.244000 -6.351000 1.346000
v 0.226000 -6.351000 1.346000
v -6.049000 -6.351000 1.846000
v 0.783000 -6.351000 1.846000
v -7.029000 -6.351000 2.346000
v 0.976000 -6.351000 2.346000
v -7.575000 -6.351000 2.846000
v 0.995000 -6.351000 2.846000
v -7.771000 -6.351000 3.346000
v 0.981000 -6.351000 3.346000
v -7.843000 -6.351000 3.846000
v 0.928000 -6.351000 3.846000
v -8.062000 -6.351000 4.346000
v 0.772000 -6.351000 4.346000
v -8.431000 -6.351000 4.846000
v 0.670000 -6.351000 4.846000
v -8.643000 -6.351000 5.346000
v 0.740000 -6.351000 5.346000
v -8.693000 -6.351000 5.846000
v 0.898000 -6.351000 5.846000
v -8.785000 -6.351000 6.346000
v 0.900000 -6.351000 6.346000
v -9.006000 -6.351000 6.846000
v 0.702000 -6.351000 6.846000
v -9.584000 -6.351000 7.346000
v 0.129000 -6.351000 7.346000
v -10.124000 -6.351000 7.846000
v -1.717000 -6.351000 7.846000
v -10.401000 -6.351000 8.346000
v -2.301000 -6.351000 8.346000
v -10.789000 -6.351000 8.846000
v -2.756000 -6.351000 8.846000
v -13.254000 -6.351000 9.346000
v -3.126000 -6.351000 9.346000
v -14.048000 -6.351000 9.846000
v -3.393000 -6.351000 9.846000
v -14.518000 -6.351000 10.346000
v -8.033000 -6.351000 10.346000
v -4.748000 -6.351000 10.346000
v -3.736000 -6.351000 10.346000
v -14.488000 -6.351000 10.846000
v -8.762000 -6.351000 10.846000
v -14.008000 -6.351000 11.346000
v -9.272000 -6.351000 11.346000
v -13.398000 -6.351000 11.846000
v -9.563000 -6.351000 11.846000
v -3.970000 -6.351000 11.846000
v -1.562000 -6.351000 11.846000
v -12.862000 -6.351000 12.346000
v -9.695000 -6.351000 12.346000
v -4.049000 -6.351000 12.346000
v 0.039000 -6.351000 12.346000
v -12.387000 -6.351000 12.846000
v -9.749000 -6.351000 12.846000
v -4.004000 -6.351000 12.846000
v 2.526000 -6.351000 12.846000
v -12.004000 -6.351000 13.346000
v -9.970000 -6.351000 13.346000
v -3.079000 -6.351000 13.346000
v 2.761000 -6.351000 13.346000
v -2.591000 -6.351000 13.846000
v 2.759000 -6.351000 13.846000
v -2.538000 -6.351000 14.346000
v -1.179000 -6.351000 14.346000
v -0.054000 -6.351000 14.346000
v 2.520000 -6.351000 14.346000
v -2.892000 -6.351000 14.846000
v -1.743000 -6.351000 14.846000
v 0.397000 -6.351000 14.846000
v 1.950000 -6.351000 14.846000
v -2.923000 -6.351000 15.346000
v -1.847000 -6.351000 15.346000
v 0.557000 -6.351000 15.346000
v 1.558000 -6.351000 15.346000
v -3.538000 -2.351000 4.846000
v -2.273000 -2.351000 4.846000
v -3.537000 -2.351000 5.346000
v -2.276000 -2.351000 5.346000
v -3.454000 -2.351000 5.846000
v -2.650000 -2.351000 5.846000
v -3.833000 -2.351000 6.346000
v -2.730000 -2.351000 6.346000
v -4.674000 -2.351000 6.846000
v -2.517000 -2.351000 6.846000
v -5.432000 -2.351000 7.346000
v -2.251000 -2.351000 7.346000
v -13.647000 -2.351000 7.846000
v -12.968000 -2.351000 7.846000
v -6.490000 -2.351000 7.846000
v -2.023000 -2.351000 7.846000
v -15.382000 -2.351000 8.346000
v -11.999000 -2.351000 8.346000
v -8.566000 -2.351000 8.346000
v -1.753000 -2.351000 8.346000
v -15.823000 -2.351000 8.846000
v -11.503000 -2.351000 8.846000
v -8.630000 -2.351000 8.846000
v -1.462000 -2.351000 8.846000
v -16.085000 -2.351000 9.346000
v -11.198000 -2.351000 9.346000
v -8.624000 -2.351000 9.346000
v -1.003000 -2.351000 9.346000
v -16.260000 -2.351000 9.846000
v -10.812000 -2.351000 9.846000
v -8.768000 -2.351000 9.846000
v -0.554000 -2.351000 9.846000
v -16.289000 -2.351000 10.346000
v -0.289000 -2.351000 10.346000
v -16.258000 -2.351000 10.846000
v 0.026000 -2.351000 10.846000
v -16.051000 -2.351000 11.346000
v 0.549000 -2.351000 11.346000
v -15.795000 -2.351000 11.846000
v 0.857000 -2.351000 11.846000
v -15.565000 -2.351000 12.346000
v -12.686000 -2.351000 12.346000
v -11.403000 -2.351000 12.346000
v 1.326000 -2.351000 12.346000
v -14.927000 -2.351000 12.846000
v -13.476000 -2.351000 12.846000
v -10.887000 -2.351000 12.846000
v 1.825000 -2.351000 12.846000
v -10.191000 -2.351000 13.346000
v 2.362000 -2.351000 13.346000
v -9.633000 -2.351000 13.846000
v 3.218000 -2.351000 13.846000
v -9.285000 -2.351000 14.346000
v 4.017000 -2.351000 14.346000
v -8.486000 -2.351000 14.846000
v 4.241000 -2.351000 14.846000
v -4.592000 -2.351000 15.346000
v 4.263000 -2.351000 15.346000
v -3.211000 -2.351000 15.846000
v 4.272000 -2.351000 15.846000
v -2.648000 -2.351000 16.346000
v 4.050000 -2.351000 16.346000
v -2.078000 -2.351000 16.846000
v 3.186000 -2.351000 16.846000
v -1.378000 -2.351000 17.346000
v 0.245000 -2.351000 17.346000
v -15.333000 1.649000 3.846000
v -12.816000 1.649000 3.846000
v -15.578000 1.649000 4.346000
v -12.250000 1.649000 4.346000
v -15.645000 1.649000 4.846000
v -12.053000 1.649000 4.846000
v -15.899000 1.649000 5.346000
v -12.054000 1.649000 5.346000
v -16.140000 1.649000 5.846000
v -12.081000 1.649000 5.846000
v -16.146000 1.649000 6.346000
v -12.092000 1.649000 6.346000
v -16.108000 1.649000 6.846000
v -12.191000 1.649000 6.846000
v -16.152000 1.649000 7.346000
v -12.224000 1.649000 7.346000
v -16.149000 1.649000 7.846000
v -12.437000 1.649000 7.846000
v -15.994000 1.649000 8.346000
v -12.786000 1.649000 8.346000
v -15.620000 1.649000 8.846000
v -13.140000 1.649000 8.846000
v -14.800000 1.649000 9.346000
v -13.236000 1.649000 9.346000
v -4.135000 1.649000 10.346000
v -0.412000 1.649000 10.346000
v -4.941000 1.649000 10.846000
v 0.474000 1.649000 10.846000
v -5.170000 1.649000 11.346000
v 1.493000 1.649000 11.346000
v -5.360000 1.649000 11.846000
v 2.629000 1.649000 11.846000
v -5.743000 1.649000 12.346000
v 3.275000 1.649000 12.346000
v -6.478000 1.649000 12.846000
v 3.909000 1.649000 12.846000
v -7.124000 1.649000 13.346000
v 4.207000 1.649000 13.346000
v -7.636000 1.649000 13.846000
v 4.344000 1.649000 13.846000
v -7.820000 1.649000 14.346000
v 4.359000 1.649000 14.346000
v -7.823000 1.649000 14.846000
v 4.278000 1.649000 14.846000
v -7.769000 1.649000 15.346000
v 4.100000 1.649000 15.346000
v -7.615000 1.649000 15.846000
v 3.973000 1.649000 15.846000
v -7.370000 1.649000 16.346000
v 3.781000 1.649000 16.346000
v -4.685000 1.649000 16.846000
v 3.226000 1.649000 16.846000
v -2.946000 1.649000 17.346000
v 1.137000 1.649000 17.346000
v -4.052000 5.649000 9.846000
v -2.253000 5.649000 9.846000
v -4.579000 5.649000 10.346000
v -1.700000 5.649000 10.346000
v -4.762000 5.649000 10.846000
v -1.229000 5.649000 10.846000
v -4.751000 5.649000 11.346000
v -0.720000 5.649000 11.346000
v -4.652000 5.649000 11.846000
v -0.258000 5.649000 11.846000
v -4.646000 5.649000 12.346000
v -0.079000 5.649000 12.346000
v -4.801000 5.649000 12.846000
v -0.028000 5.649000 12.846000
v -5.176000 5.649000 13.346000
v 0.030000 5.649000 13.346000
v -6.111000 5.649000 13.846000
v -0.072000 5.649000 13.846000
v -6.676000 5.649000 14.346000
v -0.474000 5.649000 14.346000
v -6.876000 5.649000 14.846000
v -1.388000 5.649000 14.846000
v -6.866000 5.649000 15.346000
v -2.098000 5.649000 15.346000
v -6.639000 5.649000 15.846000
v -2.729000 5.649000 15.846000
v -6.050000 5.649000 16.346000
v -4.885000 5.649000 16.346000
v -7.422000 -10.351000 6.683000
v -7.422000 -10.351000 8.253000
v -6.922000 -10.351000 -5.469000
v -6.922000 -10.351000 -1.386000
v -6.922000 -10.351000 3.499000
v -6.922000 -10.351000 5.426000
v -6.922000 -10.351000 6.178000
v -6.922000 -10.351000 8.651000
v -6.422000 -10.351000 -5.807000
v -6.422000 -10.351000 -0.919000
v -6.422000 -10.351000 2.994000
v -6.422000 -10.351000 8.794000
v -5.922000 -10.351000 -5.842000
v -5.922000 -10.351000 -0.350000
v -5.922000 -10.351000 2.241000
v -5.922000 -10.351000 9.028000
v -5.422000 -10.351000 -5.832000
v -5.422000 -10.351000 9.244000
v -4.922000 -10.351000 -5.982000
v -4.922000 -10.351000 9.240000
v -4.422000 -10.351000 -6.427000
v -4.422000 -10.351000 9.015000
v -3.922000 -10.351000 -8.082000
v -3.922000 -10.351000 8.737000
v -3.422000 -10.351000 -8.759000
v -3.422000 -10.351000 8.344000
v -2.922000 -10.351000 -9.054000
v -2.922000 -10.351000 4.712000
v -2.422000 -10.351000 -9.096000
v -2.422000 -10.351000 -0.995000
v -2.422000 -10.351000 1.409000
v -2.422000 -10.351000 2.878000
v -1.922000 -10.351000 -8.986000
v -1.922000 -10.351000 -1.232000
v -1.422000 -10.351000 -8.832000
v -1.422000 -10.351000 -1.423000
v -0.922000 -10.351000 -8.671000
v -0.922000 -10.351000 -2.107000
v -0.422000 -10.351000 -8.497000
v -0.422000 -10.351000 -3.740000
v 0.078000 -10.351000 -8.070000
v 0.078000 -10.351000 -6.503000
v -14.422000 -6.351000 10.173000
v -14.422000 -6.351000 10.952000
v -13.922000 -6.351000 9.771000
v -13.922000 -6.351000 11.405000
v -13.422000 -6.351000 9.465000
v -13.422000 -6.351000 11.815000
v -12.922000 -6.351000 9.217000
v -12.922000 -6.351000 12.287000
v -12.422000 -6.351000 9.180000
v -12.422000 -6.351000 12.804000
v -11.922000 -6.351000 9.154000
v -11.922000 -6.351000 13.416000
v -11.422000 -6.351000 9.097000
v -11.422000 -6.351000 13.722000
v -10.922000 -6.351000 8.933000
v -10.922000 -6.351000 13.812000
v -10.422000 -6.351000 -12.072000
v -10.422000 -6.351000 -10.791000
v -10.422000 -6.351000 8.383000
v -10.422000 -6.351000 13.706000
v -9.922000 -6.351000 -12.490000
v -9.922000 -6.351000 -10.288000
v -9.922000 -6.351000 7.593000
v -9.922000 -6.351000 13.278000
v -9.422000 -6.351000 -12.585000
v -9.422000 -6.351000 -7.475000
v -9.422000 -6.351000 7.248000
v -9.422000 -6.351000 11.551000
v -8.922000 -6.351000 -12.452000
v -8.922000 -6.351000 -6.976000
v -8.922000 -6.351000 6.705000
v -8.922000 -6.351000 11.018000
v -8.422000 -6.351000 -11.962000
v -8.422000 -6.351000 -6.642000
v -8.422000 -6.351000 4.834000
v -8.422000 -6.351000 10.572000
v -7.922000 -6.351000 -10.629000
v -7.922000 -6.351000 -6.549000
v -7.922000 -6.351000 4.078000
v -7.922000 -6.351000 10.297000
v -7.422000 -6.351000 -10.212000
v -7.422000 -6.351000 -6.487000
v -7.422000 -6.351000 2.650000
v -7.422000 -6.351000 10.198000
v -6.922000 -6.351000 -9.910000
v -6.922000 -6.351000 -6.569000
v -6.922000 -6.351000 2.274000
v -6.922000 -6.351000 10.227000
v -6.422000 -6.351000 -9.742000
v -6.422000 -6.351000 -6.885000
v -6.422000 -6.351000 1.953000
v -6.422000 -6.351000 10.305000
v -5.922000 -6.351000 -9.740000
v -5.922000 -6.351000 -7.446000
v -5.922000 -6.351000 1.812000
v -5.922000 -6.351000 10.312000
v -5.422000 -6.351000 -9.858000
v -5.422000 -6.351000 -8.109000
v -5.422000 -6.351000 1.569000
v -5.422000 -6.351000 10.307000
v -4.922000 -6.351000 -10.244000
v -4.922000 -6.351000 -8.566000
v -4.922000 -6.351000 0.460000
v -4.922000 -6.351000 10.310000
v -4.422000 -6.351000 -10.502000
v -4.422000 -6.351000 -8.767000
v -4.422000 -6.351000 -2.009000
v -4.422000 -6.351000 10.439000
v -3.922000 -6.351000 -10.253000
v -3.922000 -6.351000 -9.024000
v -3.922000 -6.351000 -2.546000
v -3.922000 -6.351000 10.453000
v -3.922000 -6.351000 11.771000
v -3.922000 -6.351000 12.977000
v -3.422000 -6.351000 -3.065000
v -3.422000 -6.351000 9.906000
v -3.422000 -6.351000 11.505000
v -3.422000 -6.351000 13.236000
v -2.922000 -6.351000 -3.515000
v -2.922000 -6.351000 9.103000
v -2.922000 -6.351000 11.382000
v -2.922000 -6.351000 13.475000
v -2.922000 -6.351000 14.909000
v -2.922000 -6.351000 15.348000
v -2.422000 -6.351000 -3.642000
v -2.422000 -6.351000 8.448000
v -2.422000 -6.351000 11.434000
v -2.422000 -6.351000 15.708000
v -1.922000 -6.351000 -3.554000
v -1.922000 -6.351000 8.003000
v -1.922000 -6.351000 11.622000
v -1.922000 -6.351000 15.479000
v -1.422000 -6.351000 -3.174000
v -1.422000 -6.351000 7.671000
v -1.422000 -6.351000 11.873000
v -1.422000 -6.351000 14.492000
v -0.922000 -6.351000 0.723000
v -0.922000 -6.351000 7.522000
v -0.922000 -6.351000 11.929000
v -0.922000 -6.351000 14.304000
v -0.422000 -6.351000 1.067000
v -0.422000 -6.351000 7.476000
v -0.422000 -6.351000 12.181000
v -0.422000 -6.351000 14.248000
v 0.078000 -6.351000 1.280000
v 0.078000 -6.351000 7.369000
v 0.078000 -6.351000 12.347000
v 0.078000 -6.351000 14.425000
v 0.578000 -6.351000 1.593000
v 0.578000 -6.351000 7.010000
v 0.578000 -6.351000 12.400000
v 0.578000 -6.351000 15.380000
v 1.078000 -6.351000 12.404000
v 1.078000 -6.351000 15.638000
v 1.578000 -6.351000 12.392000
v 1.578000 -6.351000 15.308000
v 2.078000 -6.351000 12.497000
v 2.078000 -6.351000 14.734000
v 2.578000 -6.351000 12.916000
v 2.578000 -6.351000 14.268000
v -15.922000 -2.351000 8.994000
v -15.922000 -2.351000 11.564000
v -15.422000 -2.351000 8.395000
v -15.422000 -2.351000 12.518000
v -14.922000 -2.351000 8.092000
v -14.922000 -2.351000 12.848000
v -14.422000 -2.351000 8.020000
v -14.422000 -2.351000 12.945000
v -13.922000 -2.351000 7.916000
v -13.922000 -2.351000 12.923000
v -13.422000 -2.351000 7.809000
v -13.422000 -2.351000 12.826000
v -12.922000 -2.351000 7.862000
v -12.922000 -2.351000 12.516000
v -12.422000 -2.351000 8.036000
v -12.422000 -2.351000 12.214000
v -11.922000 -2.351000 8.403000
v -11.922000 -2.351000 12.161000
v -11.422000 -2.351000 8.962000
v -11.422000 -2.351000 12.335000
v -10.922000 -2.351000 9.710000
v -10.922000 -2.351000 12.803000
v -10.422000 -2.351000 10.150000
v -10.422000 -2.351000 13.213000
v -9.922000 -2.351000 10.328000
v -9.922000 -2.351000 13.548000
v -9.422000 -2.351000 10.324000
v -9.422000 -2.351000 14.147000
v -8.922000 -2.351000 10.046000
v -8.922000 -2.351000 14.651000
v -8.422000 -2.351000 8.122000
v -8.422000 -2.351000 14.867000
v -7.922000 -2.351000 7.899000
v -7.922000 -2.351000 14.952000
v -7.422000 -2.351000 7.888000
v -7.422000 -2.351000 14.982000
v -6.922000 -2.351000 7.919000
v -6.922000 -2.351000 15.020000
v -6.422000 -2.351000 7.828000
v -6.422000 -2.351000 14.980000
v -5.922000 -2.351000 7.656000
v -5.922000 -2.351000 15.016000
v -5.422000 -2.351000 7.340000
v -5.422000 -2.351000 15.023000
v -4.922000 -2.351000 7.010000
v -4.922000 -2.351000 15.164000
v -4.422000 -2.351000 6.687000
v -4.422000 -2.351000 15.426000
v -3.922000 -2.351000 6.413000
v -3.922000 -2.351000 15.540000
v -3.422000 -2.351000 4.653000
v -3.422000 -2.351000 15.710000
v -2.922000 -2.351000 4.414000
v -2.922000 -2.351000 16.111000
v -2.422000 -2.351000 4.615000
v -2.422000 -2.351000 5.569000
v -2.422000 -2.351000 7.029000
v -2.422000 -2.351000 16.570000
v -1.922000 -2.351000 8.060000
v -1.922000 -2.351000 16.979000
v -1.422000 -2.351000 8.899000
v -1.422000 -2.351000 17.328000
v -0.922000 -2.351000 9.458000
v -0.922000 -2.351000 17.435000
v -0.422000 -2.351000 10.029000
v -0.422000 -2.351000 17.483000
v 0.078000 -2.351000 10.905000
v 0.078000 -2.351000 17.405000
v 0.578000 -2.351000 11.386000
v 0.578000 -2.351000 17.203000
v 1.078000 -2.351000 12.120000
v 1.078000 -2.351000 17.015000
v 1.578000 -2.351000 12.544000
v 1.578000 -2.351000 16.964000
v 2.078000 -2.351000 13.106000
v 2.078000 -2.351000 16.923000
v 2.578000 -2.351000 13.489000
v 2.578000 -2.351000 16.953000
v 3.078000 -2.351000 13.782000
v 3.078000 -2.351000 16.877000
v 3.578000 -2.351000 13.997000
v 3.578000 -2.351000 16.713000
v 4.078000 -2.351000 14.432000
v 4.078000 -2.351000 16.309000
v -15.922000 1.649000 5.379000
v -15.922000 1.649000 8.448000
v -15.422000 1.649000 3.970000
v -15.422000 1.649000 9.135000
v -14.922000 1.649000 3.529000
v -14.922000 1.649000 9.322000
v -14.422000 1.649000 3.423000
v -14.422000 1.649000 9.578000
v -13.922000 1.649000 3.532000
v -13.922000 1.649000 9.799000
v -13.422000 1.649000 3.688000
v -13.422000 1.649000 9.614000
v -12.922000 1.649000 3.800000
v -12.922000 1.649000 8.521000
v -12.422000 1.649000 4.129000
v -12.422000 1.649000 7.824000
v -7.422000 1.649000 13.577000
v -7.422000 1.649000 16.276000
v -6.922000 1.649000 13.195000
v -6.922000 1.649000 16.686000
v -6.422000 1.649000 12.808000
v -6.422000 1.649000 16.780000
v -5.922000 1.649000 12.480000
v -5.922000 1.649000 16.735000
v -5.422000 1.649000 11.955000
v -5.422000 1.649000 16.783000
v -4.922000 1.649000 10.822000
v -4.922000 1.649000 16.833000
v -4.422000 1.649000 10.473000
v -4.422000 1.649000 16.881000
v -3.922000 1.649000 10.249000
v -3.922000 1.649000 16.961000
v -3.422000 1.649000 10.163000
v -3.422000 1.649000 17.101000
v -2.922000 1.649000 10.185000
v -2.922000 1.649000 17.355000
v -2.422000 1.649000 10.166000
v -2.422000 1.649000 17.447000
v -1.922000 1.649000 10.089000
v -1.922000 1.649000 17.454000
v -1.422000 1.649000 10.000000
v -1.422000 1.649000 17.447000
v -0.922000 1.649000 10.021000
v -0.922000 1.649000 17.524000
v -0.422000 1.649000 10.338000
v -0.422000 1.649000 17.479000
v 0.078000 1.649000 10.625000
v 0.078000 1.649000 17.483000
v 0.578000 1.649000 10.885000
v 0.578000 1.649000 17.452000
v 1.078000 1.649000 11.048000
v 1.078000 1.649000 17.369000
v 1.578000 1.649000 11.413000
v 1.578000 1.649000 17.128000
v 2.078000 1.649000 11.672000
v 2.078000 1.649000 17.017000
v 2.578000 1.649000 11.823000
v 2.578000 1.649000 16.988000
v 3.078000 1.649000 12.167000
v 3.078000 1.649000 16.909000
v 3.578000 1.649000 12.577000
v 3.578000 1.649000 16.598000
v 4.078000 1.649000 13.062000
v 4.078000 1.649000 15.404000
v -6.422000 5.649000 14.056000
v -6.422000 5.649000 16.101000
v -5.922000 5.649000 13.763000
v -5.922000 5.649000 16.393000
v -5.422000 5.649000 13.536000
v -5.422000 5.649000 16.453000
v -4.922000 5.649000 13.053000
v -4.922000 5.649000 16.361000
v -4.422000 5.649000 10.136000
v -4.422000 5.649000 16.114000
v -3.922000 5.649000 9.785000
v -3.922000 5.649000 16.003000
v -3.422000 5.649000 9.681000
v -3.422000 5.649000 16.006000
v -2.922000 5.649000 9.700000
v -2.922000 5.649000 15.930000
v -2.422000 5.649000 9.775000
v -2.422000 5.649000 15.625000
v -1.922000 5.649000 10.078000
v -1.922000 5.649000 15.222000
v -1.422000 5.649000 10.657000
v -1.422000 5.649000 14.868000
v -0.922000 5.649000 11.116000
v -0.922000 5.649000 14.654000
v -0.422000 5.649000 11.624000
v -0.422000 5.649000 14.305000
v -9.422000 -7.621000 -9.154000
v -9.422000 -5.935000 -9.154000
v -8.922000 -8.556000 -9.154000
v -8.922000 -5.543000 -9.154000
v -8.422000 -8.940000 -9.154000
v -8.422000 -5.319000 -9.154000
v -7.922000 -9.052000 -9.154000
v -7.922000 -5.225000 -9.154000
v -7.422000 -9.007000 -9.154000
v -7.422000 -5.317000 -9.154000
v -6.922000 -8.982000 -9.154000
v -6.922000 -5.434000 -9.154000
v -6.422000 -9.016000 -9.154000
v -6.422000 -5.549000 -9.154000
v -5.922000 -9.015000 -9.154000
v -5.922000 -5.873000 -9.154000
v -5.422000 -9.146000 -9.154000
v -5.422000 -6.083000 -9.154000
v -4.922000 -9.408000 -9.154000
v -4.922000 -6.169000 -9.154000
v -4.422000 -9.586000 -9.154000
v -4.422000 -6.223000 -9.154000
v -3.922000 -9.832000 -9.154000
v -3.922000 -6.319000 -9.154000
v -3.422000 -10.151000 -9.154000
v -3.422000 -6.655000 -9.154000
v -2.922000 -10.266000 -9.154000
v -2.922000 -7.182000 -9.154000
v -2.422000 -10.259000 -9.154000
v -2.422000 -7.938000 -9.154000
v -1.922000 -9.958000 -9.154000
v -1.922000 -8.489000 -9.154000
v -6.922000 -11.335000 -5.154000
v -6.922000 -9.785000 -5.154000
v -6.422000 -11.727000 -5.154000
v -6.422000 -9.400000 -5.154000
v -5.922000 -11.821000 -5.154000
v -5.922000 -9.373000 -5.154000
v -5.422000 -11.772000 -5.154000
v -5.422000 -9.400000 -5.154000
v -4.922000 -11.791000 -5.154000
v -4.922000 -9.307000 -5.154000
v -4.422000 -11.881000 -5.154000
v -4.422000 -9.087000 -5.154000
v -3.922000 -12.152000 -5.154000
v -3.922000 -8.809000 -5.154000
v -3.422000 -12.313000 -5.154000
v -3.422000 -8.652000 -5.154000
v -2.922000 -12.623000 -5.154000
v -2.922000 -8.379000 -5.154000
v -2.422000 -12.829000 -5.154000
v -2.422000 -8.222000 -5.154000
v -1.922000 -12.934000 -5.154000
v -1.922000 -8.146000 -5.154000
v -1.422000 -12.932000 -5.154000
v -1.422000 -8.261000 -5.154000
v -0.922000 -12.826000 -5.154000
v -0.922000 -8.594000 -5.154000
v -0.422000 -12.471000 -5.154000
v -0.422000 -9.534000 -5.154000
v -6.422000 -11.784000 -1.154000
v -6.422000 -7.657000 -1.154000
v -5.922000 -12.608000 -1.154000
v -5.922000 -7.114000 -1.154000
v -5.422000 -12.920000 -1.154000
v -5.422000 -6.778000 -1.154000
v -4.922000 -12.999000 -1.154000
v -4.922000 -6.390000 -1.154000
v -4.422000 -12.890000 -1.154000
v -4.422000 -5.676000 -1.154000
v -3.922000 -12.527000 -1.154000
v -3.922000 -5.344000 -1.154000
v -3.422000 -11.232000 -1.154000
v -3.422000 -5.253000 -1.154000
v -2.922000 -10.671000 -1.154000
v -2.922000 -5.351000 -1.154000
v -2.422000 -10.405000 -1.154000
v -2.422000 -5.534000 -1.154000
v -1.922000 -10.310000 -1.154000
v -1.922000 -5.747000 -1.154000
v -1.422000 -10.205000 -1.154000
v -1.422000 -6.087000 -1.154000
v -0.922000 -9.944000 -1.154000
v -0.922000 -6.377000 -1.154000
v -0.422000 -9.609000 -1.154000
v -0.422000 -6.750000 -1.154000
v -7.422000 -7.257000 2.846000
v -7.422000 -5.983000 2.846000
v -6.922000 -8.249000 2.846000
v -6.922000 -5.537000 2.846000
v -6.422000 -10.000000 2.846000
v -6.422000 -5.267000 2.846000
v -5.922000 -10.917000 2.846000
v -5.922000 -4.718000 2.846000
v -5.422000 -11.449000 2.846000
v -5.422000 -4.371000 2.846000
v -4.922000 -11.726000 2.846000
v -4.922000 -3.621000 2.846000
v -4.422000 -11.815000 2.846000
v -4.422000 -3.100000 2.846000
v -3.922000 -11.688000 2.846000
v -3.922000 -2.964000 2.846000
v -3.422000 -11.371000 2.846000
v -3.422000 -2.917000 2.846000
v -2.922000 -11.019000 2.846000
v -2.922000 -3.015000 2.846000
v -2.422000 -10.361000 2.846000
v -2.422000 -3.151000 2.846000
v -1.922000 -10.043000 2.846000
v -1.922000 -3.236000 2.846000
v -1.422000 -9.941000 2.846000
v -1.422000 -3.406000 2.846000
v -0.922000 -9.839000 2.846000
v -0.922000 -3.423000 2.846000
v -0.422000 -9.494000 2.846000
v -0.422000 -3.519000 2.846000
v 0.078000 -8.590000 2.846000
v 0.078000 -3.932000 2.846000
v 0.578000 -8.064000 2.846000
v 0.578000 -5.069000 2.846000
v -16.422000 -1.587000 6.846000
v -16.422000 1.161000 6.846000
v -15.922000 -1.929000 6.846000
v -15.922000 1.876000 6.846000
v -15.422000 -2.031000 6.846000
v -15.422000 2.421000 6.846000
v -14.922000 -2.008000 6.846000
v -14.922000 2.736000 6.846000
v -14.422000 -1.977000 6.846000
v -14.422000 2.816000 6.846000
v -13.922000 -2.030000 6.846000
v -13.922000 2.801000 6.846000
v -13.422000 -2.027000 6.846000
v -13.422000 2.716000 6.846000
v -12.922000 -1.945000 6.846000
v -12.922000 2.437000 6.846000
v -12.422000 -1.610000 6.846000
v -12.422000 2.020000 6.846000
v -11.922000 -1.104000 6.846000
v -11.922000 0.933000 6.846000
v -8.922000 -8.516000 6.846000
v -8.922000 -4.327000 6.846000
v -8.422000 -9.522000 6.846000
v -8.422000 -3.757000 6.846000
v -7.922000 -10.072000 6.846000
v -7.922000 -3.482000 6.846000
v -7.422000 -10.424000 6.846000
v -7.422000 -3.477000 6.846000
v -6.922000 -10.738000 6.846000
v -6.922000 -3.570000 6.846000
v -6.422000 -11.093000 6.846000
v -6.422000 -3.555000 6.846000
v -5.922000 -11.578000 6.846000
v -5.922000 -3.307000 6.846000
v -5.422000 -11.880000 6.846000
v -5.422000 -2.916000 6.846000
v -4.922000 -11.955000 6.846000
v -4.922000 -2.524000 6.846000
v -4.422000 -11.843000 6.846000
v -4.422000 -2.111000 6.846000
v -3.922000 -11.499000 6.846000
v -3.922000 -1.882000 6.846000
v -3.422000 -11.122000 6.846000
v -3.422000 -1.935000 6.846000
v -2.922000 -9.825000 6.846000
v -2.922000 -2.031000 6.846000
v -2.422000 -9.050000 6.846000
v -2.422000 -2.493000 6.846000
v -1.922000 -8.697000 6.846000
v -1.922000 -5.090000 6.846000
v -1.422000 -8.428000 6.846000
v -1.422000 -5.324000 6.846000
v -0.922000 -8.281000 6.846000
v -0.922000 -5.366000 6.846000
v -0.422000 -8.146000 6.846000
v -0.422000 -5.415000 6.846000
v 0.078000 -7.707000 6.846000
v 0.078000 -5.547000 6.846000
v 0.578000 -7.184000 6.846000
v 0.578000 -6.025000 6.846000
v -15.922000 -3.581000 10.846000
v -15.922000 -1.179000 10.846000
v -15.422000 -4.686000 10.846000
v -15.422000 0.796000 10.846000
v -14.922000 -6.040000 10.846000
v -14.922000 1.169000 10.846000
v -14.422000 -6.381000 10.846000
v -14.422000 1.283000 10.846000
v -13.922000 -6.735000 10.846000
v -13.922000 1.208000 10.846000
v -13.422000 -7.493000 10.846000
v -13.422000 0.945000 10.846000
v -12.922000 -7.857000 10.846000
v -12.922000 0.458000 10.846000
v -12.422000 -7.968000 10.846000
v -12.422000 -0.621000 10.846000
v -11.922000 -7.983000 10.846000
v -11.922000 -1.413000 10.846000
v -11.422000 -7.963000 10.846000
v -11.422000 -1.765000 10.846000
v -10.922000 -7.999000 10.846000
v -10.922000 -1.891000 10.846000
v -10.422000 -7.904000 10.846000
v -10.422000 -1.921000 10.846000
v -9.922000 -7.661000 10.846000
v -9.922000 -1.872000 10.846000
v -9.422000 -7.162000 10.846000
v -9.422000 -1.765000 10.846000
v -8.922000 -6.679000 10.846000
v -8.922000 -1.475000 10.846000
v -8.422000 -5.507000 10.846000
v -8.422000 -1.370000 10.846000
v -7.922000 -5.311000 10.846000
v -7.922000 -1.340000 10.846000
v -7.422000 -5.450000 10.846000
v -7.422000 -1.238000 10.846000
v -6.922000 -5.738000 10.846000
v -6.922000 -1.045000 10.846000
v -6.422000 -5.835000 10.846000
v -6.422000 -0.660000 10.846000
v -5.922000 -5.875000 10.846000
v -5.922000 -0.197000 10.846000
v -5.422000 -5.963000 10.846000
v -5.422000 0.354000 10.846000
v -4.922000 -6.046000 10.846000
v -4.922000 4.057000 10.846000
v -4.422000 -6.135000 10.846000
v -4.422000 6.358000 10.846000
v -3.922000 -6.235000 10.846000
v -3.922000 6.763000 10.846000
v -3.422000 -6.198000 10.846000
v -3.422000 7.119000 10.846000
v -2.922000 -6.053000 10.846000
v -2.922000 7.227000 10.846000
v -2.422000 -5.933000 10.846000
v -2.422000 7.147000 10.846000
v -1.922000 -5.647000 10.846000
v -1.922000 6.909000 10.846000
v -1.422000 -5.174000 10.846000
v -1.422000 3.058000 10.846000
v -1.422000 4.407000 10.846000
v -1.422000 6.443000 10.846000
v -0.922000 -4.160000 10.846000
v -0.922000 2.170000 10.846000
v -0.422000 -3.265000 10.846000
v -0.422000 1.874000 10.846000
v 0.078000 -2.287000 10.846000
v 0.078000 1.756000 10.846000
v 0.578000 -1.799000 10.846000
v 0.578000 1.609000 10.846000
v 1.078000 -0.693000 10.846000
v 1.078000 1.210000 10.846000
v -8.922000 -4.045000 14.846000
v -8.922000 -2.815000 14.846000
v -8.422000 -4.253000 14.846000
v -8.422000 -2.109000 14.846000
v -7.922000 -3.995000 14.846000
v -7.922000 -1.602000 14.846000
v -7.422000 -3.803000 14.846000
v -7.422000 -1.540000 14.846000
v -7.422000 0.359000 14.846000
v -7.422000 4.380000 14.846000
v -6.922000 -3.686000 14.846000
v -6.922000 -1.286000 14.846000
v -6.922000 -0.143000 14.846000
v -6.922000 5.473000 14.846000
v -6.422000 -3.722000 14.846000
v -6.422000 6.888000 14.846000
v -5.922000 -3.715000 14.846000
v -5.922000 7.198000 14.846000
v -5.422000 -4.020000 14.846000
v -5.422000 7.276000 14.846000
v -4.922000 -5.155000 14.846000
v -4.922000 7.193000 14.846000
v -4.422000 -5.627000 14.846000
v -4.422000 7.174000 14.846000
v -3.922000 -5.813000 14.846000
v -3.922000 7.224000 14.846000
v -3.422000 -6.053000 14.846000
v -3.422000 7.129000 14.846000
v -2.922000 -6.339000 14.846000
v -2.922000 6.982000 14.846000
v -2.422000 -6.448000 14.846000
v -2.422000 6.669000 14.846000
v -1.922000 -6.400000 14.846000
v -1.922000 6.260000 14.846000
v -1.422000 -6.216000 14.846000
v -1.422000 5.677000 14.846000
v -0.922000 -6.090000 14.846000
v -0.922000 5.295000 14.846000
v -0.422000 -6.087000 14.846000
v -0.422000 5.017000 14.846000
v 0.078000 -6.186000 14.846000
v 0.078000 4.650000 14.846000
v 0.578000 -6.441000 14.846000
v 0.578000 4.387000 14.846000
v 1.078000 -6.532000 14.846000
v 1.078000 4.245000 14.846000
v 1.578000 -6.500000 14.846000
v 1.578000 4.140000 14.846000
v 2.078000 -6.260000 14.846000
v 2.078000 4.198000 14.846000
v 2.578000 -5.825000 14.846000
v 2.578000 4.305000 14.846000
v 3.078000 -3.688000 14.846000
v 3.078000 4.448000 14.846000
v 3.578000 -3.027000 14.846000
v 3.578000 4.547000 14.846000
v 4.078000 -2.547000 14.846000
v 4.078000 -0.356000 14.846000
v 4.078000 1.185000 14.846000
v 4.078000 4.613000 14.846000
v 4.578000 2.046000 14.846000
v 4.578000 4.482000 14.846000
v 5.078000 2.808000 14.846000
v 5.078000 4.006000 14.846000
v -3.891000 -9.851000 -9.154000
v -1.865000 -9.851000 -9.154000
v -4.097000 -9.851000 -8.654000
v -1.162000 -9.851000 -8.654000
v -4.257000 -9.851000 -8.154000
v -0.523000 -9.851000 -8.154000
v -4.348000 -9.851000 -7.654000
v -0.251000 -9.851000 -7.654000
v -4.356000 -9.851000 -7.154000
v -0.242000 -9.851000 -7.154000
v -4.400000 -9.851000 -6.654000
v -0.259000 -9.851000 -6.654000
v -4.653000 -9.851000 -6.154000
v -0.210000 -9.851000 -6.154000
v -6.643000 -9.851000 -5.654000
v -0.192000 -9.851000 -5.654000
v -6.966000 -9.851000 -5.154000
v -0.217000 -9.851000 -5.154000
v -7.109000 -9.851000 -4.654000
v -0.213000 -9.851000 -4.654000
v -7.102000 -9.851000 -4.154000
v -0.414000 -9.851000 -4.154000
v -7.087000 -9.851000 -3.654000
v -0.551000 -9.851000 -3.654000
v -7.153000 -9.851000 -3.154000
v -0.596000 -9.851000 -3.154000
v -7.310000 -9.851000 -2.654000
v -0.637000 -9.851000 -2.654000
v -7.320000 -9.851000 -2.154000
v -0.634000 -9.851000 -2.154000
v -7.134000 -9.851000 -1.654000
v -0.656000 -9.851000 -1.654000
v -6.770000 -9.851000 -1.154000
v -0.740000 -9.851000 -1.154000
v -6.412000 -9.851000 -0.654000
v -1.621000 -9.851000 -0.654000
v -5.975000 -9.851000 -0.154000
v -2.225000 -9.851000 -0.154000
v -5.756000 -9.851000 0.346000
v -2.310000 -9.851000 0.346000
v -5.702000 -9.851000 0.846000
v -2.216000 -9.851000 0.846000
v -5.764000 -9.851000 1.346000
v -1.731000 -9.851000 1.346000
v -5.812000 -9.851000 1.846000
v -0.900000 -9.851000 1.846000
v -5.985000 -9.851000 2.346000
v -0.899000 -9.851000 2.346000
v -6.465000 -9.851000 2.846000
v -0.953000 -9.851000 2.846000
v -7.031000 -9.851000 3.346000
v -1.586000 -9.851000 3.346000
v -7.325000 -9.851000 3.846000
v -1.759000 -9.851000 3.846000
v -7.572000 -9.851000 4.346000
v -2.184000 -9.851000 4.346000
v -7.592000 -9.851000 4.846000
v -2.706000 -9.851000 4.846000
v -7.527000 -9.851000 5.346000
v -2.942000 -9.851000 5.346000
v -7.594000 -9.851000 5.846000
v -3.000000 -9.851000 5.846000
v -7.935000 -9.851000 6.346000
v -2.911000 -9.851000 6.346000
v -8.108000 -9.851000 6.846000
v -2.929000 -9.851000 6.846000
v -8.129000 -9.851000 7.346000
v -2.955000 -9.851000 7.346000
v -8.089000 -9.851000 7.846000
v -3.018000 -9.851000 7.846000
v -7.846000 -9.851000 8.346000
v -3.204000 -9.851000 8.346000
v -7.307000 -9.851000 8.846000
v -3.650000 -9.851000 8.846000
v -6.450000 -9.851000 9.346000
v -4.021000 -9.851000 9.346000
v -9.953000 -5.851000 -11.654000
v -8.971000 -5.851000 -11.654000
v -9.924000 -5.851000 -11.154000
v -8.999000 -5.851000 -11.154000
v -8.495000 -5.851000 -10.154000
v -8.239000 -5.851000 -10.154000
v -8.957000 -5.851000 -9.654000
v -6.949000 -5.851000 -9.654000
v -9.347000 -5.851000 -9.154000
v -5.960000 -5.851000 -9.154000
v -9.567000 -5.851000 -8.654000
v -5.723000 -5.851000 -8.654000
v -9.561000 -5.851000 -8.154000
v -5.769000 -5.851000 -8.154000
v -9.306000 -5.851000 -7.654000
v -6.012000 -5.851000 -7.654000
v -8.807000 -5.851000 -7.154000
v -6.463000 -5.851000 -7.154000
v -3.096000 -5.851000 -2.654000
v -1.695000 -5.851000 -2.654000
v -3.643000 -5.851000 -2.154000
v -1.700000 -5.851000 -2.154000
v -4.305000 -5.851000 -1.654000
v -1.725000 -5.851000 -1.654000
v -4.564000 -5.851000 -1.154000
v -1.741000 -5.851000 -1.154000
v -4.574000 -5.851000 -0.654000
v -1.744000 -5.851000 -0.654000
v -4.413000 -5.851000 -0.154000
v -1.699000 -5.851000 -0.154000
v -4.400000 -5.851000 0.346000
v -1.507000 -5.851000 0.346000
v -4.566000 -5.851000 0.846000
v -1.248000 -5.851000 0.846000
v -4.634000 -5.851000 1.346000
v -0.615000 -5.851000 1.346000
v -4.811000 -5.851000 1.846000
v 0.531000 -5.851000 1.846000
v -6.128000 -5.851000 2.346000
v 0.795000 -5.851000 2.346000
v -7.327000 -5.851000 2.846000
v 0.969000 -5.851000 2.846000
v -7.605000 -5.851000 3.346000
v 0.987000 -5.851000 3.346000
v -7.795000 -5.851000 3.846000
v 0.813000 -5.851000 3.846000
v -7.880000 -5.851000 4.346000
v 0.607000 -5.851000 4.346000
v -8.049000 -5.851000 4.846000
v 0.521000 -5.851000 4.846000
v -8.293000 -5.851000 5.346000
v 0.573000 -5.851000 5.346000
v -8.528000 -5.851000 5.846000
v 0.697000 -5.851000 5.846000
v -8.741000 -5.851000 6.346000
v 0.699000 -5.851000 6.346000
v -8.978000 -5.851000 6.846000
v 0.459000 -5.851000 6.846000
v -9.552000 -5.851000 7.346000
v -1.274000 -5.851000 7.346000
v -10.099000 -5.851000 7.846000
v -2.003000 -5.851000 7.846000
v -10.417000 -5.851000 8.346000
v -2.283000 -5.851000 8.346000
v -11.327000 -5.851000 8.846000
v -2.515000 -5.851000 8.846000
v -13.990000 -5.851000 9.346000
v -2.668000 -5.851000 9.346000
v -14.865000 -5.851000 9.846000
v -2.761000 -5.851000 9.846000
v -15.086000 -5.851000 10.346000
v -2.732000 -5.851000 10.346000
v -15.071000 -5.851000 10.846000
v -8.614000 -5.851000 10.846000
v -6.045000 -5.851000 10.846000
v -2.220000 -5.851000 10.846000
v -14.808000 -5.851000 11.346000
v -9.196000 -5.851000 11.346000
v -5.136000 -5.851000 11.346000
v -1.309000 -5.851000 11.346000
v -14.042000 -5.851000 11.846000
v -9.480000 -5.851000 11.846000
v -4.799000 -5.851000 11.846000
v 0.200000 -5.851000 11.846000
v -13.338000 -5.851000 12.346000
v -9.542000 -5.851000 12.346000
v -4.628000 -5.851000 12.346000
v 2.185000 -5.851000 12.346000
v -12.901000 -5.851000 12.846000
v -9.524000 -5.851000 12.846000
v -4.597000 -5.851000 12.846000
v 2.750000 -5.851000 12.846000
v -12.572000 -5.851000 13.346000
v -9.698000 -5.851000 13.346000
v -4.634000 -5.851000 13.346000
v 2.946000 -5.851000 13.346000
v -12.287000 -5.851000 13.846000
v -10.262000 -5.851000 13.846000
v -4.597000 -5.851000 13.846000
v 2.945000 -5.851000 13.846000
v -4.364000 -5.851000 14.346000
v 2.788000 -5.851000 14.346000
v -3.831000 -5.851000 14.846000
v 2.557000 -5.851000 14.846000
v -3.557000 -5.851000 15.346000
v 2.259000 -5.851000 15.346000
v -3.305000 -5.851000 15.846000
v 1.946000 -5.851000 15.846000
v -1.929000 -5.851000 16.346000
v 1.657000 -5.851000 16.346000
v -0.995000 -5.851000 16.846000
v 0.298000 -5.851000 16.846000
v -14.122000 -1.851000 5.346000
v -12.456000 -1.851000 5.346000
v -16.097000 -1.851000 5.846000
v -12.416000 -1.851000 5.846000
v -16.094000 -1.851000 6.346000
v -12.719000 -1.851000 6.346000
v -16.084000 -1.851000 6.846000
v -12.727000 -1.851000 6.846000
v -16.082000 -1.851000 7.346000
v -12.582000 -1.851000 7.346000
v -5.021000 -1.851000 7.346000
v -2.523000 -1.851000 7.346000
v -16.071000 -1.851000 7.846000
v -12.376000 -1.851000 7.846000
v -6.003000 -1.851000 7.846000
v -2.171000 -1.851000 7.846000
v -16.103000 -1.851000 8.346000
v -12.122000 -1.851000 8.346000
v -7.087000 -1.851000 8.346000
v -1.740000 -1.851000 8.346000
v -16.184000 -1.851000 8.846000
v -11.920000 -1.851000 8.846000
v -8.012000 -1.851000 8.846000
v -1.202000 -1.851000 8.846000
v -16.264000 -1.851000 9.346000
v -11.789000 -1.851000 9.346000
v -8.003000 -1.851000 9.346000
v -0.529000 -1.851000 9.346000
v -16.291000 -1.851000 9.846000
v -11.615000 -1.851000 9.846000
v -8.029000 -1.851000 9.846000
v -0.266000 -1.851000 9.846000
v -16.278000 -1.851000 10.346000
v -11.268000 -1.851000 10.346000
v -8.673000 -1.851000 10.346000
v 0.091000 -1.851000 10.346000
v -16.106000 -1.851000 10.846000
v -11.146000 -1.851000 10.846000
v -9.712000 -1.851000 10.846000
v 0.537000 -1.851000 10.846000
v -15.890000 -1.851000 11.346000
v 0.795000 -1.851000 11.346000
v -15.778000 -1.851000 11.846000
v -11.532000 -1.851000 11.846000
v -11.162000 -1.851000 11.846000
v 1.062000 -1.851000 11.846000
v -15.556000 -1.851000 12.346000
v -12.864000 -1.851000 12.346000
v -10.672000 -1.851000 12.346000
v 1.583000 -1.851000 12.346000
v -14.891000 -1.851000 12.846000
v -13.983000 -1.851000 12.846000
v -10.326000 -1.851000 12.846000
v 2.029000 -1.851000 12.846000
v -9.812000 -1.851000 13.346000
v 2.707000 -1.851000 13.346000
v -9.309000 -1.851000 13.846000
v 3.745000 -1.851000 13.846000
v -8.999000 -1.851000 14.346000
v 4.273000 -1.851000 14.346000
v -8.338000 -1.851000 14.846000
v 4.455000 -1.851000 14.846000
v -4.523000 -1.851000 15.346000
v 4.471000 -1.851000 15.346000
v -3.307000 -1.851000 15.846000
v 4.478000 -1.851000 15.846000
v -2.654000 -1.851000 16.346000
v 4.296000 -1.851000 16.346000
v -2.043000 -1.851000 16.846000
v 0.695000 -1.851000 16.846000
v 2.006000 -1.851000 16.846000
v 3.769000 -1.851000 16.846000
v -14.574000 2.149000 3.846000
v -13.345000 2.149000 3.846000
v -15.124000 2.149000 4.346000
v -12.474000 2.149000 4.346000
v -15.268000 2.149000 4.846000
v -12.239000 2.149000 4.846000
v -15.430000 2.149000 5.346000
v -12.240000 2.149000 5.346000
v -15.633000 2.149000 5.846000
v -12.289000 2.149000 5.846000
v -15.689000 2.149000 6.346000
v -12.314000 2.149000 6.346000
v -15.654000 2.149000 6.846000
v -12.541000 2.149000 6.846000
v -15.637000 2.149000 7.346000
v -12.785000 2.149000 7.346000
v -15.576000 2.149000 7.846000
v -13.660000 2.149000 7.846000
v -4.478000 2.149000 10.346000
v -1.469000 2.149000 10.346000
v -5.100000 2.149000 10.846000
v -0.900000 2.149000 10.846000
v -5.311000 2.149000 11.346000
v 0.227000 2.149000 11.346000
v -5.498000 2.149000 11.846000
v 1.715000 2.149000 11.846000
v -5.985000 2.149000 12.346000
v 3.445000 2.149000 12.346000
v -6.574000 2.149000 12.846000
v 4.398000 2.149000 12.846000
v -7.124000 2.149000 13.346000
v 4.675000 2.149000 13.346000
v -7.613000 2.149000 13.846000
v 4.806000 2.149000 13.846000
v -7.800000 2.149000 14.346000
v 4.800000 2.149000 14.346000
v -7.818000 2.149000 14.846000
v 4.658000 2.149000 14.846000
v -7.826000 2.149000 15.346000
v 4.400000 2.149000 15.346000
v -7.815000 2.149000 15.846000
v 4.073000 2.149000 15.846000
v -7.623000 2.149000 16.346000
v 3.787000 2.149000 16.346000
v -7.067000 2.149000 16.846000
v 3.238000 2.149000 16.846000
v -0.994000 2.149000 17.346000
v 1.156000 2.149000 17.346000
v -3.452000 6.149000 9.846000
v -2.400000 6.149000 9.846000
v -4.361000 6.149000 10.346000
v -1.761000 6.149000 10.346000
v -4.579000 6.149000 10.846000
v -1.278000 6.149000 10.846000
v -4.565000 6.149000 11.346000
v -0.737000 6.149000 11.346000
v -4.369000 6.149000 11.846000
v -0.264000 6.149000 11.846000
v -4.260000 6.149000 12.346000
v -0.067000 6.149000 12.346000
v -4.440000 6.149000 12.846000
v -0.040000 6.149000 12.846000
v -4.914000 6.149000 13.346000
v -0.052000 6.149000 13.346000
v -6.102000 6.149000 13.846000
v -0.234000 6.149000 13.846000
v -6.636000 6.149000 14.346000
v -0.754000 6.149000 14.346000
v -6.820000 6.149000 14.846000
v -1.851000 6.149000 14.846000
v -6.809000 6.149000 15.346000
v -2.424000 6.149000 15.346000
v -6.594000 6.149000 15.846000
v -3.419000 6.149000 15.846000
v -5.963000 6.149000 16.346000
v -4.959000 6.149000 16.346000
v -7.922000 -9.851000 6.327000
v -7.922000 -9.851000 8.236000
v -7.422000 -9.851000 4.001000
v -7.422000 -9.851000 8.726000
v -6.922000 -9.851000 -5.250000
v -6.922000 -9.851000 -1.361000
v -6.922000 -9.851000 3.206000
v -6.922000 -9.851000 9.167000
v -6.422000 -9.851000 -5.767000
v -6.422000 -9.851000 -0.667000
v -6.422000 -9.851000 2.815000
v -6.422000 -9.851000 9.359000
v -5.922000 -9.851000 -5.723000
v -5.922000 -9.851000 -0.066000
v -5.922000 -9.851000 2.225000
v -5.922000 -9.851000 9.675000
v -5.422000 -9.851000 -5.663000
v -5.422000 -9.851000 9.785000
v -4.922000 -9.851000 -5.884000
v -4.922000 -9.851000 9.808000
v -4.422000 -9.851000 -6.576000
v -4.422000 -9.851000 9.681000
v -3.922000 -9.851000 -9.115000
v -3.922000 -9.851000 9.198000
v -3.422000 -9.851000 -9.461000
v -3.422000 -9.851000 8.618000
v -2.922000 -9.851000 -9.561000
v -2.922000 -9.851000 5.270000
v -2.922000 -9.851000 6.276000
v -2.922000 -9.851000 6.705000
v -2.422000 -9.851000 -9.443000
v -2.422000 -9.851000 4.558000
v -1.922000 -9.851000 -9.183000
v -1.922000 -9.851000 -0.520000
v -1.922000 -9.851000 1.223000
v -1.922000 -9.851000 4.122000
v -1.422000 -9.851000 -8.851000
v -1.422000 -9.851000 -0.695000
v -1.422000 -9.851000 1.470000
v -1.422000 -9.851000 3.198000
v -0.922000 -9.851000 -8.480000
v -0.922000 -9.851000 -0.891000
v -0.922000 -9.851000 1.800000
v -0.922000 -9.851000 2.761000
v -0.422000 -9.851000 -8.024000
v -0.422000 -9.851000 -4.134000
v -14.922000 -5.851000 9.928000
v -14.922000 -5.851000 11.194000
v -14.422000 -5.851000 9.489000
v -14.422000 -5.851000 11.678000
v -13.922000 -5.851000 9.317000
v -13.922000 -5.851000 11.906000
v -13.422000 -5.851000 9.011000
v -13.422000 -5.851000 12.254000
v -12.922000 -5.851000 8.890000
v -12.922000 -5.851000 12.816000
v -12.422000 -5.851000 8.926000
v -12.422000 -5.851000 13.673000
v -11.922000 -5.851000 8.892000
v -11.922000 -5.851000 14.103000
v -11.422000 -5.851000 8.866000
v -11.422000 -5.851000 14.203000
v -10.922000 -5.851000 8.719000
v -10.922000 -5.851000 14.088000
v -10.422000 -5.851000 8.352000
v -10.422000 -5.851000 13.919000
v -9.922000 -5.851000 -11.712000
v -9.922000 -5.851000 -11.151000
v -9.922000 -5.851000 7.620000
v -9.922000 -5.851000 13.605000
v -9.422000 -5.851000 -11.969000
v -9.422000 -5.851000 -10.893000
v -9.422000 -5.851000 -9.025000
v -9.422000 -5.851000 -7.814000
v -9.422000 -5.851000 7.268000
v -9.422000 -5.851000 11.691000
v -8.922000 -5.851000 -9.711000
v -8.922000 -5.851000 -7.296000
v -8.922000 -5.851000 6.760000
v -8.922000 -5.851000 11.085000
v -8.422000 -5.851000 -10.161000
v -8.422000 -5.851000 -6.865000
v -8.422000 -5.851000 5.651000
v -8.422000 -5.851000 10.739000
v -7.922000 -5.851000 -10.100000
v -7.922000 -5.851000 -6.755000
v -7.922000 -5.851000 4.496000
v -7.922000 -5.851000 10.609000
v -7.422000 -5.851000 -9.956000
v -7.422000 -5.851000 -6.696000
v -7.422000 -5.851000 2.982000
v -7.422000 -5.851000 10.657000
v -6.922000 -5.851000 -9.640000
v -6.922000 -5.851000 -6.793000
v -6.922000 -5.851000 2.528000
v -6.922000 -5.851000 10.759000
v -6.422000 -5.851000 -9.461000
v -6.422000 -5.851000 -7.211000
v -6.422000 -5.851000 2.398000
v -6.422000 -5.851000 10.831000
v -5.922000 -5.851000 -9.115000
v -5.922000 -5.851000 -7.777000
v -5.922000 -5.851000 2.321000
v -5.922000 -5.851000 10.871000
v -5.422000 -5.851000 2.301000
v -5.422000 -5.851000 11.077000
v -4.922000 -5.851000 2.018000
v -4.922000 -5.851000 11.661000
v -4.422000 -5.851000 -1.496000
v -4.422000 -5.851000 -0.191000
v -4.422000 -5.851000 0.444000
v -4.422000 -5.851000 14.171000
v -3.922000 -5.851000 -1.952000
v -3.922000 -5.851000 14.742000
v -3.422000 -5.851000 -2.362000
v -3.422000 -5.851000 15.662000
v -2.922000 -5.851000 -2.905000
v -2.922000 -5.851000 16.164000
v -2.422000 -5.851000 -3.150000
v -2.422000 -5.851000 8.636000
v -2.422000 -5.851000 10.710000
v -2.422000 -5.851000 16.295000
v -1.922000 -5.851000 -2.987000
v -1.922000 -5.851000 7.737000
v -1.922000 -5.851000 11.015000
v -1.922000 -5.851000 16.347000
v -1.422000 -5.851000 0.512000
v -1.422000 -5.851000 7.382000
v -1.422000 -5.851000 11.303000
v -1.422000 -5.851000 16.577000
v -0.922000 -5.851000 1.200000
v -0.922000 -5.851000 7.320000
v -0.922000 -5.851000 11.416000
v -0.922000 -5.851000 16.911000
v -0.422000 -5.851000 1.393000
v -0.422000 -5.851000 7.280000
v -0.422000 -5.851000 11.547000
v -0.422000 -5.851000 17.203000
v 0.078000 -5.851000 1.504000
v 0.078000 -5.851000 7.152000
v 0.078000 -5.851000 11.811000
v 0.078000 -5.851000 17.011000
v 0.578000 -5.851000 1.908000
v 0.578000 -5.851000 4.463000
v 0.578000 -5.851000 5.370000
v 0.578000 -5.851000 6.670000
v 0.578000 -5.851000 11.950000
v 0.578000 -5.851000 16.770000
v 1.078000 -5.851000 12.150000
v 1.078000 -5.851000 16.698000
v 1.578000 -5.851000 12.209000
v 1.578000 -5.851000 16.473000
v 2.078000 -5.851000 12.300000
v 2.078000 -5.851000 15.661000
v 2.578000 -5.851000 12.629000
v 2.578000 -5.851000 14.812000
v -15.922000 -1.851000 5.571000
v -15.922000 -1.851000 11.261000
v -15.422000 -1.851000 5.387000
v -15.422000 -1.851000 12.506000
v -14.922000 -1.851000 5.359000
v -14.922000 -1.851000 12.834000
v -14.422000 -1.851000 5.405000
v -14.422000 -1.851000 12.923000
v -13.922000 -1.851000 5.216000
v -13.922000 -1.851000 12.823000
v -13.422000 -1.851000 5.010000
v -13.422000 -1.851000 12.615000
v -12.922000 -1.851000 5.107000
v -12.922000 -1.851000 12.381000
v -12.422000 -1.851000 5.407000
v -12.422000 -1.851000 5.860000
v -12.422000 -1.851000 7.731000
v -12.422000 -1.851000 12.135000
v -11.922000 -1.851000 8.838000
v -11.922000 -1.851000 11.951000
v -11.422000 -1.851000 10.092000
v -11.422000 -1.851000 11.830000
v -10.922000 -1.851000 11.064000
v -10.922000 -1.851000 12.011000
v -10.422000 -1.851000 11.022000
v -10.422000 -1.851000 12.731000
v -9.922000 -1.851000 10.876000
v -9.922000 -1.851000 13.212000
v -9.422000 -1.851000 10.742000
v -9.422000 -1.851000 13.709000
v -8.922000 -1.851000 10.482000
v -8.922000 -1.851000 14.444000
v -8.422000 -1.851000 10.203000
v -8.422000 -1.851000 14.813000
v -7.922000 -1.851000 8.687000
v -7.922000 -1.851000 14.924000
v -7.422000 -1.851000 8.434000
v -7.422000 -1.851000 14.945000
v -6.922000 -1.851000 8.286000
v -6.922000 -1.851000 15.017000
v -6.422000 -1.851000 8.054000
v -6.422000 -1.851000 14.977000
v -5.922000 -1.851000 7.813000
v -5.922000 -1.851000 15.026000
v -5.422000 -1.851000 7.581000
v -5.422000 -1.851000 15.021000
v -4.922000 -1.851000 7.297000
v -4.922000 -1.851000 15.141000
v -4.422000 -1.851000 7.001000
v -4.422000 -1.851000 15.387000
v -3.922000 -1.851000 6.871000
v -3.922000 -1.851000 15.546000
v -3.422000 -1.851000 6.933000
v -3.422000 -1.851000 15.772000
v -2.922000 -1.851000 7.048000
v -2.922000 -1.851000 16.117000
v -2.422000 -1.851000 7.471000
v -2.422000 -1.851000 16.583000
v -1.922000 -1.851000 8.133000
v -1.922000 -1.851000 16.912000
v -1.422000 -1.851000 8.667000
v -1.422000 -1.851000 17.169000
v -0.922000 -1.851000 9.031000
v -0.922000 -1.851000 17.254000
v -0.422000 -1.851000 9.501000
v -0.422000 -1.851000 17.285000
v 0.078000 -1.851000 10.328000
v 0.078000 -1.851000 17.181000
v 0.578000 -1.851000 10.902000
v 0.578000 -1.851000 16.895000
v 1.078000 -1.851000 11.870000
v 1.078000 -1.851000 16.766000
v 1.578000 -1.851000 12.341000
v 1.578000 -1.851000 16.789000
v 2.078000 -1.851000 12.894000
v 2.078000 -1.851000 16.863000
v 2.578000 -1.851000 13.290000
v 2.578000 -1.851000 16.963000
v 3.078000 -1.851000 13.470000
v 3.078000 -1.851000 17.008000
v 3.578000 -1.851000 13.755000
v 3.578000 -1.851000 16.930000
v 4.078000 -1.851000 14.095000
v 4.078000 -1.851000 16.620000
v -15.422000 2.149000 5.326000
v -15.422000 2.149000 8.052000
v -14.922000 2.149000 4.073000
v -14.922000 2.149000 8.226000
v -14.422000 2.149000 3.794000
v -14.422000 2.149000 8.010000
v -13.922000 2.149000 3.741000
v -13.922000 2.149000 7.883000
v -13.422000 2.149000 3.823000
v -13.422000 2.149000 7.806000
v -12.922000 2.149000 3.997000
v -12.922000 2.149000 7.571000
v -12.422000 2.149000 4.416000
v -12.422000 2.149000 6.636000
v -7.422000 2.149000 13.604000
v -7.422000 2.149000 16.594000
v -6.922000 2.149000 13.136000
v -6.922000 2.149000 16.907000
v -6.422000 2.149000 12.681000
v -6.422000 2.149000 16.986000
v -5.922000 2.149000 12.303000
v -5.922000 2.149000 16.952000
v -5.422000 2.149000 11.695000
v -5.422000 2.149000 16.981000
v -4.922000 2.149000 10.634000
v -4.922000 2.149000 17.024000
v -4.422000 2.149000 10.325000
v -4.422000 2.149000 17.010000
v -3.922000 2.149000 10.224000
v -3.922000 2.149000 16.981000
v -3.422000 2.149000 10.173000
v -3.422000 2.149000 17.016000
v -2.922000 2.149000 10.159000
v -2.922000 2.149000 17.160000
v -2.422000 2.149000 10.205000
v -2.422000 2.149000 17.265000
v -1.922000 2.149000 10.231000
v -1.922000 2.149000 17.259000
v -1.422000 2.149000 10.367000
v -1.422000 2.149000 17.258000
v -0.922000 2.149000 10.822000
v -0.922000 2.149000 17.361000
v -0.422000 2.149000 11.238000
v -0.422000 2.149000 17.423000
v 0.078000 2.149000 11.328000
v 0.078000 2.149000 17.475000
v 0.578000 2.149000 11.399000
v 0.578000 2.149000 17.458000
v 1.078000 2.149000 11.528000
v 1.078000 2.149000 17.377000
v 1.578000 2.149000 11.804000
v 1.578000 2.149000 17.130000
v 2.078000 2.149000 11.890000
v 2.078000 2.149000 17.013000
v 2.578000 2.149000 12.010000
v 2.578000 2.149000 16.993000
v 3.078000 2.149000 12.201000
v 3.078000 2.149000 16.915000
v 3.578000 2.149000 12.399000
v 3.578000 2.149000 16.605000
v 4.078000 2.149000 12.607000
v 4.078000 2.149000 15.838000
v 4.578000 2.149000 13.096000
v 4.578000 2.149000 15.069000
v -6.422000 6.149000 14.079000
v -6.422000 6.149000 16.050000
v -5.922000 6.149000 13.767000
v -5.922000 6.149000 16.361000
v -5.422000 6.149000 13.628000
v -5.422000 6.149000 16.440000
v -4.922000 6.149000 13.352000
v -4.922000 6.149000 16.331000
v -4.422000 6.149000 10.438000
v -4.422000 6.149000 11.714000
v -4.422000 6.149000 12.820000
v -4.422000 6.149000 16.056000
v -3.922000 6.149000 9.983000
v -3.922000 6.149000 15.927000
v -3.422000 6.149000 9.840000
v -3.422000 6.149000 15.847000
v -2.922000 6.149000 9.757000
v -2.922000 6.149000 15.730000
v -2.422000 6.149000 9.838000
v -2.422000 6.149000 15.343000
v -1.922000 6.149000 10.154000
v -1.922000 6.149000 14.895000
v -1.422000 6.149000 10.707000
v -1.422000 6.149000 14.592000
v -0.922000 6.149000 11.136000
v -0.922000 6.149000 14.426000
v -0.422000 6.149000 11.639000
v -0.422000 6.149000 14.092000
v -9.922000 -8.033000 -12.654000
v -9.922000 -6.639000 -12.654000
v -9.422000 -8.260000 -12.654000
v -9.422000 -6.462000 -12.654000
v -8.922000 -8.143000 -12.654000
v -8.922000 -6.726000 -12.654000
v -8.422000 -7.820000 -12.654000
v -8.422000 -7.291000 -12.654000
v -9.422000 -7.618000 -8.654000
v -9.422000 -5.672000 -8.654000
v -8.922000 -8.726000 -8.654000
v -8.922000 -5.338000 -8.654000
v -8.422000 -9.133000 -8.654000
v -8.422000 -5.242000 -8.654000
v -7.922000 -9.242000 -8.654000
v -7.922000 -5.184000 -8.654000
v -7.422000 -9.219000 -8.654000
v -7.422000 -5.240000 -8.654000
v -6.922000 -9.152000 -8.654000
v -6.922000 -5.246000 -8.654000
v -6.422000 -9.059000 -8.654000
v -6.422000 -5.335000 -8.654000
v -5.922000 -9.007000 -8.654000
v -5.922000 -5.664000 -8.654000
v -5.422000 -9.119000 -8.654000
v -5.422000 -6.075000 -8.654000
v -4.922000 -9.370000 -8.654000
v -4.922000 -6.304000 -8.654000
v -4.422000 -9.595000 -8.654000
v -4.422000 -6.415000 -8.654000
v -3.922000 -10.040000 -8.654000
v -3.922000 -6.531000 -8.654000
v -3.422000 -10.396000 -8.654000
v -3.422000 -6.817000 -8.654000
v -2.922000 -10.699000 -8.654000
v -2.922000 -7.176000 -8.654000
v -2.422000 -10.819000 -8.654000
v -2.422000 -7.751000 -8.654000
v -1.922000 -10.988000 -8.654000
v -1.922000 -8.152000 -8.654000
v -1.422000 -11.600000 -8.654000
v -1.422000 -9.033000 -8.654000
v -0.922000 -11.894000 -8.654000
v -0.922000 -10.303000 -8.654000
v -0.422000 -12.134000 -8.654000
v -0.422000 -10.622000 -8.654000
v 0.078000 -11.824000 -8.654000
v 0.078000 -11.338000 -8.654000
v -6.922000 -11.603000 -4.654000
v -6.922000 -9.624000 -4.654000
v -6.422000 -11.916000 -4.654000
v -6.422000 -9.310000 -4.654000
v -5.922000 -11.998000 -4.654000
v -5.922000 -9.228000 -4.654000
v -5.422000 -11.970000 -4.654000
v -5.422000 -9.217000 -4.654000
v -4.922000 -11.981000 -4.654000
v -4.922000 -9.173000 -4.654000
v -4.422000 -12.118000 -4.654000
v -4.422000 -8.970000 -4.654000
v -3.922000 -12.376000 -4.654000
v -3.922000 -8.801000 -4.654000
v -3.422000 -12.542000 -4.654000
v -3.422000 -8.646000 -4.654000
v -2.922000 -12.829000 -4.654000
v -2.922000 -8.420000 -4.654000
v -2.422000 -12.939000 -4.654000
v -2.422000 -8.200000 -4.654000
v -1.922000 -12.957000 -4.654000
v -1.922000 -8.108000 -4.654000
v -1.422000 -12.872000 -4.654000
v -1.422000 -8.306000 -4.654000
v -0.922000 -12.653000 -4.654000
v -0.922000 -8.676000 -4.654000
v -0.422000 -12.192000 -4.654000
v -0.422000 -9.560000 -4.654000
v -6.422000 -9.835000 -0.654000
v -6.422000 -7.980000 -0.654000
v -5.922000 -12.307000 -0.654000
v -5.922000 -7.139000 -0.654000
v -5.422000 -12.709000 -0.654000
v -5.422000 -6.781000 -0.654000
v -4.922000 -12.802000 -0.654000
v -4.922000 -6.389000 -0.654000
v -4.422000 -12.673000 -0.654000
v -4.422000 -5.665000 -0.654000
v -3.922000 -12.184000 -0.654000
v -3.922000 -5.336000 -0.654000
v -3.422000 -11.068000 -0.654000
v -3.422000 -5.246000 -0.654000
v -2.922000 -10.584000 -0.654000
v -2.922000 -5.262000 -0.654000
v -2.422000 -10.232000 -0.654000
v -2.422000 -5.347000 -0.654000
v -1.922000 -9.945000 -0.654000
v -1.922000 -5.666000 -0.654000
v -1.422000 -9.824000 -0.654000
v -1.422000 -6.155000 -0.654000
v -0.922000 -9.715000 -0.654000
v -0.922000 -6.526000 -0.654000
v -0.422000 -9.299000 -0.654000
v -0.422000 -7.042000 -0.654000
v -15.422000 -0.074000 3.346000
v -15.422000 0.838000 3.346000
v -14.922000 -0.316000 3.346000
v -14.922000 1.303000 3.346000
v -14.422000 -0.193000 3.346000
v -14.422000 1.520000 3.346000
v -13.922000 0.056000 3.346000
v -13.922000 1.268000 3.346000
v -7.422000 -7.708000 3.346000
v -7.422000 -5.490000 3.346000
v -6.922000 -10.177000 3.346000
v -6.922000 -5.005000 3.346000
v -6.422000 -10.708000 3.346000
v -6.422000 -4.470000 3.346000
v -5.922000 -11.151000 3.346000
v -5.922000 -4.021000 3.346000
v -5.422000 -11.395000 3.346000
v -5.422000 -3.768000 3.346000
v -4.922000 -11.548000 3.346000
v -4.922000 -3.243000 3.346000
v -4.422000 -11.573000 3.346000
v -4.422000 -2.870000 3.346000
v -3.922000 -11.459000 3.346000
v -3.922000 -2.756000 3.346000
v -3.422000 -11.189000 3.346000
v -3.422000 -2.726000 3.346000
v -2.922000 -10.758000 3.346000
v -2.922000 -2.815000 3.346000
v -2.422000 -10.227000 3.346000
v -2.422000 -2.889000 3.346000
v -1.922000 -9.945000 3.346000
v -1.922000 -2.848000 3.346000
v -1.422000 -9.806000 3.346000
v -1.422000 -2.911000 3.346000
v -0.922000 -9.640000 3.346000
v -0.922000 -3.035000 3.346000
v -0.422000 -9.196000 3.346000
v -0.422000 -3.290000 3.346000
v 0.078000 -8.503000 3.346000
v 0.078000 -3.608000 3.346000
v 0.578000 -8.067000 3.346000
v 0.578000 -4.885000 3.346000
v -16.422000 -1.599000 7.346000
v -16.422000 1.365000 7.346000
v -15.922000 -1.922000 7.346000
v -15.922000 1.926000 7.346000
v -15.422000 -2.012000 7.346000
v -15.422000 2.285000 7.346000
v -14.922000 -2.011000 7.346000
v -14.922000 2.517000 7.346000
v -14.422000 -2.021000 7.346000
v -14.422000 2.606000 7.346000
v -13.922000 -2.064000 7.346000
v -13.922000 2.614000 7.346000
v -13.422000 -2.098000 7.346000
v -13.422000 2.514000 7.346000
v -12.922000 -2.038000 7.346000
v -12.922000 2.227000 7.346000
v -12.422000 -1.687000 7.346000
v -12.422000 1.892000 7.346000
v -11.922000 -1.095000 7.346000
v -11.922000 0.925000 7.346000
v -9.422000 -8.180000 7.346000
v -9.422000 -4.046000 7.346000
v -8.922000 -8.841000 7.346000
v -8.922000 -3.412000 7.346000
v -8.422000 -9.545000 7.346000
v -8.422000 -2.998000 7.346000
v -7.922000 -10.097000 7.346000
v -7.922000 -2.887000 7.346000
v -7.422000 -10.614000 7.346000
v -7.422000 -3.041000 7.346000
v -6.922000 -10.919000 7.346000
v -6.922000 -3.256000 7.346000
v -6.422000 -11.135000 7.346000
v -6.422000 -3.244000 7.346000
v -5.922000 -11.544000 7.346000
v -5.922000 -2.909000 7.346000
v -5.422000 -11.852000 7.346000
v -5.422000 -2.339000 7.346000
v -4.922000 -11.929000 7.346000
v -4.922000 -1.720000 7.346000
v -4.422000 -11.818000 7.346000
v -4.422000 -1.455000 7.346000
v -3.922000 -11.478000 7.346000
v -3.922000 -1.391000 7.346000
v -3.422000 -11.137000 7.346000
v -3.422000 -1.461000 7.346000
v -2.922000 -9.719000 7.346000
v -2.922000 -1.563000 7.346000
v -2.422000 -8.798000 7.346000
v -2.422000 -4.561000 7.346000
v -2.422000 -3.702000 7.346000
v -2.422000 -1.981000 7.346000
v -1.922000 -8.400000 7.346000
v -1.922000 -5.542000 7.346000
v -1.422000 -8.215000 7.346000
v -1.422000 -5.810000 7.346000
v -0.922000 -7.867000 7.346000
v -0.922000 -5.892000 7.346000
v -0.422000 -7.443000 7.346000
v -0.422000 -5.967000 7.346000
v 0.078000 -6.954000 7.346000
v 0.078000 -6.255000 7.346000
v -15.922000 -3.225000 11.346000
v -15.922000 -1.930000 11.346000
v -15.422000 -4.621000 11.346000
v -15.422000 0.439000 11.346000
v -14.922000 -5.707000 11.346000
v -14.922000 0.931000 11.346000
v -14.422000 -6.148000 11.346000
v -14.422000 1.069000 11.346000
v -13.922000 -6.414000 11.346000
v -13.922000 0.978000 11.346000
v -13.422000 -7.195000 11.346000
v -13.422000 0.573000 11.346000
v -12.922000 -7.666000 11.346000
v -12.922000 0.065000 11.346000
v -12.422000 -7.901000 11.346000
v -12.422000 -0.690000 11.346000
v -11.922000 -7.980000 11.346000
v -11.922000 -1.395000 11.346000
v -11.422000 -7.962000 11.346000
v -11.422000 -1.724000 11.346000
v -10.922000 -7.982000 11.346000
v -10.922000 -1.790000 11.346000
v -10.422000 -7.883000 11.346000
v -10.422000 -1.713000 11.346000
v -9.922000 -7.537000 11.346000
v -9.922000 -1.503000 11.346000
v -9.422000 -6.699000 11.346000
v -9.422000 -1.399000 11.346000
v -8.922000 -5.157000 11.346000
v -8.922000 -1.258000 11.346000
v -8.422000 -4.808000 11.346000
v -8.422000 -1.160000 11.346000
v -7.922000 -4.783000 11.346000
v -7.922000 -1.176000 11.346000
v -7.422000 -4.881000 11.346000
v -7.422000 -1.068000 11.346000
v -6.922000 -5.158000 11.346000
v -6.922000 -0.826000 11.346000
v -6.422000 -5.305000 11.346000
v -6.422000 -0.602000 11.346000
v -5.922000 -5.438000 11.346000
v -5.922000 -0.120000 11.346000
v -5.422000 -5.716000 11.346000
v -5.422000 0.452000 11.346000
v -4.922000 -5.940000 11.346000
v -4.922000 4.431000 11.346000
v -4.422000 -6.067000 11.346000
v -4.422000 6.341000 11.346000
v -3.922000 -6.246000 11.346000
v -3.922000 6.773000 11.346000
v -3.422000 -6.298000 11.346000
v -3.422000 7.130000 11.346000
v -2.922000 -6.332000 11.346000
v -2.922000 7.238000 11.346000
v -2.422000 -6.297000 11.346000
v -2.422000 7.235000 11.346000
v -1.922000 -6.196000 11.346000
v -1.922000 7.184000 11.346000
v -1.422000 -5.908000 11.346000
v -1.422000 7.051000 11.346000
v -0.922000 -5.723000 11.346000
v -0.922000 2.755000 11.346000
v -0.922000 4.829000 11.346000
v -0.922000 6.680000 11.346000
v -0.422000 -5.346000 11.346000
v -0.422000 2.277000 11.346000
v 0.078000 -3.078000 11.346000
v 0.078000 2.170000 11.346000
v 0.578000 -2.310000 11.346000
v 0.578000 2.094000 11.346000
v 1.078000 -1.294000 11.346000
v 1.078000 1.967000 11.346000
v 1.578000 -0.641000 11.346000
v 1.578000 1.542000 11.346000
v -7.422000 0.797000 15.346000
v -7.422000 4.370000 15.346000
v -6.922000 0.372000 15.346000
v -6.922000 5.448000 15.346000
v -6.422000 0.138000 15.346000
v -6.422000 6.872000 15.346000
v -5.922000 -0.395000 15.346000
v -5.922000 7.185000 15.346000
v -5.422000 -0.646000 15.346000
v -5.422000 7.265000 15.346000
v -4.922000 -0.807000 15.346000
v -4.922000 7.156000 15.346000
v -4.422000 -4.977000 15.346000
v -4.422000 7.022000 15.346000
v -3.922000 -5.473000 15.346000
v -3.922000 7.011000 15.346000
v -3.422000 -5.993000 15.346000
v -3.422000 6.878000 15.346000
v -2.922000 -6.351000 15.346000
v -2.922000 6.534000 15.346000
v -2.422000 -6.460000 15.346000
v -2.422000 6.146000 15.346000
v -1.922000 -6.380000 15.346000
v -1.922000 5.428000 15.346000
v -1.422000 -6.135000 15.346000
v -1.422000 4.966000 15.346000
v -0.922000 -6.014000 15.346000
v -0.922000 4.659000 15.346000
v -0.422000 -6.027000 15.346000
v -0.422000 4.465000 15.346000
v 0.078000 -6.124000 15.346000
v 0.078000 4.202000 15.346000
v 0.578000 -6.359000 15.346000
v 0.578000 4.149000 15.346000
v 1.078000 -6.446000 15.346000
v 1.078000 4.056000 15.346000
v 1.578000 -6.343000 15.346000
v 1.578000 3.934000 15.346000
v 2.078000 -5.997000 15.346000
v 2.078000 4.005000 15.346000
v 2.578000 -5.603000 15.346000
v 2.578000 4.105000 15.346000
v 3.078000 -3.794000 15.346000
v 3.078000 4.081000 15.346000
v 3.578000 -3.076000 15.346000
v 3.578000 4.110000 15.346000
v 4.078000 -2.572000 15.346000
v 4.078000 0.070000 15.346000
v 4.078000 1.587000 15.346000
v 4.078000 4.111000 15.346000
v 4.578000 2.420000 15.346000
v 4.578000 3.851000 15.346000
f 1647 2037 2341
f 2341 2037 643
f 2037 3049 643
f 2037 3051 3049
f 3051 4063 3049
f 4065 4063 3051
f 4065 5045 4063
f 5047 5045 4065
f 644 5045 6337
f 5045 6015 6337
f 5045 5047 6015
f 6015 1648 6337
f 1649 1005 1331
f 1647 2341 1005
f 1005 2341 1331
f 2341 2035 1331
f 2035 645 1331
f 2341 643 2035
f 6337 6013 644
f 1648 7007 7333
f 1648 7333 646
f 6337 1648 646
f 6013 6337 646
f 7007 1650 7333
f 1333 1651 1331
f 1331 1651 1649
f 1331 645 647
f 1331 647 1333
f 7337 648 646
f 7337 646 7333
f 7333 1650 7337
f 7337 1650 1652
f 1337 1653 1333
f 1333 1653 1651
f 1333 647 649
f 1333 649 1337
f 648 7337 7008
f 1654 648 7008
f 650 648 1654
f 7337 1652 7008
f 1337 1006 1653
f 1655 1006 1337
f 649 1655 1337
f 651 1655 649
f 6014 6353 652
f 6014 650 6353
f 650 1656 6353
f 650 1654 1656
f 2359 1657 2036
f 1657 651 2036
f 1657 1655 651
f 653 2359 2036
f 5046 5381 654
f 6353 6016 652
f 652 6016 5046
f 6016 1658 5046
f 1658 5381 5046
f 6353 1656 6016
f 2359 2038 1657
f 653 3050 2359
f 3050 2038 2359
f 3050 3052 2038
f 4064 3052 3050
f 4064 4066 3052
f 5381 5048 654
f 5048 4064 654
f 5048 4066 4064
f 5381 1658 5048
f 4384 4083 655
f 1659 5067 4384
f 5067 4083 4384
f 5067 5065 4083
f 5067 6031 5065
f 6033 6031 5067
f 7340 7019 1660
f 7019 6033 1660
f 7019 6031 6033
f 7340 656 7019
f 1661 1021 657
f 657 1021 1019
f 1021 2055 1019
f 2057 2055 1021
f 2057 3069 2055
f 3071 3069 2057
f 4085 4384 655
f 3069 4085 655
f 3071 4085 3069
f 1659 4384 4085
f 7021 7340 1660
f 1662 402 89
f 1662 89 656
f 7021 1662 656
f 7340 7021 656
f 402 658 89
f 1663 657 659
f 1663 1661 657
f 91 402 1662
f 91 1664 402
f 1664 658 402
f 1664 660 658
f 1665 11 661
f 661 11 7
f 659 7 11
f 659 11 1663
f 660 1666 662
f 1664 1666 660
f 1667 661 663
f 1667 1665 661
f 662 1668 664
f 1666 1668 662
f 663 8 1667
f 1667 8 12
f 1669 12 8
f 1669 8 665
f 664 1670 666
f 1668 1670 664
f 1671 665 667
f 1671 1669 665
f 92 1672 422
f 422 668 92
f 668 1670 92
f 668 666 1670
f 1022 1671 1366
f 1671 669 1366
f 1671 667 669
f 1673 1022 1366
f 7022 1674 7368
f 422 1672 7022
f 422 7022 7368
f 90 422 7368
f 670 90 7368
f 668 422 90
f 671 1372 669
f 669 1372 1366
f 1673 1366 1372
f 1673 1372 1675
f 5068 1676 5402
f 5068 5402 6378
f 5068 6378 6034
f 7368 1674 6034
f 7368 6034 6378
f 7020 7368 6378
f 672 7020 6378
f 670 7368 7020
f 673 1376 671
f 671 1376 1372
f 1675 1372 1376
f 1675 1376 1677
f 4086 1678 4422
f 5402 1676 4086
f 4422 5402 4086
f 5406 5402 4422
f 6032 6378 674
f 6378 5406 674
f 6378 5402 5406
f 672 6378 6032
f 1679 13 675
f 675 13 9
f 1023 1376 673
f 9 1023 673
f 13 1023 9
f 1677 1376 1023
f 1680 4426 4422
f 1680 4422 1678
f 5066 5406 676
f 5406 4426 676
f 5406 4422 4426
f 674 5406 5066
f 1681 5945 6301
f 6301 5945 677
f 5945 6935 677
f 5945 6937 6935
f 675 6935 6937
f 675 6937 1679
f 1682 4430 4426
f 1682 4426 1680
f 676 4426 678
f 678 4426 4430
f 1683 4977 5329
f 1681 6301 4977
f 4977 6301 5329
f 6301 5943 5329
f 5943 679 5329
f 6301 677 5943
f 1684 4434 4430
f 1684 4430 1682
f 678 4430 680
f 680 4430 4434
f 4975 681 5329
f 681 1683 5329
f 681 1685 1683
f 5329 679 4975
f 682 4084 4434
f 1684 682 4434
f 1686 682 1684
f 680 4434 4084
f 1687 3997 4349
f 683 4349 3997
f 1685 683 3997
f 681 683 1685
f 682 1688 684
f 1686 1688 682
f 1689 3003 3347
f 1687 4349 3003
f 3003 4349 3347
f 4349 3995 3347
f 3995 685 3347
f 4349 683 3995
f 3072 1690 686
f 3072 686 3070
f 3070 684 3072
f 3072 684 1688
f 1691 2005 2331
f 1689 3347 2005
f 2005 3347 2331
f 3347 3001 2331
f 3001 687 2331
f 3347 685 3001
f 2058 1692 688
f 2058 688 2056
f 2056 686 2058
f 2058 686 1690
f 1693 987 1325
f 1691 2331 987
f 987 2331 1325
f 2331 2003 1325
f 2003 689 1325
f 2331 687 2003
f 10 371 690
f 1024 1694 371
f 10 1024 371
f 1020 1024 10
f 1020 688 1024
f 1024 688 1692
f 1327 1695 1325
f 1325 1695 1693
f 1325 689 691
f 1325 691 1327
f 6936 7311 692
f 371 14 690
f 690 14 6936
f 14 1696 6936
f 1696 7311 6936
f 371 1694 14
f 1329 1697 1327
f 1327 1697 1695
f 1327 691 693
f 1327 693 1329
f 5944 6319 694
f 7311 6938 692
f 692 6938 5944
f 6938 1698 5944
f 1698 6319 5944
f 7311 1696 6938
f 1329 988 1697
f 2339 1699 2004
f 2004 1699 693
f 1699 988 693
f 988 1329 693
f 695 2339 2004
f 4976 5347 696
f 6319 5946 694
f 694 5946 4976
f 5946 1700 4976
f 1700 5347 4976
f 6319 1698 5946
f 2339 2006 1699
f 695 3002 2339
f 3002 2006 2339
f 3002 3004 2006
f 3996 3004 3002
f 3996 3998 3004
f 5347 4978 696
f 4978 3996 696
f 4978 3998 3996
f 5347 1700 4978
f 1701 4013 697
f 697 4013 4011
f 4013 4991 4011
f 4993 4991 4013
f 4993 5959 4991
f 5961 5959 4993
f 5961 6951 5959
f 6953 6951 5961
f 6953 1702 6951
f 6951 1702 698
f 1703 3019 699
f 699 3019 3017
f 697 3017 3019
f 697 3019 1701
f 27 698 1702
f 27 1702 29
f 29 1704 27
f 27 1704 700
f 1705 699 701
f 1705 1703 699
f 1704 1043 1367
f 702 1704 1367
f 700 1704 702
f 1043 1706 1367
f 1707 701 703
f 1707 1705 701
f 1373 704 702
f 1373 702 1367
f 1367 1706 1373
f 1373 1706 1708
f 1709 703 705
f 1709 1707 703
f 1377 706 704
f 1377 704 1373
f 1373 1708 1377
f 1377 1708 1710
f 1711 705 707
f 1711 1709 705
f 1377 1041 706
f 1710 2077 2393
f 1710 2393 708
f 1377 1710 708
f 1041 1377 708
f 2077 1712 2393
f 1713 2021 709
f 709 2021 2019
f 707 2019 2021
f 707 2021 1711
f 2397 710 708
f 2397 708 2393
f 2393 1712 2397
f 2397 1712 1714
f 1715 709 711
f 1715 1713 709
f 2401 712 710
f 2401 710 2397
f 3081 3429 1714
f 3429 2397 1714
f 3429 2401 2397
f 3081 1716 3429
f 1717 999 713
f 713 999 997
f 711 997 999
f 711 999 1715
f 2401 2075 712
f 3433 714 2075
f 2401 3433 2075
f 3429 3433 2401
f 4091 4439 1716
f 4439 3429 1716
f 4439 3433 3429
f 4439 4091 5421
f 5421 4091 5073
f 5073 1718 5421
f 1719 713 715
f 1719 1717 713
f 3437 716 714
f 3437 714 3433
f 3433 4441 3437
f 3433 4439 4441
f 4439 5423 4441
f 4439 5421 5423
f 5421 1718 5423
f 5423 1718 1720
f 1721 715 717
f 1721 1719 715
f 3439 718 716
f 3439 716 3437
f 3437 4443 3439
f 3437 4441 4443
f 4441 5425 4443
f 4441 5423 5425
f 5423 1720 5425
f 5425 1720 1722
f 1723 717 719
f 1723 1721 717
f 718 3439 3082
f 1724 718 3082
f 720 718 1724
f 3082 3439 4092
f 4092 3439 4443
f 4092 4443 5074
f 5074 4443 5425
f 5425 1722 5074
f 719 998 1723
f 1723 998 1000
f 1725 1000 998
f 1725 998 721
f 2078 1726 722
f 2078 722 2076
f 2076 720 2078
f 2078 720 1724
f 721 2020 1725
f 1725 2020 2022
f 2020 723 3354
f 3020 2020 3354
f 2022 2020 3020
f 1727 3020 3354
f 5962 1728 6318
f 5962 6318 7312
f 5962 7312 6954
f 6954 7312 724
f 28 6954 724
f 30 6954 28
f 1042 30 28
f 1042 1044 30
f 1042 722 1044
f 1044 722 1726
f 3018 3354 723
f 3354 3018 1727
f 3018 4014 1727
f 3018 4012 4014
f 4992 4014 4012
f 4992 4994 4014
f 1728 4994 6318
f 4994 5960 6318
f 4994 4992 5960
f 6952 7312 5960
f 5960 7312 6318
f 724 7312 6952
f 7280 6967 725
f 346 43 7280
f 7280 43 6967
f 1729 1059 346
f 1059 43 346
f 1059 1057 43
f 1059 2091 1057
f 2093 2091 1059
f 2093 3095 2091
f 3097 3095 2093
f 4414 4105 1730
f 4105 3097 1730
f 4105 3095 3097
f 4414 726 4105
f 3324 3033 727
f 4330 4027 3324
f 3324 4027 3033
f 1731 5009 4330
f 5009 4027 4330
f 5009 5007 4027
f 5009 5975 5007
f 5977 5975 5009
f 6969 7280 725
f 5975 6969 725
f 5977 6969 5975
f 7280 6969 45
f 7280 45 346
f 1729 346 45
f 4107 4414 1730
f 5087 726 4414
f 4107 5087 4414
f 5089 5087 4107
f 5089 1732 5087
f 5087 1732 728
f 729 3328 727
f 727 3328 3324
f 3328 1733 4029
f 4330 3328 4029
f 3324 3328 4330
f 1731 4330 4029
f 728 1734 730
f 1732 1734 728
f 731 3334 729
f 729 3334 3328
f 1733 3328 3334
f 1733 3334 1735
f 6051 730 1734
f 6051 1734 6053
f 6053 1736 6051
f 6051 1736 732
f 3034 3334 731
f 4030 1735 4338
f 4338 1735 733
f 1735 3334 733
f 3334 3034 733
f 1737 4030 4338
f 7035 732 1736
f 7035 1736 7037
f 7037 1738 7035
f 7035 1738 734
f 4028 4338 733
f 1737 4338 4028
f 735 1737 4028
f 1739 1737 735
f 97 734 1738
f 97 1738 99
f 99 1740 97
f 97 1740 736
f 735 5008 1739
f 1739 5008 5010
f 1741 5010 5008
f 1741 5008 737
f 736 1742 738
f 1740 1742 736
f 737 5976 1741
f 1741 5976 5978
f 1743 5978 5976
f 1743 5976 739
f 738 1744 740
f 1742 1744 738
f 739 6968 1743
f 1743 6968 6970
f 1745 6970 6968
f 1745 6968 741
f 100 1746 742
f 100 742 98
f 98 740 100
f 100 740 1744
f 1747 741 743
f 1747 1745 741
f 7038 1748 744
f 7038 744 7036
f 7036 742 7038
f 7038 742 1746
f 1749 743 745
f 1749 1747 743
f 6054 1750 746
f 6054 746 6052
f 6052 744 6054
f 6054 744 1748
f 745 44 1749
f 1749 44 46
f 1751 46 44
f 1751 44 747
f 5090 1752 748
f 5090 748 5088
f 5088 746 5090
f 5090 746 1750
f 747 1058 1751
f 1751 1058 1060
f 2092 1060 1058
f 2092 2094 1060
f 3096 2094 2092
f 3096 3098 2094
f 4106 3098 3096
f 4106 4108 3098
f 4106 748 4108
f 4108 748 1752
f 1753 2207 2509
f 2509 2207 749
f 2207 3215 749
f 2207 3217 3215
f 3217 4225 3215
f 4227 4225 3217
f 750 4225 5535
f 4225 5219 5535
f 4225 4227 5219
f 5219 1754 5535
f 1755 1183 1493
f 1753 2509 1183
f 1183 2509 1493
f 2509 2205 1493
f 2205 751 1493
f 2509 749 2205
f 5535 5217 750
f 1754 6199 6527
f 1754 6527 752
f 5535 1754 752
f 5217 5535 752
f 6199 1756 6527
f 1495 1757 1493
f 1493 1757 1755
f 1493 751 753
f 1493 753 1495
f 6527 6197 752
f 1756 7193 7509
f 1756 7509 754
f 6527 1756 754
f 6197 6527 754
f 7193 1758 7509
f 1497 1759 1495
f 1495 1759 1757
f 1495 753 755
f 1495 755 1497
f 7509 7191 754
f 1758 257 555
f 1758 555 756
f 7509 1758 756
f 7191 7509 756
f 257 1760 555
f 1499 1761 1497
f 1497 1761 1759
f 1497 755 757
f 1497 757 1499
f 557 758 756
f 557 756 555
f 555 1760 557
f 557 1760 1762
f 1501 1763 1499
f 1499 1763 1761
f 1499 757 759
f 1499 759 1501
f 559 760 758
f 559 758 557
f 557 1762 559
f 559 1762 1764
f 1503 1765 1501
f 1501 1765 1763
f 1501 759 761
f 1501 761 1503
f 7192 7517 762
f 559 258 760
f 760 258 7192
f 258 1766 7192
f 1766 7517 7192
f 559 1764 258
f 1505 1767 1503
f 1503 1767 1765
f 1503 761 2206
f 2523 1503 2206
f 1505 1503 2523
f 3216 3553 2523
f 3216 2523 2206
f 4226 4559 3553
f 4226 3553 3216
f 5218 5549 4559
f 5218 4559 4226
f 6198 6539 5549
f 6198 5549 5218
f 7517 7194 762
f 762 7194 6198
f 7194 1768 6198
f 1768 6539 6198
f 7517 1766 7194
f 1505 1184 1767
f 1184 1505 1769
f 1505 2525 1769
f 1505 2523 2525
f 2523 3555 2525
f 2523 3553 3555
f 1770 3555 4228
f 3555 4559 4228
f 3555 3553 4559
f 4228 4559 5220
f 5220 4559 5549
f 5220 5549 6200
f 6200 5549 6539
f 6539 1768 6200
f 2525 2208 1769
f 2208 2525 3218
f 3218 2525 3555
f 3555 1770 3218
f 1771 1075 1349
f 1349 1075 2361
f 2361 1075 2109
f 2361 2109 3391
f 3391 2109 3113
f 3391 3113 4397
f 4397 3113 4123
f 4397 4123 5383
f 5383 4123 5105
f 5383 5105 6359
f 6359 5105 6069
f 6069 1772 6359
f 1773 6985 7269
f 7269 6985 763
f 6985 59 763
f 6985 61 59
f 61 1771 1349
f 1073 61 1349
f 59 61 1073
f 2361 2107 1073
f 2361 1073 1349
f 3391 3111 2107
f 3391 2107 2361
f 4397 4121 3111
f 4397 3111 3391
f 5383 5103 4121
f 5383 4121 4397
f 6359 6067 5103
f 6359 5103 5383
f 6067 6359 1772
f 7053 6067 1772
f 7051 6067 7053
f 7053 113 7051
f 115 113 7053
f 115 1774 113
f 113 1774 764
f 1775 5993 765
f 765 5993 5991
f 5993 1773 7269
f 6983 5993 7269
f 5991 5993 6983
f 7269 763 6983
f 1109 764 1774
f 1109 1774 1111
f 766 1109 2455
f 1109 2145 2455
f 1109 1111 2145
f 2145 1776 2455
f 1777 5025 767
f 767 5025 5023
f 765 5023 5025
f 765 5025 1775
f 2455 2143 766
f 1776 3155 3487
f 1776 3487 768
f 2455 1776 768
f 2143 2455 768
f 3155 1778 3487
f 1779 767 769
f 1779 1777 767
f 3487 3153 768
f 3487 1778 3153
f 1778 770 3153
f 1778 1780 770
f 1781 4045 771
f 771 4045 4043
f 769 4043 4045
f 769 4045 1779
f 1780 4165 4499
f 772 1780 4499
f 770 1780 772
f 4165 1782 4499
f 1783 771 773
f 1783 1781 771
f 4499 4163 772
f 4499 1782 4163
f 1782 774 4163
f 1782 1784 774
f 1785 773 775
f 1785 1783 773
f 5151 774 1784
f 5151 1784 5153
f 5153 1786 5151
f 5151 1786 776
f 1787 775 777
f 1787 1785 775
f 776 1788 778
f 1786 1788 776
f 777 4044 1787
f 1787 4044 4046
f 1789 4046 4044
f 1789 4044 779
f 778 1790 780
f 1788 1790 778
f 779 5024 1789
f 1789 5024 5026
f 1791 5026 5024
f 1791 5024 781
f 780 1792 782
f 1790 1792 780
f 781 5992 1791
f 1791 5992 5994
f 1793 5994 5992
f 1793 5992 783
f 782 1794 784
f 1792 1794 782
f 6986 1793 7302
f 1793 785 7302
f 1793 783 785
f 1795 6986 7302
f 784 1796 786
f 1794 1796 784
f 6984 7302 785
f 62 1795 370
f 370 1795 787
f 1795 7302 787
f 7302 6984 787
f 1797 62 370
f 786 1798 788
f 1796 1798 786
f 60 370 787
f 1797 370 60
f 789 1797 60
f 1799 1797 789
f 788 1800 790
f 1798 1800 788
f 789 1074 1799
f 1799 1074 1076
f 1801 1076 1074
f 1801 1074 791
f 5154 1802 792
f 5154 792 5152
f 5152 790 5154
f 5154 790 1800
f 2110 1801 2420
f 1801 793 2420
f 1801 791 793
f 1803 2110 2420
f 4166 1804 794
f 4166 794 4164
f 4164 792 4166
f 4166 792 1802
f 2108 2420 793
f 1803 2420 2108
f 795 1803 2108
f 1805 1803 795
f 116 1806 464
f 116 464 796
f 1110 116 796
f 1112 116 1110
f 2144 1112 1110
f 2144 2146 1112
f 3154 2146 2144
f 3154 3156 2146
f 3154 794 3156
f 3156 794 1804
f 795 3112 1805
f 1805 3112 3114
f 4122 3114 3112
f 4122 4124 3114
f 5104 4124 4122
f 5104 5106 4124
f 6068 5106 5104
f 6068 6070 5106
f 7052 6070 6068
f 7052 7054 6070
f 1806 7054 464
f 7054 114 464
f 7054 7052 114
f 796 464 114
f 1807 201 797
f 797 201 197
f 201 1197 197
f 1199 1197 201
f 1199 2221 1197
f 2223 2221 1199
f 2223 3231 2221
f 3233 3231 2223
f 3233 4241 3231
f 4243 4241 3233
f 4243 5233 4241
f 5235 5233 4243
f 5235 1808 5233
f 5233 1808 798
f 1809 7135 799
f 799 7135 7131
f 797 7131 7135
f 797 7135 1807
f 6213 798 1808
f 6213 1808 6215
f 6215 1810 6213
f 6213 1810 800
f 1811 799 801
f 1811 1809 799
f 1812 7508 7207
f 800 1812 7207
f 1810 1812 800
f 7508 802 7207
f 1813 6147 6445
f 803 6445 6147
f 1811 803 6147
f 801 803 1811
f 1814 7510 7508
f 1814 7508 1812
f 802 7508 804
f 804 7508 7510
f 6447 1815 6445
f 6445 1815 1813
f 6445 803 805
f 6445 805 6447
f 1816 7512 7510
f 1816 7510 1814
f 804 7510 806
f 806 7510 7512
f 1817 5169 5455
f 1815 6447 5169
f 6447 5455 5169
f 6447 6449 5455
f 6447 805 807
f 6447 807 6449
f 1818 7514 7512
f 1818 7512 1816
f 806 7512 808
f 808 7512 7514
f 1819 1127 1405
f 1405 1127 2429
f 2429 1127 2161
f 2429 2161 3459
f 3459 2161 3171
f 3459 3171 4465
f 4465 3171 4181
f 1817 5455 4181
f 5455 4465 4181
f 5455 5457 4465
f 6449 6143 809
f 5457 6449 809
f 5455 6449 5457
f 6449 807 6143
f 810 7208 7514
f 1818 810 7514
f 1820 810 1818
f 808 7514 7208
f 1407 1821 1405
f 1405 1821 1819
f 1405 2431 1407
f 1405 2429 2431
f 2429 3461 2431
f 2429 3459 3461
f 3459 4467 3461
f 3459 4465 4467
f 4465 5459 4467
f 4465 5457 5459
f 5457 809 6144
f 6453 5457 6144
f 5459 5457 6453
f 811 6453 6144
f 810 1822 812
f 1820 1822 810
f 1409 1823 1407
f 1407 1823 1821
f 1407 2433 1409
f 1407 2431 2433
f 2431 3463 2433
f 2431 3461 3463
f 3461 4469 3463
f 3461 4467 4469
f 4467 5461 4469
f 4467 5459 5461
f 5459 6455 5461
f 5459 6453 6455
f 6453 811 813
f 6453 813 6455
f 6216 1824 814
f 6216 814 6214
f 6214 812 6216
f 6216 812 1822
f 1409 1128 1823
f 1128 1409 2162
f 2162 1409 2433
f 2162 2433 1825
f 2433 3465 1825
f 2433 3463 3465
f 3463 4471 3465
f 3463 4469 4471
f 4469 5463 4471
f 4469 5461 5463
f 1826 5463 6148
f 5463 6455 6148
f 5463 5461 6455
f 813 7132 6455
f 7132 6148 6455
f 7132 7136 6148
f 198 7136 7132
f 198 202 7136
f 198 815 1510
f 1200 198 1510
f 202 198 1200
f 1200 1510 2526
f 1200 2526 2224
f 2224 2526 3556
f 2224 3556 3234
f 3234 3556 816
f 4242 3234 816
f 4244 3234 4242
f 5234 4244 4242
f 5234 5236 4244
f 5234 814 5236
f 5236 814 1824
f 3465 3172 1825
f 3172 3465 4182
f 4182 3465 4471
f 4182 4471 5170
f 5170 4471 5463
f 5463 1826 5170
f 1198 1510 815
f 2222 2526 1198
f 1198 2526 1510
f 3232 3556 2222
f 2222 3556 2526
f 816 3556 3232
f 1827 131 395
f 395 131 1417
f 1417 131 1129
f 1417 1129 2441
f 2441 1129 2163
f 2163 1828 2441
f 1829 2125 2345
f 2345 2125 817
f 2125 3127 817
f 2125 3129 3127
f 3129 4137 3127
f 4139 4137 3129
f 4139 5119 4137
f 5121 5119 4139
f 5121 6083 5119
f 6085 6083 5121
f 6085 7067 6083
f 7069 7067 6085
f 7069 1827 395
f 129 7069 395
f 7067 7069 129
f 1417 1125 129
f 1417 129 395
f 2443 818 1125
f 1417 2443 1125
f 2441 2443 1417
f 3173 3473 1828
f 3473 2441 1828
f 3473 2443 2441
f 3173 1830 3473
f 1831 1091 1335
f 1829 2345 1091
f 1091 2345 1335
f 2345 2123 1335
f 2123 819 1335
f 2345 817 2123
f 2443 2159 818
f 3473 3169 2159
f 3473 2159 2443
f 1830 4183 4481
f 1830 4481 820
f 3473 1830 820
f 3169 3473 820
f 4183 1832 4481
f 1089 821 1335
f 821 1831 1335
f 821 1833 1831
f 1335 819 1089
f 4481 4179 820
f 1832 5171 5475
f 1832 5475 822
f 4481 1832 822
f 4179 4481 822
f 5171 1834 5475
f 1835 77 823
f 823 77 75
f 821 75 77
f 821 77 1833
f 5475 5167 822
f 1834 6149 6471
f 1834 6471 824
f 5475 1834 824
f 5167 5475 824
f 6149 1836 6471
f 7268 6999 825
f 823 6999 7268
f 1837 823 7268
f 1835 823 1837
f 6473 826 824
f 6473 824 6471
f 6471 1836 6473
f 6473 1836 1838
f 6280 6007 827
f 7001 7268 825
f 7001 825 6007
f 1839 7001 6007
f 6280 1839 6007
f 1837 7268 7001
f 6475 828 826
f 6475 826 6473
f 6473 1838 6475
f 6475 1838 1840
f 5310 5039 829
f 6009 6280 827
f 6009 827 5039
f 1841 6009 5039
f 5310 1841 5039
f 1839 6280 6009
f 6477 830 828
f 6477 828 6475
f 7137 7461 1840
f 7461 6475 1840
f 7461 6477 6475
f 7137 1842 7461
f 831 5316 829
f 829 5316 5310
f 1841 5310 5316
f 1841 5316 1843
f 6477 6145 830
f 7463 832 6145
f 6477 7463 6145
f 7461 7463 6477
f 7461 1842 7463
f 7463 1842 1844
f 833 5320 831
f 831 5320 5316
f 1843 5316 5320
f 1843 5320 1845
f 7463 7133 832
f 1844 203 511
f 1844 511 834
f 7463 1844 834
f 7133 7463 834
f 203 1846 511
f 4332 4059 835
f 5041 5320 833
f 5041 833 4059
f 1847 5041 4059
f 4332 1847 4059
f 1845 5320 5041
f 511 199 834
f 1846 1201 1525
f 1846 1525 836
f 511 1846 836
f 199 511 836
f 1201 1848 1525
f 837 4334 835
f 835 4334 4332
f 1847 4332 4334
f 1847 4334 1849
f 1527 838 836
f 1527 836 1525
f 1525 1848 1527
f 1527 1848 1850
f 839 4336 837
f 837 4336 4334
f 1849 4334 4336
f 1849 4336 1851
f 1529 840 838
f 1529 838 1527
f 1527 1850 1529
f 1529 1850 1852
f 4060 4336 839
f 5042 1851 5328
f 5328 1851 841
f 1851 4336 841
f 4336 4060 841
f 1853 5042 5328
f 1531 842 840
f 1531 840 1529
f 1529 1852 1531
f 1531 1852 1854
f 843 5330 841
f 841 5330 5328
f 6304 6010 1853
f 5328 6304 1853
f 5330 6304 5328
f 1855 6010 6304
f 842 1531 1202
f 1856 842 1202
f 844 842 1856
f 1531 1854 1202
f 5040 5330 843
f 6008 6304 5040
f 5040 6304 5330
f 6304 6008 1855
f 6008 7002 1855
f 6008 7000 7002
f 76 7002 7000
f 76 78 7002
f 76 845 1388
f 1092 76 1388
f 78 76 1092
f 1092 1388 2406
f 1092 2406 2126
f 2126 2406 3434
f 2126 3434 3130
f 1857 3130 3434
f 844 1858 846
f 1856 1858 844
f 1090 1388 845
f 2124 2406 1090
f 1090 2406 1388
f 847 3438 2124
f 3438 2406 2124
f 3438 3434 2406
f 4442 4140 1857
f 3434 4442 1857
f 3438 4442 3434
f 4140 4442 5424
f 4140 5424 5122
f 1859 5122 5424
f 1130 1860 848
f 1130 848 1126
f 2160 2475 1861
f 1130 2160 1861
f 1126 2160 1130
f 3170 3505 2475
f 3170 2475 2160
f 849 3505 3170
f 200 525 850
f 200 846 525
f 846 1862 525
f 846 1858 1862
f 3128 3438 847
f 851 4444 3128
f 4444 3438 3128
f 4444 4442 3438
f 5426 4442 4444
f 5424 4442 5426
f 6410 6086 1859
f 5424 6410 1859
f 5426 6410 5424
f 6086 6410 852
f 7068 6086 852
f 7070 6086 7068
f 130 7070 7068
f 130 132 7070
f 130 848 132
f 132 848 1860
f 2475 2164 1861
f 2164 2475 3174
f 3174 2475 3505
f 849 4180 3505
f 4180 3174 3505
f 4180 4184 3174
f 5168 5505 1863
f 4184 5168 1863
f 4180 5168 4184
f 6146 6499 5505
f 6146 5505 5168
f 7134 7481 6499
f 7134 6499 6146
f 7481 7134 850
f 525 7481 850
f 527 7481 525
f 525 1862 527
f 527 1862 1864
f 853 4446 851
f 851 4446 4444
f 5428 4444 4446
f 5426 4444 5428
f 6084 6410 854
f 6410 5428 854
f 6410 5426 5428
f 852 6410 6084
f 5505 5172 1863
f 5172 5505 6150
f 6150 5505 6499
f 6150 6499 7138
f 7138 6499 7481
f 7138 7481 204
f 204 7481 527
f 527 1864 204
f 4138 4446 853
f 5120 5428 4138
f 4138 5428 4446
f 854 5428 5120
f 3452 3187 855
f 1865 4199 3452
f 4199 3187 3452
f 4199 4197 3187
f 4199 5189 4197
f 5191 5189 4199
f 5191 6169 5189
f 6171 6169 5191
f 6171 7161 6169
f 7165 7161 6171
f 480 229 1866
f 229 7165 1866
f 229 7161 7165
f 1494 1227 480
f 480 1227 229
f 2512 2249 1494
f 1494 2249 1227
f 2512 856 2249
f 1400 1145 857
f 1867 2179 1400
f 2179 1145 1400
f 2179 2177 1145
f 3189 3452 855
f 2177 3189 855
f 2179 3189 2177
f 1865 3452 3189
f 233 480 1866
f 480 233 1231
f 480 1231 1494
f 1494 1231 2253
f 1494 2253 2512
f 1868 3544 3257
f 1868 3257 856
f 2253 1868 856
f 2512 2253 856
f 3544 858 3257
f 380 149 859
f 1149 1400 857
f 1149 857 149
f 1869 1149 149
f 380 1869 149
f 1867 1400 1149
f 1870 3546 3544
f 1870 3544 1868
f 858 3544 860
f 860 3544 3546
f 7318 7087 861
f 153 380 859
f 153 859 7087
f 1871 153 7087
f 7318 1871 7087
f 1869 380 153
f 1872 3548 3546
f 1872 3546 1870
f 860 3546 862
f 862 3546 3548
f 863 7320 861
f 861 7320 7318
f 1871 7318 7320
f 1871 7320 1873
f 1232 1874 1502
f 1232 1502 2520
f 1232 2520 2254
f 3548 1872 2254
f 3548 2254 2520
f 3258 3548 2520
f 864 3258 2520
f 862 3548 3258
f 5352 5137 865
f 6328 6101 5352
f 5352 6101 5137
f 7091 7320 863
f 7091 863 6101
f 1875 7091 6101
f 6328 1875 6101
f 1873 7320 7091
f 234 1876 490
f 1502 1874 234
f 490 1502 234
f 1504 1502 490
f 2250 2520 866
f 2520 1504 866
f 2520 1502 1504
f 864 2520 2250
f 4368 4153 867
f 5139 5352 865
f 5139 865 4153
f 1877 5139 4153
f 4368 1877 4153
f 5352 5139 6105
f 5352 6105 6328
f 1875 6328 6105
f 6172 1878 6456
f 6172 6456 7440
f 6172 7440 7166
f 490 1876 7166
f 7440 490 7166
f 492 490 7440
f 1228 1504 868
f 1504 492 868
f 1504 490 492
f 866 1504 1228
f 4368 867 4155
f 867 1879 4155
f 867 869 1879
f 1877 4368 4155
f 1880 6458 6456
f 1880 6456 1878
f 7442 6456 6458
f 7440 6456 7442
f 230 492 870
f 492 7442 870
f 492 7440 7442
f 868 492 230
f 3366 3143 871
f 869 3143 3366
f 1881 869 3366
f 1879 869 1881
f 1882 6460 6458
f 1882 6458 1880
f 7162 7442 872
f 7442 6460 872
f 7442 6458 6460
f 870 7442 7162
f 873 3368 871
f 871 3368 3366
f 1881 3366 3368
f 1881 3368 1883
f 6173 6460 1882
f 1884 7446 7163
f 1884 7163 872
f 6173 1884 872
f 6460 6173 872
f 7446 874 7163
f 3144 3368 873
f 4156 1883 4378
f 4378 1883 875
f 1883 3368 875
f 3368 3144 875
f 1885 4156 4378
f 7167 7446 1884
f 7167 1886 7446
f 1886 874 7446
f 1886 876 874
f 4154 4378 875
f 5140 1885 5368
f 5368 1885 877
f 1885 4378 877
f 4378 4154 877
f 1887 5140 5368
f 231 876 1886
f 231 1886 235
f 235 1888 231
f 231 1888 878
f 5138 5368 877
f 5368 5138 1887
f 5138 6106 1887
f 5138 6102 6106
f 7088 6106 6102
f 7088 7092 6106
f 1889 7092 7088
f 1889 7088 879
f 878 1890 880
f 1888 1890 878
f 879 150 1889
f 1889 150 154
f 1146 154 150
f 1146 1150 154
f 1891 1150 1146
f 1891 1146 881
f 1890 1233 1511
f 882 1890 1511
f 880 1890 882
f 1233 1892 1511
f 1893 881 883
f 1893 1891 881
f 1513 884 882
f 1513 882 1511
f 1511 1892 1513
f 1513 1892 1894
f 1895 883 885
f 1895 1893 883
f 1515 886 884
f 1515 884 1513
f 1513 1894 1515
f 1515 1894 1896
f 1897 885 887
f 1897 1895 885
f 1517 888 886
f 1517 886 1515
f 1515 1896 1517
f 1517 1896 1898
f 1899 887 889
f 1899 1897 887
f 1517 1229 888
f 1517 1898 1229
f 1898 890 1229
f 1898 1900 890
f 1901 889 891
f 1901 1899 889
f 1900 2255 2531
f 892 1900 2531
f 890 1900 892
f 2255 1902 2531
f 1442 1147 893
f 891 1147 1442
f 1903 891 1442
f 1901 891 1903
f 2531 2251 892
f 1902 3261 3563
f 1902 3563 894
f 2531 1902 894
f 2251 2531 894
f 3261 1904 3563
f 1905 7217 7527
f 7527 7217 569
f 569 7217 277
f 277 1906 569
f 428 151 895
f 1151 1442 893
f 1151 893 151
f 1907 1151 151
f 428 1907 151
f 1903 1442 1151
f 3563 3259 894
f 3259 3563 1904
f 4269 3259 1904
f 4267 3259 4269
f 896 4267 5559
f 4267 5257 5559
f 4267 4269 5257
f 5559 5257 6549
f 6549 5257 6229
f 1905 7527 6229
f 6229 7527 6549
f 7527 7215 6549
f 7215 897 6549
f 569 275 7215
f 569 7215 7527
f 275 569 1906
f 1267 275 1906
f 1265 275 1267
f 898 1265 2583
f 1265 2285 2583
f 1265 1267 2285
f 2285 1908 2583
f 428 895 155
f 895 1909 155
f 895 899 1909
f 1907 428 155
f 5559 5255 896
f 6549 6227 5255
f 6549 5255 5559
f 6549 897 6227
f 2583 2283 898
f 2283 2583 1908
f 3291 2283 1908
f 3289 2283 3291
f 900 3289 4617
f 3289 4299 4617
f 3289 3291 4299
f 4299 1910 4617
f 1911 7093 901
f 901 7093 7089
f 899 7089 7093
f 899 7093 1909
f 4617 4297 900
f 4297 4617 1910
f 5289 4297 1910
f 5287 4297 5289
f 5289 6259 5287
f 6261 6259 5289
f 6261 1912 6259
f 6259 1912 902
f 1913 6107 903
f 903 6107 6103
f 901 6103 6107
f 901 6107 1911
f 7247 902 1912
f 7247 1912 7249
f 7249 1914 7247
f 7247 1914 904
f 1915 903 905
f 1915 1913 903
f 309 904 1914
f 309 1914 311
f 311 1916 309
f 309 1916 906
f 1917 905 907
f 1917 1915 905
f 1295 906 1916
f 1295 1916 1297
f 1297 1918 1295
f 1295 1918 908
f 1919 907 909
f 1919 1917 907
f 908 1920 910
f 1918 1920 908
f 1921 909 911
f 1921 1919 909
f 1920 2309 2627
f 912 1920 2627
f 910 1920 912
f 2309 1922 2627
f 6415 1923 6104
f 1923 911 6104
f 1923 1921 911
f 913 6415 6104
f 2629 914 912
f 2629 912 2627
f 2627 1922 2629
f 2629 1922 1924
f 6419 1925 6415
f 6415 1925 1923
f 6415 913 915
f 6415 915 6419
f 2631 916 914
f 2631 914 2629
f 2629 1924 2631
f 2631 1924 1926
f 6423 1927 6419
f 6419 1927 1925
f 6419 915 917
f 6419 917 6423
f 2284 2603 918
f 3290 3631 2603
f 3290 2603 2284
f 4298 4635 3631
f 4298 3631 3290
f 5288 5623 4635
f 5288 4635 4298
f 919 5623 5288
f 1296 1645 920
f 2631 2310 916
f 916 2310 1296
f 2310 1928 1296
f 1928 1645 1296
f 2631 1926 2310
f 6423 6108 1927
f 1929 6108 6423
f 917 1929 6423
f 921 1929 917
f 1266 1601 922
f 2603 2286 918
f 918 2286 1266
f 2286 1930 1266
f 1930 1601 1266
f 2286 2603 3292
f 3292 2603 3631
f 3292 3631 4300
f 4300 3631 4635
f 4300 4635 5290
f 5290 4635 5623
f 919 6260 5623
f 6260 5290 5623
f 6260 6262 5290
f 7248 6262 6260
f 7248 7250 6262
f 310 7250 7248
f 310 312 7250
f 1645 1298 920
f 1298 310 920
f 1298 312 310
f 1645 1928 1298
f 7413 1931 7090
f 1931 921 7090
f 1931 1929 921
f 923 7413 7090
f 2178 2497 924
f 3188 3527 2497
f 3188 2497 2178
f 4198 4531 3527
f 4198 3527 3188
f 5190 5519 4531
f 5190 4531 4198
f 925 5519 5190
f 276 595 926
f 1601 1268 922
f 922 1268 276
f 1268 1932 276
f 1932 595 276
f 1601 1930 1268
f 7415 1933 7413
f 7413 1933 1931
f 7413 923 152
f 467 7413 152
f 7415 7413 467
f 1148 1481 467
f 1148 467 152
f 1481 1148 924
f 2497 1481 924
f 2499 1481 2497
f 1934 2499 3190
f 2499 3527 3190
f 2499 2497 3527
f 3190 3527 4200
f 4200 3527 4531
f 4200 4531 1935
f 4531 5521 1935
f 4531 5519 5521
f 5519 925 6170
f 6511 5519 6170
f 5521 5519 6511
f 7164 7493 6511
f 7164 6511 6170
f 927 7493 7164
f 597 928 926
f 597 926 595
f 595 1932 597
f 597 1932 1936
f 7417 1937 7415
f 7415 1937 1933
f 7415 469 7417
f 7415 467 469
f 467 1483 469
f 467 1481 1483
f 1938 1483 2180
f 1483 2499 2180
f 1483 1481 2499
f 2499 1934 2180
f 5521 5192 1935
f 5192 5521 6174
f 6174 5521 6511
f 6174 6511 1939
f 6511 7495 1939
f 6511 7493 7495
f 7493 927 232
f 541 7493 232
f 7495 7493 541
f 929 541 232
f 928 597 278
f 1940 928 278
f 930 928 1940
f 597 1936 278
f 7419 1941 7417
f 7417 1941 1937
f 7417 471 7419
f 7417 469 471
f 469 1485 471
f 469 1483 1485
f 1483 1938 1485
f 1485 1938 1942
f 7495 7168 1939
f 7168 7495 236
f 236 7495 541
f 1555 1943 1230
f 1230 1943 929
f 1943 236 929
f 236 541 929
f 931 1555 1230
f 7216 7559 932
f 7216 930 7559
f 930 1944 7559
f 930 1940 1944
f 7419 7094 1941
f 7094 7419 156
f 156 7419 471
f 156 471 1152
f 1152 471 1485
f 1485 1942 1152
f 1555 1234 1943
f 2567 1945 2252
f 2252 1945 931
f 1945 1234 931
f 1234 1555 931
f 3260 3597 2567
f 3260 2567 2252
f 4268 4603 3597
f 4268 3597 3260
f 933 4603 4268
f 7561 934 932
f 7561 932 7559
f 279 603 1944
f 603 7559 1944
f 603 7561 7559
f 279 1946 603
f 2567 2256 1945
f 2256 2567 3262
f 3262 2567 3597
f 3262 3597 4270
f 4270 3597 4603
f 5593 1947 5256
f 5256 1947 933
f 1947 4270 933
f 4270 4603 933
f 6228 6583 5593
f 6228 5593 5256
f 6583 6228 934
f 7561 6583 934
f 7563 6583 7561
f 7561 605 7563
f 7561 603 605
f 1269 1613 1946
f 1613 603 1946
f 1613 605 603
f 1269 1948 1613
f 5593 5258 1947
f 5258 5593 6230
f 6230 5593 6583
f 6230 6583 7218
f 7218 6583 7563
f 7218 7563 1949
f 7563 607 1949
f 7563 605 607
f 605 1615 607
f 605 1613 1615
f 1613 1948 1615
f 1615 1948 1950
f 607 280 1949
f 280 607 1270
f 1270 607 1615
f 1615 1950 1270
f 6542 6243 935
f 1951 7233 6542
f 7233 6243 6542
f 7233 7231 6243
f 7233 293 7231
f 295 293 7233
f 295 1285 293
f 1287 1285 295
f 1287 2303 1285
f 2305 2303 1287
f 3604 3313 1952
f 3313 2305 1952
f 3313 2303 2305
f 3604 936 3313
f 5554 5271 937
f 6245 6542 935
f 6245 935 5271
f 1953 6245 5271
f 5554 1953 5271
f 1951 6542 6245
f 3315 3604 1952
f 1954 4610 4317
f 1954 4317 936
f 3315 1954 936
f 3604 3315 936
f 4610 938 4317
f 939 5556 937
f 937 5556 5554
f 1953 5554 5556
f 1953 5556 1955
f 4319 4610 1954
f 1956 5600 5303
f 1956 5303 938
f 4319 1956 938
f 4610 4319 938
f 6590 6275 5600
f 5600 6275 5303
f 7572 7263 6590
f 6590 7263 6275
f 7572 940 7263
f 941 5558 939
f 939 5558 5556
f 1955 5556 5558
f 1955 5558 1957
f 5305 5600 1956
f 5600 5305 6277
f 5600 6277 6590
f 6590 6277 7265
f 6590 7265 7572
f 1958 618 325
f 1958 325 940
f 7265 1958 940
f 7572 7265 940
f 618 942 325
f 4572 4283 943
f 4283 4572 941
f 4572 5558 941
f 4572 5560 5558
f 1957 5558 5560
f 1957 5560 1959
f 1960 620 618
f 1960 618 1958
f 942 618 944
f 944 618 620
f 945 4574 943
f 943 4574 4572
f 4574 1961 5273
f 5560 4574 5273
f 4572 4574 5560
f 1959 5560 5273
f 7266 1962 7578
f 620 1960 7266
f 7578 620 7266
f 622 620 7578
f 944 620 946
f 946 620 622
f 3570 3275 947
f 3275 3570 945
f 3570 4574 945
f 3570 4576 4574
f 1961 4574 4576
f 1961 4576 1963
f 4320 1964 4620
f 4320 4620 5608
f 4320 5608 5306
f 5306 5608 6598
f 5306 6598 6278
f 7578 1962 6278
f 6598 7578 6278
f 7582 7578 6598
f 326 622 948
f 622 7582 948
f 622 7578 7582
f 946 622 326
f 2542 2269 949
f 2269 2542 947
f 2542 3570 947
f 2542 3572 3570
f 3572 1965 4285
f 4576 3572 4285
f 3570 3572 4576
f 1963 4576 4285
f 3316 1966 3618
f 4620 1964 3316
f 3618 4620 3316
f 4622 4620 3618
f 5610 4620 4622
f 5608 4620 5610
f 6600 5608 5610
f 6598 5608 6600
f 7584 6598 6600
f 7582 6598 7584
f 948 7582 950
f 950 7582 7584
f 438 177 951
f 1452 1173 438
f 438 1173 177
f 2470 2195 1452
f 1452 2195 1173
f 3500 3205 2470
f 2470 3205 2195
f 3500 952 3205
f 522 249 953
f 1534 1247 522
f 522 1247 249
f 1247 1534 949
f 1534 2542 949
f 1534 2544 2542
f 2544 1967 3277
f 3572 2544 3277
f 2542 2544 3572
f 1965 3572 3277
f 1968 3620 3618
f 1968 3618 1966
f 4624 3618 3620
f 4622 3618 4624
f 5612 4622 4624
f 5610 4622 5612
f 6602 5610 5612
f 6600 5610 6602
f 7586 6600 6602
f 7584 6600 7586
f 950 7584 954
f 954 7584 7586
f 7384 7113 955
f 179 438 951
f 179 951 7113
f 1969 179 7113
f 7384 1969 7113
f 438 179 1175
f 438 1175 1452
f 1452 1175 2197
f 1452 2197 2470
f 2470 2197 1970
f 3502 2470 1970
f 3500 2470 3502
f 952 3500 4215
f 3500 4510 4215
f 3500 3502 4510
f 5500 5207 4510
f 4510 5207 4215
f 6494 6189 5500
f 5500 6189 5207
f 7478 7183 6494
f 6494 7183 6189
f 7183 7478 953
f 7478 522 953
f 7478 524 522
f 1536 522 524
f 1534 522 1536
f 1536 1971 2271
f 2544 1536 2271
f 1534 1536 2544
f 1967 2544 2271
f 2306 1972 2594
f 3620 1968 2306
f 2594 3620 2306
f 3622 3620 2594
f 4626 3620 3622
f 4624 3620 4626
f 5614 4624 4626
f 5612 4624 5614
f 6604 5612 5614
f 6602 5612 6604
f 7264 7586 956
f 7586 6604 956
f 7586 6602 6604
f 954 7586 7264
f 957 7388 955
f 955 7388 7384
f 1969 7384 7388
f 1969 7388 1973
f 3207 3502 1970
f 3502 3207 4217
f 3502 4217 4510
f 4510 4217 5209
f 4510 5209 5500
f 5500 5209 6191
f 5500 6191 6494
f 6494 6191 7185
f 6494 7185 7478
f 7478 7185 251
f 7478 251 524
f 524 251 1249
f 524 1249 1536
f 1971 1536 1249
f 1974 2596 2594
f 1974 2594 1972
f 3624 2594 2596
f 3622 2594 3624
f 4628 3622 3624
f 4626 3622 4628
f 5304 5614 958
f 5614 4628 958
f 5614 4626 4628
f 6276 6604 5304
f 5304 6604 5614
f 956 6604 6276
f 7388 957 7115
f 957 1975 7115
f 957 959 1975
f 1973 7388 7115
f 1976 2598 2596
f 1976 2596 1974
f 3626 2596 2598
f 3624 2596 3626
f 4318 4628 960
f 4628 3626 960
f 4628 3624 3626
f 958 4628 4318
f 1977 959 961
f 1977 1975 959
f 1978 2600 2598
f 1978 2598 1976
f 3628 2598 2600
f 3626 2598 3628
f 960 3626 962
f 962 3626 3628
f 1979 961 963
f 1979 1977 961
f 1980 2602 2600
f 1980 2600 1978
f 3314 3628 964
f 3628 2602 964
f 3628 2600 2602
f 962 3628 3314
f 1981 963 965
f 1981 1979 963
f 1982 2604 2602
f 1982 2602 1980
f 964 2602 966
f 966 2602 2604
f 1983 965 967
f 1983 1981 965
f 1984 2606 2604
f 1984 2604 1982
f 966 2604 968
f 968 2604 2606
f 1985 967 969
f 1985 1983 967
f 1986 2608 2606
f 1986 2606 1984
f 968 2606 970
f 970 2606 2608
f 1987 969 971
f 1987 1985 969
f 972 2304 2608
f 1986 972 2608
f 1988 972 1986
f 970 2608 2304
f 1989 971 973
f 1989 1987 971
f 1288 1990 1608
f 1608 974 1288
f 974 1988 1288
f 974 972 1988
f 973 7114 1989
f 1989 7114 7116
f 1991 7116 7114
f 1991 7114 975
f 1992 1610 1608
f 1992 1608 1990
f 974 1608 976
f 976 1608 1610
f 975 178 1991
f 1991 178 180
f 178 977 1488
f 1176 178 1488
f 180 178 1176
f 1993 1176 1488
f 1994 1612 1610
f 1994 1610 1992
f 976 1610 978
f 978 1610 1612
f 1174 1488 977
f 1488 1174 1993
f 1174 2198 1993
f 1174 2196 2198
f 3206 2198 2196
f 3206 3208 2198
f 3206 979 4542
f 4218 3206 4542
f 3208 3206 4218
f 1995 4218 4542
f 1996 1614 1612
f 1996 1612 1994
f 978 1612 980
f 980 1612 1614
f 4216 4542 979
f 5210 1995 5532
f 5532 1995 981
f 1995 4542 981
f 4542 4216 981
f 1997 5210 5532
f 4286 1998 4608
f 1999 4286 4608
f 296 2000 608
f 1614 1996 296
f 608 1614 296
f 1616 1614 608
f 980 1614 982
f 982 1614 1616
f 5208 5532 981
f 6192 1997 6524
f 6524 1997 983
f 1997 5532 983
f 5532 5208 983
f 2001 6192 6524
f 2272 2002 2574
f 2272 2574 984
f 3276 2272 984
f 3278 2272 3276
f 1998 3278 4608
f 3278 4284 4608
f 3278 3276 4284
f 4608 4284 1999
f 4284 5274 1999
f 4284 5272 5274
f 6244 5274 5272
f 6244 6246 5274
f 7232 6246 6244
f 7232 7234 6246
f 610 608 985
f 608 7234 985
f 7234 7232 985
f 7234 608 2000
f 1286 1616 986
f 1616 610 986
f 1616 608 610
f 982 1616 1286
f 6190 6524 983
f 6524 6190 2001
f 6190 7186 2001
f 6190 7184 7186
f 250 7186 7184
f 250 252 7186
f 1248 252 250
f 1248 1250 252
f 2002 1250 2574
f 1250 2270 2574
f 1250 1248 2270
f 984 2574 2270
f 294 610 985
f 986 610 294
f 2633 2039 1647
f 1647 2039 2037
f 2039 3051 2037
f 3053 3051 2039
f 3053 4065 3051
f 4067 4065 3053
f 4067 5047 4065
f 5049 5047 4067
f 5049 6015 5047
f 6017 6015 5049
f 6017 2634 6015
f 6015 2634 1648
f 2635 1007 1649
f 1649 1007 1005
f 1647 1005 1007
f 1647 1007 2633
f 7007 1648 2634
f 7007 2634 7009
f 7009 2636 7007
f 7007 2636 1650
f 2637 1649 1651
f 2637 2635 1649
f 1650 2638 1652
f 2636 2638 1650
f 2639 1651 1653
f 2639 2637 1651
f 7010 2640 1654
f 7010 1654 7008
f 7008 1652 7010
f 7010 1652 2638
f 1653 1006 2639
f 2639 1006 1008
f 2641 1008 1006
f 2641 1006 1655
f 1654 2642 1656
f 2640 2642 1654
f 2643 1655 1657
f 2643 2641 1655
f 6018 2644 1658
f 6018 1658 6016
f 6016 1656 6018
f 6018 1656 2642
f 1657 2038 2643
f 2643 2038 2040
f 3052 2040 2038
f 3052 3054 2040
f 4066 3054 3052
f 4066 4068 3054
f 5048 4068 4066
f 5048 5050 4068
f 5048 1658 5050
f 5050 1658 2644
f 2645 3055 3415
f 3415 3055 4421
f 4421 3055 4069
f 4069 2646 4421
f 3419 2647 3415
f 3415 2647 2645
f 3415 4425 3419
f 3415 4421 4425
f 4421 2646 4425
f 4425 2646 2648
f 3423 2649 3419
f 3419 2649 2647
f 3419 4429 3423
f 3419 4425 4429
f 4425 2648 4429
f 4429 2648 2650
f 3423 3056 2649
f 3056 3423 4070
f 4070 3423 4429
f 4429 2650 4070
f 5370 5067 1659
f 6346 6033 5370
f 5370 6033 5067
f 6346 1660 6033
f 1340 1021 1661
f 2651 2059 1340
f 2059 1021 1340
f 2059 2057 1021
f 2059 3071 2057
f 3073 3071 2059
f 3073 4085 3071
f 4087 4085 3073
f 5069 5370 1659
f 4085 5069 1659
f 4087 5069 4085
f 5370 5069 6035
f 5370 6035 6346
f 2652 7344 7021
f 2652 7021 1660
f 6035 2652 1660
f 6346 6035 1660
f 7344 1662 7021
f 1340 1661 1025
f 1661 2653 1025
f 1661 1663 2653
f 2651 1340 1025
f 7023 7344 2652
f 2654 406 91
f 2654 91 1662
f 7023 2654 1662
f 7344 7023 1662
f 406 1664 91
f 330 11 1665
f 1663 11 330
f 2655 1663 330
f 2653 1663 2655
f 2656 410 406
f 2656 406 2654
f 1664 406 1666
f 1666 406 410
f 1667 334 1665
f 1665 334 330
f 2655 330 334
f 2655 334 2657
f 2658 414 410
f 2658 410 2656
f 1666 410 1668
f 1668 410 414
f 12 334 1667
f 2657 334 12
f 1669 2657 12
f 2659 2657 1669
f 2660 418 414
f 2660 414 2658
f 1668 414 1670
f 1670 414 418
f 1026 2659 1360
f 2659 1671 1360
f 2659 1669 1671
f 2661 1026 1360
f 7024 2662 7364
f 418 2660 7024
f 418 7024 7364
f 92 418 7364
f 1672 92 7364
f 1670 418 92
f 1022 1360 1671
f 2060 2661 2378
f 2378 2661 1673
f 2661 1360 1673
f 1360 1022 1673
f 2060 2378 3408
f 2060 3408 3074
f 3074 3408 4412
f 3074 4412 4088
f 4088 4412 5398
f 4088 5398 5070
f 5070 5398 6374
f 5070 6374 6036
f 7364 2662 6036
f 7364 6036 6374
f 7022 7364 6374
f 1674 7022 6374
f 1672 7364 7022
f 1675 2384 1673
f 1673 2384 2378
f 3412 2378 2384
f 3408 2378 3412
f 4418 3408 3412
f 4412 3408 4418
f 5068 5398 1676
f 5398 4418 1676
f 5398 4412 4418
f 6034 6374 5068
f 5068 6374 5398
f 1674 6374 6034
f 1677 2388 1675
f 1675 2388 2384
f 3416 2384 2388
f 3412 2384 3416
f 4086 4418 1678
f 4418 3416 1678
f 4418 3412 3416
f 1676 4418 4086
f 356 13 1679
f 2663 1027 356
f 1027 13 356
f 1027 1023 13
f 1023 1027 2664
f 2388 1023 2664
f 2392 2388 2664
f 1677 1023 2388
f 3420 2388 2392
f 3416 2388 3420
f 1678 3416 1680
f 1680 3416 3420
f 2665 5947 1681
f 1681 5947 5945
f 5947 6937 5945
f 6939 6937 5947
f 15 356 1679
f 6937 15 1679
f 6939 15 6937
f 2663 356 15
f 2061 2392 2664
f 2392 2061 2666
f 3424 2392 2666
f 3420 2392 3424
f 1680 3420 1682
f 1682 3420 3424
f 2667 4979 1683
f 1683 4979 4977
f 1681 4977 4979
f 1681 4979 2665
f 3075 3424 2666
f 3075 2668 3424
f 2668 1682 3424
f 2668 1684 1682
f 2669 1683 1685
f 2669 2667 1683
f 1684 2670 1686
f 2668 2670 1684
f 2671 3999 1687
f 1687 3999 3997
f 1685 3997 3999
f 1685 3999 2669
f 1686 2672 1688
f 2670 2672 1686
f 2673 3005 1689
f 1689 3005 3003
f 1687 3003 3005
f 1687 3005 2671
f 3076 2674 1690
f 3076 1690 3072
f 3072 1688 3076
f 3076 1688 2672
f 2675 2007 1691
f 1691 2007 2005
f 1689 2005 2007
f 1689 2007 2673
f 2062 2676 1692
f 2062 1692 2058
f 2058 1690 2062
f 2062 1690 2674
f 2677 989 1693
f 1693 989 987
f 1691 987 989
f 1691 989 2675
f 1028 2678 1694
f 1028 1694 1024
f 1024 1692 1028
f 1028 1692 2676
f 2679 1693 1695
f 2679 2677 1693
f 16 2680 1696
f 16 1696 14
f 14 1694 16
f 16 1694 2678
f 2681 1695 1697
f 2681 2679 1695
f 6940 2682 1698
f 6940 1698 6938
f 6938 1696 6940
f 6940 1696 2680
f 1697 988 2681
f 2681 988 990
f 2683 990 988
f 2683 988 1699
f 5948 2684 1700
f 5948 1700 5946
f 5946 1698 5948
f 5948 1698 2682
f 1699 2006 2683
f 2683 2006 2008
f 3004 2008 2006
f 3004 3006 2008
f 3998 3006 3004
f 3998 4000 3006
f 4978 4000 3998
f 4978 4980 4000
f 4978 1700 4980
f 4980 1700 2684
f 2685 4015 1701
f 1701 4015 4013
f 4015 4993 4013
f 4995 4993 4015
f 4995 5961 4993
f 5963 5961 4995
f 5963 6953 5961
f 6955 6953 5963
f 6955 2686 6953
f 6953 2686 1702
f 2687 3021 1703
f 1703 3021 3019
f 1701 3019 3021
f 1701 3021 2685
f 29 1702 2686
f 29 2686 31
f 1704 29 1361
f 29 1045 1361
f 29 31 1045
f 1045 2688 1361
f 2689 1703 1705
f 2689 2687 1703
f 1361 1043 1704
f 2688 2079 2379
f 2688 2379 1706
f 1361 2688 1706
f 1043 1361 1706
f 2079 2690 2379
f 2691 1705 1707
f 2691 2689 1705
f 2385 1708 1706
f 2385 1706 2379
f 2379 2690 2385
f 2385 2690 2692
f 2693 1707 1709
f 2693 2691 1707
f 2389 1710 1708
f 2389 1708 2385
f 2385 2692 2389
f 2389 2692 2694
f 2695 2023 2319
f 1711 2319 2023
f 2693 1711 2023
f 1709 1711 2693
f 2389 2077 1710
f 2694 3083 3421
f 2694 3421 1712
f 2389 2694 1712
f 2077 2389 1712
f 3083 2696 3421
f 2021 1713 2319
f 1713 2695 2319
f 1713 2697 2695
f 2319 1711 2021
f 3425 1714 1712
f 3425 1712 3421
f 4093 4431 2696
f 4431 3421 2696
f 4431 3425 3421
f 4093 2698 4431
f 2699 1713 1715
f 2699 2697 1713
f 3425 3081 1714
f 4435 1716 3081
f 3425 4435 3081
f 4431 4435 3425
f 5075 5419 2698
f 5419 4431 2698
f 5419 4435 4431
f 5075 2700 5419
f 1318 999 1717
f 1715 999 1318
f 2701 1715 1318
f 2699 1715 2701
f 4435 4091 1716
f 5419 5073 4091
f 5419 4091 4435
f 2700 6039 6399
f 2700 6399 1718
f 5419 2700 1718
f 5073 5419 1718
f 6039 2702 6399
f 1719 1320 1717
f 1717 1320 1318
f 2701 1318 1320
f 2701 1320 2703
f 6405 1720 1718
f 6405 1718 6399
f 6399 2702 6405
f 6405 2702 2704
f 1721 1322 1719
f 1719 1322 1320
f 2703 1320 1322
f 2703 1322 2705
f 6409 1722 1720
f 6409 1720 6405
f 6405 2704 6409
f 6409 2704 2706
f 1723 1324 1721
f 1721 1324 1322
f 2705 1322 1324
f 2705 1324 2707
f 3082 3441 1724
f 4092 4445 3441
f 4092 3441 3082
f 5074 5427 4445
f 5074 4445 4092
f 5427 5074 1722
f 6409 5427 1722
f 6413 5427 6409
f 6409 2706 6413
f 6413 2706 2708
f 1000 1324 1723
f 2024 2707 2334
f 2334 2707 1725
f 2707 1324 1725
f 1324 1000 1725
f 2709 2024 2334
f 2078 2413 1726
f 3441 3084 1724
f 1724 3084 2078
f 3084 2710 2078
f 2710 2413 2078
f 3084 3441 4094
f 4094 3441 4445
f 4094 4445 5076
f 5076 4445 5427
f 5076 5427 6040
f 6040 5427 6413
f 6413 2708 6040
f 2022 2334 1725
f 2334 2022 2709
f 2022 3022 2709
f 2022 3020 3022
f 3020 1727 4358
f 4016 3020 4358
f 3022 3020 4016
f 4016 4358 5344
f 4016 5344 4996
f 4996 5344 1728
f 5962 4996 1728
f 5964 4996 5962
f 6954 5964 5962
f 6954 6956 5964
f 30 6956 6954
f 30 32 6956
f 1044 32 30
f 1044 1046 32
f 2413 2080 1726
f 2080 1044 1726
f 2080 1046 1044
f 2413 2710 2080
f 4014 4358 1727
f 4994 5344 4014
f 4014 5344 4358
f 1728 5344 4994
f 1368 1059 1729
f 2380 2093 1368
f 1368 2093 1059
f 2711 3099 2380
f 3099 2093 2380
f 3099 3097 2093
f 3099 2712 3097
f 3097 2712 1730
f 2713 5011 1731
f 1731 5011 5009
f 5011 5977 5009
f 5979 5977 5011
f 5979 6969 5977
f 6971 6969 5979
f 6971 45 6969
f 47 45 6971
f 1061 1368 1729
f 45 1061 1729
f 47 1061 45
f 1368 1061 2095
f 1368 2095 2380
f 2711 2380 2095
f 4107 1730 2712
f 4107 2712 4109
f 4109 5089 4107
f 5091 5089 4109
f 5091 2714 5089
f 5089 2714 1732
f 2715 4031 1733
f 1733 4031 4029
f 1731 4029 4031
f 1731 4031 2713
f 2714 6055 6383
f 1734 2714 6383
f 1732 2714 1734
f 6055 2716 6383
f 2717 1733 1735
f 2717 2715 1733
f 6383 6053 1734
f 2716 7039 7377
f 2716 7377 1736
f 6383 2716 1736
f 6053 6383 1736
f 7039 2718 7377
f 4339 2719 4030
f 2719 1735 4030
f 2719 2717 1735
f 1737 4339 4030
f 7377 7037 1736
f 2718 101 435
f 2718 435 1738
f 7377 2718 1738
f 7037 7377 1738
f 101 2720 435
f 4339 4032 2719
f 2721 4032 4339
f 1737 2721 4339
f 1739 2721 1737
f 435 99 1738
f 435 2720 99
f 2720 1740 99
f 2720 2722 1740
f 1739 5010 2721
f 2721 5010 5012
f 2723 5012 5010
f 2723 5010 1741
f 1740 2724 1742
f 2722 2724 1740
f 1741 5978 2723
f 2723 5978 5980
f 2725 5980 5978
f 2725 5978 1743
f 1742 2726 1744
f 2724 2726 1742
f 1743 6970 2725
f 2725 6970 6972
f 2727 6972 6970
f 2727 6970 1745
f 100 443 1746
f 100 1744 443
f 1744 2728 443
f 1744 2726 2728
f 2729 1745 1747
f 2729 2727 1745
f 7038 7393 1748
f 443 102 1746
f 1746 102 7038
f 102 2730 7038
f 2730 7393 7038
f 443 2728 102
f 2731 1747 1749
f 2731 2729 1747
f 6054 6417 1750
f 7393 7040 1748
f 1748 7040 6054
f 7040 2732 6054
f 2732 6417 6054
f 7393 2730 7040
f 1749 46 2731
f 2731 46 48
f 2733 48 46
f 2733 46 1751
f 5090 5433 1752
f 6417 6056 1750
f 1750 6056 5090
f 6056 2734 5090
f 2734 5433 5090
f 6417 2732 6056
f 1751 1060 2733
f 2733 1060 1062
f 2094 1062 1060
f 2094 2096 1062
f 3098 2096 2094
f 3098 3100 2096
f 4108 3100 3098
f 4108 4110 3100
f 5433 5092 1752
f 5092 4108 1752
f 5092 4110 4108
f 5433 2734 5092
f 2735 1185 1491
f 1491 1185 1753
f 1185 2207 1753
f 1185 2209 2207
f 2209 3217 2207
f 3219 3217 2209
f 3219 4227 3217
f 4229 4227 3219
f 4229 5219 4227
f 5221 5219 4229
f 5221 2736 5219
f 5219 2736 1754
f 2737 185 479
f 2735 1491 185
f 185 1491 479
f 1491 1183 479
f 1183 1755 479
f 1491 1753 1183
f 6199 1754 2736
f 6199 2736 6201
f 6201 2738 6199
f 6199 2738 1756
f 481 2739 479
f 479 2739 2737
f 479 1755 1757
f 479 1757 481
f 7193 1756 2738
f 7193 2738 7195
f 1758 7193 553
f 7193 259 553
f 7193 7195 259
f 259 2740 553
f 483 2741 481
f 481 2741 2739
f 481 1757 1759
f 481 1759 483
f 553 257 1758
f 2740 1255 1565
f 2740 1565 1760
f 553 2740 1760
f 257 553 1760
f 1255 2742 1565
f 485 2743 483
f 483 2743 2741
f 483 1759 1761
f 483 1761 485
f 1567 1762 1760
f 1567 1760 1565
f 1565 2742 1567
f 1567 2742 2744
f 487 2745 485
f 485 2745 2743
f 485 1761 1763
f 485 1763 487
f 1569 1764 1762
f 1569 1762 1567
f 1567 2744 1569
f 1569 2744 2746
f 489 2747 487
f 487 2747 2745
f 487 1763 1765
f 487 1765 489
f 258 561 1766
f 1569 1256 1764
f 1764 1256 258
f 1256 2748 258
f 2748 561 258
f 1569 2746 1256
f 491 2749 489
f 489 2749 2747
f 489 1765 1767
f 489 1767 491
f 7194 7519 1768
f 561 260 1766
f 1766 260 7194
f 260 2750 7194
f 2750 7519 7194
f 561 2748 260
f 491 186 2749
f 1509 2751 1184
f 1184 2751 1767
f 2751 186 1767
f 186 491 1767
f 1769 1509 1184
f 4228 4561 1770
f 5222 2752 4561
f 4228 5222 4561
f 5220 5222 4228
f 6200 5222 5220
f 6200 6202 5222
f 7519 7196 1768
f 7196 6200 1768
f 7196 6202 6200
f 7519 2750 7196
f 1509 1186 2751
f 1769 2208 1509
f 2208 1186 1509
f 2208 2210 1186
f 3218 2210 2208
f 3218 3220 2210
f 4561 4230 1770
f 4230 3218 1770
f 4230 3220 3218
f 4561 2752 4230
f 2753 2111 2357
f 2357 2111 3387
f 3387 2111 3115
f 3387 3115 4393
f 4393 3115 4125
f 4393 4125 5379
f 5379 4125 5107
f 5379 5107 6355
f 6355 5107 6071
f 6071 2754 6355
f 2755 63 331
f 331 63 1771
f 63 1075 1771
f 63 1077 1075
f 1077 2753 2357
f 2109 1077 2357
f 1075 1077 2109
f 3387 3113 2109
f 3387 2109 2357
f 4393 4123 3113
f 4393 3113 3387
f 5379 5105 4123
f 5379 4123 4393
f 6355 6069 5105
f 6355 5105 5379
f 2754 7055 7353
f 2754 7353 1772
f 6355 2754 1772
f 6069 6355 1772
f 7055 2756 7353
f 2757 6987 1773
f 1773 6987 6985
f 6987 2755 331
f 61 6987 331
f 6985 6987 61
f 331 1771 61
f 7353 7053 1772
f 7053 7353 2756
f 117 7053 2756
f 115 7053 117
f 1774 115 1435
f 115 1113 1435
f 115 117 1113
f 1113 2758 1435
f 2759 5995 1775
f 1775 5995 5993
f 1773 5993 5995
f 1773 5995 2757
f 1435 1111 1774
f 1111 1435 2758
f 2147 1111 2758
f 2145 1111 2147
f 2147 2760 2145
f 2145 2760 1776
f 2761 5027 1777
f 1777 5027 5025
f 1775 5025 5027
f 1775 5027 2759
f 3155 1776 2760
f 3155 2760 3157
f 3157 2762 3155
f 3155 2762 1778
f 2763 1777 1779
f 2763 2761 1777
f 2762 4167 4495
f 1780 2762 4495
f 1778 2762 1780
f 4167 2764 4495
f 2765 4047 1781
f 1781 4047 4045
f 1779 4045 4047
f 1779 4047 2763
f 4495 4165 1780
f 4495 2764 4165
f 2764 1782 4165
f 2764 2766 1782
f 2767 1781 1783
f 2767 2765 1781
f 1782 2768 1784
f 2766 2768 1782
f 2769 1783 1785
f 2769 2767 1783
f 5153 1784 2768
f 5153 2768 5155
f 5155 2770 5153
f 5153 2770 1786
f 2771 1785 1787
f 2771 2769 1785
f 1786 2772 1788
f 2770 2772 1786
f 1787 4046 2771
f 2771 4046 4048
f 2773 4048 4046
f 2773 4046 1789
f 2772 6131 6491
f 1790 2772 6491
f 1788 2772 1790
f 6131 2774 6491
f 1789 5026 2773
f 2773 5026 5028
f 5026 1791 6306
f 5996 5026 6306
f 5028 5026 5996
f 2775 5996 6306
f 6493 1792 1790
f 6493 1790 6491
f 6491 2774 6493
f 6493 2774 2776
f 5994 6306 1791
f 6988 2775 7298
f 7298 2775 1793
f 2775 6306 1793
f 6306 5994 1793
f 2777 6988 7298
f 6495 1794 1792
f 6495 1792 6493
f 6493 2776 6495
f 6495 2776 2778
f 6986 7298 1793
f 64 2777 368
f 368 2777 1795
f 2777 7298 1795
f 7298 6986 1795
f 2779 64 368
f 1794 6495 6132
f 2780 1794 6132
f 1796 1794 2780
f 6495 2778 6132
f 62 368 1795
f 2779 368 62
f 1797 2779 62
f 2781 2779 1797
f 1796 2782 1798
f 2780 2782 1796
f 1078 2781 1396
f 2781 1799 1396
f 2781 1797 1799
f 2783 1078 1396
f 5156 2784 5512
f 5512 1800 5156
f 1800 2782 5156
f 1800 1798 2782
f 1076 1396 1799
f 2112 2783 2416
f 2416 2783 1801
f 2783 1396 1801
f 1396 1076 1801
f 2785 2112 2416
f 4168 2786 4526
f 5512 2784 4168
f 5512 4168 4526
f 5154 5512 4526
f 1802 5154 4526
f 1800 5512 5154
f 2110 2416 1801
f 2785 2416 2110
f 1803 2785 2110
f 2787 2785 1803
f 3158 2788 3524
f 4526 2786 3158
f 4526 3158 3524
f 4166 4526 3524
f 1804 4166 3524
f 1802 4526 4166
f 3116 2787 3450
f 2787 1805 3450
f 2787 1803 1805
f 2789 3116 3450
f 7056 2790 7410
f 7056 7410 1806
f 116 7056 1806
f 118 7056 116
f 1112 118 116
f 1112 1114 118
f 2146 1114 1112
f 2146 2148 1114
f 2788 2148 3524
f 2148 3156 3524
f 2148 2146 3156
f 1804 3524 3156
f 3114 3450 1805
f 3450 3114 2789
f 3114 4126 2789
f 3114 4124 4126
f 5106 4126 4124
f 5106 5108 4126
f 6070 5108 5106
f 6070 6072 5108
f 2790 6072 7410
f 6072 7054 7410
f 6072 6070 7054
f 1806 7410 7054
f 2791 205 1807
f 1807 205 201
f 205 1199 201
f 1203 1199 205
f 1203 2223 1199
f 2225 2223 1203
f 2225 3233 2223
f 3235 3233 2225
f 3235 4243 3233
f 4245 4243 3235
f 5534 5235 2792
f 5235 4245 2792
f 5235 4243 4245
f 5534 1808 5235
f 2793 7139 1809
f 1809 7139 7135
f 1807 7135 7139
f 1807 7139 2791
f 5237 5534 2792
f 2794 6526 6215
f 2794 6215 1808
f 5237 2794 1808
f 5534 5237 1808
f 6526 1810 6215
f 2795 6151 6443
f 1811 6443 6151
f 2793 1811 6151
f 1809 1811 2793
f 6217 6526 2794
f 6217 2796 6526
f 2796 1810 6526
f 2796 1812 1810
f 2797 5173 5451
f 2795 6443 5173
f 5173 6443 5451
f 6443 6147 5451
f 6147 1813 5451
f 6443 1811 6147
f 1812 2798 1814
f 2796 2798 1812
f 2799 4185 4461
f 2797 5451 4185
f 5451 4461 4185
f 5451 5453 4461
f 5451 1813 1815
f 5451 1815 5453
f 1814 2800 1816
f 2798 2800 1814
f 2801 1131 1403
f 1403 1131 2427
f 2427 1131 2165
f 2427 2165 3457
f 3457 2165 3175
f 2799 4461 3175
f 4461 3457 3175
f 4461 4463 3457
f 5453 5169 1817
f 4463 5453 1817
f 4461 5453 4463
f 5453 1815 5169
f 1816 2802 1818
f 2800 2802 1816
f 2803 133 383
f 2801 1403 133
f 133 1403 383
f 1403 1127 383
f 1127 1819 383
f 2427 2161 1127
f 2427 1127 1403
f 3457 3171 2161
f 3457 2161 2427
f 4463 4181 3171
f 4463 3171 3457
f 4463 1817 4181
f 1818 2804 1820
f 2802 2804 1818
f 385 2805 383
f 383 2805 2803
f 383 1819 1821
f 383 1821 385
f 6218 2806 6538
f 6538 1822 6218
f 1822 2804 6218
f 1822 1820 2804
f 387 2807 385
f 385 2807 2805
f 385 1821 1823
f 385 1823 387
f 5238 2808 5550
f 6538 2806 5238
f 6538 5238 5550
f 6216 6538 5550
f 1824 6216 5550
f 1822 6538 6216
f 389 2809 387
f 387 2809 2807
f 387 1823 1128
f 1411 387 1128
f 389 387 1411
f 2162 2435 1411
f 2162 1411 1128
f 1825 2435 2162
f 6148 6457 1826
f 7136 7441 6457
f 7136 6457 6148
f 206 2810 7441
f 7136 206 7441
f 202 206 7136
f 1200 206 202
f 1200 1204 206
f 2224 1204 1200
f 2224 2226 1204
f 3234 2226 2224
f 3234 3236 2226
f 4244 3236 3234
f 4244 4246 3236
f 2808 4246 5550
f 4246 5236 5550
f 4246 4244 5236
f 1824 5550 5236
f 391 2811 389
f 389 2811 2809
f 389 1413 391
f 389 1411 1413
f 1411 2437 1413
f 1411 2435 2437
f 2435 1825 3172
f 3467 2435 3172
f 2437 2435 3467
f 4182 4473 3467
f 4182 3467 3172
f 5170 5465 4473
f 5170 4473 4182
f 6457 6152 1826
f 1826 6152 5170
f 6152 2812 5170
f 2812 5465 5170
f 6152 6457 7140
f 7140 6457 7441
f 7441 2810 7140
f 2813 7071 7329
f 2811 391 7071
f 391 7329 7071
f 391 393 7329
f 391 1415 393
f 391 1413 1415
f 1413 2439 1415
f 1413 2437 2439
f 2437 3469 2439
f 2437 3467 3469
f 3467 4475 3469
f 3467 4473 4475
f 2814 4475 5174
f 4475 5465 5174
f 4475 4473 5465
f 5465 2812 5174
f 2815 4141 4377
f 4377 4141 5363
f 5363 4141 5123
f 5363 5123 6339
f 6339 5123 6087
f 2813 7329 6087
f 7329 6339 6087
f 7329 7331 6339
f 393 131 1827
f 7331 393 1827
f 7329 393 7331
f 1415 1129 131
f 1415 131 393
f 2439 2163 1129
f 2439 1129 1415
f 3471 1828 2163
f 2439 3471 2163
f 3469 3471 2439
f 3469 4477 3471
f 3469 4475 4477
f 4475 2814 4477
f 4477 2814 2816
f 2817 2127 1829
f 1829 2127 2125
f 2127 3129 2125
f 3131 3129 2127
f 3131 2815 4377
f 4139 3131 4377
f 3129 3131 4139
f 5363 5121 4139
f 5363 4139 4377
f 6339 6085 5121
f 6339 5121 5363
f 7331 7069 6085
f 7331 6085 6339
f 7331 1827 7069
f 3471 3173 1828
f 4479 1830 3173
f 3471 4479 3173
f 4477 4479 3471
f 4477 2816 4479
f 4479 2816 2818
f 2819 1093 1831
f 1831 1093 1091
f 1829 1091 1093
f 1829 1093 2817
f 4479 4183 1830
f 4479 2818 4183
f 2818 1832 4183
f 2818 2820 1832
f 2821 1831 1833
f 2821 2819 1831
f 5171 1832 2820
f 5171 2820 5175
f 5175 2822 5171
f 5171 2822 1834
f 328 77 1835
f 1833 77 328
f 2823 1833 328
f 2821 1833 2823
f 6149 1834 2822
f 6149 2822 6153
f 6153 2824 6149
f 6149 2824 1836
f 1837 332 1835
f 1835 332 328
f 2823 328 332
f 2823 332 2825
f 2824 7141 7457
f 1838 2824 7457
f 1836 2824 1838
f 7141 2826 7457
f 7270 7001 1839
f 79 332 1837
f 79 1837 7001
f 2827 79 7001
f 7270 2827 7001
f 2825 332 79
f 7459 1840 1838
f 7459 1838 7457
f 7457 2826 7459
f 7459 2826 2828
f 6286 6009 1841
f 7003 7270 1839
f 7003 1839 6009
f 2829 7003 6009
f 6286 2829 6009
f 2827 7270 7003
f 7459 7137 1840
f 7459 2828 7137
f 2828 1842 7137
f 2828 2830 1842
f 1843 6290 1841
f 1841 6290 6286
f 2829 6286 6290
f 2829 6290 2831
f 2830 207 509
f 1844 2830 509
f 1842 2830 1844
f 207 2832 509
f 6290 1843 6011
f 1843 2833 6011
f 1843 1845 2833
f 2831 6290 6011
f 509 203 1844
f 2832 1205 1523
f 2832 1523 1846
f 509 2832 1846
f 203 509 1846
f 1205 2834 1523
f 5322 5041 1847
f 1845 5041 5322
f 2835 1845 5322
f 2833 1845 2835
f 1523 1201 1846
f 2834 2227 2535
f 2834 2535 1848
f 1523 2834 1848
f 1201 1523 1848
f 2227 2836 2535
f 1849 5324 1847
f 1847 5324 5322
f 2835 5322 5324
f 2835 5324 2837
f 2537 1850 1848
f 2537 1848 2535
f 2535 2836 2537
f 2537 2836 2838
f 1851 5326 1849
f 1849 5326 5324
f 2837 5324 5326
f 2837 5326 2839
f 2539 1852 1850
f 2539 1850 2537
f 2537 2838 2539
f 2539 2838 2840
f 5042 5326 1851
f 6012 2839 6302
f 6302 2839 1853
f 2839 5326 1853
f 5326 5042 1853
f 2841 6012 6302
f 1852 2539 2228
f 2842 1852 2228
f 1854 1852 2842
f 2539 2840 2228
f 6010 6302 1853
f 7004 2841 7292
f 7292 2841 1855
f 2841 6302 1855
f 6302 6010 1855
f 7004 7292 362
f 7004 362 80
f 80 362 1386
f 80 1386 1094
f 1094 1386 2402
f 1094 2402 2128
f 2128 2402 3430
f 2128 3430 3132
f 2843 3132 3430
f 1202 1533 1856
f 1202 1854 1533
f 1854 2844 1533
f 1854 2842 2844
f 7002 7292 1855
f 78 362 7002
f 7002 362 7292
f 1092 1386 78
f 78 1386 362
f 2126 2402 1092
f 1092 2402 1386
f 3130 3430 2126
f 2126 3430 2402
f 4142 2843 4440
f 4440 2843 1857
f 2843 3430 1857
f 3430 3130 1857
f 4142 4440 5422
f 4142 5422 5124
f 2845 5124 5422
f 1535 1858 1856
f 1535 1856 1533
f 1533 2844 1535
f 1535 2844 2846
f 4140 4440 1857
f 5122 5422 4140
f 4140 5422 4440
f 6088 2845 6406
f 6406 2845 1859
f 2845 5422 1859
f 5422 5122 1859
f 6088 6406 7386
f 6088 7386 7072
f 2847 7072 7386
f 1130 1457 1860
f 1861 1457 1130
f 1537 1862 1858
f 1537 1858 1535
f 1535 2846 1537
f 1537 2846 2848
f 6086 6406 1859
f 7070 7386 6086
f 6086 7386 6406
f 7386 7070 2847
f 7070 134 2847
f 7070 132 134
f 1457 1132 1860
f 1132 132 1860
f 1132 134 132
f 1861 2164 1457
f 2164 1132 1457
f 2164 2166 1132
f 3174 2166 2164
f 3174 3176 2166
f 4184 3176 3174
f 4184 4186 3176
f 2849 4186 4184
f 2849 4184 1863
f 1539 1864 1862
f 1539 1862 1537
f 1537 2848 1539
f 1539 2848 2850
f 1863 5172 2849
f 2849 5172 5176
f 6150 5176 5172
f 6150 6154 5176
f 7138 7483 2851
f 6154 7138 2851
f 6150 7138 6154
f 204 529 7483
f 204 7483 7138
f 529 204 1864
f 1539 529 1864
f 1541 529 1539
f 1539 2850 1541
f 1541 2850 2852
f 7483 7142 2851
f 7142 7483 2853
f 7483 531 2853
f 7483 529 531
f 529 1543 531
f 529 1541 1543
f 1541 2852 1543
f 1543 2852 2854
f 531 208 2853
f 208 531 1206
f 1206 531 1543
f 1543 2854 1206
f 4458 4199 1865
f 5450 5191 4458
f 4458 5191 4199
f 6444 6171 5450
f 5450 6171 5191
f 7426 7165 6444
f 6444 7165 6171
f 7426 1866 7165
f 2424 2179 1867
f 3454 3189 2424
f 2424 3189 2179
f 4201 4458 1865
f 4201 1865 3189
f 2855 4201 3189
f 3454 2855 3189
f 4458 4201 5193
f 4458 5193 5450
f 5450 5193 6175
f 5450 6175 6444
f 6444 6175 2856
f 7428 6444 2856
f 7426 6444 7428
f 1866 7426 233
f 7426 482 233
f 7426 7428 482
f 1496 1231 482
f 482 1231 233
f 2514 2253 1496
f 1496 2253 1231
f 2514 1868 2253
f 1402 1149 1869
f 2181 2424 1867
f 2181 1867 1149
f 2857 2181 1149
f 1402 2857 1149
f 2424 2181 3191
f 2424 3191 3454
f 2855 3454 3191
f 7169 7428 2856
f 7428 7169 2858
f 484 7428 2858
f 482 7428 484
f 1498 482 484
f 1496 482 1498
f 2516 1496 1498
f 2514 1496 2516
f 1868 2514 1870
f 1870 2514 2516
f 382 153 1871
f 1153 1402 1869
f 1153 1869 153
f 2859 1153 153
f 382 2859 153
f 2857 1402 1153
f 7170 2860 7432
f 484 2858 7170
f 7432 484 7170
f 486 484 7432
f 1500 484 486
f 1498 484 1500
f 2518 1498 1500
f 2516 1498 2518
f 1870 2516 1872
f 1872 2516 2518
f 1873 384 1871
f 1871 384 382
f 2859 382 384
f 2859 384 2861
f 6176 2862 6452
f 7432 2860 6176
f 6452 7432 6176
f 7434 7432 6452
f 488 7432 7434
f 486 7432 488
f 1232 1500 1874
f 1500 488 1874
f 1500 486 488
f 2254 2518 1232
f 1232 2518 1500
f 1872 2518 2254
f 7322 7091 1875
f 157 384 1873
f 157 1873 7091
f 2863 157 7091
f 7322 2863 7091
f 2861 384 157
f 5194 2864 5460
f 6452 2862 5194
f 5460 6452 5194
f 6454 6452 5460
f 7436 6452 6454
f 7434 6452 7436
f 234 488 1876
f 488 7436 1876
f 488 7434 7436
f 1874 488 234
f 5354 5139 1877
f 6330 6105 5354
f 5354 6105 5139
f 7095 7322 1875
f 7095 1875 6105
f 2865 7095 6105
f 6330 2865 6105
f 2863 7322 7095
f 4202 2866 4470
f 5460 2864 4202
f 4470 5460 4202
f 5462 5460 4470
f 6172 6454 1878
f 6454 5462 1878
f 6454 5460 5462
f 7166 7436 6172
f 6172 7436 6454
f 1876 7436 7166
f 4370 4155 1879
f 5141 5354 1877
f 5141 1877 4155
f 2867 5141 4155
f 4370 2867 4155
f 5354 5141 6109
f 5354 6109 6330
f 2865 6330 6109
f 2868 4472 4470
f 2868 4470 2866
f 5464 4470 4472
f 5462 4470 5464
f 1878 5462 1880
f 1880 5462 5464
f 1881 4372 1879
f 1879 4372 4370
f 2867 4370 4372
f 2867 4372 2869
f 4203 4472 2868
f 4472 4203 2870
f 5466 4472 2870
f 5464 4472 5466
f 1880 5464 1882
f 1882 5464 5466
f 1883 4374 1881
f 1881 4374 4372
f 2869 4372 4374
f 2869 4374 2871
f 5195 5466 2870
f 2872 6462 6173
f 2872 6173 1882
f 5195 2872 1882
f 5466 5195 1882
f 6462 1884 6173
f 4156 4374 1883
f 2871 4374 4156
f 1885 2871 4156
f 2873 2871 1885
f 6177 6462 2872
f 2874 7448 7167
f 2874 7167 1884
f 6177 2874 1884
f 6462 6177 1884
f 7448 1886 7167
f 1885 5140 2873
f 2873 5140 5142
f 2875 5142 5140
f 2875 5140 1887
f 7171 7448 2874
f 2876 496 235
f 2876 235 1886
f 7171 2876 1886
f 7448 7171 1886
f 496 1888 235
f 1887 6106 2875
f 2875 6106 6110
f 7092 6110 6106
f 7092 7096 6110
f 2877 7096 7092
f 2877 7092 1889
f 237 496 2876
f 237 2878 496
f 2878 1888 496
f 2878 1890 1888
f 1889 154 2877
f 2877 154 158
f 1150 1425 2879
f 158 1150 2879
f 154 1150 158
f 1891 1425 1150
f 1233 1890 2878
f 1233 2878 1235
f 1235 2880 1233
f 1233 2880 1892
f 1425 1154 2879
f 2881 1154 1425
f 1891 2881 1425
f 1893 2881 1891
f 1892 2882 1894
f 2880 2882 1892
f 2883 1893 1895
f 2883 2881 1893
f 1894 2884 1896
f 2882 2884 1894
f 2885 1895 1897
f 2885 2883 1895
f 1896 2886 1898
f 2884 2886 1896
f 2887 1897 1899
f 2887 2885 1897
f 1898 2888 1900
f 2886 2888 1898
f 2889 1899 1901
f 2889 2887 1899
f 2255 1900 2888
f 2255 2888 2257
f 2257 2890 2255
f 2255 2890 1902
f 2891 6231 6545
f 6545 6231 7525
f 7525 6231 7219
f 7525 7219 567
f 567 7219 281
f 567 281 1575
f 1575 281 1271
f 1271 2892 1575
f 2893 1901 1903
f 2893 2889 1901
f 3261 1902 2890
f 3261 2890 3263
f 1904 3261 4569
f 3261 4271 4569
f 3261 3263 4271
f 4569 4271 5557
f 5557 4271 5259
f 2891 6545 5259
f 6545 5557 5259
f 6545 6547 5557
f 7525 7217 1905
f 6547 7525 1905
f 6545 7525 6547
f 567 277 7217
f 567 7217 7525
f 1577 1906 277
f 567 1577 277
f 1575 1577 567
f 2287 2581 2892
f 2581 1575 2892
f 2581 1577 1575
f 2287 2894 2581
f 2895 1155 1907
f 1907 1155 1151
f 1903 1151 1155
f 1903 1155 2893
f 4569 4269 1904
f 5557 5257 4269
f 5557 4269 4569
f 6547 6229 5257
f 6547 5257 5557
f 6547 1905 6229
f 1577 1267 1906
f 2581 2285 1267
f 2581 1267 1577
f 2581 2894 2285
f 2894 1908 2285
f 2894 2896 1908
f 2897 159 1909
f 1909 159 155
f 1907 155 159
f 1907 159 2895
f 3291 1908 2896
f 3291 2896 3293
f 3293 4299 3291
f 4301 4299 3293
f 4301 2898 4299
f 4299 2898 1910
f 2899 7097 1911
f 1911 7097 7093
f 1909 7093 7097
f 1909 7097 2897
f 5289 1910 2898
f 5289 2898 5291
f 5291 6261 5289
f 6263 6261 5291
f 1912 6261 7581
f 6261 7251 7581
f 6261 6263 7251
f 7251 2900 7581
f 2901 6111 1913
f 1913 6111 6107
f 1911 6107 6111
f 1911 6111 2899
f 7581 7249 1912
f 7581 2900 7249
f 2900 1914 7249
f 2900 2902 1914
f 2903 1913 1915
f 2903 2901 1913
f 311 1914 2902
f 311 2902 313
f 313 2904 311
f 311 2904 1916
f 2905 1915 1917
f 2905 2903 1915
f 1297 1916 2904
f 1297 2904 1299
f 1299 2906 1297
f 1297 2906 1918
f 2907 1917 1919
f 2907 2905 1917
f 1918 2908 1920
f 2906 2908 1918
f 2909 1919 1921
f 2909 2907 1919
f 2309 1920 2908
f 2309 2908 2311
f 2311 2910 2309
f 2309 2910 1922
f 2911 1921 1923
f 2911 2909 1921
f 1922 2912 1924
f 2910 2912 1922
f 2913 1923 1925
f 2913 2911 1923
f 1924 2914 1926
f 2912 2914 1924
f 2915 1925 1927
f 2915 2913 1925
f 2312 2916 1928
f 2312 1928 2310
f 2310 1926 2312
f 2312 1926 2914
f 6427 2917 6108
f 2917 1927 6108
f 2917 2915 1927
f 1929 6427 6108
f 2286 2605 1930
f 3292 3633 2605
f 3292 2605 2286
f 4300 4637 3633
f 4300 3633 3292
f 5290 5625 4637
f 5290 4637 4300
f 6264 2918 5625
f 5290 6264 5625
f 6262 6264 5290
f 7250 6264 6262
f 7250 7252 6264
f 312 7252 7250
f 312 314 7252
f 1298 314 312
f 1298 1300 314
f 1298 1928 1300
f 1300 1928 2916
f 6431 2919 6427
f 6427 2919 2917
f 6427 1929 1931
f 6427 1931 6431
f 1268 1603 1932
f 2605 2288 1930
f 1930 2288 1268
f 2288 2920 1268
f 2920 1603 1268
f 2288 2605 3294
f 3294 2605 3633
f 3294 3633 4302
f 4302 3633 4637
f 4302 4637 5292
f 5292 4637 5625
f 5625 2918 5292
f 6433 2921 6431
f 6431 2921 2919
f 6431 1931 1933
f 6431 1933 6433
f 3190 3529 1934
f 4200 4533 3529
f 4200 3529 3190
f 1935 4533 4200
f 1932 1603 1272
f 2922 1932 1272
f 1936 1932 2922
f 1603 2920 1272
f 6435 2923 6433
f 6433 2923 2921
f 6433 1933 1937
f 6433 1937 6435
f 2180 2501 1938
f 2501 2180 1934
f 3529 2501 1934
f 3531 2501 3529
f 3529 4535 3531
f 3529 4533 4535
f 4533 1935 5192
f 5523 4533 5192
f 4535 4533 5523
f 6174 6513 5523
f 6174 5523 5192
f 1939 6513 6174
f 278 599 1940
f 278 1936 599
f 1936 2924 599
f 1936 2922 2924
f 6437 2925 6435
f 6435 2925 2923
f 6435 1937 1941
f 6435 1941 6437
f 2503 1942 1938
f 2503 1938 2501
f 2501 3533 2503
f 2501 3531 3533
f 2926 3533 4204
f 3533 4535 4204
f 3533 3531 4535
f 4204 4535 5196
f 5196 4535 5523
f 5196 5523 6178
f 6178 5523 6513
f 1939 7168 6513
f 7168 6178 6513
f 7168 7172 6178
f 236 543 2927
f 7172 236 2927
f 7168 236 7172
f 1943 543 236
f 601 1944 1940
f 601 1940 599
f 599 2924 601
f 601 2924 2928
f 6437 6112 2925
f 7421 2929 7094
f 7094 2929 1941
f 2929 6112 1941
f 6112 6437 1941
f 156 473 7421
f 156 7421 7094
f 1152 1487 473
f 1152 473 156
f 2503 2182 1942
f 1942 2182 1152
f 2182 2930 1152
f 2930 1487 1152
f 2182 2503 3192
f 3192 2503 3533
f 3533 2926 3192
f 543 238 2927
f 1557 2931 1234
f 1234 2931 1943
f 2931 238 1943
f 238 543 1943
f 1945 1557 1234
f 601 279 1944
f 2928 1273 1611
f 2928 1611 1946
f 601 2928 1946
f 279 601 1946
f 1273 2932 1611
f 7421 7098 2929
f 7098 7421 160
f 160 7421 473
f 160 473 1156
f 1156 473 1487
f 1487 2930 1156
f 1557 1236 2931
f 2569 2933 2256
f 2256 2933 1945
f 2933 1236 1945
f 1236 1557 1945
f 3262 3599 2569
f 3262 2569 2256
f 4270 4605 3599
f 4270 3599 3262
f 1947 4605 4270
f 1611 1269 1946
f 2932 2289 2617
f 2932 2617 1948
f 1611 2932 1948
f 1269 1611 1948
f 2289 2934 2617
f 2569 2258 2933
f 2258 2569 3264
f 3264 2569 3599
f 3264 3599 4272
f 4272 3599 4605
f 5595 2935 5258
f 5258 2935 1947
f 2935 4272 1947
f 4272 4605 1947
f 6230 6585 5595
f 6230 5595 5258
f 7218 7565 6585
f 7218 6585 6230
f 1949 7565 7218
f 2619 1950 1948
f 2619 1948 2617
f 2617 2934 2619
f 2619 2934 2936
f 5595 5260 2935
f 5260 5595 6232
f 6232 5595 6585
f 6232 6585 2937
f 6585 7567 2937
f 6585 7565 7567
f 7565 1949 280
f 609 7565 280
f 7567 7565 609
f 1270 1617 609
f 1270 609 280
f 1617 1270 1950
f 2619 1617 1950
f 2621 1617 2619
f 2619 2936 2621
f 2621 2936 2938
f 7567 7220 2937
f 7220 7567 2939
f 7567 611 2939
f 7567 609 611
f 609 1619 611
f 609 1617 1619
f 2940 1619 2290
f 1619 2621 2290
f 1619 1617 2621
f 2621 2938 2290
f 611 282 2939
f 282 611 1274
f 1274 611 1619
f 1619 2940 1274
f 7522 7233 1951
f 564 295 7522
f 7522 295 7233
f 1572 1287 564
f 564 1287 295
f 2576 2305 1572
f 1572 2305 1287
f 2576 1952 2305
f 6544 6245 1953
f 7235 7522 1951
f 7235 1951 6245
f 2941 7235 6245
f 6544 2941 6245
f 7522 7235 297
f 7522 297 564
f 564 297 1289
f 564 1289 1572
f 1572 1289 2307
f 1572 2307 2576
f 2942 3606 3315
f 2942 3315 1952
f 2307 2942 1952
f 2576 2307 1952
f 3606 1954 3315
f 1955 6546 1953
f 1953 6546 6544
f 2941 6544 6546
f 2941 6546 2943
f 3317 3606 2942
f 2944 4612 4319
f 2944 4319 1954
f 3317 2944 1954
f 3606 3317 1954
f 4612 1956 4319
f 1957 6548 1955
f 1955 6548 6546
f 2943 6546 6548
f 2943 6548 2945
f 2946 4614 4612
f 2946 4612 2944
f 1956 4612 5305
f 4612 5602 5305
f 4612 4614 5602
f 6592 6277 5602
f 5602 6277 5305
f 7574 7265 6592
f 6592 7265 6277
f 7574 1958 7265
f 1959 6550 1957
f 1957 6550 6548
f 2945 6548 6550
f 2945 6550 2947
f 2948 4616 4614
f 2948 4614 2946
f 5604 4614 4616
f 5602 4614 5604
f 6594 5602 5604
f 6592 5602 6594
f 7576 6592 6594
f 7574 6592 7576
f 1958 7574 1960
f 1960 7574 7576
f 5562 5273 1961
f 5273 5562 1959
f 5562 6550 1959
f 5562 6552 6550
f 2947 6550 6552
f 2947 6552 2949
f 2308 2950 2586
f 2308 2586 3614
f 2308 3614 3318
f 4616 2948 3318
f 3614 4616 3318
f 4618 4616 3614
f 5606 4616 4618
f 5604 4616 5606
f 6596 5604 5606
f 6594 5604 6596
f 7266 7576 1962
f 7576 6596 1962
f 7576 6594 6596
f 1960 7576 7266
f 1963 5564 1961
f 1961 5564 5562
f 5564 2951 6247
f 6552 5564 6247
f 5562 5564 6552
f 2949 6552 6247
f 1290 2952 1584
f 2586 2950 1290
f 1584 2586 1290
f 2588 2586 1584
f 3616 2586 2588
f 3614 2586 3616
f 4320 4618 1964
f 4618 3616 1964
f 4618 3614 3616
f 5306 5606 4320
f 4320 5606 4618
f 6278 6596 5306
f 5306 6596 5606
f 1962 6596 6278
f 4578 4285 1965
f 4285 4578 1963
f 4578 5564 1963
f 4578 5566 5564
f 2951 5564 5566
f 2951 5566 2953
f 2954 1586 1584
f 2954 1584 2952
f 2590 1584 1586
f 2588 1584 2590
f 3316 3616 1966
f 3616 2590 1966
f 3616 2588 2590
f 1964 3616 3316
f 3574 3277 1967
f 3277 3574 1965
f 3574 4578 1965
f 3574 4580 4578
f 4580 2955 5275
f 5566 4580 5275
f 4578 4580 5566
f 2953 5566 5275
f 298 2956 580
f 1586 2954 298
f 580 1586 298
f 1588 1586 580
f 2592 1586 1588
f 2590 1586 2592
f 1966 2590 1968
f 1968 2590 2592
f 440 179 1969
f 1454 1175 440
f 440 1175 179
f 2472 2197 1454
f 1454 2197 1175
f 2472 1970 2197
f 2546 2271 1971
f 2271 2546 1967
f 2546 3574 1967
f 2546 3576 3574
f 3576 2957 4287
f 4580 3576 4287
f 3574 3576 4580
f 2955 4580 4287
f 299 580 2956
f 580 299 2958
f 1590 580 2958
f 1588 580 1590
f 2306 2592 1972
f 2592 1590 1972
f 2592 1588 1590
f 1968 2592 2306
f 1973 442 1969
f 1969 442 440
f 1458 440 442
f 1454 440 1458
f 2476 1454 1458
f 2472 1454 2476
f 1970 2472 3207
f 2472 3506 3207
f 2472 2476 3506
f 4512 4217 3506
f 3506 4217 3207
f 5502 5209 4512
f 4512 5209 4217
f 6498 6191 5502
f 5502 6191 5209
f 7480 7185 6498
f 6498 7185 6191
f 526 251 7480
f 7480 251 7185
f 1538 1249 526
f 526 1249 251
f 2273 2546 1971
f 2273 1971 1249
f 2959 2273 1249
f 1538 2959 1249
f 2546 2273 3279
f 2546 3279 3576
f 2957 3576 3279
f 300 2960 584
f 1590 2958 300
f 584 1590 300
f 1592 1590 584
f 1972 1590 1974
f 1974 1590 1592
f 7392 7115 1975
f 7115 7392 1973
f 7392 442 1973
f 7392 446 442
f 446 2961 1177
f 1458 446 1177
f 442 446 1458
f 1458 1177 2199
f 1458 2199 2476
f 2476 2199 3209
f 2476 3209 3506
f 3506 3209 4219
f 3506 4219 4512
f 4512 4219 5211
f 4512 5211 5502
f 5502 5211 6193
f 5502 6193 6498
f 6498 6193 7187
f 6498 7187 7480
f 7480 7187 253
f 7480 253 526
f 526 253 1251
f 526 1251 1538
f 2959 1538 1251
f 2962 586 584
f 2962 584 2960
f 1594 584 586
f 1592 584 1594
f 1974 1592 1976
f 1976 1592 1594
f 1977 7396 1975
f 1975 7396 7392
f 7396 2963 181
f 446 7396 181
f 7392 7396 446
f 2961 446 181
f 301 586 2962
f 586 301 2964
f 1596 586 2964
f 1594 586 1596
f 1976 1594 1978
f 1978 1594 1596
f 7396 1977 7117
f 1977 2965 7117
f 1977 1979 2965
f 2963 7396 7117
f 2966 1598 1596
f 2966 1596 2964
f 1978 1596 1980
f 1980 1596 1598
f 2967 1979 1981
f 2967 2965 1979
f 2968 1600 1598
f 2968 1598 2966
f 1980 1598 1982
f 1982 1598 1600
f 2969 1981 1983
f 2969 2967 1981
f 1252 2970 1548
f 2971 1252 1548
f 2972 1602 1600
f 2972 1600 2968
f 1982 1600 1984
f 1984 1600 1602
f 7118 2969 7414
f 2969 1985 7414
f 2969 1983 1985
f 2973 7118 7414
f 254 2974 538
f 1548 2970 254
f 538 1548 254
f 1550 1548 538
f 2560 2274 2971
f 1548 2560 2971
f 1550 2560 1548
f 2975 2274 2560
f 2976 1604 1602
f 2976 1602 2972
f 1984 1602 1986
f 1986 1602 1604
f 1987 7416 1985
f 1985 7416 7414
f 2973 7414 7416
f 2973 7416 2977
f 7188 2978 7494
f 538 2974 7188
f 7494 538 7188
f 540 538 7494
f 1552 538 540
f 1550 538 1552
f 2562 1550 1552
f 2560 1550 2562
f 2975 2560 2562
f 2975 2562 2979
f 2980 1606 1604
f 2980 1604 2976
f 1986 1604 1988
f 1988 1604 1606
f 1989 7418 1987
f 1987 7418 7416
f 2977 7416 7418
f 2977 7418 2981
f 2982 7496 7494
f 2982 7494 2978
f 542 7494 7496
f 540 7494 542
f 1554 540 542
f 1552 540 1554
f 2564 1552 1554
f 2562 1552 2564
f 2979 2562 2564
f 2979 2564 2983
f 1990 1288 1606
f 2980 1990 1606
f 2984 1990 2980
f 1988 1606 1288
f 7116 7418 1989
f 182 2981 472
f 472 2981 1991
f 2981 7418 1991
f 7418 7116 1991
f 2985 182 472
f 7189 7496 2982
f 7496 7189 2986
f 544 7496 2986
f 542 7496 544
f 1556 542 544
f 1554 542 1556
f 2566 1554 1556
f 2564 1554 2566
f 2983 2564 2566
f 2983 2566 2987
f 302 2988 602
f 602 1992 302
f 1992 2984 302
f 1992 1990 2984
f 180 472 1991
f 472 180 2985
f 180 1178 2985
f 180 1176 1178
f 1176 1993 2506
f 2200 1176 2506
f 1178 1176 2200
f 2200 2506 3536
f 2200 3536 3210
f 3210 3536 4540
f 3210 4540 4220
f 4220 4540 5528
f 4220 5528 5212
f 2989 5212 5528
f 255 544 2986
f 544 255 1253
f 544 1253 1556
f 1556 1253 2990
f 2568 1556 2990
f 2566 1556 2568
f 3598 3280 2987
f 2566 3598 2987
f 2568 3598 2566
f 2991 3280 3598
f 2992 604 602
f 2992 602 2988
f 1992 602 1994
f 1994 602 604
f 2198 2506 1993
f 3208 3536 2198
f 2198 3536 2506
f 4218 4540 3208
f 3208 4540 3536
f 1995 5530 4218
f 5530 4540 4218
f 5530 5528 4540
f 2989 5528 5530
f 2989 5530 2993
f 2994 2570 2568
f 2994 2568 2990
f 3600 2568 2570
f 3598 2568 3600
f 4606 4288 2991
f 3598 4606 2991
f 3600 4606 3598
f 4288 4606 5594
f 4288 5594 5276
f 2995 5276 5594
f 2996 606 604
f 2996 604 2992
f 1994 604 1996
f 1996 604 606
f 5210 5530 1995
f 6194 2993 6522
f 6522 2993 1997
f 2993 5530 1997
f 5530 5210 1997
f 2997 6194 6522
f 2998 2572 2570
f 2998 2570 2994
f 3602 2570 2572
f 3600 2570 3602
f 4286 4606 1998
f 4606 3602 1998
f 4606 3600 3602
f 1999 5596 4286
f 5596 4606 4286
f 5596 5594 4606
f 6586 6248 2995
f 5594 6586 2995
f 5596 6586 5594
f 6248 6586 7566
f 6248 7566 7236
f 606 2996 7236
f 606 7236 7566
f 296 606 7566
f 2000 296 7566
f 1996 606 296
f 6192 6522 1997
f 7190 2997 7506
f 7506 2997 2001
f 2997 6522 2001
f 6522 6192 2001
f 7190 7506 552
f 7190 552 256
f 256 552 1564
f 256 1564 1254
f 2572 2998 1254
f 2572 1254 1564
f 2272 2572 1564
f 2002 2272 1564
f 3278 3602 2272
f 2272 3602 2572
f 1998 3602 3278
f 5274 5596 1999
f 6246 6586 5274
f 5274 6586 5596
f 7234 7566 6246
f 6246 7566 6586
f 2000 7566 7234
f 7186 7506 2001
f 252 552 7186
f 7186 552 7506
f 1250 1564 252
f 252 1564 552
f 2002 1564 1250
f 2342 2039 2633
f 3653 3057 2342
f 3057 2039 2342
f 3057 3053 2039
f 3057 4067 3053
f 4071 4067 3057
f 4071 5049 4067
f 5051 5049 4071
f 6338 6017 3654
f 6017 5051 3654
f 6017 5049 5051
f 6338 2634 6017
f 1332 1007 2635
f 2041 2342 2633
f 2041 2633 1007
f 3655 2041 1007
f 1332 3655 1007
f 3653 2342 2041
f 6019 6338 3654
f 3656 7334 7009
f 3656 7009 2634
f 6019 3656 2634
f 6338 6019 2634
f 7334 2636 7009
f 2637 1334 2635
f 2635 1334 1332
f 3655 1332 1334
f 3655 1334 3657
f 3658 7338 7334
f 3658 7334 3656
f 2636 7334 2638
f 2638 7334 7338
f 2639 1338 2637
f 2637 1338 1334
f 3657 1334 1338
f 3657 1338 3659
f 2640 7010 7338
f 3658 2640 7338
f 3660 2640 3658
f 2638 7338 7010
f 1008 1338 2639
f 3659 1338 1008
f 2641 3659 1008
f 3661 3659 2641
f 2640 3662 2642
f 3660 3662 2640
f 3663 2641 2643
f 3663 3661 2641
f 6020 3664 2644
f 6020 2644 6018
f 6018 2642 6020
f 6020 2642 3662
f 2643 2040 3663
f 3663 2040 2042
f 3054 3393 3665
f 2042 3054 3665
f 2040 3054 2042
f 4068 4399 3393
f 4068 3393 3054
f 5052 3666 4399
f 4068 5052 4399
f 5050 5052 4068
f 5050 2644 5052
f 5052 2644 3664
f 3393 3058 3665
f 3058 3393 4072
f 4072 3393 4399
f 4399 3666 4072
f 3667 3059 3411
f 3411 3059 4417
f 4417 3059 4073
f 4073 3668 4417
f 3669 2043 2387
f 3667 3411 2043
f 2043 3411 2387
f 3411 3055 2387
f 3055 2645 2387
f 4417 4069 3055
f 4417 3055 3411
f 3668 5053 5405
f 3668 5405 2646
f 4417 3668 2646
f 4069 4417 2646
f 5053 3670 5405
f 2391 3671 2387
f 2387 3671 3669
f 2387 2645 2647
f 2387 2647 2391
f 5409 2648 2646
f 5409 2646 5405
f 5405 3670 5409
f 5409 3670 3672
f 2395 3673 2391
f 2391 3673 3671
f 2391 2647 2649
f 2391 2649 2395
f 5413 2650 2648
f 5413 2648 5409
f 5409 3672 5413
f 5413 3672 3674
f 2395 2044 3673
f 3427 3675 3056
f 3056 3675 2649
f 3675 2044 2649
f 2044 2395 2649
f 4070 4433 3427
f 4070 3427 3056
f 5413 5054 2650
f 2650 5054 4070
f 5054 3676 4070
f 3676 4433 4070
f 5413 3674 5054
f 3427 3060 3675
f 3060 3427 4074
f 4074 3427 4433
f 4433 3676 4074
f 2352 2059 2651
f 3382 3073 2352
f 2352 3073 2059
f 4388 4087 3382
f 3382 4087 3073
f 5374 5069 4388
f 4388 5069 4087
f 6350 6035 5374
f 5374 6035 5069
f 6350 2652 6035
f 1344 1025 2653
f 2063 2352 2651
f 2063 2651 1025
f 3677 2063 1025
f 1344 3677 1025
f 2352 2063 3077
f 2352 3077 3382
f 3382 3077 4089
f 3382 4089 4388
f 4388 4089 5071
f 4388 5071 5374
f 5374 5071 6037
f 5374 6037 6350
f 3678 7348 7023
f 3678 7023 2652
f 6037 3678 2652
f 6350 6037 2652
f 7348 2654 7023
f 2655 1348 2653
f 2653 1348 1344
f 3677 1344 1348
f 3677 1348 3679
f 3680 7352 7348
f 3680 7348 3678
f 2654 7348 2656
f 2656 7348 7352
f 1348 2655 1029
f 2655 3681 1029
f 2655 2657 3681
f 3679 1348 1029
f 3682 7356 7352
f 3682 7352 3680
f 2656 7352 2658
f 2658 7352 7356
f 3683 2657 2659
f 3683 3681 2657
f 3684 7360 7356
f 3684 7356 3682
f 2658 7356 2660
f 2660 7356 7360
f 2659 1026 3683
f 3683 1026 1030
f 1026 2661 2372
f 2064 1026 2372
f 1030 1026 2064
f 2064 2372 3402
f 2064 3402 3078
f 3078 3402 4408
f 3078 4408 4090
f 4090 4408 5394
f 4090 5394 5072
f 5072 5394 6370
f 5072 6370 6038
f 7360 3684 6038
f 7360 6038 6370
f 7024 7360 6370
f 2662 7024 6370
f 2660 7360 7024
f 2060 2372 2661
f 3074 3402 2060
f 2060 3402 2372
f 4088 4408 3074
f 3074 4408 3402
f 5070 5394 4088
f 4088 5394 4408
f 6036 6370 5070
f 5070 6370 5394
f 2662 6370 6036
f 1380 1027 2663
f 1380 2664 1027
f 3685 5949 2665
f 2665 5949 5947
f 5949 6939 5947
f 6941 6939 5949
f 6941 15 6939
f 17 15 6941
f 1031 1380 2663
f 15 1031 2663
f 17 1031 15
f 2061 2664 1380
f 1031 2061 1380
f 2065 2061 1031
f 2065 3686 2061
f 2061 3686 2666
f 3687 4981 2667
f 2667 4981 4979
f 2665 4979 4981
f 2665 4981 3685
f 3688 3428 3075
f 2666 3688 3075
f 3686 3688 2666
f 3428 2668 3075
f 3689 4001 4347
f 2669 4347 4001
f 3687 2669 4001
f 2667 2669 3687
f 3079 3428 3688
f 3079 3690 3428
f 3690 2668 3428
f 3690 2670 2668
f 3999 2671 4347
f 2671 3689 4347
f 2671 3691 3689
f 4347 2669 3999
f 2670 3692 2672
f 3690 3692 2670
f 3693 3007 2673
f 2673 3007 3005
f 2671 3005 3007
f 2671 3007 3691
f 3080 3694 2674
f 3080 2674 3076
f 3076 2672 3080
f 3080 2672 3692
f 3695 2009 2675
f 2675 2009 2007
f 2673 2007 2009
f 2673 2009 3693
f 2062 2411 2676
f 2062 2674 2411
f 2674 3696 2411
f 2674 3694 3696
f 1326 989 2677
f 2675 989 1326
f 3697 2675 1326
f 3695 2675 3697
f 1028 1395 2678
f 2411 2066 2676
f 2676 2066 1028
f 2066 3698 1028
f 3698 1395 1028
f 2411 3696 2066
f 2679 1328 2677
f 2677 1328 1326
f 3697 1326 1328
f 3697 1328 3699
f 18 3700 2680
f 18 2680 16
f 1395 1032 2678
f 1032 16 2678
f 1032 18 16
f 1395 3698 1032
f 2681 1330 2679
f 2679 1330 1328
f 3699 1328 1330
f 3699 1330 3701
f 6942 3702 2682
f 6942 2682 6940
f 6940 2680 6942
f 6942 2680 3700
f 990 1330 2681
f 2010 3701 2340
f 2340 3701 2683
f 3701 1330 2683
f 1330 990 2683
f 3703 2010 2340
f 4982 3704 5348
f 4982 5348 2684
f 5948 4982 2684
f 5950 4982 5948
f 5948 2682 5950
f 5950 2682 3702
f 2008 2340 2683
f 2340 2008 3703
f 2008 3008 3703
f 2008 3006 3008
f 4000 3008 3006
f 4000 4002 3008
f 3704 4002 5348
f 4002 4980 5348
f 4002 4000 4980
f 2684 5348 4980
f 3705 4017 2685
f 2685 4017 4015
f 4017 4995 4015
f 4997 4995 4017
f 4997 5963 4995
f 5965 5963 4997
f 5965 6955 5963
f 6957 6955 5965
f 2686 6955 337
f 6955 33 337
f 6955 6957 33
f 33 3706 337
f 3707 3023 2687
f 2687 3023 3021
f 2685 3021 3023
f 2685 3023 3705
f 337 31 2686
f 31 337 3706
f 1047 31 3706
f 1045 31 1047
f 2688 1045 2373
f 1045 2081 2373
f 1045 1047 2081
f 2081 3708 2373
f 3709 2687 2689
f 3709 3707 2687
f 2373 2079 2688
f 3708 3085 3409
f 3708 3409 2690
f 2373 3708 2690
f 2079 2373 2690
f 3085 3710 3409
f 3711 2025 2315
f 2691 2315 2025
f 3709 2691 2025
f 2689 2691 3709
f 3413 2692 2690
f 3413 2690 3409
f 3409 3710 3413
f 3413 3710 3712
f 2317 3713 2315
f 2315 3713 3711
f 2315 2691 2693
f 2315 2693 2317
f 3417 2694 2692
f 3417 2692 3413
f 4095 4423 3712
f 4423 3413 3712
f 4423 3417 3413
f 4095 3714 4423
f 2023 2695 2317
f 2695 3713 2317
f 2695 3715 3713
f 2317 2693 2023
f 3417 3083 2694
f 4427 2696 3083
f 3417 4427 3083
f 4423 4427 3417
f 4423 3714 4427
f 4427 3714 3716
f 3717 2695 2697
f 3717 3715 2695
f 4427 4093 2696
f 3716 5077 5415
f 3716 5415 2698
f 4427 3716 2698
f 4093 4427 2698
f 5077 3718 5415
f 3719 2697 2699
f 3719 3717 2697
f 5415 5075 2698
f 3718 6041 6395
f 3718 6395 2700
f 5415 3718 2700
f 5075 5415 2700
f 6041 3720 6395
f 2026 3719 2326
f 3719 2701 2326
f 3719 2699 2701
f 3721 2026 2326
f 6395 6039 2700
f 3720 7025 7383
f 3720 7383 2702
f 6395 3720 2702
f 6039 6395 2702
f 7025 3722 7383
f 2703 2328 2701
f 2701 2328 2326
f 3721 2326 2328
f 3721 2328 3723
f 7385 2704 2702
f 7385 2702 7383
f 7383 3722 7385
f 7385 3722 3724
f 2705 2330 2703
f 2703 2330 2328
f 3723 2328 2330
f 3723 2330 3725
f 7389 2706 2704
f 7389 2704 7385
f 7385 3724 7389
f 7389 3724 3726
f 2707 2332 2705
f 2705 2332 2330
f 3725 2330 2332
f 3725 2332 3727
f 2706 7389 7026
f 3728 2706 7026
f 2708 2706 3728
f 7389 3726 7026
f 2024 2332 2707
f 3024 3727 3352
f 3352 3727 2709
f 3727 2332 2709
f 2332 2024 2709
f 3024 3352 4356
f 3024 4356 4018
f 3729 4018 4356
f 3084 3443 2710
f 4094 4447 3443
f 4094 3443 3084
f 5078 3730 4447
f 4094 5078 4447
f 5076 5078 4094
f 6040 5078 5076
f 6040 6042 5078
f 6040 2708 6042
f 6042 2708 3728
f 3022 3352 2709
f 4016 4356 3022
f 3022 4356 3352
f 4356 4016 3729
f 4016 4998 3729
f 4016 4996 4998
f 5964 4998 4996
f 5964 5966 4998
f 6956 5966 5964
f 6956 6958 5966
f 32 6958 6956
f 32 34 6958
f 1046 34 32
f 1046 1048 34
f 2080 1048 1046
f 2080 2082 1048
f 3443 3086 2710
f 3086 2080 2710
f 3086 2082 2080
f 3086 3443 4096
f 4096 3443 4447
f 4447 3730 4096
f 3731 3101 2711
f 2711 3101 3099
f 2712 3099 4415
f 3099 4111 4415
f 3099 3101 4111
f 4111 3732 4415
f 3733 4033 4331
f 4331 4033 2713
f 4033 5011 2713
f 4033 5013 5011
f 5013 5979 5011
f 5981 5979 5013
f 5981 6971 5979
f 6973 6971 5981
f 6973 47 6971
f 49 47 6973
f 49 1061 47
f 1063 1061 49
f 1063 2095 1061
f 2097 2095 1063
f 2711 2095 2097
f 2711 2097 3731
f 4415 4109 2712
f 4109 4415 3732
f 5093 4109 3732
f 5091 4109 5093
f 5093 3734 5091
f 5091 3734 2714
f 4031 2715 4331
f 2715 3733 4331
f 2715 3735 3733
f 4331 2713 4031
f 6055 2714 3734
f 6055 3734 6057
f 6057 3736 6055
f 6055 3736 2716
f 3737 3035 3335
f 2717 3335 3035
f 3735 2717 3035
f 2715 2717 3735
f 7039 2716 3736
f 7039 3736 7041
f 7041 3738 7039
f 7039 3738 2718
f 3335 3036 3737
f 3739 3036 3335
f 2717 3739 3335
f 2719 3739 2717
f 101 2718 3738
f 101 3738 103
f 103 3740 101
f 101 3740 2720
f 4345 3741 4032
f 3741 2719 4032
f 3741 3739 2719
f 2721 4345 4032
f 3740 1099 1451
f 2722 3740 1451
f 2720 3740 2722
f 1451 1099 2469
f 2469 1099 2133
f 2133 3742 2469
f 4345 4034 3741
f 5333 3743 5012
f 5012 3743 2721
f 3743 4034 2721
f 4034 4345 2721
f 2723 5333 5012
f 1453 2724 2722
f 1453 2722 1451
f 1451 2471 1453
f 1451 2469 2471
f 2469 3742 2471
f 2471 3742 3744
f 5333 5014 3743
f 2723 5980 5333
f 5980 5014 5333
f 5980 5982 5014
f 3745 5982 5980
f 3745 5980 2725
f 1455 2726 2724
f 1455 2724 1453
f 1453 2473 1455
f 1453 2471 2473
f 2471 3744 2473
f 2473 3744 3746
f 7301 3747 6972
f 3747 2725 6972
f 3747 3745 2725
f 2727 7301 6972
f 2726 1455 1100
f 3748 2726 1100
f 2728 2726 3748
f 1100 1455 2134
f 2134 1455 2473
f 2473 3746 2134
f 7301 6974 3747
f 3749 6974 7301
f 2727 3749 7301
f 2729 3749 2727
f 104 3750 2730
f 104 2730 102
f 102 2728 104
f 104 2728 3748
f 3751 2729 2731
f 3751 3749 2729
f 7040 7397 2732
f 7040 2730 7397
f 2730 3752 7397
f 2730 3750 3752
f 2731 48 3751
f 3751 48 50
f 3753 50 48
f 3753 48 2733
f 6056 6421 2734
f 7397 7042 2732
f 2732 7042 6056
f 7042 3754 6056
f 3754 6421 6056
f 7397 3752 7042
f 2733 1062 3753
f 3753 1062 1064
f 2096 1064 1062
f 2096 2098 1064
f 3100 3447 3755
f 2098 3100 3755
f 2096 3100 2098
f 4110 4451 3447
f 4110 3447 3100
f 5092 5435 4451
f 5092 4451 4110
f 5435 5092 2734
f 6421 5435 2734
f 6425 5435 6421
f 6421 3754 6425
f 6425 3754 3756
f 3447 3102 3755
f 3102 3447 4112
f 4112 3447 4451
f 4112 4451 5094
f 5094 4451 5435
f 5094 5435 6058
f 6058 5435 6425
f 6425 3756 6058
f 3757 1187 1489
f 1489 1187 2507
f 2507 1187 2211
f 2507 2211 3537
f 3537 2211 3221
f 3221 3758 3537
f 3759 187 477
f 3757 1489 187
f 187 1489 477
f 1489 1185 477
f 1185 2735 477
f 2507 2209 1185
f 2507 1185 1489
f 3537 3219 2209
f 3537 2209 2507
f 3219 3537 3758
f 4231 3219 3758
f 4229 3219 4231
f 4231 5221 4229
f 5223 5221 4231
f 5223 3760 5221
f 5221 3760 2736
f 185 2737 477
f 2737 3759 477
f 2737 3761 3759
f 477 2735 185
f 6201 2736 3760
f 6201 3760 6203
f 2738 6201 7507
f 6201 7197 7507
f 6201 6203 7197
f 7197 3762 7507
f 3763 2737 2739
f 3763 3761 2737
f 7507 7195 2738
f 7195 7507 3762
f 261 7195 3762
f 259 7195 261
f 261 3764 259
f 259 3764 2740
f 3765 2739 2741
f 3765 3763 2739
f 1255 2740 3764
f 1255 3764 1257
f 1257 3766 1255
f 1255 3766 2742
f 3767 7119 7431
f 2743 7431 7119
f 3765 2743 7119
f 2741 2743 3765
f 2742 3768 2744
f 3766 3768 2742
f 7433 3769 7431
f 7431 3769 3767
f 7431 2743 2745
f 7431 2745 7433
f 2744 3770 2746
f 3768 3770 2744
f 7435 3771 7433
f 7433 3771 3769
f 7433 2745 2747
f 7433 2747 7435
f 1258 3772 2748
f 1258 2748 1256
f 1256 2746 1258
f 1258 2746 3770
f 7435 7120 3771
f 3773 7120 7435
f 2747 3773 7435
f 2749 3773 2747
f 262 3774 2750
f 262 2750 260
f 260 2748 262
f 262 2748 3772
f 493 3775 186
f 3775 2749 186
f 3775 3773 2749
f 2751 493 186
f 5224 3776 2752
f 5224 2752 5222
f 6202 5224 5222
f 6202 6204 5224
f 7196 6204 6202
f 7196 7198 6204
f 7196 2750 7198
f 7198 2750 3774
f 493 188 3775
f 2751 1186 493
f 1186 188 493
f 1186 1188 188
f 2210 1188 1186
f 2210 2212 1188
f 3220 2212 2210
f 3220 3222 2212
f 4230 3222 3220
f 4230 4232 3222
f 4230 2752 4232
f 4232 2752 3776
f 3777 1079 1345
f 1345 1079 2753
f 1079 2111 2753
f 1079 2113 2111
f 2113 3115 2111
f 3117 3115 2113
f 3117 4125 3115
f 4127 4125 3117
f 4127 5107 4125
f 5109 5107 4127
f 5109 6071 5107
f 6073 6071 5109
f 6073 3778 6071
f 6071 3778 2754
f 3779 65 2755
f 2755 65 63
f 65 3777 1345
f 1077 65 1345
f 63 65 1077
f 1345 2753 1077
f 7055 2754 3778
f 7055 3778 7057
f 2756 7055 411
f 7055 119 411
f 7055 7057 119
f 119 3780 411
f 3781 6989 2757
f 2757 6989 6987
f 2755 6987 6989
f 2755 6989 3779
f 411 117 2756
f 117 411 3780
f 1115 117 3780
f 1113 117 1115
f 2758 1113 2453
f 1113 2149 2453
f 1113 1115 2149
f 2149 3782 2453
f 3783 5997 2759
f 2759 5997 5995
f 2757 5995 5997
f 2757 5997 3781
f 2453 2147 2758
f 3782 3159 3485
f 3782 3485 2760
f 2453 3782 2760
f 2147 2453 2760
f 3159 3784 3485
f 5314 5027 2761
f 2759 5027 5314
f 3785 2759 5314
f 3783 2759 3785
f 3485 3157 2760
f 3485 3784 3157
f 3784 2762 3157
f 3784 3786 2762
f 5314 2761 5029
f 2761 3787 5029
f 2761 2763 3787
f 3785 5314 5029
f 4167 2762 3786
f 4167 3786 4169
f 4169 3788 4167
f 4167 3788 2764
f 3789 4049 2765
f 2765 4049 4047
f 2763 4047 4049
f 2763 4049 3787
f 2764 3790 2766
f 3788 3790 2764
f 3791 2765 2767
f 3791 3789 2765
f 2766 3792 2768
f 3790 3792 2766
f 3793 2767 2769
f 3793 3791 2767
f 5155 2768 3792
f 5155 3792 5157
f 5157 3794 5155
f 5155 3794 2770
f 4050 3793 4340
f 3793 2771 4340
f 3793 2769 2771
f 3795 4050 4340
f 2770 3796 2772
f 3794 3796 2770
f 4048 4340 2771
f 3795 4340 4048
f 2773 3795 4048
f 3797 3795 2773
f 6131 2772 3796
f 6131 3796 6133
f 6133 3798 6131
f 6131 3798 2774
f 2773 5028 3797
f 3797 5028 5030
f 5996 5030 5028
f 5996 5998 5030
f 5996 2775 7294
f 6990 5996 7294
f 5998 5996 6990
f 3799 6990 7294
f 2774 3800 2776
f 3798 3800 2774
f 6988 7294 2775
f 66 3799 366
f 366 3799 2777
f 3799 7294 2777
f 7294 6988 2777
f 3801 66 366
f 2776 3802 2778
f 3800 3802 2776
f 64 366 2777
f 3801 366 64
f 2779 3801 64
f 3803 3801 2779
f 6134 3804 2780
f 6134 2780 6132
f 6132 2778 6134
f 6134 2778 3802
f 1080 3803 1394
f 3803 2781 1394
f 3803 2779 2781
f 3805 1080 1394
f 5158 3806 5508
f 5508 2782 5158
f 2782 3804 5158
f 2782 2780 3804
f 1078 1394 2781
f 3805 1394 1078
f 2783 3805 1078
f 3807 3805 2783
f 4170 3808 4522
f 5508 3806 4170
f 5508 4170 4522
f 5156 5508 4522
f 2784 5156 4522
f 2782 5508 5156
f 2783 2112 3807
f 3807 2112 2114
f 3809 2114 2112
f 3809 2112 2785
f 3160 3810 3520
f 4522 3808 3160
f 4522 3160 3520
f 4168 4522 3520
f 2786 4168 3520
f 2784 4522 4168
f 3811 2785 2787
f 3811 3809 2785
f 2150 3812 2494
f 3520 3810 2150
f 3520 2150 2494
f 3158 3520 2494
f 2788 3158 2494
f 2786 3520 3158
f 2787 3116 3811
f 3811 3116 3118
f 3813 3118 3116
f 3813 3116 2789
f 7058 3814 2790
f 7058 2790 7056
f 118 7058 7056
f 118 120 7058
f 1114 120 118
f 1114 1116 120
f 3812 1116 2494
f 1116 2148 2494
f 1116 1114 2148
f 2788 2494 2148
f 2789 4126 3813
f 3813 4126 4128
f 5108 4128 4126
f 5108 5110 4128
f 6072 5110 5108
f 6072 6074 5110
f 6072 2790 6074
f 6074 2790 3814
f 476 205 2791
f 1490 1203 476
f 476 1203 205
f 2508 2225 1490
f 1490 2225 1203
f 3538 3235 2508
f 2508 3235 2225
f 4544 4245 3538
f 3538 4245 3235
f 4544 2792 4245
f 3815 6155 6441
f 6441 6155 2793
f 6155 7139 2793
f 6155 7143 7139
f 209 476 2791
f 7139 209 2791
f 7143 209 7139
f 476 209 1207
f 476 1207 1490
f 1490 1207 2229
f 1490 2229 2508
f 2508 2229 3237
f 2508 3237 3538
f 3538 3237 4247
f 3538 4247 4544
f 3816 5536 5237
f 3816 5237 2792
f 4247 3816 2792
f 4544 4247 2792
f 5536 2794 5237
f 3817 5177 5449
f 3815 6441 5177
f 5177 6441 5449
f 6441 6151 5449
f 6151 2795 5449
f 6441 2793 6151
f 5239 5536 3816
f 3818 6528 6217
f 3818 6217 2794
f 5239 3818 2794
f 5536 5239 2794
f 6528 2796 6217
f 3819 4187 4459
f 3817 5449 4187
f 4187 5449 4459
f 5449 5173 4459
f 5173 2797 4459
f 5449 2795 5173
f 3820 6530 6528
f 3820 6528 3818
f 2796 6528 2798
f 2798 6528 6530
f 3821 135 379
f 379 135 1401
f 1401 135 1133
f 1401 1133 2425
f 2425 1133 2167
f 2425 2167 3455
f 3455 2167 3177
f 3819 4459 3177
f 3177 4459 3455
f 4459 4185 3455
f 4185 2799 3455
f 4459 2797 4185
f 6219 6530 3820
f 6219 3822 6530
f 3822 2798 6530
f 3822 2800 2798
f 3823 7073 7317
f 3821 379 7073
f 379 7317 7073
f 379 381 7317
f 1401 1131 2801
f 381 1401 2801
f 379 1401 381
f 2425 2165 1131
f 2425 1131 1401
f 3455 3175 2165
f 3455 2165 2425
f 3455 2799 3175
f 2800 3824 2802
f 3822 3824 2800
f 7319 3825 7317
f 7317 3825 3823
f 381 133 2803
f 7319 381 2803
f 7317 381 7319
f 381 2801 133
f 2802 3826 2804
f 3824 3826 2802
f 3827 6089 6327
f 3825 7319 6089
f 7319 6327 6089
f 7319 7321 6327
f 7319 2803 2805
f 7319 2805 7321
f 6220 3828 2806
f 6220 2806 6218
f 6218 2804 6220
f 6220 2804 3826
f 3829 5125 5353
f 3827 6327 5125
f 6327 5353 5125
f 6327 6329 5353
f 6327 7323 6329
f 6327 7321 7323
f 7321 2805 2807
f 7321 2807 7323
f 2230 3830 2524
f 2230 2524 3554
f 2230 3554 3238
f 3238 3554 4560
f 3238 4560 4248
f 4248 4560 2808
f 5238 4248 2808
f 5240 4248 5238
f 5238 2806 5240
f 5240 2806 3828
f 5355 3831 5353
f 5353 3831 3829
f 5353 6331 5355
f 5353 6329 6331
f 6329 7325 6331
f 6329 7323 7325
f 7323 2807 2809
f 7323 2809 7325
f 210 3832 2810
f 210 2810 206
f 1204 210 206
f 1204 1208 210
f 3830 1208 2524
f 1208 2226 2524
f 1208 1204 2226
f 3236 3554 2226
f 2226 3554 2524
f 4246 4560 3236
f 3236 4560 3554
f 2808 4560 4246
f 5357 3833 5355
f 5355 3833 3831
f 5355 6333 5357
f 5355 6331 6333
f 6331 7327 6333
f 6331 7325 7327
f 7325 2809 2811
f 7325 2811 7327
f 6152 6459 2812
f 7144 3834 6459
f 6152 7144 6459
f 7140 7144 6152
f 7140 2810 7144
f 7144 2810 3832
f 3835 4143 4373
f 3833 5357 4143
f 5357 4373 4143
f 5357 5359 4373
f 5357 6335 5359
f 5357 6333 6335
f 7327 7071 2813
f 6335 7327 2813
f 6333 7327 6335
f 7327 2811 7071
f 5174 5467 2814
f 6459 6156 2812
f 2812 6156 5174
f 6156 3836 5174
f 3836 5467 5174
f 6459 3834 6156
f 3837 3133 3371
f 3835 4373 3133
f 3133 4373 3371
f 4373 4141 3371
f 4141 2815 3371
f 5359 5123 4141
f 5359 4141 4373
f 6335 6087 5123
f 6335 5123 5359
f 6335 2813 6087
f 5469 2816 2814
f 5469 2814 5467
f 5467 3836 5469
f 5469 3836 3838
f 2346 2127 2817
f 3839 3837 2346
f 3837 3131 2346
f 3131 2127 2346
f 3837 3371 3131
f 3371 2815 3131
f 2816 5469 5178
f 3840 2816 5178
f 2818 2816 3840
f 5469 3838 5178
f 1336 1093 2819
f 2129 2346 2817
f 2129 2817 1093
f 3841 2129 1093
f 1336 3841 1093
f 3839 2346 2129
f 3840 5179 5473
f 2820 3840 5473
f 2818 3840 2820
f 5179 3842 5473
f 2821 1342 2819
f 2819 1342 1336
f 3841 1336 1342
f 3841 1342 3843
f 5473 5175 2820
f 5473 3842 5175
f 3842 2822 5175
f 3842 3844 2822
f 2823 1346 2821
f 2821 1346 1342
f 3843 1342 1346
f 3843 1346 3845
f 6153 2822 3844
f 6153 3844 6157
f 6157 3846 6153
f 6153 3846 2824
f 2825 1350 2823
f 2823 1350 1346
f 3845 1346 1350
f 3845 1350 3847
f 7141 2824 3846
f 7141 3846 7145
f 7145 3848 7141
f 7141 3848 2826
f 336 79 2827
f 1095 1350 2825
f 1095 2825 79
f 3849 1095 79
f 336 3849 79
f 3847 1350 1095
f 2826 3850 2828
f 3848 3850 2826
f 7274 7003 2829
f 81 336 2827
f 81 2827 7003
f 3851 81 7003
f 7274 3851 7003
f 3849 336 81
f 2828 3852 2830
f 3850 3852 2828
f 7274 2829 7005
f 2829 3853 7005
f 2829 2831 3853
f 3851 7274 7005
f 207 2830 3852
f 207 3852 211
f 211 3854 207
f 207 3854 2832
f 6294 6011 2833
f 2831 6011 6294
f 3855 2831 6294
f 3853 2831 3855
f 1205 2832 3854
f 1205 3854 1209
f 1209 3856 1205
f 1205 3856 2834
f 2835 6296 2833
f 2833 6296 6294
f 3855 6294 6296
f 3855 6296 3857
f 2227 2834 3856
f 2227 3856 2231
f 2231 3858 2227
f 2227 3858 2836
f 2837 6298 2835
f 2835 6298 6296
f 3857 6296 6298
f 3857 6298 3859
f 2836 3860 2838
f 3858 3860 2836
f 2839 6300 2837
f 2837 6300 6298
f 3859 6298 6300
f 3859 6300 3861
f 2838 3862 2840
f 3860 3862 2838
f 6012 6300 2839
f 7006 3861 7290
f 7290 3861 2841
f 3861 6300 2841
f 6300 6012 2841
f 3863 7006 7290
f 3134 3864 3426
f 3865 3134 3426
f 2228 2541 2842
f 2228 2840 2541
f 2840 3866 2541
f 2840 3862 3866
f 7004 7290 2841
f 7290 7004 3863
f 7004 82 3863
f 7004 80 82
f 1094 82 80
f 1094 1096 82
f 2128 1096 1094
f 2128 2130 1096
f 3864 2130 3426
f 2130 3132 3426
f 2130 2128 3132
f 4144 3865 4436
f 4436 3865 2843
f 3865 3426 2843
f 3426 3132 2843
f 4144 4436 5420
f 4144 5420 5126
f 3867 5126 5420
f 2543 2844 2842
f 2543 2842 2541
f 2541 3866 2543
f 2543 3866 3868
f 4142 4436 2843
f 5124 5420 4142
f 4142 5420 4436
f 6090 3867 6400
f 6400 3867 2845
f 3867 5420 2845
f 5420 5124 2845
f 3869 6090 6400
f 2545 2846 2844
f 2545 2844 2543
f 2543 3868 2545
f 2545 3868 3870
f 6088 6400 2845
f 6400 6088 3869
f 6088 7074 3869
f 6088 7072 7074
f 3871 7074 7072
f 3871 7072 2847
f 2547 2848 2846
f 2547 2846 2545
f 2545 3870 2547
f 2547 3870 3872
f 2847 134 3871
f 3871 134 136
f 1132 136 134
f 1132 1134 136
f 2166 2479 3873
f 1134 2166 3873
f 1132 2166 1134
f 3176 3509 2479
f 3176 2479 2166
f 4186 4515 3509
f 4186 3509 3176
f 2849 4515 4186
f 2549 2850 2848
f 2549 2848 2547
f 2547 3872 2549
f 2549 3872 3874
f 2479 2168 3873
f 2168 2479 3178
f 3178 2479 3509
f 3178 3509 4188
f 4188 3509 4515
f 2849 5176 4515
f 5176 4188 4515
f 5176 5180 4188
f 6154 6501 3875
f 5180 6154 3875
f 5176 6154 5180
f 2851 6501 6154
f 2551 2852 2850
f 2551 2850 2549
f 3239 3581 3874
f 3581 2549 3874
f 3581 2551 2549
f 3581 3239 4587
f 4587 3239 4249
f 4249 3876 4587
f 6501 6158 3875
f 7485 3877 7142
f 7142 3877 2851
f 3877 6158 2851
f 6158 6501 2851
f 2853 7485 7142
f 2553 2854 2852
f 2553 2852 2551
f 2551 3583 2553
f 2551 3581 3583
f 3581 4589 3583
f 3581 4587 4589
f 4587 3876 4589
f 4589 3876 3878
f 7485 7146 3877
f 533 3879 208
f 208 3879 2853
f 3879 7146 2853
f 7146 7485 2853
f 1206 1545 533
f 1206 533 208
f 1545 1206 2854
f 2553 1545 2854
f 2555 1545 2553
f 2553 3585 2555
f 2553 3583 3585
f 3583 4591 3585
f 3583 4589 4591
f 4589 3878 4591
f 4591 3878 3880
f 533 212 3879
f 212 533 1210
f 1210 533 1545
f 1210 1545 3881
f 1545 2557 3881
f 1545 2555 2557
f 2555 3587 2557
f 2555 3585 3587
f 3882 3587 4250
f 3587 4591 4250
f 3587 3585 4591
f 4591 3880 4250
f 2557 2232 3881
f 2232 2557 3240
f 3240 2557 3587
f 3587 3882 3240
f 4460 4201 2855
f 5452 5193 4460
f 4460 5193 4201
f 6446 6175 5452
f 5452 6175 5193
f 6446 2856 6175
f 2426 2181 2857
f 3456 3191 2426
f 2426 3191 2181
f 3191 3456 2855
f 3456 4460 2855
f 3456 4462 4460
f 5454 4460 4462
f 5452 4460 5454
f 6448 5452 5454
f 6446 5452 6448
f 2856 6446 7169
f 6446 7430 7169
f 6446 6448 7430
f 7430 2858 7169
f 1404 1153 2859
f 1153 1404 2857
f 1404 2426 2857
f 1404 2428 2426
f 3458 2426 2428
f 3456 2426 3458
f 4464 3456 3458
f 4462 3456 4464
f 5456 4462 4464
f 5454 4462 5456
f 6450 5454 5456
f 6448 5454 6450
f 7170 7430 2860
f 7430 6450 2860
f 7430 6448 6450
f 2858 7430 7170
f 2861 1406 2859
f 2859 1406 1404
f 2430 1404 1406
f 2428 1404 2430
f 3460 2428 2430
f 3458 2428 3460
f 4466 3458 3460
f 4464 3458 4466
f 5458 4464 4466
f 5456 4464 5458
f 6176 6450 2862
f 6450 5458 2862
f 6450 5456 5458
f 2860 6450 6176
f 386 157 2863
f 1157 1406 2861
f 1157 2861 157
f 3883 1157 157
f 386 3883 157
f 1406 1157 2183
f 1406 2183 2430
f 2430 2183 3884
f 3462 2430 3884
f 3460 2430 3462
f 4468 3460 3462
f 4466 3460 4468
f 5194 5458 2864
f 5458 4468 2864
f 5458 4466 4468
f 2862 5458 5194
f 3885 7099 2865
f 2865 7099 7095
f 161 386 2863
f 7095 161 2863
f 7099 161 7095
f 3883 386 161
f 3886 3464 3462
f 3886 3462 3884
f 4202 4468 2866
f 4468 3464 2866
f 4468 3462 3464
f 2864 4468 4202
f 5356 5141 2867
f 3887 6113 5356
f 6113 5141 5356
f 6113 6109 5141
f 2865 6109 6113
f 2865 6113 3885
f 3193 3464 3886
f 3193 3888 3464
f 3888 2866 3464
f 3888 2868 2866
f 2869 5358 2867
f 2867 5358 5356
f 3887 5356 5358
f 3887 5358 3889
f 3890 4474 4203
f 2868 3890 4203
f 3888 3890 2868
f 4474 2870 4203
f 2871 5360 2869
f 2869 5360 5358
f 3889 5358 5360
f 3889 5360 3891
f 4205 4474 3890
f 3892 5468 5195
f 3892 5195 2870
f 4205 3892 2870
f 4474 4205 2870
f 5468 2872 5195
f 2873 5364 2871
f 2871 5364 5360
f 3891 5360 5364
f 3891 5364 3893
f 5197 5468 3892
f 3894 6464 6177
f 3894 6177 2872
f 5197 3894 2872
f 5468 5197 2872
f 6464 2874 6177
f 5142 5364 2873
f 6114 3893 6344
f 6344 3893 2875
f 3893 5364 2875
f 5364 5142 2875
f 3895 6114 6344
f 6179 6464 3894
f 3896 7450 7171
f 3896 7171 2874
f 6179 3896 2874
f 6464 6179 2874
f 7450 2876 7171
f 6110 6344 2875
f 6344 6110 3895
f 6110 7100 3895
f 6110 7096 7100
f 3897 7100 7096
f 3897 7096 2877
f 7173 7450 3896
f 3898 498 237
f 3898 237 2876
f 7173 3898 2876
f 7450 7173 2876
f 498 2878 237
f 2877 158 3897
f 3897 158 162
f 3899 162 158
f 3899 158 2879
f 239 498 3898
f 3900 1512 1235
f 3900 1235 2878
f 239 3900 2878
f 498 239 2878
f 1512 2880 1235
f 1429 3901 1154
f 3901 2879 1154
f 3901 3899 2879
f 2881 1429 1154
f 1237 1512 3900
f 1237 3902 1512
f 3902 2880 1512
f 3902 2882 2880
f 1433 3903 1429
f 1429 3903 3901
f 1429 2881 2883
f 1429 2883 1433
f 2882 3904 2884
f 3902 3904 2882
f 1433 1158 3903
f 3905 1158 1433
f 2883 3905 1433
f 2885 3905 2883
f 2884 3906 2886
f 3904 3906 2884
f 3907 2885 2887
f 3907 3905 2885
f 3906 2259 2529
f 2888 3906 2529
f 2886 3906 2888
f 2259 3908 2529
f 3909 5261 5553
f 5553 5261 6543
f 6543 5261 6233
f 6543 6233 7523
f 7523 6233 7221
f 7523 7221 565
f 565 7221 283
f 565 283 1573
f 1573 283 1275
f 1275 3910 1573
f 3911 2887 2889
f 3911 3907 2887
f 2529 2257 2888
f 3908 3265 3561
f 3908 3561 2890
f 2529 3908 2890
f 2257 2529 2890
f 3561 3265 4567
f 4567 3265 4273
f 3909 5553 4273
f 5553 4567 4273
f 5553 5555 4567
f 6543 6231 2891
f 5555 6543 2891
f 5553 6543 5555
f 7523 7219 6231
f 7523 6231 6543
f 565 281 7219
f 565 7219 7523
f 1573 1271 281
f 1573 281 565
f 3910 2291 2579
f 3910 2579 2892
f 1573 3910 2892
f 1271 1573 2892
f 2291 3912 2579
f 3913 2889 2893
f 3913 3911 2889
f 3561 3263 2890
f 4567 4271 3263
f 4567 3263 3561
f 5555 5259 4271
f 5555 4271 4567
f 5555 2891 5259
f 2579 2287 2892
f 3912 3295 3609
f 3912 3609 2894
f 2579 3912 2894
f 2287 2579 2894
f 3295 3914 3609
f 3915 1159 2895
f 2895 1159 1155
f 2893 1155 1159
f 2893 1159 3913
f 3611 2896 2894
f 3611 2894 3609
f 4303 4615 3914
f 4615 3609 3914
f 4615 3611 3609
f 4303 3916 4615
f 3917 163 2897
f 2897 163 159
f 2895 159 163
f 2895 163 3915
f 3611 3293 2896
f 4615 4301 3293
f 4615 3293 3611
f 3916 5293 5605
f 3916 5605 2898
f 4615 3916 2898
f 4301 4615 2898
f 5605 5293 6595
f 6595 5293 6265
f 6265 3918 6595
f 3919 7101 2899
f 2899 7101 7097
f 2897 7097 7101
f 2897 7101 3917
f 5605 5291 2898
f 6595 6263 5291
f 6595 5291 5605
f 6263 6595 3918
f 7253 6263 3918
f 7251 6263 7253
f 7253 3920 7251
f 7251 3920 2900
f 6394 6111 2901
f 2899 6111 6394
f 3921 2899 6394
f 3919 2899 3921
f 3920 315 627
f 2902 3920 627
f 2900 3920 2902
f 315 3922 627
f 2903 6398 2901
f 2901 6398 6394
f 3921 6394 6398
f 3921 6398 3923
f 627 313 2902
f 3922 1301 1633
f 3922 1633 2904
f 627 3922 2904
f 313 627 2904
f 1301 3924 1633
f 6398 2903 6115
f 2903 3925 6115
f 2903 2905 3925
f 3923 6398 6115
f 1633 1299 2904
f 1633 3924 1299
f 3924 2906 1299
f 3924 3926 2906
f 3927 2905 2907
f 3927 3925 2905
f 2906 3928 2908
f 3926 3928 2906
f 3929 2907 2909
f 3929 3927 2907
f 3930 2628 2311
f 2908 3930 2311
f 3928 3930 2908
f 2628 2910 2311
f 3931 2909 2911
f 3931 3929 2909
f 3932 2630 2628
f 3932 2628 3930
f 2910 2628 2912
f 2912 2628 2630
f 3933 2911 2913
f 3933 3931 2911
f 3934 2632 2630
f 3934 2630 3932
f 2912 2630 2914
f 2914 2630 2632
f 3935 2913 2915
f 3935 3933 2913
f 1302 3936 1646
f 2632 3934 1302
f 2632 1302 1646
f 2312 2632 1646
f 2916 2312 1646
f 2914 2632 2312
f 3937 2915 2917
f 3937 3935 2915
f 6266 3938 2918
f 6266 2918 6264
f 7252 6266 6264
f 7252 7254 6266
f 314 7254 7252
f 314 316 7254
f 3936 316 1646
f 316 1300 1646
f 316 314 1300
f 2916 1646 1300
f 3939 5143 5439
f 2919 5439 5143
f 3937 2919 5143
f 2917 2919 3937
f 2288 2607 2920
f 3294 3635 2607
f 3294 2607 2288
f 4304 3940 3635
f 3294 4304 3635
f 4302 4304 3294
f 5292 4304 4302
f 5292 5294 4304
f 5292 2918 5294
f 5294 2918 3938
f 5441 3941 5439
f 5439 3941 3939
f 5439 2919 2921
f 5439 2921 5441
f 1272 1605 2922
f 2607 2292 2920
f 2920 2292 1272
f 2292 3942 1272
f 3942 1605 1272
f 2292 2607 3296
f 3296 2607 3635
f 3635 3940 3296
f 5443 3943 5441
f 5441 3943 3941
f 5441 2921 2923
f 5441 2923 5443
f 1607 2924 2922
f 1607 2922 1605
f 1605 3942 1607
f 1607 3942 3944
f 5445 3945 5443
f 5443 3945 3943
f 5443 2923 2925
f 5443 2925 5445
f 4204 4537 2926
f 5196 5525 4537
f 5196 4537 4204
f 6178 6515 5525
f 6178 5525 5196
f 7172 7497 6515
f 7172 6515 6178
f 2927 7497 7172
f 1609 2928 2924
f 1609 2924 1607
f 2293 2613 3944
f 2613 1607 3944
f 2613 1609 1607
f 2293 3946 2613
f 5445 5144 3945
f 6439 3947 6112
f 6112 3947 2925
f 3947 5144 2925
f 5144 5445 2925
f 2929 6439 6112
f 2182 2505 2930
f 3192 3535 2505
f 3192 2505 2182
f 4537 4206 2926
f 2926 4206 3192
f 4206 3948 3192
f 3948 3535 3192
f 4206 4537 5198
f 5198 4537 5525
f 5198 5525 6180
f 6180 5525 6515
f 6180 6515 3949
f 6515 7499 3949
f 6515 7497 7499
f 7497 2927 238
f 545 7497 238
f 7499 7497 545
f 2931 545 238
f 1609 1273 2928
f 2615 2932 1273
f 1609 2615 1273
f 2613 2615 1609
f 2613 3946 2615
f 2615 3946 3950
f 6439 6116 3947
f 2929 7098 6439
f 7098 6116 6439
f 7098 7102 6116
f 160 7102 7098
f 160 164 7102
f 1156 164 160
f 1156 1160 164
f 2505 2184 2930
f 2184 1156 2930
f 2184 1160 1156
f 2184 2505 3194
f 3194 2505 3535
f 3535 3948 3194
f 7499 7174 3949
f 7174 7499 3951
f 7499 547 3951
f 7499 545 547
f 545 2931 1236
f 1559 545 1236
f 547 545 1559
f 2933 1559 1236
f 2615 2289 2932
f 3950 3297 3643
f 3950 3643 2934
f 2615 3950 2934
f 2289 2615 2934
f 3297 3952 3643
f 547 240 3951
f 240 547 1238
f 1238 547 1559
f 2933 2258 1559
f 2258 1238 1559
f 2258 2260 1238
f 3264 2260 2258
f 3264 3266 2260
f 4272 4607 3953
f 3266 4272 3953
f 3264 4272 3266
f 2935 4607 4272
f 3645 2936 2934
f 3645 2934 3643
f 3643 3952 3645
f 3645 3952 3954
f 4607 4274 3953
f 2935 5260 4607
f 5260 4274 4607
f 5260 5262 4274
f 6232 6587 3955
f 5262 6232 3955
f 5260 6232 5262
f 2937 6587 6232
f 3647 2938 2936
f 3647 2936 3645
f 3645 3954 3647
f 3647 3954 3956
f 6587 6234 3955
f 7569 3957 7220
f 7220 3957 2937
f 3957 6234 2937
f 6234 6587 2937
f 2939 7569 7220
f 2290 2623 2940
f 2623 2290 2938
f 3647 2623 2938
f 3649 2623 3647
f 3647 3956 3649
f 3649 3956 3958
f 7569 7222 3957
f 2939 282 7569
f 282 7222 7569
f 282 284 7222
f 1274 1621 3959
f 284 1274 3959
f 282 1274 284
f 1621 1274 2940
f 2623 1621 2940
f 2625 1621 2623
f 3960 2625 3298
f 2625 3649 3298
f 2625 2623 3649
f 3649 3958 3298
f 1621 1276 3959
f 1276 1621 2294
f 2294 1621 2625
f 2625 3960 2294
f 7524 7235 2941
f 566 297 7524
f 7524 297 7235
f 1574 1289 566
f 566 1289 297
f 2578 2307 1574
f 1574 2307 1289
f 2578 2942 2307
f 2943 7526 2941
f 2941 7526 7524
f 568 7524 7526
f 566 7524 568
f 1576 566 568
f 1574 566 1576
f 2580 1574 1576
f 2578 1574 2580
f 2942 2578 3317
f 2578 3608 3317
f 2578 2580 3608
f 3608 2944 3317
f 2945 7528 2943
f 2943 7528 7526
f 570 7526 7528
f 568 7526 570
f 1578 568 570
f 1576 568 1578
f 2582 1576 1578
f 2580 1576 2582
f 3610 2580 2582
f 3608 2580 3610
f 2944 3608 2946
f 2946 3608 3610
f 2947 7530 2945
f 2945 7530 7528
f 572 7528 7530
f 570 7528 572
f 1580 570 572
f 1578 570 1580
f 2584 1578 1580
f 2582 1578 2584
f 3612 2582 2584
f 3610 2582 3612
f 2946 3610 2948
f 2948 3610 3612
f 2949 7532 2947
f 2947 7532 7530
f 574 7530 7532
f 572 7530 574
f 1582 572 574
f 1580 572 1582
f 2308 2584 2950
f 2584 1582 2950
f 2584 1580 1582
f 3318 3612 2308
f 2308 3612 2584
f 2948 3612 3318
f 6554 6247 2951
f 6247 6554 2949
f 6554 7532 2949
f 6554 7534 7532
f 576 7532 7534
f 574 7532 576
f 1290 1582 2952
f 1582 576 2952
f 1582 574 576
f 2950 1582 1290
f 2953 6556 2951
f 2951 6556 6554
f 7536 6554 6556
f 7534 6554 7536
f 578 7534 7536
f 576 7534 578
f 2952 576 2954
f 2954 576 578
f 5568 5275 2955
f 5275 5568 2953
f 5568 6556 2953
f 5568 6558 6556
f 7538 6556 6558
f 7536 6556 7538
f 298 578 2956
f 578 7538 2956
f 578 7536 7538
f 2954 578 298
f 4582 4287 2957
f 4287 4582 2955
f 4582 5568 2955
f 4582 5570 5568
f 5570 3961 6249
f 6558 5570 6249
f 5568 5570 6558
f 6558 6249 3962
f 7540 6558 3962
f 7538 6558 7540
f 2956 7538 299
f 7538 582 299
f 7538 7540 582
f 582 2958 299
f 2548 2273 2959
f 3578 3279 2548
f 2548 3279 2273
f 4289 4582 2957
f 4289 2957 3279
f 3963 4289 3279
f 3578 3963 3279
f 4582 4289 5277
f 4582 5277 5570
f 3961 5570 5277
f 3964 7542 7540
f 3964 7540 3962
f 300 582 2960
f 582 7542 2960
f 582 7540 7542
f 2958 582 300
f 1462 1177 2961
f 2480 2199 1462
f 1462 2199 1177
f 3510 3209 2480
f 2480 3209 2199
f 4516 4219 3510
f 3510 4219 3209
f 5506 5211 4516
f 4516 5211 4219
f 6500 6193 5506
f 5506 6193 5211
f 7482 7187 6500
f 6500 7187 6193
f 528 253 7482
f 7482 253 7187
f 1540 1251 528
f 528 1251 253
f 2275 2548 2959
f 2275 2959 1251
f 3965 2275 1251
f 1540 3965 1251
f 2548 2275 3281
f 2548 3281 3578
f 3963 3578 3281
f 3966 7544 7542
f 3966 7542 3964
f 2960 7542 2962
f 2962 7542 7544
f 450 181 2963
f 1179 1462 2961
f 1179 2961 181
f 3967 1179 181
f 450 3967 181
f 1462 1179 2201
f 1462 2201 2480
f 2480 2201 3211
f 2480 3211 3510
f 3510 3211 4221
f 3510 4221 4516
f 4516 4221 5213
f 4516 5213 5506
f 5506 5213 3968
f 6502 5506 3968
f 6500 5506 6502
f 7484 6500 6502
f 7482 6500 7484
f 530 7482 7484
f 528 7482 530
f 1542 528 530
f 1540 528 1542
f 3965 1540 1542
f 3965 1542 3969
f 3970 7546 7544
f 3970 7544 3966
f 2962 7544 301
f 7544 588 301
f 7544 7546 588
f 588 2964 301
f 7400 7117 2965
f 183 450 2963
f 183 2963 7117
f 3971 183 7117
f 7400 3971 7117
f 3967 450 183
f 6195 6502 3968
f 6502 6195 3972
f 7486 6502 3972
f 7484 6502 7486
f 532 7484 7486
f 530 7484 532
f 1544 530 532
f 1542 530 1544
f 3969 1542 1544
f 3969 1544 3973
f 7237 7546 3970
f 7546 7237 3974
f 590 7546 3974
f 588 7546 590
f 2964 588 2966
f 2966 588 590
f 2967 7404 2965
f 2965 7404 7400
f 3971 7400 7404
f 3971 7404 3975
f 3976 7488 7486
f 3976 7486 3972
f 534 7486 7488
f 532 7486 534
f 1546 532 534
f 1544 532 1546
f 2556 2276 3973
f 1544 2556 3973
f 1546 2556 1544
f 2276 2556 3586
f 2276 3586 3282
f 3977 3282 3586
f 3978 592 590
f 3978 590 3974
f 2966 590 2968
f 2968 590 592
f 2969 7408 2967
f 2967 7408 7404
f 3975 7404 7408
f 3975 7408 3979
f 3980 7490 7488
f 3980 7488 3976
f 536 7488 7490
f 534 7488 536
f 1252 1546 2970
f 1546 536 2970
f 1546 534 536
f 2971 2558 1252
f 2558 1546 1252
f 2558 2556 1546
f 3588 2556 2558
f 3586 2556 3588
f 3977 3586 3588
f 3977 3588 3981
f 3982 594 592
f 3982 592 3978
f 2968 592 2972
f 2972 592 594
f 7118 7408 2969
f 3979 7408 7118
f 2973 3979 7118
f 3983 3979 2973
f 6196 3984 6510
f 7490 3980 6196
f 6510 7490 6196
f 7492 7490 6510
f 254 536 2974
f 536 7492 2974
f 536 7490 7492
f 2970 536 254
f 2274 2558 2971
f 2975 3590 2274
f 3590 2558 2274
f 3590 3588 2558
f 4596 4290 3981
f 3588 4596 3981
f 3590 4596 3588
f 3985 4290 4596
f 3986 596 594
f 3986 594 3982
f 2972 594 2976
f 2976 594 596
f 184 3983 468
f 3983 2977 468
f 3983 2973 2977
f 3987 184 468
f 4222 3988 4534
f 4222 4534 5522
f 4222 5522 5214
f 6510 3984 5214
f 5522 6510 5214
f 6512 6510 5522
f 7188 7492 2978
f 7492 6512 2978
f 7492 6510 6512
f 2974 7492 7188
f 2979 3592 2975
f 2975 3592 3590
f 4598 3590 3592
f 4596 3590 4598
f 5586 5278 3985
f 4596 5586 3985
f 4598 5586 4596
f 3989 5278 5586
f 3990 598 596
f 3990 596 3986
f 2976 596 2980
f 2980 596 598
f 2981 470 2977
f 2977 470 468
f 3987 468 470
f 3987 470 3991
f 3212 3992 3532
f 4534 3988 3212
f 3532 4534 3212
f 4536 4534 3532
f 5524 4534 4536
f 5522 4534 5524
f 6514 5522 5524
f 6512 5522 6514
f 2978 6512 2982
f 2982 6512 6514
f 2983 3594 2979
f 2979 3594 3592
f 4600 3592 3594
f 4598 3592 4600
f 5588 4598 4600
f 5586 4598 5588
f 6578 6250 3989
f 5586 6578 3989
f 5588 6578 5586
f 6250 6578 7558
f 6250 7558 7238
f 598 3990 7238
f 7558 598 7238
f 600 598 7558
f 2980 598 2984
f 2984 598 600
f 182 470 2981
f 1180 3991 1486
f 1486 3991 2985
f 3991 470 2985
f 470 182 2985
f 1180 1486 2504
f 1180 2504 2202
f 3532 3992 2202
f 2504 3532 2202
f 3534 3532 2504
f 4538 3532 3534
f 4536 3532 4538
f 5526 4536 4538
f 5524 4536 5526
f 6516 5524 5526
f 6514 5524 6516
f 2982 6514 7189
f 6514 7498 7189
f 6514 6516 7498
f 7498 2986 7189
f 2987 3596 2983
f 2983 3596 3594
f 4602 3594 3596
f 4600 3594 4602
f 5590 4600 4602
f 5588 4600 5590
f 6580 5588 5590
f 6578 5588 6580
f 7560 6578 6580
f 7558 6578 7560
f 302 600 2988
f 600 7560 2988
f 600 7558 7560
f 2984 600 302
f 1178 1486 2985
f 2200 2504 1178
f 1178 2504 1486
f 3210 3534 2200
f 2200 3534 2504
f 4220 4538 3210
f 3210 4538 3534
f 5212 5526 4220
f 4220 5526 4538
f 2989 6518 5212
f 6518 5526 5212
f 6518 6516 5526
f 7500 6516 6518
f 7498 6516 7500
f 2986 7498 255
f 7498 546 255
f 7498 7500 546
f 1558 1253 546
f 546 1253 255
f 1558 2990 1253
f 3280 3596 2987
f 2991 4604 3280
f 4604 3596 3280
f 4604 4602 3596
f 5592 4602 4604
f 5590 4602 5592
f 6582 5590 5592
f 6580 5590 6582
f 7562 6580 6582
f 7560 6580 7562
f 2988 7560 2992
f 2992 7560 7562
f 2993 6520 2989
f 2989 6520 6518
f 7502 6518 6520
f 7500 6518 7502
f 548 7500 7502
f 546 7500 548
f 1560 546 548
f 1558 546 1560
f 2990 1558 2994
f 2994 1558 1560
f 4288 4604 2991
f 5276 5592 4288
f 4288 5592 4604
f 2995 6584 5276
f 6584 5592 5276
f 6584 6582 5592
f 7564 6582 6584
f 7562 6582 7564
f 2992 7562 2996
f 2996 7562 7564
f 6194 6520 2993
f 2997 7504 6194
f 7504 6520 6194
f 7504 7502 6520
f 550 7502 7504
f 548 7502 550
f 1562 548 550
f 1560 548 1562
f 2994 1560 2998
f 2998 1560 1562
f 6248 6584 2995
f 7236 7564 6248
f 6248 7564 6584
f 2996 7564 7236
f 7190 7504 2997
f 256 550 7190
f 7190 550 7504
f 1254 1562 256
f 256 1562 550
f 2998 1562 1254
f 3370 3057 3653
f 4376 4071 3370
f 3370 4071 3057
f 5362 5051 4376
f 4376 5051 4071
f 5362 3654 5051
f 2344 2041 3655
f 3061 3370 3653
f 3061 3653 2041
f 4647 3061 2041
f 2344 4647 2041
f 3370 3061 4075
f 3370 4075 4376
f 4376 4075 5055
f 4376 5055 5362
f 4648 6342 6019
f 4648 6019 3654
f 5055 4648 3654
f 5362 5055 3654
f 6342 3656 6019
f 2344 3655 2045
f 3655 4649 2045
f 3655 3657 4649
f 4647 2344 2045
f 6021 6342 4648
f 6021 4650 6342
f 4650 3656 6342
f 4650 3658 3656
f 4651 3657 3659
f 4651 4649 3657
f 3658 4652 3660
f 4650 4652 3658
f 4653 3659 3661
f 4653 4651 3659
f 4652 7011 7347
f 3662 4652 7347
f 3660 4652 3662
f 7011 4654 7347
f 4655 3661 3663
f 4655 4653 3661
f 6020 6357 3664
f 7347 7012 3662
f 3662 7012 6020
f 7012 4656 6020
f 4656 6357 6020
f 7347 4654 7012
f 2363 4657 2042
f 4657 3663 2042
f 4657 4655 3663
f 3665 2363 2042
f 5052 5385 3666
f 5385 5052 3664
f 6357 5385 3664
f 6361 5385 6357
f 6357 4656 6361
f 6361 4656 4658
f 2367 4659 2363
f 2363 4659 4657
f 2363 3665 3058
f 3397 2363 3058
f 2367 2363 3397
f 4072 4403 3397
f 4072 3397 3058
f 5385 5056 3666
f 3666 5056 4072
f 5056 4660 4072
f 4660 4403 4072
f 5056 5385 6022
f 6022 5385 6361
f 6361 4658 6022
f 2367 2046 4659
f 2046 2367 4661
f 2367 3401 4661
f 2367 3397 3401
f 3397 4407 3401
f 3397 4403 4407
f 4403 4660 4407
f 4407 4660 4662
f 4663 2047 2377
f 4661 3401 2047
f 3401 2377 2047
f 3401 3407 2377
f 3401 4411 3407
f 3401 4407 4411
f 4407 4662 4411
f 4411 4662 4664
f 2383 4665 2377
f 2377 4665 4663
f 3407 3059 3667
f 2383 3407 3667
f 2377 3407 2383
f 4411 4073 3059
f 4411 3059 3407
f 4664 5057 5401
f 4664 5401 3668
f 4411 4664 3668
f 4073 4411 3668
f 5057 4666 5401
f 4667 1009 1375
f 4665 2383 1009
f 1009 2383 1375
f 2383 2043 1375
f 2043 3669 1375
f 2383 3667 2043
f 5401 5053 3668
f 4666 6023 6381
f 4666 6381 3670
f 5401 4666 3670
f 5053 5401 3670
f 6023 4668 6381
f 1379 4669 1375
f 1375 4669 4667
f 1375 3669 3671
f 1375 3671 1379
f 6385 3672 3670
f 6385 3670 6381
f 6381 4668 6385
f 6385 4668 4670
f 1383 4671 1379
f 1379 4671 4669
f 1379 3671 3673
f 1379 3673 1383
f 6389 3674 3672
f 6389 3672 6385
f 6385 4670 6389
f 6389 4670 4672
f 1385 4673 1383
f 1383 4673 4671
f 1383 3673 2044
f 2399 1383 2044
f 1385 1383 2399
f 3675 2399 2044
f 5054 5417 3676
f 6389 6024 3674
f 3674 6024 5054
f 6024 4674 5054
f 4674 5417 5054
f 6389 4672 6024
f 1385 1010 4673
f 1010 1385 2048
f 2048 1385 2399
f 3675 3060 2399
f 3060 2048 2399
f 3060 3062 2048
f 4074 3062 3060
f 4074 4076 3062
f 5417 5058 3676
f 5058 4074 3676
f 5058 4076 4074
f 5417 4674 5058
f 2356 2063 3677
f 3386 3077 2356
f 2356 3077 2063
f 4392 4089 3386
f 3386 4089 3077
f 5378 5071 4392
f 4392 5071 4089
f 6354 6037 5378
f 5378 6037 5071
f 6354 3678 6037
f 3679 2360 3677
f 3677 2360 2356
f 3390 2356 2360
f 3386 2356 3390
f 4396 3386 3390
f 4392 3386 4396
f 5382 4392 4396
f 5378 4392 5382
f 6358 5378 5382
f 6354 5378 6358
f 3678 6354 3680
f 3680 6354 6358
f 1352 1029 3681
f 1029 1352 3679
f 1352 2360 3679
f 1352 2364 2360
f 3394 2360 2364
f 3390 2360 3394
f 4400 3390 3394
f 4396 3390 4400
f 5386 4396 4400
f 5382 4396 5386
f 6362 5382 5386
f 6358 5382 6362
f 3680 6358 3682
f 3682 6358 6362
f 3683 1356 3681
f 3681 1356 1352
f 2368 1352 1356
f 2364 1352 2368
f 3398 2364 2368
f 3394 2364 3398
f 4404 3394 3398
f 4400 3394 4404
f 5390 4400 4404
f 5386 4400 5390
f 6366 5386 5390
f 6362 5386 6366
f 3682 6362 3684
f 3684 6362 6366
f 1030 1356 3683
f 2064 2368 1030
f 1030 2368 1356
f 3078 3398 2064
f 2064 3398 2368
f 4090 4404 3078
f 3078 4404 3398
f 5072 5390 4090
f 4090 5390 4404
f 6038 6366 5072
f 5072 6366 5390
f 3684 6366 6038
f 4675 5951 6299
f 6299 5951 7287
f 7287 5951 6943
f 7287 6943 357
f 357 6943 19
f 19 4676 357
f 4677 4983 5327
f 4675 6299 4983
f 4983 6299 5327
f 6299 5949 5327
f 5949 3685 5327
f 7287 6941 5949
f 7287 5949 6299
f 357 17 6941
f 357 6941 7287
f 17 357 4676
f 1033 17 4676
f 1031 17 1033
f 2396 2065 4678
f 2065 1033 4678
f 2065 1031 1033
f 2396 3686 2065
f 4679 4003 4343
f 4677 5327 4003
f 4003 5327 4343
f 5327 4981 4343
f 4981 3687 4343
f 5327 3685 4981
f 2067 2396 4678
f 2067 4680 2396
f 4680 3686 2396
f 4680 3688 3686
f 4001 3689 4343
f 3689 4679 4343
f 3689 4681 4679
f 4343 3687 4001
f 4682 3432 3079
f 3688 4682 3079
f 4680 4682 3688
f 3432 3690 3079
f 4683 3009 3345
f 3691 3345 3009
f 4681 3691 3009
f 3689 3691 4681
f 4684 3436 3432
f 4684 3432 4682
f 3690 3432 3692
f 3692 3432 3436
f 4685 2011 2329
f 4683 3345 2011
f 2011 3345 2329
f 3345 3007 2329
f 3007 3693 2329
f 3345 3691 3007
f 3694 3080 3436
f 4684 3694 3436
f 4686 3694 4684
f 3692 3436 3080
f 2009 3695 2329
f 3695 4685 2329
f 3695 4687 4685
f 2329 3693 2009
f 3694 4688 3696
f 4686 4688 3694
f 4689 3695 3697
f 4689 4687 3695
f 2068 4690 3698
f 2068 3698 2066
f 2066 3696 2068
f 2068 3696 4688
f 4691 3697 3699
f 4691 4689 3697
f 20 4692 3700
f 20 3700 18
f 1032 20 18
f 1032 1034 20
f 1032 3698 1034
f 1034 3698 4690
f 2012 4691 2338
f 4691 3701 2338
f 4691 3699 3701
f 4693 2012 2338
f 5952 4694 6320
f 5952 6320 3702
f 6942 5952 3702
f 6944 5952 6942
f 6942 3700 6944
f 6944 3700 4692
f 2010 2338 3701
f 3010 4693 3358
f 3358 4693 3703
f 4693 2338 3703
f 2338 2010 3703
f 3010 3358 4362
f 3010 4362 4004
f 4004 4362 3704
f 4982 4004 3704
f 4984 4004 4982
f 4694 4984 6320
f 4984 5950 6320
f 4984 4982 5950
f 3702 6320 5950
f 3008 3358 3703
f 4002 4362 3008
f 3008 4362 3358
f 3704 4362 4002
f 4695 4019 3705
f 3705 4019 4017
f 4019 4997 4017
f 4999 4997 4019
f 4999 5965 4997
f 5967 5965 4999
f 5967 6957 5965
f 6959 6957 5967
f 6959 33 6957
f 35 33 6959
f 35 4696 33
f 33 4696 3706
f 4697 3025 3707
f 3707 3025 3023
f 3705 3023 3025
f 3705 3025 4695
f 1047 3706 4696
f 1047 4696 1049
f 1049 2081 1047
f 2083 2081 1049
f 3708 2081 3403
f 2081 3087 3403
f 2081 2083 3087
f 3087 4698 3403
f 4699 2027 2313
f 3709 2313 2027
f 4697 3709 2027
f 3707 3709 4697
f 3403 3085 3708
f 4698 4097 4413
f 4698 4413 3710
f 3403 4698 3710
f 3085 3403 3710
f 4097 4700 4413
f 2025 3711 2313
f 3711 4699 2313
f 3711 4701 4699
f 2313 3709 2025
f 4419 3712 3710
f 4419 3710 4413
f 4413 4700 4419
f 4419 4700 4702
f 4703 3711 3713
f 4703 4701 3711
f 4419 4095 3712
f 4702 5079 5407
f 4702 5407 3714
f 4419 4702 3714
f 4095 4419 3714
f 5079 4704 5407
f 4705 3713 3715
f 4705 4703 3713
f 5411 3716 3714
f 5411 3714 5407
f 5407 4704 5411
f 5411 4704 4706
f 4707 3715 3717
f 4707 4705 3715
f 5411 5077 3716
f 4706 6043 6391
f 4706 6391 3718
f 5411 4706 3718
f 5077 5411 3718
f 6043 4708 6391
f 2028 4707 2324
f 4707 3719 2324
f 4707 3717 3719
f 4709 2028 2324
f 6391 6041 3718
f 4708 7027 7381
f 4708 7381 3720
f 6391 4708 3720
f 6041 6391 3720
f 7027 4710 7381
f 2026 2324 3719
f 3026 4709 3344
f 3344 4709 3721
f 4709 2324 3721
f 2324 2026 3721
f 4711 3026 3344
f 7381 7025 3720
f 7381 4710 7025
f 4710 3722 7025
f 4710 4712 3722
f 3723 3346 3721
f 3721 3346 3344
f 4350 4020 4711
f 3344 4350 4711
f 3346 4350 3344
f 4713 4020 4350
f 3722 4714 3724
f 4712 4714 3722
f 3725 3348 3723
f 3723 3348 3346
f 4352 3346 3348
f 4350 3346 4352
f 4713 4350 4352
f 4713 4352 4715
f 3724 4716 3726
f 4714 4716 3724
f 3727 3350 3725
f 3725 3350 3348
f 4354 3348 3350
f 4352 3348 4354
f 4715 4352 4354
f 4715 4354 4717
f 7028 4718 3728
f 7028 3728 7026
f 7026 3726 7028
f 7028 3726 4716
f 3024 3350 3727
f 4018 4354 3024
f 3024 4354 3350
f 5000 4717 5342
f 5342 4717 3729
f 4717 4354 3729
f 4354 4018 3729
f 4719 5000 5342
f 5078 5429 3730
f 6044 4720 5429
f 5078 6044 5429
f 6042 6044 5078
f 6042 3728 6044
f 6044 3728 4718
f 4998 5342 3729
f 5342 4998 4719
f 4998 5968 4719
f 4998 5966 5968
f 6958 5968 5966
f 6958 6960 5968
f 34 373 4721
f 6960 34 4721
f 6958 34 6960
f 1048 1397 373
f 1048 373 34
f 2082 2415 1397
f 2082 1397 1048
f 3086 3445 2415
f 3086 2415 2082
f 4096 4449 3445
f 4096 3445 3086
f 5429 5080 3730
f 3730 5080 4096
f 5080 4722 4096
f 4722 4449 4096
f 5429 4720 5080
f 373 36 4721
f 36 373 1050
f 1050 373 1397
f 1050 1397 2084
f 2084 1397 2415
f 2084 2415 3088
f 3088 2415 3445
f 3088 3445 4098
f 4098 3445 4449
f 4449 4722 4098
f 4723 4113 4409
f 4409 4113 5395
f 5395 4113 5095
f 5095 4724 5395
f 4725 2099 2381
f 2381 2099 3731
f 2099 3101 3731
f 2099 3103 3101
f 3103 4723 4409
f 4111 3103 4409
f 3101 3103 4111
f 5399 3732 4111
f 4409 5399 4111
f 5395 5399 4409
f 6059 6375 4724
f 6375 5395 4724
f 6375 5399 5395
f 6059 4726 6375
f 4727 4035 3733
f 3733 4035 4033
f 4035 5013 4033
f 5015 5013 4035
f 5015 5981 5013
f 5983 5981 5015
f 5983 6973 5981
f 6975 6973 5983
f 6975 49 6973
f 51 49 6975
f 51 1063 49
f 1065 1063 51
f 1065 4725 2381
f 2097 1065 2381
f 1063 1065 2097
f 2381 3731 2097
f 5399 5093 3732
f 6379 3734 5093
f 5399 6379 5093
f 6375 6379 5399
f 6375 4726 6379
f 6379 4726 4728
f 4729 3037 3329
f 3735 3329 3037
f 4727 3735 3037
f 3733 3735 4727
f 6379 6057 3734
f 6379 4728 6057
f 4728 3736 6057
f 4728 4730 3736
f 3035 3737 3329
f 3737 4729 3329
f 3737 4731 4729
f 3329 3735 3035
f 7041 3736 4730
f 7041 4730 7043
f 3738 7041 431
f 7041 105 431
f 7041 7043 105
f 105 4732 431
f 3339 4733 3036
f 4733 3737 3036
f 4733 4731 3737
f 3739 3339 3036
f 431 103 3738
f 4732 1101 1449
f 4732 1449 3740
f 431 4732 3740
f 103 431 3740
f 1449 1101 2467
f 2467 1101 2135
f 2135 4734 2467
f 3339 3038 4733
f 4735 3038 3339
f 3739 4735 3339
f 3741 4735 3739
f 1449 1099 3740
f 2467 2133 1099
f 2467 1099 1449
f 4734 3145 3499
f 4734 3499 3742
f 2467 4734 3742
f 2133 2467 3742
f 3145 4736 3499
f 3741 4034 4735
f 4735 4034 4036
f 4737 4036 4034
f 4737 4034 3743
f 3501 3744 3742
f 3501 3742 3499
f 3499 4736 3501
f 3501 4736 4738
f 3743 5014 4737
f 4737 5014 5016
f 5982 6309 4739
f 5016 5982 4739
f 5014 5982 5016
f 3745 6309 5982
f 3503 3746 3744
f 3503 3744 3501
f 3501 4738 3503
f 3503 4738 4740
f 6309 5984 4739
f 4741 5984 6309
f 3745 4741 6309
f 3747 4741 3745
f 1100 1459 3748
f 2134 2477 1459
f 2134 1459 1100
f 3503 3146 3746
f 3746 3146 2134
f 3146 4742 2134
f 4742 2477 2134
f 3503 4740 3146
f 7305 4743 6974
f 4743 3747 6974
f 4743 4741 3747
f 3749 7305 6974
f 104 447 3750
f 1459 1102 3748
f 3748 1102 104
f 1102 4744 104
f 4744 447 104
f 1102 1459 2136
f 2136 1459 2477
f 2477 4742 2136
f 7309 4745 7305
f 7305 4745 4743
f 7305 3749 3751
f 7305 3751 7309
f 451 3752 3750
f 451 3750 447
f 447 4744 451
f 451 4744 4746
f 7309 6976 4745
f 375 4747 50
f 50 4747 3751
f 4747 6976 3751
f 6976 7309 3751
f 3753 375 50
f 7042 7401 3754
f 451 106 3752
f 3752 106 7042
f 106 4748 7042
f 4748 7401 7042
f 451 4746 106
f 375 52 4747
f 3753 1064 375
f 1064 52 375
f 1064 1066 52
f 2098 1066 1064
f 2098 2100 1066
f 4749 2100 2098
f 4749 2098 3755
f 7405 3756 3754
f 7405 3754 7401
f 7401 4748 7405
f 7405 4748 4750
f 3755 3102 4749
f 4749 3102 3104
f 4112 3104 3102
f 4112 4114 3104
f 5094 5437 4751
f 4114 5094 4751
f 4112 5094 4114
f 6058 6429 5437
f 6058 5437 5094
f 7405 7044 3756
f 3756 7044 6058
f 7044 4752 6058
f 4752 6429 6058
f 7405 4750 7044
f 5437 5096 4751
f 5096 5437 6060
f 6060 5437 6429
f 6429 4752 6060
f 4753 189 475
f 475 189 3757
f 189 1187 3757
f 189 1189 1187
f 1189 2211 1187
f 2213 2211 1189
f 2213 3221 2211
f 3223 3221 2213
f 3758 3221 4543
f 3221 4233 4543
f 3221 3223 4233
f 4233 4754 4543
f 4755 7121 7423
f 4753 475 7121
f 7121 475 7423
f 475 187 7423
f 187 3759 7423
f 475 3757 187
f 4543 4231 3758
f 4231 4543 4754
f 5225 4231 4754
f 5223 4231 5225
f 3760 5223 6525
f 5223 6205 6525
f 5223 5225 6205
f 6205 4756 6525
f 7425 4757 7423
f 7423 4757 4755
f 7423 3759 3761
f 7423 3761 7425
f 6525 6203 3760
f 6203 6525 4756
f 7199 6203 4756
f 7197 6203 7199
f 7199 4758 7197
f 7197 4758 3762
f 7427 4759 7425
f 7425 4759 4757
f 7425 3761 3763
f 7425 3763 7427
f 261 3762 4758
f 261 4758 263
f 263 4760 261
f 261 4760 3764
f 7429 4761 7427
f 7427 4761 4759
f 7427 3763 3765
f 7427 3765 7429
f 4762 1566 1257
f 3764 4762 1257
f 4760 4762 3764
f 1566 3766 1257
f 7119 3767 7429
f 3767 4761 7429
f 3767 4763 4761
f 7429 3765 7119
f 4764 1568 1566
f 4764 1566 4762
f 3766 1566 3768
f 3768 1566 1568
f 4765 3767 3769
f 4765 4763 3767
f 4766 1570 1568
f 4766 1568 4764
f 3768 1568 3770
f 3770 1568 1570
f 4767 3769 3771
f 4767 4765 3769
f 3772 1258 1570
f 4766 3772 1570
f 4768 3772 4766
f 3770 1570 1258
f 7437 4769 7120
f 4769 3771 7120
f 4769 4767 3771
f 3773 7437 7120
f 264 4770 3774
f 264 3774 262
f 262 3772 264
f 264 3772 4768
f 7437 7122 4769
f 4771 7122 7437
f 3773 4771 7437
f 3775 4771 3773
f 5226 4772 3776
f 5226 3776 5224
f 6204 5226 5224
f 6204 6206 5226
f 7198 6206 6204
f 7198 7200 6206
f 7198 3774 7200
f 7200 3774 4770
f 3775 188 4771
f 4771 188 190
f 1188 190 188
f 1188 1190 190
f 2212 1190 1188
f 2212 2214 1190
f 3222 2214 2212
f 3222 3224 2214
f 4232 3224 3222
f 4232 4234 3224
f 4232 3776 4234
f 4234 3776 4772
f 4773 1081 3777
f 3777 1081 1079
f 1081 2113 1079
f 2115 2113 1081
f 2115 3117 2113
f 3119 3117 2115
f 3119 4127 3117
f 4129 4127 3119
f 4129 5109 4127
f 5111 5109 4129
f 5111 6073 5109
f 6075 6073 5111
f 3778 6073 7349
f 6073 7059 7349
f 6073 6075 7059
f 7059 4774 7349
f 4775 67 3779
f 3779 67 65
f 3777 65 67
f 3777 67 4773
f 7349 7057 3778
f 7057 7349 4774
f 121 7057 4774
f 119 7057 121
f 3780 119 1431
f 119 1117 1431
f 119 121 1117
f 1117 4776 1431
f 4777 6991 3781
f 3781 6991 6989
f 3779 6989 6991
f 3779 6991 4775
f 1431 1115 3780
f 1115 1431 4776
f 2151 1115 4776
f 2149 1115 2151
f 2151 4778 2149
f 2149 4778 3782
f 6284 5997 3783
f 3781 5997 6284
f 4779 3781 6284
f 4777 3781 4779
f 3159 3782 4778
f 3159 4778 3161
f 3161 4780 3159
f 3159 4780 3784
f 6284 3783 5999
f 3783 4781 5999
f 3783 3785 4781
f 4779 6284 5999
f 3784 4782 3786
f 4780 4782 3784
f 4783 5031 3787
f 3787 5031 5029
f 3785 5029 5031
f 3785 5031 4781
f 4169 3786 4782
f 4169 4782 4171
f 4171 4784 4169
f 4169 4784 3788
f 4785 4051 3789
f 3789 4051 4049
f 3787 4049 4051
f 3787 4051 4783
f 3788 4786 3790
f 4784 4786 3788
f 4787 3789 3791
f 4787 4785 3789
f 3790 4788 3792
f 4786 4788 3790
f 4789 3791 3793
f 4789 4787 3791
f 5157 3792 4788
f 5157 4788 5159
f 5159 4790 5157
f 5157 4790 3794
f 3793 4050 4789
f 4789 4050 4052
f 4791 4052 4050
f 4791 4050 3795
f 3794 4792 3796
f 4790 4792 3794
f 4793 3795 3797
f 4793 4791 3795
f 6133 3796 4792
f 6133 4792 6135
f 6135 4794 6133
f 6133 4794 3798
f 3797 5030 4793
f 4793 5030 5032
f 5998 5032 5030
f 5998 6000 5032
f 6990 6000 5998
f 6990 6992 6000
f 4795 6992 6990
f 4795 6990 3799
f 3798 4796 3800
f 4794 4796 3798
f 3799 66 4795
f 4795 66 68
f 4797 68 66
f 4797 66 3801
f 6136 4798 6496
f 6496 3802 6136
f 3802 4796 6136
f 3802 3800 4796
f 4799 3801 3803
f 4799 4797 3801
f 5160 4800 5504
f 6496 4798 5160
f 6496 5160 5504
f 6134 6496 5504
f 3804 6134 5504
f 3802 6496 6134
f 3803 1080 4799
f 4799 1080 1082
f 4801 1082 1080
f 4801 1080 3805
f 4172 4802 4518
f 5504 4800 4172
f 5504 4172 4518
f 5158 5504 4518
f 3806 5158 4518
f 3804 5504 5158
f 4803 3805 3807
f 4803 4801 3805
f 3162 4804 3516
f 4518 4802 3162
f 4518 3162 3516
f 4170 4518 3516
f 3808 4170 3516
f 3806 4518 4170
f 2417 4805 2114
f 4805 3807 2114
f 4805 4803 3807
f 3809 2417 2114
f 2152 4806 2490
f 3516 4804 2152
f 3516 2152 2490
f 3160 3516 2490
f 3810 3160 2490
f 3808 3516 3160
f 2417 2116 4805
f 4807 2116 2417
f 3809 4807 2417
f 3811 4807 3809
f 1118 4808 1476
f 2490 4806 1118
f 2490 1118 1476
f 2150 2490 1476
f 3812 2150 1476
f 3810 2490 2150
f 3811 3118 4807
f 4807 3118 3120
f 4809 3120 3118
f 4809 3118 3813
f 7058 7411 3814
f 122 4810 7411
f 7058 122 7411
f 120 122 7058
f 4808 122 1476
f 122 1116 1476
f 122 120 1116
f 3812 1476 1116
f 3813 4128 4809
f 4809 4128 4130
f 5110 4130 4128
f 5110 5112 4130
f 6074 5112 5110
f 6074 6076 5112
f 7411 7060 3814
f 7060 6074 3814
f 7060 6076 6074
f 7411 4810 7060
f 4811 5181 5447
f 5447 5181 3815
f 5181 6155 3815
f 5181 6159 6155
f 6159 7143 6155
f 7147 7143 6159
f 7147 209 7143
f 213 209 7147
f 213 1207 209
f 1211 1207 213
f 1211 2229 1207
f 2233 2229 1211
f 2233 3237 2229
f 3241 3237 2233
f 3241 4247 3237
f 4251 4247 3241
f 4251 4812 4247
f 4247 4812 3816
f 4813 4189 4457
f 4811 5447 4189
f 4189 5447 4457
f 5447 5177 4457
f 5177 3817 4457
f 5447 3815 5177
f 5239 3816 4812
f 5239 4812 5241
f 5241 4814 5239
f 5239 4814 3818
f 4815 137 377
f 377 137 1399
f 1399 137 1135
f 1399 1135 2423
f 2423 1135 2169
f 2423 2169 3453
f 3453 2169 3179
f 4813 4457 3179
f 3179 4457 3453
f 4457 4187 3453
f 4187 3819 3453
f 4457 3817 4187
f 3818 4816 3820
f 4814 4816 3818
f 4817 7075 7315
f 4815 377 7075
f 7075 377 7315
f 377 135 7315
f 135 3821 7315
f 1399 1133 135
f 1399 135 377
f 2423 2167 1133
f 2423 1133 1399
f 3453 3177 2167
f 3453 2167 2423
f 3453 3819 3177
f 4818 6532 6219
f 3820 4818 6219
f 4816 4818 3820
f 6532 3822 6219
f 4819 6091 6323
f 4817 7315 6091
f 6091 7315 6323
f 7315 7073 6323
f 7073 3823 6323
f 7315 3821 7073
f 4820 6534 6532
f 4820 6532 4818
f 3822 6532 3824
f 3824 6532 6534
f 4821 5127 5349
f 4819 6323 5127
f 6323 5349 5127
f 6323 6325 5349
f 6323 3823 3825
f 6323 3825 6325
f 4822 6536 6534
f 4822 6534 4820
f 3824 6534 3826
f 3826 6534 6536
f 4823 4145 4365
f 4821 5349 4145
f 5349 4365 4145
f 5349 5351 4365
f 6325 6089 3827
f 5351 6325 3827
f 5349 6325 5351
f 6325 3825 6089
f 5242 4824 5548
f 6536 4822 5242
f 6536 5242 5548
f 6220 6536 5548
f 3828 6220 5548
f 3826 6536 6220
f 4367 4825 4365
f 4365 4825 4823
f 5351 5125 3829
f 4367 5351 3829
f 4365 5351 4367
f 5351 3827 5125
f 1212 4826 1506
f 1212 1506 3830
f 2230 1212 3830
f 2234 1212 2230
f 3238 2234 2230
f 3238 3242 2234
f 4248 3242 3238
f 4248 4252 3242
f 4824 4252 5548
f 4252 5240 5548
f 4252 4248 5240
f 3828 5548 5240
f 4369 4827 4367
f 4367 4827 4825
f 4367 3829 3831
f 4367 3831 4369
f 214 4828 3832
f 214 3832 210
f 4826 214 1506
f 214 1208 1506
f 214 210 1208
f 3830 1506 1208
f 4371 4829 4369
f 4369 4829 4827
f 4369 3831 3833
f 4369 3833 4371
f 7148 4830 3834
f 7148 3834 7144
f 7144 3832 7148
f 7148 3832 4828
f 4143 3835 4371
f 3835 4829 4371
f 3835 4831 4829
f 4371 3833 4143
f 6156 6461 3836
f 6156 3834 6461
f 3834 4832 6461
f 3834 4830 4832
f 4833 3135 3837
f 3837 3135 3133
f 3835 3133 3135
f 3835 3135 4831
f 3836 6461 6160
f 4834 3836 6160
f 3838 3836 4834
f 6461 4832 6160
f 4835 3837 3839
f 4835 4833 3837
f 5178 5471 3840
f 5178 3838 5471
f 3838 4836 5471
f 3838 4834 4836
f 2350 2129 3841
f 3839 2129 2350
f 4837 3839 2350
f 4835 3839 4837
f 5471 5179 3840
f 5471 4836 5179
f 4836 3842 5179
f 4836 4838 3842
f 3843 2354 3841
f 3841 2354 2350
f 4837 2350 2354
f 4837 2354 4839
f 3842 4840 3844
f 4838 4840 3842
f 3845 2358 3843
f 3843 2358 2354
f 4839 2354 2358
f 4839 2358 4841
f 6157 3844 4840
f 6157 4840 6161
f 6161 4842 6157
f 6157 4842 3846
f 3847 2362 3845
f 3845 2362 2358
f 3392 3136 4841
f 2358 3392 4841
f 2362 3392 2358
f 3136 3392 4398
f 3136 4398 4146
f 4843 4146 4398
f 7145 3846 4842
f 7145 4842 7149
f 7149 4844 7145
f 7145 4844 3848
f 1354 1095 3849
f 1095 1354 3847
f 1354 2362 3847
f 1354 2366 2362
f 3396 2362 2366
f 3392 2362 3396
f 4402 3392 3396
f 4398 3392 4402
f 5388 5128 4843
f 4398 5388 4843
f 4402 5388 4398
f 4845 5128 5388
f 3848 4846 3850
f 4844 4846 3848
f 340 81 3851
f 81 340 3849
f 340 1354 3849
f 340 1358 1354
f 2370 1354 1358
f 2366 1354 2370
f 3400 2366 2370
f 3396 2366 3400
f 4406 3396 3400
f 4402 3396 4406
f 5392 4402 4406
f 5388 4402 5392
f 4845 5388 5392
f 4845 5392 4847
f 3850 4848 3852
f 4846 4848 3850
f 7278 7005 3853
f 7005 7278 3851
f 7278 340 3851
f 7278 344 340
f 1364 340 344
f 1358 340 1364
f 2376 1358 1364
f 2370 1358 2376
f 3406 2370 2376
f 3400 2370 3406
f 4410 3400 3406
f 4406 3400 4410
f 5396 4406 4410
f 5392 4406 5396
f 4847 5392 5396
f 4847 5396 4849
f 211 3852 4848
f 211 4848 215
f 215 4850 211
f 211 4850 3854
f 3855 7282 3853
f 3853 7282 7278
f 7282 4851 83
f 344 7282 83
f 7278 7282 344
f 344 83 1097
f 344 1097 1364
f 1364 1097 4852
f 2382 1364 4852
f 2376 1364 2382
f 3410 2376 2382
f 3406 2376 3410
f 4416 3406 3410
f 4410 3406 4416
f 4416 4853 5129
f 5396 4416 5129
f 4410 4416 5396
f 4849 5396 5129
f 1209 3854 4850
f 1209 4850 1213
f 1213 4854 1209
f 1209 4854 3856
f 3857 7284 3855
f 3855 7284 7282
f 4851 7282 7284
f 4851 7284 4855
f 2131 2382 4852
f 2382 2131 4856
f 3414 2382 4856
f 3410 2382 3414
f 4420 3410 3414
f 4416 3410 4420
f 4853 4416 4420
f 4853 4420 4857
f 2231 3856 4854
f 2231 4854 2235
f 2235 4858 2231
f 2231 4858 3858
f 3859 7286 3857
f 3857 7286 7284
f 4855 7284 7286
f 4855 7286 4859
f 4860 3418 3414
f 4860 3414 4856
f 4424 3414 3418
f 4420 3414 4424
f 4857 4420 4424
f 4857 4424 4861
f 3858 4862 3860
f 4858 4862 3858
f 3861 7288 3859
f 3859 7288 7286
f 4859 7286 7288
f 4859 7288 4863
f 2132 4864 2394
f 3418 4860 2132
f 2394 3418 2132
f 3422 3418 2394
f 4428 3418 3422
f 4424 3418 4428
f 4861 4424 4428
f 4861 4428 4865
f 3860 4866 3862
f 4862 4866 3860
f 7006 7288 3861
f 84 4863 360
f 360 4863 3863
f 4863 7288 3863
f 7288 7006 3863
f 84 360 1384
f 84 1384 1098
f 2394 4864 1098
f 1384 2394 1098
f 2398 2394 1384
f 3134 3422 3864
f 3422 2398 3864
f 3422 2394 2398
f 3865 4432 3134
f 4432 3422 3134
f 4432 4428 3422
f 5416 5130 4865
f 4428 5416 4865
f 4432 5416 4428
f 4867 5130 5416
f 3862 4868 3866
f 4866 4868 3862
f 4869 5279 5609
f 5609 5279 6599
f 6599 5279 6251
f 6251 4870 6599
f 82 360 3863
f 1096 1384 82
f 82 1384 360
f 2130 2398 1096
f 1096 2398 1384
f 3864 2398 2130
f 4144 4432 3865
f 5126 5416 4144
f 4144 5416 4432
f 4867 5416 5126
f 3867 4867 5126
f 4871 4867 3867
f 3866 4872 3868
f 4868 4872 3866
f 5611 4873 5609
f 5609 4873 4869
f 5609 6601 5611
f 5609 6599 6601
f 7239 7585 4870
f 7585 6599 4870
f 7585 6601 6599
f 7239 4874 7585
f 3867 6090 4871
f 4871 6090 6092
f 4875 6092 6090
f 4875 6090 3869
f 3868 4876 3870
f 4872 4876 3868
f 5613 4877 5611
f 5611 4877 4873
f 5611 6603 5613
f 5611 6601 6603
f 6601 7587 6603
f 6601 7585 7587
f 7585 4874 7587
f 7587 4874 4878
f 3869 7074 4875
f 4875 7074 7076
f 4879 7076 7074
f 4879 7074 3871
f 4876 3243 3577
f 3872 4876 3577
f 3870 4876 3872
f 3243 4880 3577
f 5615 4881 5613
f 5613 4881 4877
f 5613 6605 5615
f 5613 6603 6605
f 6603 7589 6605
f 6603 7587 7589
f 7587 4878 7589
f 7589 4878 4882
f 3871 136 4879
f 4879 136 138
f 1134 1461 4883
f 138 1134 4883
f 136 1134 138
f 3873 1461 1134
f 3579 3874 3872
f 3579 3872 3577
f 4253 4585 4880
f 4585 3577 4880
f 4585 3579 3577
f 4253 4884 4585
f 5615 5280 4881
f 5280 5615 6252
f 6252 5615 6605
f 6252 6605 7240
f 7240 6605 7589
f 7589 4882 7240
f 1461 1136 4883
f 3873 2168 1461
f 2168 1136 1461
f 2168 2170 1136
f 3178 2170 2168
f 3178 3180 2170
f 4188 4519 4885
f 3180 4188 4885
f 3178 4188 3180
f 5180 5509 4519
f 5180 4519 4188
f 3875 5509 5180
f 3579 3239 3874
f 4585 4249 3239
f 4585 3239 3579
f 4884 5243 5575
f 4884 5575 3876
f 4585 4884 3876
f 4249 4585 3876
f 5243 4886 5575
f 4519 4190 4885
f 4190 4519 5182
f 5182 4519 5509
f 6503 4887 6158
f 6158 4887 3875
f 4887 5182 3875
f 5182 5509 3875
f 3877 6503 6158
f 5577 3878 3876
f 5577 3876 5575
f 5575 4886 5577
f 5577 4886 4888
f 6503 6162 4887
f 7487 4889 7146
f 7146 4889 3877
f 4889 6162 3877
f 6162 6503 3877
f 3879 7487 7146
f 5579 3880 3878
f 5579 3878 5577
f 5577 4888 5579
f 5579 4888 4890
f 7487 7150 4889
f 3879 212 7487
f 212 7150 7487
f 212 216 7150
f 1210 1547 4891
f 216 1210 4891
f 212 1210 216
f 3881 1547 1210
f 4250 4593 3882
f 5579 5244 3880
f 3880 5244 4250
f 5244 4892 4250
f 4892 4593 4250
f 5579 4890 5244
f 1547 1214 4891
f 2559 4893 2232
f 2232 4893 3881
f 4893 1214 3881
f 1214 1547 3881
f 3240 3589 2559
f 3240 2559 2232
f 4593 4254 3882
f 3882 4254 3240
f 4254 4894 3240
f 4894 3589 3240
f 4593 4892 4254
f 2559 2236 4893
f 2236 2559 3244
f 3244 2559 3589
f 3589 4894 3244
f 1408 1157 3883
f 2432 2183 1408
f 1408 2183 1157
f 2432 3884 2183
f 7324 7099 3885
f 4895 165 7324
f 165 7099 7324
f 165 161 7099
f 1161 1408 3883
f 161 1161 3883
f 165 1161 161
f 1408 1161 4896
f 2434 1408 4896
f 2432 1408 2434
f 3884 2432 3886
f 3886 2432 2434
f 6332 6113 3887
f 7103 7324 3885
f 7103 3885 6113
f 4897 7103 6113
f 6332 4897 6113
f 4895 7324 7103
f 2185 2434 4896
f 4898 3466 3193
f 4898 3193 3886
f 2185 4898 3886
f 2434 2185 3886
f 3466 3888 3193
f 3889 6334 3887
f 3887 6334 6332
f 4897 6332 6334
f 4897 6334 4899
f 4900 3468 3466
f 4900 3466 4898
f 3888 3466 3890
f 3890 3466 3468
f 3891 6336 3889
f 3889 6336 6334
f 4899 6334 6336
f 4899 6336 4901
f 4902 3470 3468
f 4902 3468 4900
f 3890 3468 4205
f 3468 4476 4205
f 3468 3470 4476
f 4476 3892 4205
f 3893 6340 3891
f 3891 6340 6336
f 4901 6336 6340
f 4901 6340 4903
f 4904 3472 3470
f 4904 3470 4902
f 4478 3470 3472
f 4476 3470 4478
f 3892 4476 5197
f 4476 5470 5197
f 4476 4478 5470
f 5470 3894 5197
f 6114 6340 3893
f 7104 4903 7336
f 7336 4903 3895
f 4903 6340 3895
f 6340 6114 3895
f 7104 7336 398
f 7104 398 166
f 4905 166 398
f 3195 3472 4904
f 3472 3195 4207
f 3472 4207 4478
f 4478 4207 4906
f 5472 4478 4906
f 5470 4478 5472
f 3894 5470 6179
f 5470 6466 6179
f 5470 5472 6466
f 6466 3896 6179
f 7100 7336 3895
f 3897 400 7100
f 400 7336 7100
f 400 398 7336
f 4905 398 400
f 4905 400 4907
f 5199 5472 4906
f 5472 5199 6181
f 5472 6181 6466
f 4908 7452 7173
f 4908 7173 3896
f 6181 4908 3896
f 6466 6181 3896
f 7452 3898 7173
f 162 400 3897
f 4907 400 162
f 3899 4907 162
f 4909 4907 3899
f 7175 7452 4908
f 239 3898 7452
f 7175 239 7452
f 241 239 7175
f 241 4910 239
f 239 4910 3900
f 4911 3899 3901
f 4911 4909 3899
f 4912 1514 1237
f 3900 4912 1237
f 4910 4912 3900
f 1514 3902 1237
f 4913 3901 3903
f 4913 4911 3901
f 1239 1514 4912
f 1239 4914 1514
f 4914 3902 1514
f 4914 3904 3902
f 3903 1158 4913
f 4913 1158 1162
f 4915 1162 1158
f 4915 1158 3905
f 4914 2261 2527
f 3906 4914 2527
f 3904 4914 3906
f 2261 4916 2527
f 4917 4275 4563
f 4563 4275 5551
f 5551 4275 5263
f 5551 5263 6541
f 6541 5263 6235
f 6541 6235 7521
f 7521 6235 7223
f 7521 7223 563
f 563 7223 285
f 563 285 1571
f 1571 285 1277
f 1277 4918 1571
f 4919 3905 3907
f 4919 4915 3905
f 2527 2259 3906
f 4916 3267 3559
f 4916 3559 3908
f 2527 4916 3908
f 2259 2527 3908
f 4917 4563 3267
f 4563 3559 3267
f 4563 4565 3559
f 5551 5261 3909
f 4565 5551 3909
f 4563 5551 4565
f 6541 6233 5261
f 6541 5261 5551
f 7521 7221 6233
f 7521 6233 6541
f 563 283 7221
f 563 7221 7521
f 1571 1275 283
f 1571 283 563
f 4918 2295 2577
f 4918 2577 3910
f 1571 4918 3910
f 1275 1571 3910
f 2295 4920 2577
f 4921 3907 3911
f 4921 4919 3907
f 3559 3265 3908
f 4565 4273 3265
f 4565 3265 3559
f 4565 3909 4273
f 2577 2291 3910
f 4920 3299 3607
f 4920 3607 3912
f 2577 4920 3912
f 2291 2577 3912
f 3607 3299 4611
f 4611 3299 4305
f 4305 4922 4611
f 4923 3911 3913
f 4923 4921 3911
f 3607 3295 3912
f 4613 3914 3295
f 3607 4613 3295
f 4611 4613 3607
f 5295 5601 4922
f 5601 4611 4922
f 5601 4613 4611
f 5601 5295 6591
f 6591 5295 6267
f 6591 6267 7573
f 7573 6267 7255
f 7255 4924 7573
f 4925 1163 3915
f 3915 1163 1159
f 3913 1159 1163
f 3913 1163 4923
f 4613 4303 3914
f 5603 3916 4303
f 4613 5603 4303
f 5601 5603 4613
f 5601 6593 5603
f 5601 6591 6593
f 6591 7575 6593
f 6591 7573 7575
f 7573 4924 7575
f 7575 4924 4926
f 4927 167 3917
f 3917 167 163
f 3915 163 167
f 3915 167 4925
f 5603 5293 3916
f 6593 6265 5293
f 6593 5293 5603
f 7577 3918 6265
f 6593 7577 6265
f 7575 7577 6593
f 317 621 4926
f 621 7575 4926
f 621 7577 7575
f 317 4928 621
f 4929 7105 3919
f 3919 7105 7101
f 3917 7101 7105
f 3917 7105 4927
f 7577 7253 3918
f 623 3920 7253
f 7577 623 7253
f 621 623 7577
f 621 4928 623
f 623 4928 4930
f 4931 3919 3921
f 4931 4929 3919
f 623 315 3920
f 4930 1303 1631
f 4930 1631 3922
f 623 4930 3922
f 315 623 3922
f 1303 4932 1631
f 4933 3921 3923
f 4933 4931 3921
f 1631 1301 3922
f 1631 4932 1301
f 4932 3924 1301
f 4932 4934 3924
f 6402 6115 3925
f 3923 6115 6402
f 4935 3923 6402
f 4933 3923 4935
f 3924 4936 3926
f 4934 4936 3924
f 6402 3925 6117
f 3925 4937 6117
f 3925 3927 4937
f 4935 6402 6117
f 3926 4938 3928
f 4936 4938 3926
f 4939 3927 3929
f 4939 4937 3927
f 3928 4940 3930
f 4938 4940 3928
f 4941 3929 3931
f 4941 4939 3929
f 3930 4942 3932
f 4940 4942 3930
f 4943 3931 3933
f 4943 4941 3931
f 1304 4944 1644
f 1644 3934 1304
f 3934 4942 1304
f 3934 3932 4942
f 4945 3933 3935
f 4945 4943 3933
f 318 4946 642
f 1644 4944 318
f 1644 318 642
f 1302 1644 642
f 3936 1302 642
f 3934 1644 1302
f 4947 3935 3937
f 4947 4945 3935
f 6268 4948 3938
f 6268 3938 6266
f 7254 6268 6266
f 7254 7256 6268
f 4946 7256 642
f 7256 316 642
f 7256 7254 316
f 3936 642 316
f 4949 5145 3939
f 3939 5145 5143
f 3937 5143 5145
f 3937 5145 4947
f 4306 4950 3940
f 4306 3940 4304
f 5294 4306 4304
f 5294 5296 4306
f 5294 3938 5296
f 5296 3938 4948
f 4951 3939 3941
f 4951 4949 3939
f 2292 2609 3942
f 3300 4952 2609
f 2292 3300 2609
f 3296 3300 2292
f 3296 3940 3300
f 3300 3940 4950
f 4953 3941 3943
f 4953 4951 3941
f 2611 3944 3942
f 2611 3942 2609
f 2609 4952 2611
f 2611 4952 4954
f 4955 3943 3945
f 4955 4953 3943
f 2611 2293 3944
f 2611 4954 2293
f 4954 3946 2293
f 4954 4956 3946
f 3945 5144 4955
f 4955 5144 5146
f 4957 5146 5144
f 4957 5144 3947
f 4206 4539 3948
f 5198 5527 4539
f 5198 4539 4206
f 6180 6517 5527
f 6180 5527 5198
f 3949 6517 6180
f 4956 3301 3641
f 3950 4956 3641
f 3946 4956 3950
f 3301 4958 3641
f 3947 6116 4957
f 4957 6116 6118
f 7102 6118 6116
f 7102 7106 6118
f 164 7106 7102
f 164 168 7106
f 1160 168 164
f 1160 1164 168
f 2184 1164 1160
f 2184 2186 1164
f 3194 2186 2184
f 3194 3196 2186
f 4539 4208 3948
f 4208 3194 3948
f 4208 3196 3194
f 4208 4539 5200
f 5200 4539 5527
f 5200 5527 4959
f 5527 6519 4959
f 5527 6517 6519
f 6517 3949 7174
f 7501 6517 7174
f 6519 6517 7501
f 3951 7501 7174
f 3641 3297 3950
f 3641 4958 3297
f 4958 3952 3297
f 4958 4960 3952
f 6519 6182 4959
f 6182 6519 4961
f 6519 7503 4961
f 6519 7501 7503
f 7501 3951 240
f 549 7501 240
f 7503 7501 549
f 1238 1561 549
f 1238 549 240
f 2260 2571 1561
f 2260 1561 1238
f 3266 3601 2571
f 3266 2571 2260
f 3953 3601 3266
f 4960 4307 4641
f 3954 4960 4641
f 3952 4960 3954
f 4307 4962 4641
f 7503 7176 4961
f 7176 7503 242
f 242 7503 549
f 242 549 1240
f 1240 549 1561
f 1240 1561 2262
f 2262 1561 2571
f 2262 2571 3268
f 3268 2571 3601
f 3953 4274 3601
f 4274 3268 3601
f 4274 4276 3268
f 5262 4276 4274
f 5262 5264 4276
f 4963 5264 5262
f 4963 5262 3955
f 4643 3956 3954
f 4643 3954 4641
f 4641 4962 4643
f 4643 4962 4964
f 3955 6234 4963
f 4963 6234 6236
f 4965 6236 6234
f 4965 6234 3957
f 4645 3958 3956
f 4645 3956 4643
f 4643 4964 4645
f 4645 4964 4966
f 3957 7222 4965
f 4965 7222 7224
f 284 613 4967
f 7224 284 4967
f 7222 284 7224
f 3959 613 284
f 3298 3651 3960
f 4645 4308 3958
f 3958 4308 3298
f 4308 4968 3298
f 4968 3651 3298
f 4645 4966 4308
f 613 286 4967
f 3959 1276 613
f 1276 286 613
f 1276 1278 286
f 2294 1278 1276
f 2294 2296 1278
f 3651 3302 3960
f 3302 2294 3960
f 3302 2296 2294
f 3651 4968 3302
f 6560 6249 3961
f 6560 3962 6249
f 4584 4289 3963
f 5572 5277 4584
f 4584 5277 4289
f 5277 5572 3961
f 5572 6560 3961
f 5572 6562 6560
f 3962 6560 3964
f 3964 6560 6562
f 2550 2275 3965
f 3580 3281 2550
f 2550 3281 2275
f 3281 3580 3963
f 3580 4584 3963
f 3580 4586 4584
f 5574 4584 4586
f 5572 4584 5574
f 6564 5572 5574
f 6562 5572 6564
f 3964 6562 3966
f 3966 6562 6564
f 1466 1179 3967
f 2484 2201 1466
f 1466 2201 1179
f 3514 3211 2484
f 2484 3211 2201
f 4520 4221 3514
f 3514 4221 3211
f 5510 5213 4520
f 4520 5213 4221
f 5510 3968 5213
f 3969 2552 3965
f 3965 2552 2550
f 3582 2550 2552
f 3580 2550 3582
f 4588 3580 3582
f 4586 3580 4588
f 5576 4586 4588
f 5574 4586 5576
f 6566 5574 5576
f 6564 5574 6566
f 3966 6564 3970
f 3970 6564 6566
f 454 183 3971
f 183 454 3967
f 454 1466 3967
f 454 1470 1466
f 2488 1466 1470
f 2484 1466 2488
f 3518 2484 2488
f 3514 2484 3518
f 4524 3514 3518
f 4520 3514 4524
f 5514 4520 4524
f 5510 4520 5514
f 3968 5510 6195
f 5510 6504 6195
f 5510 5514 6504
f 6504 3972 6195
f 3973 2554 3969
f 3969 2554 2552
f 3584 2552 2554
f 3582 2552 3584
f 4590 3582 3584
f 4588 3582 4590
f 5578 4588 4590
f 5576 4588 5578
f 6568 5576 5578
f 6566 5576 6568
f 3970 6566 7237
f 6566 7548 7237
f 6566 6568 7548
f 7548 3974 7237
f 3975 458 3971
f 3971 458 454
f 458 4969 1181
f 1470 458 1181
f 454 458 1470
f 1470 1181 2203
f 1470 2203 2488
f 2488 2203 4970
f 3522 2488 4970
f 3518 2488 3522
f 4528 3518 3522
f 4524 3518 4528
f 5516 4524 4528
f 5514 4524 5516
f 6506 5514 5516
f 6504 5514 6506
f 3972 6504 3976
f 3976 6504 6506
f 2276 2554 3973
f 3282 3584 2276
f 2276 3584 2554
f 3977 4592 3282
f 4592 3584 3282
f 4592 4590 3584
f 5580 4590 4592
f 5578 4590 5580
f 6570 5578 5580
f 6568 5578 6570
f 7550 6568 6570
f 7548 6568 7550
f 3974 7548 3978
f 3978 7548 7550
f 3979 462 3975
f 3975 462 458
f 4969 458 462
f 4969 462 4971
f 4972 3526 3522
f 4972 3522 4970
f 4530 3522 3526
f 4528 3522 4530
f 5518 4528 4530
f 5516 4528 5518
f 6508 5516 5518
f 6506 5516 6508
f 3976 6506 3980
f 3980 6506 6508
f 3981 4594 3977
f 3977 4594 4592
f 5582 4592 4594
f 5580 4592 5582
f 6572 5580 5582
f 6570 5580 6572
f 7552 6570 6572
f 7550 6570 7552
f 3978 7550 3982
f 3982 7550 7552
f 3983 466 3979
f 3979 466 462
f 1480 1182 4971
f 462 1480 4971
f 466 1480 462
f 1182 1480 2498
f 1182 2498 2204
f 3526 4972 2204
f 2498 3526 2204
f 3528 3526 2498
f 4532 3526 3528
f 4530 3526 4532
f 5520 4530 4532
f 5518 4530 5520
f 6196 6508 3984
f 6508 5520 3984
f 6508 5518 5520
f 3980 6508 6196
f 4290 4594 3981
f 3985 5584 4290
f 5584 4594 4290
f 5584 5582 4594
f 6574 5582 5584
f 6572 5582 6574
f 7554 6572 6574
f 7552 6572 7554
f 3982 7552 3986
f 3986 7552 7554
f 184 466 3983
f 3987 1482 184
f 1482 466 184
f 1482 1480 466
f 2500 1480 1482
f 2498 1480 2500
f 3530 2498 2500
f 3528 2498 3530
f 4222 4532 3988
f 4532 3530 3988
f 4532 3528 3530
f 5214 5520 4222
f 4222 5520 4532
f 3984 5520 5214
f 5278 5584 3985
f 3989 6576 5278
f 6576 5584 5278
f 6576 6574 5584
f 7556 6574 6576
f 7554 6574 7556
f 3986 7554 3990
f 3990 7554 7556
f 3991 1484 3987
f 3987 1484 1482
f 2502 1482 1484
f 2500 1482 2502
f 3212 3530 3992
f 3530 2502 3992
f 3530 2500 2502
f 3988 3530 3212
f 6250 6576 3989
f 7238 7556 6250
f 6250 7556 6576
f 3990 7556 7238
f 1180 1484 3991
f 2202 2502 1180
f 1180 2502 1484
f 3992 2502 2202
f 3374 3061 4647
f 4380 4075 3374
f 3374 4075 3061
f 5366 5055 4380
f 4380 5055 4075
f 5366 4648 5055
f 2348 2045 4649
f 3063 3374 4647
f 3063 4647 2045
f 5627 3063 2045
f 2348 5627 2045
f 3374 3063 4077
f 3374 4077 4380
f 4380 4077 5059
f 4380 5059 5366
f 6021 4648 5366
f 5059 6021 5366
f 6025 6021 5059
f 6025 5628 6021
f 6021 5628 4650
f 2348 4649 2049
f 4649 5629 2049
f 4649 4651 5629
f 5627 2348 2049
f 5628 7013 7343
f 4652 5628 7343
f 4650 5628 4652
f 7013 5630 7343
f 5631 1011 1343
f 4653 1343 1011
f 5629 4653 1011
f 4651 4653 5629
f 7343 7011 4652
f 7343 5630 7011
f 5630 4654 7011
f 5630 5632 4654
f 1347 5633 1343
f 1343 5633 5631
f 1343 4653 4655
f 1343 4655 1347
f 7012 7351 4656
f 7012 4654 7351
f 4654 5634 7351
f 4654 5632 5634
f 1351 5635 1347
f 1347 5635 5633
f 1347 4655 4657
f 1347 4657 1351
f 7355 4658 4656
f 7355 4656 7351
f 7351 5634 7355
f 7355 5634 5636
f 1351 1012 5635
f 5637 1012 1351
f 4657 5637 1351
f 4659 5637 4657
f 5056 5389 4660
f 6022 6365 5389
f 6022 5389 5056
f 7355 7014 4658
f 4658 7014 6022
f 7014 5638 6022
f 5638 6365 6022
f 7355 5636 7014
f 2371 5639 2046
f 5639 4659 2046
f 5639 5637 4659
f 4661 2371 2046
f 5393 4662 4660
f 5393 4660 5389
f 5389 6369 5393
f 5389 6365 6369
f 6365 5638 6369
f 6369 5638 5640
f 5641 1013 1365
f 5639 2371 1013
f 1013 2371 1365
f 2371 2047 1365
f 2047 4663 1365
f 2371 4661 2047
f 5397 4664 4662
f 5397 4662 5393
f 5393 6373 5397
f 5393 6369 6373
f 6369 5640 6373
f 6373 5640 5642
f 1371 5643 1365
f 1365 5643 5641
f 1365 4663 4665
f 1365 4665 1371
f 5397 5057 4664
f 6377 4666 5057
f 5397 6377 5057
f 6373 6377 5397
f 6373 5642 6377
f 6377 5642 5644
f 5645 1 351
f 5643 1371 1
f 1 1371 351
f 1371 1009 351
f 1009 4667 351
f 1371 4665 1009
f 6377 6023 4666
f 6377 5644 6023
f 5644 4668 6023
f 5644 5646 4668
f 355 5647 351
f 351 5647 5645
f 351 4667 4669
f 351 4669 355
f 4668 5648 4670
f 5646 5648 4668
f 359 5649 355
f 355 5649 5647
f 355 4669 4671
f 355 4671 359
f 4670 5650 4672
f 5648 5650 4670
f 361 5651 359
f 359 5651 5649
f 359 4671 4673
f 359 4673 361
f 6026 5652 4674
f 6026 4674 6024
f 6024 4672 6026
f 6026 4672 5650
f 363 5653 361
f 361 5653 5651
f 361 4673 1010
f 1387 361 1010
f 363 361 1387
f 2048 2403 1387
f 2048 1387 1010
f 3062 3431 2403
f 3062 2403 2048
f 4078 5654 3431
f 3062 4078 3431
f 4076 4078 3062
f 5058 4078 4076
f 5058 5060 4078
f 5058 4674 5060
f 5060 4674 5652
f 365 5655 363
f 363 5655 5653
f 363 1389 365
f 363 1387 1389
f 5656 1389 2050
f 1389 2403 2050
f 1389 1387 2403
f 2050 2403 3064
f 3064 2403 3431
f 3431 5654 3064
f 365 2 5655
f 2 365 1014
f 1014 365 1389
f 1389 5656 1014
f 5657 4985 5311
f 5311 4985 6287
f 6287 4985 5953
f 6287 5953 7275
f 7275 5953 6945
f 6945 5658 7275
f 5317 5659 5311
f 5311 5659 5657
f 5311 6291 5317
f 5311 6287 6291
f 6287 7279 6291
f 6287 7275 7279
f 7275 5658 7279
f 7279 5658 5660
f 5321 5661 5317
f 5317 5661 5659
f 5317 6295 5321
f 5317 6291 6295
f 6291 7283 6295
f 6291 7279 7283
f 7279 5660 7283
f 7283 5660 5662
f 5323 5663 5321
f 5321 5663 5661
f 5321 6297 5323
f 5321 6295 6297
f 6295 7285 6297
f 6295 7283 7285
f 7283 5662 7285
f 7285 5662 5664
f 5665 4005 4335
f 5663 5323 4005
f 5323 4335 4005
f 5323 5325 4335
f 6297 5951 4675
f 5325 6297 4675
f 5323 6297 5325
f 7285 6943 5951
f 7285 5951 6297
f 6943 7285 5664
f 21 6943 5664
f 19 6943 21
f 21 5666 19
f 19 5666 4676
f 4337 5667 4335
f 4335 5667 5665
f 5325 4983 4677
f 4337 5325 4677
f 4335 5325 4337
f 5325 4675 4983
f 1033 4676 5666
f 1033 5666 1035
f 1035 5668 1033
f 1033 5668 4678
f 5669 3011 3341
f 5667 4337 3011
f 3011 4337 3341
f 4337 4003 3341
f 4003 4679 3341
f 4337 4677 4003
f 5670 2400 2067
f 4678 5670 2067
f 5668 5670 4678
f 2400 4680 2067
f 3343 5671 3341
f 3341 5671 5669
f 3341 4679 4681
f 3341 4681 3343
f 2069 2400 5670
f 2069 5672 2400
f 5672 4680 2400
f 5672 4682 4680
f 5673 2013 2327
f 5671 3343 2013
f 2013 3343 2327
f 3343 3009 2327
f 3009 4683 2327
f 3343 4681 3009
f 4682 5674 4684
f 5672 5674 4682
f 5675 991 1321
f 5673 2327 991
f 991 2327 1321
f 2327 2011 1321
f 2011 4685 1321
f 2327 4683 2011
f 4684 5676 4686
f 5674 5676 4684
f 1323 5677 1321
f 1321 5677 5675
f 1321 4685 4687
f 1321 4687 1323
f 4686 5678 4688
f 5676 5678 4686
f 1323 992 5677
f 5679 992 1323
f 4687 5679 1323
f 4689 5679 4687
f 2070 5680 4690
f 2070 4690 2068
f 2068 4688 2070
f 2070 4688 5678
f 5681 4689 4691
f 5681 5679 4689
f 22 5682 4692
f 22 4692 20
f 1034 22 20
f 1034 1036 22
f 1034 4690 1036
f 1036 4690 5680
f 4691 2012 5681
f 5681 2012 2014
f 2012 4693 3356
f 3012 2012 3356
f 2014 2012 3012
f 3012 3356 4360
f 3012 4360 4006
f 4006 4360 5346
f 4006 5346 4986
f 4986 5346 4694
f 5952 4986 4694
f 5954 4986 5952
f 6944 5954 5952
f 6944 6946 5954
f 6944 4692 6946
f 6946 4692 5682
f 3010 3356 4693
f 4004 4360 3010
f 3010 4360 3356
f 4984 5346 4004
f 4004 5346 4360
f 4694 5346 4984
f 4322 4019 4695
f 5683 5001 4322
f 5001 4019 4322
f 5001 4999 4019
f 5001 5967 4999
f 5969 5967 5001
f 5969 6959 5967
f 6961 6959 5969
f 6961 35 6959
f 37 35 6961
f 37 5684 35
f 35 5684 4696
f 5685 3027 4697
f 4697 3027 3025
f 4021 4322 4695
f 3025 4021 4695
f 3027 4021 3025
f 5683 4322 4021
f 1049 4696 5684
f 1049 5684 1051
f 1051 2083 1049
f 2085 2083 1051
f 2085 3087 2083
f 3089 3087 2085
f 3089 5686 3087
f 3087 5686 4698
f 5687 2029 4699
f 4699 2029 2027
f 4697 2027 2029
f 4697 2029 5685
f 4097 4698 5686
f 4097 5686 4099
f 4099 5688 4097
f 4097 5688 4700
f 5689 1001 1311
f 4701 1311 1001
f 5687 4701 1001
f 4699 4701 5687
f 5688 5081 5403
f 4702 5688 5403
f 4700 5688 4702
f 5081 5690 5403
f 1313 5691 1311
f 1311 5691 5689
f 1311 4701 4703
f 1311 4703 1313
f 5403 5079 4702
f 5403 5690 5079
f 5690 4704 5079
f 5690 5692 4704
f 1315 5693 1313
f 1313 5693 5691
f 1313 4703 4705
f 1313 4705 1315
f 5692 6045 6387
f 4706 5692 6387
f 4704 5692 4706
f 6045 5694 6387
f 1315 1002 5693
f 5695 1002 1315
f 4705 5695 1315
f 4707 5695 4705
f 6387 6043 4706
f 5694 7029 7379
f 5694 7379 4708
f 6387 5694 4708
f 6043 6387 4708
f 7029 5696 7379
f 4707 2028 5695
f 5695 2028 2030
f 5697 2030 2028
f 5697 2028 4709
f 7379 7027 4708
f 7379 5696 7027
f 5696 4710 7027
f 5696 5698 4710
f 4709 3026 5697
f 5697 3026 3028
f 3026 4711 4348
f 4022 3026 4348
f 3028 3026 4022
f 5699 4022 4348
f 4710 5700 4712
f 5698 5700 4710
f 4020 4348 4711
f 5002 5699 5336
f 5336 5699 4713
f 5699 4348 4713
f 4348 4020 4713
f 5701 5002 5336
f 4712 5702 4714
f 5700 5702 4712
f 4715 5338 4713
f 4713 5338 5336
f 5701 5336 5338
f 5701 5338 5703
f 4714 5704 4716
f 5702 5704 4714
f 4717 5340 4715
f 4715 5340 5338
f 5703 5338 5340
f 5703 5340 5705
f 7030 5706 4718
f 7030 4718 7028
f 7028 4716 7030
f 7030 4716 5704
f 5000 5340 4717
f 5970 5705 6316
f 6316 5705 4719
f 5705 5340 4719
f 5340 5000 4719
f 5707 5970 6316
f 6046 5708 4720
f 6046 4720 6044
f 6044 4718 6046
f 6046 4718 5706
f 5968 6316 4719
f 6316 5968 5707
f 5968 6962 5707
f 5968 6960 6962
f 5709 6962 6960
f 5709 6960 4721
f 5080 5431 4722
f 5080 4720 5431
f 4720 5710 5431
f 4720 5708 5710
f 4721 36 5709
f 5709 36 38
f 1050 38 36
f 1050 1052 38
f 2084 1052 1050
f 2084 2086 1052
f 3088 2086 2084
f 3088 3090 2086
f 4098 3090 3088
f 4098 4100 3090
f 5431 5082 4722
f 5082 4098 4722
f 5082 4100 4098
f 5431 5710 5082
f 5711 4115 4405
f 4405 4115 5391
f 5391 4115 5097
f 5391 5097 6367
f 6367 5097 6061
f 6061 5712 6367
f 5713 3105 3405
f 5711 4405 3105
f 3105 4405 3405
f 4405 4113 3405
f 4113 4723 3405
f 5391 5095 4113
f 5391 4113 4405
f 6371 4724 5095
f 5391 6371 5095
f 6367 6371 5391
f 6367 5712 6371
f 6371 5712 5714
f 5715 5985 6293
f 6293 5985 7281
f 7281 5985 6977
f 7281 6977 347
f 347 6977 53
f 347 53 1369
f 1369 53 1067
f 1369 1067 4725
f 1067 2099 4725
f 1067 2101 2099
f 2101 5713 3405
f 3103 2101 3405
f 2099 2101 3103
f 3405 4723 3103
f 6371 6059 4724
f 5714 7045 7369
f 5714 7369 4726
f 6371 5714 4726
f 6059 6371 4726
f 7045 5716 7369
f 5717 4037 4727
f 4727 4037 4035
f 4037 5015 4035
f 5017 5015 4037
f 5017 5715 6293
f 5983 5017 6293
f 5015 5017 5983
f 7281 6975 5983
f 7281 5983 6293
f 347 51 6975
f 347 6975 7281
f 1369 1065 51
f 1369 51 347
f 1369 4725 1065
f 7371 4728 4726
f 7371 4726 7369
f 7369 5716 7371
f 7371 5716 5718
f 5719 3039 4729
f 4729 3039 3037
f 4727 3037 3039
f 4727 3039 5717
f 7373 4730 4728
f 7373 4728 7371
f 7371 5718 7373
f 7373 5718 5720
f 5721 4729 4731
f 5721 5719 4729
f 7373 7043 4730
f 7043 7373 5720
f 107 7043 5720
f 105 7043 107
f 4732 105 1447
f 105 1103 1447
f 105 107 1103
f 1447 1103 2465
f 2465 1103 2137
f 2137 5722 2465
f 5723 4731 4733
f 5723 5721 4731
f 1447 1101 4732
f 2465 2135 1101
f 2465 1101 1447
f 5722 3147 3497
f 5722 3497 4734
f 2465 5722 4734
f 2135 2465 4734
f 3147 5724 3497
f 4733 3038 5723
f 5723 3038 3040
f 5725 3040 3038
f 5725 3038 4735
f 3497 3145 4734
f 5724 4157 4507
f 5724 4507 4736
f 3497 5724 4736
f 3145 3497 4736
f 4157 5726 4507
f 4735 4036 5725
f 5725 4036 4038
f 5727 4038 4036
f 5727 4036 4737
f 4509 4738 4736
f 4509 4736 4507
f 4507 5726 4509
f 4509 5726 5728
f 4737 5016 5727
f 5727 5016 5018
f 5729 5018 5016
f 5729 5016 4739
f 4511 4740 4738
f 4511 4738 4509
f 4509 5728 4511
f 4511 5728 5730
f 4739 5984 5729
f 5729 5984 5986
f 5731 5986 5984
f 5731 5984 4741
f 3146 3507 4742
f 4511 4158 4740
f 4740 4158 3146
f 4158 5732 3146
f 5732 3507 3146
f 4511 5730 4158
f 5733 4741 4743
f 5733 5731 4741
f 1102 1463 4744
f 2136 2481 1463
f 2136 1463 1102
f 2481 2136 4742
f 3507 2481 4742
f 3511 2481 3507
f 3507 5732 3511
f 3511 5732 5734
f 5735 4743 4745
f 5735 5733 4743
f 1467 4746 4744
f 1467 4744 1463
f 1463 2485 1467
f 1463 2481 2485
f 5736 2485 3148
f 2485 3511 3148
f 2485 2481 3511
f 3511 5734 3148
f 4745 6976 5735
f 5735 6976 6978
f 5737 6978 6976
f 5737 6976 4747
f 106 455 4748
f 455 106 4746
f 1467 455 4746
f 1471 455 1467
f 1467 2489 1471
f 1467 2485 2489
f 2485 5736 2489
f 2489 5736 5738
f 4747 52 5737
f 5737 52 54
f 1066 54 52
f 1066 1068 54
f 2100 2419 5739
f 1068 2100 5739
f 1066 2100 1068
f 4749 2419 2100
f 459 4750 4748
f 459 4748 455
f 5740 459 1104
f 459 1471 1104
f 459 455 1471
f 1104 1471 2138
f 2138 1471 2489
f 2489 5738 2138
f 2419 2102 5739
f 4749 3104 2419
f 3104 2102 2419
f 3104 3106 2102
f 4114 4453 5741
f 3106 4114 5741
f 3104 4114 3106
f 4751 4453 4114
f 7044 7409 4752
f 459 108 4750
f 4750 108 7044
f 108 5742 7044
f 5742 7409 7044
f 459 5740 108
f 4453 4116 5741
f 4751 5096 4453
f 5096 4116 4453
f 5096 5098 4116
f 6060 5098 5096
f 6060 6062 5098
f 7409 7046 4752
f 7046 6060 4752
f 7046 6062 6060
f 7409 5742 7046
f 5743 191 4753
f 4753 191 189
f 191 1189 189
f 1191 1189 191
f 1191 2213 1189
f 2215 2213 1191
f 2215 3223 2213
f 3225 3223 2215
f 3225 4233 3223
f 4235 4233 3225
f 4235 5744 4233
f 4233 5744 4754
f 5745 7123 4755
f 4755 7123 7121
f 4753 7121 7123
f 4753 7123 5743
f 5225 4754 5744
f 5225 5744 5227
f 5227 6205 5225
f 6207 6205 5227
f 6207 5746 6205
f 6205 5746 4756
f 5747 4755 4757
f 5747 5745 4755
f 7199 4756 5746
f 7199 5746 7201
f 7201 5748 7199
f 7199 5748 4758
f 5749 4757 4759
f 5749 5747 4757
f 263 4758 5748
f 263 5748 265
f 265 5750 263
f 263 5750 4760
f 5751 4759 4761
f 5751 5749 4759
f 4760 5752 4762
f 5750 5752 4760
f 5753 4761 4763
f 5753 5751 4761
f 4762 5754 4764
f 5752 5754 4762
f 5755 4763 4765
f 5755 5753 4763
f 4764 5756 4766
f 5754 5756 4764
f 5757 4765 4767
f 5757 5755 4765
f 266 5758 562
f 562 4768 266
f 4768 5756 266
f 4768 4766 5756
f 7124 5757 7438
f 5757 4769 7438
f 5757 4767 4769
f 5759 7124 7438
f 4770 264 562
f 5758 4770 562
f 5760 4770 5758
f 4768 562 264
f 7122 7438 4769
f 192 5759 494
f 494 5759 4771
f 5759 7438 4771
f 7438 7122 4771
f 5761 192 494
f 5228 5762 4772
f 5228 4772 5226
f 6206 5228 5226
f 6206 6208 5228
f 7200 6208 6206
f 7200 7202 6208
f 7200 4770 7202
f 7202 4770 5760
f 190 494 4771
f 494 190 5761
f 190 1192 5761
f 190 1190 1192
f 2214 1192 1190
f 2214 2216 1192
f 3224 2216 2214
f 3224 3226 2216
f 4234 3226 3224
f 4234 4236 3226
f 4234 4772 4236
f 4236 4772 5762
f 5763 69 327
f 327 69 4773
f 69 1081 4773
f 69 1083 1081
f 1083 2115 1081
f 2117 2115 1083
f 2117 3119 2115
f 3121 3119 2117
f 3121 4129 3119
f 4131 4129 3121
f 4131 5111 4129
f 5113 5111 4131
f 5113 6075 5111
f 6077 6075 5113
f 6077 7059 6075
f 7061 7059 6077
f 4774 7059 407
f 7059 123 407
f 7059 7061 123
f 407 123 1427
f 1427 123 1119
f 1119 5764 1427
f 5765 6993 7267
f 5763 327 6993
f 6993 327 7267
f 327 67 7267
f 67 4775 7267
f 327 4773 67
f 407 121 4774
f 1427 1117 121
f 1427 121 407
f 5764 2153 2451
f 5764 2451 4776
f 1427 5764 4776
f 1117 1427 4776
f 2153 5766 2451
f 6991 4777 7267
f 4777 5765 7267
f 4777 5767 5765
f 7267 4775 6991
f 2451 2151 4776
f 5766 3163 3483
f 5766 3483 4778
f 2451 5766 4778
f 2151 2451 4778
f 3163 5768 3483
f 5769 6001 6285
f 4779 6285 6001
f 5767 4779 6001
f 4777 4779 5767
f 3483 3161 4778
f 3483 5768 3161
f 5768 4780 3161
f 5768 5770 4780
f 5999 4781 6285
f 4781 5769 6285
f 4781 5771 5769
f 6285 4779 5999
f 4780 5772 4782
f 5770 5772 4780
f 5773 4053 4327
f 4327 4053 4783
f 4053 5031 4783
f 4053 5033 5031
f 4781 5031 5033
f 4781 5033 5771
f 5774 4496 4171
f 4782 5774 4171
f 5772 5774 4782
f 4496 4784 4171
f 5775 3041 3325
f 5773 4327 3041
f 3041 4327 3325
f 4327 4051 3325
f 4051 4785 3325
f 4327 4783 4051
f 4173 4496 5774
f 4173 5776 4496
f 5776 4784 4496
f 5776 4786 4784
f 3331 5777 3325
f 3325 5777 5775
f 3325 4785 4787
f 3325 4787 3331
f 4786 5778 4788
f 5776 5778 4786
f 3331 3042 5777
f 5779 3042 3331
f 4787 5779 3331
f 4789 5779 4787
f 5159 4788 5778
f 5159 5778 5161
f 5161 5780 5159
f 5159 5780 4790
f 4341 5781 4052
f 5781 4789 4052
f 5781 5779 4789
f 4791 4341 4052
f 4790 5782 4792
f 5780 5782 4790
f 4341 4054 5781
f 5783 4054 4341
f 4791 5783 4341
f 4793 5783 4791
f 6135 4792 5782
f 6135 5782 6137
f 6137 5784 6135
f 6135 5784 4794
f 4793 5032 5783
f 5783 5032 5034
f 6000 5034 5032
f 6000 6002 5034
f 6992 7295 5785
f 6002 6992 5785
f 6000 6992 6002
f 4795 7295 6992
f 4794 5786 4796
f 5784 5786 4794
f 7295 6994 5785
f 4795 68 7295
f 68 6994 7295
f 68 70 6994
f 5787 70 68
f 5787 68 4797
f 6138 5788 4798
f 6138 4798 6136
f 6136 4796 6138
f 6138 4796 5786
f 5789 4797 4799
f 5789 5787 4797
f 5162 5790 4800
f 5162 4800 5160
f 5160 4798 5162
f 5162 4798 5788
f 4799 1082 5789
f 5789 1082 1084
f 5791 1084 1082
f 5791 1082 4801
f 2154 5792 2482
f 2154 2482 3512
f 2154 3512 3164
f 3164 3512 4802
f 4172 3164 4802
f 4174 3164 4172
f 4172 4800 4174
f 4174 4800 5790
f 5793 4801 4803
f 5793 5791 4801
f 5794 2486 2482
f 5794 2482 5792
f 3162 3512 4804
f 3512 2486 4804
f 3512 2482 2486
f 4802 3512 3162
f 5795 4803 4805
f 5795 5793 4803
f 1120 5796 1472
f 2486 5794 1120
f 2486 1120 1472
f 2152 2486 1472
f 4806 2152 1472
f 4804 2486 2152
f 4805 2116 5795
f 5795 2116 2118
f 5797 2118 2116
f 5797 2116 4807
f 4808 1118 1472
f 5796 4808 1472
f 5798 4808 5796
f 4806 1472 1118
f 4807 3120 5797
f 5797 3120 3122
f 5799 3122 3120
f 5799 3120 4809
f 124 5800 4810
f 124 4810 122
f 122 4808 124
f 124 4808 5798
f 4809 4130 5799
f 5799 4130 4132
f 5112 4132 4130
f 5112 5114 4132
f 6076 5114 5112
f 6076 6078 5114
f 7060 6078 6076
f 7060 7062 6078
f 7060 4810 7062
f 7062 4810 5800
f 5801 4191 4455
f 4455 4191 4811
f 4191 5181 4811
f 4191 5183 5181
f 5183 6159 5181
f 6163 6159 5183
f 6163 7147 6159
f 7151 7147 6163
f 7151 213 7147
f 217 213 7151
f 217 1211 213
f 1215 1211 217
f 1215 2233 1211
f 2237 2233 1215
f 2237 3241 2233
f 3245 3241 2237
f 4546 4251 5802
f 4251 3245 5802
f 4251 3241 3245
f 4546 4812 4251
f 5803 3181 3451
f 5801 4455 3181
f 3181 4455 3451
f 4455 4189 3451
f 4189 4813 3451
f 4455 4811 4189
f 4255 4546 5802
f 5804 5538 5241
f 5804 5241 4812
f 4255 5804 4812
f 4546 4255 4812
f 5538 4814 5241
f 5805 7077 7313
f 7313 7077 4815
f 7077 137 4815
f 7077 139 137
f 139 1135 137
f 1137 1135 139
f 1137 2169 1135
f 2171 2169 1137
f 2171 5803 3451
f 3179 2171 3451
f 2169 2171 3179
f 3451 4813 3179
f 5245 5538 5804
f 5245 5806 5538
f 5806 4814 5538
f 5806 4816 4814
f 5807 6093 6321
f 5805 7313 6093
f 6093 7313 6321
f 7313 7075 6321
f 7075 4817 6321
f 7313 4815 7075
f 4816 5808 4818
f 5806 5808 4816
f 6091 4819 6321
f 4819 5807 6321
f 4819 5809 5807
f 6321 4817 6091
f 4818 5810 4820
f 5808 5810 4818
f 5811 4147 4363
f 4363 4147 4821
f 4147 5127 4821
f 4147 5131 5127
f 4819 5127 5131
f 4819 5131 5809
f 4820 5812 4822
f 5810 5812 4820
f 4145 4823 4363
f 4823 5811 4363
f 4823 5813 5811
f 4363 4821 4145
f 5246 5814 4824
f 5246 4824 5242
f 5242 4822 5246
f 5246 4822 5812
f 5815 3137 3361
f 4825 3361 3137
f 5813 4825 3137
f 4823 4825 5813
f 1216 5816 4826
f 1216 4826 1212
f 2234 1216 1212
f 2234 2238 1216
f 3242 2238 2234
f 3242 3246 2238
f 4252 3246 3242
f 4252 4256 3246
f 4252 4824 4256
f 4256 4824 5814
f 3363 5817 3361
f 3361 5817 5815
f 3361 4825 4827
f 3361 4827 3363
f 218 5818 4828
f 218 4828 214
f 214 4826 218
f 218 4826 5816
f 3365 5819 3363
f 3363 5819 5817
f 3363 4827 4829
f 3363 4829 3365
f 7148 7443 4830
f 7148 4828 7443
f 4828 5820 7443
f 4828 5818 5820
f 3367 5821 3365
f 3365 5821 5819
f 3365 4829 4831
f 3365 4831 3367
f 4830 7443 7152
f 5822 4830 7152
f 4832 4830 5822
f 7443 5820 7152
f 3135 4833 3367
f 4833 5821 3367
f 4833 5823 5821
f 3367 4831 3135
f 6160 6463 4834
f 6160 4832 6463
f 4832 5824 6463
f 4832 5822 5824
f 3138 5823 3376
f 5823 4835 3376
f 5823 4833 4835
f 5825 3138 3376
f 6465 4836 4834
f 6465 4834 6463
f 6463 5824 6465
f 6465 5824 5826
f 4837 3380 4835
f 4835 3380 3376
f 5825 3376 3380
f 5825 3380 5827
f 6467 4838 4836
f 6467 4836 6465
f 6465 5826 6467
f 6467 5826 5828
f 4839 3384 4837
f 4837 3384 3380
f 4390 4148 5827
f 3380 4390 5827
f 3384 4390 3380
f 5829 4148 4390
f 6469 4840 4838
f 6469 4838 6467
f 6467 5828 6469
f 6469 5828 5830
f 4841 3388 4839
f 4839 3388 3384
f 4394 3384 3388
f 4390 3384 4394
f 5380 5132 5829
f 4390 5380 5829
f 4394 5380 4390
f 5831 5132 5380
f 6469 6161 4840
f 5830 7153 7455
f 5830 7455 4842
f 6469 5830 4842
f 6161 6469 4842
f 7153 5832 7455
f 3136 3388 4841
f 4146 4394 3136
f 3136 4394 3388
f 4843 5384 4146
f 5384 4394 4146
f 5384 5380 4394
f 6360 6094 5831
f 5380 6360 5831
f 5384 6360 5380
f 5833 6094 6360
f 7455 7149 4842
f 7455 5832 7149
f 5832 4844 7149
f 5832 5834 4844
f 5128 5384 4843
f 4845 6364 5128
f 6364 5384 5128
f 6364 6360 5384
f 5833 6360 6364
f 5833 6364 5835
f 4844 5836 4846
f 5834 5836 4844
f 4847 6368 4845
f 4845 6368 6364
f 5835 6364 6368
f 5835 6368 5837
f 5836 219 507
f 4848 5836 507
f 4846 5836 4848
f 219 5838 507
f 4849 6372 4847
f 4847 6372 6368
f 5837 6368 6372
f 5837 6372 5839
f 507 215 4848
f 507 5838 215
f 5838 4850 215
f 5838 5840 4850
f 348 83 4851
f 1370 1097 348
f 348 1097 83
f 1370 4852 1097
f 5400 5129 4853
f 5129 5400 4849
f 5400 6372 4849
f 5400 6376 6372
f 5839 6372 6376
f 5839 6376 5841
f 1213 4850 5840
f 1213 5840 1217
f 4854 1213 2533
f 1213 2239 2533
f 1213 1217 2239
f 2239 5842 2533
f 4855 350 4851
f 4851 350 348
f 1374 348 350
f 1370 348 1374
f 4852 1370 2131
f 1370 2386 2131
f 1370 1374 2386
f 2386 4856 2131
f 4857 5404 4853
f 4853 5404 5400
f 6380 5400 5404
f 6376 5400 6380
f 5841 6376 6380
f 5841 6380 5843
f 2533 2235 4854
f 5842 3247 3565
f 5842 3565 4858
f 2533 5842 4858
f 2235 2533 4858
f 3247 5844 3565
f 4859 354 4855
f 4855 354 350
f 1378 350 354
f 1374 350 1378
f 2390 1374 1378
f 2386 1374 2390
f 4856 2386 4860
f 4860 2386 2390
f 4861 5408 4857
f 4857 5408 5404
f 6384 5404 5408
f 6380 5404 6384
f 5843 6380 6384
f 5843 6384 5845
f 3567 4862 4858
f 3567 4858 3565
f 3565 5844 3567
f 3567 5844 5846
f 4863 358 4859
f 4859 358 354
f 1382 354 358
f 1378 354 1382
f 2132 2390 4864
f 2390 1382 4864
f 2390 1378 1382
f 4860 2390 2132
f 4865 5412 4861
f 4861 5412 5408
f 5412 5847 6095
f 6384 5412 6095
f 5408 5412 6384
f 5845 6384 6095
f 3569 4866 4862
f 3569 4862 3567
f 4257 4575 5846
f 4575 3567 5846
f 4575 3569 3567
f 4257 5848 4575
f 5849 7209 7533
f 7533 7209 575
f 575 7209 269
f 575 269 1583
f 1583 269 1259
f 1583 1259 2587
f 2587 1259 2277
f 2277 5850 2587
f 5851 5281 5607
f 5607 5281 6597
f 6597 5281 6253
f 6253 5852 6597
f 84 358 4863
f 1098 1382 84
f 84 1382 358
f 4864 1382 1098
f 5130 5412 4865
f 5847 5412 5130
f 4867 5847 5130
f 5853 5847 4867
f 3571 4868 4866
f 3571 4866 3569
f 3569 4577 3571
f 3569 4575 4577
f 5247 5565 5848
f 5565 4575 5848
f 5565 4577 4575
f 5565 5247 6555
f 6555 5247 6221
f 5849 7533 6221
f 7533 6555 6221
f 7533 7535 6555
f 7533 577 7535
f 7533 575 577
f 575 1585 577
f 575 1583 1585
f 1583 2589 1585
f 1583 2587 2589
f 3283 3617 5850
f 3617 2587 5850
f 3617 2589 2587
f 3617 3283 4621
f 4621 3283 4291
f 5851 5607 4291
f 4291 5607 4621
f 5607 5279 4621
f 5279 4869 4621
f 6597 6251 5279
f 6597 5279 5607
f 5852 7241 7583
f 5852 7583 4870
f 6597 5852 4870
f 6251 6597 4870
f 7241 5854 7583
f 6096 5853 6396
f 5853 4871 6396
f 5853 4867 4871
f 5855 6096 6396
f 3573 4872 4868
f 3573 4868 3571
f 3571 4579 3573
f 3571 4577 4579
f 4577 5567 4579
f 4577 5565 5567
f 5565 6557 5567
f 5565 6555 6557
f 6555 7537 6557
f 6555 7535 7537
f 7535 579 7537
f 7535 577 579
f 577 1587 579
f 577 1585 1587
f 1585 2591 1587
f 1585 2589 2591
f 2589 3619 2591
f 2589 3617 3619
f 3617 4623 3619
f 3617 4621 4623
f 4621 4869 4873
f 4621 4873 4623
f 7583 7239 4870
f 5854 303 629
f 5854 629 4874
f 7583 5854 4874
f 7239 7583 4874
f 303 5856 629
f 6092 6396 4871
f 5855 6396 6092
f 4875 5855 6092
f 5857 5855 4875
f 3575 4876 4872
f 3575 4872 3573
f 3573 4581 3575
f 3573 4579 4581
f 4579 5569 4581
f 4579 5567 5569
f 5567 6559 5569
f 5567 6557 6559
f 6557 7539 6559
f 6557 7537 7539
f 7537 581 7539
f 7537 579 581
f 579 1589 581
f 579 1587 1589
f 1587 2593 1589
f 1587 2591 2593
f 2591 3621 2593
f 2591 3619 3621
f 3619 4625 3621
f 3619 4623 4625
f 4623 4873 4877
f 4623 4877 4625
f 631 4878 4874
f 631 4874 629
f 629 5856 631
f 631 5856 5858
f 4875 7076 5857
f 5857 7076 7078
f 5859 7078 7076
f 5859 7076 4879
f 3575 3243 4876
f 4583 4880 3243
f 3575 4583 3243
f 4581 4583 3575
f 4581 5571 4583
f 4581 5569 5571
f 5569 6561 5571
f 5569 6559 6561
f 6559 7541 6561
f 6559 7539 7541
f 7539 583 7541
f 7539 581 583
f 581 1591 583
f 581 1589 1591
f 1589 2595 1591
f 1589 2593 2595
f 2593 3623 2595
f 2593 3621 3623
f 3621 4627 3623
f 3621 4625 4627
f 4625 4877 4881
f 4625 4881 4627
f 633 4882 4878
f 633 4878 631
f 631 5858 633
f 633 5858 5860
f 4879 138 5859
f 5859 138 140
f 5861 140 138
f 5861 138 4883
f 4583 4253 4880
f 5573 4884 4253
f 4583 5573 4253
f 5571 5573 4583
f 5571 6563 5573
f 5571 6561 6563
f 6561 7543 6563
f 6561 7541 7543
f 7541 585 7543
f 7541 583 585
f 5862 585 1260
f 585 1591 1260
f 585 583 1591
f 1260 1591 2278
f 2278 1591 2595
f 2278 2595 3284
f 3284 2595 3623
f 3284 3623 5863
f 3623 4629 5863
f 3623 4627 4629
f 4627 4881 5280
f 5617 4627 5280
f 4629 4627 5617
f 6252 6607 5617
f 6252 5617 5280
f 7240 7591 6607
f 7240 6607 6252
f 633 304 4882
f 4882 304 7240
f 304 5864 7240
f 5864 7591 7240
f 633 5860 304
f 4883 1136 5861
f 5861 1136 1138
f 2170 2483 5865
f 1138 2170 5865
f 1136 2170 1138
f 3180 3513 2483
f 3180 2483 2170
f 4885 3513 3180
f 5573 5243 4884
f 6565 4886 5243
f 5573 6565 5243
f 6563 6565 5573
f 5866 6565 7210
f 6565 7543 7210
f 6565 6563 7543
f 7210 7543 270
f 270 7543 585
f 585 5862 270
f 4629 4292 5863
f 4292 4629 5282
f 5282 4629 5617
f 5282 5617 6254
f 6254 5617 6607
f 6254 6607 7242
f 7242 6607 7591
f 7591 5864 7242
f 2483 2172 5865
f 2172 2483 3182
f 3182 2483 3513
f 4885 4190 3513
f 4190 3182 3513
f 4190 4192 3182
f 5182 5513 5867
f 4192 5182 5867
f 4190 5182 4192
f 4887 5513 5182
f 6567 4888 4886
f 6567 4886 6565
f 6565 5866 6567
f 6567 5866 5868
f 5513 5184 5867
f 6505 5869 6162
f 6162 5869 4887
f 5869 5184 4887
f 5184 5513 4887
f 4889 6505 6162
f 6569 4890 4888
f 6569 4888 6567
f 6567 5868 6569
f 6569 5868 5870
f 6505 6164 5869
f 7489 5871 7150
f 7150 5871 4889
f 5871 6164 4889
f 6164 6505 4889
f 216 535 7489
f 216 7489 7150
f 4891 535 216
f 5244 5581 4892
f 6569 6222 4890
f 4890 6222 5244
f 6222 5872 5244
f 5872 5581 5244
f 6569 5870 6222
f 7489 7154 5871
f 7154 7489 220
f 220 7489 535
f 1549 5873 1214
f 1214 5873 4891
f 5873 220 4891
f 220 535 4891
f 4893 1549 1214
f 4254 4595 4894
f 5581 5248 4892
f 4892 5248 4254
f 5248 5874 4254
f 5874 4595 4254
f 5581 5872 5248
f 1549 1218 5873
f 4893 2236 1549
f 2236 1218 1549
f 2236 2240 1218
f 3244 2240 2236
f 3244 3248 2240
f 4595 4258 4894
f 4258 3244 4894
f 4258 3248 3244
f 4595 5874 4258
f 388 165 4895
f 1410 1161 388
f 388 1161 165
f 1410 4896 1161
f 7326 7103 4897
f 7103 7326 4895
f 7326 388 4895
f 7326 390 388
f 390 5875 1165
f 1410 390 1165
f 388 390 1410
f 5876 2436 2185
f 5876 2185 4896
f 1165 5876 4896
f 1410 1165 4896
f 2436 4898 2185
f 4899 7328 4897
f 4897 7328 7326
f 7328 5877 169
f 390 7328 169
f 7326 7328 390
f 5875 390 169
f 5878 2438 2436
f 5878 2436 5876
f 4898 2436 4900
f 4900 2436 2438
f 4901 7330 4899
f 4899 7330 7328
f 394 170 5877
f 7328 394 5877
f 7330 394 7328
f 170 394 1416
f 170 1416 1166
f 2438 5878 1166
f 1416 2438 1166
f 2440 2438 1416
f 4900 2438 4902
f 4902 2438 2440
f 4903 7332 4901
f 4901 7332 7330
f 396 7330 7332
f 394 7330 396
f 1418 394 396
f 1416 394 1418
f 2442 1416 1418
f 2440 1416 2442
f 4902 2440 4904
f 4904 2440 2442
f 7104 7332 4903
f 166 396 7104
f 7104 396 7332
f 4905 1420 166
f 1420 396 166
f 1420 1418 396
f 2444 1418 1420
f 2442 1418 2444
f 4904 2442 3195
f 2442 3474 3195
f 2442 2444 3474
f 4480 4207 3474
f 3474 4207 3195
f 4480 4906 4207
f 4907 1422 4905
f 4905 1422 1420
f 1422 5879 2187
f 2444 1422 2187
f 1420 1422 2444
f 2444 2187 3197
f 2444 3197 3474
f 3474 3197 4209
f 3474 4209 4480
f 5199 4906 4480
f 4209 5199 4480
f 5201 5199 4209
f 6468 6181 5880
f 6181 5201 5880
f 6181 5199 5201
f 6468 4908 6181
f 4909 1426 4907
f 4907 1426 1422
f 5879 1422 1426
f 5879 1426 5881
f 6183 6468 5880
f 7175 4908 6468
f 6183 7175 6468
f 7177 7175 6183
f 500 241 5882
f 241 7177 5882
f 241 7175 7177
f 500 4910 241
f 4911 1430 4909
f 4909 1430 1426
f 5881 1426 1430
f 5881 1430 5883
f 243 500 5882
f 243 5884 500
f 5884 4910 500
f 5884 4912 4910
f 4913 1434 4911
f 4911 1434 1430
f 5883 1430 1434
f 5883 1434 5885
f 1239 4912 5884
f 1239 5884 1241
f 1241 5886 1239
f 1239 5886 4914
f 1162 1434 4913
f 5885 1434 1162
f 4915 5885 1162
f 5887 5885 4915
f 2261 4914 5886
f 2261 5886 2263
f 4916 2261 3557
f 2261 3269 3557
f 2261 2263 3269
f 3557 3269 4917
f 3269 4275 4917
f 3269 4277 4275
f 4277 5263 4275
f 5265 5263 4277
f 5265 6235 5263
f 6237 6235 5265
f 6237 7223 6235
f 7225 7223 6237
f 7225 285 7223
f 287 285 7225
f 287 1277 285
f 1279 1277 287
f 4918 1277 2575
f 1277 2297 2575
f 1277 1279 2297
f 2297 5888 2575
f 2188 5887 2456
f 5887 4919 2456
f 5887 4915 4919
f 5889 2188 2456
f 3557 3267 4916
f 3557 4917 3267
f 2575 2295 4918
f 5888 3303 3605
f 5888 3605 4920
f 2575 5888 4920
f 2295 2575 4920
f 3605 3303 4609
f 4609 3303 4309
f 4309 5890 4609
f 4921 2458 4919
f 4919 2458 2456
f 5889 2456 2458
f 5889 2458 5891
f 3605 3299 4920
f 4609 4305 3299
f 4609 3299 3605
f 5890 5297 5599
f 5890 5599 4922
f 4609 5890 4922
f 4305 4609 4922
f 5599 5297 6589
f 6589 5297 6269
f 6589 6269 7571
f 7571 6269 7257
f 7257 5892 7571
f 2458 4921 2189
f 4921 5893 2189
f 4921 4923 5893
f 5891 2458 2189
f 5599 5295 4922
f 6589 6267 5295
f 6589 5295 5599
f 7571 7255 6267
f 7571 6267 6589
f 5892 319 617
f 5892 617 4924
f 7571 5892 4924
f 7255 7571 4924
f 319 5894 617
f 1444 1163 4925
f 4923 1163 1444
f 5895 4923 1444
f 5893 4923 5895
f 619 4926 4924
f 619 4924 617
f 617 5894 619
f 619 5894 5896
f 5897 171 4927
f 4927 171 167
f 1167 1444 4925
f 167 1167 4925
f 171 1167 167
f 5895 1444 1167
f 619 317 4926
f 619 5896 317
f 5896 4928 317
f 5896 5898 4928
f 7378 7105 4929
f 4927 7105 7378
f 5899 4927 7378
f 5897 4927 5899
f 5898 1305 1629
f 4930 5898 1629
f 4928 5898 4930
f 1305 5900 1629
f 7378 4929 7107
f 4929 5901 7107
f 4929 4931 5901
f 5899 7378 7107
f 1629 1303 4930
f 1629 5900 1303
f 5900 4932 1303
f 5900 5902 4932
f 5903 4931 4933
f 5903 5901 4931
f 4932 5904 4934
f 5902 5904 4932
f 5905 4933 4935
f 5905 5903 4933
f 4934 5906 4936
f 5904 5906 4934
f 5907 6119 4937
f 4937 6119 6117
f 4935 6117 6119
f 4935 6119 5905
f 1306 5908 1638
f 1638 4938 1306
f 4938 5906 1306
f 4938 4936 5906
f 5909 4937 4939
f 5909 5907 4937
f 5910 1640 1638
f 5910 1638 5908
f 4938 1638 4940
f 4940 1638 1640
f 5911 4939 4941
f 5911 5909 4939
f 5912 1642 1640
f 5912 1640 5910
f 4940 1640 4942
f 4942 1640 1642
f 6120 5911 6420
f 5911 4943 6420
f 5911 4941 4943
f 5913 6120 6420
f 320 5914 640
f 1642 5912 320
f 1642 320 640
f 1304 1642 640
f 4944 1304 640
f 4942 1642 1304
f 4945 6424 4943
f 4943 6424 6420
f 5913 6420 6424
f 5913 6424 5915
f 6270 5916 6614
f 6270 6614 7598
f 6270 7598 7258
f 640 5914 7258
f 640 7258 7598
f 318 640 7598
f 4946 318 7598
f 4944 640 318
f 6424 4945 6121
f 4945 5917 6121
f 4945 4947 5917
f 5915 6424 6121
f 5298 5918 5626
f 6614 5916 5298
f 6614 5298 5626
f 6268 6614 5626
f 4948 6268 5626
f 7256 7598 6268
f 6268 7598 6614
f 4946 7598 7256
f 5440 5145 4949
f 4947 5145 5440
f 5919 4947 5440
f 5917 4947 5919
f 4310 5920 4950
f 4310 4950 4306
f 5918 4310 5626
f 4310 5296 5626
f 4310 4306 5296
f 4948 5626 5296
f 4951 5442 4949
f 4949 5442 5440
f 5919 5440 5442
f 5919 5442 5921
f 3300 3637 4952
f 3300 4950 3637
f 4950 5922 3637
f 4950 5920 5922
f 4953 5444 4951
f 4951 5444 5442
f 5921 5442 5444
f 5921 5444 5923
f 4952 3637 3304
f 5924 4952 3304
f 4954 4952 5924
f 3637 5922 3304
f 4955 5446 4953
f 4953 5446 5444
f 5923 5444 5446
f 5923 5446 5925
f 5924 3305 3639
f 4956 5924 3639
f 4954 5924 4956
f 3305 5926 3639
f 5146 5446 4955
f 6122 5925 6440
f 6440 5925 4957
f 5925 5446 4957
f 5446 5146 4957
f 5927 6122 6440
f 3639 3301 4956
f 3639 5926 3301
f 5926 4958 3301
f 5926 5928 4958
f 6118 6440 4957
f 6440 6118 5927
f 6118 7108 5927
f 6118 7106 7108
f 168 7108 7106
f 168 172 7108
f 1164 172 168
f 1164 1168 172
f 2186 1168 1164
f 2186 2190 1168
f 3196 2190 2186
f 3196 3198 2190
f 4208 4541 5929
f 3198 4208 5929
f 3196 4208 3198
f 5200 5529 4541
f 5200 4541 4208
f 4959 5529 5200
f 5928 4311 4639
f 4960 5928 4639
f 4958 5928 4960
f 4311 5930 4639
f 4541 4210 5929
f 4210 4541 5202
f 5202 4541 5529
f 6521 5931 6182
f 6182 5931 4959
f 5931 5202 4959
f 5202 5529 4959
f 4961 6521 6182
f 4639 4307 4960
f 4639 5930 4307
f 5930 4962 4307
f 5930 5932 4962
f 6521 6184 5931
f 7505 5933 7176
f 7176 5933 4961
f 5933 6184 4961
f 6184 6521 4961
f 242 551 7505
f 242 7505 7176
f 1242 5934 551
f 242 1242 551
f 1240 1242 242
f 2262 1242 1240
f 2262 2264 1242
f 3268 2264 2262
f 3268 3270 2264
f 4276 3270 3268
f 4276 4278 3270
f 5264 4278 4276
f 5264 5266 4278
f 5935 5266 5264
f 5935 5264 4963
f 4962 5936 4964
f 5932 5936 4962
f 7505 7178 5933
f 7178 7505 244
f 244 7505 551
f 551 5934 244
f 4963 6236 5935
f 5935 6236 6238
f 5937 6238 6236
f 5937 6236 4965
f 4964 5938 4966
f 5936 5938 4964
f 4965 7224 5937
f 5937 7224 7226
f 5939 7226 7224
f 5939 7224 4967
f 4312 5940 4968
f 4312 4968 4308
f 4308 4966 4312
f 4312 4966 5938
f 4967 286 5939
f 5939 286 288
f 1278 288 286
f 1278 1280 288
f 2296 1280 1278
f 2296 2298 1280
f 3302 2298 2296
f 3302 3306 2298
f 3302 4968 3306
f 3306 4968 5940
f 1474 1181 4969
f 2492 2203 1474
f 1474 2203 1181
f 2492 4970 2203
f 4971 1478 4969
f 4969 1478 1474
f 2496 1474 1478
f 2492 1474 2496
f 4970 2492 4972
f 4972 2492 2496
f 1182 1478 4971
f 2204 2496 1182
f 1182 2496 1478
f 4972 2496 2204
f 3378 3063 5627
f 6615 4079 3378
f 4079 3063 3378
f 4079 4077 3063
f 4079 5059 4077
f 5061 5059 4079
f 5061 6025 5059
f 6027 6025 5061
f 6027 6616 6025
f 6025 6616 5628
f 6617 2051 5629
f 5629 2051 2049
f 3065 3378 5627
f 2049 3065 5627
f 2051 3065 2049
f 6615 3378 3065
f 7013 5628 6616
f 7013 6616 7015
f 7015 6618 7013
f 7013 6618 5630
f 6619 1015 5631
f 5631 1015 1011
f 5629 1011 1015
f 5629 1015 6617
f 6618 85 405
f 5632 6618 405
f 5630 6618 5632
f 85 6620 405
f 6621 5631 5633
f 6621 6619 5631
f 409 5634 5632
f 409 5632 405
f 405 6620 409
f 409 6620 6622
f 6623 5633 5635
f 6623 6621 5633
f 413 5636 5634
f 413 5634 409
f 409 6622 413
f 413 6622 6624
f 1355 6625 1012
f 6625 5635 1012
f 6625 6623 5635
f 5637 1355 1012
f 7014 7359 5638
f 413 86 5636
f 5636 86 7014
f 86 6626 7014
f 6626 7359 7014
f 413 6624 86
f 1359 6627 1355
f 1355 6627 6625
f 1355 5637 5639
f 1355 5639 1359
f 7363 5640 5638
f 7363 5638 7359
f 7359 6626 7363
f 7363 6626 6628
f 1013 5641 1359
f 5641 6627 1359
f 5641 6629 6627
f 1359 5639 1013
f 5640 7363 7016
f 6630 5640 7016
f 5642 5640 6630
f 7363 6628 7016
f 6631 5641 5643
f 6631 6629 5641
f 5642 6632 5644
f 6630 6632 5642
f 6633 3 5645
f 5645 3 1
f 5643 1 3
f 5643 3 6631
f 5644 6634 5646
f 6632 6634 5644
f 6635 5645 5647
f 6635 6633 5645
f 5646 6636 5648
f 6634 6636 5646
f 6637 5647 5649
f 6637 6635 5647
f 5648 6638 5650
f 6636 6638 5648
f 6639 6931 7291
f 5651 7291 6931
f 6637 5651 6931
f 5649 5651 6637
f 6028 6640 5652
f 6028 5652 6026
f 6026 5650 6028
f 6028 5650 6638
f 7293 6641 7291
f 7291 6641 6639
f 7291 5651 5653
f 7291 5653 7293
f 4078 4437 5654
f 5062 6642 4437
f 4078 5062 4437
f 5060 5062 4078
f 5060 5652 5062
f 5062 5652 6640
f 7297 6643 7293
f 7293 6643 6641
f 7293 5653 5655
f 7293 5655 7297
f 2050 2407 5656
f 3066 6644 2407
f 2050 3066 2407
f 3064 3066 2050
f 4437 4080 5654
f 4080 3064 5654
f 4080 3066 3064
f 4437 6642 4080
f 7299 6645 7297
f 7297 6645 6643
f 7297 5655 2
f 367 7297 2
f 7299 7297 367
f 1014 1391 367
f 1014 367 2
f 2407 2052 5656
f 5656 2052 1014
f 2052 6646 1014
f 6646 1391 1014
f 2407 6644 2052
f 7299 6932 6645
f 6932 7299 4
f 4 7299 367
f 4 367 1016
f 1016 367 1391
f 1391 6646 1016
f 6647 4987 5307
f 5307 4987 6281
f 6281 4987 5955
f 6281 5955 7271
f 7271 5955 6947
f 6947 6648 7271
f 6649 4007 4323
f 6647 5307 4007
f 4007 5307 4323
f 5307 4985 4323
f 4985 5657 4323
f 6281 5953 4985
f 6281 4985 5307
f 7271 6945 5953
f 7271 5953 6281
f 7271 6648 6945
f 6648 5658 6945
f 6648 6650 5658
f 4325 6651 4323
f 4323 6651 6649
f 4323 5657 5659
f 4323 5659 4325
f 5658 6652 5660
f 6650 6652 5658
f 4329 6653 4325
f 4325 6653 6651
f 4325 5659 5661
f 4325 5661 4329
f 5660 6654 5662
f 6652 6654 5660
f 4333 6655 4329
f 4329 6655 6653
f 4329 5661 5663
f 4329 5663 4333
f 6654 23 353
f 5664 6654 353
f 5662 6654 5664
f 23 6656 353
f 6657 3013 3333
f 6655 4333 3013
f 3013 4333 3333
f 4333 4005 3333
f 4005 5665 3333
f 4333 5663 4005
f 353 21 5664
f 353 6656 21
f 6656 5666 21
f 6656 6658 5666
f 3337 6659 3333
f 3333 6659 6657
f 3333 5665 5667
f 3333 5667 3337
f 1035 5666 6658
f 1035 6658 1037
f 1037 6660 1035
f 1035 6660 5668
f 3011 5669 3337
f 5669 6659 3337
f 5669 6661 6659
f 3337 5667 3011
f 5668 6662 5670
f 6660 6662 5668
f 6663 2015 2325
f 5671 2325 2015
f 6661 5671 2015
f 5669 5671 6661
f 6664 2404 2069
f 5670 6664 2069
f 6662 6664 5670
f 2404 5672 2069
f 2013 5673 2325
f 5673 6663 2325
f 5673 6665 6663
f 2325 5671 2013
f 2071 2404 6664
f 2071 6666 2404
f 6666 5672 2404
f 6666 5674 5672
f 6667 993 5675
f 5675 993 991
f 5673 991 993
f 5673 993 6665
f 5674 6668 5676
f 6666 6668 5674
f 6669 5675 5677
f 6669 6667 5675
f 5676 6670 5678
f 6668 6670 5676
f 5677 992 6669
f 6669 992 994
f 6671 994 992
f 6671 992 5679
f 2072 6672 5680
f 2072 5680 2070
f 2070 5678 2072
f 2072 5678 6670
f 6673 5679 5681
f 6673 6671 5679
f 24 6674 5682
f 24 5682 22
f 1036 24 22
f 1036 1038 24
f 1036 5680 1038
f 1038 5680 6672
f 5681 2014 6673
f 6673 2014 2016
f 3012 2016 2014
f 3012 3014 2016
f 4006 3014 3012
f 4006 4008 3014
f 4986 4008 4006
f 4986 4988 4008
f 5954 4988 4986
f 5954 5956 4988
f 6946 5956 5954
f 6946 6948 5956
f 6946 5682 6948
f 6948 5682 6674
f 5308 5001 5683
f 6282 5969 5308
f 5308 5969 5001
f 7272 6961 6282
f 6282 6961 5969
f 338 37 7272
f 7272 37 6961
f 338 5684 37
f 3320 3027 5685
f 6675 4023 3320
f 4023 3027 3320
f 4023 4021 3027
f 5003 5308 5683
f 4021 5003 5683
f 4023 5003 4021
f 5308 5003 5971
f 5308 5971 6282
f 6282 5971 6963
f 6282 6963 7272
f 7272 6963 39
f 7272 39 338
f 1051 5684 338
f 39 1051 338
f 1053 1051 39
f 1053 2085 1051
f 2087 2085 1053
f 2087 3089 2085
f 3091 3089 2087
f 3091 6676 3089
f 3089 6676 5686
f 6677 2031 5687
f 5687 2031 2029
f 3029 3320 5685
f 2029 3029 5685
f 2031 3029 2029
f 6675 3320 3029
f 4099 5686 6676
f 4099 6676 4101
f 4101 6678 4099
f 4099 6678 5688
f 6679 1003 5689
f 5689 1003 1001
f 5687 1001 1003
f 5687 1003 6677
f 5081 5688 6678
f 5081 6678 5083
f 5083 6680 5081
f 5081 6680 5690
f 6681 5689 5691
f 6681 6679 5689
f 5690 6682 5692
f 6680 6682 5690
f 6683 5691 5693
f 6683 6681 5691
f 6045 5692 6682
f 6045 6682 6047
f 5694 6045 7375
f 6045 7031 7375
f 6045 6047 7031
f 7031 6684 7375
f 5693 1002 6683
f 6683 1002 1004
f 6685 1004 1002
f 6685 1002 5695
f 7375 7029 5694
f 6684 93 433
f 6684 433 5696
f 7375 6684 5696
f 7029 7375 5696
f 93 6686 433
f 5695 2030 6685
f 6685 2030 2032
f 2030 5697 3342
f 3030 2030 3342
f 2032 2030 3030
f 3030 3342 4344
f 3030 4344 4024
f 6687 4024 4344
f 437 5698 5696
f 437 5696 433
f 433 6686 437
f 437 6686 6688
f 3028 3342 5697
f 4022 4344 3028
f 3028 4344 3342
f 5004 6687 5332
f 5332 6687 5699
f 6687 4344 5699
f 4344 4022 5699
f 6689 5004 5332
f 5698 437 94
f 6690 5698 94
f 5700 5698 6690
f 437 6688 94
f 5002 5332 5699
f 6689 5332 5002
f 5701 6689 5002
f 6691 6689 5701
f 5700 6692 5702
f 6690 6692 5700
f 5972 6691 6312
f 6691 5703 6312
f 6691 5701 5703
f 6693 5972 6312
f 5702 6694 5704
f 6692 6694 5702
f 5705 6314 5703
f 5703 6314 6312
f 6693 6312 6314
f 6693 6314 6695
f 7032 6696 5706
f 7032 5706 7030
f 7030 5704 7032
f 7032 5704 6694
f 5970 6314 5705
f 6695 6314 5970
f 5707 6695 5970
f 6697 6695 5707
f 6048 6698 5708
f 6048 5708 6046
f 6046 5706 6048
f 6048 5706 6696
f 5707 6962 6697
f 6697 6962 6964
f 6699 6964 6962
f 6699 6962 5709
f 5708 6700 5710
f 6698 6700 5708
f 5709 38 6699
f 6699 38 40
f 1052 40 38
f 1052 1054 40
f 2086 1054 1052
f 2086 2088 1054
f 3090 2088 2086
f 3090 3092 2088
f 4100 3092 3090
f 4100 4102 3092
f 5082 4102 4100
f 5082 5084 4102
f 5082 5710 5084
f 5084 5710 6700
f 6701 5099 5387
f 5387 5099 6363
f 6363 5099 6063
f 6063 6702 6363
f 6703 3107 3399
f 3399 3107 5711
f 3107 4115 5711
f 3107 4117 4115
f 4117 6701 5387
f 5097 4117 5387
f 4115 4117 5097
f 6363 6061 5097
f 6363 5097 5387
f 6702 7047 7361
f 6702 7361 5712
f 6363 6702 5712
f 6061 6363 5712
f 7047 6704 7361
f 6705 6979 7277
f 7277 6979 343
f 343 6979 55
f 343 55 1363
f 1363 55 1069
f 1363 1069 2375
f 2375 1069 2103
f 6703 3399 2103
f 2103 3399 2375
f 3399 3105 2375
f 3105 5713 2375
f 3399 5711 3105
f 7365 5714 5712
f 7365 5712 7361
f 109 423 6704
f 423 7361 6704
f 423 7365 7361
f 109 6706 423
f 6707 5019 5319
f 5319 5019 5715
f 5019 5985 5715
f 5019 5987 5985
f 5987 6705 7277
f 6977 5987 7277
f 5985 5987 6977
f 343 53 6977
f 343 6977 7277
f 1363 1067 53
f 1363 53 343
f 2375 2101 1067
f 2375 1067 1363
f 2375 5713 2101
f 7365 7045 5714
f 425 5716 7045
f 7365 425 7045
f 423 425 7365
f 1105 1441 6706
f 1441 423 6706
f 1441 425 423
f 1105 6708 1441
f 6709 4039 5717
f 5717 4039 4037
f 4039 6707 5319
f 5017 4039 5319
f 4037 4039 5017
f 5319 5715 5017
f 427 5718 5716
f 427 5716 425
f 425 1443 427
f 425 1441 1443
f 1441 6708 1443
f 1443 6708 6710
f 3330 3039 5719
f 5717 3039 3330
f 6711 5717 3330
f 6709 5717 6711
f 429 5720 5718
f 429 5718 427
f 427 1445 429
f 427 1443 1445
f 2139 2463 6710
f 2463 1443 6710
f 2463 1445 1443
f 2463 2139 3493
f 3493 2139 3149
f 3149 6712 3493
f 5721 3336 5719
f 5719 3336 3330
f 6711 3330 3336
f 6711 3336 6713
f 429 107 5720
f 1445 1103 107
f 1445 107 429
f 2463 2137 1103
f 2463 1103 1445
f 3495 5722 2137
f 2463 3495 2137
f 3493 3495 2463
f 4159 4503 6712
f 4503 3493 6712
f 4503 3495 3493
f 4159 6714 4503
f 5723 3340 5721
f 5721 3340 3336
f 6713 3336 3340
f 6713 3340 6715
f 3495 3147 5722
f 4505 5724 3147
f 3495 4505 3147
f 4503 4505 3495
f 4503 6714 4505
f 4505 6714 6716
f 3040 3340 5723
f 6715 3340 3040
f 5725 6715 3040
f 6717 6715 5725
f 4505 4157 5724
f 4505 6716 4157
f 6716 5726 4157
f 6716 6718 5726
f 5725 4038 6717
f 6717 4038 4040
f 6719 4040 4038
f 6719 4038 5727
f 5726 6720 5728
f 6718 6720 5726
f 5727 5018 6719
f 6719 5018 5020
f 6721 5020 5018
f 6721 5018 5729
f 5728 6722 5730
f 6720 6722 5728
f 5729 5986 6721
f 6721 5986 5988
f 6723 5988 5986
f 6723 5986 5731
f 4158 4513 5732
f 4158 5730 4513
f 5730 6724 4513
f 5730 6722 6724
f 6725 5731 5733
f 6725 6723 5731
f 5732 4513 4160
f 6726 5732 4160
f 5734 5732 6726
f 4513 6724 4160
f 6980 6725 7310
f 6725 5735 7310
f 6725 5733 5735
f 6727 6980 7310
f 3148 3515 5736
f 3148 5734 3515
f 5734 6728 3515
f 5734 6726 6728
f 6978 7310 5735
f 6727 7310 6978
f 5737 6727 6978
f 6729 6727 5737
f 3519 5738 5736
f 3519 5736 3515
f 3515 6728 3519
f 3519 6728 6730
f 5737 54 6729
f 6729 54 56
f 1068 56 54
f 1068 1070 56
f 6731 1070 1068
f 6731 1068 5739
f 1104 1475 5740
f 2138 2493 1475
f 2138 1475 1104
f 3519 3150 5738
f 5738 3150 2138
f 3150 6732 2138
f 6732 2493 2138
f 3519 6730 3150
f 5739 2102 6731
f 6731 2102 2104
f 3106 3449 6733
f 2104 3106 6733
f 2102 3106 2104
f 5741 3449 3106
f 108 463 5742
f 1475 1106 5740
f 5740 1106 108
f 1106 6734 108
f 6734 463 108
f 1106 1475 2140
f 2140 1475 2493
f 2493 6732 2140
f 3449 3108 6733
f 5741 4116 3449
f 4116 3108 3449
f 4116 4118 3108
f 5098 4118 4116
f 5098 5100 4118
f 6062 5100 5098
f 6062 6064 5100
f 7046 6064 6062
f 7046 7048 6064
f 463 110 5742
f 110 7046 5742
f 110 7048 7046
f 463 6734 110
f 6735 193 5743
f 5743 193 191
f 193 1191 191
f 1193 1191 193
f 1193 2215 1191
f 2217 2215 1193
f 2217 3225 2215
f 3227 3225 2217
f 3227 4235 3225
f 4237 4235 3227
f 5744 4235 5533
f 4235 5229 5533
f 4235 4237 5229
f 5229 6736 5533
f 6737 7125 5745
f 5745 7125 7123
f 5743 7123 7125
f 5743 7125 6735
f 5533 5227 5744
f 5227 5533 6736
f 6209 5227 6736
f 6207 5227 6209
f 6209 6738 6207
f 6207 6738 5746
f 6739 5745 5747
f 6739 6737 5745
f 7201 5746 6738
f 7201 6738 7203
f 7203 6740 7201
f 7201 6740 5748
f 6741 5747 5749
f 6741 6739 5747
f 265 5748 6740
f 265 6740 267
f 267 6742 265
f 265 6742 5750
f 6743 5749 5751
f 6743 6741 5749
f 5750 6744 5752
f 6742 6744 5750
f 6745 5751 5753
f 6745 6743 5751
f 5752 6746 5754
f 6744 6746 5752
f 6747 5753 5755
f 6747 6745 5753
f 5754 6748 5756
f 6746 6748 5754
f 6749 5755 5757
f 6749 6747 5755
f 268 6750 5758
f 268 5758 266
f 266 5756 268
f 268 5756 6748
f 5757 7124 6749
f 6749 7124 7126
f 6751 7126 7124
f 6751 7124 5759
f 7204 6752 7520
f 7520 5760 7204
f 5760 6750 7204
f 5760 5758 6750
f 5759 192 6751
f 6751 192 194
f 6753 194 192
f 6753 192 5761
f 5230 6754 5762
f 5230 5762 5228
f 6208 5230 5228
f 6208 6210 5230
f 6752 6210 7520
f 6210 7202 7520
f 6210 6208 7202
f 5760 7520 7202
f 5761 1192 6753
f 6753 1192 1194
f 2216 1194 1192
f 2216 2218 1194
f 3226 2218 2216
f 3226 3228 2218
f 4236 3228 3226
f 4236 4238 3228
f 4236 5762 4238
f 4238 5762 6754
f 6755 2119 2353
f 2353 2119 3383
f 3383 2119 3123
f 3383 3123 4389
f 4389 3123 4133
f 4389 4133 5375
f 5375 4133 5115
f 5375 5115 6351
f 6351 5115 6079
f 6351 6079 7345
f 7345 6079 7063
f 7345 7063 403
f 403 7063 125
f 403 125 1423
f 1423 125 1121
f 1423 1121 2447
f 2447 1121 2155
f 2155 6756 2447
f 6757 71 5763
f 5763 71 69
f 71 1083 69
f 1085 1083 71
f 1085 6755 2353
f 2117 1085 2353
f 1083 1085 2117
f 3383 3121 2117
f 3383 2117 2353
f 4389 4131 3121
f 4389 3121 3383
f 5375 5113 4131
f 5375 4131 4389
f 6351 6077 5113
f 6351 5113 5375
f 7345 7061 6077
f 7345 6077 6351
f 403 123 7061
f 403 7061 7345
f 1423 1119 123
f 1423 123 403
f 2449 5764 1119
f 1423 2449 1119
f 2447 2449 1423
f 3165 3479 6756
f 3479 2447 6756
f 3479 2449 2447
f 3165 6758 3479
f 6759 6995 5765
f 5765 6995 6993
f 5763 6993 6995
f 5763 6995 6757
f 2449 2153 5764
f 3481 5766 2153
f 2449 3481 2153
f 3479 3481 2449
f 3479 6758 3481
f 3481 6758 6760
f 6761 6003 6279
f 5767 6279 6003
f 6759 5767 6003
f 5765 5767 6759
f 3481 3163 5766
f 3481 6760 3163
f 6760 5768 3163
f 6760 6762 5768
f 6001 5769 6279
f 5769 6761 6279
f 5769 6763 6761
f 6279 5767 6001
f 5768 6764 5770
f 6762 6764 5768
f 6765 5035 5315
f 5771 5315 5035
f 6763 5771 5035
f 5769 5771 6763
f 5770 6766 5772
f 6764 6766 5770
f 6767 4055 5773
f 5773 4055 4053
f 4055 6765 5315
f 5033 4055 5315
f 4053 4055 5033
f 5315 5771 5033
f 6766 4175 4497
f 5774 6766 4497
f 5772 6766 5774
f 4175 6768 4497
f 6769 3043 5775
f 5775 3043 3041
f 5773 3041 3043
f 5773 3043 6767
f 4497 4173 5774
f 4497 6768 4173
f 6768 5776 4173
f 6768 6770 5776
f 6771 5775 5777
f 6771 6769 5775
f 6770 5163 5491
f 5778 6770 5491
f 5776 6770 5778
f 5163 6772 5491
f 5777 3042 6771
f 6771 3042 3044
f 6773 3044 3042
f 6773 3042 5779
f 5491 5161 5778
f 6772 6139 6487
f 6772 6487 5780
f 5491 6772 5780
f 5161 5491 5780
f 6139 6774 6487
f 6775 5779 5781
f 6775 6773 5779
f 6489 5782 5780
f 6489 5780 6487
f 6487 6774 6489
f 6489 6774 6776
f 5781 4054 6775
f 6775 4054 4056
f 6777 4056 4054
f 6777 4054 5783
f 6489 6137 5782
f 6489 6776 6137
f 6776 5784 6137
f 6776 6778 5784
f 5783 5034 6777
f 6777 5034 5036
f 6002 5036 5034
f 6002 6004 5036
f 6002 5785 7296
f 6996 6002 7296
f 6004 6002 6996
f 6779 6996 7296
f 5784 6780 5786
f 6778 6780 5784
f 6994 7296 5785
f 7296 6994 6779
f 6994 72 6779
f 6994 70 72
f 6781 72 70
f 6781 70 5787
f 6140 6782 5788
f 6140 5788 6138
f 6138 5786 6140
f 6140 5786 6780
f 1086 6781 1392
f 6781 5789 1392
f 6781 5787 5789
f 6783 1086 1392
f 1122 6784 1460
f 1122 1460 2478
f 1122 2478 2156
f 2156 2478 3508
f 2156 3508 3166
f 3166 3508 4514
f 3166 4514 4176
f 4176 4514 5790
f 5162 4176 5790
f 5164 4176 5162
f 5162 5788 5164
f 5164 5788 6782
f 1084 1392 5789
f 6783 1392 1084
f 5791 6783 1084
f 6785 6783 5791
f 6786 1464 1460
f 6786 1460 6784
f 2154 2478 5792
f 2478 1464 5792
f 2478 1460 1464
f 3164 3508 2154
f 2154 3508 2478
f 4174 4514 3164
f 3164 4514 3508
f 5790 4514 4174
f 2120 6785 2414
f 6785 5793 2414
f 6785 5791 5793
f 6787 2120 2414
f 126 6788 452
f 1464 6786 126
f 452 1464 126
f 1468 1464 452
f 5792 1464 5794
f 5794 1464 1468
f 5795 2418 5793
f 5793 2418 2414
f 6787 2414 2418
f 6787 2418 6789
f 6790 456 452
f 6790 452 6788
f 1120 1468 5796
f 1468 456 5796
f 1468 452 456
f 5794 1468 1120
f 2118 2418 5795
f 3124 6789 3448
f 3448 6789 5797
f 6789 2418 5797
f 2418 2118 5797
f 6791 3124 3448
f 6792 460 456
f 6792 456 6790
f 5796 456 5798
f 5798 456 460
f 3122 3448 5797
f 4134 6791 4454
f 4454 6791 5799
f 6791 3448 5799
f 3448 3122 5799
f 6793 4134 4454
f 7064 6794 7412
f 460 6792 7064
f 460 7064 7412
f 124 460 7412
f 5800 124 7412
f 5798 460 124
f 4132 4454 5799
f 4454 4132 6793
f 4132 5116 6793
f 4132 5114 5116
f 6078 5116 5114
f 6078 6080 5116
f 6794 6080 7412
f 6080 7062 7412
f 6080 6078 7062
f 5800 7412 7062
f 6795 4193 5801
f 5801 4193 4191
f 4193 5183 4191
f 5185 5183 4193
f 5185 6163 5183
f 6165 6163 5185
f 6165 7151 6163
f 7155 7151 6165
f 7155 217 7151
f 221 217 7155
f 1492 1215 6796
f 1215 221 6796
f 1215 217 221
f 2510 2237 1492
f 1492 2237 1215
f 3540 3245 2510
f 2510 3245 2237
f 3540 5802 3245
f 6797 2173 2421
f 2421 2173 5803
f 2173 3181 5803
f 2173 3183 3181
f 5801 3181 3183
f 5801 3183 6795
f 1219 1492 6796
f 1492 1219 2241
f 1492 2241 2510
f 2510 2241 3249
f 2510 3249 3540
f 4255 5802 3540
f 3249 4255 3540
f 4259 4255 3249
f 4259 6798 4255
f 4255 6798 5804
f 6799 7079 5805
f 5805 7079 7077
f 7079 139 7077
f 141 139 7079
f 141 1137 139
f 1139 1137 141
f 1139 6797 2421
f 2171 1139 2421
f 1137 1139 2171
f 2421 5803 2171
f 5245 5804 6798
f 5245 6798 5249
f 5249 6800 5245
f 5245 6800 5806
f 6801 6097 5807
f 5807 6097 6093
f 5805 6093 6097
f 5805 6097 6799
f 5806 6802 5808
f 6800 6802 5806
f 6803 5807 5809
f 6803 6801 5807
f 5808 6804 5810
f 6802 6804 5808
f 6805 4149 5811
f 5811 4149 4147
f 4149 5131 4147
f 5133 5131 4149
f 5809 5131 5133
f 5809 5133 6803
f 5250 6806 5546
f 5546 5812 5250
f 5812 6804 5250
f 5812 5810 6804
f 6807 3139 3359
f 5813 3359 3139
f 6805 5813 3139
f 5811 5813 6805
f 4260 6808 4558
f 5546 6806 4260
f 5546 4260 4558
f 5246 5546 4558
f 5814 5246 4558
f 5812 5546 5246
f 3137 5815 3359
f 5815 6807 3359
f 5815 6809 6807
f 3359 5813 3137
f 1216 1507 5816
f 2242 6810 1507
f 1216 2242 1507
f 2238 2242 1216
f 3246 2242 2238
f 3246 3250 2242
f 6808 3250 4558
f 3250 4256 4558
f 3250 3246 4256
f 5814 4558 4256
f 6811 5815 5817
f 6811 6809 5815
f 222 6812 5818
f 222 5818 218
f 1507 1220 5816
f 1220 218 5816
f 1220 222 218
f 1507 6810 1220
f 6813 5817 5819
f 6813 6811 5817
f 5818 6814 5820
f 6812 6814 5818
f 6815 5819 5821
f 6815 6813 5819
f 7156 6816 5822
f 7156 5822 7152
f 7152 5820 7156
f 7156 5820 6814
f 6817 5821 5823
f 6817 6815 5821
f 5822 6818 5824
f 6816 6818 5822
f 5823 3138 6817
f 6817 3138 3140
f 6819 3140 3138
f 6819 3138 5825
f 5824 6820 5826
f 6818 6820 5824
f 4150 6819 4386
f 6819 5827 4386
f 6819 5825 5827
f 6821 4150 4386
f 6820 7157 7451
f 5828 6820 7451
f 5826 6820 5828
f 7157 6822 7451
f 4148 4386 5827
f 5134 6821 5376
f 5376 6821 5829
f 6821 4386 5829
f 4386 4148 5829
f 6823 5134 5376
f 7453 5830 5828
f 7453 5828 7451
f 7451 6822 7453
f 7453 6822 6824
f 5132 5376 5829
f 6098 6823 6356
f 6356 6823 5831
f 6823 5376 5831
f 5376 5132 5831
f 6098 6356 7350
f 6098 7350 7080
f 6825 7080 7350
f 7453 7153 5830
f 7453 6824 7153
f 6824 5832 7153
f 6824 6826 5832
f 6094 6356 5831
f 5833 7354 6094
f 7354 6356 6094
f 7354 7350 6356
f 412 142 6825
f 7350 412 6825
f 7354 412 7350
f 6827 142 412
f 6826 223 503
f 5834 6826 503
f 5832 6826 5834
f 223 6828 503
f 5835 7358 5833
f 5833 7358 7354
f 7358 6829 143
f 412 7358 143
f 7354 7358 412
f 6827 412 143
f 505 5836 5834
f 505 5834 503
f 503 6828 505
f 505 6828 6830
f 5837 7362 5835
f 5835 7362 7358
f 6829 7358 7362
f 6829 7362 6831
f 505 219 5836
f 505 6830 219
f 6830 5838 219
f 6830 6832 5838
f 5839 7366 5837
f 5837 7366 7362
f 6831 7362 7366
f 6831 7366 6833
f 6832 1221 1521
f 5840 6832 1521
f 5838 6832 5840
f 1221 6834 1521
f 7366 5839 7081
f 5839 6835 7081
f 5839 5841 6835
f 6833 7366 7081
f 1521 1217 5840
f 1217 1521 6834
f 2243 1217 6834
f 2239 1217 2243
f 2243 6836 2239
f 2239 6836 5842
f 6837 5841 5843
f 6837 6835 5841
f 3247 5842 6836
f 3247 6836 3251
f 3251 6838 3247
f 3247 6838 5844
f 6839 5843 5845
f 6839 6837 5843
f 6838 4261 4573
f 5846 6838 4573
f 5844 6838 5846
f 4573 4261 5561
f 5561 4261 5251
f 5561 5251 6551
f 6551 5251 6223
f 6551 6223 7531
f 7531 6223 7211
f 7531 7211 573
f 573 7211 271
f 573 271 1581
f 1581 271 1261
f 1581 1261 2585
f 2585 1261 2279
f 2279 6840 2585
f 6388 6095 5847
f 5845 6095 6388
f 6841 5845 6388
f 6839 5845 6841
f 4573 4257 5846
f 5563 5848 4257
f 4573 5563 4257
f 5561 5563 4573
f 5561 6553 5563
f 5561 6551 6553
f 7531 7209 5849
f 6553 7531 5849
f 6551 7531 6553
f 573 269 7209
f 573 7209 7531
f 1581 1259 269
f 1581 269 573
f 2585 2277 1259
f 2585 1259 1581
f 6840 3285 3615
f 6840 3615 5850
f 2585 6840 5850
f 2277 2585 5850
f 3615 3285 4619
f 4619 3285 4293
f 4619 4293 5851
f 4293 5281 5851
f 4293 5283 5281
f 5283 6253 5281
f 6255 6253 5283
f 5852 6253 7579
f 6253 7243 7579
f 6253 6255 7243
f 7243 6842 7579
f 5853 6392 5847
f 5847 6392 6388
f 6841 6388 6392
f 6841 6392 6843
f 5563 5247 5848
f 6553 6221 5247
f 6553 5247 5563
f 6553 5849 6221
f 3615 3283 5850
f 4619 4291 3283
f 4619 3283 3615
f 4619 5851 4291
f 7579 7241 5852
f 6842 305 625
f 6842 625 5854
f 7579 6842 5854
f 7241 7579 5854
f 305 6844 625
f 6096 6392 5853
f 6843 6392 6096
f 5855 6843 6096
f 6845 6843 5855
f 625 303 5854
f 625 6844 303
f 6844 5856 303
f 6844 6846 5856
f 6847 5855 5857
f 6847 6845 5855
f 6846 1291 1635
f 5858 6846 1635
f 5856 6846 5858
f 1291 6848 1635
f 7387 6849 7078
f 6849 5857 7078
f 6849 6847 5857
f 5859 7387 7078
f 5858 1635 1292
f 6850 5858 1292
f 5860 5858 6850
f 1635 6848 1292
f 7387 7082 6849
f 445 6851 140
f 140 6851 5859
f 6851 7082 5859
f 7082 7387 5859
f 5861 445 140
f 1260 1593 5862
f 2278 2597 1593
f 2278 1593 1260
f 3284 3625 2597
f 3284 2597 2278
f 5863 3625 3284
f 304 635 5864
f 304 5860 635
f 5860 6852 635
f 5860 6850 6852
f 445 144 6851
f 1465 6853 1138
f 1138 6853 5861
f 6853 144 5861
f 144 445 5861
f 5865 1465 1138
f 7210 7545 5866
f 270 587 7545
f 270 7545 7210
f 1593 1262 5862
f 5862 1262 270
f 1262 6854 270
f 6854 587 270
f 1262 1593 2280
f 2280 1593 2597
f 2280 2597 3286
f 3286 2597 3625
f 4631 6855 4292
f 4292 6855 5863
f 6855 3286 5863
f 3286 3625 5863
f 5282 5619 4631
f 5282 4631 4292
f 6254 6609 5619
f 6254 5619 5282
f 7242 7593 6609
f 7242 6609 6254
f 635 306 5864
f 5864 306 7242
f 306 6856 7242
f 6856 7593 7242
f 635 6852 306
f 1465 1140 6853
f 5865 2172 1465
f 2172 1140 1465
f 2172 2174 1140
f 3182 3517 6857
f 2174 3182 6857
f 2172 3182 2174
f 4192 4523 3517
f 4192 3517 3182
f 5867 4523 4192
f 7547 5868 5866
f 7547 5866 7545
f 6858 7547 272
f 7547 587 272
f 7547 7545 587
f 587 6854 272
f 4631 4294 6855
f 4294 4631 5284
f 5284 4631 5619
f 5284 5619 6256
f 6256 5619 6609
f 6256 6609 7244
f 7244 6609 7593
f 7593 6856 7244
f 3517 3184 6857
f 3184 3517 4194
f 4194 3517 4523
f 5515 6859 5184
f 5184 6859 5867
f 6859 4194 5867
f 4194 4523 5867
f 5869 5515 5184
f 5868 7547 7212
f 6860 5868 7212
f 5870 5868 6860
f 7547 6858 7212
f 5515 5186 6859
f 5869 6164 5515
f 6164 5186 5515
f 6164 6166 5186
f 6861 6166 6164
f 6861 6164 5871
f 6222 6571 5872
f 6222 5870 6571
f 5870 6862 6571
f 5870 6860 6862
f 5871 7154 6861
f 6861 7154 7158
f 220 537 6863
f 7158 220 6863
f 7154 220 7158
f 5873 537 220
f 5248 5583 5874
f 6571 6224 5872
f 5872 6224 5248
f 6224 6864 5248
f 6864 5583 5248
f 6571 6862 6224
f 537 224 6863
f 5873 1218 537
f 1218 224 537
f 1218 1222 224
f 2240 2561 6865
f 1222 2240 6865
f 1218 2240 1222
f 3248 3591 2561
f 3248 2561 2240
f 4258 4597 3591
f 4258 3591 3248
f 4597 4258 5874
f 5583 4597 5874
f 5585 4597 5583
f 5583 6864 5585
f 5585 6864 6866
f 2561 2244 6865
f 2244 2561 3252
f 3252 2561 3591
f 3252 3591 4262
f 4262 3591 4597
f 4262 4597 5252
f 5252 4597 5585
f 5585 6866 5252
f 1412 1165 5875
f 1412 5876 1165
f 392 169 5877
f 169 392 5875
f 392 1412 5875
f 392 1414 1412
f 5876 1412 5878
f 5878 1412 1414
f 170 392 5877
f 1166 1414 170
f 170 1414 392
f 5878 1414 1166
f 2446 2187 5879
f 3476 3197 2446
f 2446 3197 2187
f 4482 4209 3476
f 3476 4209 3197
f 5474 5201 4482
f 4482 5201 4209
f 5474 5880 5201
f 5881 2448 5879
f 5879 2448 2446
f 2448 6867 3199
f 3476 2448 3199
f 2446 2448 3476
f 3476 3199 4211
f 3476 4211 4482
f 4482 4211 5203
f 4482 5203 5474
f 6868 6470 6183
f 6868 6183 5880
f 5203 6868 5880
f 5474 5203 5880
f 7454 7177 6470
f 6470 7177 6183
f 7454 5882 7177
f 5883 2450 5881
f 5881 2450 2448
f 6867 2448 2450
f 6867 2450 6869
f 6185 6470 6868
f 6470 6185 6870
f 7456 6470 6870
f 7454 6470 7456
f 5882 7454 243
f 7454 502 243
f 7454 7456 502
f 502 5884 243
f 5885 2452 5883
f 5883 2452 2450
f 6869 2450 2452
f 6869 2452 6871
f 7179 7456 6870
f 7456 7179 6872
f 504 7456 6872
f 502 7456 504
f 5884 502 1241
f 502 1516 1241
f 502 504 1516
f 1516 5886 1241
f 5887 2454 5885
f 5885 2454 2452
f 3484 3200 6871
f 2452 3484 6871
f 2454 3484 2452
f 6873 3200 3484
f 6874 506 504
f 6874 504 6872
f 1518 504 506
f 1516 504 1518
f 5886 1516 2263
f 1516 2528 2263
f 1516 1518 2528
f 3558 3269 2528
f 2528 3269 2263
f 6875 4279 3558
f 4279 3269 3558
f 4279 4277 3269
f 4279 5265 4277
f 5267 5265 4279
f 5267 6237 5265
f 6239 6237 5267
f 6239 7225 6237
f 7227 7225 6239
f 7227 287 7225
f 289 287 7227
f 289 1279 287
f 1281 1279 289
f 1281 2297 1279
f 2299 2297 1281
f 5888 2297 3603
f 2297 3307 3603
f 2297 2299 3307
f 3307 6876 3603
f 2188 2454 5887
f 5889 3486 2188
f 3486 2454 2188
f 3486 3484 2454
f 6873 3484 3486
f 6873 3486 6877
f 245 506 6874
f 506 245 6878
f 1520 506 6878
f 1518 506 1520
f 2530 1518 1520
f 2528 1518 2530
f 2530 6879 3271
f 3558 2530 3271
f 2528 2530 3558
f 6875 3558 3271
f 3603 3303 5888
f 3303 3603 6876
f 4313 3303 6876
f 4309 3303 4313
f 5890 4309 5597
f 4309 5299 5597
f 4309 4313 5299
f 5299 6880 5597
f 5891 3488 5889
f 5889 3488 3486
f 6877 3486 3488
f 6877 3488 6881
f 1243 1520 6878
f 1520 1243 2265
f 1520 2265 2530
f 6879 2530 2265
f 5597 5297 5890
f 5297 5597 6880
f 6271 5297 6880
f 6269 5297 6271
f 6271 7257 6269
f 7259 7257 6271
f 5892 7257 615
f 7257 321 615
f 7257 7259 321
f 321 6882 615
f 2460 2189 5893
f 2189 2460 5891
f 2460 3488 5891
f 2460 3490 3488
f 6881 3488 3490
f 6881 3490 6883
f 615 319 5892
f 6882 1307 1623
f 6882 1623 5894
f 615 6882 5894
f 319 615 5894
f 1307 6884 1623
f 5895 2462 5893
f 5893 2462 2460
f 2462 6885 3201
f 3490 2462 3201
f 2460 2462 3490
f 6883 3490 3201
f 1625 5896 5894
f 1625 5894 1623
f 1623 6884 1625
f 1625 6884 6886
f 430 171 5897
f 6887 1169 430
f 1169 171 430
f 1169 1167 171
f 2191 2462 5895
f 1167 2191 5895
f 1169 2191 1167
f 6885 2462 2191
f 1627 5898 5896
f 1627 5896 1625
f 1625 6886 1627
f 1627 6886 6888
f 430 5897 173
f 5897 6889 173
f 5897 5899 6889
f 6887 430 173
f 1627 1305 5898
f 1627 6888 1305
f 6888 5900 1305
f 6888 6890 5900
f 7380 7107 5901
f 5899 7107 7380
f 6891 5899 7380
f 6889 5899 6891
f 5900 6892 5902
f 6890 6892 5900
f 7380 5901 7109
f 5901 6893 7109
f 5901 5903 6893
f 6891 7380 7109
f 1308 6894 1634
f 1634 5904 1308
f 5904 6892 1308
f 5904 5902 6892
f 6895 5903 5905
f 6895 6893 5903
f 6896 1636 1634
f 6896 1634 6894
f 5904 1634 5906
f 5906 1634 1636
f 6897 6123 5907
f 5907 6123 6119
f 5905 6119 6123
f 5905 6123 6895
f 5908 1306 1636
f 6896 5908 1636
f 6898 5908 6896
f 5906 1636 1306
f 6899 5907 5909
f 6899 6897 5907
f 322 6900 636
f 636 5910 322
f 5910 6898 322
f 5910 5908 6898
f 6124 6899 6416
f 6899 5911 6416
f 6899 5909 5911
f 6901 6124 6416
f 7260 6902 7594
f 636 6900 7260
f 7594 636 7260
f 638 636 7594
f 5910 636 5912
f 5912 636 638
f 6120 6416 5911
f 6901 6416 6120
f 5913 6901 6120
f 6903 6901 5913
f 6272 6904 6612
f 7594 6902 6272
f 6612 7594 6272
f 7596 7594 6612
f 320 638 5914
f 638 7596 5914
f 638 7594 7596
f 5912 638 320
f 6905 5913 5915
f 6905 6903 5913
f 5300 6906 5624
f 6612 6904 5300
f 6612 5300 5624
f 6270 6612 5624
f 5916 6270 5624
f 7258 7596 6270
f 6270 7596 6612
f 5914 7596 7258
f 6428 6121 5917
f 5915 6121 6428
f 6907 5915 6428
f 6905 5915 6907
f 5918 5298 5624
f 6906 5918 5624
f 6908 5918 6906
f 5916 5624 5298
f 6428 5917 6125
f 5917 6909 6125
f 5917 5919 6909
f 6907 6428 6125
f 4314 6910 5920
f 4314 5920 4310
f 4310 5918 4314
f 4314 5918 6908
f 6911 5919 5921
f 6911 6909 5919
f 5920 6912 5922
f 6910 6912 5920
f 6913 5921 5923
f 6913 6911 5921
f 3308 6914 5924
f 3308 5924 3304
f 3304 5922 3308
f 3308 5922 6912
f 6126 6913 6438
f 6913 5925 6438
f 6913 5923 5925
f 6915 6126 6438
f 3305 5924 6914
f 3305 6914 3309
f 3309 6916 3305
f 3305 6916 5926
f 6122 6438 5925
f 7110 6915 7422
f 7422 6915 5927
f 6915 6438 5927
f 6438 6122 5927
f 6917 7110 7422
f 5926 6918 5928
f 6916 6918 5926
f 7108 7422 5927
f 7422 7108 6917
f 7108 174 6917
f 7108 172 174
f 1168 174 172
f 1168 1170 174
f 2190 1170 1168
f 2190 2192 1170
f 3198 2192 2190
f 3198 3202 2192
f 6919 3202 3198
f 6919 3198 5929
f 6920 4640 4311
f 5928 6920 4311
f 6918 6920 5928
f 4640 5930 4311
f 5929 4210 6919
f 6919 4210 4212
f 5202 5531 6921
f 4212 5202 6921
f 4210 5202 4212
f 5931 5531 5202
f 6922 4642 4640
f 6922 4640 6920
f 5930 4640 5932
f 5932 4640 4642
f 5531 5204 6921
f 6523 6923 6184
f 6184 6923 5931
f 6923 5204 5931
f 5204 5531 5931
f 5933 6523 6184
f 1242 1563 5934
f 2266 6924 1563
f 1242 2266 1563
f 2264 2266 1242
f 3270 2266 2264
f 3270 3272 2266
f 4278 3272 3270
f 4278 4280 3272
f 5266 4280 4278
f 5266 5268 4280
f 6925 5268 5266
f 6925 5266 5935
f 6926 4644 4642
f 6926 4642 6922
f 5932 4642 5936
f 5936 4642 4644
f 6523 6186 6923
f 5933 7178 6523
f 7178 6186 6523
f 7178 7180 6186
f 244 7180 7178
f 244 246 7180
f 1563 1244 5934
f 1244 244 5934
f 1244 246 244
f 1563 6924 1244
f 5935 6238 6925
f 6925 6238 6240
f 6927 6240 6238
f 6927 6238 5937
f 6928 4646 4644
f 6928 4644 6926
f 5936 4644 5938
f 5938 4644 4646
f 5937 7226 6927
f 6927 7226 7228
f 7226 5939 614
f 290 7226 614
f 7228 7226 290
f 6929 290 614
f 3310 6930 3652
f 4646 6928 3310
f 4646 3310 3652
f 4312 4646 3652
f 5940 4312 3652
f 5938 4646 4312
f 288 614 5939
f 614 288 6929
f 288 1282 6929
f 288 1280 1282
f 2298 1282 1280
f 2298 2300 1282
f 6930 2300 3652
f 2300 3306 3652
f 2300 2298 3306
f 5940 3652 3306
f 7599 3047 3373
f 3373 3047 4379
f 4379 3047 4061
f 4379 4061 5365
f 5365 4061 5043
f 5043 7600 5365
f 3377 7601 3373
f 3373 7601 7599
f 3373 4383 3377
f 3373 4379 4383
f 4379 5369 4383
f 4379 5365 5369
f 5365 7600 5369
f 5369 7600 7602
f 3381 7603 3377
f 3377 7603 7601
f 3377 4387 3381
f 3377 4383 4387
f 4383 5373 4387
f 4383 5369 5373
f 5369 7602 5373
f 5373 7602 7604
f 3381 3048 7603
f 3048 3381 7605
f 3381 4391 7605
f 3381 4387 4391
f 7606 4391 5044
f 4391 5373 5044
f 4391 4387 5373
f 5373 7604 5044
f 4391 4062 7605
f 4391 7606 4062
f 7607 4081 6615
f 6615 4081 4079
f 4081 5061 4079
f 5063 5061 4081
f 5063 6027 5061
f 6029 6027 5063
f 6616 6027 7339
f 6027 7017 7339
f 6027 6029 7017
f 7017 7608 7339
f 7609 2053 6617
f 6617 2053 2051
f 2053 3065 2051
f 3067 3065 2053
f 6615 3065 3067
f 6615 3067 7607
f 7339 7015 6616
f 7608 87 401
f 7608 401 6618
f 7339 7608 6618
f 7015 7339 6618
f 87 7610 401
f 7611 1017 6619
f 6619 1017 1015
f 6617 1015 1017
f 6617 1017 7609
f 401 85 6618
f 401 7610 85
f 7610 6620 85
f 7610 7612 6620
f 7613 6619 6621
f 7613 7611 6619
f 6620 7614 6622
f 7612 7614 6620
f 7615 6621 6623
f 7615 7613 6621
f 6622 7616 6624
f 7614 7616 6622
f 7617 6623 6625
f 7617 7615 6623
f 86 417 6626
f 86 6624 417
f 6624 7618 417
f 6624 7616 7618
f 7619 6625 6627
f 7619 7617 6625
f 421 6628 6626
f 421 6626 417
f 417 7618 421
f 421 7618 7620
f 7621 6627 6629
f 7621 7619 6627
f 7016 7367 6630
f 421 88 6628
f 6628 88 7016
f 88 7622 7016
f 7622 7367 7016
f 421 7620 88
f 7623 6629 6631
f 7623 7621 6629
f 6630 7367 7018
f 7624 6630 7018
f 6632 6630 7624
f 7367 7622 7018
f 7625 5 6633
f 6633 5 3
f 6631 3 5
f 6631 5 7623
f 6632 7626 6634
f 7624 7626 6632
f 7627 6633 6635
f 7627 7625 6633
f 6030 7628 6386
f 6386 6636 6030
f 6636 7626 6030
f 6636 6634 7626
f 7629 6933 7289
f 6637 7289 6933
f 7627 6637 6933
f 6635 6637 7627
f 7630 6390 6386
f 7630 6386 7628
f 6636 6386 6638
f 6638 6386 6390
f 7631 5941 6303
f 7629 7289 5941
f 5941 7289 6303
f 7289 6931 6303
f 6931 6639 6303
f 7289 6637 6931
f 6640 6028 6390
f 7630 6640 6390
f 7632 6640 7630
f 6638 6390 6028
f 6305 7633 6303
f 6303 7633 7631
f 6303 6639 6641
f 6303 6641 6305
f 5064 7634 6642
f 5064 6642 5062
f 5062 6640 5064
f 5064 6640 7632
f 6307 7635 6305
f 6305 7635 7633
f 6305 6641 6643
f 6305 6643 6307
f 3066 3435 6644
f 4082 7636 3435
f 3066 4082 3435
f 4080 4082 3066
f 4080 6642 4082
f 4082 6642 7634
f 7637 4973 5337
f 7635 6307 4973
f 6307 5337 4973
f 6307 6311 5337
f 6307 6643 6645
f 6307 6645 6311
f 2052 2409 6646
f 3435 3068 6644
f 6644 3068 2052
f 3068 7638 2052
f 7638 2409 2052
f 3435 7636 3068
f 7639 3993 4353
f 7637 5337 3993
f 5337 4353 3993
f 5337 5339 4353
f 5337 6313 5339
f 5337 6311 6313
f 6311 6645 6932
f 7303 6311 6932
f 6313 6311 7303
f 4 369 7303
f 4 7303 6932
f 1018 7640 369
f 4 1018 369
f 1016 1018 4
f 2409 2054 6646
f 2054 1016 6646
f 2054 1018 1016
f 2409 7638 2054
f 7641 2999 3351
f 7639 4353 2999
f 4353 3351 2999
f 4353 4355 3351
f 4353 5341 4355
f 4353 5339 5341
f 5339 6315 5341
f 5339 6313 6315
f 7642 6315 6934
f 6315 7303 6934
f 6315 6313 7303
f 6934 7303 6
f 6 7303 369
f 369 7640 6
f 3353 7643 3351
f 3351 7643 7641
f 3351 4357 3353
f 3351 4355 4357
f 4355 5343 4357
f 4355 5341 5343
f 7644 5343 5942
f 5343 6315 5942
f 5343 5341 6315
f 6315 7642 5942
f 3353 3000 7643
f 3000 3353 7645
f 3353 4359 7645
f 3353 4357 4359
f 7646 4359 4974
f 4359 5343 4974
f 4359 4357 5343
f 5343 7644 4974
f 4359 3994 7645
f 4359 7646 3994
f 7647 4009 4321
f 4321 4009 6647
f 4009 4987 6647
f 4009 4989 4987
f 4989 5955 4987
f 5957 5955 4989
f 5957 6947 5955
f 6949 6947 5957
f 6949 7648 6947
f 6947 7648 6648
f 7649 3015 3319
f 7647 4321 3015
f 3015 4321 3319
f 4321 4007 3319
f 4007 6649 3319
f 4321 6647 4007
f 7648 25 341
f 6650 7648 341
f 6648 7648 6650
f 25 7650 341
f 3321 7651 3319
f 3319 7651 7649
f 3319 6649 6651
f 3319 6651 3321
f 345 6652 6650
f 345 6650 341
f 341 7650 345
f 345 7650 7652
f 3323 7653 3321
f 3321 7653 7651
f 3321 6651 6653
f 3321 6653 3323
f 349 6654 6652
f 349 6652 345
f 345 7652 349
f 349 7652 7654
f 3327 7655 3323
f 3323 7655 7653
f 3323 6653 6655
f 3323 6655 3327
f 349 23 6654
f 349 7654 23
f 7654 6656 23
f 7654 7656 6656
f 3013 6657 3327
f 6657 7655 3327
f 6657 7657 7655
f 3327 6655 3013
f 6656 7658 6658
f 7656 7658 6656
f 7659 2017 2321
f 6659 2321 2017
f 7657 6659 2017
f 6657 6659 7657
f 1037 6658 7658
f 1037 7658 1039
f 1039 7660 1037
f 1037 7660 6660
f 2323 7661 2321
f 2321 7661 7659
f 2321 6659 6661
f 2321 6661 2323
f 6660 7662 6662
f 7660 7662 6660
f 2015 6663 2323
f 6663 7661 2323
f 6663 7663 7661
f 2323 6661 2015
f 6662 7664 6664
f 7662 7664 6662
f 7665 995 1319
f 6665 1319 995
f 7663 6665 995
f 6663 6665 7663
f 2071 6664 7664
f 2071 7664 2073
f 2073 7666 2071
f 2071 7666 6666
f 993 6667 1319
f 6667 7665 1319
f 6667 7667 7665
f 1319 6665 993
f 6666 7668 6668
f 7666 7668 6666
f 7669 6667 6669
f 7669 7667 6667
f 6668 7670 6670
f 7668 7670 6668
f 6669 994 7669
f 7669 994 996
f 7671 996 994
f 7671 994 6671
f 2074 7672 6672
f 2074 6672 2072
f 2072 6670 2074
f 2074 6670 7670
f 2018 7671 2336
f 7671 6673 2336
f 7671 6671 6673
f 7673 2018 2336
f 26 7674 6674
f 26 6674 24
f 1038 26 24
f 1038 1040 26
f 1038 6672 1040
f 1040 6672 7672
f 2016 2336 6673
f 2336 2016 7673
f 2016 3016 7673
f 2016 3014 3016
f 4008 3016 3014
f 4008 4010 3016
f 4988 4010 4008
f 4988 4990 4010
f 5956 4990 4988
f 5956 5958 4990
f 6948 5958 5956
f 6948 6950 5958
f 6948 6674 6950
f 6950 6674 7674
f 4324 4023 6675
f 5312 5003 4324
f 4324 5003 4023
f 6288 5971 5312
f 5312 5971 5003
f 7276 6963 6288
f 6288 6963 5971
f 7675 41 7276
f 41 6963 7276
f 41 39 6963
f 41 1053 39
f 1055 1053 41
f 1055 2087 1053
f 2089 2087 1055
f 3404 3091 7676
f 3091 2089 7676
f 3091 2087 2089
f 3404 6676 3091
f 2314 2031 6677
f 7677 3031 2314
f 3031 2031 2314
f 3031 3029 2031
f 4025 4324 6675
f 3029 4025 6675
f 3031 4025 3029
f 4324 4025 5005
f 4324 5005 5312
f 5312 5005 5973
f 5312 5973 6288
f 6288 5973 6965
f 6288 6965 7276
f 7675 7276 6965
f 3093 3404 7676
f 4101 6676 3404
f 3093 4101 3404
f 4103 4101 3093
f 4103 7678 4101
f 4101 7678 6678
f 1312 1003 6679
f 2033 2314 6677
f 2033 6677 1003
f 7679 2033 1003
f 1312 7679 1003
f 7677 2314 2033
f 5083 6678 7678
f 5083 7678 5085
f 5085 7680 5083
f 5083 7680 6680
f 6681 1314 6679
f 6679 1314 1312
f 7679 1312 1314
f 7679 1314 7681
f 6680 7682 6682
f 7680 7682 6680
f 6683 1316 6681
f 6681 1316 1314
f 7681 1314 1316
f 7681 1316 7683
f 6047 6682 7682
f 6047 7682 6049
f 6049 7031 6047
f 7033 7031 6049
f 7033 7684 7031
f 7031 7684 6684
f 1004 1316 6683
f 2034 7683 2322
f 2322 7683 6685
f 7683 1316 6685
f 1316 1004 6685
f 7685 2034 2322
f 93 6684 7684
f 93 7684 95
f 95 7686 93
f 93 7686 6686
f 2032 2322 6685
f 2322 2032 7685
f 2032 3032 7685
f 2032 3030 3032
f 4024 3032 3030
f 4024 4026 3032
f 7687 4026 4024
f 7687 4024 6687
f 6686 7688 6688
f 7686 7688 6686
f 6687 5004 7687
f 7687 5004 5006
f 7689 5006 5004
f 7689 5004 6689
f 94 439 6690
f 94 6688 439
f 6688 7690 439
f 6688 7688 7690
f 5974 7689 6308
f 7689 6691 6308
f 7689 6689 6691
f 7691 5974 6308
f 441 6692 6690
f 441 6690 439
f 439 7690 441
f 441 7690 7692
f 5972 6308 6691
f 7691 6308 5972
f 6693 7691 5972
f 7693 7691 6693
f 6692 441 96
f 7694 6692 96
f 6694 6692 7694
f 441 7692 96
f 6966 7693 7304
f 7693 6695 7304
f 7693 6693 6695
f 7695 6966 7304
f 7034 7696 6696
f 7034 6696 7032
f 7032 6694 7034
f 7034 6694 7694
f 6697 7308 6695
f 6695 7308 7304
f 7695 7304 7308
f 7695 7308 7697
f 6050 7698 6698
f 6050 6698 6048
f 6048 6696 6050
f 6050 6696 7696
f 6964 7308 6697
f 42 7697 374
f 374 7697 6699
f 7697 7308 6699
f 7308 6964 6699
f 7699 42 374
f 5086 7700 5432
f 5432 6700 5086
f 6700 7698 5086
f 6700 6698 7698
f 40 374 6699
f 374 40 7699
f 40 1056 7699
f 40 1054 1056
f 2088 1056 1054
f 2088 2090 1056
f 3092 2090 2088
f 3092 3094 2090
f 4102 3094 3092
f 4102 4104 3094
f 7700 4104 5432
f 4104 5084 5432
f 4104 4102 5084
f 6700 5432 5084
f 7701 3213 3541
f 3541 3213 4547
f 4547 3213 4223
f 4223 7702 4547
f 3543 7703 3541
f 3541 7703 7701
f 3541 4549 3543
f 3541 4547 4549
f 5215 5539 7702
f 5539 4547 7702
f 5539 4549 4547
f 5215 7704 5539
f 3545 7705 3543
f 3543 7705 7703
f 3543 4551 3545
f 3543 4549 4551
f 4549 5541 4551
f 4549 5539 5541
f 5539 7704 5541
f 5541 7704 7706
f 3547 7707 3545
f 3545 7707 7705
f 3545 4553 3547
f 3545 4551 4553
f 4551 5543 4553
f 4551 5541 5543
f 5541 7706 5543
f 5543 7706 7708
f 3547 3214 7707
f 3214 3547 4224
f 4224 3547 4553
f 4224 4553 5216
f 5216 4553 5543
f 5543 7708 5216
f 7709 4119 4401
f 4401 4119 6701
f 4119 5099 6701
f 4119 5101 5099
f 5101 6063 5099
f 6065 6063 5101
f 6702 6063 7357
f 6063 7049 7357
f 6063 6065 7049
f 7049 7710 7357
f 7711 6981 7273
f 7273 6981 339
f 339 6981 57
f 339 57 1357
f 1357 57 1071
f 1357 1071 2369
f 2369 1071 2105
f 2369 2105 6703
f 2105 3107 6703
f 2105 3109 3107
f 3109 7709 4401
f 4117 3109 4401
f 3107 3109 4117
f 4401 6701 4117
f 7357 7047 6702
f 7710 111 419
f 7710 419 6704
f 7357 7710 6704
f 7047 7357 6704
f 111 7712 419
f 7713 5989 6289
f 7711 7273 5989
f 5989 7273 6289
f 7273 6979 6289
f 6979 6705 6289
f 339 55 6979
f 339 6979 7273
f 1357 1069 55
f 1357 55 339
f 2369 2103 1069
f 2369 1069 1357
f 2369 6703 2103
f 419 109 6704
f 7712 1107 1439
f 7712 1439 6706
f 419 7712 6706
f 109 419 6706
f 1107 7714 1439
f 7715 5021 6707
f 6707 5021 5019
f 5021 7713 6289
f 5987 5021 6289
f 5019 5021 5987
f 6289 6705 5987
f 1439 1105 6706
f 7714 2141 2459
f 7714 2459 6708
f 1439 7714 6708
f 1105 1439 6708
f 2141 7716 2459
f 7717 4041 6709
f 6709 4041 4039
f 6707 4039 4041
f 6707 4041 7715
f 2461 6710 6708
f 2461 6708 2459
f 3151 3491 7716
f 3491 2459 7716
f 3491 2461 2459
f 3151 7718 3491
f 7719 6709 6711
f 7719 7717 6709
f 2461 2139 6710
f 3491 3149 2139
f 3491 2139 2461
f 7718 4161 4501
f 7718 4501 6712
f 3491 7718 6712
f 3149 3491 6712
f 4161 7720 4501
f 7721 6711 6713
f 7721 7719 6711
f 4501 4159 6712
f 4501 7720 4159
f 7720 6714 4159
f 7720 7722 6714
f 7723 6713 6715
f 7723 7721 6713
f 7722 5147 5495
f 6716 7722 5495
f 6714 7722 6716
f 5147 7724 5495
f 4042 7723 4346
f 7723 6717 4346
f 7723 6715 6717
f 7725 4042 4346
f 5497 6718 6716
f 5497 6716 5495
f 5495 7724 5497
f 5497 7724 7726
f 4040 4346 6717
f 5022 7725 5334
f 5334 7725 6719
f 7725 4346 6719
f 4346 4040 6719
f 7727 5022 5334
f 5499 6720 6718
f 5499 6718 5497
f 5497 7726 5499
f 5499 7726 7728
f 5020 5334 6719
f 5990 7727 6310
f 6310 7727 6721
f 7727 5334 6721
f 5334 5020 6721
f 7729 5990 6310
f 6720 5499 5148
f 7730 6720 5148
f 6722 6720 7730
f 5499 7728 5148
f 5988 6310 6721
f 7729 6310 5988
f 6723 7729 5988
f 7731 7729 6723
f 7730 5149 5503
f 6724 7730 5503
f 6722 7730 6724
f 5149 7732 5503
f 6982 7731 7306
f 7731 6725 7306
f 7731 6723 6725
f 7733 6982 7306
f 4160 4517 6726
f 5503 5150 6724
f 6724 5150 4160
f 5150 7734 4160
f 7734 4517 4160
f 5503 7732 5150
f 6980 7306 6725
f 7733 7306 6980
f 6727 7733 6980
f 7735 7733 6727
f 4521 6728 6726
f 4521 6726 4517
f 4517 7734 4521
f 4521 7734 7736
f 58 7735 376
f 7735 6729 376
f 7735 6727 6729
f 7737 58 376
f 4525 6730 6728
f 4525 6728 4521
f 4521 7736 4525
f 4525 7736 7738
f 56 376 6729
f 376 56 7737
f 56 1072 7737
f 56 1070 1072
f 7739 1072 1070
f 7739 1070 6731
f 3150 3523 6732
f 4525 4162 6730
f 6730 4162 3150
f 4162 7740 3150
f 7740 3523 3150
f 4525 7738 4162
f 6731 2104 7739
f 7739 2104 2106
f 7741 2106 2104
f 7741 2104 6733
f 1108 7742 6734
f 1108 6734 1106
f 2140 1108 1106
f 2140 2142 1108
f 3523 3152 6732
f 3152 2140 6732
f 3152 2142 2140
f 3523 7740 3152
f 6733 3108 7741
f 7741 3108 3110
f 4118 3110 3108
f 4118 4120 3110
f 5100 4120 4118
f 5100 5102 4120
f 6064 5102 5100
f 6064 6066 5102
f 7048 6066 6064
f 7048 7050 6066
f 110 7050 7048
f 110 112 7050
f 110 6734 112
f 112 6734 7742
f 7743 195 6735
f 6735 195 193
f 195 1193 193
f 1195 1193 195
f 1195 2217 1193
f 2219 2217 1195
f 2219 3227 2217
f 3229 3227 2219
f 3229 4237 3227
f 4239 4237 3229
f 4239 5229 4237
f 5231 5229 4239
f 5231 7744 5229
f 5229 7744 6736
f 7745 7127 6737
f 6737 7127 7125
f 6735 7125 7127
f 6735 7127 7743
f 6209 6736 7744
f 6209 7744 6211
f 6211 7746 6209
f 6209 7746 6738
f 7747 6737 6739
f 7747 7745 6737
f 7203 6738 7746
f 7203 7746 7205
f 7205 7748 7203
f 7203 7748 6740
f 7749 6739 6741
f 7749 7747 6739
f 7750 554 267
f 6740 7750 267
f 7748 7750 6740
f 554 6742 267
f 7751 6741 6743
f 7751 7749 6741
f 7752 556 554
f 7752 554 7750
f 6742 554 6744
f 6744 554 556
f 7753 6743 6745
f 7753 7751 6743
f 7754 558 556
f 7754 556 7752
f 6744 556 6746
f 6746 556 558
f 7755 6745 6747
f 7755 7753 6745
f 7756 560 558
f 7756 558 7754
f 6746 558 6748
f 6748 558 560
f 7757 6747 6749
f 7757 7755 6747
f 6750 268 560
f 7756 6750 560
f 7758 6750 7756
f 6748 560 268
f 6749 7126 7757
f 7757 7126 7128
f 7759 7128 7126
f 7759 7126 6751
f 7206 7760 6752
f 7206 6752 7204
f 7204 6750 7206
f 7206 6750 7758
f 6751 194 7759
f 7759 194 196
f 7761 196 194
f 7761 194 6753
f 5232 7762 6754
f 5232 6754 5230
f 6210 5232 5230
f 6210 6212 5232
f 6210 6752 6212
f 6212 6752 7760
f 6753 1194 7761
f 7761 1194 1196
f 2218 1196 1194
f 2218 2220 1196
f 3228 2220 2218
f 3228 3230 2220
f 4238 3230 3228
f 4238 4240 3230
f 4238 6754 4240
f 4240 6754 7762
f 7763 3125 3379
f 3379 3125 4385
f 4385 3125 4135
f 4385 4135 5371
f 5371 4135 5117
f 5371 5117 6347
f 6347 5117 6081
f 6347 6081 7341
f 7341 6081 7065
f 7341 7065 399
f 399 7065 127
f 399 127 1421
f 1421 127 1123
f 1421 1123 2445
f 2445 1123 2157
f 2157 7764 2445
f 7765 2121 6755
f 6755 2121 2119
f 2121 7763 3379
f 3123 2121 3379
f 2119 2121 3123
f 4385 4133 3123
f 4385 3123 3379
f 5371 5115 4133
f 5371 4133 4385
f 6347 6079 5115
f 6347 5115 5371
f 7341 7063 6079
f 7341 6079 6347
f 399 125 7063
f 399 7063 7341
f 1421 1121 125
f 1421 125 399
f 2445 2155 1121
f 2445 1121 1421
f 7764 3167 3477
f 7764 3477 6756
f 2445 7764 6756
f 2155 2445 6756
f 3167 7766 3477
f 7767 73 6757
f 6757 73 71
f 73 1085 71
f 1087 1085 73
f 6755 1085 1087
f 6755 1087 7765
f 3477 3165 6756
f 7766 4177 4485
f 7766 4485 6758
f 3477 7766 6758
f 3165 3477 6758
f 4177 7768 4485
f 7769 6997 6759
f 6759 6997 6995
f 6757 6995 6997
f 6757 6997 7767
f 4487 6760 6758
f 4487 6758 4485
f 4485 7768 4487
f 4487 7768 7770
f 7771 6005 6761
f 6761 6005 6003
f 6759 6003 6005
f 6759 6005 7769
f 4489 6762 6760
f 4489 6760 4487
f 4487 7770 4489
f 4489 7770 7772
f 7773 5037 5309
f 6763 5309 5037
f 7771 6763 5037
f 6761 6763 7771
f 4491 6764 6762
f 4491 6762 4489
f 4489 7772 4491
f 4491 7772 7774
f 5035 6765 5309
f 6765 7773 5309
f 6765 7775 7773
f 5309 6763 5035
f 4493 6766 6764
f 4493 6764 4491
f 4491 7774 4493
f 4493 7774 7776
f 7777 4057 6767
f 6767 4057 4055
f 6765 4055 4057
f 6765 4057 7775
f 4493 4175 6766
f 4493 7776 4175
f 7776 6768 4175
f 7776 7778 6768
f 7779 3045 6769
f 6769 3045 3043
f 6767 3043 3045
f 6767 3045 7777
f 7778 5165 5489
f 6770 7778 5489
f 6768 7778 6770
f 5489 5165 6483
f 6483 5165 6141
f 6141 7780 6483
f 7781 6769 6771
f 7781 7779 6769
f 5489 5163 6770
f 6485 6772 5163
f 5489 6485 5163
f 6483 6485 5489
f 7129 7469 7780
f 7469 6483 7780
f 7469 6485 6483
f 7129 7782 7469
f 6771 3044 7781
f 7781 3044 3046
f 7783 3046 3044
f 7783 3044 6773
f 6485 6139 6772
f 7471 6774 6139
f 6485 7471 6139
f 7469 7471 6485
f 7469 7782 7471
f 7471 7782 7784
f 7785 6773 6775
f 7785 7783 6773
f 7473 6776 6774
f 7473 6774 7471
f 7471 7784 7473
f 7473 7784 7786
f 6775 4056 7785
f 7785 4056 4058
f 7787 4058 4056
f 7787 4056 6777
f 7475 6778 6776
f 7475 6776 7473
f 7473 7786 7475
f 7475 7786 7788
f 6777 5036 7787
f 7787 5036 5038
f 6004 5038 5036
f 6004 6006 5038
f 6996 6006 6004
f 6996 6998 6006
f 7789 6998 6996
f 7789 6996 6779
f 7477 6780 6778
f 7477 6778 7475
f 7475 7788 7477
f 7477 7788 7790
f 6779 72 7789
f 7789 72 74
f 72 6781 1390
f 1088 72 1390
f 74 72 1088
f 7791 1088 1390
f 2158 7792 2474
f 2158 2474 3504
f 2158 3504 3168
f 7793 3168 3504
f 6140 6497 6782
f 7477 7130 6780
f 6780 7130 6140
f 7130 7794 6140
f 7794 6497 6140
f 7477 7790 7130
f 1086 1390 6781
f 7791 1390 1086
f 6783 7791 1086
f 7795 7791 6783
f 128 7796 444
f 128 444 6784
f 1122 128 6784
f 1124 128 1122
f 7792 1124 2474
f 1124 2156 2474
f 1124 1122 2156
f 3166 3504 2156
f 2156 3504 2474
f 3504 3166 7793
f 3166 4178 7793
f 3166 4176 4178
f 5164 4178 4176
f 5164 5166 4178
f 6497 6142 6782
f 6142 5164 6782
f 6142 5166 5164
f 6497 7794 6142
f 2122 7795 2412
f 7795 6785 2412
f 7795 6783 6785
f 7797 2122 2412
f 7798 448 444
f 7798 444 7796
f 6784 444 6786
f 6786 444 448
f 2120 2412 6785
f 7797 2412 2120
f 6787 7797 2120
f 7799 7797 6787
f 7066 7800 7398
f 448 7798 7066
f 448 7066 7398
f 126 448 7398
f 6788 126 7398
f 6786 448 126
f 3126 7799 3446
f 7799 6789 3446
f 7799 6787 6789
f 7801 3126 3446
f 7802 7402 7398
f 7802 7398 7800
f 6788 7398 6790
f 6790 7398 7402
f 3124 3446 6789
f 4136 7801 4452
f 4452 7801 6791
f 7801 3446 6791
f 3446 3124 6791
f 7803 4136 4452
f 7804 7406 7402
f 7804 7402 7802
f 6790 7402 6792
f 6792 7402 7406
f 4134 4452 6791
f 5118 7803 5438
f 5438 7803 6793
f 7803 4452 6793
f 4452 4134 6793
f 5118 5438 6430
f 5118 6430 6082
f 7406 7804 6082
f 7406 6082 6430
f 7064 7406 6430
f 6794 7064 6430
f 6792 7406 7064
f 5116 5438 6793
f 6080 6430 5116
f 5116 6430 5438
f 6794 6430 6080
f 4456 4193 6795
f 7805 5187 4456
f 5187 4193 4456
f 5187 5185 4193
f 5187 6165 5185
f 6167 6165 5187
f 7424 7155 7806
f 7155 6167 7806
f 7155 6165 6167
f 478 221 7424
f 7424 221 7155
f 478 6796 221
f 7807 2175 6797
f 6797 2175 2173
f 2175 3183 2173
f 3185 3183 2175
f 4195 4456 6795
f 3183 4195 6795
f 3185 4195 3183
f 7805 4456 4195
f 7159 7424 7806
f 7424 7159 225
f 7424 225 478
f 1219 6796 478
f 225 1219 478
f 1223 1219 225
f 1223 2241 1219
f 2245 2241 1223
f 2245 3249 2241
f 3253 3249 2245
f 4548 4259 7808
f 4259 3253 7808
f 4259 3249 3253
f 4548 6798 4259
f 7314 7079 6799
f 7809 145 7314
f 145 7079 7314
f 145 141 7079
f 145 1139 141
f 1141 1139 145
f 6797 1139 1141
f 6797 1141 7807
f 4263 4548 7808
f 7810 5540 5249
f 7810 5249 6798
f 4263 7810 6798
f 4548 4263 6798
f 5540 6800 5249
f 6322 6097 6801
f 7083 7314 6799
f 7083 6799 6097
f 7811 7083 6097
f 6322 7811 6097
f 7809 7314 7083
f 7812 5542 5540
f 7812 5540 7810
f 6800 5540 6802
f 6802 5540 5542
f 6322 6801 6099
f 6801 7813 6099
f 6801 6803 7813
f 7811 6322 6099
f 7814 5544 5542
f 7814 5542 7812
f 6802 5542 6804
f 6804 5542 5544
f 4364 4149 6805
f 7815 5135 4364
f 5135 4149 4364
f 5135 5133 4149
f 6803 5133 5135
f 6803 5135 7813
f 4264 7816 4556
f 5544 7814 4264
f 5544 4264 4556
f 5250 5544 4556
f 6806 5250 4556
f 6804 5544 5250
f 3360 3139 6807
f 4151 4364 6805
f 4151 6805 3139
f 7817 4151 3139
f 3360 7817 3139
f 7815 4364 4151
f 3254 7818 3552
f 4556 7816 3254
f 4556 3254 3552
f 4260 4556 3552
f 6808 4260 3552
f 6806 4556 4260
f 3360 6807 3141
f 6807 7819 3141
f 6807 6809 7819
f 7817 3360 3141
f 2246 7820 6810
f 2246 6810 2242
f 7818 2246 3552
f 2246 3250 3552
f 2246 2242 3250
f 6808 3552 3250
f 7821 6809 6811
f 7821 7819 6809
f 226 7822 6812
f 226 6812 222
f 1220 226 222
f 1220 1224 226
f 1220 6810 1224
f 1224 6810 7820
f 7823 6811 6813
f 7823 7821 6811
f 6812 7824 6814
f 7822 7824 6812
f 7825 6813 6815
f 7825 7823 6813
f 7156 7445 6816
f 7156 6814 7445
f 6814 7826 7445
f 6814 7824 7826
f 7827 6815 6817
f 7827 7825 6815
f 7447 6818 6816
f 7447 6816 7445
f 7445 7826 7447
f 7447 7826 7828
f 6817 3140 7827
f 7827 3140 3142
f 7829 3142 3140
f 7829 3140 6819
f 7449 6820 6818
f 7449 6818 7447
f 7447 7828 7449
f 7449 7828 7830
f 6819 4150 7829
f 7829 4150 4152
f 4150 6821 5372
f 5136 4150 5372
f 4152 4150 5136
f 7831 5136 5372
f 7449 7157 6820
f 7449 7830 7157
f 7830 6822 7157
f 7830 7832 6822
f 5134 5372 6821
f 6100 7831 6352
f 6352 7831 6823
f 7831 5372 6823
f 5372 5134 6823
f 6100 6352 7346
f 6100 7346 7084
f 7084 7346 404
f 7084 404 146
f 7833 146 404
f 7832 227 499
f 6824 7832 499
f 6822 7832 6824
f 227 7834 499
f 6098 6352 6823
f 7080 7346 6098
f 6098 7346 6352
f 6825 408 7080
f 408 7346 7080
f 408 404 7346
f 1428 1142 7833
f 404 1428 7833
f 408 1428 404
f 7835 1142 1428
f 501 6826 6824
f 501 6824 499
f 499 7834 501
f 501 7834 7836
f 142 408 6825
f 6827 1432 142
f 1432 408 142
f 1432 1428 408
f 7835 1428 1432
f 7835 1432 7837
f 501 223 6826
f 501 7836 223
f 7836 6828 223
f 7836 7838 6828
f 416 143 6829
f 1143 1432 6827
f 1143 6827 143
f 7839 1143 143
f 416 7839 143
f 7837 1432 1143
f 6828 7840 6830
f 7838 7840 6828
f 6831 420 6829
f 6829 420 416
f 7839 416 420
f 7839 420 7841
f 7840 1225 1519
f 6832 7840 1519
f 6830 7840 6832
f 1225 7842 1519
f 6833 424 6831
f 6831 424 420
f 7841 420 424
f 7841 424 7843
f 1519 1221 6832
f 1519 7842 1221
f 7842 6834 1221
f 7842 7844 6834
f 7370 7081 6835
f 147 424 6833
f 147 6833 7081
f 7845 147 7081
f 7370 7845 7081
f 7843 424 147
f 2243 6834 7844
f 2243 7844 2247
f 2247 7846 2243
f 2243 7846 6836
f 6837 7372 6835
f 6835 7372 7370
f 7845 7370 7372
f 7845 7372 7847
f 3251 6836 7846
f 3251 7846 3255
f 3255 7848 3251
f 3251 7848 6838
f 7372 6837 7085
f 6837 7849 7085
f 6837 6839 7849
f 7847 7372 7085
f 4261 6838 7848
f 4261 7848 4265
f 4265 5251 4261
f 5253 5251 4265
f 5253 6223 5251
f 6225 6223 5253
f 6225 7211 6223
f 7213 7211 6225
f 7213 271 7211
f 273 271 7213
f 273 1261 271
f 1263 1261 273
f 1263 2279 1261
f 2281 2279 1263
f 6840 2279 3613
f 2279 3287 3613
f 2279 2281 3287
f 3287 7850 3613
f 7851 6839 6841
f 7851 7849 6839
f 3613 3285 6840
f 3285 3613 7850
f 4295 3285 7850
f 4293 3285 4295
f 4295 5283 4293
f 5285 5283 4295
f 5285 6255 5283
f 6257 6255 5285
f 6257 7243 6255
f 7245 7243 6257
f 7245 7852 7243
f 7243 7852 6842
f 7853 6841 6843
f 7853 7851 6841
f 305 6842 7852
f 305 7852 307
f 307 7854 305
f 305 7854 6844
f 7855 6843 6845
f 7855 7853 6843
f 6844 7856 6846
f 7854 7856 6844
f 7857 6845 6847
f 7857 7855 6845
f 1291 6846 7856
f 1291 7856 1293
f 1293 7858 1291
f 1291 7858 6848
f 7859 6847 6849
f 7859 7857 6847
f 1292 1637 6850
f 1292 6848 1637
f 6848 7860 1637
f 6848 7858 7860
f 7391 7861 7082
f 7861 6849 7082
f 7861 7859 6849
f 6851 7391 7082
f 1639 6852 6850
f 1639 6850 1637
f 1637 7860 1639
f 1639 7860 7862
f 7395 7863 7391
f 7391 7863 7861
f 7391 6851 144
f 449 7391 144
f 7395 7391 449
f 6853 449 144
f 1262 1595 6854
f 2280 2599 1595
f 2280 1595 1262
f 3286 3627 2599
f 3286 2599 2280
f 6855 3627 3286
f 306 637 6856
f 1639 1294 6852
f 6852 1294 306
f 1294 7864 306
f 7864 637 306
f 1639 7862 1294
f 7395 7086 7863
f 7086 7395 7865
f 7395 453 7865
f 7395 449 453
f 449 6853 1140
f 1469 449 1140
f 453 449 1469
f 2174 2487 1469
f 2174 1469 1140
f 6857 2487 2174
f 272 589 6858
f 1595 1264 6854
f 6854 1264 272
f 1264 7866 272
f 7866 589 272
f 1264 1595 2282
f 2282 1595 2599
f 2282 2599 3288
f 3288 2599 3627
f 6855 4294 3627
f 4294 3288 3627
f 4294 4296 3288
f 5284 5621 7867
f 4296 5284 7867
f 4294 5284 4296
f 6256 6611 5621
f 6256 5621 5284
f 7244 7595 6611
f 7244 6611 6256
f 7595 7244 6856
f 637 7595 6856
f 639 7595 637
f 637 7864 639
f 639 7864 7868
f 453 148 7865
f 148 453 7869
f 453 1473 7869
f 453 1469 1473
f 1469 2491 1473
f 1469 2487 2491
f 2487 6857 3184
f 3521 2487 3184
f 2491 2487 3521
f 4194 4527 3521
f 4194 3521 3184
f 6859 4527 4194
f 7212 7549 6860
f 589 274 6858
f 6858 274 7212
f 274 7870 7212
f 7870 7549 7212
f 589 7866 274
f 5621 5286 7867
f 5286 5621 6258
f 6258 5621 6611
f 6258 6611 7246
f 7246 6611 7595
f 7246 7595 308
f 308 7595 639
f 639 7868 308
f 1473 1144 7869
f 1144 1473 2176
f 2176 1473 2491
f 2176 2491 3186
f 3186 2491 3521
f 3186 3521 4196
f 4196 3521 4527
f 5517 7871 5186
f 5186 7871 6859
f 7871 4196 6859
f 4196 4527 6859
f 6166 6507 5517
f 6166 5517 5186
f 6861 6507 6166
f 7551 6862 6860
f 7551 6860 7549
f 7549 7870 7551
f 7551 7870 7872
f 5517 5188 7871
f 5188 5517 6168
f 6168 5517 6507
f 7491 7873 7158
f 7158 7873 6861
f 7873 6168 6861
f 6168 6507 6861
f 6863 7491 7158
f 6224 6573 6864
f 7551 7214 6862
f 6862 7214 6224
f 7214 7874 6224
f 7874 6573 6224
f 7551 7872 7214
f 7491 7160 7873
f 6863 224 7491
f 224 7160 7491
f 224 228 7160
f 1222 1551 7875
f 228 1222 7875
f 224 1222 228
f 6865 1551 1222
f 6575 6866 6864
f 6575 6864 6573
f 6573 7874 6575
f 6575 7874 7876
f 1551 1226 7875
f 2563 7877 2244
f 2244 7877 6865
f 7877 1226 6865
f 1226 1551 6865
f 3252 3593 2563
f 3252 2563 2244
f 4262 4599 3593
f 4262 3593 3252
f 5252 5587 4599
f 5252 4599 4262
f 6575 6226 6866
f 6866 6226 5252
f 6226 7878 5252
f 7878 5587 5252
f 6575 7876 6226
f 2563 2248 7877
f 2248 2563 3256
f 3256 2563 3593
f 3256 3593 4266
f 4266 3593 4599
f 4266 4599 5254
f 5254 4599 5587
f 5587 7878 5254
f 3478 3199 6867
f 4484 4211 3478
f 3478 4211 3199
f 5476 5203 4484
f 4484 5203 4211
f 5476 6868 5203
f 6869 3480 6867
f 6867 3480 3478
f 4486 3478 3480
f 4484 3478 4486
f 5478 4484 4486
f 5476 4484 5478
f 6868 5476 6185
f 5476 6472 6185
f 5476 5478 6472
f 6472 6870 6185
f 6871 3482 6869
f 6869 3482 3480
f 4488 3480 3482
f 4486 3480 4488
f 5480 4486 4488
f 5478 4486 5480
f 6474 5478 5480
f 6472 5478 6474
f 6870 6472 7179
f 6472 7458 7179
f 6472 6474 7458
f 7458 6872 7179
f 3200 3482 6871
f 6873 4490 3200
f 4490 3482 3200
f 4490 4488 3482
f 5482 4488 4490
f 5480 4488 5482
f 6476 5480 5482
f 6474 5480 6476
f 7460 6474 6476
f 7458 6474 7460
f 6872 7458 6874
f 6874 7458 7460
f 4564 4279 6875
f 7879 5269 4564
f 5269 4279 4564
f 5269 5267 4279
f 5269 6239 5267
f 6241 6239 5269
f 6241 7227 6239
f 7229 7227 6241
f 7229 289 7227
f 291 289 7229
f 291 1281 289
f 1283 1281 291
f 1283 2299 1281
f 2301 2299 1283
f 2301 3307 2299
f 3311 3307 2301
f 3311 7880 3307
f 3307 7880 6876
f 6877 4492 6873
f 6873 4492 4490
f 5484 4490 4492
f 5482 4490 5484
f 6478 5482 5484
f 6476 5482 6478
f 7462 6476 6478
f 7460 6476 7462
f 6874 7460 245
f 7460 508 245
f 7460 7462 508
f 508 6878 245
f 3560 3271 6879
f 4281 4564 6875
f 4281 6875 3271
f 7881 4281 3271
f 3560 7881 3271
f 7879 4564 4281
f 4313 6876 7880
f 4313 7880 4315
f 4315 5299 4313
f 5301 5299 4315
f 5301 7882 5299
f 5299 7882 6880
f 6881 4494 6877
f 6877 4494 4492
f 5486 4492 4494
f 5484 4492 5486
f 6480 5484 5486
f 6478 5484 6480
f 7464 6478 6480
f 7462 6478 7464
f 510 7462 7464
f 508 7462 510
f 6878 508 1243
f 508 1522 1243
f 508 510 1522
f 2532 2265 1522
f 1522 2265 1243
f 3273 3560 6879
f 3273 6879 2265
f 7883 3273 2265
f 2532 7883 2265
f 7881 3560 3273
f 6271 6880 7882
f 6271 7882 6273
f 6273 7259 6271
f 7261 7259 6273
f 7261 321 7259
f 323 321 7261
f 323 7884 321
f 321 7884 6882
f 6883 4498 6881
f 6881 4498 4494
f 5488 4494 4498
f 5486 4494 5488
f 6482 5486 5488
f 6480 5486 6482
f 7466 6480 6482
f 7464 6480 7466
f 512 7464 7466
f 510 7464 512
f 1524 510 512
f 1522 510 1524
f 1524 7885 2267
f 2532 1524 2267
f 1522 1524 2532
f 7883 2532 2267
f 1307 6882 7884
f 1307 7884 1309
f 1309 7886 1307
f 1307 7886 6884
f 3492 3201 6885
f 3201 3492 6883
f 3492 4498 6883
f 3492 4500 4498
f 5490 4498 4500
f 5488 4498 5490
f 6484 5488 5490
f 6482 5488 6484
f 7468 6482 6484
f 7466 6482 7468
f 514 7466 7468
f 512 7466 514
f 1526 512 514
f 1524 512 1526
f 7885 1524 1526
f 7885 1526 7887
f 6884 7888 6886
f 7886 7888 6884
f 1446 1169 6887
f 2464 2191 1446
f 1446 2191 1169
f 2191 2464 6885
f 2464 3492 6885
f 2464 3494 3492
f 4502 3492 3494
f 4500 3492 4502
f 5492 4500 4502
f 5490 4500 5492
f 6486 5490 5492
f 6484 5490 6486
f 7470 6484 6486
f 7468 6484 7470
f 516 7468 7470
f 514 7468 516
f 1528 514 516
f 1526 514 1528
f 7887 1526 1528
f 7887 1528 7889
f 6886 7890 6888
f 7888 7890 6886
f 432 173 6889
f 1171 1446 6887
f 1171 6887 173
f 7891 1171 173
f 432 7891 173
f 1446 1171 2193
f 1446 2193 2464
f 2464 2193 3203
f 2464 3203 3494
f 3494 3203 4213
f 3494 4213 4502
f 4502 4213 5205
f 4502 5205 5492
f 5492 5205 6187
f 5492 6187 6486
f 6486 6187 7181
f 6486 7181 7470
f 7470 7181 247
f 7470 247 516
f 516 247 1245
f 516 1245 1528
f 7889 1528 1245
f 1310 7892 1630
f 1630 6890 1310
f 6890 7890 1310
f 6890 6888 7890
f 432 6889 175
f 6889 7893 175
f 6889 6891 7893
f 7891 432 175
f 7894 1632 1630
f 7894 1630 7892
f 6890 1630 6892
f 6892 1630 1632
f 7895 7111 6893
f 6893 7111 7109
f 6891 7109 7111
f 6891 7111 7893
f 6894 1308 1632
f 7894 6894 1632
f 7896 6894 7894
f 6892 1632 1308
f 7897 6127 6403
f 6895 6403 6127
f 7895 6895 6127
f 6893 6895 7895
f 324 7898 632
f 632 6896 324
f 6896 7896 324
f 6896 6894 7896
f 6123 6897 6403
f 6897 7897 6403
f 6897 7899 7897
f 6403 6895 6123
f 7262 7900 7590
f 632 7898 7262
f 7590 632 7262
f 634 632 7590
f 6896 632 6898
f 6898 632 634
f 7901 6897 6899
f 7901 7899 6897
f 6274 7902 6608
f 7590 7900 6274
f 6608 7590 6274
f 7592 7590 6608
f 322 634 6900
f 634 7592 6900
f 634 7590 7592
f 6898 634 322
f 6899 6124 7901
f 7901 6124 6128
f 7903 6128 6124
f 7903 6124 6901
f 5302 7904 5620
f 6608 7902 5302
f 5620 6608 5302
f 6610 6608 5620
f 7260 7592 6902
f 7592 6610 6902
f 7592 6608 6610
f 6900 7592 7260
f 7905 6901 6903
f 7905 7903 6901
f 7906 5622 5620
f 7906 5620 7904
f 6272 6610 6904
f 6610 5622 6904
f 6610 5620 5622
f 6902 6610 6272
f 7907 6903 6905
f 7907 7905 6903
f 4316 7908 4636
f 5622 7906 4316
f 5622 4316 4636
f 5300 5622 4636
f 6906 5300 4636
f 6904 5622 5300
f 7909 6905 6907
f 7909 7907 6905
f 7910 4638 4636
f 7910 4636 7908
f 6906 4636 6908
f 6908 4636 4638
f 7911 6129 6909
f 6909 6129 6125
f 6907 6125 6129
f 6907 6129 7909
f 3312 7912 3636
f 4638 7910 3312
f 4638 3312 3636
f 4314 4638 3636
f 6910 4314 3636
f 6908 4638 4314
f 7913 6909 6911
f 7913 7911 6909
f 7914 3638 3636
f 7914 3636 7912
f 6910 3636 6912
f 6912 3636 3638
f 6130 7913 6436
f 7913 6913 6436
f 7913 6911 6913
f 7915 6130 6436
f 6914 3308 3638
f 7914 6914 3638
f 7916 6914 7914
f 6912 3638 3308
f 6126 6436 6913
f 7915 6436 6126
f 6915 7915 6126
f 7917 7915 6915
f 7918 3640 3309
f 6914 7918 3309
f 7916 7918 6914
f 3640 6916 3309
f 6915 7110 7917
f 7917 7110 7112
f 7919 7112 7110
f 7919 7110 6917
f 7920 3642 3640
f 7920 3640 7918
f 6916 3640 6918
f 6918 3640 3642
f 6917 174 7919
f 7919 174 176
f 1170 176 174
f 1170 1172 176
f 2192 1172 1170
f 2192 2194 1172
f 3202 2194 2192
f 3202 3204 2194
f 7921 3204 3202
f 7921 3202 6919
f 7922 3644 3642
f 7922 3642 7920
f 6918 3642 6920
f 6920 3642 3644
f 6919 4212 7921
f 7921 4212 4214
f 7923 4214 4212
f 7923 4212 6921
f 7924 3646 3644
f 7924 3644 7922
f 6920 3644 6922
f 6922 3644 3646
f 6921 5204 7923
f 7923 5204 5206
f 7925 5206 5204
f 7925 5204 6923
f 2266 2573 6924
f 3274 7926 2573
f 2266 3274 2573
f 3272 3274 2266
f 4280 3274 3272
f 4280 4282 3274
f 5268 4282 4280
f 5268 5270 4282
f 7927 5270 5268
f 7927 5268 6925
f 7928 3648 3646
f 7928 3646 7924
f 6922 3646 6926
f 6926 3646 3648
f 6923 6186 7925
f 7925 6186 6188
f 7180 6188 6186
f 7180 7182 6188
f 246 7182 7180
f 246 248 7182
f 1244 248 246
f 1244 1246 248
f 2573 2268 6924
f 2268 1244 6924
f 2268 1246 1244
f 2573 7926 2268
f 6925 6240 7927
f 7927 6240 6242
f 6240 6927 7570
f 7230 6240 7570
f 6242 6240 7230
f 7929 7230 7570
f 7930 3650 3648
f 7930 3648 7928
f 6926 3648 6928
f 6928 3648 3650
f 7228 7570 6927
f 7570 7228 7929
f 7228 292 7929
f 7228 290 292
f 290 6929 1622
f 1284 290 1622
f 292 290 1284
f 1284 1622 2626
f 1284 2626 2302
f 3650 7930 2302
f 3650 2302 2626
f 3310 3650 2626
f 6930 3310 2626
f 6928 3650 3310
f 1282 1622 6929
f 2300 2626 1282
f 1282 2626 1622
f 6930 2626 2300
f 643 3049 3369
f 3369 3049 4375
f 4375 3049 4063
f 4375 4063 5361
f 5361 4063 5045
f 5045 644 5361
f 645 2035 2343
f 643 3369 2035
f 2035 3369 2343
f 3369 3047 2343
f 3047 7599 2343
f 4375 4061 3047
f 4375 3047 3369
f 5361 5043 4061
f 5361 4061 4375
f 644 6013 6341
f 644 6341 7600
f 5361 644 7600
f 5043 5361 7600
f 6013 646 6341
f 2347 647 2343
f 2343 647 645
f 2343 7599 7601
f 2343 7601 2347
f 6345 7602 7600
f 6345 7600 6341
f 6341 646 6345
f 6345 646 648
f 2351 649 2347
f 2347 649 647
f 2347 7601 7603
f 2347 7603 2351
f 6349 7604 7602
f 6349 7602 6345
f 6345 648 6349
f 6349 648 650
f 2355 651 2351
f 2351 651 649
f 2351 7603 3048
f 3385 2351 3048
f 2355 2351 3385
f 7605 3385 3048
f 5044 5377 7606
f 6349 6014 7604
f 7604 6014 5044
f 6014 652 5044
f 652 5377 5044
f 6349 650 6014
f 2355 2036 651
f 2036 2355 653
f 2355 3389 653
f 2355 3385 3389
f 3385 7605 4062
f 4395 3385 4062
f 3389 3385 4395
f 5377 5046 7606
f 7606 5046 4062
f 5046 654 4062
f 654 4395 4062
f 5377 652 5046
f 3389 3050 653
f 3050 3389 4064
f 4064 3389 4395
f 4395 654 4064
f 655 4083 7607
f 7607 4083 4081
f 4083 5063 4081
f 5065 5063 4083
f 5065 6029 5063
f 6031 6029 5065
f 6031 7017 6029
f 7019 7017 6031
f 7019 656 7017
f 7017 656 7608
f 657 1019 1339
f 1339 1019 7609
f 1019 2053 7609
f 1019 2055 2053
f 2055 3067 2053
f 3069 3067 2055
f 7607 3067 3069
f 7607 3069 655
f 87 7608 656
f 87 656 89
f 89 658 87
f 87 658 7610
f 1017 7611 1339
f 7611 657 1339
f 7611 659 657
f 1339 7609 1017
f 7610 660 7612
f 658 660 7610
f 661 7 329
f 7613 329 7
f 659 7613 7
f 7611 7613 659
f 7612 662 7614
f 660 662 7612
f 333 663 329
f 329 663 661
f 329 7613 7615
f 329 7615 333
f 7614 664 7616
f 662 664 7614
f 333 8 663
f 665 8 333
f 7615 665 333
f 7617 665 7615
f 7616 666 7618
f 664 666 7616
f 667 7617 7619
f 667 665 7617
f 7618 668 7620
f 666 668 7618
f 669 7619 7621
f 669 667 7619
f 90 670 7622
f 90 7622 88
f 88 7620 90
f 90 7620 668
f 671 7621 7623
f 671 669 7621
f 7020 672 7624
f 7020 7624 7018
f 7018 7622 7020
f 7020 7622 670
f 352 5 7625
f 7623 5 352
f 673 7623 352
f 671 7623 673
f 6032 674 6382
f 6382 7626 6032
f 7626 672 6032
f 7626 7624 672
f 352 7625 9
f 7625 675 9
f 7625 7627 675
f 673 352 9
f 5066 676 5410
f 6382 674 5066
f 6382 5066 5410
f 6030 6382 5410
f 7628 6030 5410
f 7626 6382 6030
f 677 6935 7629
f 7629 6935 6933
f 7627 6933 6935
f 7627 6935 675
f 678 5414 5410
f 678 5410 676
f 7628 5410 7630
f 7630 5410 5414
f 679 5943 7631
f 7631 5943 5941
f 7629 5941 5943
f 7629 5943 677
f 680 5418 5414
f 680 5414 678
f 7630 5414 7632
f 7632 5414 5418
f 681 4975 5331
f 7633 5331 4975
f 679 7633 4975
f 7631 7633 679
f 4084 682 4438
f 5418 680 4084
f 5418 4084 4438
f 5064 5418 4438
f 7634 5064 4438
f 7632 5418 5064
f 5335 683 5331
f 5331 683 681
f 5331 7633 7635
f 5331 7635 5335
f 7636 4082 4438
f 682 7636 4438
f 684 7636 682
f 7634 4438 4082
f 685 3995 4351
f 683 5335 3995
f 3995 5335 4351
f 5335 4973 4351
f 4973 7637 4351
f 5335 7635 4973
f 3070 686 7638
f 3070 7638 3068
f 3068 7636 3070
f 3070 7636 684
f 687 3001 3349
f 685 4351 3001
f 3001 4351 3349
f 4351 3993 3349
f 3993 7639 3349
f 4351 7637 3993
f 1018 1393 7640
f 2056 688 1393
f 1018 2056 1393
f 2054 2056 1018
f 2054 7638 2056
f 2056 7638 686
f 689 2003 2333
f 687 3349 2003
f 2003 3349 2333
f 3349 2999 2333
f 2999 7641 2333
f 3349 7639 2999
f 6934 7307 7642
f 10 690 7307
f 6934 10 7307
f 6 10 6934
f 1393 1020 7640
f 1020 6 7640
f 1020 10 6
f 1393 688 1020
f 2335 691 2333
f 2333 691 689
f 2333 7641 7643
f 2333 7643 2335
f 5942 6317 7644
f 7307 6936 7642
f 7642 6936 5942
f 6936 692 5942
f 692 6317 5942
f 7307 690 6936
f 2337 693 2335
f 2335 693 691
f 2335 7643 3000
f 3355 2335 3000
f 2337 2335 3355
f 7645 3355 3000
f 4974 5345 7646
f 6317 5944 7644
f 7644 5944 4974
f 5944 694 4974
f 694 5345 4974
f 6317 692 5944
f 2337 2004 693
f 2004 2337 695
f 2337 3357 695
f 2337 3355 3357
f 3355 7645 3994
f 4361 3355 3994
f 3357 3355 4361
f 5345 4976 7646
f 7646 4976 3994
f 4976 696 3994
f 696 4361 3994
f 5345 694 4976
f 3357 3002 695
f 3002 3357 3996
f 3996 3357 4361
f 4361 696 3996
f 697 4011 7647
f 7647 4011 4009
f 4011 4989 4009
f 4991 4989 4011
f 4991 5957 4989
f 5959 5957 4991
f 5959 6949 5957
f 6951 6949 5959
f 6951 698 6949
f 6949 698 7648
f 699 3017 7649
f 7649 3017 3015
f 7647 3015 3017
f 7647 3017 697
f 25 7648 698
f 25 698 27
f 27 700 25
f 25 700 7650
f 701 7649 7651
f 701 699 7649
f 7650 702 7652
f 700 702 7650
f 703 7651 7653
f 703 701 7651
f 7652 704 7654
f 702 704 7652
f 705 7653 7655
f 705 703 7653
f 7654 706 7656
f 704 706 7654
f 707 7655 7657
f 707 705 7655
f 706 1041 1381
f 7658 706 1381
f 7656 706 7658
f 1041 708 1381
f 709 2019 7659
f 7659 2019 2017
f 7657 2017 2019
f 7657 2019 707
f 1381 1039 7658
f 1381 708 1039
f 708 7660 1039
f 708 710 7660
f 711 7659 7661
f 711 709 7659
f 7660 712 7662
f 710 712 7660
f 713 997 1317
f 7663 1317 997
f 711 7663 997
f 7661 7663 711
f 712 2075 2405
f 7664 712 2405
f 7662 712 7664
f 2075 714 2405
f 995 7665 1317
f 7665 713 1317
f 7665 715 713
f 1317 7663 995
f 2405 2073 7664
f 2405 714 2073
f 714 7666 2073
f 714 716 7666
f 717 7665 7667
f 717 715 7665
f 7666 718 7668
f 716 718 7666
f 719 7667 7669
f 719 717 7667
f 7668 720 7670
f 718 720 7668
f 7669 996 719
f 719 996 998
f 721 998 996
f 721 996 7671
f 2076 722 7672
f 2076 7672 2074
f 2074 7670 2076
f 2076 7670 720
f 7671 2018 721
f 721 2018 2020
f 723 2020 2018
f 723 2018 7673
f 28 724 7674
f 28 7674 26
f 1040 28 26
f 1040 1042 28
f 1040 7672 1042
f 1042 7672 722
f 7673 3016 723
f 723 3016 3018
f 4010 3018 3016
f 4010 4012 3018
f 4990 4012 4010
f 4990 4992 4012
f 5958 4992 4990
f 5958 5960 4992
f 6950 5960 5958
f 6950 6952 5960
f 6950 7674 6952
f 6952 7674 724
f 342 41 7675
f 1362 1055 342
f 342 1055 41
f 2374 2089 1362
f 1362 2089 1055
f 2374 7676 2089
f 3322 3031 7677
f 4326 4025 3322
f 3322 4025 3031
f 5318 5005 4326
f 4326 5005 4025
f 6292 5973 5318
f 5318 5973 5005
f 725 6967 6292
f 6967 5973 6292
f 6967 6965 5973
f 43 342 7675
f 6965 43 7675
f 6967 43 6965
f 342 43 1057
f 342 1057 1362
f 1362 1057 2091
f 1362 2091 2374
f 3093 7676 2374
f 2091 3093 2374
f 3095 3093 2091
f 3095 4103 3093
f 4105 4103 3095
f 4105 726 4103
f 4103 726 7678
f 2316 2033 7679
f 3033 3322 7677
f 3033 7677 2033
f 727 3033 2033
f 2316 727 2033
f 3322 3033 4027
f 3322 4027 4326
f 4326 4027 5007
f 4326 5007 5318
f 5318 5007 5975
f 5318 5975 6292
f 725 6292 5975
f 5085 7678 726
f 5085 726 5087
f 5087 728 5085
f 5085 728 7680
f 7681 2318 7679
f 7679 2318 2316
f 727 2316 2318
f 727 2318 729
f 7680 730 7682
f 728 730 7680
f 7683 2320 7681
f 7681 2320 2318
f 729 2318 2320
f 729 2320 731
f 6049 7682 730
f 6049 730 6051
f 7376 7033 732
f 7033 6051 732
f 7033 6049 6051
f 7376 7684 7033
f 2034 2320 7683
f 3034 731 3338
f 3338 731 7685
f 731 2320 7685
f 2320 2034 7685
f 733 3034 3338
f 7035 7376 732
f 734 434 95
f 734 95 7684
f 7035 734 7684
f 7376 7035 7684
f 434 7686 95
f 3032 3338 7685
f 3338 3032 733
f 3032 4028 733
f 3032 4026 4028
f 735 4028 4026
f 735 4026 7687
f 97 434 734
f 97 736 434
f 736 7686 434
f 736 7688 7686
f 7687 5006 735
f 735 5006 5008
f 737 5008 5006
f 737 5006 7689
f 7688 738 7690
f 736 738 7688
f 7689 5974 737
f 737 5974 5976
f 739 5976 5974
f 739 5974 7691
f 7690 740 7692
f 738 740 7690
f 6968 739 7300
f 739 7693 7300
f 739 7691 7693
f 741 6968 7300
f 98 742 7694
f 98 7694 96
f 96 7692 98
f 98 7692 740
f 6966 7300 7693
f 741 7300 6966
f 7695 741 6966
f 743 741 7695
f 7036 744 7696
f 7036 7696 7034
f 7034 7694 7036
f 7036 7694 742
f 745 7695 7697
f 745 743 7695
f 6052 746 7698
f 6052 7698 6050
f 6050 7696 6052
f 6052 7696 744
f 7697 42 745
f 745 42 44
f 747 44 42
f 747 42 7699
f 5088 748 7700
f 5088 7700 5086
f 5086 7698 5088
f 5088 7698 746
f 7699 1056 747
f 747 1056 1058
f 2090 1058 1056
f 2090 2092 1058
f 3094 2092 2090
f 3094 3096 2092
f 4104 3096 3094
f 4104 4106 3096
f 4104 7700 4106
f 4106 7700 748
f 749 3215 3539
f 3539 3215 4545
f 4545 3215 4225
f 4225 750 4545
f 751 2205 2511
f 749 3539 2205
f 2205 3539 2511
f 3539 3213 2511
f 3213 7701 2511
f 4545 4223 3213
f 4545 3213 3539
f 750 5217 5537
f 750 5537 7702
f 4545 750 7702
f 4223 4545 7702
f 5217 752 5537
f 2513 753 2511
f 2511 753 751
f 2511 7701 7703
f 2511 7703 2513
f 5537 5215 7702
f 752 6197 6529
f 752 6529 7704
f 5537 752 7704
f 5215 5537 7704
f 6197 754 6529
f 2515 755 2513
f 2513 755 753
f 2513 7703 7705
f 2513 7705 2515
f 6531 7706 7704
f 6531 7704 6529
f 7191 7511 754
f 7511 6529 754
f 7511 6531 6529
f 7191 756 7511
f 2517 757 2515
f 2515 757 755
f 2515 7705 7707
f 2515 7707 2517
f 6533 7708 7706
f 6533 7706 6531
f 6531 7513 6533
f 6531 7511 7513
f 7511 756 7513
f 7513 756 758
f 2519 759 2517
f 2517 759 757
f 2517 7707 3214
f 3549 2517 3214
f 2519 2517 3549
f 4224 4555 3549
f 4224 3549 3214
f 5216 5545 4555
f 5216 4555 4224
f 5545 5216 7708
f 6533 5545 7708
f 6535 5545 6533
f 6533 7515 6535
f 6533 7513 7515
f 7513 758 7515
f 7515 758 760
f 2521 761 2519
f 2519 761 759
f 2519 3551 2521
f 2519 3549 3551
f 3549 4557 3551
f 3549 4555 4557
f 4555 5547 4557
f 4555 5545 5547
f 5545 6537 5547
f 5545 6535 6537
f 762 6537 7192
f 6537 7515 7192
f 6537 6535 7515
f 7515 760 7192
f 2521 2206 761
f 2206 2521 3216
f 3216 2521 3551
f 3216 3551 4226
f 4226 3551 4557
f 4226 4557 5218
f 5218 4557 5547
f 5218 5547 6198
f 6198 5547 6537
f 6537 762 6198
f 763 59 335
f 335 59 1353
f 1353 59 1073
f 1353 1073 2365
f 2365 1073 2107
f 2365 2107 3395
f 3395 2107 3111
f 3395 3111 7709
f 3111 4119 7709
f 3111 4121 4119
f 4121 5101 4119
f 5103 5101 4121
f 5103 6065 5101
f 6067 6065 5103
f 6067 7049 6065
f 7051 7049 6067
f 7710 7049 415
f 7049 113 415
f 7049 7051 113
f 113 764 415
f 765 5991 6283
f 6283 5991 7711
f 5991 6981 7711
f 5991 6983 6981
f 6983 763 335
f 57 6983 335
f 6981 6983 57
f 1353 1071 57
f 1353 57 335
f 2365 2105 1071
f 2365 1071 1353
f 3395 3109 2105
f 3395 2105 2365
f 3395 7709 3109
f 415 111 7710
f 764 1109 1437
f 764 1437 7712
f 415 764 7712
f 111 415 7712
f 1109 766 1437
f 767 5023 5313
f 765 6283 5023
f 5023 6283 5313
f 6283 5989 5313
f 5989 7713 5313
f 6283 7711 5989
f 1437 1107 7712
f 766 2143 2457
f 766 2457 7714
f 1437 766 7714
f 1107 1437 7714
f 2143 768 2457
f 5021 7715 5313
f 7715 767 5313
f 7715 769 767
f 5313 7713 5021
f 2457 2141 7714
f 768 3153 3489
f 768 3489 7716
f 2457 768 7716
f 2141 2457 7716
f 3153 770 3489
f 771 4043 7717
f 7717 4043 4041
f 7715 4041 4043
f 7715 4043 769
f 3489 3151 7716
f 3489 770 3151
f 770 7718 3151
f 770 772 7718
f 773 7717 7719
f 773 771 7717
f 4161 7718 772
f 4161 772 4163
f 4163 774 4161
f 4161 774 7720
f 775 7719 7721
f 775 773 7719
f 774 5151 5493
f 7722 774 5493
f 7720 774 7722
f 5151 776 5493
f 777 7721 7723
f 777 775 7721
f 5493 5147 7722
f 5493 776 5147
f 776 7724 5147
f 776 778 7724
f 7723 4042 777
f 777 4042 4044
f 779 4044 4042
f 779 4042 7725
f 7724 780 7726
f 778 780 7724
f 7725 5022 779
f 779 5022 5024
f 781 5024 5022
f 781 5022 7727
f 7726 782 7728
f 780 782 7726
f 7727 5990 781
f 781 5990 5992
f 783 5992 5990
f 783 5990 7729
f 5148 5501 7730
f 5148 7728 5501
f 7728 784 5501
f 7728 782 784
f 785 7729 7731
f 785 783 7729
f 5501 5149 7730
f 5501 784 5149
f 784 7732 5149
f 784 786 7732
f 7731 6982 785
f 785 6982 6984
f 787 6984 6982
f 787 6982 7733
f 5150 5507 7734
f 5150 7732 5507
f 7732 788 5507
f 7732 786 788
f 60 787 372
f 787 7735 372
f 787 7733 7735
f 789 60 372
f 5511 7736 7734
f 5511 7734 5507
f 5507 788 5511
f 5511 788 790
f 58 372 7735
f 1074 789 1398
f 1398 789 7737
f 789 372 7737
f 372 58 7737
f 791 1074 1398
f 7736 5511 5152
f 792 7736 5152
f 7738 7736 792
f 5511 790 5152
f 1072 1398 7737
f 791 1398 1072
f 7739 791 1072
f 793 791 7739
f 4164 794 7740
f 4164 7740 4162
f 4162 7738 4164
f 4164 7738 792
f 7739 2106 793
f 793 2106 2108
f 795 2108 2106
f 795 2106 7741
f 1110 796 7742
f 1110 7742 1108
f 2142 1110 1108
f 2142 2144 1110
f 3152 2144 2142
f 3152 3154 2144
f 3152 7740 3154
f 3154 7740 794
f 7741 3110 795
f 795 3110 3112
f 4120 3112 3110
f 4120 4122 3112
f 5102 4122 4120
f 5102 5104 4122
f 6066 5104 5102
f 6066 6068 5104
f 7050 6068 6066
f 7050 7052 6068
f 112 7052 7050
f 112 114 7052
f 112 7742 114
f 114 7742 796
f 797 197 7743
f 7743 197 195
f 197 1195 195
f 1197 1195 197
f 1197 2219 1195
f 2221 2219 1197
f 2221 3229 2219
f 3231 3229 2221
f 3231 4239 3229
f 4241 4239 3231
f 4241 5231 4239
f 5233 5231 4241
f 5233 798 5231
f 5231 798 7744
f 799 7131 7745
f 7745 7131 7127
f 7743 7127 7131
f 7743 7131 797
f 6211 7744 798
f 6211 798 6213
f 6213 800 6211
f 6211 800 7746
f 801 7745 7747
f 801 799 7745
f 7205 7746 800
f 7205 800 7207
f 7207 802 7205
f 7205 802 7748
f 803 7747 7749
f 803 801 7747
f 7748 804 7750
f 802 804 7748
f 805 7749 7751
f 805 803 7749
f 7750 806 7752
f 804 806 7750
f 807 7751 7753
f 807 805 7751
f 7752 808 7754
f 806 808 7752
f 809 6143 6451
f 7755 6451 6143
f 807 7755 6143
f 7753 7755 807
f 7208 810 7516
f 7516 7756 7208
f 7756 808 7208
f 7756 7754 808
f 6451 6144 809
f 811 6144 6451
f 7755 811 6451
f 7757 811 7755
f 812 7518 7516
f 812 7516 810
f 7756 7516 7758
f 7758 7516 7518
f 7439 813 7128
f 813 7757 7128
f 813 811 7757
f 7759 7439 7128
f 6214 814 6540
f 7518 812 6214
f 7518 6214 6540
f 7206 7518 6540
f 7760 7206 6540
f 7758 7518 7206
f 7439 7132 813
f 7759 196 7439
f 196 7132 7439
f 196 198 7132
f 815 198 196
f 815 196 7761
f 4242 816 4562
f 4242 4562 7762
f 5232 4242 7762
f 5234 4242 5232
f 814 5234 6540
f 5234 6212 6540
f 5234 5232 6212
f 7760 6540 6212
f 7761 1196 815
f 815 1196 1198
f 2220 1198 1196
f 2220 2222 1198
f 3230 2222 2220
f 3230 3232 2222
f 816 3232 4562
f 3232 4240 4562
f 3232 3230 4240
f 7762 4562 4240
f 817 3127 3375
f 3375 3127 4381
f 4381 3127 4137
f 4381 4137 5367
f 5367 4137 5119
f 5367 5119 6343
f 6343 5119 6083
f 6343 6083 7335
f 7335 6083 7067
f 7335 7067 397
f 397 7067 129
f 397 129 1419
f 1419 129 1125
f 1125 818 1419
f 819 2123 2349
f 817 3375 2123
f 2123 3375 2349
f 3375 3125 2349
f 3125 7763 2349
f 4381 4135 3125
f 4381 3125 3375
f 5367 5117 4135
f 5367 4135 4381
f 6343 6081 5117
f 6343 5117 5367
f 7335 7065 6081
f 7335 6081 6343
f 397 127 7065
f 397 7065 7335
f 1419 1123 127
f 1419 127 397
f 1123 1419 818
f 2159 1123 818
f 2157 1123 2159
f 7764 2157 3475
f 2157 3169 3475
f 2157 2159 3169
f 3169 820 3475
f 821 1089 1341
f 819 2349 1089
f 1089 2349 1341
f 2349 2121 1341
f 2121 7765 1341
f 2349 7763 2121
f 3475 3167 7764
f 820 4179 4483
f 820 4483 7766
f 3475 820 7766
f 3167 3475 7766
f 4179 822 4483
f 823 75 7767
f 7767 75 73
f 75 821 1341
f 1087 75 1341
f 73 75 1087
f 1341 7765 1087
f 4483 4177 7766
f 822 5167 5477
f 822 5477 7768
f 4483 822 7768
f 4177 4483 7768
f 5167 824 5477
f 825 6999 7769
f 7769 6999 6997
f 7767 6997 6999
f 7767 6999 823
f 5479 7770 7768
f 5479 7768 5477
f 5477 824 5479
f 5479 824 826
f 827 6007 7771
f 7771 6007 6005
f 7769 6005 6007
f 7769 6007 825
f 5481 7772 7770
f 5481 7770 5479
f 5479 826 5481
f 5481 826 828
f 829 5039 7773
f 7773 5039 5037
f 7771 5037 5039
f 7771 5039 827
f 5483 7774 7772
f 5483 7772 5481
f 5481 828 5483
f 5483 828 830
f 831 7773 7775
f 831 829 7773
f 5485 7776 7774
f 5485 7774 5483
f 6145 6479 830
f 6479 5483 830
f 6479 5485 5483
f 6145 832 6479
f 4328 4057 7777
f 7775 4057 4328
f 833 7775 4328
f 831 7775 833
f 5487 7778 7776
f 5487 7776 5485
f 5485 6481 5487
f 5485 6479 6481
f 7133 7465 832
f 7465 6479 832
f 7465 6481 6479
f 7133 834 7465
f 3326 3045 7779
f 4059 4328 7777
f 4059 7777 3045
f 835 4059 3045
f 3326 835 3045
f 833 4328 4059
f 5487 5165 7778
f 6481 6141 5165
f 6481 5165 5487
f 7467 7780 6141
f 6481 7467 6141
f 7465 7467 6481
f 199 513 834
f 513 7465 834
f 513 7467 7465
f 199 836 513
f 7781 3332 7779
f 7779 3332 3326
f 835 3326 3332
f 835 3332 837
f 7467 7129 7780
f 515 7782 7129
f 7467 515 7129
f 513 515 7467
f 513 836 515
f 515 836 838
f 3046 3332 7781
f 837 3332 3046
f 7783 837 3046
f 839 837 7783
f 517 7784 7782
f 517 7782 515
f 515 838 517
f 517 838 840
f 4060 839 4342
f 839 7785 4342
f 839 7783 7785
f 841 4060 4342
f 519 7786 7784
f 519 7784 517
f 517 840 519
f 519 840 842
f 4058 4342 7785
f 841 4342 4058
f 7787 841 4058
f 843 841 7787
f 521 7788 7786
f 521 7786 519
f 519 842 521
f 521 842 844
f 7787 5038 843
f 843 5038 5040
f 6006 5040 5038
f 6006 6008 5040
f 6998 6008 6006
f 6998 7000 6008
f 6998 7789 364
f 76 6998 364
f 7000 6998 76
f 845 76 364
f 523 7790 7788
f 523 7788 521
f 521 844 523
f 523 844 846
f 74 364 7789
f 364 74 845
f 74 1090 845
f 74 1088 1090
f 1088 7791 2408
f 2124 1088 2408
f 1090 1088 2124
f 847 2124 2408
f 1126 848 1456
f 1126 1456 7792
f 2158 1126 7792
f 2160 1126 2158
f 3168 2160 2158
f 3168 3170 2160
f 849 3170 3168
f 849 3168 7793
f 7130 7479 7794
f 523 200 7790
f 7790 200 7130
f 200 850 7130
f 850 7479 7130
f 523 846 200
f 7795 2410 7791
f 7791 2410 2408
f 3440 3128 847
f 2408 3440 847
f 2410 3440 2408
f 851 3128 3440
f 7068 852 7390
f 7068 7390 7796
f 128 7068 7796
f 130 7068 128
f 848 130 1456
f 130 1124 1456
f 130 128 1124
f 7792 1456 1124
f 7793 4178 849
f 849 4178 4180
f 5166 4180 4178
f 5166 5168 4180
f 6142 5168 5166
f 6142 6146 5168
f 7479 7134 7794
f 7134 6142 7794
f 7134 6146 6142
f 7479 850 7134
f 2122 2410 7795
f 7797 3442 2122
f 3442 2410 2122
f 3442 3440 2410
f 851 3440 3442
f 851 3442 853
f 6084 854 6414
f 7390 852 6084
f 6414 7390 6084
f 7394 7390 6414
f 7796 7390 7798
f 7798 7390 7394
f 7799 3444 7797
f 7797 3444 3442
f 4448 4138 853
f 3442 4448 853
f 3444 4448 3442
f 4138 4448 5430
f 4138 5430 5120
f 6414 854 5120
f 5430 6414 5120
f 6418 6414 5430
f 7066 7394 7800
f 7394 6418 7800
f 7394 6414 6418
f 7798 7394 7066
f 3126 3444 7799
f 7801 4450 3126
f 4450 3444 3126
f 4450 4448 3444
f 5434 4448 4450
f 5430 4448 5434
f 6422 5430 5434
f 6418 5430 6422
f 7800 6418 7802
f 7802 6418 6422
f 4136 4450 7801
f 7803 5436 4136
f 5436 4450 4136
f 5436 5434 4450
f 6426 5434 5436
f 6422 5434 6426
f 7802 6422 7804
f 7804 6422 6426
f 5118 5436 7803
f 6082 6426 5118
f 5118 6426 5436
f 7804 6426 6082
f 5448 5187 7805
f 6442 6167 5448
f 5448 6167 5187
f 6442 7806 6167
f 2422 2175 7807
f 855 3187 2422
f 3187 2175 2422
f 3187 3185 2175
f 3187 4195 3185
f 4197 4195 3187
f 5189 5448 7805
f 4195 5189 7805
f 4197 5189 4195
f 5448 5189 6169
f 5448 6169 6442
f 7159 7806 6442
f 6169 7159 6442
f 7161 7159 6169
f 7161 225 7159
f 229 225 7161
f 229 1223 225
f 1227 1223 229
f 1227 2245 1223
f 2249 2245 1227
f 3542 3253 856
f 3253 2249 856
f 3253 2245 2249
f 3542 7808 3253
f 378 145 7809
f 857 1145 378
f 1145 145 378
f 1145 1141 145
f 2177 2422 7807
f 1141 2177 7807
f 1145 2177 1141
f 855 2422 2177
f 3257 3542 856
f 858 4550 4263
f 858 4263 7808
f 3257 858 7808
f 3542 3257 7808
f 4550 7810 4263
f 7316 7083 7811
f 149 378 7809
f 149 7809 7083
f 859 149 7083
f 7316 859 7083
f 857 378 149
f 860 4552 4550
f 860 4550 858
f 7810 4550 7812
f 7812 4550 4552
f 6324 6099 7813
f 7087 7316 7811
f 7087 7811 6099
f 861 7087 6099
f 6324 861 6099
f 859 7316 7087
f 862 4554 4552
f 862 4552 860
f 7812 4552 7814
f 7814 4552 4554
f 5350 5135 7815
f 5135 5350 7813
f 5350 6324 7813
f 5350 6326 6324
f 861 6324 6326
f 861 6326 863
f 3258 864 3550
f 4554 862 3258
f 4554 3258 3550
f 4264 4554 3550
f 7816 4264 3550
f 7814 4554 4264
f 4366 4151 7817
f 5137 5350 7815
f 5137 7815 4151
f 865 5137 4151
f 4366 865 4151
f 5350 5137 6101
f 5350 6101 6326
f 863 6326 6101
f 2250 866 2522
f 3550 864 2250
f 3550 2250 2522
f 3254 3550 2522
f 7818 3254 2522
f 7816 3550 3254
f 3362 3141 7819
f 4153 4366 7817
f 4153 7817 3141
f 867 4153 3141
f 3362 867 3141
f 865 4366 4153
f 1228 868 1508
f 2522 866 1228
f 2522 1228 1508
f 2246 2522 1508
f 7820 2246 1508
f 7818 2522 2246
f 7821 3364 7819
f 7819 3364 3362
f 867 3362 3364
f 867 3364 869
f 230 870 7822
f 230 7822 226
f 868 230 1508
f 230 1224 1508
f 230 226 1224
f 7820 1508 1224
f 3364 7821 3143
f 7821 871 3143
f 7821 7823 871
f 869 3364 3143
f 7162 872 7444
f 7444 7824 7162
f 7824 870 7162
f 7824 7822 870
f 873 7823 7825
f 873 871 7823
f 7163 7444 872
f 7163 874 7444
f 874 7824 7444
f 874 7826 7824
f 3144 873 3372
f 873 7827 3372
f 873 7825 7827
f 875 3144 3372
f 7826 876 7828
f 874 876 7826
f 3142 3372 7827
f 4154 875 4382
f 4382 875 7829
f 875 3372 7829
f 3372 3142 7829
f 877 4154 4382
f 876 231 495
f 7830 876 495
f 7828 876 7830
f 231 878 495
f 4152 4382 7829
f 4382 4152 877
f 4152 5138 877
f 4152 5136 5138
f 5136 7831 6348
f 6102 5136 6348
f 5138 5136 6102
f 6102 6348 7342
f 6102 7342 7088
f 879 7088 7342
f 497 7832 7830
f 497 7830 495
f 495 878 497
f 497 878 880
f 6100 6348 7831
f 7084 7342 6100
f 6100 7342 6348
f 7342 7084 879
f 7084 150 879
f 7084 146 150
f 146 7833 1424
f 1146 146 1424
f 150 146 1146
f 881 1146 1424
f 497 227 7832
f 497 880 227
f 880 7834 227
f 880 882 7834
f 1142 1424 7833
f 881 1424 1142
f 7835 881 1142
f 883 881 7835
f 7834 884 7836
f 882 884 7834
f 885 7835 7837
f 885 883 7835
f 7836 886 7838
f 884 886 7836
f 1436 1143 7839
f 7837 1143 1436
f 887 7837 1436
f 885 7837 887
f 7838 888 7840
f 886 888 7838
f 7841 1438 7839
f 7839 1438 1436
f 887 1436 1438
f 887 1438 889
f 1225 7840 888
f 1225 888 1229
f 1229 890 1225
f 1225 890 7842
f 7843 1440 7841
f 7841 1440 1438
f 889 1438 1440
f 889 1440 891
f 7842 892 7844
f 890 892 7842
f 426 147 7845
f 1147 1440 7843
f 1147 7843 147
f 893 1147 147
f 426 893 147
f 891 1440 1147
f 2247 7844 892
f 2247 892 2251
f 2251 894 2247
f 2247 894 7846
f 426 7845 151
f 7845 895 151
f 7845 7847 895
f 893 426 151
f 3255 7846 894
f 3255 894 3259
f 7848 3255 4571
f 3255 4267 4571
f 3255 3259 4267
f 4267 896 4571
f 897 7215 7529
f 7529 7215 571
f 571 7215 275
f 571 275 1579
f 1579 275 1265
f 1265 898 1579
f 7374 7085 7849
f 7847 7085 7374
f 899 7847 7374
f 895 7847 899
f 4571 4265 7848
f 4265 4571 896
f 5255 4265 896
f 5253 4265 5255
f 5255 6225 5253
f 6227 6225 5255
f 6227 897 7529
f 7213 6227 7529
f 6225 6227 7213
f 571 273 7213
f 571 7213 7529
f 1579 1263 273
f 1579 273 571
f 1263 1579 898
f 2283 1263 898
f 2281 1263 2283
f 2283 3287 2281
f 3289 3287 2283
f 3289 900 3287
f 3287 900 7850
f 7374 7849 7089
f 7849 901 7089
f 7849 7851 901
f 899 7374 7089
f 4295 7850 900
f 4295 900 4297
f 4297 5285 4295
f 5287 5285 4297
f 5287 6257 5285
f 6259 6257 5287
f 7580 7245 902
f 7245 6259 902
f 7245 6257 6259
f 7580 7852 7245
f 903 6103 6393
f 7853 6393 6103
f 901 7853 6103
f 7851 7853 901
f 7247 7580 902
f 904 626 307
f 904 307 7852
f 7247 904 7852
f 7580 7247 7852
f 626 7854 307
f 6397 905 6393
f 6393 905 903
f 6393 7853 7855
f 6393 7855 6397
f 309 626 904
f 309 906 626
f 906 7854 626
f 906 7856 7854
f 6401 907 6397
f 6397 907 905
f 6397 7855 7857
f 6397 7857 6401
f 1293 7856 906
f 1293 906 1295
f 1295 908 1293
f 1293 908 7858
f 6407 909 6401
f 6401 909 907
f 6401 7857 7859
f 6401 7859 6407
f 7858 910 7860
f 908 910 7858
f 6411 911 6407
f 6407 911 909
f 6407 7859 7861
f 6407 7861 6411
f 7860 912 7862
f 910 912 7860
f 6411 6104 911
f 913 6104 6411
f 7861 913 6411
f 7863 913 7861
f 1294 1641 7864
f 1294 7862 1641
f 7862 914 1641
f 7862 912 914
f 7399 915 7086
f 915 7863 7086
f 915 913 7863
f 7865 7399 7086
f 1264 1597 7866
f 2282 2601 1597
f 2282 1597 1264
f 3288 3629 2601
f 3288 2601 2282
f 4296 4633 3629
f 4296 3629 3288
f 7867 4633 4296
f 1643 7868 7864
f 1643 7864 1641
f 1641 914 1643
f 1643 914 916
f 7403 917 7399
f 7399 917 915
f 7399 7865 148
f 457 7399 148
f 7403 7399 457
f 7869 457 148
f 274 591 7870
f 591 274 7866
f 1597 591 7866
f 1599 591 1597
f 918 1599 2284
f 1599 2601 2284
f 1599 1597 2601
f 2284 2601 3290
f 3290 2601 3629
f 3290 3629 4298
f 4298 3629 4633
f 7867 5286 4633
f 5286 4298 4633
f 5286 5288 4298
f 6258 6613 919
f 5288 6258 919
f 5286 6258 5288
f 7246 7597 6613
f 7246 6613 6258
f 308 641 7597
f 308 7597 7246
f 1643 1296 7868
f 7868 1296 308
f 1296 920 308
f 920 641 308
f 1643 916 1296
f 7407 921 7403
f 7403 921 917
f 7403 461 7407
f 7403 457 461
f 457 7869 1144
f 1477 457 1144
f 461 457 1477
f 2176 2495 1477
f 2176 1477 1144
f 3186 3525 2495
f 3186 2495 2176
f 4196 4529 3525
f 4196 3525 3186
f 7871 4529 4196
f 593 7872 7870
f 593 7870 591
f 922 593 1266
f 593 1599 1266
f 593 591 1599
f 1599 918 1266
f 6613 6260 919
f 6260 6613 7248
f 7248 6613 7597
f 7248 7597 310
f 310 7597 641
f 641 920 310
f 7407 7090 921
f 7090 7407 923
f 7407 465 923
f 7407 461 465
f 461 1479 465
f 461 1477 1479
f 924 1479 2178
f 1479 2495 2178
f 1479 1477 2495
f 2178 2495 3188
f 3188 2495 3525
f 3188 3525 4198
f 4198 3525 4529
f 7871 5188 4529
f 5188 4198 4529
f 5188 5190 4198
f 6168 6509 925
f 5190 6168 925
f 5188 6168 5190
f 7873 6509 6168
f 7214 7553 7874
f 593 276 7872
f 7872 276 7214
f 276 926 7214
f 926 7553 7214
f 593 922 276
f 465 152 923
f 152 465 1148
f 1148 465 1479
f 1479 924 1148
f 6509 6170 925
f 7873 7160 6509
f 7160 6170 6509
f 7160 7164 6170
f 228 539 927
f 7164 228 927
f 7160 228 7164
f 7875 539 228
f 7555 7876 7874
f 7555 7874 7553
f 7553 926 7555
f 7555 926 928
f 539 232 927
f 1553 929 1226
f 1226 929 7875
f 929 232 7875
f 232 539 7875
f 7877 1553 1226
f 6226 6577 7878
f 6577 6226 7876
f 7555 6577 7876
f 7557 6577 7555
f 7555 928 7557
f 7557 928 930
f 1553 1230 929
f 2565 931 2248
f 2248 931 7877
f 931 1230 7877
f 1230 1553 7877
f 3256 3595 2565
f 3256 2565 2248
f 4266 4601 3595
f 4266 3595 3256
f 5254 5589 4601
f 5254 4601 4266
f 5589 5254 7878
f 6577 5589 7878
f 6579 5589 6577
f 932 6579 7216
f 6579 7557 7216
f 6579 6577 7557
f 7557 930 7216
f 2565 2252 931
f 2252 2565 3260
f 3260 2565 3595
f 3260 3595 4268
f 4268 3595 4601
f 4268 4601 933
f 4601 5591 933
f 4601 5589 5591
f 5589 6581 5591
f 5589 6579 6581
f 6579 932 6581
f 6581 932 934
f 5591 5256 933
f 5256 5591 6228
f 6228 5591 6581
f 6581 934 6228
f 5552 5269 7879
f 935 6243 5552
f 6243 5269 5552
f 6243 6241 5269
f 6243 7229 6241
f 7231 7229 6243
f 7231 291 7229
f 293 291 7231
f 293 1283 291
f 1285 1283 293
f 1285 2301 1283
f 2303 2301 1285
f 2303 3311 2301
f 3313 3311 2303
f 3313 936 3311
f 3311 936 7880
f 4566 4281 7881
f 5271 5552 7879
f 5271 7879 4281
f 937 5271 4281
f 4566 937 4281
f 935 5552 5271
f 4315 7880 936
f 4315 936 4317
f 5598 5301 938
f 5301 4317 938
f 5301 4315 4317
f 5598 7882 5301
f 3562 3273 7883
f 3273 3562 7881
f 3562 4566 7881
f 3562 4568 4566
f 937 4566 4568
f 937 4568 939
f 5303 5598 938
f 6273 7882 5598
f 5303 6273 5598
f 6275 6273 5303
f 6275 7261 6273
f 7263 7261 6275
f 616 323 940
f 323 7263 940
f 323 7261 7263
f 616 7884 323
f 2534 2267 7885
f 2267 2534 7883
f 2534 3562 7883
f 2534 3564 3562
f 4570 3562 3564
f 4568 3562 4570
f 939 4568 4570
f 939 4570 941
f 325 616 940
f 942 1624 1309
f 942 1309 7884
f 325 942 7884
f 616 325 7884
f 1624 7886 1309
f 7887 2536 7885
f 7885 2536 2534
f 3566 2534 2536
f 3564 2534 3566
f 3566 943 4283
f 4570 3566 4283
f 3564 3566 4570
f 941 4570 4283
f 944 1626 1624
f 944 1624 942
f 7886 1624 7888
f 7888 1624 1626
f 7889 2538 7887
f 7887 2538 2536
f 3568 2536 2538
f 3566 2536 3568
f 943 3566 3568
f 943 3568 945
f 946 1628 1626
f 946 1626 944
f 7888 1626 7890
f 7890 1626 1628
f 1448 1171 7891
f 2466 2193 1448
f 1448 2193 1171
f 3496 3203 2466
f 2466 3203 2193
f 4504 4213 3496
f 3496 4213 3203
f 5494 5205 4504
f 4504 5205 4213
f 6488 6187 5494
f 5494 6187 5205
f 7472 7181 6488
f 6488 7181 6187
f 518 247 7472
f 7472 247 7181
f 1530 1245 518
f 518 1245 247
f 1245 1530 7889
f 1530 2538 7889
f 1530 2540 2538
f 2540 947 3275
f 3568 2540 3275
f 2538 2540 3568
f 945 3568 3275
f 326 948 624
f 1628 946 326
f 1628 326 624
f 1310 1628 624
f 7892 1310 624
f 7890 1628 1310
f 436 175 7893
f 175 436 7891
f 436 1448 7891
f 436 1450 1448
f 2468 1448 1450
f 2466 1448 2468
f 3498 2466 2468
f 3496 2466 3498
f 4506 3496 3498
f 4504 3496 4506
f 5496 4504 4506
f 5494 4504 5496
f 6490 5494 5496
f 6488 5494 6490
f 7474 6488 6490
f 7472 6488 7474
f 520 7472 7474
f 518 7472 520
f 1532 518 520
f 1530 518 1532
f 1532 949 2269
f 2540 1532 2269
f 1530 1532 2540
f 947 2540 2269
f 950 628 624
f 950 624 948
f 7892 624 7894
f 7894 624 628
f 7382 7111 7895
f 177 436 7893
f 177 7893 7111
f 951 177 7111
f 7382 951 7111
f 436 177 1173
f 436 1173 1450
f 1450 1173 2195
f 1450 2195 2468
f 2468 2195 3205
f 2468 3205 3498
f 3498 3205 952
f 4508 3498 952
f 4506 3498 4508
f 5498 4506 4508
f 5496 4506 5498
f 6492 5496 5498
f 6490 5496 6492
f 7476 6490 6492
f 7474 6490 7476
f 7476 953 249
f 520 7476 249
f 7474 7476 520
f 520 249 1247
f 520 1247 1532
f 949 1532 1247
f 954 630 628
f 954 628 950
f 7894 628 7896
f 7896 628 630
f 6404 6127 7897
f 7113 7382 7895
f 7113 7895 6127
f 955 7113 6127
f 6404 955 6127
f 951 7382 7113
f 4215 4508 952
f 4508 4215 5207
f 4508 5207 5498
f 5498 5207 6189
f 5498 6189 6492
f 6492 6189 7183
f 6492 7183 7476
f 953 7476 7183
f 7264 956 7588
f 630 954 7264
f 630 7264 7588
f 324 630 7588
f 7898 324 7588
f 7896 630 324
f 7899 6408 7897
f 7897 6408 6404
f 955 6404 6408
f 955 6408 957
f 5304 958 5616
f 5304 5616 6606
f 5304 6606 6276
f 7588 956 6276
f 7588 6276 6606
f 7262 7588 6606
f 7900 7262 6606
f 7898 7588 7262
f 7901 6412 7899
f 7899 6412 6408
f 957 6408 6412
f 957 6412 959
f 4318 960 4630
f 5616 958 4318
f 4630 5616 4318
f 5618 5616 4630
f 6274 6606 7902
f 6606 5618 7902
f 6606 5616 5618
f 7900 6606 6274
f 6128 6412 7901
f 959 6412 6128
f 7903 959 6128
f 961 959 7903
f 962 4632 4630
f 962 4630 960
f 5302 5618 7904
f 5618 4632 7904
f 5618 4630 4632
f 7902 5618 5302
f 963 7903 7905
f 963 961 7903
f 3314 964 3630
f 4632 962 3314
f 3630 4632 3314
f 4634 4632 3630
f 7904 4632 7906
f 7906 4632 4634
f 965 7905 7907
f 965 963 7905
f 966 3632 3630
f 966 3630 964
f 4316 4634 7908
f 4634 3632 7908
f 4634 3630 3632
f 7906 4634 4316
f 967 7907 7909
f 967 965 7907
f 968 3634 3632
f 968 3632 966
f 7908 3632 7910
f 7910 3632 3634
f 6432 6129 7911
f 7909 6129 6432
f 969 7909 6432
f 967 7909 969
f 7912 3312 3634
f 968 7912 3634
f 970 7912 968
f 7910 3634 3312
f 7913 6434 7911
f 7911 6434 6432
f 969 6432 6434
f 969 6434 971
f 2304 972 2610
f 2610 7914 2304
f 7914 970 2304
f 7914 7912 970
f 6130 6434 7913
f 971 6434 6130
f 7915 971 6130
f 973 971 7915
f 974 2612 2610
f 974 2610 972
f 7914 2610 7916
f 7916 2610 2612
f 7114 973 7420
f 973 7917 7420
f 973 7915 7917
f 975 7114 7420
f 976 2614 2612
f 976 2612 974
f 7916 2612 7918
f 7918 2612 2614
f 7112 7420 7917
f 178 975 474
f 474 975 7919
f 975 7420 7919
f 7420 7112 7919
f 977 178 474
f 978 2616 2614
f 978 2614 976
f 7918 2614 7920
f 7920 2614 2616
f 176 474 7919
f 474 176 977
f 176 1174 977
f 176 1172 1174
f 2194 1174 1172
f 2194 2196 1174
f 3204 2196 2194
f 3204 3206 2196
f 979 3206 3204
f 979 3204 7921
f 980 2618 2616
f 980 2616 978
f 7920 2616 7922
f 7922 2616 2618
f 7921 4214 979
f 979 4214 4216
f 981 4216 4214
f 981 4214 7923
f 982 2620 2618
f 982 2618 980
f 7922 2618 7924
f 7924 2618 2620
f 7923 5206 981
f 981 5206 5208
f 983 5208 5206
f 983 5206 7925
f 3276 984 7926
f 3276 7926 3274
f 4282 3276 3274
f 4282 4284 3276
f 5270 4284 4282
f 5270 5272 4284
f 5270 7927 6588
f 6244 5270 6588
f 5272 5270 6244
f 6244 6588 7568
f 6244 7568 7232
f 985 7232 7568
f 1286 986 1618
f 2620 982 1286
f 1618 2620 1286
f 2622 2620 1618
f 7924 2620 7928
f 7928 2620 2622
f 7925 6188 983
f 983 6188 6190
f 7182 6190 6188
f 7182 7184 6190
f 248 7184 7182
f 248 250 7184
f 1246 250 248
f 1246 1248 250
f 2268 1248 1246
f 2268 2270 1248
f 2268 7926 2270
f 2270 7926 984
f 6242 6588 7927
f 7230 7568 6242
f 6242 7568 6588
f 294 985 612
f 612 985 7929
f 985 7568 7929
f 7568 7230 7929
f 1618 986 294
f 612 1618 294
f 1620 1618 612
f 2624 1618 1620
f 2622 1618 2624
f 7928 2622 7930
f 7930 2622 2624
f 292 612 7929
f 1284 1620 292
f 292 1620 612
f 2302 2624 1284
f 1284 2624 1620
f 7930 2624 2302
