# Converted from NanoShaper .vert/.face
v -5.180000 7.885000 -16.786000
v -3.985000 7.885000 -16.786000
v -7.187000 7.885000 -16.286000
v -2.903000 7.885000 -16.286000
v -7.531000 7.885000 -15.786000
v -2.641000 7.885000 -15.786000
v -7.552000 7.885000 -15.286000
v -2.625000 7.885000 -15.286000
v -7.483000 7.885000 -14.786000
v -2.622000 7.885000 -14.786000
v -7.117000 7.885000 -14.286000
v -2.754000 7.885000 -14.286000
v -5.981000 7.885000 -13.786000
v -2.755000 7.885000 -13.786000
v -5.720000 7.885000 -13.286000
v -2.768000 7.885000 -13.286000
v -5.610000 7.885000 -12.786000
v -2.978000 7.885000 -12.786000
v -5.628000 7.885000 -12.286000
v -3.144000 7.885000 -12.286000
v -5.605000 7.885000 -11.786000
v -3.128000 7.885000 -11.786000
v -5.599000 7.885000 -11.286000
v -3.152000 7.885000 -11.286000
v -5.355000 7.885000 -10.786000
v -3.498000 7.885000 -10.786000
v -6.951000 7.885000 -8.786000
v -5.103000 7.885000 -8.786000
v -7.712000 7.885000 -8.286000
v -4.769000 7.885000 -8.286000
v -8.252000 7.885000 -7.786000
v -4.368000 7.885000 -7.786000
v -8.692000 7.885000 -7.286000
v -3.931000 7.885000 -7.286000
v -8.895000 7.885000 -6.786000
v -3.448000 7.885000 -6.786000
v -9.199000 7.885000 -6.286000
v -3.178000 7.885000 -6.286000
v -9.618000 7.885000 -5.786000
v -3.023000 7.885000 -5.786000
v -9.839000 7.885000 -5.286000
v -3.023000 7.885000 -5.286000
v -9.922000 7.885000 -4.786000
v -3.279000 7.885000 -4.786000
v -9.942000 7.885000 -4.286000
v -3.807000 7.885000 -4.286000
v -9.989000 7.885000 -3.786000
v -4.308000 7.885000 -3.786000
v -10.203000 7.885000 -3.286000
v -4.867000 7.885000 -3.286000
v -10.399000 7.885000 -2.786000
v -5.550000 7.885000 -2.786000
v -10.510000 7.885000 -2.286000
v -6.529000 7.885000 -2.286000
v -10.513000 7.885000 -1.786000
v -7.003000 7.885000 -1.786000
v -10.446000 7.885000 -1.286000
v -7.396000 7.885000 -1.286000
v -10.098000 7.885000 -0.786000
v -9.004000 7.885000 -0.786000
v -6.194000 11.885000 -17.286000
v -4.503000 11.885000 -17.286000
v -6.529000 11.885000 -16.786000
v -3.700000 11.885000 -16.786000
v -6.547000 11.885000 -16.286000
v -3.020000 11.885000 -16.286000
v -6.503000 11.885000 -15.786000
v -2.810000 11.885000 -15.786000
v -6.372000 11.885000 -15.286000
v -2.812000 11.885000 -15.286000
v -6.147000 11.885000 -14.786000
v -3.030000 11.885000 -14.786000
v -5.793000 11.885000 -14.286000
v -3.527000 11.885000 -14.286000
v -5.383000 11.885000 -13.786000
v -4.135000 11.885000 -13.786000
v -4.030000 11.885000 -10.286000
v -3.247000 11.885000 -10.286000
v -4.637000 11.885000 -9.786000
v -2.513000 11.885000 -9.786000
v -4.850000 11.885000 -9.286000
v -2.279000 11.885000 -9.286000
v -4.859000 11.885000 -8.786000
v -1.948000 11.885000 -8.786000
v -4.867000 11.885000 -8.286000
v -1.454000 11.885000 -8.286000
v -4.904000 11.885000 -7.786000
v -1.266000 11.885000 -7.786000
v -4.986000 11.885000 -7.286000
v -1.281000 11.885000 -7.286000
v -5.014000 11.885000 -6.786000
v -1.329000 11.885000 -6.786000
v -5.155000 11.885000 -6.286000
v -1.550000 11.885000 -6.286000
v -5.358000 11.885000 -5.786000
v -1.933000 11.885000 -5.786000
v -5.524000 11.885000 -5.286000
v -2.310000 11.885000 -5.286000
v -5.580000 11.885000 -4.786000
v -2.556000 11.885000 -4.786000
v -5.214000 11.885000 -4.286000
v -3.246000 11.885000 -4.286000
v -10.333000 7.885000 -3.022000
v -10.333000 7.885000 -1.036000
v -9.833000 7.885000 -5.312000
v -9.833000 7.885000 -0.652000
v -9.333000 7.885000 -6.103000
v -9.333000 7.885000 -0.634000
v -8.833000 7.885000 -6.980000
v -8.833000 7.885000 -0.894000
v -8.333000 7.885000 -7.697000
v -8.333000 7.885000 -1.014000
v -7.833000 7.885000 -8.203000
v -7.833000 7.885000 -1.042000
v -7.333000 7.885000 -16.146000
v -7.333000 7.885000 -14.494000
v -7.333000 7.885000 -8.590000
v -7.333000 7.885000 -1.350000
v -6.833000 7.885000 -16.462000
v -6.833000 7.885000 -14.153000
v -6.833000 7.885000 -8.819000
v -6.833000 7.885000 -2.020000
v -6.333000 7.885000 -16.500000
v -6.333000 7.885000 -14.031000
v -6.333000 7.885000 -8.978000
v -6.333000 7.885000 -2.404000
v -5.833000 7.885000 -16.572000
v -5.833000 7.885000 -13.560000
v -5.833000 7.885000 -9.129000
v -5.833000 7.885000 -2.669000
v -5.333000 7.885000 -16.701000
v -5.333000 7.885000 -10.757000
v -5.333000 7.885000 -9.015000
v -5.333000 7.885000 -2.907000
v -4.833000 7.885000 -16.953000
v -4.833000 7.885000 -10.447000
v -4.833000 7.885000 -8.359000
v -4.833000 7.885000 -3.308000
v -4.333000 7.885000 -16.949000
v -4.333000 7.885000 -10.540000
v -4.333000 7.885000 -7.738000
v -4.333000 7.885000 -3.763000
v -3.833000 7.885000 -16.692000
v -3.833000 7.885000 -10.617000
v -3.833000 7.885000 -7.186000
v -3.833000 7.885000 -4.256000
v -3.333000 7.885000 -16.550000
v -3.333000 7.885000 -10.946000
v -3.333000 7.885000 -6.610000
v -3.333000 7.885000 -4.723000
v -2.833000 7.885000 -16.207000
v -2.833000 7.885000 -13.076000
v -6.333000 11.885000 -17.149000
v -6.333000 11.885000 -15.163000
v -5.833000 11.885000 -17.471000
v -5.833000 11.885000 -14.336000
v -5.333000 11.885000 -17.492000
v -5.333000 11.885000 -13.754000
v -5.333000 11.885000 -5.851000
v -5.333000 11.885000 -4.332000
v -4.833000 11.885000 -17.460000
v -4.833000 11.885000 -13.626000
v -4.833000 11.885000 -9.355000
v -4.833000 11.885000 -4.219000
v -4.333000 11.885000 -17.134000
v -4.333000 11.885000 -13.714000
v -4.333000 11.885000 -10.129000
v -4.333000 11.885000 -4.175000
v -3.833000 11.885000 -16.839000
v -3.833000 11.885000 -13.962000
v -3.833000 11.885000 -10.328000
v -3.833000 11.885000 -4.190000
v -3.333000 11.885000 -16.603000
v -3.333000 11.885000 -14.481000
v -3.333000 11.885000 -10.305000
v -3.333000 11.885000 -4.263000
v -2.833000 11.885000 -15.889000
v -2.833000 11.885000 -15.198000
v -2.833000 11.885000 -10.099000
v -2.833000 11.885000 -4.498000
v -2.333000 11.885000 -9.439000
v -2.333000 11.885000 -5.237000
v -1.833000 11.885000 -8.682000
v -1.833000 11.885000 -5.917000
v -1.333000 11.885000 -8.043000
v -1.333000 11.885000 -6.764000
v -7.833000 8.366000 -14.786000
v -7.833000 9.460000 -14.786000
v -7.333000 7.770000 -14.786000
v -7.333000 10.114000 -14.786000
v -6.833000 7.566000 -14.786000
v -6.833000 10.730000 -14.786000
v -6.333000 7.488000 -14.786000
v -6.333000 11.461000 -14.786000
v -5.833000 7.252000 -14.786000
v -5.833000 12.290000 -14.786000
v -5.333000 7.054000 -14.786000
v -5.333000 12.593000 -14.786000
v -4.833000 6.994000 -14.786000
v -4.833000 12.758000 -14.786000
v -4.333000 6.994000 -14.786000
v -4.333000 12.741000 -14.786000
v -3.833000 7.077000 -14.786000
v -3.833000 12.553000 -14.786000
v -3.333000 7.260000 -14.786000
v -3.333000 12.270000 -14.786000
v -2.833000 7.691000 -14.786000
v -2.833000 10.593000 -14.786000
v -2.333000 8.311000 -14.786000
v -2.333000 9.540000 -14.786000
v -5.833000 8.606000 -10.786000
v -5.833000 10.498000 -10.786000
v -5.333000 7.871000 -10.786000
v -5.333000 11.073000 -10.786000
v -4.833000 7.681000 -10.786000
v -4.833000 11.312000 -10.786000
v -4.333000 7.695000 -10.786000
v -4.333000 11.430000 -10.786000
v -3.833000 7.743000 -10.786000
v -3.833000 11.373000 -10.786000
v -3.333000 8.011000 -10.786000
v -3.333000 10.899000 -10.786000
v -8.833000 7.750000 -6.786000
v -8.833000 8.961000 -6.786000
v -8.333000 7.173000 -6.786000
v -8.333000 9.520000 -6.786000
v -7.833000 6.676000 -6.786000
v -7.833000 9.721000 -6.786000
v -7.333000 6.446000 -6.786000
v -7.333000 9.876000 -6.786000
v -6.833000 6.388000 -6.786000
v -6.833000 10.208000 -6.786000
v -6.333000 6.331000 -6.786000
v -6.333000 10.617000 -6.786000
v -5.833000 6.202000 -6.786000
v -5.833000 11.012000 -6.786000
v -5.333000 6.223000 -6.786000
v -5.333000 11.528000 -6.786000
v -4.833000 6.283000 -6.786000
v -4.833000 12.070000 -6.786000
v -4.333000 6.528000 -6.786000
v -4.333000 12.711000 -6.786000
v -3.833000 6.973000 -6.786000
v -3.833000 13.226000 -6.786000
v -3.333000 8.505000 -6.786000
v -3.333000 13.482000 -6.786000
v -2.833000 9.089000 -6.786000
v -2.833000 13.494000 -6.786000
v -2.333000 9.399000 -6.786000
v -2.333000 13.268000 -6.786000
v -1.833000 9.683000 -6.786000
v -1.833000 12.599000 -6.786000
v -1.333000 10.241000 -6.786000
v -1.333000 11.897000 -6.786000
v -10.333000 7.740000 -2.786000
v -10.333000 10.248000 -2.786000
v -9.833000 7.183000 -2.786000
v -9.833000 10.578000 -2.786000
v -9.333000 6.989000 -2.786000
v -9.333000 10.781000 -2.786000
v -8.833000 6.973000 -2.786000
v -8.833000 10.911000 -2.786000
v -8.333000 6.989000 -2.786000
v -8.333000 11.210000 -2.786000
v -7.833000 7.022000 -2.786000
v -7.833000 11.524000 -2.786000
v -7.333000 7.098000 -2.786000
v -7.333000 11.716000 -2.786000
v -6.833000 7.194000 -2.786000
v -6.833000 11.733000 -2.786000
v -6.333000 7.280000 -2.786000
v -6.333000 11.595000 -2.786000
v -5.833000 7.414000 -2.786000
v -5.833000 11.329000 -2.786000
v -5.333000 10.135000 -2.786000
v -5.333000 10.637000 -2.786000
v -5.230000 8.385000 -17.286000
v -3.000000 8.385000 -17.286000
v -6.825000 8.385000 -16.786000
v -2.372000 8.385000 -16.786000
v -7.623000 8.385000 -16.286000
v -2.104000 8.385000 -16.286000
v -7.855000 8.385000 -15.786000
v -2.129000 8.385000 -15.786000
v -7.874000 8.385000 -15.286000
v -2.255000 8.385000 -15.286000
v -7.842000 8.385000 -14.786000
v -2.304000 8.385000 -14.786000
v -7.611000 8.385000 -14.286000
v -2.487000 8.385000 -14.286000
v -7.051000 8.385000 -13.786000
v -2.623000 8.385000 -13.786000
v -6.705000 8.385000 -13.286000
v -2.671000 8.385000 -13.286000
v -6.594000 8.385000 -12.786000
v -2.829000 8.385000 -12.786000
v -6.289000 8.385000 -12.286000
v -2.888000 8.385000 -12.286000
v -6.021000 8.385000 -11.786000
v -2.810000 8.385000 -11.786000
v -5.925000 8.385000 -11.286000
v -2.828000 8.385000 -11.286000
v -5.761000 8.385000 -10.786000
v -3.062000 8.385000 -10.786000
v -5.533000 8.385000 -10.286000
v -3.749000 8.385000 -10.286000
v -5.379000 8.385000 -9.786000
v -4.612000 8.385000 -9.786000
v -5.727000 8.385000 -9.286000
v -5.041000 8.385000 -9.286000
v -7.160000 8.385000 -8.786000
v -4.960000 8.385000 -8.786000
v -7.813000 8.385000 -8.286000
v -4.701000 8.385000 -8.286000
v -8.338000 8.385000 -7.786000
v -4.369000 8.385000 -7.786000
v -8.788000 8.385000 -7.286000
v -3.912000 8.385000 -7.286000
v -8.985000 8.385000 -6.786000
v -3.375000 8.385000 -6.786000
v -9.290000 8.385000 -6.286000
v -2.886000 8.385000 -6.286000
v -9.723000 8.385000 -5.786000
v -2.629000 8.385000 -5.786000
v -9.928000 8.385000 -5.286000
v -2.638000 8.385000 -5.286000
v -10.002000 8.385000 -4.786000
v -2.938000 8.385000 -4.786000
v -10.053000 8.385000 -4.286000
v -3.664000 8.385000 -4.286000
v -10.200000 8.385000 -3.786000
v -4.341000 8.385000 -3.786000
v -10.411000 8.385000 -3.286000
v -4.868000 8.385000 -3.286000
v -10.628000 8.385000 -2.786000
v -5.434000 8.385000 -2.786000
v -10.846000 8.385000 -2.286000
v -6.201000 8.385000 -2.286000
v -10.852000 8.385000 -1.786000
v -6.740000 8.385000 -1.786000
v -10.815000 8.385000 -1.286000
v -7.006000 8.385000 -1.286000
v -10.598000 8.385000 -0.786000
v -7.652000 8.385000 -0.786000
v -9.857000 8.385000 -0.286000
v -9.246000 8.385000 -0.286000
v -5.811000 12.385000 -16.286000
v -3.480000 12.385000 -16.286000
v -6.043000 12.385000 -15.786000
v -3.159000 12.385000 -15.786000
v -6.033000 12.385000 -15.286000
v -3.163000 12.385000 -15.286000
v -5.705000 12.385000 -14.786000
v -3.498000 12.385000 -14.786000
v -5.307000 12.385000 -14.286000
v -3.954000 12.385000 -14.286000
v -4.176000 12.385000 -9.786000
v -2.966000 12.385000 -9.786000
v -4.510000 12.385000 -9.286000
v -2.604000 12.385000 -9.286000
v -4.528000 12.385000 -8.786000
v -2.263000 12.385000 -8.786000
v -4.556000 12.385000 -8.286000
v -1.779000 12.385000 -8.286000
v -4.594000 12.385000 -7.786000
v -1.558000 12.385000 -7.786000
v -4.598000 12.385000 -7.286000
v -1.573000 12.385000 -7.286000
v -4.561000 12.385000 -6.786000
v -1.663000 12.385000 -6.786000
v -4.744000 12.385000 -6.286000
v -1.983000 12.385000 -6.286000
v -5.031000 12.385000 -5.786000
v -2.381000 12.385000 -5.786000
v -5.052000 12.385000 -5.286000
v -2.681000 12.385000 -5.286000
v -4.787000 12.385000 -4.786000
v -2.999000 12.385000 -4.786000
v -10.833000 8.385000 -2.342000
v -10.833000 8.385000 -1.408000
v -10.333000 8.385000 -3.521000
v -10.333000 8.385000 -0.514000
v -9.833000 8.385000 -5.584000
v -9.833000 8.385000 -0.281000
v -9.333000 8.385000 -6.229000
v -9.333000 8.385000 -0.268000
v -8.833000 8.385000 -7.201000
v -8.833000 8.385000 -0.440000
v -8.333000 8.385000 -7.791000
v -8.333000 8.385000 -0.585000
v -7.833000 8.385000 -15.869000
v -7.833000 8.385000 -14.752000
v -7.833000 8.385000 -8.272000
v -7.833000 8.385000 -0.730000
v -7.333000 8.385000 -16.568000
v -7.333000 8.385000 -14.015000
v -7.333000 8.385000 -8.686000
v -7.333000 8.385000 -0.952000
v -6.833000 8.385000 -16.784000
v -6.833000 8.385000 -13.533000
v -6.833000 8.385000 -8.906000
v -6.833000 8.385000 -1.619000
v -6.333000 8.385000 -16.848000
v -6.333000 8.385000 -12.338000
v -6.333000 8.385000 -9.040000
v -6.333000 8.385000 -2.205000
v -5.833000 8.385000 -16.985000
v -5.833000 8.385000 -10.970000
v -5.833000 8.385000 -9.218000
v -5.833000 8.385000 -2.495000
v -5.333000 8.385000 -17.202000
v -5.333000 8.385000 -2.851000
v -4.833000 8.385000 -17.485000
v -4.833000 8.385000 -9.627000
v -4.833000 8.385000 -8.463000
v -4.833000 8.385000 -3.319000
v -4.333000 8.385000 -17.516000
v -4.333000 8.385000 -9.959000
v -4.333000 8.385000 -7.743000
v -4.333000 8.385000 -3.793000
v -3.833000 8.385000 -17.516000
v -3.833000 8.385000 -10.242000
v -3.833000 8.385000 -7.211000
v -3.833000 8.385000 -4.179000
v -3.333000 8.385000 -17.459000
v -3.333000 8.385000 -10.519000
v -3.333000 8.385000 -6.746000
v -3.333000 8.385000 -4.479000
v -2.833000 8.385000 -17.126000
v -2.833000 8.385000 -12.771000
v -2.833000 8.385000 -11.900000
v -2.833000 8.385000 -11.263000
v -2.833000 8.385000 -6.215000
v -2.833000 8.385000 -4.904000
v -2.333000 8.385000 -16.745000
v -2.333000 8.385000 -14.655000
v -5.833000 12.385000 -16.253000
v -5.833000 12.385000 -14.913000
v -5.333000 12.385000 -16.570000
v -5.333000 12.385000 -14.312000
v -4.833000 12.385000 -16.554000
v -4.833000 12.385000 -14.038000
v -4.833000 12.385000 -6.155000
v -4.833000 12.385000 -4.837000
v -4.333000 12.385000 -16.527000
v -4.333000 12.385000 -14.062000
v -4.333000 12.385000 -9.629000
v -4.333000 12.385000 -4.513000
v -3.833000 12.385000 -16.468000
v -3.833000 12.385000 -14.423000
v -3.833000 12.385000 -9.960000
v -3.833000 12.385000 -4.496000
v -3.333000 12.385000 -16.137000
v -3.333000 12.385000 -14.949000
v -3.333000 12.385000 -9.967000
v -3.333000 12.385000 -4.603000
v -2.833000 12.385000 -9.660000
v -2.833000 12.385000 -4.964000
v -2.333000 12.385000 -8.879000
v -2.333000 12.385000 -5.836000
v -1.833000 12.385000 -8.355000
v -1.833000 12.385000 -6.464000
v -7.333000 8.032000 -14.286000
v -7.333000 9.967000 -14.286000
v -6.833000 7.780000 -14.286000
v -6.833000 10.563000 -14.286000
v -6.333000 7.709000 -14.286000
v -6.333000 11.165000 -14.286000
v -5.833000 7.465000 -14.286000
v -5.833000 11.848000 -14.286000
v -5.333000 7.197000 -14.286000
v -5.333000 12.367000 -14.286000
v -4.833000 7.010000 -14.286000
v -4.833000 12.576000 -14.286000
v -4.333000 7.001000 -14.286000
v -4.333000 12.556000 -14.286000
v -3.833000 7.054000 -14.286000
v -3.833000 12.292000 -14.286000
v -3.333000 7.246000 -14.286000
v -3.333000 10.989000 -14.286000
v -2.833000 7.769000 -14.286000
v -2.833000 9.799000 -14.286000
v -5.833000 9.222000 -10.286000
v -5.833000 10.396000 -10.286000
v -5.333000 8.136000 -10.286000
v -5.333000 11.007000 -10.286000
v -4.833000 7.997000 -10.286000
v -4.833000 11.373000 -10.286000
v -4.333000 8.136000 -10.286000
v -4.333000 11.735000 -10.286000
v -3.833000 8.325000 -10.286000
v -3.833000 11.948000 -10.286000
v -3.333000 9.100000 -10.286000
v -3.333000 11.931000 -10.286000
v -8.833000 7.407000 -6.286000
v -8.833000 9.272000 -6.286000
v -8.333000 6.972000 -6.286000
v -8.333000 9.585000 -6.286000
v -7.833000 6.513000 -6.286000
v -7.833000 9.836000 -6.286000
v -7.333000 6.270000 -6.286000
v -7.333000 10.065000 -6.286000
v -6.833000 6.161000 -6.286000
v -6.833000 10.334000 -6.286000
v -6.333000 6.103000 -6.286000
v -6.333000 10.793000 -6.286000
v -5.833000 5.991000 -6.286000
v -5.833000 11.152000 -6.286000
v -5.333000 6.010000 -6.286000
v -5.333000 11.645000 -6.286000
v -4.833000 6.080000 -6.286000
v -4.833000 12.298000 -6.286000
v -4.333000 6.214000 -6.286000
v -4.333000 12.717000 -6.286000
v -3.833000 6.455000 -6.286000
v -3.833000 12.963000 -6.286000
v -3.333000 7.331000 -6.286000
v -3.333000 13.072000 -6.286000
v -2.833000 8.443000 -6.286000
v -2.833000 13.059000 -6.286000
v -2.333000 8.918000 -6.286000
v -2.333000 12.794000 -6.286000
v -1.833000 9.509000 -6.286000
v -1.833000 12.253000 -6.286000
v -1.333000 10.233000 -6.286000
v -1.333000 11.464000 -6.286000
v -10.833000 8.354000 -2.286000
v -10.833000 9.910000 -2.286000
v -10.333000 7.692000 -2.286000
v -10.333000 10.521000 -2.286000
v -9.833000 7.198000 -2.286000
v -9.833000 10.730000 -2.286000
v -9.333000 7.002000 -2.286000
v -9.333000 10.926000 -2.286000
v -8.833000 6.989000 -2.286000
v -8.833000 11.146000 -2.286000
v -8.333000 7.001000 -2.286000
v -8.333000 11.469000 -2.286000
v -7.833000 7.030000 -2.286000
v -7.833000 11.690000 -2.286000
v -7.333000 7.228000 -2.286000
v -7.333000 11.730000 -2.286000
v -6.833000 7.573000 -2.286000
v -6.833000 11.713000 -2.286000
v -6.333000 8.209000 -2.286000
v -6.333000 11.532000 -2.286000
v -5.833000 9.468000 -2.286000
v -5.833000 11.016000 -2.286000
v -4.877000 8.885000 -17.786000
v -3.192000 8.885000 -17.786000
v -5.900000 8.885000 -17.286000
v -2.491000 8.885000 -17.286000
v -7.133000 8.885000 -16.786000
v -1.970000 8.885000 -16.786000
v -7.726000 8.885000 -16.286000
v -1.782000 8.885000 -16.286000
v -7.941000 8.885000 -15.786000
v -1.801000 8.885000 -15.786000
v -7.966000 8.885000 -15.286000
v -2.021000 8.885000 -15.286000
v -7.947000 8.885000 -14.786000
v -2.215000 8.885000 -14.786000
v -7.737000 8.885000 -14.286000
v -2.404000 8.885000 -14.286000
v -7.282000 8.885000 -13.786000
v -2.652000 8.885000 -13.786000
v -7.003000 8.885000 -13.286000
v -2.762000 8.885000 -13.286000
v -6.901000 8.885000 -12.786000
v -2.875000 8.885000 -12.786000
v -6.679000 8.885000 -12.286000
v -2.851000 8.885000 -12.286000
v -6.352000 8.885000 -11.786000
v -2.726000 8.885000 -11.786000
v -6.139000 8.885000 -11.286000
v -2.743000 8.885000 -11.286000
v -5.876000 8.885000 -10.786000
v -2.959000 8.885000 -10.786000
v -5.764000 8.885000 -10.286000
v -3.413000 8.885000 -10.286000
v -5.707000 8.885000 -9.786000
v -3.938000 8.885000 -9.786000
v -5.966000 8.885000 -9.286000
v -4.511000 8.885000 -9.286000
v -6.886000 8.885000 -8.786000
v -4.715000 8.885000 -8.786000
v -7.632000 8.885000 -8.286000
v -4.547000 8.885000 -8.286000
v -8.196000 8.885000 -7.786000
v -4.233000 8.885000 -7.786000
v -8.669000 8.885000 -7.286000
v -3.708000 8.885000 -7.286000
v -8.870000 8.885000 -6.786000
v -3.077000 8.885000 -6.786000
v -9.151000 8.885000 -6.286000
v -2.379000 8.885000 -6.286000
v -9.604000 8.885000 -5.786000
v -2.058000 8.885000 -5.786000
v -9.827000 8.885000 -5.286000
v -2.045000 8.885000 -5.286000
v -9.922000 8.885000 -4.786000
v -2.320000 8.885000 -4.786000
v -10.028000 8.885000 -4.286000
v -3.234000 8.885000 -4.286000
v -10.281000 8.885000 -3.786000
v -4.206000 8.885000 -3.786000
v -10.498000 8.885000 -3.286000
v -4.835000 8.885000 -3.286000
v -10.741000 8.885000 -2.786000
v -5.435000 8.885000 -2.786000
v -10.942000 8.885000 -2.286000
v -5.957000 8.885000 -2.286000
v -10.951000 8.885000 -1.786000
v -6.503000 8.885000 -1.786000
v -10.927000 8.885000 -1.286000
v -6.833000 8.885000 -1.286000
v -10.731000 8.885000 -0.786000
v -7.342000 8.885000 -0.786000
v -10.175000 8.885000 -0.286000
v -8.258000 8.885000 -0.286000
v -3.840000 12.885000 -8.786000
v -2.630000 12.885000 -8.786000
v -4.145000 12.885000 -8.286000
v -2.000000 12.885000 -8.286000
v -4.321000 12.885000 -7.786000
v -1.789000 12.885000 -7.786000
v -4.318000 12.885000 -7.286000
v -1.792000 12.885000 -7.286000
v -4.194000 12.885000 -6.786000
v -2.013000 12.885000 -6.786000
v -4.028000 12.885000 -6.286000
v -2.449000 12.885000 -6.286000
v -10.833000 8.885000 -2.621000
v -10.833000 8.885000 -0.978000
v -10.333000 8.885000 -3.703000
v -10.333000 8.885000 -0.378000
v -9.833000 8.885000 -5.255000
v -9.833000 8.885000 -0.168000
v -9.333000 8.885000 -6.069000
v -9.333000 8.885000 -0.156000
v -8.833000 8.885000 -6.909000
v -8.833000 8.885000 -0.224000
v -8.333000 8.885000 -7.645000
v -8.333000 8.885000 -0.266000
v -7.833000 8.885000 -16.101000
v -7.833000 8.885000 -14.453000
v -7.833000 8.885000 -8.148000
v -7.833000 8.885000 -0.495000
v -7.333000 8.885000 -16.669000
v -7.333000 8.885000 -13.847000
v -7.333000 8.885000 -8.554000
v -7.333000 8.885000 -0.792000
v -6.833000 8.885000 -16.917000
v -6.833000 8.885000 -12.566000
v -6.833000 8.885000 -8.808000
v -6.833000 8.885000 -1.285000
v -6.333000 8.885000 -17.094000
v -6.333000 8.885000 -11.739000
v -6.333000 8.885000 -9.039000
v -6.333000 8.885000 -1.953000
v -5.833000 8.885000 -17.308000
v -5.833000 8.885000 -10.640000
v -5.833000 8.885000 -9.435000
v -5.833000 8.885000 -2.392000
v -5.333000 8.885000 -17.587000
v -5.333000 8.885000 -2.880000
v -4.833000 8.885000 -17.795000
v -4.833000 8.885000 -3.287000
v -4.333000 8.885000 -17.822000
v -4.333000 8.885000 -9.449000
v -4.333000 8.885000 -7.895000
v -4.333000 8.885000 -3.686000
v -3.833000 8.885000 -17.837000
v -3.833000 8.885000 -9.869000
v -3.833000 8.885000 -7.418000
v -3.833000 8.885000 -3.999000
v -3.333000 8.885000 -17.823000
v -3.333000 8.885000 -10.367000
v -3.333000 8.885000 -6.970000
v -3.333000 8.885000 -4.249000
v -2.833000 8.885000 -17.605000
v -2.833000 8.885000 -13.028000
v -2.833000 8.885000 -12.206000
v -2.833000 8.885000 -11.010000
v -2.833000 8.885000 -6.628000
v -2.833000 8.885000 -4.462000
v -2.333000 8.885000 -17.165000
v -2.333000 8.885000 -14.418000
v -2.333000 8.885000 -6.245000
v -2.333000 8.885000 -4.773000
v -1.833000 8.885000 -16.498000
v -1.833000 8.885000 -15.670000
v -3.833000 12.885000 -8.793000
v -3.833000 12.885000 -6.023000
v -3.333000 12.885000 -9.015000
v -3.333000 12.885000 -5.934000
v -2.833000 12.885000 -8.885000
v -2.833000 12.885000 -6.065000
v -2.333000 12.885000 -8.613000
v -2.333000 12.885000 -6.400000
v -1.833000 12.885000 -7.957000
v -1.833000 12.885000 -7.133000
v -6.333000 9.925000 -17.786000
v -6.333000 10.833000 -17.786000
v -5.833000 9.768000 -17.786000
v -5.833000 11.400000 -17.786000
v -5.333000 9.352000 -17.786000
v -5.333000 11.471000 -17.786000
v -4.833000 8.860000 -17.786000
v -4.833000 11.443000 -17.786000
v -4.333000 8.793000 -17.786000
v -4.333000 11.006000 -17.786000
v -3.833000 8.769000 -17.786000
v -3.833000 10.485000 -17.786000
v -3.333000 8.805000 -17.786000
v -3.333000 10.047000 -17.786000
v -6.833000 8.197000 -13.786000
v -6.833000 10.312000 -13.786000
v -6.333000 8.004000 -13.786000
v -6.333000 11.112000 -13.786000
v -5.833000 7.805000 -13.786000
v -5.833000 11.624000 -13.786000
v -5.333000 7.465000 -13.786000
v -5.333000 11.909000 -13.786000
v -4.833000 7.165000 -13.786000
v -4.833000 12.073000 -13.786000
v -4.333000 7.032000 -13.786000
v -4.333000 12.018000 -13.786000
v -3.833000 7.026000 -13.786000
v -3.833000 11.349000 -13.786000
v -3.333000 7.206000 -13.786000
v -3.333000 10.148000 -13.786000
v -2.833000 7.722000 -13.786000
v -2.833000 9.506000 -13.786000
v -5.833000 9.221000 -9.786000
v -5.833000 9.995000 -9.786000
v -5.333000 8.358000 -9.786000
v -5.333000 10.797000 -9.786000
v -4.833000 8.308000 -9.786000
v -4.833000 11.564000 -9.786000
v -4.333000 8.547000 -9.786000
v -4.333000 12.271000 -9.786000
v -3.833000 8.975000 -9.786000
v -3.833000 12.523000 -9.786000
v -3.333000 9.658000 -9.786000
v -3.333000 12.529000 -9.786000
v -2.833000 10.381000 -9.786000
v -2.833000 12.292000 -9.786000
v -9.333000 7.498000 -5.786000
v -9.333000 9.242000 -5.786000
v -8.833000 6.933000 -5.786000
v -8.833000 9.534000 -5.786000
v -8.333000 6.649000 -5.786000
v -8.333000 9.762000 -5.786000
v -7.833000 6.276000 -5.786000
v -7.833000 10.040000 -5.786000
v -7.333000 6.067000 -5.786000
v -7.333000 10.308000 -5.786000
v -6.833000 5.949000 -5.786000
v -6.833000 10.616000 -5.786000
v -6.333000 5.775000 -5.786000
v -6.333000 11.041000 -5.786000
v -5.833000 5.761000 -5.786000
v -5.833000 11.326000 -5.786000
v -5.333000 5.762000 -5.786000
v -5.333000 11.931000 -5.786000
v -4.833000 5.921000 -5.786000
v -4.833000 12.552000 -5.786000
v -4.333000 6.014000 -5.786000
v -4.333000 12.773000 -5.786000
v -3.833000 6.203000 -5.786000
v -3.833000 12.841000 -5.786000
v -3.333000 6.750000 -5.786000
v -3.333000 12.830000 -5.786000
v -2.833000 8.170000 -5.786000
v -2.833000 12.699000 -5.786000
v -2.333000 8.663000 -5.786000
v -2.333000 12.349000 -5.786000
v -1.833000 9.191000 -5.786000
v -1.833000 11.783000 -5.786000
v -10.833000 8.340000 -1.786000
v -10.833000 9.982000 -1.786000
v -10.333000 7.743000 -1.786000
v -10.333000 10.554000 -1.786000
v -9.833000 7.422000 -1.786000
v -9.833000 10.785000 -1.786000
v -9.333000 7.218000 -1.786000
v -9.333000 11.113000 -1.786000
v -8.833000 7.191000 -1.786000
v -8.833000 11.302000 -1.786000
v -8.333000 7.190000 -1.786000
v -8.333000 11.543000 -1.786000
v -7.833000 7.211000 -1.786000
v -7.833000 11.755000 -1.786000
v -7.333000 7.457000 -1.786000
v -7.333000 11.765000 -1.786000
v -6.833000 8.190000 -1.786000
v -6.833000 11.618000 -1.786000
v -6.333000 9.144000 -1.786000
v -6.333000 11.296000 -1.786000
v -5.387000 9.385000 -17.786000
v -2.919000 9.385000 -17.786000
v -6.648000 9.385000 -17.286000
v -2.344000 9.385000 -17.286000
v -7.240000 9.385000 -16.786000
v -1.870000 9.385000 -16.786000
v -7.613000 9.385000 -16.286000
v -1.696000 9.385000 -16.286000
v -7.838000 9.385000 -15.786000
v -1.713000 9.385000 -15.786000
v -7.878000 9.385000 -15.286000
v -1.931000 9.385000 -15.286000
v -7.864000 9.385000 -14.786000
v -2.276000 9.385000 -14.786000
v -7.638000 9.385000 -14.286000
v -2.525000 9.385000 -14.286000
v -7.248000 9.385000 -13.786000
v -2.774000 9.385000 -13.786000
v -7.042000 9.385000 -13.286000
v -2.974000 9.385000 -13.286000
v -6.976000 9.385000 -12.786000
v -3.082000 9.385000 -12.786000
v -6.769000 9.385000 -12.286000
v -2.995000 9.385000 -12.286000
v -6.452000 9.385000 -11.786000
v -2.829000 9.385000 -11.786000
v -6.250000 9.385000 -11.286000
v -2.847000 9.385000 -11.286000
v -5.979000 9.385000 -10.786000
v -3.023000 9.385000 -10.786000
v -5.875000 9.385000 -10.286000
v -3.259000 9.385000 -10.286000
v -5.882000 9.385000 -9.786000
v -3.508000 9.385000 -9.786000
v -6.060000 9.385000 -9.286000
v -3.979000 9.385000 -9.286000
v -6.571000 9.385000 -8.786000
v -4.398000 9.385000 -8.786000
v -7.171000 9.385000 -8.286000
v -4.353000 9.385000 -8.286000
v -7.732000 9.385000 -7.786000
v -3.854000 9.385000 -7.786000
v -8.222000 9.385000 -7.286000
v -2.996000 9.385000 -7.286000
v -8.509000 9.385000 -6.786000
v -2.365000 9.385000 -6.786000
v -8.687000 9.385000 -6.286000
v -1.926000 9.385000 -6.286000
v -9.135000 9.385000 -5.786000
v -1.747000 9.385000 -5.786000
v -9.480000 9.385000 -5.286000
v -1.737000 9.385000 -5.286000
v -9.608000 9.385000 -4.786000
v -1.933000 9.385000 -4.786000
v -9.784000 9.385000 -4.286000
v -2.536000 9.385000 -4.286000
v -10.155000 9.385000 -3.786000
v -3.699000 9.385000 -3.786000
v -10.415000 9.385000 -3.286000
v -4.581000 9.385000 -3.286000
v -10.722000 9.385000 -2.786000
v -5.361000 9.385000 -2.786000
v -10.938000 9.385000 -2.286000
v -5.861000 9.385000 -2.286000
v -10.967000 9.385000 -1.786000
v -6.241000 9.385000 -1.786000
v -10.952000 9.385000 -1.286000
v -6.511000 9.385000 -1.286000
v -10.745000 9.385000 -0.786000
v -6.959000 9.385000 -0.786000
v -10.157000 9.385000 -0.286000
v -7.713000 9.385000 -0.286000
v -3.616000 13.385000 -8.286000
v -2.493000 13.385000 -8.286000
v -3.953000 13.385000 -7.786000
v -2.157000 13.385000 -7.786000
v -3.948000 13.385000 -7.286000
v -2.161000 13.385000 -7.286000
v -3.593000 13.385000 -6.786000
v -2.517000 13.385000 -6.786000
v -10.833000 9.385000 -2.593000
v -10.833000 9.385000 -0.939000
v -10.333000 9.385000 -3.472000
v -10.333000 9.385000 -0.382000
v -9.833000 9.385000 -4.198000
v -9.833000 9.385000 -0.185000
v -9.333000 9.385000 -5.584000
v -9.333000 9.385000 -0.147000
v -8.833000 9.385000 -6.105000
v -8.833000 9.385000 -0.132000
v -8.333000 9.385000 -7.164000
v -8.333000 9.385000 -0.177000
v -7.833000 9.385000 -15.804000
v -7.833000 9.385000 -14.673000
v -7.833000 9.385000 -7.682000
v -7.833000 9.385000 -0.254000
v -7.333000 9.385000 -16.677000
v -7.333000 9.385000 -13.911000
v -7.333000 9.385000 -8.107000
v -7.333000 9.385000 -0.480000
v -6.833000 9.385000 -17.161000
v -6.833000 9.385000 -12.394000
v -6.833000 9.385000 -8.609000
v -6.833000 9.385000 -0.904000
v -6.333000 9.385000 -17.440000
v -6.333000 9.385000 -11.455000
v -6.333000 9.385000 -8.974000
v -6.333000 9.385000 -1.612000
v -5.833000 9.385000 -17.602000
v -5.833000 9.385000 -2.316000
v -5.333000 9.385000 -17.800000
v -5.333000 9.385000 -2.810000
v -4.833000 9.385000 -17.879000
v -4.833000 9.385000 -3.162000
v -4.333000 9.385000 -17.899000
v -4.333000 9.385000 -8.906000
v -4.333000 9.385000 -8.256000
v -4.333000 9.385000 -3.416000
v -3.833000 9.385000 -17.936000
v -3.833000 9.385000 -9.405000
v -3.833000 9.385000 -7.772000
v -3.833000 9.385000 -3.736000
v -3.333000 9.385000 -17.933000
v -3.333000 9.385000 -10.122000
v -3.333000 9.385000 -7.498000
v -3.333000 9.385000 -3.949000
v -2.833000 9.385000 -17.735000
v -2.833000 9.385000 -13.594000
v -2.833000 9.385000 -11.811000
v -2.833000 9.385000 -11.352000
v -2.833000 9.385000 -7.165000
v -2.833000 9.385000 -4.188000
v -2.333000 9.385000 -17.277000
v -2.333000 9.385000 -14.673000
v -2.333000 9.385000 -6.767000
v -2.333000 9.385000 -4.391000
v -1.833000 9.385000 -16.719000
v -1.833000 9.385000 -15.449000
v -1.833000 9.385000 -6.071000
v -1.833000 9.385000 -4.968000
v -3.833000 13.385000 -8.053000
v -3.833000 13.385000 -7.036000
v -3.333000 13.385000 -8.432000
v -3.333000 13.385000 -6.657000
v -2.833000 13.385000 -8.448000
v -2.833000 13.385000 -6.641000
v -2.333000 13.385000 -8.132000
v -2.333000 13.385000 -6.957000
v -6.833000 9.541000 -17.286000
v -6.833000 11.213000 -17.286000
v -6.333000 9.199000 -17.286000
v -6.333000 11.779000 -17.286000
v -5.833000 8.835000 -17.286000
v -5.833000 12.039000 -17.286000
v -5.333000 8.459000 -17.286000
v -5.333000 12.052000 -17.286000
v -4.833000 8.214000 -17.286000
v -4.833000 12.018000 -17.286000
v -4.333000 8.188000 -17.286000
v -4.333000 11.764000 -17.286000
v -3.833000 8.194000 -17.286000
v -3.833000 11.324000 -17.286000
v -3.333000 8.258000 -17.286000
v -3.333000 10.807000 -17.286000
v -2.833000 8.499000 -17.286000
v -2.833000 10.352000 -17.286000
v -6.833000 8.536000 -13.286000
v -6.833000 10.060000 -13.286000
v -6.333000 8.123000 -13.286000
v -6.333000 10.753000 -13.286000
v -5.833000 7.933000 -13.286000
v -5.833000 11.403000 -13.286000
v -5.333000 7.650000 -13.286000
v -5.333000 11.613000 -13.286000
v -4.833000 7.272000 -13.286000
v -4.833000 11.595000 -13.286000
v -4.333000 7.052000 -13.286000
v -4.333000 11.356000 -13.286000
v -3.833000 7.037000 -13.286000
v -3.833000 10.721000 -13.286000
v -3.333000 7.219000 -13.286000
v -3.333000 10.043000 -13.286000
v -2.833000 7.745000 -13.286000
v -2.833000 9.053000 -13.286000
v -5.833000 8.631000 -9.286000
v -5.833000 9.903000 -9.286000
v -5.333000 8.195000 -9.286000
v -5.333000 10.363000 -9.286000
v -4.833000 8.623000 -9.286000
v -4.833000 11.925000 -9.286000
v -4.333000 9.019000 -9.286000
v -4.333000 12.525000 -9.286000
v -3.833000 9.504000 -9.286000
v -3.833000 12.730000 -9.286000
v -3.333000 9.874000 -9.286000
v -3.333000 12.751000 -9.286000
v -2.833000 10.217000 -9.286000
v -2.833000 12.573000 -9.286000
v -2.333000 10.773000 -9.286000
v -2.333000 11.997000 -9.286000
v -9.833000 7.870000 -5.286000
v -9.833000 8.870000 -5.286000
v -9.333000 7.027000 -5.286000
v -9.333000 9.501000 -5.286000
v -8.833000 6.691000 -5.286000
v -8.833000 9.772000 -5.286000
v -8.333000 6.493000 -5.286000
v -8.333000 10.026000 -5.286000
v -7.833000 6.214000 -5.286000
v -7.833000 10.292000 -5.286000
v -7.333000 5.996000 -5.286000
v -7.333000 10.562000 -5.286000
v -6.833000 5.769000 -5.286000
v -6.833000 10.842000 -5.286000
v -6.333000 5.576000 -5.286000
v -6.333000 11.347000 -5.286000
v -5.833000 5.567000 -5.286000
v -5.833000 11.651000 -5.286000
v -5.333000 5.569000 -5.286000
v -5.333000 12.067000 -5.286000
v -4.833000 5.751000 -5.286000
v -4.833000 12.570000 -5.286000
v -4.333000 5.991000 -5.286000
v -4.333000 12.784000 -5.286000
v -3.833000 6.193000 -5.286000
v -3.833000 12.796000 -5.286000
v -3.333000 6.730000 -5.286000
v -3.333000 12.729000 -5.286000
v -2.833000 8.177000 -5.286000
v -2.833000 12.510000 -5.286000
v -2.333000 8.654000 -5.286000
v -2.333000 11.924000 -5.286000
v -1.833000 9.171000 -5.286000
v -1.833000 11.133000 -5.286000
v -10.833000 8.429000 -1.286000
v -10.833000 9.946000 -1.286000
v -10.333000 7.798000 -1.286000
v -10.333000 10.534000 -1.286000
v -9.833000 7.583000 -1.286000
v -9.833000 10.763000 -1.286000
v -9.333000 7.539000 -1.286000
v -9.333000 11.095000 -1.286000
v -8.833000 7.598000 -1.286000
v -8.833000 11.286000 -1.286000
v -8.333000 7.653000 -1.286000
v -8.333000 11.531000 -1.286000
v -7.833000 7.670000 -1.286000
v -7.833000 11.744000 -1.286000
v -7.333000 7.935000 -1.286000
v -7.333000 11.755000 -1.286000
v -6.833000 8.884000 -1.286000
v -6.833000 11.568000 -1.286000
v -6.333000 9.766000 -1.286000
v -6.333000 11.026000 -1.286000
v -6.667000 5.885000 -5.786000
v -4.950000 5.885000 -5.786000
v -7.036000 5.885000 -5.286000
v -4.589000 5.885000 -5.286000
v -7.050000 5.885000 -4.786000
v -4.655000 5.885000 -4.786000
v -6.646000 5.885000 -4.286000
v -5.015000 5.885000 -4.286000
v -6.261000 9.885000 -17.786000
v -3.100000 9.885000 -17.786000
v -7.079000 9.885000 -17.286000
v -2.473000 9.885000 -17.286000
v -7.336000 9.885000 -16.786000
v -1.986000 9.885000 -16.786000
v -7.487000 9.885000 -16.286000
v -1.796000 9.885000 -16.286000
v -7.559000 9.885000 -15.786000
v -1.815000 9.885000 -15.786000
v -7.585000 9.885000 -15.286000
v -2.054000 9.885000 -15.286000
v -7.544000 9.885000 -14.786000
v -2.510000 9.885000 -14.786000
v -7.375000 9.885000 -14.286000
v -2.901000 9.885000 -14.286000
v -7.141000 9.885000 -13.786000
v -3.127000 9.885000 -13.786000
v -6.928000 9.885000 -13.286000
v -3.233000 9.885000 -13.286000
v -6.862000 9.885000 -12.786000
v -3.275000 9.885000 -12.786000
v -6.632000 9.885000 -12.286000
v -3.261000 9.885000 -12.286000
v -6.346000 9.885000 -11.786000
v -3.117000 9.885000 -11.786000
v -6.152000 9.885000 -11.286000
v -3.109000 9.885000 -11.286000
v -5.998000 9.885000 -10.786000
v -3.134000 9.885000 -10.786000
v -5.940000 9.885000 -10.286000
v -3.148000 9.885000 -10.286000
v -5.866000 9.885000 -9.786000
v -3.184000 9.885000 -9.786000
v -5.847000 9.885000 -9.286000
v -3.317000 9.885000 -9.286000
v -6.042000 9.885000 -8.786000
v -3.569000 9.885000 -8.786000
v -6.699000 9.885000 -8.286000
v -3.236000 9.885000 -8.286000
v -7.002000 9.885000 -7.786000
v -2.378000 9.885000 -7.786000
v -7.121000 9.885000 -7.286000
v -1.892000 9.885000 -7.286000
v -7.316000 9.885000 -6.786000
v -1.585000 9.885000 -6.786000
v -7.722000 9.885000 -6.286000
v -1.560000 9.885000 -6.286000
v -8.116000 9.885000 -5.786000
v -1.599000 9.885000 -5.786000
v -8.623000 9.885000 -5.286000
v -1.660000 9.885000 -5.286000
v -8.988000 9.885000 -4.786000
v -1.843000 9.885000 -4.786000
v -9.372000 9.885000 -4.286000
v -2.346000 9.885000 -4.286000
v -9.720000 9.885000 -3.786000
v -3.084000 9.885000 -3.786000
v -10.150000 9.885000 -3.286000
v -4.372000 9.885000 -3.286000
v -10.608000 9.885000 -2.786000
v -5.349000 9.885000 -2.786000
v -10.843000 9.885000 -2.286000
v -5.723000 9.885000 -2.286000
v -10.875000 9.885000 -1.786000
v -5.995000 9.885000 -1.786000
v -10.859000 9.885000 -1.286000
v -6.279000 9.885000 -1.286000
v -10.634000 9.885000 -0.786000
v -6.512000 9.885000 -0.786000
v -9.873000 9.885000 -0.286000
v -7.300000 9.885000 -0.286000
v -6.833000 5.885000 -5.639000
v -6.833000 5.885000 -4.464000
v -6.333000 5.885000 -5.934000
v -6.333000 5.885000 -4.137000
v -5.833000 5.885000 -6.005000
v -5.833000 5.885000 -4.131000
v -5.333000 5.885000 -5.986000
v -5.333000 5.885000 -4.144000
v -4.833000 5.885000 -5.705000
v -4.833000 5.885000 -4.452000
v -10.833000 9.885000 -2.326000
v -10.833000 9.885000 -1.187000
v -10.333000 9.885000 -3.066000
v -10.333000 9.885000 -0.492000
v -9.833000 9.885000 -3.665000
v -9.833000 9.885000 -0.278000
v -9.333000 9.885000 -4.325000
v -9.333000 9.885000 -0.241000
v -8.833000 9.885000 -5.083000
v -8.833000 9.885000 -0.185000
v -8.333000 9.885000 -5.576000
v -8.333000 9.885000 -0.142000
v -7.833000 9.885000 -6.157000
v -7.833000 9.885000 -0.150000
v -7.333000 9.885000 -16.791000
v -7.333000 9.885000 -14.167000
v -7.333000 9.885000 -6.762000
v -7.333000 9.885000 -0.277000
v -6.833000 9.885000 -17.534000
v -6.833000 9.885000 -12.677000
v -6.833000 9.885000 -8.142000
v -6.833000 9.885000 -0.482000
v -6.333000 9.885000 -17.771000
v -6.333000 9.885000 -11.747000
v -6.333000 9.885000 -8.532000
v -6.333000 9.885000 -1.116000
v -5.833000 9.885000 -17.837000
v -5.833000 9.885000 -2.058000
v -5.333000 9.885000 -17.903000
v -5.333000 9.885000 -2.800000
v -4.833000 9.885000 -17.923000
v -4.833000 9.885000 -3.104000
v -4.333000 9.885000 -17.921000
v -4.333000 9.885000 -3.309000
v -3.833000 9.885000 -17.910000
v -3.833000 9.885000 -3.588000
v -3.333000 9.885000 -17.855000
v -3.333000 9.885000 -9.253000
v -3.333000 9.885000 -8.333000
v -3.333000 9.885000 -3.716000
v -2.833000 9.885000 -17.643000
v -2.833000 9.885000 -14.382000
v -2.833000 9.885000 -8.087000
v -2.833000 9.885000 -3.917000
v -2.333000 9.885000 -17.152000
v -2.333000 9.885000 -15.002000
v -2.333000 9.885000 -7.737000
v -2.333000 9.885000 -4.295000
v -1.833000 9.885000 -16.452000
v -1.833000 9.885000 -15.715000
v -1.833000 9.885000 -7.230000
v -1.833000 9.885000 -4.802000
v -7.333000 9.874000 -16.786000
v -7.333000 10.811000 -16.786000
v -6.833000 8.390000 -16.786000
v -6.833000 11.512000 -16.786000
v -6.333000 8.284000 -16.786000
v -6.333000 12.045000 -16.786000
v -5.833000 8.163000 -16.786000
v -5.833000 12.255000 -16.786000
v -5.333000 7.964000 -16.786000
v -5.333000 12.281000 -16.786000
v -4.833000 7.752000 -16.786000
v -4.833000 12.255000 -16.786000
v -4.333000 7.755000 -16.786000
v -4.333000 12.155000 -16.786000
v -3.833000 7.941000 -16.786000
v -3.833000 11.975000 -16.786000
v -3.333000 8.031000 -16.786000
v -3.333000 11.399000 -16.786000
v -2.833000 8.180000 -16.786000
v -2.833000 10.838000 -16.786000
v -2.333000 8.414000 -16.786000
v -2.333000 10.320000 -16.786000
v -6.833000 8.725000 -12.786000
v -6.833000 9.947000 -12.786000
v -6.333000 8.173000 -12.786000
v -6.333000 10.532000 -12.786000
v -5.833000 7.969000 -12.786000
v -5.833000 11.040000 -12.786000
v -5.333000 7.727000 -12.786000
v -5.333000 11.251000 -12.786000
v -4.833000 7.429000 -12.786000
v -4.833000 11.296000 -12.786000
v -4.333000 7.255000 -12.786000
v -4.333000 11.125000 -12.786000
v -3.833000 7.249000 -12.786000
v -3.833000 10.643000 -12.786000
v -3.333000 7.468000 -12.786000
v -3.333000 10.018000 -12.786000
v -2.833000 8.348000 -12.786000
v -2.833000 8.677000 -12.786000
v -6.833000 7.782000 -8.786000
v -6.833000 8.938000 -8.786000
v -6.333000 7.230000 -8.786000
v -6.333000 9.671000 -8.786000
v -5.833000 7.207000 -8.786000
v -5.833000 9.984000 -8.786000
v -5.333000 7.521000 -8.786000
v -5.333000 10.206000 -8.786000
v -4.833000 8.729000 -8.786000
v -4.833000 11.946000 -8.786000
v -4.333000 9.473000 -8.786000
v -4.333000 12.555000 -8.786000
v -3.833000 9.808000 -8.786000
v -3.833000 12.888000 -8.786000
v -3.333000 9.962000 -8.786000
v -3.333000 13.046000 -8.786000
v -2.833000 10.163000 -8.786000
v -2.833000 12.994000 -8.786000
v -2.333000 10.486000 -8.786000
v -2.333000 12.539000 -8.786000
v -1.833000 11.283000 -8.786000
v -1.833000 11.549000 -8.786000
v -9.833000 7.430000 -4.786000
v -9.833000 9.082000 -4.786000
v -9.333000 6.778000 -4.786000
v -9.333000 9.607000 -4.786000
v -8.833000 6.558000 -4.786000
v -8.833000 10.003000 -4.786000
v -8.333000 6.450000 -4.786000
v -8.333000 10.228000 -4.786000
v -7.833000 6.197000 -4.786000
v -7.833000 10.544000 -4.786000
v -7.333000 5.982000 -4.786000
v -7.333000 10.853000 -4.786000
v -6.833000 5.768000 -4.786000
v -6.833000 11.286000 -4.786000
v -6.333000 5.576000 -4.786000
v -6.333000 11.599000 -4.786000
v -5.833000 5.568000 -4.786000
v -5.833000 11.790000 -4.786000
v -5.333000 5.574000 -4.786000
v -5.333000 12.003000 -4.786000
v -4.833000 5.756000 -4.786000
v -4.833000 12.349000 -4.786000
v -4.333000 6.128000 -4.786000
v -4.333000 12.602000 -4.786000
v -3.833000 6.416000 -4.786000
v -3.833000 12.616000 -4.786000
v -3.333000 7.684000 -4.786000
v -3.333000 12.528000 -4.786000
v -2.833000 8.479000 -4.786000
v -2.833000 12.260000 -4.786000
v -2.333000 8.875000 -4.786000
v -2.333000 11.373000 -4.786000
v -10.333000 8.047000 -0.786000
v -10.333000 10.276000 -0.786000
v -9.833000 7.785000 -0.786000
v -9.833000 10.530000 -0.786000
v -9.333000 7.771000 -0.786000
v -9.333000 10.833000 -0.786000
v -8.833000 7.973000 -0.786000
v -8.833000 11.061000 -0.786000
v -8.333000 8.159000 -0.786000
v -8.333000 11.273000 -0.786000
v -7.833000 8.259000 -0.786000
v -7.833000 11.531000 -0.786000
v -7.333000 8.899000 -0.786000
v -7.333000 11.543000 -0.786000
v -6.833000 9.488000 -0.786000
v -6.833000 11.313000 -0.786000
v -6.663000 6.385000 -6.786000
v -4.550000 6.385000 -6.786000
v -7.640000 6.385000 -6.286000
v -3.932000 6.385000 -6.286000
v -7.974000 6.385000 -5.786000
v -3.601000 6.385000 -5.786000
v -8.091000 6.385000 -5.286000
v -3.589000 6.385000 -5.286000
v -8.167000 6.385000 -4.786000
v -3.876000 6.385000 -4.786000
v -7.871000 6.385000 -4.286000
v -4.394000 6.385000 -4.286000
v -6.762000 6.385000 -3.786000
v -5.027000 6.385000 -3.786000
v -6.578000 10.385000 -17.786000
v -3.704000 10.385000 -17.786000
v -7.190000 10.385000 -17.286000
v -2.876000 10.385000 -17.286000
v -7.404000 10.385000 -16.786000
v -2.411000 10.385000 -16.786000
v -7.422000 10.385000 -16.286000
v -2.141000 10.385000 -16.286000
v -7.367000 10.385000 -15.786000
v -2.166000 10.385000 -15.786000
v -7.330000 10.385000 -15.286000
v -2.418000 10.385000 -15.286000
v -7.156000 10.385000 -14.786000
v -2.773000 10.385000 -14.786000
v -7.046000 10.385000 -14.286000
v -3.176000 10.385000 -14.286000
v -6.764000 10.385000 -13.786000
v -3.457000 10.385000 -13.786000
v -6.571000 10.385000 -13.286000
v -3.561000 10.385000 -13.286000
v -6.490000 10.385000 -12.786000
v -3.581000 10.385000 -12.786000
v -6.202000 10.385000 -12.286000
v -3.468000 10.385000 -12.286000
v -6.005000 10.385000 -11.786000
v -3.301000 10.385000 -11.786000
v -5.918000 10.385000 -11.286000
v -3.282000 10.385000 -11.286000
v -5.880000 10.385000 -10.786000
v -3.199000 10.385000 -10.786000
v -5.838000 10.385000 -10.286000
v -3.055000 10.385000 -10.286000
v -5.637000 10.385000 -9.786000
v -2.830000 10.385000 -9.786000
v -5.315000 10.385000 -9.286000
v -2.624000 10.385000 -9.286000
v -5.173000 10.385000 -8.786000
v -2.454000 10.385000 -8.786000
v -5.466000 10.385000 -8.286000
v -1.952000 10.385000 -8.286000
v -6.223000 10.385000 -7.786000
v -1.653000 10.385000 -7.786000
v -6.571000 10.385000 -7.286000
v -1.462000 10.385000 -7.286000
v -6.612000 10.385000 -6.786000
v -1.272000 10.385000 -6.786000
v -6.763000 10.385000 -6.286000
v -1.269000 10.385000 -6.286000
v -7.206000 10.385000 -5.786000
v -1.462000 10.385000 -5.786000
v -7.686000 10.385000 -5.286000
v -1.700000 10.385000 -5.286000
v -8.049000 10.385000 -4.786000
v -1.907000 10.385000 -4.786000
v -8.297000 10.385000 -4.286000
v -2.351000 10.385000 -4.286000
v -8.720000 10.385000 -3.786000
v -2.873000 10.385000 -3.786000
v -9.754000 10.385000 -3.286000
v -4.450000 10.385000 -3.286000
v -10.151000 10.385000 -2.786000
v -5.309000 10.385000 -2.786000
v -10.504000 10.385000 -2.286000
v -5.656000 10.385000 -2.286000
v -10.545000 10.385000 -1.786000
v -5.891000 10.385000 -1.786000
v -10.522000 10.385000 -1.286000
v -6.174000 10.385000 -1.286000
v -10.183000 10.385000 -0.786000
v -6.392000 10.385000 -0.786000
v -8.901000 10.385000 -0.286000
v -6.985000 10.385000 -0.286000
v -7.833000 6.385000 -6.076000
v -7.833000 6.385000 -4.258000
v -7.333000 6.385000 -6.546000
v -7.333000 6.385000 -4.009000
v -6.833000 6.385000 -6.775000
v -6.833000 6.385000 -3.833000
v -6.333000 6.385000 -6.965000
v -6.333000 6.385000 -3.539000
v -5.833000 6.385000 -7.166000
v -5.833000 6.385000 -3.517000
v -5.333000 6.385000 -7.029000
v -5.333000 6.385000 -3.656000
v -4.833000 6.385000 -6.921000
v -4.833000 6.385000 -3.930000
v -4.333000 6.385000 -6.581000
v -4.333000 6.385000 -4.346000
v -3.833000 6.385000 -6.195000
v -3.833000 6.385000 -4.829000
v -10.333000 10.385000 -2.605000
v -10.333000 10.385000 -0.932000
v -9.833000 10.385000 -3.203000
v -9.833000 10.385000 -0.613000
v -9.333000 10.385000 -3.528000
v -9.333000 10.385000 -0.442000
v -8.833000 10.385000 -3.708000
v -8.833000 10.385000 -0.273000
v -8.333000 10.385000 -4.219000
v -8.333000 10.385000 -0.226000
v -7.833000 10.385000 -5.149000
v -7.833000 10.385000 -0.182000
v -7.333000 10.385000 -17.017000
v -7.333000 10.385000 -15.302000
v -7.333000 10.385000 -5.667000
v -7.333000 10.385000 -0.183000
v -6.833000 10.385000 -17.645000
v -6.833000 10.385000 -13.885000
v -6.833000 10.385000 -6.170000
v -6.833000 10.385000 -0.365000
v -6.333000 10.385000 -17.864000
v -6.333000 10.385000 -12.471000
v -6.333000 10.385000 -7.688000
v -6.333000 10.385000 -0.881000
v -5.833000 10.385000 -17.931000
v -5.833000 10.385000 -10.266000
v -5.833000 10.385000 -8.019000
v -5.833000 10.385000 -1.877000
v -5.333000 10.385000 -17.940000
v -5.333000 10.385000 -9.318000
v -5.333000 10.385000 -8.420000
v -5.333000 10.385000 -2.761000
v -4.833000 10.385000 -17.944000
v -4.833000 10.385000 -3.125000
v -4.333000 10.385000 -17.924000
v -4.333000 10.385000 -3.353000
v -3.833000 10.385000 -17.821000
v -3.833000 10.385000 -3.563000
v -3.333000 10.385000 -17.610000
v -3.333000 10.385000 -14.066000
v -3.333000 10.385000 -11.933000
v -3.333000 10.385000 -3.624000
v -2.833000 10.385000 -17.242000
v -2.833000 10.385000 -14.709000
v -2.833000 10.385000 -9.793000
v -2.833000 10.385000 -3.809000
v -2.333000 10.385000 -16.693000
v -2.333000 10.385000 -15.418000
v -2.333000 10.385000 -8.618000
v -2.333000 10.385000 -4.307000
v -1.833000 10.385000 -8.160000
v -1.833000 10.385000 -4.918000
v -1.333000 10.385000 -6.998000
v -1.333000 10.385000 -6.056000
v -7.333000 7.995000 -16.286000
v -7.333000 10.855000 -16.286000
v -6.833000 7.738000 -16.286000
v -6.833000 11.538000 -16.286000
v -6.333000 7.712000 -16.286000
v -6.333000 12.064000 -16.286000
v -5.833000 7.656000 -16.286000
v -5.833000 12.374000 -16.286000
v -5.333000 7.623000 -16.286000
v -5.333000 12.560000 -16.286000
v -4.833000 7.532000 -16.286000
v -4.833000 12.579000 -16.286000
v -4.333000 7.544000 -16.286000
v -4.333000 12.583000 -16.286000
v -3.833000 7.641000 -16.286000
v -3.833000 12.525000 -16.286000
v -3.333000 7.689000 -16.286000
v -3.333000 12.282000 -16.286000
v -2.833000 7.926000 -16.286000
v -2.833000 11.323000 -16.286000
v -2.333000 8.201000 -16.286000
v -2.333000 10.570000 -16.286000
v -1.833000 8.765000 -16.286000
v -1.833000 9.970000 -16.286000
v -6.333000 8.424000 -12.286000
v -6.333000 10.258000 -12.286000
v -5.833000 8.040000 -12.286000
v -5.833000 10.793000 -12.286000
v -5.333000 7.671000 -12.286000
v -5.333000 11.068000 -12.286000
v -4.833000 7.468000 -12.286000
v -4.833000 11.177000 -12.286000
v -4.333000 7.424000 -12.286000
v -4.333000 11.112000 -12.286000
v -3.833000 7.465000 -12.286000
v -3.833000 10.835000 -12.286000
v -3.333000 7.700000 -12.286000
v -3.333000 10.074000 -12.286000
v -7.333000 7.268000 -8.286000
v -7.333000 9.223000 -8.286000
v -6.833000 6.933000 -8.286000
v -6.833000 9.787000 -8.286000
v -6.333000 6.695000 -8.286000
v -6.333000 10.039000 -8.286000
v -5.833000 6.686000 -8.286000
v -5.833000 10.178000 -8.286000
v -5.333000 6.909000 -8.286000
v -5.333000 10.543000 -8.286000
v -4.833000 7.684000 -8.286000
v -4.833000 11.970000 -8.286000
v -4.333000 9.411000 -8.286000
v -4.333000 12.637000 -8.286000
v -3.833000 9.780000 -8.286000
v -3.833000 13.235000 -8.286000
v -3.333000 9.866000 -8.286000
v -3.333000 13.493000 -8.286000
v -2.833000 10.006000 -8.286000
v -2.833000 13.505000 -8.286000
v -2.333000 10.220000 -8.286000
v -2.333000 13.282000 -8.286000
v -1.833000 10.466000 -8.286000
v -1.833000 12.481000 -8.286000
v -9.833000 7.432000 -4.286000
v -9.833000 9.317000 -4.286000
v -9.333000 6.779000 -4.286000
v -9.333000 9.914000 -4.286000
v -8.833000 6.559000 -4.286000
v -8.833000 10.145000 -4.286000
v -8.333000 6.503000 -4.286000
v -8.333000 10.360000 -4.286000
v -7.833000 6.371000 -4.286000
v -7.833000 10.786000 -4.286000
v -7.333000 6.164000 -4.286000
v -7.333000 11.348000 -4.286000
v -6.833000 5.996000 -4.286000
v -6.833000 11.590000 -4.286000
v -6.333000 5.774000 -4.286000
v -6.333000 11.775000 -4.286000
v -5.833000 5.768000 -4.286000
v -5.833000 11.822000 -4.286000
v -5.333000 5.777000 -4.286000
v -5.333000 11.870000 -4.286000
v -4.833000 5.999000 -4.286000
v -4.833000 11.947000 -4.286000
v -4.333000 6.430000 -4.286000
v -4.333000 12.077000 -4.286000
v -3.833000 7.596000 -4.286000
v -3.833000 12.100000 -4.286000
v -3.333000 8.814000 -4.286000
v -3.333000 11.941000 -4.286000
v -2.833000 9.191000 -4.286000
v -2.833000 11.403000 -4.286000
v -9.833000 8.373000 -0.286000
v -9.833000 9.906000 -0.286000
v -9.333000 8.345000 -0.286000
v -9.333000 10.010000 -0.286000
v -8.833000 8.702000 -0.286000
v -8.833000 10.420000 -0.286000
v -8.333000 8.834000 -0.286000
v -8.333000 10.526000 -0.286000
v -7.833000 9.312000 -0.286000
v -7.833000 10.898000 -0.286000
v -7.333000 9.858000 -0.286000
v -7.333000 10.926000 -0.286000
v -6.759000 6.885000 -8.286000
v -5.367000 6.885000 -8.286000
v -7.743000 6.885000 -7.786000
v -4.901000 6.885000 -7.786000
v -8.038000 6.885000 -7.286000
v -4.480000 6.885000 -7.286000
v -8.067000 6.885000 -6.786000
v -3.943000 6.885000 -6.786000
v -8.217000 6.885000 -6.286000
v -3.497000 6.885000 -6.286000
v -8.768000 6.885000 -5.786000
v -3.274000 6.885000 -5.786000
v -9.150000 6.885000 -5.286000
v -3.265000 6.885000 -5.286000
v -9.467000 6.885000 -4.786000
v -3.464000 6.885000 -4.786000
v -9.466000 6.885000 -4.286000
v -3.969000 6.885000 -4.286000
v -9.190000 6.885000 -3.786000
v -4.506000 6.885000 -3.786000
v -6.972000 6.885000 -3.286000
v -5.324000 6.885000 -3.286000
v -6.261000 10.885000 -17.786000
v -4.148000 10.885000 -17.786000
v -7.073000 10.885000 -17.286000
v -3.425000 10.885000 -17.286000
v -7.307000 10.885000 -16.786000
v -2.891000 10.885000 -16.786000
v -7.322000 10.885000 -16.286000
v -2.581000 10.885000 -16.286000
v -7.150000 10.885000 -15.786000
v -2.535000 10.885000 -15.786000
v -6.976000 10.885000 -15.286000
v -2.637000 10.885000 -15.286000
v -6.674000 10.885000 -14.786000
v -2.862000 10.885000 -14.786000
v -6.506000 10.885000 -14.286000
v -3.303000 10.885000 -14.286000
v -6.443000 10.885000 -13.786000
v -3.688000 10.885000 -13.786000
v -6.254000 10.885000 -13.286000
v -3.955000 10.885000 -13.286000
v -6.025000 10.885000 -12.786000
v -4.035000 10.885000 -12.786000
v -5.711000 10.885000 -12.286000
v -3.893000 10.885000 -12.286000
v -5.521000 10.885000 -11.786000
v -3.660000 10.885000 -11.786000
v -5.558000 10.885000 -11.286000
v -3.560000 10.885000 -11.286000
v -5.564000 10.885000 -10.786000
v -3.327000 10.885000 -10.786000
v -5.487000 10.885000 -10.286000
v -2.955000 10.885000 -10.286000
v -5.274000 10.885000 -9.786000
v -2.509000 10.885000 -9.786000
v -5.079000 10.885000 -9.286000
v -2.280000 10.885000 -9.286000
v -5.026000 10.885000 -8.786000
v -1.980000 10.885000 -8.786000
v -5.143000 10.885000 -8.286000
v -1.489000 10.885000 -8.286000
v -5.412000 10.885000 -7.786000
v -1.296000 10.885000 -7.786000
v -5.764000 10.885000 -7.286000
v -1.269000 10.885000 -7.286000
v -5.979000 10.885000 -6.786000
v -1.193000 10.885000 -6.786000
v -6.207000 10.885000 -6.286000
v -1.190000 10.885000 -6.286000
v -6.527000 10.885000 -5.786000
v -1.381000 10.885000 -5.786000
v -6.780000 10.885000 -5.286000
v -1.742000 10.885000 -5.286000
v -7.277000 10.885000 -4.786000
v -2.004000 10.885000 -4.786000
v -7.743000 10.885000 -4.286000
v -2.468000 10.885000 -4.286000
v -8.013000 10.885000 -3.786000
v -3.092000 10.885000 -3.786000
v -8.248000 10.885000 -3.286000
v -4.730000 10.885000 -3.286000
v -8.904000 10.885000 -2.786000
v -5.430000 10.885000 -2.786000
v -9.409000 10.885000 -2.286000
v -5.767000 10.885000 -2.286000
v -9.658000 10.885000 -1.786000
v -6.017000 10.885000 -1.786000
v -9.621000 10.885000 -1.286000
v -6.269000 10.885000 -1.286000
v -9.262000 10.885000 -0.786000
v -6.497000 10.885000 -0.786000
v -7.856000 10.885000 -0.286000
v -7.254000 10.885000 -0.286000
v -9.333000 6.885000 -5.078000
v -9.333000 6.885000 -3.996000
v -8.833000 6.885000 -5.723000
v -8.833000 6.885000 -3.499000
v -8.333000 6.885000 -6.129000
v -8.333000 6.885000 -3.403000
v -7.833000 6.885000 -7.690000
v -7.833000 6.885000 -3.477000
v -7.333000 6.885000 -8.019000
v -7.333000 6.885000 -3.414000
v -6.833000 6.885000 -8.229000
v -6.833000 6.885000 -3.244000
v -6.333000 6.885000 -8.530000
v -6.333000 6.885000 -3.131000
v -5.833000 6.885000 -8.541000
v -5.833000 6.885000 -3.144000
v -5.333000 6.885000 -8.252000
v -5.333000 6.885000 -3.284000
v -4.833000 6.885000 -7.722000
v -4.833000 6.885000 -3.485000
v -4.333000 6.885000 -7.146000
v -4.333000 6.885000 -3.937000
v -3.833000 6.885000 -6.682000
v -3.833000 6.885000 -4.412000
v -3.333000 6.885000 -5.986000
v -3.333000 6.885000 -5.038000
v -9.333000 10.885000 -2.394000
v -9.333000 10.885000 -0.850000
v -8.833000 10.885000 -2.843000
v -8.833000 10.885000 -0.580000
v -8.333000 10.885000 -3.193000
v -8.333000 10.885000 -0.459000
v -7.833000 10.885000 -4.161000
v -7.833000 10.885000 -0.281000
v -7.333000 10.885000 -4.749000
v -7.333000 10.885000 -0.270000
v -6.833000 10.885000 -17.528000
v -6.833000 10.885000 -15.025000
v -6.833000 10.885000 -5.215000
v -6.833000 10.885000 -0.467000
v -6.333000 10.885000 -17.767000
v -6.333000 10.885000 -13.451000
v -6.333000 10.885000 -6.143000
v -6.333000 10.885000 -1.082000
v -5.833000 10.885000 -17.878000
v -5.833000 10.885000 -12.435000
v -5.833000 10.885000 -7.171000
v -5.833000 10.885000 -2.106000
v -5.333000 10.885000 -17.922000
v -5.333000 10.885000 -9.925000
v -5.333000 10.885000 -7.895000
v -5.333000 10.885000 -2.873000
v -4.833000 10.885000 -17.915000
v -4.833000 10.885000 -3.238000
v -4.333000 10.885000 -17.837000
v -4.333000 10.885000 -3.482000
v -3.833000 10.885000 -17.625000
v -3.833000 10.885000 -13.526000
v -3.833000 10.885000 -12.173000
v -3.833000 10.885000 -3.672000
v -3.333000 10.885000 -17.190000
v -3.333000 10.885000 -14.257000
v -3.333000 10.885000 -10.796000
v -3.333000 10.885000 -3.719000
v -2.833000 10.885000 -16.729000
v -2.833000 10.885000 -14.835000
v -2.833000 10.885000 -10.147000
v -2.833000 10.885000 -3.920000
v -2.333000 10.885000 -9.448000
v -2.333000 10.885000 -4.439000
v -1.833000 10.885000 -8.646000
v -1.833000 10.885000 -5.114000
v -1.333000 10.885000 -7.950000
v -1.333000 10.885000 -5.868000
v -7.833000 8.330000 -15.786000
v -7.833000 9.395000 -15.786000
v -7.333000 7.725000 -15.786000
v -7.333000 10.486000 -15.786000
v -6.833000 7.518000 -15.786000
v -6.833000 11.449000 -15.786000
v -6.333000 7.503000 -15.786000
v -6.333000 12.058000 -15.786000
v -5.833000 7.440000 -15.786000
v -5.833000 12.552000 -15.786000
v -5.333000 7.294000 -15.786000
v -5.333000 12.751000 -15.786000
v -4.833000 7.291000 -15.786000
v -4.833000 12.774000 -15.786000
v -4.333000 7.418000 -15.786000
v -4.333000 12.781000 -15.786000
v -3.833000 7.478000 -15.786000
v -3.833000 12.720000 -15.786000
v -3.333000 7.509000 -15.786000
v -3.333000 12.520000 -15.786000
v -2.833000 7.725000 -15.786000
v -2.833000 11.940000 -15.786000
v -2.333000 8.198000 -15.786000
v -2.333000 10.569000 -15.786000
v -1.833000 8.806000 -15.786000
v -1.833000 9.929000 -15.786000
v -6.333000 8.842000 -11.786000
v -6.333000 9.915000 -11.786000
v -5.833000 8.140000 -11.786000
v -5.833000 10.556000 -11.786000
v -5.333000 7.668000 -11.786000
v -5.333000 11.015000 -11.786000
v -4.833000 7.480000 -11.786000
v -4.833000 11.207000 -11.786000
v -4.333000 7.468000 -11.786000
v -4.333000 11.210000 -11.786000
v -3.833000 7.501000 -11.786000
v -3.833000 11.015000 -11.786000
v -3.333000 7.714000 -11.786000
v -3.333000 10.457000 -11.786000
v -2.833000 8.326000 -11.786000
v -2.833000 9.395000 -11.786000
v -8.333000 8.258000 -7.786000
v -8.333000 8.455000 -7.786000
v -7.833000 6.958000 -7.786000
v -7.833000 9.316000 -7.786000
v -7.333000 6.693000 -7.786000
v -7.333000 9.614000 -7.786000
v -6.833000 6.624000 -7.786000
v -6.833000 10.019000 -7.786000
v -6.333000 6.510000 -7.786000
v -6.333000 10.320000 -7.786000
v -5.833000 6.502000 -7.786000
v -5.833000 10.570000 -7.786000
v -5.333000 6.668000 -7.786000
v -5.333000 10.987000 -7.786000
v -4.833000 6.933000 -7.786000
v -4.833000 12.039000 -7.786000
v -4.333000 8.558000 -7.786000
v -4.333000 12.855000 -7.786000
v -3.833000 9.400000 -7.786000
v -3.833000 13.477000 -7.786000
v -3.333000 9.603000 -7.786000
v -3.333000 13.689000 -7.786000
v -2.833000 9.670000 -7.786000
v -2.833000 13.700000 -7.786000
v -2.333000 9.919000 -7.786000
v -2.333000 13.514000 -7.786000
v -1.833000 10.241000 -7.786000
v -1.833000 12.979000 -7.786000
v -1.333000 10.804000 -7.786000
v -1.333000 12.044000 -7.786000
v -9.833000 7.501000 -3.786000
v -9.833000 9.777000 -3.786000
v -9.333000 6.969000 -3.786000
v -9.333000 10.190000 -3.786000
v -8.833000 6.756000 -3.786000
v -8.833000 10.343000 -3.786000
v -8.333000 6.708000 -3.786000
v -8.333000 10.606000 -3.786000
v -7.833000 6.697000 -3.786000
v -7.833000 11.070000 -3.786000
v -7.333000 6.621000 -3.786000
v -7.333000 11.561000 -3.786000
v -6.833000 6.427000 -3.786000
v -6.833000 11.741000 -3.786000
v -6.333000 6.186000 -3.786000
v -6.333000 11.793000 -3.786000
v -5.833000 6.166000 -3.786000
v -5.833000 11.802000 -3.786000
v -5.333000 6.271000 -3.786000
v -5.333000 11.672000 -3.786000
v -4.833000 6.508000 -3.786000
v -4.833000 11.502000 -3.786000
v -4.333000 7.670000 -3.786000
v -4.333000 8.133000 -3.786000
v -4.333000 8.460000 -3.786000
v -4.333000 11.301000 -3.786000
v -3.833000 9.283000 -3.786000
v -3.833000 11.093000 -3.786000
v -3.333000 9.722000 -3.786000
v -3.333000 11.031000 -3.786000
v -5.634000 7.385000 -15.786000
v -4.482000 7.385000 -15.786000
v -6.126000 7.385000 -15.286000
v -3.438000 7.385000 -15.286000
v -6.062000 7.385000 -14.786000
v -3.160000 7.385000 -14.786000
v -5.718000 7.385000 -14.286000
v -3.145000 7.385000 -14.286000
v -5.224000 7.385000 -13.786000
v -3.096000 7.385000 -13.786000
v -4.973000 7.385000 -13.286000
v -3.112000 7.385000 -13.286000
v -4.745000 7.385000 -12.786000
v -3.459000 7.385000 -12.786000
v -6.558000 7.385000 -8.786000
v -5.479000 7.385000 -8.786000
v -7.485000 7.385000 -8.286000
v -4.955000 7.385000 -8.286000
v -8.137000 7.385000 -7.786000
v -4.474000 7.385000 -7.786000
v -8.378000 7.385000 -7.286000
v -4.043000 7.385000 -7.286000
v -8.562000 7.385000 -6.786000
v -3.541000 7.385000 -6.786000
v -8.807000 7.385000 -6.286000
v -3.317000 7.385000 -6.286000
v -9.222000 7.385000 -5.786000
v -3.177000 7.385000 -5.786000
v -9.605000 7.385000 -5.286000
v -3.169000 7.385000 -5.286000
v -9.816000 7.385000 -4.786000
v -3.362000 7.385000 -4.786000
v -9.815000 7.385000 -4.286000
v -3.846000 7.385000 -4.286000
v -9.761000 7.385000 -3.786000
v -4.362000 7.385000 -3.786000
v -9.862000 7.385000 -3.286000
v -4.950000 7.385000 -3.286000
v -10.083000 7.385000 -2.786000
v -5.891000 7.385000 -2.786000
v -10.064000 7.385000 -2.286000
v -7.082000 7.385000 -2.286000
v -9.765000 7.385000 -1.786000
v -7.430000 7.385000 -1.786000
v -5.859000 11.385000 -17.786000
v -4.734000 11.385000 -17.786000
v -6.657000 11.385000 -17.286000
v -3.914000 11.385000 -17.286000
v -6.963000 11.385000 -16.786000
v -3.324000 11.385000 -16.786000
v -6.985000 11.385000 -16.286000
v -2.858000 11.385000 -16.286000
v -6.866000 11.385000 -15.786000
v -2.696000 11.385000 -15.786000
v -6.651000 11.385000 -15.286000
v -2.710000 11.385000 -15.286000
v -6.366000 11.385000 -14.786000
v -2.909000 11.385000 -14.786000
v -6.220000 11.385000 -14.286000
v -3.399000 11.385000 -14.286000
v -6.131000 11.385000 -13.786000
v -3.842000 11.385000 -13.786000
v -5.857000 11.385000 -13.286000
v -4.373000 11.385000 -13.286000
v -4.596000 11.385000 -10.786000
v -3.868000 11.385000 -10.786000
v -4.819000 11.385000 -10.286000
v -2.951000 11.385000 -10.286000
v -4.946000 11.385000 -9.786000
v -2.399000 11.385000 -9.786000
v -4.977000 11.385000 -9.286000
v -2.174000 11.385000 -9.286000
v -4.969000 11.385000 -8.786000
v -1.824000 11.385000 -8.786000
v -4.983000 11.385000 -8.286000
v -1.363000 11.385000 -8.286000
v -5.132000 11.385000 -7.786000
v -1.188000 11.385000 -7.786000
v -5.341000 11.385000 -7.286000
v -1.198000 11.385000 -7.286000
v -5.498000 11.385000 -6.786000
v -1.227000 11.385000 -6.786000
v -5.585000 11.385000 -6.286000
v -1.298000 11.385000 -6.286000
v -5.756000 11.385000 -5.786000
v -1.509000 11.385000 -5.786000
v -6.285000 11.385000 -5.286000
v -2.002000 11.385000 -5.286000
v -6.709000 11.385000 -4.786000
v -2.341000 11.385000 -4.786000
v -7.279000 11.385000 -4.286000
v -2.820000 11.385000 -4.286000
v -7.568000 11.385000 -3.786000
v -4.472000 11.385000 -3.786000
v -7.721000 11.385000 -3.286000
v -5.308000 11.385000 -3.286000
v -8.090000 11.385000 -2.786000
v -5.915000 11.385000 -2.786000
v -8.445000 11.385000 -2.286000
v -6.133000 11.385000 -2.286000
v -8.608000 11.385000 -1.786000
v -6.439000 11.385000 -1.786000
v -8.577000 11.385000 -1.286000
v -6.599000 11.385000 -1.286000
v -8.176000 11.385000 -0.786000
v -6.935000 11.385000 -0.786000
v -9.833000 7.385000 -3.360000
v -9.833000 7.385000 -1.864000
v -9.333000 7.385000 -5.647000
v -9.333000 7.385000 -1.557000
v -8.833000 7.385000 -6.255000
v -8.833000 7.385000 -1.542000
v -8.333000 7.385000 -7.393000
v -8.333000 7.385000 -1.537000
v -7.833000 7.385000 -8.101000
v -7.833000 7.385000 -1.557000
v -7.333000 7.385000 -8.339000
v -7.333000 7.385000 -1.891000
v -6.833000 7.385000 -8.633000
v -6.833000 7.385000 -2.514000
v -6.333000 7.385000 -8.855000
v -6.333000 7.385000 -2.710000
v -5.833000 7.385000 -15.651000
v -5.833000 7.385000 -14.411000
v -5.833000 7.385000 -8.893000
v -5.833000 7.385000 -2.798000
v -5.333000 7.385000 -15.905000
v -5.333000 7.385000 -13.906000
v -5.333000 7.385000 -8.693000
v -5.333000 7.385000 -3.032000
v -4.833000 7.385000 -15.949000
v -4.833000 7.385000 -12.958000
v -4.833000 7.385000 -8.152000
v -4.833000 7.385000 -3.354000
v -4.333000 7.385000 -15.698000
v -4.333000 7.385000 -12.447000
v -4.333000 7.385000 -7.598000
v -4.333000 7.385000 -3.815000
v -3.833000 7.385000 -15.497000
v -3.833000 7.385000 -12.528000
v -3.833000 7.385000 -7.083000
v -3.833000 7.385000 -4.298000
v -3.333000 7.385000 -15.142000
v -3.333000 7.385000 -12.902000
v -3.333000 7.385000 -6.344000
v -3.333000 7.385000 -4.834000
v -8.333000 11.385000 -2.523000
v -8.333000 11.385000 -0.941000
v -7.833000 11.385000 -3.118000
v -7.833000 11.385000 -0.609000
v -7.333000 11.385000 -4.232000
v -7.333000 11.385000 -0.594000
v -6.833000 11.385000 -17.059000
v -6.833000 11.385000 -15.666000
v -6.833000 11.385000 -4.663000
v -6.833000 11.385000 -0.879000
v -6.333000 11.385000 -17.572000
v -6.333000 11.385000 -14.682000
v -6.333000 11.385000 -5.235000
v -6.333000 11.385000 -1.941000
v -5.833000 11.385000 -17.792000
v -5.833000 11.385000 -13.263000
v -5.833000 11.385000 -5.677000
v -5.833000 11.385000 -2.880000
v -5.333000 11.385000 -17.823000
v -5.333000 11.385000 -12.988000
v -5.333000 11.385000 -7.307000
v -5.333000 11.385000 -3.260000
v -4.833000 11.385000 -17.811000
v -4.833000 11.385000 -12.967000
v -4.833000 11.385000 -10.234000
v -4.833000 11.385000 -3.631000
v -4.333000 11.385000 -17.592000
v -4.333000 11.385000 -13.321000
v -4.333000 11.385000 -10.899000
v -4.333000 11.385000 -3.848000
v -3.833000 11.385000 -17.218000
v -3.833000 11.385000 -13.795000
v -3.833000 11.385000 -10.771000
v -3.833000 11.385000 -3.990000
v -3.333000 11.385000 -16.793000
v -3.333000 11.385000 -14.349000
v -3.333000 11.385000 -10.518000
v -3.333000 11.385000 -4.032000
v -2.833000 11.385000 -16.240000
v -2.833000 11.385000 -14.919000
v -2.833000 11.385000 -10.211000
v -2.833000 11.385000 -4.275000
v -2.333000 11.385000 -9.675000
v -2.333000 11.385000 -4.796000
v -1.833000 11.385000 -8.795000
v -1.833000 11.385000 -5.454000
v -1.333000 11.385000 -8.233000
v -1.333000 11.385000 -6.144000
v -7.833000 8.288000 -15.286000
v -7.833000 9.491000 -15.286000
v -7.333000 7.706000 -15.286000
v -7.333000 10.376000 -15.286000
v -6.833000 7.503000 -15.286000
v -6.833000 11.071000 -15.286000
v -6.333000 7.439000 -15.286000
v -6.333000 11.963000 -15.286000
v -5.833000 7.266000 -15.286000
v -5.833000 12.543000 -15.286000
v -5.333000 7.072000 -15.286000
v -5.333000 12.744000 -15.286000
v -4.833000 7.071000 -15.286000
v -4.833000 12.777000 -15.286000
v -4.333000 7.177000 -15.286000
v -4.333000 12.782000 -15.286000
v -3.833000 7.280000 -15.286000
v -3.833000 12.718000 -15.286000
v -3.333000 7.429000 -15.286000
v -3.333000 12.517000 -15.286000
v -2.833000 7.712000 -15.286000
v -2.833000 11.934000 -15.286000
v -2.333000 8.262000 -15.286000
v -2.333000 10.265000 -15.286000
v -5.833000 8.191000 -11.286000
v -5.833000 10.524000 -11.286000
v -5.333000 7.681000 -11.286000
v -5.333000 11.068000 -11.286000
v -4.833000 7.503000 -11.286000
v -4.833000 11.269000 -11.286000
v -4.333000 7.501000 -11.286000
v -4.333000 11.271000 -11.286000
v -3.833000 7.521000 -11.286000
v -3.833000 11.106000 -11.286000
v -3.333000 7.735000 -11.286000
v -3.333000 10.518000 -11.286000
v -2.833000 8.370000 -11.286000
v -2.833000 9.351000 -11.286000
v -8.333000 7.313000 -7.286000
v -8.333000 9.306000 -7.286000
v -7.833000 6.711000 -7.286000
v -7.833000 9.564000 -7.286000
v -7.333000 6.494000 -7.286000
v -7.333000 9.756000 -7.286000
v -6.833000 6.475000 -7.286000
v -6.833000 10.113000 -7.286000
v -6.333000 6.465000 -7.286000
v -6.333000 10.566000 -7.286000
v -5.833000 6.423000 -7.286000
v -5.833000 10.835000 -7.286000
v -5.333000 6.502000 -7.286000
v -5.333000 11.397000 -7.286000
v -4.833000 6.649000 -7.286000
v -4.833000 12.079000 -7.286000
v -4.333000 6.996000 -7.286000
v -4.333000 12.847000 -7.286000
v -3.833000 8.639000 -7.286000
v -3.833000 13.473000 -7.286000
v -3.333000 9.225000 -7.286000
v -3.333000 13.686000 -7.286000
v -2.833000 9.448000 -7.286000
v -2.833000 13.697000 -7.286000
v -2.333000 9.662000 -7.286000
v -2.333000 13.510000 -7.286000
v -1.833000 9.929000 -7.286000
v -1.833000 12.972000 -7.286000
v -1.333000 10.671000 -7.286000
v -1.333000 12.010000 -7.286000
v -10.333000 8.196000 -3.286000
v -10.333000 9.582000 -3.286000
v -9.833000 7.358000 -3.286000
v -9.833000 10.321000 -3.286000
v -9.333000 7.044000 -3.286000
v -9.333000 10.581000 -3.286000
v -8.833000 6.944000 -3.286000
v -8.833000 10.643000 -3.286000
v -8.333000 6.920000 -3.286000
v -8.333000 10.827000 -3.286000
v -7.833000 6.958000 -3.286000
v -7.833000 11.290000 -3.286000
v -7.333000 6.942000 -3.286000
v -7.333000 11.607000 -3.286000
v -6.833000 6.850000 -3.286000
v -6.833000 11.732000 -3.286000
v -6.333000 6.712000 -3.286000
v -6.333000 11.712000 -3.286000
v -5.833000 6.698000 -3.286000
v -5.833000 11.622000 -3.286000
v -5.333000 6.881000 -3.286000
v -5.333000 11.405000 -3.286000
v -4.833000 8.890000 -3.286000
v -4.833000 10.980000 -3.286000
f 392 287 187
f 646 561 392
f 392 561 287
f 894 813 646
f 646 813 561
f 894 188 813
f 116 9 189
f 289 392 187
f 289 187 9
f 463 289 9
f 116 463 9
f 392 289 563
f 392 563 646
f 646 563 815
f 646 815 894
f 1075 188 894
f 815 1075 894
f 1077 1075 815
f 1077 464 1075
f 1075 464 190
f 116 189 11
f 189 465 11
f 189 191 465
f 463 116 11
f 1333 190 464
f 1333 464 1335
f 1335 466 1333
f 1333 466 192
f 467 191 193
f 467 465 191
f 1603 192 466
f 1603 466 1605
f 1996 1895 468
f 1895 1605 468
f 1895 1603 1605
f 1996 194 1895
f 1962 1843 195
f 193 1843 1962
f 469 193 1962
f 467 193 469
f 1897 1996 468
f 470 156 71
f 470 71 194
f 1897 470 194
f 1996 1897 194
f 156 196 71
f 1962 195 1845
f 195 471 1845
f 195 197 471
f 469 1962 1845
f 73 156 470
f 472 440 353
f 472 353 196
f 73 472 196
f 156 73 196
f 440 198 353
f 473 197 199
f 473 471 197
f 355 440 472
f 355 474 440
f 474 198 440
f 474 200 198
f 475 199 201
f 475 473 199
f 200 476 202
f 474 476 200
f 477 201 203
f 477 475 201
f 356 478 450
f 450 204 356
f 204 476 356
f 204 202 476
f 479 203 205
f 479 477 203
f 1898 480 2020
f 1898 2020 174
f 1898 174 74
f 450 478 74
f 450 74 174
f 354 450 174
f 206 354 174
f 204 450 354
f 205 1844 479
f 479 1844 1846
f 481 1846 1844
f 481 1844 207
f 1078 482 1186
f 1078 1186 1454
f 1078 1454 1336
f 1336 1454 208
f 1604 1336 208
f 1606 1336 1604
f 480 1606 2020
f 1606 1896 2020
f 1606 1604 1896
f 72 174 1896
f 1896 174 2020
f 206 174 72
f 207 10 481
f 481 10 12
f 10 209 436
f 290 10 436
f 12 10 290
f 290 436 688
f 290 688 564
f 564 688 934
f 564 934 816
f 1186 482 816
f 1186 816 934
f 1076 1186 934
f 210 1076 934
f 1334 1454 1076
f 1076 1454 1186
f 208 1454 1334
f 288 436 209
f 562 688 288
f 288 688 436
f 814 934 562
f 562 934 688
f 210 934 814
f 662 577 211
f 483 831 662
f 831 577 662
f 831 829 577
f 831 1091 829
f 1093 1091 831
f 1093 1349 1091
f 1351 1349 1093
f 1351 484 1349
f 1349 484 212
f 132 25 213
f 485 305 132
f 305 25 132
f 305 303 25
f 579 662 211
f 303 579 211
f 305 579 303
f 483 662 579
f 1619 212 484
f 1619 484 1621
f 1621 486 1619
f 1619 486 214
f 215 136 213
f 213 136 132
f 485 132 136
f 485 136 487
f 214 488 216
f 486 488 214
f 217 140 215
f 215 140 136
f 487 136 140
f 487 140 489
f 1903 216 488
f 1903 488 1905
f 1905 490 1903
f 1903 490 218
f 219 144 217
f 217 144 140
f 489 140 144
f 489 144 491
f 1904 2017 220
f 218 490 1904
f 490 171 1904
f 171 2017 1904
f 171 490 77
f 77 492 171
f 26 144 219
f 306 491 426
f 426 491 221
f 491 144 221
f 144 26 221
f 306 426 678
f 306 678 580
f 493 580 678
f 2021 222 220
f 2021 220 2017
f 2017 175 2021
f 2017 171 175
f 171 492 175
f 175 492 494
f 304 426 221
f 578 678 304
f 304 678 426
f 678 578 493
f 578 832 493
f 578 830 832
f 1092 832 830
f 1092 1094 832
f 1350 1094 1092
f 1350 1352 1094
f 1620 1352 1350
f 1620 1622 1352
f 2021 1906 222
f 1906 1620 222
f 1906 1622 1620
f 1906 2021 78
f 78 2021 175
f 175 494 78
f 495 37 223
f 223 37 35
f 37 319 35
f 321 319 37
f 321 593 319
f 595 593 321
f 595 496 593
f 593 496 224
f 497 1863 225
f 225 1863 1861
f 223 1861 1863
f 223 1863 495
f 845 224 496
f 845 496 847
f 847 498 845
f 845 498 226
f 499 1577 227
f 227 1577 1575
f 225 1575 1577
f 225 1577 497
f 226 500 228
f 498 500 226
f 501 1309 1395
f 229 1395 1309
f 499 229 1309
f 227 229 499
f 500 1109 1161
f 230 500 1161
f 228 500 230
f 1109 502 1161
f 1397 503 1395
f 1395 503 501
f 1395 229 231
f 1395 231 1397
f 1161 1107 230
f 1161 502 1107
f 502 232 1107
f 502 504 232
f 1307 233 1397
f 233 503 1397
f 233 505 503
f 1397 231 1307
f 1365 232 504
f 1365 504 1367
f 1367 506 1365
f 1365 506 234
f 507 233 235
f 507 505 233
f 1635 234 506
f 1635 506 1637
f 1637 508 1635
f 1635 508 236
f 509 235 237
f 509 507 235
f 1919 236 508
f 1919 508 1921
f 1921 510 1919
f 1919 510 238
f 511 237 239
f 511 509 237
f 91 238 510
f 91 510 93
f 93 512 91
f 91 512 240
f 1407 513 1308
f 513 239 1308
f 513 511 239
f 241 1407 1308
f 369 240 512
f 369 512 371
f 371 514 369
f 369 514 242
f 1407 1310 513
f 1685 515 1576
f 1576 515 241
f 515 1310 241
f 1310 1407 241
f 243 1685 1576
f 629 242 514
f 629 514 631
f 631 516 629
f 629 516 244
f 1685 1578 515
f 1983 517 1862
f 1862 517 243
f 517 1578 243
f 1578 1685 243
f 36 149 1983
f 36 1983 1862
f 320 427 149
f 320 149 36
f 245 427 320
f 518 944 879
f 244 518 879
f 516 518 244
f 944 246 879
f 1983 1864 517
f 1864 1983 38
f 38 1983 149
f 38 149 322
f 322 149 427
f 685 519 594
f 594 519 245
f 519 322 245
f 322 427 245
f 247 685 594
f 520 946 944
f 520 944 518
f 246 944 248
f 248 944 946
f 685 596 519
f 935 521 846
f 846 521 247
f 521 596 247
f 596 685 247
f 249 935 846
f 632 522 700
f 946 520 632
f 946 632 700
f 880 946 700
f 250 880 700
f 248 946 880
f 935 848 521
f 523 848 935
f 249 523 935
f 251 523 249
f 372 524 462
f 700 522 372
f 700 372 462
f 630 700 462
f 252 630 462
f 250 700 630
f 251 1108 523
f 523 1108 1110
f 525 1110 1108
f 525 1108 253
f 94 526 186
f 462 524 94
f 462 94 186
f 370 462 186
f 254 370 186
f 252 462 370
f 253 1366 525
f 525 1366 1368
f 1636 1368 1366
f 1636 1638 1368
f 1920 1638 1636
f 1920 1922 1638
f 526 1922 186
f 1922 92 186
f 1922 1920 92
f 254 186 92
f 527 337 379
f 379 337 633
f 633 337 611
f 633 611 881
f 881 611 863
f 881 863 1145
f 1145 863 1125
f 1125 528 1145
f 529 53 255
f 255 53 51
f 53 527 379
f 335 53 379
f 51 53 335
f 633 609 335
f 633 335 379
f 881 861 609
f 881 609 633
f 1145 1123 861
f 1145 861 881
f 528 1383 1411
f 528 1411 256
f 1145 528 256
f 1123 1145 256
f 1383 530 1411
f 531 1879 257
f 257 1879 1877
f 255 1877 1879
f 255 1879 529
f 1411 1381 256
f 1411 530 1381
f 530 258 1381
f 530 532 258
f 533 257 259
f 533 531 257
f 532 1653 1689
f 260 532 1689
f 258 532 260
f 1653 534 1689
f 535 259 261
f 535 533 259
f 1689 1651 260
f 1689 534 1651
f 534 262 1651
f 534 536 262
f 537 261 263
f 537 535 261
f 536 1937 1985
f 264 536 1985
f 262 536 264
f 1937 538 1985
f 539 263 265
f 539 537 263
f 1985 1935 264
f 1985 538 1935
f 538 266 1935
f 538 540 266
f 541 265 267
f 541 539 265
f 266 542 268
f 540 542 266
f 1880 541 1958
f 541 269 1958
f 541 267 269
f 543 1880 1958
f 268 544 270
f 542 544 268
f 271 1960 269
f 269 1960 1958
f 126 54 543
f 1958 126 543
f 1960 126 1958
f 545 54 126
f 270 546 272
f 544 546 270
f 1878 1960 271
f 273 130 1878
f 130 1960 1878
f 130 126 1960
f 410 338 545
f 126 410 545
f 130 410 126
f 338 410 664
f 338 664 612
f 612 664 910
f 612 910 864
f 547 864 910
f 1938 548 274
f 1938 274 1936
f 1936 272 1938
f 1938 272 546
f 52 130 273
f 336 410 52
f 52 410 130
f 610 664 336
f 336 664 410
f 862 910 610
f 610 910 664
f 910 862 547
f 862 1126 547
f 862 1124 1126
f 1124 275 1442
f 1384 1124 1442
f 1126 1124 1384
f 1384 1442 276
f 1652 1384 276
f 1654 1384 1652
f 1652 274 1654
f 1654 274 548
f 1382 1442 275
f 276 1442 1382
f 703 1321 1431
f 1321 704 1431
f 705 1063 1171
f 703 1431 1063
f 1431 1171 1063
f 1431 1435 1171
f 1591 1707 704
f 1707 1431 704
f 1707 1435 1431
f 1707 1591 1999
f 1999 1591 1883
f 1883 706 1999
f 707 801 911
f 705 1171 801
f 1171 911 801
f 1171 1173 911
f 1171 1439 1173
f 1171 1435 1439
f 1435 1711 1439
f 1435 1707 1711
f 1707 2003 1711
f 1707 1999 2003
f 1999 706 2003
f 2003 706 708
f 709 549 667
f 707 911 549
f 911 667 549
f 911 913 667
f 911 1175 913
f 911 1173 1175
f 1173 1443 1175
f 1173 1439 1443
f 1439 1715 1443
f 1439 1711 1715
f 1711 2007 1715
f 1711 2003 2007
f 2003 708 2007
f 2007 708 710
f 669 711 667
f 667 711 709
f 667 915 669
f 667 913 915
f 913 1177 915
f 913 1175 1177
f 1175 1445 1177
f 1175 1443 1445
f 1443 1717 1445
f 1443 1715 1717
f 712 1717 1884
f 1717 2007 1884
f 1717 1715 2007
f 2007 710 1884
f 673 713 669
f 669 713 711
f 669 919 673
f 669 915 919
f 915 1179 919
f 915 1177 1179
f 1177 1447 1179
f 1177 1445 1447
f 714 1447 1592
f 1447 1717 1592
f 1447 1445 1717
f 1717 712 1592
f 677 715 673
f 673 715 713
f 673 923 677
f 673 919 923
f 919 1181 923
f 919 1179 1181
f 716 1181 1322
f 1181 1447 1322
f 1181 1179 1447
f 1447 714 1322
f 677 550 715
f 550 677 802
f 802 677 923
f 802 923 1064
f 1064 923 1181
f 1181 716 1064
f 396 289 463
f 650 563 396
f 396 563 289
f 898 815 650
f 650 815 563
f 1160 1077 898
f 898 1077 815
f 1160 464 1077
f 120 11 465
f 291 396 463
f 291 463 11
f 717 291 11
f 120 717 11
f 396 291 565
f 396 565 650
f 650 565 817
f 650 817 898
f 898 817 1079
f 898 1079 1160
f 718 1428 1335
f 718 1335 464
f 1079 718 464
f 1160 1079 464
f 1428 466 1335
f 467 124 465
f 465 124 120
f 717 120 124
f 717 124 719
f 1337 1428 718
f 1605 466 1428
f 1337 1605 1428
f 1607 1605 1337
f 1607 720 1605
f 1605 720 468
f 124 467 13
f 467 721 13
f 467 469 721
f 719 124 13
f 1897 468 720
f 1897 720 1899
f 1899 722 1897
f 1897 722 470
f 1966 1845 471
f 469 1845 1966
f 723 469 1966
f 721 469 723
f 73 470 722
f 73 722 75
f 75 724 73
f 73 724 472
f 1966 471 1847
f 471 725 1847
f 471 473 725
f 723 1966 1847
f 726 442 355
f 472 726 355
f 724 726 472
f 442 474 355
f 727 473 475
f 727 725 473
f 728 446 442
f 728 442 726
f 474 442 476
f 476 442 446
f 729 475 477
f 729 727 475
f 1900 730 2016
f 1900 2016 170
f 1900 170 76
f 446 728 76
f 446 76 170
f 356 446 170
f 478 356 170
f 476 446 356
f 731 477 479
f 731 729 477
f 1338 732 1450
f 1338 1450 1724
f 1338 1724 1608
f 2016 730 1608
f 2016 1608 1724
f 1898 2016 1724
f 480 1898 1724
f 74 170 1898
f 1898 170 2016
f 478 170 74
f 479 1846 731
f 731 1846 1848
f 733 1848 1846
f 733 1846 481
f 1080 734 482
f 1080 482 1078
f 732 1080 1450
f 1080 1336 1450
f 1080 1078 1336
f 1606 1724 1336
f 1336 1724 1450
f 480 1724 1606
f 481 12 733
f 733 12 14
f 290 14 12
f 290 292 14
f 564 292 290
f 564 566 292
f 816 566 564
f 816 818 566
f 816 482 818
f 818 482 734
f 735 833 483
f 483 833 831
f 833 1093 831
f 1095 1093 833
f 1436 1351 736
f 1351 1095 736
f 1351 1093 1095
f 1436 484 1351
f 737 307 485
f 485 307 305
f 307 579 305
f 581 579 307
f 483 579 581
f 483 581 735
f 1353 1436 736
f 738 1712 1621
f 738 1621 484
f 1353 738 484
f 1436 1353 484
f 1712 486 1621
f 739 485 487
f 739 737 485
f 1623 1712 738
f 488 486 1712
f 1907 488 1712
f 1623 1907 1712
f 2009 488 1907
f 1907 740 2009
f 308 739 418
f 739 489 418
f 739 487 489
f 741 308 418
f 2009 1905 488
f 740 79 167
f 740 167 490
f 2009 740 490
f 1905 2009 490
f 79 742 167
f 491 422 489
f 489 422 418
f 674 582 741
f 418 674 741
f 422 674 418
f 743 582 674
f 167 77 490
f 742 357 451
f 742 451 492
f 167 742 492
f 77 167 492
f 357 744 451
f 306 422 491
f 580 674 306
f 306 674 422
f 834 743 924
f 924 743 493
f 743 674 493
f 674 580 493
f 745 834 924
f 455 494 492
f 455 492 451
f 451 744 455
f 455 744 746
f 832 924 493
f 924 832 745
f 832 1096 745
f 832 1094 1096
f 1352 1455 747
f 1096 1352 747
f 1094 1352 1096
f 1622 1729 1455
f 1622 1455 1352
f 1906 2025 1729
f 1906 1729 1622
f 78 179 2025
f 78 2025 1906
f 455 358 494
f 494 358 78
f 358 748 78
f 748 179 78
f 455 746 358
f 1455 1354 747
f 1354 1455 1624
f 1624 1455 1729
f 1624 1729 1908
f 1908 1729 2025
f 1908 2025 80
f 80 2025 179
f 179 748 80
f 749 39 107
f 107 39 385
f 385 39 323
f 385 323 639
f 639 323 597
f 597 750 639
f 751 1865 1949
f 749 107 1865
f 1865 107 1949
f 107 37 1949
f 37 495 1949
f 385 321 37
f 385 37 107
f 639 595 321
f 639 321 385
f 750 849 889
f 750 889 496
f 639 750 496
f 595 639 496
f 849 752 889
f 753 1579 1667
f 751 1949 1579
f 1579 1949 1667
f 1949 1863 1667
f 1863 497 1667
f 1949 495 1863
f 889 847 496
f 889 752 847
f 752 498 847
f 752 754 498
f 755 1311 1393
f 753 1667 1311
f 1311 1667 1393
f 1667 1577 1393
f 1577 499 1393
f 1667 497 1577
f 754 1111 1157
f 500 754 1157
f 498 754 500
f 1111 756 1157
f 1309 501 1393
f 501 755 1393
f 501 757 755
f 1393 499 1309
f 1157 1109 500
f 1157 756 1109
f 756 502 1109
f 756 758 502
f 759 501 503
f 759 757 501
f 758 1369 1429
f 504 758 1429
f 502 758 504
f 1369 760 1429
f 761 1055 1137
f 505 1137 1055
f 759 505 1055
f 503 505 759
f 1429 1367 504
f 760 1639 1705
f 760 1705 506
f 1429 760 506
f 1367 1429 506
f 1639 762 1705
f 1139 763 1137
f 1137 763 761
f 1137 505 507
f 1137 507 1139
f 1705 1637 506
f 1705 762 1637
f 762 508 1637
f 762 764 508
f 1141 765 1139
f 1139 765 763
f 1139 507 509
f 1139 509 1141
f 1921 508 764
f 1921 764 1923
f 510 1921 159
f 1921 95 159
f 1921 1923 95
f 95 766 159
f 1141 1056 765
f 767 1056 1141
f 509 767 1141
f 511 767 509
f 159 93 510
f 766 373 443
f 766 443 512
f 159 766 512
f 93 159 512
f 373 768 443
f 769 511 513
f 769 767 511
f 443 371 512
f 443 768 371
f 768 514 371
f 768 770 514
f 1409 771 1310
f 771 513 1310
f 771 769 513
f 515 1409 1310
f 772 694 631
f 514 772 631
f 770 772 514
f 694 516 631
f 1409 1312 771
f 1687 773 1578
f 1578 773 515
f 773 1312 515
f 1312 1409 515
f 517 1687 1578
f 774 696 694
f 774 694 772
f 516 694 518
f 518 694 696
f 1687 1580 773
f 517 1864 1687
f 1864 1580 1687
f 1864 1866 1580
f 38 1866 1864
f 38 40 1866
f 322 433 775
f 40 322 775
f 38 322 40
f 519 433 322
f 776 698 696
f 776 696 774
f 518 696 520
f 520 696 698
f 433 324 775
f 689 777 596
f 596 777 519
f 777 324 519
f 324 433 519
f 521 689 596
f 374 778 460
f 698 776 374
f 698 374 460
f 632 698 460
f 522 632 460
f 520 698 632
f 689 598 777
f 939 779 848
f 848 779 521
f 779 598 521
f 598 689 521
f 523 939 848
f 96 780 184
f 460 778 96
f 460 96 184
f 372 460 184
f 524 372 184
f 522 460 372
f 939 850 779
f 523 1110 939
f 1110 850 939
f 1110 1112 850
f 1110 525 1464
f 1370 1110 1464
f 1112 1110 1370
f 1370 1464 1736
f 1370 1736 1640
f 1640 1736 2032
f 1640 2032 1924
f 184 780 1924
f 184 1924 2032
f 94 184 2032
f 526 94 2032
f 524 184 94
f 1368 1464 525
f 1638 1736 1368
f 1368 1736 1464
f 1922 2032 1638
f 1638 2032 1736
f 526 2032 1922
f 781 339 527
f 527 339 337
f 339 611 337
f 613 611 339
f 613 863 611
f 865 863 613
f 865 1125 863
f 1127 1125 865
f 1127 782 1125
f 1125 782 528
f 783 55 529
f 529 55 53
f 527 53 55
f 527 55 781
f 1383 528 782
f 1383 782 1385
f 1385 784 1383
f 1383 784 530
f 1946 1879 531
f 529 1879 1946
f 785 529 1946
f 783 529 785
f 530 786 532
f 784 786 530
f 1946 531 1881
f 531 787 1881
f 531 533 787
f 785 1946 1881
f 1653 532 786
f 1653 786 1655
f 1655 788 1653
f 1653 788 534
f 789 533 535
f 789 787 533
f 534 790 536
f 788 790 534
f 791 535 537
f 791 789 535
f 1937 536 790
f 1937 790 1939
f 1939 792 1937
f 1937 792 538
f 793 537 539
f 793 791 537
f 538 794 540
f 792 794 538
f 1882 793 1956
f 793 541 1956
f 793 539 541
f 795 1882 1956
f 540 796 542
f 794 796 540
f 1880 1956 541
f 56 795 122
f 122 795 543
f 795 1956 543
f 1956 1880 543
f 797 56 122
f 542 798 544
f 796 798 542
f 54 122 543
f 340 797 406
f 406 797 545
f 797 122 545
f 122 54 545
f 340 406 660
f 340 660 614
f 799 614 660
f 1940 800 1998
f 1998 546 1940
f 546 798 1940
f 546 544 798
f 338 406 545
f 612 660 338
f 338 660 406
f 660 612 799
f 612 866 799
f 612 864 866
f 864 547 1172
f 1128 864 1172
f 866 864 1128
f 1128 1172 1438
f 1128 1438 1386
f 1386 1438 1710
f 1386 1710 1656
f 1998 800 1656
f 1998 1656 1710
f 1938 1998 1710
f 548 1938 1710
f 546 1998 1938
f 1126 1172 547
f 1384 1438 1126
f 1126 1438 1172
f 1654 1710 1384
f 1384 1710 1438
f 548 1710 1654
f 949 1065 1163
f 1163 1065 1427
f 1427 1065 1323
f 1427 1323 1699
f 1699 1323 1593
f 1593 950 1699
f 951 803 905
f 949 1163 803
f 1163 905 803
f 1163 1167 905
f 1427 1321 703
f 1167 1427 703
f 1163 1427 1167
f 1703 704 1321
f 1427 1703 1321
f 1699 1703 1427
f 1885 1995 950
f 1995 1699 950
f 1995 1703 1699
f 1885 952 1995
f 953 551 661
f 951 905 551
f 905 661 551
f 905 909 661
f 1167 1063 705
f 909 1167 705
f 905 1167 909
f 1167 703 1063
f 1703 1591 704
f 1995 1883 1591
f 1995 1591 1703
f 952 61 155
f 952 155 706
f 1995 952 706
f 1883 1995 706
f 61 954 155
f 665 955 661
f 661 955 953
f 909 801 707
f 665 909 707
f 661 909 665
f 909 705 801
f 157 708 706
f 157 706 155
f 155 954 157
f 157 954 956
f 957 277 413
f 955 665 277
f 277 665 413
f 665 549 413
f 549 709 413
f 665 707 549
f 161 710 708
f 161 708 157
f 157 956 161
f 161 956 958
f 417 959 413
f 413 959 957
f 413 709 711
f 413 711 417
f 1884 2011 712
f 161 62 710
f 710 62 1884
f 62 960 1884
f 960 2011 1884
f 161 958 62
f 421 961 417
f 417 961 959
f 417 711 713
f 417 713 421
f 1592 1719 714
f 2011 1886 712
f 712 1886 1592
f 1886 962 1592
f 962 1719 1592
f 2011 960 1886
f 425 963 421
f 421 963 961
f 421 713 715
f 421 715 425
f 1322 1449 716
f 1719 1594 714
f 714 1594 1322
f 1594 964 1322
f 964 1449 1322
f 1719 962 1594
f 425 278 963
f 681 965 550
f 550 965 715
f 965 278 715
f 278 425 715
f 802 927 681
f 802 681 550
f 1064 1185 927
f 1064 927 802
f 1449 1324 716
f 716 1324 1064
f 1324 966 1064
f 966 1185 1064
f 1449 964 1324
f 681 552 965
f 552 681 804
f 804 681 927
f 804 927 1066
f 1066 927 1185
f 1185 966 1066
f 400 291 717
f 967 567 400
f 567 291 400
f 567 565 291
f 567 817 565
f 819 817 567
f 819 1079 817
f 1081 1079 819
f 1081 968 1079
f 1079 968 718
f 400 717 293
f 717 969 293
f 717 719 969
f 967 400 293
f 1337 718 968
f 1337 968 1339
f 1704 1607 970
f 1607 1339 970
f 1607 1337 1339
f 1704 720 1607
f 128 13 721
f 719 13 128
f 971 719 128
f 969 719 971
f 1609 1704 970
f 1899 720 1704
f 1609 1899 1704
f 1901 1899 1609
f 1901 972 1899
f 1899 972 722
f 128 721 15
f 721 973 15
f 721 723 973
f 971 128 15
f 974 158 75
f 722 974 75
f 972 974 722
f 158 724 75
f 975 1849 725
f 725 1849 1847
f 723 1847 1849
f 723 1849 973
f 976 162 158
f 976 158 974
f 724 158 726
f 726 158 162
f 977 725 727
f 977 975 725
f 1902 978 2012
f 162 976 1902
f 2012 162 1902
f 166 162 2012
f 726 162 728
f 728 162 166
f 979 727 729
f 979 977 727
f 1610 980 1720
f 2012 978 1610
f 2012 1610 1720
f 1900 2012 1720
f 730 1900 1720
f 76 166 1900
f 1900 166 2012
f 728 166 76
f 981 729 731
f 981 979 729
f 1340 982 732
f 1340 732 1338
f 980 1340 1720
f 1340 1608 1720
f 1340 1338 1608
f 730 1720 1608
f 731 1848 981
f 981 1848 1850
f 983 1850 1848
f 983 1848 733
f 820 984 928
f 820 928 734
f 1080 820 734
f 1082 820 1080
f 1080 732 1082
f 1082 732 982
f 733 14 983
f 983 14 16
f 292 16 14
f 292 294 16
f 566 294 292
f 566 568 294
f 984 568 928
f 568 818 928
f 568 566 818
f 734 928 818
f 985 583 663
f 663 583 735
f 583 833 735
f 583 835 833
f 835 1095 833
f 1097 1095 835
f 1097 986 1095
f 1095 986 736
f 987 309 737
f 737 309 307
f 309 985 663
f 581 309 663
f 307 309 581
f 663 735 581
f 988 1440 1353
f 736 988 1353
f 986 988 736
f 1440 738 1353
f 310 987 414
f 987 739 414
f 987 737 739
f 989 310 414
f 1355 1440 988
f 1623 738 1440
f 1355 1623 1440
f 1625 1623 1355
f 1625 1907 1623
f 1909 1907 1625
f 740 1907 163
f 1907 81 163
f 1907 1909 81
f 81 990 163
f 308 414 739
f 584 989 670
f 670 989 741
f 989 414 741
f 414 308 741
f 991 584 670
f 163 79 740
f 990 359 447
f 990 447 742
f 163 990 742
f 79 163 742
f 359 992 447
f 582 670 741
f 836 991 920
f 920 991 743
f 991 670 743
f 670 582 743
f 993 836 920
f 447 357 742
f 447 992 357
f 992 744 357
f 992 994 744
f 834 920 743
f 993 920 834
f 745 993 834
f 995 993 745
f 744 996 746
f 994 996 744
f 745 1096 995
f 995 1096 1098
f 997 1098 1096
f 997 1096 747
f 358 457 748
f 358 746 457
f 746 998 457
f 746 996 998
f 747 1354 997
f 997 1354 1356
f 1624 1731 999
f 1356 1624 999
f 1354 1624 1356
f 1908 2027 1731
f 1908 1731 1624
f 80 181 2027
f 80 2027 1908
f 457 360 748
f 748 360 80
f 360 1000 80
f 1000 181 80
f 457 998 360
f 1731 1626 999
f 1626 1731 1910
f 1910 1731 2027
f 1910 2027 82
f 82 2027 181
f 181 1000 82
f 1001 41 105
f 105 41 383
f 383 41 325
f 325 1002 383
f 1003 1867 1947
f 1001 105 1867
f 1867 105 1947
f 105 39 1947
f 39 749 1947
f 383 323 39
f 383 39 105
f 323 383 1002
f 599 323 1002
f 597 323 599
f 750 597 887
f 597 851 887
f 597 599 851
f 851 1004 887
f 1005 1581 1665
f 1003 1947 1581
f 1581 1947 1665
f 1947 1865 1665
f 1865 751 1665
f 1947 749 1865
f 887 849 750
f 887 1004 849
f 1004 752 849
f 1004 1006 752
f 1579 753 1665
f 753 1005 1665
f 753 1007 1005
f 1665 751 1579
f 1006 1113 1155
f 754 1006 1155
f 752 1006 754
f 1113 1008 1155
f 1009 1313 755
f 755 1313 1311
f 753 1311 1313
f 753 1313 1007
f 1155 1111 754
f 1155 1008 1111
f 1008 756 1111
f 1008 1010 756
f 1011 755 757
f 1011 1009 755
f 1010 1371 1425
f 758 1010 1425
f 756 1010 758
f 1371 1012 1425
f 1013 1057 1135
f 759 1135 1057
f 1011 759 1057
f 757 759 1011
f 1425 1369 758
f 1425 1012 1369
f 1012 760 1369
f 1012 1014 760
f 1055 761 1135
f 761 1013 1135
f 761 1015 1013
f 1135 759 1055
f 1639 760 1014
f 1639 1014 1641
f 1641 1016 1639
f 1639 1016 762
f 1017 761 763
f 1017 1015 761
f 1016 1925 2001
f 764 1016 2001
f 762 1016 764
f 1925 1018 2001
f 1019 763 765
f 1019 1017 763
f 2001 1923 764
f 1923 2001 1018
f 97 1923 1018
f 95 1923 97
f 97 1020 95
f 95 1020 766
f 1143 1021 1056
f 1021 765 1056
f 1021 1019 765
f 767 1143 1056
f 373 766 1020
f 373 1020 375
f 375 1022 373
f 373 1022 768
f 1143 1058 1021
f 1023 1058 1143
f 767 1023 1143
f 769 1023 767
f 768 1024 770
f 1022 1024 768
f 1025 769 771
f 1025 1023 769
f 770 1026 772
f 1024 1026 770
f 771 1312 1025
f 1025 1312 1314
f 1027 1314 1312
f 1027 1312 773
f 772 1028 774
f 1026 1028 772
f 773 1580 1027
f 1027 1580 1582
f 1866 1582 1580
f 1866 1868 1582
f 40 1868 1866
f 40 42 1868
f 1029 42 40
f 1029 40 775
f 774 1030 776
f 1028 1030 774
f 775 324 1029
f 1029 324 326
f 1031 326 324
f 1031 324 777
f 376 1032 778
f 376 778 374
f 374 776 376
f 376 776 1030
f 777 598 1031
f 1031 598 600
f 1033 600 598
f 1033 598 779
f 1926 1034 2030
f 1926 2030 780
f 96 1926 780
f 98 1926 96
f 96 778 98
f 98 778 1032
f 779 850 1033
f 1033 850 852
f 1112 852 850
f 1112 1114 852
f 1370 1114 1112
f 1370 1372 1114
f 1640 1372 1370
f 1640 1642 1372
f 1034 1642 2030
f 1642 1924 2030
f 1642 1640 1924
f 780 2030 1924
f 380 339 781
f 1035 615 380
f 615 339 380
f 615 613 339
f 615 865 613
f 867 865 615
f 867 1127 865
f 1129 1127 867
f 1129 1036 1127
f 1127 1036 782
f 1037 57 783
f 783 57 55
f 341 380 781
f 55 341 781
f 57 341 55
f 1035 380 341
f 1385 782 1036
f 1385 1036 1387
f 1387 1038 1385
f 1385 1038 784
f 1039 783 785
f 1039 1037 783
f 784 1040 786
f 1038 1040 784
f 1948 1881 787
f 785 1881 1948
f 1041 785 1948
f 1039 785 1041
f 1655 786 1040
f 1655 1040 1657
f 1657 1042 1655
f 1655 1042 788
f 789 1950 787
f 787 1950 1948
f 1041 1948 1950
f 1041 1950 1043
f 788 1044 790
f 1042 1044 788
f 791 1952 789
f 789 1952 1950
f 1043 1950 1952
f 1043 1952 1045
f 1939 790 1044
f 1939 1044 1941
f 1941 1046 1939
f 1939 1046 792
f 793 1954 791
f 791 1954 1952
f 1045 1952 1954
f 1045 1954 1047
f 792 1048 794
f 1046 1048 792
f 1882 1954 793
f 58 1047 118
f 118 1047 795
f 1047 1954 795
f 1954 1882 795
f 1049 58 118
f 794 1050 796
f 1048 1050 794
f 56 118 795
f 342 1049 402
f 402 1049 797
f 1049 118 797
f 118 56 797
f 1051 342 402
f 796 1052 798
f 1050 1052 796
f 340 402 797
f 402 340 1051
f 340 616 1051
f 340 614 616
f 614 799 908
f 868 614 908
f 616 614 868
f 1053 868 908
f 1942 1054 800
f 1942 800 1940
f 1940 798 1942
f 1942 798 1052
f 866 908 799
f 908 866 1053
f 866 1130 1053
f 866 1128 1130
f 1386 1130 1128
f 1386 1388 1130
f 1656 1388 1386
f 1656 1658 1388
f 1656 800 1658
f 1658 800 1054
f 1197 1067 1159
f 1159 1067 1423
f 1423 1067 1325
f 1325 1198 1423
f 1199 553 653
f 653 553 901
f 901 553 805
f 1197 1159 805
f 805 1159 901
f 1159 1065 901
f 1065 949 901
f 1423 1323 1065
f 1423 1065 1159
f 1323 1423 1198
f 1595 1323 1198
f 1593 1323 1595
f 950 1593 1991
f 1593 1887 1991
f 1593 1595 1887
f 1887 1200 1991
f 1201 279 403
f 1199 653 279
f 653 403 279
f 653 657 403
f 901 803 951
f 657 901 951
f 653 901 657
f 901 949 803
f 1991 1885 950
f 1200 63 153
f 1200 153 952
f 1991 1200 952
f 1885 1991 952
f 63 1202 153
f 407 1203 403
f 403 1203 1201
f 657 551 953
f 407 657 953
f 403 657 407
f 657 951 551
f 153 61 952
f 153 1202 61
f 1202 954 61
f 1202 1204 954
f 411 1205 407
f 407 1205 1203
f 407 953 955
f 407 955 411
f 954 1206 956
f 1204 1206 954
f 1207 1 135
f 1205 411 1
f 1 411 135
f 411 277 135
f 277 957 135
f 411 955 277
f 956 1208 958
f 1206 1208 956
f 139 1209 135
f 135 1209 1207
f 135 957 959
f 135 959 139
f 62 165 960
f 62 958 165
f 958 1210 165
f 958 1208 1210
f 139 2 1209
f 1211 2 139
f 959 1211 139
f 961 1211 959
f 1886 2015 962
f 2015 1886 960
f 165 2015 960
f 169 2015 165
f 165 1210 169
f 169 1210 1212
f 1213 961 963
f 1213 1211 961
f 1594 1723 964
f 1723 1594 962
f 2015 1723 962
f 2019 1723 2015
f 1214 2019 64
f 2019 169 64
f 2019 2015 169
f 169 1212 64
f 429 1215 278
f 1215 963 278
f 1215 1213 963
f 965 429 278
f 1324 1453 966
f 1723 1596 964
f 964 1596 1324
f 1596 1216 1324
f 1216 1453 1324
f 1596 1723 1888
f 1888 1723 2019
f 2019 1214 1888
f 429 280 1215
f 687 1217 552
f 552 1217 965
f 1217 280 965
f 280 429 965
f 804 933 687
f 804 687 552
f 1066 1189 933
f 1066 933 804
f 1453 1326 966
f 966 1326 1066
f 1326 1218 1066
f 1218 1189 1066
f 1453 1216 1326
f 687 554 1217
f 554 687 806
f 806 687 933
f 806 933 1068
f 1068 933 1189
f 1189 1218 1068
f 1219 569 967
f 967 569 567
f 569 819 567
f 821 819 569
f 821 1081 819
f 1083 1081 821
f 1083 1220 1081
f 1081 1220 968
f 1221 295 969
f 969 295 293
f 967 293 295
f 967 295 1219
f 1339 968 1220
f 1339 1220 1341
f 1341 1222 1339
f 1339 1222 970
f 1223 969 971
f 1223 1221 969
f 1609 970 1222
f 1609 1222 1611
f 2000 1901 1224
f 1901 1611 1224
f 1901 1609 1611
f 2000 972 1901
f 1225 17 973
f 973 17 15
f 971 15 17
f 971 17 1223
f 1226 2004 2000
f 1226 2000 1224
f 972 2000 974
f 974 2000 2004
f 1970 1849 975
f 973 1849 1970
f 1227 973 1970
f 1225 973 1227
f 1228 2008 2004
f 1228 2004 1226
f 974 2004 976
f 976 2004 2008
f 1970 975 1851
f 975 1229 1851
f 975 977 1229
f 1227 1970 1851
f 978 1902 2008
f 1228 978 2008
f 1230 978 1228
f 976 2008 1902
f 1231 977 979
f 1231 1229 977
f 1612 1232 980
f 1612 980 1610
f 1610 978 1612
f 1612 978 1230
f 1852 1231 1982
f 1231 981 1982
f 1231 979 981
f 1233 1852 1982
f 1342 1234 982
f 1342 982 1340
f 1340 980 1342
f 1342 980 1232
f 1850 1982 981
f 18 1233 152
f 152 1233 983
f 1233 1982 983
f 1982 1850 983
f 1235 18 152
f 570 1236 682
f 570 682 984
f 820 570 984
f 822 570 820
f 1082 822 820
f 1082 1084 822
f 1082 982 1084
f 1084 982 1234
f 16 152 983
f 152 16 1235
f 16 296 1235
f 16 294 296
f 1236 296 682
f 296 568 682
f 296 294 568
f 984 682 568
f 1237 27 121
f 121 27 401
f 401 27 311
f 401 311 655
f 655 311 585
f 585 1238 655
f 1239 1853 1959
f 1237 121 1853
f 121 1959 1853
f 121 125 1959
f 121 405 125
f 121 401 405
f 401 659 405
f 401 655 659
f 837 907 1238
f 907 655 1238
f 907 659 655
f 837 1240 907
f 1963 1241 1959
f 1959 1241 1239
f 1959 129 1963
f 1959 125 129
f 125 409 129
f 125 405 409
f 659 583 985
f 409 659 985
f 405 659 409
f 907 835 583
f 907 583 659
f 835 907 1240
f 1099 835 1240
f 1097 835 1099
f 1099 1242 1097
f 1097 1242 986
f 1963 1854 1241
f 1854 1963 1243
f 1963 133 1243
f 1963 129 133
f 409 309 987
f 133 409 987
f 129 409 133
f 409 985 309
f 986 1244 988
f 1242 1244 986
f 133 28 1243
f 987 310 133
f 310 28 133
f 310 312 28
f 1245 312 310
f 1245 310 989
f 1355 988 1244
f 1355 1244 1357
f 1357 1625 1355
f 1627 1625 1357
f 1627 1909 1625
f 1911 1909 1627
f 1911 81 1909
f 83 81 1911
f 83 1246 81
f 81 1246 990
f 989 584 1245
f 1245 584 586
f 584 991 916
f 838 584 916
f 586 584 838
f 1247 838 916
f 359 990 1246
f 359 1246 361
f 361 1248 359
f 359 1248 992
f 836 916 991
f 1247 916 836
f 993 1247 836
f 1249 1247 993
f 1248 621 693
f 994 1248 693
f 992 1248 994
f 621 1250 693
f 1100 1249 1182
f 1249 995 1182
f 1249 993 995
f 1251 1100 1182
f 695 996 994
f 695 994 693
f 693 1250 695
f 695 1250 1252
f 1098 1182 995
f 1251 1182 1098
f 997 1251 1098
f 1253 1251 997
f 697 998 996
f 697 996 695
f 695 1252 697
f 697 1252 1254
f 997 1356 1253
f 1253 1356 1358
f 1255 1358 1356
f 1255 1356 999
f 360 459 1000
f 697 622 998
f 998 622 360
f 622 1256 360
f 1256 459 360
f 697 1254 622
f 999 1626 1255
f 1255 1626 1628
f 1910 2029 1257
f 1628 1910 1257
f 1626 1910 1628
f 84 1258 2029
f 1910 84 2029
f 82 84 1910
f 459 362 1000
f 362 82 1000
f 362 84 82
f 459 1256 362
f 2029 1912 1257
f 2029 1258 1912
f 1259 43 1001
f 1001 43 41
f 43 325 41
f 327 325 43
f 1002 325 637
f 325 601 637
f 325 327 601
f 601 1260 637
f 1261 1583 1663
f 1663 1583 1003
f 1583 1867 1003
f 1583 1869 1867
f 1001 1867 1869
f 1001 1869 1259
f 637 599 1002
f 599 637 1260
f 853 599 1260
f 851 599 853
f 853 1262 851
f 851 1262 1004
f 1581 1005 1663
f 1005 1261 1663
f 1005 1263 1261
f 1663 1003 1581
f 1262 1115 1153
f 1006 1262 1153
f 1004 1262 1006
f 1115 1264 1153
f 1265 1005 1007
f 1265 1263 1005
f 1153 1113 1006
f 1153 1264 1113
f 1264 1008 1113
f 1264 1266 1008
f 1267 1315 1009
f 1009 1315 1313
f 1007 1313 1315
f 1007 1315 1265
f 1266 1373 1421
f 1010 1266 1421
f 1008 1266 1010
f 1373 1268 1421
f 1269 1009 1011
f 1269 1267 1009
f 1421 1371 1010
f 1421 1268 1371
f 1268 1012 1371
f 1268 1270 1012
f 1271 1059 1013
f 1013 1059 1057
f 1011 1057 1059
f 1011 1059 1269
f 1270 1643 1701
f 1014 1270 1701
f 1012 1270 1014
f 1643 1272 1701
f 1273 1013 1015
f 1273 1271 1013
f 1701 1641 1014
f 1272 1927 1997
f 1272 1997 1016
f 1701 1272 1016
f 1641 1701 1016
f 1927 1274 1997
f 1275 1015 1017
f 1275 1273 1015
f 1997 1925 1016
f 1997 1274 1925
f 1274 1018 1925
f 1274 1276 1018
f 1277 1017 1019
f 1277 1275 1017
f 97 1018 1276
f 97 1276 99
f 99 1278 97
f 97 1278 1020
f 1279 1019 1021
f 1279 1277 1019
f 1280 444 375
f 1020 1280 375
f 1278 1280 1020
f 444 1022 375
f 1021 1058 1279
f 1279 1058 1060
f 1281 1060 1058
f 1281 1058 1023
f 377 444 1280
f 377 1282 444
f 1282 1022 444
f 1282 1024 1022
f 1316 1281 1410
f 1281 1025 1410
f 1281 1023 1025
f 1283 1316 1410
f 1024 1284 1026
f 1282 1284 1024
f 1314 1410 1025
f 1584 1283 1688
f 1688 1283 1027
f 1283 1410 1027
f 1410 1314 1027
f 1584 1688 1984
f 1584 1984 1870
f 1285 1870 1984
f 1026 1286 1028
f 1284 1286 1026
f 1582 1688 1027
f 1868 1984 1582
f 1582 1984 1688
f 1984 1868 1285
f 1868 44 1285
f 1868 42 44
f 42 1029 434
f 328 42 434
f 44 42 328
f 1287 328 434
f 378 1288 458
f 458 1030 378
f 1030 1286 378
f 1030 1028 1286
f 326 434 1029
f 1287 434 326
f 1031 1287 326
f 1289 1287 1031
f 1928 1290 2028
f 1928 2028 182
f 1928 182 100
f 458 1288 100
f 458 100 182
f 376 458 182
f 1032 376 182
f 1030 458 376
f 1031 600 1289
f 1289 600 602
f 600 1033 940
f 854 600 940
f 602 600 854
f 854 940 1196
f 854 1196 1116
f 1116 1196 1462
f 1116 1462 1374
f 1374 1462 1734
f 1374 1734 1644
f 2028 1290 1644
f 2028 1644 1734
f 1926 2028 1734
f 1034 1926 1734
f 98 182 1926
f 1926 182 2028
f 1032 182 98
f 852 940 1033
f 1114 1196 852
f 852 1196 940
f 1372 1462 1114
f 1114 1462 1196
f 1642 1734 1372
f 1372 1734 1462
f 1034 1734 1642
f 634 615 1035
f 882 867 634
f 634 867 615
f 1146 1129 882
f 882 1129 867
f 1146 1036 1129
f 104 57 1037
f 1291 343 104
f 343 57 104
f 343 341 57
f 617 634 1035
f 341 617 1035
f 343 617 341
f 634 617 869
f 634 869 882
f 882 869 1131
f 882 1131 1146
f 1292 1412 1387
f 1292 1387 1036
f 1131 1292 1036
f 1146 1131 1036
f 1412 1038 1387
f 104 1037 59
f 1037 1293 59
f 1037 1039 1293
f 1291 104 59
f 1389 1412 1292
f 1389 1294 1412
f 1294 1038 1412
f 1294 1040 1038
f 1295 1039 1041
f 1295 1293 1039
f 1296 1690 1657
f 1040 1296 1657
f 1294 1296 1040
f 1690 1042 1657
f 60 1295 110
f 1295 1043 110
f 1295 1041 1043
f 1297 60 110
f 1659 1690 1296
f 1659 1298 1690
f 1298 1042 1690
f 1298 1044 1042
f 1045 112 1043
f 1043 112 110
f 1297 110 112
f 1297 112 1299
f 1300 1986 1941
f 1044 1300 1941
f 1298 1300 1044
f 1986 1046 1941
f 1047 114 1045
f 1045 114 112
f 1299 112 114
f 1299 114 1301
f 1943 1986 1300
f 1943 1302 1986
f 1302 1046 1986
f 1302 1048 1046
f 58 114 1047
f 344 1301 398
f 398 1301 1049
f 1301 114 1049
f 114 58 1049
f 344 398 652
f 344 652 618
f 1303 618 652
f 1048 1304 1050
f 1302 1304 1048
f 342 398 1049
f 1051 656 342
f 656 398 342
f 656 652 398
f 904 870 1303
f 652 904 1303
f 656 904 652
f 1305 870 904
f 1944 1306 1994
f 1994 1052 1944
f 1052 1304 1944
f 1052 1050 1304
f 616 656 1051
f 868 904 616
f 616 904 656
f 1132 1305 1170
f 1170 1305 1053
f 1305 904 1053
f 904 868 1053
f 1132 1170 1434
f 1132 1434 1390
f 1390 1434 1706
f 1390 1706 1660
f 1994 1306 1660
f 1994 1660 1706
f 1942 1994 1706
f 1054 1942 1706
f 1052 1994 1942
f 1130 1170 1053
f 1388 1434 1130
f 1130 1434 1170
f 1658 1706 1388
f 1388 1706 1434
f 1054 1706 1658
f 1465 281 395
f 395 281 649
f 649 281 555
f 649 555 897
f 897 555 807
f 897 807 1197
f 807 1067 1197
f 807 1069 1067
f 1069 1325 1067
f 1327 1325 1069
f 1327 1466 1325
f 1325 1466 1198
f 1467 3 119
f 1465 395 3
f 395 119 3
f 395 399 119
f 649 553 1199
f 399 649 1199
f 395 649 399
f 897 805 553
f 897 553 649
f 897 1197 805
f 1595 1198 1466
f 1595 1466 1597
f 1597 1887 1595
f 1889 1887 1597
f 1889 1468 1887
f 1887 1468 1200
f 123 1469 119
f 119 1469 1467
f 399 279 1201
f 123 399 1201
f 119 399 123
f 399 1199 279
f 63 1200 1468
f 63 1468 65
f 65 1470 63
f 63 1470 1202
f 127 1471 123
f 123 1471 1469
f 123 1201 1203
f 123 1203 127
f 1202 1472 1204
f 1470 1472 1202
f 131 1473 127
f 127 1473 1471
f 127 1203 1205
f 127 1205 131
f 1472 347 439
f 1206 1472 439
f 1204 1472 1206
f 347 1474 439
f 1 1207 131
f 1207 1473 131
f 1207 1475 1473
f 131 1205 1
f 441 1208 1206
f 441 1206 439
f 439 1474 441
f 441 1474 1476
f 1477 1207 1209
f 1477 1475 1207
f 445 1210 1208
f 445 1208 441
f 441 1476 445
f 445 1476 1478
f 143 1479 2
f 1479 1209 2
f 1479 1477 1209
f 1211 143 2
f 449 1212 1210
f 449 1210 445
f 445 1478 449
f 449 1478 1480
f 147 1481 143
f 143 1481 1479
f 143 1211 1213
f 143 1213 147
f 64 173 1214
f 449 348 1212
f 1212 348 64
f 348 1482 64
f 1482 173 64
f 449 1480 348
f 147 4 1481
f 1483 4 147
f 1213 1483 147
f 1215 1483 1213
f 1596 1727 1216
f 1890 1484 1727
f 1596 1890 1727
f 1888 1890 1596
f 173 66 1214
f 66 1888 1214
f 66 1890 1888
f 173 1482 66
f 435 1485 280
f 1485 1215 280
f 1485 1483 1215
f 1217 435 280
f 1326 1457 1218
f 1727 1598 1216
f 1216 1598 1326
f 1598 1486 1326
f 1486 1457 1326
f 1727 1484 1598
f 435 282 1485
f 691 1487 554
f 554 1487 1217
f 1487 282 1217
f 282 435 1217
f 806 937 691
f 806 691 554
f 1068 1193 937
f 1068 937 806
f 1457 1328 1218
f 1218 1328 1068
f 1328 1488 1068
f 1488 1193 1068
f 1457 1486 1328
f 691 556 1487
f 556 691 808
f 808 691 937
f 808 937 1070
f 1070 937 1193
f 1193 1488 1070
f 654 569 1219
f 902 821 654
f 654 821 569
f 1164 1083 902
f 902 1083 821
f 1164 1220 1083
f 404 295 1221
f 571 654 1219
f 571 1219 295
f 1489 571 295
f 404 1489 295
f 654 571 823
f 654 823 902
f 902 823 1085
f 902 1085 1164
f 1490 1432 1341
f 1490 1341 1220
f 1085 1490 1220
f 1164 1085 1220
f 1432 1222 1341
f 404 1221 297
f 1221 1491 297
f 1221 1223 1491
f 1489 404 297
f 1343 1432 1490
f 1492 1708 1611
f 1492 1611 1222
f 1343 1492 1222
f 1432 1343 1222
f 1708 1224 1611
f 1493 19 1225
f 1225 19 17
f 1223 17 19
f 1223 19 1491
f 1613 1708 1492
f 1613 1494 1708
f 1494 1224 1708
f 1494 1226 1224
f 1495 1225 1227
f 1495 1493 1225
f 1226 1496 1228
f 1494 1496 1226
f 1974 1851 1229
f 1227 1851 1974
f 1497 1227 1974
f 1495 1227 1497
f 1228 1498 1230
f 1496 1498 1228
f 1231 1978 1229
f 1229 1978 1974
f 1497 1974 1978
f 1497 1978 1499
f 1614 1500 1232
f 1614 1232 1612
f 1612 1230 1614
f 1614 1230 1498
f 1852 1978 1231
f 1499 1978 1852
f 1233 1499 1852
f 1501 1499 1233
f 1344 1502 1234
f 1344 1234 1342
f 1342 1232 1344
f 1344 1232 1500
f 1233 18 1501
f 1501 18 20
f 18 1235 430
f 298 18 430
f 20 18 298
f 298 430 1236
f 570 298 1236
f 572 298 570
f 822 572 570
f 822 824 572
f 1084 824 822
f 1084 1086 824
f 1084 1234 1086
f 1086 1234 1502
f 296 430 1235
f 1236 430 296
f 1503 1855 1955
f 1955 1855 117
f 117 1855 29
f 117 29 397
f 397 29 313
f 397 313 651
f 651 313 587
f 587 1504 651
f 1957 1505 1955
f 1955 1505 1503
f 117 27 1237
f 1957 117 1237
f 1955 117 1957
f 397 311 27
f 397 27 117
f 651 585 311
f 651 311 397
f 1504 839 903
f 1504 903 1238
f 651 1504 1238
f 585 651 1238
f 839 1506 903
f 1507 1569 1675
f 1505 1957 1569
f 1569 1957 1675
f 1957 1853 1675
f 1853 1239 1675
f 1957 1237 1853
f 903 837 1238
f 1506 1101 1169
f 1506 1169 1240
f 903 1506 1240
f 837 903 1240
f 1101 1508 1169
f 1677 1509 1675
f 1675 1509 1507
f 1675 1239 1241
f 1675 1241 1677
f 1169 1099 1240
f 1169 1508 1099
f 1508 1242 1099
f 1508 1510 1242
f 1677 1570 1509
f 1967 1511 1854
f 1854 1511 1241
f 1511 1570 1241
f 1570 1677 1241
f 1243 1967 1854
f 1510 1359 1441
f 1244 1510 1441
f 1242 1510 1244
f 1359 1512 1441
f 1967 1856 1511
f 137 1513 28
f 28 1513 1243
f 1513 1856 1243
f 1856 1967 1243
f 312 415 137
f 312 137 28
f 1245 415 312
f 1441 1357 1244
f 1357 1441 1512
f 1629 1357 1512
f 1627 1357 1629
f 1629 1911 1627
f 1913 1911 1629
f 1913 83 1911
f 85 83 1913
f 85 1514 83
f 83 1514 1246
f 137 30 1513
f 30 137 314
f 314 137 415
f 1245 586 415
f 586 314 415
f 586 588 314
f 838 588 586
f 838 840 588
f 1515 840 838
f 1515 838 1247
f 361 1246 1514
f 361 1514 363
f 363 1516 361
f 361 1516 1248
f 1517 1247 1249
f 1517 1515 1247
f 621 1248 1516
f 621 1516 623
f 623 1518 621
f 621 1518 1250
f 1183 1519 1100
f 1519 1249 1100
f 1519 1517 1249
f 1251 1183 1100
f 1518 873 943
f 1252 1518 943
f 1250 1518 1252
f 873 1520 943
f 1183 1102 1519
f 1521 1102 1183
f 1251 1521 1183
f 1253 1521 1251
f 945 1254 1252
f 945 1252 943
f 943 1520 945
f 945 1520 1522
f 1459 1523 1358
f 1523 1253 1358
f 1523 1521 1253
f 1255 1459 1358
f 622 699 1256
f 945 874 1254
f 1254 874 622
f 874 1524 622
f 1524 699 622
f 945 1522 874
f 1459 1360 1523
f 1733 1525 1628
f 1628 1525 1255
f 1525 1360 1255
f 1360 1459 1255
f 1257 1733 1628
f 84 183 1258
f 362 461 183
f 362 183 84
f 699 624 1256
f 1256 624 362
f 624 1526 362
f 1526 461 362
f 699 1524 624
f 1733 1630 1525
f 1257 1912 1733
f 1912 1630 1733
f 1912 1914 1630
f 183 86 1258
f 86 1912 1258
f 86 1914 1912
f 86 183 364
f 364 183 461
f 461 1526 364
f 1527 45 1259
f 1259 45 43
f 45 327 43
f 329 327 45
f 329 601 327
f 603 601 329
f 603 1528 601
f 601 1528 1260
f 1529 1585 1261
f 1261 1585 1583
f 1585 1869 1583
f 1871 1869 1585
f 1259 1869 1871
f 1259 1871 1527
f 853 1260 1528
f 853 1528 855
f 1262 853 1151
f 853 1117 1151
f 853 855 1117
f 1117 1530 1151
f 1531 1261 1263
f 1531 1529 1261
f 1151 1115 1262
f 1151 1530 1115
f 1530 1264 1115
f 1530 1532 1264
f 1533 1263 1265
f 1533 1531 1263
f 1264 1534 1266
f 1532 1534 1264
f 1535 1317 1267
f 1267 1317 1315
f 1265 1315 1317
f 1265 1317 1533
f 1373 1266 1534
f 1373 1534 1375
f 1375 1536 1373
f 1373 1536 1268
f 1537 1267 1269
f 1537 1535 1267
f 1536 1645 1697
f 1270 1536 1697
f 1268 1536 1270
f 1645 1538 1697
f 1136 1059 1271
f 1269 1059 1136
f 1539 1269 1136
f 1537 1269 1539
f 1697 1643 1270
f 1538 1929 1993
f 1538 1993 1272
f 1697 1538 1272
f 1643 1697 1272
f 1929 1540 1993
f 1136 1271 1061
f 1271 1541 1061
f 1271 1273 1541
f 1539 1136 1061
f 1993 1927 1272
f 1993 1540 1927
f 1540 1274 1927
f 1540 1542 1274
f 1543 1273 1275
f 1543 1541 1273
f 1274 1544 1276
f 1542 1544 1274
f 1545 1275 1277
f 1545 1543 1275
f 1546 160 99
f 1276 1546 99
f 1544 1546 1276
f 160 1278 99
f 1062 1545 1144
f 1545 1279 1144
f 1545 1277 1279
f 1547 1062 1144
f 101 160 1546
f 101 1548 160
f 1548 1278 160
f 1548 1280 1278
f 1060 1144 1279
f 1318 1547 1408
f 1408 1547 1281
f 1547 1144 1281
f 1144 1060 1281
f 1549 1318 1408
f 1550 448 377
f 1280 1550 377
f 1548 1550 1280
f 448 1282 377
f 1316 1408 1281
f 1586 1549 1686
f 1686 1549 1283
f 1549 1408 1283
f 1408 1316 1283
f 1586 1686 1980
f 1586 1980 1872
f 1551 1872 1980
f 1552 452 448
f 1552 448 1550
f 1282 448 1284
f 1284 448 452
f 1584 1686 1283
f 1870 1980 1584
f 1584 1980 1686
f 46 1551 150
f 150 1551 1285
f 1551 1980 1285
f 1980 1870 1285
f 46 150 428
f 46 428 330
f 1553 330 428
f 1554 456 452
f 1554 452 1552
f 1284 452 1286
f 1286 452 456
f 44 150 1285
f 328 428 44
f 44 428 150
f 604 1553 686
f 686 1553 1287
f 1553 428 1287
f 428 328 1287
f 1555 604 686
f 102 1556 180
f 456 1554 102
f 456 102 180
f 378 456 180
f 1288 378 180
f 1286 456 378
f 1289 690 1287
f 1287 690 686
f 936 856 1555
f 686 936 1555
f 690 936 686
f 856 936 1192
f 856 1192 1118
f 1118 1192 1460
f 1118 1460 1376
f 1376 1460 1732
f 1376 1732 1646
f 1646 1732 1290
f 1928 1646 1290
f 1930 1646 1928
f 1556 1930 180
f 1930 100 180
f 1930 1928 100
f 1288 180 100
f 602 690 1289
f 854 936 602
f 602 936 690
f 1116 1192 854
f 854 1192 936
f 1374 1460 1116
f 1116 1460 1192
f 1644 1732 1374
f 1374 1732 1460
f 1290 1732 1644
f 382 343 1291
f 636 617 382
f 382 617 343
f 884 869 636
f 636 869 617
f 1148 1131 884
f 884 1131 869
f 1148 1292 1131
f 106 59 1293
f 345 382 1291
f 345 1291 59
f 1557 345 59
f 106 1557 59
f 382 345 619
f 382 619 636
f 636 619 871
f 636 871 884
f 884 871 1133
f 884 1133 1148
f 1558 1414 1389
f 1558 1389 1292
f 1133 1558 1292
f 1148 1133 1292
f 1414 1294 1389
f 1295 108 1293
f 1293 108 106
f 1557 106 108
f 1557 108 1559
f 1560 1416 1414
f 1560 1414 1558
f 1294 1414 1296
f 1296 1414 1416
f 60 108 1295
f 346 1559 388
f 388 1559 1297
f 1559 108 1297
f 108 60 1297
f 1561 346 388
f 1391 1416 1560
f 1562 1692 1659
f 1562 1659 1296
f 1391 1562 1296
f 1416 1391 1296
f 1692 1298 1659
f 1299 390 1297
f 1297 390 388
f 1561 388 390
f 1561 390 1563
f 1564 1694 1692
f 1564 1692 1562
f 1298 1692 1300
f 1300 1692 1694
f 1301 394 1299
f 1299 394 390
f 648 620 1563
f 390 648 1563
f 394 648 390
f 1565 620 648
f 1661 1694 1564
f 1566 1988 1943
f 1566 1943 1300
f 1661 1566 1300
f 1694 1661 1300
f 1988 1302 1943
f 344 394 1301
f 618 648 344
f 344 648 394
f 872 1565 900
f 900 1565 1303
f 1565 648 1303
f 648 618 1303
f 1567 872 900
f 1568 1990 1988
f 1568 1988 1566
f 1302 1988 1304
f 1304 1988 1990
f 870 900 1303
f 1134 1567 1166
f 1166 1567 1305
f 1567 900 1305
f 900 870 1305
f 1134 1166 1430
f 1134 1430 1392
f 1392 1430 1702
f 1392 1702 1662
f 1990 1568 1662
f 1990 1662 1702
f 1944 1990 1702
f 1306 1944 1702
f 1304 1990 1944
f 1132 1166 1305
f 1390 1430 1132
f 1132 1430 1166
f 1660 1702 1390
f 1390 1702 1430
f 1306 1702 1660
f 1737 283 391
f 391 283 645
f 645 283 557
f 645 557 893
f 893 557 809
f 809 1738 893
f 1739 5 115
f 1737 391 5
f 5 391 115
f 391 281 115
f 281 1465 115
f 645 555 281
f 645 281 391
f 893 807 555
f 893 555 645
f 807 893 1738
f 1071 807 1738
f 1069 807 1071
f 1071 1327 1069
f 1329 1327 1071
f 1329 1740 1327
f 1327 1740 1466
f 3 1467 115
f 1467 1739 115
f 1467 1741 1739
f 115 1465 3
f 1597 1466 1740
f 1597 1740 1599
f 1599 1889 1597
f 1891 1889 1599
f 1891 1742 1889
f 1889 1742 1468
f 1743 1467 1469
f 1743 1741 1467
f 65 1468 1742
f 65 1742 67
f 67 1744 65
f 65 1744 1470
f 1745 1469 1471
f 1745 1743 1469
f 1744 349 437
f 1472 1744 437
f 1470 1744 1472
f 349 1746 437
f 1747 1839 1965
f 1473 1965 1839
f 1745 1473 1839
f 1471 1473 1745
f 437 347 1472
f 437 1746 347
f 1746 1474 347
f 1746 1748 1474
f 1969 1749 1965
f 1965 1749 1747
f 1965 1473 1475
f 1965 1475 1969
f 1474 1750 1476
f 1748 1750 1474
f 1969 1840 1749
f 1751 1840 1969
f 1475 1751 1969
f 1477 1751 1475
f 1476 1752 1478
f 1750 1752 1476
f 1753 1477 1479
f 1753 1751 1477
f 1478 1754 1480
f 1752 1754 1478
f 1755 1479 1481
f 1755 1753 1479
f 348 453 1482
f 348 1480 453
f 1480 1756 453
f 1480 1754 1756
f 151 1757 4
f 1757 1481 4
f 1757 1755 1481
f 1483 151 4
f 1890 2023 1484
f 66 177 2023
f 66 2023 1890
f 453 350 1482
f 1482 350 66
f 350 1758 66
f 1758 177 66
f 453 1756 350
f 151 6 1757
f 1759 6 151
f 1483 1759 151
f 1485 1759 1483
f 1600 1760 1486
f 1600 1486 1598
f 2023 1892 1484
f 1892 1598 1484
f 1892 1600 1598
f 1892 2023 68
f 68 2023 177
f 177 1758 68
f 1485 282 1759
f 1759 282 284
f 1761 284 282
f 1761 282 1487
f 1330 1762 1488
f 1330 1488 1328
f 1328 1486 1330
f 1330 1486 1760
f 1487 556 1761
f 1761 556 558
f 808 558 556
f 808 810 558
f 1070 810 808
f 1070 1072 810
f 1070 1488 1072
f 1072 1488 1762
f 1763 573 1489
f 1489 573 571
f 573 823 571
f 825 823 573
f 825 1085 823
f 1087 1085 825
f 1087 1764 1085
f 1085 1764 1490
f 1765 299 1491
f 1491 299 297
f 1489 297 299
f 1489 299 1763
f 1343 1490 1764
f 1343 1764 1345
f 1345 1766 1343
f 1343 1766 1492
f 1767 21 1493
f 1493 21 19
f 1491 19 21
f 1491 21 1765
f 1613 1492 1766
f 1613 1766 1615
f 1615 1768 1613
f 1613 1768 1494
f 1769 1493 1495
f 1769 1767 1493
f 1494 1770 1496
f 1768 1770 1494
f 1771 1495 1497
f 1771 1769 1495
f 1496 1772 1498
f 1770 1772 1496
f 1773 1497 1499
f 1773 1771 1497
f 1614 1721 1500
f 1614 1498 1721
f 1498 1774 1721
f 1498 1772 1774
f 1775 1499 1501
f 1775 1773 1499
f 1344 1451 1502
f 1721 1616 1500
f 1500 1616 1344
f 1616 1776 1344
f 1776 1451 1344
f 1721 1774 1616
f 1501 20 1775
f 1775 20 22
f 298 431 1777
f 22 298 1777
f 20 298 22
f 572 683 431
f 572 431 298
f 824 929 683
f 824 683 572
f 1088 1778 929
f 824 1088 929
f 1086 1088 824
f 1451 1346 1502
f 1346 1086 1502
f 1346 1088 1086
f 1451 1776 1346
f 431 300 1777
f 300 431 574
f 574 431 683
f 574 683 826
f 826 683 929
f 929 1778 826
f 1779 315 389
f 315 1780 389
f 1781 1857 1953
f 1953 1857 113
f 113 1857 31
f 1779 389 31
f 389 113 31
f 389 393 113
f 589 647 1780
f 647 389 1780
f 647 393 389
f 589 1782 647
f 1783 1571 1671
f 1781 1953 1571
f 1571 1953 1671
f 1953 1855 1671
f 1855 1503 1671
f 113 29 1855
f 113 1855 1953
f 393 313 29
f 393 29 113
f 647 587 313
f 647 313 393
f 1782 841 899
f 1782 899 1504
f 647 1782 1504
f 587 647 1504
f 841 1784 899
f 1673 1785 1671
f 1671 1785 1783
f 1671 1503 1505
f 1671 1505 1673
f 899 839 1504
f 1784 1103 1165
f 1784 1165 1506
f 899 1784 1506
f 839 899 1506
f 1103 1786 1165
f 1569 1507 1673
f 1507 1785 1673
f 1507 1787 1785
f 1673 1505 1569
f 1165 1101 1506
f 1165 1786 1101
f 1786 1508 1101
f 1786 1788 1508
f 1789 1507 1509
f 1789 1787 1507
f 1788 1361 1437
f 1510 1788 1437
f 1508 1788 1510
f 1361 1790 1437
f 1679 1791 1570
f 1791 1509 1570
f 1791 1789 1509
f 1511 1679 1570
f 1437 1359 1510
f 1790 1631 1713
f 1790 1713 1512
f 1437 1790 1512
f 1359 1437 1512
f 1631 1792 1713
f 1679 1572 1791
f 1971 1793 1856
f 1856 1793 1511
f 1793 1572 1511
f 1572 1679 1511
f 1513 1971 1856
f 1713 1629 1512
f 1629 1713 1792
f 1915 1629 1792
f 1913 1629 1915
f 1915 85 1913
f 87 85 1915
f 87 1794 85
f 85 1794 1514
f 1971 1858 1793
f 1513 30 1971
f 30 1858 1971
f 30 32 1858
f 314 32 30
f 314 316 32
f 588 671 1795
f 316 588 1795
f 314 588 316
f 840 917 671
f 840 671 588
f 1515 917 840
f 363 1514 1794
f 363 1794 365
f 365 1796 363
f 363 1796 1516
f 671 590 1795
f 590 671 842
f 842 671 917
f 1797 842 917
f 1515 1797 917
f 1517 1797 1515
f 623 1516 1796
f 623 1796 625
f 1518 623 941
f 623 875 941
f 623 625 875
f 875 1798 941
f 1799 1517 1519
f 1799 1797 1517
f 941 873 1518
f 941 1798 873
f 1798 1520 873
f 1798 1800 1520
f 1187 1801 1102
f 1801 1519 1102
f 1801 1799 1519
f 1521 1187 1102
f 1520 1802 1522
f 1800 1802 1520
f 1187 1104 1801
f 1803 1104 1187
f 1521 1803 1187
f 1523 1803 1521
f 874 947 1524
f 874 1522 947
f 1522 1804 947
f 1522 1802 1804
f 1461 1805 1360
f 1805 1523 1360
f 1805 1803 1523
f 1525 1461 1360
f 624 701 1526
f 947 876 1524
f 1524 876 624
f 876 1806 624
f 1806 701 624
f 947 1804 876
f 1461 1362 1805
f 1735 1807 1630
f 1630 1807 1525
f 1807 1362 1525
f 1362 1461 1525
f 1914 2031 1735
f 1914 1735 1630
f 86 185 2031
f 86 2031 1914
f 366 1808 185
f 86 366 185
f 364 366 86
f 701 626 1526
f 626 364 1526
f 626 366 364
f 701 1806 626
f 1735 1632 1807
f 1632 1735 1916
f 1916 1735 2031
f 1916 2031 88
f 88 2031 185
f 185 1808 88
f 1809 47 1527
f 1527 47 45
f 47 329 45
f 331 329 47
f 331 603 329
f 605 603 331
f 1528 603 885
f 603 857 885
f 603 605 857
f 857 1810 885
f 1664 1585 1529
f 1811 1873 1664
f 1873 1585 1664
f 1873 1871 1585
f 1527 1871 1873
f 1527 1873 1809
f 885 855 1528
f 855 885 1810
f 1119 855 1810
f 1117 855 1119
f 1119 1812 1117
f 1117 1812 1530
f 1664 1529 1587
f 1529 1813 1587
f 1529 1531 1813
f 1811 1664 1587
f 1530 1814 1532
f 1812 1814 1530
f 1815 1531 1533
f 1815 1813 1531
f 1814 1377 1419
f 1534 1814 1419
f 1532 1814 1534
f 1377 1816 1419
f 1394 1317 1535
f 1533 1317 1394
f 1817 1533 1394
f 1815 1533 1817
f 1419 1375 1534
f 1816 1647 1695
f 1816 1695 1536
f 1419 1816 1536
f 1375 1419 1536
f 1647 1818 1695
f 1537 1396 1535
f 1535 1396 1394
f 1817 1394 1396
f 1817 1396 1819
f 1695 1645 1536
f 1818 1931 1989
f 1818 1989 1538
f 1695 1818 1538
f 1645 1695 1538
f 1931 1820 1989
f 1539 1398 1537
f 1537 1398 1396
f 1819 1396 1398
f 1819 1398 1821
f 1989 1929 1538
f 1989 1820 1929
f 1820 1540 1929
f 1820 1822 1540
f 1138 1061 1541
f 1319 1398 1539
f 1319 1539 1061
f 1823 1319 1061
f 1138 1823 1061
f 1821 1398 1319
f 1540 1824 1542
f 1822 1824 1540
f 1543 1140 1541
f 1541 1140 1138
f 1823 1138 1140
f 1823 1140 1825
f 1542 1826 1544
f 1824 1826 1542
f 1545 1142 1543
f 1543 1142 1140
f 1825 1140 1142
f 1825 1142 1827
f 1544 1828 1546
f 1826 1828 1544
f 1062 1142 1545
f 1320 1827 1406
f 1406 1827 1547
f 1827 1142 1547
f 1142 1062 1547
f 1829 1320 1406
f 1830 164 101
f 1546 1830 101
f 1828 1830 1546
f 164 1548 101
f 1318 1406 1547
f 1588 1829 1684
f 1684 1829 1549
f 1829 1406 1549
f 1406 1318 1549
f 1588 1684 1976
f 1588 1976 1874
f 1831 1874 1976
f 332 1832 420
f 1833 332 420
f 1932 1834 2014
f 164 1830 1932
f 2014 164 1932
f 168 164 2014
f 1548 164 1550
f 1550 164 168
f 1586 1684 1549
f 1872 1976 1586
f 1586 1976 1684
f 48 1831 146
f 146 1831 1551
f 1831 1976 1551
f 1976 1872 1551
f 420 1832 48
f 146 420 48
f 424 420 146
f 676 606 1833
f 420 676 1833
f 424 676 420
f 1835 606 676
f 1836 2018 2014
f 1836 2014 1834
f 172 2014 2018
f 168 2014 172
f 1550 168 1552
f 1552 168 172
f 46 146 1551
f 330 424 46
f 46 424 146
f 1553 680 330
f 680 424 330
f 680 676 424
f 926 858 1835
f 676 926 1835
f 680 926 676
f 1837 858 926
f 1838 2022 2018
f 1838 2018 1836
f 176 2018 2022
f 172 2018 176
f 1552 172 1554
f 1554 172 176
f 604 680 1553
f 1555 932 604
f 932 680 604
f 932 926 680
f 1188 1120 1837
f 926 1188 1837
f 932 1188 926
f 1120 1188 1456
f 1120 1456 1378
f 1378 1456 1730
f 1378 1730 1648
f 2022 1838 1648
f 1730 2022 1648
f 2026 2022 1730
f 102 176 1556
f 176 2026 1556
f 176 2022 2026
f 1554 176 102
f 856 932 1555
f 1118 1188 856
f 856 1188 932
f 1376 1456 1118
f 1118 1456 1188
f 1646 1730 1376
f 1376 1730 1456
f 1930 2026 1646
f 1646 2026 1730
f 1556 2026 1930
f 384 345 1557
f 638 619 384
f 384 619 345
f 886 871 638
f 638 871 619
f 1150 1133 886
f 886 1133 871
f 1150 1558 1133
f 1559 386 1557
f 1557 386 384
f 640 384 386
f 638 384 640
f 888 638 640
f 886 638 888
f 1152 886 888
f 1150 886 1152
f 1558 1150 1560
f 1560 1150 1152
f 346 386 1559
f 1561 642 346
f 642 386 346
f 642 640 386
f 890 640 642
f 888 640 890
f 1154 888 890
f 1152 888 1154
f 1560 1152 1391
f 1152 1418 1391
f 1152 1154 1418
f 1418 1562 1391
f 1563 644 1561
f 1561 644 642
f 892 642 644
f 890 642 892
f 1156 890 892
f 1154 890 1156
f 1420 1154 1156
f 1418 1154 1420
f 1562 1418 1564
f 1564 1418 1420
f 620 644 1563
f 1565 896 620
f 896 644 620
f 896 892 644
f 1158 892 896
f 1156 892 1158
f 1422 1156 1158
f 1420 1156 1422
f 1564 1420 1661
f 1420 1696 1661
f 1420 1422 1696
f 1696 1566 1661
f 872 896 1565
f 1567 1162 872
f 1162 896 872
f 1162 1158 896
f 1426 1158 1162
f 1422 1158 1426
f 1698 1422 1426
f 1696 1422 1698
f 1566 1696 1568
f 1568 1696 1698
f 1134 1162 1567
f 1392 1426 1134
f 1134 1426 1162
f 1662 1698 1392
f 1392 1698 1426
f 1568 1698 1662
f 2033 285 1737
f 1737 285 283
f 285 557 283
f 559 557 285
f 559 809 557
f 811 809 559
f 811 2034 809
f 809 2034 1738
f 2035 7 1739
f 1739 7 5
f 1737 5 7
f 1737 7 2033
f 1071 1738 2034
f 1071 2034 1073
f 1424 1329 2036
f 1329 1073 2036
f 1329 1071 1073
f 1424 1740 1329
f 2037 1739 1741
f 2037 2035 1739
f 1331 1424 2036
f 1599 1740 1424
f 1331 1599 1424
f 1601 1599 1331
f 1992 1891 2038
f 1891 1601 2038
f 1891 1599 1601
f 1992 1742 1891
f 2039 1741 1743
f 2039 2037 1741
f 1893 1992 2038
f 67 1742 1992
f 1893 67 1992
f 69 67 1893
f 69 2040 67
f 67 2040 1744
f 2041 1841 1961
f 1745 1961 1841
f 2039 1745 1841
f 1743 1745 2039
f 349 1744 2040
f 349 2040 351
f 351 2042 349
f 349 2042 1746
f 1839 1747 1961
f 1747 2041 1961
f 1747 2043 2041
f 1961 1745 1839
f 1746 2044 1748
f 2042 2044 1746
f 2045 1747 1749
f 2045 2043 1747
f 1748 2046 1750
f 2044 2046 1748
f 1973 2047 1840
f 2047 1749 1840
f 2047 2045 1749
f 1751 1973 1840
f 1750 2048 1752
f 2046 2048 1750
f 1977 2049 1973
f 1973 2049 2047
f 1973 1751 1753
f 1973 1753 1977
f 1752 2050 1754
f 2048 2050 1752
f 1977 1842 2049
f 2051 1842 1977
f 1753 2051 1977
f 1755 2051 1753
f 1754 2052 1756
f 2050 2052 1754
f 2053 1755 1757
f 2053 2051 1755
f 352 2054 1758
f 352 1758 350
f 350 1756 352
f 352 1756 2052
f 1757 6 2053
f 2053 6 8
f 2055 8 6
f 2055 6 1759
f 1332 2056 1458
f 1332 1458 1760
f 1600 1332 1760
f 1602 1332 1600
f 1892 1602 1600
f 1892 1894 1602
f 68 1894 1892
f 68 70 1894
f 68 1758 70
f 70 1758 2054
f 1759 284 2055
f 2055 284 286
f 284 1761 692
f 560 284 692
f 286 284 560
f 560 692 938
f 560 938 812
f 812 938 1194
f 812 1194 1074
f 1458 2056 1074
f 1458 1074 1194
f 1330 1458 1194
f 1762 1330 1194
f 1760 1458 1330
f 558 692 1761
f 810 938 558
f 558 938 692
f 1072 1194 810
f 810 1194 938
f 1762 1194 1072
f 658 573 1763
f 906 825 658
f 658 825 573
f 1168 1087 906
f 906 1087 825
f 1168 1764 1087
f 2057 301 1765
f 1765 301 299
f 575 658 1763
f 299 575 1763
f 301 575 299
f 658 575 827
f 658 827 906
f 906 827 1089
f 906 1089 1168
f 1345 1764 1168
f 1089 1345 1168
f 1347 1345 1089
f 1347 2058 1345
f 1345 2058 1766
f 2059 23 1767
f 1767 23 21
f 1765 21 23
f 1765 23 2057
f 1615 1766 2058
f 1615 2058 1617
f 1617 2060 1615
f 1615 2060 1768
f 2061 1767 1769
f 2061 2059 1767
f 1768 2062 1770
f 2060 2062 1768
f 2063 1769 1771
f 2063 2061 1769
f 1770 2064 1772
f 2062 2064 1770
f 2065 1771 1773
f 2065 2063 1771
f 1772 2066 1774
f 2064 2066 1772
f 2067 1773 1775
f 2067 2065 1773
f 1618 2068 1776
f 1618 1776 1616
f 1616 1774 1618
f 1618 1774 2066
f 1775 22 2067
f 2067 22 24
f 2069 24 22
f 2069 22 1777
f 828 2070 930
f 828 930 1778
f 1088 828 1778
f 1090 828 1088
f 1346 1090 1088
f 1346 1348 1090
f 1346 1776 1348
f 1348 1776 2068
f 1777 300 2069
f 2069 300 302
f 574 302 300
f 574 576 302
f 2070 576 930
f 576 826 930
f 576 574 826
f 1778 930 826
f 2071 1859 1951
f 1951 1859 111
f 111 1859 33
f 111 33 1779
f 33 315 1779
f 33 317 315
f 1780 315 643
f 315 591 643
f 315 317 591
f 591 2072 643
f 2073 1573 1669
f 2071 1951 1573
f 1573 1951 1669
f 1951 1857 1669
f 1857 1781 1669
f 111 31 1857
f 111 1857 1951
f 111 1779 31
f 643 589 1780
f 2072 843 895
f 2072 895 1782
f 643 2072 1782
f 589 643 1782
f 843 2074 895
f 1571 1783 1669
f 1783 2073 1669
f 1783 2075 2073
f 1669 1781 1571
f 895 841 1782
f 895 2074 841
f 2074 1784 841
f 2074 2076 1784
f 2077 1783 1785
f 2077 2075 1783
f 1103 1784 2076
f 1103 2076 1105
f 1105 2078 1103
f 1103 2078 1786
f 2079 1785 1787
f 2079 2077 1785
f 2078 1363 1433
f 1788 2078 1433
f 1786 2078 1788
f 1363 2080 1433
f 2081 1787 1789
f 2081 2079 1787
f 1433 1361 1788
f 1433 2080 1361
f 2080 1790 1361
f 2080 2082 1790
f 2083 1789 1791
f 2083 2081 1789
f 1631 1790 2082
f 1631 2082 1633
f 1792 1631 2005
f 1631 1917 2005
f 1631 1633 1917
f 1917 2084 2005
f 1681 2085 1572
f 2085 1791 1572
f 2085 2083 1791
f 1793 1681 1572
f 2005 1915 1792
f 1915 2005 2084
f 89 1915 2084
f 87 1915 89
f 89 2086 87
f 87 2086 1794
f 1681 1574 2085
f 1975 2087 1858
f 1858 2087 1793
f 2087 1574 1793
f 1574 1681 1793
f 32 141 1975
f 32 1975 1858
f 316 419 141
f 316 141 32
f 1795 419 316
f 365 1794 2086
f 365 2086 367
f 367 2088 365
f 365 2088 1796
f 1975 1860 2087
f 1860 1975 34
f 34 1975 141
f 34 141 318
f 318 141 419
f 675 2089 590
f 590 2089 1795
f 2089 318 1795
f 318 419 1795
f 842 921 675
f 842 675 590
f 1797 921 842
f 625 1796 2088
f 625 2088 627
f 627 875 625
f 877 875 627
f 877 2090 875
f 875 2090 1798
f 675 592 2089
f 592 675 2091
f 675 925 2091
f 675 921 925
f 921 1797 1799
f 921 1799 925
f 1798 2092 1800
f 2090 2092 1798
f 925 844 2091
f 2093 844 925
f 1799 2093 925
f 1801 2093 1799
f 1800 2094 1802
f 2092 2094 1800
f 1191 2095 1104
f 2095 1801 1104
f 2095 2093 1801
f 1803 1191 1104
f 1802 2096 1804
f 2094 2096 1802
f 1191 1106 2095
f 2097 1106 1191
f 1803 2097 1191
f 1805 2097 1803
f 878 2098 1806
f 878 1806 876
f 876 1804 878
f 878 1804 2096
f 1805 1362 2097
f 2097 1362 1364
f 2099 1364 1362
f 2099 1362 1807
f 368 2100 1808
f 368 1808 366
f 626 368 366
f 626 628 368
f 626 1806 628
f 628 1806 2098
f 1807 1632 2099
f 2099 1632 1634
f 1916 1634 1632
f 1916 1918 1634
f 88 1918 1916
f 88 90 1918
f 88 1808 90
f 90 1808 2100
f 2101 333 381
f 381 333 635
f 635 333 607
f 635 607 883
f 883 607 859
f 859 2102 883
f 2103 1875 1945
f 1945 1875 1809
f 1875 47 1809
f 1875 49 47
f 49 2101 381
f 331 49 381
f 47 49 331
f 635 605 331
f 635 331 381
f 883 857 605
f 883 605 635
f 2102 1121 1149
f 2102 1149 1810
f 883 2102 1810
f 857 883 1810
f 1121 2104 1149
f 1873 1811 1945
f 1811 2103 1945
f 1811 2105 2103
f 1945 1809 1873
f 1149 1119 1810
f 2104 1379 1415
f 2104 1415 1812
f 1149 2104 1812
f 1119 1149 1812
f 1379 2106 1415
f 1666 1587 1813
f 1811 1587 1666
f 2107 1811 1666
f 2105 1811 2107
f 1417 1814 1812
f 1417 1812 1415
f 1415 2106 1417
f 1417 2106 2108
f 1815 1668 1813
f 1813 1668 1666
f 2107 1666 1668
f 2107 1668 2109
f 1417 1377 1814
f 1417 2108 1377
f 2108 1816 1377
f 2108 2110 1816
f 1817 1670 1815
f 1815 1670 1668
f 2109 1668 1670
f 2109 1670 2111
f 1647 1816 2110
f 1647 2110 1649
f 1649 2112 1647
f 1647 2112 1818
f 1819 1672 1817
f 1817 1672 1670
f 2111 1670 1672
f 2111 1672 2113
f 1931 1818 2112
f 1931 2112 1933
f 1933 2114 1931
f 1931 2114 1820
f 1672 1819 1589
f 1819 2115 1589
f 1819 1821 2115
f 2113 1672 1589
f 1820 2116 1822
f 2114 2116 1820
f 1400 1319 1823
f 1821 1319 1400
f 2117 1821 1400
f 2115 1821 2117
f 1822 2118 1824
f 2116 2118 1822
f 1825 1402 1823
f 1823 1402 1400
f 2117 1400 1402
f 2117 1402 2119
f 1824 2120 1826
f 2118 2120 1824
f 1827 1404 1825
f 1825 1404 1402
f 2119 1402 1404
f 2119 1404 2121
f 1826 2122 1828
f 2120 2122 1826
f 1320 1404 1827
f 1590 2121 1682
f 1682 2121 1829
f 2121 1404 1829
f 1404 1320 1829
f 1590 1682 1972
f 1590 1972 1876
f 1876 1972 138
f 1876 138 50
f 50 138 416
f 50 416 334
f 334 416 668
f 334 668 608
f 2123 608 668
f 1934 2124 2010
f 2010 1830 1934
f 1830 2122 1934
f 1830 1828 2122
f 1588 1682 1829
f 1874 1972 1588
f 1588 1972 1682
f 1831 142 1874
f 142 1972 1874
f 142 138 1972
f 332 416 1832
f 416 142 1832
f 416 138 142
f 1833 672 332
f 672 416 332
f 672 668 416
f 918 860 2123
f 668 918 2123
f 672 918 668
f 860 918 1178
f 860 1178 1122
f 1122 1178 1446
f 1122 1446 1380
f 1380 1446 1718
f 1380 1718 1650
f 2010 2124 1650
f 2010 1650 1718
f 1932 2010 1718
f 1834 1932 1718
f 1830 2010 1932
f 48 142 1831
f 1832 142 48
f 606 672 1833
f 1835 922 606
f 922 672 606
f 922 918 672
f 1180 918 922
f 1178 918 1180
f 1448 1178 1180
f 1446 1178 1448
f 1722 1446 1448
f 1718 1446 1722
f 1834 1718 1836
f 1836 1718 1722
f 858 922 1835
f 1837 1184 858
f 1184 922 858
f 1184 1180 922
f 1452 1180 1184
f 1448 1180 1452
f 1726 1448 1452
f 1722 1448 1726
f 1836 1722 1838
f 1838 1722 1726
f 1120 1184 1837
f 1378 1452 1120
f 1120 1452 1184
f 1648 1726 1378
f 1378 1726 1452
f 1838 1726 1648
f 187 287 2033
f 2033 287 285
f 287 559 285
f 561 559 287
f 561 811 559
f 813 811 561
f 813 188 811
f 811 188 2034
f 189 9 2035
f 2035 9 7
f 2033 7 9
f 2033 9 187
f 1073 2034 188
f 1073 188 1075
f 1075 190 1073
f 1073 190 2036
f 191 2035 2037
f 191 189 2035
f 1331 2036 190
f 1331 190 1333
f 1700 1601 192
f 1601 1333 192
f 1601 1331 1333
f 1700 2038 1601
f 193 2037 2039
f 193 191 2037
f 1603 1700 192
f 1893 2038 1700
f 1603 1893 1700
f 1895 1893 1603
f 154 69 194
f 69 1895 194
f 69 1893 1895
f 154 2040 69
f 195 1843 2041
f 2041 1843 1841
f 2039 1841 1843
f 2039 1843 193
f 71 154 194
f 196 438 351
f 196 351 2040
f 71 196 2040
f 154 71 2040
f 438 2042 351
f 197 2041 2043
f 197 195 2041
f 353 438 196
f 353 198 438
f 198 2042 438
f 198 2044 2042
f 199 2043 2045
f 199 197 2043
f 2044 200 2046
f 198 200 2044
f 201 2045 2047
f 201 199 2045
f 2046 202 2048
f 200 202 2046
f 203 2047 2049
f 203 201 2047
f 2048 204 2050
f 202 204 2048
f 1981 205 1842
f 205 2049 1842
f 205 203 2049
f 2051 1981 1842
f 354 206 454
f 454 2052 354
f 2052 204 354
f 2052 2050 204
f 1981 1844 205
f 207 1844 1981
f 2051 207 1981
f 2053 207 2051
f 1604 208 1728
f 1604 1728 2024
f 1604 2024 1896
f 1896 2024 178
f 1896 178 72
f 454 206 72
f 454 72 178
f 352 454 178
f 2054 352 178
f 2052 454 352
f 2053 8 207
f 207 8 10
f 209 10 8
f 209 8 2055
f 1076 210 1190
f 1076 1190 2056
f 1332 1076 2056
f 1334 1076 1332
f 208 1334 1728
f 1334 1602 1728
f 1334 1332 1602
f 1894 2024 1602
f 1602 2024 1728
f 70 178 1894
f 1894 178 2024
f 2054 178 70
f 2055 286 209
f 209 286 288
f 560 288 286
f 560 562 288
f 812 562 560
f 812 814 562
f 210 814 1190
f 814 1074 1190
f 814 812 1074
f 2056 1190 1074
f 408 301 2057
f 211 577 408
f 577 301 408
f 577 575 301
f 577 827 575
f 829 827 577
f 829 1089 827
f 1091 1089 829
f 1091 1347 1089
f 1349 1347 1091
f 1349 212 1347
f 1347 212 2058
f 213 25 2059
f 2059 25 23
f 303 408 2057
f 23 303 2057
f 25 303 23
f 211 408 303
f 1617 2058 212
f 1617 212 1619
f 1619 214 1617
f 1617 214 2060
f 215 2059 2061
f 215 213 2059
f 2060 216 2062
f 214 216 2060
f 217 2061 2063
f 217 215 2061
f 216 1903 2013
f 2064 216 2013
f 2062 216 2064
f 1903 218 2013
f 219 2063 2065
f 219 217 2063
f 2064 2013 1904
f 220 2064 1904
f 2066 2064 220
f 2013 218 1904
f 26 219 148
f 219 2067 148
f 219 2065 2067
f 221 26 148
f 1618 1725 2068
f 1618 2066 1725
f 2066 222 1725
f 2066 220 222
f 24 148 2067
f 304 221 432
f 432 221 2069
f 221 148 2069
f 148 24 2069
f 304 432 684
f 304 684 578
f 578 684 2070
f 828 578 2070
f 830 578 828
f 1090 830 828
f 1090 1092 830
f 1348 1092 1090
f 1348 1350 1092
f 1725 1620 2068
f 1620 1348 2068
f 1620 1350 1348
f 1725 222 1620
f 302 432 2069
f 576 684 302
f 302 684 432
f 2070 684 576
f 223 35 109
f 109 35 387
f 387 35 319
f 387 319 641
f 641 319 593
f 593 224 641
f 225 1861 2071
f 2071 1861 1859
f 1861 223 109
f 33 1861 109
f 1859 1861 33
f 387 317 33
f 387 33 109
f 641 591 317
f 641 317 387
f 224 845 891
f 224 891 2072
f 641 224 2072
f 591 641 2072
f 845 226 891
f 227 1575 2073
f 2073 1575 1573
f 2071 1573 1575
f 2071 1575 225
f 891 843 2072
f 891 226 843
f 226 2074 843
f 226 228 2074
f 229 2073 2075
f 229 227 2073
f 2074 230 2076
f 228 230 2074
f 231 2075 2077
f 231 229 2075
f 1105 2076 230
f 1105 230 1107
f 1107 232 1105
f 1105 232 2078
f 233 1307 1399
f 2079 1399 1307
f 231 2079 1307
f 2077 2079 231
f 1363 2078 232
f 1363 232 1365
f 1365 234 1363
f 1363 234 2080
f 1401 235 1399
f 1399 235 233
f 1399 2079 2081
f 1399 2081 1401
f 234 1635 1709
f 2082 234 1709
f 2080 234 2082
f 1635 236 1709
f 1403 237 1401
f 1401 237 235
f 1401 2081 2083
f 1401 2083 1403
f 1709 1633 2082
f 1633 1709 236
f 1919 1633 236
f 1917 1633 1919
f 1919 238 1917
f 1917 238 2084
f 1405 239 1403
f 1403 239 237
f 1403 2083 2085
f 1403 2085 1405
f 89 2084 238
f 89 238 91
f 91 240 89
f 89 240 2086
f 1405 1308 239
f 1683 241 1574
f 1574 241 2085
f 241 1308 2085
f 1308 1405 2085
f 2087 1683 1574
f 367 2086 240
f 367 240 369
f 369 242 367
f 367 242 2088
f 1683 1576 241
f 1979 243 1860
f 1860 243 2087
f 243 1576 2087
f 1576 1683 2087
f 34 145 1979
f 34 1979 1860
f 318 423 145
f 318 145 34
f 2089 423 318
f 627 2088 242
f 627 242 629
f 942 877 244
f 877 629 244
f 877 627 629
f 942 2090 877
f 1979 1862 243
f 1862 1979 36
f 36 1979 145
f 36 145 320
f 320 145 423
f 679 245 592
f 592 245 2089
f 245 320 2089
f 320 423 2089
f 2091 679 592
f 879 942 244
f 879 246 942
f 246 2090 942
f 246 2092 2090
f 679 594 245
f 931 247 844
f 844 247 2091
f 247 594 2091
f 594 679 2091
f 2093 931 844
f 2092 248 2094
f 246 248 2092
f 931 846 247
f 249 846 931
f 2093 249 931
f 2095 249 2093
f 880 250 948
f 948 2096 880
f 2096 248 880
f 2096 2094 248
f 1195 251 1106
f 251 2095 1106
f 251 249 2095
f 2097 1195 1106
f 630 252 702
f 948 250 630
f 948 630 702
f 878 948 702
f 2098 878 702
f 2096 948 878
f 1195 1108 251
f 1463 253 1364
f 1364 253 2097
f 253 1108 2097
f 1108 1195 2097
f 2099 1463 1364
f 370 254 2100
f 370 2100 368
f 252 370 702
f 370 628 702
f 370 368 628
f 2098 702 628
f 1463 1366 253
f 2099 1634 1463
f 1634 1366 1463
f 1634 1636 1366
f 1918 1636 1634
f 1918 1920 1636
f 90 1920 1918
f 90 92 1920
f 90 2100 92
f 92 2100 254
f 255 51 103
f 103 51 2101
f 51 333 2101
f 51 335 333
f 335 607 333
f 609 607 335
f 609 859 607
f 861 859 609
f 2102 859 1147
f 859 1123 1147
f 859 861 1123
f 1123 256 1147
f 257 1877 2103
f 2103 1877 1875
f 1877 255 103
f 49 1877 103
f 1875 1877 49
f 103 2101 49
f 1147 1121 2102
f 256 1381 1413
f 256 1413 2104
f 1147 256 2104
f 1121 1147 2104
f 1381 258 1413
f 259 2103 2105
f 259 257 2103
f 1413 1379 2104
f 1413 258 1379
f 258 2106 1379
f 258 260 2106
f 261 2105 2107
f 261 259 2105
f 260 1651 1691
f 2108 260 1691
f 2106 260 2108
f 1651 262 1691
f 263 2107 2109
f 263 261 2107
f 1693 2110 2108
f 1693 2108 1691
f 1691 262 1693
f 1693 262 264
f 265 2109 2111
f 265 263 2109
f 1693 1649 2110
f 264 1935 1987
f 264 1987 2112
f 1693 264 2112
f 1649 1693 2112
f 1935 266 1987
f 267 2111 2113
f 267 265 2111
f 1987 1933 2112
f 1987 266 1933
f 266 2114 1933
f 266 268 2114
f 1674 1589 2115
f 2113 1589 1674
f 269 2113 1674
f 267 2113 269
f 2114 270 2116
f 268 270 2114
f 2117 1676 2115
f 2115 1676 1674
f 269 1674 1676
f 269 1676 271
f 2116 272 2118
f 270 272 2116
f 2119 1678 2117
f 2117 1678 1676
f 1964 1878 271
f 1676 1964 271
f 1678 1964 1676
f 273 1878 1964
f 1936 274 2002
f 2002 2120 1936
f 2120 272 1936
f 2120 2118 272
f 2121 1680 2119
f 2119 1680 1678
f 1968 1678 1680
f 1964 1678 1968
f 134 52 273
f 1964 134 273
f 1968 134 1964
f 52 134 412
f 52 412 336
f 336 412 666
f 336 666 610
f 610 666 912
f 610 912 862
f 862 912 1174
f 862 1174 1124
f 275 1124 1174
f 1652 276 1714
f 2002 274 1652
f 1714 2002 1652
f 2006 2002 1714
f 2120 2002 2122
f 2122 2002 2006
f 1590 1680 2121
f 1876 1968 1590
f 1590 1968 1680
f 50 134 1876
f 1876 134 1968
f 334 412 50
f 50 412 134
f 608 666 334
f 334 666 412
f 2123 914 608
f 914 666 608
f 914 912 666
f 1176 912 914
f 1174 912 1176
f 1444 1382 275
f 1174 1444 275
f 1176 1444 1174
f 1714 276 1382
f 1444 1714 1382
f 1716 1714 1444
f 1934 2006 2124
f 2006 1716 2124
f 2006 1714 1716
f 2122 2006 1934
f 860 914 2123
f 1122 1176 860
f 860 1176 914
f 1380 1444 1122
f 1122 1444 1176
f 1650 1716 1380
f 1380 1716 1444
f 2124 1716 1650
