# Converted from NanoShaper .vert/.face
v -6.453000 -13.689000 12.385000
v -5.546000 -13.689000 12.385000
v -6.679000 -13.689000 12.885000
v -5.321000 -13.689000 12.885000
v -6.465000 -13.689000 13.385000
v -5.535000 -13.689000 13.385000
v -8.124000 -9.689000 2.385000
v -6.994000 -9.689000 2.385000
v -8.598000 -9.689000 2.885000
v -6.523000 -9.689000 2.885000
v -8.757000 -9.689000 3.385000
v -6.388000 -9.689000 3.385000
v -8.870000 -9.689000 3.885000
v -6.245000 -9.689000 3.885000
v -8.914000 -9.689000 4.385000
v -6.074000 -9.689000 4.385000
v -8.893000 -9.689000 4.885000
v -5.902000 -9.689000 4.885000
v -8.926000 -9.689000 5.385000
v -5.800000 -9.689000 5.385000
v -8.855000 -9.689000 5.885000
v -5.746000 -9.689000 5.885000
v -8.685000 -9.689000 6.385000
v -5.505000 -9.689000 6.385000
v -8.351000 -9.689000 6.885000
v -3.150000 -9.689000 6.885000
v -8.166000 -9.689000 7.385000
v -2.803000 -9.689000 7.385000
v -8.219000 -9.689000 7.885000
v -2.703000 -9.689000 7.885000
v -8.156000 -9.689000 8.385000
v -2.702000 -9.689000 8.385000
v -7.931000 -9.689000 8.885000
v -2.791000 -9.689000 8.885000
v -7.776000 -9.689000 9.385000
v -2.978000 -9.689000 9.385000
v -7.859000 -9.689000 9.885000
v -3.274000 -9.689000 9.885000
v -8.310000 -9.689000 10.385000
v -3.372000 -9.689000 10.385000
v -8.583000 -9.689000 10.885000
v -3.479000 -9.689000 10.885000
v -8.387000 -9.689000 11.385000
v -3.567000 -9.689000 11.385000
v -8.159000 -9.689000 11.885000
v -3.412000 -9.689000 11.885000
v -7.833000 -9.689000 12.385000
v -2.828000 -9.689000 12.385000
v -7.434000 -9.689000 12.885000
v -2.419000 -9.689000 12.885000
v -7.003000 -9.689000 13.385000
v -2.324000 -9.689000 13.385000
v -6.754000 -9.689000 13.885000
v -2.315000 -9.689000 13.885000
v -6.743000 -9.689000 14.385000
v -2.239000 -9.689000 14.385000
v -6.536000 -9.689000 14.885000
v -1.981000 -9.689000 14.885000
v -6.154000 -9.689000 15.385000
v -1.888000 -9.689000 15.385000
v -5.740000 -9.689000 15.885000
v -1.844000 -9.689000 15.885000
v -4.892000 -9.689000 16.385000
v -1.683000 -9.689000 16.385000
v -4.592000 -9.689000 16.885000
v -0.994000 -9.689000 16.885000
v -4.143000 -9.689000 17.385000
v 1.635000 -9.689000 17.385000
v -3.366000 -9.689000 17.885000
v 2.051000 -9.689000 17.885000
v -3.046000 -9.689000 18.385000
v 2.154000 -9.689000 18.385000
v -2.870000 -9.689000 18.885000
v 2.038000 -9.689000 18.885000
v -2.563000 -9.689000 19.385000
v 1.877000 -9.689000 19.385000
v -1.575000 -9.689000 19.885000
v 1.758000 -9.689000 19.885000
v -0.897000 -9.689000 20.385000
v 1.524000 -9.689000 20.385000
v -0.205000 -9.689000 20.885000
v 1.074000 -9.689000 20.885000
v -6.549000 -13.689000 12.490000
v -6.549000 -13.689000 13.290000
v -6.049000 -13.689000 12.213000
v -6.049000 -13.689000 13.567000
v -5.549000 -13.689000 12.382000
v -5.549000 -13.689000 13.398000
v -8.549000 -9.689000 2.798000
v -8.549000 -9.689000 6.622000
v -8.549000 -9.689000 10.679000
v -8.549000 -9.689000 11.066000
v -8.049000 -9.689000 2.346000
v -8.049000 -9.689000 8.697000
v -8.049000 -9.689000 10.175000
v -8.049000 -9.689000 12.060000
v -7.549000 -9.689000 2.237000
v -7.549000 -9.689000 12.755000
v -7.049000 -9.689000 2.356000
v -7.049000 -9.689000 13.323000
v -6.549000 -9.689000 2.836000
v -6.549000 -9.689000 14.872000
v -6.049000 -9.689000 4.459000
v -6.049000 -9.689000 15.558000
v -5.549000 -9.689000 6.343000
v -5.549000 -9.689000 15.996000
v -5.049000 -9.689000 6.555000
v -5.049000 -9.689000 16.245000
v -4.549000 -9.689000 6.538000
v -4.549000 -9.689000 16.968000
v -4.049000 -9.689000 6.528000
v -4.049000 -9.689000 17.437000
v -3.549000 -9.689000 6.632000
v -3.549000 -9.689000 11.167000
v -3.549000 -9.689000 11.548000
v -3.549000 -9.689000 17.719000
v -3.049000 -9.689000 6.988000
v -3.049000 -9.689000 9.504000
v -3.049000 -9.689000 12.234000
v -3.049000 -9.689000 18.380000
v -2.549000 -9.689000 12.658000
v -2.549000 -9.689000 19.400000
v -2.049000 -9.689000 14.752000
v -2.049000 -9.689000 19.723000
v -1.549000 -9.689000 16.566000
v -1.549000 -9.689000 19.897000
v -1.049000 -9.689000 16.871000
v -1.049000 -9.689000 20.241000
v -0.549000 -9.689000 16.965000
v -0.549000 -9.689000 20.630000
v -0.049000 -9.689000 16.985000
v -0.049000 -9.689000 20.967000
v 0.451000 -9.689000 17.011000
v 0.451000 -9.689000 21.067000
v 0.951000 -9.689000 17.089000
v 0.951000 -9.689000 20.952000
v 1.451000 -9.689000 17.282000
v 1.451000 -9.689000 20.513000
v 1.951000 -9.689000 17.704000
v 1.951000 -9.689000 19.111000
v -9.049000 -9.270000 4.385000
v -9.049000 -7.576000 4.385000
v -8.549000 -10.465000 4.385000
v -8.549000 -7.186000 4.385000
v -8.049000 -11.038000 4.385000
v -8.049000 -7.072000 4.385000
v -7.549000 -11.680000 4.385000
v -7.549000 -7.154000 4.385000
v -7.049000 -11.856000 4.385000
v -7.049000 -7.484000 4.385000
v -6.549000 -11.738000 4.385000
v -6.549000 -8.400000 4.385000
v -6.049000 -10.744000 4.385000
v -6.049000 -9.870000 4.385000
v -9.549000 -12.247000 8.385000
v -9.549000 -10.576000 8.385000
v -9.049000 -12.623000 8.385000
v -9.049000 -10.200000 8.385000
v -8.549000 -12.730000 8.385000
v -8.549000 -9.935000 8.385000
v -8.049000 -12.724000 8.385000
v -8.049000 -9.647000 8.385000
v -7.549000 -12.641000 8.385000
v -7.549000 -9.485000 8.385000
v -7.049000 -12.448000 8.385000
v -7.049000 -9.257000 8.385000
v -6.549000 -12.392000 8.385000
v -6.549000 -8.987000 8.385000
v -6.049000 -12.255000 8.385000
v -6.049000 -8.758000 8.385000
v -5.549000 -11.971000 8.385000
v -5.549000 -8.646000 8.385000
v -5.049000 -11.824000 8.385000
v -5.049000 -8.573000 8.385000
v -4.549000 -11.828000 8.385000
v -4.549000 -8.494000 8.385000
v -4.049000 -11.802000 8.385000
v -4.049000 -8.524000 8.385000
v -3.549000 -11.719000 8.385000
v -3.549000 -8.630000 8.385000
v -3.049000 -11.402000 8.385000
v -3.049000 -8.980000 8.385000
v -9.049000 -12.305000 12.385000
v -9.049000 -10.538000 12.385000
v -8.549000 -12.616000 12.385000
v -8.549000 -10.348000 12.385000
v -8.049000 -12.908000 12.385000
v -8.049000 -9.969000 12.385000
v -7.549000 -13.180000 12.385000
v -7.549000 -9.189000 12.385000
v -7.049000 -13.351000 12.385000
v -7.049000 -8.786000 12.385000
v -6.549000 -13.650000 12.385000
v -6.549000 -8.669000 12.385000
v -6.049000 -13.770000 12.385000
v -6.049000 -8.736000 12.385000
v -5.549000 -13.691000 12.385000
v -5.549000 -8.825000 12.385000
v -5.049000 -13.459000 12.385000
v -5.049000 -8.889000 12.385000
v -4.549000 -13.343000 12.385000
v -4.549000 -8.880000 12.385000
v -4.049000 -13.250000 12.385000
v -4.049000 -8.922000 12.385000
v -3.549000 -12.934000 12.385000
v -3.549000 -9.087000 12.385000
v -3.049000 -11.959000 12.385000
v -3.049000 -9.535000 12.385000
v -2.549000 -10.800000 12.385000
v -2.549000 -10.098000 12.385000
v -5.049000 -11.792000 16.385000
v -5.049000 -9.850000 16.385000
v -4.549000 -11.990000 16.385000
v -4.549000 -9.424000 16.385000
v -4.049000 -12.213000 16.385000
v -4.049000 -9.142000 16.385000
v -3.549000 -12.293000 16.385000
v -3.549000 -9.041000 16.385000
v -3.049000 -12.225000 16.385000
v -3.049000 -9.007000 16.385000
v -2.549000 -12.139000 16.385000
v -2.549000 -9.080000 16.385000
v -2.049000 -11.841000 16.385000
v -2.049000 -9.317000 16.385000
v -1.549000 -11.325000 16.385000
v -1.549000 -9.887000 16.385000
v -0.549000 -11.238000 20.385000
v -0.549000 -9.224000 20.385000
v -0.049000 -11.596000 20.385000
v -0.049000 -9.051000 20.385000
v 0.451000 -11.689000 20.385000
v 0.451000 -8.944000 20.385000
v 0.951000 -11.581000 20.385000
v 0.951000 -9.069000 20.385000
v 1.451000 -11.196000 20.385000
v 1.451000 -9.576000 20.385000
v -4.810000 -13.189000 11.385000
v -4.366000 -13.189000 11.385000
v -6.658000 -13.189000 11.885000
v -4.031000 -13.189000 11.885000
v -7.525000 -13.189000 12.385000
v -3.907000 -13.189000 12.385000
v -7.749000 -13.189000 12.885000
v -4.218000 -13.189000 12.885000
v -7.558000 -13.189000 13.385000
v -4.678000 -13.189000 13.385000
v -6.671000 -13.189000 13.885000
v -5.160000 -13.189000 13.885000
v -8.680000 -9.189000 2.385000
v -6.629000 -9.189000 2.385000
v -9.100000 -9.189000 2.885000
v -6.287000 -9.189000 2.885000
v -9.205000 -9.189000 3.385000
v -6.191000 -9.189000 3.385000
v -9.160000 -9.189000 3.885000
v -6.198000 -9.189000 3.885000
v -9.086000 -9.189000 4.385000
v -6.158000 -9.189000 4.385000
v -8.956000 -9.189000 4.885000
v -6.185000 -9.189000 4.885000
v -8.809000 -9.189000 5.385000
v -6.282000 -9.189000 5.385000
v -8.639000 -9.189000 5.885000
v -6.367000 -9.189000 5.885000
v -8.236000 -9.189000 6.385000
v -6.405000 -9.189000 6.385000
v -7.469000 -9.189000 6.885000
v -6.400000 -9.189000 6.885000
v -4.659000 -9.189000 6.885000
v -3.515000 -9.189000 6.885000
v -6.657000 -9.189000 7.385000
v -3.037000 -9.189000 7.385000
v -6.664000 -9.189000 7.885000
v -2.917000 -9.189000 7.885000
v -6.900000 -9.189000 8.385000
v -2.891000 -9.189000 8.385000
v -7.209000 -9.189000 8.885000
v -3.006000 -9.189000 8.885000
v -7.260000 -9.189000 9.385000
v -3.417000 -9.189000 9.385000
v -7.298000 -9.189000 9.885000
v -3.806000 -9.189000 9.885000
v -7.539000 -9.189000 10.385000
v -3.892000 -9.189000 10.385000
v -7.683000 -9.189000 10.885000
v -4.136000 -9.189000 10.885000
v -7.757000 -9.189000 11.385000
v -4.370000 -9.189000 11.385000
v -7.684000 -9.189000 11.885000
v -4.145000 -9.189000 11.885000
v -7.549000 -9.189000 12.385000
v -3.416000 -9.189000 12.385000
v -7.059000 -9.189000 12.885000
v -2.960000 -9.189000 12.885000
v -6.039000 -9.189000 13.385000
v -2.829000 -9.189000 13.385000
v -5.813000 -9.189000 13.885000
v -2.807000 -9.189000 13.885000
v -5.774000 -9.189000 14.385000
v -2.783000 -9.189000 14.385000
v -5.690000 -9.189000 14.885000
v -2.630000 -9.189000 14.885000
v -5.451000 -9.189000 15.385000
v -2.476000 -9.189000 15.385000
v -4.343000 -9.189000 15.885000
v -2.400000 -9.189000 15.885000
v -4.154000 -9.189000 16.385000
v -2.262000 -9.189000 16.385000
v -3.897000 -9.189000 16.885000
v -1.659000 -9.189000 16.885000
v -3.205000 -9.189000 17.385000
v 1.114000 -9.189000 17.385000
v -3.045000 -9.189000 17.885000
v 1.565000 -9.189000 17.885000
v -2.958000 -9.189000 18.385000
v 1.689000 -9.189000 18.385000
v -2.861000 -9.189000 18.885000
v 1.658000 -9.189000 18.885000
v -2.551000 -9.189000 19.385000
v 1.673000 -9.189000 19.385000
v -1.337000 -9.189000 19.885000
v 1.559000 -9.189000 19.885000
v -0.496000 -9.189000 20.385000
v 1.119000 -9.189000 20.385000
v -7.549000 -13.189000 12.408000
v -7.549000 -13.189000 13.395000
v -7.049000 -13.189000 12.117000
v -7.049000 -13.189000 13.677000
v -6.549000 -13.189000 11.825000
v -6.549000 -13.189000 13.955000
v -6.049000 -13.189000 11.692000
v -6.049000 -13.189000 14.089000
v -5.549000 -13.189000 11.660000
v -5.549000 -13.189000 14.060000
v -5.049000 -13.189000 11.528000
v -5.049000 -13.189000 13.775000
v -4.549000 -13.189000 11.340000
v -4.549000 -13.189000 13.253000
v -4.049000 -13.189000 11.775000
v -4.049000 -13.189000 12.742000
v -9.049000 -9.189000 2.783000
v -9.049000 -9.189000 4.534000
v -8.549000 -9.189000 2.308000
v -8.549000 -9.189000 6.056000
v -8.049000 -9.189000 2.110000
v -8.049000 -9.189000 6.509000
v -7.549000 -9.189000 2.020000
v -7.549000 -9.189000 6.826000
v -7.549000 -9.189000 10.403000
v -7.549000 -9.189000 12.386000
v -7.049000 -9.189000 2.119000
v -7.049000 -9.189000 7.061000
v -7.049000 -9.189000 8.549000
v -7.049000 -9.189000 12.891000
v -6.549000 -9.189000 2.466000
v -6.549000 -9.189000 13.067000
v -6.049000 -9.189000 7.180000
v -6.049000 -9.189000 13.374000
v -5.549000 -9.189000 7.260000
v -5.549000 -9.189000 15.277000
v -5.049000 -9.189000 7.113000
v -5.049000 -9.189000 15.547000
v -4.549000 -9.189000 6.838000
v -4.549000 -9.189000 15.704000
v -4.049000 -9.189000 6.741000
v -4.049000 -9.189000 10.786000
v -4.049000 -9.189000 11.966000
v -4.049000 -9.189000 16.726000
v -3.549000 -9.189000 6.867000
v -3.549000 -9.189000 9.522000
v -3.549000 -9.189000 12.288000
v -3.549000 -9.189000 17.050000
v -3.049000 -9.189000 7.362000
v -3.049000 -9.189000 8.967000
v -3.049000 -9.189000 12.747000
v -3.049000 -9.189000 17.866000
v -2.549000 -9.189000 15.061000
v -2.549000 -9.189000 19.387000
v -2.049000 -9.189000 16.630000
v -2.049000 -9.189000 19.714000
v -1.549000 -9.189000 16.938000
v -1.549000 -9.189000 19.826000
v -1.049000 -9.189000 17.125000
v -1.049000 -9.189000 20.011000
v -0.549000 -9.189000 17.162000
v -0.549000 -9.189000 20.359000
v -0.049000 -9.189000 17.171000
v -0.049000 -9.189000 20.510000
v 0.451000 -9.189000 17.210000
v 0.451000 -9.189000 20.606000
v 0.951000 -9.189000 17.301000
v 0.951000 -9.189000 20.481000
v 1.451000 -9.189000 17.700000
v 1.451000 -9.189000 20.069000
v -8.549000 -10.961000 4.885000
v -8.549000 -7.528000 4.885000
v -8.049000 -11.759000 4.885000
v -8.049000 -7.374000 4.885000
v -7.549000 -12.097000 4.885000
v -7.549000 -7.483000 4.885000
v -7.049000 -12.217000 4.885000
v -7.049000 -8.016000 4.885000
v -6.549000 -12.135000 4.885000
v -6.549000 -8.593000 4.885000
v -6.049000 -11.795000 4.885000
v -6.049000 -9.432000 4.885000
v -9.049000 -12.310000 8.885000
v -9.049000 -10.447000 8.885000
v -8.549000 -12.450000 8.885000
v -8.549000 -10.081000 8.885000
v -8.049000 -12.421000 8.885000
v -8.049000 -9.747000 8.885000
v -7.549000 -12.320000 8.885000
v -7.549000 -9.455000 8.885000
v -7.049000 -12.266000 8.885000
v -7.049000 -9.052000 8.885000
v -6.549000 -12.257000 8.885000
v -6.549000 -8.694000 8.885000
v -6.049000 -12.164000 8.885000
v -6.049000 -8.589000 8.885000
v -5.549000 -11.982000 8.885000
v -5.549000 -8.569000 8.885000
v -5.049000 -11.876000 8.885000
v -5.049000 -8.517000 8.885000
v -4.549000 -11.847000 8.885000
v -4.549000 -8.577000 8.885000
v -4.049000 -11.858000 8.885000
v -4.049000 -8.621000 8.885000
v -3.549000 -11.775000 8.885000
v -3.549000 -8.735000 8.885000
v -3.049000 -11.465000 8.885000
v -3.049000 -9.130000 8.885000
v -8.549000 -12.299000 12.885000
v -8.549000 -11.050000 12.885000
v -8.049000 -12.953000 12.885000
v -8.049000 -10.588000 12.885000
v -7.549000 -13.286000 12.885000
v -7.549000 -9.945000 12.885000
v -7.049000 -13.463000 12.885000
v -7.049000 -9.182000 12.885000
v -6.549000 -13.753000 12.885000
v -6.549000 -9.006000 12.885000
v -6.049000 -13.864000 12.885000
v -6.049000 -8.933000 12.885000
v -5.549000 -13.791000 12.885000
v -5.549000 -8.825000 12.885000
v -5.049000 -13.510000 12.885000
v -5.049000 -8.695000 12.885000
v -4.549000 -13.271000 12.885000
v -4.549000 -8.594000 12.885000
v -4.049000 -13.135000 12.885000
v -4.049000 -8.604000 12.885000
v -3.549000 -12.776000 12.885000
v -3.549000 -8.713000 12.885000
v -3.049000 -11.999000 12.885000
v -3.049000 -9.096000 12.885000
v -2.549000 -11.367000 12.885000
v -2.549000 -9.533000 12.885000
v -4.549000 -11.361000 16.885000
v -4.549000 -9.631000 16.885000
v -4.049000 -11.860000 16.885000
v -4.049000 -9.245000 16.885000
v -3.549000 -11.970000 16.885000
v -3.549000 -9.131000 16.885000
v -3.049000 -11.914000 16.885000
v -3.049000 -9.059000 16.885000
v -2.549000 -11.819000 16.885000
v -2.549000 -8.991000 16.885000
v -2.049000 -11.655000 16.885000
v -2.049000 -9.028000 16.885000
v -1.549000 -11.464000 16.885000
v -1.549000 -9.278000 16.885000
v -1.049000 -11.186000 16.885000
v -1.049000 -9.659000 16.885000
v -0.049000 -11.211000 20.885000
v -0.049000 -9.574000 20.885000
v 0.451000 -11.342000 20.885000
v 0.451000 -9.442000 20.885000
v 0.951000 -11.189000 20.885000
v 0.951000 -9.595000 20.885000
v -7.767000 -12.689000 5.885000
v -7.245000 -12.689000 5.885000
v -8.468000 -12.689000 6.385000
v -6.826000 -12.689000 6.385000
v -8.815000 -12.689000 6.885000
v -6.508000 -12.689000 6.885000
v -9.110000 -12.689000 7.385000
v -6.514000 -12.689000 7.385000
v -9.099000 -12.689000 7.885000
v -7.047000 -12.689000 7.885000
v -8.853000 -12.689000 8.385000
v -7.708000 -12.689000 8.385000
v -8.755000 -12.689000 10.885000
v -8.300000 -12.689000 10.885000
v -5.205000 -12.689000 10.885000
v -4.011000 -12.689000 10.885000
v -9.118000 -12.689000 11.385000
v -7.809000 -12.689000 11.385000
v -6.159000 -12.689000 11.385000
v -3.546000 -12.689000 11.385000
v -8.909000 -12.689000 11.885000
v -3.423000 -12.689000 11.885000
v -8.425000 -12.689000 12.385000
v -3.350000 -12.689000 12.385000
v -8.275000 -12.689000 12.885000
v -3.480000 -12.689000 12.885000
v -8.148000 -12.689000 13.385000
v -3.916000 -12.689000 13.385000
v -7.742000 -12.689000 13.885000
v -4.237000 -12.689000 13.885000
v -6.190000 -12.689000 14.385000
v -4.353000 -12.689000 14.385000
v -5.526000 -12.689000 14.885000
v -4.599000 -12.689000 14.885000
v -8.977000 -8.689000 2.385000
v -6.605000 -8.689000 2.385000
v -9.304000 -8.689000 2.885000
v -6.269000 -8.689000 2.885000
v -9.393000 -8.689000 3.385000
v -6.174000 -8.689000 3.385000
v -9.377000 -8.689000 3.885000
v -6.258000 -8.689000 3.885000
v -9.298000 -8.689000 4.385000
v -6.352000 -8.689000 4.385000
v -9.008000 -8.689000 4.885000
v -6.473000 -8.689000 4.885000
v -8.609000 -8.689000 5.385000
v -6.781000 -8.689000 5.385000
v -8.051000 -8.689000 5.885000
v -7.094000 -8.689000 5.885000
v -4.259000 -8.689000 7.385000
v -3.887000 -8.689000 7.385000
v -5.116000 -8.689000 7.885000
v -3.528000 -8.689000 7.885000
v -5.828000 -8.689000 8.385000
v -3.422000 -8.689000 8.385000
v -6.537000 -8.689000 8.885000
v -3.664000 -8.689000 8.885000
v -6.747000 -8.689000 9.385000
v -4.402000 -8.689000 9.385000
v -6.631000 -8.689000 9.885000
v -4.707000 -8.689000 9.885000
v -6.755000 -8.689000 10.385000
v -5.154000 -8.689000 10.385000
v -7.054000 -8.689000 10.885000
v -5.677000 -8.689000 10.885000
v -7.206000 -8.689000 11.385000
v -5.895000 -8.689000 11.385000
v -7.087000 -8.689000 11.885000
v -5.934000 -8.689000 11.885000
v -6.743000 -8.689000 12.385000
v -6.277000 -8.689000 12.385000
v -5.030000 -8.689000 12.885000
v -3.606000 -8.689000 12.885000
v -5.226000 -8.689000 13.385000
v -3.379000 -8.689000 13.385000
v -5.203000 -8.689000 13.885000
v -3.393000 -8.689000 13.885000
v -5.166000 -8.689000 14.385000
v -3.332000 -8.689000 14.385000
v -4.864000 -8.689000 14.885000
v -3.528000 -8.689000 14.885000
v -2.195000 -8.689000 17.385000
v -1.046000 -8.689000 17.385000
v -2.612000 -8.689000 17.885000
v 0.855000 -8.689000 17.885000
v -2.731000 -8.689000 18.385000
v 1.113000 -8.689000 18.385000
v -2.639000 -8.689000 18.885000
v 1.115000 -8.689000 18.885000
v -2.233000 -8.689000 19.385000
v 1.156000 -8.689000 19.385000
v -0.026000 -8.689000 19.885000
v 0.926000 -8.689000 19.885000
v -9.049000 -12.689000 7.134000
v -9.049000 -12.689000 8.151000
v -9.049000 -12.689000 11.151000
v -9.049000 -12.689000 11.713000
v -8.549000 -12.689000 6.465000
v -8.549000 -12.689000 8.486000
v -8.549000 -12.689000 10.840000
v -8.549000 -12.689000 12.172000
v -8.049000 -12.689000 6.136000
v -8.049000 -12.689000 8.464000
v -8.049000 -12.689000 11.083000
v -8.049000 -12.689000 13.567000
v -7.549000 -12.689000 5.824000
v -7.549000 -12.689000 8.252000
v -7.549000 -12.689000 11.529000
v -7.549000 -12.689000 13.998000
v -7.049000 -12.689000 6.048000
v -7.049000 -12.689000 7.885000
v -7.049000 -12.689000 11.593000
v -7.049000 -12.689000 14.110000
v -6.549000 -12.689000 6.705000
v -6.549000 -12.689000 7.542000
v -6.549000 -12.689000 11.524000
v -6.549000 -12.689000 14.220000
v -6.049000 -12.689000 11.327000
v -6.049000 -12.689000 14.476000
v -5.549000 -12.689000 11.128000
v -5.549000 -12.689000 14.864000
v -5.049000 -12.689000 10.791000
v -5.049000 -12.689000 15.057000
v -4.549000 -12.689000 10.709000
v -4.549000 -12.689000 14.837000
v -4.049000 -12.689000 10.863000
v -4.049000 -12.689000 13.537000
v -3.549000 -12.689000 11.380000
v -3.549000 -12.689000 13.001000
v -9.049000 -8.689000 2.460000
v -9.049000 -8.689000 4.829000
v -8.549000 -8.689000 2.100000
v -8.549000 -8.689000 5.451000
v -8.049000 -8.689000 1.993000
v -8.049000 -8.689000 5.886000
v -7.549000 -8.689000 2.003000
v -7.549000 -8.689000 6.068000
v -7.049000 -8.689000 2.101000
v -7.049000 -8.689000 5.837000
v -7.049000 -8.689000 10.863000
v -7.049000 -8.689000 12.064000
v -6.549000 -8.689000 2.441000
v -6.549000 -8.689000 5.020000
v -6.549000 -8.689000 8.897000
v -6.549000 -8.689000 12.433000
v -6.049000 -8.689000 8.579000
v -6.049000 -8.689000 12.210000
v -5.549000 -8.689000 8.220000
v -5.549000 -8.689000 10.755000
v -5.049000 -8.689000 7.847000
v -5.049000 -8.689000 10.279000
v -5.049000 -8.689000 12.902000
v -5.049000 -8.689000 14.711000
v -4.549000 -8.689000 7.574000
v -4.549000 -8.689000 9.729000
v -4.549000 -8.689000 12.691000
v -4.549000 -8.689000 14.982000
v -4.049000 -8.689000 7.353000
v -4.049000 -8.689000 9.058000
v -4.049000 -8.689000 12.707000
v -4.049000 -8.689000 15.089000
v -3.549000 -8.689000 7.750000
v -3.549000 -8.689000 8.762000
v -3.549000 -8.689000 12.944000
v -3.549000 -8.689000 14.905000
v -2.549000 -8.689000 17.759000
v -2.549000 -8.689000 19.056000
v -2.049000 -8.689000 17.323000
v -2.049000 -8.689000 19.490000
v -1.549000 -8.689000 17.263000
v -1.549000 -8.689000 19.594000
v -1.049000 -8.689000 17.384000
v -1.049000 -8.689000 19.573000
v -0.549000 -8.689000 17.618000
v -0.549000 -8.689000 19.639000
v -0.049000 -8.689000 17.698000
v -0.049000 -8.689000 19.876000
v 0.451000 -8.689000 17.770000
v 0.451000 -8.689000 20.056000
v 0.951000 -8.689000 17.971000
v 0.951000 -8.689000 19.861000
v -8.549000 -11.756000 5.385000
v -8.549000 -8.587000 5.385000
v -8.049000 -12.213000 5.385000
v -8.049000 -8.181000 5.385000
v -7.549000 -12.396000 5.385000
v -7.549000 -8.218000 5.385000
v -7.049000 -12.387000 5.385000
v -7.049000 -8.500000 5.385000
v -6.549000 -12.255000 5.385000
v -6.549000 -8.907000 5.385000
v -6.049000 -11.953000 5.385000
v -6.049000 -9.395000 5.385000
v -9.049000 -12.019000 9.385000
v -9.049000 -10.615000 9.385000
v -8.549000 -12.212000 9.385000
v -8.549000 -10.168000 9.385000
v -8.049000 -12.173000 9.385000
v -8.049000 -9.869000 9.385000
v -7.549000 -12.088000 9.385000
v -7.549000 -9.476000 9.385000
v -7.049000 -12.048000 9.385000
v -7.049000 -8.926000 9.385000
v -6.549000 -11.993000 9.385000
v -6.549000 -8.593000 9.385000
v -6.049000 -12.061000 9.385000
v -6.049000 -8.498000 9.385000
v -5.549000 -12.077000 9.385000
v -5.549000 -8.514000 9.385000
v -5.049000 -12.030000 9.385000
v -5.049000 -8.544000 9.385000
v -4.549000 -11.987000 9.385000
v -4.549000 -8.638000 9.385000
v -4.049000 -11.940000 9.385000
v -4.049000 -8.835000 9.385000
v -3.549000 -11.738000 9.385000
v -3.549000 -9.087000 9.385000
v -3.049000 -11.313000 9.385000
v -3.049000 -9.601000 9.385000
v -8.049000 -12.825000 13.385000
v -8.049000 -11.047000 13.385000
v -7.549000 -13.193000 13.385000
v -7.549000 -10.347000 13.385000
v -7.049000 -13.361000 13.385000
v -7.049000 -9.740000 13.385000
v -6.549000 -13.654000 13.385000
v -6.549000 -9.428000 13.385000
v -6.049000 -13.774000 13.385000
v -6.049000 -9.196000 13.385000
v -5.549000 -13.695000 13.385000
v -5.549000 -8.900000 13.385000
v -5.049000 -13.384000 13.385000
v -5.049000 -8.600000 13.385000
v -4.549000 -13.143000 13.385000
v -4.549000 -8.493000 13.385000
v -4.049000 -12.809000 13.385000
v -4.049000 -8.508000 13.385000
v -3.549000 -12.294000 13.385000
v -3.549000 -8.608000 13.385000
v -3.049000 -11.855000 13.385000
v -3.049000 -8.950000 13.385000
v -2.549000 -11.475000 13.385000
v -2.549000 -9.422000 13.385000
v -4.049000 -11.260000 17.385000
v -4.049000 -9.621000 17.385000
v -3.549000 -11.413000 17.385000
v -3.549000 -9.360000 17.385000
v -3.049000 -11.395000 17.385000
v -3.049000 -9.114000 17.385000
v -2.549000 -11.348000 17.385000
v -2.549000 -8.848000 17.385000
v -2.049000 -11.337000 17.385000
v -2.049000 -8.636000 17.385000
v -1.549000 -11.470000 17.385000
v -1.549000 -8.531000 17.385000
v -1.049000 -11.665000 17.385000
v -1.049000 -8.688000 17.385000
v -0.549000 -11.842000 17.385000
v -0.549000 -8.900000 17.385000
v -0.049000 -11.952000 17.385000
v -0.049000 -8.921000 17.385000
v 0.451000 -11.981000 17.385000
v 0.451000 -8.969000 17.385000
v 0.951000 -11.923000 17.385000
v 0.951000 -9.081000 17.385000
v 1.451000 -11.795000 17.385000
v 1.451000 -9.543000 17.385000
v 1.951000 -11.107000 17.385000
v 1.951000 -10.683000 17.385000
v -7.274000 -12.189000 4.885000
v -6.733000 -12.189000 4.885000
v -8.084000 -12.189000 5.385000
v -6.393000 -12.189000 5.385000
v -8.672000 -12.189000 5.885000
v -6.294000 -12.189000 5.885000
v -9.181000 -12.189000 6.385000
v -6.052000 -12.189000 6.385000
v -9.619000 -12.189000 6.885000
v -5.914000 -12.189000 6.885000
v -9.732000 -12.189000 7.385000
v -5.866000 -12.189000 7.385000
v -9.692000 -12.189000 7.885000
v -5.929000 -12.189000 7.885000
v -9.593000 -12.189000 8.385000
v -5.915000 -12.189000 8.385000
v -9.216000 -12.189000 8.885000
v -6.146000 -12.189000 8.885000
v -8.719000 -12.189000 9.385000
v -8.332000 -12.189000 9.385000
v -8.621000 -12.189000 9.885000
v -8.434000 -12.189000 9.885000
v -5.554000 -12.189000 9.885000
v -4.151000 -12.189000 9.885000
v -9.152000 -12.189000 10.385000
v -7.530000 -12.189000 10.385000
v -5.756000 -12.189000 10.385000
v -3.829000 -12.189000 10.385000
v -9.562000 -12.189000 10.885000
v -7.118000 -12.189000 10.885000
v -6.246000 -12.189000 10.885000
v -3.567000 -12.189000 10.885000
v -9.697000 -12.189000 11.385000
v -3.314000 -12.189000 11.385000
v -9.606000 -12.189000 11.885000
v -3.213000 -12.189000 11.885000
v -9.206000 -12.189000 12.385000
v -3.141000 -12.189000 12.385000
v -8.610000 -12.189000 12.885000
v -3.188000 -12.189000 12.885000
v -8.338000 -12.189000 13.385000
v -3.448000 -12.189000 13.385000
v -8.015000 -12.189000 13.885000
v -3.757000 -12.189000 13.885000
v -7.214000 -12.189000 14.385000
v -3.804000 -12.189000 14.385000
v -6.349000 -12.189000 14.885000
v -3.640000 -12.189000 14.885000
v -5.683000 -12.189000 15.385000
v -2.860000 -12.189000 15.385000
v -5.011000 -12.189000 15.885000
v -2.460000 -12.189000 15.885000
v -4.108000 -12.189000 16.385000
v -2.717000 -12.189000 16.385000
v -0.548000 -12.189000 17.885000
v 1.285000 -12.189000 17.885000
v -0.762000 -12.189000 18.385000
v 1.527000 -12.189000 18.385000
v -0.556000 -12.189000 18.885000
v 1.202000 -12.189000 18.885000
v 0.076000 -12.189000 19.385000
v 0.852000 -12.189000 19.385000
v -8.970000 -8.189000 2.385000
v -6.883000 -8.189000 2.385000
v -9.299000 -8.189000 2.885000
v -6.459000 -8.189000 2.885000
v -9.388000 -8.189000 3.385000
v -6.349000 -8.189000 3.385000
v -9.393000 -8.189000 3.885000
v -6.455000 -8.189000 3.885000
v -9.316000 -8.189000 4.385000
v -6.667000 -8.189000 4.385000
v -9.009000 -8.189000 4.885000
v -6.926000 -8.189000 4.885000
v -8.077000 -8.189000 5.385000
v -7.642000 -8.189000 5.385000
v -1.764000 -8.189000 17.885000
v -1.368000 -8.189000 17.885000
v -2.143000 -8.189000 18.385000
v -0.989000 -8.189000 18.385000
v -1.921000 -8.189000 18.885000
v -1.210000 -8.189000 18.885000
v -9.549000 -12.189000 6.758000
v -9.549000 -12.189000 8.475000
v -9.549000 -12.189000 10.861000
v -9.549000 -12.189000 12.003000
v -9.049000 -12.189000 6.249000
v -9.049000 -12.189000 9.063000
v -9.049000 -12.189000 10.275000
v -9.049000 -12.189000 12.484000
v -8.549000 -12.189000 5.793000
v -8.549000 -12.189000 12.973000
v -8.049000 -12.189000 5.364000
v -8.049000 -12.189000 9.329000
v -8.049000 -12.189000 10.056000
v -8.049000 -12.189000 13.851000
v -7.549000 -12.189000 5.068000
v -7.549000 -12.189000 9.109000
v -7.549000 -12.189000 10.366000
v -7.549000 -12.189000 14.204000
v -7.049000 -12.189000 4.824000
v -7.049000 -12.189000 9.061000
v -7.049000 -12.189000 10.927000
v -7.049000 -12.189000 14.471000
v -6.549000 -12.189000 5.024000
v -6.549000 -12.189000 9.023000
v -6.549000 -12.189000 10.978000
v -6.549000 -12.189000 14.743000
v -6.049000 -12.189000 6.391000
v -6.049000 -12.189000 8.773000
v -6.049000 -12.189000 10.763000
v -6.049000 -12.189000 15.131000
v -5.549000 -12.189000 9.878000
v -5.549000 -12.189000 15.473000
v -5.049000 -12.189000 9.661000
v -5.049000 -12.189000 15.852000
v -4.549000 -12.189000 9.741000
v -4.549000 -12.189000 16.063000
v -4.049000 -12.189000 9.990000
v -4.049000 -12.189000 16.440000
v -3.549000 -12.189000 10.919000
v -3.549000 -12.189000 13.530000
v -3.549000 -12.189000 15.031000
v -3.549000 -12.189000 16.602000
v -3.049000 -12.189000 15.348000
v -3.049000 -12.189000 16.474000
v -2.549000 -12.189000 15.615000
v -2.549000 -12.189000 16.219000
v -0.549000 -12.189000 17.886000
v -0.549000 -12.189000 18.892000
v -0.049000 -12.189000 17.690000
v -0.049000 -12.189000 19.248000
v 0.451000 -12.189000 17.679000
v 0.451000 -12.189000 19.525000
v 0.951000 -12.189000 17.782000
v 0.951000 -12.189000 19.280000
v 1.451000 -12.189000 18.067000
v 1.451000 -12.189000 18.638000
v -9.049000 -8.189000 2.468000
v -9.049000 -8.189000 4.842000
v -8.549000 -8.189000 2.106000
v -8.549000 -8.189000 5.213000
v -8.049000 -8.189000 1.998000
v -8.049000 -8.189000 5.390000
v -7.549000 -8.189000 2.079000
v -7.549000 -8.189000 5.360000
v -7.049000 -8.189000 2.292000
v -7.049000 -8.189000 5.010000
v -6.549000 -8.189000 2.723000
v -6.549000 -8.189000 4.072000
v -2.049000 -8.189000 18.110000
v -2.049000 -8.189000 18.748000
v -1.549000 -8.189000 17.850000
v -1.549000 -8.189000 19.007000
v -1.049000 -8.189000 18.170000
v -1.049000 -8.189000 18.688000
v -9.049000 -11.314000 5.885000
v -9.049000 -10.677000 5.885000
v -8.549000 -12.292000 5.885000
v -8.549000 -9.070000 5.885000
v -8.049000 -12.597000 5.885000
v -8.049000 -8.689000 5.885000
v -7.549000 -12.715000 5.885000
v -7.549000 -8.599000 5.885000
v -7.049000 -12.633000 5.885000
v -7.049000 -8.707000 5.885000
v -6.549000 -12.343000 5.885000
v -6.549000 -9.043000 5.885000
v -6.049000 -11.959000 5.885000
v -6.049000 -9.433000 5.885000
v -5.549000 -11.253000 5.885000
v -5.549000 -9.930000 5.885000
v -9.049000 -11.995000 9.885000
v -9.049000 -10.521000 9.885000
v -8.549000 -12.195000 9.885000
v -8.549000 -10.032000 9.885000
v -8.049000 -12.151000 9.885000
v -8.049000 -9.801000 9.885000
v -7.549000 -12.064000 9.885000
v -7.549000 -9.447000 9.885000
v -7.049000 -11.926000 9.885000
v -7.049000 -8.930000 9.885000
v -6.549000 -11.873000 9.885000
v -6.549000 -8.658000 9.885000
v -6.049000 -11.984000 9.885000
v -6.049000 -8.565000 9.885000
v -5.549000 -12.191000 9.885000
v -5.549000 -8.551000 9.885000
v -5.049000 -12.289000 9.885000
v -5.049000 -8.612000 9.885000
v -4.549000 -12.254000 9.885000
v -4.549000 -8.745000 9.885000
v -4.049000 -12.152000 9.885000
v -4.049000 -9.057000 9.885000
v -3.549000 -11.802000 9.885000
v -3.549000 -9.382000 9.885000
v -3.049000 -10.909000 9.885000
v -3.049000 -10.150000 9.885000
v -7.549000 -12.839000 13.885000
v -7.549000 -10.511000 13.885000
v -7.049000 -12.999000 13.885000
v -7.049000 -9.943000 13.885000
v -6.549000 -13.283000 13.885000
v -6.549000 -9.592000 13.885000
v -6.049000 -13.449000 13.885000
v -6.049000 -9.381000 13.885000
v -5.549000 -13.347000 13.885000
v -5.549000 -8.924000 13.885000
v -5.049000 -13.143000 13.885000
v -5.049000 -8.626000 13.885000
v -4.549000 -12.885000 13.885000
v -4.549000 -8.547000 13.885000
v -4.049000 -12.513000 13.885000
v -4.049000 -8.511000 13.885000
v -3.549000 -12.028000 13.885000
v -3.549000 -8.614000 13.885000
v -3.049000 -11.752000 13.885000
v -3.049000 -8.962000 13.885000
v -2.549000 -11.411000 13.885000
v -2.549000 -9.394000 13.885000
v -3.049000 -10.709000 17.885000
v -3.049000 -9.195000 17.885000
v -2.549000 -10.948000 17.885000
v -2.549000 -8.624000 17.885000
v -2.049000 -11.127000 17.885000
v -2.049000 -8.268000 17.885000
v -1.549000 -11.407000 17.885000
v -1.549000 -8.174000 17.885000
v -1.049000 -11.874000 17.885000
v -1.049000 -8.282000 17.885000
v -0.549000 -12.189000 17.885000
v -0.549000 -8.527000 17.885000
v -0.049000 -12.283000 17.885000
v -0.049000 -8.605000 17.885000
v 0.451000 -12.278000 17.885000
v 0.451000 -8.639000 17.885000
v 0.951000 -12.231000 17.885000
v 0.951000 -8.721000 17.885000
v 1.451000 -12.135000 17.885000
v 1.451000 -9.056000 17.885000
v 1.951000 -11.780000 17.885000
v 1.951000 -9.559000 17.885000
v -7.536000 -11.689000 4.385000
v -6.471000 -11.689000 4.385000
v -8.128000 -11.689000 4.885000
v -5.963000 -11.689000 4.885000
v -8.599000 -11.689000 5.385000
v -5.828000 -11.689000 5.385000
v -8.980000 -11.689000 5.885000
v -5.847000 -11.689000 5.885000
v -9.518000 -11.689000 6.385000
v -5.746000 -11.689000 6.385000
v -9.855000 -11.689000 6.885000
v -5.406000 -11.689000 6.885000
v -9.949000 -11.689000 7.385000
v -3.650000 -11.689000 7.385000
v -9.901000 -11.689000 7.885000
v -3.422000 -11.689000 7.885000
v -9.817000 -11.689000 8.385000
v -3.475000 -11.689000 8.385000
v -9.528000 -11.689000 8.885000
v -3.357000 -11.689000 8.885000
v -9.277000 -11.689000 9.385000
v -3.472000 -11.689000 9.385000
v -9.256000 -11.689000 9.885000
v -3.444000 -11.689000 9.885000
v -9.481000 -11.689000 10.385000
v -3.370000 -11.689000 10.385000
v -9.788000 -11.689000 10.885000
v -3.318000 -11.689000 10.885000
v -9.901000 -11.689000 11.385000
v -3.252000 -11.689000 11.385000
v -9.824000 -11.689000 11.885000
v -3.110000 -11.689000 11.885000
v -9.517000 -11.689000 12.385000
v -2.907000 -11.689000 12.385000
v -8.778000 -11.689000 12.885000
v -2.807000 -11.689000 12.885000
v -8.338000 -11.689000 13.385000
v -2.831000 -11.689000 13.385000
v -7.996000 -11.689000 13.885000
v -2.950000 -11.689000 13.885000
v -7.542000 -11.689000 14.385000
v -2.833000 -11.689000 14.385000
v -7.106000 -11.689000 14.885000
v -2.438000 -11.689000 14.885000
v -6.641000 -11.689000 15.385000
v -1.983000 -11.689000 15.385000
v -5.692000 -11.689000 15.885000
v -1.854000 -11.689000 15.885000
v -5.193000 -11.689000 16.385000
v -1.863000 -11.689000 16.385000
v -4.285000 -11.689000 16.885000
v -2.150000 -11.689000 16.885000
v -0.982000 -11.689000 17.385000
v 1.605000 -11.689000 17.385000
v -1.262000 -11.689000 17.885000
v 2.024000 -11.689000 17.885000
v -1.271000 -11.689000 18.385000
v 2.121000 -11.689000 18.385000
v -1.161000 -11.689000 18.885000
v 1.993000 -11.689000 18.885000
v -0.745000 -11.689000 19.385000
v 1.572000 -11.689000 19.385000
v -0.277000 -11.689000 19.885000
v 1.183000 -11.689000 19.885000
v -8.646000 -7.689000 2.385000
v -7.380000 -7.689000 2.385000
v -9.080000 -7.689000 2.885000
v -6.941000 -7.689000 2.885000
v -9.186000 -7.689000 3.385000
v -6.813000 -7.689000 3.385000
v -9.218000 -7.689000 3.885000
v -6.797000 -7.689000 3.885000
v -9.129000 -7.689000 4.385000
v -6.889000 -7.689000 4.385000
v -8.747000 -7.689000 4.885000
v -7.271000 -7.689000 4.885000
v -9.549000 -11.689000 6.415000
v -9.549000 -11.689000 8.854000
v -9.549000 -11.689000 10.491000
v -9.549000 -11.689000 12.351000
v -9.049000 -11.689000 5.958000
v -9.049000 -11.689000 12.709000
v -8.549000 -11.689000 5.298000
v -8.549000 -11.689000 13.099000
v -8.049000 -11.689000 4.821000
v -8.049000 -11.689000 13.828000
v -7.549000 -11.689000 4.392000
v -7.549000 -11.689000 14.379000
v -7.049000 -11.689000 4.259000
v -7.049000 -11.689000 14.974000
v -6.549000 -11.689000 4.349000
v -6.549000 -11.689000 15.435000
v -6.049000 -11.689000 4.747000
v -6.049000 -11.689000 15.619000
v -5.549000 -11.689000 6.710000
v -5.549000 -11.689000 16.057000
v -5.049000 -11.689000 7.203000
v -5.049000 -11.689000 16.459000
v -4.549000 -11.689000 7.299000
v -4.549000 -11.689000 16.682000
v -4.049000 -11.689000 7.261000
v -4.049000 -11.689000 17.013000
v -3.549000 -11.689000 7.485000
v -3.549000 -11.689000 17.112000
v -3.049000 -11.689000 12.040000
v -3.049000 -11.689000 17.080000
v -2.549000 -11.689000 14.780000
v -2.549000 -11.689000 17.016000
v -2.049000 -11.689000 15.274000
v -2.049000 -11.689000 16.813000
v -1.049000 -11.689000 17.430000
v -1.049000 -11.689000 19.082000
v -0.549000 -11.689000 17.244000
v -0.549000 -11.689000 19.551000
v -0.049000 -11.689000 17.184000
v -0.049000 -11.689000 20.140000
v 0.451000 -11.689000 17.145000
v 0.451000 -11.689000 20.383000
v 0.951000 -11.689000 17.189000
v 0.951000 -11.689000 20.122000
v 1.451000 -11.689000 17.298000
v 1.451000 -11.689000 19.554000
v 1.951000 -11.689000 17.746000
v 1.951000 -11.689000 18.958000
v -9.049000 -7.689000 2.822000
v -9.049000 -7.689000 4.545000
v -8.549000 -7.689000 2.329000
v -8.549000 -7.689000 5.009000
v -8.049000 -7.689000 2.200000
v -8.049000 -7.689000 5.136000
v -7.549000 -7.689000 2.296000
v -7.549000 -7.689000 5.045000
v -7.049000 -7.689000 2.705000
v -7.049000 -7.689000 4.662000
v -8.549000 -9.291000 2.385000
v -8.549000 -7.618000 2.385000
v -8.049000 -9.738000 2.385000
v -8.049000 -7.462000 2.385000
v -7.549000 -9.870000 2.385000
v -7.549000 -7.577000 2.385000
v -7.049000 -9.726000 2.385000
v -7.049000 -8.050000 2.385000
v -9.049000 -12.313000 6.385000
v -9.049000 -10.195000 6.385000
v -8.549000 -12.658000 6.385000
v -8.549000 -9.524000 6.385000
v -8.049000 -12.769000 6.385000
v -8.049000 -9.052000 6.385000
v -7.549000 -12.813000 6.385000
v -7.549000 -8.911000 6.385000
v -7.049000 -12.748000 6.385000
v -7.049000 -8.954000 6.385000
v -6.549000 -12.591000 6.385000
v -6.549000 -9.121000 6.385000
v -6.049000 -12.185000 6.385000
v -6.049000 -9.390000 6.385000
v -5.549000 -11.454000 6.385000
v -5.549000 -9.664000 6.385000
v -5.049000 -11.040000 6.385000
v -5.049000 -9.926000 6.385000
v -9.049000 -12.263000 10.385000
v -9.049000 -10.154000 10.385000
v -8.549000 -12.411000 10.385000
v -8.549000 -9.770000 10.385000
v -8.049000 -12.323000 10.385000
v -8.049000 -9.584000 10.385000
v -7.549000 -12.197000 10.385000
v -7.549000 -9.200000 10.385000
v -7.049000 -11.980000 10.385000
v -7.049000 -8.796000 10.385000
v -6.549000 -11.909000 10.385000
v -6.549000 -8.646000 10.385000
v -6.049000 -12.031000 10.385000
v -6.049000 -8.566000 10.385000
v -5.549000 -12.287000 10.385000
v -5.549000 -8.614000 10.385000
v -5.049000 -12.445000 10.385000
v -5.049000 -8.726000 10.385000
v -4.549000 -12.448000 10.385000
v -4.549000 -8.958000 10.385000
v -4.049000 -12.324000 10.385000
v -4.049000 -9.115000 10.385000
v -3.549000 -11.928000 10.385000
v -3.549000 -9.457000 10.385000
v -7.549000 -11.667000 14.385000
v -7.549000 -10.957000 14.385000
v -7.049000 -12.296000 14.385000
v -7.049000 -9.926000 14.385000
v -6.549000 -12.474000 14.385000
v -6.549000 -9.597000 14.385000
v -6.049000 -12.794000 14.385000
v -6.049000 -9.384000 14.385000
v -5.549000 -12.943000 14.385000
v -5.549000 -8.980000 14.385000
v -5.049000 -12.926000 14.385000
v -5.049000 -8.636000 14.385000
v -4.549000 -12.785000 14.385000
v -4.549000 -8.534000 14.385000
v -4.049000 -12.448000 14.385000
v -4.049000 -8.511000 14.385000
v -3.549000 -11.994000 14.385000
v -3.549000 -8.591000 14.385000
v -3.049000 -11.788000 14.385000
v -3.049000 -8.899000 14.385000
v -2.549000 -11.484000 14.385000
v -2.549000 -9.386000 14.385000
v -2.049000 -10.849000 14.385000
v -2.049000 -10.048000 14.385000
v -2.549000 -10.571000 18.385000
v -2.549000 -8.468000 18.385000
v -2.049000 -10.990000 18.385000
v -2.049000 -8.151000 18.385000
v -1.549000 -11.345000 18.385000
v -1.549000 -8.065000 18.385000
v -1.049000 -11.971000 18.385000
v -1.049000 -8.164000 18.385000
v -0.549000 -12.290000 18.385000
v -0.549000 -8.413000 18.385000
v -0.049000 -12.376000 18.385000
v -0.049000 -8.519000 18.385000
v 0.451000 -12.352000 18.385000
v 0.451000 -8.546000 18.385000
v 0.951000 -12.310000 18.385000
v 0.951000 -8.622000 18.385000
v 1.451000 -12.221000 18.385000
v 1.451000 -8.924000 18.385000
v 1.951000 -11.897000 18.385000
v 1.951000 -9.432000 18.385000
v -7.941000 -11.189000 4.385000
v -6.113000 -11.189000 4.385000
v -8.468000 -11.189000 4.885000
v -5.742000 -11.189000 4.885000
v -8.818000 -11.189000 5.385000
v -5.617000 -11.189000 5.385000
v -9.061000 -11.189000 5.885000
v -5.514000 -11.189000 5.885000
v -9.542000 -11.189000 6.385000
v -5.249000 -11.189000 6.385000
v -9.873000 -11.189000 6.885000
v -3.356000 -11.189000 6.885000
v -9.965000 -11.189000 7.385000
v -2.941000 -11.189000 7.385000
v -9.912000 -11.189000 7.885000
v -2.844000 -11.189000 7.885000
v -9.828000 -11.189000 8.385000
v -2.872000 -11.189000 8.385000
v -9.542000 -11.189000 8.885000
v -2.827000 -11.189000 8.885000
v -9.293000 -11.189000 9.385000
v -2.954000 -11.189000 9.385000
v -9.272000 -11.189000 9.885000
v -3.136000 -11.189000 9.885000
v -9.492000 -11.189000 10.385000
v -3.177000 -11.189000 10.385000
v -9.795000 -11.189000 10.885000
v -3.150000 -11.189000 10.885000
v -9.907000 -11.189000 11.385000
v -3.146000 -11.189000 11.385000
v -9.832000 -11.189000 11.885000
v -2.987000 -11.189000 11.885000
v -9.526000 -11.189000 12.385000
v -2.694000 -11.189000 12.385000
v -8.659000 -11.189000 12.885000
v -2.407000 -11.189000 12.885000
v -8.117000 -11.189000 13.385000
v -2.312000 -11.189000 13.385000
v -7.882000 -11.189000 13.885000
v -2.356000 -11.189000 13.885000
v -7.583000 -11.189000 14.385000
v -2.235000 -11.189000 14.385000
v -7.326000 -11.189000 14.885000
v -1.947000 -11.189000 14.885000
v -6.990000 -11.189000 15.385000
v -1.749000 -11.189000 15.385000
v -6.035000 -11.189000 15.885000
v -1.619000 -11.189000 15.885000
v -5.498000 -11.189000 16.385000
v -1.482000 -11.189000 16.385000
v -4.701000 -11.189000 16.885000
v -1.052000 -11.189000 16.885000
v -4.145000 -11.189000 17.385000
v 1.931000 -11.189000 17.385000
v -1.898000 -11.189000 17.885000
v 2.248000 -11.189000 17.885000
v -1.741000 -11.189000 18.385000
v 2.330000 -11.189000 18.385000
v -1.561000 -11.189000 18.885000
v 2.223000 -11.189000 18.885000
v -1.148000 -11.189000 19.385000
v 1.891000 -11.189000 19.385000
v -0.795000 -11.189000 19.885000
v 1.621000 -11.189000 19.885000
v -0.588000 -11.189000 20.385000
v 1.456000 -11.189000 20.385000
v -0.083000 -11.189000 20.885000
v 0.951000 -11.189000 20.885000
v -8.364000 -7.189000 2.885000
v -7.662000 -7.189000 2.885000
v -8.614000 -7.189000 3.385000
v -7.412000 -7.189000 3.385000
v -8.721000 -7.189000 3.885000
v -7.297000 -7.189000 3.885000
v -8.556000 -7.189000 4.385000
v -7.462000 -7.189000 4.385000
v -9.549000 -11.189000 6.391000
v -9.549000 -11.189000 8.875000
v -9.549000 -11.189000 10.476000
v -9.549000 -11.189000 12.361000
v -9.049000 -11.189000 5.866000
v -9.049000 -11.189000 12.710000
v -8.549000 -11.189000 4.968000
v -8.549000 -11.189000 12.951000
v -8.049000 -11.189000 4.505000
v -8.049000 -11.189000 13.506000
v -7.549000 -11.189000 4.126000
v -7.549000 -11.189000 14.439000
v -7.049000 -11.189000 4.042000
v -7.049000 -11.189000 15.326000
v -6.549000 -11.189000 4.135000
v -6.549000 -11.189000 15.665000
v -6.049000 -11.189000 4.443000
v -6.049000 -11.189000 15.877000
v -5.549000 -11.189000 5.750000
v -5.549000 -11.189000 16.337000
v -5.049000 -11.189000 6.524000
v -5.049000 -11.189000 16.664000
v -4.549000 -11.189000 6.670000
v -4.549000 -11.189000 17.016000
v -4.049000 -11.189000 6.683000
v -4.049000 -11.189000 17.439000
v -3.549000 -11.189000 6.779000
v -3.549000 -11.189000 17.561000
v -3.049000 -11.189000 7.191000
v -3.049000 -11.189000 9.588000
v -3.049000 -11.189000 11.751000
v -3.049000 -11.189000 17.555000
v -2.549000 -11.189000 12.630000
v -2.549000 -11.189000 17.587000
v -2.049000 -11.189000 14.692000
v -2.049000 -11.189000 17.718000
v -1.549000 -11.189000 16.174000
v -1.549000 -11.189000 18.904000
v -1.049000 -11.189000 16.886000
v -1.049000 -11.189000 19.528000
v -0.549000 -11.189000 16.983000
v -0.549000 -11.189000 20.456000
v -0.049000 -11.189000 17.003000
v -0.049000 -11.189000 20.901000
v 0.451000 -11.189000 16.955000
v 0.451000 -11.189000 21.007000
v 0.951000 -11.189000 16.980000
v 0.951000 -11.189000 20.885000
v 1.451000 -11.189000 17.072000
v 1.451000 -11.189000 20.395000
v 1.951000 -11.189000 17.406000
v 1.951000 -11.189000 19.305000
v -8.549000 -7.189000 3.100000
v -8.549000 -7.189000 4.393000
v -8.049000 -7.189000 2.773000
v -8.049000 -7.189000 4.639000
v -7.549000 -7.189000 2.992000
v -7.549000 -7.189000 4.472000
v -9.049000 -9.261000 2.885000
v -9.049000 -7.648000 2.885000
v -8.549000 -9.746000 2.885000
v -8.549000 -7.256000 2.885000
v -8.049000 -10.105000 2.885000
v -8.049000 -7.142000 2.885000
v -7.549000 -10.200000 2.885000
v -7.549000 -7.227000 2.885000
v -7.049000 -10.096000 2.885000
v -7.049000 -7.564000 2.885000
v -6.549000 -9.722000 2.885000
v -6.549000 -8.066000 2.885000
v -9.549000 -12.274000 6.885000
v -9.549000 -10.513000 6.885000
v -9.049000 -12.616000 6.885000
v -9.049000 -10.109000 6.885000
v -8.549000 -12.769000 6.885000
v -8.549000 -9.808000 6.885000
v -8.049000 -12.860000 6.885000
v -8.049000 -9.484000 6.885000
v -7.549000 -12.803000 6.885000
v -7.549000 -9.218000 6.885000
v -7.049000 -12.815000 6.885000
v -7.049000 -9.123000 6.885000
v -6.549000 -12.707000 6.885000
v -6.549000 -9.162000 6.885000
v -6.049000 -12.353000 6.885000
v -6.049000 -9.285000 6.885000
v -5.549000 -11.803000 6.885000
v -5.549000 -9.397000 6.885000
v -5.049000 -11.500000 6.885000
v -5.049000 -9.354000 6.885000
v -4.549000 -11.420000 6.885000
v -4.549000 -9.135000 6.885000
v -4.049000 -11.432000 6.885000
v -4.049000 -9.012000 6.885000
v -3.549000 -11.320000 6.885000
v -3.549000 -9.167000 6.885000
v -3.049000 -10.725000 6.885000
v -3.049000 -10.118000 6.885000
v -9.549000 -12.207000 10.885000
v -9.549000 -10.635000 10.885000
v -9.049000 -12.600000 10.885000
v -9.049000 -10.020000 10.885000
v -8.549000 -12.710000 10.885000
v -8.549000 -9.675000 10.885000
v -8.049000 -12.617000 10.885000
v -8.049000 -9.469000 10.885000
v -7.549000 -12.345000 10.885000
v -7.549000 -9.045000 10.885000
v -7.049000 -12.170000 10.885000
v -7.049000 -8.687000 10.885000
v -6.549000 -12.130000 10.885000
v -6.549000 -8.579000 10.885000
v -6.049000 -12.270000 10.885000
v -6.049000 -8.613000 10.885000
v -5.549000 -12.491000 10.885000
v -5.549000 -8.732000 10.885000
v -5.049000 -12.770000 10.885000
v -5.049000 -8.942000 10.885000
v -4.549000 -12.877000 10.885000
v -4.549000 -9.075000 10.885000
v -4.049000 -12.715000 10.885000
v -4.049000 -9.223000 10.885000
v -3.549000 -12.158000 10.885000
v -3.549000 -9.602000 10.885000
v -7.049000 -11.762000 14.885000
v -7.049000 -10.060000 14.885000
v -6.549000 -12.115000 14.885000
v -6.549000 -9.695000 14.885000
v -6.049000 -12.351000 14.885000
v -6.049000 -9.438000 14.885000
v -5.549000 -12.680000 14.885000
v -5.549000 -9.088000 14.885000
v -5.049000 -12.775000 14.885000
v -5.049000 -8.755000 14.885000
v -4.549000 -12.669000 14.885000
v -4.549000 -8.644000 14.885000
v -4.049000 -12.416000 14.885000
v -4.049000 -8.596000 14.885000
v -3.549000 -12.141000 14.885000
v -3.549000 -8.682000 14.885000
v -3.049000 -11.941000 14.885000
v -3.049000 -8.954000 14.885000
v -2.549000 -11.766000 14.885000
v -2.549000 -9.234000 14.885000
v -2.049000 -11.328000 14.885000
v -2.049000 -9.604000 14.885000
v -2.549000 -10.351000 18.885000
v -2.549000 -8.578000 18.885000
v -2.049000 -10.803000 18.885000
v -2.049000 -8.232000 18.885000
v -1.549000 -11.200000 18.885000
v -1.549000 -8.141000 18.885000
v -1.049000 -11.839000 18.885000
v -1.049000 -8.246000 18.885000
v -0.549000 -12.192000 18.885000
v -0.549000 -8.446000 18.885000
v -0.049000 -12.294000 18.885000
v -0.049000 -8.512000 18.885000
v 0.451000 -12.328000 18.885000
v 0.451000 -8.530000 18.885000
v 0.951000 -12.255000 18.885000
v 0.951000 -8.617000 18.885000
v 1.451000 -12.108000 18.885000
v 1.451000 -8.936000 18.885000
v 1.951000 -11.741000 18.885000
v 1.951000 -9.564000 18.885000
v -7.996000 -10.689000 3.885000
v -6.752000 -10.689000 3.885000
v -8.371000 -10.689000 4.385000
v -6.036000 -10.689000 4.385000
v -8.633000 -10.689000 4.885000
v -5.715000 -10.689000 4.885000
v -8.863000 -10.689000 5.385000
v -5.588000 -10.689000 5.385000
v -9.050000 -10.689000 5.885000
v -5.395000 -10.689000 5.885000
v -9.335000 -10.689000 6.385000
v -4.726000 -10.689000 6.385000
v -9.684000 -10.689000 6.885000
v -3.038000 -10.689000 6.885000
v -9.790000 -10.689000 7.385000
v -2.722000 -10.689000 7.385000
v -9.729000 -10.689000 7.885000
v -2.640000 -10.689000 7.885000
v -9.632000 -10.689000 8.385000
v -2.658000 -10.689000 8.385000
v -9.304000 -10.689000 8.885000
v -2.639000 -10.689000 8.885000
v -9.102000 -10.689000 9.385000
v -2.747000 -10.689000 9.385000
v -9.133000 -10.689000 9.885000
v -3.018000 -10.689000 9.885000
v -9.309000 -10.689000 10.385000
v -3.161000 -10.689000 10.385000
v -9.588000 -10.689000 10.885000
v -3.165000 -10.689000 10.885000
v -9.720000 -10.689000 11.385000
v -3.134000 -10.689000 11.385000
v -9.632000 -10.689000 11.885000
v -2.947000 -10.689000 11.885000
v -9.246000 -10.689000 12.385000
v -2.515000 -10.689000 12.385000
v -8.165000 -10.689000 12.885000
v -2.201000 -10.689000 12.885000
v -7.838000 -10.689000 13.385000
v -2.121000 -10.689000 13.385000
v -7.685000 -10.689000 13.885000
v -2.138000 -10.689000 13.885000
v -7.475000 -10.689000 14.385000
v -2.005000 -10.689000 14.385000
v -7.339000 -10.689000 14.885000
v -1.750000 -10.689000 14.885000
v -7.008000 -10.689000 15.385000
v -1.667000 -10.689000 15.385000
v -6.108000 -10.689000 15.885000
v -1.599000 -10.689000 15.885000
v -5.482000 -10.689000 16.385000
v -1.409000 -10.689000 16.385000
v -4.872000 -10.689000 16.885000
v -0.773000 -10.689000 16.885000
v -4.465000 -10.689000 17.385000
v 1.952000 -10.689000 17.385000
v -3.101000 -10.689000 17.885000
v 2.266000 -10.689000 17.885000
v -2.385000 -10.689000 18.385000
v 2.349000 -10.689000 18.385000
v -2.157000 -10.689000 18.885000
v 2.247000 -10.689000 18.885000
v -1.685000 -10.689000 19.385000
v 1.967000 -10.689000 19.385000
v -1.201000 -10.689000 19.885000
v 1.811000 -10.689000 19.885000
v -0.832000 -10.689000 20.385000
v 1.696000 -10.689000 20.385000
v -0.468000 -10.689000 20.885000
v 1.336000 -10.689000 20.885000
v -9.549000 -10.689000 6.656000
v -9.549000 -10.689000 8.546000
v -9.549000 -10.689000 10.814000
v -9.549000 -10.689000 12.050000
v -9.049000 -10.689000 5.883000
v -9.049000 -10.689000 12.506000
v -8.549000 -10.689000 4.713000
v -8.549000 -10.689000 12.671000
v -8.049000 -10.689000 3.933000
v -8.049000 -10.689000 13.002000
v -7.549000 -10.689000 3.694000
v -7.549000 -10.689000 14.178000
v -7.049000 -10.689000 3.756000
v -7.049000 -10.689000 15.344000
v -6.549000 -10.689000 4.009000
v -6.549000 -10.689000 15.679000
v -6.049000 -10.689000 4.372000
v -6.049000 -10.689000 15.922000
v -5.549000 -10.689000 5.528000
v -5.549000 -10.689000 16.325000
v -5.049000 -10.689000 6.239000
v -5.049000 -10.689000 16.711000
v -4.549000 -10.689000 6.436000
v -4.549000 -10.689000 17.300000
v -4.049000 -10.689000 6.478000
v -4.049000 -10.689000 17.652000
v -3.549000 -10.689000 6.560000
v -3.549000 -10.689000 17.778000
v -3.049000 -10.689000 6.875000
v -3.049000 -10.689000 9.956000
v -3.049000 -10.689000 11.682000
v -3.049000 -10.689000 17.900000
v -2.549000 -10.689000 12.352000
v -2.549000 -10.689000 18.179000
v -2.049000 -10.689000 14.280000
v -2.049000 -10.689000 19.043000
v -1.549000 -10.689000 16.058000
v -1.549000 -10.689000 19.534000
v -1.049000 -10.689000 16.758000
v -1.049000 -10.689000 20.052000
v -0.549000 -10.689000 16.947000
v -0.549000 -10.689000 20.809000
v -0.049000 -10.689000 16.997000
v -0.049000 -10.689000 21.137000
v 0.451000 -10.689000 16.956000
v 0.451000 -10.689000 21.225000
v 0.951000 -10.689000 16.967000
v 0.951000 -10.689000 21.123000
v 1.451000 -10.689000 17.058000
v 1.451000 -10.689000 20.771000
v 1.951000 -10.689000 17.385000
v 1.951000 -10.689000 19.418000
v -9.049000 -9.396000 3.385000
v -9.049000 -7.512000 3.385000
v -8.549000 -9.930000 3.385000
v -8.549000 -7.160000 3.385000
v -8.049000 -10.330000 3.385000
v -8.049000 -7.054000 3.385000
v -7.549000 -10.450000 3.385000
v -7.549000 -7.133000 3.385000
v -7.049000 -10.337000 3.385000
v -7.049000 -7.440000 3.385000
v -6.549000 -9.930000 3.385000
v -6.549000 -7.925000 3.385000
v -9.549000 -12.405000 7.385000
v -9.549000 -10.383000 7.385000
v -9.049000 -12.713000 7.385000
v -9.049000 -10.074000 7.385000
v -8.549000 -12.793000 7.385000
v -8.549000 -9.915000 7.385000
v -8.049000 -12.811000 7.385000
v -8.049000 -9.631000 7.385000
v -7.549000 -12.822000 7.385000
v -7.549000 -9.445000 7.385000
v -7.049000 -12.794000 7.385000
v -7.049000 -9.304000 7.385000
v -6.549000 -12.703000 7.385000
v -6.549000 -9.168000 7.385000
v -6.049000 -12.377000 7.385000
v -6.049000 -9.118000 7.385000
v -5.549000 -11.946000 7.385000
v -5.549000 -9.105000 7.385000
v -5.049000 -11.751000 7.385000
v -5.049000 -8.993000 7.385000
v -4.549000 -11.723000 7.385000
v -4.549000 -8.766000 7.385000
v -4.049000 -11.740000 7.385000
v -4.049000 -8.676000 7.385000
v -3.549000 -11.656000 7.385000
v -3.549000 -8.786000 7.385000
v -3.049000 -11.321000 7.385000
v -3.049000 -9.174000 7.385000
v -9.549000 -12.377000 11.385000
v -9.549000 -10.464000 11.385000
v -9.049000 -12.719000 11.385000
v -9.049000 -10.091000 11.385000
v -8.549000 -12.820000 11.385000
v -8.549000 -9.779000 11.385000
v -8.049000 -12.752000 11.385000
v -8.049000 -9.453000 11.385000
v -7.549000 -12.612000 11.385000
v -7.549000 -8.945000 11.385000
v -7.049000 -12.480000 11.385000
v -7.049000 -8.618000 11.385000
v -6.549000 -12.512000 11.385000
v -6.549000 -8.527000 11.385000
v -6.049000 -12.762000 11.385000
v -6.049000 -8.620000 11.385000
v -5.549000 -12.942000 11.385000
v -5.549000 -8.878000 11.385000
v -5.049000 -13.126000 11.385000
v -5.049000 -9.020000 11.385000
v -4.549000 -13.208000 11.385000
v -4.549000 -9.117000 11.385000
v -4.049000 -13.092000 11.385000
v -4.049000 -9.320000 11.385000
v -3.549000 -12.693000 11.385000
v -3.549000 -9.709000 11.385000
v -6.549000 -11.752000 15.385000
v -6.549000 -10.051000 15.385000
v -6.049000 -11.939000 15.385000
v -6.049000 -9.576000 15.385000
v -5.549000 -12.288000 15.385000
v -5.549000 -9.224000 15.385000
v -5.049000 -12.451000 15.385000
v -5.049000 -9.085000 15.385000
v -4.549000 -12.425000 15.385000
v -4.549000 -8.973000 15.385000
v -4.049000 -12.372000 15.385000
v -4.049000 -8.875000 15.385000
v -3.549000 -12.300000 15.385000
v -3.549000 -8.900000 15.385000
v -3.049000 -12.205000 15.385000
v -3.049000 -9.018000 15.385000
v -2.549000 -12.113000 15.385000
v -2.549000 -9.159000 15.385000
v -2.049000 -11.769000 15.385000
v -2.049000 -9.490000 15.385000
v -2.549000 -9.747000 19.385000
v -2.549000 -9.182000 19.385000
v -2.049000 -10.367000 19.385000
v -2.049000 -8.563000 19.385000
v -1.549000 -10.826000 19.385000
v -1.549000 -8.442000 19.385000
v -1.049000 -11.314000 19.385000
v -1.049000 -8.537000 19.385000
v -0.549000 -11.852000 19.385000
v -0.549000 -8.593000 19.385000
v -0.049000 -12.144000 19.385000
v -0.049000 -8.577000 19.385000
v 0.451000 -12.248000 19.385000
v 0.451000 -8.512000 19.385000
v 0.951000 -12.155000 19.385000
v 0.951000 -8.596000 19.385000
v 1.451000 -11.816000 19.385000
v 1.451000 -8.910000 19.385000
v 1.951000 -10.949000 19.385000
v 1.951000 -10.084000 19.385000
v -7.724000 -10.189000 2.885000
v -7.394000 -10.189000 2.885000
v -8.277000 -10.189000 3.385000
v -6.810000 -10.189000 3.385000
v -8.615000 -10.189000 3.885000
v -6.408000 -10.189000 3.885000
v -8.726000 -10.189000 4.385000
v -6.012000 -10.189000 4.385000
v -8.823000 -10.189000 4.885000
v -5.711000 -10.189000 4.885000
v -8.926000 -10.189000 5.385000
v -5.597000 -10.189000 5.385000
v -8.973000 -10.189000 5.885000
v -5.418000 -10.189000 5.885000
v -9.045000 -10.189000 6.385000
v -4.720000 -10.189000 6.385000
v -9.163000 -10.189000 6.885000
v -3.029000 -10.189000 6.885000
v -9.294000 -10.189000 7.385000
v -2.715000 -10.189000 7.385000
v -9.211000 -10.189000 7.885000
v -2.633000 -10.189000 7.885000
v -9.025000 -10.189000 8.385000
v -2.643000 -10.189000 8.385000
v -8.665000 -10.189000 8.885000
v -2.645000 -10.189000 8.885000
v -8.571000 -10.189000 9.385000
v -2.754000 -10.189000 9.385000
v -8.747000 -10.189000 9.885000
v -3.039000 -10.189000 9.885000
v -9.076000 -10.189000 10.385000
v -3.184000 -10.189000 10.385000
v -9.188000 -10.189000 10.885000
v -3.259000 -10.189000 10.885000
v -9.199000 -10.189000 11.385000
v -3.258000 -10.189000 11.385000
v -9.016000 -10.189000 11.885000
v -3.033000 -10.189000 11.885000
v -8.293000 -10.189000 12.385000
v -2.520000 -10.189000 12.385000
v -7.716000 -10.189000 12.885000
v -2.205000 -10.189000 12.885000
v -7.411000 -10.189000 13.385000
v -2.124000 -10.189000 13.385000
v -7.247000 -10.189000 13.885000
v -2.132000 -10.189000 13.885000
v -7.251000 -10.189000 14.385000
v -2.009000 -10.189000 14.385000
v -7.145000 -10.189000 14.885000
v -1.759000 -10.189000 14.885000
v -6.724000 -10.189000 15.385000
v -1.679000 -10.189000 15.385000
v -6.048000 -10.189000 15.885000
v -1.638000 -10.189000 15.885000
v -5.257000 -10.189000 16.385000
v -1.455000 -10.189000 16.385000
v -4.815000 -10.189000 16.885000
v -0.768000 -10.189000 16.885000
v -4.464000 -10.189000 17.385000
v 1.928000 -10.189000 17.385000
v -3.499000 -10.189000 17.885000
v 2.253000 -10.189000 17.885000
v -2.926000 -10.189000 18.385000
v 2.341000 -10.189000 18.385000
v -2.673000 -10.189000 18.885000
v 2.242000 -10.189000 18.885000
v -2.287000 -10.189000 19.385000
v 1.965000 -10.189000 19.385000
v -1.481000 -10.189000 19.885000
v 1.823000 -10.189000 19.885000
v -0.931000 -10.189000 20.385000
v 1.715000 -10.189000 20.385000
v -0.494000 -10.189000 20.885000
v 1.362000 -10.189000 20.885000
v -9.049000 -10.189000 6.404000
v -9.049000 -10.189000 8.358000
v -9.049000 -10.189000 10.330000
v -9.049000 -10.189000 11.847000
v -8.549000 -10.189000 3.760000
v -8.549000 -10.189000 12.219000
v -8.049000 -10.189000 3.118000
v -8.049000 -10.189000 12.555000
v -7.549000 -10.189000 2.859000
v -7.549000 -10.189000 13.110000
v -7.049000 -10.189000 3.127000
v -7.049000 -10.189000 15.058000
v -6.549000 -10.189000 3.707000
v -6.549000 -10.189000 15.488000
v -6.049000 -10.189000 4.338000
v -6.049000 -10.189000 15.884000
v -5.549000 -10.189000 5.565000
v -5.549000 -10.189000 16.217000
v -5.049000 -10.189000 6.253000
v -5.049000 -10.189000 16.566000
v -4.549000 -10.189000 6.430000
v -4.549000 -10.189000 17.299000
v -4.049000 -10.189000 6.472000
v -4.049000 -10.189000 17.652000
v -3.549000 -10.189000 6.553000
v -3.549000 -10.189000 17.859000
v -3.049000 -10.189000 6.865000
v -3.049000 -10.189000 9.905000
v -3.049000 -10.189000 11.864000
v -3.049000 -10.189000 18.231000
v -2.549000 -10.189000 12.356000
v -2.549000 -10.189000 19.113000
v -2.049000 -10.189000 14.283000
v -2.049000 -10.189000 19.525000
v -1.549000 -10.189000 16.181000
v -1.549000 -10.189000 19.832000
v -1.049000 -10.189000 16.775000
v -1.049000 -10.189000 20.261000
v -0.549000 -10.189000 16.940000
v -0.549000 -10.189000 20.833000
v -0.049000 -10.189000 16.989000
v -0.049000 -10.189000 21.155000
v 0.451000 -10.189000 16.980000
v 0.451000 -10.189000 21.242000
v 0.951000 -10.189000 16.989000
v 0.951000 -10.189000 21.142000
v 1.451000 -10.189000 17.080000
v 1.451000 -10.189000 20.797000
v 1.951000 -10.189000 17.409000
v 1.951000 -10.189000 19.416000
v -9.049000 -9.348000 3.885000
v -9.049000 -7.457000 3.885000
v -8.549000 -10.278000 3.885000
v -8.549000 -7.103000 3.885000
v -8.049000 -10.662000 3.885000
v -8.049000 -6.995000 3.885000
v -7.549000 -10.868000 3.885000
v -7.549000 -7.072000 3.885000
v -7.049000 -10.873000 3.885000
v -7.049000 -7.376000 3.885000
v -6.549000 -10.428000 3.885000
v -6.549000 -8.055000 3.885000
v -9.549000 -12.369000 7.885000
v -9.549000 -10.452000 7.885000
v -9.049000 -12.711000 7.885000
v -9.049000 -10.112000 7.885000
v -8.549000 -12.811000 7.885000
v -8.549000 -9.898000 7.885000
v -8.049000 -12.824000 7.885000
v -8.049000 -9.618000 7.885000
v -7.549000 -12.763000 7.885000
v -7.549000 -9.524000 7.885000
v -7.049000 -12.690000 7.885000
v -7.049000 -9.371000 7.885000
v -6.549000 -12.589000 7.885000
v -6.549000 -9.134000 7.885000
v -6.049000 -12.285000 7.885000
v -6.049000 -8.981000 7.885000
v -5.549000 -11.960000 7.885000
v -5.549000 -8.804000 7.885000
v -5.049000 -11.829000 7.885000
v -5.049000 -8.674000 7.885000
v -4.549000 -11.802000 7.885000
v -4.549000 -8.570000 7.885000
v -4.049000 -11.820000 7.885000
v -4.049000 -8.578000 7.885000
v -3.549000 -11.741000 7.885000
v -3.549000 -8.681000 7.885000
v -3.049000 -11.435000 7.885000
v -3.049000 -9.025000 7.885000
v -9.549000 -12.265000 11.885000
v -9.549000 -10.577000 11.885000
v -9.049000 -12.639000 11.885000
v -9.049000 -10.203000 11.885000
v -8.549000 -12.761000 11.885000
v -8.549000 -9.984000 11.885000
v -8.049000 -12.839000 11.885000
v -8.049000 -9.580000 11.885000
v -7.549000 -12.902000 11.885000
v -7.549000 -9.026000 11.885000
v -7.049000 -12.979000 11.885000
v -7.049000 -8.673000 11.885000
v -6.549000 -13.270000 11.885000
v -6.549000 -8.566000 11.885000
v -6.049000 -13.439000 11.885000
v -6.049000 -8.644000 11.885000
v -5.549000 -13.375000 11.885000
v -5.549000 -8.884000 11.885000
v -5.049000 -13.323000 11.885000
v -5.049000 -9.002000 11.885000
v -4.549000 -13.302000 11.885000
v -4.549000 -9.065000 11.885000
v -4.049000 -13.197000 11.885000
v -4.049000 -9.226000 11.885000
v -3.549000 -12.849000 11.885000
v -3.549000 -9.553000 11.885000
v -3.049000 -11.411000 11.885000
v -3.049000 -10.145000 11.885000
v -6.049000 -11.152000 15.885000
v -6.049000 -10.193000 15.885000
v -5.549000 -11.836000 15.885000
v -5.549000 -9.555000 15.885000
v -5.049000 -12.175000 15.885000
v -5.049000 -9.396000 15.885000
v -4.549000 -12.267000 15.885000
v -4.549000 -9.275000 15.885000
v -4.049000 -12.320000 15.885000
v -4.049000 -9.075000 15.885000
v -3.549000 -12.383000 15.885000
v -3.549000 -8.992000 15.885000
v -3.049000 -12.309000 15.885000
v -3.049000 -9.026000 15.885000
v -2.549000 -12.224000 15.885000
v -2.549000 -9.122000 15.885000
v -2.049000 -11.919000 15.885000
v -2.049000 -9.444000 15.885000
v -1.549000 -9.904000 19.885000
v -1.549000 -9.456000 19.885000
v -1.049000 -10.873000 19.885000
v -1.049000 -9.015000 19.885000
v -0.549000 -11.454000 19.885000
v -0.549000 -8.810000 19.885000
v -0.049000 -11.829000 19.885000
v -0.049000 -8.693000 19.885000
v 0.451000 -11.948000 19.885000
v 0.451000 -8.609000 19.885000
v 0.951000 -11.833000 19.885000
v 0.951000 -8.699000 19.885000
v 1.451000 -11.420000 19.885000
v 1.451000 -9.050000 19.885000
f 342 257 141
f 612 523 342
f 342 523 257
f 890 821 612
f 612 821 523
f 1118 1065 890
f 890 1065 821
f 1118 142 1065
f 395 1467 1539
f 1539 1467 143
f 1467 1697 143
f 1467 1699 1697
f 1699 15 1697
f 17 15 1699
f 259 342 141
f 15 259 141
f 17 259 15
f 342 259 525
f 342 525 612
f 612 525 823
f 612 823 890
f 890 823 1067
f 890 1067 1118
f 396 1350 1295
f 396 1295 142
f 1067 396 142
f 1118 1067 142
f 1350 144 1295
f 397 995 1077
f 1077 995 1305
f 1305 995 1223
f 395 1539 1223
f 1223 1539 1305
f 1539 1465 1305
f 1465 145 1305
f 1539 143 1465
f 398 1352 1350
f 398 1350 396
f 144 1350 146
f 146 1350 1352
f 1079 399 1077
f 1077 399 397
f 1305 1221 147
f 1079 1305 147
f 1077 1305 1079
f 1305 145 1221
f 400 1354 1352
f 400 1352 398
f 146 1352 148
f 148 1352 1354
f 401 751 851
f 399 1079 751
f 751 1079 851
f 1079 993 851
f 993 149 851
f 1079 147 993
f 1068 402 1126
f 1354 400 1068
f 1354 1068 1126
f 1296 1354 1126
f 150 1296 1126
f 148 1354 1296
f 851 752 401
f 403 752 851
f 149 403 851
f 151 403 149
f 824 404 152
f 824 152 822
f 402 824 1126
f 824 1066 1126
f 824 822 1066
f 150 1126 1066
f 1085 405 994
f 405 151 994
f 405 403 151
f 1222 1313 1085
f 1222 1085 994
f 153 1313 1222
f 16 103 154
f 260 406 103
f 16 260 103
f 258 260 16
f 524 260 258
f 524 526 260
f 524 152 526
f 526 152 404
f 1085 996 405
f 996 1085 1224
f 1224 1085 1313
f 153 1466 1313
f 1466 1224 1313
f 1466 1468 1224
f 1698 1468 1466
f 1698 1700 1468
f 103 18 154
f 18 1698 154
f 18 1700 1698
f 103 406 18
f 834 765 155
f 1070 1009 834
f 834 1009 765
f 1298 1237 1070
f 1070 1237 1009
f 1534 1481 1298
f 1298 1481 1237
f 1534 156 1481
f 834 155 767
f 155 407 767
f 155 157 407
f 834 767 1011
f 834 1011 1070
f 1070 1011 1239
f 1070 1239 1298
f 1298 1239 1483
f 1298 1483 1534
f 1483 408 1534
f 408 156 1534
f 408 158 156
f 580 491 159
f 157 491 580
f 409 157 580
f 407 157 409
f 1713 158 408
f 1713 408 1715
f 1715 410 1713
f 1713 410 160
f 161 584 159
f 159 584 580
f 409 580 584
f 409 584 411
f 412 94 31
f 160 412 31
f 410 412 160
f 94 162 31
f 492 584 161
f 411 584 492
f 163 411 492
f 413 411 163
f 33 94 412
f 33 414 94
f 414 162 94
f 414 164 162
f 415 163 165
f 415 413 163
f 414 277 353
f 166 414 353
f 164 414 166
f 277 416 353
f 417 165 167
f 417 415 165
f 353 275 166
f 353 416 275
f 416 168 275
f 416 418 168
f 768 417 860
f 417 169 860
f 417 167 169
f 419 768 860
f 418 537 627
f 170 418 627
f 168 418 170
f 537 420 627
f 766 860 169
f 419 860 766
f 171 419 766
f 421 419 171
f 627 535 170
f 627 420 535
f 420 172 535
f 420 422 172
f 423 171 173
f 423 421 171
f 172 424 174
f 422 424 172
f 425 173 175
f 425 423 173
f 174 426 176
f 424 426 174
f 427 175 177
f 427 425 175
f 176 428 178
f 426 428 176
f 429 177 179
f 429 427 177
f 538 430 644
f 644 180 538
f 180 428 538
f 180 178 428
f 179 1010 429
f 429 1010 1012
f 431 1012 1010
f 431 1010 181
f 182 536 644
f 430 182 644
f 432 182 430
f 180 644 536
f 181 1238 431
f 431 1238 1240
f 1482 1240 1238
f 1482 1484 1240
f 1714 1484 1482
f 1714 1716 1484
f 32 1716 1714
f 32 34 1716
f 276 34 32
f 276 278 34
f 276 182 278
f 278 182 432
f 840 787 183
f 1074 1025 840
f 840 1025 787
f 1302 1253 1074
f 1074 1253 1025
f 1538 1497 1302
f 1302 1497 1253
f 1538 184 1497
f 840 183 789
f 183 433 789
f 183 185 433
f 840 789 1027
f 840 1027 1074
f 1074 1027 1255
f 1074 1255 1302
f 1302 1255 434
f 1540 1302 434
f 1538 1302 1540
f 184 1538 186
f 186 1538 1540
f 435 505 187
f 187 505 503
f 185 503 505
f 185 505 433
f 1499 1540 434
f 436 1772 1729
f 436 1729 186
f 1499 436 186
f 1540 1499 186
f 1772 188 1729
f 437 243 325
f 189 325 243
f 435 189 243
f 187 189 435
f 1731 1772 436
f 438 98 47
f 438 47 188
f 1731 438 188
f 1772 1731 188
f 350 291 98
f 98 291 47
f 350 190 291
f 241 191 325
f 191 437 325
f 191 439 437
f 325 189 241
f 49 98 438
f 98 49 293
f 98 293 350
f 293 440 350
f 440 190 350
f 440 192 190
f 441 3 83
f 193 83 3
f 439 193 3
f 191 193 439
f 442 626 551
f 192 442 551
f 440 442 192
f 626 194 551
f 1 195 83
f 195 441 83
f 195 443 441
f 83 193 1
f 196 552 626
f 442 196 626
f 444 196 442
f 194 626 552
f 445 195 197
f 445 443 195
f 196 446 198
f 444 446 196
f 197 2 445
f 445 2 4
f 447 4 2
f 447 2 199
f 198 448 200
f 446 448 198
f 449 199 201
f 449 447 199
f 448 553 637
f 202 448 637
f 200 448 202
f 553 450 637
f 244 449 340
f 449 203 340
f 449 201 203
f 451 244 340
f 641 204 202
f 641 202 637
f 637 450 641
f 641 450 452
f 242 340 203
f 451 340 242
f 205 451 242
f 453 451 205
f 204 641 554
f 454 204 554
f 206 204 454
f 641 452 554
f 205 504 453
f 453 504 506
f 788 506 504
f 788 790 506
f 455 790 788
f 455 788 207
f 292 375 208
f 292 206 375
f 206 456 375
f 206 454 456
f 207 1026 455
f 455 1026 1028
f 1254 1329 457
f 1028 1254 457
f 1026 1254 1028
f 209 1329 1254
f 48 121 210
f 375 294 208
f 208 294 48
f 294 458 48
f 458 121 48
f 375 456 294
f 1329 1256 457
f 209 1498 1329
f 1498 1256 1329
f 1498 1500 1256
f 1730 1500 1498
f 1730 1732 1500
f 121 50 210
f 50 1730 210
f 50 1732 1730
f 121 458 50
f 1090 1041 211
f 1318 1269 1090
f 1090 1269 1041
f 1554 1513 1318
f 1318 1513 1269
f 1784 1745 1554
f 1554 1745 1513
f 1784 212 1745
f 213 1092 211
f 211 1092 1090
f 1092 459 1271
f 1318 1092 1271
f 1090 1092 1318
f 1318 1271 1515
f 1318 1515 1554
f 1554 1515 1747
f 1554 1747 1784
f 63 212 1784
f 1747 63 1784
f 65 63 1747
f 65 460 63
f 63 460 214
f 870 803 215
f 1043 1092 213
f 1043 213 803
f 461 1043 803
f 870 461 803
f 459 1092 1043
f 462 368 307
f 214 462 307
f 460 462 214
f 368 216 307
f 217 874 215
f 215 874 870
f 461 870 874
f 461 874 463
f 309 368 462
f 309 464 368
f 464 216 368
f 464 218 216
f 219 876 217
f 217 876 874
f 463 874 876
f 463 876 465
f 218 466 220
f 464 466 218
f 804 876 219
f 465 876 804
f 221 465 804
f 467 465 221
f 220 468 222
f 466 468 220
f 1044 467 1102
f 467 223 1102
f 467 221 223
f 469 1044 1102
f 308 379 224
f 308 222 379
f 222 470 379
f 222 468 470
f 1042 1102 223
f 469 1102 1042
f 225 469 1042
f 471 469 225
f 64 125 226
f 379 310 224
f 224 310 64
f 310 472 64
f 472 125 64
f 379 470 310
f 225 1270 471
f 471 1270 1272
f 1514 1571 473
f 1272 1514 473
f 1270 1514 1272
f 1746 1801 1571
f 1746 1571 1514
f 1801 1746 226
f 125 1801 226
f 127 1801 125
f 125 472 127
f 127 472 474
f 1571 1516 473
f 1516 1571 1748
f 1748 1571 1801
f 1748 1801 66
f 66 1801 127
f 127 474 66
f 1338 1285 227
f 1574 1529 1338
f 1338 1529 1285
f 1804 1761 1574
f 1574 1761 1529
f 130 79 1804
f 1804 79 1761
f 130 228 79
f 1338 227 1287
f 227 475 1287
f 227 229 475
f 1338 1287 1531
f 1338 1531 1574
f 1574 1531 1763
f 1574 1763 1804
f 1804 1763 81
f 1804 81 130
f 476 388 323
f 476 323 228
f 81 476 228
f 130 81 228
f 388 230 323
f 477 229 231
f 477 475 229
f 478 390 388
f 478 388 476
f 230 388 232
f 232 388 390
f 1288 477 1344
f 477 233 1344
f 477 231 233
f 479 1288 1344
f 480 392 390
f 480 390 478
f 232 390 234
f 234 390 392
f 235 1346 233
f 233 1346 1344
f 1582 1532 479
f 1344 1582 479
f 1346 1582 1344
f 1532 1582 1812
f 1532 1812 1764
f 1764 1812 138
f 1764 138 82
f 392 480 82
f 392 82 138
f 324 392 138
f 236 324 138
f 234 392 324
f 1286 1346 235
f 1530 1582 1286
f 1286 1582 1346
f 1762 1812 1530
f 1530 1812 1582
f 80 138 1762
f 1762 138 1812
f 236 138 80
f 663 997 1075
f 1075 997 1303
f 1303 997 1225
f 1303 1225 395
f 1225 1467 395
f 1225 1469 1467
f 1469 1699 1467
f 1701 1699 1469
f 1701 17 1699
f 19 17 1701
f 19 259 17
f 261 259 19
f 261 525 259
f 527 525 261
f 892 823 664
f 823 527 664
f 823 525 527
f 1120 1067 892
f 892 1067 823
f 1120 396 1067
f 665 753 843
f 663 1075 753
f 753 1075 843
f 1075 995 843
f 995 397 843
f 1303 1223 995
f 1303 995 1075
f 1303 395 1223
f 825 892 664
f 892 825 666
f 1122 892 666
f 1120 892 1122
f 396 1120 398
f 398 1120 1122
f 847 667 843
f 843 667 665
f 843 397 399
f 843 399 847
f 826 668 896
f 1122 666 826
f 896 1122 826
f 1124 1122 896
f 398 1122 400
f 400 1122 1124
f 751 401 847
f 401 667 847
f 401 669 667
f 847 399 751
f 670 898 896
f 670 896 668
f 1068 1124 402
f 1124 898 402
f 1124 896 898
f 400 1124 1068
f 855 671 752
f 671 401 752
f 671 669 401
f 403 855 752
f 528 672 624
f 898 670 528
f 898 528 624
f 824 898 624
f 404 824 624
f 402 898 824
f 855 754 671
f 673 754 855
f 403 673 855
f 405 673 403
f 262 674 406
f 262 406 260
f 672 262 624
f 262 526 624
f 262 260 526
f 404 624 526
f 405 996 673
f 673 996 998
f 1224 998 996
f 1224 1226 998
f 1468 1226 1224
f 1468 1470 1226
f 1700 1470 1468
f 1700 1702 1470
f 18 1702 1700
f 18 20 1702
f 18 406 20
f 20 406 674
f 838 767 407
f 675 1013 838
f 1013 767 838
f 1013 1011 767
f 1013 1239 1011
f 1241 1239 1013
f 1241 1483 1239
f 1485 1483 1241
f 1485 676 1483
f 1483 676 408
f 838 407 769
f 407 677 769
f 407 409 677
f 675 838 769
f 1715 408 676
f 1715 676 1717
f 1717 678 1715
f 1715 678 410
f 770 677 844
f 677 411 844
f 677 409 411
f 679 770 844
f 410 680 412
f 678 680 410
f 413 848 411
f 411 848 844
f 679 844 848
f 679 848 681
f 33 412 680
f 33 680 35
f 35 682 33
f 33 682 414
f 415 852 413
f 413 852 848
f 681 848 852
f 681 852 683
f 277 414 682
f 277 682 279
f 279 684 277
f 277 684 416
f 417 856 415
f 415 856 852
f 683 852 856
f 683 856 685
f 684 539 625
f 418 684 625
f 416 684 418
f 539 686 625
f 768 856 417
f 685 856 768
f 419 685 768
f 687 685 419
f 625 537 418
f 625 686 537
f 686 420 537
f 686 688 420
f 689 419 421
f 689 687 419
f 420 690 422
f 688 690 420
f 691 421 423
f 691 689 421
f 422 692 424
f 690 692 422
f 693 423 425
f 693 691 423
f 424 694 426
f 692 694 424
f 695 425 427
f 695 693 425
f 540 696 640
f 640 428 540
f 428 694 540
f 428 426 694
f 697 427 429
f 697 695 427
f 430 538 640
f 696 430 640
f 698 430 696
f 428 640 538
f 429 1012 697
f 697 1012 1014
f 699 1014 1012
f 699 1012 431
f 280 700 374
f 374 432 280
f 432 698 280
f 432 430 698
f 431 1240 699
f 699 1240 1242
f 1484 1242 1240
f 1484 1486 1242
f 1716 1486 1484
f 1716 1718 1486
f 34 1718 1716
f 34 36 1718
f 700 36 374
f 36 278 374
f 36 34 278
f 432 374 278
f 842 789 433
f 1076 1027 842
f 842 1027 789
f 1304 1255 1076
f 1076 1255 1027
f 1304 434 1255
f 701 507 435
f 435 507 505
f 791 842 433
f 505 791 433
f 507 791 505
f 842 791 1029
f 842 1029 1076
f 1076 1029 1257
f 1076 1257 1304
f 702 1542 1499
f 702 1499 434
f 1257 702 434
f 1304 1257 434
f 1542 436 1499
f 703 245 437
f 437 245 243
f 435 243 245
f 435 245 701
f 1501 1542 702
f 704 1774 1731
f 704 1731 436
f 1501 704 436
f 1542 1501 436
f 1774 438 1731
f 705 437 439
f 705 703 437
f 1733 1774 704
f 706 100 49
f 706 49 438
f 1733 706 438
f 1774 1733 438
f 354 293 100
f 100 293 49
f 354 440 293
f 84 3 441
f 439 3 84
f 707 439 84
f 705 439 707
f 51 100 706
f 100 51 708
f 356 100 708
f 354 100 356
f 440 354 442
f 442 354 356
f 84 441 5
f 441 709 5
f 441 443 709
f 707 84 5
f 710 358 356
f 710 356 708
f 442 356 444
f 444 356 358
f 711 443 445
f 711 709 443
f 295 358 710
f 295 712 358
f 712 444 358
f 712 446 444
f 445 4 711
f 711 4 6
f 713 6 4
f 713 4 447
f 712 555 633
f 448 712 633
f 446 712 448
f 555 714 633
f 246 713 338
f 713 449 338
f 713 447 449
f 715 246 338
f 633 553 448
f 633 714 553
f 714 450 553
f 714 716 450
f 244 338 449
f 715 338 244
f 451 715 244
f 717 715 451
f 450 718 452
f 716 718 450
f 508 717 610
f 717 453 610
f 717 451 453
f 719 508 610
f 554 645 454
f 554 452 645
f 452 720 645
f 452 718 720
f 506 610 453
f 610 506 719
f 506 792 719
f 506 790 792
f 721 792 790
f 721 790 455
f 454 645 556
f 722 454 556
f 456 454 722
f 645 720 556
f 455 1028 721
f 721 1028 1030
f 723 1030 1028
f 723 1028 457
f 296 724 458
f 296 458 294
f 294 456 296
f 296 456 722
f 457 1256 723
f 723 1256 1258
f 1500 1258 1256
f 1500 1502 1258
f 1732 1502 1500
f 1732 1734 1502
f 50 1734 1732
f 50 52 1734
f 50 458 52
f 52 458 724
f 1320 1271 459
f 1556 1515 1320
f 1320 1515 1271
f 1786 1747 1556
f 1556 1747 1515
f 110 65 1786
f 1786 65 1747
f 110 460 65
f 1094 1043 461
f 1273 1320 459
f 1273 459 1043
f 725 1273 1043
f 1094 725 1043
f 1320 1273 1517
f 1320 1517 1556
f 1556 1517 1749
f 1556 1749 1786
f 1786 1749 67
f 1786 67 110
f 67 726 110
f 726 460 110
f 726 462 460
f 463 1096 461
f 461 1096 1094
f 725 1094 1096
f 725 1096 727
f 728 372 309
f 462 728 309
f 726 728 462
f 372 464 309
f 465 1098 463
f 463 1098 1096
f 727 1096 1098
f 727 1098 729
f 311 372 728
f 311 730 372
f 730 464 372
f 730 466 464
f 467 1100 465
f 465 1100 1098
f 729 1098 1100
f 729 1100 731
f 466 732 468
f 730 732 466
f 1044 1100 467
f 731 1100 1044
f 469 731 1044
f 733 731 469
f 732 563 649
f 470 732 649
f 468 732 470
f 563 734 649
f 735 469 471
f 735 733 469
f 310 381 472
f 381 310 470
f 649 381 470
f 651 381 649
f 649 734 651
f 651 734 736
f 1335 737 1272
f 737 471 1272
f 737 735 471
f 473 1335 1272
f 383 474 472
f 383 472 381
f 381 653 383
f 381 651 653
f 651 736 653
f 653 736 738
f 739 1045 1105
f 737 1335 1045
f 1335 1105 1045
f 1335 1337 1105
f 1335 473 1516
f 1573 1335 1516
f 1337 1335 1573
f 1748 1803 1573
f 1748 1573 1516
f 66 129 1803
f 66 1803 1748
f 129 66 474
f 383 129 474
f 385 129 383
f 740 385 564
f 385 653 564
f 385 383 653
f 653 738 564
f 1107 741 1105
f 1105 741 739
f 1105 1339 1107
f 1105 1337 1339
f 1337 1575 1339
f 1337 1573 1575
f 1573 1805 1575
f 1573 1803 1805
f 1803 131 1805
f 1803 129 131
f 129 387 131
f 129 385 387
f 385 740 387
f 387 740 742
f 1109 743 1107
f 1107 743 741
f 1107 1341 1109
f 1107 1339 1341
f 1339 1577 1341
f 1339 1575 1577
f 1575 1807 1577
f 1575 1805 1807
f 1805 133 1807
f 1805 131 133
f 131 389 133
f 131 387 389
f 387 742 389
f 389 742 744
f 1111 745 1109
f 1109 745 743
f 1109 1343 1111
f 1109 1341 1343
f 1341 1579 1343
f 1341 1577 1579
f 1577 1809 1579
f 1577 1807 1809
f 1807 135 1809
f 1807 133 135
f 133 391 135
f 133 389 391
f 389 744 391
f 391 744 746
f 1113 747 1111
f 1111 747 745
f 1111 1345 1113
f 1111 1343 1345
f 1343 1581 1345
f 1343 1579 1581
f 1579 1811 1581
f 1579 1809 1811
f 1809 137 1811
f 1809 135 137
f 748 137 312
f 137 391 312
f 137 135 391
f 391 746 312
f 1113 1046 747
f 1046 1113 1274
f 1274 1113 1345
f 1274 1345 749
f 1345 1583 749
f 1345 1581 1583
f 750 1583 1750
f 1583 1811 1750
f 1583 1581 1811
f 1750 1811 68
f 68 1811 137
f 137 748 68
f 1583 1518 749
f 1583 750 1518
f 1340 1287 475
f 1576 1531 1340
f 1340 1531 1287
f 1806 1763 1576
f 1576 1763 1531
f 132 81 1806
f 1806 81 1763
f 132 476 81
f 477 1342 475
f 475 1342 1340
f 1578 1340 1342
f 1576 1340 1578
f 1808 1576 1578
f 1806 1576 1808
f 134 1806 1808
f 132 1806 134
f 476 132 478
f 478 132 134
f 1288 1342 477
f 479 1580 1288
f 1580 1342 1288
f 1580 1578 1342
f 1810 1578 1580
f 1808 1578 1810
f 136 1808 1810
f 134 1808 136
f 478 134 480
f 480 134 136
f 1532 1580 479
f 1764 1810 1532
f 1532 1810 1580
f 82 136 1764
f 1764 136 1810
f 480 136 82
f 907 1227 1301
f 1301 1227 1537
f 1537 1227 1471
f 1471 908 1537
f 909 755 841
f 841 755 663
f 755 997 663
f 755 999 997
f 999 907 1301
f 1225 999 1301
f 997 999 1225
f 1537 1469 1225
f 1537 1225 1301
f 1469 1537 908
f 1703 1469 908
f 1701 1469 1703
f 1703 19 1701
f 21 19 1703
f 21 261 19
f 263 261 21
f 614 527 910
f 527 263 910
f 527 261 263
f 614 664 527
f 753 665 841
f 665 909 841
f 665 911 909
f 841 663 753
f 529 614 910
f 912 894 825
f 912 825 664
f 529 912 664
f 614 529 664
f 894 666 825
f 913 481 587
f 667 587 481
f 911 667 481
f 665 667 911
f 668 826 894
f 912 668 894
f 914 668 912
f 666 894 826
f 587 482 913
f 915 482 587
f 667 915 587
f 669 915 667
f 530 916 620
f 620 670 530
f 670 914 530
f 670 668 914
f 917 669 671
f 917 915 669
f 672 528 620
f 916 672 620
f 918 672 916
f 670 620 528
f 671 754 917
f 917 754 756
f 919 756 754
f 919 754 673
f 264 920 674
f 264 674 262
f 262 672 264
f 264 672 918
f 673 998 919
f 919 998 1000
f 1226 1315 921
f 1000 1226 921
f 998 1226 1000
f 1470 1551 1315
f 1470 1315 1226
f 1702 1781 1551
f 1702 1551 1470
f 22 922 1781
f 1702 22 1781
f 20 22 1702
f 20 674 22
f 22 674 920
f 1315 1228 921
f 1228 1315 1472
f 1472 1315 1551
f 1472 1551 1704
f 1704 1551 1781
f 1781 922 1704
f 923 1015 675
f 675 1015 1013
f 1015 1241 1013
f 1243 1241 1015
f 1243 1485 1241
f 1487 1485 1243
f 1487 924 1485
f 1485 924 676
f 925 771 677
f 677 771 769
f 675 769 771
f 675 771 923
f 1717 676 924
f 1717 924 1719
f 1719 926 1717
f 1717 926 678
f 677 770 925
f 925 770 772
f 927 772 770
f 927 770 679
f 678 928 680
f 926 928 678
f 929 679 681
f 929 927 679
f 35 680 928
f 35 928 37
f 37 930 35
f 35 930 682
f 931 681 683
f 931 929 681
f 279 682 930
f 279 930 281
f 281 932 279
f 279 932 684
f 933 683 685
f 933 931 683
f 539 684 932
f 539 932 541
f 541 934 539
f 539 934 686
f 935 685 687
f 935 933 685
f 686 936 688
f 934 936 686
f 937 773 863
f 689 863 773
f 935 689 773
f 687 689 935
f 688 938 690
f 936 938 688
f 865 939 863
f 863 939 937
f 863 689 691
f 863 691 865
f 690 940 692
f 938 940 690
f 867 941 865
f 865 941 939
f 865 691 693
f 865 693 867
f 542 942 636
f 636 694 542
f 694 940 542
f 694 692 940
f 867 774 941
f 943 774 867
f 693 943 867
f 695 943 693
f 696 540 636
f 942 696 636
f 944 696 942
f 694 636 540
f 945 695 697
f 945 943 695
f 282 946 370
f 370 698 282
f 698 944 282
f 698 696 944
f 697 1014 945
f 945 1014 1016
f 1014 699 1326
f 1244 1014 1326
f 1016 1014 1244
f 947 1244 1326
f 38 948 118
f 370 946 38
f 370 38 118
f 280 370 118
f 700 280 118
f 698 370 280
f 1242 1326 699
f 1326 1242 947
f 1242 1488 947
f 1242 1486 1488
f 1718 1488 1486
f 1718 1720 1488
f 948 1720 118
f 1720 36 118
f 1720 1718 36
f 700 118 36
f 586 507 701
f 846 791 586
f 586 791 507
f 1078 1029 846
f 846 1029 791
f 1306 1257 1078
f 1078 1257 1029
f 1306 702 1257
f 326 245 703
f 509 586 701
f 509 701 245
f 949 509 245
f 326 949 245
f 586 509 793
f 586 793 846
f 846 793 1031
f 846 1031 1078
f 1078 1031 1259
f 1078 1259 1306
f 1501 702 1306
f 1259 1501 1306
f 1503 1501 1259
f 1503 950 1501
f 1501 950 704
f 705 328 703
f 703 328 326
f 949 326 328
f 949 328 951
f 1733 704 950
f 1733 950 1735
f 1735 952 1733
f 1733 952 706
f 328 705 247
f 705 953 247
f 705 707 953
f 951 328 247
f 51 706 952
f 51 952 53
f 53 954 51
f 51 954 708
f 86 5 709
f 707 5 86
f 955 707 86
f 953 707 955
f 708 956 710
f 954 956 708
f 711 88 709
f 709 88 86
f 955 86 88
f 955 88 957
f 295 710 956
f 295 956 297
f 297 958 295
f 295 958 712
f 6 88 711
f 248 957 336
f 336 957 713
f 957 88 713
f 88 6 713
f 959 248 336
f 555 712 958
f 555 958 557
f 557 960 555
f 555 960 714
f 246 336 713
f 959 336 246
f 715 959 246
f 961 959 715
f 714 962 716
f 960 962 714
f 510 961 608
f 961 717 608
f 961 715 717
f 963 510 608
f 716 964 718
f 962 964 716
f 508 608 717
f 794 963 872
f 872 963 719
f 963 608 719
f 608 508 719
f 965 794 872
f 718 966 720
f 964 966 718
f 792 872 719
f 965 872 792
f 721 965 792
f 967 965 721
f 558 968 722
f 558 722 556
f 556 720 558
f 558 720 966
f 721 1030 967
f 967 1030 1032
f 969 1032 1030
f 969 1030 723
f 298 970 724
f 298 724 296
f 296 722 298
f 298 722 968
f 723 1258 969
f 969 1258 1260
f 1502 1260 1258
f 1502 1504 1260
f 1734 1504 1502
f 1734 1736 1504
f 52 1736 1734
f 52 54 1736
f 52 724 54
f 54 724 970
f 1322 1273 725
f 1558 1517 1322
f 1322 1517 1273
f 1788 1749 1558
f 1558 1749 1517
f 112 67 1788
f 1788 67 1749
f 112 726 67
f 727 1324 725
f 725 1324 1322
f 1560 1322 1324
f 1558 1322 1560
f 1790 1558 1560
f 1788 1558 1790
f 116 1788 1790
f 112 1788 116
f 726 112 728
f 728 112 116
f 729 1328 727
f 727 1328 1324
f 1328 971 1519
f 1560 1328 1519
f 1324 1328 1560
f 1560 1519 1751
f 1560 1751 1790
f 1790 1751 69
f 1790 69 116
f 972 376 311
f 972 311 728
f 69 972 728
f 116 69 728
f 376 730 311
f 731 1330 729
f 729 1330 1328
f 971 1328 1330
f 971 1330 973
f 313 376 972
f 732 730 376
f 565 732 376
f 313 565 376
f 647 732 565
f 565 974 647
f 733 1332 731
f 731 1332 1330
f 973 1330 1332
f 973 1332 975
f 647 563 732
f 647 974 563
f 974 734 563
f 974 976 734
f 1332 733 1275
f 733 977 1275
f 733 735 977
f 975 1332 1275
f 976 827 903
f 736 976 903
f 734 976 736
f 827 978 903
f 979 1047 1103
f 737 1103 1047
f 977 737 1047
f 735 737 977
f 736 903 828
f 980 736 828
f 738 736 980
f 903 978 828
f 1045 739 1103
f 739 979 1103
f 739 981 979
f 1103 737 1045
f 564 655 740
f 564 738 655
f 738 982 655
f 738 980 982
f 983 805 881
f 741 881 805
f 981 741 805
f 739 741 981
f 657 742 740
f 657 740 655
f 655 982 657
f 657 982 984
f 883 985 881
f 881 985 983
f 881 741 743
f 881 743 883
f 659 744 742
f 659 742 657
f 657 984 659
f 659 984 986
f 885 987 883
f 883 987 985
f 883 743 745
f 883 745 885
f 744 659 566
f 988 744 566
f 746 744 988
f 659 986 566
f 885 806 987
f 989 806 885
f 745 989 885
f 747 989 745
f 312 393 748
f 312 746 393
f 746 990 393
f 746 988 990
f 1115 991 1046
f 991 747 1046
f 991 989 747
f 1274 1347 1115
f 1274 1115 1046
f 749 1347 1274
f 1750 1813 750
f 68 139 1813
f 68 1813 1750
f 393 314 748
f 748 314 68
f 314 992 68
f 992 139 68
f 393 990 314
f 1115 1048 991
f 1048 1115 1276
f 1276 1115 1347
f 749 1518 1347
f 1518 1276 1347
f 1518 1520 1276
f 1813 1752 750
f 1752 1518 750
f 1752 1520 1518
f 1752 1813 70
f 70 1813 139
f 139 992 70
f 1127 249 343
f 343 249 613
f 613 249 515
f 613 515 891
f 891 515 813
f 891 813 1119
f 1119 813 1057
f 1057 1128 1119
f 1129 7 93
f 1127 343 7
f 343 93 7
f 343 345 93
f 343 615 345
f 343 613 615
f 613 893 615
f 613 891 893
f 891 1121 893
f 891 1119 1121
f 1119 1128 1121
f 1121 1128 1130
f 97 1131 93
f 93 1131 1129
f 93 347 97
f 93 345 347
f 345 617 347
f 345 615 617
f 615 895 617
f 615 893 895
f 893 1123 895
f 893 1121 1123
f 1121 1130 1123
f 1123 1130 1132
f 99 1133 97
f 97 1133 1131
f 97 351 99
f 97 347 351
f 347 619 351
f 347 617 619
f 617 897 619
f 617 895 897
f 1134 897 1058
f 897 1123 1058
f 897 895 1123
f 1123 1132 1058
f 99 8 1133
f 8 99 250
f 250 99 351
f 250 351 516
f 516 351 619
f 516 619 814
f 814 619 897
f 897 1134 814
f 1135 757 837
f 837 757 1073
f 1073 757 1001
f 1073 1001 907
f 1001 1227 907
f 1001 1229 1227
f 1229 1471 1227
f 1473 1471 1229
f 1473 1136 1471
f 1471 1136 908
f 755 909 837
f 909 1135 837
f 909 1137 1135
f 1073 999 755
f 1073 755 837
f 1073 907 999
f 1703 908 1136
f 1703 1136 1705
f 1705 21 1703
f 23 21 1705
f 344 263 1138
f 263 23 1138
f 263 21 23
f 344 910 263
f 1139 483 583
f 911 583 483
f 1137 911 483
f 909 911 1137
f 265 344 1138
f 1140 616 529
f 1140 529 910
f 265 1140 910
f 344 265 910
f 616 912 529
f 481 913 583
f 913 1139 583
f 913 1141 1139
f 583 911 481
f 1142 618 616
f 1142 616 1140
f 912 616 914
f 914 616 618
f 591 1143 482
f 1143 913 482
f 1143 1141 913
f 915 591 482
f 916 530 618
f 1142 916 618
f 1144 916 1142
f 914 618 530
f 591 484 1143
f 1145 484 591
f 915 1145 591
f 917 1145 915
f 916 1146 918
f 1144 1146 916
f 917 756 1145
f 1145 756 758
f 1147 758 756
f 1147 756 919
f 266 1148 920
f 266 920 264
f 264 918 266
f 266 918 1146
f 919 1000 1147
f 1147 1000 1002
f 1149 1002 1000
f 1149 1000 921
f 22 105 922
f 22 920 105
f 920 1150 105
f 920 1148 1150
f 921 1228 1149
f 1149 1228 1230
f 1472 1553 1151
f 1230 1472 1151
f 1228 1472 1230
f 1704 1783 1553
f 1704 1553 1472
f 105 24 922
f 922 24 1704
f 24 1152 1704
f 1152 1783 1704
f 105 1150 24
f 1553 1474 1151
f 1474 1553 1706
f 1706 1553 1783
f 1783 1152 1706
f 1153 775 839
f 839 775 923
f 775 1015 923
f 775 1017 1015
f 1017 1243 1015
f 1245 1243 1017
f 1245 1487 1243
f 1489 1487 1245
f 924 1487 1767
f 1487 1721 1767
f 1487 1489 1721
f 1721 1154 1767
f 771 925 839
f 925 1153 839
f 925 1155 1153
f 839 923 771
f 1767 1719 924
f 1767 1154 1719
f 1154 926 1719
f 1154 1156 926
f 845 1157 772
f 1157 925 772
f 1157 1155 925
f 927 845 772
f 1156 39 95
f 928 1156 95
f 926 1156 928
f 39 1158 95
f 849 1159 845
f 845 1159 1157
f 845 927 929
f 845 929 849
f 95 37 928
f 95 1158 37
f 1158 930 37
f 1158 1160 930
f 849 776 1159
f 1161 776 849
f 929 1161 849
f 931 1161 929
f 281 930 1160
f 281 1160 283
f 283 1162 281
f 281 1162 932
f 1163 931 933
f 1163 1161 931
f 541 932 1162
f 541 1162 543
f 543 1164 541
f 541 1164 934
f 1165 933 935
f 1165 1163 933
f 934 1166 936
f 1164 1166 934
f 1167 777 937
f 937 777 773
f 935 773 777
f 935 777 1165
f 936 1168 938
f 1166 1168 936
f 1169 937 939
f 1169 1167 937
f 544 1170 632
f 632 940 544
f 940 1168 544
f 940 938 1168
f 1171 939 941
f 1171 1169 939
f 942 542 632
f 1170 942 632
f 1172 942 1170
f 940 632 542
f 869 1173 774
f 1173 941 774
f 1173 1171 941
f 943 869 774
f 942 1174 944
f 1172 1174 942
f 869 778 1173
f 1175 778 869
f 943 1175 869
f 945 1175 943
f 284 1176 946
f 284 946 282
f 282 944 284
f 284 944 1174
f 945 1016 1175
f 1175 1016 1018
f 1244 1018 1016
f 1244 1246 1018
f 1244 947 1562
f 1490 1244 1562
f 1246 1244 1490
f 1490 1562 1792
f 1490 1792 1722
f 1722 1792 948
f 38 1722 948
f 40 1722 38
f 38 946 40
f 40 946 1176
f 1488 1562 947
f 1720 1792 1488
f 1488 1792 1562
f 948 1792 1720
f 590 509 949
f 850 793 590
f 590 793 509
f 1080 1031 850
f 850 1031 793
f 1177 1261 1080
f 1261 1031 1080
f 1261 1259 1031
f 1544 1503 1178
f 1503 1261 1178
f 1503 1259 1261
f 1544 950 1503
f 951 594 949
f 949 594 590
f 594 1179 795
f 850 594 795
f 590 594 850
f 850 795 1033
f 850 1033 1080
f 1177 1080 1033
f 1505 1544 1178
f 1735 950 1544
f 1505 1735 1544
f 1737 1735 1505
f 1737 1180 1735
f 1735 1180 952
f 330 247 953
f 247 330 951
f 330 594 951
f 330 598 594
f 1179 594 598
f 1179 598 1181
f 53 952 1180
f 53 1180 55
f 55 1182 53
f 53 1182 954
f 955 332 953
f 953 332 330
f 332 1183 511
f 598 332 511
f 330 332 598
f 1181 598 511
f 954 1184 956
f 1182 1184 954
f 957 334 955
f 955 334 332
f 1183 332 334
f 1183 334 1185
f 297 956 1184
f 297 1184 299
f 299 1186 297
f 297 1186 958
f 248 334 957
f 1185 334 248
f 959 1185 248
f 1187 1185 959
f 557 958 1186
f 557 1186 559
f 559 1188 557
f 557 1188 960
f 1189 959 961
f 1189 1187 959
f 960 1190 962
f 1188 1190 960
f 961 510 1189
f 1189 510 512
f 1191 512 510
f 1191 510 963
f 962 1192 964
f 1190 1192 962
f 963 794 1191
f 1191 794 796
f 1193 796 794
f 1193 794 965
f 964 1194 966
f 1192 1194 964
f 1195 965 967
f 1195 1193 965
f 560 1196 968
f 560 968 558
f 558 966 560
f 560 966 1194
f 967 1032 1195
f 1195 1032 1034
f 1197 1034 1032
f 1197 1032 969
f 300 1198 970
f 300 970 298
f 298 968 300
f 300 968 1196
f 969 1260 1197
f 1197 1260 1262
f 1504 1567 1199
f 1262 1504 1199
f 1260 1504 1262
f 1736 1797 1567
f 1736 1567 1504
f 56 1200 1797
f 1736 56 1797
f 54 56 1736
f 54 970 56
f 56 970 1198
f 1567 1506 1199
f 1506 1567 1738
f 1738 1567 1797
f 1797 1200 1738
f 1564 1519 971
f 1794 1751 1564
f 1564 1751 1519
f 120 69 1794
f 1794 69 1751
f 120 972 69
f 973 1566 971
f 971 1566 1564
f 1566 1201 1753
f 1794 1566 1753
f 1564 1566 1794
f 1794 1753 71
f 1794 71 120
f 313 972 120
f 71 313 120
f 315 313 71
f 315 565 313
f 567 565 315
f 567 1202 565
f 565 1202 974
f 1566 973 1521
f 973 1203 1521
f 973 975 1203
f 1201 1566 1521
f 1202 829 901
f 976 1202 901
f 974 1202 976
f 829 1204 901
f 1205 1277 977
f 977 1277 1275
f 975 1275 1277
f 975 1277 1203
f 901 827 976
f 901 1204 827
f 1204 978 827
f 1204 1206 978
f 1207 1049 979
f 979 1049 1047
f 977 1047 1049
f 977 1049 1205
f 828 905 980
f 828 978 905
f 978 1208 905
f 978 1206 1208
f 1209 807 879
f 981 879 807
f 1207 981 807
f 979 981 1207
f 980 905 830
f 1210 980 830
f 982 980 1210
f 905 1208 830
f 805 983 879
f 983 1209 879
f 983 1211 1209
f 879 981 805
f 982 1212 984
f 1210 1212 982
f 1213 983 985
f 1213 1211 983
f 984 1214 986
f 1212 1214 984
f 1215 985 987
f 1215 1213 985
f 566 661 988
f 566 986 661
f 986 1216 661
f 986 1214 1216
f 887 1217 806
f 1217 987 806
f 1217 1215 987
f 989 887 806
f 988 661 568
f 1218 988 568
f 990 988 1218
f 661 1216 568
f 887 808 1217
f 1219 808 887
f 989 1219 887
f 991 1219 989
f 316 1220 992
f 316 992 314
f 314 990 316
f 316 990 1218
f 991 1048 1219
f 1219 1048 1050
f 1276 1050 1048
f 1276 1278 1050
f 1520 1278 1276
f 1520 1522 1278
f 1752 1522 1520
f 1752 1754 1522
f 70 1754 1752
f 70 72 1754
f 70 992 72
f 72 992 1220
f 1355 251 341
f 341 251 611
f 611 251 517
f 611 517 889
f 889 517 815
f 889 815 1117
f 1117 815 1059
f 1059 1356 1117
f 1357 9 89
f 1355 341 9
f 9 341 89
f 341 249 89
f 249 1127 89
f 611 515 249
f 611 249 341
f 889 813 515
f 889 515 611
f 1117 1057 813
f 1117 813 889
f 1117 1356 1057
f 1356 1128 1057
f 1356 1358 1128
f 7 1129 89
f 1129 1357 89
f 1129 1359 1357
f 89 1127 7
f 1358 1289 1351
f 1130 1358 1351
f 1128 1358 1130
f 1289 1360 1351
f 1361 1691 1773
f 1131 1773 1691
f 1359 1131 1691
f 1129 1131 1359
f 1130 1351 1290
f 1362 1130 1290
f 1132 1130 1362
f 1351 1360 1290
f 1773 1692 1361
f 1363 1692 1773
f 1131 1363 1773
f 1133 1363 1131
f 1058 1125 1134
f 1058 1132 1125
f 1132 1364 1125
f 1132 1362 1364
f 101 1365 8
f 1365 1133 8
f 1365 1363 1133
f 250 355 101
f 250 101 8
f 516 623 355
f 516 355 250
f 814 899 623
f 814 623 516
f 1125 1060 1134
f 1134 1060 814
f 1060 1366 814
f 1366 899 814
f 1125 1364 1060
f 101 10 1365
f 10 101 252
f 252 101 355
f 252 355 518
f 518 355 623
f 518 623 816
f 816 623 899
f 899 1366 816
f 1367 759 833
f 833 759 1069
f 1069 759 1003
f 1069 1003 1297
f 1297 1003 1231
f 1297 1231 1533
f 1533 1231 1475
f 1475 1368 1533
f 757 1135 833
f 1135 1367 833
f 1135 1369 1367
f 1069 1001 757
f 1069 757 833
f 1297 1229 1001
f 1297 1001 1069
f 1533 1473 1229
f 1533 1229 1297
f 1368 1707 1765
f 1368 1765 1136
f 1533 1368 1136
f 1473 1533 1136
f 1707 1370 1765
f 1371 485 579
f 1137 579 485
f 1369 1137 485
f 1135 1137 1369
f 1765 1705 1136
f 23 1705 1765
f 1372 23 1765
f 1370 1372 1765
f 23 1372 90
f 90 1138 23
f 483 1139 579
f 1139 1371 579
f 1139 1373 1371
f 579 1137 483
f 25 90 1372
f 1374 346 265
f 1374 265 1138
f 25 1374 1138
f 90 25 1138
f 346 1140 265
f 1375 1139 1141
f 1375 1373 1139
f 1376 348 346
f 1376 346 1374
f 1140 346 1142
f 1142 346 348
f 1377 1141 1143
f 1377 1375 1141
f 267 348 1376
f 267 1378 348
f 1378 1142 348
f 1378 1144 1142
f 595 1379 484
f 1379 1143 484
f 1379 1377 1143
f 1145 595 484
f 1144 1380 1146
f 1378 1380 1144
f 595 486 1379
f 859 1381 758
f 758 1381 1145
f 1381 486 1145
f 486 595 1145
f 1147 859 758
f 268 1382 1148
f 268 1148 266
f 266 1146 268
f 268 1146 1380
f 859 760 1381
f 1087 1383 1002
f 1002 1383 1147
f 1383 760 1147
f 760 859 1147
f 1149 1087 1002
f 1148 1384 1150
f 1382 1384 1148
f 1087 1004 1383
f 1317 1385 1230
f 1230 1385 1149
f 1385 1004 1149
f 1004 1087 1149
f 1151 1317 1230
f 24 107 1152
f 24 1150 107
f 1150 1386 107
f 1150 1384 1386
f 1319 1387 1317
f 1317 1387 1385
f 1317 1151 1474
f 1555 1317 1474
f 1319 1317 1555
f 1706 1785 1555
f 1706 1555 1474
f 1785 1706 1152
f 107 1785 1152
f 109 1785 107
f 269 363 1386
f 363 107 1386
f 363 109 107
f 269 1388 363
f 1321 1389 1319
f 1319 1389 1387
f 1319 1557 1321
f 1319 1555 1557
f 1555 1787 1557
f 1555 1785 1787
f 1785 111 1787
f 1785 109 111
f 109 365 111
f 109 363 365
f 363 1388 365
f 365 1388 1390
f 1323 1391 1321
f 1321 1391 1389
f 1321 1559 1323
f 1321 1557 1559
f 1557 1789 1559
f 1557 1787 1789
f 1787 113 1789
f 1787 111 113
f 111 369 113
f 111 365 369
f 365 1390 369
f 369 1390 1392
f 1323 1232 1391
f 1232 1323 1393
f 1323 1561 1393
f 1323 1559 1561
f 1559 1791 1561
f 1559 1789 1791
f 1394 1791 26
f 1791 113 26
f 1791 1789 113
f 26 113 270
f 270 113 369
f 369 1392 270
f 1561 1476 1393
f 1476 1561 1708
f 1708 1561 1791
f 1791 1394 1708
f 1395 779 835
f 835 779 1071
f 1071 779 1019
f 1071 1019 1299
f 1299 1019 1247
f 1299 1247 1535
f 1535 1247 1491
f 1491 1396 1535
f 775 1153 835
f 1153 1395 835
f 1153 1397 1395
f 1071 1017 775
f 1071 775 835
f 1299 1245 1017
f 1299 1017 1071
f 1535 1489 1245
f 1535 1245 1299
f 1489 1535 1396
f 1723 1489 1396
f 1721 1489 1723
f 1723 1398 1721
f 1721 1398 1154
f 1399 493 581
f 1155 581 493
f 1397 1155 493
f 1153 1155 1397
f 1398 41 91
f 1156 1398 91
f 1154 1398 1156
f 41 1400 91
f 581 494 1399
f 1401 494 581
f 1155 1401 581
f 1157 1401 1155
f 91 39 1156
f 91 1400 39
f 1400 1158 39
f 1400 1402 1158
f 1403 1157 1159
f 1403 1401 1157
f 1402 285 349
f 1160 1402 349
f 1158 1402 1160
f 285 1404 349
f 1159 776 1403
f 1403 776 780
f 1405 780 776
f 1405 776 1161
f 349 283 1160
f 1404 545 621
f 1404 621 1162
f 349 1404 1162
f 283 349 1162
f 545 1406 621
f 1407 1161 1163
f 1407 1405 1161
f 621 543 1162
f 621 1406 543
f 1406 1164 543
f 1406 1408 1164
f 1409 781 861
f 1165 861 781
f 1407 1165 781
f 1163 1165 1407
f 1164 1410 1166
f 1408 1410 1164
f 777 1167 861
f 1167 1409 861
f 1167 1411 1409
f 861 1165 777
f 546 1412 630
f 630 1168 546
f 1168 1410 546
f 1168 1166 1410
f 1413 495 603
f 1169 603 495
f 1411 1169 495
f 1167 1169 1411
f 1170 544 630
f 1412 1170 630
f 1414 1170 1412
f 1168 630 544
f 605 1415 603
f 603 1415 1413
f 603 1169 1171
f 603 1171 605
f 1170 1416 1172
f 1414 1416 1170
f 607 1417 605
f 605 1417 1415
f 605 1171 1173
f 605 1173 607
f 286 1418 366
f 366 1174 286
f 1174 1416 286
f 1174 1172 1416
f 607 496 1417
f 1173 778 607
f 778 496 607
f 778 782 496
f 1419 782 778
f 1419 778 1175
f 1176 284 366
f 1418 1176 366
f 1420 1176 1418
f 1174 366 284
f 1175 1018 1419
f 1419 1018 1020
f 1246 1020 1018
f 1246 1248 1020
f 1490 1248 1246
f 1490 1492 1248
f 1722 1492 1490
f 1722 1724 1492
f 40 1724 1722
f 40 42 1724
f 40 1176 42
f 42 1176 1420
f 1308 1261 1177
f 1308 1178 1261
f 854 795 1179
f 1421 1035 854
f 1035 795 854
f 1035 1033 795
f 1263 1308 1177
f 1033 1263 1177
f 1035 1263 1033
f 1505 1178 1308
f 1263 1505 1308
f 1507 1505 1263
f 1507 1737 1505
f 1739 1737 1507
f 1739 1422 1737
f 1737 1422 1180
f 1181 858 1179
f 1179 858 854
f 1421 854 858
f 1421 858 1423
f 1424 102 55
f 1180 1424 55
f 1422 1424 1180
f 102 1182 55
f 600 511 1183
f 797 858 1181
f 797 1181 511
f 1425 797 511
f 600 1425 511
f 1423 858 797
f 57 102 1424
f 57 1426 102
f 1426 1182 102
f 1426 1184 1182
f 1185 602 1183
f 1183 602 600
f 1425 600 602
f 1425 602 1427
f 299 1184 1426
f 299 1426 301
f 301 1428 299
f 299 1428 1186
f 602 1185 513
f 1185 1429 513
f 1185 1187 1429
f 1427 602 513
f 1430 634 559
f 1186 1430 559
f 1428 1430 1186
f 634 1188 559
f 514 1429 606
f 1429 1189 606
f 1429 1187 1189
f 1431 514 606
f 561 634 1430
f 561 1432 634
f 1432 1188 634
f 1432 1190 1188
f 512 606 1189
f 1431 606 512
f 1191 1431 512
f 1433 1431 1191
f 1190 1434 1192
f 1432 1434 1190
f 1191 796 1433
f 1433 796 798
f 1435 798 796
f 1435 796 1193
f 1192 1436 1194
f 1434 1436 1192
f 1437 1193 1195
f 1437 1435 1193
f 562 1438 1196
f 562 1196 560
f 560 1194 562
f 562 1194 1436
f 1099 1439 1034
f 1439 1195 1034
f 1439 1437 1195
f 1197 1099 1034
f 302 1440 1198
f 302 1198 300
f 300 1196 302
f 302 1196 1438
f 1099 1036 1439
f 1331 1441 1262
f 1262 1441 1197
f 1441 1036 1197
f 1036 1099 1197
f 1199 1331 1262
f 56 123 1200
f 56 1198 123
f 1198 1442 123
f 1198 1440 1442
f 1331 1264 1441
f 1199 1506 1331
f 1506 1264 1331
f 1506 1508 1264
f 1738 1508 1506
f 1738 1740 1508
f 123 58 1200
f 58 1738 1200
f 58 1740 1738
f 123 1442 58
f 1443 1755 1201
f 1201 1755 1753
f 1755 71 1753
f 73 71 1755
f 73 315 71
f 317 315 73
f 317 567 315
f 569 567 317
f 569 1444 567
f 567 1444 1202
f 1445 1523 1203
f 1203 1523 1521
f 1201 1521 1523
f 1201 1523 1443
f 1446 902 829
f 1202 1446 829
f 1444 1446 1202
f 902 1204 829
f 1447 1279 1205
f 1205 1279 1277
f 1203 1277 1279
f 1203 1279 1445
f 831 902 1446
f 831 1448 902
f 1448 1204 902
f 1448 1206 1204
f 1449 1051 1207
f 1207 1051 1049
f 1205 1049 1051
f 1205 1051 1447
f 832 1450 906
f 906 1208 832
f 1208 1448 832
f 1208 1206 1448
f 1451 809 1209
f 1209 809 807
f 1207 807 809
f 1207 809 1449
f 1210 830 906
f 1450 1210 906
f 1452 1210 1450
f 1208 906 830
f 1453 1209 1211
f 1453 1451 1209
f 1210 1454 1212
f 1452 1454 1210
f 1455 1211 1213
f 1455 1453 1211
f 1212 1456 1214
f 1454 1456 1212
f 1457 1213 1215
f 1457 1455 1213
f 1214 1458 1216
f 1456 1458 1214
f 810 1457 888
f 1457 1217 888
f 1457 1215 1217
f 1459 810 888
f 570 1460 1218
f 570 1218 568
f 568 1216 570
f 570 1216 1458
f 808 888 1217
f 1459 888 808
f 1219 1459 808
f 1461 1459 1219
f 318 1462 1220
f 318 1220 316
f 316 1218 318
f 318 1218 1460
f 1219 1050 1461
f 1461 1050 1052
f 1278 1052 1050
f 1278 1280 1052
f 1522 1280 1278
f 1522 1524 1280
f 1754 1524 1522
f 1754 1756 1524
f 72 1756 1754
f 72 74 1756
f 72 1220 74
f 74 1220 1462
f 1585 253 1355
f 1355 253 251
f 253 517 251
f 519 517 253
f 519 815 517
f 817 815 519
f 817 1059 815
f 1061 1059 817
f 1061 1586 1059
f 1059 1586 1356
f 1587 11 1357
f 1357 11 9
f 1355 9 11
f 1355 11 1585
f 1586 1291 1349
f 1358 1586 1349
f 1356 1586 1358
f 1291 1588 1349
f 1589 1693 1771
f 1359 1771 1693
f 1587 1359 1693
f 1357 1359 1587
f 1349 1289 1358
f 1349 1588 1289
f 1588 1360 1289
f 1588 1590 1360
f 1691 1361 1771
f 1361 1589 1771
f 1361 1591 1589
f 1771 1359 1691
f 1290 1353 1362
f 1290 1360 1353
f 1360 1592 1353
f 1360 1590 1592
f 1775 1593 1692
f 1593 1361 1692
f 1593 1591 1361
f 1363 1775 1692
f 1362 1353 1292
f 1594 1362 1292
f 1364 1362 1594
f 1353 1592 1292
f 1775 1694 1593
f 1595 1694 1775
f 1363 1595 1775
f 1365 1595 1363
f 1062 1596 1366
f 1062 1366 1060
f 1060 1364 1062
f 1062 1364 1594
f 1365 10 1595
f 1595 10 12
f 252 12 10
f 252 254 12
f 518 254 252
f 518 520 254
f 816 520 518
f 816 818 520
f 816 1366 818
f 818 1366 1596
f 1597 761 1367
f 1367 761 759
f 761 1003 759
f 1005 1003 761
f 1005 1231 1003
f 1233 1231 1005
f 1233 1475 1231
f 1477 1475 1233
f 1477 1598 1475
f 1475 1598 1368
f 1599 487 575
f 1369 575 487
f 1597 1369 487
f 1367 1369 1597
f 1707 1368 1598
f 1707 1598 1709
f 1709 1600 1707
f 1707 1600 1370
f 485 1371 575
f 1371 1599 575
f 1371 1601 1599
f 575 1369 485
f 1370 1602 1372
f 1600 1602 1370
f 1603 1371 1373
f 1603 1601 1371
f 25 1372 1602
f 25 1602 27
f 27 1604 25
f 25 1604 1374
f 1605 1373 1375
f 1605 1603 1373
f 1374 1606 1376
f 1604 1606 1374
f 1607 1375 1377
f 1607 1605 1375
f 1608 352 267
f 1376 1608 267
f 1606 1608 1376
f 352 1378 267
f 1609 1377 1379
f 1609 1607 1377
f 271 352 1608
f 271 1610 352
f 1610 1378 352
f 1610 1380 1378
f 1379 486 1609
f 1609 486 488
f 1611 488 486
f 1611 486 1381
f 268 357 1382
f 268 1380 357
f 1380 1612 357
f 1380 1610 1612
f 1381 760 1611
f 1611 760 762
f 1613 762 760
f 1613 760 1383
f 359 1384 1382
f 359 1382 357
f 357 1612 359
f 359 1612 1614
f 1089 1615 1004
f 1615 1383 1004
f 1615 1613 1383
f 1385 1089 1004
f 361 1386 1384
f 361 1384 359
f 359 1614 361
f 361 1614 1616
f 1091 1617 1089
f 1089 1617 1615
f 1089 1385 1387
f 1089 1387 1091
f 361 269 1386
f 361 1616 269
f 1616 1388 269
f 1616 1618 1388
f 1093 1619 1091
f 1091 1619 1617
f 1091 1387 1389
f 1091 1389 1093
f 1618 531 639
f 1390 1618 639
f 1388 1618 1390
f 531 1620 639
f 1093 1006 1619
f 1621 1006 1093
f 1389 1621 1093
f 1391 1621 1389
f 1390 639 532
f 1622 1390 532
f 1392 1390 1622
f 639 1620 532
f 1325 1623 1232
f 1623 1391 1232
f 1623 1621 1391
f 1393 1325 1232
f 26 117 1394
f 270 373 117
f 270 117 26
f 270 1392 373
f 1392 1624 373
f 1392 1622 1624
f 1325 1234 1623
f 1393 1476 1325
f 1476 1234 1325
f 1476 1478 1234
f 1708 1478 1476
f 1708 1710 1478
f 117 28 1394
f 28 1708 1394
f 28 1710 1708
f 28 117 272
f 272 117 373
f 373 1624 272
f 1625 783 1395
f 1395 783 779
f 783 1019 779
f 1021 1019 783
f 1021 1247 1019
f 1249 1247 1021
f 1249 1491 1247
f 1493 1491 1249
f 1493 1626 1491
f 1491 1626 1396
f 1627 497 577
f 1397 577 497
f 1625 1397 497
f 1395 1397 1625
f 1723 1396 1626
f 1723 1626 1725
f 1725 1628 1723
f 1723 1628 1398
f 493 1399 577
f 1399 1627 577
f 1399 1629 1627
f 577 1397 493
f 1630 92 41
f 1398 1630 41
f 1628 1630 1398
f 92 1400 41
f 585 1631 494
f 1631 1399 494
f 1631 1629 1399
f 1401 585 494
f 43 92 1630
f 43 1632 92
f 1632 1400 92
f 1632 1402 1400
f 585 498 1631
f 1633 498 585
f 1401 1633 585
f 1403 1633 1401
f 285 1402 1632
f 285 1632 287
f 287 1634 285
f 285 1634 1404
f 853 1635 780
f 1635 1403 780
f 1635 1633 1403
f 1405 853 780
f 545 1404 1634
f 545 1634 547
f 547 1636 545
f 545 1636 1406
f 857 1637 853
f 853 1637 1635
f 853 1405 1407
f 853 1407 857
f 1406 1638 1408
f 1636 1638 1406
f 1639 499 599
f 1637 857 499
f 499 857 599
f 857 781 599
f 781 1409 599
f 857 1407 781
f 1408 1640 1410
f 1638 1640 1408
f 601 1641 599
f 599 1641 1639
f 599 1409 1411
f 599 1411 601
f 548 1642 1412
f 548 1412 546
f 546 1410 548
f 548 1410 1640
f 495 1413 601
f 1413 1641 601
f 1413 1643 1641
f 601 1411 495
f 1412 1644 1414
f 1642 1644 1412
f 1645 237 337
f 1415 337 237
f 1643 1415 237
f 1413 1415 1643
f 1414 1646 1416
f 1644 1646 1414
f 337 238 1645
f 1647 238 337
f 1415 1647 337
f 1417 1647 1415
f 288 1648 1418
f 288 1418 286
f 286 1416 288
f 288 1416 1646
f 609 1649 496
f 1649 1417 496
f 1649 1647 1417
f 782 871 609
f 782 609 496
f 1419 871 782
f 44 1650 114
f 114 1420 44
f 1420 1648 44
f 1420 1418 1648
f 609 500 1649
f 500 609 784
f 784 609 871
f 1419 1020 871
f 1020 784 871
f 1020 1022 784
f 1248 1022 1020
f 1248 1250 1022
f 1492 1250 1248
f 1492 1494 1250
f 1724 1494 1492
f 1724 1726 1494
f 1650 1726 114
f 1726 42 114
f 1726 1724 42
f 1420 114 42
f 1082 1035 1421
f 1310 1263 1082
f 1082 1263 1035
f 1546 1507 1310
f 1310 1507 1263
f 1776 1739 1546
f 1546 1739 1507
f 1776 1422 1739
f 1082 1421 1037
f 1421 1651 1037
f 1421 1423 1651
f 1082 1037 1265
f 1082 1265 1310
f 1310 1265 1509
f 1310 1509 1546
f 1546 1509 1741
f 1546 1741 1776
f 1741 1652 1776
f 1652 1422 1776
f 1652 1424 1422
f 862 797 1425
f 1423 797 862
f 1653 1423 862
f 1651 1423 1653
f 57 1424 1652
f 57 1652 59
f 59 1654 57
f 57 1654 1426
f 862 1425 799
f 1425 1655 799
f 1425 1427 1655
f 1653 862 799
f 1656 360 301
f 1426 1656 301
f 1654 1656 1426
f 360 1428 301
f 604 513 1429
f 1427 513 604
f 1657 1427 604
f 1655 1427 1657
f 303 360 1656
f 303 1658 360
f 1658 1428 360
f 1658 1430 1428
f 514 604 1429
f 1657 604 514
f 1431 1657 514
f 1659 1657 1431
f 1660 638 561
f 1430 1660 561
f 1658 1660 1430
f 638 1432 561
f 1661 1431 1433
f 1661 1659 1431
f 1662 642 638
f 1662 638 1660
f 1432 638 1434
f 1434 638 642
f 873 1663 798
f 1663 1433 798
f 1663 1661 1433
f 1435 873 798
f 1664 646 642
f 1664 642 1662
f 1434 642 1436
f 1436 642 646
f 875 1665 873
f 873 1665 1663
f 873 1435 1437
f 873 1437 875
f 1438 562 646
f 1664 1438 646
f 1666 1438 1664
f 1436 646 562
f 875 800 1665
f 1667 800 875
f 1437 1667 875
f 1439 1667 1437
f 302 377 1440
f 302 1438 377
f 1438 1668 377
f 1438 1666 1668
f 1101 1669 1036
f 1669 1439 1036
f 1669 1667 1439
f 1441 1101 1036
f 1440 377 304
f 1670 1440 304
f 1442 1440 1670
f 377 1668 304
f 1101 1038 1669
f 1441 1264 1101
f 1264 1038 1101
f 1264 1266 1038
f 1508 1266 1264
f 1508 1510 1266
f 1740 1510 1508
f 1740 1742 1510
f 58 1742 1740
f 58 60 1742
f 58 1442 60
f 60 1442 1670
f 1796 1755 1443
f 1671 75 1796
f 75 1755 1796
f 75 73 1755
f 75 317 73
f 319 317 75
f 648 569 1672
f 569 319 1672
f 569 317 319
f 648 1444 569
f 1568 1523 1445
f 1757 1796 1443
f 1757 1443 1523
f 1673 1757 1523
f 1568 1673 1523
f 1671 1796 1757
f 571 648 1672
f 571 1674 648
f 1674 1444 648
f 1674 1446 1444
f 1334 1279 1447
f 1525 1568 1445
f 1525 1445 1279
f 1675 1525 1279
f 1334 1675 1279
f 1673 1568 1525
f 1676 904 831
f 1446 1676 831
f 1674 1676 1446
f 904 1448 831
f 1104 1051 1449
f 1281 1334 1447
f 1281 1447 1051
f 1677 1281 1051
f 1104 1677 1051
f 1675 1334 1281
f 1450 832 904
f 1676 1450 904
f 1678 1450 1676
f 1448 904 832
f 880 809 1451
f 1053 1104 1449
f 1053 1449 809
f 1679 1053 809
f 880 1679 809
f 1677 1104 1053
f 1450 1680 1452
f 1678 1680 1450
f 1453 882 1451
f 1451 882 880
f 1679 880 882
f 1679 882 1681
f 1452 1682 1454
f 1680 1682 1452
f 882 1453 811
f 1453 1683 811
f 1453 1455 1683
f 1681 882 811
f 1454 1684 1456
f 1682 1684 1454
f 812 1683 886
f 1683 1457 886
f 1683 1455 1457
f 1685 812 886
f 1456 1686 1458
f 1684 1686 1456
f 810 886 1457
f 1685 886 810
f 1459 1685 810
f 1687 1685 1459
f 572 1688 1460
f 572 1460 570
f 570 1458 572
f 572 1458 1686
f 1054 1687 1116
f 1687 1461 1116
f 1687 1459 1461
f 1054 1116 1348
f 1054 1348 1282
f 1689 1282 1348
f 76 1690 140
f 76 140 1462
f 318 76 1462
f 320 76 318
f 318 1460 320
f 320 1460 1688
f 1052 1116 1461
f 1280 1348 1052
f 1052 1348 1116
f 1348 1280 1689
f 1280 1526 1689
f 1280 1524 1526
f 1756 1526 1524
f 1756 1758 1526
f 1690 1758 140
f 1758 74 140
f 1758 1756 74
f 1462 140 74
f 1815 255 1585
f 1585 255 253
f 255 519 253
f 521 519 255
f 521 817 519
f 819 817 521
f 819 1061 817
f 1063 1061 819
f 1063 1816 1061
f 1061 1816 1586
f 1817 1695 1769
f 1769 1695 1587
f 1695 11 1587
f 1695 13 11
f 1585 11 13
f 1585 13 1815
f 1291 1586 1816
f 1291 1816 1293
f 1293 1818 1291
f 1291 1818 1588
f 1693 1589 1769
f 1589 1817 1769
f 1589 1819 1817
f 1769 1587 1693
f 1588 1820 1590
f 1818 1820 1588
f 1821 1463 1543
f 1591 1543 1463
f 1819 1591 1463
f 1589 1591 1819
f 1590 1822 1592
f 1820 1822 1590
f 1545 1823 1543
f 1543 1823 1821
f 1543 1591 1593
f 1543 1593 1545
f 1294 1824 1594
f 1294 1594 1292
f 1292 1592 1294
f 1294 1592 1822
f 1545 1464 1823
f 1777 1825 1694
f 1694 1825 1593
f 1825 1464 1593
f 1464 1545 1593
f 1595 1777 1694
f 1064 1826 1596
f 1064 1596 1062
f 1062 1594 1064
f 1064 1594 1824
f 1777 1696 1825
f 1595 12 1777
f 12 1696 1777
f 12 14 1696
f 254 14 12
f 254 256 14
f 520 256 254
f 520 522 256
f 818 522 520
f 818 820 522
f 818 1596 820
f 820 1596 1826
f 1827 763 1597
f 1597 763 761
f 763 1005 761
f 1007 1005 763
f 1007 1233 1005
f 1235 1233 1007
f 1235 1477 1233
f 1479 1477 1235
f 1479 1828 1477
f 1477 1828 1598
f 1829 489 1599
f 1599 489 487
f 1597 487 489
f 1597 489 1827
f 1709 1598 1828
f 1709 1828 1711
f 1711 1830 1709
f 1709 1830 1600
f 1831 1599 1601
f 1831 1829 1599
f 1600 1832 1602
f 1830 1832 1600
f 1833 1601 1603
f 1833 1831 1601
f 27 1602 1832
f 27 1832 29
f 29 1834 27
f 27 1834 1604
f 1835 1603 1605
f 1835 1833 1603
f 1604 1836 1606
f 1834 1836 1604
f 1837 1605 1607
f 1837 1835 1605
f 1606 1838 1608
f 1836 1838 1606
f 490 1837 596
f 1837 1609 596
f 1837 1607 1609
f 1839 490 596
f 271 1608 1838
f 271 1838 273
f 273 1840 271
f 271 1840 1610
f 488 596 1609
f 1839 596 488
f 1611 1839 488
f 1841 1839 1611
f 1610 1842 1612
f 1840 1842 1610
f 1611 762 1841
f 1841 762 764
f 1843 764 762
f 1843 762 1613
f 1612 1844 1614
f 1842 1844 1612
f 1845 1613 1615
f 1845 1843 1613
f 1844 533 631
f 1616 1844 631
f 1614 1844 1616
f 533 1846 631
f 1847 1615 1617
f 1847 1845 1615
f 635 1618 1616
f 635 1616 631
f 631 1846 635
f 635 1846 1848
f 1849 1617 1619
f 1849 1847 1617
f 635 531 1618
f 635 1848 531
f 1848 1620 531
f 1848 1850 1620
f 1095 1851 1006
f 1851 1619 1006
f 1851 1849 1619
f 1621 1095 1006
f 532 643 1622
f 532 1620 643
f 1620 1852 643
f 1620 1850 1852
f 1095 1008 1851
f 1853 1008 1095
f 1621 1853 1095
f 1623 1853 1621
f 1622 643 534
f 1854 1622 534
f 1624 1622 1854
f 643 1852 534
f 1623 1234 1853
f 1853 1234 1236
f 1478 1236 1234
f 1478 1480 1236
f 1710 1480 1478
f 1710 1712 1480
f 28 1712 1710
f 28 30 1712
f 272 30 28
f 272 274 30
f 272 1624 274
f 274 1624 1854
f 1855 785 1625
f 1625 785 783
f 785 1021 783
f 1023 1021 785
f 1023 1249 1021
f 1251 1249 1023
f 1251 1493 1249
f 1495 1493 1251
f 1495 1856 1493
f 1493 1856 1626
f 578 497 1627
f 1625 497 578
f 1857 1625 578
f 1855 1625 1857
f 1858 1768 1725
f 1626 1858 1725
f 1856 1858 1626
f 1768 1628 1725
f 578 1627 501
f 1627 1859 501
f 1627 1629 1859
f 1857 578 501
f 1727 1768 1858
f 1727 1860 1768
f 1860 1628 1768
f 1860 1630 1628
f 1861 1629 1631
f 1861 1859 1629
f 43 1630 1860
f 43 1860 45
f 45 1862 43
f 43 1862 1632
f 589 1863 498
f 1863 1631 498
f 1863 1861 1631
f 1633 589 498
f 287 1632 1862
f 287 1862 289
f 289 1864 287
f 287 1864 1634
f 593 1865 589
f 589 1865 1863
f 589 1633 1635
f 589 1635 593
f 547 1634 1864
f 547 1864 549
f 549 1866 547
f 547 1866 1636
f 1867 239 329
f 1865 593 239
f 593 329 239
f 593 597 329
f 593 1635 1637
f 593 1637 597
f 1636 1868 1638
f 1866 1868 1636
f 331 1869 329
f 329 1869 1867
f 597 499 1639
f 331 597 1639
f 329 597 331
f 597 1637 499
f 1638 1870 1640
f 1868 1870 1638
f 333 1871 331
f 331 1871 1869
f 331 1639 1641
f 331 1641 333
f 550 1872 1642
f 550 1642 548
f 548 1640 550
f 550 1640 1870
f 335 1873 333
f 333 1873 1871
f 333 1641 1643
f 333 1643 335
f 1642 1874 1644
f 1872 1874 1642
f 237 1645 335
f 1645 1873 335
f 1645 1875 1873
f 335 1643 237
f 1644 1876 1646
f 1874 1876 1644
f 339 1877 238
f 1877 1645 238
f 1877 1875 1645
f 1647 339 238
f 290 1878 1648
f 290 1648 288
f 288 1646 290
f 290 1646 1876
f 339 240 1877
f 1879 240 339
f 1647 1879 339
f 1649 1879 1647
f 44 115 1650
f 44 1648 115
f 1648 1880 115
f 1648 1878 1880
f 1649 500 1879
f 1879 500 502
f 784 502 500
f 784 786 502
f 1022 786 784
f 1022 1024 786
f 1250 1327 1881
f 1024 1250 1881
f 1022 1250 1024
f 1494 1563 1327
f 1494 1327 1250
f 1726 1793 1563
f 1726 1563 1494
f 115 46 1650
f 1650 46 1726
f 46 1882 1726
f 1882 1793 1726
f 115 1880 46
f 1327 1252 1881
f 1252 1327 1496
f 1496 1327 1563
f 1496 1563 1728
f 1728 1563 1793
f 1793 1882 1728
f 1084 1037 1651
f 1312 1265 1084
f 1084 1265 1037
f 1548 1509 1312
f 1312 1509 1265
f 1778 1741 1548
f 1548 1741 1509
f 1778 1652 1741
f 1653 1086 1651
f 1651 1086 1084
f 1314 1084 1086
f 1312 1084 1314
f 1314 1883 1511
f 1548 1314 1511
f 1312 1314 1548
f 1548 1511 1884
f 1780 1548 1884
f 1778 1548 1780
f 1652 1778 59
f 1778 104 59
f 1778 1780 104
f 104 1654 59
f 864 799 1655
f 1039 1086 1653
f 1039 1653 799
f 1885 1039 799
f 864 1885 799
f 1086 1039 1267
f 1086 1267 1314
f 1883 1314 1267
f 1743 1780 1884
f 1780 1743 61
f 1780 61 104
f 61 1886 104
f 1886 1654 104
f 1886 1656 1654
f 1657 866 1655
f 1655 866 864
f 1885 864 866
f 1885 866 1887
f 1888 362 303
f 1656 1888 303
f 1886 1888 1656
f 362 1658 303
f 866 1657 801
f 1657 1889 801
f 1657 1659 1889
f 1887 866 801
f 1890 364 362
f 1890 362 1888
f 1658 362 1660
f 1660 362 364
f 1891 1659 1661
f 1891 1889 1659
f 305 364 1890
f 305 1892 364
f 1892 1660 364
f 1892 1662 1660
f 1893 1661 1663
f 1893 1891 1661
f 1662 1894 1664
f 1892 1894 1662
f 1895 1663 1665
f 1895 1893 1663
f 1664 1896 1666
f 1894 1896 1664
f 877 1897 800
f 1897 1665 800
f 1897 1895 1665
f 1667 877 800
f 1666 1898 1668
f 1896 1898 1666
f 877 802 1897
f 1899 802 877
f 1667 1899 877
f 1669 1899 1667
f 306 1900 1670
f 306 1670 304
f 304 1668 306
f 306 1668 1898
f 1669 1038 1899
f 1899 1038 1040
f 1266 1040 1038
f 1266 1268 1040
f 1510 1268 1266
f 1510 1512 1268
f 1742 1512 1510
f 1742 1744 1512
f 60 1744 1742
f 60 62 1744
f 60 1670 62
f 62 1670 1900
f 122 75 1671
f 378 319 122
f 122 319 75
f 378 1672 319
f 1798 1757 1673
f 1757 1798 1671
f 1798 122 1671
f 1798 124 122
f 380 122 124
f 378 122 380
f 1672 378 571
f 378 650 571
f 378 380 650
f 650 1674 571
f 1570 1525 1675
f 1525 1570 1673
f 1570 1798 1673
f 1570 1800 1798
f 1800 1901 77
f 124 1800 77
f 1798 1800 124
f 124 77 1902
f 382 124 1902
f 380 124 382
f 652 380 382
f 650 380 652
f 1674 650 1676
f 1676 650 652
f 1336 1281 1677
f 1527 1570 1675
f 1527 1675 1281
f 1903 1527 1281
f 1336 1903 1281
f 1570 1527 1759
f 1570 1759 1800
f 1901 1800 1759
f 321 382 1902
f 382 321 1904
f 654 382 1904
f 652 382 654
f 1676 652 1678
f 1678 652 654
f 1106 1053 1679
f 1283 1336 1677
f 1283 1677 1053
f 1905 1283 1053
f 1106 1905 1053
f 1903 1336 1283
f 1906 656 654
f 1906 654 1904
f 1678 654 1680
f 1680 654 656
f 1106 1679 1055
f 1679 1907 1055
f 1679 1681 1907
f 1905 1106 1055
f 1908 658 656
f 1908 656 1906
f 1680 656 1682
f 1682 656 658
f 884 811 1683
f 1681 811 884
f 1909 1681 884
f 1907 1681 1909
f 573 658 1908
f 573 1910 658
f 1910 1682 658
f 1910 1684 1682
f 812 884 1683
f 1909 884 812
f 1685 1909 812
f 1911 1909 1685
f 574 1912 662
f 662 1686 574
f 1686 1910 574
f 1686 1684 1910
f 1056 1911 1114
f 1911 1687 1114
f 1911 1685 1687
f 1913 1056 1114
f 1688 572 662
f 1912 1688 662
f 1914 1688 1912
f 1686 662 572
f 1054 1114 1687
f 1114 1054 1913
f 1054 1284 1913
f 1054 1282 1284
f 1282 1689 1584
f 1528 1282 1584
f 1284 1282 1528
f 1528 1584 1814
f 1528 1814 1760
f 1760 1814 1690
f 76 1760 1690
f 78 1760 76
f 320 78 76
f 320 322 78
f 320 1688 322
f 322 1688 1914
f 1526 1584 1689
f 1758 1814 1526
f 1526 1814 1584
f 1690 1814 1758
f 141 257 1815
f 1815 257 255
f 257 521 255
f 523 521 257
f 523 819 521
f 821 819 523
f 821 1063 819
f 1065 1063 821
f 1065 142 1063
f 1063 142 1816
f 143 1697 1817
f 1817 1697 1695
f 1697 13 1695
f 15 13 1697
f 1815 13 15
f 1815 15 141
f 1293 1816 142
f 1293 142 1295
f 1295 144 1293
f 1293 144 1818
f 145 1465 1541
f 1819 1541 1465
f 143 1819 1465
f 1817 1819 143
f 1818 146 1820
f 144 146 1818
f 147 1221 1307
f 145 1541 1221
f 1221 1541 1307
f 1541 1463 1307
f 1463 1821 1307
f 1541 1819 1463
f 1820 148 1822
f 146 148 1820
f 149 993 1081
f 147 1307 993
f 1307 1081 993
f 1307 1309 1081
f 1307 1821 1823
f 1307 1823 1309
f 1296 150 1824
f 1296 1824 1294
f 1294 1822 1296
f 1296 1822 148
f 1083 151 1081
f 1081 151 149
f 1081 1311 1083
f 1081 1309 1311
f 1309 1823 1464
f 1547 1309 1464
f 1311 1309 1547
f 1825 1547 1464
f 822 152 900
f 822 900 1826
f 1064 822 1826
f 1066 822 1064
f 1064 1824 1066
f 1066 1824 150
f 1083 994 151
f 994 1083 1222
f 1222 1083 1311
f 1222 1311 153
f 1311 1549 153
f 1311 1547 1549
f 1547 1825 1696
f 1779 1547 1696
f 1549 1547 1779
f 16 154 1779
f 1696 16 1779
f 14 16 1696
f 256 16 14
f 256 258 16
f 522 258 256
f 522 524 258
f 152 524 900
f 524 820 900
f 524 522 820
f 1826 900 820
f 1549 1466 153
f 1466 1549 1698
f 1698 1549 1779
f 1779 154 1698
f 155 765 1827
f 1827 765 763
f 765 1007 763
f 1009 1007 765
f 1009 1235 1007
f 1237 1235 1009
f 1237 1479 1235
f 1481 1479 1237
f 1481 156 1479
f 1479 156 1828
f 576 489 1829
f 1827 489 576
f 157 1827 576
f 155 1827 157
f 158 1766 1711
f 1828 158 1711
f 156 158 1828
f 1766 1830 1711
f 576 1829 491
f 1829 159 491
f 1829 1831 159
f 157 576 491
f 1713 1766 158
f 1713 160 1766
f 160 1830 1766
f 160 1832 1830
f 161 1831 1833
f 161 159 1831
f 29 1832 160
f 29 160 31
f 31 162 29
f 29 162 1834
f 492 161 588
f 161 1835 588
f 161 1833 1835
f 163 492 588
f 1834 164 1836
f 162 164 1834
f 1837 592 1835
f 1835 592 588
f 163 588 592
f 163 592 165
f 1836 166 1838
f 164 166 1836
f 490 592 1837
f 165 592 490
f 1839 165 490
f 167 165 1839
f 273 1838 166
f 273 166 275
f 275 168 273
f 273 168 1840
f 169 1839 1841
f 169 167 1839
f 1840 170 1842
f 168 170 1840
f 1841 764 169
f 169 764 766
f 171 766 764
f 171 764 1843
f 170 535 629
f 1844 170 629
f 1842 170 1844
f 535 172 629
f 173 1843 1845
f 173 171 1843
f 629 533 1844
f 629 172 533
f 172 1846 533
f 172 174 1846
f 175 1845 1847
f 175 173 1845
f 1846 176 1848
f 174 176 1846
f 177 1847 1849
f 177 175 1847
f 1848 178 1850
f 176 178 1848
f 179 1849 1851
f 179 177 1849
f 1850 180 1852
f 178 180 1850
f 1851 1008 179
f 179 1008 1010
f 181 1010 1008
f 181 1008 1853
f 536 182 1854
f 536 1854 534
f 534 1852 536
f 536 1852 180
f 1853 1236 181
f 181 1236 1238
f 1480 1238 1236
f 1480 1482 1238
f 1712 1482 1480
f 1712 1714 1482
f 30 1714 1712
f 30 32 1714
f 274 32 30
f 274 276 32
f 274 1854 276
f 276 1854 182
f 836 785 1855
f 1072 1023 836
f 836 1023 785
f 1300 1251 1072
f 1072 1251 1023
f 1536 1495 1300
f 1300 1495 1251
f 1536 1856 1495
f 836 1855 787
f 1855 183 787
f 1855 1857 183
f 836 787 1025
f 836 1025 1072
f 1072 1025 1253
f 1072 1253 1300
f 1300 1253 1497
f 1300 1497 1536
f 1497 184 1536
f 184 1856 1536
f 184 1858 1856
f 582 501 1859
f 1857 501 582
f 185 1857 582
f 183 1857 185
f 186 1770 1727
f 1858 186 1727
f 184 186 1858
f 1770 1860 1727
f 582 1859 503
f 1859 187 503
f 1859 1861 187
f 185 582 503
f 1729 1770 186
f 188 96 45
f 188 45 1860
f 1729 188 1860
f 1770 1729 1860
f 96 1862 45
f 189 1861 1863
f 189 187 1861
f 47 96 188
f 289 1862 96
f 47 289 96
f 291 289 47
f 291 190 289
f 289 190 1864
f 191 241 327
f 1865 327 241
f 189 1865 241
f 1863 1865 189
f 192 622 549
f 1864 192 549
f 190 192 1864
f 622 1866 549
f 239 1867 327
f 1867 191 327
f 1867 193 191
f 327 1865 239
f 551 622 192
f 551 194 622
f 194 1866 622
f 194 1868 1866
f 195 1 85
f 1869 85 1
f 193 1869 1
f 1867 1869 193
f 552 196 628
f 628 1870 552
f 1870 194 552
f 1870 1868 194
f 87 197 85
f 85 197 195
f 85 1869 1871
f 85 1871 87
f 1872 550 628
f 196 1872 628
f 198 1872 196
f 1870 628 550
f 87 2 197
f 199 2 87
f 1871 199 87
f 1873 199 1871
f 1872 200 1874
f 198 200 1872
f 201 1873 1875
f 201 199 1873
f 1874 202 1876
f 200 202 1874
f 203 1875 1877
f 203 201 1875
f 290 367 1878
f 290 1876 367
f 1876 204 367
f 1876 202 204
f 1877 240 203
f 203 240 242
f 205 242 240
f 205 240 1879
f 371 1880 1878
f 371 1878 367
f 367 204 371
f 371 204 206
f 1879 502 205
f 205 502 504
f 786 504 502
f 786 788 504
f 1024 1097 207
f 788 1024 207
f 786 1024 788
f 1881 1097 1024
f 46 119 1882
f 371 292 1880
f 1880 292 46
f 292 208 46
f 208 119 46
f 371 206 292
f 1097 1026 207
f 1881 1252 1097
f 1252 1026 1097
f 1252 1254 1026
f 1496 1565 209
f 1254 1496 209
f 1252 1496 1254
f 1728 1795 1565
f 1728 1565 1496
f 119 48 1882
f 1882 48 1728
f 48 210 1728
f 210 1795 1728
f 119 208 48
f 1565 1498 209
f 1498 1565 1730
f 1730 1565 1795
f 1795 210 1730
f 1550 1511 1883
f 1550 1884 1511
f 1088 1039 1885
f 1316 1267 1088
f 1088 1267 1039
f 1267 1316 1883
f 1316 1550 1883
f 1316 1552 1550
f 1884 1550 1743
f 1550 1782 1743
f 1550 1552 1782
f 106 61 1782
f 1782 61 1743
f 106 1886 61
f 1088 1885 1041
f 1885 211 1041
f 1885 1887 211
f 1088 1041 1269
f 1088 1269 1316
f 1316 1269 1513
f 1316 1513 1552
f 1552 1513 1745
f 1552 1745 1782
f 1782 1745 212
f 108 1782 212
f 106 1782 108
f 1886 106 1888
f 1888 106 108
f 868 801 1889
f 1887 801 868
f 213 1887 868
f 211 1887 213
f 63 108 212
f 63 214 108
f 214 1888 108
f 214 1890 1888
f 868 1889 803
f 1889 215 803
f 1889 1891 215
f 213 868 803
f 305 1890 214
f 305 214 307
f 307 216 305
f 305 216 1892
f 217 1891 1893
f 217 215 1891
f 1892 218 1894
f 216 218 1892
f 219 1893 1895
f 219 217 1893
f 1894 220 1896
f 218 220 1894
f 804 219 878
f 219 1897 878
f 219 1895 1897
f 221 804 878
f 1896 222 1898
f 220 222 1896
f 802 878 1897
f 221 878 802
f 1899 221 802
f 223 221 1899
f 308 224 1900
f 308 1900 306
f 306 1898 308
f 308 1898 222
f 1899 1040 223
f 223 1040 1042
f 1268 1333 225
f 1042 1268 225
f 1040 1268 1042
f 1512 1569 1333
f 1512 1333 1268
f 1744 1799 1569
f 1744 1569 1512
f 64 226 1799
f 1744 64 1799
f 62 64 1744
f 62 1900 64
f 64 1900 224
f 1333 1270 225
f 1270 1333 1514
f 1514 1333 1569
f 1514 1569 1746
f 1746 1569 1799
f 1799 226 1746
f 126 77 1901
f 126 1902 77
f 1572 1527 1903
f 1802 1759 1572
f 1572 1759 1527
f 1759 1802 1901
f 1802 126 1901
f 1802 128 126
f 1902 126 321
f 126 384 321
f 126 128 384
f 384 1904 321
f 227 1285 1905
f 1905 1285 1283
f 1529 1572 1903
f 1283 1529 1903
f 1285 1529 1283
f 1572 1529 1761
f 1572 1761 1802
f 1802 1761 79
f 1802 79 128
f 128 79 228
f 386 128 228
f 384 128 386
f 1904 384 1906
f 1906 384 386
f 1108 1055 1907
f 1905 1055 1108
f 229 1905 1108
f 227 1905 229
f 323 386 228
f 323 230 386
f 230 1906 386
f 230 1908 1906
f 1909 1110 1907
f 1907 1110 1108
f 229 1108 1110
f 229 1110 231
f 232 660 573
f 1908 232 573
f 230 232 1908
f 660 1910 573
f 1911 1112 1909
f 1909 1112 1110
f 231 1110 1112
f 231 1112 233
f 1912 574 660
f 232 1912 660
f 234 1912 232
f 1910 660 574
f 1056 1112 1911
f 233 1112 1056
f 1913 233 1056
f 235 233 1913
f 324 236 394
f 394 1914 324
f 1914 234 324
f 1914 1912 234
f 1913 1284 235
f 235 1284 1286
f 1528 1286 1284
f 1528 1530 1286
f 1760 1530 1528
f 1760 1762 1530
f 78 1762 1760
f 78 80 1762
f 236 80 394
f 80 322 394
f 80 78 322
f 1914 394 322
