# Converted from NanoShaper .vert/.face
v -12.762000 0.165000 -10.935000
v -11.772000 0.165000 -10.935000
v -13.287000 0.165000 -10.435000
v -11.240000 0.165000 -10.435000
v -13.528000 0.165000 -9.935000
v -10.943000 0.165000 -9.935000
v -13.625000 0.165000 -9.435000
v -10.609000 0.165000 -9.435000
v -13.538000 0.165000 -8.935000
v -10.494000 0.165000 -8.935000
v -13.458000 0.165000 -8.435000
v -10.540000 0.165000 -8.435000
v -13.535000 0.165000 -7.935000
v -10.487000 0.165000 -7.935000
v -13.740000 0.165000 -7.435000
v -10.498000 0.165000 -7.435000
v -14.020000 0.165000 -6.935000
v -10.388000 0.165000 -6.935000
v -14.125000 0.165000 -6.435000
v -10.104000 0.165000 -6.435000
v -14.135000 0.165000 -5.935000
v -9.712000 0.165000 -5.935000
v -14.078000 0.165000 -5.435000
v -9.405000 0.165000 -5.435000
v -14.095000 0.165000 -4.935000
v -9.306000 0.165000 -4.935000
v -14.103000 0.165000 -4.435000
v -9.317000 0.165000 -4.435000
v -14.121000 0.165000 -3.935000
v -9.401000 0.165000 -3.935000
v -14.108000 0.165000 -3.435000
v -9.642000 0.165000 -3.435000
v -14.177000 0.165000 -2.935000
v -9.966000 0.165000 -2.935000
v -14.362000 0.165000 -2.435000
v -10.146000 0.165000 -2.435000
v -14.537000 0.165000 -1.935000
v -10.407000 0.165000 -1.935000
v -14.600000 0.165000 -1.435000
v -10.662000 0.165000 -1.435000
v -14.495000 0.165000 -0.935000
v -11.082000 0.165000 -0.935000
v -14.160000 0.165000 -0.435000
v -11.524000 0.165000 -0.435000
v -12.948000 4.165000 -17.435000
v -11.642000 4.165000 -17.435000
v -14.720000 4.165000 -16.935000
v -10.809000 4.165000 -16.935000
v -15.054000 4.165000 -16.435000
v -10.477000 4.165000 -16.435000
v -15.147000 4.165000 -15.935000
v -10.364000 4.165000 -15.935000
v -15.054000 4.165000 -15.435000
v -10.290000 4.165000 -15.435000
v -14.785000 4.165000 -14.935000
v -10.316000 4.165000 -14.935000
v -14.633000 4.165000 -14.435000
v -10.212000 4.165000 -14.435000
v -14.618000 4.165000 -13.935000
v -9.974000 4.165000 -13.935000
v -14.525000 4.165000 -13.435000
v -9.842000 4.165000 -13.435000
v -14.260000 4.165000 -12.935000
v -9.622000 4.165000 -12.935000
v -14.115000 4.165000 -12.435000
v -9.518000 4.165000 -12.435000
v -14.115000 4.165000 -11.935000
v -9.638000 4.165000 -11.935000
v -14.108000 4.165000 -11.435000
v -9.933000 4.165000 -11.435000
v -14.095000 4.165000 -10.935000
v -10.298000 4.165000 -10.935000
v -14.121000 4.165000 -10.435000
v -11.069000 4.165000 -10.435000
v -14.060000 4.165000 -9.935000
v -11.436000 4.165000 -9.935000
v -13.984000 4.165000 -9.435000
v -11.663000 4.165000 -9.435000
v -13.921000 4.165000 -8.935000
v -11.748000 4.165000 -8.935000
v -14.019000 4.165000 -8.435000
v -11.629000 4.165000 -8.435000
v -14.106000 4.165000 -7.935000
v -11.383000 4.165000 -7.935000
v -14.140000 4.165000 -7.435000
v -11.173000 4.165000 -7.435000
v -14.284000 4.165000 -6.935000
v -10.818000 4.165000 -6.935000
v -14.387000 4.165000 -6.435000
v -10.320000 4.165000 -6.435000
v -14.463000 4.165000 -5.935000
v -10.062000 4.165000 -5.935000
v -14.394000 4.165000 -5.435000
v -10.054000 4.165000 -5.435000
v -14.343000 4.165000 -4.935000
v -10.083000 4.165000 -4.935000
v -14.246000 4.165000 -4.435000
v -10.050000 4.165000 -4.435000
v -14.069000 4.165000 -3.935000
v -10.173000 4.165000 -3.935000
v -13.757000 4.165000 -3.435000
v -10.581000 4.165000 -3.435000
v -12.522000 4.165000 -2.935000
v -11.031000 4.165000 -2.935000
v -14.217000 0.165000 -2.783000
v -14.217000 0.165000 -0.499000
v -13.717000 0.165000 -7.479000
v -13.717000 0.165000 -0.120000
v -13.217000 0.165000 -10.546000
v -13.217000 0.165000 -0.001000
v -12.717000 0.165000 -10.956000
v -12.717000 0.165000 0.019000
v -12.217000 0.165000 -11.046000
v -12.217000 0.165000 -0.100000
v -11.717000 0.165000 -10.908000
v -11.717000 0.165000 -0.311000
v -11.217000 0.165000 -10.401000
v -11.217000 0.165000 -0.757000
v -10.717000 0.165000 -9.617000
v -10.717000 0.165000 -1.342000
v -10.217000 0.165000 -6.631000
v -10.217000 0.165000 -2.299000
v -9.717000 0.165000 -5.943000
v -9.717000 0.165000 -3.309000
v -14.717000 4.165000 -16.937000
v -14.717000 4.165000 -14.774000
v -14.217000 4.165000 -17.242000
v -14.217000 4.165000 -12.836000
v -14.217000 4.165000 -7.126000
v -14.217000 4.165000 -4.359000
v -13.717000 4.165000 -17.317000
v -13.717000 4.165000 -3.398000
v -13.217000 4.165000 -17.364000
v -13.217000 4.165000 -3.050000
v -12.717000 4.165000 -17.519000
v -12.717000 4.165000 -2.948000
v -12.217000 4.165000 -17.607000
v -12.217000 4.165000 -2.852000
v -11.717000 4.165000 -17.477000
v -11.717000 4.165000 -9.247000
v -11.717000 4.165000 -8.707000
v -11.717000 4.165000 -2.738000
v -11.217000 4.165000 -17.208000
v -11.217000 4.165000 -10.281000
v -11.217000 4.165000 -7.519000
v -11.217000 4.165000 -2.835000
v -10.717000 4.165000 -16.839000
v -10.717000 4.165000 -10.674000
v -10.717000 4.165000 -6.836000
v -10.717000 4.165000 -3.240000
v -10.217000 4.165000 -14.450000
v -10.217000 4.165000 -11.013000
v -10.217000 4.165000 -6.319000
v -10.217000 4.165000 -3.854000
v -9.717000 4.165000 -13.121000
v -9.717000 4.165000 -11.797000
v -14.717000 3.814000 -14.935000
v -14.717000 5.010000 -14.935000
v -14.217000 2.110000 -14.935000
v -14.217000 6.424000 -14.935000
v -13.717000 1.706000 -14.935000
v -13.717000 6.740000 -14.935000
v -13.217000 1.587000 -14.935000
v -13.217000 6.920000 -14.935000
v -12.717000 1.571000 -14.935000
v -12.717000 7.199000 -14.935000
v -12.217000 1.595000 -14.935000
v -12.217000 7.291000 -14.935000
v -11.717000 1.621000 -14.935000
v -11.717000 7.236000 -14.935000
v -11.217000 1.722000 -14.935000
v -11.217000 7.120000 -14.935000
v -10.717000 2.097000 -14.935000
v -10.717000 6.826000 -14.935000
v -10.217000 5.504000 -14.935000
v -10.217000 6.121000 -14.935000
v -13.717000 1.451000 -10.935000
v -13.717000 5.396000 -10.935000
v -13.217000 0.651000 -10.935000
v -13.217000 5.728000 -10.935000
v -12.717000 0.139000 -10.935000
v -12.717000 5.823000 -10.935000
v -12.217000 0.025000 -10.935000
v -12.217000 5.733000 -10.935000
v -11.717000 0.202000 -10.935000
v -11.717000 5.529000 -10.935000
v -11.217000 0.990000 -10.935000
v -11.217000 5.255000 -10.935000
v -10.717000 2.105000 -10.935000
v -10.717000 4.718000 -10.935000
v -10.217000 3.061000 -10.935000
v -10.217000 3.717000 -10.935000
v -14.717000 5.148000 -6.935000
v -14.717000 5.893000 -6.935000
v -14.217000 3.989000 -6.935000
v -14.217000 6.962000 -6.935000
v -13.717000 -0.912000 -6.935000
v -13.717000 7.269000 -6.935000
v -13.217000 -1.286000 -6.935000
v -13.217000 7.348000 -6.935000
v -12.717000 -1.392000 -6.935000
v -12.717000 7.239000 -6.935000
v -12.217000 -1.301000 -6.935000
v -12.217000 6.884000 -6.935000
v -11.717000 -0.958000 -6.935000
v -11.717000 6.267000 -6.935000
v -11.217000 -0.569000 -6.935000
v -11.217000 4.869000 -6.935000
v -10.717000 -0.129000 -6.935000
v -10.717000 4.068000 -6.935000
v -10.217000 0.320000 -6.935000
v -10.217000 3.754000 -6.935000
v -9.717000 1.026000 -6.935000
v -9.717000 3.009000 -6.935000
v -14.217000 -0.960000 -2.935000
v -14.217000 -0.034000 -2.935000
v -13.717000 -1.746000 -2.935000
v -13.717000 3.541000 -2.935000
v -13.217000 -2.031000 -2.935000
v -13.217000 4.019000 -2.935000
v -12.717000 -2.217000 -2.935000
v -12.717000 4.150000 -2.935000
v -12.217000 -2.392000 -2.935000
v -12.217000 4.270000 -2.935000
v -11.717000 -2.605000 -2.935000
v -11.717000 4.413000 -2.935000
v -11.217000 -2.654000 -2.935000
v -11.217000 4.295000 -2.935000
v -10.717000 -2.510000 -2.935000
v -10.717000 3.623000 -2.935000
v -10.217000 -1.986000 -2.935000
v -10.217000 0.505000 -2.935000
v -9.717000 -0.890000 -2.935000
v -9.717000 -0.339000 -2.935000
v -13.228000 0.665000 -10.935000
v -11.364000 0.665000 -10.935000
v -13.524000 0.665000 -10.435000
v -11.010000 0.665000 -10.435000
v -13.635000 0.665000 -9.935000
v -10.725000 0.665000 -9.935000
v -13.637000 0.665000 -9.435000
v -10.392000 0.665000 -9.435000
v -13.604000 0.665000 -8.935000
v -10.294000 0.665000 -8.935000
v -13.620000 0.665000 -8.435000
v -10.337000 0.665000 -8.435000
v -13.642000 0.665000 -7.935000
v -10.267000 0.665000 -7.935000
v -13.764000 0.665000 -7.435000
v -10.063000 0.665000 -7.435000
v -14.017000 0.665000 -6.935000
v -9.930000 0.665000 -6.935000
v -14.129000 0.665000 -6.435000
v -9.674000 0.665000 -6.435000
v -14.104000 0.665000 -5.935000
v -9.499000 0.665000 -5.935000
v -14.007000 0.665000 -5.435000
v -9.288000 0.665000 -5.435000
v -13.906000 0.665000 -4.935000
v -9.266000 0.665000 -4.935000
v -13.938000 0.665000 -4.435000
v -9.387000 0.665000 -4.435000
v -14.032000 0.665000 -3.935000
v -9.587000 0.665000 -3.935000
v -14.102000 0.665000 -3.435000
v -9.990000 0.665000 -3.435000
v -14.127000 0.665000 -2.935000
v -10.296000 0.665000 -2.935000
v -14.286000 0.665000 -2.435000
v -10.450000 0.665000 -2.435000
v -14.551000 0.665000 -1.935000
v -10.640000 0.665000 -1.935000
v -14.637000 0.665000 -1.435000
v -11.005000 0.665000 -1.435000
v -14.535000 0.665000 -0.935000
v -11.365000 0.665000 -0.935000
v -14.288000 0.665000 -0.435000
v -11.741000 0.665000 -0.435000
v -13.816000 0.665000 0.065000
v -12.470000 0.665000 0.065000
v -13.299000 4.665000 -17.435000
v -11.337000 4.665000 -17.435000
v -14.705000 4.665000 -16.935000
v -10.761000 4.665000 -16.935000
v -15.043000 4.665000 -16.435000
v -10.402000 4.665000 -16.435000
v -15.138000 4.665000 -15.935000
v -10.290000 4.665000 -15.935000
v -15.043000 4.665000 -15.435000
v -10.280000 4.665000 -15.435000
v -14.788000 4.665000 -14.935000
v -10.333000 4.665000 -14.935000
v -14.649000 4.665000 -14.435000
v -10.287000 4.665000 -14.435000
v -14.621000 4.665000 -13.935000
v -10.178000 4.665000 -13.935000
v -14.526000 4.665000 -13.435000
v -10.097000 4.665000 -13.435000
v -14.249000 4.665000 -12.935000
v -10.025000 4.665000 -12.935000
v -14.094000 4.665000 -12.435000
v -10.041000 4.665000 -12.435000
v -14.084000 4.665000 -11.935000
v -10.051000 4.665000 -11.935000
v -14.078000 4.665000 -11.435000
v -10.178000 4.665000 -11.435000
v -14.090000 4.665000 -10.935000
v -10.663000 4.665000 -10.935000
v -14.018000 4.665000 -10.435000
v -11.343000 4.665000 -10.435000
v -14.021000 4.665000 -9.935000
v -11.628000 4.665000 -9.935000
v -14.140000 4.665000 -9.435000
v -11.808000 4.665000 -9.435000
v -14.311000 4.665000 -8.935000
v -11.838000 4.665000 -8.935000
v -14.424000 4.665000 -8.435000
v -11.694000 4.665000 -8.435000
v -14.354000 4.665000 -7.935000
v -11.440000 4.665000 -7.935000
v -14.378000 4.665000 -7.435000
v -11.296000 4.665000 -7.435000
v -14.502000 4.665000 -6.935000
v -11.136000 4.665000 -6.935000
v -14.793000 4.665000 -6.435000
v -11.018000 4.665000 -6.435000
v -14.912000 4.665000 -5.935000
v -10.837000 4.665000 -5.935000
v -14.811000 4.665000 -5.435000
v -10.667000 4.665000 -5.435000
v -14.606000 4.665000 -4.935000
v -10.644000 4.665000 -4.935000
v -14.535000 4.665000 -4.435000
v -10.576000 4.665000 -4.435000
v -14.351000 4.665000 -3.935000
v -10.697000 4.665000 -3.935000
v -13.854000 4.665000 -3.435000
v -11.113000 4.665000 -3.435000
v -14.217000 0.665000 -2.588000
v -14.217000 0.665000 -0.325000
v -13.717000 0.665000 -7.569000
v -13.717000 0.665000 0.120000
v -13.217000 0.665000 -10.948000
v -13.217000 0.665000 0.248000
v -12.717000 0.665000 -11.343000
v -12.717000 0.665000 0.168000
v -12.217000 0.665000 -11.376000
v -12.217000 0.665000 -0.080000
v -11.717000 0.665000 -11.208000
v -11.717000 0.665000 -0.457000
v -11.217000 0.665000 -10.775000
v -11.217000 0.665000 -1.163000
v -10.717000 0.665000 -9.926000
v -10.717000 0.665000 -1.784000
v -10.217000 0.665000 -7.787000
v -10.217000 0.665000 -3.108000
v -9.717000 0.665000 -6.521000
v -9.717000 0.665000 -3.728000
v -14.717000 4.665000 -16.924000
v -14.717000 4.665000 -14.743000
v -14.717000 4.665000 -6.569000
v -14.717000 4.665000 -5.251000
v -14.217000 4.665000 -17.231000
v -14.217000 4.665000 -12.869000
v -14.217000 4.665000 -9.189000
v -14.217000 4.665000 -3.739000
v -13.717000 4.665000 -17.323000
v -13.717000 4.665000 -3.364000
v -13.217000 4.665000 -17.469000
v -13.217000 4.665000 -3.238000
v -12.717000 4.665000 -17.716000
v -12.717000 4.665000 -3.218000
v -12.217000 4.665000 -17.791000
v -12.217000 4.665000 -3.184000
v -11.717000 4.665000 -17.680000
v -11.717000 4.665000 -9.716000
v -11.717000 4.665000 -8.489000
v -11.717000 4.665000 -3.193000
v -11.217000 4.665000 -17.320000
v -11.217000 4.665000 -10.571000
v -11.217000 4.665000 -7.195000
v -11.217000 4.665000 -3.367000
v -10.717000 4.665000 -16.887000
v -10.717000 4.665000 -10.902000
v -10.717000 4.665000 -5.644000
v -10.717000 4.665000 -3.894000
v -10.217000 4.665000 -14.115000
v -10.217000 4.665000 -11.364000
v -14.217000 1.963000 -14.435000
v -14.217000 6.399000 -14.435000
v -13.717000 1.605000 -14.435000
v -13.717000 6.725000 -14.435000
v -13.217000 1.494000 -14.435000
v -13.217000 6.879000 -14.435000
v -12.717000 1.482000 -14.435000
v -12.717000 7.112000 -14.435000
v -12.217000 1.491000 -14.435000
v -12.217000 7.208000 -14.435000
v -11.717000 1.509000 -14.435000
v -11.717000 7.107000 -14.435000
v -11.217000 1.602000 -14.435000
v -11.217000 6.789000 -14.435000
v -10.717000 1.901000 -14.435000
v -10.717000 6.002000 -14.435000
v -10.217000 2.717000 -14.435000
v -10.217000 4.200000 -14.435000
v -13.717000 1.764000 -10.435000
v -13.717000 5.409000 -10.435000
v -13.217000 0.068000 -10.435000
v -13.217000 5.753000 -10.435000
v -12.717000 -0.423000 -10.435000
v -12.717000 5.808000 -10.435000
v -12.217000 -0.542000 -10.435000
v -12.217000 5.659000 -10.435000
v -11.717000 -0.383000 -10.435000
v -11.717000 5.270000 -10.435000
v -11.217000 0.200000 -10.435000
v -11.217000 4.459000 -10.435000
v -14.717000 4.565000 -6.435000
v -14.717000 6.264000 -6.435000
v -14.217000 3.848000 -6.435000
v -14.217000 7.012000 -6.435000
v -13.717000 -1.030000 -6.435000
v -13.717000 7.369000 -6.435000
v -13.217000 -1.375000 -6.435000
v -13.217000 7.460000 -6.435000
v -12.717000 -1.478000 -6.435000
v -12.717000 7.338000 -6.435000
v -12.217000 -1.410000 -6.435000
v -12.217000 6.915000 -6.435000
v -11.717000 -1.134000 -6.435000
v -11.717000 5.909000 -6.435000
v -11.217000 -0.810000 -6.435000
v -11.217000 4.935000 -6.435000
v -10.717000 -0.467000 -6.435000
v -10.717000 4.377000 -6.435000
v -10.217000 0.026000 -6.435000
v -10.217000 4.123000 -6.435000
v -9.717000 0.604000 -6.435000
v -9.717000 3.775000 -6.435000
v -9.217000 1.565000 -6.435000
v -9.217000 2.290000 -6.435000
v -14.217000 -1.419000 -2.435000
v -14.217000 1.881000 -2.435000
v -13.717000 -1.790000 -2.435000
v -13.717000 3.280000 -2.435000
v -13.217000 -1.949000 -2.435000
v -13.217000 3.656000 -2.435000
v -12.717000 -2.124000 -2.435000
v -12.717000 3.748000 -2.435000
v -12.217000 -2.417000 -2.435000
v -12.217000 3.736000 -2.435000
v -11.717000 -2.526000 -2.435000
v -11.717000 3.713000 -2.435000
v -11.217000 -2.469000 -2.435000
v -11.217000 3.353000 -2.435000
v -10.717000 -2.200000 -2.435000
v -10.717000 1.366000 -2.435000
v -10.217000 -1.486000 -2.435000
v -10.217000 0.259000 -2.435000
v -11.609000 -2.835000 -4.435000
v -10.767000 -2.835000 -4.435000
v -11.862000 -2.835000 -3.935000
v -10.515000 -2.835000 -3.935000
v -11.667000 -2.835000 -3.435000
v -10.710000 -2.835000 -3.435000
v -12.946000 1.165000 -12.435000
v -12.494000 1.165000 -12.435000
v -13.300000 1.165000 -11.935000
v -11.812000 1.165000 -11.935000
v -13.445000 1.165000 -11.435000
v -11.428000 1.165000 -11.435000
v -13.555000 1.165000 -10.935000
v -11.139000 1.165000 -10.935000
v -13.617000 1.165000 -10.435000
v -10.954000 1.165000 -10.435000
v -13.654000 1.165000 -9.935000
v -10.691000 1.165000 -9.935000
v -13.645000 1.165000 -9.435000
v -10.389000 1.165000 -9.435000
v -13.616000 1.165000 -8.935000
v -10.291000 1.165000 -8.935000
v -13.605000 1.165000 -8.435000
v -10.281000 1.165000 -8.435000
v -13.635000 1.165000 -7.935000
v -10.130000 1.165000 -7.935000
v -13.679000 1.165000 -7.435000
v -9.866000 1.165000 -7.435000
v -13.833000 1.165000 -6.935000
v -9.616000 1.165000 -6.935000
v -13.957000 1.165000 -6.435000
v -9.423000 1.165000 -6.435000
v -13.924000 1.165000 -5.935000
v -9.117000 1.165000 -5.935000
v -13.859000 1.165000 -5.435000
v -9.023000 1.165000 -5.435000
v -13.757000 1.165000 -4.935000
v -9.129000 1.165000 -4.935000
v -13.835000 1.165000 -4.435000
v -9.392000 1.165000 -4.435000
v -14.030000 1.165000 -3.935000
v -9.730000 1.165000 -3.935000
v -14.129000 1.165000 -3.435000
v -10.198000 1.165000 -3.435000
v -14.141000 1.165000 -2.935000
v -10.481000 1.165000 -2.935000
v -14.292000 1.165000 -2.435000
v -10.654000 1.165000 -2.435000
v -14.556000 1.165000 -1.935000
v -10.859000 1.165000 -1.935000
v -14.643000 1.165000 -1.435000
v -11.195000 1.165000 -1.435000
v -14.576000 1.165000 -0.935000
v -11.451000 1.165000 -0.935000
v -14.463000 1.165000 -0.435000
v -11.786000 1.165000 -0.435000
v -14.125000 1.165000 0.065000
v -12.234000 1.165000 0.065000
v -13.258000 5.165000 -17.435000
v -11.099000 5.165000 -17.435000
v -14.363000 5.165000 -16.935000
v -10.587000 5.165000 -16.935000
v -14.817000 5.165000 -16.435000
v -10.165000 5.165000 -16.435000
v -14.930000 5.165000 -15.935000
v -10.038000 5.165000 -15.935000
v -14.833000 5.165000 -15.435000
v -10.121000 5.165000 -15.435000
v -14.686000 5.165000 -14.935000
v -10.264000 5.165000 -14.935000
v -14.631000 5.165000 -14.435000
v -10.403000 5.165000 -14.435000
v -14.603000 5.165000 -13.935000
v -10.525000 5.165000 -13.935000
v -14.503000 5.165000 -13.435000
v -10.543000 5.165000 -13.435000
v -14.186000 5.165000 -12.935000
v -10.482000 5.165000 -12.935000
v -13.935000 5.165000 -12.435000
v -10.540000 5.165000 -12.435000
v -13.868000 5.165000 -11.935000
v -10.502000 5.165000 -11.935000
v -13.873000 5.165000 -11.435000
v -10.626000 5.165000 -11.435000
v -13.898000 5.165000 -10.935000
v -11.091000 5.165000 -10.935000
v -13.877000 5.165000 -10.435000
v -11.632000 5.165000 -10.435000
v -13.972000 5.165000 -9.935000
v -11.879000 5.165000 -9.935000
v -14.222000 5.165000 -9.435000
v -11.971000 5.165000 -9.435000
v -14.525000 5.165000 -8.935000
v -11.919000 5.165000 -8.935000
v -14.623000 5.165000 -8.435000
v -11.712000 5.165000 -8.435000
v -14.561000 5.165000 -7.935000
v -11.420000 5.165000 -7.935000
v -14.579000 5.165000 -7.435000
v -11.297000 5.165000 -7.435000
v -14.721000 5.165000 -6.935000
v -11.300000 5.165000 -6.935000
v -14.999000 5.165000 -6.435000
v -11.352000 5.165000 -6.435000
v -15.100000 5.165000 -5.935000
v -11.403000 5.165000 -5.935000
v -15.022000 5.165000 -5.435000
v -11.304000 5.165000 -5.435000
v -14.949000 5.165000 -4.935000
v -11.192000 5.165000 -4.935000
v -14.941000 5.165000 -4.435000
v -11.142000 5.165000 -4.435000
v -14.818000 5.165000 -3.935000
v -11.313000 5.165000 -3.935000
v -14.357000 5.165000 -3.435000
v -12.088000 5.165000 -3.435000
v -11.717000 -2.835000 -4.327000
v -11.717000 -2.835000 -3.493000
v -11.217000 -2.835000 -4.583000
v -11.217000 -2.835000 -3.237000
v -10.717000 -2.835000 -4.391000
v -10.717000 -2.835000 -3.428000
v -14.217000 1.165000 -2.618000
v -14.217000 1.165000 -0.031000
v -13.717000 1.165000 -7.302000
v -13.717000 1.165000 0.330000
v -13.217000 1.165000 -12.197000
v -13.217000 1.165000 0.439000
v -12.717000 1.165000 -12.482000
v -12.717000 1.165000 0.360000
v -12.217000 1.165000 -12.207000
v -12.217000 1.165000 0.049000
v -11.717000 1.165000 -11.842000
v -11.717000 1.165000 -0.507000
v -11.217000 1.165000 -11.088000
v -11.217000 1.165000 -1.402000
v -10.717000 1.165000 -9.976000
v -10.717000 1.165000 -2.277000
v -10.217000 1.165000 -8.155000
v -10.217000 1.165000 -3.409000
v -9.717000 1.165000 -7.134000
v -9.717000 1.165000 -3.950000
v -9.217000 1.165000 -6.122000
v -9.217000 1.165000 -4.736000
v -14.717000 5.165000 -16.606000
v -14.717000 5.165000 -15.045000
v -14.717000 5.165000 -6.943000
v -14.717000 5.165000 -3.768000
v -14.217000 5.165000 -17.009000
v -14.217000 5.165000 -12.981000
v -14.217000 5.165000 -9.442000
v -14.217000 5.165000 -3.360000
v -13.717000 5.165000 -17.205000
v -13.717000 5.165000 -3.219000
v -13.217000 5.165000 -17.459000
v -13.217000 5.165000 -3.258000
v -12.717000 5.165000 -17.750000
v -12.717000 5.165000 -3.314000
v -12.217000 5.165000 -17.845000
v -12.217000 5.165000 -3.397000
v -11.717000 5.165000 -17.753000
v -11.717000 5.165000 -10.289000
v -11.717000 5.165000 -8.444000
v -11.717000 5.165000 -3.581000
v -11.217000 5.165000 -17.509000
v -11.217000 5.165000 -10.860000
v -11.217000 5.165000 -5.042000
v -11.217000 5.165000 -4.113000
v -10.717000 5.165000 -17.085000
v -10.717000 5.165000 -11.280000
v -10.217000 5.165000 -16.529000
v -10.217000 5.165000 -15.102000
v -14.217000 1.969000 -13.935000
v -14.217000 6.282000 -13.935000
v -13.717000 1.611000 -13.935000
v -13.717000 6.640000 -13.935000
v -13.217000 1.502000 -13.935000
v -13.217000 6.739000 -13.935000
v -12.717000 1.518000 -13.935000
v -12.717000 6.803000 -13.935000
v -12.217000 1.505000 -13.935000
v -12.217000 6.900000 -13.935000
v -11.717000 1.530000 -13.935000
v -11.717000 6.764000 -13.935000
v -11.217000 1.580000 -13.935000
v -11.217000 6.227000 -13.935000
v -10.717000 1.706000 -13.935000
v -10.717000 5.455000 -13.935000
v -10.217000 2.046000 -13.935000
v -10.217000 4.734000 -13.935000
v -13.717000 2.910000 -9.935000
v -13.717000 5.669000 -9.935000
v -13.217000 -0.445000 -9.935000
v -13.217000 5.947000 -9.935000
v -12.717000 -0.787000 -9.935000
v -12.717000 5.915000 -9.935000
v -12.217000 -0.873000 -9.935000
v -12.217000 5.622000 -9.935000
v -11.717000 -0.760000 -9.935000
v -11.717000 4.813000 -9.935000
v -11.217000 -0.367000 -9.935000
v -11.217000 3.078000 -9.935000
v -10.717000 0.698000 -9.935000
v -10.717000 1.435000 -9.935000
v -14.717000 4.417000 -5.935000
v -14.717000 6.693000 -5.935000
v -14.217000 3.780000 -5.935000
v -14.217000 7.302000 -5.935000
v -13.717000 -1.107000 -5.935000
v -13.717000 7.619000 -5.935000
v -13.217000 -1.503000 -5.935000
v -13.217000 7.704000 -5.935000
v -12.717000 -1.620000 -5.935000
v -12.717000 7.593000 -5.935000
v -12.217000 -1.597000 -5.935000
v -12.217000 7.206000 -5.935000
v -11.717000 -1.459000 -5.935000
v -11.717000 5.693000 -5.935000
v -11.217000 -1.113000 -5.935000
v -11.217000 4.974000 -5.935000
v -10.717000 -0.917000 -5.935000
v -10.717000 4.592000 -5.935000
v -10.217000 -0.487000 -5.935000
v -10.217000 4.266000 -5.935000
v -9.717000 0.153000 -5.935000
v -9.717000 3.913000 -5.935000
v -9.217000 1.042000 -5.935000
v -9.217000 2.926000 -5.935000
v -14.217000 -1.537000 -1.935000
v -14.217000 2.269000 -1.935000
v -13.717000 -1.862000 -1.935000
v -13.717000 2.943000 -1.935000
v -13.217000 -1.965000 -1.935000
v -13.217000 3.320000 -1.935000
v -12.717000 -2.129000 -1.935000
v -12.717000 3.425000 -1.935000
v -12.217000 -2.415000 -1.935000
v -12.217000 3.380000 -1.935000
v -11.717000 -2.512000 -1.935000
v -11.717000 3.234000 -1.935000
v -11.217000 -2.425000 -1.935000
v -11.217000 2.770000 -1.935000
v -10.717000 -2.105000 -1.935000
v -10.717000 0.796000 -1.935000
v -10.217000 -0.942000 -1.935000
v -10.217000 -0.475000 -1.935000
v -11.831000 -2.335000 -4.935000
v -10.573000 -2.335000 -4.935000
v -12.788000 -2.335000 -4.435000
v -10.108000 -2.335000 -4.435000
v -13.228000 -2.335000 -3.935000
v -9.978000 -2.335000 -3.935000
v -13.002000 -2.335000 -3.435000
v -10.089000 -2.335000 -3.435000
v -12.367000 -2.335000 -2.935000
v -10.482000 -2.335000 -2.935000
v -12.381000 -2.335000 -2.435000
v -10.905000 -2.335000 -2.435000
v -12.386000 -2.335000 -1.935000
v -11.023000 -2.335000 -1.935000
v -12.472000 -2.335000 -1.435000
v -11.057000 -2.335000 -1.435000
v -12.225000 -2.335000 -0.935000
v -11.304000 -2.335000 -0.935000
v -13.618000 1.665000 -14.935000
v -11.382000 1.665000 -14.935000
v -13.842000 1.665000 -14.435000
v -11.076000 1.665000 -14.435000
v -13.830000 1.665000 -13.935000
v -10.834000 1.665000 -13.935000
v -13.653000 1.665000 -13.435000
v -10.539000 1.665000 -13.435000
v -13.613000 1.665000 -12.935000
v -10.506000 1.665000 -12.935000
v -13.763000 1.665000 -12.435000
v -10.697000 1.665000 -12.435000
v -13.885000 1.665000 -11.935000
v -10.855000 1.665000 -11.935000
v -13.916000 1.665000 -11.435000
v -10.918000 1.665000 -11.435000
v -13.830000 1.665000 -10.935000
v -10.906000 1.665000 -10.935000
v -13.700000 1.665000 -10.435000
v -10.861000 1.665000 -10.435000
v -13.644000 1.665000 -9.935000
v -10.758000 1.665000 -9.935000
v -13.633000 1.665000 -9.435000
v -10.586000 1.665000 -9.435000
v -13.610000 1.665000 -8.935000
v -10.479000 1.665000 -8.935000
v -13.566000 1.665000 -8.435000
v -10.384000 1.665000 -8.435000
v -13.593000 1.665000 -7.935000
v -10.173000 1.665000 -7.935000
v -13.636000 1.665000 -7.435000
v -9.746000 1.665000 -7.435000
v -13.728000 1.665000 -6.935000
v -9.415000 1.665000 -6.935000
v -13.853000 1.665000 -6.435000
v -9.190000 1.665000 -6.435000
v -13.818000 1.665000 -5.935000
v -8.896000 1.665000 -5.935000
v -13.813000 1.665000 -5.435000
v -8.817000 1.665000 -5.435000
v -13.760000 1.665000 -4.935000
v -8.927000 1.665000 -4.935000
v -13.845000 1.665000 -4.435000
v -9.292000 1.665000 -4.435000
v -14.033000 1.665000 -3.935000
v -9.769000 1.665000 -3.935000
v -14.126000 1.665000 -3.435000
v -10.246000 1.665000 -3.435000
v -14.127000 1.665000 -2.935000
v -10.620000 1.665000 -2.935000
v -14.243000 1.665000 -2.435000
v -10.771000 1.665000 -2.435000
v -14.475000 1.665000 -1.935000
v -10.888000 1.665000 -1.935000
v -14.553000 1.665000 -1.435000
v -11.195000 1.665000 -1.435000
v -14.555000 1.665000 -0.935000
v -11.458000 1.665000 -0.935000
v -14.459000 1.665000 -0.435000
v -11.800000 1.665000 -0.435000
v -14.120000 1.665000 0.065000
v -12.239000 1.665000 0.065000
v -13.204000 5.665000 -17.435000
v -10.783000 5.665000 -17.435000
v -13.815000 5.665000 -16.935000
v -10.301000 5.665000 -16.935000
v -14.299000 5.665000 -16.435000
v -9.942000 5.665000 -16.435000
v -14.546000 5.665000 -15.935000
v -9.836000 5.665000 -15.935000
v -14.589000 5.665000 -15.435000
v -9.918000 5.665000 -15.435000
v -14.616000 5.665000 -14.935000
v -10.205000 5.665000 -14.935000
v -14.598000 5.665000 -14.435000
v -10.589000 5.665000 -14.435000
v -14.516000 5.665000 -13.935000
v -10.852000 5.665000 -13.935000
v -14.290000 5.665000 -13.435000
v -10.968000 5.665000 -13.435000
v -13.851000 5.665000 -12.935000
v -10.991000 5.665000 -12.935000
v -13.370000 5.665000 -12.435000
v -11.114000 5.665000 -12.435000
v -13.248000 5.665000 -11.935000
v -11.057000 5.665000 -11.935000
v -13.292000 5.665000 -11.435000
v -11.332000 5.665000 -11.435000
v -13.357000 5.665000 -10.935000
v -12.037000 5.665000 -10.935000
v -13.413000 5.665000 -10.435000
v -12.230000 5.665000 -10.435000
v -13.721000 5.665000 -9.935000
v -12.267000 5.665000 -9.935000
v -14.187000 5.665000 -9.435000
v -12.146000 5.665000 -9.435000
v -14.528000 5.665000 -8.935000
v -11.965000 5.665000 -8.935000
v -14.625000 5.665000 -8.435000
v -11.755000 5.665000 -8.435000
v -14.598000 5.665000 -7.935000
v -11.436000 5.665000 -7.935000
v -14.628000 5.665000 -7.435000
v -11.326000 5.665000 -7.435000
v -14.749000 5.665000 -6.935000
v -11.405000 5.665000 -6.935000
v -14.993000 5.665000 -6.435000
v -11.620000 5.665000 -6.435000
v -15.094000 5.665000 -5.935000
v -11.704000 5.665000 -5.935000
v -15.082000 5.665000 -5.435000
v -11.602000 5.665000 -5.435000
v -15.128000 5.665000 -4.935000
v -11.482000 5.665000 -4.935000
v -15.122000 5.665000 -4.435000
v -11.564000 5.665000 -4.435000
v -15.017000 5.665000 -3.935000
v -11.732000 5.665000 -3.935000
v -14.662000 5.665000 -3.435000
v -12.252000 5.665000 -3.435000
v -13.217000 -2.335000 -4.003000
v -13.217000 -2.335000 -3.768000
v -12.717000 -2.335000 -4.466000
v -12.717000 -2.335000 -3.312000
v -12.217000 -2.335000 -4.713000
v -12.217000 -2.335000 -0.929000
v -11.717000 -2.335000 -4.990000
v -11.717000 -2.335000 -0.767000
v -11.217000 -2.335000 -5.106000
v -11.217000 -2.335000 -1.023000
v -10.717000 -2.335000 -5.009000
v -10.717000 -2.335000 -2.696000
v -10.217000 -2.335000 -4.609000
v -10.217000 -2.335000 -3.211000
v -14.217000 1.665000 -2.506000
v -14.217000 1.665000 -0.037000
v -13.717000 1.665000 -14.824000
v -13.717000 1.665000 -13.565000
v -13.717000 1.665000 -12.559000
v -13.717000 1.665000 -10.525000
v -13.717000 1.665000 -6.968000
v -13.717000 1.665000 0.326000
v -13.217000 1.665000 -15.104000
v -13.217000 1.665000 0.435000
v -12.717000 1.665000 -15.137000
v -12.717000 1.665000 0.356000
v -12.217000 1.665000 -15.083000
v -12.217000 1.665000 0.044000
v -11.717000 1.665000 -15.030000
v -11.717000 1.665000 -0.519000
v -11.217000 1.665000 -14.791000
v -11.217000 1.665000 -1.403000
v -10.717000 1.665000 -13.835000
v -10.717000 1.665000 -12.378000
v -10.717000 1.665000 -9.810000
v -10.717000 1.665000 -2.686000
v -10.217000 1.665000 -8.010000
v -10.217000 1.665000 -3.465000
v -9.717000 1.665000 -7.407000
v -9.717000 1.665000 -3.986000
v -9.217000 1.665000 -6.480000
v -9.217000 1.665000 -4.506000
v -14.717000 5.665000 -7.024000
v -14.717000 5.665000 -3.488000
v -14.217000 5.665000 -16.568000
v -14.217000 5.665000 -13.312000
v -14.217000 5.665000 -9.406000
v -14.217000 5.665000 -3.168000
v -13.717000 5.665000 -16.997000
v -13.717000 5.665000 -12.817000
v -13.717000 5.665000 -9.940000
v -13.717000 5.665000 -3.083000
v -13.217000 5.665000 -17.422000
v -13.217000 5.665000 -3.158000
v -12.717000 5.665000 -17.761000
v -12.717000 5.665000 -3.237000
v -12.217000 5.665000 -17.857000
v -12.217000 5.665000 -10.471000
v -12.217000 5.665000 -9.683000
v -12.217000 5.665000 -3.455000
v -11.717000 5.665000 -17.802000
v -11.717000 5.665000 -11.283000
v -11.717000 5.665000 -8.377000
v -11.717000 5.665000 -3.963000
v -11.217000 5.665000 -17.698000
v -11.217000 5.665000 -11.536000
v -10.717000 5.665000 -17.373000
v -10.717000 5.665000 -14.239000
v -10.217000 5.665000 -16.855000
v -10.217000 5.665000 -14.919000
v -13.217000 4.434000 -17.435000
v -13.217000 5.596000 -17.435000
v -12.717000 4.039000 -17.435000
v -12.717000 6.332000 -17.435000
v -12.217000 3.860000 -17.435000
v -12.217000 6.715000 -17.435000
v -11.717000 4.097000 -17.435000
v -11.717000 6.867000 -17.435000
v -11.217000 4.992000 -17.435000
v -11.217000 6.735000 -17.435000
v -14.217000 2.113000 -13.435000
v -14.217000 5.775000 -13.435000
v -13.717000 1.697000 -13.435000
v -13.717000 6.299000 -13.435000
v -13.217000 1.540000 -13.435000
v -13.217000 6.430000 -13.435000
v -12.717000 1.478000 -13.435000
v -12.717000 6.381000 -13.435000
v -12.217000 1.504000 -13.435000
v -12.217000 6.355000 -13.435000
v -11.717000 1.472000 -13.435000
v -11.717000 6.227000 -13.435000
v -11.217000 1.513000 -13.435000
v -11.217000 5.902000 -13.435000
v -10.717000 1.589000 -13.435000
v -10.717000 5.391000 -13.435000
v -10.217000 1.890000 -13.435000
v -10.217000 4.815000 -13.435000
v -9.717000 2.893000 -13.435000
v -9.717000 3.744000 -13.435000
v -14.217000 5.133000 -9.435000
v -14.217000 5.521000 -9.435000
v -13.717000 3.524000 -9.435000
v -13.717000 6.271000 -9.435000
v -13.217000 -0.581000 -9.435000
v -13.217000 6.393000 -9.435000
v -12.717000 -0.888000 -9.435000
v -12.717000 6.248000 -9.435000
v -12.217000 -0.968000 -9.435000
v -12.217000 5.783000 -9.435000
v -11.717000 -0.863000 -9.435000
v -11.717000 4.399000 -9.435000
v -11.217000 -0.514000 -9.435000
v -11.217000 2.716000 -9.435000
v -10.717000 0.033000 -9.435000
v -10.717000 1.876000 -9.435000
v -14.717000 4.542000 -5.435000
v -14.717000 7.221000 -5.435000
v -14.217000 3.861000 -5.435000
v -14.217000 7.617000 -5.435000
v -13.717000 -1.403000 -5.435000
v -13.717000 7.745000 -5.435000
v -13.217000 -1.781000 -5.435000
v -13.217000 7.788000 -5.435000
v -12.717000 -1.887000 -5.435000
v -12.717000 7.684000 -5.435000
v -12.217000 -1.869000 -5.435000
v -12.217000 7.335000 -5.435000
v -11.717000 -1.875000 -5.435000
v -11.717000 5.910000 -5.435000
v -11.217000 -1.705000 -5.435000
v -11.217000 5.063000 -5.435000
v -10.717000 -1.565000 -5.435000
v -10.717000 4.691000 -5.435000
v -10.217000 -1.404000 -5.435000
v -10.217000 4.356000 -5.435000
v -9.717000 -0.625000 -5.435000
v -9.717000 3.786000 -5.435000
v -9.217000 0.831000 -5.435000
v -9.217000 2.964000 -5.435000
v -14.217000 -1.382000 -1.435000
v -14.217000 2.361000 -1.435000
v -13.717000 -1.750000 -1.435000
v -13.717000 2.798000 -1.435000
v -13.217000 -1.896000 -1.435000
v -13.217000 3.126000 -1.435000
v -12.717000 -2.162000 -1.435000
v -12.717000 3.213000 -1.435000
v -12.217000 -2.452000 -1.435000
v -12.217000 3.105000 -1.435000
v -11.717000 -2.526000 -1.435000
v -11.717000 2.784000 -1.435000
v -11.217000 -2.416000 -1.435000
v -11.217000 2.093000 -1.435000
v -10.717000 -2.056000 -1.435000
v -10.717000 0.255000 -1.435000
v -13.068000 -1.835000 -5.435000
v -11.500000 -1.835000 -5.435000
v -13.398000 -1.835000 -4.935000
v -10.036000 -1.835000 -4.935000
v -13.693000 -1.835000 -4.435000
v -9.629000 -1.835000 -4.435000
v -13.831000 -1.835000 -3.935000
v -9.530000 -1.835000 -3.935000
v -13.743000 -1.835000 -3.435000
v -9.649000 -1.835000 -3.435000
v -13.602000 -1.835000 -2.935000
v -10.078000 -1.835000 -2.935000
v -13.616000 -1.835000 -2.435000
v -10.419000 -1.835000 -2.435000
v -13.784000 -1.835000 -1.935000
v -10.505000 -1.835000 -1.935000
v -13.424000 -1.835000 -1.435000
v -10.557000 -1.835000 -1.435000
v -12.884000 -1.835000 -0.935000
v -10.683000 -1.835000 -0.935000
v -12.382000 -1.835000 -0.435000
v -11.146000 -1.835000 -0.435000
v -13.832000 2.165000 -15.435000
v -11.122000 2.165000 -15.435000
v -14.257000 2.165000 -14.935000
v -10.666000 2.165000 -14.935000
v -14.367000 2.165000 -14.435000
v -10.465000 2.165000 -14.435000
v -14.364000 2.165000 -13.935000
v -10.122000 2.165000 -13.935000
v -14.255000 2.165000 -13.435000
v -9.990000 2.165000 -13.435000
v -14.056000 2.165000 -12.935000
v -9.992000 2.165000 -12.935000
v -14.028000 2.165000 -12.435000
v -10.013000 2.165000 -12.435000
v -14.092000 2.165000 -11.935000
v -10.186000 2.165000 -11.935000
v -14.092000 2.165000 -11.435000
v -10.530000 2.165000 -11.435000
v -14.012000 2.165000 -10.935000
v -10.688000 2.165000 -10.935000
v -13.801000 2.165000 -10.435000
v -10.811000 2.165000 -10.435000
v -13.669000 2.165000 -9.935000
v -10.859000 2.165000 -9.935000
v -13.534000 2.165000 -9.435000
v -10.889000 2.165000 -9.435000
v -13.448000 2.165000 -8.935000
v -10.834000 2.165000 -8.935000
v -13.497000 2.165000 -8.435000
v -10.587000 2.165000 -8.435000
v -13.590000 2.165000 -7.935000
v -10.311000 2.165000 -7.935000
v -13.658000 2.165000 -7.435000
v -9.758000 2.165000 -7.435000
v -13.809000 2.165000 -6.935000
v -9.424000 2.165000 -6.935000
v -13.924000 2.165000 -6.435000
v -9.184000 2.165000 -6.435000
v -13.889000 2.165000 -5.935000
v -8.887000 2.165000 -5.935000
v -13.897000 2.165000 -5.435000
v -8.809000 2.165000 -5.435000
v -13.947000 2.165000 -4.935000
v -8.918000 2.165000 -4.935000
v -13.983000 2.165000 -4.435000
v -9.281000 2.165000 -4.435000
v -14.032000 2.165000 -3.935000
v -9.815000 2.165000 -3.935000
v -14.079000 2.165000 -3.435000
v -10.195000 2.165000 -3.435000
v -14.127000 2.165000 -2.935000
v -10.610000 2.165000 -2.935000
v -14.164000 2.165000 -2.435000
v -10.797000 2.165000 -2.435000
v -14.279000 2.165000 -1.935000
v -10.907000 2.165000 -1.935000
v -14.364000 2.165000 -1.435000
v -11.237000 2.165000 -1.435000
v -14.355000 2.165000 -0.935000
v -11.646000 2.165000 -0.935000
v -14.241000 2.165000 -0.435000
v -12.066000 2.165000 -0.435000
v -13.791000 2.165000 0.065000
v -12.568000 2.165000 0.065000
v -12.934000 6.165000 -17.435000
v -10.783000 6.165000 -17.435000
v -13.378000 6.165000 -16.935000
v -10.293000 6.165000 -16.935000
v -13.847000 6.165000 -16.435000
v -9.936000 6.165000 -16.435000
v -14.271000 6.165000 -15.935000
v -9.830000 6.165000 -15.935000
v -14.391000 6.165000 -15.435000
v -9.912000 6.165000 -15.435000
v -14.425000 6.165000 -14.935000
v -10.227000 6.165000 -14.935000
v -14.403000 6.165000 -14.435000
v -10.768000 6.165000 -14.435000
v -14.308000 6.165000 -13.935000
v -11.178000 6.165000 -13.935000
v -13.903000 6.165000 -13.435000
v -11.595000 6.165000 -13.435000
v -13.872000 6.165000 -9.435000
v -12.586000 6.165000 -9.435000
v -14.319000 6.165000 -8.935000
v -12.174000 6.165000 -8.935000
v -14.440000 6.165000 -8.435000
v -11.998000 6.165000 -8.435000
v -14.547000 6.165000 -7.935000
v -11.673000 6.165000 -7.935000
v -14.625000 6.165000 -7.435000
v -11.540000 6.165000 -7.435000
v -14.655000 6.165000 -6.935000
v -11.635000 6.165000 -6.935000
v -14.777000 6.165000 -6.435000
v -11.807000 6.165000 -6.435000
v -14.962000 6.165000 -5.935000
v -11.861000 6.165000 -5.935000
v -15.054000 6.165000 -5.435000
v -11.797000 6.165000 -5.435000
v -15.117000 6.165000 -4.935000
v -11.725000 6.165000 -4.935000
v -15.111000 6.165000 -4.435000
v -11.743000 6.165000 -4.435000
v -15.005000 6.165000 -3.935000
v -11.849000 6.165000 -3.935000
v -14.646000 6.165000 -3.435000
v -12.184000 6.165000 -3.435000
v -13.717000 -1.835000 -4.388000
v -13.717000 -1.835000 -3.359000
v -13.717000 -1.835000 -2.232000
v -13.717000 -1.835000 -1.700000
v -13.217000 -1.835000 -5.277000
v -13.217000 -1.835000 -1.283000
v -12.717000 -1.835000 -5.556000
v -12.717000 -1.835000 -0.731000
v -12.217000 -1.835000 -5.511000
v -12.217000 -1.835000 -0.354000
v -11.717000 -1.835000 -5.480000
v -11.717000 -1.835000 -0.266000
v -11.217000 -1.835000 -5.363000
v -11.217000 -1.835000 -0.396000
v -10.717000 -1.835000 -5.259000
v -10.717000 -1.835000 -0.871000
v -10.217000 -1.835000 -5.041000
v -10.217000 -1.835000 -2.787000
v -9.717000 -1.835000 -4.602000
v -9.717000 -1.835000 -3.313000
v -14.217000 2.165000 -15.013000
v -14.217000 2.165000 -13.362000
v -14.217000 2.165000 -2.170000
v -14.217000 2.165000 -0.388000
v -13.717000 2.165000 -15.509000
v -13.717000 2.165000 -10.129000
v -13.717000 2.165000 -7.213000
v -13.717000 2.165000 0.105000
v -13.217000 2.165000 -15.649000
v -13.217000 2.165000 0.235000
v -12.717000 2.165000 -15.688000
v -12.717000 2.165000 0.141000
v -12.217000 2.165000 -15.639000
v -12.217000 2.165000 -0.264000
v -11.717000 2.165000 -15.646000
v -11.717000 2.165000 -0.812000
v -11.217000 2.165000 -15.498000
v -11.217000 2.165000 -1.455000
v -10.717000 2.165000 -15.024000
v -10.717000 2.165000 -10.826000
v -10.717000 2.165000 -8.663000
v -10.717000 2.165000 -2.708000
v -10.217000 2.165000 -14.090000
v -10.217000 2.165000 -11.886000
v -10.217000 2.165000 -7.828000
v -10.217000 2.165000 -3.412000
v -9.717000 2.165000 -7.395000
v -9.717000 2.165000 -4.054000
v -9.217000 2.165000 -6.486000
v -9.217000 2.165000 -4.494000
v -14.717000 6.165000 -6.631000
v -14.717000 6.165000 -3.503000
v -14.217000 6.165000 -16.034000
v -14.217000 6.165000 -13.765000
v -14.217000 6.165000 -9.110000
v -14.217000 6.165000 -3.180000
v -13.717000 6.165000 -16.584000
v -13.717000 6.165000 -13.328000
v -13.717000 6.165000 -9.516000
v -13.717000 6.165000 -3.076000
v -13.217000 6.165000 -17.132000
v -13.217000 6.165000 -13.189000
v -13.217000 6.165000 -9.655000
v -13.217000 6.165000 -3.011000
v -12.717000 6.165000 -17.565000
v -12.717000 6.165000 -13.207000
v -12.717000 6.165000 -9.529000
v -12.717000 6.165000 -3.091000
v -12.217000 6.165000 -17.708000
v -12.217000 6.165000 -13.223000
v -12.217000 6.165000 -9.018000
v -12.217000 6.165000 -3.402000
v -11.717000 6.165000 -17.786000
v -11.717000 6.165000 -13.359000
v -11.717000 6.165000 -8.013000
v -11.717000 6.165000 -6.736000
v -11.217000 6.165000 -17.699000
v -11.217000 6.165000 -13.870000
v -10.717000 6.165000 -17.373000
v -10.717000 6.165000 -14.493000
v -10.217000 6.165000 -16.863000
v -10.217000 6.165000 -14.945000
v -14.717000 4.156000 -16.935000
v -14.717000 4.620000 -16.935000
v -14.217000 3.519000 -16.935000
v -14.217000 5.267000 -16.935000
v -13.717000 3.409000 -16.935000
v -13.717000 5.748000 -16.935000
v -13.217000 3.344000 -16.935000
v -13.217000 6.327000 -16.935000
v -12.717000 3.033000 -16.935000
v -12.717000 6.751000 -16.935000
v -12.217000 2.896000 -16.935000
v -12.217000 7.106000 -16.935000
v -11.717000 3.020000 -16.935000
v -11.717000 7.213000 -16.935000
v -11.217000 3.563000 -16.935000
v -11.217000 7.119000 -16.935000
v -10.717000 4.874000 -16.935000
v -10.717000 6.791000 -16.935000
v -14.217000 2.690000 -12.935000
v -14.217000 5.045000 -12.935000
v -13.717000 1.746000 -12.935000
v -13.717000 5.761000 -12.935000
v -13.217000 1.471000 -12.935000
v -13.217000 5.947000 -12.935000
v -12.717000 1.387000 -12.935000
v -12.717000 5.987000 -12.935000
v -12.217000 1.433000 -12.935000
v -12.217000 5.984000 -12.935000
v -11.717000 1.491000 -12.935000
v -11.717000 5.919000 -12.935000
v -11.217000 1.480000 -12.935000
v -11.217000 5.778000 -12.935000
v -10.717000 1.567000 -12.935000
v -10.717000 5.457000 -12.935000
v -10.217000 1.885000 -12.935000
v -10.217000 4.886000 -12.935000
v -9.717000 2.508000 -12.935000
v -9.717000 4.284000 -12.935000
v -14.217000 4.527000 -8.935000
v -14.217000 6.294000 -8.935000
v -13.717000 3.846000 -8.935000
v -13.717000 6.639000 -8.935000
v -13.217000 -0.460000 -8.935000
v -13.217000 6.727000 -8.935000
v -12.717000 -0.796000 -8.935000
v -12.717000 6.615000 -8.935000
v -12.217000 -0.878000 -8.935000
v -12.217000 6.224000 -8.935000
v -11.717000 -0.765000 -8.935000
v -11.717000 3.463000 -8.935000
v -11.217000 -0.443000 -8.935000
v -11.217000 2.623000 -8.935000
v -10.717000 -0.102000 -8.935000
v -10.717000 1.998000 -8.935000
v -14.717000 4.831000 -4.935000
v -14.717000 7.361000 -4.935000
v -14.217000 3.914000 -4.935000
v -14.217000 7.715000 -4.935000
v -13.717000 -1.554000 -4.935000
v -13.717000 7.822000 -4.935000
v -13.217000 -1.936000 -4.935000
v -13.217000 7.774000 -4.935000
v -12.717000 -2.070000 -4.935000
v -12.717000 7.693000 -4.935000
v -12.217000 -2.164000 -4.935000
v -12.217000 7.386000 -4.935000
v -11.717000 -2.401000 -4.935000
v -11.717000 6.139000 -4.935000
v -11.217000 -2.560000 -4.935000
v -11.217000 5.201000 -4.935000
v -10.717000 -2.436000 -4.935000
v -10.717000 4.722000 -4.935000
v -10.217000 -1.977000 -4.935000
v -10.217000 4.334000 -4.935000
v -9.717000 -1.417000 -4.935000
v -9.717000 3.457000 -4.935000
v -9.217000 0.905000 -4.935000
v -9.217000 2.788000 -4.935000
v -14.217000 -0.854000 -0.935000
v -14.217000 2.344000 -0.935000
v -13.717000 -1.361000 -0.935000
v -13.717000 2.702000 -0.935000
v -13.217000 -1.586000 -0.935000
v -13.217000 2.879000 -0.935000
v -12.717000 -2.001000 -0.935000
v -12.717000 2.921000 -0.935000
v -12.217000 -2.338000 -0.935000
v -12.217000 2.770000 -0.935000
v -11.717000 -2.419000 -0.935000
v -11.717000 2.265000 -0.935000
v -11.217000 -2.299000 -0.935000
v -11.217000 0.346000 -0.935000
v -10.717000 -1.885000 -0.935000
v -10.717000 -0.360000 -0.935000
v -13.082000 -1.335000 -6.935000
v -12.316000 -1.335000 -6.935000
v -13.306000 -1.335000 -6.435000
v -12.021000 -1.335000 -6.435000
v -13.481000 -1.335000 -5.935000
v -11.531000 -1.335000 -5.935000
v -13.769000 -1.335000 -5.435000
v -10.121000 -1.335000 -5.435000
v -13.879000 -1.335000 -4.935000
v -9.667000 -1.335000 -4.935000
v -13.945000 -1.335000 -4.435000
v -9.431000 -1.335000 -4.435000
v -14.042000 -1.335000 -3.935000
v -9.345000 -1.335000 -3.935000
v -14.008000 -1.335000 -3.435000
v -9.448000 -1.335000 -3.435000
v -14.063000 -1.335000 -2.935000
v -9.790000 -1.335000 -2.935000
v -14.284000 -1.335000 -2.435000
v -10.143000 -1.335000 -2.435000
v -14.383000 -1.335000 -1.935000
v -10.298000 -1.335000 -1.935000
v -14.255000 -1.335000 -1.435000
v -10.378000 -1.335000 -1.435000
v -13.757000 -1.335000 -0.935000
v -10.489000 -1.335000 -0.935000
v -12.837000 -1.335000 -0.435000
v -10.848000 -1.335000 -0.435000
v -12.634000 2.665000 -16.435000
v -11.783000 2.665000 -16.435000
v -13.864000 2.665000 -15.935000
v -11.013000 2.665000 -15.935000
v -14.314000 2.665000 -15.435000
v -10.608000 2.665000 -15.435000
v -14.475000 2.665000 -14.935000
v -10.444000 2.665000 -14.935000
v -14.553000 2.665000 -14.435000
v -10.231000 2.665000 -14.435000
v -14.553000 2.665000 -13.935000
v -9.907000 2.665000 -13.935000
v -14.460000 2.665000 -13.435000
v -9.775000 2.665000 -13.435000
v -14.213000 2.665000 -12.935000
v -9.602000 2.665000 -12.935000
v -14.109000 2.665000 -12.435000
v -9.500000 2.665000 -12.435000
v -14.137000 2.665000 -11.935000
v -9.618000 2.665000 -11.935000
v -14.120000 2.665000 -11.435000
v -10.029000 2.665000 -11.435000
v -14.066000 2.665000 -10.935000
v -10.406000 2.665000 -10.935000
v -13.968000 2.665000 -10.435000
v -10.754000 2.665000 -10.435000
v -13.678000 2.665000 -9.935000
v -11.000000 2.665000 -9.935000
v -13.450000 2.665000 -9.435000
v -11.175000 2.665000 -9.435000
v -13.342000 2.665000 -8.935000
v -11.261000 2.665000 -8.935000
v -13.430000 2.665000 -8.435000
v -11.117000 2.665000 -8.435000
v -13.604000 2.665000 -7.935000
v -10.808000 2.665000 -7.935000
v -13.727000 2.665000 -7.435000
v -10.093000 2.665000 -7.435000
v -13.987000 2.665000 -6.935000
v -9.606000 2.665000 -6.935000
v -14.087000 2.665000 -6.435000
v -9.343000 2.665000 -6.435000
v -14.053000 2.665000 -5.935000
v -9.084000 2.665000 -5.935000
v -14.063000 2.665000 -5.435000
v -8.994000 2.665000 -5.435000
v -14.124000 2.665000 -4.935000
v -9.122000 2.665000 -4.935000
v -14.135000 2.665000 -4.435000
v -9.504000 2.665000 -4.435000
v -14.080000 2.665000 -3.935000
v -9.863000 2.665000 -3.935000
v -14.074000 2.665000 -3.435000
v -10.199000 2.665000 -3.435000
v -14.111000 2.665000 -2.935000
v -10.683000 2.665000 -2.935000
v -14.031000 2.665000 -2.435000
v -10.916000 2.665000 -2.435000
v -13.933000 2.665000 -1.935000
v -11.140000 2.665000 -1.935000
v -13.868000 2.665000 -1.435000
v -11.578000 2.665000 -1.435000
v -13.791000 2.665000 -0.935000
v -12.072000 2.665000 -0.935000
v -13.522000 2.665000 -0.435000
v -12.837000 2.665000 -0.435000
v -12.288000 6.665000 -17.435000
v -11.115000 6.665000 -17.435000
v -12.816000 6.665000 -16.935000
v -10.588000 6.665000 -16.935000
v -13.249000 6.665000 -16.435000
v -10.143000 6.665000 -16.435000
v -13.636000 6.665000 -15.935000
v -10.019000 6.665000 -15.935000
v -13.877000 6.665000 -15.435000
v -10.115000 6.665000 -15.435000
v -13.887000 6.665000 -14.935000
v -10.516000 6.665000 -14.935000
v -13.854000 6.665000 -14.435000
v -11.083000 6.665000 -14.435000
v -13.650000 6.665000 -13.935000
v -11.575000 6.665000 -13.935000
v -13.644000 6.665000 -8.935000
v -12.850000 6.665000 -8.935000
v -14.030000 6.665000 -8.435000
v -12.461000 6.665000 -8.435000
v -14.342000 6.665000 -7.935000
v -12.148000 6.665000 -7.935000
v -14.436000 6.665000 -7.435000
v -12.037000 6.665000 -7.435000
v -14.456000 6.665000 -6.935000
v -12.052000 6.665000 -6.935000
v -14.498000 6.665000 -6.435000
v -12.069000 6.665000 -6.435000
v -14.736000 6.665000 -5.935000
v -11.956000 6.665000 -5.935000
v -14.966000 6.665000 -5.435000
v -11.872000 6.665000 -5.435000
v -15.057000 6.665000 -4.935000
v -11.814000 6.665000 -4.935000
v -14.968000 6.665000 -4.435000
v -11.809000 6.665000 -4.435000
v -14.774000 6.665000 -3.935000
v -11.886000 6.665000 -3.935000
v -14.283000 6.665000 -3.435000
v -12.196000 6.665000 -3.435000
v -14.217000 -1.335000 -2.565000
v -14.217000 -1.335000 -1.368000
v -13.717000 -1.335000 -5.534000
v -13.717000 -1.335000 -0.916000
v -13.217000 -1.335000 -6.776000
v -13.217000 -1.335000 -0.714000
v -12.717000 -1.335000 -7.073000
v -12.717000 -1.335000 -0.367000
v -12.217000 -1.335000 -6.832000
v -12.217000 -1.335000 -0.163000
v -11.717000 -1.335000 -6.094000
v -11.717000 -1.335000 -0.090000
v -11.217000 -1.335000 -5.734000
v -11.217000 -1.335000 -0.202000
v -10.717000 -1.335000 -5.611000
v -10.717000 -1.335000 -0.568000
v -10.217000 -1.335000 -5.489000
v -10.217000 -1.335000 -2.250000
v -9.717000 -1.335000 -5.021000
v -9.717000 -1.335000 -3.014000
v -14.217000 2.665000 -15.597000
v -14.217000 2.665000 -12.948000
v -13.717000 2.665000 -16.013000
v -13.717000 2.665000 -10.001000
v -13.717000 2.665000 -7.458000
v -13.717000 2.665000 -0.654000
v -13.217000 2.665000 -16.157000
v -13.217000 2.665000 -0.332000
v -12.717000 2.665000 -16.378000
v -12.717000 2.665000 -0.520000
v -12.217000 2.665000 -16.599000
v -12.217000 2.665000 -0.843000
v -11.717000 2.665000 -16.388000
v -11.717000 2.665000 -1.303000
v -11.217000 2.665000 -16.063000
v -11.217000 2.665000 -9.283000
v -11.217000 2.665000 -8.669000
v -11.217000 2.665000 -1.797000
v -10.717000 2.665000 -15.634000
v -10.717000 2.665000 -10.498000
v -10.717000 2.665000 -7.829000
v -10.717000 2.665000 -2.879000
v -10.217000 2.665000 -14.415000
v -10.217000 2.665000 -11.183000
v -10.217000 2.665000 -7.502000
v -10.217000 2.665000 -3.418000
v -9.717000 2.665000 -13.230000
v -9.717000 2.665000 -11.766000
v -9.717000 2.665000 -7.095000
v -9.717000 2.665000 -4.151000
v -9.217000 2.665000 -6.226000
v -9.217000 2.665000 -4.778000
v -14.717000 6.665000 -5.968000
v -14.717000 6.665000 -3.837000
v -14.217000 6.665000 -8.159000
v -14.217000 6.665000 -3.397000
v -13.717000 6.665000 -15.851000
v -13.717000 6.665000 -14.008000
v -13.717000 6.665000 -8.868000
v -13.717000 6.665000 -3.128000
v -13.217000 6.665000 -16.486000
v -13.217000 6.665000 -13.767000
v -13.217000 6.665000 -9.071000
v -13.217000 6.665000 -3.019000
v -12.717000 6.665000 -17.046000
v -12.717000 6.665000 -13.774000
v -12.717000 6.665000 -8.797000
v -12.717000 6.665000 -3.099000
v -12.217000 6.665000 -17.473000
v -12.217000 6.665000 -13.736000
v -12.217000 6.665000 -8.073000
v -12.217000 6.665000 -3.414000
v -11.717000 6.665000 -17.591000
v -11.717000 6.665000 -13.854000
v -11.217000 6.665000 -17.488000
v -11.217000 6.665000 -14.299000
v -10.717000 6.665000 -17.071000
v -10.717000 6.665000 -14.779000
v -10.217000 6.665000 -16.564000
v -10.217000 6.665000 -15.245000
v -14.717000 3.492000 -16.435000
v -14.717000 5.284000 -16.435000
v -14.217000 3.161000 -16.435000
v -14.217000 5.763000 -16.435000
v -13.717000 3.024000 -16.435000
v -13.717000 6.295000 -16.435000
v -13.217000 2.890000 -16.435000
v -13.217000 6.696000 -16.435000
v -12.717000 2.694000 -16.435000
v -12.717000 7.097000 -16.435000
v -12.217000 2.597000 -16.435000
v -12.217000 7.242000 -16.435000
v -11.717000 2.688000 -16.435000
v -11.717000 7.315000 -16.435000
v -11.217000 3.023000 -16.435000
v -11.217000 7.253000 -16.435000
v -10.717000 3.616000 -16.435000
v -10.717000 7.128000 -16.435000
v -10.217000 5.087000 -16.435000
v -10.217000 6.762000 -16.435000
v -13.717000 1.610000 -12.435000
v -13.717000 5.441000 -12.435000
v -13.217000 1.244000 -12.435000
v -13.217000 5.721000 -12.435000
v -12.717000 1.145000 -12.435000
v -12.717000 5.802000 -12.435000
v -12.217000 1.246000 -12.435000
v -12.217000 5.852000 -12.435000
v -11.717000 1.402000 -12.435000
v -11.717000 5.802000 -12.435000
v -11.217000 1.502000 -12.435000
v -11.217000 5.709000 -12.435000
v -10.717000 1.656000 -12.435000
v -10.717000 5.383000 -12.435000
v -10.217000 2.002000 -12.435000
v -10.217000 4.840000 -12.435000
v -9.717000 2.395000 -12.435000
v -9.717000 4.407000 -12.435000
v -14.217000 4.406000 -8.435000
v -14.217000 6.484000 -8.435000
v -13.717000 3.573000 -8.435000
v -13.717000 6.858000 -8.435000
v -13.217000 -0.346000 -8.435000
v -13.217000 6.958000 -8.435000
v -12.717000 -0.705000 -8.435000
v -12.717000 6.832000 -8.435000
v -12.217000 -0.745000 -8.435000
v -12.217000 6.415000 -8.435000
v -11.717000 -0.587000 -8.435000
v -11.717000 5.321000 -8.435000
v -11.217000 -0.383000 -8.435000
v -11.217000 2.762000 -8.435000
v -10.717000 -0.054000 -8.435000
v -10.717000 2.332000 -8.435000
v -14.717000 4.881000 -4.435000
v -14.717000 7.212000 -4.435000
v -14.217000 4.086000 -4.435000
v -14.217000 7.611000 -4.435000
v -13.717000 -1.802000 -4.435000
v -13.717000 7.739000 -4.435000
v -13.217000 -2.217000 -4.435000
v -13.217000 7.792000 -4.435000
v -12.717000 -2.348000 -4.435000
v -12.717000 7.713000 -4.435000
v -12.217000 -2.500000 -4.435000
v -12.217000 7.408000 -4.435000
v -11.717000 -2.792000 -4.435000
v -11.717000 6.058000 -4.435000
v -11.217000 -2.905000 -4.435000
v -11.217000 5.232000 -4.435000
v -10.717000 -2.817000 -4.435000
v -10.717000 4.811000 -4.435000
v -10.217000 -2.469000 -4.435000
v -10.217000 4.369000 -4.435000
v -9.717000 -1.954000 -4.435000
v -9.717000 3.197000 -4.435000
v -14.217000 0.452000 -0.435000
v -14.217000 2.197000 -0.435000
v -13.717000 -0.834000 -0.435000
v -13.717000 2.595000 -0.435000
v -13.217000 -1.041000 -0.435000
v -13.217000 2.710000 -0.435000
v -12.717000 -1.438000 -0.435000
v -12.717000 2.626000 -0.435000
v -12.217000 -1.950000 -0.435000
v -12.217000 2.314000 -0.435000
v -11.717000 -2.066000 -0.435000
v -11.717000 0.552000 -0.435000
v -11.217000 -1.891000 -0.435000
v -11.217000 -0.312000 -0.435000
v -12.566000 -0.835000 -9.935000
v -11.934000 -0.835000 -9.935000
v -12.847000 -0.835000 -9.435000
v -11.654000 -0.835000 -9.435000
v -12.595000 -0.835000 -8.935000
v -11.916000 -0.835000 -8.935000
v -13.370000 -0.835000 -7.435000
v -11.900000 -0.835000 -7.435000
v -13.777000 -0.835000 -6.935000
v -11.587000 -0.835000 -6.935000
v -13.871000 -0.835000 -6.435000
v -11.273000 -0.835000 -6.435000
v -13.924000 -0.835000 -5.935000
v -10.598000 -0.835000 -5.935000
v -13.997000 -0.835000 -5.435000
v -9.793000 -0.835000 -5.435000
v -14.077000 -0.835000 -4.935000
v -9.456000 -0.835000 -4.935000
v -14.080000 -0.835000 -4.435000
v -9.360000 -0.835000 -4.435000
v -14.102000 -0.835000 -3.935000
v -9.328000 -0.835000 -3.935000
v -14.098000 -0.835000 -3.435000
v -9.410000 -0.835000 -3.435000
v -14.244000 -0.835000 -2.935000
v -9.706000 -0.835000 -2.935000
v -14.511000 -0.835000 -2.435000
v -9.939000 -0.835000 -2.435000
v -14.593000 -0.835000 -1.935000
v -10.206000 -0.835000 -1.935000
v -14.487000 -0.835000 -1.435000
v -10.381000 -0.835000 -1.435000
v -14.231000 -0.835000 -0.935000
v -10.505000 -0.835000 -0.935000
v -13.716000 -0.835000 -0.435000
v -10.872000 -0.835000 -0.435000
v -12.903000 3.165000 -16.935000
v -11.515000 3.165000 -16.935000
v -14.228000 3.165000 -16.435000
v -11.076000 3.165000 -16.435000
v -14.499000 3.165000 -15.935000
v -10.637000 3.165000 -15.935000
v -14.591000 3.165000 -15.435000
v -10.408000 3.165000 -15.435000
v -14.620000 3.165000 -14.935000
v -10.314000 3.165000 -14.935000
v -14.569000 3.165000 -14.435000
v -10.154000 3.165000 -14.435000
v -14.578000 3.165000 -13.935000
v -9.880000 3.165000 -13.935000
v -14.499000 3.165000 -13.435000
v -9.681000 3.165000 -13.435000
v -14.259000 3.165000 -12.935000
v -9.398000 3.165000 -12.935000
v -14.140000 3.165000 -12.435000
v -9.311000 3.165000 -12.435000
v -14.152000 3.165000 -11.935000
v -9.411000 3.165000 -11.935000
v -14.135000 3.165000 -11.435000
v -9.758000 3.165000 -11.435000
v -14.127000 3.165000 -10.935000
v -10.188000 3.165000 -10.935000
v -14.049000 3.165000 -10.435000
v -10.817000 3.165000 -10.435000
v -13.808000 3.165000 -9.935000
v -11.261000 3.165000 -9.935000
v -13.534000 3.165000 -9.435000
v -11.529000 3.165000 -9.435000
v -13.413000 3.165000 -8.935000
v -11.619000 3.165000 -8.935000
v -13.528000 3.165000 -8.435000
v -11.486000 3.165000 -8.435000
v -13.774000 3.165000 -7.935000
v -11.179000 3.165000 -7.935000
v -13.906000 3.165000 -7.435000
v -10.690000 3.165000 -7.435000
v -14.034000 3.165000 -6.935000
v -9.756000 3.165000 -6.935000
v -14.098000 3.165000 -6.435000
v -9.413000 3.165000 -6.435000
v -14.078000 3.165000 -5.935000
v -9.308000 3.165000 -5.935000
v -14.082000 3.165000 -5.435000
v -9.352000 3.165000 -5.435000
v -14.116000 3.165000 -4.935000
v -9.553000 3.165000 -4.935000
v -14.121000 3.165000 -4.435000
v -9.708000 3.165000 -4.435000
v -14.089000 3.165000 -3.935000
v -9.885000 3.165000 -3.935000
v -14.017000 3.165000 -3.435000
v -10.221000 3.165000 -3.435000
v -13.936000 3.165000 -2.935000
v -10.709000 3.165000 -2.935000
v -13.803000 3.165000 -2.435000
v -11.101000 3.165000 -2.435000
v -13.479000 3.165000 -1.935000
v -11.611000 3.165000 -1.935000
v -13.100000 3.165000 -1.435000
v -12.389000 3.165000 -1.435000
v -12.050000 7.165000 -16.935000
v -11.353000 7.165000 -16.935000
v -12.539000 7.165000 -16.435000
v -10.819000 7.165000 -16.435000
v -12.812000 7.165000 -15.935000
v -10.551000 7.165000 -15.935000
v -12.899000 7.165000 -15.435000
v -10.746000 7.165000 -15.435000
v -12.799000 7.165000 -14.935000
v -11.345000 7.165000 -14.935000
v -12.557000 7.165000 -14.435000
v -11.890000 7.165000 -14.435000
v -13.711000 7.165000 -7.935000
v -12.779000 7.165000 -7.935000
v -13.902000 7.165000 -7.435000
v -12.588000 7.165000 -7.435000
v -13.943000 7.165000 -6.935000
v -12.568000 7.165000 -6.935000
v -14.055000 7.165000 -6.435000
v -12.449000 7.165000 -6.435000
v -14.366000 7.165000 -5.935000
v -12.187000 7.165000 -5.935000
v -14.758000 7.165000 -5.435000
v -12.083000 7.165000 -5.435000
v -14.865000 7.165000 -4.935000
v -12.029000 7.165000 -4.935000
v -14.752000 7.165000 -4.435000
v -12.014000 7.165000 -4.435000
v -14.326000 7.165000 -3.935000
v -12.106000 7.165000 -3.935000
v -13.851000 7.165000 -3.435000
v -12.511000 7.165000 -3.435000
v -14.217000 -0.835000 -2.993000
v -14.217000 -0.835000 -0.913000
v -13.717000 -0.835000 -7.054000
v -13.717000 -0.835000 -0.436000
v -13.217000 -0.835000 -7.547000
v -13.217000 -0.835000 -0.298000
v -12.717000 -0.835000 -9.801000
v -12.717000 -0.835000 -9.058000
v -12.717000 -0.835000 -7.840000
v -12.717000 -0.835000 -0.143000
v -12.217000 -0.835000 -10.025000
v -12.217000 -0.835000 -8.810000
v -12.217000 -0.835000 -7.726000
v -12.217000 -0.835000 -0.048000
v -11.717000 -0.835000 -9.698000
v -11.717000 -0.835000 -9.161000
v -11.717000 -0.835000 -7.232000
v -11.717000 -0.835000 -0.093000
v -11.217000 -0.835000 -6.377000
v -11.217000 -0.835000 -0.218000
v -10.717000 -0.835000 -6.009000
v -10.717000 -0.835000 -0.591000
v -10.217000 -0.835000 -5.730000
v -10.217000 -0.835000 -1.912000
v -9.717000 -0.835000 -5.358000
v -9.717000 -0.835000 -2.918000
v -14.217000 3.165000 -16.445000
v -14.217000 3.165000 -12.821000
v -13.717000 3.165000 -16.629000
v -13.717000 3.165000 -9.769000
v -13.717000 3.165000 -8.063000
v -13.717000 3.165000 -2.292000
v -13.217000 3.165000 -16.760000
v -13.217000 3.165000 -1.560000
v -12.717000 3.165000 -17.044000
v -12.717000 3.165000 -1.313000
v -12.217000 3.165000 -17.160000
v -12.217000 3.165000 -1.568000
v -11.717000 3.165000 -17.054000
v -11.717000 3.165000 -1.876000
v -11.217000 3.165000 -16.622000
v -11.217000 3.165000 -9.995000
v -11.217000 3.165000 -7.985000
v -11.217000 3.165000 -2.295000
v -10.717000 3.165000 -16.063000
v -10.717000 3.165000 -10.513000
v -10.717000 3.165000 -7.454000
v -10.717000 3.165000 -2.925000
v -10.217000 3.165000 -14.576000
v -10.217000 3.165000 -10.906000
v -10.217000 3.165000 -7.225000
v -10.217000 3.165000 -3.439000
v -9.717000 3.165000 -13.502000
v -9.717000 3.165000 -11.474000
v -9.717000 3.165000 -6.898000
v -9.717000 3.165000 -4.409000
v -14.717000 7.165000 -5.516000
v -14.717000 7.165000 -4.368000
v -14.217000 7.165000 -6.119000
v -14.217000 7.165000 -3.823000
v -13.717000 7.165000 -7.929000
v -13.717000 7.165000 -3.354000
v -13.217000 7.165000 -8.128000
v -13.217000 7.165000 -3.225000
v -12.717000 7.165000 -16.245000
v -12.717000 7.165000 -14.609000
v -12.717000 7.165000 -7.864000
v -12.717000 7.165000 -3.320000
v -12.217000 7.165000 -16.773000
v -12.217000 7.165000 -14.329000
v -12.217000 7.165000 -5.999000
v -12.217000 7.165000 -3.732000
v -11.717000 7.165000 -17.040000
v -11.717000 7.165000 -14.629000
v -11.217000 7.165000 -16.814000
v -11.217000 7.165000 -15.060000
v -10.717000 7.165000 -16.343000
v -10.717000 7.165000 -15.465000
v -14.717000 3.362000 -15.935000
v -14.717000 5.428000 -15.935000
v -14.217000 2.928000 -15.935000
v -14.217000 6.240000 -15.935000
v -13.717000 2.570000 -15.935000
v -13.717000 6.631000 -15.935000
v -13.217000 2.437000 -15.935000
v -13.217000 6.889000 -15.935000
v -12.717000 2.372000 -15.935000
v -12.717000 7.209000 -15.935000
v -12.217000 2.391000 -15.935000
v -12.217000 7.321000 -15.935000
v -11.717000 2.381000 -15.935000
v -11.717000 7.288000 -15.935000
v -11.217000 2.514000 -15.935000
v -11.217000 7.330000 -15.935000
v -10.717000 3.044000 -15.935000
v -10.717000 7.240000 -15.935000
v -10.217000 4.854000 -15.935000
v -10.217000 6.917000 -15.935000
v -13.717000 1.459000 -11.935000
v -13.717000 5.348000 -11.935000
v -13.217000 1.127000 -11.935000
v -13.217000 5.677000 -11.935000
v -12.717000 1.002000 -11.935000
v -12.717000 5.779000 -11.935000
v -12.217000 1.071000 -11.935000
v -12.217000 5.857000 -11.935000
v -11.717000 1.202000 -11.935000
v -11.717000 5.815000 -11.935000
v -11.217000 1.482000 -11.935000
v -11.217000 5.734000 -11.935000
v -10.717000 1.743000 -11.935000
v -10.717000 5.425000 -11.935000
v -10.217000 2.138000 -11.935000
v -10.217000 4.863000 -11.935000
v -9.717000 2.537000 -11.935000
v -9.717000 4.264000 -11.935000
v -14.217000 4.437000 -7.935000
v -14.217000 6.823000 -7.935000
v -13.717000 3.045000 -7.935000
v -13.717000 7.163000 -7.935000
v -13.217000 -0.511000 -7.935000
v -13.217000 7.250000 -7.935000
v -12.717000 -0.793000 -7.935000
v -12.717000 7.140000 -7.935000
v -12.217000 -0.764000 -7.935000
v -12.217000 6.759000 -7.935000
v -11.717000 -0.585000 -7.935000
v -11.717000 6.219000 -7.935000
v -11.217000 -0.432000 -7.935000
v -11.217000 3.245000 -7.935000
v -10.717000 -0.123000 -7.935000
v -10.717000 2.589000 -7.935000
v -10.217000 0.805000 -7.935000
v -10.217000 1.938000 -7.935000
v -14.717000 5.034000 -3.935000
v -14.717000 6.737000 -3.935000
v -14.217000 4.489000 -3.935000
v -14.217000 7.270000 -3.935000
v -13.717000 -1.981000 -3.935000
v -13.717000 7.603000 -3.935000
v -13.217000 -2.339000 -3.935000
v -13.217000 7.716000 -3.935000
v -12.717000 -2.455000 -3.935000
v -12.717000 7.633000 -3.935000
v -12.217000 -2.616000 -3.935000
v -12.217000 7.300000 -3.935000
v -11.717000 -2.904000 -3.935000
v -11.717000 5.633000 -3.935000
v -11.217000 -3.007000 -3.935000
v -11.217000 5.097000 -3.935000
v -10.717000 -2.926000 -3.935000
v -10.717000 4.689000 -3.935000
v -10.217000 -2.616000 -3.935000
v -10.217000 4.221000 -3.935000
v -9.717000 -2.079000 -3.935000
v -9.717000 1.089000 -3.935000
v -13.717000 0.582000 0.065000
v -13.717000 2.218000 0.065000
v -13.217000 0.338000 0.065000
v -13.217000 2.379000 0.065000
v -12.717000 0.382000 0.065000
v -12.717000 2.264000 0.065000
v -12.851000 -0.335000 -10.435000
v -11.650000 -0.335000 -10.435000
v -13.307000 -0.335000 -9.935000
v -11.194000 -0.335000 -9.935000
v -13.422000 -0.335000 -9.435000
v -11.065000 -0.335000 -9.435000
v -13.319000 -0.335000 -8.935000
v -11.047000 -0.335000 -8.935000
v -13.225000 -0.335000 -8.435000
v -11.115000 -0.335000 -8.435000
v -13.344000 -0.335000 -7.935000
v -11.004000 -0.335000 -7.935000
v -13.684000 -0.335000 -7.435000
v -11.060000 -0.335000 -7.435000
v -13.993000 -0.335000 -6.935000
v -10.916000 -0.335000 -6.935000
v -14.074000 -0.335000 -6.435000
v -10.590000 -0.335000 -6.435000
v -14.126000 -0.335000 -5.935000
v -10.037000 -0.335000 -5.935000
v -14.080000 -0.335000 -5.435000
v -9.589000 -0.335000 -5.435000
v -14.107000 -0.335000 -4.935000
v -9.405000 -0.335000 -4.935000
v -14.120000 -0.335000 -4.435000
v -9.318000 -0.335000 -4.435000
v -14.123000 -0.335000 -3.935000
v -9.337000 -0.335000 -3.935000
v -14.120000 -0.335000 -3.435000
v -9.425000 -0.335000 -3.435000
v -14.267000 -0.335000 -2.935000
v -9.719000 -0.335000 -2.935000
v -14.523000 -0.335000 -2.435000
v -9.937000 -0.335000 -2.435000
v -14.605000 -0.335000 -1.935000
v -10.238000 -0.335000 -1.935000
v -14.576000 -0.335000 -1.435000
v -10.466000 -0.335000 -1.435000
v -14.466000 -0.335000 -0.935000
v -10.733000 -0.335000 -0.935000
v -14.102000 -0.335000 -0.435000
v -11.202000 -0.335000 -0.435000
v -14.427000 3.665000 -16.935000
v -11.130000 3.665000 -16.935000
v -14.855000 3.665000 -16.435000
v -10.687000 3.665000 -16.435000
v -14.964000 3.665000 -15.935000
v -10.410000 3.665000 -15.935000
v -14.861000 3.665000 -15.435000
v -10.303000 3.665000 -15.435000
v -14.692000 3.665000 -14.935000
v -10.291000 3.665000 -14.935000
v -14.608000 3.665000 -14.435000
v -10.152000 3.665000 -14.435000
v -14.582000 3.665000 -13.935000
v -9.901000 3.665000 -13.935000
v -14.494000 3.665000 -13.435000
v -9.698000 3.665000 -13.435000
v -14.244000 3.665000 -12.935000
v -9.404000 3.665000 -12.935000
v -14.115000 3.665000 -12.435000
v -9.316000 3.665000 -12.435000
v -14.124000 3.665000 -11.935000
v -9.417000 3.665000 -11.935000
v -14.114000 3.665000 -11.435000
v -9.765000 3.665000 -11.435000
v -14.144000 3.665000 -10.935000
v -10.203000 3.665000 -10.935000
v -14.113000 3.665000 -10.435000
v -10.976000 3.665000 -10.435000
v -14.013000 3.665000 -9.935000
v -11.403000 3.665000 -9.935000
v -13.767000 3.665000 -9.435000
v -11.652000 3.665000 -9.435000
v -13.652000 3.665000 -8.935000
v -11.734000 3.665000 -8.935000
v -13.744000 3.665000 -8.435000
v -11.602000 3.665000 -8.435000
v -13.968000 3.665000 -7.935000
v -11.327000 3.665000 -7.935000
v -14.062000 3.665000 -7.435000
v -10.957000 3.665000 -7.435000
v -14.128000 3.665000 -6.935000
v -10.085000 3.665000 -6.935000
v -14.154000 3.665000 -6.435000
v -9.630000 3.665000 -6.435000
v -14.173000 3.665000 -5.935000
v -9.514000 3.665000 -5.935000
v -14.146000 3.665000 -5.435000
v -9.621000 3.665000 -5.435000
v -14.141000 3.665000 -4.935000
v -9.799000 3.665000 -4.935000
v -14.126000 3.665000 -4.435000
v -9.839000 3.665000 -4.435000
v -14.024000 3.665000 -3.935000
v -9.941000 3.665000 -3.935000
v -13.868000 3.665000 -3.435000
v -10.293000 3.665000 -3.435000
v -13.629000 3.665000 -2.935000
v -10.727000 3.665000 -2.935000
v -13.197000 3.665000 -2.435000
v -11.587000 3.665000 -2.435000
v -13.571000 7.665000 -5.935000
v -12.928000 7.665000 -5.935000
v -14.095000 7.665000 -5.435000
v -12.674000 7.665000 -5.435000
v -14.324000 7.665000 -4.935000
v -12.646000 7.665000 -4.935000
v -14.079000 7.665000 -4.435000
v -12.598000 7.665000 -4.435000
v -13.547000 7.665000 -3.935000
v -12.816000 7.665000 -3.935000
v -14.217000 -0.335000 -3.051000
v -14.217000 -0.335000 -0.548000
v -13.717000 -0.335000 -7.397000
v -13.717000 -0.335000 -0.200000
v -13.217000 -0.335000 -10.091000
v -13.217000 -0.335000 -0.093000
v -12.717000 -0.335000 -10.504000
v -12.717000 -0.335000 -0.027000
v -12.217000 -0.335000 -10.602000
v -12.217000 -0.335000 -0.041000
v -11.717000 -0.335000 -10.473000
v -11.717000 -0.335000 -0.132000
v -11.217000 -0.335000 -9.982000
v -11.217000 -0.335000 -0.424000
v -10.717000 -0.335000 -6.594000
v -10.717000 -0.335000 -0.960000
v -10.217000 -0.335000 -6.068000
v -10.217000 -0.335000 -1.967000
v -9.717000 -0.335000 -5.636000
v -9.717000 -0.335000 -2.937000
v -14.717000 3.665000 -16.664000
v -14.717000 3.665000 -15.010000
v -14.217000 3.665000 -17.046000
v -14.217000 3.665000 -12.869000
v -13.717000 3.665000 -17.134000
v -13.717000 3.665000 -9.303000
v -13.717000 3.665000 -8.513000
v -13.717000 3.665000 -3.135000
v -13.217000 3.665000 -17.168000
v -13.217000 3.665000 -2.449000
v -12.717000 3.665000 -17.267000
v -12.717000 3.665000 -2.279000
v -12.217000 3.665000 -17.363000
v -12.217000 3.665000 -2.344000
v -11.717000 3.665000 -17.269000
v -11.717000 3.665000 -9.193000
v -11.717000 3.665000 -8.796000
v -11.717000 3.665000 -2.393000
v -11.217000 3.665000 -16.996000
v -11.217000 3.665000 -10.204000
v -11.217000 3.665000 -7.750000
v -11.217000 3.665000 -2.603000
v -10.717000 3.665000 -16.486000
v -10.717000 3.665000 -10.597000
v -10.717000 3.665000 -7.246000
v -10.717000 3.665000 -2.945000
v -10.217000 3.665000 -14.608000
v -10.217000 3.665000 -10.921000
v -10.217000 3.665000 -7.004000
v -10.217000 3.665000 -3.509000
v -9.717000 3.665000 -13.469000
v -9.717000 3.665000 -11.481000
v -9.717000 3.665000 -6.588000
v -9.717000 3.665000 -5.222000
v -14.217000 7.665000 -5.298000
v -14.217000 7.665000 -4.587000
v -13.717000 7.665000 -5.793000
v -13.717000 7.665000 -4.145000
v -13.217000 7.665000 -6.033000
v -13.217000 7.665000 -3.808000
v -12.717000 7.665000 -5.678000
v -12.717000 7.665000 -4.036000
v -14.717000 3.398000 -15.435000
v -14.717000 5.384000 -15.435000
v -14.217000 2.537000 -15.435000
v -14.217000 6.396000 -15.435000
v -13.717000 2.082000 -15.435000
v -13.717000 6.742000 -15.435000
v -13.217000 1.916000 -15.435000
v -13.217000 6.950000 -15.435000
v -12.717000 1.893000 -15.435000
v -12.717000 7.254000 -15.435000
v -12.217000 1.941000 -15.435000
v -12.217000 7.354000 -15.435000
v -11.717000 1.981000 -15.435000
v -11.717000 7.315000 -15.435000
v -11.217000 2.110000 -15.435000
v -11.217000 7.262000 -15.435000
v -10.717000 2.522000 -15.435000
v -10.717000 7.154000 -15.435000
v -10.217000 4.921000 -15.435000
v -10.217000 6.799000 -15.435000
v -13.717000 1.403000 -11.435000
v -13.717000 5.360000 -11.435000
v -13.217000 1.004000 -11.435000
v -13.217000 5.697000 -11.435000
v -12.717000 0.744000 -11.435000
v -12.717000 5.794000 -11.435000
v -12.217000 0.731000 -11.435000
v -12.217000 5.775000 -11.435000
v -11.717000 0.918000 -11.435000
v -11.717000 5.717000 -11.435000
v -11.217000 1.377000 -11.435000
v -11.217000 5.627000 -11.435000
v -10.717000 1.904000 -11.435000
v -10.717000 5.280000 -11.435000
v -10.217000 2.470000 -11.435000
v -10.217000 4.714000 -11.435000
v -14.217000 4.377000 -7.435000
v -14.217000 6.936000 -7.435000
v -13.717000 -0.176000 -7.435000
v -13.717000 0.967000 -7.435000
v -13.717000 2.620000 -7.435000
v -13.717000 7.247000 -7.435000
v -13.217000 -0.946000 -7.435000
v -13.217000 7.329000 -7.435000
v -12.717000 -1.093000 -7.435000
v -12.717000 7.226000 -7.435000
v -12.217000 -0.996000 -7.435000
v -12.217000 6.879000 -7.435000
v -11.717000 -0.755000 -7.435000
v -11.717000 6.376000 -7.435000
v -11.217000 -0.448000 -7.435000
v -11.217000 4.316000 -7.435000
v -10.717000 -0.056000 -7.435000
v -10.717000 3.211000 -7.435000
v -10.217000 0.462000 -7.435000
v -10.217000 2.754000 -7.435000
v -14.217000 5.043000 -3.435000
v -14.217000 6.725000 -3.435000
v -13.717000 -1.868000 -3.435000
v -13.717000 7.263000 -3.435000
v -13.217000 -2.259000 -3.435000
v -13.217000 7.415000 -3.435000
v -12.717000 -2.378000 -3.435000
v -12.717000 7.304000 -3.435000
v -12.217000 -2.520000 -3.435000
v -12.217000 5.351000 -3.435000
v -12.217000 5.961000 -3.435000
v -12.217000 6.734000 -3.435000
v -11.717000 -2.814000 -3.435000
v -11.717000 4.953000 -3.435000
v -11.217000 -2.925000 -3.435000
v -11.217000 4.734000 -3.435000
v -10.717000 -2.838000 -3.435000
v -10.717000 4.312000 -3.435000
v -10.217000 -2.498000 -3.435000
v -10.217000 1.339000 -3.435000
v -10.217000 2.062000 -3.435000
v -10.217000 3.149000 -3.435000
v -9.717000 -1.927000 -3.435000
v -9.717000 0.285000 -3.435000
f 126 55 157
f 360 291 126
f 126 291 55
f 360 158 291
f 389 1027 159
f 159 1027 1025
f 1027 1341 1025
f 1343 1341 1027
f 1343 1655 1341
f 1657 1655 1343
f 1657 1955 1655
f 1957 1955 1657
f 57 126 157
f 1955 57 157
f 1957 57 1955
f 126 57 293
f 126 293 360
f 529 158 360
f 293 529 360
f 531 529 293
f 531 797 529
f 799 797 531
f 799 1097 797
f 1099 1097 799
f 1099 390 1097
f 1097 390 160
f 391 727 861
f 161 861 727
f 389 161 727
f 159 161 389
f 1411 160 390
f 1411 390 1413
f 1413 392 1411
f 1411 392 162
f 725 163 861
f 163 391 861
f 163 393 391
f 861 161 725
f 162 394 164
f 392 394 162
f 395 163 165
f 395 393 163
f 396 1808 1719
f 164 396 1719
f 394 396 164
f 1808 166 1719
f 397 165 167
f 397 395 165
f 1721 1808 396
f 1721 398 1808
f 398 166 1808
f 398 168 166
f 399 167 169
f 399 397 167
f 1722 400 1816
f 1816 170 1722
f 170 398 1722
f 170 168 398
f 875 401 726
f 401 169 726
f 401 399 169
f 171 875 726
f 172 1720 1816
f 400 172 1816
f 402 172 400
f 170 1816 1720
f 875 728 401
f 403 728 875
f 171 403 875
f 173 403 171
f 1100 404 1210
f 1100 1210 1518
f 1100 1518 1414
f 1518 174 1414
f 174 402 1414
f 174 172 402
f 173 1026 403
f 403 1026 1028
f 1342 1028 1026
f 1342 1344 1028
f 1656 1791 405
f 1344 1656 405
f 1342 1656 1344
f 1956 2063 1791
f 1956 1791 1656
f 56 151 2063
f 56 2063 1956
f 294 406 151
f 56 294 151
f 292 294 56
f 530 294 292
f 530 532 294
f 530 175 914
f 800 530 914
f 532 530 800
f 1210 404 800
f 1210 800 914
f 1098 1210 914
f 176 1098 914
f 1412 1518 1098
f 1098 1518 1210
f 174 1518 1412
f 1791 1658 405
f 1658 1791 1958
f 1958 1791 2063
f 1958 2063 58
f 58 2063 151
f 151 406 58
f 798 914 175
f 176 914 798
f 864 741 177
f 407 1043 864
f 1043 741 864
f 1043 1041 741
f 1043 1357 1041
f 1359 1357 1043
f 1359 1671 1357
f 1673 1671 1359
f 1673 1971 1671
f 1973 1971 1673
f 1973 71 1971
f 73 71 1973
f 73 307 71
f 309 307 73
f 309 545 307
f 547 545 309
f 547 408 545
f 545 408 178
f 409 3 109
f 109 3 179
f 3 235 179
f 3 237 235
f 237 473 235
f 475 473 237
f 743 864 177
f 473 743 177
f 475 743 473
f 407 864 743
f 813 178 408
f 813 408 815
f 815 410 813
f 813 410 180
f 411 1905 2023
f 409 109 1905
f 1905 109 2023
f 109 1 2023
f 1 181 2023
f 109 179 1
f 180 412 182
f 410 412 180
f 2025 413 2023
f 2023 413 411
f 2023 181 183
f 2023 183 2025
f 816 414 902
f 902 184 816
f 184 412 816
f 184 182 412
f 2027 415 2025
f 2025 415 413
f 2025 183 2
f 115 2025 2
f 2027 2025 115
f 185 115 2
f 186 814 902
f 414 186 902
f 416 186 414
f 184 902 814
f 2027 1906 415
f 1906 2027 4
f 4 2027 115
f 351 417 236
f 236 417 185
f 417 4 185
f 4 115 185
f 187 351 236
f 310 418 380
f 310 380 626
f 310 626 548
f 626 188 548
f 188 416 548
f 188 186 416
f 351 238 417
f 187 474 351
f 474 238 351
f 474 476 238
f 742 476 474
f 742 744 476
f 742 189 1170
f 1044 742 1170
f 744 742 1044
f 1044 1170 1480
f 1044 1480 1360
f 1360 1480 1788
f 1360 1788 1674
f 1674 1788 2060
f 1674 2060 1974
f 1974 2060 148
f 1974 148 74
f 380 418 74
f 148 380 74
f 384 380 148
f 546 626 190
f 626 384 190
f 626 380 384
f 188 626 546
f 1042 1170 189
f 1358 1480 1042
f 1042 1480 1170
f 191 1792 1358
f 1792 1480 1358
f 1792 1788 1480
f 2064 1788 1792
f 2060 1788 2064
f 72 148 192
f 148 2064 192
f 148 2060 2064
f 308 384 72
f 72 384 148
f 190 384 308
f 1672 1792 191
f 1972 2064 1672
f 1672 2064 1792
f 192 2064 1972
f 419 325 361
f 361 325 193
f 325 561 193
f 325 563 561
f 563 829 561
f 831 829 563
f 194 829 1181
f 829 1117 1181
f 829 831 1117
f 1117 420 1181
f 421 89 195
f 195 89 87
f 89 419 361
f 323 89 361
f 87 89 323
f 361 193 323
f 1181 1115 194
f 1115 1181 420
f 1427 1115 420
f 1425 1115 1427
f 1427 422 1425
f 1425 422 196
f 423 1621 197
f 197 1621 1619
f 1621 1919 1619
f 1921 1919 1621
f 1921 17 1919
f 19 17 1921
f 19 251 17
f 253 251 19
f 253 489 251
f 491 489 253
f 491 757 489
f 759 757 491
f 759 1057 757
f 1059 1057 759
f 1059 1373 1057
f 1375 1373 1059
f 1375 1687 1373
f 1689 1687 1375
f 1689 1987 1687
f 1989 1987 1689
f 195 1987 1989
f 195 1989 421
f 1727 196 422
f 1727 422 1729
f 1729 424 1727
f 1727 424 198
f 425 1309 1445
f 199 1445 1309
f 423 199 1309
f 197 199 423
f 198 426 200
f 424 426 198
f 1307 201 1445
f 201 425 1445
f 201 427 425
f 1445 199 1307
f 200 428 202
f 426 428 200
f 1449 429 1308
f 429 201 1308
f 429 427 201
f 203 1449 1308
f 1730 430 204
f 1730 204 1728
f 1728 202 1730
f 1730 202 428
f 1449 1310 429
f 431 1310 1449
f 203 431 1449
f 205 431 203
f 1118 432 1206
f 1118 1206 206
f 1426 1118 206
f 1428 1118 1426
f 1426 204 1428
f 1428 204 430
f 205 1620 431
f 431 1620 1622
f 433 1622 1620
f 433 1620 207
f 564 434 208
f 564 208 562
f 830 564 562
f 830 832 564
f 432 832 1206
f 832 1116 1206
f 832 830 1116
f 206 1206 1116
f 2031 435 1920
f 435 207 1920
f 435 433 207
f 209 2031 1920
f 88 149 210
f 326 436 149
f 88 326 149
f 324 326 88
f 324 208 326
f 326 208 434
f 2031 1922 435
f 121 437 18
f 18 437 209
f 437 1922 209
f 1922 2031 209
f 211 121 18
f 210 149 90
f 438 210 90
f 212 210 438
f 149 436 90
f 121 20 437
f 357 439 252
f 252 439 211
f 439 20 211
f 20 121 211
f 213 357 252
f 1688 1797 214
f 1988 2069 1797
f 1988 1797 1688
f 1988 212 2069
f 212 440 2069
f 212 438 440
f 357 254 439
f 213 490 357
f 490 254 357
f 490 492 254
f 758 885 441
f 492 758 441
f 490 758 492
f 1058 1179 885
f 1058 885 758
f 1376 442 1179
f 1058 1376 1179
f 1374 1376 1058
f 1797 1690 214
f 1690 1374 214
f 1690 1376 1374
f 1690 1797 1990
f 1990 1797 2069
f 2069 440 1990
f 885 760 441
f 760 885 1060
f 1060 885 1179
f 1179 442 1060
f 443 1325 1441
f 1441 1325 215
f 1325 1635 215
f 1325 1637 1635
f 1637 1935 1635
f 1937 1935 1637
f 216 1935 105
f 1935 35 105
f 1935 1937 35
f 105 35 339
f 339 35 269
f 339 269 583
f 583 269 507
f 583 507 859
f 859 507 775
f 775 444 859
f 1323 217 1441
f 217 443 1441
f 217 445 443
f 1441 215 1323
f 105 33 216
f 339 267 33
f 339 33 105
f 583 505 267
f 583 267 339
f 859 773 505
f 859 505 583
f 773 859 444
f 1075 773 444
f 1073 773 1075
f 1075 1389 1073
f 1391 1389 1075
f 1391 1703 1389
f 1705 1703 1391
f 1705 446 1703
f 1703 446 218
f 447 1013 219
f 219 1013 1011
f 217 1011 1013
f 217 1013 445
f 448 2046 2003
f 218 448 2003
f 446 448 218
f 2046 220 2003
f 449 219 221
f 449 447 219
f 2005 2046 448
f 2005 450 2046
f 450 220 2046
f 450 222 220
f 451 717 223
f 223 717 715
f 221 715 717
f 221 717 449
f 452 138 103
f 222 452 103
f 450 452 222
f 138 224 103
f 453 223 225
f 453 451 223
f 454 142 138
f 454 138 452
f 224 138 226
f 226 138 142
f 455 225 227
f 455 453 225
f 2006 456 2058
f 142 454 2006
f 2058 142 2006
f 146 142 2058
f 226 142 228
f 228 142 146
f 718 455 856
f 455 229 856
f 455 227 229
f 457 718 856
f 776 458 880
f 776 880 1172
f 776 1172 1076
f 1076 1172 1482
f 1076 1482 1392
f 1392 1482 1790
f 1392 1790 1706
f 2058 456 1706
f 2058 1706 1790
f 2004 2058 1790
f 230 2004 1790
f 104 146 2004
f 2004 146 2058
f 228 146 104
f 716 856 229
f 1014 457 1148
f 1148 457 231
f 457 856 231
f 856 716 231
f 459 1014 1148
f 270 460 232
f 270 232 268
f 506 270 268
f 506 508 270
f 458 508 880
f 508 774 880
f 508 506 774
f 1074 1172 774
f 774 1172 880
f 1390 1482 1074
f 1074 1482 1172
f 1704 1790 1390
f 1390 1790 1482
f 230 1790 1704
f 1012 1148 231
f 1148 1012 459
f 1012 1326 459
f 1012 1324 1326
f 1324 233 1768
f 1638 1324 1768
f 1326 1324 1638
f 1638 1768 234
f 1936 1638 234
f 1938 1638 1936
f 34 1938 1936
f 34 36 1938
f 34 232 36
f 36 232 460
f 1636 1768 233
f 234 1768 1636
f 633 1029 389
f 389 1029 1027
f 1029 1343 1027
f 1345 1343 1029
f 1345 1657 1343
f 1659 1657 1345
f 1659 1957 1657
f 1959 1957 1659
f 1959 57 1957
f 59 57 1959
f 59 293 57
f 295 293 59
f 295 531 293
f 533 531 295
f 533 799 531
f 801 799 533
f 801 1099 799
f 1101 1099 801
f 1101 634 1099
f 1099 634 390
f 635 729 391
f 391 729 727
f 389 727 729
f 389 729 633
f 636 1498 1413
f 390 636 1413
f 634 636 390
f 1498 392 1413
f 637 391 393
f 637 635 391
f 1415 1498 636
f 1415 638 1498
f 638 392 1498
f 638 394 392
f 639 393 395
f 639 637 393
f 394 640 396
f 638 640 394
f 641 395 397
f 641 639 395
f 642 1812 1721
f 396 642 1721
f 640 642 396
f 1812 398 1721
f 643 397 399
f 643 641 397
f 400 1722 1812
f 642 400 1812
f 644 400 642
f 398 1812 1722
f 645 399 401
f 645 643 399
f 1416 646 1516
f 1516 402 1416
f 402 644 1416
f 402 400 644
f 401 728 645
f 645 728 730
f 647 730 728
f 647 728 403
f 802 648 912
f 802 912 404
f 1100 802 404
f 1102 802 1100
f 646 1102 1516
f 1102 1414 1516
f 1102 1100 1414
f 402 1516 1414
f 1173 649 1028
f 649 403 1028
f 649 647 403
f 1344 1483 1173
f 1344 1173 1028
f 405 1483 1344
f 294 387 406
f 534 650 387
f 294 534 387
f 532 534 294
f 648 534 912
f 534 800 912
f 534 532 800
f 404 912 800
f 1173 1030 649
f 1030 1173 1346
f 1346 1173 1483
f 405 1658 1483
f 1658 1346 1483
f 1658 1660 1346
f 1958 1660 1658
f 1958 1960 1660
f 58 1960 1958
f 58 60 1960
f 387 296 406
f 296 58 406
f 296 60 58
f 387 650 296
f 1156 1043 407
f 1464 1359 1156
f 1156 1359 1043
f 651 1675 1464
f 1675 1359 1464
f 1675 1673 1359
f 1675 1973 1673
f 1975 1973 1675
f 1975 73 1973
f 75 73 1975
f 75 309 73
f 311 309 75
f 311 547 309
f 549 547 311
f 408 547 895
f 547 817 895
f 547 549 817
f 817 652 895
f 653 1907 2021
f 2021 1907 409
f 1907 3 409
f 1907 5 3
f 5 237 3
f 239 237 5
f 239 475 237
f 477 475 239
f 477 743 475
f 745 743 477
f 1045 1156 407
f 743 1045 407
f 745 1045 743
f 1156 1045 1361
f 1156 1361 1464
f 651 1464 1361
f 895 815 408
f 895 652 815
f 652 410 815
f 652 654 410
f 1905 411 2021
f 411 653 2021
f 411 655 653
f 2021 409 1905
f 410 656 412
f 654 656 410
f 657 1611 1753
f 413 1753 1611
f 655 413 1611
f 411 413 655
f 818 658 414
f 818 414 816
f 816 412 818
f 818 412 656
f 1753 1612 657
f 659 1612 1753
f 413 659 1753
f 415 659 413
f 550 660 622
f 622 416 550
f 416 658 550
f 416 414 658
f 2029 661 1906
f 661 415 1906
f 661 659 415
f 4 117 2029
f 4 2029 1906
f 417 117 4
f 1676 662 1784
f 1676 1784 2056
f 1676 2056 1976
f 1976 2056 144
f 1976 144 76
f 76 144 418
f 310 76 418
f 312 76 310
f 660 312 622
f 312 548 622
f 312 310 548
f 416 622 548
f 2029 1908 661
f 1908 2029 6
f 6 2029 117
f 417 238 117
f 238 6 117
f 238 240 6
f 476 597 663
f 240 476 663
f 238 476 240
f 746 664 597
f 476 746 597
f 744 746 476
f 1044 746 744
f 1044 1046 746
f 1360 1046 1044
f 1360 1362 1046
f 662 1362 1784
f 1362 1674 1784
f 1362 1360 1674
f 1974 2056 1674
f 1674 2056 1784
f 74 144 1974
f 1974 144 2056
f 418 144 74
f 597 478 663
f 597 664 478
f 665 327 419
f 419 327 325
f 327 563 325
f 565 563 327
f 565 831 563
f 833 831 565
f 833 1117 831
f 1119 1117 833
f 420 1117 1493
f 1117 1429 1493
f 1117 1119 1429
f 1429 666 1493
f 667 91 421
f 421 91 89
f 419 89 91
f 419 91 665
f 1493 1427 420
f 666 1731 1801
f 666 1801 422
f 1493 666 422
f 1427 1493 422
f 1731 668 1801
f 669 1623 423
f 423 1623 1621
f 1623 1921 1621
f 1923 1921 1623
f 1923 19 1921
f 21 19 1923
f 21 253 19
f 255 253 21
f 255 491 253
f 493 491 255
f 493 759 491
f 761 759 493
f 761 1059 759
f 1061 1059 761
f 1061 1375 1059
f 1377 1375 1061
f 1377 1689 1375
f 1691 1689 1377
f 1691 1989 1689
f 1991 1989 1691
f 421 1989 1991
f 421 1991 667
f 1801 1729 422
f 1801 668 1729
f 668 424 1729
f 668 670 424
f 671 1311 425
f 425 1311 1309
f 423 1309 1311
f 423 1311 669
f 670 2007 2075
f 426 670 2075
f 424 670 426
f 2007 672 2075
f 673 425 427
f 673 671 425
f 426 2075 2008
f 674 426 2008
f 428 426 674
f 2075 672 2008
f 675 427 429
f 675 673 427
f 1730 1813 430
f 1730 428 1813
f 428 676 1813
f 428 674 676
f 1451 677 1310
f 677 429 1310
f 677 675 429
f 431 1451 1310
f 1120 678 432
f 1120 432 1118
f 1428 1120 1118
f 1428 1430 1120
f 1813 1732 430
f 1732 1428 430
f 1732 1430 1428
f 1813 676 1732
f 1451 1312 677
f 1761 679 1622
f 1622 679 431
f 679 1312 431
f 1312 1451 431
f 433 1761 1622
f 566 680 434
f 566 434 564
f 832 566 564
f 832 834 566
f 832 432 834
f 834 432 678
f 1763 681 1761
f 1761 681 679
f 1761 433 435
f 1761 435 1763
f 328 682 436
f 328 436 326
f 326 434 328
f 328 434 680
f 1763 1624 681
f 2033 683 1922
f 1922 683 435
f 683 1624 435
f 1624 1763 435
f 437 2033 1922
f 90 153 438
f 90 436 153
f 436 684 153
f 436 682 684
f 2033 1924 683
f 123 685 20
f 20 685 437
f 685 1924 437
f 1924 2033 437
f 439 123 20
f 438 153 92
f 686 438 92
f 440 438 686
f 153 684 92
f 123 22 685
f 439 254 123
f 254 22 123
f 254 256 22
f 492 603 687
f 256 492 687
f 254 492 256
f 441 603 492
f 1376 1491 442
f 1692 688 1491
f 1376 1692 1491
f 1690 1692 1376
f 1990 1692 1690
f 1990 1992 1692
f 1990 440 1992
f 1992 440 686
f 603 494 687
f 441 760 603
f 760 494 603
f 760 762 494
f 1060 762 760
f 1060 1062 762
f 1491 1378 442
f 1378 1060 442
f 1378 1062 1060
f 1491 688 1378
f 689 1327 443
f 443 1327 1325
f 1327 1637 1325
f 1639 1637 1327
f 1639 1937 1637
f 1939 1937 1639
f 1939 35 1937
f 37 35 1939
f 37 269 35
f 271 269 37
f 271 507 269
f 509 507 271
f 509 775 507
f 777 775 509
f 444 775 1153
f 775 1077 1153
f 775 777 1077
f 1077 690 1153
f 691 1015 1133
f 445 1133 1015
f 689 445 1015
f 443 445 689
f 1153 1075 444
f 1075 1153 690
f 1393 1075 690
f 1391 1075 1393
f 1774 1705 692
f 1705 1393 692
f 1705 1391 1393
f 1774 446 1705
f 1013 447 1133
f 447 691 1133
f 447 693 691
f 1133 445 1013
f 1707 1774 692
f 1707 694 1774
f 694 446 1774
f 694 448 446
f 695 447 449
f 695 693 447
f 696 2048 2005
f 448 696 2005
f 694 696 448
f 2048 450 2005
f 697 719 451
f 451 719 717
f 449 717 719
f 449 719 695
f 698 2050 2048
f 698 2048 696
f 450 2048 452
f 452 2048 2050
f 699 451 453
f 699 697 451
f 700 2054 2050
f 700 2050 698
f 452 2050 454
f 454 2050 2054
f 701 453 455
f 701 699 453
f 1708 702 1786
f 2054 700 1708
f 2054 1708 1786
f 2006 2054 1786
f 456 2006 1786
f 454 2054 2006
f 455 718 701
f 701 718 720
f 703 720 718
f 703 718 457
f 510 704 598
f 510 598 458
f 776 510 458
f 778 510 776
f 1076 778 776
f 1076 1078 778
f 1392 1078 1076
f 1392 1394 1078
f 702 1394 1786
f 1394 1706 1786
f 1394 1392 1706
f 456 1786 1706
f 457 1014 703
f 703 1014 1016
f 1014 459 1458
f 1328 1014 1458
f 1016 1014 1328
f 705 1328 1458
f 1940 706 2034
f 1940 2034 122
f 1940 122 38
f 38 122 460
f 270 38 460
f 272 38 270
f 704 272 598
f 272 508 598
f 272 270 508
f 458 598 508
f 1326 1458 459
f 1458 1326 705
f 1326 1640 705
f 1326 1638 1640
f 706 1640 2034
f 1640 1938 2034
f 1640 1638 1938
f 36 122 1938
f 1938 122 2034
f 460 122 36
f 915 281 369
f 369 281 615
f 615 281 519
f 519 916 615
f 917 45 135
f 915 369 45
f 369 135 45
f 369 371 135
f 369 617 371
f 369 615 617
f 787 899 916
f 899 615 916
f 899 617 615
f 899 787 1195
f 1195 787 1087
f 1087 918 1195
f 137 919 135
f 135 919 917
f 135 373 137
f 135 371 373
f 371 619 373
f 371 617 619
f 617 901 619
f 617 899 901
f 899 1199 901
f 899 1195 1199
f 1401 1509 918
f 1509 1195 918
f 1509 1199 1195
f 1401 920 1509
f 139 921 137
f 137 921 919
f 137 375 139
f 137 373 375
f 373 621 375
f 373 619 621
f 619 905 621
f 619 901 905
f 901 1203 905
f 901 1199 1203
f 1199 1513 1203
f 1199 1509 1513
f 1509 920 1513
f 1513 920 922
f 139 46 921
f 46 139 282
f 282 139 375
f 282 375 923
f 375 625 923
f 375 621 625
f 621 909 625
f 621 905 909
f 905 1207 909
f 905 1203 1207
f 1203 1515 1207
f 1203 1513 1515
f 1513 922 1515
f 1515 922 924
f 625 520 923
f 520 625 788
f 788 625 909
f 788 909 1088
f 1088 909 1207
f 1088 1207 1402
f 1402 1207 1515
f 1515 924 1402
f 925 1031 633
f 633 1031 1029
f 1031 1345 1029
f 1347 1345 1031
f 1347 1659 1345
f 1661 1659 1347
f 1661 1959 1659
f 1961 1959 1661
f 1961 59 1959
f 61 59 1961
f 61 295 59
f 297 295 61
f 297 533 295
f 535 533 297
f 535 801 533
f 803 801 535
f 1184 1101 926
f 1101 803 926
f 1101 801 803
f 1184 634 1101
f 862 729 635
f 633 729 862
f 927 633 862
f 925 633 927
f 1103 1184 926
f 1103 928 1184
f 928 634 1184
f 928 636 634
f 862 635 731
f 635 929 731
f 635 637 929
f 927 862 731
f 930 1502 1415
f 636 930 1415
f 928 930 636
f 1502 638 1415
f 931 637 639
f 931 929 637
f 932 1506 1502
f 932 1502 930
f 638 1502 640
f 640 1502 1506
f 933 639 641
f 933 931 639
f 934 1510 1506
f 934 1506 932
f 640 1506 642
f 642 1506 1510
f 935 641 643
f 935 933 641
f 936 1514 1510
f 936 1510 934
f 642 1510 644
f 644 1510 1514
f 937 643 645
f 937 935 643
f 1104 938 1208
f 1514 936 1104
f 1514 1104 1208
f 1416 1514 1208
f 646 1416 1208
f 644 1514 1416
f 877 939 730
f 939 645 730
f 939 937 645
f 647 877 730
f 804 940 648
f 804 648 802
f 938 804 1208
f 804 1102 1208
f 804 802 1102
f 646 1208 1102
f 877 732 939
f 941 732 877
f 647 941 877
f 649 941 647
f 536 942 650
f 536 650 534
f 534 648 536
f 536 648 940
f 649 1030 941
f 941 1030 1032
f 1346 1032 1030
f 1346 1348 1032
f 1660 1795 943
f 1348 1660 943
f 1346 1660 1348
f 1960 2067 1795
f 1960 1795 1660
f 62 944 2067
f 1960 62 2067
f 60 62 1960
f 296 62 60
f 296 298 62
f 296 650 298
f 298 650 942
f 1795 1662 943
f 1662 1795 1962
f 1962 1795 2067
f 2067 944 1962
f 945 551 611
f 551 946 611
f 1772 1675 651
f 947 1977 1772
f 1977 1675 1772
f 1977 1975 1675
f 1977 75 1975
f 77 75 1977
f 77 311 75
f 313 311 77
f 313 945 611
f 549 313 611
f 311 313 549
f 549 611 946
f 819 549 946
f 817 549 819
f 652 817 1189
f 817 1105 1189
f 817 819 1105
f 1105 948 1189
f 949 1909 653
f 653 1909 1907
f 1909 5 1907
f 7 5 1909
f 7 239 5
f 241 239 7
f 241 477 239
f 479 477 241
f 479 745 477
f 747 745 479
f 747 1045 745
f 1047 1045 747
f 1047 1361 1045
f 1363 1361 1047
f 1677 1772 651
f 1361 1677 651
f 1363 1677 1361
f 947 1772 1677
f 1193 654 652
f 1193 652 1189
f 1189 948 1193
f 1193 948 950
f 951 1613 1749
f 655 1749 1613
f 949 655 1613
f 653 655 949
f 1197 656 654
f 1197 654 1193
f 1193 950 1197
f 1197 950 952
f 1611 657 1749
f 657 951 1749
f 657 953 951
f 1749 655 1611
f 818 903 658
f 1197 1106 656
f 656 1106 818
f 1106 954 818
f 954 903 818
f 1197 952 1106
f 1757 955 1612
f 955 657 1612
f 955 953 657
f 659 1757 1612
f 314 956 376
f 314 376 660
f 550 314 660
f 552 314 550
f 903 820 658
f 820 550 658
f 820 552 550
f 903 954 820
f 1757 1614 955
f 957 1614 1757
f 659 957 1757
f 661 957 659
f 1678 958 662
f 1678 662 1676
f 1976 1678 1676
f 1976 1978 1678
f 76 1978 1976
f 76 78 1978
f 956 78 376
f 78 312 376
f 78 76 312
f 660 376 312
f 661 1908 957
f 957 1908 1910
f 6 119 959
f 1910 6 959
f 1908 6 1910
f 240 353 119
f 240 119 6
f 663 353 240
f 746 879 664
f 1048 960 879
f 746 1048 879
f 1046 1048 746
f 1362 1048 1046
f 1362 1364 1048
f 1362 662 1364
f 1364 662 958
f 119 8 959
f 8 119 242
f 242 119 353
f 663 478 353
f 478 242 353
f 478 480 242
f 879 748 664
f 748 478 664
f 748 480 478
f 879 960 748
f 961 329 665
f 665 329 327
f 329 565 327
f 567 565 329
f 567 833 565
f 835 833 567
f 835 1119 833
f 1121 1119 835
f 1121 1429 1119
f 1431 1429 1121
f 666 1429 1799
f 1429 1733 1799
f 1429 1431 1733
f 1733 962 1799
f 963 93 667
f 667 93 91
f 665 91 93
f 665 93 961
f 1799 1731 666
f 1799 962 1731
f 962 668 1731
f 962 964 668
f 965 1313 1443
f 1443 1313 669
f 1313 1623 669
f 1313 1625 1623
f 1625 1923 1623
f 1925 1923 1625
f 1925 21 1923
f 23 21 1925
f 23 255 21
f 257 255 23
f 257 493 255
f 495 493 257
f 495 761 493
f 763 761 495
f 763 1061 761
f 1063 1061 763
f 1063 1377 1061
f 1379 1377 1063
f 1379 1691 1377
f 1693 1691 1379
f 1693 1991 1691
f 1993 1991 1693
f 667 1991 1993
f 667 1993 963
f 964 2009 2073
f 670 964 2073
f 668 964 670
f 2009 966 2073
f 1311 671 1443
f 671 965 1443
f 671 967 965
f 1443 669 1311
f 2073 2007 670
f 2073 966 2007
f 966 672 2007
f 966 968 672
f 969 1001 1137
f 673 1137 1001
f 967 673 1001
f 671 673 967
f 2008 2077 674
f 2008 672 2077
f 672 970 2077
f 672 968 970
f 1139 971 1137
f 1137 971 969
f 1137 673 675
f 1137 675 1139
f 674 2077 2010
f 972 674 2010
f 676 674 972
f 2077 970 2010
f 1141 973 1139
f 1139 973 971
f 1139 675 677
f 1139 677 1141
f 1122 974 678
f 1122 678 1120
f 1430 1122 1120
f 1430 1432 1122
f 1732 1432 1430
f 1732 1734 1432
f 1732 676 1734
f 1734 676 972
f 1141 1002 973
f 1453 975 1312
f 1312 975 677
f 975 1002 677
f 1002 1141 677
f 679 1453 1312
f 568 976 680
f 568 680 566
f 834 568 566
f 834 836 568
f 834 678 836
f 836 678 974
f 1455 977 1453
f 1453 977 975
f 1453 679 681
f 1453 681 1455
f 328 385 682
f 328 680 385
f 680 978 385
f 680 976 978
f 1457 979 1455
f 1455 979 977
f 1455 681 1624
f 1765 1455 1624
f 1457 1455 1765
f 683 1765 1624
f 682 385 330
f 980 682 330
f 684 682 980
f 385 978 330
f 1457 1314 979
f 1314 1457 1626
f 1626 1457 1765
f 2035 981 1924
f 1924 981 683
f 981 1626 683
f 1626 1765 683
f 685 2035 1924
f 94 982 686
f 94 686 92
f 92 684 94
f 94 684 980
f 2035 1926 981
f 685 22 2035
f 22 1926 2035
f 22 24 1926
f 256 24 22
f 256 258 24
f 983 258 256
f 983 256 687
f 1694 984 688
f 1694 688 1692
f 1992 1694 1692
f 1992 1994 1694
f 1992 686 1994
f 1994 686 982
f 687 494 983
f 983 494 496
f 762 496 494
f 762 764 496
f 1062 764 762
f 1062 1064 764
f 1378 1064 1062
f 1378 1380 1064
f 1378 688 1380
f 1380 688 984
f 985 1329 689
f 689 1329 1327
f 1329 1639 1327
f 1641 1639 1329
f 1641 1939 1639
f 1941 1939 1641
f 1941 37 1939
f 39 37 1941
f 39 271 37
f 273 271 39
f 273 509 271
f 511 509 273
f 511 777 509
f 779 777 511
f 779 1077 777
f 1079 1077 779
f 1079 986 1077
f 1077 986 690
f 1134 1015 691
f 689 1015 1134
f 987 689 1134
f 985 689 987
f 1393 690 986
f 1393 986 1395
f 1395 988 1393
f 1393 988 692
f 1134 691 1017
f 691 989 1017
f 691 693 989
f 987 1134 1017
f 990 1776 1707
f 692 990 1707
f 988 990 692
f 1776 694 1707
f 991 693 695
f 991 989 693
f 1709 1776 990
f 1709 992 1776
f 992 694 1776
f 992 696 694
f 993 721 697
f 697 721 719
f 695 719 721
f 695 721 991
f 1710 994 1780
f 1780 698 1710
f 698 992 1710
f 698 696 992
f 995 697 699
f 995 993 697
f 996 1782 1780
f 996 1780 994
f 698 1780 700
f 700 1780 1782
f 997 699 701
f 997 995 699
f 1080 998 1168
f 1080 1168 1478
f 1080 1478 1396
f 1782 996 1396
f 1782 1396 1478
f 1708 1782 1478
f 702 1708 1478
f 700 1782 1708
f 701 720 997
f 997 720 722
f 999 722 720
f 999 720 703
f 274 1000 354
f 274 354 704
f 510 274 704
f 512 274 510
f 778 512 510
f 778 780 512
f 998 780 1168
f 780 1078 1168
f 780 778 1078
f 1394 1478 1078
f 1078 1478 1168
f 702 1478 1394
f 703 1016 999
f 999 1016 1018
f 1328 1018 1016
f 1328 1330 1018
f 1328 705 1766
f 1642 1328 1766
f 1330 1328 1642
f 1642 1766 706
f 1940 1642 706
f 1942 1642 1940
f 38 1942 1940
f 38 40 1942
f 1000 40 354
f 40 272 354
f 40 38 272
f 704 354 272
f 1640 1766 705
f 706 1766 1640
f 1213 47 125
f 47 1214 125
f 1215 1947 2039
f 1213 125 1947
f 125 2039 1947
f 125 127 2039
f 283 363 1214
f 363 125 1214
f 363 127 125
f 363 283 609
f 609 283 521
f 521 1216 609
f 2041 1217 2039
f 2039 1217 1215
f 2039 131 2041
f 2039 127 131
f 127 367 131
f 127 363 367
f 363 613 367
f 363 609 613
f 789 893 1216
f 893 609 1216
f 893 613 609
f 789 1218 893
f 2045 1219 2041
f 2041 1219 1217
f 2041 133 2045
f 2041 131 133
f 367 281 915
f 133 367 915
f 131 367 133
f 613 519 281
f 613 281 367
f 897 916 519
f 613 897 519
f 893 897 613
f 1089 1191 1218
f 1191 893 1218
f 1191 897 893
f 1089 1220 1191
f 1221 1647 1777
f 1219 2045 1647
f 2045 1777 1647
f 2045 2047 1777
f 133 45 917
f 2047 133 917
f 2045 133 2047
f 133 915 45
f 897 787 916
f 1191 1087 787
f 1191 787 897
f 1220 1403 1505
f 1220 1505 918
f 1191 1220 918
f 1087 1191 918
f 1403 1222 1505
f 1779 1223 1777
f 1777 1223 1221
f 1777 2049 1779
f 1777 2047 2049
f 2047 917 919
f 2047 919 2049
f 1505 1401 918
f 1505 1222 1401
f 1222 920 1401
f 1222 1224 920
f 1781 1225 1779
f 1779 1225 1223
f 1779 2051 1781
f 1779 2049 2051
f 2049 919 921
f 2049 921 2051
f 1224 1711 1815
f 922 1224 1815
f 920 1224 922
f 1711 1226 1815
f 1781 1648 1225
f 1648 1781 1227
f 1781 2055 1227
f 1781 2051 2055
f 2051 921 46
f 143 2051 46
f 2055 2051 143
f 282 379 143
f 282 143 46
f 923 379 282
f 922 1815 1712
f 1228 922 1712
f 924 922 1228
f 1815 1226 1712
f 2055 1948 1227
f 1948 2055 48
f 48 2055 143
f 48 143 284
f 284 143 379
f 629 1229 520
f 520 1229 923
f 1229 284 923
f 284 379 923
f 788 911 629
f 788 629 520
f 1088 1209 911
f 1088 911 788
f 1402 1517 1209
f 1402 1209 1088
f 1402 924 1517
f 924 1230 1517
f 924 1228 1230
f 629 522 1229
f 522 629 790
f 790 629 911
f 790 911 1090
f 1090 911 1209
f 1090 1209 1404
f 1404 1209 1517
f 1517 1230 1404
f 1152 1031 925
f 1462 1347 1152
f 1152 1347 1031
f 1231 1663 1462
f 1663 1347 1462
f 1663 1661 1347
f 1663 1961 1661
f 1963 1961 1663
f 1963 61 1961
f 63 61 1963
f 63 297 61
f 299 297 63
f 610 535 1232
f 535 299 1232
f 535 297 299
f 890 803 610
f 610 803 535
f 890 926 803
f 1152 925 1033
f 925 1233 1033
f 925 927 1233
f 1152 1033 1349
f 1152 1349 1462
f 1231 1462 1349
f 537 610 1232
f 610 537 805
f 610 805 890
f 1234 1188 1103
f 1234 1103 926
f 805 1234 926
f 890 805 926
f 1188 928 1103
f 1235 733 929
f 929 733 731
f 927 731 733
f 927 733 1233
f 1236 1192 1188
f 1236 1188 1234
f 928 1188 930
f 930 1188 1192
f 1237 929 931
f 1237 1235 929
f 1238 1196 1192
f 1238 1192 1236
f 930 1192 932
f 932 1192 1196
f 1239 931 933
f 1239 1237 931
f 1240 1200 1196
f 1240 1196 1238
f 932 1196 934
f 934 1196 1200
f 1241 933 935
f 1241 1239 933
f 1242 1204 1200
f 1242 1200 1240
f 934 1200 936
f 936 1200 1204
f 1243 935 937
f 1243 1241 935
f 938 1104 1204
f 1242 938 1204
f 1244 938 1242
f 936 1204 1104
f 1245 937 939
f 1245 1243 937
f 806 1246 940
f 806 940 804
f 804 938 806
f 806 938 1244
f 939 732 1245
f 1245 732 734
f 1247 734 732
f 1247 732 941
f 538 1248 942
f 538 942 536
f 536 940 538
f 538 940 1246
f 941 1032 1247
f 1247 1032 1034
f 1348 1487 1249
f 1034 1348 1249
f 1032 1348 1034
f 943 1487 1348
f 62 155 944
f 300 1250 155
f 62 300 155
f 298 300 62
f 298 942 300
f 300 942 1248
f 1487 1350 1249
f 943 1662 1487
f 1662 1350 1487
f 1662 1664 1350
f 1962 1664 1662
f 1962 1964 1664
f 155 64 944
f 64 1962 944
f 64 1964 1962
f 155 1250 64
f 1251 315 365
f 365 315 945
f 315 551 945
f 315 553 551
f 946 551 891
f 551 821 891
f 551 553 821
f 891 821 1185
f 1185 821 1107
f 1107 1252 1185
f 2042 1977 947
f 1253 79 2042
f 79 1977 2042
f 79 77 1977
f 79 1251 365
f 313 79 365
f 77 79 313
f 365 945 313
f 891 819 946
f 1185 1105 819
f 1185 819 891
f 1185 1252 1105
f 1252 948 1105
f 1252 1254 948
f 1255 1911 949
f 949 1911 1909
f 1911 7 1909
f 9 7 1911
f 9 241 7
f 243 241 9
f 243 479 241
f 481 479 243
f 481 747 479
f 749 747 481
f 749 1047 747
f 1049 1047 749
f 1049 1363 1047
f 1365 1363 1049
f 1365 1677 1363
f 1679 1677 1365
f 1979 2042 947
f 1677 1979 947
f 1679 1979 1677
f 1253 2042 1979
f 1254 1417 1503
f 950 1254 1503
f 948 1254 950
f 1417 1256 1503
f 1750 1613 951
f 949 1613 1750
f 1257 949 1750
f 1255 949 1257
f 950 1503 1418
f 1258 950 1418
f 952 950 1258
f 1503 1256 1418
f 1750 951 1615
f 951 1259 1615
f 951 953 1259
f 1257 1750 1615
f 1106 1201 954
f 1106 952 1201
f 952 1260 1201
f 952 1258 1260
f 1616 1259 1758
f 1259 955 1758
f 1259 953 955
f 1261 1616 1758
f 1980 1262 2052
f 1980 2052 140
f 1980 140 80
f 80 140 956
f 314 80 956
f 316 80 314
f 552 316 314
f 552 554 316
f 820 554 552
f 820 822 554
f 1201 1108 954
f 1108 820 954
f 1108 822 820
f 1201 1260 1108
f 1614 1758 955
f 1261 1758 1614
f 957 1261 1614
f 1263 1261 957
f 1366 1264 1476
f 1366 1476 958
f 1678 1366 958
f 1680 1366 1678
f 1262 1680 2052
f 1680 1978 2052
f 1680 1678 1978
f 78 140 1978
f 1978 140 2052
f 956 140 78
f 957 1910 1263
f 1263 1910 1912
f 1265 1912 1910
f 1265 1910 959
f 1050 1266 960
f 1050 960 1048
f 1264 1050 1476
f 1050 1364 1476
f 1050 1048 1364
f 958 1476 1364
f 959 8 1265
f 1265 8 10
f 242 10 8
f 242 244 10
f 480 244 242
f 480 482 244
f 748 482 480
f 748 750 482
f 748 960 750
f 750 960 1266
f 362 329 961
f 1267 569 362
f 569 329 362
f 569 567 329
f 569 835 567
f 837 835 569
f 837 1121 835
f 1123 1121 837
f 1123 1431 1121
f 1433 1431 1123
f 1433 1733 1431
f 1735 1733 1433
f 1735 1268 1733
f 1733 1268 962
f 1269 95 963
f 963 95 93
f 331 362 961
f 93 331 961
f 95 331 93
f 1267 362 331
f 1268 2011 2071
f 964 1268 2071
f 962 1268 964
f 2011 1270 2071
f 1271 1315 965
f 965 1315 1313
f 1315 1625 1313
f 1627 1625 1315
f 1627 1925 1625
f 1927 1925 1627
f 1927 23 1925
f 25 23 1927
f 25 257 23
f 259 257 25
f 259 495 257
f 497 495 259
f 497 763 495
f 765 763 497
f 765 1063 763
f 1065 1063 765
f 1065 1379 1063
f 1381 1379 1065
f 1381 1693 1379
f 1695 1693 1381
f 1695 1993 1693
f 1995 1993 1695
f 963 1993 1995
f 963 1995 1269
f 2071 2009 964
f 2071 1270 2009
f 1270 966 2009
f 1270 1272 966
f 1273 1003 1135
f 967 1135 1003
f 1271 967 1003
f 965 967 1271
f 966 1274 968
f 1272 1274 966
f 1001 969 1135
f 969 1273 1135
f 969 1275 1273
f 1135 967 1001
f 968 1276 970
f 1274 1276 968
f 1277 969 971
f 1277 1275 969
f 2012 1278 972
f 2012 972 2010
f 2010 970 2012
f 2012 970 1276
f 1279 707 851
f 973 851 707
f 1277 973 707
f 971 973 1277
f 1124 1280 974
f 1124 974 1122
f 1432 1124 1122
f 1432 1434 1124
f 1734 1434 1432
f 1734 1736 1434
f 1734 972 1736
f 1736 972 1278
f 853 1281 851
f 851 1281 1279
f 851 973 1002
f 1143 851 1002
f 853 851 1143
f 975 1143 1002
f 568 627 976
f 838 1282 627
f 568 838 627
f 836 838 568
f 836 974 838
f 838 974 1280
f 855 1283 853
f 853 1283 1281
f 853 1145 855
f 853 1143 1145
f 1143 975 977
f 1143 977 1145
f 976 627 570
f 1284 976 570
f 978 976 1284
f 627 1282 570
f 855 708 1283
f 708 855 1285
f 855 1147 1285
f 855 1145 1147
f 1145 977 979
f 1145 979 1147
f 332 1286 980
f 332 980 330
f 330 978 332
f 332 978 1284
f 1147 1004 1285
f 1459 1287 1314
f 1314 1287 979
f 1287 1004 979
f 1004 1147 979
f 1626 1767 1459
f 1626 1459 1314
f 981 1767 1626
f 1996 1288 2070
f 1996 2070 982
f 94 1996 982
f 96 1996 94
f 94 980 96
f 96 980 1286
f 1459 1316 1287
f 1316 1459 1628
f 1628 1459 1767
f 981 1926 1767
f 1926 1628 1767
f 1926 1928 1628
f 24 1928 1926
f 24 26 1928
f 258 26 24
f 258 260 26
f 1289 260 258
f 1289 258 983
f 1696 1290 984
f 1696 984 1694
f 1288 1696 2070
f 1696 1994 2070
f 1696 1694 1994
f 982 2070 1994
f 983 496 1289
f 1289 496 498
f 764 498 496
f 764 766 498
f 1064 766 764
f 1064 1066 766
f 1380 1066 1064
f 1380 1382 1066
f 1380 984 1382
f 1382 984 1290
f 1442 1329 985
f 1291 1643 1442
f 1643 1329 1442
f 1643 1641 1329
f 1643 1941 1641
f 1943 1941 1643
f 1943 39 1941
f 41 39 1943
f 41 273 39
f 275 273 41
f 275 511 273
f 513 511 275
f 513 779 511
f 781 779 513
f 781 1079 779
f 1081 1079 781
f 1081 1292 1079
f 1079 1292 986
f 1442 985 1331
f 985 1293 1331
f 985 987 1293
f 1291 1442 1331
f 1395 986 1292
f 1395 1292 1397
f 1397 1294 1395
f 1395 1294 988
f 1136 1017 989
f 987 1017 1136
f 1295 987 1136
f 1293 987 1295
f 988 1296 990
f 1294 1296 988
f 1136 989 1019
f 989 1297 1019
f 989 991 1297
f 1295 1136 1019
f 1298 1778 1709
f 990 1298 1709
f 1296 1298 990
f 1778 992 1709
f 1299 723 993
f 993 723 721
f 991 721 723
f 991 723 1297
f 994 1710 1778
f 1298 994 1778
f 1300 994 1298
f 992 1778 1710
f 1301 993 995
f 1301 1299 993
f 1398 1302 1474
f 1474 996 1398
f 996 1300 1398
f 996 994 1300
f 724 1301 854
f 1301 997 854
f 1301 995 997
f 1303 724 854
f 276 1304 352
f 276 352 596
f 276 596 514
f 514 596 876
f 514 876 782
f 782 876 998
f 1080 782 998
f 1082 782 1080
f 1302 1082 1474
f 1082 1396 1474
f 1082 1080 1396
f 996 1474 1396
f 722 854 997
f 1303 854 722
f 999 1303 722
f 1305 1303 999
f 1944 1306 2032
f 1944 2032 120
f 1944 120 42
f 352 1304 42
f 352 42 120
f 274 352 120
f 1000 274 120
f 512 596 274
f 274 596 352
f 780 876 512
f 512 876 596
f 998 876 780
f 999 1018 1305
f 1305 1018 1020
f 1330 1020 1018
f 1330 1332 1020
f 1642 1332 1330
f 1642 1644 1332
f 1306 1644 2032
f 1644 1942 2032
f 1644 1642 1942
f 40 120 1942
f 1942 120 2032
f 1000 120 40
f 1521 1949 2037
f 2037 1949 1213
f 1949 47 1213
f 1949 49 47
f 1214 47 359
f 47 285 359
f 47 49 285
f 359 285 605
f 605 285 523
f 523 1522 605
f 1523 1649 1769
f 1521 2037 1649
f 1649 2037 1769
f 2037 1947 1769
f 1947 1215 1769
f 2037 1213 1947
f 359 283 1214
f 605 521 283
f 605 283 359
f 1522 791 889
f 1522 889 1216
f 605 1522 1216
f 521 605 1216
f 791 1524 889
f 1771 1525 1769
f 1769 1525 1523
f 1769 1215 1217
f 1769 1217 1771
f 889 789 1216
f 1524 1091 1187
f 1524 1187 1218
f 889 1524 1218
f 789 889 1218
f 1091 1526 1187
f 1775 1527 1771
f 1771 1527 1525
f 1771 1217 1219
f 1771 1219 1775
f 1187 1089 1218
f 1526 1405 1501
f 1526 1501 1220
f 1187 1526 1220
f 1089 1187 1220
f 1405 1528 1501
f 1647 1221 1775
f 1221 1527 1775
f 1221 1529 1527
f 1775 1219 1647
f 1501 1403 1220
f 1501 1528 1403
f 1528 1222 1403
f 1528 1530 1222
f 1531 1335 1471
f 1223 1471 1335
f 1529 1223 1335
f 1221 1223 1529
f 1530 1713 1811
f 1224 1530 1811
f 1222 1530 1224
f 1713 1532 1811
f 1471 1336 1531
f 1533 1336 1471
f 1223 1533 1471
f 1225 1533 1223
f 1811 1711 1224
f 1811 1532 1711
f 1532 1226 1711
f 1532 1534 1226
f 1783 1535 1648
f 1535 1225 1648
f 1535 1533 1225
f 1227 1783 1648
f 1712 1817 1228
f 1712 1226 1817
f 1226 1536 1817
f 1226 1534 1536
f 1783 1650 1535
f 2059 1537 1948
f 1948 1537 1227
f 1537 1650 1227
f 1650 1783 1227
f 48 147 2059
f 48 2059 1948
f 284 383 147
f 284 147 48
f 1229 383 284
f 1228 1817 1714
f 1538 1228 1714
f 1230 1228 1538
f 1817 1536 1714
f 2059 1950 1537
f 1950 2059 50
f 50 2059 147
f 50 147 286
f 286 147 383
f 631 1539 522
f 522 1539 1229
f 1539 286 1229
f 286 383 1229
f 790 913 631
f 790 631 522
f 1090 1211 913
f 1090 913 790
f 1404 1519 1211
f 1404 1211 1090
f 1404 1230 1519
f 1230 1540 1519
f 1230 1538 1540
f 631 524 1539
f 524 631 792
f 792 631 913
f 792 913 1092
f 1092 913 1211
f 1092 1211 1406
f 1406 1211 1519
f 1519 1540 1406
f 1770 1663 1231
f 2040 1963 1770
f 1770 1963 1663
f 128 63 2040
f 2040 63 1963
f 364 299 128
f 128 299 63
f 364 1232 299
f 1541 735 863
f 863 735 1233
f 735 1033 1233
f 735 1035 1033
f 1035 1349 1033
f 1351 1349 1035
f 1665 1770 1231
f 1349 1665 1231
f 1351 1665 1349
f 1770 1665 1965
f 1770 1965 2040
f 2040 1965 65
f 2040 65 128
f 128 65 301
f 128 301 364
f 537 1232 364
f 301 537 364
f 539 537 301
f 894 805 1542
f 805 539 1542
f 805 537 539
f 894 1234 805
f 733 1235 863
f 1235 1541 863
f 1235 1543 1541
f 863 1233 733
f 807 894 1542
f 807 1544 894
f 1544 1234 894
f 1544 1236 1234
f 1545 467 589
f 1237 589 467
f 1543 1237 467
f 1235 1237 1543
f 1236 1546 1238
f 1544 1546 1236
f 589 468 1545
f 1547 468 589
f 1237 1547 589
f 1239 1547 1237
f 1238 1548 1240
f 1546 1548 1238
f 1549 1239 1241
f 1549 1547 1239
f 1240 1550 1242
f 1548 1550 1240
f 1551 1241 1243
f 1551 1549 1241
f 1242 1552 1244
f 1550 1552 1242
f 1553 1243 1245
f 1553 1551 1243
f 808 1554 1246
f 808 1246 806
f 806 1244 808
f 808 1244 1552
f 1245 734 1553
f 1553 734 736
f 1555 736 734
f 1555 734 1247
f 540 1556 1248
f 540 1248 538
f 538 1246 540
f 540 1246 1554
f 1247 1034 1555
f 1555 1034 1036
f 1557 1036 1034
f 1557 1034 1249
f 302 1558 1250
f 302 1250 300
f 300 1248 302
f 302 1248 1556
f 1249 1350 1557
f 1557 1350 1352
f 1664 1352 1350
f 1664 1666 1352
f 1964 1666 1664
f 1964 1966 1666
f 64 1966 1964
f 64 66 1966
f 64 1250 66
f 66 1250 1558
f 1559 317 1251
f 1251 317 315
f 317 553 315
f 555 553 317
f 555 821 553
f 823 821 555
f 823 1107 821
f 1109 1107 823
f 1109 1560 1107
f 1107 1560 1252
f 1561 1981 2043
f 2043 1981 1253
f 1981 79 1253
f 1981 81 79
f 1251 79 81
f 1251 81 1559
f 1560 1419 1499
f 1254 1560 1499
f 1252 1560 1254
f 1419 1562 1499
f 1563 1913 1255
f 1255 1913 1911
f 1913 9 1911
f 11 9 1913
f 11 243 9
f 245 243 11
f 245 481 243
f 483 481 245
f 483 749 481
f 751 749 483
f 751 1049 749
f 1051 1049 751
f 1051 1365 1049
f 1367 1365 1051
f 1367 1679 1365
f 1681 1679 1367
f 1681 1561 2043
f 1979 1681 2043
f 1679 1681 1979
f 2043 1253 1979
f 1499 1417 1254
f 1499 1562 1417
f 1562 1256 1417
f 1562 1564 1256
f 1565 1255 1257
f 1565 1563 1255
f 1418 1507 1258
f 1418 1256 1507
f 1256 1566 1507
f 1256 1564 1566
f 1754 1615 1259
f 1257 1615 1754
f 1567 1257 1754
f 1565 1257 1567
f 1258 1507 1420
f 1568 1258 1420
f 1260 1258 1568
f 1507 1566 1420
f 1616 1754 1259
f 1567 1754 1616
f 1261 1567 1616
f 1569 1567 1261
f 1980 2053 1262
f 80 141 2053
f 80 2053 1980
f 316 377 141
f 316 141 80
f 554 623 377
f 554 377 316
f 824 1570 623
f 554 824 623
f 822 824 554
f 1108 824 822
f 1108 1110 824
f 1108 1260 1110
f 1110 1260 1568
f 1571 1261 1263
f 1571 1569 1261
f 1366 1477 1264
f 1682 1572 1477
f 1366 1682 1477
f 1680 1682 1366
f 2053 1982 1262
f 1982 1680 1262
f 1982 1682 1680
f 1982 2053 82
f 82 2053 141
f 82 141 318
f 318 141 377
f 318 377 556
f 556 377 623
f 623 1570 556
f 1263 1912 1571
f 1571 1912 1914
f 1573 1914 1912
f 1573 1912 1265
f 1050 1171 1266
f 1477 1368 1264
f 1264 1368 1050
f 1368 1574 1050
f 1574 1171 1050
f 1477 1572 1368
f 1265 10 1573
f 1573 10 12
f 244 12 10
f 244 246 12
f 482 246 244
f 482 484 246
f 750 484 482
f 750 752 484
f 1171 1052 1266
f 1052 750 1266
f 1052 752 750
f 1171 1574 1052
f 1575 571 1267
f 1267 571 569
f 571 837 569
f 839 837 571
f 839 1123 837
f 1125 1123 839
f 1125 1433 1123
f 1435 1433 1125
f 1435 1735 1433
f 1737 1735 1435
f 1737 1576 1735
f 1735 1576 1268
f 1577 97 1269
f 1269 97 95
f 97 331 95
f 333 331 97
f 1267 331 333
f 1267 333 1575
f 1578 2072 2011
f 1268 1578 2011
f 1576 1578 1268
f 2072 1270 2011
f 1579 1317 1271
f 1271 1317 1315
f 1317 1627 1315
f 1629 1627 1317
f 1629 1927 1627
f 1929 1927 1629
f 1929 25 1927
f 27 25 1929
f 27 259 25
f 261 259 27
f 261 497 259
f 499 497 261
f 499 765 497
f 767 765 499
f 767 1065 765
f 1067 1065 767
f 1067 1381 1065
f 1383 1381 1067
f 1383 1695 1381
f 1697 1695 1383
f 1697 1995 1695
f 1997 1995 1697
f 1269 1995 1997
f 1269 1997 1577
f 2013 2072 1578
f 2013 1580 2072
f 1580 1270 2072
f 1580 1272 1270
f 1581 1005 1273
f 1273 1005 1003
f 1271 1003 1005
f 1271 1005 1579
f 1272 1582 1274
f 1580 1582 1272
f 1583 709 847
f 1275 847 709
f 1581 1275 709
f 1273 1275 1581
f 1274 1584 1276
f 1582 1584 1274
f 849 1585 847
f 847 1585 1583
f 847 1275 1277
f 847 1277 849
f 2014 1586 1278
f 2014 1278 2012
f 2012 1276 2014
f 2014 1276 1584
f 707 1279 849
f 1279 1585 849
f 1279 1587 1585
f 849 1277 707
f 1126 1588 1280
f 1126 1280 1124
f 1434 1126 1124
f 1434 1436 1126
f 1736 1436 1434
f 1736 1738 1436
f 1736 1278 1738
f 1738 1278 1586
f 1589 461 579
f 1281 579 461
f 1587 1281 461
f 1279 1281 1587
f 840 1590 1282
f 840 1282 838
f 838 1280 840
f 840 1280 1588
f 579 462 1589
f 1591 462 579
f 1281 1591 579
f 1283 1591 1281
f 572 1592 1284
f 572 1284 570
f 570 1282 572
f 572 1282 1590
f 857 1593 708
f 1593 1283 708
f 1593 1591 1283
f 1285 857 708
f 334 1594 1286
f 334 1286 332
f 332 1284 334
f 334 1284 1592
f 857 710 1593
f 1149 1595 1004
f 1004 1595 1285
f 1595 710 1285
f 710 857 1285
f 1287 1149 1004
f 1998 1596 1288
f 1998 1288 1996
f 96 1998 1996
f 96 98 1998
f 96 1286 98
f 98 1286 1594
f 1149 1006 1595
f 1287 1316 1149
f 1316 1006 1149
f 1316 1318 1006
f 1628 1318 1316
f 1628 1630 1318
f 1928 1630 1628
f 1928 1930 1630
f 26 1930 1928
f 26 28 1930
f 260 28 26
f 260 262 28
f 260 1289 604
f 500 260 604
f 262 260 500
f 500 604 886
f 500 886 768
f 768 886 1180
f 768 1180 1068
f 1068 1180 1492
f 1068 1492 1384
f 1384 1492 1290
f 1696 1384 1290
f 1698 1384 1696
f 1696 1288 1698
f 1698 1288 1596
f 498 604 1289
f 766 886 498
f 498 886 604
f 1066 1180 766
f 766 1180 886
f 1382 1492 1066
f 1066 1492 1180
f 1290 1492 1382
f 1744 1643 1291
f 2018 1943 1744
f 1744 1943 1643
f 106 41 2018
f 2018 41 1943
f 1597 277 106
f 277 41 106
f 277 275 41
f 277 513 275
f 515 513 277
f 515 781 513
f 783 781 515
f 783 1081 781
f 1083 1081 783
f 1083 1598 1081
f 1081 1598 1292
f 1444 1331 1293
f 1331 1444 1291
f 1444 1744 1291
f 1444 1746 1744
f 1746 1599 1945
f 2018 1746 1945
f 1744 1746 2018
f 2018 1945 43
f 2018 43 106
f 1597 106 43
f 1600 1466 1397
f 1292 1600 1397
f 1598 1600 1292
f 1466 1294 1397
f 1295 1446 1293
f 1293 1446 1444
f 1446 1601 1645
f 1746 1446 1645
f 1444 1446 1746
f 1599 1746 1645
f 1399 1466 1600
f 1399 1602 1466
f 1602 1294 1466
f 1602 1296 1294
f 1138 1019 1297
f 1333 1446 1295
f 1333 1295 1019
f 1603 1333 1019
f 1138 1603 1019
f 1601 1446 1333
f 1400 1604 1470
f 1470 1298 1400
f 1298 1602 1400
f 1298 1296 1602
f 850 723 1299
f 1021 1138 1297
f 1021 1297 723
f 1605 1021 723
f 850 1605 723
f 1603 1138 1021
f 1606 1472 1470
f 1606 1470 1604
f 1298 1470 1300
f 1300 1470 1472
f 1301 852 1299
f 1299 852 850
f 1605 850 852
f 1605 852 1607
f 278 1608 350
f 278 350 594
f 278 594 516
f 516 594 874
f 516 874 784
f 784 874 1166
f 784 1166 1084
f 1472 1606 1084
f 1472 1084 1166
f 1398 1472 1166
f 1302 1398 1166
f 1300 1472 1398
f 724 852 1301
f 1607 852 724
f 1303 1607 724
f 1609 1607 1303
f 44 1610 118
f 350 1608 44
f 350 44 118
f 276 350 118
f 1304 276 118
f 514 594 276
f 276 594 350
f 782 874 514
f 514 874 594
f 1082 1166 782
f 782 1166 874
f 1302 1166 1082
f 1022 1609 1146
f 1609 1305 1146
f 1609 1303 1305
f 1022 1146 1456
f 1022 1456 1334
f 1334 1456 1764
f 1334 1764 1646
f 1646 1764 1306
f 1944 1646 1306
f 1946 1646 1944
f 1610 1946 118
f 1946 42 118
f 1946 1944 42
f 1304 118 42
f 1020 1146 1305
f 1332 1456 1020
f 1020 1456 1146
f 1644 1764 1332
f 1332 1764 1456
f 1306 1764 1644
f 1821 1951 1521
f 1521 1951 1949
f 1951 49 1949
f 51 49 1951
f 51 285 49
f 287 285 51
f 287 523 285
f 525 523 287
f 525 1822 523
f 523 1822 1522
f 1823 1651 1523
f 1523 1651 1649
f 1521 1649 1651
f 1521 1651 1821
f 791 1522 1822
f 791 1822 793
f 1524 791 1183
f 791 1093 1183
f 791 793 1093
f 1093 1824 1183
f 1825 1337 1463
f 1525 1463 1337
f 1823 1525 1337
f 1523 1525 1823
f 1183 1091 1524
f 1183 1824 1091
f 1824 1526 1091
f 1824 1826 1526
f 1467 1827 1463
f 1463 1827 1825
f 1463 1525 1527
f 1463 1527 1467
f 1405 1526 1826
f 1405 1826 1407
f 1407 1828 1405
f 1405 1828 1528
f 1469 1829 1467
f 1467 1829 1827
f 1467 1527 1529
f 1467 1529 1469
f 1828 1715 1807
f 1530 1828 1807
f 1528 1828 1530
f 1715 1830 1807
f 1335 1531 1469
f 1531 1829 1469
f 1531 1831 1829
f 1469 1529 1335
f 1807 1713 1530
f 1807 1830 1713
f 1830 1532 1713
f 1830 1832 1532
f 1473 1833 1336
f 1833 1531 1336
f 1833 1831 1531
f 1533 1473 1336
f 1532 1834 1534
f 1832 1834 1532
f 1475 1835 1473
f 1473 1835 1833
f 1473 1533 1535
f 1473 1535 1475
f 1534 1836 1536
f 1834 1836 1534
f 1475 1338 1835
f 1787 1837 1650
f 1650 1837 1535
f 1837 1338 1535
f 1338 1475 1535
f 1537 1787 1650
f 1714 1819 1538
f 1714 1536 1819
f 1536 1838 1819
f 1536 1836 1838
f 1787 1652 1837
f 1537 1950 1787
f 1950 1652 1787
f 1950 1952 1652
f 50 1952 1950
f 50 52 1952
f 286 52 50
f 286 288 52
f 1839 288 286
f 1839 286 1539
f 1538 1819 1716
f 1840 1538 1716
f 1540 1538 1840
f 1819 1838 1716
f 1539 524 1839
f 1839 524 526
f 792 526 524
f 792 794 526
f 1092 794 792
f 1092 1094 794
f 1406 1094 1092
f 1406 1408 1094
f 1406 1540 1408
f 1408 1540 1840
f 1841 737 1541
f 1541 737 735
f 737 1035 735
f 1037 1035 737
f 1037 1351 1035
f 1353 1351 1037
f 1353 1665 1351
f 1667 1665 1353
f 1667 1965 1665
f 1967 1965 1667
f 1967 65 1965
f 67 65 1967
f 67 301 65
f 303 301 67
f 303 539 301
f 541 539 303
f 541 1842 539
f 539 1842 1542
f 1843 469 587
f 1543 587 469
f 1841 1543 469
f 1541 1543 1841
f 807 1542 1842
f 807 1842 809
f 809 1844 807
f 807 1844 1544
f 467 1545 587
f 1545 1843 587
f 1545 1845 1843
f 587 1543 467
f 1544 1846 1546
f 1844 1846 1544
f 591 1847 468
f 1847 1545 468
f 1847 1845 1545
f 1547 591 468
f 1546 1848 1548
f 1846 1848 1546
f 591 470 1847
f 1849 470 591
f 1547 1849 591
f 1549 1849 1547
f 1548 1850 1550
f 1848 1850 1548
f 1851 1549 1551
f 1851 1849 1549
f 1550 1852 1552
f 1850 1852 1550
f 738 1851 878
f 1851 1553 878
f 1851 1551 1553
f 1853 738 878
f 810 1854 1554
f 810 1554 808
f 808 1552 810
f 810 1552 1852
f 736 878 1553
f 1853 878 736
f 1555 1853 736
f 1855 1853 1555
f 542 1856 1556
f 542 1556 540
f 540 1554 542
f 542 1554 1854
f 1555 1036 1855
f 1855 1036 1038
f 1857 1038 1036
f 1857 1036 1557
f 304 1858 1558
f 304 1558 302
f 302 1556 304
f 304 1556 1856
f 1557 1352 1857
f 1857 1352 1354
f 1666 1354 1352
f 1666 1668 1354
f 1966 1668 1666
f 1966 1968 1668
f 66 1968 1966
f 66 68 1968
f 66 1558 68
f 68 1558 1858
f 1859 319 1559
f 1559 319 317
f 319 555 317
f 557 555 319
f 557 823 555
f 825 823 557
f 825 1109 823
f 1111 1109 825
f 1560 1109 1495
f 1109 1421 1495
f 1109 1111 1421
f 1421 1860 1495
f 1861 1683 1773
f 1773 1683 1561
f 1683 1981 1561
f 1683 1983 1981
f 1983 81 1981
f 83 81 1983
f 1559 81 83
f 1559 83 1859
f 1495 1419 1560
f 1495 1860 1419
f 1860 1562 1419
f 1860 1862 1562
f 1863 1915 1563
f 1563 1915 1913
f 1915 11 1913
f 13 11 1915
f 13 245 11
f 247 245 13
f 247 483 245
f 485 483 247
f 485 751 483
f 753 751 485
f 753 1051 751
f 1053 1051 753
f 1053 1367 1051
f 1369 1367 1053
f 1369 1861 1773
f 1681 1369 1773
f 1367 1369 1681
f 1773 1561 1681
f 1862 1723 1805
f 1564 1862 1805
f 1562 1862 1564
f 1723 1864 1805
f 1865 1563 1565
f 1865 1863 1563
f 1564 1805 1724
f 1866 1564 1724
f 1566 1564 1866
f 1805 1864 1724
f 1867 1565 1567
f 1867 1865 1565
f 1420 1511 1568
f 1420 1566 1511
f 1566 1868 1511
f 1566 1866 1868
f 1869 1567 1569
f 1869 1867 1567
f 824 907 1570
f 1110 1205 907
f 1110 907 824
f 1511 1422 1568
f 1568 1422 1110
f 1422 1870 1110
f 1870 1205 1110
f 1511 1868 1422
f 1871 1569 1571
f 1871 1869 1569
f 1682 1785 1572
f 1984 1872 1785
f 1682 1984 1785
f 1982 1984 1682
f 82 1984 1982
f 82 84 1984
f 318 84 82
f 318 320 84
f 556 320 318
f 556 558 320
f 907 826 1570
f 826 556 1570
f 826 558 556
f 826 907 1112
f 1112 907 1205
f 1205 1870 1112
f 1571 1914 1871
f 1871 1914 1916
f 1873 1916 1914
f 1873 1914 1573
f 1370 1874 1574
f 1370 1574 1368
f 1785 1684 1572
f 1684 1368 1572
f 1684 1370 1368
f 1785 1872 1684
f 1573 12 1873
f 1873 12 14
f 246 14 12
f 246 248 14
f 484 599 1875
f 248 484 1875
f 246 484 248
f 752 881 599
f 752 599 484
f 1054 1876 881
f 752 1054 881
f 1052 1054 752
f 1052 1574 1054
f 1054 1574 1874
f 599 486 1875
f 486 599 754
f 754 599 881
f 881 1876 754
f 1877 573 1575
f 1575 573 571
f 573 839 571
f 841 839 573
f 841 1125 839
f 1127 1125 841
f 1127 1435 1125
f 1437 1435 1127
f 1800 1737 1878
f 1737 1437 1878
f 1737 1435 1437
f 1800 1576 1737
f 130 97 1577
f 1879 335 130
f 335 97 130
f 335 333 97
f 1575 333 335
f 1575 335 1877
f 1739 1800 1878
f 1739 1880 1800
f 1880 1576 1800
f 1880 1578 1576
f 1881 1007 1131
f 1131 1007 1579
f 1007 1317 1579
f 1007 1319 1317
f 1319 1629 1317
f 1631 1629 1319
f 1631 1929 1629
f 1931 1929 1631
f 1931 27 1929
f 29 27 1931
f 29 261 27
f 263 261 29
f 263 499 261
f 501 499 263
f 501 767 499
f 769 767 501
f 769 1067 767
f 1069 1067 769
f 1069 1383 1067
f 1385 1383 1069
f 1385 1697 1383
f 1699 1697 1385
f 1699 1997 1697
f 1999 1997 1699
f 99 130 1577
f 1997 99 1577
f 1999 99 1997
f 1879 130 99
f 1882 2074 2013
f 1578 1882 2013
f 1880 1882 1578
f 2074 1580 2013
f 1883 711 845
f 1881 1131 711
f 711 1131 845
f 1131 1005 845
f 1005 1581 845
f 1131 1579 1005
f 2015 2074 1882
f 2015 1884 2074
f 1884 1580 2074
f 1884 1582 1580
f 709 1583 845
f 1583 1883 845
f 1583 1885 1883
f 845 1581 709
f 2016 1886 2078
f 2078 1584 2016
f 1584 1884 2016
f 1584 1582 1884
f 1887 1583 1585
f 1887 1885 1583
f 1586 2014 2078
f 1886 1586 2078
f 1888 1586 1886
f 1584 2078 2014
f 1889 463 577
f 1587 577 463
f 1887 1587 463
f 1585 1587 1887
f 842 1890 908
f 842 908 1588
f 1126 842 1588
f 1128 842 1126
f 1436 1128 1126
f 1436 1438 1128
f 1738 1438 1436
f 1738 1740 1438
f 1738 1586 1740
f 1740 1586 1888
f 461 1589 577
f 1589 1889 577
f 1589 1891 1889
f 577 1587 461
f 574 1892 628
f 908 1890 574
f 908 574 628
f 840 908 628
f 1590 840 628
f 1588 908 840
f 581 1893 462
f 1893 1589 462
f 1893 1891 1589
f 1591 581 462
f 1592 572 628
f 1892 1592 628
f 1894 1592 1892
f 1590 628 572
f 581 464 1893
f 1895 464 581
f 1591 1895 581
f 1593 1895 1591
f 336 1896 1594
f 336 1594 334
f 334 1592 336
f 336 1592 1894
f 1593 710 1895
f 1895 710 712
f 1897 712 710
f 1897 710 1595
f 502 1898 602
f 502 602 884
f 502 884 770
f 770 884 1178
f 770 1178 1070
f 1070 1178 1490
f 1070 1490 1386
f 1386 1490 1798
f 1386 1798 1700
f 1700 1798 1596
f 1998 1700 1596
f 2000 1700 1998
f 98 2000 1998
f 98 100 2000
f 98 1594 100
f 100 1594 1896
f 1595 1006 1897
f 1897 1006 1008
f 1318 1008 1006
f 1318 1320 1008
f 1630 1320 1318
f 1630 1632 1320
f 1930 1632 1630
f 1930 1932 1632
f 28 1932 1930
f 28 30 1932
f 262 30 28
f 262 264 30
f 1898 264 602
f 264 500 602
f 264 262 500
f 768 884 500
f 500 884 602
f 1068 1178 768
f 768 1178 884
f 1384 1490 1068
f 1068 1490 1178
f 1698 1798 1384
f 1384 1798 1490
f 1596 1798 1698
f 340 277 1597
f 584 515 340
f 340 515 277
f 860 783 584
f 584 783 515
f 1154 1083 860
f 860 1083 783
f 1154 1598 1083
f 2020 1945 1599
f 108 43 2020
f 2020 43 1945
f 279 340 1597
f 279 1597 43
f 1899 279 43
f 108 1899 43
f 340 279 517
f 340 517 584
f 584 517 785
f 584 785 860
f 860 785 1085
f 860 1085 1154
f 1085 1900 1154
f 1900 1598 1154
f 1900 1600 1598
f 1748 1645 1601
f 1645 1748 1599
f 1748 2020 1599
f 1748 2022 2020
f 110 2020 2022
f 108 2020 110
f 1899 108 110
f 1899 110 1901
f 1902 1468 1399
f 1600 1902 1399
f 1900 1902 1600
f 1468 1602 1399
f 1448 1333 1603
f 1333 1448 1601
f 1448 1748 1601
f 1448 1752 1748
f 2024 1748 1752
f 2022 1748 2024
f 112 2022 2024
f 110 2022 112
f 1901 110 112
f 1901 112 1903
f 1604 1400 1468
f 1902 1604 1468
f 1904 1604 1902
f 1602 1468 1400
f 1140 1021 1605
f 1021 1140 1603
f 1140 1448 1603
f 1140 1450 1448
f 1756 1448 1450
f 1752 1448 1756
f 2026 1752 1756
f 2024 1752 2026
f 114 2024 2026
f 112 2024 114
f 348 280 1903
f 112 348 1903
f 114 348 112
f 280 348 592
f 280 592 518
f 518 592 872
f 518 872 786
f 786 872 1164
f 786 1164 1086
f 1164 1606 1086
f 1606 1904 1086
f 1606 1604 1904
f 1607 1142 1605
f 1605 1142 1140
f 1452 1140 1142
f 1450 1140 1452
f 1760 1450 1452
f 1756 1450 1760
f 2028 1756 1760
f 2026 1756 2028
f 116 2026 2028
f 114 2026 116
f 278 348 1608
f 348 116 1608
f 348 114 116
f 516 592 278
f 278 592 348
f 784 872 516
f 516 872 592
f 1084 1164 784
f 784 1164 872
f 1606 1164 1084
f 1609 1144 1607
f 1607 1144 1142
f 1454 1142 1144
f 1452 1142 1454
f 1762 1452 1454
f 1760 1452 1762
f 2030 1760 1762
f 2028 1760 2030
f 44 116 1610
f 116 2030 1610
f 116 2028 2030
f 1608 116 44
f 1022 1144 1609
f 1334 1454 1022
f 1022 1454 1144
f 1646 1762 1334
f 1334 1762 1454
f 1946 2030 1646
f 1646 2030 1762
f 1610 2030 1946
f 2079 1953 1821
f 1821 1953 1951
f 1953 51 1951
f 53 51 1953
f 53 287 51
f 289 287 53
f 289 525 287
f 527 525 289
f 527 2080 525
f 525 2080 1822
f 2081 1339 1461
f 1461 1339 1823
f 1339 1651 1823
f 1339 1653 1651
f 1821 1651 1653
f 1821 1653 2079
f 793 1822 2080
f 793 2080 795
f 795 1093 793
f 1095 1093 795
f 1095 2082 1093
f 1093 2082 1824
f 2083 1023 1155
f 2081 1461 1023
f 1023 1461 1155
f 1461 1337 1155
f 1337 1825 1155
f 1461 1823 1337
f 2082 1409 1497
f 1826 2082 1497
f 1824 2082 1826
f 1409 2084 1497
f 1159 2085 1155
f 1155 2085 2083
f 1155 1825 1827
f 1155 1827 1159
f 1497 1407 1826
f 1497 2084 1407
f 2084 1828 1407
f 2084 2086 1828
f 1161 2087 1159
f 1159 2087 2085
f 1159 1827 1829
f 1159 1829 1161
f 1715 1828 2086
f 1715 2086 1717
f 1717 2088 1715
f 1715 2088 1830
f 1163 2089 1161
f 1161 2089 2087
f 1161 1829 1831
f 1161 1831 1163
f 1830 2090 1832
f 2088 2090 1830
f 1165 2091 1163
f 1163 2091 2089
f 1163 1831 1833
f 1163 1833 1165
f 1832 2092 1834
f 2090 2092 1832
f 1167 2093 1165
f 1165 2093 2091
f 1165 1833 1835
f 1165 1835 1167
f 1834 2094 1836
f 2092 2094 1834
f 1167 1024 2093
f 1479 2095 1338
f 1338 2095 1835
f 2095 1024 1835
f 1024 1167 1835
f 1837 1479 1338
f 1718 2096 1820
f 1820 1838 1718
f 1838 2094 1718
f 1838 1836 2094
f 1479 1340 2095
f 1837 1652 1479
f 1652 1340 1479
f 1652 1654 1340
f 1952 1654 1652
f 1952 1954 1654
f 52 1954 1952
f 52 54 1954
f 288 54 52
f 288 290 54
f 2097 290 288
f 2097 288 1839
f 1840 1716 1820
f 2096 1840 1820
f 2098 1840 2096
f 1838 1820 1716
f 1839 526 2097
f 2097 526 528
f 794 528 526
f 794 796 528
f 1094 796 794
f 1094 1096 796
f 1408 1096 1094
f 1408 1410 1096
f 1408 1840 1410
f 1410 1840 2098
f 2099 739 1841
f 1841 739 737
f 739 1037 737
f 1039 1037 739
f 1039 1353 1037
f 1355 1353 1039
f 1355 1667 1353
f 1669 1667 1355
f 1669 1967 1667
f 1969 1967 1669
f 1969 67 1967
f 69 67 1969
f 69 303 67
f 305 303 69
f 305 541 303
f 543 541 305
f 543 2100 541
f 541 2100 1842
f 2101 471 1843
f 1843 471 469
f 1841 469 471
f 1841 471 2099
f 809 1842 2100
f 809 2100 811
f 811 2102 809
f 809 2102 1844
f 2103 1843 1845
f 2103 2101 1843
f 1844 2104 1846
f 2102 2104 1844
f 2105 1845 1847
f 2105 2103 1845
f 1846 2106 1848
f 2104 2106 1846
f 593 2107 470
f 2107 1847 470
f 2107 2105 1847
f 1849 593 470
f 1848 2108 1850
f 2106 2108 1848
f 593 472 2107
f 2109 472 593
f 1849 2109 593
f 1851 2109 1849
f 812 2110 910
f 910 1852 812
f 1852 2108 812
f 1852 1850 2108
f 1851 738 2109
f 2109 738 740
f 2111 740 738
f 2111 738 1853
f 1854 810 910
f 2110 1854 910
f 2112 1854 2110
f 1852 910 810
f 1040 2111 1174
f 2111 1855 1174
f 2111 1853 1855
f 2113 1040 1174
f 544 2114 1856
f 544 1856 542
f 542 1854 544
f 544 1854 2112
f 1038 1174 1855
f 1356 2113 1488
f 1488 2113 1857
f 2113 1174 1857
f 1174 1038 1857
f 1356 1488 1796
f 1356 1796 1670
f 1670 1796 2068
f 1670 2068 1970
f 1970 2068 156
f 1970 156 70
f 70 156 1858
f 304 70 1858
f 306 70 304
f 304 1856 306
f 306 1856 2114
f 1354 1488 1857
f 1668 1796 1354
f 1354 1796 1488
f 1968 2068 1668
f 1668 2068 1796
f 68 156 1968
f 1968 156 2068
f 1858 156 68
f 2115 321 1859
f 1859 321 319
f 321 557 319
f 559 557 321
f 559 825 557
f 827 825 559
f 827 1111 825
f 1113 1111 827
f 1113 1421 1111
f 1423 1421 1113
f 1423 2116 1421
f 1421 2116 1860
f 2117 15 107
f 107 15 341
f 341 15 249
f 249 2118 341
f 2119 1371 1465
f 1465 1371 1861
f 1371 1683 1861
f 1371 1685 1683
f 1685 1983 1683
f 1985 1983 1685
f 1985 83 1983
f 85 83 1985
f 1859 83 85
f 1859 85 2115
f 2116 1725 1803
f 1862 2116 1803
f 1860 2116 1862
f 1725 2120 1803
f 2121 1617 1747
f 1747 1617 1863
f 1617 1915 1863
f 1617 1917 1915
f 1917 2117 107
f 13 1917 107
f 1915 1917 13
f 341 247 13
f 341 13 107
f 247 341 2118
f 487 247 2118
f 485 247 487
f 487 753 485
f 755 753 487
f 755 1053 753
f 1055 1053 755
f 1055 2119 1465
f 1369 1055 1465
f 1053 1055 1369
f 1465 1861 1369
f 1803 1723 1862
f 1803 2120 1723
f 2120 1864 1723
f 2120 2122 1864
f 1751 2123 1747
f 1747 2123 2121
f 1747 1863 1865
f 1747 1865 1751
f 1724 1809 1866
f 1724 1864 1809
f 1864 2124 1809
f 1864 2122 2124
f 1755 2125 1751
f 1751 2125 2123
f 1751 1865 1867
f 1751 1867 1755
f 1866 1809 1726
f 2126 1866 1726
f 1868 1866 2126
f 1809 2124 1726
f 1755 1618 2125
f 2127 1618 1755
f 1867 2127 1755
f 1869 2127 1867
f 1424 2128 1870
f 1424 1870 1422
f 1422 1868 1424
f 1424 1868 2126
f 2129 1869 1871
f 2129 2127 1869
f 1984 2057 1872
f 84 145 2057
f 84 2057 1984
f 322 2130 145
f 84 322 145
f 320 322 84
f 558 322 320
f 558 560 322
f 826 560 558
f 826 828 560
f 1112 828 826
f 1112 1114 828
f 1112 1870 1114
f 1114 1870 2128
f 1871 1916 2129
f 2129 1916 1918
f 2131 1918 1916
f 2131 1916 1873
f 1370 1481 1874
f 1684 1789 1481
f 1684 1481 1370
f 2057 1986 1872
f 1872 1986 1684
f 1986 2132 1684
f 2132 1789 1684
f 1986 2057 86
f 86 2057 145
f 145 2130 86
f 1873 14 2131
f 2131 14 16
f 248 355 2133
f 16 248 2133
f 14 248 16
f 1875 355 248
f 1054 1175 1876
f 1175 1054 1874
f 1481 1175 1874
f 1485 1175 1481
f 2134 1485 1686
f 1485 1789 1686
f 1485 1481 1789
f 1789 2132 1686
f 355 250 2133
f 1875 486 355
f 486 250 355
f 486 488 250
f 754 488 486
f 754 756 488
f 1175 1056 1876
f 1056 754 1876
f 1056 756 754
f 1056 1175 1372
f 1372 1175 1485
f 1485 2134 1372
f 608 573 1877
f 888 841 608
f 608 841 573
f 1182 1127 888
f 888 1127 841
f 1494 1437 1182
f 1182 1437 1127
f 1494 1878 1437
f 366 335 1879
f 575 608 1877
f 575 1877 335
f 2135 575 335
f 366 2135 335
f 608 575 843
f 608 843 888
f 888 843 1129
f 888 1129 1182
f 1182 1129 1439
f 1182 1439 1494
f 2136 1802 1739
f 2136 1739 1878
f 1439 2136 1878
f 1494 1439 1878
f 1802 1880 1739
f 2137 1009 1881
f 1881 1009 1007
f 1009 1319 1007
f 1321 1319 1009
f 1321 1631 1319
f 1633 1631 1321
f 1633 1931 1631
f 1933 1931 1633
f 1933 29 1931
f 31 29 1933
f 31 263 29
f 265 263 31
f 265 501 263
f 503 501 265
f 503 769 501
f 771 769 503
f 771 1069 769
f 1071 1069 771
f 1071 1385 1069
f 1387 1385 1071
f 1387 1699 1385
f 1701 1699 1387
f 1701 1999 1699
f 2001 1999 1701
f 2001 99 1999
f 101 99 2001
f 337 366 1879
f 99 337 1879
f 101 337 99
f 2135 366 337
f 1741 1802 2136
f 1741 2138 1802
f 2138 1880 1802
f 2138 1882 1880
f 846 711 1883
f 1881 711 846
f 2139 1881 846
f 2137 1881 2139
f 2140 2076 2015
f 1882 2140 2015
f 2138 2140 1882
f 2076 1884 2015
f 846 1883 713
f 1883 2141 713
f 1883 1885 2141
f 2139 846 713
f 1886 2016 2076
f 2140 1886 2076
f 2142 1886 2140
f 1884 2076 2016
f 2143 1885 1887
f 2143 2141 1885
f 844 2144 904
f 2145 844 904
f 1742 2146 1814
f 1814 1888 1742
f 1888 2142 1742
f 1888 1886 2142
f 578 463 1889
f 1887 463 578
f 2147 1887 578
f 2143 1887 2147
f 576 2148 624
f 904 2144 576
f 904 576 624
f 842 904 624
f 1890 842 624
f 904 842 2145
f 842 1130 2145
f 842 1128 1130
f 1438 1130 1128
f 1438 1440 1130
f 2146 1440 1814
f 1440 1740 1814
f 1440 1438 1740
f 1888 1814 1740
f 578 1889 465
f 1889 2149 465
f 1889 1891 2149
f 2147 578 465
f 1892 574 624
f 2148 1892 624
f 2150 1892 2148
f 1890 624 574
f 2151 1891 1893
f 2151 2149 1891
f 338 2152 386
f 386 1894 338
f 1894 2150 338
f 1894 1892 2150
f 1893 464 2151
f 2151 464 466
f 2153 466 464
f 2153 464 1895
f 772 2154 882
f 2155 772 882
f 1702 2156 1794
f 1702 1794 2066
f 1702 2066 2002
f 2002 2066 154
f 2002 154 102
f 386 2152 102
f 386 102 154
f 336 386 154
f 1896 336 154
f 1894 386 336
f 1895 712 2153
f 2153 712 714
f 2157 714 712
f 2157 712 1897
f 266 2158 358
f 266 358 1898
f 502 266 1898
f 504 266 502
f 2154 504 882
f 504 770 882
f 504 502 770
f 882 770 2155
f 770 1072 2155
f 770 1070 1072
f 1386 1072 1070
f 1386 1388 1072
f 2156 1388 1794
f 1388 1700 1794
f 1388 1386 1700
f 2000 2066 1700
f 1700 2066 1794
f 100 154 2000
f 2000 154 2066
f 1896 154 100
f 1897 1008 2157
f 2157 1008 1010
f 1320 1010 1008
f 1320 1322 1010
f 1632 1322 1320
f 1632 1634 1322
f 1932 1634 1632
f 1932 1934 1634
f 30 1934 1932
f 30 32 1934
f 2158 32 358
f 32 264 358
f 32 30 264
f 1898 358 264
f 342 279 1899
f 586 517 342
f 342 517 279
f 866 785 586
f 586 785 517
f 1158 1085 866
f 866 1085 785
f 1158 1900 1085
f 1901 344 1899
f 1899 344 342
f 588 342 344
f 586 342 588
f 868 586 588
f 866 586 868
f 1160 866 868
f 1158 866 1160
f 1900 1158 1902
f 1902 1158 1160
f 1903 346 1901
f 1901 346 344
f 590 344 346
f 588 344 590
f 870 588 590
f 868 588 870
f 1162 868 870
f 1160 868 1162
f 1902 1160 1904
f 1904 1160 1162
f 280 346 1903
f 518 590 280
f 280 590 346
f 786 870 518
f 518 870 590
f 1086 1162 786
f 786 1162 870
f 1904 1162 1086
f 2038 1953 2079
f 157 55 2038
f 55 1953 2038
f 55 53 1953
f 55 289 53
f 291 289 55
f 606 527 158
f 527 291 158
f 527 289 291
f 606 2080 527
f 159 1025 1151
f 1151 1025 2081
f 1025 1339 2081
f 1025 1341 1339
f 1341 1653 1339
f 1655 1653 1341
f 1955 2038 2079
f 1653 1955 2079
f 1655 1955 1653
f 157 2038 1955
f 529 606 158
f 795 2080 606
f 529 795 606
f 797 795 529
f 797 1095 795
f 1097 1095 797
f 1097 160 1095
f 1095 160 2082
f 1023 2083 1151
f 2083 159 1151
f 2083 161 159
f 1151 2081 1023
f 1409 2082 160
f 1409 160 1411
f 1411 162 1409
f 1409 162 2084
f 163 725 867
f 2085 867 725
f 161 2085 725
f 2083 2085 161
f 2084 164 2086
f 162 164 2084
f 869 165 867
f 867 165 163
f 867 2085 2087
f 867 2087 869
f 1717 2086 164
f 1717 164 1719
f 1719 166 1717
f 1717 166 2088
f 871 167 869
f 869 167 165
f 869 2087 2089
f 869 2089 871
f 2088 168 2090
f 166 168 2088
f 873 169 871
f 871 169 167
f 871 2089 2091
f 871 2091 873
f 2090 170 2092
f 168 170 2090
f 873 726 169
f 171 726 873
f 2091 171 873
f 2093 171 2091
f 1720 172 1818
f 1818 2094 1720
f 2094 170 1720
f 2094 2092 170
f 1169 173 1024
f 173 2093 1024
f 173 171 2093
f 2095 1169 1024
f 2096 1718 1818
f 172 2096 1818
f 174 2096 172
f 2094 1818 1718
f 1169 1026 173
f 2095 1340 1169
f 1340 1026 1169
f 1340 1342 1026
f 1654 1342 1340
f 1654 1656 1342
f 1954 1656 1654
f 1954 1956 1656
f 54 1956 1954
f 54 56 1956
f 290 56 54
f 290 292 56
f 290 2097 632
f 530 290 632
f 292 290 530
f 175 530 632
f 1098 176 1212
f 1098 1212 1520
f 1098 1520 1412
f 1520 2098 1412
f 2098 174 1412
f 2098 2096 174
f 528 632 2097
f 632 528 175
f 528 798 175
f 528 796 798
f 176 798 1212
f 798 1096 1212
f 798 796 1096
f 1410 1520 1096
f 1096 1520 1212
f 2098 1520 1410
f 177 741 2099
f 2099 741 739
f 741 1039 739
f 1041 1039 741
f 1041 1355 1039
f 1357 1355 1041
f 1357 1669 1355
f 1671 1669 1357
f 1671 1969 1669
f 1971 1969 1671
f 1971 69 1969
f 71 69 1971
f 71 305 69
f 307 305 71
f 307 543 305
f 545 543 307
f 545 178 543
f 543 178 2100
f 179 235 343
f 343 235 2101
f 235 471 2101
f 235 473 471
f 2099 471 473
f 2099 473 177
f 811 2100 178
f 811 178 813
f 813 180 811
f 811 180 2102
f 181 1 111
f 179 343 1
f 343 111 1
f 343 345 111
f 343 2101 2103
f 343 2103 345
f 2102 182 2104
f 180 182 2102
f 113 183 111
f 111 183 181
f 111 347 113
f 111 345 347
f 345 2103 2105
f 345 2105 347
f 2104 184 2106
f 182 184 2104
f 113 2 183
f 2 113 185
f 113 349 185
f 113 347 349
f 347 2105 2107
f 347 2107 349
f 814 186 906
f 906 2108 814
f 2108 184 814
f 2108 2106 184
f 349 236 185
f 595 187 472
f 472 187 2107
f 187 236 2107
f 236 349 2107
f 2109 595 472
f 2110 812 906
f 186 2110 906
f 188 2110 186
f 2108 906 812
f 595 474 187
f 2109 740 595
f 740 474 595
f 740 742 474
f 189 742 740
f 189 740 2111
f 546 190 630
f 630 2112 546
f 2112 188 546
f 2112 2110 188
f 2111 1040 189
f 189 1040 1042
f 1040 2113 1484
f 1358 1040 1484
f 1042 1040 1358
f 191 1358 1484
f 72 192 152
f 72 152 388
f 72 388 308
f 630 190 308
f 630 308 388
f 544 630 388
f 2114 544 388
f 2112 630 544
f 1356 1484 2113
f 1484 1356 191
f 1356 1672 191
f 1356 1670 1672
f 1970 1672 1670
f 1970 1972 1672
f 192 1972 152
f 1972 70 152
f 1972 1970 70
f 306 388 70
f 70 388 152
f 2114 388 306
f 193 561 607
f 607 561 887
f 887 561 829
f 829 194 887
f 195 87 129
f 129 87 2115
f 87 321 2115
f 87 323 321
f 323 193 607
f 559 323 607
f 321 323 559
f 887 827 559
f 887 559 607
f 827 887 194
f 1115 827 194
f 1113 827 1115
f 1115 1423 1113
f 1425 1423 1115
f 1425 196 1423
f 1423 196 2116
f 197 1619 1745
f 1745 1619 2019
f 2019 1619 1919
f 2019 1919 2117
f 1919 15 2117
f 1919 17 15
f 17 249 15
f 251 249 17
f 2118 249 585
f 249 489 585
f 249 251 489
f 585 489 865
f 865 489 757
f 865 757 1157
f 1157 757 1057
f 1157 1057 2119
f 1057 1371 2119
f 1057 1373 1371
f 1373 1685 1371
f 1687 1685 1373
f 1687 1985 1685
f 1987 1985 1687
f 1987 195 129
f 85 1987 129
f 1985 1987 85
f 129 2115 85
f 1725 2116 196
f 1725 196 1727
f 1727 198 1725
f 1725 198 2120
f 1617 2121 1745
f 2121 197 1745
f 2121 199 197
f 2019 1917 1617
f 2019 1617 1745
f 2019 2117 1917
f 585 487 2118
f 865 755 487
f 865 487 585
f 1157 1055 755
f 1157 755 865
f 1157 2119 1055
f 2120 200 2122
f 198 200 2120
f 201 1307 1447
f 2123 1447 1307
f 199 2123 1307
f 2121 2123 199
f 2122 202 2124
f 200 202 2122
f 1447 1308 201
f 203 1308 1447
f 2123 203 1447
f 2125 203 2123
f 1728 204 2126
f 1728 2126 1726
f 1726 2124 1728
f 1728 2124 202
f 1759 205 1618
f 205 2125 1618
f 205 203 2125
f 2127 1759 1618
f 1426 206 2128
f 1426 2128 1424
f 1424 2126 1426
f 1426 2126 204
f 1759 1620 205
f 207 1620 1759
f 2127 207 1759
f 2129 207 2127
f 322 381 2130
f 562 208 381
f 322 562 381
f 560 562 322
f 828 562 560
f 828 830 562
f 1114 830 828
f 1114 1116 830
f 1114 2128 1116
f 1116 2128 206
f 2129 1918 207
f 207 1918 1920
f 209 1920 1918
f 209 1918 2131
f 1986 2061 2132
f 88 210 2061
f 1986 88 2061
f 86 88 1986
f 381 324 2130
f 324 86 2130
f 324 88 86
f 381 208 324
f 2131 16 209
f 209 16 18
f 211 18 16
f 211 16 2133
f 1686 1793 2134
f 1793 1686 2132
f 2061 1793 2132
f 2065 1793 2061
f 2061 210 2065
f 2065 210 212
f 2133 250 211
f 211 250 252
f 488 601 213
f 252 488 213
f 250 488 252
f 756 883 601
f 756 601 488
f 1056 1177 883
f 1056 883 756
f 1372 1489 1177
f 1372 1177 1056
f 1793 1688 2134
f 2134 1688 1372
f 1688 214 1372
f 214 1489 1372
f 1688 1793 1988
f 1988 1793 2065
f 2065 212 1988
f 601 490 213
f 490 601 758
f 758 601 883
f 758 883 1058
f 1058 883 1177
f 1058 1177 1374
f 1374 1177 1489
f 1489 214 1374
f 215 1635 1743
f 1743 1635 2017
f 2017 1635 1935
f 1935 216 2017
f 612 575 2135
f 892 843 612
f 612 843 575
f 1186 1129 892
f 892 1129 843
f 1496 1439 1186
f 1186 1439 1129
f 1496 2136 1439
f 1132 1009 2137
f 217 1323 1132
f 1323 1009 1132
f 1323 1321 1009
f 1323 215 1743
f 1633 1323 1743
f 1321 1323 1633
f 2017 1933 1633
f 2017 1633 1743
f 1933 2017 216
f 33 1933 216
f 31 1933 33
f 33 265 31
f 267 265 33
f 267 503 265
f 505 503 267
f 505 771 503
f 773 771 505
f 773 1071 771
f 1073 1071 773
f 1073 1387 1071
f 1389 1387 1073
f 1389 1701 1387
f 1703 1701 1389
f 2044 2001 218
f 2001 1703 218
f 2001 1701 1703
f 132 101 2044
f 2044 101 2001
f 368 337 132
f 132 337 101
f 337 368 2135
f 368 612 2135
f 368 614 612
f 896 612 614
f 892 612 896
f 1190 892 896
f 1186 892 1190
f 1500 1186 1190
f 1496 1186 1500
f 2136 1496 1741
f 1496 1804 1741
f 1496 1500 1804
f 1804 2138 1741
f 1132 2137 1011
f 2137 219 1011
f 2137 2139 219
f 217 1132 1011
f 2003 2044 218
f 2044 2003 220
f 134 2044 220
f 132 2044 134
f 370 132 134
f 368 132 370
f 616 368 370
f 614 368 616
f 898 614 616
f 896 614 898
f 1194 896 898
f 1190 896 1194
f 1504 1190 1194
f 1500 1190 1504
f 1806 1500 1504
f 1804 1500 1806
f 2138 1804 2140
f 2140 1804 1806
f 848 713 2141
f 2139 713 848
f 221 2139 848
f 219 2139 221
f 222 136 134
f 222 134 220
f 372 134 136
f 370 134 372
f 618 370 372
f 616 370 618
f 900 616 618
f 898 616 900
f 1198 898 900
f 1194 898 1198
f 1508 1194 1198
f 1504 1194 1508
f 1810 1504 1508
f 1806 1504 1810
f 2140 1806 2142
f 2142 1806 1810
f 848 2141 715
f 2141 223 715
f 2141 2143 223
f 221 848 715
f 103 136 222
f 136 103 224
f 374 136 224
f 372 136 374
f 620 372 374
f 618 372 620
f 844 900 2144
f 900 620 2144
f 900 618 620
f 2145 1202 844
f 1202 900 844
f 1202 1198 900
f 1512 1198 1202
f 1508 1198 1512
f 1742 1810 2146
f 1810 1512 2146
f 1810 1508 1512
f 2142 1810 1742
f 225 2143 2147
f 225 223 2143
f 226 378 374
f 226 374 224
f 576 620 2148
f 620 378 2148
f 620 374 378
f 2144 620 576
f 1130 1202 2145
f 1440 1512 1130
f 1130 1512 1202
f 2146 1512 1440
f 580 465 2149
f 2147 465 580
f 227 2147 580
f 225 2147 227
f 228 382 378
f 228 378 226
f 2148 378 2150
f 2150 378 382
f 2151 582 2149
f 2149 582 580
f 227 580 582
f 227 582 229
f 2004 230 2062
f 2004 2062 150
f 2004 150 104
f 382 228 104
f 382 104 150
f 338 382 150
f 2152 338 150
f 2150 382 338
f 466 582 2151
f 716 229 858
f 858 229 2153
f 229 582 2153
f 582 466 2153
f 231 716 858
f 268 232 356
f 268 356 600
f 268 600 506
f 506 600 2154
f 772 506 2154
f 774 506 772
f 772 2155 1176
f 1074 772 1176
f 774 772 1074
f 1074 1176 1486
f 1074 1486 1390
f 1390 1486 2156
f 1702 1390 2156
f 1704 1390 1702
f 230 1704 2062
f 1704 2002 2062
f 1704 1702 2002
f 102 150 2002
f 2002 150 2062
f 2152 150 102
f 714 858 2153
f 1012 231 1150
f 1150 231 2157
f 231 858 2157
f 858 714 2157
f 1012 1150 1460
f 1012 1460 1324
f 233 1324 1460
f 1936 234 2036
f 1936 2036 124
f 1936 124 34
f 356 232 34
f 356 34 124
f 266 356 124
f 2158 266 124
f 504 600 266
f 266 600 356
f 2154 600 504
f 1072 1176 2155
f 1388 1486 1072
f 1072 1486 1176
f 2156 1486 1388
f 1010 1150 2157
f 1322 1460 1010
f 1010 1460 1150
f 1460 1322 233
f 1322 1636 233
f 1322 1634 1636
f 234 1636 2036
f 1636 1934 2036
f 1636 1634 1934
f 32 124 1934
f 1934 124 2036
f 2158 124 32
