# Converted from NanoShaper .vert/.face
v 1.517000 -18.065000 7.266000
v 3.830000 -18.065000 7.266000
v 1.098000 -18.065000 7.766000
v 4.245000 -18.065000 7.766000
v 0.975000 -18.065000 8.266000
v 4.437000 -18.065000 8.266000
v 1.037000 -18.065000 8.766000
v 4.653000 -18.065000 8.766000
v 1.174000 -18.065000 9.266000
v 4.687000 -18.065000 9.266000
v 1.293000 -18.065000 9.766000
v 4.642000 -18.065000 9.766000
v 1.267000 -18.065000 10.266000
v 4.631000 -18.065000 10.266000
v 1.303000 -18.065000 10.766000
v 4.624000 -18.065000 10.766000
v 1.283000 -18.065000 11.266000
v 4.475000 -18.065000 11.266000
v 1.286000 -18.065000 11.766000
v 4.165000 -18.065000 11.766000
v 1.354000 -18.065000 12.266000
v 3.937000 -18.065000 12.266000
v 1.370000 -18.065000 12.766000
v 3.714000 -18.065000 12.766000
v 1.191000 -18.065000 13.266000
v 3.636000 -18.065000 13.266000
v 1.066000 -18.065000 13.766000
v 3.760000 -18.065000 13.766000
v 0.976000 -18.065000 14.266000
v 4.161000 -18.065000 14.266000
v 0.838000 -18.065000 14.766000
v 5.864000 -18.065000 14.766000
v 0.769000 -18.065000 15.266000
v 6.404000 -18.065000 15.266000
v 0.606000 -18.065000 15.766000
v 6.807000 -18.065000 15.766000
v 0.471000 -18.065000 16.266000
v 6.903000 -18.065000 16.266000
v 0.580000 -18.065000 16.766000
v 6.777000 -18.065000 16.766000
v 0.981000 -18.065000 17.266000
v 6.503000 -18.065000 17.266000
v 3.705000 -18.065000 17.766000
v 6.141000 -18.065000 17.766000
v 2.625000 -14.065000 -3.234000
v 4.319000 -14.065000 -3.234000
v 0.751000 -14.065000 -2.734000
v 4.908000 -14.065000 -2.734000
v 0.072000 -14.065000 -2.234000
v 5.688000 -14.065000 -2.234000
v -0.377000 -14.065000 -1.734000
v 6.014000 -14.065000 -1.734000
v -0.680000 -14.065000 -1.234000
v 6.102000 -14.065000 -1.234000
v -2.331000 -14.065000 -0.734000
v 6.049000 -14.065000 -0.734000
v -2.520000 -14.065000 -0.234000
v 5.923000 -14.065000 -0.234000
v -2.448000 -14.065000 0.266000
v 5.571000 -14.065000 0.266000
v -2.471000 -14.065000 0.766000
v 4.261000 -14.065000 0.766000
v -2.516000 -14.065000 1.266000
v 4.012000 -14.065000 1.266000
v -2.418000 -14.065000 1.766000
v 3.981000 -14.065000 1.766000
v -2.237000 -14.065000 2.266000
v 3.775000 -14.065000 2.266000
v -2.111000 -14.065000 2.766000
v 3.252000 -14.065000 2.766000
v -1.826000 -14.065000 3.266000
v 2.232000 -14.065000 3.266000
v -1.622000 -14.065000 3.766000
v 1.582000 -14.065000 3.766000
v -1.624000 -14.065000 4.266000
v 1.414000 -14.065000 4.266000
v -1.761000 -14.065000 4.766000
v 1.348000 -14.065000 4.766000
v -1.956000 -14.065000 5.266000
v 1.284000 -14.065000 5.266000
v -2.130000 -14.065000 5.766000
v 1.157000 -14.065000 5.766000
v -2.206000 -14.065000 6.266000
v 1.142000 -14.065000 6.266000
v -2.221000 -14.065000 6.766000
v 1.303000 -14.065000 6.766000
v -2.203000 -14.065000 7.266000
v 1.969000 -14.065000 7.266000
v -2.123000 -14.065000 7.766000
v 3.187000 -14.065000 7.766000
v -1.991000 -14.065000 8.266000
v 3.654000 -14.065000 8.266000
v -1.860000 -14.065000 8.766000
v 3.990000 -14.065000 8.766000
v -1.600000 -14.065000 9.266000
v 4.084000 -14.065000 9.266000
v -1.372000 -14.065000 9.766000
v 4.066000 -14.065000 9.766000
v -0.936000 -14.065000 10.266000
v 4.082000 -14.065000 10.266000
v -0.299000 -14.065000 10.766000
v 4.119000 -14.065000 10.766000
v 0.075000 -14.065000 11.266000
v 4.109000 -14.065000 11.266000
v 0.272000 -14.065000 11.766000
v 4.029000 -14.065000 11.766000
v 0.246000 -14.065000 12.266000
v 3.777000 -14.065000 12.266000
v 0.004000 -14.065000 12.766000
v 3.592000 -14.065000 12.766000
v -0.339000 -14.065000 13.266000
v 3.578000 -14.065000 13.266000
v -0.468000 -14.065000 13.766000
v 3.761000 -14.065000 13.766000
v -0.567000 -14.065000 14.266000
v 4.139000 -14.065000 14.266000
v -0.451000 -14.065000 14.766000
v 4.778000 -14.065000 14.766000
v -0.030000 -14.065000 15.266000
v 7.609000 -14.065000 15.266000
v 0.242000 -14.065000 15.766000
v 7.879000 -14.065000 15.766000
v 0.311000 -14.065000 16.266000
v 7.918000 -14.065000 16.266000
v 0.333000 -14.065000 16.766000
v 7.875000 -14.065000 16.766000
v 0.442000 -14.065000 17.266000
v 7.896000 -14.065000 17.266000
v 0.805000 -14.065000 17.766000
v 7.835000 -14.065000 17.766000
v 5.365000 -14.065000 18.266000
v 7.518000 -14.065000 18.266000
v -6.097000 -10.065000 -0.234000
v -5.563000 -10.065000 -0.234000
v -6.371000 -10.065000 0.266000
v -4.915000 -10.065000 0.266000
v -6.640000 -10.065000 0.766000
v -4.694000 -10.065000 0.766000
v -7.065000 -10.065000 1.266000
v -4.699000 -10.065000 1.266000
v -7.378000 -10.065000 1.766000
v -4.919000 -10.065000 1.766000
v -7.721000 -10.065000 2.266000
v -5.123000 -10.065000 2.266000
v -7.969000 -10.065000 2.766000
v -5.168000 -10.065000 2.766000
v -8.016000 -10.065000 3.266000
v -5.133000 -10.065000 3.266000
v -8.015000 -10.065000 3.766000
v -5.136000 -10.065000 3.766000
v -7.860000 -10.065000 4.266000
v -5.247000 -10.065000 4.266000
v -7.590000 -10.065000 4.766000
v -5.698000 -10.065000 4.766000
v -7.329000 -10.065000 5.266000
v -6.326000 -10.065000 5.266000
v 2.647000 -10.065000 16.266000
v 3.730000 -10.065000 16.266000
v 0.298000 -10.065000 16.766000
v 5.255000 -10.065000 16.766000
v -0.157000 -10.065000 17.266000
v 5.792000 -10.065000 17.266000
v -0.500000 -10.065000 17.766000
v 6.235000 -10.065000 17.766000
v -0.864000 -10.065000 18.266000
v 6.619000 -10.065000 18.266000
v -0.970000 -10.065000 18.766000
v 6.861000 -10.065000 18.766000
v -0.849000 -10.065000 19.266000
v 6.959000 -10.065000 19.266000
v -0.369000 -10.065000 19.766000
v 6.840000 -10.065000 19.766000
v 3.980000 -10.065000 20.266000
v 6.405000 -10.065000 20.266000
v -0.119000 -6.065000 13.766000
v 0.936000 -6.065000 13.766000
v -0.563000 -6.065000 14.266000
v 1.428000 -6.065000 14.266000
v -0.893000 -6.065000 14.766000
v 1.787000 -6.065000 14.766000
v -1.311000 -6.065000 15.266000
v 2.196000 -6.065000 15.266000
v -1.731000 -6.065000 15.766000
v 2.782000 -6.065000 15.766000
v 4.653000 -6.065000 15.766000
v 6.536000 -6.065000 15.766000
v -2.058000 -6.065000 16.266000
v 7.189000 -6.065000 16.266000
v -2.235000 -6.065000 16.766000
v 7.523000 -6.065000 16.766000
v -2.466000 -6.065000 17.266000
v 7.734000 -6.065000 17.266000
v -2.597000 -6.065000 17.766000
v 8.024000 -6.065000 17.766000
v -6.231000 -6.065000 18.266000
v -5.284000 -6.065000 18.266000
v -2.478000 -6.065000 18.266000
v 8.237000 -6.065000 18.266000
v -6.570000 -6.065000 18.766000
v -4.965000 -6.065000 18.766000
v -2.112000 -6.065000 18.766000
v 8.633000 -6.065000 18.766000
v -6.916000 -6.065000 19.266000
v -4.669000 -6.065000 19.266000
v -1.778000 -6.065000 19.266000
v 8.980000 -6.065000 19.266000
v -7.023000 -6.065000 19.766000
v -4.636000 -6.065000 19.766000
v -1.172000 -6.065000 19.766000
v 9.088000 -6.065000 19.766000
v -6.992000 -6.065000 20.266000
v -4.636000 -6.065000 20.266000
v -0.931000 -6.065000 20.266000
v 9.011000 -6.065000 20.266000
v -6.885000 -6.065000 20.766000
v -4.740000 -6.065000 20.766000
v -0.811000 -6.065000 20.766000
v 8.764000 -6.065000 20.766000
v -6.464000 -6.065000 21.266000
v -5.160000 -6.065000 21.266000
v -0.565000 -6.065000 21.266000
v 8.623000 -6.065000 21.266000
v -0.160000 -6.065000 21.766000
v 8.528000 -6.065000 21.766000
v 4.189000 -6.065000 22.266000
v 8.308000 -6.065000 22.266000
v 4.622000 -6.065000 22.766000
v 8.219000 -6.065000 22.766000
v 4.768000 -6.065000 23.266000
v 8.346000 -6.065000 23.266000
v 4.887000 -6.065000 23.766000
v 8.663000 -6.065000 23.766000
v 5.226000 -6.065000 24.266000
v 8.959000 -6.065000 24.266000
v 5.690000 -6.065000 24.766000
v 9.304000 -6.065000 24.766000
v 5.895000 -6.065000 25.266000
v 10.286000 -6.065000 25.266000
v 6.216000 -6.065000 25.766000
v 10.743000 -6.065000 25.766000
v 7.282000 -6.065000 26.266000
v 10.867000 -6.065000 26.266000
v 8.470000 -6.065000 26.766000
v 10.775000 -6.065000 26.766000
v 8.924000 -6.065000 27.266000
v 10.389000 -6.065000 27.266000
v -0.544000 -2.065000 5.266000
v 0.405000 -2.065000 5.266000
v -1.553000 -2.065000 5.766000
v 0.957000 -2.065000 5.766000
v -1.950000 -2.065000 6.266000
v 1.108000 -2.065000 6.266000
v -2.105000 -2.065000 6.766000
v 1.326000 -2.065000 6.766000
v -2.150000 -2.065000 7.266000
v 1.506000 -2.065000 7.266000
v -2.052000 -2.065000 7.766000
v 1.586000 -2.065000 7.766000
v -1.733000 -2.065000 8.266000
v 1.547000 -2.065000 8.266000
v -1.386000 -2.065000 8.766000
v 1.513000 -2.065000 8.766000
v -1.094000 -2.065000 9.266000
v 1.699000 -2.065000 9.266000
v -1.000000 -2.065000 9.766000
v 2.145000 -2.065000 9.766000
v -1.093000 -2.065000 10.266000
v 2.708000 -2.065000 10.266000
v -1.488000 -2.065000 10.766000
v 3.023000 -2.065000 10.766000
v -1.888000 -2.065000 11.266000
v 3.102000 -2.065000 11.266000
v -1.992000 -2.065000 11.766000
v 3.086000 -2.065000 11.766000
v -1.878000 -2.065000 12.266000
v 3.083000 -2.065000 12.266000
v -1.522000 -2.065000 12.766000
v 3.224000 -2.065000 12.766000
v -1.276000 -2.065000 13.266000
v 3.482000 -2.065000 13.266000
v -1.226000 -2.065000 13.766000
v 3.697000 -2.065000 13.766000
v -1.261000 -2.065000 14.266000
v 3.986000 -2.065000 14.266000
v -1.442000 -2.065000 14.766000
v 4.237000 -2.065000 14.766000
v -2.136000 -2.065000 15.266000
v 4.540000 -2.065000 15.266000
v -3.516000 -2.065000 15.766000
v 4.723000 -2.065000 15.766000
v -4.241000 -2.065000 16.266000
v 4.996000 -2.065000 16.266000
v -4.605000 -2.065000 16.766000
v 5.203000 -2.065000 16.766000
v -4.839000 -2.065000 17.266000
v 5.284000 -2.065000 17.266000
v -5.304000 -2.065000 17.766000
v 5.404000 -2.065000 17.766000
v -5.625000 -2.065000 18.266000
v 0.828000 -2.065000 18.266000
v 2.894000 -2.065000 18.266000
v 5.257000 -2.065000 18.266000
v -5.781000 -2.065000 18.766000
v 0.244000 -2.065000 18.766000
v 3.619000 -2.065000 18.766000
v 4.782000 -2.065000 18.766000
v -6.015000 -2.065000 19.266000
v 0.000000 -2.065000 19.266000
v -6.115000 -2.065000 19.766000
v -0.291000 -2.065000 19.766000
v -6.008000 -2.065000 20.266000
v -0.522000 -2.065000 20.266000
v -5.625000 -2.065000 20.766000
v -0.661000 -2.065000 20.766000
v -3.465000 -2.065000 21.266000
v -1.090000 -2.065000 21.266000
v -1.702000 1.935000 4.766000
v -0.958000 1.935000 4.766000
v -2.678000 1.935000 5.266000
v 0.042000 1.935000 5.266000
v -3.058000 1.935000 5.766000
v 1.631000 1.935000 5.766000
v -3.427000 1.935000 6.266000
v 1.979000 1.935000 6.266000
v -3.827000 1.935000 6.766000
v 2.079000 1.935000 6.766000
v -3.924000 1.935000 7.266000
v 2.063000 1.935000 7.266000
v -3.948000 1.935000 7.766000
v 2.114000 1.935000 7.766000
v -3.981000 1.935000 8.266000
v 2.243000 1.935000 8.266000
v -3.942000 1.935000 8.766000
v 2.509000 1.935000 8.766000
v -3.970000 1.935000 9.266000
v 2.621000 1.935000 9.266000
v -3.959000 1.935000 9.766000
v 2.770000 1.935000 9.766000
v -3.925000 1.935000 10.266000
v 3.161000 1.935000 10.266000
v -3.952000 1.935000 10.766000
v 3.689000 1.935000 10.766000
v -4.069000 1.935000 11.266000
v 4.026000 1.935000 11.266000
v -4.143000 1.935000 11.766000
v 4.121000 1.935000 11.766000
v -4.032000 1.935000 12.266000
v 4.028000 1.935000 12.266000
v -3.848000 1.935000 12.766000
v 3.793000 1.935000 12.766000
v -3.776000 1.935000 13.266000
v 3.498000 1.935000 13.266000
v -3.937000 1.935000 13.766000
v 3.400000 1.935000 13.766000
v -4.457000 1.935000 14.266000
v 3.372000 1.935000 14.266000
v -4.862000 1.935000 14.766000
v 3.440000 1.935000 14.766000
v -4.956000 1.935000 15.266000
v 3.375000 1.935000 15.266000
v -4.936000 1.935000 15.766000
v 3.265000 1.935000 15.766000
v -4.836000 1.935000 16.266000
v 2.843000 1.935000 16.266000
v -4.526000 1.935000 16.766000
v 1.499000 1.935000 16.766000
v -4.336000 1.935000 17.266000
v -1.944000 1.935000 17.266000
v -3.855000 1.935000 17.766000
v -2.280000 1.935000 17.766000
v -3.402000 5.935000 4.766000
v -2.044000 5.935000 4.766000
v -3.855000 5.935000 5.266000
v -1.710000 5.935000 5.266000
v -3.977000 5.935000 5.766000
v -1.624000 5.935000 5.766000
v -4.065000 5.935000 6.266000
v -1.532000 5.935000 6.266000
v -4.055000 5.935000 6.766000
v -1.645000 5.935000 6.766000
v -4.158000 5.935000 7.266000
v -1.657000 5.935000 7.266000
v -4.770000 5.935000 7.766000
v -1.652000 5.935000 7.766000
v -5.095000 5.935000 8.266000
v -1.487000 5.935000 8.266000
v -5.357000 5.935000 8.766000
v -1.223000 5.935000 8.766000
v -5.459000 5.935000 9.266000
v -1.128000 5.935000 9.266000
v -5.513000 5.935000 9.766000
v -1.251000 5.935000 9.766000
v -5.381000 5.935000 10.266000
v -1.468000 5.935000 10.266000
v -4.884000 5.935000 10.766000
v -1.822000 5.935000 10.766000
v 0.953000 -18.065000 14.388000
v 0.953000 -18.065000 17.245000
v 1.453000 -18.065000 7.313000
v 1.453000 -18.065000 17.474000
v 1.953000 -18.065000 7.068000
v 1.953000 -18.065000 17.574000
v 2.453000 -18.065000 6.925000
v 2.453000 -18.065000 17.604000
v 2.953000 -18.065000 6.920000
v 2.953000 -18.065000 17.626000
v 3.453000 -18.065000 7.052000
v 3.453000 -18.065000 17.688000
v 3.953000 -18.065000 7.368000
v 3.953000 -18.065000 12.226000
v 3.953000 -18.065000 14.068000
v 3.953000 -18.065000 17.891000
v 4.453000 -18.065000 8.295000
v 4.453000 -18.065000 11.314000
v 4.453000 -18.065000 14.435000
v 4.453000 -18.065000 18.093000
v 4.953000 -18.065000 14.541000
v 4.953000 -18.065000 18.101000
v 5.453000 -18.065000 14.575000
v 5.453000 -18.065000 18.081000
v 5.953000 -18.065000 14.837000
v 5.953000 -18.065000 17.895000
v 6.453000 -18.065000 15.302000
v 6.453000 -18.065000 17.382000
v -2.047000 -14.065000 -0.909000
v -2.047000 -14.065000 2.899000
v -2.047000 -14.065000 5.494000
v -2.047000 -14.065000 8.018000
v -1.547000 -14.065000 -0.880000
v -1.547000 -14.065000 9.385000
v -1.047000 -14.065000 -0.895000
v -1.047000 -14.065000 10.178000
v -0.547000 -14.065000 -1.445000
v -0.547000 -14.065000 10.552000
v -0.547000 -14.065000 14.106000
v -0.547000 -14.065000 14.498000
v -0.047000 -14.065000 -2.148000
v -0.047000 -14.065000 11.086000
v -0.047000 -14.065000 12.843000
v -0.047000 -14.065000 15.246000
v 0.453000 -14.065000 -2.467000
v 0.453000 -14.065000 17.291000
v 0.953000 -14.065000 -2.904000
v 0.953000 -14.065000 17.884000
v 1.453000 -14.065000 -3.119000
v 1.453000 -14.065000 4.092000
v 1.453000 -14.065000 6.963000
v 1.453000 -14.065000 18.101000
v 1.953000 -14.065000 -3.139000
v 1.953000 -14.065000 3.403000
v 1.953000 -14.065000 7.261000
v 1.953000 -14.065000 18.136000
v 2.453000 -14.065000 -3.185000
v 2.453000 -14.065000 3.185000
v 2.453000 -14.065000 7.376000
v 2.453000 -14.065000 18.164000
v 2.953000 -14.065000 -3.341000
v 2.953000 -14.065000 2.986000
v 2.953000 -14.065000 7.577000
v 2.953000 -14.065000 18.166000
v 3.453000 -14.065000 -3.361000
v 3.453000 -14.065000 2.598000
v 3.453000 -14.065000 8.066000
v 3.453000 -14.065000 18.174000
v 3.953000 -14.065000 -3.368000
v 3.953000 -14.065000 1.951000
v 3.953000 -14.065000 8.679000
v 3.953000 -14.065000 11.942000
v 3.953000 -14.065000 14.050000
v 3.953000 -14.065000 18.159000
v 4.453000 -14.065000 -3.144000
v 4.453000 -14.065000 0.577000
v 4.453000 -14.065000 14.545000
v 4.453000 -14.065000 18.109000
v 4.953000 -14.065000 -2.703000
v 4.953000 -14.065000 0.464000
v 4.953000 -14.065000 14.882000
v 4.953000 -14.065000 18.132000
v 5.453000 -14.065000 -2.419000
v 5.453000 -14.065000 0.353000
v 5.453000 -14.065000 15.080000
v 5.453000 -14.065000 18.315000
v 5.953000 -14.065000 -1.874000
v 5.953000 -14.065000 -0.316000
v 5.953000 -14.065000 15.068000
v 5.953000 -14.065000 18.489000
v 6.453000 -14.065000 15.027000
v 6.453000 -14.065000 18.460000
v 6.953000 -14.065000 15.037000
v 6.953000 -14.065000 18.444000
v 7.453000 -14.065000 15.167000
v 7.453000 -14.065000 18.306000
v -7.547000 -10.065000 2.116000
v -7.547000 -10.065000 4.862000
v -7.047000 -10.065000 1.255000
v -7.047000 -10.065000 5.441000
v -6.547000 -10.065000 0.668000
v -6.547000 -10.065000 5.418000
v -6.047000 -10.065000 -0.260000
v -6.047000 -10.065000 5.007000
v -5.547000 -10.065000 -0.224000
v -5.547000 -10.065000 4.658000
v -5.047000 -10.065000 0.177000
v -5.047000 -10.065000 1.992000
v -0.547000 -10.065000 17.822000
v -0.547000 -10.065000 19.645000
v -0.047000 -10.065000 17.123000
v -0.047000 -10.065000 19.885000
v 0.453000 -10.065000 16.643000
v 0.453000 -10.065000 19.912000
v 0.953000 -10.065000 16.398000
v 0.953000 -10.065000 19.943000
v 1.453000 -10.065000 16.305000
v 1.453000 -10.065000 19.945000
v 1.953000 -10.065000 16.284000
v 1.953000 -10.065000 19.903000
v 2.453000 -10.065000 16.297000
v 2.453000 -10.065000 19.953000
v 2.953000 -10.065000 16.234000
v 2.953000 -10.065000 19.961000
v 3.453000 -10.065000 16.212000
v 3.453000 -10.065000 20.025000
v 3.953000 -10.065000 16.334000
v 3.953000 -10.065000 20.250000
v 4.453000 -10.065000 16.528000
v 4.453000 -10.065000 20.461000
v 4.953000 -10.065000 16.677000
v 4.953000 -10.065000 20.467000
v 5.453000 -10.065000 16.886000
v 5.453000 -10.065000 20.500000
v 5.953000 -10.065000 17.477000
v 5.953000 -10.065000 20.473000
v 6.453000 -10.065000 18.051000
v 6.453000 -10.065000 20.233000
v 6.953000 -10.065000 19.128000
v 6.953000 -10.065000 19.366000
v -6.547000 -6.065000 18.741000
v -6.547000 -6.065000 21.205000
v -6.047000 -6.065000 18.137000
v -6.047000 -6.065000 21.440000
v -5.547000 -6.065000 18.104000
v -5.547000 -6.065000 21.434000
v -5.047000 -6.065000 18.662000
v -5.047000 -6.065000 21.180000
v -2.547000 -6.065000 17.444000
v -2.547000 -6.065000 18.062000
v -2.047000 -6.065000 16.243000
v -2.047000 -6.065000 18.852000
v -1.547000 -6.065000 15.571000
v -1.547000 -6.065000 19.429000
v -1.047000 -6.065000 14.979000
v -1.047000 -6.065000 19.952000
v -0.547000 -6.065000 14.244000
v -0.547000 -6.065000 21.295000
v -0.047000 -6.065000 13.729000
v -0.047000 -6.065000 21.854000
v 0.453000 -6.065000 13.740000
v 0.453000 -6.065000 22.072000
v 0.953000 -6.065000 13.773000
v 0.953000 -6.065000 22.137000
v 1.453000 -6.065000 14.301000
v 1.453000 -6.065000 22.146000
v 1.953000 -6.065000 14.974000
v 1.953000 -6.065000 22.125000
v 2.453000 -6.065000 15.541000
v 2.453000 -6.065000 22.153000
v 2.953000 -6.065000 15.856000
v 2.953000 -6.065000 22.141000
v 3.453000 -6.065000 16.009000
v 3.453000 -6.065000 22.065000
v 3.953000 -6.065000 16.017000
v 3.953000 -6.065000 22.142000
v 4.453000 -6.065000 15.877000
v 4.453000 -6.065000 22.505000
v 4.953000 -6.065000 15.655000
v 4.953000 -6.065000 23.908000
v 5.453000 -6.065000 15.530000
v 5.453000 -6.065000 24.465000
v 5.953000 -6.065000 15.532000
v 5.953000 -6.065000 25.399000
v 6.453000 -6.065000 15.714000
v 6.453000 -6.065000 25.954000
v 6.953000 -6.065000 16.057000
v 6.953000 -6.065000 26.162000
v 7.453000 -6.065000 16.612000
v 7.453000 -6.065000 26.316000
v 7.953000 -6.065000 17.610000
v 7.953000 -6.065000 26.454000
v 8.453000 -6.065000 18.577000
v 8.453000 -6.065000 21.936000
v 8.453000 -6.065000 23.460000
v 8.453000 -6.065000 26.749000
v 8.953000 -6.065000 19.203000
v 8.953000 -6.065000 20.408000
v 8.953000 -6.065000 24.254000
v 8.953000 -6.065000 27.287000
v 9.453000 -6.065000 24.892000
v 9.453000 -6.065000 27.495000
v 9.953000 -6.065000 25.126000
v 9.953000 -6.065000 27.476000
v 10.453000 -6.065000 25.388000
v 10.453000 -6.065000 27.214000
v -6.047000 -2.065000 19.346000
v -6.047000 -2.065000 20.167000
v -5.547000 -2.065000 18.097000
v -5.547000 -2.065000 20.822000
v -5.047000 -2.065000 17.529000
v -5.047000 -2.065000 21.023000
v -4.547000 -2.065000 16.663000
v -4.547000 -2.065000 21.171000
v -4.047000 -2.065000 16.089000
v -4.047000 -2.065000 21.188000
v -3.547000 -2.065000 15.783000
v -3.547000 -2.065000 21.241000
v -3.047000 -2.065000 15.535000
v -3.047000 -2.065000 21.473000
v -2.547000 -2.065000 15.366000
v -2.547000 -2.065000 21.654000
v -2.047000 -2.065000 6.520000
v -2.047000 -2.065000 7.777000
v -2.047000 -2.065000 15.236000
v -2.047000 -2.065000 21.654000
v -1.547000 -2.065000 5.762000
v -1.547000 -2.065000 8.520000
v -1.547000 -2.065000 10.820000
v -1.547000 -2.065000 12.731000
v -1.547000 -2.065000 14.913000
v -1.547000 -2.065000 21.479000
v -1.047000 -2.065000 5.502000
v -1.047000 -2.065000 9.408000
v -1.047000 -2.065000 10.137000
v -1.047000 -2.065000 21.237000
v -0.547000 -2.065000 5.267000
v -0.547000 -2.065000 20.366000
v -0.047000 -2.065000 5.167000
v -0.047000 -2.065000 19.381000
v 0.453000 -2.065000 5.288000
v 0.453000 -2.065000 18.517000
v 0.953000 -2.065000 5.758000
v 0.953000 -2.065000 18.218000
v 1.453000 -2.065000 7.124000
v 1.453000 -2.065000 18.139000
v 1.953000 -2.065000 9.565000
v 1.953000 -2.065000 18.119000
v 2.453000 -2.065000 10.058000
v 2.453000 -2.065000 18.140000
v 2.953000 -2.065000 10.604000
v 2.953000 -2.065000 18.293000
v 3.453000 -2.065000 13.192000
v 3.453000 -2.065000 18.650000
v 3.953000 -2.065000 14.184000
v 3.953000 -2.065000 18.895000
v 4.453000 -2.065000 15.074000
v 4.453000 -2.065000 18.894000
v 4.953000 -2.065000 16.195000
v 4.953000 -2.065000 18.646000
v -4.547000 1.935000 14.336000
v -4.547000 1.935000 16.724000
v -4.047000 1.935000 11.195000
v -4.047000 1.935000 12.225000
v -4.047000 1.935000 13.923000
v -4.047000 1.935000 17.627000
v -3.547000 1.935000 6.377000
v -3.547000 1.935000 17.886000
v -3.047000 1.935000 5.749000
v -3.047000 1.935000 17.932000
v -2.547000 1.935000 5.155000
v -2.547000 1.935000 17.921000
v -2.047000 1.935000 4.893000
v -2.047000 1.935000 17.396000
v -1.547000 1.935000 4.744000
v -1.547000 1.935000 16.987000
v -1.047000 1.935000 4.748000
v -1.047000 1.935000 16.908000
v -0.547000 1.935000 4.930000
v -0.547000 1.935000 16.877000
v -0.047000 1.935000 5.231000
v -0.047000 1.935000 16.953000
v 0.453000 1.935000 5.366000
v 0.453000 1.935000 16.956000
v 0.953000 1.935000 5.430000
v 0.953000 1.935000 16.877000
v 1.453000 1.935000 5.628000
v 1.453000 1.935000 16.785000
v 1.953000 1.935000 6.204000
v 1.953000 1.935000 16.574000
v 2.453000 1.935000 8.647000
v 2.453000 1.935000 16.439000
v 2.953000 1.935000 10.048000
v 2.953000 1.935000 16.183000
v 3.453000 1.935000 10.557000
v 3.453000 1.935000 13.401000
v 3.953000 1.935000 11.108000
v 3.953000 1.935000 12.445000
v -5.047000 5.935000 8.175000
v -5.047000 5.935000 10.662000
v -4.547000 5.935000 7.640000
v -4.547000 5.935000 10.882000
v -4.047000 5.935000 6.087000
v -4.047000 5.935000 10.966000
v -3.547000 5.935000 4.869000
v -3.547000 5.935000 11.108000
v -3.047000 5.935000 4.627000
v -3.047000 5.935000 11.116000
v -2.547000 5.935000 4.611000
v -2.547000 5.935000 11.098000
v -2.047000 5.935000 4.764000
v -2.047000 5.935000 10.922000
v -1.547000 5.935000 6.114000
v -1.547000 5.935000 6.425000
v -1.547000 5.935000 8.129000
v -1.547000 5.935000 10.426000
v 2.453000 -13.969000 -3.234000
v 2.453000 -12.705000 -3.234000
v 2.953000 -14.205000 -3.234000
v 2.953000 -12.384000 -3.234000
v 3.453000 -14.224000 -3.234000
v 3.453000 -12.330000 -3.234000
v 3.953000 -14.228000 -3.234000
v 3.953000 -12.310000 -3.234000
v 4.453000 -13.949000 -3.234000
v 4.453000 -12.589000 -3.234000
v -7.547000 -12.469000 0.766000
v -7.547000 -10.700000 0.766000
v -7.047000 -12.880000 0.766000
v -7.047000 -10.260000 0.766000
v -6.547000 -13.102000 0.766000
v -6.547000 -10.038000 0.766000
v -6.047000 -13.292000 0.766000
v -6.047000 -9.913000 0.766000
v -5.547000 -13.331000 0.766000
v -5.547000 -9.908000 0.766000
v -5.047000 -13.282000 0.766000
v -5.047000 -9.937000 0.766000
v -4.547000 -13.233000 0.766000
v -4.547000 -10.153000 0.766000
v -4.047000 -13.220000 0.766000
v -4.047000 -10.508000 0.766000
v -3.547000 -13.359000 0.766000
v -3.547000 -10.674000 0.766000
v -3.047000 -13.610000 0.766000
v -3.047000 -10.627000 0.766000
v -2.547000 -13.987000 0.766000
v -2.547000 -10.484000 0.766000
v -2.047000 -14.422000 0.766000
v -2.047000 -10.479000 0.766000
v -1.547000 -14.630000 0.766000
v -1.547000 -10.561000 0.766000
v -1.047000 -14.670000 0.766000
v -1.047000 -10.757000 0.766000
v -0.547000 -14.782000 0.766000
v -0.547000 -11.244000 0.766000
v -0.047000 -14.922000 0.766000
v -0.047000 -11.756000 0.766000
v 0.453000 -15.151000 0.766000
v 0.453000 -12.160000 0.766000
v 0.953000 -15.497000 0.766000
v 0.953000 -12.357000 0.766000
v 1.453000 -15.945000 0.766000
v 1.453000 -12.345000 0.766000
v 1.953000 -16.346000 0.766000
v 1.953000 -12.247000 0.766000
v 2.453000 -16.587000 0.766000
v 2.453000 -12.244000 0.766000
v 2.953000 -16.610000 0.766000
v 2.953000 -12.344000 0.766000
v 3.453000 -16.593000 0.766000
v 3.453000 -12.923000 0.766000
v 3.953000 -16.525000 0.766000
v 3.953000 -13.728000 0.766000
v 4.453000 -16.596000 0.766000
v 4.453000 -14.198000 0.766000
v 4.953000 -16.945000 0.766000
v 4.953000 -14.280000 0.766000
v 5.453000 -17.260000 0.766000
v 5.453000 -14.288000 0.766000
v 5.953000 -17.272000 0.766000
v 5.953000 -14.405000 0.766000
v 6.453000 -17.146000 0.766000
v 6.453000 -14.533000 0.766000
v 6.953000 -16.946000 0.766000
v 6.953000 -14.759000 0.766000
v 7.453000 -16.334000 0.766000
v 7.453000 -15.372000 0.766000
v -8.047000 -12.040000 4.766000
v -8.047000 -10.510000 4.766000
v -7.547000 -12.489000 4.766000
v -7.547000 -10.035000 4.766000
v -7.047000 -12.918000 4.766000
v -7.047000 -9.822000 4.766000
v -6.547000 -13.124000 4.766000
v -6.547000 -9.813000 4.766000
v -6.047000 -13.120000 4.766000
v -6.047000 -9.883000 4.766000
v -5.547000 -12.903000 4.766000
v -5.547000 -10.206000 4.766000
v -5.047000 -12.201000 4.766000
v -5.047000 -11.049000 4.766000
v -3.547000 3.847000 4.766000
v -3.547000 5.803000 4.766000
v -3.047000 3.067000 4.766000
v -3.047000 6.102000 4.766000
v -2.547000 2.443000 4.766000
v -2.547000 6.095000 4.766000
v -2.047000 -15.685000 4.766000
v -2.047000 -14.898000 4.766000
v -2.047000 2.097000 4.766000
v -2.047000 5.936000 4.766000
v -1.547000 -16.365000 4.766000
v -1.547000 -12.441000 4.766000
v -1.547000 1.898000 4.766000
v -1.547000 5.702000 4.766000
v -1.047000 -16.577000 4.766000
v -1.047000 -11.724000 4.766000
v -1.047000 1.883000 4.766000
v -1.047000 5.496000 4.766000
v -0.547000 -16.576000 4.766000
v -0.547000 -11.175000 4.766000
v -0.547000 2.763000 4.766000
v -0.547000 5.264000 4.766000
v -0.047000 -16.363000 4.766000
v -0.047000 -10.980000 4.766000
v 0.453000 -15.884000 4.766000
v 0.453000 -10.984000 4.766000
v 0.953000 -14.706000 4.766000
v 0.953000 -11.014000 4.766000
v 1.453000 -13.888000 4.766000
v 1.453000 -11.235000 4.766000
v 1.953000 -12.608000 4.766000
v 1.953000 -11.999000 4.766000
v -5.547000 4.184000 8.766000
v -5.547000 5.531000 8.766000
v -5.047000 3.589000 8.766000
v -5.047000 6.262000 8.766000
v -4.547000 3.062000 8.766000
v -4.547000 6.492000 8.766000
v -4.047000 2.129000 8.766000
v -4.047000 6.550000 8.766000
v -3.547000 1.444000 8.766000
v -3.547000 6.665000 8.766000
v -3.047000 0.946000 8.766000
v -3.047000 6.713000 8.766000
v -2.547000 0.739000 8.766000
v -2.547000 6.696000 8.766000
v -2.047000 -15.169000 8.766000
v -2.047000 -14.458000 8.766000
v -2.047000 0.470000 8.766000
v -2.047000 6.512000 8.766000
v -1.547000 -15.877000 8.766000
v -1.547000 -13.649000 8.766000
v -1.547000 -1.550000 8.766000
v -1.547000 6.278000 8.766000
v -1.047000 -16.110000 8.766000
v -1.047000 -12.765000 8.766000
v -1.047000 -2.979000 8.766000
v -1.047000 5.534000 8.766000
v -0.547000 -16.447000 8.766000
v -0.547000 -12.155000 8.766000
v -0.547000 -3.290000 8.766000
v -0.547000 4.284000 8.766000
v -0.047000 -16.957000 8.766000
v -0.047000 -11.938000 8.766000
v -0.047000 -3.309000 8.766000
v -0.047000 3.947000 8.766000
v 0.453000 -17.368000 8.766000
v 0.453000 -11.922000 8.766000
v 0.453000 -3.114000 8.766000
v 0.453000 3.761000 8.766000
v 0.953000 -17.969000 8.766000
v 0.953000 -12.023000 8.766000
v 0.953000 -2.718000 8.766000
v 0.953000 3.583000 8.766000
v 1.453000 -18.534000 8.766000
v 1.453000 -12.021000 8.766000
v 1.453000 -2.174000 8.766000
v 1.453000 3.448000 8.766000
v 1.953000 -20.031000 8.766000
v 1.953000 -12.023000 8.766000
v 1.953000 -1.438000 8.766000
v 1.953000 3.240000 8.766000
v 2.453000 -20.552000 8.766000
v 2.453000 -12.232000 8.766000
v 2.453000 1.724000 8.766000
v 2.453000 2.601000 8.766000
v 2.953000 -20.736000 8.766000
v 2.953000 -12.531000 8.766000
v 3.453000 -20.727000 8.766000
v 3.453000 -13.107000 8.766000
v 3.953000 -20.680000 8.766000
v 3.953000 -13.901000 8.766000
v 4.453000 -20.500000 8.766000
v 4.453000 -16.540000 8.766000
v 4.953000 -19.991000 8.766000
v 4.953000 -18.602000 8.766000
v -4.047000 0.816000 12.766000
v -4.047000 1.525000 12.766000
v -3.547000 0.056000 12.766000
v -3.547000 2.438000 12.766000
v -3.047000 -0.516000 12.766000
v -3.047000 2.891000 12.766000
v -2.547000 -0.965000 12.766000
v -2.547000 3.393000 12.766000
v -2.047000 -1.398000 12.766000
v -2.047000 3.919000 12.766000
v -1.547000 -2.021000 12.766000
v -1.547000 4.169000 12.766000
v -1.047000 -2.703000 12.766000
v -1.047000 4.432000 12.766000
v -0.547000 -16.011000 12.766000
v -0.547000 -14.719000 12.766000
v -0.547000 -3.182000 12.766000
v -0.547000 4.756000 12.766000
v -0.047000 -16.595000 12.766000
v -0.047000 -14.147000 12.766000
v -0.047000 -3.739000 12.766000
v -0.047000 4.951000 12.766000
v 0.453000 -17.028000 12.766000
v 0.453000 -13.018000 12.766000
v 0.453000 -4.556000 12.766000
v 0.453000 5.050000 12.766000
v 0.953000 -17.502000 12.766000
v 0.953000 -12.668000 12.766000
v 0.953000 -4.710000 12.766000
v 0.953000 5.057000 12.766000
v 1.453000 -18.197000 12.766000
v 1.453000 -12.534000 12.766000
v 1.453000 -4.737000 12.766000
v 1.453000 4.870000 12.766000
v 1.953000 -18.640000 12.766000
v 1.953000 -12.566000 12.766000
v 1.953000 -4.625000 12.766000
v 1.953000 4.412000 12.766000
v 2.453000 -18.821000 12.766000
v 2.453000 -12.778000 12.766000
v 2.453000 -4.418000 12.766000
v 2.453000 3.889000 12.766000
v 2.953000 -18.815000 12.766000
v 2.953000 -13.149000 12.766000
v 2.953000 -3.806000 12.766000
v 2.953000 3.059000 12.766000
v 3.453000 -18.502000 12.766000
v 3.453000 -13.799000 12.766000
v 3.453000 -0.905000 12.766000
v 3.453000 2.390000 12.766000
v 3.953000 -17.431000 12.766000
v 3.953000 -14.758000 12.766000
v 3.953000 0.236000 12.766000
v 3.953000 1.615000 12.766000
v -5.047000 -4.934000 16.766000
v -5.047000 -3.170000 16.766000
v -4.547000 -5.257000 16.766000
v -4.547000 1.907000 16.766000
v -4.047000 -5.326000 16.766000
v -4.047000 2.347000 16.766000
v -3.547000 -5.339000 16.766000
v -3.547000 2.538000 16.766000
v -3.047000 -5.353000 16.766000
v -3.047000 2.539000 16.766000
v -2.547000 -5.647000 16.766000
v -2.547000 2.456000 16.766000
v -2.047000 -6.401000 16.766000
v -2.047000 2.260000 16.766000
v -1.547000 -6.998000 16.766000
v -1.547000 2.061000 16.766000
v -1.047000 -7.340000 16.766000
v -1.047000 2.004000 16.766000
v -0.547000 -16.649000 16.766000
v -0.547000 -15.958000 16.766000
v -0.547000 -7.692000 16.766000
v -0.547000 2.014000 16.766000
v -0.047000 -17.382000 16.766000
v -0.047000 -14.738000 16.766000
v -0.047000 -7.949000 16.766000
v -0.047000 2.147000 16.766000
v 0.453000 -17.922000 16.766000
v 0.453000 -13.658000 16.766000
v 0.453000 -12.977000 16.766000
v 0.453000 -9.159000 16.766000
v 0.453000 -8.148000 16.766000
v 0.453000 2.128000 16.766000
v 0.953000 -18.442000 16.766000
v 0.953000 1.995000 16.766000
v 1.453000 -18.868000 16.766000
v 1.453000 1.943000 16.766000
v 1.953000 -19.108000 16.766000
v 1.953000 1.780000 16.766000
v 2.453000 -19.126000 16.766000
v 2.453000 1.342000 16.766000
v 2.953000 -19.113000 16.766000
v 2.953000 -0.071000 16.766000
v 3.453000 -19.127000 16.766000
v 3.453000 -0.577000 16.766000
v 3.953000 -19.077000 16.766000
v 3.953000 -0.865000 16.766000
v 4.453000 -19.144000 16.766000
v 4.453000 -11.326000 16.766000
v 4.453000 -10.560000 16.766000
v 4.453000 -1.113000 16.766000
v 4.953000 -19.176000 16.766000
v 4.953000 -11.581000 16.766000
v 4.953000 -10.243000 16.766000
v 4.953000 -1.676000 16.766000
v 5.453000 -19.174000 16.766000
v 5.453000 -12.554000 16.766000
v 5.453000 -9.837000 16.766000
v 5.453000 -2.306000 16.766000
v 5.953000 -18.979000 16.766000
v 5.953000 -13.026000 16.766000
v 5.953000 -9.057000 16.766000
v 5.953000 -2.556000 16.766000
v 6.453000 -18.466000 16.766000
v 6.453000 -13.282000 16.766000
v 6.453000 -8.619000 16.766000
v 6.453000 -2.774000 16.766000
v 6.953000 -17.778000 16.766000
v 6.953000 -13.449000 16.766000
v 6.953000 -8.335000 16.766000
v 6.953000 -3.451000 16.766000
v 7.453000 -17.251000 16.766000
v 7.453000 -13.680000 16.766000
v 7.453000 -7.515000 16.766000
v 7.453000 -4.336000 16.766000
v 7.953000 -16.988000 16.766000
v 7.953000 -14.127000 16.766000
v 8.453000 -16.472000 16.766000
v 8.453000 -14.631000 16.766000
v -7.047000 -5.758000 20.766000
v -7.047000 -3.634000 20.766000
v -6.547000 -6.394000 20.766000
v -6.547000 -3.337000 20.766000
v -6.047000 -6.597000 20.766000
v -6.047000 -3.040000 20.766000
v -5.547000 -6.591000 20.766000
v -5.547000 0.797000 20.766000
v -5.047000 -6.373000 20.766000
v -5.047000 1.116000 20.766000
v -4.547000 -5.744000 20.766000
v -4.547000 1.167000 20.766000
v -4.047000 -5.199000 20.766000
v -4.047000 1.292000 20.766000
v -3.547000 -5.077000 20.766000
v -3.547000 1.472000 20.766000
v -3.047000 -5.114000 20.766000
v -3.047000 1.489000 20.766000
v -2.547000 -5.125000 20.766000
v -2.547000 1.459000 20.766000
v -2.047000 -5.170000 20.766000
v -2.047000 1.237000 20.766000
v -1.547000 -5.295000 20.766000
v -1.547000 0.518000 20.766000
v -1.047000 -5.651000 20.766000
v -1.047000 -1.655000 20.766000
v -0.547000 -6.877000 20.766000
v -0.547000 -2.283000 20.766000
v -0.047000 -7.730000 20.766000
v -0.047000 -3.532000 20.766000
v 0.453000 -8.549000 20.766000
v 0.453000 -4.270000 20.766000
v 0.953000 -8.800000 20.766000
v 0.953000 -4.442000 20.766000
v 1.453000 -8.818000 20.766000
v 1.453000 -4.495000 20.766000
v 1.953000 -8.799000 20.766000
v 1.953000 -4.497000 20.766000
v 2.453000 -8.779000 20.766000
v 2.453000 -4.385000 20.766000
v 2.953000 -8.785000 20.766000
v 2.953000 -4.365000 20.766000
v 3.453000 -8.818000 20.766000
v 3.453000 -4.444000 20.766000
v 3.953000 -9.017000 20.766000
v 3.953000 -4.655000 20.766000
v 4.453000 -9.386000 20.766000
v 4.453000 -4.749000 20.766000
v 4.953000 -9.709000 20.766000
v 4.953000 -4.680000 20.766000
v 5.453000 -9.822000 20.766000
v 5.453000 -4.547000 20.766000
v 5.953000 -9.797000 20.766000
v 5.953000 -4.377000 20.766000
v 6.453000 -9.434000 20.766000
v 6.453000 -4.101000 20.766000
v 6.953000 -8.117000 20.766000
v 6.953000 -3.920000 20.766000
v 7.453000 -7.706000 20.766000
v 7.453000 -3.928000 20.766000
v 7.953000 -7.406000 20.766000
v 7.953000 -4.133000 20.766000
v 8.453000 -7.007000 20.766000
v 8.453000 -4.717000 20.766000
v 5.953000 -6.585000 24.766000
v 5.953000 -4.827000 24.766000
v 6.453000 -7.085000 24.766000
v 6.453000 -4.222000 24.766000
v 6.953000 -7.546000 24.766000
v 6.953000 -4.028000 24.766000
v 7.453000 -7.922000 24.766000
v 7.453000 -4.041000 24.766000
v 7.953000 -8.120000 24.766000
v 7.953000 -4.270000 24.766000
v 8.453000 -8.106000 24.766000
v 8.453000 -4.913000 24.766000
v 8.953000 -7.871000 24.766000
v 8.953000 -5.639000 24.766000
v 9.453000 -7.327000 24.766000
v 9.453000 -6.304000 24.766000
v 5.397000 -17.565000 1.266000
v 6.056000 -17.565000 1.266000
v 5.154000 -17.565000 1.766000
v 6.299000 -17.565000 1.766000
v 1.028000 -17.565000 7.266000
v 3.616000 -17.565000 7.266000
v 0.590000 -17.565000 7.766000
v 3.973000 -17.565000 7.766000
v 0.496000 -17.565000 8.266000
v 4.243000 -17.565000 8.266000
v 0.590000 -17.565000 8.766000
v 4.521000 -17.565000 8.766000
v 0.854000 -17.565000 9.266000
v 4.622000 -17.565000 9.266000
v 0.944000 -17.565000 9.766000
v 4.574000 -17.565000 9.766000
v 0.912000 -17.565000 10.266000
v 4.526000 -17.565000 10.266000
v 0.977000 -17.565000 10.766000
v 4.557000 -17.565000 10.766000
v 0.939000 -17.565000 11.266000
v 4.467000 -17.565000 11.266000
v 0.956000 -17.565000 11.766000
v 4.189000 -17.565000 11.766000
v 0.978000 -17.565000 12.266000
v 3.992000 -17.565000 12.266000
v 1.001000 -17.565000 12.766000
v 3.914000 -17.565000 12.766000
v 0.903000 -17.565000 13.266000
v 3.929000 -17.565000 13.266000
v 0.665000 -17.565000 13.766000
v 4.089000 -17.565000 13.766000
v 0.516000 -17.565000 14.266000
v 4.822000 -17.565000 14.266000
v 0.434000 -17.565000 14.766000
v 6.393000 -17.565000 14.766000
v 0.373000 -17.565000 15.266000
v 6.801000 -17.565000 15.266000
v 0.116000 -17.565000 15.766000
v 7.109000 -17.565000 15.766000
v -0.012000 -17.565000 16.266000
v 7.213000 -17.565000 16.266000
v 0.098000 -17.565000 16.766000
v 7.106000 -17.565000 16.766000
v 0.525000 -17.565000 17.266000
v 6.921000 -17.565000 17.266000
v 3.628000 -17.565000 17.766000
v 6.691000 -17.565000 17.766000
v 2.104000 -13.565000 -3.234000
v 4.680000 -13.565000 -3.234000
v 0.686000 -13.565000 -2.734000
v 5.094000 -13.565000 -2.734000
v -0.222000 -13.565000 -2.234000
v 5.690000 -13.565000 -2.234000
v -0.725000 -13.565000 -1.734000
v 6.015000 -13.565000 -1.734000
v -2.549000 -13.565000 -1.234000
v 6.102000 -13.565000 -1.234000
v -2.952000 -13.565000 -0.734000
v 6.002000 -13.565000 -0.734000
v -3.170000 -13.565000 -0.234000
v 5.685000 -13.565000 -0.234000
v -3.326000 -13.565000 0.266000
v 4.419000 -13.565000 0.266000
v -3.128000 -13.565000 0.766000
v 3.841000 -13.565000 0.766000
v -6.145000 -13.565000 1.266000
v -5.381000 -13.565000 1.266000
v -2.868000 -13.565000 1.266000
v 3.654000 -13.565000 1.266000
v -6.391000 -13.565000 1.766000
v -5.136000 -13.565000 1.766000
v -2.662000 -13.565000 1.766000
v 3.659000 -13.565000 1.766000
v -6.359000 -13.565000 2.266000
v -5.294000 -13.565000 2.266000
v -2.350000 -13.565000 2.266000
v 3.560000 -13.565000 2.266000
v -2.136000 -13.565000 2.766000
v 3.238000 -13.565000 2.766000
v -1.853000 -13.565000 3.266000
v 2.375000 -13.565000 3.266000
v -1.696000 -13.565000 3.766000
v 1.829000 -13.565000 3.766000
v -1.673000 -13.565000 4.266000
v 1.642000 -13.565000 4.266000
v -1.743000 -13.565000 4.766000
v 1.567000 -13.565000 4.766000
v -1.857000 -13.565000 5.266000
v 1.519000 -13.565000 5.266000
v -2.109000 -13.565000 5.766000
v 1.361000 -13.565000 5.766000
v -2.218000 -13.565000 6.266000
v 1.333000 -13.565000 6.266000
v -2.205000 -13.565000 6.766000
v 1.498000 -13.565000 6.766000
v -2.103000 -13.565000 7.266000
v 2.337000 -13.565000 7.266000
v -1.931000 -13.565000 7.766000
v 3.200000 -13.565000 7.766000
v -1.628000 -13.565000 8.266000
v 3.524000 -13.565000 8.266000
v -1.489000 -13.565000 8.766000
v 3.798000 -13.565000 8.766000
v -1.388000 -13.565000 9.266000
v 3.908000 -13.565000 9.266000
v -1.070000 -13.565000 9.766000
v 3.902000 -13.565000 9.766000
v -0.695000 -13.565000 10.266000
v 4.023000 -13.565000 10.266000
v -0.236000 -13.565000 10.766000
v 4.100000 -13.565000 10.766000
v 0.223000 -13.565000 11.266000
v 4.060000 -13.565000 11.266000
v 0.409000 -13.565000 11.766000
v 3.957000 -13.565000 11.766000
v 0.397000 -13.565000 12.266000
v 3.637000 -13.565000 12.266000
v 0.180000 -13.565000 12.766000
v 3.275000 -13.565000 12.766000
v -0.102000 -13.565000 13.266000
v 3.115000 -13.565000 13.266000
v -0.193000 -13.565000 13.766000
v 3.202000 -13.565000 13.766000
v -0.237000 -13.565000 14.266000
v 3.802000 -13.565000 14.266000
v -0.146000 -13.565000 14.766000
v 4.329000 -13.565000 14.766000
v 0.170000 -13.565000 15.266000
v 4.884000 -13.565000 15.266000
v 0.424000 -13.565000 15.766000
v 7.196000 -13.565000 15.766000
v 0.475000 -13.565000 16.266000
v 7.370000 -13.565000 16.266000
v 0.470000 -13.565000 16.766000
v 7.245000 -13.565000 16.766000
v 0.531000 -13.565000 17.266000
v 7.308000 -13.565000 17.266000
v 0.801000 -13.565000 17.766000
v 7.113000 -13.565000 17.766000
v 5.521000 -13.565000 18.266000
v 6.197000 -13.565000 18.266000
v -6.704000 -9.565000 2.266000
v -5.986000 -9.565000 2.266000
v -7.150000 -9.565000 2.766000
v -5.734000 -9.565000 2.766000
v -7.436000 -9.565000 3.266000
v -5.644000 -9.565000 3.266000
v -7.366000 -9.565000 3.766000
v -5.730000 -9.565000 3.766000
v -7.090000 -9.565000 4.266000
v -6.020000 -9.565000 4.266000
v 2.795000 -9.565000 16.266000
v 5.207000 -9.565000 16.266000
v 0.324000 -9.565000 16.766000
v 5.634000 -9.565000 16.766000
v -0.432000 -9.565000 17.266000
v 5.876000 -9.565000 17.266000
v -0.866000 -9.565000 17.766000
v 6.349000 -9.565000 17.766000
v -1.093000 -9.565000 18.266000
v 6.892000 -9.565000 18.266000
v -1.181000 -9.565000 18.766000
v 7.271000 -9.565000 18.766000
v -1.080000 -9.565000 19.266000
v 7.362000 -9.565000 19.266000
v -0.730000 -9.565000 19.766000
v 7.235000 -9.565000 19.766000
v 3.548000 -9.565000 20.266000
v 6.807000 -9.565000 20.266000
v 4.654000 -9.565000 20.766000
v 6.339000 -9.565000 20.766000
v -0.469000 -5.565000 13.266000
v 1.301000 -5.565000 13.266000
v -0.892000 -5.565000 13.766000
v 1.778000 -5.565000 13.766000
v -1.000000 -5.565000 14.266000
v 1.915000 -5.565000 14.266000
v -1.118000 -5.565000 14.766000
v 1.996000 -5.565000 14.766000
v -1.342000 -5.565000 15.266000
v 2.156000 -5.565000 15.266000
v -1.715000 -5.565000 15.766000
v 2.440000 -5.565000 15.766000
v -2.149000 -5.565000 16.266000
v 3.231000 -5.565000 16.266000
v 4.193000 -5.565000 16.266000
v 7.207000 -5.565000 16.266000
v -2.637000 -5.565000 16.766000
v 7.531000 -5.565000 16.766000
v -4.613000 -5.565000 17.266000
v 7.744000 -5.565000 17.266000
v -6.459000 -5.565000 17.766000
v 8.042000 -5.565000 17.766000
v -6.892000 -5.565000 18.266000
v 8.229000 -5.565000 18.266000
v -7.317000 -5.565000 18.766000
v 8.607000 -5.565000 18.766000
v -7.444000 -5.565000 19.266000
v 8.944000 -5.565000 19.266000
v -7.514000 -5.565000 19.766000
v -3.820000 -5.565000 19.766000
v -2.227000 -5.565000 19.766000
v 9.039000 -5.565000 19.766000
v -7.385000 -5.565000 20.266000
v -4.204000 -5.565000 20.266000
v -1.755000 -5.565000 20.266000
v 8.945000 -5.565000 20.266000
v -7.109000 -5.565000 20.766000
v -4.429000 -5.565000 20.766000
v -1.122000 -5.565000 20.766000
v 8.715000 -5.565000 20.766000
v -6.781000 -5.565000 21.266000
v -4.844000 -5.565000 21.266000
v -0.571000 -5.565000 21.266000
v 8.614000 -5.565000 21.266000
v 0.194000 -5.565000 21.766000
v 8.528000 -5.565000 21.766000
v 4.467000 -5.565000 22.266000
v 8.351000 -5.565000 22.266000
v 4.711000 -5.565000 22.766000
v 8.333000 -5.565000 22.766000
v 4.770000 -5.565000 23.266000
v 8.473000 -5.565000 23.266000
v 4.876000 -5.565000 23.766000
v 8.631000 -5.565000 23.766000
v 5.211000 -5.565000 24.266000
v 8.757000 -5.565000 24.266000
v 5.675000 -5.565000 24.766000
v 8.883000 -5.565000 24.766000
v 5.881000 -5.565000 25.266000
v 9.114000 -5.565000 25.266000
v 6.197000 -5.565000 25.766000
v 10.136000 -5.565000 25.766000
v 8.622000 -5.565000 26.266000
v 10.374000 -5.565000 26.266000
v 9.109000 -5.565000 26.766000
v 10.204000 -5.565000 26.766000
v -0.523000 -1.565000 5.266000
v 0.772000 -1.565000 5.266000
v -1.254000 -1.565000 5.766000
v 1.255000 -1.565000 5.766000
v -1.718000 -1.565000 6.266000
v 1.427000 -1.565000 6.266000
v -2.040000 -1.565000 6.766000
v 1.725000 -1.565000 6.766000
v -2.128000 -1.565000 7.266000
v 1.856000 -1.565000 7.266000
v -2.029000 -1.565000 7.766000
v 1.889000 -1.565000 7.766000
v -1.746000 -1.565000 8.266000
v 1.906000 -1.565000 8.266000
v -1.545000 -1.565000 8.766000
v 1.881000 -1.565000 8.766000
v -1.334000 -1.565000 9.266000
v 2.003000 -1.565000 9.266000
v -1.257000 -1.565000 9.766000
v 2.269000 -1.565000 9.766000
v -1.391000 -1.565000 10.266000
v 2.733000 -1.565000 10.266000
v -1.761000 -1.565000 10.766000
v 3.043000 -1.565000 10.766000
v -2.087000 -1.565000 11.266000
v 3.160000 -1.565000 11.266000
v -2.199000 -1.565000 11.766000
v 3.160000 -1.565000 11.766000
v -2.135000 -1.565000 12.266000
v 3.144000 -1.565000 12.266000
v -1.867000 -1.565000 12.766000
v 3.284000 -1.565000 12.766000
v -1.524000 -1.565000 13.266000
v 3.473000 -1.565000 13.266000
v -1.353000 -1.565000 13.766000
v 3.694000 -1.565000 13.766000
v -1.336000 -1.565000 14.266000
v 3.987000 -1.565000 14.266000
v -1.489000 -1.565000 14.766000
v 4.253000 -1.565000 14.766000
v -2.635000 -1.565000 15.266000
v 4.552000 -1.565000 15.266000
v -3.893000 -1.565000 15.766000
v 4.645000 -1.565000 15.766000
v -4.341000 -1.565000 16.266000
v 4.771000 -1.565000 16.266000
v -4.602000 -1.565000 16.766000
v 4.892000 -1.565000 16.766000
v -4.774000 -1.565000 17.266000
v 4.847000 -1.565000 17.266000
v -5.069000 -1.565000 17.766000
v 4.782000 -1.565000 17.766000
v -5.444000 -1.565000 18.266000
v 0.847000 -1.565000 18.266000
v 3.929000 -1.565000 18.266000
v 4.470000 -1.565000 18.266000
v -5.727000 -1.565000 18.766000
v 0.205000 -1.565000 18.766000
v -6.001000 -1.565000 19.266000
v -0.175000 -1.565000 19.266000
v -6.113000 -1.565000 19.766000
v -0.557000 -1.565000 19.766000
v -6.016000 -1.565000 20.266000
v -0.843000 -1.565000 20.266000
v -5.653000 -1.565000 20.766000
v -1.134000 -1.565000 20.766000
v -3.742000 -1.565000 21.266000
v -1.605000 -1.565000 21.266000
v -1.947000 2.435000 4.266000
v -1.421000 2.435000 4.266000
v -2.540000 2.435000 4.766000
v -0.672000 2.435000 4.766000
v -2.910000 2.435000 5.266000
v -0.075000 2.435000 5.266000
v -3.231000 2.435000 5.766000
v 1.278000 2.435000 5.766000
v -3.743000 2.435000 6.266000
v 1.751000 2.435000 6.266000
v -4.060000 2.435000 6.766000
v 1.878000 2.435000 6.766000
v -4.141000 2.435000 7.266000
v 1.993000 2.435000 7.266000
v -4.148000 2.435000 7.766000
v 2.101000 2.435000 7.766000
v -4.187000 2.435000 8.266000
v 2.228000 2.435000 8.266000
v -4.154000 2.435000 8.766000
v 2.500000 2.435000 8.766000
v -4.180000 2.435000 9.266000
v 2.613000 2.435000 9.266000
v -4.159000 2.435000 9.766000
v 2.763000 2.435000 9.766000
v -4.074000 2.435000 10.266000
v 3.157000 2.435000 10.266000
v -3.953000 2.435000 10.766000
v 3.507000 2.435000 10.766000
v -3.936000 2.435000 11.266000
v 3.817000 2.435000 11.266000
v -3.952000 2.435000 11.766000
v 3.929000 2.435000 11.766000
v -3.817000 2.435000 12.266000
v 3.819000 2.435000 12.266000
v -3.550000 2.435000 12.766000
v 3.406000 2.435000 12.766000
v -3.484000 2.435000 13.266000
v 3.047000 2.435000 13.266000
v -3.483000 2.435000 13.766000
v 2.958000 2.435000 13.766000
v -3.604000 2.435000 14.266000
v 2.939000 2.435000 14.266000
v -4.182000 2.435000 14.766000
v 2.931000 2.435000 14.766000
v -4.391000 2.435000 15.266000
v 2.860000 2.435000 15.266000
v -4.318000 2.435000 15.766000
v 2.650000 2.435000 15.766000
v -4.065000 2.435000 16.266000
v -1.533000 2.435000 16.266000
v -0.539000 2.435000 16.266000
v 0.589000 2.435000 16.266000
v -3.880000 2.435000 16.766000
v -2.455000 2.435000 16.766000
v -3.367000 6.435000 5.766000
v -2.270000 6.435000 5.766000
v -3.541000 6.435000 6.266000
v -2.130000 6.435000 6.266000
v -3.361000 6.435000 6.766000
v -2.310000 6.435000 6.766000
v -3.247000 6.435000 8.266000
v -2.293000 6.435000 8.266000
v -4.735000 6.435000 8.766000
v -1.828000 6.435000 8.766000
v -4.934000 6.435000 9.266000
v -1.619000 6.435000 9.266000
v -4.954000 6.435000 9.766000
v -1.600000 6.435000 9.766000
v -4.640000 6.435000 10.266000
v -1.723000 6.435000 10.266000
v -3.918000 6.435000 10.766000
v -2.194000 6.435000 10.766000
v 0.453000 -17.565000 14.573000
v 0.453000 -17.565000 17.215000
v 0.953000 -17.565000 7.331000
v 0.953000 -17.565000 10.562000
v 0.953000 -17.565000 11.059000
v 0.953000 -17.565000 11.579000
v 0.953000 -17.565000 13.107000
v 0.953000 -17.565000 17.486000
v 1.453000 -17.565000 7.034000
v 1.453000 -17.565000 17.656000
v 1.953000 -17.565000 6.886000
v 1.953000 -17.565000 17.654000
v 2.453000 -17.565000 6.884000
v 2.453000 -17.565000 17.666000
v 2.953000 -17.565000 6.941000
v 2.953000 -17.565000 17.678000
v 3.453000 -17.565000 7.141000
v 3.453000 -17.565000 17.715000
v 3.953000 -17.565000 7.720000
v 3.953000 -17.565000 12.435000
v 3.953000 -17.565000 13.388000
v 3.953000 -17.565000 17.922000
v 4.453000 -17.565000 8.623000
v 4.453000 -17.565000 11.303000
v 4.453000 -17.565000 14.136000
v 4.453000 -17.565000 18.112000
v 4.953000 -17.565000 14.295000
v 4.953000 -17.565000 18.137000
v 5.453000 -17.565000 1.232000
v 5.453000 -17.565000 2.239000
v 5.453000 -17.565000 14.381000
v 5.453000 -17.565000 18.167000
v 5.953000 -17.565000 1.209000
v 5.953000 -17.565000 2.262000
v 5.953000 -17.565000 14.550000
v 5.953000 -17.565000 18.147000
v 6.453000 -17.565000 14.812000
v 6.453000 -17.565000 17.972000
v 6.953000 -17.565000 15.479000
v 6.953000 -17.565000 17.168000
v -6.047000 -13.565000 1.205000
v -6.047000 -13.565000 2.744000
v -5.547000 -13.565000 1.175000
v -5.547000 -13.565000 2.709000
v -3.047000 -13.565000 -0.515000
v -3.047000 -13.565000 0.914000
v -2.547000 -13.565000 -1.235000
v -2.547000 -13.565000 1.966000
v -2.047000 -13.565000 -1.445000
v -2.047000 -13.565000 2.928000
v -2.047000 -13.565000 5.631000
v -2.047000 -13.565000 7.451000
v -1.547000 -13.565000 -1.452000
v -1.547000 -13.565000 8.464000
v -1.047000 -13.565000 -1.546000
v -1.047000 -13.565000 9.800000
v -0.547000 -13.565000 -1.888000
v -0.547000 -13.565000 10.399000
v -0.047000 -13.565000 -2.370000
v -0.047000 -13.565000 10.946000
v -0.047000 -13.565000 13.138000
v -0.047000 -13.565000 14.964000
v 0.453000 -13.565000 -2.604000
v 0.453000 -13.565000 15.882000
v 0.953000 -13.565000 -2.926000
v 0.953000 -13.565000 17.914000
v 1.453000 -13.565000 -3.138000
v 1.453000 -13.565000 5.476000
v 1.453000 -13.565000 6.688000
v 1.453000 -13.565000 18.164000
v 1.953000 -13.565000 -3.199000
v 1.953000 -13.565000 3.592000
v 1.953000 -13.565000 7.125000
v 1.953000 -13.565000 18.204000
v 2.453000 -13.565000 -3.365000
v 2.453000 -13.565000 3.230000
v 2.453000 -13.565000 7.316000
v 2.453000 -13.565000 18.225000
v 2.953000 -13.565000 -3.550000
v 2.953000 -13.565000 2.995000
v 2.953000 -13.565000 7.563000
v 2.953000 -13.565000 18.232000
v 3.453000 -13.565000 -3.577000
v 3.453000 -13.565000 2.476000
v 3.453000 -13.565000 8.127000
v 3.453000 -13.565000 12.512000
v 3.453000 -13.565000 14.021000
v 3.453000 -13.565000 18.226000
v 3.953000 -13.565000 -3.588000
v 3.953000 -13.565000 0.614000
v 3.953000 -13.565000 10.034000
v 3.953000 -13.565000 11.777000
v 3.953000 -13.565000 14.376000
v 3.953000 -13.565000 18.152000
v 4.453000 -13.565000 -3.407000
v 4.453000 -13.565000 0.252000
v 4.453000 -13.565000 14.871000
v 4.453000 -13.565000 18.131000
v 4.953000 -13.565000 -2.901000
v 4.953000 -13.565000 0.147000
v 4.953000 -13.565000 15.310000
v 4.953000 -13.565000 18.102000
v 5.453000 -13.565000 -2.422000
v 5.453000 -13.565000 -0.043000
v 5.453000 -13.565000 15.566000
v 5.453000 -13.565000 18.230000
v 5.953000 -13.565000 -1.876000
v 5.953000 -13.565000 -0.625000
v 5.953000 -13.565000 15.622000
v 5.953000 -13.565000 18.331000
v 6.453000 -13.565000 15.558000
v 6.453000 -13.565000 18.170000
v 6.953000 -13.565000 15.586000
v 6.953000 -13.565000 17.930000
v -7.047000 -9.565000 2.687000
v -7.047000 -9.565000 4.289000
v -6.547000 -9.565000 2.184000
v -6.547000 -9.565000 4.321000
v -6.047000 -9.565000 2.227000
v -6.047000 -9.565000 4.281000
v -1.047000 -9.565000 18.155000
v -1.047000 -9.565000 19.339000
v -0.547000 -9.565000 17.358000
v -0.547000 -9.565000 19.905000
v -0.047000 -9.565000 17.011000
v -0.047000 -9.565000 20.101000
v 0.453000 -9.565000 16.683000
v 0.453000 -9.565000 20.147000
v 0.953000 -9.565000 16.462000
v 0.953000 -9.565000 20.177000
v 1.453000 -9.565000 16.408000
v 1.453000 -9.565000 20.172000
v 1.953000 -9.565000 16.377000
v 1.953000 -9.565000 20.120000
v 2.453000 -9.565000 16.353000
v 2.453000 -9.565000 20.160000
v 2.953000 -9.565000 16.204000
v 2.953000 -9.565000 20.163000
v 3.453000 -9.565000 16.049000
v 3.453000 -9.565000 20.233000
v 3.953000 -9.565000 15.959000
v 3.953000 -9.565000 20.466000
v 4.453000 -9.565000 16.057000
v 4.453000 -9.565000 20.680000
v 4.953000 -9.565000 16.150000
v 4.953000 -9.565000 20.874000
v 5.453000 -9.565000 16.484000
v 5.453000 -9.565000 20.961000
v 5.953000 -9.565000 17.383000
v 5.953000 -9.565000 20.941000
v 6.453000 -9.565000 17.845000
v 6.453000 -9.565000 20.678000
v 6.953000 -9.565000 18.319000
v 6.953000 -9.565000 20.134000
v -7.047000 -5.565000 18.417000
v -7.047000 -5.565000 20.894000
v -6.547000 -5.565000 17.843000
v -6.547000 -5.565000 21.452000
v -6.047000 -5.565000 17.544000
v -6.047000 -5.565000 21.645000
v -5.547000 -5.565000 17.528000
v -5.547000 -5.565000 21.639000
v -5.047000 -5.565000 17.482000
v -5.047000 -5.565000 21.433000
v -4.547000 -5.565000 17.224000
v -4.547000 -5.565000 20.935000
v -4.047000 -5.565000 17.104000
v -4.047000 -5.565000 20.029000
v -3.547000 -5.565000 17.079000
v -3.547000 -5.565000 19.452000
v -3.047000 -5.565000 17.033000
v -3.047000 -5.565000 19.313000
v -2.547000 -5.565000 16.684000
v -2.547000 -5.565000 19.464000
v -2.047000 -5.565000 16.150000
v -2.047000 -5.565000 19.910000
v -1.547000 -5.565000 15.584000
v -1.547000 -5.565000 20.431000
v -1.047000 -5.565000 14.523000
v -1.047000 -5.565000 20.825000
v -0.547000 -5.565000 13.322000
v -0.547000 -5.565000 21.287000
v -0.047000 -5.565000 13.095000
v -0.047000 -5.565000 21.640000
v 0.453000 -5.565000 13.108000
v 0.453000 -5.565000 21.864000
v 0.953000 -5.565000 13.141000
v 0.953000 -5.565000 21.957000
v 1.453000 -5.565000 13.366000
v 1.453000 -5.565000 21.967000
v 1.953000 -5.565000 14.519000
v 1.953000 -5.565000 21.917000
v 2.453000 -5.565000 15.781000
v 2.453000 -5.565000 21.963000
v 2.953000 -5.565000 16.166000
v 2.953000 -5.565000 21.945000
v 3.453000 -5.565000 16.296000
v 3.453000 -5.565000 21.822000
v 3.953000 -5.565000 16.297000
v 3.953000 -5.565000 21.879000
v 4.453000 -5.565000 16.197000
v 4.453000 -5.565000 22.247000
v 4.953000 -5.565000 15.948000
v 4.953000 -5.565000 23.930000
v 5.453000 -5.565000 15.802000
v 5.453000 -5.565000 24.482000
v 5.953000 -5.565000 15.788000
v 5.953000 -5.565000 25.429000
v 6.453000 -5.565000 15.846000
v 6.453000 -5.565000 25.970000
v 6.953000 -5.565000 16.066000
v 6.953000 -5.565000 26.159000
v 7.453000 -5.565000 16.594000
v 7.453000 -5.565000 26.164000
v 7.953000 -5.565000 17.577000
v 7.953000 -5.565000 26.149000
v 8.453000 -5.565000 18.594000
v 8.453000 -5.565000 21.945000
v 8.453000 -5.565000 23.214000
v 8.453000 -5.565000 26.204000
v 8.953000 -5.565000 19.289000
v 8.953000 -5.565000 20.248000
v 8.953000 -5.565000 24.969000
v 8.953000 -5.565000 26.546000
v 9.453000 -5.565000 25.496000
v 9.453000 -5.565000 26.990000
v 9.953000 -5.565000 25.647000
v 9.953000 -5.565000 26.955000
v -6.047000 -1.565000 19.378000
v -6.047000 -1.565000 20.184000
v -5.547000 -1.565000 18.432000
v -5.547000 -1.565000 20.845000
v -5.047000 -1.565000 17.735000
v -5.047000 -1.565000 21.047000
v -4.547000 -1.565000 16.640000
v -4.547000 -1.565000 21.121000
v -4.047000 -1.565000 15.903000
v -4.047000 -1.565000 21.181000
v -3.547000 -1.565000 15.528000
v -3.547000 -1.565000 21.331000
v -3.047000 -1.565000 15.347000
v -3.047000 -1.565000 21.533000
v -2.547000 -1.565000 15.242000
v -2.547000 -1.565000 21.605000
v -2.047000 -1.565000 6.787000
v -2.047000 -1.565000 7.717000
v -2.047000 -1.565000 11.172000
v -2.047000 -1.565000 12.502000
v -2.047000 -1.565000 15.172000
v -2.047000 -1.565000 21.515000
v -1.547000 -1.565000 6.074000
v -1.547000 -1.565000 8.759000
v -1.547000 -1.565000 10.515000
v -1.547000 -1.565000 13.209000
v -1.547000 -1.565000 14.849000
v -1.547000 -1.565000 21.216000
v -1.047000 -1.565000 5.609000
v -1.047000 -1.565000 20.609000
v -0.547000 -1.565000 5.281000
v -0.547000 -1.565000 19.755000
v -0.047000 -1.565000 5.104000
v -0.047000 -1.565000 19.072000
v 0.453000 -1.565000 5.136000
v 0.453000 -1.565000 18.520000
v 0.953000 -1.565000 5.391000
v 0.953000 -1.565000 18.224000
v 1.453000 -1.565000 6.325000
v 1.453000 -1.565000 18.132000
v 1.953000 -1.565000 9.115000
v 1.953000 -1.565000 18.098000
v 2.453000 -1.565000 9.989000
v 2.453000 -1.565000 17.980000
v 2.953000 -1.565000 10.565000
v 2.953000 -1.565000 17.939000
v 3.453000 -1.565000 13.211000
v 3.453000 -1.565000 18.058000
v 3.953000 -1.565000 14.183000
v 3.953000 -1.565000 18.277000
v 4.453000 -1.565000 15.044000
v 4.453000 -1.565000 18.275000
v -4.047000 2.435000 6.734000
v -4.047000 2.435000 10.353000
v -4.047000 2.435000 14.677000
v -4.047000 2.435000 16.286000
v -3.547000 2.435000 6.099000
v -3.547000 2.435000 12.773000
v -3.547000 2.435000 14.132000
v -3.547000 2.435000 17.247000
v -3.047000 2.435000 5.516000
v -3.047000 2.435000 17.240000
v -2.547000 2.435000 4.776000
v -2.547000 2.435000 16.814000
v -2.047000 2.435000 4.311000
v -2.047000 2.435000 16.455000
v -1.547000 2.435000 4.238000
v -1.547000 2.435000 16.270000
v -1.047000 2.435000 4.441000
v -1.047000 2.435000 16.214000
v -0.547000 2.435000 4.917000
v -0.547000 2.435000 16.264000
v -0.047000 2.435000 5.280000
v -0.047000 2.435000 16.388000
v 0.453000 2.435000 5.503000
v 0.453000 2.435000 16.353000
v 0.953000 2.435000 5.638000
v 0.953000 2.435000 15.944000
v 1.453000 2.435000 5.886000
v 1.453000 2.435000 15.893000
v 1.953000 2.435000 7.128000
v 1.953000 2.435000 15.934000
v 2.453000 2.435000 8.665000
v 2.453000 2.435000 15.900000
v 2.953000 2.435000 10.054000
v 2.953000 2.435000 13.827000
v 3.453000 2.435000 10.673000
v 3.453000 2.435000 12.724000
v -4.547000 6.435000 8.635000
v -4.547000 6.435000 10.329000
v -4.047000 6.435000 8.583000
v -4.047000 6.435000 10.677000
v -3.547000 6.435000 8.483000
v -3.547000 6.435000 10.917000
v -3.047000 6.435000 5.277000
v -3.047000 6.435000 6.990000
v -3.047000 6.435000 8.116000
v -3.047000 6.435000 10.925000
v -2.547000 6.435000 5.292000
v -2.547000 6.435000 6.955000
v -2.547000 6.435000 8.090000
v -2.547000 6.435000 10.899000
v -2.047000 6.435000 8.584000
v -2.047000 6.435000 10.667000
v 0.953000 -14.432000 -2.734000
v 0.953000 -13.065000 -2.734000
v 1.453000 -14.752000 -2.734000
v 1.453000 -12.780000 -2.734000
v 1.953000 -14.767000 -2.734000
v 1.953000 -12.598000 -2.734000
v 2.453000 -14.604000 -2.734000
v 2.453000 -12.228000 -2.734000
v 2.953000 -14.573000 -2.734000
v 2.953000 -12.023000 -2.734000
v 3.453000 -14.569000 -2.734000
v 3.453000 -11.990000 -2.734000
v 3.953000 -14.561000 -2.734000
v 3.953000 -11.978000 -2.734000
v 4.453000 -14.407000 -2.734000
v 4.453000 -12.169000 -2.734000
v 4.953000 -14.002000 -2.734000
v 4.953000 -12.766000 -2.734000
v -8.047000 -12.269000 1.266000
v -8.047000 -10.919000 1.266000
v -7.547000 -12.897000 1.266000
v -7.547000 -10.267000 1.266000
v -7.047000 -13.102000 1.266000
v -7.047000 -10.061000 1.266000
v -6.547000 -13.361000 1.266000
v -6.547000 -9.951000 1.266000
v -6.047000 -13.591000 1.266000
v -6.047000 -9.922000 1.266000
v -5.547000 -13.604000 1.266000
v -5.547000 -9.936000 1.266000
v -5.047000 -13.424000 1.266000
v -5.047000 -9.948000 1.266000
v -4.547000 -13.206000 1.266000
v -4.547000 -10.151000 1.266000
v -4.047000 -13.073000 1.266000
v -4.047000 -10.550000 1.266000
v -3.547000 -13.089000 1.266000
v -3.547000 -10.841000 1.266000
v -3.047000 -13.372000 1.266000
v -3.047000 -10.916000 1.266000
v -2.547000 -14.015000 1.266000
v -2.547000 -10.807000 1.266000
v -2.047000 -14.543000 1.266000
v -2.047000 -10.800000 1.266000
v -1.547000 -14.747000 1.266000
v -1.547000 -10.903000 1.266000
v -1.047000 -14.905000 1.266000
v -1.047000 -11.187000 1.266000
v -0.547000 -15.110000 1.266000
v -0.547000 -11.596000 1.266000
v -0.047000 -15.263000 1.266000
v -0.047000 -11.964000 1.266000
v 0.453000 -15.404000 1.266000
v 0.453000 -12.278000 1.266000
v 0.953000 -15.664000 1.266000
v 0.953000 -12.414000 1.266000
v 1.453000 -16.039000 1.266000
v 1.453000 -12.420000 1.266000
v 1.953000 -16.482000 1.266000
v 1.953000 -12.406000 1.266000
v 2.453000 -16.699000 1.266000
v 2.453000 -12.407000 1.266000
v 2.953000 -16.716000 1.266000
v 2.953000 -12.565000 1.266000
v 3.453000 -16.682000 1.266000
v 3.453000 -13.176000 1.266000
v 3.953000 -16.716000 1.266000
v 3.953000 -14.010000 1.266000
v 4.453000 -16.928000 1.266000
v 4.453000 -14.313000 1.266000
v 4.953000 -17.356000 1.266000
v 4.953000 -14.388000 1.266000
v 5.453000 -17.578000 1.266000
v 5.453000 -14.399000 1.266000
v 5.953000 -17.587000 1.266000
v 5.953000 -14.415000 1.266000
v 6.453000 -17.389000 1.266000
v 6.453000 -14.469000 1.266000
v 6.953000 -17.057000 1.266000
v 6.953000 -14.649000 1.266000
v 7.453000 -16.549000 1.266000
v 7.453000 -15.157000 1.266000
v -8.047000 -11.751000 5.266000
v -8.047000 -10.799000 5.266000
v -7.547000 -12.369000 5.266000
v -7.547000 -10.181000 5.266000
v -7.047000 -12.597000 5.266000
v -7.047000 -9.984000 5.266000
v -6.547000 -12.792000 5.266000
v -6.547000 -9.995000 5.266000
v -6.047000 -12.787000 5.266000
v -6.047000 -10.222000 5.266000
v -5.547000 -12.463000 5.266000
v -5.547000 -10.757000 5.266000
v -4.047000 4.073000 5.266000
v -4.047000 5.583000 5.266000
v -3.547000 3.423000 5.266000
v -3.547000 6.226000 5.266000
v -3.047000 2.704000 5.266000
v -3.047000 6.431000 5.266000
v -2.547000 1.669000 5.266000
v -2.547000 6.426000 5.266000
v -2.047000 -15.926000 5.266000
v -2.047000 -14.279000 5.266000
v -2.047000 1.094000 5.266000
v -2.047000 6.207000 5.266000
v -1.547000 -16.475000 5.266000
v -1.547000 -12.047000 5.266000
v -1.547000 0.527000 5.266000
v -1.547000 5.816000 5.266000
v -1.047000 -16.670000 5.266000
v -1.047000 -11.534000 5.266000
v -1.047000 -4.073000 5.266000
v -1.047000 -2.612000 5.266000
v -1.047000 -0.441000 5.266000
v -1.047000 5.596000 5.266000
v -0.547000 -16.669000 5.266000
v -0.547000 -11.084000 5.266000
v -0.547000 -4.348000 5.266000
v -0.547000 -2.071000 5.266000
v -0.547000 -1.484000 5.266000
v -0.547000 5.381000 5.266000
v -0.047000 -16.570000 5.266000
v -0.047000 -10.902000 5.266000
v -0.047000 -4.333000 5.266000
v -0.047000 2.137000 5.266000
v -0.047000 3.003000 5.266000
v -0.047000 4.773000 5.266000
v 0.453000 -16.349000 5.266000
v 0.453000 -10.890000 5.266000
v 0.453000 -4.010000 5.266000
v 0.453000 -2.574000 5.266000
v 0.453000 -1.950000 5.266000
v 0.453000 1.441000 5.266000
v 0.953000 -15.604000 5.266000
v 0.953000 -10.901000 5.266000
v 0.953000 -1.369000 5.266000
v 0.953000 -0.272000 5.266000
v 1.453000 -13.701000 5.266000
v 1.453000 -11.100000 5.266000
v 1.953000 -12.889000 5.266000
v 1.953000 -11.664000 5.266000
v -5.547000 4.505000 9.266000
v -5.547000 5.769000 9.266000
v -5.047000 3.873000 9.266000
v -5.047000 6.366000 9.266000
v -4.547000 3.378000 9.266000
v -4.547000 6.581000 9.266000
v -4.047000 2.065000 9.266000
v -4.047000 6.784000 9.266000
v -3.547000 1.503000 9.266000
v -3.547000 6.991000 9.266000
v -3.047000 1.035000 9.266000
v -3.047000 7.000000 9.266000
v -2.547000 0.846000 9.266000
v -2.547000 6.980000 9.266000
v -2.047000 0.671000 9.266000
v -2.047000 6.777000 9.266000
v -1.547000 -15.568000 9.266000
v -1.547000 -13.889000 9.266000
v -1.547000 0.133000 9.266000
v -1.547000 6.380000 9.266000
v -1.047000 -16.009000 9.266000
v -1.047000 -13.001000 9.266000
v -1.047000 -2.183000 9.266000
v -1.047000 5.780000 9.266000
v -0.547000 -16.275000 9.266000
v -0.547000 -12.246000 9.266000
v -0.547000 -2.797000 9.266000
v -0.547000 4.569000 9.266000
v -0.047000 -16.675000 9.266000
v -0.047000 -12.014000 9.266000
v -0.047000 -3.017000 9.266000
v -0.047000 4.189000 9.266000
v 0.453000 -17.074000 9.266000
v 0.453000 -11.939000 9.266000
v 0.453000 -2.966000 9.266000
v 0.453000 3.976000 9.266000
v 0.953000 -17.695000 9.266000
v 0.953000 -11.930000 9.266000
v 0.953000 -2.717000 9.266000
v 0.953000 3.765000 9.266000
v 1.453000 -18.411000 9.266000
v 1.453000 -11.923000 9.266000
v 1.453000 -2.412000 9.266000
v 1.453000 3.556000 9.266000
v 1.953000 -19.907000 9.266000
v 1.953000 -11.925000 9.266000
v 1.953000 -1.675000 9.266000
v 1.953000 3.368000 9.266000
v 2.453000 -20.465000 9.266000
v 2.453000 -12.018000 9.266000
v 2.453000 1.470000 9.266000
v 2.453000 2.852000 9.266000
v 2.953000 -20.664000 9.266000
v 2.953000 -12.251000 9.266000
v 3.453000 -20.713000 9.266000
v 3.453000 -12.935000 9.266000
v 3.953000 -20.720000 9.266000
v 3.953000 -13.648000 9.266000
v 4.453000 -20.539000 9.266000
v 4.453000 -16.278000 9.266000
v 4.953000 -20.027000 9.266000
v 4.953000 -18.648000 9.266000
v -4.047000 0.854000 13.266000
v -4.047000 1.491000 13.266000
v -3.547000 0.093000 13.266000
v -3.547000 2.333000 13.266000
v -3.047000 -0.502000 13.266000
v -3.047000 2.881000 13.266000
v -2.547000 -0.761000 13.266000
v -2.547000 3.386000 13.266000
v -2.047000 -1.067000 13.266000
v -2.047000 3.804000 13.266000
v -1.547000 -1.534000 13.266000
v -1.547000 4.014000 13.266000
v -1.047000 -15.582000 13.266000
v -1.047000 -15.120000 13.266000
v -1.047000 -2.721000 13.266000
v -1.047000 4.127000 13.266000
v -0.547000 -16.400000 13.266000
v -0.547000 -14.297000 13.266000
v -0.547000 -5.495000 13.266000
v -0.547000 4.435000 13.266000
v -0.047000 -16.860000 13.266000
v -0.047000 -13.361000 13.266000
v -0.047000 -5.766000 13.266000
v -0.047000 4.753000 13.266000
v 0.453000 -17.132000 13.266000
v 0.453000 -12.691000 13.266000
v 0.453000 -5.754000 13.266000
v 0.453000 4.972000 13.266000
v 0.953000 -17.640000 13.266000
v 0.953000 -12.478000 13.266000
v 0.953000 -5.720000 13.266000
v 0.953000 4.980000 13.266000
v 1.453000 -18.340000 13.266000
v 1.453000 -12.468000 13.266000
v 1.453000 -5.432000 13.266000
v 1.453000 4.780000 13.266000
v 1.953000 -18.611000 13.266000
v 1.953000 -12.625000 13.266000
v 1.953000 -4.902000 13.266000
v 1.953000 4.386000 13.266000
v 2.453000 -18.746000 13.266000
v 2.453000 -12.977000 13.266000
v 2.453000 -4.520000 13.266000
v 2.453000 3.851000 13.266000
v 2.953000 -18.729000 13.266000
v 2.953000 -13.437000 13.266000
v 2.953000 -4.001000 13.266000
v 2.953000 2.555000 13.266000
v 3.453000 -18.372000 13.266000
v 3.453000 -13.889000 13.266000
v 3.453000 -2.613000 13.266000
v 3.453000 1.994000 13.266000
v 3.953000 -17.528000 13.266000
v 3.953000 -14.615000 13.266000
v -6.547000 -5.024000 17.266000
v -6.547000 -3.704000 17.266000
v -6.047000 -5.328000 17.266000
v -6.047000 -3.399000 17.266000
v -5.547000 -5.345000 17.266000
v -5.547000 -3.151000 17.266000
v -5.047000 -5.418000 17.266000
v -5.047000 -2.633000 17.266000
v -4.547000 -5.581000 17.266000
v -4.547000 -0.540000 17.266000
v -4.547000 0.531000 17.266000
v -4.547000 1.526000 17.266000
v -4.047000 -5.634000 17.266000
v -4.047000 2.215000 17.266000
v -3.547000 -5.647000 17.266000
v -3.547000 2.427000 17.266000
v -3.047000 -5.703000 17.266000
v -3.047000 2.424000 17.266000
v -2.547000 -5.989000 17.266000
v -2.547000 2.212000 17.266000
v -2.047000 -6.494000 17.266000
v -2.047000 1.979000 17.266000
v -1.547000 -6.939000 17.266000
v -1.547000 1.800000 17.266000
v -1.047000 -7.605000 17.266000
v -1.047000 1.741000 17.266000
v -0.547000 -9.442000 17.266000
v -0.547000 1.695000 17.266000
v -0.047000 -16.880000 17.266000
v -0.047000 -15.019000 17.266000
v -0.047000 -11.848000 17.266000
v -0.047000 1.632000 17.266000
v 0.453000 -17.499000 17.266000
v 0.453000 -14.033000 17.266000
v 0.453000 -12.988000 17.266000
v 0.453000 1.636000 17.266000
v 0.953000 -18.036000 17.266000
v 0.953000 1.625000 17.266000
v 1.453000 -18.386000 17.266000
v 1.453000 1.577000 17.266000
v 1.953000 -18.736000 17.266000
v 1.953000 1.273000 17.266000
v 2.453000 -18.763000 17.266000
v 2.453000 -0.329000 17.266000
v 2.953000 -18.777000 17.266000
v 2.953000 -0.711000 17.266000
v 3.453000 -18.810000 17.266000
v 3.453000 -0.913000 17.266000
v 3.953000 -18.883000 17.266000
v 3.953000 -0.993000 17.266000
v 4.453000 -19.043000 17.266000
v 4.453000 -1.207000 17.266000
v 4.953000 -19.070000 17.266000
v 4.953000 -1.679000 17.266000
v 5.453000 -19.066000 17.266000
v 5.453000 -2.207000 17.266000
v 5.953000 -18.851000 17.266000
v 5.953000 -10.623000 17.266000
v 5.953000 -9.387000 17.266000
v 5.953000 -2.456000 17.266000
v 6.453000 -18.167000 17.266000
v 6.453000 -13.188000 17.266000
v 6.453000 -8.865000 17.266000
v 6.453000 -2.653000 17.266000
v 6.953000 -17.534000 17.266000
v 6.953000 -13.400000 17.266000
v 6.953000 -8.555000 17.266000
v 6.953000 -3.204000 17.266000
v 7.453000 -17.204000 17.266000
v 7.453000 -13.642000 17.266000
v 7.453000 -8.063000 17.266000
v 7.453000 -4.133000 17.266000
v 7.953000 -16.972000 17.266000
v 7.953000 -14.132000 17.266000
v 8.453000 -16.390000 17.266000
v 8.453000 -14.714000 17.266000
v -6.547000 -5.985000 21.266000
v -6.547000 -4.519000 21.266000
v -6.047000 -6.278000 21.266000
v -6.047000 -4.243000 21.266000
v -5.547000 -6.270000 21.266000
v -5.547000 -4.202000 21.266000
v -5.047000 -5.952000 21.266000
v -5.047000 -4.429000 21.266000
v -4.047000 -0.588000 21.266000
v -4.047000 0.756000 21.266000
v -3.547000 -4.553000 21.266000
v -3.547000 -2.376000 21.266000
v -3.547000 -1.809000 21.266000
v -3.547000 1.115000 21.266000
v -3.047000 -4.774000 21.266000
v -3.047000 1.158000 21.266000
v -2.547000 -4.796000 21.266000
v -2.547000 1.139000 21.266000
v -2.047000 -4.830000 21.266000
v -2.047000 0.816000 21.266000
v -1.547000 -4.847000 21.266000
v -1.547000 -1.649000 21.266000
v -1.047000 -4.890000 21.266000
v -1.047000 -2.107000 21.266000
v -0.547000 -6.433000 21.266000
v -0.547000 -3.229000 21.266000
v -0.047000 -7.356000 21.266000
v -0.047000 -4.783000 21.266000
v 0.453000 -7.686000 21.266000
v 0.453000 -4.934000 21.266000
v 0.953000 -7.870000 21.266000
v 0.953000 -4.875000 21.266000
v 1.453000 -7.857000 21.266000
v 1.453000 -4.850000 21.266000
v 1.953000 -7.882000 21.266000
v 1.953000 -4.856000 21.266000
v 2.453000 -7.872000 21.266000
v 2.453000 -4.791000 21.266000
v 2.953000 -7.992000 21.266000
v 2.953000 -4.778000 21.266000
v 3.453000 -8.235000 21.266000
v 3.453000 -4.984000 21.266000
v 3.953000 -8.505000 21.266000
v 3.953000 -5.076000 21.266000
v 4.453000 -8.805000 21.266000
v 4.453000 -4.985000 21.266000
v 4.953000 -8.830000 21.266000
v 4.953000 -4.853000 21.266000
v 5.453000 -8.870000 21.266000
v 5.453000 -4.567000 21.266000
v 5.953000 -8.692000 21.266000
v 5.953000 -4.383000 21.266000
v 6.453000 -8.208000 21.266000
v 6.453000 -4.145000 21.266000
v 6.953000 -7.643000 21.266000
v 6.953000 -3.941000 21.266000
v 7.453000 -7.335000 21.266000
v 7.453000 -3.935000 21.266000
v 7.953000 -7.097000 21.266000
v 7.953000 -4.122000 21.266000
v 8.453000 -6.599000 21.266000
v 8.453000 -4.651000 21.266000
v 5.953000 -6.253000 25.266000
v 5.953000 -5.303000 25.266000
v 6.453000 -6.898000 25.266000
v 6.453000 -4.620000 25.266000
v 6.953000 -7.551000 25.266000
v 6.953000 -4.354000 25.266000
v 7.453000 -8.049000 25.266000
v 7.453000 -4.372000 25.266000
v 7.953000 -8.229000 25.266000
v 7.953000 -4.673000 25.266000
v 8.453000 -8.216000 25.266000
v 8.453000 -5.147000 25.266000
v 8.953000 -8.028000 25.266000
v 8.953000 -5.484000 25.266000
v 9.453000 -7.825000 25.266000
v 9.453000 -5.708000 25.266000
v 9.953000 -7.662000 25.266000
v 9.953000 -5.872000 25.266000
v 10.453000 -7.272000 25.266000
v 10.453000 -6.262000 25.266000
v 5.081000 -17.065000 0.766000
v 6.725000 -17.065000 0.766000
v 4.631000 -17.065000 1.266000
v 6.939000 -17.065000 1.266000
v 4.536000 -17.065000 1.766000
v 6.902000 -17.065000 1.766000
v 4.689000 -17.065000 2.266000
v 6.763000 -17.065000 2.266000
v 5.185000 -17.065000 2.766000
v 6.268000 -17.065000 2.766000
v -0.144000 -17.065000 6.766000
v 0.732000 -17.065000 6.766000
v -0.406000 -17.065000 7.266000
v 3.250000 -17.065000 7.266000
v -0.175000 -17.065000 7.766000
v 3.771000 -17.065000 7.766000
v -0.033000 -17.065000 8.266000
v 4.169000 -17.065000 8.266000
v 0.126000 -17.065000 8.766000
v 4.485000 -17.065000 8.766000
v 0.443000 -17.065000 9.266000
v 4.576000 -17.065000 9.266000
v 0.495000 -17.065000 9.766000
v 4.531000 -17.065000 9.766000
v 0.421000 -17.065000 10.266000
v 4.443000 -17.065000 10.266000
v 0.462000 -17.065000 10.766000
v 4.373000 -17.065000 10.766000
v 0.454000 -17.065000 11.266000
v 4.266000 -17.065000 11.266000
v 0.471000 -17.065000 11.766000
v 4.087000 -17.065000 11.766000
v 0.493000 -17.065000 12.266000
v 4.009000 -17.065000 12.266000
v 0.497000 -17.065000 12.766000
v 4.030000 -17.065000 12.766000
v 0.342000 -17.065000 13.266000
v 4.137000 -17.065000 13.266000
v 0.055000 -17.065000 13.766000
v 4.331000 -17.065000 13.766000
v 0.009000 -17.065000 14.266000
v 5.021000 -17.065000 14.266000
v -0.042000 -17.065000 14.766000
v 6.759000 -17.065000 14.766000
v -0.121000 -17.065000 15.266000
v 7.455000 -17.065000 15.266000
v -0.379000 -17.065000 15.766000
v 7.769000 -17.065000 15.766000
v -0.475000 -17.065000 16.266000
v 7.940000 -17.065000 16.266000
v -0.347000 -17.065000 16.766000
v 7.806000 -17.065000 16.766000
v 0.129000 -17.065000 17.266000
v 7.788000 -17.065000 17.266000
v 3.286000 -17.065000 17.766000
v 7.513000 -17.065000 17.766000
v 5.313000 -17.065000 18.266000
v 6.888000 -17.065000 18.266000
v 2.247000 -13.065000 -3.234000
v 4.705000 -13.065000 -3.234000
v 0.952000 -13.065000 -2.734000
v 5.047000 -13.065000 -2.734000
v -0.203000 -13.065000 -2.234000
v 5.409000 -13.065000 -2.234000
v -0.891000 -13.065000 -1.734000
v 5.805000 -13.065000 -1.734000
v -3.028000 -13.065000 -1.234000
v 5.908000 -13.065000 -1.234000
v -3.439000 -13.065000 -0.734000
v 5.790000 -13.065000 -0.734000
v -3.892000 -13.065000 -0.234000
v 5.331000 -13.065000 -0.234000
v -6.139000 -13.065000 0.266000
v 3.877000 -13.065000 0.266000
v -6.674000 -13.065000 0.766000
v 3.507000 -13.065000 0.766000
v -7.184000 -13.065000 1.266000
v 3.400000 -13.065000 1.266000
v -7.440000 -13.065000 1.766000
v -4.457000 -13.065000 1.766000
v -2.781000 -13.065000 1.766000
v 3.433000 -13.065000 1.766000
v -7.340000 -13.065000 2.266000
v -4.627000 -13.065000 2.266000
v -2.335000 -13.065000 2.266000
v 3.345000 -13.065000 2.266000
v -7.057000 -13.065000 2.766000
v -4.793000 -13.065000 2.766000
v -2.092000 -13.065000 2.766000
v 2.960000 -13.065000 2.766000
v -6.944000 -13.065000 3.266000
v -5.217000 -13.065000 3.266000
v -1.809000 -13.065000 3.266000
v 2.135000 -13.065000 3.266000
v -6.899000 -13.065000 3.766000
v -5.588000 -13.065000 3.766000
v -1.695000 -13.065000 3.766000
v 1.780000 -13.065000 3.766000
v -6.980000 -13.065000 4.266000
v -5.636000 -13.065000 4.266000
v -1.666000 -13.065000 4.266000
v 1.726000 -13.065000 4.266000
v -6.763000 -13.065000 4.766000
v -5.853000 -13.065000 4.766000
v -1.723000 -13.065000 4.766000
v 1.770000 -13.065000 4.766000
v -1.856000 -13.065000 5.266000
v 1.850000 -13.065000 5.266000
v -2.115000 -13.065000 5.766000
v 1.787000 -13.065000 5.766000
v -2.215000 -13.065000 6.266000
v 1.716000 -13.065000 6.266000
v -2.143000 -13.065000 6.766000
v 1.746000 -13.065000 6.766000
v -2.024000 -13.065000 7.266000
v 2.173000 -13.065000 7.266000
v -1.674000 -13.065000 7.766000
v 2.936000 -13.065000 7.766000
v -1.300000 -13.065000 8.266000
v 3.323000 -13.065000 8.266000
v -1.164000 -13.065000 8.766000
v 3.422000 -13.065000 8.766000
v -1.073000 -13.065000 9.266000
v 3.533000 -13.065000 9.266000
v -0.821000 -13.065000 9.766000
v 3.596000 -13.065000 9.766000
v -0.376000 -13.065000 10.266000
v 3.789000 -13.065000 10.266000
v 0.071000 -13.065000 10.766000
v 3.882000 -13.065000 10.766000
v 0.420000 -13.065000 11.266000
v 3.871000 -13.065000 11.266000
v 0.594000 -13.065000 11.766000
v 3.750000 -13.065000 11.766000
v 0.620000 -13.065000 12.266000
v 3.309000 -13.065000 12.266000
v 0.415000 -13.065000 12.766000
v 2.870000 -13.065000 12.766000
v 0.093000 -13.065000 13.266000
v 2.534000 -13.065000 13.266000
v 0.005000 -13.065000 13.766000
v 2.544000 -13.065000 13.766000
v -0.038000 -13.065000 14.266000
v 2.916000 -13.065000 14.266000
v 0.056000 -13.065000 14.766000
v 3.837000 -13.065000 14.766000
v 0.307000 -13.065000 15.266000
v 4.334000 -13.065000 15.266000
v 0.475000 -13.065000 15.766000
v 4.848000 -13.065000 15.766000
v 0.513000 -13.065000 16.266000
v 5.567000 -13.065000 16.266000
v 0.469000 -13.065000 16.766000
v 6.001000 -13.065000 16.766000
v 0.474000 -13.065000 17.266000
v 6.225000 -13.065000 17.266000
v 0.622000 -13.065000 17.766000
v 6.430000 -13.065000 17.766000
v 1.086000 -13.065000 18.266000
v 4.024000 -13.065000 18.266000
v 4.519000 -13.065000 18.266000
v 6.002000 -13.065000 18.266000
v 3.425000 -9.065000 15.766000
v 5.364000 -9.065000 15.766000
v 2.452000 -9.065000 16.266000
v 5.806000 -9.065000 16.266000
v 0.529000 -9.065000 16.766000
v 5.946000 -9.065000 16.766000
v -0.755000 -9.065000 17.266000
v 6.190000 -9.065000 17.266000
v -1.089000 -9.065000 17.766000
v 6.845000 -9.065000 17.766000
v -1.182000 -9.065000 18.266000
v 7.268000 -9.065000 18.266000
v -1.193000 -9.065000 18.766000
v 7.471000 -9.065000 18.766000
v -1.093000 -9.065000 19.266000
v 7.567000 -9.065000 19.266000
v -0.748000 -9.065000 19.766000
v 7.456000 -9.065000 19.766000
v -0.066000 -9.065000 20.266000
v 7.071000 -9.065000 20.266000
v 4.017000 -9.065000 20.766000
v 6.615000 -9.065000 20.766000
v -0.805000 -5.065000 13.266000
v 1.776000 -5.065000 13.266000
v -1.122000 -5.065000 13.766000
v 2.048000 -5.065000 13.766000
v -1.203000 -5.065000 14.266000
v 2.111000 -5.065000 14.266000
v -1.188000 -5.065000 14.766000
v 2.070000 -5.065000 14.766000
v -1.282000 -5.065000 15.266000
v 2.095000 -5.065000 15.266000
v -1.518000 -5.065000 15.766000
v 2.287000 -5.065000 15.766000
v -2.139000 -5.065000 16.266000
v 2.900000 -5.065000 16.266000
v 4.574000 -5.065000 16.266000
v 7.197000 -5.065000 16.266000
v -4.905000 -5.065000 16.766000
v 7.512000 -5.065000 16.766000
v -6.509000 -5.065000 17.266000
v 7.669000 -5.065000 17.266000
v -6.913000 -5.065000 17.766000
v 7.855000 -5.065000 17.766000
v -7.220000 -5.065000 18.266000
v 8.160000 -5.065000 18.266000
v -7.557000 -5.065000 18.766000
v 8.482000 -5.065000 18.766000
v -7.658000 -5.065000 19.266000
v 8.713000 -5.065000 19.266000
v -7.699000 -5.065000 19.766000
v 8.828000 -5.065000 19.766000
v -7.590000 -5.065000 20.266000
v 8.718000 -5.065000 20.266000
v -7.231000 -5.065000 20.766000
v 8.598000 -5.065000 20.766000
v -6.788000 -5.065000 21.266000
v -4.761000 -5.065000 21.266000
v -0.737000 -5.065000 21.266000
v 3.779000 -5.065000 21.266000
v 4.096000 -5.065000 21.266000
v 8.598000 -5.065000 21.266000
v 4.716000 -5.065000 21.766000
v 8.513000 -5.065000 21.766000
v 4.911000 -5.065000 22.266000
v 8.334000 -5.065000 22.266000
v 4.949000 -5.065000 22.766000
v 8.316000 -5.065000 22.766000
v 4.964000 -5.065000 23.266000
v 8.472000 -5.065000 23.266000
v 5.074000 -5.065000 23.766000
v 8.583000 -5.065000 23.766000
v 5.487000 -5.065000 24.266000
v 8.551000 -5.065000 24.266000
v 5.868000 -5.065000 24.766000
v 8.541000 -5.065000 24.766000
v 6.073000 -5.065000 25.266000
v 8.357000 -5.065000 25.266000
v 6.470000 -5.065000 25.766000
v 7.926000 -5.065000 25.766000
v -0.707000 -1.065000 5.266000
v 1.092000 -1.065000 5.266000
v -1.241000 -1.065000 5.766000
v 1.488000 -1.065000 5.766000
v -1.611000 -1.065000 6.266000
v 1.816000 -1.065000 6.266000
v -1.860000 -1.065000 6.766000
v 1.966000 -1.065000 6.766000
v -1.947000 -1.065000 7.266000
v 2.057000 -1.065000 7.266000
v -1.853000 -1.065000 7.766000
v 2.100000 -1.065000 7.766000
v -1.715000 -1.065000 8.266000
v 2.097000 -1.065000 8.266000
v -1.586000 -1.065000 8.766000
v 2.077000 -1.065000 8.766000
v -1.421000 -1.065000 9.266000
v 2.144000 -1.065000 9.266000
v -1.417000 -1.065000 9.766000
v 2.274000 -1.065000 9.766000
v -1.580000 -1.065000 10.266000
v 2.627000 -1.065000 10.266000
v -1.808000 -1.065000 10.766000
v 3.038000 -1.065000 10.766000
v -2.213000 -1.065000 11.266000
v 3.302000 -1.065000 11.266000
v -2.492000 -1.065000 11.766000
v 3.393000 -1.065000 11.766000
v -2.576000 -1.065000 12.266000
v 3.359000 -1.065000 12.266000
v -2.414000 -1.065000 12.766000
v 3.399000 -1.065000 12.766000
v -2.050000 -1.065000 13.266000
v 3.490000 -1.065000 13.266000
v -1.714000 -1.065000 13.766000
v 3.640000 -1.065000 13.766000
v -1.678000 -1.065000 14.266000
v 3.803000 -1.065000 14.266000
v -1.943000 -1.065000 14.766000
v 4.034000 -1.065000 14.766000
v -3.870000 -1.065000 15.266000
v 4.363000 -1.065000 15.266000
v -4.313000 -1.065000 15.766000
v 4.451000 -1.065000 15.766000
v -4.485000 -1.065000 16.266000
v 4.390000 -1.065000 16.266000
v -4.599000 -1.065000 16.766000
v 4.373000 -1.065000 16.766000
v -4.685000 -1.065000 17.266000
v 4.192000 -1.065000 17.266000
v -4.814000 -1.065000 17.766000
v 2.247000 -1.065000 17.766000
v -5.185000 -1.065000 18.266000
v 0.738000 -1.065000 18.266000
v -5.759000 -1.065000 18.766000
v 0.164000 -1.065000 18.766000
v -6.114000 -1.065000 19.266000
v -0.282000 -1.065000 19.266000
v -6.224000 -1.065000 19.766000
v -0.712000 -1.065000 19.766000
v -6.146000 -1.065000 20.266000
v -1.141000 -1.065000 20.266000
v -5.839000 -1.065000 20.766000
v -1.416000 -1.065000 20.766000
v -3.955000 -1.065000 21.266000
v -1.775000 -1.065000 21.266000
v -2.293000 2.935000 3.766000
v -1.217000 2.935000 3.766000
v -2.785000 2.935000 4.266000
v -0.724000 2.935000 4.266000
v -2.945000 2.935000 4.766000
v -0.464000 2.935000 4.766000
v -3.163000 2.935000 5.266000
v -0.058000 2.935000 5.266000
v -3.462000 2.935000 5.766000
v 0.513000 2.935000 5.766000
v -3.882000 2.935000 6.266000
v 1.042000 2.935000 6.266000
v -4.104000 2.935000 6.766000
v 1.409000 2.935000 6.766000
v -4.287000 2.935000 7.266000
v 1.759000 2.935000 7.266000
v -4.419000 2.935000 7.766000
v 1.892000 2.935000 7.766000
v -4.507000 2.935000 8.266000
v 1.983000 2.935000 8.266000
v -4.440000 2.935000 8.766000
v 2.274000 2.935000 8.766000
v -4.319000 2.935000 9.266000
v 2.402000 2.935000 9.266000
v -4.236000 2.935000 9.766000
v 2.511000 2.935000 9.766000
v -4.132000 2.935000 10.266000
v 2.856000 2.935000 10.266000
v -3.902000 2.935000 10.766000
v 3.272000 2.935000 10.766000
v -3.771000 2.935000 11.266000
v 3.388000 2.935000 11.266000
v -3.557000 2.935000 11.766000
v 3.464000 2.935000 11.766000
v -3.173000 2.935000 12.266000
v 3.346000 2.935000 12.266000
v -2.997000 2.935000 12.766000
v 3.012000 2.935000 12.766000
v -2.997000 2.935000 13.266000
v 2.741000 2.935000 13.266000
v -2.911000 2.935000 13.766000
v 2.632000 2.935000 13.766000
v -2.589000 2.935000 14.266000
v 2.538000 2.935000 14.266000
v -2.107000 2.935000 14.766000
v 2.230000 2.935000 14.766000
v -1.912000 2.935000 15.266000
v 1.329000 2.935000 15.266000
v -1.417000 2.935000 15.766000
v -0.184000 2.935000 15.766000
v -3.746000 6.935000 9.266000
v -2.370000 6.935000 9.266000
v -3.955000 6.935000 9.766000
v -2.154000 6.935000 9.766000
v -3.712000 6.935000 10.266000
v -2.436000 6.935000 10.266000
v -0.047000 -17.065000 6.716000
v -0.047000 -17.065000 8.101000
v -0.047000 -17.065000 14.895000
v -0.047000 -17.065000 17.138000
v 0.453000 -17.065000 6.721000
v 0.453000 -17.065000 9.295000
v 0.453000 -17.065000 9.997000
v 0.453000 -17.065000 10.644000
v 0.453000 -17.065000 13.032000
v 0.453000 -17.065000 17.464000
v 0.953000 -17.065000 6.792000
v 0.953000 -17.065000 17.645000
v 1.453000 -17.065000 6.832000
v 1.453000 -17.065000 17.667000
v 1.953000 -17.065000 6.858000
v 1.953000 -17.065000 17.679000
v 2.453000 -17.065000 6.895000
v 2.453000 -17.065000 17.681000
v 2.953000 -17.065000 7.093000
v 2.953000 -17.065000 17.710000
v 3.453000 -17.065000 7.410000
v 3.453000 -17.065000 17.802000
v 3.953000 -17.065000 7.990000
v 3.953000 -17.065000 17.989000
v 4.453000 -17.065000 8.688000
v 4.453000 -17.065000 10.227000
v 4.453000 -17.065000 13.932000
v 4.453000 -17.065000 18.136000
v 4.953000 -17.065000 0.865000
v 4.953000 -17.065000 2.605000
v 4.953000 -17.065000 14.243000
v 4.953000 -17.065000 18.173000
v 5.453000 -17.065000 0.594000
v 5.453000 -17.065000 2.867000
v 5.453000 -17.065000 14.342000
v 5.453000 -17.065000 18.317000
v 5.953000 -17.065000 0.556000
v 5.953000 -17.065000 2.878000
v 5.953000 -17.065000 14.376000
v 5.953000 -17.065000 18.482000
v 6.453000 -17.065000 0.602000
v 6.453000 -17.065000 2.645000
v 6.453000 -17.065000 14.575000
v 6.453000 -17.065000 18.470000
v 6.953000 -17.065000 14.893000
v 6.953000 -17.065000 18.216000
v 7.453000 -17.065000 15.264000
v 7.453000 -17.065000 17.817000
v -7.047000 -13.065000 1.177000
v -7.047000 -13.065000 2.781000
v -6.547000 -13.065000 0.688000
v -6.547000 -13.065000 4.899000
v -6.047000 -13.065000 0.210000
v -6.047000 -13.065000 4.891000
v -5.547000 -13.065000 0.092000
v -5.547000 -13.065000 3.680000
v -5.047000 -13.065000 0.074000
v -5.047000 -13.065000 3.107000
v -4.547000 -13.065000 0.078000
v -4.547000 -13.065000 2.022000
v -4.047000 -13.065000 -0.108000
v -4.047000 -13.065000 1.284000
v -3.547000 -13.065000 -0.589000
v -3.547000 -13.065000 1.295000
v -3.047000 -13.065000 -1.220000
v -3.047000 -13.065000 1.540000
v -2.547000 -13.065000 -1.477000
v -2.547000 -13.065000 2.024000
v -2.047000 -13.065000 -1.632000
v -2.047000 -13.065000 2.845000
v -2.047000 -13.065000 5.620000
v -2.047000 -13.065000 7.208000
v -1.547000 -13.065000 -1.631000
v -1.547000 -13.065000 7.906000
v -1.047000 -13.065000 -1.682000
v -1.047000 -13.065000 9.327000
v -0.547000 -13.065000 -1.926000
v -0.547000 -13.065000 10.116000
v -0.047000 -13.065000 -2.355000
v -0.047000 -13.065000 10.652000
v 0.453000 -13.065000 -2.561000
v 0.453000 -13.065000 11.334000
v 0.453000 -13.065000 12.706000
v 0.453000 -13.065000 15.676000
v 0.953000 -13.065000 -2.734000
v 0.953000 -13.065000 18.172000
v 1.453000 -13.065000 -2.960000
v 1.453000 -13.065000 18.413000
v 1.953000 -13.065000 -3.088000
v 1.953000 -13.065000 3.421000
v 1.953000 -13.065000 7.082000
v 1.953000 -13.065000 18.450000
v 2.453000 -13.065000 -3.367000
v 2.453000 -13.065000 3.072000
v 2.453000 -13.065000 7.458000
v 2.453000 -13.065000 18.445000
v 2.953000 -13.065000 -3.557000
v 2.953000 -13.065000 2.772000
v 2.953000 -13.065000 7.778000
v 2.953000 -13.065000 12.671000
v 2.953000 -13.065000 14.298000
v 2.953000 -13.065000 18.450000
v 3.453000 -13.065000 -3.591000
v 3.453000 -13.065000 0.923000
v 3.453000 -13.065000 8.978000
v 3.453000 -13.065000 12.149000
v 3.453000 -13.065000 14.594000
v 3.453000 -13.065000 18.433000
v 3.953000 -13.065000 -3.605000
v 3.953000 -13.065000 0.207000
v 3.953000 -13.065000 14.840000
v 3.953000 -13.065000 18.281000
v 4.453000 -13.065000 -3.426000
v 4.453000 -13.065000 -0.013000
v 4.453000 -13.065000 15.395000
v 4.453000 -13.065000 18.255000
v 4.953000 -13.065000 -2.914000
v 4.953000 -13.065000 -0.089000
v 4.953000 -13.065000 15.844000
v 4.953000 -13.065000 18.274000
v 5.453000 -13.065000 -2.190000
v 5.453000 -13.065000 -0.317000
v 5.453000 -13.065000 16.199000
v 5.453000 -13.065000 18.392000
v 5.953000 -13.065000 16.680000
v 5.953000 -13.065000 18.299000
v -1.047000 -9.065000 17.670000
v -1.047000 -9.065000 19.367000
v -0.547000 -9.065000 17.103000
v -0.547000 -9.065000 19.936000
v -0.047000 -9.065000 16.905000
v -0.047000 -9.065000 20.276000
v 0.453000 -9.065000 16.786000
v 0.453000 -9.065000 20.483000
v 0.953000 -9.065000 16.584000
v 0.953000 -9.065000 20.501000
v 1.453000 -9.065000 16.427000
v 1.453000 -9.065000 20.500000
v 1.953000 -9.065000 16.346000
v 1.953000 -9.065000 20.470000
v 2.453000 -9.065000 16.266000
v 2.453000 -9.065000 20.462000
v 2.953000 -9.065000 16.082000
v 2.953000 -9.065000 20.473000
v 3.453000 -9.065000 15.747000
v 3.453000 -9.065000 20.553000
v 3.953000 -9.065000 15.527000
v 3.953000 -9.065000 20.726000
v 4.453000 -9.065000 15.536000
v 4.453000 -9.065000 21.005000
v 4.953000 -9.065000 15.590000
v 4.953000 -9.065000 21.120000
v 5.453000 -9.065000 15.828000
v 5.453000 -9.065000 21.169000
v 5.953000 -9.065000 16.792000
v 5.953000 -9.065000 21.126000
v 6.453000 -9.065000 17.504000
v 6.453000 -9.065000 20.900000
v 6.953000 -9.065000 17.849000
v 6.953000 -9.065000 20.374000
v 7.453000 -9.065000 18.721000
v 7.453000 -9.065000 19.774000
v -7.547000 -5.065000 18.744000
v -7.547000 -5.065000 20.357000
v -7.047000 -5.065000 18.025000
v -7.047000 -5.065000 20.962000
v -6.547000 -5.065000 17.295000
v -6.547000 -5.065000 21.458000
v -6.047000 -5.065000 17.064000
v -6.047000 -5.065000 21.650000
v -5.547000 -5.065000 17.026000
v -5.547000 -5.065000 21.644000
v -5.047000 -5.065000 16.857000
v -5.047000 -5.065000 21.439000
v -4.547000 -5.065000 16.609000
v -4.547000 -5.065000 21.143000
v -4.047000 -5.065000 16.554000
v -4.047000 -5.065000 20.900000
v -3.547000 -5.065000 16.551000
v -3.547000 -5.065000 20.787000
v -3.047000 -5.065000 16.570000
v -3.047000 -5.065000 20.875000
v -2.547000 -5.065000 16.447000
v -2.547000 -5.065000 20.901000
v -2.047000 -5.065000 16.217000
v -2.047000 -5.065000 20.960000
v -1.547000 -5.065000 15.806000
v -1.547000 -5.065000 21.063000
v -1.047000 -5.065000 13.597000
v -1.047000 -5.065000 21.160000
v -0.547000 -5.065000 13.063000
v -0.547000 -5.065000 21.317000
v -0.047000 -5.065000 12.879000
v -0.047000 -5.065000 21.398000
v 0.453000 -5.065000 12.891000
v 0.453000 -5.065000 21.400000
v 0.953000 -5.065000 12.914000
v 0.953000 -5.065000 21.463000
v 1.453000 -5.065000 13.037000
v 1.453000 -5.065000 21.486000
v 1.953000 -5.065000 13.517000
v 1.953000 -5.065000 21.449000
v 2.453000 -5.065000 15.974000
v 2.453000 -5.065000 21.498000
v 2.953000 -5.065000 16.284000
v 2.953000 -5.065000 21.500000
v 3.453000 -5.065000 16.359000
v 3.453000 -5.065000 21.347000
v 3.953000 -5.065000 16.362000
v 3.953000 -5.065000 21.249000
v 4.453000 -5.065000 16.306000
v 4.453000 -5.065000 21.451000
v 4.953000 -5.065000 16.064000
v 4.953000 -5.065000 22.831000
v 5.453000 -5.065000 15.863000
v 5.453000 -5.065000 24.234000
v 5.953000 -5.065000 15.847000
v 5.953000 -5.065000 24.959000
v 6.453000 -5.065000 15.873000
v 6.453000 -5.065000 25.753000
v 6.953000 -5.065000 16.068000
v 6.953000 -5.065000 25.977000
v 7.453000 -5.065000 16.626000
v 7.453000 -5.065000 25.968000
v 7.953000 -5.065000 17.965000
v 7.953000 -5.065000 25.749000
v 8.453000 -5.065000 18.700000
v 8.453000 -5.065000 21.908000
v 8.453000 -5.065000 23.220000
v 8.453000 -5.065000 25.092000
v -6.047000 -1.065000 19.130000
v -6.047000 -1.065000 20.485000
v -5.547000 -1.065000 18.571000
v -5.547000 -1.065000 20.998000
v -5.047000 -1.065000 18.126000
v -5.047000 -1.065000 21.177000
v -4.547000 -1.065000 16.540000
v -4.547000 -1.065000 21.175000
v -4.047000 -1.065000 15.419000
v -4.047000 -1.065000 21.235000
v -3.547000 -1.065000 15.084000
v -3.547000 -1.065000 21.482000
v -3.047000 -1.065000 15.004000
v -3.047000 -1.065000 21.676000
v -2.547000 -1.065000 11.949000
v -2.547000 -1.065000 12.437000
v -2.547000 -1.065000 14.921000
v -2.547000 -1.065000 21.672000
v -2.047000 -1.065000 11.062000
v -2.047000 -1.065000 13.269000
v -2.047000 -1.065000 14.823000
v -2.047000 -1.065000 21.476000
v -1.547000 -1.065000 6.172000
v -1.547000 -1.065000 8.864000
v -1.547000 -1.065000 10.187000
v -1.547000 -1.065000 21.002000
v -1.047000 -1.065000 5.588000
v -1.047000 -1.065000 20.163000
v -0.547000 -1.065000 5.148000
v -0.547000 -1.065000 19.598000
v -0.047000 -1.065000 4.954000
v -0.047000 -1.065000 18.974000
v 0.453000 -1.065000 4.957000
v 0.453000 -1.065000 18.492000
v 0.953000 -1.065000 5.161000
v 0.953000 -1.065000 18.130000
v 1.453000 -1.065000 5.713000
v 1.453000 -1.065000 17.953000
v 1.953000 -1.065000 6.712000
v 1.953000 -1.065000 17.889000
v 2.453000 -1.065000 10.069000
v 2.453000 -1.065000 17.665000
v 2.953000 -1.065000 10.657000
v 2.953000 -1.065000 17.552000
v 3.453000 -1.065000 13.068000
v 3.453000 -1.065000 17.490000
v 3.953000 -1.065000 14.640000
v 3.953000 -1.065000 17.432000
v -4.047000 2.935000 6.613000
v -4.047000 2.935000 10.437000
v -3.547000 2.935000 5.852000
v -3.547000 2.935000 11.782000
v -3.047000 2.935000 4.985000
v -3.047000 2.935000 12.520000
v -2.547000 2.935000 3.948000
v -2.547000 2.935000 14.298000
v -2.047000 2.935000 3.671000
v -2.047000 2.935000 14.870000
v -1.547000 2.935000 3.652000
v -1.547000 2.935000 15.695000
v -1.047000 2.935000 3.875000
v -1.047000 2.935000 15.893000
v -0.547000 2.935000 4.611000
v -0.547000 2.935000 15.885000
v -0.047000 2.935000 5.275000
v -0.047000 2.935000 15.734000
v 0.453000 2.935000 5.711000
v 0.453000 2.935000 15.548000
v 0.953000 2.935000 6.170000
v 0.953000 2.935000 15.310000
v 1.453000 2.935000 6.825000
v 1.453000 2.935000 15.236000
v 1.953000 2.935000 8.177000
v 1.953000 2.935000 14.992000
v 2.453000 2.935000 9.581000
v 2.453000 2.935000 14.471000
v 2.953000 2.935000 10.349000
v 2.953000 2.935000 12.858000
v 3.453000 2.935000 11.623000
v 3.453000 2.935000 11.926000
v -3.547000 6.935000 9.137000
v -3.547000 6.935000 10.366000
v -3.047000 6.935000 9.117000
v -3.047000 6.935000 10.379000
v -2.547000 6.935000 9.157000
v -2.547000 6.935000 10.324000
v -0.047000 -13.936000 -2.234000
v -0.047000 -12.765000 -2.234000
v 0.453000 -14.367000 -2.234000
v 0.453000 -12.427000 -2.234000
v 0.953000 -14.837000 -2.234000
v 0.953000 -12.358000 -2.234000
v 1.453000 -15.061000 -2.234000
v 1.453000 -12.318000 -2.234000
v 1.953000 -15.072000 -2.234000
v 1.953000 -12.184000 -2.234000
v 2.453000 -14.911000 -2.234000
v 2.453000 -11.997000 -2.234000
v 2.953000 -14.801000 -2.234000
v 2.953000 -11.911000 -2.234000
v 3.453000 -14.811000 -2.234000
v 3.453000 -11.893000 -2.234000
v 3.953000 -14.813000 -2.234000
v 3.953000 -11.885000 -2.234000
v 4.453000 -14.792000 -2.234000
v 4.453000 -12.061000 -2.234000
v 4.953000 -14.782000 -2.234000
v 4.953000 -12.518000 -2.234000
v 5.453000 -14.493000 -2.234000
v 5.453000 -13.122000 -2.234000
v -8.047000 -12.488000 1.766000
v -8.047000 -10.551000 1.766000
v -7.547000 -13.006000 1.766000
v -7.547000 -10.146000 1.766000
v -7.047000 -13.201000 1.766000
v -7.047000 -9.929000 1.766000
v -6.547000 -13.473000 1.766000
v -6.547000 -9.803000 1.766000
v -6.047000 -13.684000 1.766000
v -6.047000 -9.799000 1.766000
v -5.547000 -13.697000 1.766000
v -5.547000 -9.880000 1.766000
v -5.047000 -13.517000 1.766000
v -5.047000 -10.018000 1.766000
v -4.547000 -13.143000 1.766000
v -4.547000 -10.255000 1.766000
v -4.047000 -12.675000 1.766000
v -4.047000 -10.837000 1.766000
v -2.547000 -13.827000 1.766000
v -2.547000 -12.179000 1.766000
v -2.047000 -14.502000 1.766000
v -2.047000 -11.666000 1.766000
v -1.547000 -14.891000 1.766000
v -1.547000 -11.627000 1.766000
v -1.047000 -15.107000 1.766000
v -1.047000 -11.679000 1.766000
v -0.547000 -15.399000 1.766000
v -0.547000 -11.813000 1.766000
v -0.047000 -15.598000 1.766000
v -0.047000 -11.987000 1.766000
v 0.453000 -15.628000 1.766000
v 0.453000 -12.246000 1.766000
v 0.953000 -15.723000 1.766000
v 0.953000 -12.412000 1.766000
v 1.453000 -15.951000 1.766000
v 1.453000 -12.450000 1.766000
v 1.953000 -16.389000 1.766000
v 1.953000 -12.422000 1.766000
v 2.453000 -16.622000 1.766000
v 2.453000 -12.410000 1.766000
v 2.953000 -16.640000 1.766000
v 2.953000 -12.590000 1.766000
v 3.453000 -16.589000 1.766000
v 3.453000 -13.098000 1.766000
v 3.953000 -16.691000 1.766000
v 3.953000 -14.035000 1.766000
v 4.453000 -16.986000 1.766000
v 4.453000 -14.325000 1.766000
v 4.953000 -17.454000 1.766000
v 4.953000 -14.382000 1.766000
v 5.453000 -17.660000 1.766000
v 5.453000 -14.405000 1.766000
v 5.953000 -17.669000 1.766000
v 5.953000 -14.448000 1.766000
v 6.453000 -17.484000 1.766000
v 6.453000 -14.557000 1.766000
v 6.953000 -17.006000 1.766000
v 6.953000 -14.756000 1.766000
v 7.453000 -16.340000 1.766000
v 7.453000 -15.366000 1.766000
v -7.547000 -11.947000 5.766000
v -7.547000 -10.602000 5.766000
v -7.047000 -12.235000 5.766000
v -7.047000 -10.314000 5.766000
v -6.547000 -12.220000 5.766000
v -6.547000 -10.330000 5.766000
v -6.047000 -11.884000 5.766000
v -6.047000 -10.673000 5.766000
v -4.547000 4.320000 5.766000
v -4.547000 5.143000 5.766000
v -4.047000 3.642000 5.766000
v -4.047000 5.857000 5.766000
v -3.547000 3.039000 5.766000
v -3.547000 6.340000 5.766000
v -3.047000 1.905000 5.766000
v -3.047000 6.529000 5.766000
v -2.547000 1.146000 5.766000
v -2.547000 6.521000 5.766000
v -2.047000 -15.884000 5.766000
v -2.047000 -12.354000 5.766000
v -2.047000 0.597000 5.766000
v -2.047000 6.315000 5.766000
v -1.547000 -16.445000 5.766000
v -1.547000 -11.711000 5.766000
v -1.547000 -3.860000 5.766000
v -1.547000 -2.059000 5.766000
v -1.547000 -0.234000 5.766000
v -1.547000 5.870000 5.766000
v -1.047000 -16.643000 5.766000
v -1.047000 -11.447000 5.766000
v -1.047000 -4.461000 5.766000
v -1.047000 5.575000 5.766000
v -0.547000 -16.679000 5.766000
v -0.547000 -11.199000 5.766000
v -0.547000 -4.656000 5.766000
v -0.547000 5.367000 5.766000
v -0.047000 -16.682000 5.766000
v -0.047000 -11.011000 5.766000
v -0.047000 -4.645000 5.766000
v -0.047000 4.850000 5.766000
v 0.453000 -16.506000 5.766000
v 0.453000 -10.973000 5.766000
v 0.453000 -4.421000 5.766000
v 0.453000 3.010000 5.766000
v 0.953000 -15.961000 5.766000
v 0.953000 -10.977000 5.766000
v 0.953000 -3.689000 5.766000
v 0.953000 -3.015000 5.766000
v 0.953000 -2.077000 5.766000
v 0.953000 2.612000 5.766000
v 1.453000 -13.436000 5.766000
v 1.453000 -11.190000 5.766000
v 1.453000 -1.153000 5.766000
v 1.453000 2.270000 5.766000
v 1.953000 -12.722000 5.766000
v 1.953000 -11.860000 5.766000
v -5.547000 4.482000 9.766000
v -5.547000 5.879000 9.766000
v -5.047000 3.976000 9.766000
v -5.047000 6.385000 9.766000
v -4.547000 3.528000 9.766000
v -4.547000 6.583000 9.766000
v -4.047000 2.094000 9.766000
v -4.047000 6.880000 9.766000
v -3.547000 1.507000 9.766000
v -3.547000 7.080000 9.766000
v -3.047000 1.053000 9.766000
v -3.047000 7.086000 9.766000
v -2.547000 0.850000 9.766000
v -2.547000 7.064000 9.766000
v -2.047000 0.671000 9.766000
v -2.047000 6.876000 9.766000
v -1.547000 -15.217000 9.766000
v -1.547000 -14.422000 9.766000
v -1.547000 0.084000 9.766000
v -1.547000 6.357000 9.766000
v -1.047000 -15.892000 9.766000
v -1.047000 -13.515000 9.766000
v -1.047000 -1.973000 9.766000
v -1.047000 5.635000 9.766000
v -0.547000 -16.158000 9.766000
v -0.547000 -12.655000 9.766000
v -0.547000 -2.555000 9.766000
v -0.547000 5.063000 9.766000
v -0.047000 -16.537000 9.766000
v -0.047000 -12.249000 9.766000
v -0.047000 -2.906000 9.766000
v -0.047000 4.697000 9.766000
v 0.453000 -17.021000 9.766000
v 0.453000 -12.023000 9.766000
v 0.453000 -2.997000 9.766000
v 0.453000 4.366000 9.766000
v 0.953000 -17.575000 9.766000
v 0.953000 -11.885000 9.766000
v 0.953000 -2.888000 9.766000
v 0.953000 3.947000 9.766000
v 1.453000 -18.383000 9.766000
v 1.453000 -11.885000 9.766000
v 1.453000 -2.756000 9.766000
v 1.453000 3.703000 9.766000
v 1.953000 -19.861000 9.766000
v 1.953000 -11.895000 9.766000
v 1.953000 -2.415000 9.766000
v 1.953000 3.480000 9.766000
v 2.453000 -20.448000 9.766000
v 2.453000 -11.936000 9.766000
v 2.453000 1.226000 9.766000
v 2.453000 3.011000 9.766000
v 2.953000 -20.655000 9.766000
v 2.953000 -12.151000 9.766000
v 3.453000 -20.720000 9.766000
v 3.453000 -12.758000 9.766000
v 3.953000 -20.713000 9.766000
v 3.953000 -13.679000 9.766000
v 4.453000 -20.510000 9.766000
v 4.453000 -16.578000 9.766000
v 4.953000 -19.935000 9.766000
v 4.953000 -18.735000 9.766000
v -4.047000 0.542000 13.766000
v -4.047000 1.804000 13.766000
v -3.547000 -0.098000 13.766000
v -3.547000 2.377000 13.766000
v -3.047000 -0.488000 13.766000
v -3.047000 2.786000 13.766000
v -2.547000 -0.702000 13.766000
v -2.547000 3.286000 13.766000
v -2.047000 -0.872000 13.766000
v -2.047000 3.513000 13.766000
v -1.547000 -1.230000 13.766000
v -1.547000 3.739000 13.766000
v -1.047000 -15.876000 13.766000
v -1.047000 -14.803000 13.766000
v -1.047000 -5.295000 13.766000
v -1.047000 3.955000 13.766000
v -0.547000 -16.516000 13.766000
v -0.547000 -14.157000 13.766000
v -0.547000 -5.886000 13.766000
v -0.547000 4.265000 13.766000
v -0.047000 -16.989000 13.766000
v -0.047000 -13.162000 13.766000
v -0.047000 -6.079000 13.766000
v -0.047000 4.481000 13.766000
v 0.453000 -17.400000 13.766000
v 0.453000 -12.600000 13.766000
v 0.453000 -6.075000 13.766000
v 0.453000 4.673000 13.766000
v 0.953000 -17.892000 13.766000
v 0.953000 -12.401000 13.766000
v 0.953000 -6.062000 13.766000
v 0.953000 4.682000 13.766000
v 1.453000 -18.456000 13.766000
v 1.453000 -12.387000 13.766000
v 1.453000 -5.868000 13.766000
v 1.453000 4.483000 13.766000
v 1.953000 -18.712000 13.766000
v 1.953000 -12.532000 13.766000
v 1.953000 -5.259000 13.766000
v 1.953000 4.255000 13.766000
v 2.453000 -18.877000 13.766000
v 2.453000 -12.947000 13.766000
v 2.453000 -4.457000 13.766000
v 2.453000 3.572000 13.766000
v 2.953000 -18.874000 13.766000
v 2.953000 -13.401000 13.766000
v 2.953000 -3.776000 13.766000
v 2.953000 2.441000 13.766000
v 3.453000 -18.561000 13.766000
v 3.453000 -13.738000 13.766000
v 3.453000 -2.906000 13.766000
v 3.453000 1.839000 13.766000
v 3.953000 -17.755000 13.766000
v 3.953000 -14.413000 13.766000
v -7.047000 -4.782000 17.766000
v -7.047000 -3.946000 17.766000
v -6.547000 -5.488000 17.766000
v -6.547000 -3.282000 17.766000
v -6.047000 -5.798000 17.766000
v -6.047000 -3.030000 17.766000
v -5.547000 -5.818000 17.766000
v -5.547000 -2.640000 17.766000
v -5.047000 -5.732000 17.766000
v -5.047000 -1.527000 17.766000
v -4.547000 -5.699000 17.766000
v -4.547000 1.212000 17.766000
v -4.047000 -5.712000 17.766000
v -4.047000 1.806000 17.766000
v -3.547000 -5.729000 17.766000
v -3.547000 2.061000 17.766000
v -3.047000 -5.809000 17.766000
v -3.047000 2.075000 17.766000
v -2.547000 -6.108000 17.766000
v -2.547000 2.006000 17.766000
v -2.047000 -6.550000 17.766000
v -2.047000 1.828000 17.766000
v -1.547000 -6.875000 17.766000
v -1.547000 1.666000 17.766000
v -1.047000 -9.214000 17.766000
v -1.047000 1.616000 17.766000
v -0.547000 -9.986000 17.766000
v -0.547000 1.486000 17.766000
v -0.047000 -12.034000 17.766000
v -0.047000 1.295000 17.766000
v 0.453000 -15.957000 17.766000
v 0.453000 -14.703000 17.766000
v 0.453000 -12.736000 17.766000
v 0.453000 1.003000 17.766000
v 0.953000 -16.394000 17.766000
v 0.953000 0.372000 17.766000
v 1.453000 -16.417000 17.766000
v 1.453000 -0.727000 17.766000
v 1.953000 -16.406000 17.766000
v 1.953000 -0.893000 17.766000
v 2.453000 -16.317000 17.766000
v 2.453000 -1.204000 17.766000
v 2.953000 -16.415000 17.766000
v 2.953000 -1.331000 17.766000
v 3.453000 -17.183000 17.766000
v 3.453000 -1.299000 17.766000
v 3.953000 -18.374000 17.766000
v 3.953000 -1.289000 17.766000
v 4.453000 -18.695000 17.766000
v 4.453000 -1.419000 17.766000
v 4.953000 -18.719000 17.766000
v 4.953000 -1.660000 17.766000
v 5.453000 -18.705000 17.766000
v 5.453000 -2.105000 17.766000
v 5.953000 -18.368000 17.766000
v 5.953000 -2.376000 17.766000
v 6.453000 -17.737000 17.766000
v 6.453000 -13.092000 17.766000
v 6.453000 -11.629000 17.766000
v 6.453000 -10.981000 17.766000
v 6.453000 -9.407000 17.766000
v 6.453000 -2.564000 17.766000
v 6.953000 -17.401000 17.766000
v 6.953000 -13.470000 17.766000
v 6.953000 -8.965000 17.766000
v 6.953000 -3.061000 17.766000
v 7.453000 -17.088000 17.766000
v 7.453000 -13.761000 17.766000
v 7.453000 -8.423000 17.766000
v 7.453000 -4.196000 17.766000
v 7.953000 -16.853000 17.766000
v 7.953000 -14.156000 17.766000
v 7.953000 -7.781000 17.766000
v 7.953000 -5.256000 17.766000
v 8.453000 -16.086000 17.766000
v 8.453000 -14.759000 17.766000
v -0.047000 -6.843000 21.766000
v -0.047000 -5.820000 21.766000
v 0.453000 -7.226000 21.766000
v 0.453000 -5.437000 21.766000
v 0.953000 -7.255000 21.766000
v 0.953000 -5.315000 21.766000
v 1.453000 -7.259000 21.766000
v 1.453000 -5.303000 21.766000
v 1.953000 -7.316000 21.766000
v 1.953000 -5.374000 21.766000
v 2.453000 -7.316000 21.766000
v 2.453000 -5.318000 21.766000
v 2.953000 -7.297000 21.766000
v 2.953000 -5.339000 21.766000
v 3.453000 -7.463000 21.766000
v 3.453000 -5.501000 21.766000
v 3.953000 -7.728000 21.766000
v 3.953000 -5.457000 21.766000
v 4.453000 -8.050000 21.766000
v 4.453000 -5.210000 21.766000
v 4.953000 -8.318000 21.766000
v 4.953000 -4.937000 21.766000
v 5.453000 -8.301000 21.766000
v 5.453000 -4.588000 21.766000
v 5.953000 -8.153000 21.766000
v 5.953000 -4.390000 21.766000
v 6.453000 -7.905000 21.766000
v 6.453000 -4.224000 21.766000
v 6.953000 -7.515000 21.766000
v 6.953000 -4.027000 21.766000
v 7.453000 -7.193000 21.766000
v 7.453000 -4.020000 21.766000
v 7.953000 -6.956000 21.766000
v 7.953000 -4.221000 21.766000
v 8.453000 -6.340000 21.766000
v 8.453000 -4.852000 21.766000
v 6.453000 -6.473000 25.766000
v 6.453000 -5.083000 25.766000
v 6.953000 -7.368000 25.766000
v 6.953000 -4.797000 25.766000
v 7.453000 -7.958000 25.766000
v 7.453000 -4.807000 25.766000
v 7.953000 -8.150000 25.766000
v 7.953000 -5.081000 25.766000
v 8.453000 -8.137000 25.766000
v 8.453000 -5.317000 25.766000
v 8.953000 -8.071000 25.766000
v 8.953000 -5.433000 25.766000
v 9.453000 -8.054000 25.766000
v 9.453000 -5.462000 25.766000
v 9.953000 -8.026000 25.766000
v 9.953000 -5.507000 25.766000
v 10.453000 -7.786000 25.766000
v 10.453000 -5.747000 25.766000
v 2.696000 -20.565000 8.266000
v 4.101000 -20.565000 8.266000
v 2.475000 -20.565000 8.766000
v 4.329000 -20.565000 8.766000
v 2.634000 -20.565000 9.266000
v 4.407000 -20.565000 9.266000
v 2.667000 -20.565000 9.766000
v 4.361000 -20.565000 9.766000
v 2.531000 -20.565000 10.266000
v 4.363000 -20.565000 10.266000
v 2.718000 -20.565000 10.766000
v 4.161000 -20.565000 10.766000
v 5.071000 -16.565000 0.266000
v 6.906000 -16.565000 0.266000
v 2.372000 -16.565000 0.766000
v 3.608000 -16.565000 0.766000
v 4.360000 -16.565000 0.766000
v 7.333000 -16.565000 0.766000
v 2.088000 -16.565000 1.266000
v 7.443000 -16.565000 1.266000
v 2.267000 -16.565000 1.766000
v 7.336000 -16.565000 1.766000
v 4.124000 -16.565000 2.266000
v 7.012000 -16.565000 2.266000
v 4.699000 -16.565000 2.766000
v 6.632000 -16.565000 2.766000
v -1.102000 -16.565000 4.766000
v -0.497000 -16.565000 4.766000
v -1.381000 -16.565000 5.266000
v -0.027000 -16.565000 5.266000
v -1.316000 -16.565000 5.766000
v 0.342000 -16.565000 5.766000
v -1.360000 -16.565000 6.266000
v 0.810000 -16.565000 6.266000
v -1.337000 -16.565000 6.766000
v 1.594000 -16.565000 6.766000
v -1.127000 -16.565000 7.266000
v 2.845000 -16.565000 7.266000
v -0.879000 -16.565000 7.766000
v 3.392000 -16.565000 7.766000
v -0.599000 -16.565000 8.266000
v 4.126000 -16.565000 8.266000
v -0.443000 -16.565000 8.766000
v 4.459000 -16.565000 8.766000
v -0.148000 -16.565000 9.266000
v 4.549000 -16.565000 9.266000
v -0.023000 -16.565000 9.766000
v 4.450000 -16.565000 9.766000
v -0.043000 -16.565000 10.266000
v 4.207000 -16.565000 10.266000
v -0.026000 -16.565000 10.766000
v 4.039000 -16.565000 10.766000
v 0.003000 -16.565000 11.266000
v 3.900000 -16.565000 11.266000
v -0.028000 -16.565000 11.766000
v 3.858000 -16.565000 11.766000
v 0.011000 -16.565000 12.266000
v 3.914000 -16.565000 12.266000
v -0.072000 -16.565000 12.766000
v 4.015000 -16.565000 12.766000
v -0.364000 -16.565000 13.266000
v 4.138000 -16.565000 13.266000
v -0.500000 -16.565000 13.766000
v 4.318000 -16.565000 13.766000
v -0.483000 -16.565000 14.266000
v 4.976000 -16.565000 14.266000
v -0.484000 -16.565000 14.766000
v 7.714000 -16.565000 14.766000
v -0.529000 -16.565000 15.266000
v 8.207000 -16.565000 15.266000
v -0.602000 -16.565000 15.766000
v 8.350000 -16.565000 15.766000
v -0.675000 -16.565000 16.266000
v 8.448000 -16.565000 16.266000
v -0.568000 -16.565000 16.766000
v 8.395000 -16.565000 16.766000
v -0.207000 -16.565000 17.266000
v 8.356000 -16.565000 17.266000
v 3.069000 -16.565000 17.766000
v 8.238000 -16.565000 17.766000
v 5.006000 -16.565000 18.266000
v 7.775000 -16.565000 18.266000
v 2.592000 -12.565000 -3.234000
v 4.428000 -12.565000 -3.234000
v 2.006000 -12.565000 -2.734000
v 4.848000 -12.565000 -2.734000
v 0.162000 -12.565000 -2.234000
v 4.994000 -12.565000 -2.234000
v -0.577000 -12.565000 -1.734000
v 5.178000 -12.565000 -1.734000
v -3.323000 -12.565000 -1.234000
v 5.360000 -12.565000 -1.234000
v -3.796000 -12.565000 -0.734000
v 5.095000 -12.565000 -0.734000
v -6.443000 -12.565000 -0.234000
v 4.220000 -12.565000 -0.234000
v -6.910000 -12.565000 0.266000
v 3.695000 -12.565000 0.266000
v -7.451000 -12.565000 0.766000
v 3.245000 -12.565000 0.766000
v -7.890000 -12.565000 1.266000
v 2.952000 -12.565000 1.266000
v -8.001000 -12.565000 1.766000
v -3.930000 -12.565000 1.766000
v -2.749000 -12.565000 1.766000
v 2.909000 -12.565000 1.766000
v -7.956000 -12.565000 2.266000
v -4.346000 -12.565000 2.266000
v -2.127000 -12.565000 2.266000
v 2.735000 -12.565000 2.266000
v -7.941000 -12.565000 2.766000
v -4.538000 -12.565000 2.766000
v -1.846000 -12.565000 2.766000
v 1.104000 -12.565000 2.766000
v -7.948000 -12.565000 3.266000
v -4.861000 -12.565000 3.266000
v -1.577000 -12.565000 3.266000
v 1.282000 -12.565000 3.266000
v -7.846000 -12.565000 3.766000
v -5.076000 -12.565000 3.766000
v -1.509000 -12.565000 3.766000
v 1.541000 -12.565000 3.766000
v -7.646000 -12.565000 4.266000
v -5.112000 -12.565000 4.266000
v -1.485000 -12.565000 4.266000
v 1.791000 -12.565000 4.266000
v -7.456000 -12.565000 4.766000
v -5.220000 -12.565000 4.766000
v -1.583000 -12.565000 4.766000
v 1.961000 -12.565000 4.766000
v -7.127000 -12.565000 5.266000
v -5.645000 -12.565000 5.266000
v -1.803000 -12.565000 5.266000
v 2.064000 -12.565000 5.266000
v -2.105000 -12.565000 5.766000
v 1.992000 -12.565000 5.766000
v -2.187000 -12.565000 6.266000
v 1.847000 -12.565000 6.266000
v -2.085000 -12.565000 6.766000
v 1.652000 -12.565000 6.766000
v -1.817000 -12.565000 7.266000
v 1.407000 -12.565000 7.266000
v -1.361000 -12.565000 7.766000
v 1.599000 -12.565000 7.766000
v -1.030000 -12.565000 8.266000
v 2.746000 -12.565000 8.266000
v -0.940000 -12.565000 8.766000
v 2.997000 -12.565000 8.766000
v -0.851000 -12.565000 9.266000
v 3.251000 -12.565000 9.266000
v -0.464000 -12.565000 9.766000
v 3.348000 -12.565000 9.766000
v 0.040000 -12.565000 10.266000
v 3.372000 -12.565000 10.266000
v 0.432000 -12.565000 10.766000
v 3.376000 -12.565000 10.766000
v 0.663000 -12.565000 11.266000
v 3.380000 -12.565000 11.266000
v 0.980000 -12.565000 11.766000
v 3.235000 -12.565000 11.766000
v 1.291000 -12.565000 12.266000
v 2.758000 -12.565000 12.266000
v 1.277000 -12.565000 12.766000
v 1.951000 -12.565000 12.766000
v 0.677000 -12.565000 13.266000
v 1.823000 -12.565000 13.266000
v 0.510000 -12.565000 13.766000
v 2.012000 -12.565000 13.766000
v 0.455000 -12.565000 14.266000
v 2.531000 -12.565000 14.266000
v 0.518000 -12.565000 14.766000
v 3.219000 -12.565000 14.766000
v 0.568000 -12.565000 15.266000
v 3.900000 -12.565000 15.266000
v 0.531000 -12.565000 15.766000
v 4.441000 -12.565000 15.766000
v 0.427000 -12.565000 16.266000
v 4.878000 -12.565000 16.266000
v 0.341000 -12.565000 16.766000
v 5.468000 -12.565000 16.766000
v 0.311000 -12.565000 17.266000
v 5.963000 -12.565000 17.266000
v 0.348000 -12.565000 17.766000
v 6.283000 -12.565000 17.766000
v 0.613000 -12.565000 18.266000
v 6.204000 -12.565000 18.266000
v 4.765000 -12.565000 18.766000
v 5.725000 -12.565000 18.766000
v 3.542000 -8.565000 15.266000
v 5.389000 -8.565000 15.266000
v 3.021000 -8.565000 15.766000
v 6.066000 -8.565000 15.766000
v 1.611000 -8.565000 16.266000
v 6.325000 -8.565000 16.266000
v 0.653000 -8.565000 16.766000
v 6.543000 -8.565000 16.766000
v -0.782000 -8.565000 17.266000
v 6.941000 -8.565000 17.266000
v -1.099000 -8.565000 17.766000
v 7.293000 -8.565000 17.766000
v -1.190000 -8.565000 18.266000
v 7.542000 -8.565000 18.266000
v -1.130000 -8.565000 18.766000
v 7.752000 -8.565000 18.766000
v -1.030000 -8.565000 19.266000
v 7.886000 -8.565000 19.266000
v -0.700000 -8.565000 19.766000
v 7.797000 -8.565000 19.766000
v -0.309000 -8.565000 20.266000
v 7.404000 -8.565000 20.266000
v 0.470000 -8.565000 20.766000
v 6.688000 -8.565000 20.766000
v 4.016000 -8.565000 21.266000
v 6.129000 -8.565000 21.266000
v -0.853000 -4.565000 5.766000
v 0.200000 -4.565000 5.766000
v -1.024000 -4.565000 6.266000
v 0.371000 -4.565000 6.266000
v -0.855000 -4.565000 6.766000
v 0.333000 -4.565000 6.766000
v -0.544000 -4.565000 7.266000
v 0.033000 -4.565000 7.266000
v 0.478000 -4.565000 12.766000
v 2.149000 -4.565000 12.766000
v -0.825000 -4.565000 13.266000
v 2.388000 -4.565000 13.266000
v -1.137000 -4.565000 13.766000
v 2.367000 -4.565000 13.766000
v -1.217000 -4.565000 14.266000
v 2.241000 -4.565000 14.266000
v -1.185000 -4.565000 14.766000
v 2.163000 -4.565000 14.766000
v -1.247000 -4.565000 15.266000
v 2.173000 -4.565000 15.266000
v -1.425000 -4.565000 15.766000
v 2.369000 -4.565000 15.766000
v -2.025000 -4.565000 16.266000
v 3.115000 -4.565000 16.266000
v 4.570000 -4.565000 16.266000
v 7.198000 -4.565000 16.266000
v -5.352000 -4.565000 16.766000
v 7.509000 -4.565000 16.766000
v -6.777000 -4.565000 17.266000
v 7.591000 -4.565000 17.266000
v -7.100000 -4.565000 17.766000
v 7.656000 -4.565000 17.766000
v -7.304000 -4.565000 18.266000
v 7.884000 -4.565000 18.266000
v -7.593000 -4.565000 18.766000
v 8.249000 -4.565000 18.766000
v -7.682000 -4.565000 19.266000
v 8.356000 -4.565000 19.266000
v -7.698000 -4.565000 19.766000
v 8.336000 -4.565000 19.766000
v -7.608000 -4.565000 20.266000
v 8.392000 -4.565000 20.266000
v -7.298000 -4.565000 20.766000
v 3.737000 -4.565000 20.766000
v 5.392000 -4.565000 20.766000
v 8.371000 -4.565000 20.766000
v -6.578000 -4.565000 21.266000
v -4.969000 -4.565000 21.266000
v -3.528000 -4.565000 21.266000
v -0.258000 -4.565000 21.266000
v 5.456000 -4.565000 21.266000
v 8.402000 -4.565000 21.266000
v 5.489000 -4.565000 21.766000
v 8.302000 -4.565000 21.766000
v 5.483000 -4.565000 22.266000
v 8.081000 -4.565000 22.266000
v 5.457000 -4.565000 22.766000
v 8.060000 -4.565000 22.766000
v 5.480000 -4.565000 23.266000
v 8.256000 -4.565000 23.266000
v 5.691000 -4.565000 23.766000
v 8.387000 -4.565000 23.766000
v 5.940000 -4.565000 24.266000
v 8.345000 -4.565000 24.266000
v 6.096000 -4.565000 24.766000
v 8.240000 -4.565000 24.766000
v 6.519000 -4.565000 25.266000
v 7.822000 -4.565000 25.266000
v -0.940000 -0.565000 5.266000
v 1.081000 -0.565000 5.266000
v -1.407000 -0.565000 5.766000
v 1.693000 -0.565000 5.766000
v -1.617000 -0.565000 6.266000
v 2.025000 -0.565000 6.266000
v -1.742000 -0.565000 6.766000
v 2.116000 -0.565000 6.766000
v -1.777000 -0.565000 7.266000
v 2.115000 -0.565000 7.266000
v -1.756000 -0.565000 7.766000
v 2.126000 -0.565000 7.766000
v -1.685000 -0.565000 8.266000
v 2.118000 -0.565000 8.266000
v -1.612000 -0.565000 8.766000
v 2.110000 -0.565000 8.766000
v -1.443000 -0.565000 9.266000
v 2.143000 -0.565000 9.266000
v -1.445000 -0.565000 9.766000
v 2.271000 -0.565000 9.766000
v -1.623000 -0.565000 10.266000
v 2.619000 -0.565000 10.266000
v -1.923000 -0.565000 10.766000
v 3.161000 -0.565000 10.766000
v -2.525000 -0.565000 11.266000
v 3.504000 -0.565000 11.266000
v -2.947000 -0.565000 11.766000
v 3.604000 -0.565000 11.766000
v -3.059000 -0.565000 12.266000
v 3.580000 -0.565000 12.266000
v -2.998000 -0.565000 12.766000
v 3.562000 -0.565000 12.766000
v -2.947000 -0.565000 13.266000
v 3.570000 -0.565000 13.266000
v -2.883000 -0.565000 13.766000
v 3.632000 -0.565000 13.766000
v -3.174000 -0.565000 14.266000
v 3.666000 -0.565000 14.266000
v -3.952000 -0.565000 14.766000
v 3.772000 -0.565000 14.766000
v -4.367000 -0.565000 15.266000
v 3.933000 -0.565000 15.266000
v -4.529000 -0.565000 15.766000
v 3.994000 -0.565000 15.766000
v -4.629000 -0.565000 16.266000
v 3.781000 -0.565000 16.266000
v -4.587000 -0.565000 16.766000
v 3.436000 -0.565000 16.766000
v -4.553000 -0.565000 17.266000
v 2.751000 -0.565000 17.266000
v -4.669000 -0.565000 17.766000
v 1.209000 -0.565000 17.766000
v -5.078000 -0.565000 18.266000
v 0.538000 -0.565000 18.266000
v -5.779000 -0.565000 18.766000
v 0.172000 -0.565000 18.766000
v -6.116000 -0.565000 19.266000
v -0.197000 -0.565000 19.266000
v -6.216000 -0.565000 19.766000
v -0.612000 -0.565000 19.766000
v -6.132000 -0.565000 20.266000
v -1.212000 -0.565000 20.266000
v -5.817000 -0.565000 20.766000
v -1.479000 -0.565000 20.766000
v -4.058000 -0.565000 21.266000
v -1.795000 -0.565000 21.266000
v -2.667000 3.435000 3.766000
v -0.843000 3.435000 3.766000
v -3.036000 3.435000 4.266000
v -0.489000 3.435000 4.266000
v -3.368000 3.435000 4.766000
v -0.275000 3.435000 4.766000
v -3.556000 3.435000 5.266000
v 0.011000 3.435000 5.266000
v -3.857000 3.435000 5.766000
v 0.234000 3.435000 5.766000
v -4.097000 3.435000 6.266000
v 0.476000 3.435000 6.266000
v -4.229000 3.435000 6.766000
v 0.814000 3.435000 6.766000
v -4.508000 3.435000 7.266000
v 1.089000 3.435000 7.266000
v -4.886000 3.435000 7.766000
v 1.304000 3.435000 7.766000
v -5.014000 3.435000 8.266000
v 1.284000 3.435000 8.266000
v -4.897000 3.435000 8.766000
v 1.503000 3.435000 8.766000
v -4.591000 3.435000 9.266000
v 1.828000 3.435000 9.266000
v -4.474000 3.435000 9.766000
v 2.014000 3.435000 9.766000
v -4.337000 3.435000 10.266000
v 2.301000 3.435000 10.266000
v -4.011000 3.435000 10.766000
v 2.726000 3.435000 10.766000
v -3.465000 3.435000 11.266000
v 2.875000 3.435000 11.266000
v -2.800000 3.435000 11.766000
v 2.941000 3.435000 11.766000
v -2.573000 3.435000 12.266000
v 2.892000 3.435000 12.266000
v -2.518000 3.435000 12.766000
v 2.754000 3.435000 12.766000
v -2.488000 3.435000 13.266000
v 2.610000 3.435000 13.266000
v -2.264000 3.435000 13.766000
v 2.487000 3.435000 13.766000
v -1.771000 3.435000 14.266000
v 2.172000 3.435000 14.266000
v -1.433000 3.435000 14.766000
v 1.665000 3.435000 14.766000
v -1.097000 3.435000 15.266000
v 0.388000 3.435000 15.266000
v 2.953000 -20.565000 8.112000
v 2.953000 -20.565000 10.915000
v 3.453000 -20.565000 8.123000
v 3.453000 -20.565000 10.918000
v 3.953000 -20.565000 8.181000
v 3.953000 -20.565000 10.896000
v -1.047000 -16.565000 4.737000
v -1.047000 -16.565000 7.421000
v -0.547000 -16.565000 4.739000
v -0.547000 -16.565000 8.446000
v -0.547000 -16.565000 15.467000
v -0.547000 -16.565000 16.812000
v -0.047000 -16.565000 5.253000
v -0.047000 -16.565000 9.548000
v -0.047000 -16.565000 12.693000
v -0.047000 -16.565000 17.387000
v 0.453000 -16.565000 5.917000
v 0.453000 -16.565000 17.585000
v 0.953000 -16.565000 6.378000
v 0.953000 -16.565000 17.714000
v 1.453000 -16.565000 6.694000
v 1.453000 -16.565000 17.719000
v 1.953000 -16.565000 6.896000
v 1.953000 -16.565000 17.726000
v 2.453000 -16.565000 0.718000
v 2.453000 -16.565000 1.904000
v 2.453000 -16.565000 7.081000
v 2.453000 -16.565000 17.704000
v 2.953000 -16.565000 0.666000
v 2.953000 -16.565000 1.942000
v 2.953000 -16.565000 7.344000
v 2.953000 -16.565000 17.733000
v 3.453000 -16.565000 0.693000
v 3.453000 -16.565000 1.828000
v 3.453000 -16.565000 7.816000
v 3.453000 -16.565000 17.945000
v 3.953000 -16.565000 0.833000
v 3.953000 -16.565000 2.098000
v 3.953000 -16.565000 8.125000
v 3.953000 -16.565000 11.068000
v 3.953000 -16.565000 12.550000
v 3.953000 -16.565000 18.123000
v 4.453000 -16.565000 0.725000
v 4.453000 -16.565000 2.605000
v 4.453000 -16.565000 8.750000
v 4.453000 -16.565000 9.759000
v 4.453000 -16.565000 13.954000
v 4.453000 -16.565000 18.166000
v 4.953000 -16.565000 0.356000
v 4.953000 -16.565000 2.893000
v 4.953000 -16.565000 14.258000
v 4.953000 -16.565000 18.249000
v 5.453000 -16.565000 0.098000
v 5.453000 -16.565000 3.080000
v 5.453000 -16.565000 14.334000
v 5.453000 -16.565000 18.488000
v 5.953000 -16.565000 0.077000
v 5.953000 -16.565000 3.089000
v 5.953000 -16.565000 14.358000
v 5.953000 -16.565000 18.674000
v 6.453000 -16.565000 0.083000
v 6.453000 -16.565000 2.900000
v 6.453000 -16.565000 14.480000
v 6.453000 -16.565000 18.670000
v 6.953000 -16.565000 0.298000
v 6.953000 -16.565000 2.360000
v 6.953000 -16.565000 14.598000
v 6.953000 -16.565000 18.573000
v 7.453000 -16.565000 14.665000
v 7.453000 -16.565000 18.410000
v 7.953000 -16.565000 14.934000
v 7.953000 -16.565000 18.138000
v -7.547000 -12.565000 0.836000
v -7.547000 -12.565000 4.467000
v -7.047000 -12.565000 0.375000
v -7.047000 -12.565000 5.316000
v -6.547000 -12.565000 -0.135000
v -6.547000 -12.565000 5.456000
v -6.047000 -12.565000 -0.461000
v -6.047000 -12.565000 5.438000
v -5.547000 -12.565000 -0.500000
v -5.547000 -12.565000 5.194000
v -5.047000 -12.565000 -0.456000
v -5.047000 -12.565000 3.663000
v -4.547000 -12.565000 -0.443000
v -4.547000 -12.565000 2.784000
v -4.047000 -12.565000 -0.574000
v -4.047000 -12.565000 1.848000
v -3.547000 -12.565000 -0.972000
v -3.547000 -12.565000 1.640000
v -3.047000 -12.565000 -1.453000
v -3.047000 -12.565000 1.670000
v -2.547000 -12.565000 -1.635000
v -2.547000 -12.565000 1.875000
v -2.047000 -12.565000 -1.648000
v -2.047000 -12.565000 2.379000
v -2.047000 -12.565000 5.633000
v -2.047000 -12.565000 6.851000
v -1.547000 -12.565000 -1.612000
v -1.547000 -12.565000 3.372000
v -1.547000 -12.565000 4.639000
v -1.547000 -12.565000 7.606000
v -1.047000 -12.565000 -1.623000
v -1.047000 -12.565000 8.223000
v -0.547000 -12.565000 -1.746000
v -0.547000 -12.565000 9.697000
v -0.047000 -12.565000 -2.089000
v -0.047000 -12.565000 10.173000
v 0.453000 -12.565000 -2.344000
v 0.453000 -12.565000 10.797000
v 0.453000 -12.565000 16.158000
v 0.453000 -12.565000 18.041000
v 0.953000 -12.565000 -2.403000
v 0.953000 -12.565000 11.728000
v 0.953000 -12.565000 13.055000
v 0.953000 -12.565000 18.509000
v 1.453000 -12.565000 -2.482000
v 1.453000 -12.565000 2.363000
v 1.453000 -12.565000 3.600000
v 1.453000 -12.565000 7.063000
v 1.453000 -12.565000 7.549000
v 1.453000 -12.565000 18.634000
v 1.953000 -12.565000 -2.697000
v 1.953000 -12.565000 2.479000
v 1.953000 -12.565000 4.739000
v 1.953000 -12.565000 5.908000
v 1.953000 -12.565000 7.911000
v 1.953000 -12.565000 12.764000
v 1.953000 -12.565000 13.668000
v 1.953000 -12.565000 18.667000
v 2.453000 -12.565000 -3.141000
v 2.453000 -12.565000 2.450000
v 2.453000 -12.565000 8.061000
v 2.453000 -12.565000 12.430000
v 2.453000 -12.565000 14.212000
v 2.453000 -12.565000 18.664000
v 2.953000 -12.565000 -3.368000
v 2.953000 -12.565000 1.264000
v 2.953000 -12.565000 8.671000
v 2.953000 -12.565000 12.123000
v 2.953000 -12.565000 14.560000
v 2.953000 -12.565000 18.657000
v 3.453000 -12.565000 -3.411000
v 3.453000 -12.565000 0.522000
v 3.453000 -12.565000 14.962000
v 3.453000 -12.565000 18.652000
v 3.953000 -12.565000 -3.427000
v 3.953000 -12.565000 0.008000
v 3.953000 -12.565000 15.303000
v 3.953000 -12.565000 18.603000
v 4.453000 -12.565000 -3.217000
v 4.453000 -12.565000 -0.414000
v 4.453000 -12.565000 15.774000
v 4.453000 -12.565000 18.640000
v 4.953000 -12.565000 -2.390000
v 4.953000 -12.565000 -0.657000
v 4.953000 -12.565000 16.362000
v 4.953000 -12.565000 18.830000
v 5.453000 -12.565000 16.759000
v 5.453000 -12.565000 18.872000
v 5.953000 -12.565000 17.252000
v 5.953000 -12.565000 18.589000
v -1.047000 -8.565000 17.647000
v -1.047000 -8.565000 19.221000
v -0.547000 -8.565000 17.077000
v -0.547000 -8.565000 19.961000
v -0.047000 -8.565000 16.878000
v -0.047000 -8.565000 20.478000
v 0.453000 -8.565000 16.826000
v 0.453000 -8.565000 20.756000
v 0.953000 -8.565000 16.613000
v 0.953000 -8.565000 20.962000
v 1.453000 -8.565000 16.341000
v 1.453000 -8.565000 20.969000
v 1.953000 -8.565000 16.152000
v 1.953000 -8.565000 20.954000
v 2.453000 -8.565000 16.034000
v 2.453000 -8.565000 20.942000
v 2.953000 -8.565000 15.815000
v 2.953000 -8.565000 20.938000
v 3.453000 -8.565000 15.333000
v 3.453000 -8.565000 20.979000
v 3.953000 -8.565000 15.085000
v 3.953000 -8.565000 21.221000
v 4.453000 -8.565000 15.071000
v 4.453000 -8.565000 21.450000
v 4.953000 -8.565000 15.087000
v 4.953000 -8.565000 21.494000
v 5.453000 -8.565000 15.312000
v 5.453000 -8.565000 21.488000
v 5.953000 -8.565000 15.675000
v 5.953000 -8.565000 21.341000
v 6.453000 -8.565000 16.616000
v 6.453000 -8.565000 21.021000
v 6.953000 -8.565000 17.281000
v 6.953000 -8.565000 20.565000
v 7.453000 -8.565000 18.011000
v 7.453000 -8.565000 20.228000
v -7.547000 -4.565000 18.658000
v -7.547000 -4.565000 20.406000
v -7.047000 -4.565000 17.643000
v -7.047000 -4.565000 20.979000
v -6.547000 -4.565000 17.083000
v -6.547000 -4.565000 21.281000
v -6.047000 -4.565000 16.887000
v -6.047000 -4.565000 21.457000
v -5.547000 -4.565000 16.825000
v -5.547000 -4.565000 21.451000
v -5.047000 -4.565000 16.615000
v -5.047000 -4.565000 21.296000
v -4.547000 -4.565000 16.400000
v -4.547000 -4.565000 21.155000
v -4.047000 -4.565000 16.362000
v -4.047000 -4.565000 21.138000
v -3.547000 -4.565000 16.363000
v -3.547000 -4.565000 21.259000
v -3.047000 -4.565000 16.402000
v -3.047000 -4.565000 21.427000
v -2.547000 -4.565000 16.392000
v -2.547000 -4.565000 21.447000
v -2.047000 -4.565000 16.275000
v -2.047000 -4.565000 21.471000
v -1.547000 -4.565000 15.939000
v -1.547000 -4.565000 21.456000
v -1.047000 -4.565000 13.567000
v -1.047000 -4.565000 21.430000
v -0.547000 -4.565000 5.562000
v -0.547000 -4.565000 7.264000
v -0.547000 -4.565000 13.046000
v -0.547000 -4.565000 21.356000
v -0.047000 -4.565000 5.584000
v -0.047000 -4.565000 7.303000
v -0.047000 -4.565000 12.848000
v -0.047000 -4.565000 21.166000
v 0.453000 -4.565000 12.769000
v 0.453000 -4.565000 21.017000
v 0.953000 -4.565000 12.690000
v 0.953000 -4.565000 20.953000
v 1.453000 -4.565000 12.592000
v 1.453000 -4.565000 20.906000
v 1.953000 -4.565000 12.649000
v 1.953000 -4.565000 20.874000
v 2.453000 -4.565000 15.874000
v 2.453000 -4.565000 20.975000
v 2.953000 -4.565000 16.221000
v 2.953000 -4.565000 20.992000
v 3.453000 -4.565000 16.297000
v 3.453000 -4.565000 20.861000
v 3.953000 -4.565000 16.360000
v 3.953000 -4.565000 20.662000
v 4.453000 -4.565000 16.305000
v 4.453000 -4.565000 20.459000
v 4.953000 -4.565000 16.067000
v 4.953000 -4.565000 20.446000
v 5.453000 -4.565000 15.862000
v 5.453000 -4.565000 21.178000
v 5.953000 -4.565000 15.845000
v 5.953000 -4.565000 24.304000
v 6.453000 -4.565000 15.868000
v 6.453000 -4.565000 25.215000
v 6.953000 -4.565000 16.066000
v 6.953000 -4.565000 25.480000
v 7.453000 -4.565000 16.631000
v 7.453000 -4.565000 25.465000
v 7.953000 -4.565000 18.356000
v 7.953000 -4.565000 25.157000
v -6.047000 -0.565000 19.118000
v -6.047000 -0.565000 20.455000
v -5.547000 -0.565000 18.586000
v -5.547000 -0.565000 20.979000
v -5.047000 -0.565000 18.240000
v -5.047000 -0.565000 21.161000
v -4.547000 -0.565000 15.830000
v -4.547000 -0.565000 21.191000
v -4.047000 -0.565000 14.839000
v -4.047000 -0.565000 21.269000
v -3.547000 -0.565000 14.511000
v -3.547000 -0.565000 21.506000
v -3.047000 -0.565000 12.102000
v -3.047000 -0.565000 12.431000
v -3.047000 -0.565000 14.146000
v -3.047000 -0.565000 21.671000
v -2.547000 -0.565000 11.282000
v -2.547000 -0.565000 21.670000
v -2.047000 -0.565000 10.902000
v -2.047000 -0.565000 21.472000
v -1.547000 -0.565000 6.059000
v -1.547000 -0.565000 8.917000
v -1.547000 -0.565000 10.113000
v -1.547000 -0.565000 20.915000
v -1.047000 -0.565000 5.345000
v -1.047000 -0.565000 20.093000
v -0.547000 -0.565000 5.068000
v -0.547000 -0.565000 19.704000
v -0.047000 -0.565000 4.953000
v -0.047000 -0.565000 19.060000
v 0.453000 -0.565000 4.965000
v 0.453000 -0.565000 18.370000
v 0.953000 -0.565000 5.170000
v 0.953000 -0.565000 17.884000
v 1.453000 -0.565000 5.572000
v 1.453000 -0.565000 17.710000
v 1.953000 -0.565000 6.108000
v 1.953000 -0.565000 17.583000
v 2.453000 -0.565000 10.071000
v 2.453000 -0.565000 17.394000
v 2.953000 -0.565000 10.586000
v 2.953000 -0.565000 17.128000
v 3.453000 -0.565000 11.153000
v 3.453000 -0.565000 16.748000
v 3.953000 -0.565000 15.344000
v 3.953000 -0.565000 15.949000
v -4.547000 3.435000 7.314000
v -4.547000 3.435000 9.373000
v -4.047000 3.435000 6.114000
v -4.047000 3.435000 10.710000
v -3.547000 3.435000 5.249000
v -3.547000 3.435000 11.222000
v -3.047000 3.435000 4.284000
v -3.047000 3.435000 11.504000
v -2.547000 3.435000 3.671000
v -2.547000 3.435000 12.409000
v -2.047000 3.435000 3.450000
v -2.047000 3.435000 13.931000
v -1.547000 3.435000 3.434000
v -1.547000 3.435000 14.529000
v -1.047000 3.435000 3.615000
v -1.047000 3.435000 15.296000
v -0.547000 3.435000 4.142000
v -0.547000 3.435000 15.437000
v -0.047000 3.435000 5.154000
v -0.047000 3.435000 15.431000
v 0.453000 3.435000 6.229000
v 0.453000 3.435000 15.237000
v 0.953000 3.435000 7.017000
v 0.953000 3.435000 15.087000
v 1.453000 3.435000 8.717000
v 1.453000 3.435000 14.917000
v 1.953000 3.435000 9.600000
v 1.953000 3.435000 14.464000
v 2.453000 3.435000 10.429000
v 2.453000 3.435000 13.846000
v -0.547000 -13.833000 -1.734000
v -0.547000 -12.544000 -1.734000
v -0.047000 -14.405000 -1.734000
v -0.047000 -12.261000 -1.734000
v 0.453000 -14.647000 -1.734000
v 0.453000 -12.077000 -1.734000
v 0.953000 -14.936000 -1.734000
v 0.953000 -12.036000 -1.734000
v 1.453000 -15.144000 -1.734000
v 1.453000 -11.970000 -1.734000
v 1.953000 -15.171000 -1.734000
v 1.953000 -11.821000 -1.734000
v 2.453000 -15.135000 -1.734000
v 2.453000 -11.776000 -1.734000
v 2.953000 -15.109000 -1.734000
v 2.953000 -11.803000 -1.734000
v 3.453000 -15.109000 -1.734000
v 3.453000 -11.852000 -1.734000
v 3.953000 -15.130000 -1.734000
v 3.953000 -11.953000 -1.734000
v 4.453000 -15.122000 -1.734000
v 4.453000 -12.132000 -1.734000
v 4.953000 -15.106000 -1.734000
v 4.953000 -12.443000 -1.734000
v 5.453000 -14.906000 -1.734000
v 5.453000 -12.719000 -1.734000
v 5.953000 -14.280000 -1.734000
v 5.953000 -13.345000 -1.734000
v -8.547000 -11.750000 2.266000
v -8.547000 -10.872000 2.266000
v -8.047000 -12.474000 2.266000
v -8.047000 -10.225000 2.266000
v -7.547000 -12.947000 2.266000
v -7.547000 -10.009000 2.266000
v -7.047000 -13.175000 2.266000
v -7.047000 -9.719000 2.266000
v -6.547000 -13.471000 2.266000
v -6.547000 -9.531000 2.266000
v -6.047000 -13.652000 2.266000
v -6.047000 -9.549000 2.266000
v -5.547000 -13.641000 2.266000
v -5.547000 -9.771000 2.266000
v -5.047000 -13.436000 2.266000
v -5.047000 -10.127000 2.266000
v -4.547000 -12.969000 2.266000
v -4.547000 -10.594000 2.266000
v -2.047000 -14.493000 2.266000
v -2.047000 -12.456000 2.266000
v -1.547000 -14.997000 2.266000
v -1.547000 -12.032000 2.266000
v -1.047000 -15.398000 2.266000
v -1.047000 -11.918000 2.266000
v -0.547000 -15.606000 2.266000
v -0.547000 -11.923000 2.266000
v -0.047000 -15.693000 2.266000
v -0.047000 -11.956000 2.266000
v 0.453000 -15.686000 2.266000
v 0.453000 -12.167000 2.266000
v 0.953000 -15.651000 2.266000
v 0.953000 -12.431000 2.266000
v 1.453000 -15.720000 2.266000
v 1.453000 -12.537000 2.266000
v 1.953000 -15.995000 2.266000
v 1.953000 -12.498000 2.266000
v 2.453000 -16.312000 2.266000
v 2.453000 -12.486000 2.266000
v 2.953000 -16.335000 2.266000
v 2.953000 -12.677000 2.266000
v 3.453000 -16.281000 2.266000
v 3.453000 -13.264000 2.266000
v 3.953000 -16.451000 2.266000
v 3.953000 -14.300000 2.266000
v 4.453000 -16.832000 2.266000
v 4.453000 -14.499000 2.266000
v 4.953000 -17.327000 2.266000
v 4.953000 -14.505000 2.266000
v 5.453000 -17.554000 2.266000
v 5.453000 -14.516000 2.266000
v 5.953000 -17.563000 2.266000
v 5.953000 -14.543000 2.266000
v 6.453000 -17.361000 2.266000
v 6.453000 -14.736000 2.266000
v 6.953000 -16.712000 2.266000
v 6.953000 -15.174000 2.266000
v -4.547000 4.090000 6.266000
v -4.547000 5.372000 6.266000
v -4.047000 3.342000 6.266000
v -4.047000 5.954000 6.266000
v -3.547000 2.075000 6.266000
v -3.547000 6.431000 6.266000
v -3.047000 1.505000 6.266000
v -3.047000 6.610000 6.266000
v -2.547000 0.978000 6.266000
v -2.547000 6.596000 6.266000
v -2.047000 -15.851000 6.266000
v -2.047000 -12.149000 6.266000
v -2.047000 -3.315000 6.266000
v -2.047000 -2.254000 6.266000
v -2.047000 0.430000 6.266000
v -2.047000 6.383000 6.266000
v -1.547000 -16.458000 6.266000
v -1.547000 -11.610000 6.266000
v -1.547000 -4.042000 6.266000
v -1.547000 5.946000 6.266000
v -1.047000 -16.670000 6.266000
v -1.047000 -11.419000 6.266000
v -1.047000 -4.551000 6.266000
v -1.047000 5.559000 6.266000
v -0.547000 -16.741000 6.266000
v -0.547000 -11.360000 6.266000
v -0.547000 -4.734000 6.266000
v -0.547000 5.274000 6.266000
v -0.047000 -16.830000 6.266000
v -0.047000 -11.292000 6.266000
v -0.047000 -4.723000 6.266000
v -0.047000 4.670000 6.266000
v 0.453000 -16.765000 6.266000
v 0.453000 -11.266000 6.266000
v 0.453000 -4.514000 6.266000
v 0.453000 3.475000 6.266000
v 0.953000 -16.425000 6.266000
v 0.953000 -11.283000 6.266000
v 0.953000 -3.921000 6.266000
v 0.953000 2.983000 6.266000
v 1.453000 -13.387000 6.266000
v 1.453000 -11.584000 6.266000
v 1.453000 -1.528000 6.266000
v 1.453000 2.725000 6.266000
v 1.953000 -0.812000 6.266000
v 1.953000 2.037000 6.266000
v -5.547000 4.740000 10.266000
v -5.547000 5.621000 10.266000
v -5.047000 4.105000 10.266000
v -5.047000 6.256000 10.266000
v -4.547000 3.686000 10.266000
v -4.547000 6.466000 10.266000
v -4.047000 2.306000 10.266000
v -4.047000 6.762000 10.266000
v -3.547000 1.305000 10.266000
v -3.547000 6.980000 10.266000
v -3.047000 0.820000 10.266000
v -3.047000 6.987000 10.266000
v -2.547000 0.658000 10.266000
v -2.547000 6.961000 10.266000
v -2.047000 0.404000 10.266000
v -2.047000 6.754000 10.266000
v -1.547000 -1.184000 10.266000
v -1.547000 6.100000 10.266000
v -1.047000 -15.451000 10.266000
v -1.047000 -14.190000 10.266000
v -1.047000 -2.118000 10.266000
v -1.047000 5.411000 10.266000
v -0.547000 -16.012000 10.266000
v -0.547000 -13.269000 10.266000
v -0.547000 -2.525000 10.266000
v -0.547000 5.162000 10.266000
v -0.047000 -16.558000 10.266000
v -0.047000 -12.680000 10.266000
v -0.047000 -2.962000 10.266000
v -0.047000 4.997000 10.266000
v 0.453000 -17.099000 10.266000
v 0.453000 -12.177000 10.266000
v 0.453000 -3.141000 10.266000
v 0.453000 4.777000 10.266000
v 0.953000 -17.605000 10.266000
v 0.953000 -11.980000 10.266000
v 0.953000 -3.126000 10.266000
v 0.953000 4.365000 10.266000
v 1.453000 -18.524000 10.266000
v 1.453000 -11.892000 10.266000
v 1.453000 -3.064000 10.266000
v 1.453000 4.011000 10.266000
v 1.953000 -20.008000 10.266000
v 1.953000 -11.893000 10.266000
v 1.953000 -2.857000 10.266000
v 1.953000 3.742000 10.266000
v 2.453000 -20.521000 10.266000
v 2.453000 -11.930000 10.266000
v 2.453000 -2.487000 10.266000
v 2.453000 3.281000 10.266000
v 2.953000 -20.703000 10.266000
v 2.953000 -12.136000 10.266000
v 2.953000 1.472000 10.266000
v 2.953000 2.828000 10.266000
v 3.453000 -20.707000 10.266000
v 3.453000 -12.674000 10.266000
v 3.953000 -20.699000 10.266000
v 3.953000 -13.347000 10.266000
v 4.453000 -20.515000 10.266000
v 4.453000 -17.099000 10.266000
v 4.953000 -19.995000 10.266000
v 4.953000 -18.641000 10.266000
v -4.547000 0.508000 14.266000
v -4.547000 1.844000 14.266000
v -4.047000 0.084000 14.266000
v -4.047000 2.209000 14.266000
v -3.547000 -0.389000 14.266000
v -3.547000 2.459000 14.266000
v -3.047000 -0.612000 14.266000
v -3.047000 2.701000 14.266000
v -2.547000 -0.767000 14.266000
v -2.547000 2.957000 14.266000
v -2.047000 -0.874000 14.266000
v -2.047000 3.286000 14.266000
v -1.547000 -1.189000 14.266000
v -1.547000 3.536000 14.266000
v -1.047000 -15.929000 14.266000
v -1.047000 -14.613000 14.266000
v -1.047000 -5.483000 14.266000
v -1.047000 3.871000 14.266000
v -0.547000 -16.494000 14.266000
v -0.547000 -14.044000 14.266000
v -0.547000 -6.077000 14.266000
v -0.547000 4.100000 14.266000
v -0.047000 -17.008000 14.266000
v -0.047000 -13.082000 14.266000
v -0.047000 -6.314000 14.266000
v -0.047000 4.231000 14.266000
v 0.453000 -17.509000 14.266000
v 0.453000 -12.566000 14.266000
v 0.453000 -6.321000 14.266000
v 0.453000 4.422000 14.266000
v 0.953000 -18.033000 14.266000
v 0.953000 -12.379000 14.266000
v 0.953000 -6.283000 14.266000
v 0.953000 4.432000 14.266000
v 1.453000 -18.610000 14.266000
v 1.453000 -12.283000 14.266000
v 1.453000 -6.048000 14.266000
v 1.453000 4.230000 14.266000
v 1.953000 -18.936000 14.266000
v 1.953000 -12.274000 14.266000
v 1.953000 -5.501000 14.266000
v 1.953000 3.778000 14.266000
v 2.453000 -19.129000 14.266000
v 2.453000 -12.499000 14.266000
v 2.453000 -4.174000 14.266000
v 2.453000 3.045000 14.266000
v 2.953000 -19.116000 14.266000
v 2.953000 -13.101000 14.266000
v 2.953000 -3.555000 14.266000
v 2.953000 2.418000 14.266000
v 3.453000 -18.885000 14.266000
v 3.453000 -13.369000 14.266000
v 3.453000 -2.966000 14.266000
v 3.453000 1.786000 14.266000
v 3.953000 -18.387000 14.266000
v 3.953000 -13.717000 14.266000
v 3.953000 -2.200000 14.266000
v 3.953000 -1.427000 14.266000
v 4.453000 -17.788000 14.266000
v 4.453000 -14.651000 14.266000
v 4.953000 -17.459000 14.266000
v 4.953000 -15.127000 14.266000
v -7.047000 -5.372000 18.266000
v -7.047000 -3.569000 18.266000
v -6.547000 -5.889000 18.266000
v -6.547000 -3.162000 18.266000
v -6.047000 -6.121000 18.266000
v -6.047000 -2.751000 18.266000
v -5.547000 -6.136000 18.266000
v -5.547000 -1.815000 18.266000
v -5.047000 -5.950000 18.266000
v -5.047000 -0.342000 18.266000
v -4.547000 -5.755000 18.266000
v -4.547000 1.213000 18.266000
v -4.047000 -5.698000 18.266000
v -4.047000 1.496000 18.266000
v -3.547000 -5.701000 18.266000
v -3.547000 1.631000 18.266000
v -3.047000 -5.773000 18.266000
v -3.047000 1.710000 18.266000
v -2.547000 -6.015000 18.266000
v -2.547000 1.749000 18.266000
v -2.047000 -6.422000 18.266000
v -2.047000 1.670000 18.266000
v -1.547000 -6.719000 18.266000
v -1.547000 1.615000 18.266000
v -1.047000 -9.722000 18.266000
v -1.047000 -7.917000 18.266000
v -1.047000 -7.293000 18.266000
v -1.047000 1.592000 18.266000
v -0.547000 -10.441000 18.266000
v -0.547000 1.397000 18.266000
v -0.047000 -11.782000 18.266000
v -0.047000 0.996000 18.266000
v 0.453000 -12.431000 18.266000
v 0.453000 0.023000 18.266000
v 0.953000 -12.930000 18.266000
v 0.953000 -3.294000 18.266000
v 1.453000 -13.309000 18.266000
v 1.453000 -3.532000 18.266000
v 1.953000 -13.392000 18.266000
v 1.953000 -3.529000 18.266000
v 2.453000 -13.439000 18.266000
v 2.453000 -3.108000 18.266000
v 2.953000 -13.455000 18.266000
v 2.953000 -2.015000 18.266000
v 3.453000 -13.428000 18.266000
v 3.453000 -1.734000 18.266000
v 3.953000 -13.099000 18.266000
v 3.953000 -1.560000 18.266000
v 4.453000 -13.040000 18.266000
v 4.453000 -1.561000 18.266000
v 4.953000 -13.077000 18.266000
v 4.953000 -1.776000 18.266000
v 5.453000 -17.198000 18.266000
v 5.453000 -13.871000 18.266000
v 5.453000 -13.318000 18.266000
v 5.453000 -2.237000 18.266000
v 5.953000 -17.376000 18.266000
v 5.953000 -2.476000 18.266000
v 6.453000 -17.316000 18.266000
v 6.453000 -13.739000 18.266000
v 6.453000 -11.901000 18.266000
v 6.453000 -2.671000 18.266000
v 6.953000 -17.003000 18.266000
v 6.953000 -13.888000 18.266000
v 6.953000 -9.492000 18.266000
v 6.953000 -3.258000 18.266000
v 7.453000 -16.729000 18.266000
v 7.453000 -14.044000 18.266000
v 7.453000 -8.716000 18.266000
v 7.453000 -4.087000 18.266000
v 7.953000 -16.412000 18.266000
v 7.953000 -14.280000 18.266000
v 7.953000 -7.999000 18.266000
v 7.953000 -4.658000 18.266000
v 4.453000 -7.392000 22.266000
v 4.453000 -5.585000 22.266000
v 4.953000 -7.698000 22.266000
v 4.953000 -5.027000 22.266000
v 5.453000 -7.820000 22.266000
v 5.453000 -4.583000 22.266000
v 5.953000 -7.844000 22.266000
v 5.953000 -4.405000 22.266000
v 6.453000 -7.726000 22.266000
v 6.453000 -4.341000 22.266000
v 6.953000 -7.488000 22.266000
v 6.953000 -4.202000 22.266000
v 7.453000 -7.064000 22.266000
v 7.453000 -4.195000 22.266000
v 7.953000 -6.718000 22.266000
v 7.953000 -4.439000 22.266000
v 7.453000 -7.571000 26.266000
v 7.453000 -5.905000 26.266000
v 7.953000 -7.841000 26.266000
v 7.953000 -5.774000 26.266000
v 8.453000 -7.914000 26.266000
v 8.453000 -5.610000 26.266000
v 8.953000 -8.025000 26.266000
v 8.953000 -5.486000 26.266000
v 9.453000 -8.151000 26.266000
v 9.453000 -5.382000 26.266000
v 9.953000 -8.135000 26.266000
v 9.953000 -5.399000 26.266000
v 10.453000 -7.918000 26.266000
v 10.453000 -5.616000 26.266000
v 10.953000 -7.295000 26.266000
v 10.953000 -6.239000 26.266000
v 2.522000 -20.065000 7.766000
v 4.396000 -20.065000 7.766000
v 2.086000 -20.065000 8.266000
v 4.810000 -20.065000 8.266000
v 1.972000 -20.065000 8.766000
v 4.907000 -20.065000 8.766000
v 2.044000 -20.065000 9.266000
v 4.930000 -20.065000 9.266000
v 2.066000 -20.065000 9.766000
v 4.883000 -20.065000 9.766000
v 1.987000 -20.065000 10.266000
v 4.911000 -20.065000 10.266000
v 2.076000 -20.065000 10.766000
v 4.816000 -20.065000 10.766000
v 2.467000 -20.065000 11.266000
v 4.413000 -20.065000 11.266000
v 2.010000 -16.065000 0.266000
v 7.191000 -16.065000 0.266000
v 1.621000 -16.065000 0.766000
v 7.527000 -16.065000 0.766000
v 1.487000 -16.065000 1.266000
v 7.622000 -16.065000 1.266000
v 1.598000 -16.065000 1.766000
v 7.529000 -16.065000 1.766000
v 2.034000 -16.065000 2.266000
v 7.197000 -16.065000 2.266000
v 4.310000 -16.065000 2.766000
v 6.691000 -16.065000 2.766000
v -1.405000 -16.065000 4.266000
v -0.167000 -16.065000 4.266000
v -1.855000 -16.065000 4.766000
v 0.300000 -16.065000 4.766000
v -1.966000 -16.065000 5.266000
v 0.738000 -16.065000 5.266000
v -1.941000 -16.065000 5.766000
v 0.897000 -16.065000 5.766000
v -1.933000 -16.065000 6.266000
v 1.157000 -16.065000 6.266000
v -1.935000 -16.065000 6.766000
v 1.720000 -16.065000 6.766000
v -1.801000 -16.065000 7.266000
v 2.356000 -16.065000 7.266000
v -1.534000 -16.065000 7.766000
v 3.228000 -16.065000 7.766000
v -1.421000 -16.065000 8.266000
v 3.825000 -16.065000 8.266000
v -1.166000 -16.065000 8.766000
v 4.229000 -16.065000 8.766000
v -0.943000 -16.065000 9.266000
v 4.334000 -16.065000 9.266000
v -0.723000 -16.065000 9.766000
v 4.235000 -16.065000 9.766000
v -0.494000 -16.065000 10.266000
v 4.026000 -16.065000 10.266000
v -0.352000 -16.065000 10.766000
v 3.852000 -16.065000 10.766000
v -0.227000 -16.065000 11.266000
v 3.714000 -16.065000 11.266000
v -0.220000 -16.065000 11.766000
v 3.687000 -16.065000 11.766000
v -0.281000 -16.065000 12.266000
v 3.829000 -16.065000 12.266000
v -0.511000 -16.065000 12.766000
v 4.048000 -16.065000 12.766000
v -0.858000 -16.065000 13.266000
v 4.169000 -16.065000 13.266000
v -0.954000 -16.065000 13.766000
v 4.349000 -16.065000 13.766000
v -0.965000 -16.065000 14.266000
v 5.005000 -16.065000 14.266000
v -0.870000 -16.065000 14.766000
v 8.074000 -16.065000 14.766000
v -0.733000 -16.065000 15.266000
v 8.433000 -16.065000 15.266000
v -0.694000 -16.065000 15.766000
v 8.549000 -16.065000 15.766000
v -0.681000 -16.065000 16.266000
v 8.628000 -16.065000 16.266000
v -0.572000 -16.065000 16.766000
v 8.604000 -16.065000 16.766000
v -0.213000 -16.065000 17.266000
v 8.557000 -16.065000 17.266000
v 0.536000 -16.065000 17.766000
v 8.457000 -16.065000 17.766000
v 5.016000 -16.065000 18.266000
v 8.237000 -16.065000 18.266000
v 6.308000 -16.065000 18.766000
v 7.780000 -16.065000 18.766000
v 2.785000 -12.065000 -2.734000
v 4.256000 -12.065000 -2.734000
v 2.220000 -12.065000 -2.234000
v 4.459000 -12.065000 -2.234000
v 0.519000 -12.065000 -1.734000
v 4.323000 -12.065000 -1.734000
v -3.324000 -12.065000 -1.234000
v 4.092000 -12.065000 -1.234000
v -6.569000 -12.065000 -0.734000
v -4.991000 -12.065000 -0.734000
v -4.012000 -12.065000 -0.734000
v 3.926000 -12.065000 -0.734000
v -6.950000 -12.065000 -0.234000
v 3.790000 -12.065000 -0.234000
v -7.236000 -12.065000 0.266000
v 0.734000 -12.065000 0.266000
v 1.545000 -12.065000 0.266000
v 3.371000 -12.065000 0.266000
v -7.770000 -12.065000 0.766000
v 0.317000 -12.065000 0.766000
v -8.106000 -12.065000 1.266000
v 0.109000 -12.065000 1.266000
v -8.223000 -12.065000 1.766000
v -3.685000 -12.065000 1.766000
v -2.447000 -12.065000 1.766000
v 0.114000 -12.065000 1.766000
v -8.385000 -12.065000 2.266000
v -4.285000 -12.065000 2.266000
v -1.624000 -12.065000 2.266000
v 0.274000 -12.065000 2.266000
v -8.491000 -12.065000 2.766000
v -4.527000 -12.065000 2.766000
v -1.068000 -12.065000 2.766000
v 0.302000 -12.065000 2.766000
v -8.508000 -12.065000 3.266000
v -4.781000 -12.065000 3.266000
v -0.896000 -12.065000 3.266000
v 0.424000 -12.065000 3.266000
v -8.458000 -12.065000 3.766000
v -4.901000 -12.065000 3.766000
v -0.998000 -12.065000 3.766000
v 0.921000 -12.065000 3.766000
v -8.324000 -12.065000 4.266000
v -4.927000 -12.065000 4.266000
v -1.101000 -12.065000 4.266000
v 1.659000 -12.065000 4.266000
v -8.028000 -12.065000 4.766000
v -5.015000 -12.065000 4.766000
v -1.354000 -12.065000 4.766000
v 1.965000 -12.065000 4.766000
v -7.872000 -12.065000 5.266000
v -5.350000 -12.065000 5.266000
v -1.562000 -12.065000 5.266000
v 2.078000 -12.065000 5.266000
v -7.416000 -12.065000 5.766000
v -6.230000 -12.065000 5.766000
v -1.900000 -12.065000 5.766000
v 2.003000 -12.065000 5.766000
v -2.000000 -12.065000 6.266000
v 1.741000 -12.065000 6.266000
v -1.880000 -12.065000 6.766000
v 1.217000 -12.065000 6.766000
v -1.423000 -12.065000 7.266000
v 0.807000 -12.065000 7.266000
v -0.605000 -12.065000 7.766000
v 0.725000 -12.065000 7.766000
v -0.340000 -12.065000 8.266000
v 0.874000 -12.065000 8.266000
v -0.399000 -12.065000 8.766000
v 2.115000 -12.065000 8.766000
v -0.218000 -12.065000 9.266000
v 2.611000 -12.065000 9.266000
v 0.330000 -12.065000 9.766000
v 2.810000 -12.065000 9.766000
v 0.663000 -12.065000 10.266000
v 2.833000 -12.065000 10.266000
v 1.140000 -12.065000 10.766000
v 2.820000 -12.065000 10.766000
v 1.463000 -12.065000 11.266000
v 2.742000 -12.065000 11.266000
v 1.419000 -12.065000 14.766000
v 2.883000 -12.065000 14.766000
v 0.914000 -12.065000 15.266000
v 3.363000 -12.065000 15.266000
v 0.637000 -12.065000 15.766000
v 3.838000 -12.065000 15.766000
v 0.434000 -12.065000 16.266000
v 4.377000 -12.065000 16.266000
v 0.253000 -12.065000 16.766000
v 5.162000 -12.065000 16.766000
v 0.064000 -12.065000 17.266000
v 6.038000 -12.065000 17.266000
v -0.030000 -12.065000 17.766000
v 6.353000 -12.065000 17.766000
v 0.093000 -12.065000 18.266000
v 6.397000 -12.065000 18.266000
v 0.552000 -12.065000 18.766000
v 6.231000 -12.065000 18.766000
v 4.603000 -12.065000 19.266000
v 5.748000 -12.065000 19.266000
v 3.240000 -8.065000 15.266000
v 6.304000 -8.065000 15.266000
v 2.054000 -8.065000 15.766000
v 6.736000 -8.065000 15.766000
v 1.298000 -8.065000 16.266000
v 6.904000 -8.065000 16.266000
v 0.336000 -8.065000 16.766000
v 7.220000 -8.065000 16.766000
v -0.840000 -8.065000 17.266000
v 7.451000 -8.065000 17.266000
v -1.050000 -8.065000 17.766000
v 7.807000 -8.065000 17.766000
v -1.076000 -8.065000 18.266000
v 7.915000 -8.065000 18.266000
v -0.981000 -8.065000 18.766000
v 7.988000 -8.065000 18.766000
v -0.826000 -8.065000 19.266000
v 8.097000 -8.065000 19.266000
v -0.608000 -8.065000 19.766000
v 8.043000 -8.065000 19.766000
v -0.333000 -8.065000 20.266000
v 7.770000 -8.065000 20.266000
v 0.161000 -8.065000 20.766000
v 7.004000 -8.065000 20.766000
v 3.066000 -8.065000 21.266000
v 6.557000 -8.065000 21.266000
v 4.468000 -8.065000 21.766000
v 6.187000 -8.065000 21.766000
v 7.741000 -8.065000 24.766000
v 8.594000 -8.065000 24.766000
v 7.480000 -8.065000 25.266000
v 8.868000 -8.065000 25.266000
v 7.656000 -8.065000 25.766000
v 9.026000 -8.065000 25.766000
v 9.104000 -8.065000 26.266000
v 10.179000 -8.065000 26.266000
v 9.415000 -8.065000 26.766000
v 9.897000 -8.065000 26.766000
v -1.056000 -4.065000 5.266000
v 0.403000 -4.065000 5.266000
v -1.440000 -4.065000 5.766000
v 0.787000 -4.065000 5.766000
v -1.532000 -4.065000 6.266000
v 0.878000 -4.065000 6.266000
v -1.474000 -4.065000 6.766000
v 0.914000 -4.065000 6.766000
v -1.425000 -4.065000 7.266000
v 0.795000 -4.065000 7.266000
v -1.097000 -4.065000 7.766000
v 0.330000 -4.065000 7.766000
v 1.036000 -4.065000 12.266000
v 2.396000 -4.065000 12.266000
v 0.086000 -4.065000 12.766000
v 2.813000 -4.065000 12.766000
v -0.743000 -4.065000 13.266000
v 2.915000 -4.065000 13.266000
v -1.095000 -4.065000 13.766000
v 2.794000 -4.065000 13.766000
v -1.202000 -4.065000 14.266000
v 2.545000 -4.065000 14.266000
v -1.211000 -4.065000 14.766000
v 2.485000 -4.065000 14.766000
v -1.267000 -4.065000 15.266000
v 2.500000 -4.065000 15.266000
v -1.443000 -4.065000 15.766000
v 2.750000 -4.065000 15.766000
v -2.104000 -4.065000 16.266000
v 3.622000 -4.065000 16.266000
v 4.479000 -4.065000 16.266000
v 6.937000 -4.065000 16.266000
v -5.408000 -4.065000 16.766000
v 7.323000 -4.065000 16.766000
v -6.752000 -4.065000 17.266000
v 7.416000 -4.065000 17.266000
v -7.081000 -4.065000 17.766000
v 7.370000 -4.065000 17.766000
v -7.294000 -4.065000 18.266000
v 7.434000 -4.065000 18.266000
v -7.584000 -4.065000 18.766000
v 7.611000 -4.065000 18.766000
v -7.664000 -4.065000 19.266000
v 0.922000 -4.065000 19.266000
v 2.025000 -4.065000 19.266000
v 7.747000 -4.065000 19.266000
v -7.670000 -4.065000 19.766000
v 0.692000 -4.065000 19.766000
v 2.073000 -4.065000 19.766000
v 4.852000 -4.065000 19.766000
v 5.358000 -4.065000 19.766000
v 7.706000 -4.065000 19.766000
v -7.594000 -4.065000 20.266000
v 0.468000 -4.065000 20.266000
v 2.346000 -4.065000 20.266000
v 3.356000 -4.065000 20.266000
v 6.275000 -4.065000 20.266000
v 7.846000 -4.065000 20.266000
v -7.288000 -4.065000 20.766000
v 0.229000 -4.065000 20.766000
v 6.519000 -4.065000 20.766000
v 7.838000 -4.065000 20.766000
v -3.879000 -4.065000 21.266000
v -0.349000 -4.065000 21.266000
v 6.591000 -4.065000 21.266000
v 7.850000 -4.065000 21.266000
v 6.809000 -4.065000 21.766000
v 7.632000 -4.065000 21.766000
v 6.894000 -4.065000 23.266000
v 7.519000 -4.065000 23.266000
v 6.582000 -4.065000 23.766000
v 7.832000 -4.065000 23.766000
v 6.552000 -4.065000 24.266000
v 7.784000 -4.065000 24.266000
v 6.791000 -4.065000 24.766000
v 7.544000 -4.065000 24.766000
v -1.225000 -0.065000 5.266000
v 0.815000 -0.065000 5.266000
v -1.597000 -0.065000 5.766000
v 1.699000 -0.065000 5.766000
v -1.727000 -0.065000 6.266000
v 2.027000 -0.065000 6.266000
v -1.804000 -0.065000 6.766000
v 2.118000 -0.065000 6.766000
v -1.797000 -0.065000 7.266000
v 2.112000 -0.065000 7.266000
v -1.822000 -0.065000 7.766000
v 2.112000 -0.065000 7.766000
v -1.763000 -0.065000 8.266000
v 2.127000 -0.065000 8.266000
v -1.680000 -0.065000 8.766000
v 2.124000 -0.065000 8.766000
v -1.481000 -0.065000 9.266000
v 2.131000 -0.065000 9.266000
v -1.502000 -0.065000 9.766000
v 2.220000 -0.065000 9.766000
v -1.733000 -0.065000 10.266000
v 2.524000 -0.065000 10.266000
v -2.171000 -0.065000 10.766000
v 3.182000 -0.065000 10.766000
v -3.146000 -0.065000 11.266000
v 3.551000 -0.065000 11.266000
v -3.442000 -0.065000 11.766000
v 3.799000 -0.065000 11.766000
v -3.497000 -0.065000 12.266000
v 3.911000 -0.065000 12.266000
v -3.456000 -0.065000 12.766000
v 3.816000 -0.065000 12.766000
v -3.458000 -0.065000 13.266000
v 3.686000 -0.065000 13.266000
v -3.574000 -0.065000 13.766000
v 3.619000 -0.065000 13.766000
v -3.918000 -0.065000 14.266000
v 3.597000 -0.065000 14.266000
v -4.377000 -0.065000 14.766000
v 3.623000 -0.065000 14.766000
v -4.620000 -0.065000 15.266000
v 3.667000 -0.065000 15.266000
v -4.683000 -0.065000 15.766000
v 3.634000 -0.065000 15.766000
v -4.702000 -0.065000 16.266000
v 3.374000 -0.065000 16.266000
v -4.576000 -0.065000 16.766000
v 2.947000 -0.065000 16.766000
v -4.487000 -0.065000 17.266000
v 2.275000 -0.065000 17.266000
v -4.558000 -0.065000 17.766000
v 1.095000 -0.065000 17.766000
v -5.007000 -0.065000 18.266000
v 0.471000 -0.065000 18.266000
v -5.780000 -0.065000 18.766000
v 0.159000 -0.065000 18.766000
v -6.108000 -0.065000 19.266000
v -0.039000 -0.065000 19.266000
v -6.199000 -0.065000 19.766000
v -0.405000 -0.065000 19.766000
v -6.104000 -0.065000 20.266000
v -1.130000 -0.065000 20.266000
v -5.771000 -0.065000 20.766000
v -1.488000 -0.065000 20.766000
v -4.280000 -0.065000 21.266000
v -1.811000 -0.065000 21.266000
v -2.689000 3.935000 3.766000
v -0.820000 3.935000 3.766000
v -3.198000 3.935000 4.266000
v -0.395000 3.935000 4.266000
v -3.574000 3.935000 4.766000
v -0.063000 3.935000 4.766000
v -3.936000 3.935000 5.266000
v 0.055000 3.935000 5.266000
v -4.345000 3.935000 5.766000
v 0.152000 3.935000 5.766000
v -4.452000 3.935000 6.266000
v 0.253000 3.935000 6.266000
v -4.566000 3.935000 6.766000
v 0.354000 3.935000 6.766000
v -4.918000 3.935000 7.266000
v 0.432000 3.935000 7.266000
v -5.372000 3.935000 7.766000
v 0.256000 3.935000 7.766000
v -5.501000 3.935000 8.266000
v -0.099000 3.935000 8.266000
v -5.404000 3.935000 8.766000
v -0.022000 3.935000 8.766000
v -5.129000 3.935000 9.266000
v 0.582000 3.935000 9.266000
v -4.986000 3.935000 9.766000
v 0.969000 3.935000 9.766000
v -4.810000 3.935000 10.266000
v 1.610000 3.935000 10.266000
v -4.346000 3.935000 10.766000
v 2.040000 3.935000 10.766000
v -3.068000 3.935000 11.266000
v 2.346000 3.935000 11.266000
v -2.364000 3.935000 11.766000
v 2.404000 3.935000 11.766000
v -2.065000 3.935000 12.266000
v 2.380000 3.935000 12.266000
v -2.021000 3.935000 12.766000
v 2.424000 3.935000 12.766000
v -1.809000 3.935000 13.266000
v 2.404000 3.935000 13.266000
v -1.099000 3.935000 13.766000
v 2.275000 3.935000 13.766000
v -0.941000 3.935000 14.266000
v 1.817000 3.935000 14.266000
v -0.706000 3.935000 14.766000
v 1.259000 3.935000 14.766000
v 2.453000 -20.065000 7.814000
v 2.453000 -20.065000 11.255000
v 2.953000 -20.065000 7.580000
v 2.953000 -20.065000 11.504000
v 3.453000 -20.065000 7.573000
v 3.453000 -20.065000 11.501000
v 3.953000 -20.065000 7.583000
v 3.953000 -20.065000 11.463000
v 4.453000 -20.065000 7.807000
v 4.453000 -20.065000 11.236000
v -1.547000 -16.065000 4.368000
v -1.547000 -16.065000 7.735000
v -1.047000 -16.065000 4.113000
v -1.047000 -16.065000 8.914000
v -0.547000 -16.065000 4.081000
v -0.547000 -16.065000 10.105000
v -0.547000 -16.065000 12.815000
v -0.547000 -16.065000 16.822000
v -0.047000 -16.065000 4.366000
v -0.047000 -16.065000 17.400000
v 0.453000 -16.065000 4.902000
v 0.453000 -16.065000 17.723000
v 0.953000 -16.065000 5.915000
v 0.953000 -16.065000 17.930000
v 1.453000 -16.065000 6.560000
v 1.453000 -16.065000 17.943000
v 1.953000 -16.065000 0.301000
v 1.953000 -16.065000 2.205000
v 1.953000 -16.065000 6.958000
v 1.953000 -16.065000 17.906000
v 2.453000 -16.065000 0.106000
v 2.453000 -16.065000 2.466000
v 2.453000 -16.065000 7.314000
v 2.453000 -16.065000 17.878000
v 2.953000 -16.065000 0.060000
v 2.953000 -16.065000 2.486000
v 2.953000 -16.065000 7.544000
v 2.953000 -16.065000 17.882000
v 3.453000 -16.065000 0.087000
v 3.453000 -16.065000 2.433000
v 3.453000 -16.065000 7.981000
v 3.453000 -16.065000 17.991000
v 3.953000 -16.065000 0.240000
v 3.953000 -16.065000 2.557000
v 3.953000 -16.065000 8.375000
v 3.953000 -16.065000 10.450000
v 3.953000 -16.065000 12.532000
v 3.953000 -16.065000 18.162000
v 4.453000 -16.065000 0.251000
v 4.453000 -16.065000 2.867000
v 4.453000 -16.065000 13.915000
v 4.453000 -16.065000 18.181000
v 4.953000 -16.065000 0.058000
v 4.953000 -16.065000 3.067000
v 4.953000 -16.065000 14.249000
v 4.953000 -16.065000 18.246000
v 5.453000 -16.065000 -0.136000
v 5.453000 -16.065000 3.116000
v 5.453000 -16.065000 14.326000
v 5.453000 -16.065000 18.482000
v 5.953000 -16.065000 -0.124000
v 5.953000 -16.065000 3.128000
v 5.953000 -16.065000 14.344000
v 5.953000 -16.065000 18.676000
v 6.453000 -16.065000 -0.098000
v 6.453000 -16.065000 2.947000
v 6.453000 -16.065000 14.383000
v 6.453000 -16.065000 18.801000
v 6.953000 -16.065000 0.084000
v 6.953000 -16.065000 2.481000
v 6.953000 -16.065000 14.409000
v 6.953000 -16.065000 18.915000
v 7.453000 -16.065000 0.606000
v 7.453000 -16.065000 1.932000
v 7.453000 -16.065000 14.454000
v 7.453000 -16.065000 18.901000
v 7.953000 -16.065000 14.671000
v 7.953000 -16.065000 18.640000
v 8.453000 -16.065000 15.314000
v 8.453000 -16.065000 17.778000
v -8.047000 -12.065000 1.136000
v -8.047000 -12.065000 4.720000
v -7.547000 -12.065000 0.588000
v -7.547000 -12.065000 5.675000
v -7.047000 -12.065000 -0.028000
v -7.047000 -12.065000 5.906000
v -6.547000 -12.065000 -0.750000
v -6.547000 -12.065000 5.893000
v -6.047000 -12.065000 -0.966000
v -6.047000 -12.065000 5.678000
v -5.547000 -12.065000 -0.952000
v -5.547000 -12.065000 5.424000
v -5.047000 -12.065000 -0.754000
v -5.047000 -12.065000 4.842000
v -4.547000 -12.065000 -0.648000
v -4.547000 -12.065000 2.811000
v -4.047000 -12.065000 -0.720000
v -4.047000 -12.065000 1.994000
v -3.547000 -12.065000 -1.039000
v -3.547000 -12.065000 1.715000
v -3.047000 -12.065000 -1.451000
v -3.047000 -12.065000 1.647000
v -2.547000 -12.065000 -1.636000
v -2.547000 -12.065000 1.730000
v -2.047000 -12.065000 -1.631000
v -2.047000 -12.065000 1.983000
v -1.547000 -12.065000 -1.519000
v -1.547000 -12.065000 2.325000
v -1.547000 -12.065000 5.242000
v -1.547000 -12.065000 7.180000
v -1.047000 -12.065000 -1.408000
v -1.047000 -12.065000 2.788000
v -1.047000 -12.065000 4.088000
v -1.047000 -12.065000 7.477000
v -0.547000 -12.065000 -1.377000
v -0.547000 -12.065000 7.817000
v -0.047000 -12.065000 -1.430000
v -0.047000 -12.065000 9.393000
v 0.453000 -12.065000 -1.704000
v 0.453000 -12.065000 0.539000
v 0.453000 -12.065000 3.310000
v 0.453000 -12.065000 9.925000
v 0.453000 -12.065000 16.220000
v 0.453000 -12.065000 18.699000
v 0.953000 -12.065000 -1.805000
v 0.953000 -12.065000 0.181000
v 0.953000 -12.065000 3.788000
v 0.953000 -12.065000 7.059000
v 0.953000 -12.065000 8.490000
v 0.953000 -12.065000 10.494000
v 0.953000 -12.065000 15.218000
v 0.953000 -12.065000 18.927000
v 1.453000 -12.065000 -1.878000
v 1.453000 -12.065000 0.231000
v 1.453000 -12.065000 4.069000
v 1.453000 -12.065000 6.577000
v 1.453000 -12.065000 8.642000
v 1.453000 -12.065000 11.260000
v 1.453000 -12.065000 14.738000
v 1.453000 -12.065000 18.937000
v 1.953000 -12.065000 -2.028000
v 1.953000 -12.065000 0.452000
v 1.953000 -12.065000 4.737000
v 1.953000 -12.065000 5.891000
v 1.953000 -12.065000 8.671000
v 1.953000 -12.065000 11.735000
v 1.953000 -12.065000 14.529000
v 1.953000 -12.065000 18.977000
v 2.453000 -12.065000 -2.396000
v 2.453000 -12.065000 0.498000
v 2.453000 -12.065000 9.146000
v 2.453000 -12.065000 11.729000
v 2.453000 -12.065000 14.575000
v 2.453000 -12.065000 18.980000
v 2.953000 -12.065000 -2.824000
v 2.953000 -12.065000 0.455000
v 2.953000 -12.065000 14.819000
v 2.953000 -12.065000 18.963000
v 3.453000 -12.065000 -2.892000
v 3.453000 -12.065000 0.206000
v 3.453000 -12.065000 15.340000
v 3.453000 -12.065000 18.994000
v 3.953000 -12.065000 -2.919000
v 3.953000 -12.065000 -0.850000
v 3.953000 -12.065000 15.867000
v 3.953000 -12.065000 19.004000
v 4.453000 -12.065000 -2.334000
v 4.453000 -12.065000 -2.136000
v 4.453000 -12.065000 16.315000
v 4.453000 -12.065000 19.187000
v 4.953000 -12.065000 16.625000
v 4.953000 -12.065000 19.393000
v 5.453000 -12.065000 16.907000
v 5.453000 -12.065000 19.382000
v 5.953000 -12.065000 17.193000
v 5.953000 -12.065000 19.121000
v -1.047000 -8.065000 17.753000
v -1.047000 -8.065000 18.443000
v -0.547000 -8.065000 16.989000
v -0.547000 -8.065000 19.909000
v -0.047000 -8.065000 16.810000
v -0.047000 -8.065000 20.581000
v 0.453000 -8.065000 16.739000
v 0.453000 -8.065000 21.008000
v 0.953000 -8.065000 16.520000
v 0.953000 -8.065000 21.179000
v 1.453000 -8.065000 16.149000
v 1.453000 -8.065000 21.175000
v 1.953000 -8.065000 15.835000
v 1.953000 -8.065000 21.174000
v 2.453000 -8.065000 15.603000
v 2.453000 -8.065000 21.168000
v 2.953000 -8.065000 15.436000
v 2.953000 -8.065000 21.231000
v 3.453000 -8.065000 15.111000
v 3.453000 -8.065000 21.408000
v 3.953000 -8.065000 14.903000
v 3.953000 -8.065000 21.514000
v 4.453000 -8.065000 14.876000
v 4.453000 -8.065000 21.755000
v 4.953000 -8.065000 14.871000
v 4.953000 -8.065000 21.973000
v 5.453000 -8.065000 15.011000
v 5.453000 -8.065000 22.003000
v 5.953000 -8.065000 15.113000
v 5.953000 -8.065000 21.912000
v 6.453000 -8.065000 15.380000
v 6.453000 -8.065000 21.454000
v 6.953000 -8.065000 16.362000
v 6.953000 -8.065000 20.803000
v 7.453000 -8.065000 17.268000
v 7.453000 -8.065000 20.511000
v 7.953000 -8.065000 18.603000
v 7.953000 -8.065000 20.003000
v 7.953000 -8.065000 24.652000
v 7.953000 -8.065000 25.959000
v 8.453000 -8.065000 24.680000
v 8.453000 -8.065000 25.961000
v 8.953000 -8.065000 25.575000
v 8.953000 -8.065000 25.932000
v 9.453000 -8.065000 25.799000
v 9.453000 -8.065000 26.783000
v 9.953000 -8.065000 25.869000
v 9.953000 -8.065000 26.733000
v -7.547000 -4.065000 18.675000
v -7.547000 -4.065000 20.383000
v -7.047000 -4.065000 17.685000
v -7.047000 -4.065000 20.965000
v -6.547000 -4.065000 17.104000
v -6.547000 -4.065000 21.165000
v -6.047000 -4.065000 16.905000
v -6.047000 -4.065000 21.191000
v -5.547000 -4.065000 16.813000
v -5.547000 -4.065000 21.218000
v -5.047000 -4.065000 16.585000
v -5.047000 -4.065000 21.209000
v -4.547000 -4.065000 16.390000
v -4.547000 -4.065000 21.157000
v -4.047000 -4.065000 16.364000
v -4.047000 -4.065000 21.209000
v -3.547000 -4.065000 16.341000
v -3.547000 -4.065000 21.440000
v -3.047000 -4.065000 16.356000
v -3.047000 -4.065000 21.620000
v -2.547000 -4.065000 16.336000
v -2.547000 -4.065000 21.638000
v -2.047000 -4.065000 16.246000
v -2.047000 -4.065000 21.653000
v -1.547000 -4.065000 15.917000
v -1.547000 -4.065000 21.640000
v -1.047000 -4.065000 5.260000
v -1.047000 -4.065000 7.793000
v -1.047000 -4.065000 13.665000
v -1.047000 -4.065000 21.609000
v -0.547000 -4.065000 5.041000
v -0.547000 -4.065000 7.937000
v -0.547000 -4.065000 13.099000
v -0.547000 -4.065000 21.401000
v -0.047000 -4.065000 5.053000
v -0.047000 -4.065000 7.938000
v -0.047000 -4.065000 12.838000
v -0.047000 -4.065000 21.032000
v 0.453000 -4.065000 5.306000
v 0.453000 -4.065000 7.683000
v 0.453000 -4.065000 12.605000
v 0.453000 -4.065000 20.350000
v 0.953000 -4.065000 12.319000
v 0.953000 -4.065000 19.230000
v 1.453000 -4.065000 12.048000
v 1.453000 -4.065000 18.980000
v 1.953000 -4.065000 12.052000
v 1.953000 -4.065000 19.164000
v 2.453000 -4.065000 12.307000
v 2.453000 -4.065000 20.332000
v 2.953000 -4.065000 15.969000
v 2.953000 -4.065000 20.365000
v 3.453000 -4.065000 16.231000
v 3.453000 -4.065000 20.240000
v 3.953000 -4.065000 16.295000
v 3.953000 -4.065000 20.020000
v 4.453000 -4.065000 16.272000
v 4.453000 -4.065000 19.833000
v 4.953000 -4.065000 16.066000
v 4.953000 -4.065000 19.755000
v 5.453000 -4.065000 15.891000
v 5.453000 -4.065000 19.790000
v 5.953000 -4.065000 15.884000
v 5.953000 -4.065000 20.024000
v 6.453000 -4.065000 16.006000
v 6.453000 -4.065000 20.516000
v 6.953000 -4.065000 16.278000
v 6.953000 -4.065000 21.859000
v 6.953000 -4.065000 23.236000
v 6.953000 -4.065000 24.856000
v 7.453000 -4.065000 18.329000
v 7.453000 -4.065000 21.875000
v 7.453000 -4.065000 23.232000
v 7.453000 -4.065000 24.825000
v -6.047000 -0.065000 19.129000
v -6.047000 -0.065000 20.392000
v -5.547000 -0.065000 18.584000
v -5.547000 -0.065000 20.942000
v -5.047000 -0.065000 18.293000
v -5.047000 -0.065000 21.138000
v -4.547000 -0.065000 15.044000
v -4.547000 -0.065000 16.894000
v -4.547000 -0.065000 17.738000
v -4.547000 -0.065000 21.190000
v -4.047000 -0.065000 14.384000
v -4.047000 -0.065000 21.373000
v -3.547000 -0.065000 13.703000
v -3.547000 -0.065000 21.583000
v -3.047000 -0.065000 11.191000
v -3.047000 -0.065000 21.660000
v -2.547000 -0.065000 10.965000
v -2.547000 -0.065000 21.656000
v -2.047000 -0.065000 10.662000
v -2.047000 -0.065000 21.458000
v -1.547000 -0.065000 5.666000
v -1.547000 -0.065000 9.040000
v -1.547000 -0.065000 9.901000
v -1.547000 -0.065000 20.895000
v -1.047000 -0.065000 5.133000
v -1.047000 -0.065000 20.192000
v -0.547000 -0.065000 4.942000
v -0.547000 -0.065000 19.874000
v -0.047000 -0.065000 4.945000
v -0.047000 -0.065000 19.285000
v 0.453000 -0.065000 5.092000
v 0.453000 -0.065000 18.291000
v 0.953000 -0.065000 5.322000
v 0.953000 -0.065000 17.837000
v 1.453000 -0.065000 5.574000
v 1.453000 -0.065000 17.654000
v 1.953000 -0.065000 6.103000
v 1.953000 -0.065000 17.464000
v 2.453000 -0.065000 10.187000
v 2.453000 -0.065000 17.126000
v 2.953000 -0.065000 10.593000
v 2.953000 -0.065000 16.762000
v 3.453000 -0.065000 11.110000
v 3.453000 -0.065000 16.155000
v -5.047000 3.935000 7.378000
v -5.047000 3.935000 9.457000
v -4.547000 3.935000 6.723000
v -4.547000 3.935000 10.588000
v -4.047000 3.935000 5.374000
v -4.047000 3.935000 10.962000
v -3.547000 3.935000 4.721000
v -3.547000 3.935000 11.118000
v -3.047000 3.935000 4.134000
v -3.047000 3.935000 11.276000
v -2.547000 3.935000 3.652000
v -2.547000 3.935000 11.596000
v -2.047000 3.935000 3.434000
v -2.047000 3.935000 12.339000
v -1.547000 3.935000 3.419000
v -1.547000 3.935000 13.432000
v -1.047000 3.935000 3.597000
v -1.047000 3.935000 13.840000
v -0.547000 3.935000 4.082000
v -0.547000 3.935000 14.869000
v -0.047000 3.935000 4.807000
v -0.047000 3.935000 8.120000
v -0.047000 3.935000 8.714000
v -0.047000 3.935000 14.904000
v 0.453000 3.935000 9.194000
v 0.453000 3.935000 14.883000
v 0.953000 3.935000 9.741000
v 0.953000 3.935000 14.872000
v 1.453000 3.935000 10.147000
v 1.453000 3.935000 14.641000
v 1.953000 3.935000 10.689000
v 1.953000 3.935000 14.159000
v -3.047000 -13.047000 -1.234000
v -3.047000 -11.217000 -1.234000
v -2.547000 -13.566000 -1.234000
v -2.547000 -10.881000 -1.234000
v -2.047000 -13.828000 -1.234000
v -2.047000 -10.864000 -1.234000
v -1.547000 -13.828000 -1.234000
v -1.547000 -11.145000 -1.234000
v -1.047000 -13.897000 -1.234000
v -1.047000 -11.733000 -1.234000
v -0.547000 -14.148000 -1.234000
v -0.547000 -11.915000 -1.234000
v -0.047000 -14.525000 -1.234000
v -0.047000 -11.961000 -1.234000
v 0.453000 -14.740000 -1.234000
v 0.453000 -11.961000 -1.234000
v 0.953000 -15.010000 -1.234000
v 0.953000 -11.910000 -1.234000
v 1.453000 -15.233000 -1.234000
v 1.453000 -11.725000 -1.234000
v 1.953000 -15.347000 -1.234000
v 1.953000 -11.514000 -1.234000
v 2.453000 -15.348000 -1.234000
v 2.453000 -11.508000 -1.234000
v 2.953000 -15.321000 -1.234000
v 2.953000 -11.564000 -1.234000
v 3.453000 -15.269000 -1.234000
v 3.453000 -11.749000 -1.234000
v 3.953000 -15.232000 -1.234000
v 3.953000 -11.996000 -1.234000
v 4.453000 -15.223000 -1.234000
v 4.453000 -12.246000 -1.234000
v 4.953000 -15.211000 -1.234000
v 4.953000 -12.427000 -1.234000
v 5.453000 -15.043000 -1.234000
v 5.453000 -12.617000 -1.234000
v 5.953000 -14.504000 -1.234000
v 5.953000 -13.140000 -1.234000
v -8.547000 -11.968000 2.766000
v -8.547000 -10.654000 2.766000
v -8.047000 -12.502000 2.766000
v -8.047000 -10.119000 2.766000
v -7.547000 -12.823000 2.766000
v -7.547000 -9.757000 2.766000
v -7.047000 -13.069000 2.766000
v -7.047000 -9.537000 2.766000
v -6.547000 -13.361000 2.766000
v -6.547000 -9.439000 2.766000
v -6.047000 -13.557000 2.766000
v -6.047000 -9.457000 2.766000
v -5.547000 -13.544000 2.766000
v -5.547000 -9.674000 2.766000
v -5.047000 -13.314000 2.766000
v -5.047000 -10.213000 2.766000
v -4.547000 -12.601000 2.766000
v -4.547000 -11.002000 2.766000
v -2.047000 -14.267000 2.766000
v -2.047000 -12.915000 2.766000
v -1.547000 -14.973000 2.766000
v -1.547000 -12.279000 2.766000
v -1.047000 -15.493000 2.766000
v -1.047000 -12.059000 2.766000
v -0.547000 -15.687000 2.766000
v -0.547000 -11.949000 2.766000
v -0.047000 -15.686000 2.766000
v -0.047000 -11.951000 2.766000
v 0.453000 -15.591000 2.766000
v 0.453000 -12.148000 2.766000
v 0.953000 -15.416000 2.766000
v 0.953000 -12.494000 2.766000
v 1.453000 -15.169000 2.766000
v 1.453000 -12.651000 2.766000
v 1.953000 -14.906000 2.766000
v 1.953000 -12.665000 2.766000
v 2.453000 -14.993000 2.766000
v 2.453000 -12.759000 2.766000
v 2.953000 -14.670000 2.766000
v 2.953000 -13.057000 2.766000
v 4.453000 -16.332000 2.766000
v 4.453000 -15.179000 2.766000
v 4.953000 -16.834000 2.766000
v 4.953000 -14.886000 2.766000
v 5.453000 -17.195000 2.766000
v 5.453000 -14.871000 2.766000
v 5.953000 -17.208000 2.766000
v 5.953000 -14.879000 2.766000
v 6.453000 -16.896000 2.766000
v 6.453000 -15.163000 2.766000
v -4.547000 3.913000 6.766000
v -4.547000 5.503000 6.766000
v -4.047000 2.386000 6.766000
v -4.047000 5.942000 6.766000
v -3.547000 1.660000 6.766000
v -3.547000 6.335000 6.766000
v -3.047000 1.386000 6.766000
v -3.047000 6.527000 6.766000
v -2.547000 1.013000 6.766000
v -2.547000 6.512000 6.766000
v -2.047000 -15.865000 6.766000
v -2.047000 -12.411000 6.766000
v -2.047000 -3.490000 6.766000
v -2.047000 -1.609000 6.766000
v -2.047000 0.428000 6.766000
v -2.047000 6.283000 6.766000
v -1.547000 -16.450000 6.766000
v -1.547000 -11.730000 6.766000
v -1.547000 -4.005000 6.766000
v -1.547000 5.862000 6.766000
v -1.047000 -16.666000 6.766000
v -1.047000 -11.521000 6.766000
v -1.047000 -4.456000 6.766000
v -1.047000 5.451000 6.766000
v -0.547000 -16.898000 6.766000
v -0.547000 -11.471000 6.766000
v -0.547000 -4.666000 6.766000
v -0.547000 5.020000 6.766000
v -0.047000 -17.085000 6.766000
v -0.047000 -11.480000 6.766000
v -0.047000 -4.679000 6.766000
v -0.047000 4.362000 6.766000
v 0.453000 -17.088000 6.766000
v 0.453000 -11.648000 6.766000
v 0.453000 -4.503000 6.766000
v 0.453000 3.835000 6.766000
v 0.953000 -17.037000 6.766000
v 0.953000 -11.851000 6.766000
v 0.953000 -4.002000 6.766000
v 0.953000 3.269000 6.766000
v 1.453000 -16.856000 6.766000
v 1.453000 -14.974000 6.766000
v 1.453000 -13.644000 6.766000
v 1.453000 -12.327000 6.766000
v 1.453000 -1.881000 6.766000
v 1.453000 2.905000 6.766000
v 1.953000 -1.102000 6.766000
v 1.953000 2.298000 6.766000
v -5.047000 4.578000 10.766000
v -5.047000 5.783000 10.766000
v -4.547000 4.175000 10.766000
v -4.547000 6.089000 10.766000
v -4.047000 3.502000 10.766000
v -4.047000 6.319000 10.766000
v -3.547000 0.614000 10.766000
v -3.547000 6.633000 10.766000
v -3.047000 0.293000 10.766000
v -3.047000 6.643000 10.766000
v -2.547000 0.173000 10.766000
v -2.547000 6.608000 10.766000
v -2.047000 -0.240000 10.766000
v -2.047000 6.293000 10.766000
v -1.547000 -1.996000 10.766000
v -1.547000 5.565000 10.766000
v -1.047000 -2.368000 10.766000
v -1.047000 5.245000 10.766000
v -0.547000 -15.690000 10.766000
v -0.547000 -14.625000 10.766000
v -0.547000 -2.670000 10.766000
v -0.547000 5.134000 10.766000
v -0.047000 -16.529000 10.766000
v -0.047000 -13.208000 10.766000
v -0.047000 -3.041000 10.766000
v -0.047000 5.082000 10.766000
v 0.453000 -17.057000 10.766000
v 0.453000 -12.539000 10.766000
v 0.453000 -3.219000 10.766000
v 0.453000 5.004000 10.766000
v 0.953000 -17.540000 10.766000
v 0.953000 -12.154000 10.766000
v 0.953000 -3.223000 10.766000
v 0.953000 4.809000 10.766000
v 1.453000 -18.457000 10.766000
v 1.453000 -11.966000 10.766000
v 1.453000 -3.182000 10.766000
v 1.453000 4.388000 10.766000
v 1.953000 -19.838000 10.766000
v 1.953000 -11.918000 10.766000
v 1.953000 -3.069000 10.766000
v 1.953000 3.981000 10.766000
v 2.453000 -20.433000 10.766000
v 2.453000 -11.933000 10.766000
v 2.453000 -2.876000 10.766000
v 2.453000 3.705000 10.766000
v 2.953000 -20.627000 10.766000
v 2.953000 -12.144000 10.766000
v 2.953000 -2.281000 10.766000
v 2.953000 3.253000 10.766000
v 3.453000 -20.629000 10.766000
v 3.453000 -12.642000 10.766000
v 3.453000 1.018000 10.766000
v 3.453000 2.577000 10.766000
v 3.953000 -20.619000 10.766000
v 3.953000 -16.388000 10.766000
v 3.953000 -15.126000 10.766000
v 3.953000 -13.177000 10.766000
v 4.453000 -20.421000 10.766000
v 4.453000 -17.218000 10.766000
v 4.953000 -19.810000 10.766000
v 4.953000 -18.826000 10.766000
v -5.047000 0.801000 14.766000
v -5.047000 1.551000 14.766000
v -4.547000 0.093000 14.766000
v -4.547000 2.252000 14.766000
v -4.047000 -0.461000 14.766000
v -4.047000 2.470000 14.766000
v -3.547000 -0.805000 14.766000
v -3.547000 2.542000 14.766000
v -3.047000 -0.873000 14.766000
v -3.047000 2.601000 14.766000
v -2.547000 -0.952000 14.766000
v -2.547000 2.704000 14.766000
v -2.047000 -1.027000 14.766000
v -2.047000 2.981000 14.766000
v -1.547000 -1.428000 14.766000
v -1.547000 3.361000 14.766000
v -1.047000 -15.740000 14.766000
v -1.047000 -14.802000 14.766000
v -1.047000 -5.756000 14.766000
v -1.047000 3.750000 14.766000
v -0.547000 -16.477000 14.766000
v -0.547000 -14.161000 14.766000
v -0.547000 -6.419000 14.766000
v -0.547000 3.981000 14.766000
v -0.047000 -17.058000 14.766000
v -0.047000 -13.268000 14.766000
v -0.047000 -6.624000 14.766000
v -0.047000 4.015000 14.766000
v 0.453000 -17.583000 14.766000
v 0.453000 -12.621000 14.766000
v 0.453000 -6.627000 14.766000
v 0.453000 4.063000 14.766000
v 0.953000 -18.267000 14.766000
v 0.953000 -12.288000 14.766000
v 0.953000 -6.577000 14.766000
v 0.953000 4.072000 14.766000
v 1.453000 -18.919000 14.766000
v 1.453000 -12.048000 14.766000
v 1.453000 -6.398000 14.766000
v 1.453000 3.758000 14.766000
v 1.953000 -19.133000 14.766000
v 1.953000 -11.833000 14.766000
v 1.953000 -5.719000 14.766000
v 1.953000 3.127000 14.766000
v 2.453000 -19.219000 14.766000
v 2.453000 -11.833000 14.766000
v 2.453000 -4.100000 14.766000
v 2.453000 2.806000 14.766000
v 2.953000 -19.206000 14.766000
v 2.953000 -12.135000 14.766000
v 2.953000 -3.563000 14.766000
v 2.953000 2.419000 14.766000
v 3.453000 -19.093000 14.766000
v 3.453000 -12.822000 14.766000
v 3.453000 -3.046000 14.766000
v 3.453000 1.914000 14.766000
v 3.953000 -18.860000 14.766000
v 3.953000 -13.166000 14.766000
v 3.953000 -2.595000 14.766000
v 3.953000 -0.920000 14.766000
v 4.453000 -18.496000 14.766000
v 4.453000 -13.703000 14.766000
v 4.953000 -18.347000 14.766000
v 4.953000 -14.202000 14.766000
v 5.453000 -18.302000 14.766000
v 5.453000 -14.387000 14.766000
v 5.953000 -17.970000 14.766000
v 5.953000 -14.385000 14.766000
v 6.453000 -17.504000 14.766000
v 6.453000 -14.328000 14.766000
v 6.953000 -16.889000 14.766000
v 6.953000 -14.329000 14.766000
v 7.453000 -16.695000 14.766000
v 7.453000 -14.385000 14.766000
v 7.953000 -16.321000 14.766000
v 7.953000 -14.750000 14.766000
v -7.547000 -5.102000 18.766000
v -7.547000 -3.924000 18.766000
v -7.047000 -5.824000 18.766000
v -7.047000 -3.243000 18.766000
v -6.547000 -6.077000 18.766000
v -6.547000 -2.990000 18.766000
v -6.047000 -6.299000 18.766000
v -6.047000 -2.567000 18.766000
v -5.547000 -6.300000 18.766000
v -5.547000 0.760000 18.766000
v -5.047000 -6.099000 18.766000
v -5.047000 1.150000 18.766000
v -4.547000 -5.890000 18.766000
v -4.547000 1.317000 18.766000
v -4.047000 -5.771000 18.766000
v -4.047000 1.427000 18.766000
v -3.547000 -5.741000 18.766000
v -3.547000 1.475000 18.766000
v -3.047000 -5.724000 18.766000
v -3.047000 1.553000 18.766000
v -2.547000 -5.855000 18.766000
v -2.547000 1.606000 18.766000
v -2.047000 -6.103000 18.766000
v -2.047000 1.606000 18.766000
v -1.547000 -6.351000 18.766000
v -1.547000 1.587000 18.766000
v -1.047000 -9.935000 18.766000
v -1.047000 -8.272000 18.766000
v -1.047000 -6.601000 18.766000
v -1.047000 1.522000 18.766000
v -0.547000 -10.488000 18.766000
v -0.547000 1.317000 18.766000
v -0.047000 -11.200000 18.766000
v -0.047000 0.770000 18.766000
v 0.453000 -11.969000 18.766000
v 0.453000 -3.392000 18.766000
v 0.953000 -12.272000 18.766000
v 0.953000 -3.851000 18.766000
v 1.453000 -12.303000 18.766000
v 1.453000 -3.959000 18.766000
v 1.953000 -12.370000 18.766000
v 1.953000 -3.924000 18.766000
v 2.453000 -12.370000 18.766000
v 2.453000 -3.698000 18.766000
v 2.953000 -12.349000 18.766000
v 2.953000 -3.181000 18.766000
v 3.453000 -12.356000 18.766000
v 3.453000 -2.224000 18.766000
v 3.953000 -12.313000 18.766000
v 3.953000 -1.903000 18.766000
v 4.453000 -12.463000 18.766000
v 4.453000 -1.905000 18.766000
v 4.953000 -12.607000 18.766000
v 4.953000 -2.229000 18.766000
v 5.453000 -12.659000 18.766000
v 5.453000 -2.695000 18.766000
v 5.953000 -12.393000 18.766000
v 5.953000 -2.814000 18.766000
v 6.453000 -16.201000 18.766000
v 6.453000 -14.601000 18.766000
v 6.453000 -11.531000 18.766000
v 6.453000 -3.085000 18.766000
v 6.953000 -16.285000 18.766000
v 6.953000 -14.382000 18.766000
v 6.953000 -9.944000 18.766000
v 6.953000 -3.568000 18.766000
v 7.453000 -16.241000 18.766000
v 7.453000 -14.400000 18.766000
v 7.453000 -9.123000 18.766000
v 7.453000 -3.961000 18.766000
v 7.953000 -15.881000 18.766000
v 7.953000 -14.759000 18.766000
v 7.953000 -8.170000 18.766000
v 7.953000 -4.278000 18.766000
v 8.453000 -7.233000 18.766000
v 8.453000 -4.963000 18.766000
v 4.953000 -7.018000 22.766000
v 4.953000 -5.059000 22.766000
v 5.453000 -7.433000 22.766000
v 5.453000 -4.568000 22.766000
v 5.953000 -7.617000 22.766000
v 5.953000 -4.394000 22.766000
v 6.453000 -7.612000 22.766000
v 6.453000 -4.351000 22.766000
v 6.953000 -7.416000 22.766000
v 6.953000 -4.213000 22.766000
v 7.453000 -7.043000 22.766000
v 7.453000 -4.209000 22.766000
v 7.953000 -6.640000 22.766000
v 7.953000 -4.459000 22.766000
v 8.453000 -7.505000 26.766000
v 8.453000 -6.083000 26.766000
v 8.953000 -7.884000 26.766000
v 8.953000 -5.649000 26.766000
v 9.453000 -8.071000 26.766000
v 9.453000 -5.462000 26.766000
v 9.953000 -8.054000 26.766000
v 9.953000 -5.480000 26.766000
v 10.453000 -7.820000 26.766000
v 10.453000 -5.713000 26.766000
v 10.953000 -7.019000 26.766000
v 10.953000 -6.515000 26.766000
v 2.548000 -19.565000 7.266000
v 3.797000 -19.565000 7.266000
v 2.101000 -19.565000 7.766000
v 4.713000 -19.565000 7.766000
v 1.891000 -19.565000 8.266000
v 5.029000 -19.565000 8.266000
v 1.794000 -19.565000 8.766000
v 5.111000 -19.565000 8.766000
v 1.833000 -19.565000 9.266000
v 5.116000 -19.565000 9.266000
v 1.857000 -19.565000 9.766000
v 5.069000 -19.565000 9.766000
v 1.794000 -19.565000 10.266000
v 5.105000 -19.565000 10.266000
v 1.869000 -19.565000 10.766000
v 5.024000 -19.565000 10.766000
v 2.047000 -19.565000 11.266000
v 4.710000 -19.565000 11.266000
v 2.446000 -19.565000 11.766000
v 3.876000 -19.565000 11.766000
v 1.745000 -15.565000 -0.734000
v 3.154000 -15.565000 -0.734000
v 1.482000 -15.565000 -0.234000
v 3.792000 -15.565000 -0.234000
v 4.792000 -15.565000 -0.234000
v 6.123000 -15.565000 -0.234000
v 1.207000 -15.565000 0.266000
v 7.171000 -15.565000 0.266000
v 1.037000 -15.565000 0.766000
v 7.512000 -15.565000 0.766000
v 0.796000 -15.565000 1.266000
v 7.608000 -15.565000 1.266000
v -0.189000 -15.565000 1.766000
v 7.515000 -15.565000 1.766000
v -0.708000 -15.565000 2.266000
v 7.177000 -15.565000 2.266000
v -0.919000 -15.565000 2.766000
v 0.553000 -15.565000 2.766000
v 4.238000 -15.565000 2.766000
v 6.681000 -15.565000 2.766000
v -0.967000 -15.565000 3.266000
v 0.146000 -15.565000 3.266000
v -1.279000 -15.565000 3.766000
v 0.138000 -15.565000 3.766000
v -1.744000 -15.565000 4.266000
v 0.293000 -15.565000 4.266000
v -2.079000 -15.565000 4.766000
v 0.646000 -15.565000 4.766000
v -2.172000 -15.565000 5.266000
v 0.961000 -15.565000 5.266000
v -2.159000 -15.565000 5.766000
v 1.084000 -15.565000 5.766000
v -2.135000 -15.565000 6.266000
v 1.278000 -15.565000 6.266000
v -2.145000 -15.565000 6.766000
v 1.709000 -15.565000 6.766000
v -2.054000 -15.565000 7.266000
v 2.282000 -15.565000 7.266000
v -1.995000 -15.565000 7.766000
v 3.210000 -15.565000 7.766000
v -1.975000 -15.565000 8.266000
v 3.668000 -15.565000 8.266000
v -1.859000 -15.565000 8.766000
v 4.038000 -15.565000 8.766000
v -1.550000 -15.565000 9.266000
v 4.143000 -15.565000 9.266000
v -1.376000 -15.565000 9.766000
v 4.082000 -15.565000 9.766000
v -0.957000 -15.565000 10.266000
v 3.980000 -15.565000 10.266000
v -0.590000 -15.565000 10.766000
v 3.834000 -15.565000 10.766000
v -0.359000 -15.565000 11.266000
v 3.733000 -15.565000 11.266000
v -0.273000 -15.565000 11.766000
v 3.706000 -15.565000 11.766000
v -0.386000 -15.565000 12.266000
v 3.844000 -15.565000 12.266000
v -0.736000 -15.565000 12.766000
v 4.045000 -15.565000 12.766000
v -1.050000 -15.565000 13.266000
v 4.168000 -15.565000 13.266000
v -1.134000 -15.565000 13.766000
v 4.343000 -15.565000 13.766000
v -1.181000 -15.565000 14.266000
v 5.008000 -15.565000 14.266000
v -1.101000 -15.565000 14.766000
v 8.101000 -15.565000 14.766000
v -0.854000 -15.565000 15.266000
v 8.455000 -15.565000 15.266000
v -0.710000 -15.565000 15.766000
v 8.565000 -15.565000 15.766000
v -0.616000 -15.565000 16.266000
v 8.624000 -15.565000 16.266000
v -0.373000 -15.565000 16.766000
v 8.634000 -15.565000 16.766000
v -0.110000 -15.565000 17.266000
v 8.595000 -15.565000 17.266000
v 0.269000 -15.565000 17.766000
v 8.549000 -15.565000 17.766000
v 5.111000 -15.565000 18.266000
v 8.448000 -15.565000 18.266000
v 6.186000 -15.565000 18.766000
v 8.101000 -15.565000 18.766000
v -3.228000 -11.565000 -1.234000
v -1.238000 -11.565000 -1.234000
v 1.773000 -11.565000 -1.234000
v 2.958000 -11.565000 -1.234000
v -6.830000 -11.565000 -0.734000
v -4.542000 -11.565000 -0.734000
v -3.981000 -11.565000 -0.734000
v -0.477000 -11.565000 -0.734000
v 1.586000 -11.565000 -0.734000
v 3.302000 -11.565000 -0.734000
v -7.137000 -11.565000 -0.234000
v -0.153000 -11.565000 -0.234000
v 1.897000 -11.565000 -0.234000
v 3.063000 -11.565000 -0.234000
v -7.344000 -11.565000 0.266000
v -0.088000 -11.565000 0.266000
v -7.786000 -11.565000 0.766000
v -0.237000 -11.565000 0.766000
v -8.117000 -11.565000 1.266000
v -0.599000 -11.565000 1.266000
v -8.320000 -11.565000 1.766000
v -3.776000 -11.565000 1.766000
v -8.598000 -11.565000 2.266000
v -4.286000 -11.565000 2.266000
v -8.688000 -11.565000 2.766000
v -4.511000 -11.565000 2.766000
v -8.706000 -11.565000 3.266000
v -4.762000 -11.565000 3.266000
v -8.672000 -11.565000 3.766000
v -4.889000 -11.565000 3.766000
v -8.560000 -11.565000 4.266000
v -4.921000 -11.565000 4.266000
v -0.579000 -11.565000 4.266000
v 1.291000 -11.565000 4.266000
v -8.273000 -11.565000 4.766000
v -5.016000 -11.565000 4.766000
v -0.937000 -11.565000 4.766000
v 1.769000 -11.565000 4.766000
v -8.105000 -11.565000 5.266000
v -5.351000 -11.565000 5.266000
v -1.076000 -11.565000 5.266000
v 1.899000 -11.565000 5.266000
v -7.769000 -11.565000 5.766000
v -5.886000 -11.565000 5.766000
v -1.283000 -11.565000 5.766000
v 1.812000 -11.565000 5.766000
v -1.469000 -11.565000 6.266000
v 1.435000 -11.565000 6.266000
v -1.216000 -11.565000 6.766000
v 0.249000 -11.565000 6.766000
v 1.480000 -11.565000 15.266000
v 2.850000 -11.565000 15.266000
v 0.747000 -11.565000 15.766000
v 3.364000 -11.565000 15.766000
v 0.442000 -11.565000 16.266000
v 3.859000 -11.565000 16.266000
v 0.173000 -11.565000 16.766000
v 4.926000 -11.565000 16.766000
v -0.127000 -11.565000 17.266000
v 6.150000 -11.565000 17.266000
v -0.209000 -11.565000 17.766000
v 6.467000 -11.565000 17.766000
v -0.103000 -11.565000 18.266000
v 6.551000 -11.565000 18.266000
v 0.139000 -11.565000 18.766000
v 6.446000 -11.565000 18.766000
v 0.618000 -11.565000 19.266000
v 1.849000 -11.565000 19.266000
v 2.909000 -11.565000 19.266000
v 6.091000 -11.565000 19.266000
v 3.126000 -7.565000 15.266000
v 6.623000 -7.565000 15.266000
v 1.634000 -7.565000 15.766000
v 6.951000 -7.565000 15.766000
v 0.807000 -7.565000 16.266000
v 7.141000 -7.565000 16.266000
v -0.735000 -7.565000 16.766000
v 7.443000 -7.565000 16.766000
v -1.072000 -7.565000 17.266000
v 7.695000 -7.565000 17.266000
v -1.122000 -7.565000 17.766000
v 8.011000 -7.565000 17.766000
v -1.012000 -7.565000 18.266000
v 8.124000 -7.565000 18.266000
v -0.804000 -7.565000 18.766000
v 8.269000 -7.565000 18.766000
v -0.599000 -7.565000 19.266000
v 8.393000 -7.565000 19.266000
v -0.473000 -7.565000 19.766000
v 8.394000 -7.565000 19.766000
v -0.369000 -7.565000 20.266000
v 8.254000 -7.565000 20.266000
v -0.157000 -7.565000 20.766000
v 7.742000 -7.565000 20.766000
v 0.252000 -7.565000 21.266000
v 7.054000 -7.565000 21.266000
v 3.595000 -7.565000 21.766000
v 6.879000 -7.565000 21.766000
v 4.648000 -7.565000 22.266000
v 6.820000 -7.565000 22.266000
v 5.749000 -7.565000 22.766000
v 6.623000 -7.565000 22.766000
v 7.189000 -7.565000 24.266000
v 8.769000 -7.565000 24.266000
v 6.978000 -7.565000 24.766000
v 9.267000 -7.565000 24.766000
v 6.962000 -7.565000 25.266000
v 10.158000 -7.565000 25.266000
v 7.058000 -7.565000 25.766000
v 10.674000 -7.565000 25.766000
v 7.446000 -7.565000 26.266000
v 10.806000 -7.565000 26.266000
v 8.521000 -7.565000 26.766000
v 10.708000 -7.565000 26.766000
v 9.031000 -7.565000 27.266000
v 10.282000 -7.565000 27.266000
v -1.324000 -3.565000 5.266000
v 0.671000 -3.565000 5.266000
v -1.646000 -3.565000 5.766000
v 0.979000 -3.565000 5.766000
v -1.903000 -3.565000 6.266000
v 1.061000 -3.565000 6.266000
v -2.001000 -3.565000 6.766000
v 1.118000 -3.565000 6.766000
v -1.968000 -3.565000 7.266000
v 1.018000 -3.565000 7.266000
v -1.835000 -3.565000 7.766000
v 0.773000 -3.565000 7.766000
v -1.335000 -3.565000 8.266000
v 0.368000 -3.565000 8.266000
v 0.836000 -3.565000 11.766000
v 2.385000 -3.565000 11.766000
v 0.342000 -3.565000 12.266000
v 2.785000 -3.565000 12.266000
v -0.146000 -3.565000 12.766000
v 3.023000 -3.565000 12.766000
v -0.829000 -3.565000 13.266000
v 3.110000 -3.565000 13.266000
v -1.105000 -3.565000 13.766000
v 3.053000 -3.565000 13.766000
v -1.217000 -3.565000 14.266000
v 2.944000 -3.565000 14.266000
v -1.236000 -3.565000 14.766000
v 2.951000 -3.565000 14.766000
v -1.332000 -3.565000 15.266000
v 3.004000 -3.565000 15.266000
v -1.509000 -3.565000 15.766000
v 3.273000 -3.565000 15.766000
v -2.609000 -3.565000 16.266000
v 6.648000 -3.565000 16.266000
v -5.282000 -3.565000 16.766000
v 6.999000 -3.565000 16.766000
v -6.395000 -3.565000 17.266000
v 7.101000 -3.565000 17.266000
v -6.845000 -3.565000 17.766000
v 7.138000 -3.565000 17.766000
v -7.044000 -3.565000 18.266000
v 7.114000 -3.565000 18.266000
v -7.370000 -3.565000 18.766000
v 0.577000 -3.565000 18.766000
v 2.601000 -3.565000 18.766000
v 6.949000 -3.565000 18.766000
v -7.465000 -3.565000 19.266000
v 0.350000 -3.565000 19.266000
v 2.984000 -3.565000 19.266000
v 6.628000 -3.565000 19.266000
v -7.465000 -3.565000 19.766000
v 0.216000 -3.565000 19.766000
v -7.376000 -3.565000 20.266000
v 0.089000 -3.565000 20.266000
v -6.976000 -3.565000 20.766000
v -0.035000 -3.565000 20.766000
v -3.948000 -3.565000 21.266000
v -0.389000 -3.565000 21.266000
v -1.468000 0.435000 5.266000
v 0.674000 0.435000 5.266000
v -1.883000 0.435000 5.766000
v 1.678000 0.435000 5.766000
v -2.053000 0.435000 6.266000
v 2.000000 0.435000 6.266000
v -2.052000 0.435000 6.766000
v 2.090000 0.435000 6.766000
v -2.053000 0.435000 7.266000
v 2.100000 0.435000 7.266000
v -2.106000 0.435000 7.766000
v 2.088000 0.435000 7.766000
v -2.063000 0.435000 8.266000
v 2.119000 0.435000 8.266000
v -2.006000 0.435000 8.766000
v 2.131000 0.435000 8.766000
v -1.743000 0.435000 9.266000
v 2.109000 0.435000 9.266000
v -1.760000 0.435000 9.766000
v 2.197000 0.435000 9.766000
v -2.086000 0.435000 10.266000
v 2.516000 0.435000 10.266000
v -3.355000 0.435000 10.766000
v 3.186000 0.435000 10.766000
v -3.849000 0.435000 11.266000
v 3.638000 0.435000 11.266000
v -3.977000 0.435000 11.766000
v 3.983000 0.435000 11.766000
v -3.953000 0.435000 12.266000
v 4.085000 0.435000 12.266000
v -3.860000 0.435000 12.766000
v 3.999000 0.435000 12.766000
v -3.791000 0.435000 13.266000
v 3.746000 0.435000 13.266000
v -3.955000 0.435000 13.766000
v 3.601000 0.435000 13.766000
v -4.477000 0.435000 14.266000
v 3.586000 0.435000 14.266000
v -4.875000 0.435000 14.766000
v 3.605000 0.435000 14.766000
v -4.968000 0.435000 15.266000
v 3.598000 0.435000 15.266000
v -4.991000 0.435000 15.766000
v 3.514000 0.435000 15.766000
v -4.897000 0.435000 16.266000
v 3.199000 0.435000 16.266000
v -4.669000 0.435000 16.766000
v 2.696000 0.435000 16.766000
v -4.522000 0.435000 17.266000
v 2.163000 0.435000 17.266000
v -4.591000 0.435000 17.766000
v 0.908000 0.435000 17.766000
v -5.003000 0.435000 18.266000
v 0.284000 0.435000 18.266000
v -5.716000 0.435000 18.766000
v 0.078000 0.435000 18.766000
v -6.062000 0.435000 19.266000
v -0.057000 0.435000 19.266000
v -6.161000 0.435000 19.766000
v -0.430000 0.435000 19.766000
v -6.071000 0.435000 20.266000
v -1.185000 0.435000 20.266000
v -5.741000 0.435000 20.766000
v -1.526000 0.435000 20.766000
v -4.274000 0.435000 21.266000
v -1.848000 0.435000 21.266000
v -2.463000 4.435000 3.766000
v -1.110000 4.435000 3.766000
v -3.291000 4.435000 4.266000
v -0.387000 4.435000 4.266000
v -3.712000 4.435000 4.766000
v -0.048000 4.435000 4.766000
v -4.250000 4.435000 5.266000
v 0.049000 4.435000 5.266000
v -4.580000 4.435000 5.766000
v 0.104000 4.435000 5.766000
v -4.678000 4.435000 6.266000
v 0.048000 4.435000 6.266000
v -4.831000 4.435000 6.766000
v -0.102000 4.435000 6.766000
v -5.240000 4.435000 7.266000
v -0.219000 4.435000 7.266000
v -5.602000 4.435000 7.766000
v -0.544000 4.435000 7.766000
v -5.710000 4.435000 8.266000
v -0.708000 4.435000 8.266000
v -5.629000 4.435000 8.766000
v -0.678000 4.435000 8.766000
v -5.517000 4.435000 9.266000
v -0.418000 4.435000 9.266000
v -5.519000 4.435000 9.766000
v 0.372000 4.435000 9.766000
v -5.388000 4.435000 10.266000
v 0.883000 4.435000 10.266000
v -4.897000 4.435000 10.766000
v 1.402000 4.435000 10.766000
v -2.687000 4.435000 11.266000
v 1.821000 4.435000 11.266000
v -1.805000 4.435000 11.766000
v 1.936000 4.435000 11.766000
v -1.434000 4.435000 12.266000
v 1.880000 4.435000 12.266000
v -1.042000 4.435000 12.766000
v 1.928000 4.435000 12.766000
v -0.548000 4.435000 13.266000
v 1.886000 4.435000 13.266000
v -0.179000 4.435000 13.766000
v 1.581000 4.435000 13.766000
v 1.953000 -19.565000 8.100000
v 1.953000 -19.565000 11.017000
v 2.453000 -19.565000 7.331000
v 2.453000 -19.565000 11.771000
v 2.953000 -19.565000 7.110000
v 2.953000 -19.565000 11.983000
v 3.453000 -19.565000 7.127000
v 3.453000 -19.565000 11.959000
v 3.953000 -19.565000 7.336000
v 3.953000 -19.565000 11.724000
v 4.453000 -19.565000 7.560000
v 4.453000 -19.565000 11.472000
v 4.953000 -19.565000 8.092000
v 4.953000 -19.565000 10.931000
v -2.047000 -15.565000 4.691000
v -2.047000 -15.565000 7.298000
v -1.547000 -15.565000 4.066000
v -1.547000 -15.565000 9.271000
v -1.047000 -15.565000 3.439000
v -1.047000 -15.565000 10.183000
v -1.047000 -15.565000 13.258000
v -1.047000 -15.565000 14.893000
v -0.547000 -15.565000 2.154000
v -0.547000 -15.565000 10.850000
v -0.547000 -15.565000 12.538000
v -0.547000 -15.565000 16.430000
v -0.047000 -15.565000 1.690000
v -0.047000 -15.565000 17.363000
v 0.453000 -15.565000 1.572000
v 0.453000 -15.565000 2.835000
v 0.453000 -15.565000 4.519000
v 0.453000 -15.565000 17.916000
v 0.953000 -15.565000 1.014000
v 0.953000 -15.565000 2.500000
v 0.953000 -15.565000 5.245000
v 0.953000 -15.565000 18.128000
v 1.453000 -15.565000 -0.169000
v 1.453000 -15.565000 2.456000
v 1.453000 -15.565000 6.509000
v 1.453000 -15.565000 18.139000
v 1.953000 -15.565000 -0.872000
v 1.953000 -15.565000 2.539000
v 1.953000 -15.565000 7.020000
v 1.953000 -15.565000 18.099000
v 2.453000 -15.565000 -0.913000
v 2.453000 -15.565000 2.662000
v 2.453000 -15.565000 7.354000
v 2.453000 -15.565000 18.074000
v 2.953000 -15.565000 -0.868000
v 2.953000 -15.565000 2.676000
v 2.953000 -15.565000 7.566000
v 2.953000 -15.565000 17.980000
v 3.453000 -15.565000 -0.431000
v 3.453000 -15.565000 2.599000
v 3.453000 -15.565000 8.038000
v 3.453000 -15.565000 18.018000
v 3.953000 -15.565000 -0.156000
v 3.953000 -15.565000 2.660000
v 3.953000 -15.565000 8.601000
v 3.953000 -15.565000 10.379000
v 3.953000 -15.565000 12.548000
v 3.953000 -15.565000 18.156000
v 4.453000 -15.565000 -0.071000
v 4.453000 -15.565000 2.882000
v 4.453000 -15.565000 13.925000
v 4.453000 -15.565000 18.163000
v 4.953000 -15.565000 -0.316000
v 4.953000 -15.565000 3.079000
v 4.953000 -15.565000 14.249000
v 4.953000 -15.565000 18.216000
v 5.453000 -15.565000 -0.414000
v 5.453000 -15.565000 3.111000
v 5.453000 -15.565000 14.329000
v 5.453000 -15.565000 18.440000
v 5.953000 -15.565000 -0.273000
v 5.953000 -15.565000 3.121000
v 5.953000 -15.565000 14.348000
v 5.953000 -15.565000 18.655000
v 6.453000 -15.565000 -0.126000
v 6.453000 -15.565000 2.939000
v 6.453000 -15.565000 14.367000
v 6.453000 -15.565000 18.927000
v 6.953000 -15.565000 0.100000
v 6.953000 -15.565000 2.465000
v 6.953000 -15.565000 14.397000
v 6.953000 -15.565000 19.111000
v 7.453000 -15.565000 0.635000
v 7.453000 -15.565000 1.903000
v 7.453000 -15.565000 14.438000
v 7.453000 -15.565000 19.099000
v 7.953000 -15.565000 14.650000
v 7.953000 -15.565000 18.884000
v 8.453000 -15.565000 15.259000
v 8.453000 -15.565000 18.255000
v -8.547000 -11.565000 2.149000
v -8.547000 -11.565000 4.295000
v -8.047000 -11.565000 1.114000
v -8.047000 -11.565000 5.394000
v -7.547000 -11.565000 0.541000
v -7.547000 -11.565000 5.936000
v -7.047000 -11.565000 -0.436000
v -7.047000 -11.565000 6.123000
v -6.547000 -11.565000 -0.960000
v -6.547000 -11.565000 6.112000
v -6.047000 -11.565000 -1.143000
v -6.047000 -11.565000 5.897000
v -5.547000 -11.565000 -1.131000
v -5.547000 -11.565000 5.437000
v -5.047000 -11.565000 -0.933000
v -5.047000 -11.565000 4.840000
v -4.547000 -11.565000 -0.735000
v -4.547000 -11.565000 2.850000
v -4.047000 -11.565000 -0.716000
v -4.047000 -11.565000 1.974000
v -3.547000 -11.565000 -0.968000
v -3.547000 -11.565000 1.655000
v -3.047000 -11.565000 -1.382000
v -3.047000 -11.565000 1.575000
v -2.547000 -11.565000 -1.597000
v -2.547000 -11.565000 1.648000
v -2.047000 -11.565000 -1.609000
v -2.047000 -11.565000 1.715000
v -1.547000 -11.565000 -1.425000
v -1.547000 -11.565000 1.717000
v -1.047000 -11.565000 -1.113000
v -1.047000 -11.565000 1.615000
v -1.047000 -11.565000 5.162000
v -1.047000 -11.565000 6.862000
v -0.547000 -11.565000 -0.789000
v -0.547000 -11.565000 1.219000
v -0.547000 -11.565000 4.238000
v -0.547000 -11.565000 6.976000
v -0.047000 -11.565000 3.989000
v -0.047000 -11.565000 6.958000
v -0.047000 -11.565000 17.086000
v -0.047000 -11.565000 18.397000
v 0.453000 -11.565000 4.042000
v 0.453000 -11.565000 6.659000
v 0.453000 -11.565000 16.238000
v 0.453000 -11.565000 19.154000
v 0.953000 -11.565000 4.136000
v 0.953000 -11.565000 6.504000
v 0.953000 -11.565000 15.569000
v 0.953000 -11.565000 19.391000
v 1.453000 -11.565000 4.376000
v 1.453000 -11.565000 6.252000
v 1.453000 -11.565000 15.280000
v 1.453000 -11.565000 19.385000
v 1.953000 -11.565000 -1.359000
v 1.953000 -11.565000 -0.205000
v 1.953000 -11.565000 15.079000
v 1.953000 -11.565000 19.242000
v 2.453000 -11.565000 -1.374000
v 2.453000 -11.565000 -0.159000
v 2.453000 -11.565000 15.078000
v 2.453000 -11.565000 19.193000
v 2.953000 -11.565000 -1.236000
v 2.953000 -11.565000 -0.171000
v 2.953000 -11.565000 15.342000
v 2.953000 -11.565000 19.279000
v 3.453000 -11.565000 15.835000
v 3.453000 -11.565000 19.466000
v 3.953000 -11.565000 16.362000
v 3.953000 -11.565000 19.474000
v 4.453000 -11.565000 16.668000
v 4.453000 -11.565000 19.486000
v 4.953000 -11.565000 16.770000
v 4.953000 -11.565000 19.608000
v 5.453000 -11.565000 16.884000
v 5.453000 -11.565000 19.596000
v 5.953000 -11.565000 17.102000
v 5.953000 -11.565000 19.374000
v 6.453000 -11.565000 17.728000
v 6.453000 -11.565000 18.750000
v -1.047000 -7.565000 17.196000
v -1.047000 -7.565000 18.154000
v -0.547000 -7.565000 16.649000
v -0.547000 -7.565000 19.500000
v -0.047000 -7.565000 16.501000
v -0.047000 -7.565000 20.933000
v 0.453000 -7.565000 16.428000
v 0.453000 -7.565000 21.387000
v 0.953000 -7.565000 16.170000
v 0.953000 -7.565000 21.464000
v 1.453000 -7.565000 15.894000
v 1.453000 -7.565000 21.461000
v 1.953000 -7.565000 15.575000
v 1.953000 -7.565000 21.506000
v 2.453000 -7.565000 15.392000
v 2.453000 -7.565000 21.503000
v 2.953000 -7.565000 15.317000
v 2.953000 -7.565000 21.551000
v 3.453000 -7.565000 15.122000
v 3.453000 -7.565000 21.693000
v 3.953000 -7.565000 14.917000
v 3.953000 -7.565000 21.895000
v 4.453000 -7.565000 14.869000
v 4.453000 -7.565000 22.141000
v 4.953000 -7.565000 14.856000
v 4.953000 -7.565000 22.374000
v 5.453000 -7.565000 14.886000
v 5.453000 -7.565000 22.562000
v 5.953000 -7.565000 14.908000
v 5.953000 -7.565000 22.893000
v 6.453000 -7.565000 15.126000
v 6.453000 -7.565000 22.881000
v 6.953000 -7.565000 15.769000
v 6.953000 -7.565000 21.481000
v 7.453000 -7.565000 16.789000
v 7.453000 -7.565000 20.916000
v 7.453000 -7.565000 24.103000
v 7.453000 -7.565000 26.271000
v 7.953000 -7.565000 17.634000
v 7.953000 -7.565000 20.622000
v 7.953000 -7.565000 24.065000
v 7.953000 -7.565000 26.489000
v 8.453000 -7.565000 24.139000
v 8.453000 -7.565000 26.712000
v 8.953000 -7.565000 24.397000
v 8.953000 -7.565000 27.211000
v 9.453000 -7.565000 24.945000
v 9.453000 -7.565000 27.433000
v 9.953000 -7.565000 25.190000
v 9.953000 -7.565000 27.412000
v 10.453000 -7.565000 25.471000
v 10.453000 -7.565000 27.131000
v -7.047000 -3.565000 18.272000
v -7.047000 -3.565000 20.711000
v -6.547000 -3.565000 17.375000
v -6.547000 -3.565000 20.956000
v -6.047000 -3.565000 17.128000
v -6.047000 -3.565000 21.015000
v -5.547000 -3.565000 16.937000
v -5.547000 -3.565000 21.122000
v -5.047000 -3.565000 16.599000
v -5.047000 -3.565000 21.165000
v -4.547000 -3.565000 16.420000
v -4.547000 -3.565000 21.181000
v -4.047000 -3.565000 16.370000
v -4.047000 -3.565000 21.236000
v -3.547000 -3.565000 16.304000
v -3.547000 -3.565000 21.465000
v -3.047000 -3.565000 16.277000
v -3.047000 -3.565000 21.643000
v -2.547000 -3.565000 16.265000
v -2.547000 -3.565000 21.654000
v -2.047000 -3.565000 16.179000
v -2.047000 -3.565000 21.651000
v -1.547000 -3.565000 5.574000
v -1.547000 -3.565000 8.124000
v -1.547000 -3.565000 15.825000
v -1.547000 -3.565000 21.640000
v -1.047000 -3.565000 5.044000
v -1.047000 -3.565000 8.372000
v -1.047000 -3.565000 13.634000
v -1.047000 -3.565000 21.612000
v -0.547000 -3.565000 4.859000
v -0.547000 -3.565000 8.477000
v -0.547000 -3.565000 12.998000
v -0.547000 -3.565000 21.395000
v -0.047000 -3.565000 4.870000
v -0.047000 -3.565000 8.469000
v -0.047000 -3.565000 12.694000
v -0.047000 -3.565000 20.792000
v 0.453000 -3.565000 5.081000
v 0.453000 -3.565000 8.197000
v 0.453000 -3.565000 12.141000
v 0.453000 -3.565000 18.989000
v 0.953000 -3.565000 5.697000
v 0.953000 -3.565000 7.409000
v 0.953000 -3.565000 11.685000
v 0.953000 -3.565000 18.423000
v 1.453000 -3.565000 11.503000
v 1.453000 -3.565000 18.291000
v 1.953000 -3.565000 11.551000
v 1.953000 -3.565000 18.294000
v 2.453000 -3.565000 11.819000
v 2.453000 -3.565000 18.590000
v 2.953000 -3.565000 12.605000
v 2.953000 -3.565000 14.218000
v 2.953000 -3.565000 14.817000
v 2.953000 -3.565000 19.231000
v 3.453000 -3.565000 15.896000
v 3.453000 -3.565000 19.577000
v 3.953000 -3.565000 16.081000
v 3.953000 -3.565000 19.657000
v 4.453000 -3.565000 16.075000
v 4.453000 -3.565000 19.591000
v 4.953000 -3.565000 15.970000
v 4.953000 -3.565000 19.461000
v 5.453000 -3.565000 15.902000
v 5.453000 -3.565000 19.404000
v 5.953000 -3.565000 15.912000
v 5.953000 -3.565000 19.425000
v 6.453000 -3.565000 16.111000
v 6.453000 -3.565000 19.379000
v 6.953000 -3.565000 16.667000
v 6.953000 -3.565000 18.758000
v -6.047000 0.435000 19.230000
v -6.047000 0.435000 20.325000
v -5.547000 0.435000 18.634000
v -5.547000 0.435000 20.921000
v -5.047000 0.435000 18.300000
v -5.047000 0.435000 21.126000
v -4.547000 0.435000 14.321000
v -4.547000 0.435000 17.094000
v -4.547000 0.435000 17.632000
v -4.547000 0.435000 21.183000
v -4.047000 0.435000 13.901000
v -4.047000 0.435000 21.379000
v -3.547000 0.435000 10.893000
v -3.547000 0.435000 21.591000
v -3.047000 0.435000 10.648000
v -3.047000 0.435000 21.649000
v -2.547000 0.435000 10.548000
v -2.547000 0.435000 21.641000
v -2.047000 0.435000 6.236000
v -2.047000 0.435000 8.631000
v -2.047000 0.435000 10.233000
v -2.047000 0.435000 21.431000
v -1.547000 0.435000 5.330000
v -1.547000 0.435000 20.814000
v -1.047000 0.435000 5.040000
v -1.047000 0.435000 20.148000
v -0.547000 0.435000 4.935000
v -0.547000 0.435000 19.854000
v -0.047000 0.435000 4.940000
v -0.047000 0.435000 19.244000
v 0.453000 0.435000 5.138000
v 0.453000 0.435000 18.062000
v 0.953000 0.435000 5.372000
v 0.953000 0.435000 17.749000
v 1.453000 0.435000 5.582000
v 1.453000 0.435000 17.631000
v 1.953000 0.435000 6.154000
v 1.953000 0.435000 17.430000
v 2.453000 0.435000 10.197000
v 2.453000 0.435000 16.977000
v 2.953000 0.435000 10.601000
v 2.953000 0.435000 16.501000
v 3.453000 0.435000 11.046000
v 3.453000 0.435000 15.901000
v 3.953000 0.435000 11.696000
v 3.953000 0.435000 12.878000
v -5.547000 4.435000 7.651000
v -5.547000 4.435000 9.064000
v -5.047000 4.435000 7.078000
v -5.047000 4.435000 10.669000
v -4.547000 4.435000 5.688000
v -4.547000 4.435000 10.909000
v -4.047000 4.435000 5.098000
v -4.047000 4.435000 11.082000
v -3.547000 4.435000 4.584000
v -3.547000 4.435000 11.135000
v -3.047000 4.435000 4.078000
v -3.047000 4.435000 11.221000
v -2.547000 4.435000 3.804000
v -2.547000 4.435000 11.298000
v -2.047000 4.435000 3.616000
v -2.047000 4.435000 11.534000
v -1.547000 4.435000 3.598000
v -1.547000 4.435000 12.083000
v -1.047000 4.435000 3.808000
v -1.047000 4.435000 12.762000
v -0.547000 4.435000 4.136000
v -0.547000 4.435000 7.772000
v -0.547000 4.435000 9.091000
v -0.547000 4.435000 13.267000
v -0.047000 4.435000 4.767000
v -0.047000 4.435000 6.594000
v -0.047000 4.435000 9.543000
v -0.047000 4.435000 13.850000
v 0.453000 4.435000 9.828000
v 0.453000 4.435000 14.235000
v 0.953000 4.435000 10.317000
v 0.953000 4.435000 14.260000
v 1.453000 4.435000 10.807000
v 1.453000 4.435000 13.847000
v -6.547000 -12.087000 -0.734000
v -6.547000 -10.635000 -0.734000
v -6.047000 -12.358000 -0.734000
v -6.047000 -10.364000 -0.734000
v -5.547000 -12.341000 -0.734000
v -5.547000 -10.380000 -0.734000
v -5.047000 -12.098000 -0.734000
v -5.047000 -10.706000 -0.734000
v -4.547000 -11.582000 -0.734000
v -4.547000 -11.422000 -0.734000
v -3.547000 -12.918000 -0.734000
v -3.547000 -11.138000 -0.734000
v -3.047000 -13.458000 -0.734000
v -3.047000 -10.781000 -0.734000
v -2.547000 -13.956000 -0.734000
v -2.547000 -10.555000 -0.734000
v -2.047000 -14.142000 -0.734000
v -2.047000 -10.543000 -0.734000
v -1.547000 -14.125000 -0.734000
v -1.547000 -10.738000 -0.734000
v -1.047000 -14.117000 -0.734000
v -1.047000 -11.155000 -0.734000
v -0.547000 -14.252000 -0.734000
v -0.547000 -11.529000 -0.734000
v -0.047000 -14.544000 -0.734000
v -0.047000 -11.764000 -0.734000
v 0.453000 -14.868000 -0.734000
v 0.453000 -11.901000 -0.734000
v 0.953000 -15.095000 -0.734000
v 0.953000 -11.861000 -0.734000
v 1.453000 -15.402000 -0.734000
v 1.453000 -11.639000 -0.734000
v 1.953000 -15.629000 -0.734000
v 1.953000 -11.439000 -0.734000
v 2.453000 -15.651000 -0.734000
v 2.453000 -11.431000 -0.734000
v 2.953000 -15.628000 -0.734000
v 2.953000 -11.459000 -0.734000
v 3.453000 -15.426000 -0.734000
v 3.453000 -11.645000 -0.734000
v 3.953000 -15.296000 -0.734000
v 3.953000 -12.090000 -0.734000
v 4.453000 -15.279000 -0.734000
v 4.453000 -12.408000 -0.734000
v 4.953000 -15.334000 -0.734000
v 4.953000 -12.531000 -0.734000
v 5.453000 -15.257000 -0.734000
v 5.453000 -12.734000 -0.734000
v 5.953000 -14.732000 -0.734000
v 5.953000 -13.382000 -0.734000
v -8.547000 -12.000000 3.266000
v -8.547000 -10.620000 3.266000
v -8.047000 -12.511000 3.266000
v -8.047000 -10.093000 3.266000
v -7.547000 -12.712000 3.266000
v -7.547000 -9.629000 3.266000
v -7.047000 -13.006000 3.266000
v -7.047000 -9.432000 3.266000
v -6.547000 -13.215000 3.266000
v -6.547000 -9.398000 3.266000
v -6.047000 -13.314000 3.266000
v -6.047000 -9.412000 3.266000
v -5.547000 -13.247000 3.266000
v -5.547000 -9.625000 3.266000
v -5.047000 -12.898000 3.266000
v -5.047000 -10.234000 3.266000
v -1.547000 -14.863000 3.266000
v -1.547000 -12.527000 3.266000
v -1.047000 -15.517000 3.266000
v -1.047000 -12.134000 3.266000
v -0.547000 -15.693000 3.266000
v -0.547000 -11.952000 3.266000
v -0.047000 -15.640000 3.266000
v -0.047000 -11.923000 3.266000
v 0.453000 -15.402000 3.266000
v 0.453000 -12.079000 3.266000
v 0.953000 -14.970000 3.266000
v 0.953000 -12.416000 3.266000
v 1.453000 -14.443000 3.266000
v 1.453000 -12.644000 3.266000
v 1.953000 -14.254000 3.266000
v 1.953000 -12.918000 3.266000
v -5.047000 4.082000 7.266000
v -5.047000 5.350000 7.266000
v -4.547000 3.501000 7.266000
v -4.547000 5.740000 7.266000
v -4.047000 2.153000 7.266000
v -4.047000 5.984000 7.266000
v -3.547000 1.563000 7.266000
v -3.547000 6.161000 7.266000
v -3.047000 1.332000 7.266000
v -3.047000 6.353000 7.266000
v -2.547000 0.988000 7.266000
v -2.547000 6.346000 7.266000
v -2.047000 -15.585000 7.266000
v -2.047000 -13.246000 7.266000
v -2.047000 -3.423000 7.266000
v -2.047000 -1.286000 7.266000
v -2.047000 0.428000 7.266000
v -2.047000 6.118000 7.266000
v -1.547000 -16.317000 7.266000
v -1.547000 -12.189000 7.266000
v -1.547000 -3.989000 7.266000
v -1.547000 5.867000 7.266000
v -1.047000 -16.617000 7.266000
v -1.047000 -11.870000 7.266000
v -1.047000 -4.329000 7.266000
v -1.047000 5.384000 7.266000
v -0.547000 -16.991000 7.266000
v -0.547000 -11.772000 7.266000
v -0.547000 -4.564000 7.266000
v -0.547000 4.797000 7.266000
v -0.047000 -17.173000 7.266000
v -0.047000 -11.749000 7.266000
v -0.047000 -4.581000 7.266000
v -0.047000 4.263000 7.266000
v 0.453000 -17.300000 7.266000
v 0.453000 -11.917000 7.266000
v 0.453000 -4.388000 7.266000
v 0.453000 3.923000 7.266000
v 0.953000 -17.513000 7.266000
v 0.953000 -12.146000 7.266000
v 0.953000 -3.781000 7.266000
v 0.953000 3.527000 7.266000
v 1.453000 -18.003000 7.266000
v 1.453000 -12.600000 7.266000
v 1.453000 -2.163000 7.266000
v 1.453000 3.227000 7.266000
v 1.953000 -18.453000 7.266000
v 1.953000 -14.588000 7.266000
v 1.953000 -14.105000 7.266000
v 1.953000 -12.853000 7.266000
v 1.953000 -1.391000 7.266000
v 1.953000 2.566000 7.266000
v 2.453000 -19.477000 7.266000
v 2.453000 -16.210000 7.266000
v 2.953000 -19.760000 7.266000
v 2.953000 -16.679000 7.266000
v 3.453000 -19.740000 7.266000
v 3.453000 -17.261000 7.266000
v 3.953000 -19.407000 7.266000
v 3.953000 -18.217000 7.266000
v -4.047000 0.822000 11.266000
v -4.047000 2.044000 11.266000
v -3.547000 0.144000 11.266000
v -3.547000 3.353000 11.266000
v -3.047000 -0.119000 11.266000
v -3.047000 3.992000 11.266000
v -2.547000 -0.542000 11.266000
v -2.547000 4.523000 11.266000
v -2.047000 -1.729000 11.266000
v -2.047000 4.966000 11.266000
v -1.547000 -2.415000 11.266000
v -1.547000 5.109000 11.266000
v -1.047000 -2.628000 11.266000
v -1.047000 5.089000 11.266000
v -0.547000 -2.754000 11.266000
v -0.547000 5.062000 11.266000
v -0.047000 -16.477000 11.266000
v -0.047000 -14.397000 11.266000
v -0.047000 -3.027000 11.266000
v -0.047000 5.093000 11.266000
v 0.453000 -17.063000 11.266000
v 0.453000 -12.969000 11.266000
v 0.453000 -3.243000 11.266000
v 0.453000 5.107000 11.266000
v 0.953000 -17.578000 11.266000
v 0.953000 -12.284000 11.266000
v 0.953000 -3.352000 11.266000
v 0.953000 4.990000 11.266000
v 1.453000 -18.489000 11.266000
v 1.453000 -12.067000 11.266000
v 1.453000 -3.387000 11.266000
v 1.453000 4.791000 11.266000
v 1.953000 -19.391000 11.266000
v 1.953000 -11.976000 11.266000
v 1.953000 -3.308000 11.266000
v 1.953000 4.292000 11.266000
v 2.453000 -20.052000 11.266000
v 2.453000 -11.978000 11.266000
v 2.453000 -3.065000 11.266000
v 2.453000 3.845000 11.266000
v 2.953000 -20.321000 11.266000
v 2.953000 -12.176000 11.266000
v 2.953000 -2.459000 11.266000
v 2.953000 3.367000 11.266000
v 3.453000 -20.322000 11.266000
v 3.453000 -12.628000 11.266000
v 3.453000 -0.740000 11.266000
v 3.453000 2.858000 11.266000
v 3.953000 -20.306000 11.266000
v 3.953000 -16.650000 11.266000
v 3.953000 -15.027000 11.266000
v 3.953000 -13.217000 11.266000
v 3.953000 1.198000 11.266000
v 3.953000 2.184000 11.266000
v 4.453000 -20.026000 11.266000
v 4.453000 -17.494000 11.266000
v -5.047000 0.582000 15.266000
v -5.047000 1.770000 15.266000
v -4.547000 -0.199000 15.266000
v -4.547000 2.346000 15.266000
v -4.047000 -0.928000 15.266000
v -4.047000 2.550000 15.266000
v -3.547000 -1.226000 15.266000
v -3.547000 2.566000 15.266000
v -3.047000 -1.407000 15.266000
v -3.047000 2.557000 15.266000
v -2.547000 -1.639000 15.266000
v -2.547000 2.611000 15.266000
v -2.047000 -2.199000 15.266000
v -2.047000 2.839000 15.266000
v -1.547000 -2.890000 15.266000
v -1.547000 3.232000 15.266000
v -1.047000 -6.549000 15.266000
v -1.047000 3.453000 15.266000
v -0.547000 -16.532000 15.266000
v -0.547000 -14.566000 15.266000
v -0.547000 -6.833000 15.266000
v -0.547000 3.633000 15.266000
v -0.047000 -17.153000 15.266000
v -0.047000 -14.090000 15.266000
v -0.047000 -6.857000 15.266000
v -0.047000 3.652000 15.266000
v 0.453000 -17.641000 15.266000
v 0.453000 -12.766000 15.266000
v 0.453000 -6.874000 15.266000
v 0.453000 3.381000 15.266000
v 0.953000 -18.441000 15.266000
v 0.953000 -12.023000 15.266000
v 0.953000 -6.845000 15.266000
v 0.953000 3.005000 15.266000
v 1.453000 -19.008000 15.266000
v 1.453000 -11.584000 15.266000
v 1.453000 -6.805000 15.266000
v 1.453000 2.902000 15.266000
v 1.953000 -19.209000 15.266000
v 1.953000 -11.357000 15.266000
v 1.953000 -6.765000 15.266000
v 1.953000 2.763000 15.266000
v 2.453000 -19.229000 15.266000
v 2.453000 -11.355000 15.266000
v 2.453000 -4.112000 15.266000
v 2.453000 2.617000 15.266000
v 2.953000 -19.226000 15.266000
v 2.953000 -11.656000 15.266000
v 2.953000 -3.616000 15.266000
v 2.953000 2.378000 15.266000
v 3.453000 -19.194000 15.266000
v 3.453000 -12.157000 15.266000
v 3.453000 -8.468000 15.266000
v 3.453000 -7.141000 15.266000
v 3.453000 -3.179000 15.266000
v 3.453000 1.790000 15.266000
v 3.953000 -18.985000 15.266000
v 3.953000 -12.615000 15.266000
v 3.953000 -8.801000 15.266000
v 3.953000 -6.905000 15.266000
v 3.953000 -2.913000 15.266000
v 3.953000 -0.589000 15.266000
v 4.453000 -18.727000 15.266000
v 4.453000 -13.201000 15.266000
v 4.453000 -8.813000 15.266000
v 4.453000 -6.797000 15.266000
v 4.453000 -2.371000 15.266000
v 4.453000 -1.232000 15.266000
v 4.953000 -18.645000 15.266000
v 4.953000 -13.621000 15.266000
v 4.953000 -8.775000 15.266000
v 4.953000 -6.600000 15.266000
v 5.453000 -18.618000 15.266000
v 5.453000 -13.842000 15.266000
v 5.453000 -8.510000 15.266000
v 5.453000 -6.337000 15.266000
v 5.953000 -18.397000 15.266000
v 5.953000 -13.833000 15.266000
v 5.953000 -8.256000 15.266000
v 5.953000 -6.357000 15.266000
v 6.453000 -18.018000 15.266000
v 6.453000 -13.782000 15.266000
v 6.453000 -7.910000 15.266000
v 6.453000 -6.703000 15.266000
v 6.953000 -17.389000 15.266000
v 6.953000 -13.801000 15.266000
v 7.453000 -17.066000 15.266000
v 7.453000 -14.005000 15.266000
v 7.953000 -16.822000 15.266000
v 7.953000 -14.249000 15.266000
v 8.453000 -15.952000 15.266000
v 8.453000 -15.065000 15.266000
v -7.547000 -5.386000 19.266000
v -7.547000 -3.711000 19.266000
v -7.047000 -5.956000 19.266000
v -7.047000 -3.147000 19.266000
v -6.547000 -6.381000 19.266000
v -6.547000 -2.843000 19.266000
v -6.047000 -6.581000 19.266000
v -6.047000 -2.176000 19.266000
v -6.047000 -1.353000 19.266000
v -6.047000 0.496000 19.266000
v -5.547000 -6.572000 19.266000
v -5.547000 1.219000 19.266000
v -5.047000 -6.348000 19.266000
v -5.047000 1.436000 19.266000
v -4.547000 -5.984000 19.266000
v -4.547000 1.473000 19.266000
v -4.047000 -5.740000 19.266000
v -4.047000 1.498000 19.266000
v -3.547000 -5.632000 19.266000
v -3.547000 1.503000 19.266000
v -3.047000 -5.585000 19.266000
v -3.047000 1.531000 19.266000
v -2.547000 -5.665000 19.266000
v -2.547000 1.576000 19.266000
v -2.047000 -5.933000 19.266000
v -2.047000 1.579000 19.266000
v -1.547000 -6.147000 19.266000
v -1.547000 1.492000 19.266000
v -1.047000 -9.683000 19.266000
v -1.047000 -8.668000 19.266000
v -1.047000 -6.325000 19.266000
v -1.047000 1.402000 19.266000
v -0.547000 -10.353000 19.266000
v -0.547000 -7.353000 19.266000
v -0.547000 -6.922000 19.266000
v -0.547000 1.178000 19.266000
v -0.047000 -10.698000 19.266000
v -0.047000 -1.889000 19.266000
v -0.047000 -0.112000 19.266000
v -0.047000 0.393000 19.266000
v 0.453000 -11.409000 19.266000
v 0.453000 -3.689000 19.266000
v 0.953000 -11.724000 19.266000
v 0.953000 -4.080000 19.266000
v 1.453000 -11.717000 19.266000
v 1.453000 -4.174000 19.266000
v 1.953000 -11.506000 19.266000
v 1.953000 -4.086000 19.266000
v 2.453000 -11.355000 19.266000
v 2.453000 -3.884000 19.266000
v 2.953000 -11.589000 19.266000
v 2.953000 -3.586000 19.266000
v 3.453000 -11.811000 19.266000
v 3.453000 -3.173000 19.266000
v 3.953000 -11.838000 19.266000
v 3.953000 -2.865000 19.266000
v 4.453000 -11.969000 19.266000
v 4.453000 -2.889000 19.266000
v 4.953000 -12.230000 19.266000
v 4.953000 -3.229000 19.266000
v 5.453000 -12.215000 19.266000
v 5.453000 -3.411000 19.266000
v 5.953000 -11.854000 19.266000
v 5.953000 -3.433000 19.266000
v 6.453000 -10.735000 19.266000
v 6.453000 -3.503000 19.266000
v 6.953000 -10.074000 19.266000
v 6.953000 -3.731000 19.266000
v 7.453000 -9.379000 19.266000
v 7.453000 -3.967000 19.266000
v 7.953000 -8.449000 19.266000
v 7.953000 -4.174000 19.266000
v 8.453000 -7.477000 19.266000
v 8.453000 -4.707000 19.266000
v 8.953000 -6.634000 19.266000
v 8.953000 -5.607000 19.266000
v 4.953000 -6.560000 23.266000
v 4.953000 -5.085000 23.266000
v 5.453000 -7.090000 23.266000
v 5.453000 -4.581000 23.266000
v 5.953000 -7.321000 23.266000
v 5.953000 -4.401000 23.266000
v 6.453000 -7.394000 23.266000
v 6.453000 -4.234000 23.266000
v 6.953000 -7.353000 23.266000
v 6.953000 -4.052000 23.266000
v 7.453000 -7.172000 23.266000
v 7.453000 -4.050000 23.266000
v 7.953000 -6.866000 23.266000
v 7.953000 -4.264000 23.266000
v 8.453000 -5.657000 23.266000
v 8.453000 -4.980000 23.266000
v 8.953000 -7.497000 27.266000
v 8.953000 -6.036000 27.266000
v 9.453000 -7.760000 27.266000
v 9.453000 -5.773000 27.266000
v 9.953000 -7.737000 27.266000
v 9.953000 -5.797000 27.266000
v 10.453000 -7.395000 27.266000
v 10.453000 -6.138000 27.266000
v 2.219000 -19.065000 7.266000
v 4.110000 -19.065000 7.266000
v 1.876000 -19.065000 7.766000
v 4.722000 -19.065000 7.766000
v 1.765000 -19.065000 8.266000
v 5.036000 -19.065000 8.266000
v 1.720000 -19.065000 8.766000
v 5.118000 -19.065000 8.766000
v 1.759000 -19.065000 9.266000
v 5.107000 -19.065000 9.266000
v 1.778000 -19.065000 9.766000
v 5.063000 -19.065000 9.766000
v 1.714000 -19.065000 10.266000
v 5.104000 -19.065000 10.266000
v 1.759000 -19.065000 10.766000
v 5.023000 -19.065000 10.766000
v 1.815000 -19.065000 11.266000
v 4.709000 -19.065000 11.266000
v 1.969000 -19.065000 11.766000
v 4.137000 -19.065000 11.766000
v 2.429000 -19.065000 12.266000
v 3.381000 -19.065000 12.266000
v 2.210000 -19.065000 14.266000
v 3.123000 -19.065000 14.266000
v 1.722000 -19.065000 14.766000
v 3.552000 -19.065000 14.766000
v 1.549000 -19.065000 15.266000
v 3.814000 -19.065000 15.266000
v 1.580000 -19.065000 15.766000
v 3.827000 -19.065000 15.766000
v 1.550000 -19.065000 16.266000
v 4.192000 -19.065000 16.266000
v 4.464000 -19.065000 16.266000
v 5.573000 -19.065000 16.266000
v 1.809000 -19.065000 16.766000
v 5.796000 -19.065000 16.766000
v 4.611000 -19.065000 17.266000
v 5.456000 -19.065000 17.266000
v 1.474000 -15.065000 -2.234000
v 1.989000 -15.065000 -2.234000
v 1.193000 -15.065000 -1.734000
v 5.121000 -15.065000 -1.734000
v 1.053000 -15.065000 -1.234000
v 5.413000 -15.065000 -1.234000
v 0.870000 -15.065000 -0.734000
v 5.730000 -15.065000 -0.734000
v 0.616000 -15.065000 -0.234000
v 6.217000 -15.065000 -0.234000
v 0.573000 -15.065000 0.266000
v 6.831000 -15.065000 0.266000
v 0.298000 -15.065000 0.766000
v 7.280000 -15.065000 0.766000
v -0.681000 -15.065000 1.266000
v 7.395000 -15.065000 1.266000
v -1.158000 -15.065000 1.766000
v 7.283000 -15.065000 1.766000
v -1.457000 -15.065000 2.266000
v 6.852000 -15.065000 2.266000
v -1.480000 -15.065000 2.766000
v 1.582000 -15.065000 2.766000
v 4.580000 -15.065000 2.766000
v 6.346000 -15.065000 2.766000
v -1.450000 -15.065000 3.266000
v 0.880000 -15.065000 3.266000
v -1.544000 -15.065000 3.766000
v 0.589000 -15.065000 3.766000
v -1.811000 -15.065000 4.266000
v 0.599000 -15.065000 4.266000
v -2.088000 -15.065000 4.766000
v 0.795000 -15.065000 4.766000
v -2.184000 -15.065000 5.266000
v 1.010000 -15.065000 5.266000
v -2.200000 -15.065000 5.766000
v 1.106000 -15.065000 5.766000
v -2.167000 -15.065000 6.266000
v 1.225000 -15.065000 6.266000
v -2.164000 -15.065000 6.766000
v 1.493000 -15.065000 6.766000
v -2.204000 -15.065000 7.266000
v 2.131000 -15.065000 7.266000
v -2.190000 -15.065000 7.766000
v 3.215000 -15.065000 7.766000
v -2.170000 -15.065000 8.266000
v 3.683000 -15.065000 8.266000
v -2.073000 -15.065000 8.766000
v 4.016000 -15.065000 8.766000
v -1.778000 -15.065000 9.266000
v 4.110000 -15.065000 9.266000
v -1.586000 -15.065000 9.766000
v 4.069000 -15.065000 9.766000
v -1.247000 -15.065000 10.266000
v 4.045000 -15.065000 10.266000
v -0.666000 -15.065000 10.766000
v 3.970000 -15.065000 10.766000
v -0.370000 -15.065000 11.266000
v 3.933000 -15.065000 11.266000
v -0.255000 -15.065000 11.766000
v 3.894000 -15.065000 11.766000
v -0.363000 -15.065000 12.266000
v 3.911000 -15.065000 12.266000
v -0.723000 -15.065000 12.766000
v 4.026000 -15.065000 12.766000
v -1.037000 -15.065000 13.266000
v 4.142000 -15.065000 13.266000
v -1.125000 -15.065000 13.766000
v 4.308000 -15.065000 13.766000
v -1.197000 -15.065000 14.266000
v 4.903000 -15.065000 14.266000
v -1.118000 -15.065000 14.766000
v 8.093000 -15.065000 14.766000
v -0.822000 -15.065000 15.266000
v 8.452000 -15.065000 15.266000
v -0.554000 -15.065000 15.766000
v 8.560000 -15.065000 15.766000
v -0.407000 -15.065000 16.266000
v 8.605000 -15.065000 16.266000
v -0.195000 -15.065000 16.766000
v 8.620000 -15.065000 16.766000
v -0.057000 -15.065000 17.266000
v 8.579000 -15.065000 17.266000
v 0.271000 -15.065000 17.766000
v 8.546000 -15.065000 17.766000
v 5.022000 -15.065000 18.266000
v 8.446000 -15.065000 18.266000
v 6.160000 -15.065000 18.766000
v 8.098000 -15.065000 18.766000
v -2.897000 -11.065000 -1.234000
v -1.634000 -11.065000 -1.234000
v -6.807000 -11.065000 -0.734000
v -4.763000 -11.065000 -0.734000
v -3.448000 -11.065000 -0.734000
v -1.134000 -11.065000 -0.734000
v -7.120000 -11.065000 -0.234000
v -0.706000 -11.065000 -0.234000
v -7.311000 -11.065000 0.266000
v -0.589000 -11.065000 0.266000
v -7.750000 -11.065000 0.766000
v -0.719000 -11.065000 0.766000
v -8.089000 -11.065000 1.266000
v -1.192000 -11.065000 1.266000
v -8.301000 -11.065000 1.766000
v -3.913000 -11.065000 1.766000
v -8.600000 -11.065000 2.266000
v -4.322000 -11.065000 2.266000
v -8.690000 -11.065000 2.766000
v -4.531000 -11.065000 2.766000
v -8.708000 -11.065000 3.266000
v -4.775000 -11.065000 3.266000
v -8.686000 -11.065000 3.766000
v -4.899000 -11.065000 3.766000
v -8.576000 -11.065000 4.266000
v -4.940000 -11.065000 4.266000
v -8.290000 -11.065000 4.766000
v -5.044000 -11.065000 4.766000
v -0.340000 -11.065000 4.766000
v 1.133000 -11.065000 4.766000
v -8.120000 -11.065000 5.266000
v -5.395000 -11.065000 5.266000
v -0.515000 -11.065000 5.266000
v 1.395000 -11.065000 5.266000
v -7.790000 -11.065000 5.766000
v -5.865000 -11.065000 5.766000
v -0.254000 -11.065000 5.766000
v 1.231000 -11.065000 5.766000
v 1.014000 -11.065000 15.766000
v 2.841000 -11.065000 15.766000
v 0.599000 -11.065000 16.266000
v 3.629000 -11.065000 16.266000
v 0.203000 -11.065000 16.766000
v 4.304000 -11.065000 16.766000
v -0.115000 -11.065000 17.266000
v 6.153000 -11.065000 17.266000
v -0.233000 -11.065000 17.766000
v 6.471000 -11.065000 17.766000
v -0.218000 -11.065000 18.266000
v 6.557000 -11.065000 18.266000
v -0.107000 -11.065000 18.766000
v 6.499000 -11.065000 18.766000
v 0.252000 -11.065000 19.266000
v 6.263000 -11.065000 19.266000
v 4.552000 -11.065000 19.766000
v 5.742000 -11.065000 19.766000
v 3.577000 -7.065000 15.266000
v 6.627000 -7.065000 15.266000
v -0.804000 -7.065000 15.766000
v 6.955000 -7.065000 15.766000
v -1.246000 -7.065000 16.266000
v 7.197000 -7.065000 16.266000
v -1.450000 -7.065000 16.766000
v 7.513000 -7.065000 16.766000
v -1.437000 -7.065000 17.266000
v 7.728000 -7.065000 17.266000
v -1.369000 -7.065000 17.766000
v 8.007000 -7.065000 17.766000
v -1.152000 -7.065000 18.266000
v 8.217000 -7.065000 18.266000
v -0.765000 -7.065000 18.766000
v 8.504000 -7.065000 18.766000
v -0.527000 -7.065000 19.266000
v 8.743000 -7.065000 19.266000
v -0.419000 -7.065000 19.766000
v 8.876000 -7.065000 19.766000
v -0.449000 -7.065000 20.266000
v 8.784000 -7.065000 20.266000
v -0.452000 -7.065000 20.766000
v 8.393000 -7.065000 20.766000
v -0.323000 -7.065000 21.266000
v 7.996000 -7.065000 21.266000
v 0.153000 -7.065000 21.766000
v 7.750000 -7.065000 21.766000
v 4.253000 -7.065000 22.266000
v 7.452000 -7.065000 22.266000
v 4.999000 -7.065000 22.766000
v 7.423000 -7.065000 22.766000
v 5.420000 -7.065000 23.266000
v 7.648000 -7.065000 23.266000
v 5.886000 -7.065000 23.766000
v 8.359000 -7.065000 23.766000
v 6.244000 -7.065000 24.266000
v 9.079000 -7.065000 24.266000
v 6.435000 -7.065000 24.766000
v 9.588000 -7.065000 24.766000
v 6.594000 -7.065000 25.266000
v 10.551000 -7.065000 25.266000
v 6.836000 -7.065000 25.766000
v 10.915000 -7.065000 25.766000
v 7.172000 -7.065000 26.266000
v 11.024000 -7.065000 26.266000
v 8.111000 -7.065000 26.766000
v 10.943000 -7.065000 26.766000
v 8.687000 -7.065000 27.266000
v 10.626000 -7.065000 27.266000
v -1.305000 -3.065000 5.266000
v 0.652000 -3.065000 5.266000
v -1.812000 -3.065000 5.766000
v 0.965000 -3.065000 5.766000
v -2.129000 -3.065000 6.266000
v 1.055000 -3.065000 6.266000
v -2.210000 -3.065000 6.766000
v 1.132000 -3.065000 6.766000
v -2.164000 -3.065000 7.266000
v 1.124000 -3.065000 7.266000
v -2.052000 -3.065000 7.766000
v 1.025000 -3.065000 7.766000
v -1.683000 -3.065000 8.266000
v 0.796000 -3.065000 8.266000
v -0.964000 -3.065000 8.766000
v 0.523000 -3.065000 8.766000
v 0.168000 -3.065000 10.266000
v 1.450000 -3.065000 10.266000
v -0.005000 -3.065000 10.766000
v 1.976000 -3.065000 10.766000
v 0.013000 -3.065000 11.266000
v 2.452000 -3.065000 11.266000
v -0.032000 -3.065000 11.766000
v 2.769000 -3.065000 11.766000
v -0.174000 -3.065000 12.266000
v 2.973000 -3.065000 12.266000
v -0.694000 -3.065000 12.766000
v 3.087000 -3.065000 12.766000
v -0.951000 -3.065000 13.266000
v 3.270000 -3.065000 13.266000
v -1.099000 -3.065000 13.766000
v 3.365000 -3.065000 13.766000
v -1.199000 -3.065000 14.266000
v 3.381000 -3.065000 14.266000
v -1.275000 -3.065000 14.766000
v 3.433000 -3.065000 14.766000
v -1.455000 -3.065000 15.266000
v 3.638000 -3.065000 15.266000
v -1.905000 -3.065000 15.766000
v 4.458000 -3.065000 15.766000
v -4.040000 -3.065000 16.266000
v 6.302000 -3.065000 16.266000
v -4.948000 -3.065000 16.766000
v 6.754000 -3.065000 16.766000
v -5.437000 -3.065000 17.266000
v 6.872000 -3.065000 17.266000
v -6.117000 -3.065000 17.766000
v 6.955000 -3.065000 17.766000
v -6.406000 -3.065000 18.266000
v 0.806000 -3.065000 18.266000
v 2.472000 -3.065000 18.266000
v 6.847000 -3.065000 18.266000
v -6.702000 -3.065000 18.766000
v 0.300000 -3.065000 18.766000
v 3.044000 -3.065000 18.766000
v 6.430000 -3.065000 18.766000
v -6.907000 -3.065000 19.266000
v 0.102000 -3.065000 19.266000
v 3.572000 -3.065000 19.266000
v 4.748000 -3.065000 19.266000
v -6.897000 -3.065000 19.766000
v -0.035000 -3.065000 19.766000
v -6.729000 -3.065000 20.266000
v -0.143000 -3.065000 20.266000
v -6.071000 -3.065000 20.766000
v -0.259000 -3.065000 20.766000
v -3.979000 -3.065000 21.266000
v -0.657000 -3.065000 21.266000
v -1.894000 0.935000 5.266000
v 0.684000 0.935000 5.266000
v -2.375000 0.935000 5.766000
v 1.678000 0.935000 5.766000
v -2.513000 0.935000 6.266000
v 2.002000 0.935000 6.266000
v -2.466000 0.935000 6.766000
v 2.092000 0.935000 6.766000
v -2.493000 0.935000 7.266000
v 2.122000 0.935000 7.266000
v -2.597000 0.935000 7.766000
v 2.087000 0.935000 7.766000
v -2.851000 0.935000 8.266000
v 2.129000 0.935000 8.266000
v -3.029000 0.935000 8.766000
v 2.154000 0.935000 8.766000
v -2.857000 0.935000 9.266000
v 2.185000 0.935000 9.266000
v -2.818000 0.935000 9.766000
v 2.321000 0.935000 9.766000
v -3.204000 0.935000 10.266000
v 2.673000 0.935000 10.266000
v -3.726000 0.935000 10.766000
v 3.387000 0.935000 10.766000
v -4.077000 0.935000 11.266000
v 3.827000 0.935000 11.266000
v -4.184000 0.935000 11.766000
v 4.026000 0.935000 11.766000
v -4.142000 0.935000 12.266000
v 4.106000 0.935000 12.266000
v -4.077000 0.935000 12.766000
v 4.005000 0.935000 12.766000
v -4.072000 0.935000 13.266000
v 3.730000 0.935000 13.266000
v -4.280000 0.935000 13.766000
v 3.584000 0.935000 13.766000
v -4.768000 0.935000 14.266000
v 3.566000 0.935000 14.266000
v -5.080000 0.935000 14.766000
v 3.625000 0.935000 14.766000
v -5.159000 0.935000 15.266000
v 3.598000 0.935000 15.266000
v -5.167000 0.935000 15.766000
v 3.496000 0.935000 15.766000
v -5.085000 0.935000 16.266000
v 3.155000 0.935000 16.266000
v -4.832000 0.935000 16.766000
v 2.645000 0.935000 16.766000
v -4.641000 0.935000 17.266000
v 2.136000 0.935000 17.266000
v -4.639000 0.935000 17.766000
v 0.524000 0.935000 17.766000
v -4.818000 0.935000 18.266000
v 0.000000 0.935000 18.266000
v -5.371000 0.935000 18.766000
v -0.153000 0.935000 18.766000
v -5.836000 0.935000 19.266000
v -0.297000 0.935000 19.266000
v -5.954000 0.935000 19.766000
v -0.830000 0.935000 19.766000
v -5.847000 0.935000 20.266000
v -1.519000 0.935000 20.266000
v -5.406000 0.935000 20.766000
v -1.747000 0.935000 20.766000
v -3.876000 0.935000 21.266000
v -2.166000 0.935000 21.266000
v -3.273000 4.935000 4.266000
v -0.673000 4.935000 4.266000
v -3.780000 4.935000 4.766000
v -0.242000 4.935000 4.766000
v -4.275000 4.935000 5.266000
v -0.129000 4.935000 5.266000
v -4.598000 4.935000 5.766000
v -0.099000 4.935000 5.766000
v -4.696000 4.935000 6.266000
v -0.194000 4.935000 6.266000
v -4.850000 4.935000 6.766000
v -0.483000 4.935000 6.766000
v -5.257000 4.935000 7.266000
v -0.654000 4.935000 7.266000
v -5.614000 4.935000 7.766000
v -0.856000 4.935000 7.766000
v -5.721000 4.935000 8.266000
v -0.927000 4.935000 8.266000
v -5.662000 4.935000 8.766000
v -0.917000 4.935000 8.766000
v -5.657000 4.935000 9.266000
v -0.745000 4.935000 9.266000
v -5.713000 4.935000 9.766000
v -0.398000 4.935000 9.766000
v -5.601000 4.935000 10.266000
v 0.153000 4.935000 10.266000
v -5.235000 4.935000 10.766000
v 0.706000 4.935000 10.766000
v -2.090000 4.935000 11.266000
v 1.154000 4.935000 11.266000
v -1.117000 4.935000 11.766000
v 1.376000 4.935000 11.766000
v -0.756000 4.935000 12.266000
v 1.282000 4.935000 12.266000
v -0.117000 4.935000 12.766000
v 1.334000 4.935000 12.766000
v 0.314000 4.935000 13.266000
v 1.132000 4.935000 13.266000
v 1.953000 -19.065000 7.610000
v 1.953000 -19.065000 11.728000
v 1.953000 -19.065000 14.579000
v 1.953000 -19.065000 16.856000
v 2.453000 -19.065000 7.088000
v 2.453000 -19.065000 12.277000
v 2.453000 -19.065000 14.121000
v 2.453000 -19.065000 16.890000
v 2.953000 -19.065000 6.906000
v 2.953000 -19.065000 12.377000
v 2.953000 -19.065000 14.150000
v 2.953000 -19.065000 16.874000
v 3.453000 -19.065000 6.920000
v 3.453000 -19.065000 12.233000
v 3.453000 -19.065000 14.692000
v 3.453000 -19.065000 16.905000
v 3.953000 -19.065000 7.138000
v 3.953000 -19.065000 11.922000
v 3.953000 -19.065000 16.093000
v 3.953000 -19.065000 16.820000
v 4.453000 -19.065000 7.546000
v 4.453000 -19.065000 11.482000
v 4.453000 -19.065000 16.268000
v 4.453000 -19.065000 17.209000
v 4.953000 -19.065000 8.078000
v 4.953000 -19.065000 10.929000
v 4.953000 -19.065000 16.190000
v 4.953000 -19.065000 17.279000
v 5.453000 -19.065000 16.192000
v 5.453000 -19.065000 17.268000
v -2.047000 -15.065000 4.671000
v -2.047000 -15.065000 8.825000
v -1.547000 -15.065000 3.774000
v -1.547000 -15.065000 9.855000
v -1.047000 -15.065000 1.685000
v -1.047000 -15.065000 10.424000
v -1.047000 -15.065000 13.297000
v -1.047000 -15.065000 14.930000
v -0.547000 -15.065000 1.183000
v -0.547000 -15.065000 10.922000
v -0.547000 -15.065000 12.557000
v -0.547000 -15.065000 15.783000
v -0.047000 -15.065000 1.020000
v -0.047000 -15.065000 17.292000
v 0.453000 -15.065000 0.552000
v 0.453000 -15.065000 17.915000
v 0.953000 -15.065000 -0.845000
v 0.953000 -15.065000 3.178000
v 0.953000 -15.065000 5.122000
v 0.953000 -15.065000 18.127000
v 1.453000 -15.065000 -2.221000
v 1.453000 -15.065000 2.819000
v 1.453000 -15.065000 6.710000
v 1.453000 -15.065000 18.178000
v 1.953000 -15.065000 -2.253000
v 1.953000 -15.065000 2.698000
v 1.953000 -15.065000 7.168000
v 1.953000 -15.065000 18.160000
v 2.453000 -15.065000 -1.923000
v 2.453000 -15.065000 2.744000
v 2.453000 -15.065000 7.378000
v 2.453000 -15.065000 18.114000
v 2.953000 -15.065000 -1.828000
v 2.953000 -15.065000 2.699000
v 2.953000 -15.065000 7.562000
v 2.953000 -15.065000 18.017000
v 3.453000 -15.065000 -1.835000
v 3.453000 -15.065000 2.600000
v 3.453000 -15.065000 8.030000
v 3.453000 -15.065000 18.035000
v 3.953000 -15.065000 -1.876000
v 3.953000 -15.065000 2.577000
v 3.953000 -15.065000 8.625000
v 3.953000 -15.065000 10.888000
v 3.953000 -15.065000 12.490000
v 3.953000 -15.065000 18.147000
v 4.453000 -15.065000 -1.861000
v 4.453000 -15.065000 2.716000
v 4.453000 -15.065000 13.981000
v 4.453000 -15.065000 18.176000
v 4.953000 -15.065000 -1.833000
v 4.953000 -15.065000 2.896000
v 4.953000 -15.065000 14.284000
v 4.953000 -15.065000 18.245000
v 5.453000 -15.065000 -1.155000
v 5.453000 -15.065000 2.914000
v 5.453000 -15.065000 14.403000
v 5.453000 -15.065000 18.479000
v 5.953000 -15.065000 -0.485000
v 5.953000 -15.065000 2.915000
v 5.953000 -15.065000 14.410000
v 5.953000 -15.065000 18.680000
v 6.453000 -15.065000 -0.033000
v 6.453000 -15.065000 2.693000
v 6.453000 -15.065000 14.399000
v 6.453000 -15.065000 18.924000
v 6.953000 -15.065000 0.359000
v 6.953000 -15.065000 2.179000
v 6.953000 -15.065000 14.410000
v 6.953000 -15.065000 19.109000
v 7.453000 -15.065000 14.448000
v 7.453000 -15.065000 19.097000
v 7.953000 -15.065000 14.657000
v 7.953000 -15.065000 18.882000
v 8.453000 -15.065000 15.266000
v 8.453000 -15.065000 18.250000
v -8.547000 -11.065000 2.145000
v -8.547000 -11.065000 4.329000
v -8.047000 -11.065000 1.171000
v -8.047000 -11.065000 5.425000
v -7.547000 -11.065000 0.580000
v -7.547000 -11.065000 5.953000
v -7.047000 -11.065000 -0.401000
v -7.047000 -11.065000 6.138000
v -6.547000 -11.065000 -0.941000
v -6.547000 -11.065000 6.127000
v -6.047000 -11.065000 -1.127000
v -6.047000 -11.065000 5.915000
v -5.547000 -11.065000 -1.114000
v -5.547000 -11.065000 5.403000
v -5.047000 -11.065000 -0.901000
v -5.047000 -11.065000 4.775000
v -4.547000 -11.065000 -0.619000
v -4.547000 -11.065000 2.807000
v -4.047000 -11.065000 -0.455000
v -4.047000 -11.065000 1.909000
v -3.547000 -11.065000 -0.652000
v -3.547000 -11.065000 1.494000
v -3.047000 -11.065000 -1.119000
v -3.047000 -11.065000 1.391000
v -2.547000 -11.065000 -1.385000
v -2.547000 -11.065000 1.467000
v -2.047000 -11.065000 -1.399000
v -2.047000 -11.065000 1.472000
v -1.547000 -11.065000 -1.172000
v -1.547000 -11.065000 1.395000
v -1.047000 -11.065000 -0.663000
v -1.047000 -11.065000 1.170000
v -0.047000 -11.065000 4.572000
v -0.047000 -11.065000 5.878000
v -0.047000 -11.065000 17.111000
v -0.047000 -11.065000 18.896000
v 0.453000 -11.065000 4.589000
v 0.453000 -11.065000 5.973000
v 0.453000 -11.065000 16.473000
v 0.453000 -11.065000 19.409000
v 0.953000 -11.065000 4.662000
v 0.953000 -11.065000 5.967000
v 0.953000 -11.065000 15.817000
v 0.953000 -11.065000 19.600000
v 1.453000 -11.065000 15.555000
v 1.453000 -11.065000 19.595000
v 1.953000 -11.065000 15.521000
v 1.953000 -11.065000 19.459000
v 2.453000 -11.065000 15.614000
v 2.453000 -11.065000 19.424000
v 2.953000 -11.065000 15.824000
v 2.953000 -11.065000 19.514000
v 3.453000 -11.065000 16.131000
v 3.453000 -11.065000 19.660000
v 3.953000 -11.065000 16.558000
v 3.953000 -11.065000 19.690000
v 4.453000 -11.065000 16.816000
v 4.453000 -11.065000 19.738000
v 4.953000 -11.065000 16.864000
v 4.953000 -11.065000 19.896000
v 5.453000 -11.065000 16.888000
v 5.453000 -11.065000 19.881000
v 5.953000 -11.065000 17.099000
v 5.953000 -11.065000 19.617000
v 6.453000 -11.065000 17.718000
v 6.453000 -11.065000 18.915000
v -1.047000 -7.065000 16.098000
v -1.047000 -7.065000 18.396000
v -0.547000 -7.065000 15.593000
v -0.547000 -7.065000 19.209000
v -0.047000 -7.065000 15.597000
v -0.047000 -7.065000 21.623000
v 0.453000 -7.065000 15.549000
v 0.453000 -7.065000 21.886000
v 0.953000 -7.065000 15.524000
v 0.953000 -7.065000 21.915000
v 1.453000 -7.065000 15.500000
v 1.453000 -7.065000 21.922000
v 1.953000 -7.065000 15.384000
v 1.953000 -7.065000 21.957000
v 2.453000 -7.065000 15.352000
v 2.453000 -7.065000 21.962000
v 2.953000 -7.065000 15.368000
v 2.953000 -7.065000 21.937000
v 3.453000 -7.065000 15.305000
v 3.453000 -7.065000 21.975000
v 3.953000 -7.065000 15.135000
v 3.953000 -7.065000 22.119000
v 4.453000 -7.065000 15.054000
v 4.453000 -7.065000 22.401000
v 4.953000 -7.065000 14.993000
v 4.953000 -7.065000 22.729000
v 5.453000 -7.065000 14.891000
v 5.453000 -7.065000 23.309000
v 5.953000 -7.065000 14.905000
v 5.953000 -7.065000 23.822000
v 6.453000 -7.065000 15.122000
v 6.453000 -7.065000 24.828000
v 6.953000 -7.065000 15.761000
v 6.953000 -7.065000 25.971000
v 7.453000 -7.065000 16.641000
v 7.453000 -7.065000 22.263000
v 7.453000 -7.065000 22.916000
v 7.453000 -7.065000 26.489000
v 7.953000 -7.065000 17.642000
v 7.953000 -7.065000 21.371000
v 7.953000 -7.065000 23.512000
v 7.953000 -7.065000 26.693000
v 8.453000 -7.065000 18.657000
v 8.453000 -7.065000 20.711000
v 8.453000 -7.065000 23.835000
v 8.453000 -7.065000 27.012000
v 8.953000 -7.065000 24.168000
v 8.953000 -7.065000 27.474000
v 9.453000 -7.065000 24.659000
v 9.453000 -7.065000 27.654000
v 9.953000 -7.065000 24.957000
v 9.953000 -7.065000 27.636000
v 10.453000 -7.065000 25.189000
v 10.453000 -7.065000 27.413000
v 10.953000 -7.065000 25.864000
v 10.953000 -7.065000 26.738000
v -6.547000 -3.065000 18.558000
v -6.547000 -3.065000 20.455000
v -6.047000 -3.065000 17.708000
v -6.047000 -3.065000 20.778000
v -5.547000 -3.065000 17.385000
v -5.547000 -3.065000 21.004000
v -5.047000 -3.065000 16.842000
v -5.047000 -3.065000 21.133000
v -4.547000 -3.065000 16.508000
v -4.547000 -3.065000 21.175000
v -4.047000 -3.065000 16.269000
v -4.047000 -3.065000 21.246000
v -3.547000 -3.065000 16.108000
v -3.547000 -3.065000 21.460000
v -3.047000 -3.065000 16.058000
v -3.047000 -3.065000 21.639000
v -2.547000 -3.065000 16.000000
v -2.547000 -3.065000 21.642000
v -2.047000 -3.065000 6.084000
v -2.047000 -3.065000 7.776000
v -2.047000 -3.065000 15.861000
v -2.047000 -3.065000 21.639000
v -1.547000 -3.065000 5.512000
v -1.547000 -3.065000 8.368000
v -1.547000 -3.065000 15.425000
v -1.547000 -3.065000 21.621000
v -1.047000 -3.065000 5.060000
v -1.047000 -3.065000 8.705000
v -1.047000 -3.065000 13.601000
v -1.047000 -3.065000 21.494000
v -0.547000 -3.065000 4.873000
v -0.547000 -3.065000 8.985000
v -0.547000 -3.065000 12.634000
v -0.547000 -3.065000 21.170000
v -0.047000 -3.065000 4.883000
v -0.047000 -3.065000 9.161000
v -0.047000 -3.065000 11.839000
v -0.047000 -3.065000 19.806000
v 0.453000 -3.065000 5.098000
v 0.453000 -3.065000 8.876000
v 0.453000 -3.065000 10.036000
v 0.453000 -3.065000 18.563000
v 0.953000 -3.065000 5.733000
v 0.953000 -3.065000 7.989000
v 0.953000 -3.065000 10.122000
v 0.953000 -3.065000 18.186000
v 1.453000 -3.065000 10.267000
v 1.453000 -3.065000 18.052000
v 1.953000 -3.065000 10.754000
v 1.953000 -3.065000 18.048000
v 2.453000 -3.065000 11.267000
v 2.453000 -3.065000 18.252000
v 2.953000 -3.065000 12.208000
v 2.953000 -3.065000 18.675000
v 3.453000 -3.065000 14.834000
v 3.453000 -3.065000 19.188000
v 3.953000 -3.065000 15.539000
v 3.953000 -3.065000 19.404000
v 4.453000 -3.065000 15.764000
v 4.453000 -3.065000 19.386000
v 4.953000 -3.065000 15.914000
v 4.953000 -3.065000 19.154000
v 5.453000 -3.065000 16.028000
v 5.453000 -3.065000 18.998000
v 5.953000 -3.065000 16.127000
v 5.953000 -3.065000 18.959000
v 6.453000 -3.065000 16.374000
v 6.453000 -3.065000 18.750000
v 6.953000 -3.065000 17.692000
v 6.953000 -3.065000 17.844000
v -5.547000 0.935000 18.893000
v -5.547000 0.935000 20.662000
v -5.047000 0.935000 14.684000
v -5.047000 0.935000 16.358000
v -5.047000 0.935000 18.521000
v -5.047000 0.935000 20.914000
v -4.547000 0.935000 14.065000
v -4.547000 0.935000 20.962000
v -4.047000 0.935000 11.200000
v -4.047000 0.935000 21.153000
v -3.547000 0.935000 10.597000
v -3.547000 0.935000 21.401000
v -3.047000 0.935000 10.098000
v -3.047000 0.935000 21.445000
v -2.547000 0.935000 7.557000
v -2.547000 0.935000 21.433000
v -2.047000 0.935000 5.369000
v -2.047000 0.935000 21.175000
v -1.547000 0.935000 5.087000
v -1.547000 0.935000 20.310000
v -1.047000 0.935000 4.893000
v -1.047000 0.935000 19.862000
v -0.547000 0.935000 4.881000
v -0.547000 0.935000 19.582000
v -0.047000 0.935000 4.936000
v -0.047000 0.935000 18.364000
v 0.453000 0.935000 5.130000
v 0.453000 0.935000 17.805000
v 0.953000 0.935000 5.376000
v 0.953000 0.935000 17.635000
v 1.453000 0.935000 5.584000
v 1.453000 0.935000 17.577000
v 1.953000 0.935000 6.152000
v 1.953000 0.935000 17.397000
v 2.453000 0.935000 9.999000
v 2.453000 0.935000 16.938000
v 2.953000 0.935000 10.505000
v 2.953000 0.935000 16.437000
v 3.453000 0.935000 10.816000
v 3.453000 0.935000 15.863000
v 3.953000 0.935000 11.537000
v 3.953000 0.935000 12.881000
v -5.547000 4.935000 7.628000
v -5.547000 4.935000 10.378000
v -5.047000 4.935000 7.057000
v -5.047000 4.935000 10.902000
v -4.547000 4.935000 5.648000
v -4.547000 4.935000 11.084000
v -4.047000 4.935000 5.053000
v -4.047000 4.935000 11.113000
v -3.547000 4.935000 4.547000
v -3.547000 4.935000 11.132000
v -3.047000 4.935000 4.094000
v -3.047000 4.935000 11.137000
v -2.547000 4.935000 3.909000
v -2.547000 4.935000 11.158000
v -2.047000 4.935000 3.896000
v -2.047000 4.935000 11.279000
v -1.547000 4.935000 4.015000
v -1.547000 4.935000 11.468000
v -1.047000 4.935000 4.103000
v -1.047000 4.935000 11.858000
v -0.547000 4.935000 4.361000
v -0.547000 4.935000 6.947000
v -0.547000 4.935000 9.570000
v -0.547000 4.935000 12.394000
v -0.047000 4.935000 10.112000
v -0.047000 4.935000 12.811000
v 0.453000 4.935000 10.600000
v 0.453000 4.935000 13.360000
v 0.953000 4.935000 11.091000
v 0.953000 4.935000 13.378000
v -7.047000 -11.878000 -0.234000
v -7.047000 -10.843000 -0.234000
v -6.547000 -12.490000 -0.234000
v -6.547000 -10.249000 -0.234000
v -6.047000 -12.751000 -0.234000
v -6.047000 -10.056000 -0.234000
v -5.547000 -12.834000 -0.234000
v -5.547000 -10.068000 -0.234000
v -5.047000 -12.841000 -0.234000
v -5.047000 -10.284000 -0.234000
v -4.547000 -12.831000 -0.234000
v -4.547000 -10.647000 -0.234000
v -4.047000 -12.976000 -0.234000
v -4.047000 -10.848000 -0.234000
v -3.547000 -13.325000 -0.234000
v -3.547000 -10.813000 -0.234000
v -3.047000 -13.654000 -0.234000
v -3.047000 -10.649000 -0.234000
v -2.547000 -14.050000 -0.234000
v -2.547000 -10.465000 -0.234000
v -2.047000 -14.223000 -0.234000
v -2.047000 -10.455000 -0.234000
v -1.547000 -14.220000 -0.234000
v -1.547000 -10.550000 -0.234000
v -1.047000 -14.216000 -0.234000
v -1.047000 -10.745000 -0.234000
v -0.547000 -14.289000 -0.234000
v -0.547000 -11.234000 -0.234000
v -0.047000 -14.543000 -0.234000
v -0.047000 -11.638000 -0.234000
v 0.453000 -14.975000 -0.234000
v 0.453000 -11.873000 -0.234000
v 0.953000 -15.210000 -0.234000
v 0.953000 -11.909000 -0.234000
v 1.453000 -15.544000 -0.234000
v 1.453000 -11.746000 -0.234000
v 1.953000 -15.777000 -0.234000
v 1.953000 -11.552000 -0.234000
v 2.453000 -15.834000 -0.234000
v 2.453000 -11.533000 -0.234000
v 2.953000 -15.849000 -0.234000
v 2.953000 -11.541000 -0.234000
v 3.453000 -15.710000 -0.234000
v 3.453000 -11.741000 -0.234000
v 3.953000 -15.507000 -0.234000
v 3.953000 -12.284000 -0.234000
v 4.453000 -15.436000 -0.234000
v 4.453000 -12.725000 -0.234000
v 4.953000 -15.645000 -0.234000
v 4.953000 -12.877000 -0.234000
v 5.453000 -15.857000 -0.234000
v 5.453000 -13.182000 -0.234000
v 5.953000 -15.678000 -0.234000
v 5.953000 -14.134000 -0.234000
v -8.547000 -11.915000 3.766000
v -8.547000 -10.636000 3.766000
v -8.047000 -12.460000 3.766000
v -8.047000 -10.089000 3.766000
v -7.547000 -12.673000 3.766000
v -7.547000 -9.663000 3.766000
v -7.047000 -12.980000 3.766000
v -7.047000 -9.465000 3.766000
v -6.547000 -13.183000 3.766000
v -6.547000 -9.450000 3.766000
v -6.047000 -13.198000 3.766000
v -6.047000 -9.466000 3.766000
v -5.547000 -13.043000 3.766000
v -5.547000 -9.663000 3.766000
v -5.047000 -12.510000 3.766000
v -5.047000 -10.217000 3.766000
v -2.547000 3.190000 3.766000
v -2.547000 4.305000 3.766000
v -2.047000 2.815000 3.766000
v -2.047000 4.681000 3.766000
v -1.547000 -15.054000 3.766000
v -1.547000 -12.633000 3.766000
v -1.547000 2.792000 3.766000
v -1.547000 4.662000 3.766000
v -1.047000 -15.740000 3.766000
v -1.047000 -12.097000 3.766000
v -1.047000 3.082000 3.766000
v -1.047000 4.372000 3.766000
v -0.547000 -15.847000 3.766000
v -0.547000 -11.844000 3.766000
v -0.047000 -15.694000 3.766000
v -0.047000 -11.730000 3.766000
v 0.453000 -15.241000 3.766000
v 0.453000 -11.825000 3.766000
v 0.953000 -14.581000 3.766000
v 0.953000 -12.089000 3.766000
v 1.453000 -14.180000 3.766000
v 1.453000 -12.466000 3.766000
v -5.547000 4.252000 7.766000
v -5.547000 5.178000 7.766000
v -5.047000 3.616000 7.766000
v -5.047000 5.798000 7.766000
v -4.547000 3.081000 7.766000
v -4.547000 5.992000 7.766000
v -4.047000 2.134000 7.766000
v -4.047000 6.052000 7.766000
v -3.547000 1.508000 7.766000
v -3.547000 6.142000 7.766000
v -3.047000 1.247000 7.766000
v -3.047000 6.341000 7.766000
v -2.547000 0.885000 7.766000
v -2.547000 6.344000 7.766000
v -2.047000 -15.475000 7.766000
v -2.047000 -13.797000 7.766000
v -2.047000 -3.087000 7.766000
v -2.047000 -1.698000 7.766000
v -2.047000 0.364000 7.766000
v -2.047000 6.125000 7.766000
v -1.547000 -16.055000 7.766000
v -1.547000 -12.801000 7.766000
v -1.547000 -3.855000 7.766000
v -1.547000 5.874000 7.766000
v -1.047000 -16.391000 7.766000
v -1.047000 -12.282000 7.766000
v -1.047000 -4.078000 7.766000
v -1.047000 5.333000 7.766000
v -0.547000 -16.874000 7.766000
v -0.547000 -12.048000 7.766000
v -0.547000 -4.216000 7.766000
v -0.547000 4.439000 7.766000
v -0.047000 -17.127000 7.766000
v -0.047000 -11.928000 7.766000
v -0.047000 -4.238000 7.766000
v -0.047000 4.056000 7.766000
v 0.453000 -17.451000 7.766000
v 0.453000 -11.979000 7.766000
v 0.453000 -3.965000 7.766000
v 0.453000 3.830000 7.766000
v 0.953000 -17.901000 7.766000
v 0.953000 -12.177000 7.766000
v 0.953000 -3.203000 7.766000
v 0.953000 3.564000 7.766000
v 1.453000 -18.422000 7.766000
v 1.453000 -12.496000 7.766000
v 1.453000 -2.421000 7.766000
v 1.453000 3.357000 7.766000
v 1.953000 -19.295000 7.766000
v 1.953000 -12.627000 7.766000
v 1.953000 -1.462000 7.766000
v 1.953000 2.836000 7.766000
v 2.453000 -19.999000 7.766000
v 2.453000 -12.749000 7.766000
v 2.953000 -20.295000 7.766000
v 2.953000 -13.082000 7.766000
v 3.453000 -20.298000 7.766000
v 3.453000 -16.656000 7.766000
v 3.953000 -20.285000 7.766000
v 3.953000 -17.499000 7.766000
v 4.453000 -20.012000 7.766000
v 4.453000 -18.468000 7.766000
v -4.047000 0.553000 11.766000
v -4.047000 2.251000 11.766000
v -3.547000 0.015000 11.766000
v -3.547000 2.943000 11.766000
v -3.047000 -0.429000 11.766000
v -3.047000 3.219000 11.766000
v -2.547000 -1.001000 11.766000
v -2.547000 3.734000 11.766000
v -2.047000 -1.965000 11.766000
v -2.047000 4.173000 11.766000
v -1.547000 -2.521000 11.766000
v -1.547000 4.687000 11.766000
v -1.047000 -2.720000 11.766000
v -1.047000 4.962000 11.766000
v -0.547000 -2.803000 11.766000
v -0.547000 5.074000 11.766000
v -0.047000 -16.533000 11.766000
v -0.047000 -14.625000 11.766000
v -0.047000 -3.054000 11.766000
v -0.047000 5.068000 11.766000
v 0.453000 -17.049000 11.766000
v 0.453000 -13.415000 11.766000
v 0.453000 -3.370000 11.766000
v 0.453000 5.069000 11.766000
v 0.953000 -17.560000 11.766000
v 0.953000 -12.586000 11.766000
v 0.953000 -3.621000 11.766000
v 0.953000 5.073000 11.766000
v 1.453000 -18.454000 11.766000
v 1.453000 -12.287000 11.766000
v 1.453000 -3.836000 11.766000
v 1.453000 4.893000 11.766000
v 1.953000 -19.047000 11.766000
v 1.953000 -12.077000 11.766000
v 1.953000 -3.821000 11.766000
v 1.953000 4.417000 11.766000
v 2.453000 -19.572000 11.766000
v 2.453000 -12.079000 11.766000
v 2.453000 -3.493000 11.766000
v 2.453000 3.876000 11.766000
v 2.953000 -19.837000 11.766000
v 2.953000 -12.296000 11.766000
v 2.953000 -2.676000 11.766000
v 2.953000 3.427000 11.766000
v 3.453000 -19.812000 11.766000
v 3.453000 -12.757000 11.766000
v 3.453000 -0.967000 11.766000
v 3.453000 2.948000 11.766000
v 3.953000 -19.480000 11.766000
v 3.953000 -16.748000 11.766000
v 3.953000 -14.901000 11.766000
v 3.953000 -13.541000 11.766000
v 3.953000 0.293000 11.766000
v 3.953000 2.395000 11.766000
v -5.047000 0.543000 15.766000
v -5.047000 1.741000 15.766000
v -4.547000 -0.499000 15.766000
v -4.547000 2.314000 15.766000
v -4.047000 -1.395000 15.766000
v -4.047000 2.516000 15.766000
v -3.547000 -2.021000 15.766000
v -3.547000 2.549000 15.766000
v -3.047000 -2.577000 15.766000
v -3.047000 2.574000 15.766000
v -2.547000 -2.809000 15.766000
v -2.547000 2.600000 15.766000
v -2.047000 -2.986000 15.766000
v -2.047000 2.708000 15.766000
v -1.547000 -6.464000 15.766000
v -1.547000 -5.144000 15.766000
v -1.547000 -3.464000 15.766000
v -1.547000 2.877000 15.766000
v -1.047000 -6.937000 15.766000
v -1.047000 3.093000 15.766000
v -0.547000 -16.738000 15.766000
v -0.547000 -15.054000 15.766000
v -0.547000 -7.139000 15.766000
v -0.547000 3.084000 15.766000
v -0.047000 -17.399000 15.766000
v -0.047000 -14.506000 15.766000
v -0.047000 -7.138000 15.766000
v -0.047000 2.897000 15.766000
v 0.453000 -17.896000 15.766000
v 0.453000 -13.451000 15.766000
v 0.453000 -7.167000 15.766000
v 0.453000 2.737000 15.766000
v 0.953000 -18.478000 15.766000
v 0.953000 -11.136000 15.766000
v 0.953000 -7.241000 15.766000
v 0.953000 2.522000 15.766000
v 1.453000 -18.986000 15.766000
v 1.453000 -10.797000 15.766000
v 1.453000 -7.419000 15.766000
v 1.453000 2.506000 15.766000
v 1.953000 -19.205000 15.766000
v 1.953000 -10.774000 15.766000
v 1.953000 -7.970000 15.766000
v 1.953000 2.515000 15.766000
v 2.453000 -19.222000 15.766000
v 2.453000 -10.916000 15.766000
v 2.453000 -8.263000 15.766000
v 2.453000 -5.590000 15.766000
v 2.453000 -4.406000 15.766000
v 2.453000 2.495000 15.766000
v 2.953000 -19.185000 15.766000
v 2.953000 -11.135000 15.766000
v 2.953000 -8.505000 15.766000
v 2.953000 -6.195000 15.766000
v 2.953000 -3.860000 15.766000
v 2.953000 2.267000 15.766000
v 3.453000 -19.178000 15.766000
v 3.453000 -11.656000 15.766000
v 3.453000 -9.094000 15.766000
v 3.453000 -6.305000 15.766000
v 3.453000 -3.455000 15.766000
v 3.453000 1.481000 15.766000
v 3.953000 -19.018000 15.766000
v 3.953000 -12.163000 15.766000
v 3.953000 -9.359000 15.766000
v 3.953000 -6.329000 15.766000
v 3.953000 -3.226000 15.766000
v 3.953000 -0.523000 15.766000
v 4.453000 -18.882000 15.766000
v 4.453000 -12.577000 15.766000
v 4.453000 -9.330000 15.766000
v 4.453000 -6.199000 15.766000
v 4.453000 -3.068000 15.766000
v 4.453000 -1.068000 15.766000
v 4.953000 -18.829000 15.766000
v 4.953000 -13.150000 15.766000
v 4.953000 -9.271000 15.766000
v 4.953000 -5.905000 15.766000
v 5.453000 -18.812000 15.766000
v 5.453000 -13.370000 15.766000
v 5.453000 -8.987000 15.766000
v 5.453000 -5.668000 15.766000
v 5.953000 -18.632000 15.766000
v 5.953000 -13.479000 15.766000
v 5.953000 -8.621000 15.766000
v 5.953000 -5.636000 15.766000
v 6.453000 -18.419000 15.766000
v 6.453000 -13.470000 15.766000
v 6.453000 -8.356000 15.766000
v 6.453000 -5.931000 15.766000
v 6.953000 -17.803000 15.766000
v 6.953000 -13.485000 15.766000
v 6.953000 -7.559000 15.766000
v 6.953000 -7.054000 15.766000
v 7.453000 -17.240000 15.766000
v 7.453000 -13.714000 15.766000
v 7.953000 -16.964000 15.766000
v 7.953000 -14.118000 15.766000
v 8.453000 -16.377000 15.766000
v 8.453000 -14.706000 15.766000
v -7.547000 -5.506000 19.766000
v -7.547000 -3.707000 19.766000
v -7.047000 -6.044000 19.766000
v -7.047000 -3.154000 19.766000
v -6.547000 -6.489000 19.766000
v -6.547000 -2.825000 19.766000
v -6.047000 -6.673000 19.766000
v -6.047000 0.772000 19.766000
v -5.547000 -6.664000 19.766000
v -5.547000 1.336000 19.766000
v -5.047000 -6.458000 19.766000
v -5.047000 1.535000 19.766000
v -4.547000 -5.979000 19.766000
v -4.547000 1.574000 19.766000
v -4.047000 -5.661000 19.766000
v -4.047000 1.585000 19.766000
v -3.547000 -5.444000 19.766000
v -3.547000 1.576000 19.766000
v -3.047000 -5.342000 19.766000
v -3.047000 1.539000 19.766000
v -2.547000 -5.432000 19.766000
v -2.547000 1.532000 19.766000
v -2.047000 -5.635000 19.766000
v -2.047000 1.486000 19.766000
v -1.547000 -5.858000 19.766000
v -1.547000 1.286000 19.766000
v -1.047000 -6.144000 19.766000
v -1.047000 1.040000 19.766000
v -0.547000 -9.900000 19.766000
v -0.547000 -7.851000 19.766000
v -0.547000 -6.618000 19.766000
v -0.547000 -1.582000 19.766000
v -0.547000 -0.412000 19.766000
v -0.547000 0.669000 19.766000
v -0.047000 -10.214000 19.766000
v -0.047000 -3.022000 19.766000
v 0.453000 -10.270000 19.766000
v 0.453000 -3.846000 19.766000
v 0.953000 -10.365000 19.766000
v 0.953000 -4.209000 19.766000
v 1.453000 -10.362000 19.766000
v 1.453000 -4.260000 19.766000
v 1.953000 -10.287000 19.766000
v 1.953000 -4.112000 19.766000
v 2.453000 -10.329000 19.766000
v 2.453000 -3.933000 19.766000
v 2.953000 -10.379000 19.766000
v 2.953000 -3.819000 19.766000
v 3.453000 -10.645000 19.766000
v 3.453000 -3.755000 19.766000
v 3.953000 -10.904000 19.766000
v 3.953000 -3.744000 19.766000
v 4.453000 -11.012000 19.766000
v 4.453000 -3.965000 19.766000
v 4.953000 -11.249000 19.766000
v 4.953000 -4.079000 19.766000
v 5.453000 -11.227000 19.766000
v 5.453000 -4.036000 19.766000
v 5.953000 -10.862000 19.766000
v 5.953000 -3.831000 19.766000
v 6.453000 -10.454000 19.766000
v 6.453000 -3.789000 19.766000
v 6.953000 -9.902000 19.766000
v 6.953000 -3.857000 19.766000
v 7.453000 -9.073000 19.766000
v 7.453000 -3.986000 19.766000
v 7.953000 -8.264000 19.766000
v 7.953000 -4.197000 19.766000
v 8.453000 -7.504000 19.766000
v 8.453000 -4.680000 19.766000
v 8.953000 -6.934000 19.766000
v 8.953000 -5.292000 19.766000
v 4.953000 -6.277000 23.766000
v 4.953000 -5.296000 23.766000
v 5.453000 -6.883000 23.766000
v 5.453000 -4.690000 23.766000
v 5.953000 -7.082000 23.766000
v 5.953000 -4.444000 23.766000
v 6.453000 -7.225000 23.766000
v 6.453000 -4.138000 23.766000
v 6.953000 -7.368000 23.766000
v 6.953000 -3.941000 23.766000
v 7.453000 -7.398000 23.766000
v 7.453000 -3.939000 23.766000
v 7.953000 -7.303000 23.766000
v 7.953000 -4.133000 23.766000
v 8.453000 -6.962000 23.766000
v 8.453000 -4.679000 23.766000
v 2.034000 -18.565000 7.266000
v 4.117000 -18.565000 7.266000
v 1.593000 -18.565000 7.766000
v 4.499000 -18.565000 7.766000
v 1.456000 -18.565000 8.266000
v 4.836000 -18.565000 8.266000
v 1.476000 -18.565000 8.766000
v 4.931000 -18.565000 8.766000
v 1.560000 -18.565000 9.266000
v 4.902000 -18.565000 9.266000
v 1.570000 -18.565000 9.766000
v 4.855000 -18.565000 9.766000
v 1.476000 -18.565000 10.266000
v 4.907000 -18.565000 10.266000
v 1.512000 -18.565000 10.766000
v 4.817000 -18.565000 10.766000
v 1.496000 -18.565000 11.266000
v 4.538000 -18.565000 11.266000
v 1.522000 -18.565000 11.766000
v 4.142000 -18.565000 11.766000
v 1.648000 -18.565000 12.266000
v 3.747000 -18.565000 12.266000
v 1.827000 -18.565000 12.766000
v 3.392000 -18.565000 12.766000
v 1.827000 -18.565000 13.266000
v 3.266000 -18.565000 13.266000
v 1.632000 -18.565000 13.766000
v 3.449000 -18.565000 13.766000
v 1.396000 -18.565000 14.266000
v 3.808000 -18.565000 14.266000
v 1.108000 -18.565000 14.766000
v 4.334000 -18.565000 14.766000
v 1.021000 -18.565000 15.266000
v 5.631000 -18.565000 15.266000
v 1.037000 -18.565000 15.766000
v 6.165000 -18.565000 15.766000
v 0.978000 -18.565000 16.266000
v 6.381000 -18.565000 16.266000
v 1.126000 -18.565000 16.766000
v 6.377000 -18.565000 16.766000
v 1.647000 -18.565000 17.266000
v 6.244000 -18.565000 17.266000
v 4.169000 -18.565000 17.766000
v 5.748000 -18.565000 17.766000
v 1.090000 -14.565000 -2.734000
v 3.924000 -14.565000 -2.734000
v 0.662000 -14.565000 -2.234000
v 5.377000 -14.565000 -2.234000
v 0.249000 -14.565000 -1.734000
v 5.802000 -14.565000 -1.734000
v 0.017000 -14.565000 -1.234000
v 5.920000 -14.565000 -1.234000
v -0.013000 -14.565000 -0.734000
v 6.003000 -14.565000 -0.734000
v -0.020000 -14.565000 -0.234000
v 6.110000 -14.565000 -0.234000
v -0.226000 -14.565000 0.266000
v 6.268000 -14.565000 0.266000
v -1.776000 -14.565000 0.766000
v 6.542000 -14.565000 0.766000
v -2.012000 -14.565000 1.266000
v 6.787000 -14.565000 1.266000
v -1.980000 -14.565000 1.766000
v 6.484000 -14.565000 1.766000
v -2.002000 -14.565000 2.266000
v 6.059000 -14.565000 2.266000
v -1.880000 -14.565000 2.766000
v 3.034000 -14.565000 2.766000
v -1.705000 -14.565000 3.266000
v 1.286000 -14.565000 3.266000
v -1.644000 -14.565000 3.766000
v 0.968000 -14.565000 3.766000
v -1.714000 -14.565000 4.266000
v 0.928000 -14.565000 4.266000
v -1.898000 -14.565000 4.766000
v 1.025000 -14.565000 4.766000
v -2.128000 -14.565000 5.266000
v 1.107000 -14.565000 5.266000
v -2.211000 -14.565000 5.766000
v 1.104000 -14.565000 5.766000
v -2.187000 -14.565000 6.266000
v 1.150000 -14.565000 6.266000
v -2.163000 -14.565000 6.766000
v 1.325000 -14.565000 6.766000
v -2.211000 -14.565000 7.266000
v 1.948000 -14.565000 7.266000
v -2.191000 -14.565000 7.766000
v 3.160000 -14.565000 7.766000
v -2.171000 -14.565000 8.266000
v 3.694000 -14.565000 8.266000
v -2.073000 -14.565000 8.766000
v 4.023000 -14.565000 8.766000
v -1.778000 -14.565000 9.266000
v 4.114000 -14.565000 9.266000
v -1.584000 -14.565000 9.766000
v 4.070000 -14.565000 9.766000
v -1.244000 -14.565000 10.266000
v 4.079000 -14.565000 10.266000
v -0.510000 -14.565000 10.766000
v 4.054000 -14.565000 10.766000
v -0.130000 -14.565000 11.266000
v 4.115000 -14.565000 11.266000
v -0.014000 -14.565000 11.766000
v 4.037000 -14.565000 11.766000
v -0.110000 -14.565000 12.266000
v 3.913000 -14.565000 12.266000
v -0.417000 -14.565000 12.766000
v 3.877000 -14.565000 12.766000
v -0.808000 -14.565000 13.266000
v 3.921000 -14.565000 13.266000
v -0.922000 -14.565000 13.766000
v 4.031000 -14.565000 13.766000
v -1.021000 -14.565000 14.266000
v 4.395000 -14.565000 14.266000
v -0.929000 -14.565000 14.766000
v 7.784000 -14.565000 14.766000
v -0.546000 -14.565000 15.266000
v 8.253000 -14.565000 15.266000
v -0.104000 -14.565000 15.766000
v 8.379000 -14.565000 15.766000
v 0.039000 -14.565000 16.266000
v 8.415000 -14.565000 16.266000
v 0.051000 -14.565000 16.766000
v 8.411000 -14.565000 16.766000
v 0.156000 -14.565000 17.266000
v 8.363000 -14.565000 17.266000
v 0.571000 -14.565000 17.766000
v 8.349000 -14.565000 17.766000
v 5.045000 -14.565000 18.266000
v 8.230000 -14.565000 18.266000
v 6.511000 -14.565000 18.766000
v 7.767000 -14.565000 18.766000
v -6.469000 -10.565000 -0.734000
v -5.191000 -10.565000 -0.734000
v -2.590000 -10.565000 -0.734000
v -1.942000 -10.565000 -0.734000
v -6.887000 -10.565000 -0.234000
v -4.664000 -10.565000 -0.234000
v -2.853000 -10.565000 -0.234000
v -1.476000 -10.565000 -0.234000
v -7.053000 -10.565000 0.266000
v -4.055000 -10.565000 0.266000
v -3.052000 -10.565000 0.266000
v -1.197000 -10.565000 0.266000
v -7.422000 -10.565000 0.766000
v -3.936000 -10.565000 0.766000
v -2.821000 -10.565000 0.766000
v -1.524000 -10.565000 0.766000
v -7.859000 -10.565000 1.266000
v -4.028000 -10.565000 1.266000
v -8.059000 -10.565000 1.766000
v -4.240000 -10.565000 1.766000
v -8.390000 -10.565000 2.266000
v -4.570000 -10.565000 2.266000
v -8.496000 -10.565000 2.766000
v -4.764000 -10.565000 2.766000
v -8.515000 -10.565000 3.266000
v -4.910000 -10.565000 3.266000
v -8.508000 -10.565000 3.766000
v -4.928000 -10.565000 3.766000
v -8.380000 -10.565000 4.266000
v -5.020000 -10.565000 4.266000
v -8.086000 -10.565000 4.766000
v -5.270000 -10.565000 4.766000
v -7.928000 -10.565000 5.266000
v -5.693000 -10.565000 5.266000
v -7.511000 -10.565000 5.766000
v -6.144000 -10.565000 5.766000
v 0.890000 -10.565000 16.266000
v 3.536000 -10.565000 16.266000
v 0.260000 -10.565000 16.766000
v 4.448000 -10.565000 16.766000
v -0.089000 -10.565000 17.266000
v 5.925000 -10.565000 17.266000
v -0.300000 -10.565000 17.766000
v 6.321000 -10.565000 17.766000
v -0.461000 -10.565000 18.266000
v 6.537000 -10.565000 18.266000
v -0.466000 -10.565000 18.766000
v 6.621000 -10.565000 18.766000
v -0.215000 -10.565000 19.266000
v 6.572000 -10.565000 19.266000
v 3.373000 -10.565000 19.766000
v 6.298000 -10.565000 19.766000
v -0.257000 -6.565000 14.766000
v 1.012000 -6.565000 14.766000
v -1.032000 -6.565000 15.266000
v 2.156000 -6.565000 15.266000
v 5.002000 -6.565000 15.266000
v 6.324000 -6.565000 15.266000
v -1.469000 -6.565000 15.766000
v 6.795000 -6.565000 15.766000
v -1.855000 -6.565000 16.266000
v 7.182000 -6.565000 16.266000
v -1.954000 -6.565000 16.766000
v 7.522000 -6.565000 16.766000
v -1.967000 -6.565000 17.266000
v 7.701000 -6.565000 17.266000
v -2.022000 -6.565000 17.766000
v 7.973000 -6.565000 17.766000
v -1.801000 -6.565000 18.266000
v 8.215000 -6.565000 18.266000
v -1.093000 -6.565000 18.766000
v 8.612000 -6.565000 18.766000
v -6.125000 -6.565000 19.266000
v -5.517000 -6.565000 19.266000
v -0.726000 -6.565000 19.266000
v 8.969000 -6.565000 19.266000
v -6.403000 -6.565000 19.766000
v -5.240000 -6.565000 19.766000
v -0.579000 -6.565000 19.766000
v 9.081000 -6.565000 19.766000
v -6.415000 -6.565000 20.266000
v -5.209000 -6.565000 20.266000
v -0.636000 -6.565000 20.266000
v 9.003000 -6.565000 20.266000
v -6.184000 -6.565000 20.766000
v -5.441000 -6.565000 20.766000
v -0.645000 -6.565000 20.766000
v 8.712000 -6.565000 20.766000
v -0.530000 -6.565000 21.266000
v 8.471000 -6.565000 21.266000
v -0.169000 -6.565000 21.766000
v 8.338000 -6.565000 21.766000
v 4.190000 -6.565000 22.266000
v 8.100000 -6.565000 22.266000
v 4.698000 -6.565000 22.766000
v 8.015000 -6.565000 22.766000
v 4.955000 -6.565000 23.266000
v 8.220000 -6.565000 23.266000
v 5.114000 -6.565000 23.766000
v 8.646000 -6.565000 23.766000
v 5.547000 -6.565000 24.266000
v 9.071000 -6.565000 24.266000
v 5.936000 -6.565000 24.766000
v 9.593000 -6.565000 24.766000
v 6.124000 -6.565000 25.266000
v 10.577000 -6.565000 25.266000
v 6.536000 -6.565000 25.766000
v 10.934000 -6.565000 25.766000
v 7.161000 -6.565000 26.266000
v 11.041000 -6.565000 26.266000
v 8.112000 -6.565000 26.766000
v 10.961000 -6.565000 26.766000
v 8.662000 -6.565000 27.266000
v 10.650000 -6.565000 27.266000
v -0.997000 -2.565000 5.266000
v 0.449000 -2.565000 5.266000
v -1.827000 -2.565000 5.766000
v 0.877000 -2.565000 5.766000
v -2.140000 -2.565000 6.266000
v 1.006000 -2.565000 6.266000
v -2.221000 -2.565000 6.766000
v 1.145000 -2.565000 6.766000
v -2.168000 -2.565000 7.266000
v 1.281000 -2.565000 7.266000
v -2.061000 -2.565000 7.766000
v 1.371000 -2.565000 7.766000
v -1.708000 -2.565000 8.266000
v 1.285000 -2.565000 8.266000
v -1.267000 -2.565000 8.766000
v 1.167000 -2.565000 8.766000
v -0.824000 -2.565000 9.266000
v 1.257000 -2.565000 9.266000
v -0.534000 -2.565000 9.766000
v 1.798000 -2.565000 9.766000
v -0.501000 -2.565000 10.266000
v 2.365000 -2.565000 10.266000
v -0.695000 -2.565000 10.766000
v 2.788000 -2.565000 10.766000
v -1.266000 -2.565000 11.266000
v 2.892000 -2.565000 11.266000
v -1.473000 -2.565000 11.766000
v 2.984000 -2.565000 11.766000
v -1.323000 -2.565000 12.266000
v 3.061000 -2.565000 12.266000
v -1.159000 -2.565000 12.766000
v 3.193000 -2.565000 12.766000
v -1.112000 -2.565000 13.266000
v 3.463000 -2.565000 13.266000
v -1.154000 -2.565000 13.766000
v 3.591000 -2.565000 13.766000
v -1.241000 -2.565000 14.266000
v 3.774000 -2.565000 14.266000
v -1.381000 -2.565000 14.766000
v 3.977000 -2.565000 14.766000
v -1.737000 -2.565000 15.266000
v 4.350000 -2.565000 15.266000
v -3.064000 -2.565000 15.766000
v 4.748000 -2.565000 15.766000
v -4.224000 -2.565000 16.266000
v 5.308000 -2.565000 16.266000
v -4.670000 -2.565000 16.766000
v 5.980000 -2.565000 16.766000
v -5.004000 -2.565000 17.266000
v 6.288000 -2.565000 17.266000
v -5.494000 -2.565000 17.766000
v 6.454000 -2.565000 17.766000
v -5.878000 -2.565000 18.266000
v 0.733000 -2.565000 18.266000
v 2.637000 -2.565000 18.266000
v 6.248000 -2.565000 18.266000
v -6.046000 -2.565000 18.766000
v 0.242000 -2.565000 18.766000
v 3.271000 -2.565000 18.766000
v 5.244000 -2.565000 18.766000
v -6.260000 -2.565000 19.266000
v 0.026000 -2.565000 19.266000
v -6.321000 -2.565000 19.766000
v -0.196000 -2.565000 19.766000
v -6.196000 -2.565000 20.266000
v -0.360000 -2.565000 20.266000
v -5.797000 -2.565000 20.766000
v -0.468000 -2.565000 20.766000
v -3.756000 -2.565000 21.266000
v -0.807000 -2.565000 21.266000
v -2.319000 1.435000 5.266000
v 0.458000 1.435000 5.266000
v -2.824000 1.435000 5.766000
v 1.669000 1.435000 5.766000
v -2.984000 1.435000 6.266000
v 2.003000 1.435000 6.266000
v -3.141000 1.435000 6.766000
v 2.098000 1.435000 6.766000
v -3.313000 1.435000 7.266000
v 2.127000 1.435000 7.266000
v -3.433000 1.435000 7.766000
v 2.096000 1.435000 7.766000
v -3.507000 1.435000 8.266000
v 2.154000 1.435000 8.266000
v -3.542000 1.435000 8.766000
v 2.326000 1.435000 8.766000
v -3.472000 1.435000 9.266000
v 2.431000 1.435000 9.266000
v -3.458000 1.435000 9.766000
v 2.553000 1.435000 9.766000
v -3.654000 1.435000 10.266000
v 2.930000 1.435000 10.266000
v -3.870000 1.435000 10.766000
v 3.685000 1.435000 10.766000
v -4.091000 1.435000 11.266000
v 4.024000 1.435000 11.266000
v -4.193000 1.435000 11.766000
v 4.119000 1.435000 11.766000
v -4.139000 1.435000 12.266000
v 4.110000 1.435000 12.266000
v -4.071000 1.435000 12.766000
v 3.999000 1.435000 12.766000
v -4.065000 1.435000 13.266000
v 3.718000 1.435000 13.266000
v -4.274000 1.435000 13.766000
v 3.581000 1.435000 13.766000
v -4.764000 1.435000 14.266000
v 3.561000 1.435000 14.266000
v -5.076000 1.435000 14.766000
v 3.628000 1.435000 14.766000
v -5.156000 1.435000 15.266000
v 3.562000 1.435000 15.266000
v -5.151000 1.435000 15.766000
v 3.461000 1.435000 15.766000
v -5.068000 1.435000 16.266000
v 3.130000 1.435000 16.266000
v -4.777000 1.435000 16.766000
v 2.379000 1.435000 16.766000
v -4.577000 1.435000 17.266000
v 1.774000 1.435000 17.266000
v -4.416000 1.435000 17.766000
v -0.412000 1.435000 17.766000
v -4.163000 1.435000 18.266000
v -0.617000 1.435000 18.266000
v -3.911000 1.435000 18.766000
v -0.766000 1.435000 18.766000
v -5.054000 1.435000 19.266000
v -1.282000 1.435000 19.266000
v -5.365000 1.435000 19.766000
v -1.857000 1.435000 19.766000
v -5.095000 1.435000 20.266000
v -2.213000 1.435000 20.266000
v -3.680000 1.435000 20.766000
v -2.453000 1.435000 20.766000
v -2.925000 5.435000 4.266000
v -1.738000 5.435000 4.266000
v -3.757000 5.435000 4.766000
v -0.851000 5.435000 4.766000
v -4.106000 5.435000 5.266000
v -0.633000 5.435000 5.266000
v -4.409000 5.435000 5.766000
v -0.676000 5.435000 5.766000
v -4.512000 5.435000 6.266000
v -0.848000 5.435000 6.266000
v -4.607000 5.435000 6.766000
v -1.025000 5.435000 6.766000
v -4.972000 5.435000 7.266000
v -1.102000 5.435000 7.266000
v -5.414000 5.435000 7.766000
v -1.107000 5.435000 7.766000
v -5.539000 5.435000 8.266000
v -1.122000 5.435000 8.266000
v -5.578000 5.435000 8.766000
v -1.023000 5.435000 8.766000
v -5.650000 5.435000 9.266000
v -0.917000 5.435000 9.266000
v -5.711000 5.435000 9.766000
v -0.895000 5.435000 9.766000
v -5.600000 5.435000 10.266000
v -1.080000 5.435000 10.266000
v -5.233000 5.435000 10.766000
v -1.397000 5.435000 10.766000
v 1.453000 -18.565000 14.174000
v 1.453000 -18.565000 17.128000
v 1.953000 -18.565000 7.332000
v 1.953000 -18.565000 17.390000
v 2.453000 -18.565000 7.031000
v 2.453000 -18.565000 17.413000
v 2.953000 -18.565000 6.900000
v 2.953000 -18.565000 17.431000
v 3.453000 -18.565000 6.915000
v 3.453000 -18.565000 12.661000
v 3.453000 -18.565000 13.772000
v 3.453000 -18.565000 17.476000
v 3.953000 -18.565000 7.132000
v 3.953000 -18.565000 12.015000
v 3.953000 -18.565000 14.395000
v 3.953000 -18.565000 17.635000
v 4.453000 -18.565000 7.701000
v 4.453000 -18.565000 11.381000
v 4.453000 -18.565000 14.861000
v 4.453000 -18.565000 17.871000
v 4.953000 -18.565000 15.074000
v 4.953000 -18.565000 17.888000
v 5.453000 -18.565000 15.139000
v 5.453000 -18.565000 17.873000
v 5.953000 -18.565000 15.620000
v 5.953000 -18.565000 17.630000
v -2.047000 -14.565000 5.075000
v -2.047000 -14.565000 8.826000
v -1.547000 -14.565000 0.630000
v -1.547000 -14.565000 9.851000
v -1.047000 -14.565000 0.607000
v -1.047000 -14.565000 10.419000
v -0.547000 -14.565000 0.511000
v -0.547000 -14.565000 10.735000
v -0.547000 -14.565000 12.898000
v -0.547000 -14.565000 15.265000
v -0.047000 -14.565000 -0.091000
v -0.047000 -14.565000 11.500000
v -0.047000 -14.565000 12.077000
v -0.047000 -14.565000 15.898000
v 0.453000 -14.565000 -1.941000
v 0.453000 -14.565000 17.669000
v 0.953000 -14.565000 -2.626000
v 0.953000 -14.565000 3.816000
v 0.953000 -14.565000 4.387000
v 0.953000 -14.565000 17.990000
v 1.453000 -14.565000 -2.896000
v 1.453000 -14.565000 3.143000
v 1.453000 -14.565000 6.946000
v 1.453000 -14.565000 18.171000
v 1.953000 -14.565000 -2.909000
v 1.953000 -14.565000 2.992000
v 1.953000 -14.565000 7.268000
v 1.953000 -14.565000 18.170000
v 2.453000 -14.565000 -2.780000
v 2.453000 -14.565000 2.963000
v 2.453000 -14.565000 7.413000
v 2.453000 -14.565000 18.163000
v 2.953000 -14.565000 -2.750000
v 2.953000 -14.565000 2.801000
v 2.953000 -14.565000 7.607000
v 2.953000 -14.565000 18.157000
v 3.453000 -14.565000 -2.744000
v 3.453000 -14.565000 2.583000
v 3.453000 -14.565000 8.059000
v 3.453000 -14.565000 18.169000
v 3.953000 -14.565000 -2.723000
v 3.953000 -14.565000 2.420000
v 3.953000 -14.565000 8.610000
v 3.953000 -14.565000 12.068000
v 3.953000 -14.565000 13.503000
v 3.953000 -14.565000 18.187000
v 4.453000 -14.565000 -2.526000
v 4.453000 -14.565000 2.350000
v 4.453000 -14.565000 14.312000
v 4.453000 -14.565000 18.183000
v 4.953000 -14.565000 -2.409000
v 4.953000 -14.565000 2.379000
v 4.953000 -14.565000 14.546000
v 4.953000 -14.565000 18.237000
v 5.453000 -14.565000 -2.180000
v 5.453000 -14.565000 2.371000
v 5.453000 -14.565000 14.623000
v 5.453000 -14.565000 18.473000
v 5.953000 -14.565000 -1.029000
v 5.953000 -14.565000 2.319000
v 5.953000 -14.565000 14.621000
v 5.953000 -14.565000 18.658000
v 6.453000 -14.565000 0.632000
v 6.453000 -14.565000 1.791000
v 6.453000 -14.565000 14.586000
v 6.453000 -14.565000 18.749000
v 6.953000 -14.565000 14.589000
v 6.953000 -14.565000 18.908000
v 7.453000 -14.565000 14.633000
v 7.453000 -14.565000 18.894000
v 7.953000 -14.565000 14.885000
v 7.953000 -14.565000 18.631000
v -8.047000 -10.565000 1.745000
v -8.047000 -10.565000 4.872000
v -7.547000 -10.565000 0.869000
v -7.547000 -10.565000 5.740000
v -7.047000 -10.565000 0.254000
v -7.047000 -10.565000 5.958000
v -6.547000 -10.565000 -0.677000
v -6.547000 -10.565000 5.945000
v -6.047000 -10.565000 -0.907000
v -6.047000 -10.565000 5.692000
v -5.547000 -10.565000 -0.892000
v -5.547000 -10.565000 5.120000
v -5.047000 -10.565000 -0.621000
v -5.047000 -10.565000 4.331000
v -4.547000 -10.565000 -0.157000
v -4.547000 -10.565000 2.228000
v -4.047000 -10.565000 0.274000
v -4.047000 -10.565000 1.326000
v -3.047000 -10.565000 0.246000
v -3.047000 -10.565000 0.457000
v -2.547000 -10.565000 -0.760000
v -2.547000 -10.565000 0.944000
v -2.047000 -10.565000 -0.790000
v -2.047000 -10.565000 0.954000
v -1.547000 -10.565000 -0.280000
v -1.547000 -10.565000 0.776000
v -0.047000 -10.565000 17.186000
v -0.047000 -10.565000 19.404000
v 0.453000 -10.565000 16.602000
v 0.453000 -10.565000 19.606000
v 0.953000 -10.565000 16.225000
v 0.953000 -10.565000 19.690000
v 1.453000 -10.565000 16.004000
v 1.453000 -10.565000 19.686000
v 1.953000 -10.565000 15.976000
v 1.953000 -10.565000 19.623000
v 2.453000 -10.565000 16.053000
v 2.453000 -10.565000 19.639000
v 2.953000 -10.565000 16.109000
v 2.953000 -10.565000 19.678000
v 3.453000 -10.565000 16.226000
v 3.453000 -10.565000 19.797000
v 3.953000 -10.565000 16.518000
v 3.953000 -10.565000 19.974000
v 4.453000 -10.565000 16.767000
v 4.453000 -10.565000 20.039000
v 4.953000 -10.565000 16.848000
v 4.953000 -10.565000 20.137000
v 5.453000 -10.565000 16.944000
v 5.453000 -10.565000 20.126000
v 5.953000 -10.565000 17.295000
v 5.953000 -10.565000 20.010000
v 6.453000 -10.565000 18.028000
v 6.453000 -10.565000 19.553000
v -6.047000 -6.565000 19.226000
v -6.047000 -6.565000 20.846000
v -5.547000 -6.565000 19.249000
v -5.547000 -6.565000 20.832000
v -1.547000 -6.565000 15.843000
v -1.547000 -6.565000 18.494000
v -1.047000 -6.565000 15.278000
v -1.047000 -6.565000 18.810000
v -0.547000 -6.565000 14.967000
v -0.547000 -6.565000 21.223000
v -0.047000 -6.565000 14.633000
v -0.047000 -6.565000 21.861000
v 0.453000 -6.565000 14.625000
v 0.453000 -6.565000 22.078000
v 0.953000 -6.565000 14.735000
v 0.953000 -6.565000 22.122000
v 1.453000 -6.565000 14.975000
v 1.453000 -6.565000 22.133000
v 1.953000 -6.565000 15.185000
v 1.953000 -6.565000 22.136000
v 2.453000 -6.565000 15.380000
v 2.453000 -6.565000 22.152000
v 2.953000 -6.565000 15.548000
v 2.953000 -6.565000 22.132000
v 3.453000 -6.565000 15.573000
v 3.453000 -6.565000 22.067000
v 3.953000 -6.565000 15.583000
v 3.953000 -6.565000 22.153000
v 4.453000 -6.565000 15.508000
v 4.453000 -6.565000 22.470000
v 4.953000 -6.565000 15.295000
v 4.953000 -6.565000 23.258000
v 5.453000 -6.565000 15.085000
v 5.453000 -6.565000 24.185000
v 5.953000 -6.565000 15.102000
v 5.953000 -6.565000 24.797000
v 6.453000 -6.565000 15.365000
v 6.453000 -6.565000 25.694000
v 6.953000 -6.565000 15.981000
v 6.953000 -6.565000 26.106000
v 7.453000 -6.565000 16.621000
v 7.453000 -6.565000 26.476000
v 7.953000 -6.565000 17.714000
v 7.953000 -6.565000 26.686000
v 8.453000 -6.565000 18.584000
v 8.453000 -6.565000 21.332000
v 8.453000 -6.565000 23.556000
v 8.453000 -6.565000 27.030000
v 8.953000 -6.565000 19.229000
v 8.953000 -6.565000 20.390000
v 8.953000 -6.565000 24.134000
v 8.953000 -6.565000 27.494000
v 9.453000 -6.565000 24.662000
v 9.453000 -6.565000 27.671000
v 9.953000 -6.565000 24.941000
v 9.953000 -6.565000 27.654000
v 10.453000 -6.565000 25.167000
v 10.453000 -6.565000 27.435000
v 10.953000 -6.565000 25.812000
v 10.953000 -6.565000 26.790000
v -6.047000 -2.565000 18.772000
v -6.047000 -2.565000 20.500000
v -5.547000 -2.565000 17.813000
v -5.547000 -2.565000 20.952000
v -5.047000 -2.565000 17.322000
v -5.047000 -2.565000 21.128000
v -4.547000 -2.565000 16.606000
v -4.547000 -2.565000 21.181000
v -4.047000 -2.565000 16.127000
v -4.047000 -2.565000 21.223000
v -3.547000 -2.565000 15.921000
v -3.547000 -2.565000 21.312000
v -3.047000 -2.565000 15.759000
v -3.047000 -2.565000 21.526000
v -2.547000 -2.565000 15.566000
v -2.547000 -2.565000 21.665000
v -2.047000 -2.565000 6.061000
v -2.047000 -2.565000 7.797000
v -2.047000 -2.565000 15.428000
v -2.047000 -2.565000 21.669000
v -1.547000 -2.565000 5.545000
v -1.547000 -2.565000 8.428000
v -1.547000 -2.565000 15.077000
v -1.547000 -2.565000 21.628000
v -1.047000 -2.565000 5.292000
v -1.047000 -2.565000 9.000000
v -1.047000 -2.565000 11.119000
v -1.047000 -2.565000 21.448000
v -0.547000 -2.565000 5.079000
v -0.547000 -2.565000 9.728000
v -0.547000 -2.565000 10.469000
v -0.547000 -2.565000 20.933000
v -0.047000 -2.565000 5.067000
v -0.047000 -2.565000 19.462000
v 0.453000 -2.565000 5.268000
v 0.453000 -2.565000 18.493000
v 0.953000 -2.565000 5.981000
v 0.953000 -2.565000 18.152000
v 1.453000 -2.565000 9.496000
v 1.453000 -2.565000 18.032000
v 1.953000 -2.565000 9.879000
v 1.953000 -2.565000 18.049000
v 2.453000 -2.565000 10.329000
v 2.453000 -2.565000 18.177000
v 2.953000 -2.565000 11.631000
v 2.953000 -2.565000 18.464000
v 3.453000 -2.565000 13.241000
v 3.453000 -2.565000 18.909000
v 3.953000 -2.565000 14.722000
v 3.953000 -2.565000 19.116000
v 4.453000 -2.565000 15.400000
v 4.453000 -2.565000 19.112000
v 4.953000 -2.565000 15.981000
v 4.953000 -2.565000 18.921000
v 5.453000 -2.565000 16.371000
v 5.453000 -2.565000 18.665000
v 5.953000 -2.565000 16.744000
v 5.953000 -2.565000 18.446000
v 6.453000 -2.565000 17.723000
v 6.453000 -2.565000 17.813000
v -5.047000 1.435000 14.692000
v -5.047000 1.435000 16.318000
v -5.047000 1.435000 19.263000
v -5.047000 1.435000 20.293000
v -4.547000 1.435000 14.070000
v -4.547000 1.435000 17.365000
v -4.547000 1.435000 19.161000
v -4.547000 1.435000 20.391000
v -4.047000 1.435000 11.166000
v -4.047000 1.435000 18.536000
v -4.047000 1.435000 18.886000
v -4.047000 1.435000 20.495000
v -3.547000 1.435000 10.020000
v -3.547000 1.435000 20.848000
v -3.047000 1.435000 6.493000
v -3.047000 1.435000 20.887000
v -2.547000 1.435000 5.421000
v -2.547000 1.435000 20.826000
v -2.047000 1.435000 5.126000
v -2.047000 1.435000 19.929000
v -1.547000 1.435000 4.947000
v -1.547000 1.435000 19.414000
v -1.047000 1.435000 4.857000
v -1.047000 1.435000 19.181000
v -0.547000 1.435000 4.888000
v -0.547000 1.435000 17.970000
v -0.047000 1.435000 5.072000
v -0.047000 1.435000 17.524000
v 0.453000 1.435000 5.264000
v 0.453000 1.435000 17.456000
v 0.953000 1.435000 5.401000
v 0.953000 1.435000 17.405000
v 1.453000 1.435000 5.596000
v 1.453000 1.435000 17.373000
v 1.953000 1.435000 6.152000
v 1.953000 1.435000 17.155000
v 2.453000 1.435000 9.425000
v 2.453000 1.435000 16.713000
v 2.953000 1.435000 10.284000
v 2.953000 1.435000 16.411000
v 3.453000 1.435000 10.590000
v 3.453000 1.435000 15.788000
v 3.953000 1.435000 11.113000
v 3.953000 1.435000 12.864000
v -5.547000 5.435000 8.500000
v -5.547000 5.435000 10.374000
v -5.047000 5.435000 7.330000
v -5.047000 5.435000 10.900000
v -4.547000 5.435000 6.566000
v -4.547000 5.435000 11.083000
v -4.047000 5.435000 5.164000
v -4.047000 5.435000 11.103000
v -3.547000 5.435000 4.602000
v -3.547000 5.435000 11.126000
v -3.047000 5.435000 4.334000
v -3.047000 5.435000 11.119000
v -2.547000 5.435000 4.123000
v -2.547000 5.435000 11.128000
v -2.047000 5.435000 4.138000
v -2.047000 5.435000 11.092000
v -1.547000 5.435000 4.382000
v -1.547000 5.435000 10.903000
v -1.047000 5.435000 4.634000
v -1.047000 5.435000 6.923000
v -1.047000 5.435000 8.671000
v -1.047000 5.435000 10.204000
v -7.047000 -12.418000 0.266000
v -7.047000 -10.558000 0.266000
v -6.547000 -12.864000 0.266000
v -6.547000 -10.150000 0.266000
v -6.047000 -13.088000 0.266000
v -6.047000 -9.970000 0.266000
v -5.547000 -13.139000 0.266000
v -5.547000 -9.972000 0.266000
v -5.047000 -13.151000 0.266000
v -5.047000 -10.027000 0.266000
v -4.547000 -13.149000 0.266000
v -4.547000 -10.262000 0.266000
v -4.047000 -13.213000 0.266000
v -4.047000 -10.568000 0.266000
v -3.547000 -13.443000 0.266000
v -3.547000 -10.660000 0.266000
v -3.047000 -13.681000 0.266000
v -3.047000 -10.563000 0.266000
v -2.547000 -14.012000 0.266000
v -2.547000 -10.399000 0.266000
v -2.047000 -14.256000 0.266000
v -2.047000 -10.394000 0.266000
v -1.547000 -14.366000 0.266000
v -1.547000 -10.462000 0.266000
v -1.047000 -14.361000 0.266000
v -1.047000 -10.642000 0.266000
v -0.547000 -14.421000 0.266000
v -0.547000 -11.109000 0.266000
v -0.047000 -14.688000 0.266000
v -0.047000 -11.608000 0.266000
v 0.453000 -14.983000 0.266000
v 0.453000 -11.948000 0.266000
v 0.953000 -15.370000 0.266000
v 0.953000 -12.124000 0.266000
v 1.453000 -15.798000 0.266000
v 1.453000 -12.094000 0.266000
v 1.953000 -16.045000 0.266000
v 1.953000 -11.916000 0.266000
v 2.453000 -16.217000 0.266000
v 2.453000 -11.863000 0.266000
v 2.953000 -16.275000 0.266000
v 2.953000 -11.856000 0.266000
v 3.453000 -16.279000 0.266000
v 3.453000 -12.141000 0.266000
v 3.953000 -16.102000 0.266000
v 3.953000 -13.173000 0.266000
v 4.453000 -16.094000 0.266000
v 4.453000 -13.596000 0.266000
v 4.953000 -16.450000 0.266000
v 4.953000 -13.794000 0.266000
v 5.453000 -16.768000 0.266000
v 5.453000 -13.989000 0.266000
v 5.953000 -16.803000 0.266000
v 5.953000 -14.334000 0.266000
v 6.453000 -16.806000 0.266000
v 6.453000 -14.717000 0.266000
v 6.953000 -16.519000 0.266000
v 6.953000 -15.187000 0.266000
v -8.547000 -11.616000 4.266000
v -8.547000 -10.934000 4.266000
v -8.047000 -12.330000 4.266000
v -8.047000 -10.221000 4.266000
v -7.547000 -12.632000 4.266000
v -7.547000 -9.771000 4.266000
v -7.047000 -13.026000 4.266000
v -7.047000 -9.556000 4.266000
v -6.547000 -13.216000 4.266000
v -6.547000 -9.543000 4.266000
v -6.047000 -13.212000 4.266000
v -6.047000 -9.559000 4.266000
v -5.547000 -13.012000 4.266000
v -5.547000 -9.772000 4.266000
v -5.047000 -12.446000 4.266000
v -5.047000 -10.461000 4.266000
v -3.047000 3.465000 4.266000
v -3.047000 5.325000 4.266000
v -2.547000 2.698000 4.266000
v -2.547000 5.610000 4.266000
v -2.047000 2.458000 4.266000
v -2.047000 5.592000 4.266000
v -1.547000 -15.929000 4.266000
v -1.547000 -12.705000 4.266000
v -1.547000 2.416000 4.266000
v -1.547000 5.307000 4.266000
v -1.047000 -16.242000 4.266000
v -1.047000 -12.017000 4.266000
v -1.047000 2.602000 4.266000
v -1.047000 5.152000 4.266000
v -0.547000 -16.241000 4.266000
v -0.547000 -11.541000 4.266000
v -0.547000 3.247000 4.266000
v -0.547000 4.792000 4.266000
v -0.047000 -15.973000 4.266000
v -0.047000 -11.288000 4.266000
v 0.453000 -15.326000 4.266000
v 0.453000 -11.303000 4.266000
v 0.953000 -14.537000 4.266000
v 0.953000 -11.385000 4.266000
v 1.453000 -14.010000 4.266000
v 1.453000 -11.736000 4.266000
v -5.547000 4.009000 8.266000
v -5.547000 5.421000 8.266000
v -5.047000 3.471000 8.266000
v -5.047000 5.971000 8.266000
v -4.547000 2.977000 8.266000
v -4.547000 6.200000 8.266000
v -4.047000 2.057000 8.266000
v -4.047000 6.239000 8.266000
v -3.547000 1.471000 8.266000
v -3.547000 6.315000 8.266000
v -3.047000 1.038000 8.266000
v -3.047000 6.494000 8.266000
v -2.547000 0.791000 8.266000
v -2.547000 6.505000 8.266000
v -2.047000 -15.436000 8.266000
v -2.047000 -14.182000 8.266000
v -2.047000 0.417000 8.266000
v -2.047000 6.309000 8.266000
v -1.547000 -15.993000 8.266000
v -1.547000 -13.462000 8.266000
v -1.547000 -3.350000 8.266000
v -1.547000 5.986000 8.266000
v -1.047000 -16.244000 8.266000
v -1.047000 -12.589000 8.266000
v -1.047000 -3.706000 8.266000
v -1.047000 5.286000 8.266000
v -0.547000 -16.621000 8.266000
v -0.547000 -12.167000 8.266000
v -0.547000 -3.811000 8.266000
v -0.547000 4.240000 8.266000
v -0.047000 -17.056000 8.266000
v -0.047000 -11.966000 8.266000
v -0.047000 -3.798000 8.266000
v -0.047000 3.912000 8.266000
v 0.453000 -17.509000 8.266000
v 0.453000 -11.948000 8.266000
v 0.453000 -3.485000 8.266000
v 0.453000 3.706000 8.266000
v 0.953000 -18.042000 8.266000
v 0.953000 -12.090000 8.266000
v 0.953000 -2.903000 8.266000
v 0.953000 3.547000 8.266000
v 1.453000 -18.561000 8.266000
v 1.453000 -12.237000 8.266000
v 1.453000 -2.259000 8.266000
v 1.453000 3.346000 8.266000
v 1.953000 -19.797000 8.266000
v 1.953000 -12.335000 8.266000
v 1.953000 -1.484000 8.266000
v 1.953000 2.972000 8.266000
v 2.453000 -20.437000 8.266000
v 2.453000 -12.469000 8.266000
v 2.953000 -20.638000 8.266000
v 2.953000 -12.681000 8.266000
v 3.453000 -20.630000 8.266000
v 3.453000 -13.334000 8.266000
v 3.953000 -20.599000 8.266000
v 3.953000 -16.241000 8.266000
v 4.453000 -20.406000 8.266000
v 4.453000 -18.090000 8.266000
v 4.953000 -19.811000 8.266000
v 4.953000 -18.782000 8.266000
v -4.047000 0.617000 12.266000
v -4.047000 1.872000 12.266000
v -3.547000 -0.010000 12.266000
v -3.547000 2.715000 12.266000
v -3.047000 -0.582000 12.266000
v -3.047000 3.015000 12.266000
v -2.547000 -1.088000 12.266000
v -2.547000 3.462000 12.266000
v -2.047000 -1.731000 12.266000
v -2.047000 3.946000 12.266000
v -1.547000 -2.406000 12.266000
v -1.547000 4.328000 12.266000
v -1.047000 -2.720000 12.266000
v -1.047000 4.795000 12.266000
v -0.547000 -2.875000 12.266000
v -0.547000 4.987000 12.266000
v -0.047000 -16.477000 12.266000
v -0.047000 -14.472000 12.266000
v -0.047000 -3.174000 12.266000
v -0.047000 5.057000 12.266000
v 0.453000 -17.024000 12.266000
v 0.453000 -13.385000 12.266000
v 0.453000 -3.654000 12.266000
v 0.453000 5.061000 12.266000
v 0.953000 -17.535000 12.266000
v 0.953000 -12.736000 12.266000
v 0.953000 -4.015000 12.266000
v 0.953000 5.044000 12.266000
v 1.453000 -18.254000 12.266000
v 1.453000 -12.483000 12.266000
v 1.453000 -4.279000 12.266000
v 1.453000 4.839000 12.266000
v 1.953000 -18.847000 12.266000
v 1.953000 -12.361000 12.266000
v 1.953000 -4.293000 12.266000
v 1.953000 4.364000 12.266000
v 2.453000 -19.073000 12.266000
v 2.453000 -12.417000 12.266000
v 2.453000 -4.012000 12.266000
v 2.453000 3.864000 12.266000
v 2.953000 -19.178000 12.266000
v 2.953000 -12.718000 12.266000
v 2.953000 -3.165000 12.266000
v 2.953000 3.369000 12.266000
v 3.453000 -19.003000 12.266000
v 3.453000 -13.221000 12.266000
v 3.453000 -0.880000 12.266000
v 3.453000 2.814000 12.266000
v 3.953000 -17.991000 12.266000
v 3.953000 -16.781000 12.266000
v 3.953000 0.012000 12.266000
v 3.953000 2.189000 12.266000
v -5.047000 0.770000 16.266000
v -5.047000 1.513000 16.266000
v -4.547000 -0.870000 16.266000
v -4.547000 2.215000 16.266000
v -4.047000 -3.053000 16.266000
v -4.047000 2.440000 16.266000
v -3.547000 -3.419000 16.266000
v -3.547000 2.595000 16.266000
v -3.047000 -3.530000 16.266000
v -3.047000 2.612000 16.266000
v -2.547000 -3.570000 16.266000
v -2.547000 2.567000 16.266000
v -2.047000 -6.105000 16.266000
v -2.047000 -4.801000 16.266000
v -2.047000 -4.467000 16.266000
v -2.047000 2.521000 16.266000
v -1.547000 -6.894000 16.266000
v -1.547000 2.439000 16.266000
v -1.047000 -7.128000 16.266000
v -1.047000 2.376000 16.266000
v -0.547000 -16.939000 16.266000
v -0.547000 -15.328000 16.266000
v -0.547000 -7.308000 16.266000
v -0.547000 2.432000 16.266000
v -0.047000 -17.524000 16.266000
v -0.047000 -14.666000 16.266000
v -0.047000 -7.374000 16.266000
v -0.047000 2.509000 16.266000
v 0.453000 -18.044000 16.266000
v 0.453000 -13.649000 16.266000
v 0.453000 -12.744000 16.266000
v 0.453000 -11.503000 16.266000
v 0.453000 -7.422000 16.266000
v 0.453000 2.474000 16.266000
v 0.953000 -18.545000 16.266000
v 0.953000 -10.487000 16.266000
v 0.953000 -7.656000 16.266000
v 0.953000 2.287000 16.266000
v 1.453000 -19.004000 16.266000
v 1.453000 -10.163000 16.266000
v 1.453000 -8.355000 16.266000
v 1.453000 2.186000 16.266000
v 1.953000 -19.220000 16.266000
v 1.953000 -10.112000 16.266000
v 1.953000 -8.800000 16.266000
v 1.953000 2.188000 16.266000
v 2.453000 -19.236000 16.266000
v 2.453000 -10.152000 16.266000
v 2.453000 -9.066000 16.266000
v 2.453000 2.160000 16.266000
v 2.953000 -19.208000 16.266000
v 2.953000 -5.211000 16.266000
v 2.953000 -4.761000 16.266000
v 2.953000 1.814000 16.266000
v 3.453000 -19.218000 16.266000
v 3.453000 -5.651000 16.266000
v 3.453000 -4.218000 16.266000
v 3.453000 -0.185000 16.266000
v 3.953000 -19.096000 16.266000
v 3.953000 -11.680000 16.266000
v 3.953000 -9.940000 16.266000
v 3.953000 -5.655000 16.266000
v 3.953000 -3.950000 16.266000
v 3.953000 -0.697000 16.266000
v 4.453000 -19.064000 16.266000
v 4.453000 -12.110000 16.266000
v 4.453000 -9.772000 16.266000
v 4.453000 -5.360000 16.266000
v 4.453000 -4.035000 16.266000
v 4.453000 -1.132000 16.266000
v 4.953000 -19.095000 16.266000
v 4.953000 -12.663000 16.266000
v 4.953000 -9.645000 16.266000
v 4.953000 -1.960000 16.266000
v 5.453000 -19.094000 16.266000
v 5.453000 -13.024000 16.266000
v 5.453000 -9.418000 16.266000
v 5.453000 -2.689000 16.266000
v 5.953000 -18.885000 16.266000
v 5.953000 -13.239000 16.266000
v 5.953000 -8.888000 16.266000
v 5.953000 -2.894000 16.266000
v 6.453000 -18.516000 16.266000
v 6.453000 -13.334000 16.266000
v 6.453000 -8.471000 16.266000
v 6.453000 -3.207000 16.266000
v 6.953000 -17.979000 16.266000
v 6.953000 -13.402000 16.266000
v 6.953000 -7.997000 16.266000
v 6.953000 -4.082000 16.266000
v 7.453000 -17.338000 16.266000
v 7.453000 -13.617000 16.266000
v 7.953000 -17.057000 16.266000
v 7.953000 -14.095000 16.266000
v 8.453000 -16.557000 16.266000
v 8.453000 -14.629000 16.266000
v -7.547000 -5.234000 20.266000
v -7.547000 -3.896000 20.266000
v -7.047000 -5.994000 20.266000
v -7.047000 -3.243000 20.266000
v -6.547000 -6.493000 20.266000
v -6.547000 -2.950000 20.266000
v -6.047000 -6.682000 20.266000
v -6.047000 -2.234000 20.266000
v -6.047000 -1.438000 20.266000
v -6.047000 0.529000 20.266000
v -5.547000 -6.676000 20.266000
v -5.547000 1.230000 20.266000
v -5.047000 -6.474000 20.266000
v -5.047000 1.445000 20.266000
v -4.547000 -5.948000 20.266000
v -4.547000 1.488000 20.266000
v -4.047000 -5.445000 20.266000
v -4.047000 1.514000 20.266000
v -3.547000 -5.254000 20.266000
v -3.547000 1.577000 20.266000
v -3.047000 -5.224000 20.266000
v -3.047000 1.590000 20.266000
v -2.547000 -5.266000 20.266000
v -2.547000 1.542000 20.266000
v -2.047000 -5.426000 20.266000
v -2.047000 1.354000 20.266000
v -1.547000 -5.646000 20.266000
v -1.547000 0.963000 20.266000
v -1.047000 -5.949000 20.266000
v -1.047000 -1.254000 20.266000
v -0.547000 -6.740000 20.266000
v -0.547000 -2.020000 20.266000
v -0.047000 -9.088000 20.266000
v -0.047000 -3.257000 20.266000
v 0.453000 -9.365000 20.266000
v 0.453000 -4.052000 20.266000
v 0.953000 -9.393000 20.266000
v 0.953000 -4.300000 20.266000
v 1.453000 -9.381000 20.266000
v 1.453000 -4.349000 20.266000
v 1.953000 -9.311000 20.266000
v 1.953000 -4.235000 20.266000
v 2.453000 -9.340000 20.266000
v 2.453000 -4.036000 20.266000
v 2.953000 -9.351000 20.266000
v 2.953000 -4.021000 20.266000
v 3.453000 -9.497000 20.266000
v 3.453000 -4.079000 20.266000
v 3.953000 -10.038000 20.266000
v 3.953000 -4.282000 20.266000
v 4.453000 -10.319000 20.266000
v 4.453000 -4.457000 20.266000
v 4.953000 -10.340000 20.266000
v 4.953000 -4.478000 20.266000
v 5.453000 -10.330000 20.266000
v 5.453000 -4.421000 20.266000
v 5.953000 -10.304000 20.266000
v 5.953000 -4.225000 20.266000
v 6.453000 -10.018000 20.266000
v 6.453000 -4.002000 20.266000
v 6.953000 -9.356000 20.266000
v 6.953000 -3.929000 20.266000
v 7.453000 -8.517000 20.266000
v 7.453000 -3.933000 20.266000
v 7.953000 -7.864000 20.266000
v 7.953000 -4.126000 20.266000
v 8.453000 -7.389000 20.266000
v 8.453000 -4.665000 20.266000
v 8.953000 -6.744000 20.266000
v 8.953000 -5.598000 20.266000
v 5.453000 -6.462000 24.266000
v 5.453000 -5.108000 24.266000
v 5.953000 -6.904000 24.266000
v 5.953000 -4.552000 24.266000
v 6.453000 -7.176000 24.266000
v 6.453000 -4.119000 24.266000
v 6.953000 -7.459000 24.266000
v 6.953000 -3.939000 24.266000
v 7.453000 -7.645000 24.266000
v 7.453000 -3.951000 24.266000
v 7.953000 -7.761000 24.266000
v 7.953000 -4.163000 24.266000
v 8.453000 -7.739000 24.266000
v 8.453000 -4.766000 24.266000
v 8.953000 -7.358000 24.266000
v 8.953000 -6.042000 24.266000
f 1817 47 443
f 443 47 1549
f 1549 47 1157
f 1549 1157 2681
f 2681 1157 2293
f 2293 1818 2681
f 1819 7929 8339
f 1817 443 7929
f 443 8339 7929
f 443 445 8339
f 443 1551 445
f 443 1549 1551
f 1549 2683 1551
f 1549 2681 2683
f 2681 1818 2683
f 2683 1818 1820
f 8343 1821 8339
f 8339 1821 1819
f 8339 449 8343
f 8339 445 449
f 445 1555 449
f 445 1551 1555
f 1551 2685 1555
f 1551 2683 2685
f 2683 1820 2685
f 2685 1820 1822
f 8347 1823 8343
f 8343 1823 1821
f 8343 453 8347
f 8343 449 453
f 1555 1155 713
f 453 1555 713
f 449 1555 453
f 2685 2291 1155
f 2685 1155 1555
f 1822 3383 3825
f 1822 3825 714
f 2685 1822 714
f 2291 2685 714
f 3383 1824 3825
f 8351 1825 8347
f 8347 1825 1823
f 453 45 715
f 8351 453 715
f 8347 453 8351
f 453 713 45
f 3825 3381 714
f 1824 4485 4965
f 1824 4965 716
f 3825 1824 716
f 3381 3825 716
f 4485 1826 4965
f 8355 1827 8351
f 8351 1827 1825
f 8351 715 717
f 8351 717 8355
f 4969 718 716
f 4969 716 4965
f 4965 1826 4969
f 4969 1826 1828
f 8355 7930 1827
f 1829 7930 8355
f 717 1829 8355
f 719 1829 717
f 4973 720 718
f 4973 718 4969
f 4969 1828 4973
f 4973 1828 1830
f 471 1831 46
f 1831 719 46
f 1831 1829 719
f 721 471 46
f 3382 3845 722
f 4973 4486 720
f 720 4486 3382
f 4486 1832 3382
f 1832 3845 3382
f 4973 1830 4486
f 471 48 1831
f 1583 1833 1156
f 1156 1833 721
f 1833 48 721
f 48 471 721
f 2292 2713 1583
f 2292 1583 1156
f 3845 3384 722
f 722 3384 2292
f 3384 1834 2292
f 1834 2713 2292
f 3845 1832 3384
f 1583 1158 1833
f 1158 1583 2294
f 2294 1583 2713
f 2713 1834 2294
f 1835 4505 4891
f 4891 4505 6043
f 6043 4505 5683
f 6043 5683 7227
f 7227 5683 6853
f 6853 1836 7227
f 1837 3399 3767
f 1835 4891 3399
f 3399 4891 3767
f 4891 4503 3767
f 4503 723 3767
f 6043 5681 4503
f 6043 4503 4891
f 7227 6851 5681
f 7227 5681 6043
f 1836 8033 8393
f 1836 8393 724
f 7227 1836 724
f 6851 7227 724
f 8033 1838 8393
f 1839 2309 2645
f 1837 3767 2309
f 2309 3767 2645
f 3767 3397 2645
f 3397 725 2645
f 3767 723 3397
f 8393 8029 724
f 1838 139 495
f 1838 495 726
f 8393 1838 726
f 8029 8393 726
f 139 1840 495
f 2307 727 2645
f 727 1839 2645
f 727 1841 1839
f 2645 725 2307
f 495 137 726
f 495 1840 137
f 1840 728 137
f 1840 1842 728
f 1843 1173 1525
f 729 1525 1173
f 1841 729 1173
f 727 729 1841
f 728 1844 730
f 1842 1844 728
f 1527 1845 1525
f 1525 1845 1843
f 1525 729 731
f 1525 731 1527
f 730 1846 732
f 1844 1846 730
f 1527 1174 1845
f 1847 1174 1527
f 731 1847 1527
f 733 1847 731
f 732 1848 734
f 1846 1848 732
f 1849 733 735
f 1849 1847 733
f 140 1850 736
f 140 736 138
f 138 734 140
f 140 734 1848
f 1851 735 737
f 1851 1849 735
f 736 1852 738
f 1850 1852 736
f 1853 737 739
f 1853 1851 737
f 8034 1854 740
f 8034 740 8030
f 8030 738 8034
f 8034 738 1852
f 1530 1171 741
f 739 1171 1530
f 1855 739 1530
f 1853 739 1855
f 740 1856 742
f 1854 1856 740
f 1530 741 1175
f 741 1857 1175
f 741 743 1857
f 1855 1530 1175
f 1858 8412 8031
f 742 1858 8031
f 1856 1858 742
f 8412 744 8031
f 1859 63 745
f 745 63 61
f 743 61 63
f 743 63 1857
f 1860 8414 8412
f 1860 8412 1858
f 744 8412 746
f 746 8412 8414
f 1861 7945 747
f 747 7945 7943
f 745 7943 7945
f 745 7945 1859
f 1862 8416 8414
f 1862 8414 1860
f 746 8414 748
f 748 8414 8416
f 1863 747 749
f 1863 1861 747
f 6854 1864 7256
f 8416 1862 6854
f 8416 6854 7256
f 8032 8416 7256
f 750 8032 7256
f 748 8416 8032
f 1865 6767 7157
f 751 7157 6767
f 1863 751 6767
f 749 751 1863
f 5684 1866 6076
f 7256 1864 5684
f 7256 5684 6076
f 6852 7256 6076
f 752 6852 6076
f 750 7256 6852
f 7161 1867 7157
f 7157 1867 1865
f 7157 751 753
f 7157 753 7161
f 754 5682 6076
f 1866 754 6076
f 1868 754 1866
f 752 6076 5682
f 6765 755 7161
f 755 1867 7161
f 755 1869 1867
f 7161 753 6765
f 4506 1870 756
f 4506 756 4504
f 4504 754 4506
f 4506 754 1868
f 1871 5591 5979
f 757 5979 5591
f 1869 757 5591
f 755 757 1869
f 756 1872 758
f 1870 1872 756
f 5589 759 5979
f 759 1871 5979
f 759 1873 1871
f 5979 757 5589
f 758 1874 760
f 1872 1874 758
f 1875 4417 761
f 761 4417 4415
f 759 4415 4417
f 759 4417 1873
f 760 1876 762
f 1874 1876 760
f 1877 3317 763
f 763 3317 3313
f 761 3313 3317
f 761 3317 1875
f 762 1878 764
f 1876 1878 762
f 1879 763 765
f 1879 1877 763
f 3400 1880 3832
f 3832 766 3400
f 766 1878 3400
f 766 764 1878
f 1881 765 767
f 1881 1879 765
f 2310 1882 2700
f 3832 1880 2310
f 3832 2310 2700
f 3398 3832 2700
f 768 3398 2700
f 766 3832 3398
f 3731 1883 3314
f 1883 767 3314
f 1883 1881 767
f 769 3731 3314
f 1176 1884 770
f 1176 770 1172
f 1882 1176 2700
f 1176 2308 2700
f 1176 1172 2308
f 768 2700 2308
f 3315 771 3731
f 771 1883 3731
f 771 1885 1883
f 3731 769 3315
f 64 1886 772
f 64 772 62
f 62 770 64
f 64 770 1884
f 1887 2235 2625
f 773 2625 2235
f 1885 773 2235
f 771 773 1885
f 772 1888 774
f 1886 1888 772
f 1889 1107 1513
f 1887 2625 1107
f 1107 2625 1513
f 2625 2233 1513
f 2233 775 1513
f 2625 773 2233
f 774 1890 776
f 1888 1890 774
f 1517 1891 1513
f 1513 1891 1889
f 1513 775 777
f 1513 777 1517
f 776 1892 778
f 1890 1892 776
f 1517 1108 1891
f 1893 1108 1517
f 777 1893 1517
f 779 1893 777
f 778 1894 780
f 1892 1894 778
f 779 2234 1893
f 1893 2234 2236
f 1895 2236 2234
f 1895 2234 781
f 7946 1896 782
f 7946 782 7944
f 7944 780 7946
f 7946 780 1894
f 781 3316 1895
f 1895 3316 3318
f 1897 3318 3316
f 1897 3316 783
f 6768 1898 784
f 6768 784 6766
f 6766 782 6768
f 6768 782 1896
f 783 4416 1897
f 1897 4416 4418
f 5590 4418 4416
f 5590 5592 4418
f 5590 784 5592
f 5592 784 1898
f 1899 5703 785
f 785 5703 5699
f 5703 6867 5699
f 6871 6867 5703
f 8392 8047 1900
f 8047 6871 1900
f 8047 6867 6871
f 8392 786 8047
f 1901 4535 787
f 787 4535 4531
f 785 4531 4535
f 785 4535 1899
f 8049 8392 1900
f 1902 494 153
f 1902 153 786
f 8049 1902 786
f 8392 8049 786
f 494 788 153
f 1903 3429 789
f 789 3429 3425
f 787 3425 3429
f 787 3429 1901
f 155 494 1902
f 155 1904 494
f 1904 788 494
f 1904 790 788
f 2648 2335 791
f 789 2335 2648
f 1905 789 2648
f 1903 789 1905
f 790 1906 792
f 1904 1906 790
f 793 2650 791
f 791 2650 2648
f 1905 2648 2650
f 1905 2650 1907
f 156 1908 500
f 500 794 156
f 794 1906 156
f 794 792 1906
f 2336 2650 793
f 3430 1907 3776
f 3776 1907 795
f 1907 2650 795
f 2650 2336 795
f 1909 3430 3776
f 8050 1910 8402
f 500 1908 8050
f 500 8050 8402
f 154 500 8402
f 796 154 8402
f 794 500 154
f 3426 3776 795
f 4536 1909 4904
f 4904 1909 797
f 1909 3776 797
f 3776 3426 797
f 4536 4904 6056
f 4536 6056 5704
f 5704 6056 7240
f 5704 7240 6872
f 8402 1910 6872
f 8402 6872 7240
f 8048 8402 7240
f 798 8048 7240
f 796 8402 8048
f 4532 4904 797
f 5700 6056 4532
f 4532 6056 4904
f 6868 7240 5700
f 5700 7240 6056
f 798 7240 6868
f 1911 5911 6297
f 6297 5911 7465
f 7465 5911 7085
f 7465 7085 8615
f 8615 7085 8269
f 8269 1912 8615
f 1913 3653 4011
f 4011 3653 799
f 3653 4769 799
f 3653 4771 4769
f 4771 1911 6297
f 5909 4771 6297
f 4769 4771 5909
f 7465 7083 5909
f 7465 5909 6297
f 8615 8267 7083
f 8615 7083 7465
f 1912 373 701
f 1912 701 800
f 8615 1912 800
f 8267 8615 800
f 373 1914 701
f 1915 2547 2879
f 1913 4011 2547
f 2547 4011 2879
f 4011 3651 2879
f 3651 801 2879
f 4011 799 3651
f 701 371 800
f 701 1914 371
f 1914 802 371
f 1914 1916 802
f 1917 319 667
f 667 319 1775
f 1775 319 1417
f 1915 2879 1417
f 1417 2879 1775
f 2879 2545 1775
f 2545 803 1775
f 2879 801 2545
f 802 1918 804
f 1916 1918 802
f 1919 5609 805
f 805 5609 5607
f 5609 6783 5607
f 6785 6783 5609
f 806 6783 8319
f 6783 7961 8319
f 6783 6785 7961
f 7961 1920 8319
f 1921 8201 8583
f 1917 667 8201
f 667 8583 8201
f 667 669 8583
f 1775 1415 807
f 669 1775 807
f 667 1775 669
f 1775 803 1415
f 804 1922 808
f 1918 1922 804
f 1923 4429 809
f 809 4429 4427
f 805 4427 4429
f 805 4429 1919
f 8319 7959 806
f 7959 8319 1920
f 79 7959 1920
f 77 7959 79
f 79 1193 77
f 1195 1193 79
f 1195 2337 1193
f 2339 2337 1195
f 2339 3427 2337
f 3431 3427 2339
f 810 3427 4919
f 3427 4537 4919
f 3427 3431 4537
f 4537 1924 4919
f 1925 7015 7435
f 1921 8583 7015
f 8583 7435 7015
f 8583 8585 7435
f 669 317 811
f 8585 669 811
f 8583 669 8585
f 669 807 317
f 374 1926 812
f 374 812 372
f 372 808 374
f 374 808 1922
f 1927 3327 813
f 813 3327 3325
f 809 3325 3327
f 809 3327 1923
f 4919 4533 810
f 1924 5705 6073
f 1924 6073 814
f 4919 1924 814
f 4533 4919 814
f 5705 1928 6073
f 1929 4623 5061
f 5061 4623 6199
f 6199 4623 5781
f 6199 5781 7373
f 7373 5781 6947
f 6947 1930 7373
f 1931 4699 5133
f 5133 4699 6269
f 6269 4699 5839
f 1925 7435 5839
f 7435 6269 5839
f 7435 7437 6269
f 7435 8587 7437
f 7435 8585 8587
f 8585 811 815
f 8585 815 8587
f 812 1932 816
f 1926 1932 812
f 1933 813 817
f 1933 1927 813
f 6073 5701 814
f 6073 1928 5701
f 1928 818 5701
f 1928 1934 818
f 5065 1935 5061
f 5061 1935 1929
f 5061 6203 5065
f 5061 6199 6203
f 6199 7377 6203
f 6199 7373 7377
f 8131 8533 1930
f 8533 7373 1930
f 8533 7377 7373
f 8131 1936 8533
f 1937 2475 2855
f 2855 2475 3987
f 3987 2475 3581
f 1931 5133 3581
f 5133 3987 3581
f 5133 5135 3987
f 5133 6271 5135
f 5133 6269 6271
f 6269 7439 6271
f 6269 7437 7439
f 7437 8589 7439
f 7437 8587 8589
f 8587 815 318
f 675 8587 318
f 8589 8587 675
f 1416 1783 675
f 1416 675 318
f 819 1783 1416
f 8270 1938 820
f 8270 820 8268
f 8268 816 8270
f 8270 816 1932
f 3707 1939 3326
f 1939 817 3326
f 1939 1933 817
f 821 3707 3326
f 6869 818 1934
f 6869 1934 6873
f 6873 1940 6869
f 6869 1940 822
f 5069 1941 5065
f 5065 1941 1935
f 5065 6207 5069
f 5065 6203 6207
f 6203 7381 6207
f 6203 7377 7381
f 7377 8537 7381
f 7377 8533 8537
f 247 635 1936
f 635 8533 1936
f 635 8537 8533
f 635 247 1745
f 1745 247 1345
f 1937 2855 1345
f 2855 1745 1345
f 2855 2857 1745
f 2855 3989 2857
f 2855 3987 3989
f 3987 5137 3989
f 3987 5135 5137
f 5135 6273 5137
f 5135 6271 6273
f 6271 7441 6273
f 6271 7439 7441
f 7439 8591 7441
f 7439 8589 8591
f 8589 677 8591
f 8589 675 677
f 1942 677 1418
f 677 1783 1418
f 677 675 1783
f 819 2546 1783
f 2546 1418 1783
f 2546 2548 1418
f 3652 4025 1943
f 2548 3652 1943
f 2546 3652 2548
f 4770 5173 4025
f 4770 4025 3652
f 5910 6315 5173
f 5910 5173 4770
f 7086 1944 6315
f 5910 7086 6315
f 7084 7086 5910
f 7084 820 7086
f 7086 820 1938
f 3707 3328 1939
f 4831 1945 4428
f 4428 1945 821
f 1945 3328 821
f 3328 3707 821
f 823 4831 4428
f 822 1946 824
f 1940 1946 822
f 5069 4624 1941
f 4624 5069 1947
f 5069 6211 1947
f 5069 6207 6211
f 6207 7385 6211
f 6207 7381 7385
f 1948 7385 8132
f 7385 8537 8132
f 7385 7381 8537
f 8132 8537 248
f 248 8537 635
f 248 635 1949
f 635 1747 1949
f 635 1745 1747
f 1745 2859 1747
f 1745 2857 2859
f 2857 3991 2859
f 2857 3989 3991
f 3989 5139 3991
f 3989 5137 5139
f 5137 6275 5139
f 5137 6273 6275
f 6273 7443 6275
f 6273 7441 7443
f 7441 8593 7443
f 7441 8591 8593
f 1950 8593 320
f 8593 677 320
f 8593 8591 677
f 677 1942 320
f 4025 3654 1943
f 3654 4025 4772
f 4772 4025 5173
f 4772 5173 5912
f 5912 5173 6315
f 6315 1944 5912
f 4831 4430 1945
f 5981 1951 5608
f 5608 1951 823
f 1951 4430 823
f 4430 4831 823
f 6784 7167 5981
f 6784 5981 5608
f 825 7167 6784
f 824 1952 826
f 1946 1952 824
f 6211 5782 1947
f 5782 6211 6948
f 6948 6211 7385
f 7385 1948 6948
f 1747 1346 1949
f 1346 1747 1953
f 1747 2861 1953
f 1747 2859 2861
f 2859 3993 2861
f 2859 3991 3993
f 1954 3993 4700
f 3993 5139 4700
f 3993 3991 5139
f 4700 5139 5840
f 5840 5139 6275
f 5840 6275 7016
f 7016 6275 7443
f 7016 7443 8202
f 8202 7443 8593
f 8593 1950 8202
f 5981 5610 1951
f 5610 5981 6786
f 6786 5981 7167
f 825 7960 7167
f 7960 6786 7167
f 7960 7962 6786
f 78 7962 7960
f 78 80 7962
f 1955 80 78
f 1955 78 827
f 6874 1956 828
f 6874 828 6870
f 6870 826 6874
f 6874 826 1952
f 2861 2476 1953
f 2476 2861 3582
f 3582 2861 3993
f 3993 1954 3582
f 827 1194 1955
f 1955 1194 1196
f 2338 1196 1194
f 2338 2340 1196
f 1957 2340 2338
f 1957 2338 829
f 5706 1958 830
f 5706 830 5702
f 5702 828 5706
f 5706 828 1956
f 829 3428 1957
f 1957 3428 3432
f 4534 3432 3428
f 4534 4538 3432
f 4534 830 4538
f 4538 830 1958
f 6292 5925 831
f 1959 7101 6292
f 7101 5925 6292
f 7101 7099 5925
f 7101 8283 7099
f 8285 8283 7101
f 8285 1960 8283
f 8283 1960 832
f 1961 4787 833
f 833 4787 4785
f 5927 6292 831
f 4785 5927 831
f 4787 5927 4785
f 1959 6292 5927
f 387 832 1960
f 387 1960 389
f 389 1962 387
f 387 1962 834
f 1963 3669 835
f 835 3669 3667
f 833 3667 3669
f 833 3669 1961
f 1475 834 1962
f 1475 1962 1477
f 1477 1964 1475
f 1475 1964 836
f 1965 1433 837
f 837 1433 1431
f 1433 2561 1431
f 2563 2561 1433
f 835 2561 2563
f 835 2563 1963
f 836 1966 838
f 1964 1966 836
f 1967 335 839
f 839 335 333
f 837 333 335
f 837 335 1965
f 1966 2591 2907
f 840 1966 2907
f 838 1966 840
f 2591 1968 2907
f 1969 8217 841
f 841 8217 8215
f 839 8215 8217
f 839 8217 1967
f 2909 842 840
f 2909 840 2907
f 2907 1968 2909
f 2909 1968 1970
f 1971 7031 843
f 843 7031 7029
f 841 7029 7031
f 841 7031 1969
f 2911 844 842
f 2911 842 2909
f 2909 1970 2911
f 2911 1970 1972
f 7150 6799 845
f 8320 7975 7150
f 7150 7975 6799
f 8320 846 7975
f 1973 843 847
f 1973 1971 843
f 844 2911 2592
f 1974 844 2592
f 848 844 1974
f 2911 1972 2592
f 1975 5625 849
f 849 5625 5623
f 6801 7150 845
f 5623 6801 845
f 5625 6801 5623
f 7150 6801 7977
f 7150 7977 8320
f 93 846 8320
f 7977 93 8320
f 95 93 7977
f 95 1976 93
f 93 1976 850
f 2850 2489 851
f 3982 3595 2850
f 2850 3595 2489
f 5130 4713 3982
f 3982 4713 3595
f 1977 5855 5130
f 5855 4713 5130
f 5855 5853 4713
f 847 5853 5855
f 847 5855 1973
f 1478 1978 852
f 1478 852 1476
f 1476 848 1478
f 1478 848 1974
f 4824 4443 853
f 849 4443 4824
f 1979 849 4824
f 1975 849 1979
f 1209 850 1976
f 1209 1976 1211
f 1211 2353 1209
f 2355 2353 1211
f 2355 1980 2353
f 2353 1980 854
f 8530 8145 855
f 1981 263 8530
f 263 8145 8530
f 263 261 8145
f 263 1359 261
f 1361 1359 263
f 2491 2850 851
f 1359 2491 851
f 1361 2491 1359
f 2850 2491 3597
f 2850 3597 3982
f 3982 3597 4715
f 3982 4715 5130
f 1977 5130 4715
f 390 1982 856
f 390 856 388
f 388 852 390
f 390 852 1978
f 4824 853 4445
f 853 1983 4445
f 853 857 1983
f 1979 4824 4445
f 3445 854 1980
f 3445 1980 3447
f 3447 1984 3445
f 3445 1984 858
f 7378 6961 859
f 8147 8530 855
f 8147 855 6961
f 1985 8147 6961
f 7378 1985 6961
f 1981 8530 8147
f 5926 6313 860
f 7102 1986 6313
f 5926 7102 6313
f 7100 7102 5926
f 8284 7102 7100
f 8284 8286 7102
f 8284 856 8286
f 8286 856 1982
f 1987 3343 861
f 861 3343 3341
f 857 3341 3343
f 857 3343 1983
f 4553 858 1984
f 4553 1984 4555
f 4555 1988 4553
f 4553 1988 862
f 863 7382 859
f 859 7382 7378
f 1985 7378 7382
f 1985 7382 1989
f 860 6313 5928
f 1990 860 5928
f 864 860 1990
f 6313 1986 5928
f 1991 2253 865
f 865 2253 2251
f 861 2251 2253
f 861 2253 1987
f 862 1992 866
f 1988 1992 862
f 867 7386 863
f 863 7386 7382
f 1989 7382 7386
f 1989 7386 1993
f 4786 5177 868
f 4786 864 5177
f 864 1994 5177
f 864 1990 1994
f 1995 1119 869
f 869 1119 1117
f 865 1117 1119
f 865 1119 1991
f 866 1996 870
f 1992 1996 866
f 6962 7386 867
f 1993 7386 6962
f 871 1993 6962
f 1997 1993 871
f 868 5177 4788
f 1998 868 4788
f 872 868 1998
f 5177 1994 4788
f 1999 9 873
f 873 9 7
f 869 7 9
f 869 9 1995
f 870 2000 874
f 1996 2000 870
f 871 8146 1997
f 1997 8146 8148
f 2001 8148 8146
f 2001 8146 875
f 872 2002 876
f 1998 2002 872
f 2003 5569 877
f 877 5569 5567
f 5569 6721 5567
f 6723 6721 5569
f 6723 7891 6721
f 7893 7891 6723
f 873 7891 7893
f 873 7893 1999
f 874 2004 878
f 2000 2004 874
f 875 262 2001
f 2001 262 264
f 1360 1753 2005
f 264 1360 2005
f 262 1360 264
f 879 1753 1360
f 3670 2006 880
f 3670 880 3668
f 3668 876 3670
f 3670 876 2002
f 2007 4403 881
f 881 4403 4401
f 877 4401 4403
f 877 4403 2003
f 4554 4961 882
f 4554 878 4961
f 878 2008 4961
f 878 2004 2008
f 1753 1362 2005
f 879 2490 1753
f 2490 1362 1753
f 2490 2492 1362
f 3596 2492 2490
f 3596 3598 2492
f 4714 3598 3596
f 4714 4716 3598
f 5854 4716 4714
f 5854 5856 4716
f 7030 5856 5854
f 7030 7032 5856
f 8216 7032 7030
f 8216 8218 7032
f 2009 8218 8216
f 2009 8216 883
f 2564 2010 884
f 2564 884 2562
f 2562 880 2564
f 2564 880 2006
f 2011 3303 885
f 885 3303 3301
f 881 3301 3303
f 881 3303 2007
f 882 4961 4556
f 2012 882 4556
f 886 882 2012
f 4961 2008 4556
f 883 334 2009
f 2009 334 336
f 1432 336 334
f 1432 1434 336
f 1432 884 1434
f 1434 884 2010
f 2013 885 887
f 2013 2011 885
f 2354 2701 888
f 3448 2014 2701
f 2354 3448 2701
f 3446 3448 2354
f 3446 886 3448
f 3448 886 2012
f 2015 887 889
f 2015 2013 887
f 1212 2016 890
f 1212 890 1210
f 2701 2356 888
f 2356 1210 888
f 2356 1212 1210
f 2701 2014 2356
f 889 3302 2015
f 2015 3302 3304
f 2017 3304 3302
f 2017 3302 891
f 4446 2018 892
f 4446 892 4444
f 5624 4446 4444
f 5624 5626 4446
f 6800 5626 5624
f 6800 6802 5626
f 7976 6802 6800
f 7976 7978 6802
f 94 7978 7976
f 94 96 7978
f 94 890 96
f 96 890 2016
f 891 4402 2017
f 2017 4402 4404
f 2019 4404 4402
f 2019 4402 893
f 7894 2020 894
f 7894 894 7892
f 8 7894 7892
f 8 10 7894
f 1118 10 8
f 1118 1120 10
f 2252 1120 1118
f 2252 2254 1120
f 3342 2254 2252
f 3342 3344 2254
f 3342 892 3344
f 3344 892 2018
f 893 5568 2019
f 2019 5568 5570
f 6722 5570 5568
f 6722 6724 5570
f 6722 894 6724
f 6724 894 2020
f 2021 7047 895
f 895 7047 7045
f 7047 8231 7045
f 8233 8231 7047
f 8233 2022 8231
f 8231 2022 896
f 2023 5871 897
f 897 5871 5869
f 895 5869 5871
f 895 5871 2021
f 349 896 2022
f 349 2022 351
f 1770 1447 2024
f 1447 351 2024
f 1447 349 351
f 1770 898 1447
f 2025 4731 899
f 899 4731 4729
f 897 4729 4731
f 897 4731 2023
f 1449 1770 2024
f 1449 2026 1770
f 2026 898 1770
f 2026 900 898
f 2027 3613 901
f 901 3613 3611
f 899 3611 3613
f 899 3613 2025
f 2577 900 2026
f 2577 2026 2579
f 2579 2028 2577
f 2577 2028 902
f 2029 2507 903
f 903 2507 2505
f 901 2505 2507
f 901 2507 2027
f 3683 902 2028
f 3683 2028 3685
f 3685 2030 3683
f 3683 2030 904
f 1738 1375 905
f 903 1375 1738
f 2031 903 1738
f 2029 903 2031
f 4801 904 2030
f 4801 2030 4803
f 4803 2032 4801
f 4801 2032 906
f 2033 5641 5967
f 5641 2034 5967
f 2035 8163 907
f 907 8163 8161
f 8163 277 8161
f 279 277 8163
f 1377 1738 905
f 277 1377 905
f 279 1377 277
f 2031 1738 1377
f 906 2036 908
f 2032 2036 906
f 2037 4461 4827
f 2033 5967 4461
f 4461 5967 4827
f 5967 5639 4827
f 5639 909 4827
f 5639 5967 2034
f 6817 5639 2034
f 6815 5639 6817
f 910 6815 8327
f 6815 7993 8327
f 6815 6817 7993
f 7993 2038 8327
f 2039 2417 2787
f 2787 2417 3923
f 3923 2417 3523
f 3923 3523 5067
f 5067 3523 4639
f 5067 4639 6205
f 6205 4639 5801
f 6205 5801 911
f 5801 6973 911
f 5801 6975 6973
f 907 6973 6975
f 907 6975 2035
f 5941 908 2036
f 5941 2036 5943
f 5943 2040 5941
f 5941 2040 912
f 2041 3359 913
f 913 3359 3357
f 3359 2037 4827
f 4459 3359 4827
f 3357 3359 4459
f 4827 909 4459
f 8327 7991 910
f 2038 111 439
f 2038 439 914
f 8327 2038 914
f 7991 8327 914
f 439 111 1545
f 1545 111 1227
f 1227 2042 1545
f 2043 1279 1667
f 2039 2787 1279
f 2787 1667 1279
f 2787 2789 1667
f 2787 3927 2789
f 2787 3923 3927
f 3923 5071 3927
f 3923 5067 5071
f 6205 5799 915
f 5071 6205 915
f 5067 6205 5071
f 6205 911 5799
f 2044 7484 7115
f 912 2044 7115
f 2040 2044 912
f 7484 916 7115
f 2045 2269 2605
f 917 2605 2269
f 2041 917 2269
f 913 917 2041
f 439 109 914
f 1545 1225 109
f 1545 109 439
f 1225 1545 2042
f 2371 1225 2042
f 2369 1225 2371
f 2371 2046 2369
f 2369 2046 918
f 1669 2047 1667
f 1667 2047 2043
f 1667 2791 1669
f 1667 2789 2791
f 2789 3929 2791
f 2789 3927 3929
f 5071 4637 919
f 3929 5071 919
f 3927 5071 3929
f 5071 915 4637
f 7117 7484 2044
f 7117 2048 7484
f 2048 916 7484
f 2048 920 916
f 2049 1135 1491
f 2045 2605 1135
f 1135 2605 1491
f 2605 2267 1491
f 2267 921 1491
f 2605 917 2267
f 2046 3463 3809
f 922 2046 3809
f 918 2046 922
f 3463 2050 3809
f 1671 2051 1669
f 1669 2051 2047
f 1669 2793 1671
f 1669 2791 2793
f 3929 3521 923
f 2793 3929 923
f 2791 3929 2793
f 3929 919 3521
f 920 2052 924
f 2048 2052 920
f 2053 25 925
f 925 25 23
f 25 2049 1491
f 1133 25 1491
f 23 25 1133
f 1491 921 1133
f 3809 3461 922
f 3809 2050 3461
f 2050 926 3461
f 2050 2054 926
f 1671 1280 2051
f 1280 1671 2055
f 1671 2795 2055
f 1671 2793 2795
f 2793 923 927
f 2793 927 2795
f 7118 2056 928
f 7118 928 7116
f 7116 924 7118
f 7118 924 2052
f 2057 7909 929
f 929 7909 7907
f 925 7907 7909
f 925 7909 2053
f 3464 2058 930
f 3464 930 3462
f 3462 926 3464
f 3464 926 2054
f 2795 2418 2055
f 2059 2418 2795
f 927 2059 2795
f 931 2059 927
f 5944 2060 932
f 5944 932 5942
f 5942 928 5944
f 5944 928 2056
f 2061 929 933
f 2061 2057 929
f 930 2062 934
f 2058 2062 930
f 931 3522 2059
f 2059 3522 3524
f 2063 3524 3522
f 2063 3522 935
f 4804 2064 936
f 4804 936 4802
f 4802 932 4804
f 4804 932 2060
f 2065 933 937
f 2065 2061 933
f 2372 2066 938
f 2372 938 2370
f 2370 934 2372
f 2372 934 2062
f 935 4638 2063
f 2063 4638 4640
f 2067 4640 4638
f 2067 4638 939
f 2580 2068 2904
f 2580 2904 940
f 3684 2580 940
f 3686 2580 3684
f 3684 936 3686
f 3686 936 2064
f 937 7908 2065
f 2065 7908 7910
f 2069 7910 7908
f 2069 7908 941
f 1228 2070 942
f 1228 942 1226
f 1226 938 1228
f 1228 938 2066
f 939 5800 2067
f 2067 5800 5802
f 6974 5802 5800
f 6974 6976 5802
f 8162 8551 2071
f 6976 8162 2071
f 6974 8162 6976
f 278 649 8551
f 278 8551 8162
f 1376 1759 649
f 1376 649 278
f 2506 2871 1759
f 2506 1759 1376
f 943 2871 2506
f 1450 2072 944
f 1450 944 1448
f 2068 1450 2904
f 1450 2578 2904
f 1450 1448 2578
f 940 2904 2578
f 941 24 2069
f 2069 24 26
f 1134 26 24
f 1134 1136 26
f 2073 1136 1134
f 2073 1134 945
f 7994 2074 946
f 7994 946 7992
f 110 7994 7992
f 110 112 7994
f 110 942 112
f 112 942 2070
f 8551 8164 2071
f 8164 8551 280
f 280 8551 649
f 280 649 1378
f 1378 649 1759
f 1378 1759 2508
f 2508 1759 2871
f 943 3612 2871
f 3612 2508 2871
f 3612 3614 2508
f 4730 3614 3612
f 4730 4732 3614
f 4730 947 6290
f 5872 4730 6290
f 4732 4730 5872
f 5872 6290 7458
f 5872 7458 7048
f 7048 7458 8608
f 7048 8608 8234
f 8234 8608 948
f 350 8234 948
f 352 8234 350
f 350 944 352
f 352 944 2072
f 945 2268 2073
f 2073 2268 2270
f 3358 2270 2268
f 3358 3360 2270
f 4460 3360 3358
f 4460 4462 3360
f 5640 4462 4460
f 5640 5642 4462
f 6816 5642 5640
f 6816 6818 5642
f 6816 946 6818
f 6818 946 2074
f 5870 6290 947
f 7046 7458 5870
f 5870 7458 6290
f 8232 8608 7046
f 7046 8608 7458
f 948 8608 8232
f 2075 3541 3897
f 3897 3541 5039
f 5039 3541 4657
f 4657 2076 5039
f 2077 2435 2765
f 2075 3897 2435
f 3897 2765 2435
f 3897 3899 2765
f 3897 5041 3899
f 3897 5039 5041
f 5817 6177 2076
f 6177 5039 2076
f 6177 5041 5039
f 5817 2078 6177
f 2767 2079 2765
f 2765 2079 2077
f 2765 3901 2767
f 2765 3899 3901
f 3899 5043 3901
f 3899 5041 5043
f 5041 6179 5043
f 5041 6177 6179
f 6177 2078 6179
f 6179 2078 2080
f 2769 2081 2767
f 2767 2081 2079
f 3901 3539 949
f 2769 3901 949
f 2767 3901 2769
f 5043 4655 3539
f 5043 3539 3901
f 6179 5815 4655
f 6179 4655 5043
f 2080 6991 7353
f 2080 7353 950
f 6179 2080 950
f 5815 6179 950
f 6991 2082 7353
f 2083 1297 1649
f 2081 2769 1297
f 1297 2769 1649
f 2769 2433 1649
f 2433 951 1649
f 2769 949 2433
f 7353 6989 950
f 6989 7353 2082
f 8179 6989 2082
f 8177 6989 8179
f 8179 293 8177
f 295 293 8179
f 295 1391 293
f 1393 1391 295
f 1393 2521 1391
f 2523 2521 1393
f 2523 3627 2521
f 3629 3627 2523
f 5116 4745 2084
f 4745 3629 2084
f 4745 3627 3629
f 6252 5885 5116
f 5116 5885 4745
f 2085 7063 6252
f 7063 5885 6252
f 7063 7061 5885
f 7063 8247 7061
f 8249 8247 7063
f 8249 2086 8247
f 8247 2086 952
f 1651 2087 1649
f 1649 2087 2083
f 1649 951 953
f 1649 953 1651
f 4747 5116 2084
f 5116 4747 5887
f 5116 5887 6252
f 2085 6252 5887
f 365 952 2086
f 365 2086 367
f 367 2088 365
f 365 2088 954
f 1653 2089 1651
f 1651 2089 2087
f 1651 953 955
f 1651 955 1653
f 2090 1772 1465
f 954 2090 1465
f 2088 2090 954
f 1772 956 1465
f 1655 2091 1653
f 1653 2091 2089
f 1653 955 957
f 1653 957 1655
f 2092 1774 1772
f 2092 1772 2090
f 956 1772 958
f 958 1772 1774
f 1295 959 1655
f 959 2091 1655
f 959 2093 2091
f 1655 957 1295
f 2094 1776 1774
f 2094 1774 2092
f 958 1774 960
f 960 1774 1776
f 2095 191 961
f 961 191 189
f 959 189 191
f 959 191 2093
f 962 1466 1776
f 2094 962 1776
f 2096 962 2094
f 960 1776 1466
f 2097 8081 963
f 963 8081 8079
f 961 8079 8081
f 961 8081 2095
f 368 2098 672
f 672 964 368
f 964 2096 368
f 964 962 2096
f 2099 5743 6121
f 6121 5743 965
f 5743 6903 965
f 5743 6905 6903
f 963 6903 6905
f 963 6905 2097
f 2100 674 672
f 2100 672 2098
f 964 672 966
f 966 672 674
f 3706 3373 967
f 4828 4475 3706
f 3706 4475 3373
f 4828 968 4475
f 2101 2401 2725
f 2725 2401 3859
f 3859 2401 3495
f 3859 3495 4989
f 4989 3495 4593
f 2099 6121 4593
f 4593 6121 4989
f 6121 5741 4989
f 5741 969 4989
f 6121 965 5741
f 2102 676 674
f 2102 674 2100
f 966 674 970
f 970 674 676
f 2600 2283 971
f 3375 3706 967
f 3375 967 2283
f 2103 3375 2283
f 2600 2103 2283
f 3706 3375 4477
f 3706 4477 4828
f 5655 968 4828
f 4477 5655 4828
f 5657 5655 4477
f 5657 6831 5655
f 6833 6831 5657
f 6833 2104 6831
f 6831 2104 972
f 2105 5723 6081
f 6081 5723 7259
f 7259 5723 6885
f 7259 6885 8417
f 8417 6885 8057
f 8417 8057 507
f 507 8057 161
f 507 161 1609
f 1609 161 1263
f 2101 2725 1263
f 2725 1609 1263
f 2725 2727 1609
f 2725 3861 2727
f 2725 3859 3861
f 3859 4991 3861
f 3859 4989 4991
f 4989 969 973
f 4989 973 4991
f 2106 678 676
f 2106 676 2102
f 970 676 974
f 974 676 678
f 1486 1149 975
f 2285 2600 971
f 2285 971 1149
f 2107 2285 1149
f 1486 2107 1149
f 2103 2600 2285
f 8007 972 2104
f 8007 2104 8009
f 8009 125 8007
f 127 125 8009
f 127 2108 125
f 125 2108 976
f 2109 3479 977
f 977 3479 3477
f 3479 4573 3477
f 4575 4573 3479
f 4575 2105 6081
f 5721 4575 6081
f 4573 4575 5721
f 7259 6883 5721
f 7259 5721 6081
f 8417 8055 6883
f 8417 6883 7259
f 507 159 8055
f 507 8055 8417
f 1609 1261 159
f 1609 159 507
f 2729 978 1261
f 1609 2729 1261
f 2727 2729 1609
f 2727 3863 2729
f 2727 3861 3863
f 4991 4591 979
f 3863 4991 979
f 3861 4991 3863
f 4991 973 4591
f 2110 680 678
f 2110 678 2106
f 974 678 980
f 980 678 680
f 398 39 981
f 1151 1486 975
f 1151 975 39
f 2111 1151 39
f 398 2111 39
f 2107 1486 1151
f 1241 976 2108
f 1241 2108 1243
f 1243 2385 1241
f 2387 2385 1243
f 977 2385 2387
f 977 2387 2109
f 2729 2399 978
f 3863 3493 2399
f 3863 2399 2729
f 3863 979 3493
f 2112 682 680
f 2112 680 2110
f 980 680 982
f 982 680 682
f 8294 7923 983
f 41 398 981
f 41 981 7923
f 2113 41 7923
f 8294 2113 7923
f 2111 398 41
f 2114 684 682
f 2114 682 2112
f 982 682 984
f 984 682 684
f 7122 6749 985
f 7925 8294 983
f 7925 983 6749
f 2115 7925 6749
f 7122 2115 6749
f 2113 8294 7925
f 8250 2116 8600
f 684 2114 8250
f 684 8250 8600
f 366 684 8600
f 986 366 8600
f 984 684 366
f 987 7126 985
f 985 7126 7122
f 2115 7122 7126
f 2115 7126 2117
f 4748 2118 5148
f 4748 5148 6284
f 4748 6284 5888
f 5888 6284 7452
f 5888 7452 7064
f 8600 2116 7064
f 8600 7064 7452
f 8248 8600 7452
f 988 8248 7452
f 986 8600 8248
f 989 7130 987
f 987 7130 7126
f 2117 7126 7130
f 2117 7130 2119
f 3630 2120 4002
f 5148 2118 3630
f 5148 3630 4002
f 4746 5148 4002
f 990 4746 4002
f 5886 6284 4746
f 4746 6284 5148
f 7062 7452 5886
f 5886 7452 6284
f 988 7452 7062
f 991 7134 989
f 989 7134 7130
f 2119 7130 7134
f 2119 7134 2121
f 992 3628 4002
f 2120 992 4002
f 2122 992 2120
f 990 4002 3628
f 993 7138 991
f 991 7138 7134
f 2121 7134 7138
f 2121 7138 2123
f 992 2124 994
f 2122 2124 992
f 995 7142 993
f 993 7142 7138
f 2123 7138 7142
f 2123 7142 2125
f 6884 7281 996
f 8056 8435 7281
f 8056 7281 6884
f 997 8435 8056
f 2524 2126 998
f 2524 998 2522
f 2522 994 2524
f 2524 994 2124
f 7142 995 6751
f 995 2127 6751
f 995 999 2127
f 2125 7142 6751
f 5722 6113 1000
f 6113 5722 996
f 7281 6113 996
f 7283 6113 7281
f 7281 8437 7283
f 7281 8435 8437
f 8435 997 1001
f 8435 1001 8437
f 1394 2128 1002
f 1394 1002 1392
f 1392 998 1394
f 1394 998 2126
f 2129 999 1003
f 2129 2127 999
f 4574 4983 1004
f 4983 4574 1000
f 6113 4983 1000
f 6115 4983 6113
f 6113 7285 6115
f 6113 7283 7285
f 7283 8439 7285
f 7283 8437 8439
f 8437 1001 160
f 529 8437 160
f 8439 8437 529
f 1005 529 160
f 296 2130 1006
f 296 1006 294
f 294 1002 296
f 296 1002 2128
f 1003 6750 2129
f 2129 6750 6752
f 2131 6752 6750
f 2131 6750 1007
f 3478 3855 1008
f 3855 3478 1004
f 4983 3855 1004
f 4985 3855 4983
f 4983 6117 4985
f 4983 6115 6117
f 6115 7287 6117
f 6115 7285 7287
f 2132 7287 8058
f 7287 8439 8058
f 7287 7285 8439
f 8058 8439 162
f 162 8439 529
f 1005 1262 529
f 1262 162 529
f 1262 1264 162
f 2400 2751 2133
f 1264 2400 2133
f 1262 2400 1264
f 1009 2751 2400
f 1006 2134 1010
f 2130 2134 1006
f 1007 7924 2131
f 2131 7924 7926
f 2135 7926 7924
f 2135 7924 1011
f 2388 2136 1012
f 2388 1012 2386
f 3855 3480 1008
f 3480 2386 1008
f 3480 2388 2386
f 3480 3855 4576
f 4576 3855 4985
f 4576 4985 5724
f 5724 4985 6117
f 5724 6117 6886
f 6886 6117 7287
f 7287 2132 6886
f 2751 2402 2133
f 2137 2402 2751
f 1009 2137 2751
f 1013 2137 1009
f 8180 2138 1014
f 8180 1014 8178
f 8178 1010 8180
f 8180 1010 2134
f 1011 40 2135
f 2135 40 42
f 40 1015 1524
f 1152 40 1524
f 42 40 1152
f 2139 1152 1524
f 1012 2140 1016
f 2136 2140 1012
f 1013 3494 2137
f 2137 3494 3496
f 2141 3496 3494
f 2141 3494 1017
f 6992 2142 1018
f 6992 1018 6990
f 6990 1014 6992
f 6992 1014 2138
f 1150 1524 1015
f 2139 1524 1150
f 1019 2139 1150
f 2143 2139 1019
f 1244 2144 1020
f 1244 1020 1242
f 1242 1016 1244
f 1244 1016 2140
f 1017 4592 2141
f 2141 4592 4594
f 5742 6155 2145
f 4594 5742 2145
f 4592 5742 4594
f 1021 6155 5742
f 4658 2146 1022
f 4658 1022 4656
f 5816 4658 4656
f 5816 5818 4658
f 5816 1018 5818
f 5818 1018 2142
f 1019 2284 2143
f 2143 2284 2286
f 2147 2286 2284
f 2147 2284 1023
f 128 2148 1024
f 128 1024 126
f 126 1020 128
f 128 1020 2144
f 6155 5744 2145
f 1021 6904 6155
f 6904 5744 6155
f 6904 6906 5744
f 8080 6906 6904
f 8080 8082 6906
f 190 8082 8080
f 190 192 8082
f 1296 192 190
f 1296 1298 192
f 2434 1298 1296
f 2434 2436 1298
f 3540 2436 2434
f 3540 3542 2436
f 3540 1022 3542
f 3542 1022 2146
f 1023 3374 2147
f 2147 3374 3376
f 2149 3376 3374
f 2149 3374 1025
f 8010 2150 1026
f 8010 1026 8008
f 8008 1024 8010
f 8010 1024 2148
f 1025 4476 2149
f 2149 4476 4478
f 5656 4478 4476
f 5656 5658 4478
f 6832 5658 5656
f 6832 6834 5658
f 6832 1026 6834
f 6834 1026 2150
f 1640 1315 1027
f 2762 2449 1640
f 1640 2449 1315
f 3896 3555 2762
f 2762 3555 2449
f 5038 4681 3896
f 3896 4681 3555
f 5038 1028 4681
f 538 215 1029
f 1319 1640 1027
f 1319 1027 215
f 2151 1319 215
f 538 2151 215
f 1640 1319 2451
f 1640 2451 2762
f 2762 2451 3559
f 2762 3559 3896
f 3896 3559 2152
f 5040 3896 2152
f 5038 3896 5040
f 1028 5038 5835
f 5038 6176 5835
f 5038 5040 6176
f 6176 1030 5835
f 8446 8101 1031
f 219 538 1029
f 219 1029 8101
f 2153 219 8101
f 8446 2153 8101
f 2151 538 219
f 2154 5042 5040
f 2154 5040 2152
f 6178 5040 5042
f 6176 5040 6178
f 1030 6176 7011
f 6176 7350 7011
f 6176 6178 7350
f 7350 1032 7011
f 1033 8448 1031
f 1031 8448 8446
f 2153 8446 8448
f 2153 8448 2155
f 2156 5044 5042
f 2156 5042 2154
f 6180 5042 5044
f 6178 5042 6180
f 7352 6178 6180
f 7350 6178 7352
f 1032 7350 8197
f 7350 8508 8197
f 7350 7352 8508
f 606 313 8508
f 8508 313 8197
f 1716 1409 606
f 606 1409 313
f 2830 2537 1716
f 1716 2537 1409
f 3964 3643 2830
f 2830 3643 2537
f 5112 4761 3964
f 3964 4761 3643
f 6248 5901 5112
f 5112 5901 4761
f 6248 1034 5901
f 8102 8448 1033
f 220 2155 544
f 544 2155 1035
f 2155 8448 1035
f 8448 8102 1035
f 2157 220 544
f 2158 5046 5044
f 2158 5044 2156
f 6182 5044 5046
f 6180 5044 6182
f 7354 6180 6182
f 7352 6180 7354
f 8510 7352 7354
f 8508 7352 8510
f 608 8508 8510
f 606 8508 608
f 1718 606 608
f 1716 606 1718
f 2832 1716 1718
f 2830 1716 2832
f 3966 2830 2832
f 3964 2830 3966
f 5114 3964 3966
f 5112 3964 5114
f 6250 5112 5114
f 6248 5112 6250
f 1034 6248 7077
f 6248 7422 7077
f 6248 6250 7422
f 7422 1036 7077
f 216 544 1035
f 1320 2157 1650
f 1650 2157 1037
f 2157 544 1037
f 544 216 1037
f 1320 1650 2772
f 1320 2772 2452
f 2452 2772 3906
f 2452 3906 3560
f 5046 2158 3560
f 3906 5046 3560
f 5048 5046 3906
f 6184 5046 5048
f 6182 5046 6184
f 7356 6182 6184
f 7354 6182 7356
f 8512 7354 7356
f 8510 7354 8512
f 610 8510 8512
f 608 8510 610
f 1720 608 610
f 1718 608 1720
f 2834 1718 1720
f 2832 1718 2834
f 3968 2832 2834
f 3966 2832 3968
f 5118 3966 3968
f 5114 3966 5118
f 6254 5114 5118
f 6250 5114 6254
f 7424 6250 6254
f 7422 6250 7424
f 1036 7422 1038
f 1038 7422 7424
f 1316 1650 1037
f 1039 2774 1316
f 2774 1650 1316
f 2774 2772 1650
f 3908 2772 2774
f 3906 2772 3908
f 5050 3906 3908
f 5048 3906 5050
f 6186 5048 5050
f 6184 5048 6186
f 7358 6184 6186
f 7356 6184 7358
f 8514 7356 7358
f 8512 7356 8514
f 612 8512 8514
f 610 8512 612
f 1722 610 612
f 1720 610 1722
f 2836 1720 1722
f 2834 1720 2836
f 2836 2159 3645
f 3968 2836 3645
f 2834 2836 3968
f 3968 3645 4763
f 3968 4763 5118
f 5118 4763 5903
f 5118 5903 6254
f 6254 5903 2160
f 7426 6254 2160
f 7424 6254 7426
f 1038 7424 1040
f 1040 7424 7426
f 1041 2776 1039
f 1039 2776 2774
f 3910 2774 2776
f 3908 2774 3910
f 3910 2161 4685
f 5050 3910 4685
f 3908 3910 5050
f 5050 4685 5837
f 5050 5837 6186
f 6186 5837 7013
f 6186 7013 7358
f 7358 7013 8199
f 7358 8199 8514
f 8514 8199 2162
f 614 8514 2162
f 612 8514 614
f 614 2163 1411
f 1722 614 1411
f 612 614 1722
f 1722 1411 2539
f 1722 2539 2836
f 2159 2836 2539
f 7079 7426 2160
f 2164 8578 8263
f 2164 8263 1040
f 7079 2164 1040
f 7426 7079 1040
f 8578 1042 8263
f 1043 2778 1041
f 1041 2778 2776
f 2778 2165 3561
f 3910 2778 3561
f 2776 2778 3910
f 2161 3910 3561
f 315 614 2162
f 2163 614 315
f 2166 8580 8578
f 2166 8578 2164
f 1042 8578 1044
f 1044 8578 8580
f 1045 2780 1043
f 1043 2780 2778
f 2165 2778 2780
f 2165 2780 2167
f 2168 8582 8580
f 2168 8580 2166
f 1044 8580 1046
f 1046 8580 8582
f 1047 2782 1045
f 1045 2782 2780
f 2167 2780 2782
f 2167 2782 2169
f 7080 2170 7434
f 8582 2168 7080
f 8582 7080 7434
f 8264 8582 7434
f 1048 8264 7434
f 1046 8582 8264
f 1049 2784 1047
f 1047 2784 2782
f 2169 2782 2784
f 2169 2784 2171
f 1412 2172 1740
f 1412 1740 2852
f 1412 2852 2540
f 2540 2852 3984
f 2540 3984 3646
f 3646 3984 5132
f 3646 5132 4764
f 4764 5132 6268
f 4764 6268 5904
f 7434 2170 5904
f 7434 5904 6268
f 7078 7434 6268
f 1050 7078 6268
f 1048 7434 7078
f 1664 1317 1051
f 1317 1664 1049
f 1664 2784 1049
f 1664 2786 2784
f 2171 2784 2786
f 2171 2786 2173
f 316 2174 632
f 1740 2172 316
f 1740 316 632
f 1410 1740 632
f 1052 1410 632
f 2538 2852 1410
f 1410 2852 1740
f 3644 3984 2538
f 2538 3984 2852
f 4762 5132 3644
f 3644 5132 3984
f 5902 6268 4762
f 4762 6268 5132
f 1050 6268 5902
f 8454 8103 1053
f 2175 221 8454
f 221 8103 8454
f 221 217 8103
f 1321 1664 1051
f 217 1321 1051
f 221 1321 217
f 1664 1321 2453
f 1664 2453 2786
f 2173 2786 2453
f 7014 2176 7380
f 7014 7380 8536
f 7014 8536 8200
f 632 2174 8200
f 632 8200 8536
f 314 632 8536
f 1054 314 8536
f 1052 632 314
f 6126 5757 1055
f 2177 6921 6126
f 6921 5757 6126
f 6921 6919 5757
f 8105 8454 1053
f 6919 8105 1053
f 6921 8105 6919
f 2175 8454 8105
f 3562 2178 3928
f 3562 3928 5072
f 3562 5072 4686
f 4686 5072 6210
f 4686 6210 5838
f 7380 2176 5838
f 7380 5838 6210
f 7012 7380 6210
f 1056 7012 6210
f 8198 8536 7012
f 7012 8536 7380
f 1054 8536 8198
f 4994 4607 1057
f 5759 6126 1055
f 5759 1055 4607
f 2179 5759 4607
f 4994 2179 4607
f 2177 6126 5759
f 2180 3930 3928
f 2180 3928 2178
f 4682 5072 1058
f 5072 3930 1058
f 5072 3928 3930
f 5836 6210 4682
f 4682 6210 5072
f 1056 6210 5836
f 3866 3509 1059
f 3509 3866 1057
f 3866 4994 1057
f 3866 4996 4994
f 2179 4994 4996
f 2179 4996 2181
f 2182 3932 3930
f 2182 3930 2180
f 1058 3930 1060
f 1060 3930 3932
f 1061 3868 1059
f 1059 3868 3866
f 4998 3866 3868
f 4996 3866 4998
f 2181 4996 4998
f 2181 4998 2183
f 2184 3934 3932
f 2184 3932 2182
f 1060 3932 1062
f 1062 3932 3934
f 1063 3870 1061
f 1061 3870 3868
f 5000 3868 3870
f 4998 3868 5000
f 2183 4998 5000
f 2183 5000 2185
f 2186 3936 3934
f 2186 3934 2184
f 1062 3934 1064
f 1064 3934 3936
f 1065 3872 1063
f 1063 3872 3870
f 5002 3870 3872
f 5000 3870 5002
f 2185 5000 5002
f 2185 5002 2187
f 2188 3938 3936
f 2188 3936 2186
f 1064 3936 1066
f 1066 3936 3938
f 1067 3874 1065
f 1065 3874 3872
f 5004 3872 3874
f 5002 3872 5004
f 2187 5002 5004
f 2187 5004 2189
f 2190 3940 3938
f 2190 3938 2188
f 1066 3938 1068
f 1068 3938 3940
f 1069 3876 1067
f 1067 3876 3874
f 3876 2191 4609
f 5004 3876 4609
f 3874 3876 5004
f 2189 5004 4609
f 2192 3942 3940
f 2192 3940 2190
f 1068 3940 1070
f 1070 3940 3942
f 1071 3878 1069
f 1069 3878 3876
f 2191 3876 3878
f 2191 3878 2193
f 2454 2194 2806
f 3942 2192 2454
f 3942 2454 2806
f 3556 3942 2806
f 1072 3556 2806
f 1070 3942 3556
f 2746 2415 1073
f 3511 3878 1071
f 3511 1071 2415
f 2195 3511 2415
f 2746 2195 2415
f 2193 3878 3511
f 2455 2806 2194
f 2455 2196 2806
f 2196 1072 2806
f 2196 1074 1072
f 1630 1277 1075
f 1277 1630 1073
f 1630 2746 1073
f 1630 2748 2746
f 2195 2746 2748
f 2195 2748 2197
f 1074 2198 1076
f 2196 2198 1074
f 1077 1632 1075
f 1075 1632 1630
f 2750 1630 1632
f 2748 1630 2750
f 2197 2748 2750
f 2197 2750 2199
f 2200 3950 3557
f 1076 2200 3557
f 2198 2200 1076
f 3950 1078 3557
f 1079 1634 1077
f 1077 1634 1632
f 2752 1632 1634
f 2750 1632 2752
f 2199 2750 2752
f 2199 2752 2201
f 3563 3950 2200
f 3563 2202 3950
f 2202 1078 3950
f 2202 1080 1078
f 1278 1634 1079
f 1081 2754 1278
f 2754 1634 1278
f 2754 2752 1634
f 3888 3512 2201
f 2752 3888 2201
f 2754 3888 2752
f 2203 3512 3888
f 1080 2204 1082
f 2202 2204 1080
f 2416 2754 1081
f 3510 3888 2416
f 2416 3888 2754
f 4610 2203 5020
f 5020 2203 1083
f 2203 3888 1083
f 3888 3510 1083
f 2205 4610 5020
f 4683 1082 2204
f 4683 2204 4687
f 4687 2206 4683
f 4683 2206 1084
f 4608 5020 1083
f 5760 2205 6156
f 6156 2205 1085
f 2205 5020 1085
f 5020 4608 1085
f 2207 5760 6156
f 1084 2208 1086
f 2206 2208 1084
f 5758 6156 1085
f 2207 6156 5758
f 1087 2207 5758
f 2209 2207 1087
f 4688 2210 1088
f 4688 1088 4684
f 4684 1086 4688
f 4688 1086 2208
f 1087 6920 2209
f 2209 6920 6922
f 2211 6922 6920
f 2211 6920 1089
f 3564 2212 1090
f 3564 1090 3558
f 3558 1088 3564
f 3564 1088 2210
f 1089 8104 2211
f 2211 8104 8106
f 218 8106 8104
f 218 222 8106
f 1318 222 218
f 1318 1322 222
f 2450 1322 1318
f 2450 2456 1322
f 2450 1090 2456
f 2456 1090 2212
f 8480 8119 1091
f 2213 237 8480
f 237 8119 8480
f 237 235 8119
f 237 1335 235
f 1337 1335 237
f 2814 2469 2214
f 2469 1337 2214
f 2469 1335 1337
f 2814 1092 2469
f 7322 6935 1093
f 8121 8480 1091
f 8121 1091 6935
f 2215 8121 6935
f 7322 2215 6935
f 2213 8480 8121
f 2471 2814 2214
f 2216 3954 3577
f 2216 3577 1092
f 2471 2216 1092
f 2814 2471 1092
f 3954 1094 3577
f 7322 1093 6937
f 1093 2217 6937
f 1093 1095 2217
f 2215 7322 6937
f 3579 3954 2216
f 2218 5104 4697
f 2218 4697 1094
f 3579 2218 1094
f 3954 3579 1094
f 5104 1096 4697
f 2219 5771 1097
f 1097 5771 5769
f 1095 5769 5771
f 1095 5771 2217
f 2220 5108 5104
f 2220 5104 2218
f 1096 5104 1098
f 1098 5104 5108
f 2221 4615 1099
f 1099 4615 4613
f 1097 4613 4615
f 1097 4615 2219
f 3580 2222 3960
f 5108 2220 3580
f 5108 3580 3960
f 4698 5108 3960
f 1100 4698 3960
f 1098 5108 4698
f 2223 1099 1101
f 2223 2221 1099
f 2472 2224 2826
f 3960 2222 2472
f 3960 2472 2826
f 3578 3960 2826
f 1102 3578 2826
f 1100 3960 3578
f 1101 4614 2223
f 2223 4614 4616
f 2225 4616 4614
f 2225 4614 1103
f 1336 1707 1104
f 2224 2226 1707
f 2470 2224 1707
f 1336 2470 1707
f 2826 2224 2470
f 1102 2826 2470
f 6167 2227 5770
f 2227 1103 5770
f 2227 2225 1103
f 1105 6167 5770
f 236 597 1106
f 1707 1338 1104
f 1104 1338 236
f 1338 2228 236
f 2228 597 236
f 1707 2226 1338
f 6169 2229 6167
f 6167 2229 2227
f 6167 1105 6936
f 7341 6167 6936
f 6169 6167 7341
f 8120 8499 7341
f 8120 7341 6936
f 8499 8120 1106
f 597 8499 1106
f 599 8499 597
f 597 2228 599
f 599 2228 2230
f 6169 5772 2229
f 5772 6169 2231
f 6169 7343 2231
f 6169 7341 7343
f 7341 8501 7343
f 7341 8499 8501
f 2232 8501 238
f 8501 599 238
f 8501 8499 599
f 599 2230 238
f 7343 6938 2231
f 6938 7343 8122
f 8122 7343 8501
f 8501 2232 8122
f 2913 1159 1543
f 1543 1159 2675
f 2675 1159 2295
f 2295 2914 2675
f 2915 49 441
f 2913 1543 49
f 1543 441 49
f 1543 1547 441
f 1543 2677 1547
f 1543 2675 2677
f 3385 3803 2914
f 3803 2675 2914
f 3803 2677 2675
f 3385 2916 3803
f 2917 7931 8335
f 2915 441 7931
f 7931 441 8335
f 441 47 8335
f 47 1817 8335
f 1547 1157 47
f 1547 47 441
f 2677 2293 1157
f 2677 1157 1547
f 3807 1818 2293
f 2677 3807 2293
f 3803 3807 2677
f 3803 2916 3807
f 3807 2916 2918
f 7929 1819 8335
f 1819 2917 8335
f 1819 2919 2917
f 8335 1817 7929
f 3811 1820 1818
f 3811 1818 3807
f 3807 2918 3811
f 3811 2918 2920
f 2921 6753 7173
f 1821 7173 6753
f 2919 1821 6753
f 1819 1821 2919
f 3817 1822 1820
f 3817 1820 3811
f 3811 2920 3817
f 3817 2920 2922
f 7173 6754 2921
f 2923 6754 7173
f 1821 2923 7173
f 1823 2923 1821
f 3817 3383 1822
f 2922 4487 4959
f 2922 4959 1824
f 3817 2922 1824
f 3383 3817 1824
f 4487 2924 4959
f 2925 1823 1825
f 2925 2923 1823
f 4959 4485 1824
f 4959 2924 4485
f 2924 1826 4485
f 2924 2926 1826
f 2927 1825 1827
f 2927 2925 1825
f 1826 2928 1828
f 2926 2928 1826
f 8359 2929 7930
f 2929 1827 7930
f 2929 2927 1827
f 1829 8359 7930
f 1828 2930 1830
f 2928 2930 1828
f 8365 2931 8359
f 8359 2931 2929
f 8359 1829 1831
f 8359 1831 8365
f 4486 4977 1832
f 4486 1830 4977
f 1830 2932 4977
f 1830 2930 2932
f 8369 2933 8365
f 8365 2933 2931
f 8365 1831 48
f 475 8365 48
f 8369 8365 475
f 1833 475 48
f 3384 3849 1834
f 4977 4488 1832
f 1832 4488 3384
f 4488 2934 3384
f 2934 3849 3384
f 4977 2932 4488
f 8369 7932 2933
f 7932 8369 2935
f 8369 479 2935
f 8369 475 479
f 475 1833 1158
f 1587 475 1158
f 479 475 1587
f 2296 2936 1587
f 1158 2296 1587
f 2294 2296 1158
f 3849 3386 1834
f 3386 2294 1834
f 3386 2296 2294
f 3849 2934 3386
f 479 50 2935
f 50 479 1160
f 1160 479 1587
f 1587 2936 1160
f 2937 4507 1835
f 1835 4507 4505
f 4507 5683 4505
f 5685 5683 4507
f 5685 6853 5683
f 6855 6853 5685
f 1836 6853 8391
f 6853 8035 8391
f 6853 6855 8035
f 8035 2938 8391
f 2939 3401 1837
f 1837 3401 3399
f 1835 3399 3401
f 1835 3401 2937
f 8391 8033 1836
f 8391 2938 8033
f 2938 1838 8033
f 2938 2940 1838
f 2941 2311 1839
f 1839 2311 2309
f 1837 2309 2311
f 1837 2311 2939
f 139 1838 2940
f 139 2940 141
f 141 2942 139
f 139 2942 1840
f 2943 1839 1841
f 2943 2941 1839
f 1840 2944 1842
f 2942 2944 1840
f 2945 1177 1843
f 1843 1177 1173
f 1841 1173 1177
f 1841 1177 2943
f 1842 2946 1844
f 2944 2946 1842
f 2947 1843 1845
f 2947 2945 1843
f 1844 2948 1846
f 2946 2948 1844
f 1845 1174 2947
f 2947 1174 1178
f 2949 1178 1174
f 2949 1174 1847
f 1846 2950 1848
f 2948 2950 1846
f 2951 1847 1849
f 2951 2949 1847
f 142 2952 1850
f 142 1850 140
f 140 1848 142
f 142 1848 2950
f 2312 2951 2658
f 2951 1851 2658
f 2951 1849 1851
f 2953 2312 2658
f 8036 2954 8408
f 8408 1852 8036
f 1852 2952 8036
f 1852 1850 2952
f 1853 2660 1851
f 1851 2660 2658
f 3784 3402 2953
f 2658 3784 2953
f 2660 3784 2658
f 3402 3784 4910
f 3402 4910 4508
f 4508 4910 6062
f 4508 6062 5686
f 5686 6062 7246
f 5686 7246 6856
f 8408 2954 6856
f 8408 6856 7246
f 8034 8408 7246
f 1854 8034 7246
f 1852 8408 8034
f 1855 2662 1853
f 1853 2662 2660
f 3786 2660 2662
f 3784 2660 3786
f 4912 3784 3786
f 4910 3784 4912
f 6064 4910 4912
f 6062 4910 6064
f 7248 6062 6064
f 7246 6062 7248
f 1854 7246 1856
f 1856 7246 7248
f 2955 1179 1857
f 1857 1179 1175
f 2313 2662 1855
f 1175 2313 1855
f 1179 2313 1175
f 2662 2313 3403
f 2662 3403 3786
f 3786 3403 2956
f 4914 3786 2956
f 4912 3786 4914
f 6066 4912 4914
f 6064 4912 6066
f 7250 6064 6066
f 7248 6064 7250
f 1856 7248 1858
f 1858 7248 7250
f 2957 65 1859
f 1859 65 63
f 1857 63 65
f 1857 65 2955
f 4509 4914 2956
f 4914 4509 2958
f 6068 4914 2958
f 6066 4914 6068
f 7252 6066 6068
f 7250 6066 7252
f 1858 7250 1860
f 1860 7250 7252
f 2959 7947 1861
f 1861 7947 7945
f 1859 7945 7947
f 1859 7947 2957
f 2960 6070 6068
f 2960 6068 2958
f 7254 6068 6070
f 7252 6068 7254
f 1860 7252 1862
f 1862 7252 7254
f 2961 6769 7153
f 1863 7153 6769
f 2959 1863 6769
f 1861 1863 2959
f 2962 6072 6070
f 2962 6070 2960
f 6854 7254 1864
f 7254 6072 1864
f 7254 6070 6072
f 1862 7254 6854
f 6767 1865 7153
f 1865 2961 7153
f 1865 2963 2961
f 7153 1863 6767
f 1866 5684 6072
f 2962 1866 6072
f 2964 1866 2962
f 1864 6072 5684
f 2965 5593 5973
f 1867 5973 5593
f 2963 1867 5593
f 1865 1867 2963
f 1866 2966 1868
f 2964 2966 1866
f 5975 2967 5973
f 5973 2967 2965
f 5973 1867 1869
f 5973 1869 5975
f 4510 2968 1870
f 4510 1870 4506
f 4506 1868 4510
f 4510 1868 2966
f 5591 1871 5975
f 1871 2967 5975
f 1871 2969 2967
f 5975 1869 5591
f 1870 2970 1872
f 2968 2970 1870
f 2971 1871 1873
f 2971 2969 1871
f 1872 2972 1874
f 2970 2972 1872
f 2973 4419 1875
f 1875 4419 4417
f 1873 4417 4419
f 1873 4419 2971
f 1874 2974 1876
f 2972 2974 1874
f 2975 3319 1877
f 1877 3319 3317
f 1875 3317 3319
f 1875 3319 2973
f 1876 2976 1878
f 2974 2976 1876
f 2977 1877 1879
f 2977 2975 1877
f 3404 2978 1880
f 3404 1880 3400
f 3400 1878 3404
f 3404 1878 2976
f 2979 1879 1881
f 2979 2977 1879
f 2314 2980 1882
f 2314 1882 2310
f 2310 1880 2314
f 2314 1880 2978
f 2981 1881 1883
f 2981 2979 1881
f 1180 2982 1884
f 1180 1884 1176
f 1176 1882 1180
f 1180 1882 2980
f 2983 1883 1885
f 2983 2981 1883
f 66 2984 1886
f 66 1886 64
f 64 1884 66
f 66 1884 2982
f 2985 2237 1887
f 1887 2237 2235
f 1885 2235 2237
f 1885 2237 2983
f 1886 2986 1888
f 2984 2986 1886
f 2987 1109 1889
f 1889 1109 1107
f 1887 1107 1109
f 1887 1109 2985
f 1888 2988 1890
f 2986 2988 1888
f 2989 1889 1891
f 2989 2987 1889
f 1890 2990 1892
f 2988 2990 1890
f 1891 1108 2989
f 2989 1108 1110
f 2991 1110 1108
f 2991 1108 1893
f 1892 2992 1894
f 2990 2992 1892
f 1893 2236 2991
f 2991 2236 2238
f 2993 2238 2236
f 2993 2236 1895
f 7948 2994 1896
f 7948 1896 7946
f 7946 1894 7948
f 7948 1894 2992
f 1895 3318 2993
f 2993 3318 3320
f 2995 3320 3318
f 2995 3318 1897
f 6770 2996 1898
f 6770 1898 6768
f 6768 1896 6770
f 6770 1896 2994
f 1897 4418 2995
f 2995 4418 4420
f 5592 4420 4418
f 5592 5594 4420
f 5592 1898 5594
f 5594 1898 2996
f 6044 5703 1899
f 7228 6871 6044
f 6044 6871 5703
f 7228 1900 6871
f 4894 4535 1901
f 5707 6044 1899
f 5707 1899 4535
f 2997 5707 4535
f 4894 2997 4535
f 6044 5707 6875
f 6044 6875 7228
f 2998 8394 8049
f 2998 8049 1900
f 6875 2998 1900
f 7228 6875 1900
f 8394 1902 8049
f 3770 3429 1903
f 4539 4894 1901
f 4539 1901 3429
f 2999 4539 3429
f 3770 2999 3429
f 2997 4894 4539
f 8051 8394 2998
f 3000 496 155
f 3000 155 1902
f 8051 3000 1902
f 8394 8051 1902
f 496 1904 155
f 1905 3772 1903
f 1903 3772 3770
f 2999 3770 3772
f 2999 3772 3001
f 3002 498 496
f 3002 496 3000
f 1904 496 1906
f 1906 496 498
f 1907 3774 1905
f 1905 3774 3772
f 4900 4540 3001
f 3772 4900 3001
f 3774 4900 3772
f 3003 4540 4900
f 8052 3004 8400
f 498 3002 8052
f 498 8052 8400
f 156 498 8400
f 1908 156 8400
f 1906 498 156
f 3430 3774 1907
f 1909 4902 3430
f 4902 3774 3430
f 4902 4900 3774
f 6054 5708 3003
f 4900 6054 3003
f 4902 6054 4900
f 5708 6054 7238
f 5708 7238 6876
f 8400 3004 6876
f 8400 6876 7238
f 8050 8400 7238
f 1910 8050 7238
f 1908 8400 8050
f 4536 4902 1909
f 5704 6054 4536
f 4536 6054 4902
f 6872 7238 5704
f 5704 7238 6054
f 1910 7238 6872
f 3005 5913 6295
f 6295 5913 7463
f 7463 5913 7087
f 7087 3006 7463
f 3007 4773 5157
f 3005 6295 4773
f 4773 6295 5157
f 6295 5911 5157
f 5911 1911 5157
f 7463 7085 5911
f 7463 5911 6295
f 7085 7463 3006
f 8271 7085 3006
f 8269 7085 8271
f 8271 3008 8269
f 8269 3008 1912
f 3009 3655 1913
f 1913 3655 3653
f 3655 3007 5157
f 4771 3655 5157
f 3653 3655 4771
f 5157 1911 4771
f 373 1912 3008
f 373 3008 375
f 375 3010 373
f 373 3010 1914
f 3011 321 665
f 665 321 1773
f 1773 321 1419
f 1773 1419 1915
f 1419 2547 1915
f 1419 2549 2547
f 1913 2547 2549
f 1913 2549 3009
f 3010 1467 1807
f 1916 3010 1807
f 1914 3010 1916
f 1467 3012 1807
f 3013 8203 8581
f 3011 665 8203
f 8203 665 8581
f 665 319 8581
f 319 1917 8581
f 1773 1417 319
f 1773 319 665
f 1773 1915 1417
f 1811 1918 1916
f 1811 1916 1807
f 1807 3012 1811
f 1811 3012 3014
f 3015 5611 1919
f 1919 5611 5609
f 5611 6785 5609
f 6787 6785 5611
f 6787 7961 6785
f 7963 7961 6787
f 1920 7961 427
f 7961 81 427
f 7961 7963 81
f 427 81 1535
f 1535 81 1197
f 1535 1197 2667
f 2667 1197 2341
f 2667 2341 3791
f 3791 2341 3433
f 3433 3016 3791
f 3017 7017 7433
f 3013 8581 7017
f 7017 8581 7433
f 8581 8201 7433
f 8201 1921 7433
f 8581 1917 8201
f 1918 1811 1468
f 3018 1918 1468
f 1922 1918 3018
f 1811 3014 1468
f 3019 4431 1923
f 1923 4431 4429
f 1919 4429 4431
f 1919 4431 3015
f 427 79 1920
f 1535 1195 79
f 1535 79 427
f 2667 2339 1195
f 2667 1195 1535
f 3791 3431 2339
f 3791 2339 2667
f 3431 3791 3016
f 4541 3431 3016
f 4537 3431 4541
f 4541 3020 4537
f 4537 3020 1924
f 3021 5783 6195
f 6195 5783 7369
f 7369 5783 6949
f 7369 6949 8525
f 8525 6949 8133
f 8525 8133 623
f 623 8133 249
f 249 3022 623
f 3023 4701 5129
f 5129 4701 6267
f 6267 4701 5841
f 3017 7433 5841
f 5841 7433 6267
f 7433 7015 6267
f 7015 1925 6267
f 7433 1921 7015
f 376 3024 1926
f 376 1926 374
f 374 1922 376
f 376 1922 3018
f 3025 3329 1927
f 1927 3329 3327
f 1923 3327 3329
f 1923 3329 3019
f 5705 1924 3020
f 5705 3020 5709
f 5709 3026 5705
f 5705 3026 1928
f 3027 4625 1929
f 1929 4625 4623
f 4625 3021 6195
f 5781 4625 6195
f 4623 4625 5781
f 7369 6947 5781
f 7369 5781 6195
f 8529 1930 6947
f 7369 8529 6947
f 8525 8529 7369
f 8525 629 8529
f 8525 623 629
f 1347 1741 3022
f 1741 623 3022
f 1741 629 623
f 1741 1347 2853
f 2853 1347 2477
f 2853 2477 3985
f 3985 2477 3583
f 3023 5129 3583
f 3583 5129 3985
f 5129 4699 3985
f 4699 1931 3985
f 6267 5839 4699
f 6267 4699 5129
f 6267 1925 5839
f 1926 3028 1932
f 3024 3028 1926
f 3029 1927 1933
f 3029 3025 1927
f 1928 3030 1934
f 3026 3030 1928
f 3031 3513 3921
f 1935 3921 3513
f 3027 1935 3513
f 1929 1935 3027
f 8529 8131 1930
f 633 1936 8131
f 8529 633 8131
f 629 633 8529
f 629 1743 633
f 629 1741 1743
f 2853 2475 1937
f 1743 2853 1937
f 1741 2853 1743
f 3985 3581 2475
f 3985 2475 2853
f 3985 1931 3581
f 8272 3032 1938
f 8272 1938 8270
f 8270 1932 8272
f 8272 1932 3028
f 3033 1933 1939
f 3033 3029 1933
f 6873 1934 3030
f 6873 3030 6877
f 6877 3034 6873
f 6873 3034 1940
f 3925 3035 3921
f 3921 3035 3031
f 3921 1935 1941
f 3921 1941 3925
f 633 247 1936
f 1743 1345 247
f 1743 247 633
f 1743 1937 1345
f 1418 1785 1942
f 2548 2891 1785
f 2548 1785 1418
f 1943 2891 2548
f 7088 3036 1944
f 7088 1944 7086
f 7086 1938 7088
f 7088 1938 3032
f 1939 3328 3033
f 3033 3328 3330
f 3037 3330 3328
f 3037 3328 1945
f 1940 3038 1946
f 3034 3038 1940
f 3925 3514 3035
f 5073 3039 4624
f 4624 3039 1941
f 3039 3514 1941
f 3514 3925 1941
f 1947 5073 4624
f 8132 8539 1948
f 248 637 8539
f 248 8539 8132
f 1949 637 248
f 320 679 1950
f 679 320 1942
f 1785 679 1942
f 1787 679 1785
f 1785 2893 1787
f 1785 2891 2893
f 2893 2891 3040
f 2891 3654 3040
f 3654 3656 3040
f 3654 2891 1943
f 4772 3656 3654
f 4772 4774 3656
f 5912 4774 4772
f 5912 5914 4774
f 5912 1944 5914
f 5914 1944 3036
f 1945 4430 3037
f 3037 4430 4432
f 3041 4432 4430
f 3041 4430 1951
f 1946 3042 1952
f 3038 3042 1946
f 5073 4626 3039
f 6215 3043 5782
f 5782 3043 1947
f 3043 4626 1947
f 4626 5073 1947
f 6948 7389 6215
f 6948 6215 5782
f 8539 8134 1948
f 1948 8134 6948
f 8134 3044 6948
f 3044 7389 6948
f 8134 8539 3045
f 8539 639 3045
f 8539 637 639
f 637 1949 1346
f 1749 637 1346
f 639 637 1749
f 1953 1749 1346
f 4700 5141 1954
f 5840 6277 5141
f 5840 5141 4700
f 7016 7445 6277
f 7016 6277 5840
f 8202 8595 7445
f 8202 7445 7016
f 8595 8202 1950
f 679 8595 1950
f 681 8595 679
f 679 1789 681
f 679 1787 1789
f 3046 1789 2550
f 1789 2893 2550
f 1789 1787 2893
f 2893 3040 2550
f 1951 5610 3041
f 3041 5610 5612
f 6786 5612 5610
f 6786 6788 5612
f 7962 6788 6786
f 7962 7964 6788
f 80 7964 7962
f 80 82 7964
f 80 1955 1552
f 1198 80 1552
f 82 80 1198
f 3047 1198 1552
f 6878 3048 1956
f 6878 1956 6874
f 6874 1952 6878
f 6878 1952 3042
f 6215 5784 3043
f 5784 6215 6950
f 6950 6215 7389
f 7389 3044 6950
f 639 250 3045
f 250 639 1348
f 1348 639 1749
f 2863 3049 2476
f 2476 3049 1953
f 3049 1348 1953
f 1348 1749 1953
f 3582 3995 2863
f 3582 2863 2476
f 3995 3582 1954
f 5141 3995 1954
f 5143 3995 5141
f 5141 6279 5143
f 5141 6277 6279
f 6277 7447 6279
f 6277 7445 7447
f 7445 8597 7447
f 7445 8595 8597
f 8595 683 8597
f 8595 681 683
f 3050 683 1420
f 683 1789 1420
f 683 681 1789
f 1789 3046 1420
f 1196 1552 1955
f 1552 1196 3047
f 1196 2342 3047
f 1196 2340 2342
f 3051 2342 2340
f 3051 2340 1957
f 5710 3052 1958
f 5710 1958 5706
f 5706 1956 5710
f 5710 1956 3048
f 2863 2478 3049
f 2478 2863 3584
f 3584 2863 3995
f 3584 3995 4702
f 4702 3995 5143
f 4702 5143 5842
f 5842 5143 6279
f 5842 6279 7018
f 7018 6279 7447
f 7018 7447 8204
f 8204 7447 8597
f 8204 8597 322
f 322 8597 683
f 683 3050 322
f 1957 3432 3051
f 3051 3432 3434
f 4538 3434 3432
f 4538 4542 3434
f 4538 1958 4542
f 4542 1958 3052
f 3053 7103 1959
f 1959 7103 7101
f 7103 8285 7101
f 8287 8285 7103
f 8287 3054 8285
f 8285 3054 1960
f 5154 4787 1961
f 3055 5929 5154
f 5929 4787 5154
f 5929 5927 4787
f 1959 5927 5929
f 1959 5929 3053
f 389 1960 3054
f 389 3054 391
f 391 3056 389
f 389 3056 1962
f 4008 3669 1963
f 4789 5154 1961
f 4789 1961 3669
f 3057 4789 3669
f 4008 3057 3669
f 3055 5154 4789
f 1477 1962 3056
f 1477 3056 1479
f 1479 3058 1477
f 1477 3058 1964
f 3059 1435 1965
f 1965 1435 1433
f 1435 2563 1433
f 2565 2563 1435
f 3671 4008 1963
f 2563 3671 1963
f 2565 3671 2563
f 3057 4008 3671
f 1964 3060 1966
f 3058 3060 1964
f 3061 337 1967
f 1967 337 335
f 1965 335 337
f 1965 337 3059
f 2591 1966 3060
f 2591 3060 2593
f 2593 3062 2591
f 2591 3062 1968
f 3063 8219 1969
f 1969 8219 8217
f 1967 8217 8219
f 1967 8219 3061
f 1968 3064 1970
f 3062 3064 1968
f 3065 7033 1971
f 1971 7033 7031
f 1969 7031 7033
f 1969 7033 3063
f 1970 3066 1972
f 3064 3066 1970
f 3067 1971 1973
f 3067 3065 1971
f 2594 3068 1974
f 2594 1974 2592
f 2592 1972 2594
f 2594 1972 3066
f 5964 5625 1975
f 3069 6803 5964
f 6803 5625 5964
f 6803 6801 5625
f 6803 7977 6801
f 7979 7977 6803
f 430 95 3070
f 95 7979 3070
f 95 7977 7979
f 430 1976 95
f 3071 5857 1977
f 1977 5857 5855
f 1973 5855 5857
f 1973 5857 3067
f 1480 3072 1978
f 1480 1978 1478
f 1478 1974 1480
f 1480 1974 3068
f 5964 1975 5627
f 1975 3073 5627
f 1975 1979 3073
f 3069 5964 5627
f 97 430 3070
f 1211 1976 430
f 97 1211 430
f 1213 1211 97
f 2672 2355 3074
f 2355 1213 3074
f 2355 1211 1213
f 2672 1980 2355
f 630 263 1981
f 3075 1363 630
f 1363 263 630
f 1363 1361 263
f 1363 2491 1361
f 2493 2491 1363
f 2493 3597 2491
f 3599 3597 2493
f 3599 4715 3597
f 4717 4715 3599
f 1977 4715 4717
f 1977 4717 3071
f 392 3076 1982
f 392 1982 390
f 390 1978 392
f 392 1978 3072
f 3077 4447 1983
f 1983 4447 4445
f 1979 4445 4447
f 1979 4447 3073
f 2357 2672 3074
f 3078 3800 3447
f 3078 3447 1980
f 2357 3078 1980
f 2672 2357 1980
f 3800 1984 3447
f 8534 8147 1985
f 265 630 1981
f 265 1981 8147
f 3079 265 8147
f 8534 3079 8147
f 3075 630 265
f 7102 7481 1986
f 8288 3080 7481
f 7102 8288 7481
f 8286 8288 7102
f 8286 1982 8288
f 8288 1982 3076
f 3708 3343 1987
f 1983 3343 3708
f 3081 1983 3708
f 3077 1983 3081
f 3449 3800 3078
f 3082 4928 4555
f 3082 4555 1984
f 3449 3082 1984
f 3800 3449 1984
f 4928 1988 4555
f 8534 1985 8149
f 1985 3083 8149
f 1985 1989 3083
f 3079 8534 8149
f 5928 6317 1990
f 7481 7104 1986
f 1986 7104 5928
f 7104 3084 5928
f 3084 6317 5928
f 7481 3080 7104
f 2602 2253 1991
f 3345 3708 1987
f 3345 1987 2253
f 3085 3345 2253
f 2602 3085 2253
f 3081 3708 3345
f 4557 4928 3082
f 4557 3086 4928
f 3086 1988 4928
f 3086 1992 1988
f 3087 1989 1993
f 3087 3083 1989
f 1990 6317 5930
f 3088 1990 5930
f 1994 1990 3088
f 6317 3084 5930
f 3089 1121 1995
f 1995 1121 1119
f 2255 2602 1991
f 1119 2255 1991
f 1121 2255 1119
f 3085 2602 2255
f 1992 3090 1996
f 3086 3090 1992
f 3091 1993 1997
f 3091 3087 1993
f 4788 5179 1998
f 4788 1994 5179
f 1994 3092 5179
f 1994 3088 3092
f 3093 11 1999
f 1999 11 9
f 1995 9 11
f 1995 11 3089
f 1996 3094 2000
f 3090 3094 1996
f 8543 3095 8148
f 3095 1997 8148
f 3095 3091 1997
f 2001 8543 8148
f 1998 5179 4790
f 3096 1998 4790
f 2002 1998 3096
f 5179 3092 4790
f 3097 5571 2003
f 2003 5571 5569
f 5571 6723 5569
f 6725 6723 5571
f 6725 7893 6723
f 7895 7893 6725
f 1999 7893 7895
f 1999 7895 3093
f 2000 3098 2004
f 3094 3098 2000
f 8543 8150 3095
f 643 3099 264
f 264 3099 2001
f 3099 8150 2001
f 8150 8543 2001
f 2005 643 264
f 3670 4033 2006
f 3670 2002 4033
f 2002 3100 4033
f 2002 3096 3100
f 3101 4405 2007
f 2007 4405 4403
f 2003 4403 4405
f 2003 4405 3097
f 2004 3102 2008
f 3098 3102 2004
f 643 266 3099
f 2005 1362 643
f 1362 266 643
f 1362 1364 266
f 2492 1364 1362
f 2492 2494 1364
f 3598 2494 2492
f 3598 3600 2494
f 4716 3600 3598
f 4716 4718 3600
f 5856 4718 4716
f 5856 5858 4718
f 7032 5858 5856
f 7032 7034 5858
f 8218 8601 3103
f 7034 8218 3103
f 7032 8218 7034
f 2009 8601 8218
f 2564 2901 2010
f 4033 3672 2006
f 2006 3672 2564
f 3672 3104 2564
f 3104 2901 2564
f 4033 3100 3672
f 3105 3305 2011
f 2011 3305 3303
f 2007 3303 3305
f 2007 3305 3101
f 4558 3106 2012
f 4558 2012 4556
f 4556 2008 4558
f 4558 2008 3102
f 8601 8220 3103
f 2009 336 8601
f 336 8220 8601
f 336 338 8220
f 1434 338 336
f 1434 1436 338
f 2901 2566 2010
f 2566 1434 2010
f 2566 1436 1434
f 2901 3104 2566
f 3107 2011 2013
f 3107 3105 2011
f 3450 3108 2014
f 3450 2014 3448
f 3448 2012 3450
f 3450 2012 3106
f 3109 2013 2015
f 3109 3107 2013
f 1214 3110 2016
f 1214 2016 1212
f 2356 1214 1212
f 2356 2358 1214
f 2356 2014 2358
f 2358 2014 3108
f 2015 3304 3109
f 3109 3304 3306
f 3111 3306 3304
f 3111 3304 2017
f 3346 3112 3740
f 3346 3740 2018
f 4446 3346 2018
f 4448 3346 4446
f 5626 4448 4446
f 5626 5628 4448
f 6802 5628 5626
f 6802 6804 5628
f 7978 6804 6802
f 7978 7980 6804
f 96 7980 7978
f 96 98 7980
f 96 2016 98
f 98 2016 3110
f 2017 4404 3111
f 3111 4404 4406
f 3113 4406 4404
f 3113 4404 2019
f 7896 3114 2020
f 7896 2020 7894
f 10 7896 7894
f 10 12 7896
f 1120 12 10
f 1120 1122 12
f 2254 1122 1120
f 2254 2256 1122
f 3112 2256 3740
f 2256 3344 3740
f 2256 2254 3344
f 2018 3740 3344
f 2019 5570 3113
f 3113 5570 5572
f 6724 5572 5570
f 6724 6726 5572
f 6724 2020 6726
f 6726 2020 3114
f 3115 7049 2021
f 2021 7049 7047
f 7049 8233 7047
f 8235 8233 7049
f 8235 3116 8233
f 8233 3116 2022
f 3117 4733 5121
f 5121 4733 2023
f 4733 5871 2023
f 4733 5873 5871
f 2021 5871 5873
f 2021 5873 3115
f 351 2022 3116
f 351 3116 353
f 353 3118 351
f 351 3118 2024
f 4731 2025 5121
f 2025 3117 5121
f 2025 3119 3117
f 5121 2023 4731
f 1449 2024 3118
f 1449 3118 1451
f 1451 3120 1449
f 1449 3120 2026
f 3121 3615 2027
f 2027 3615 3613
f 2025 3613 3615
f 2025 3615 3119
f 2579 2026 3120
f 2579 3120 2581
f 2581 3122 2579
f 2579 3122 2028
f 2846 2507 2029
f 2027 2507 2846
f 3123 2027 2846
f 3121 2027 3123
f 3685 2028 3122
f 3685 3122 3687
f 3687 3124 3685
f 3685 3124 2030
f 2846 2029 2509
f 2029 3125 2509
f 2029 2031 3125
f 3123 2846 2509
f 3126 5168 4803
f 2030 3126 4803
f 3124 3126 2030
f 5168 2032 4803
f 3127 5643 2033
f 2033 5643 5641
f 2034 5641 7155
f 5641 6819 7155
f 5641 5643 6819
f 6819 3128 7155
f 3129 2419 2785
f 2785 2419 3919
f 3919 2419 3525
f 3919 3525 5063
f 5063 3525 4641
f 5063 4641 6201
f 6201 4641 5803
f 6201 5803 7375
f 7375 5803 6977
f 7375 6977 2035
f 6977 8163 2035
f 6977 8165 8163
f 8165 279 8163
f 281 279 8165
f 281 1377 279
f 1379 1377 281
f 2031 1377 1379
f 2031 1379 3125
f 4805 5168 3126
f 4805 3130 5168
f 3130 2032 5168
f 3130 2036 2032
f 3131 4463 2037
f 2037 4463 4461
f 2033 4461 4463
f 2033 4463 3127
f 7155 6817 2034
f 6817 7155 3128
f 7995 6817 3128
f 7993 6817 7995
f 7995 3132 7993
f 7993 3132 2038
f 3133 1281 1665
f 3129 2785 1281
f 1281 2785 1665
f 2785 2417 1665
f 2417 2039 1665
f 3919 3523 2417
f 3919 2417 2785
f 5063 4639 3523
f 5063 3523 3919
f 6201 5801 4639
f 6201 4639 5063
f 7375 6975 5801
f 7375 5801 6201
f 7375 2035 6975
f 3134 6314 5943
f 2036 3134 5943
f 3130 3134 2036
f 6314 2040 5943
f 3135 3361 2041
f 2041 3361 3359
f 2037 3359 3361
f 2037 3361 3131
f 111 2038 3132
f 111 3132 113
f 113 1227 111
f 1229 1227 113
f 1229 3136 1227
f 1227 3136 2042
f 3137 175 555
f 3133 1665 175
f 175 1665 555
f 1665 1279 555
f 1279 2043 555
f 1665 2039 1279
f 5945 6314 3134
f 5945 3138 6314
f 3138 2040 6314
f 3138 2044 2040
f 3139 2271 2045
f 2045 2271 2269
f 2041 2269 2271
f 2041 2271 3135
f 2371 2042 3136
f 2371 3136 2373
f 2373 3140 2371
f 2371 3140 2046
f 557 3141 555
f 555 3141 3137
f 555 2043 2047
f 555 2047 557
f 3142 7486 7117
f 2044 3142 7117
f 3138 3142 2044
f 7486 2048 7117
f 3143 1137 2049
f 2049 1137 1135
f 2045 1135 1137
f 2045 1137 3139
f 3463 2046 3140
f 3463 3140 3465
f 3465 3144 3463
f 3463 3144 2050
f 557 176 3141
f 3145 176 557
f 2047 3145 557
f 2051 3145 2047
f 3146 7488 7486
f 3146 7486 3142
f 2048 7486 2052
f 2052 7486 7488
f 3147 27 2053
f 2053 27 25
f 2049 25 27
f 2049 27 3143
f 2050 3148 2054
f 3144 3148 2050
f 1673 3149 1280
f 3149 2051 1280
f 3149 3145 2051
f 2055 1673 1280
f 2056 7118 7488
f 3146 2056 7488
f 3150 2056 3146
f 2052 7488 7118
f 3151 7911 2057
f 2057 7911 7909
f 2053 7909 7911
f 2053 7911 3147
f 3464 3823 2058
f 3464 2054 3823
f 2054 3152 3823
f 2054 3148 3152
f 1673 1282 3149
f 2797 3153 2418
f 2418 3153 2055
f 3153 1282 2055
f 1282 1673 2055
f 2059 2797 2418
f 5946 3154 2060
f 5946 2060 5944
f 5944 2056 5946
f 5946 2056 3150
f 3155 2057 2061
f 3155 3151 2057
f 2058 3823 3466
f 3156 2058 3466
f 2062 2058 3156
f 3823 3152 3466
f 2797 2420 3153
f 2059 3524 2797
f 3524 2420 2797
f 3524 3526 2420
f 3157 3526 3524
f 3157 3524 2063
f 4806 3158 2064
f 4806 2064 4804
f 4804 2060 4806
f 4806 2060 3154
f 3159 2061 2065
f 3159 3155 2061
f 2374 3160 2066
f 2374 2066 2372
f 2372 2062 2374
f 2374 2062 3156
f 2063 4640 3157
f 3157 4640 4642
f 3161 4642 4640
f 3161 4640 2067
f 2582 3162 2068
f 2582 2068 2580
f 3686 2582 2580
f 3686 3688 2582
f 3686 2064 3688
f 3688 2064 3158
f 2065 7910 3159
f 3159 7910 7912
f 3163 7912 7910
f 3163 7910 2069
f 1230 3164 2070
f 1230 2070 1228
f 1228 2066 1230
f 1230 2066 3160
f 2067 5802 3161
f 3161 5802 5804
f 6976 5804 5802
f 6976 6978 5804
f 3165 6978 6976
f 3165 6976 2071
f 354 3166 692
f 354 692 2072
f 1450 354 2072
f 1452 354 1450
f 1450 2068 1452
f 1452 2068 3162
f 2069 26 3163
f 3163 26 28
f 1136 1505 3167
f 28 1136 3167
f 26 1136 28
f 2073 1505 1136
f 7994 8363 2074
f 114 3168 8363
f 7994 114 8363
f 112 114 7994
f 112 2070 114
f 114 2070 3164
f 2071 8164 3165
f 3165 8164 8166
f 280 8166 8164
f 280 282 8166
f 1378 282 280
f 1378 1380 282
f 2508 1380 1378
f 2508 2510 1380
f 3614 2510 2508
f 3614 3616 2510
f 4732 3616 3614
f 4732 4734 3616
f 5872 4734 4732
f 5872 5874 4734
f 7048 5874 5872
f 7048 7050 5874
f 8234 7050 7048
f 8234 8236 7050
f 3166 8236 692
f 8236 352 692
f 8236 8234 352
f 2072 692 352
f 1505 1138 3167
f 2073 2270 1505
f 2270 1138 1505
f 2270 2272 1138
f 3360 2272 2270
f 3360 3362 2272
f 4462 3362 3360
f 4462 4464 3362
f 5642 4464 4462
f 5642 5644 4464
f 6818 5644 5642
f 6818 6820 5644
f 8363 7996 2074
f 7996 6818 2074
f 7996 6820 6818
f 8363 3168 7996
f 3169 3543 3895
f 3895 3543 5037
f 5037 3543 4659
f 4659 3170 5037
f 3171 2437 2763
f 3169 3895 2437
f 2437 3895 2763
f 3895 3541 2763
f 3541 2075 2763
f 5037 4657 3541
f 5037 3541 3895
f 3170 5819 6175
f 3170 6175 2076
f 5037 3170 2076
f 4657 5037 2076
f 5819 3172 6175
f 3173 1299 1643
f 3171 2763 1299
f 1299 2763 1643
f 2763 2435 1643
f 2435 2077 1643
f 2763 2075 2435
f 6175 5817 2076
f 3172 6993 7349
f 3172 7349 2078
f 6175 3172 2078
f 5817 6175 2078
f 6993 3174 7349
f 1645 3175 1643
f 1643 3175 3173
f 1643 2077 2079
f 1643 2079 1645
f 7351 2080 2078
f 7351 2078 7349
f 7349 3174 7351
f 7351 3174 3176
f 1647 3177 1645
f 1645 3177 3175
f 1645 2079 2081
f 1645 2081 1647
f 7351 6991 2080
f 3176 8181 8509
f 3176 8509 2082
f 7351 3176 2082
f 6991 7351 2082
f 8509 8181 607
f 607 8181 297
f 607 297 1717
f 1717 297 1395
f 1395 3178 1717
f 1297 2083 1647
f 2083 3177 1647
f 2083 3179 3177
f 1647 2081 1297
f 8509 8179 2082
f 607 295 8179
f 607 8179 8509
f 1717 1393 295
f 1717 295 607
f 1393 1717 3178
f 2525 1393 3178
f 2523 1393 2525
f 2525 3629 2523
f 3631 3629 2525
f 2084 3629 5117
f 3629 4749 5117
f 3629 3631 4749
f 5117 4749 6253
f 6253 4749 5889
f 6253 5889 2085
f 5889 7063 2085
f 5889 7065 7063
f 8570 8249 3180
f 8249 7065 3180
f 8249 7063 7065
f 8570 2086 8249
f 3181 2083 2087
f 3181 3179 2083
f 5117 4747 2084
f 6253 5887 4747
f 6253 4747 5117
f 6253 2085 5887
f 8251 8570 3180
f 3182 662 367
f 3182 367 2086
f 8251 3182 2086
f 8570 8251 2086
f 662 2088 367
f 3183 2087 2089
f 3183 3181 2087
f 369 662 3182
f 369 3184 662
f 3184 2088 662
f 3184 2090 2088
f 3185 2089 2091
f 3185 3183 2089
f 2090 3186 2092
f 3184 3186 2090
f 3187 193 545
f 2093 545 193
f 3185 2093 193
f 2091 2093 3185
f 2092 3188 2094
f 3186 3188 2092
f 191 2095 545
f 2095 3187 545
f 2095 3189 3187
f 545 2093 191
f 370 3190 670
f 670 2096 370
f 2096 3188 370
f 2096 2094 3188
f 3191 8083 2097
f 2097 8083 8081
f 2095 8081 8083
f 2095 8083 3189
f 2098 368 670
f 3190 2098 670
f 3192 2098 3190
f 2096 670 368
f 3193 2403 2723
f 2723 2403 3857
f 3857 2403 3497
f 3857 3497 4987
f 4987 3497 4595
f 4987 4595 2099
f 4595 5743 2099
f 4595 5745 5743
f 5745 6905 5743
f 6907 6905 5745
f 2097 6905 6907
f 2097 6907 3191
f 2098 3194 2100
f 3192 3194 2098
f 3195 1265 1607
f 3193 2723 1265
f 1265 2723 1607
f 2723 2401 1607
f 2401 2101 1607
f 3857 3495 2401
f 3857 2401 2723
f 4987 4593 3495
f 4987 3495 3857
f 4987 2099 4593
f 2100 3196 2102
f 3194 3196 2100
f 3710 3375 2103
f 4830 4477 3710
f 3710 4477 3375
f 5974 5657 4830
f 4830 5657 4477
f 7162 6833 5974
f 5974 6833 5657
f 7162 2104 6833
f 3197 5725 2105
f 2105 5725 5723
f 5725 6885 5723
f 6887 6885 5725
f 6887 8057 6885
f 8059 8057 6887
f 8059 161 8057
f 163 161 8059
f 163 3195 1607
f 1263 163 1607
f 161 163 1263
f 1607 2101 1263
f 8252 3198 8592
f 8592 2106 8252
f 2106 3196 8252
f 2106 2102 3196
f 2606 2285 2107
f 2285 2606 2103
f 2606 3710 2103
f 2606 3712 3710
f 4832 3710 3712
f 4830 3710 4832
f 4832 3199 5659
f 5974 4832 5659
f 4830 4832 5974
f 5974 5659 6835
f 5974 6835 7162
f 3200 8334 8009
f 3200 8009 2104
f 6835 3200 2104
f 7162 6835 2104
f 442 127 8334
f 8334 127 8009
f 442 2108 127
f 3201 3481 2109
f 2109 3481 3479
f 3481 4575 3479
f 4577 4575 3481
f 2105 4575 4577
f 2105 4577 3197
f 3202 8594 8592
f 3202 8592 3198
f 2106 8592 2110
f 2110 8592 8594
f 1492 1151 2111
f 1151 1492 2107
f 1492 2606 2107
f 1492 2608 2606
f 3714 2606 2608
f 3712 2606 3714
f 3714 3203 4479
f 4832 3714 4479
f 3712 3714 4832
f 3199 4832 4479
f 8011 8334 3200
f 8334 8011 129
f 8334 129 442
f 1243 2108 442
f 129 1243 442
f 1245 1243 129
f 1245 2387 1243
f 2389 2387 1245
f 2109 2387 2389
f 2109 2389 3201
f 5890 3204 6278
f 5890 6278 7446
f 5890 7446 7066
f 8594 3202 7066
f 7446 8594 7066
f 8596 8594 7446
f 2110 8594 2112
f 2112 8594 8596
f 400 41 2113
f 41 400 2111
f 400 1492 2111
f 400 1494 1492
f 2610 1492 1494
f 2608 1492 2610
f 3716 2608 2610
f 3714 2608 3716
f 3203 3714 3716
f 3203 3716 3205
f 3632 3206 3996
f 3632 3996 5144
f 3632 5144 4750
f 6278 3204 4750
f 5144 6278 4750
f 6280 6278 5144
f 7448 6278 6280
f 7446 6278 7448
f 8598 7446 7448
f 8596 7446 8598
f 2112 8596 2114
f 2114 8596 8598
f 8296 7925 2115
f 7925 8296 2113
f 8296 400 2113
f 8296 402 400
f 1496 400 402
f 1494 400 1496
f 2612 1494 1496
f 2610 1494 2612
f 3718 2610 2612
f 3716 2610 3718
f 3205 3716 3718
f 3205 3718 3207
f 3208 3998 3996
f 3208 3996 3206
f 5146 3996 3998
f 5144 3996 5146
f 6282 5144 5146
f 6280 5144 6282
f 7450 6280 6282
f 7448 6280 7450
f 8250 8598 2116
f 8598 7450 2116
f 8598 7448 7450
f 2114 8598 8250
f 2117 8298 2115
f 2115 8298 8296
f 404 8296 8298
f 402 8296 404
f 1498 402 404
f 1496 402 1498
f 2614 1496 1498
f 2612 1496 2614
f 3722 2612 2614
f 3718 2612 3722
f 3207 3718 3722
f 3207 3722 3209
f 2526 3210 2868
f 3998 3208 2526
f 2868 3998 2526
f 4000 3998 2868
f 4748 5146 2118
f 5146 4000 2118
f 5146 3998 4000
f 5888 6282 4748
f 4748 6282 5146
f 7064 7450 5888
f 5888 7450 6282
f 2116 7450 7064
f 2119 8300 2117
f 2117 8300 8298
f 406 8298 8300
f 404 8298 406
f 1500 404 406
f 1498 404 1500
f 2616 1498 1500
f 2614 1498 2616
f 3726 2614 2616
f 3722 2614 3726
f 3209 3722 3726
f 3209 3726 3211
f 3212 2870 2868
f 3212 2868 3210
f 3630 4000 2120
f 4000 2870 2120
f 4000 2868 2870
f 2118 4000 3630
f 2121 8304 2119
f 2119 8304 8300
f 408 8300 8304
f 406 8300 408
f 1502 406 408
f 1500 406 1502
f 1502 3213 2287
f 2616 1502 2287
f 1500 1502 2616
f 2616 2287 3377
f 2616 3377 3726
f 3211 3726 3377
f 3214 2872 2870
f 3214 2870 3212
f 2120 2870 2122
f 2122 2870 2872
f 2123 8308 2121
f 2121 8308 8304
f 8308 3215 43
f 408 8308 43
f 8304 8308 408
f 408 43 1153
f 408 1153 1502
f 3213 1502 1153
f 3216 2874 2872
f 3216 2872 3214
f 2122 2872 2124
f 2124 2872 2874
f 8308 2123 7927
f 2123 3217 7927
f 2123 2125 3217
f 3215 8308 7927
f 2126 2524 2874
f 3216 2126 2874
f 3218 2126 3216
f 2124 2874 2524
f 7146 6751 2127
f 2125 6751 7146
f 3219 2125 7146
f 3217 2125 3219
f 1396 3220 2128
f 1396 2128 1394
f 1394 2126 1396
f 1396 2126 3218
f 2129 7148 2127
f 2127 7148 7146
f 3219 7146 7148
f 3219 7148 3221
f 298 3222 2130
f 298 2130 296
f 296 2128 298
f 298 2128 3220
f 6752 7148 2129
f 7928 3221 8318
f 8318 3221 2131
f 3221 7148 2131
f 7148 6752 2131
f 3223 7928 8318
f 8058 8441 2132
f 162 531 8441
f 162 8441 8058
f 1264 1633 531
f 1264 531 162
f 2133 1633 1264
f 2130 3224 2134
f 3222 3224 2130
f 7926 8318 2131
f 44 3223 424
f 424 3223 2135
f 3223 8318 2135
f 8318 7926 2135
f 3225 44 424
f 2390 3226 2136
f 2390 2136 2388
f 3480 2390 2388
f 3480 3482 2390
f 4576 3482 3480
f 4576 4578 3482
f 5724 6119 3227
f 4578 5724 3227
f 4576 5724 4578
f 6886 7289 6119
f 6886 6119 5724
f 8441 8060 2132
f 2132 8060 6886
f 8060 3228 6886
f 3228 7289 6886
f 8060 8441 164
f 164 8441 531
f 164 531 1266
f 1266 531 1633
f 2753 3229 2402
f 2402 3229 2133
f 3229 1266 2133
f 1266 1633 2133
f 2137 2753 2402
f 8180 8563 2138
f 8180 2134 8563
f 2134 3230 8563
f 2134 3224 3230
f 42 424 2135
f 424 42 3225
f 42 1154 3225
f 42 1152 1154
f 3231 1154 1152
f 3231 1152 2139
f 2136 3232 2140
f 3226 3232 2136
f 6119 5726 3227
f 5726 6119 6888
f 6888 6119 7289
f 7289 3228 6888
f 2753 2404 3229
f 3889 3233 3496
f 3496 3233 2137
f 3233 2404 2137
f 2404 2753 2137
f 2141 3889 3496
f 6992 7415 2142
f 8563 8182 2138
f 2138 8182 6992
f 8182 3234 6992
f 3234 7415 6992
f 8563 3230 8182
f 3235 2139 2143
f 3235 3231 2139
f 1246 3236 2144
f 1246 2144 1244
f 1244 2140 1246
f 1246 2140 3232
f 3889 3498 3233
f 5021 3237 4594
f 4594 3237 2141
f 3237 3498 2141
f 3498 3889 2141
f 2145 5021 4594
f 4660 3238 2146
f 4660 2146 4658
f 5818 4660 4658
f 5818 5820 4660
f 7415 6994 2142
f 6994 5818 2142
f 6994 5820 5818
f 7415 3234 6994
f 2143 2286 3235
f 3235 2286 2288
f 3239 2288 2286
f 3239 2286 2147
f 130 3240 2148
f 130 2148 128
f 128 2144 130
f 130 2144 3236
f 5021 4596 3237
f 6159 3241 5744
f 5744 3241 2145
f 3241 4596 2145
f 4596 5021 2145
f 6906 7329 6159
f 6906 6159 5744
f 8082 8487 7329
f 8082 7329 6906
f 192 587 8487
f 192 8487 8082
f 1298 1699 587
f 1298 587 192
f 2438 3242 1699
f 1298 2438 1699
f 2436 2438 1298
f 3542 2438 2436
f 3542 3544 2438
f 3542 2146 3544
f 3544 2146 3238
f 2147 3376 3239
f 3239 3376 3378
f 3243 3378 3376
f 3243 3376 2149
f 8012 3244 2150
f 8012 2150 8010
f 8010 2148 8012
f 8012 2148 3240
f 6159 5746 3241
f 5746 6159 6908
f 6908 6159 7329
f 6908 7329 8084
f 8084 7329 8487
f 8084 8487 194
f 194 8487 587
f 194 587 1300
f 1300 587 1699
f 1699 3242 1300
f 2149 4478 3243
f 3243 4478 4480
f 5658 4480 4478
f 5658 5660 4480
f 6834 5660 5658
f 6834 6836 5660
f 6834 2150 6836
f 6836 2150 3244
f 1642 1319 2151
f 2764 2451 1642
f 1642 2451 1319
f 3898 3559 2764
f 2764 3559 2451
f 3898 2152 3559
f 540 219 2153
f 219 540 2151
f 540 1642 2151
f 540 1644 1642
f 2766 1642 1644
f 2764 1642 2766
f 3900 2764 2766
f 3898 2764 3900
f 2152 3898 2154
f 2154 3898 3900
f 2155 542 2153
f 2153 542 540
f 1646 540 542
f 1644 540 1646
f 2768 1644 1646
f 2766 1644 2768
f 3902 2766 2768
f 3900 2766 3902
f 2154 3900 2156
f 2156 3900 3902
f 220 542 2155
f 2157 1648 220
f 1648 542 220
f 1648 1646 542
f 2770 1646 1648
f 2768 1646 2770
f 3904 2768 2770
f 3902 2768 3904
f 2156 3902 2158
f 2158 3902 3904
f 1320 1648 2157
f 2452 2770 1320
f 1320 2770 1648
f 3560 3904 2452
f 2452 3904 2770
f 2158 3904 3560
f 3970 3645 2159
f 5120 4763 3970
f 3970 4763 3645
f 6256 5903 5120
f 5120 5903 4763
f 6256 2160 5903
f 5052 4685 2161
f 6188 5837 5052
f 5052 5837 4685
f 7360 7013 6188
f 6188 7013 5837
f 8516 8199 7360
f 7360 8199 7013
f 8516 2162 8199
f 1724 1411 2163
f 2838 2539 1724
f 1724 2539 1411
f 2539 2838 2159
f 2838 3970 2159
f 2838 3972 3970
f 5122 3970 3972
f 5120 3970 5122
f 6258 5120 5122
f 6256 5120 6258
f 2160 6256 7079
f 6256 7428 7079
f 6256 6258 7428
f 7428 2164 7079
f 3912 3561 2165
f 3561 3912 2161
f 3912 5052 2161
f 3912 5054 5052
f 6190 5052 5054
f 6188 5052 6190
f 7362 6188 6190
f 7360 6188 7362
f 8518 7360 7362
f 8516 7360 8518
f 2162 8516 315
f 8516 616 315
f 8516 8518 616
f 315 616 2163
f 616 1724 2163
f 616 1726 1724
f 2840 1724 1726
f 2838 1724 2840
f 3976 2838 2840
f 3972 2838 3976
f 5124 3972 3976
f 5122 3972 5124
f 6260 5122 5124
f 6258 5122 6260
f 7430 6258 6260
f 7428 6258 7430
f 2164 7428 2166
f 2166 7428 7430
f 2167 3914 2165
f 2165 3914 3912
f 5056 3912 3914
f 5054 3912 5056
f 6192 5054 5056
f 6190 5054 6192
f 7364 6190 6192
f 7362 6190 7364
f 8520 7362 7364
f 8518 7362 8520
f 618 8518 8520
f 616 8518 618
f 1728 616 618
f 1726 616 1728
f 2844 1726 1728
f 2840 1726 2844
f 3978 2840 2844
f 3976 2840 3978
f 5126 3976 3978
f 5124 3976 5126
f 6262 5124 5126
f 6260 5124 6262
f 7432 6260 6262
f 7430 6260 7432
f 2166 7430 2168
f 2168 7430 7432
f 2169 3916 2167
f 2167 3916 3914
f 5058 3914 3916
f 5056 3914 5058
f 6194 5056 5058
f 6192 5056 6194
f 7368 6192 6194
f 7364 6192 7368
f 8524 7364 7368
f 8520 7364 8524
f 622 8520 8524
f 618 8520 622
f 1734 618 622
f 1728 618 1734
f 2848 1728 1734
f 2844 1728 2848
f 3980 2844 2848
f 3978 2844 3980
f 5128 3978 3980
f 5126 3978 5128
f 6266 5126 5128
f 6262 5126 6266
f 7080 7432 2170
f 7432 6266 2170
f 7432 6262 6266
f 2168 7432 7080
f 2171 3918 2169
f 2169 3918 3916
f 5060 3916 3918
f 5058 3916 5060
f 6198 5058 5060
f 6194 5058 6198
f 7372 6194 6198
f 7368 6194 7372
f 8528 7368 7372
f 8524 7368 8528
f 628 8524 8528
f 622 8524 628
f 1412 1734 2172
f 1734 628 2172
f 1734 622 628
f 2540 2848 1412
f 1412 2848 1734
f 3646 3980 2540
f 2540 3980 2848
f 4764 5128 3646
f 3646 5128 3980
f 5904 6266 4764
f 4764 6266 5128
f 2170 6266 5904
f 2173 3920 2171
f 2171 3920 3918
f 5064 3918 3920
f 5060 3918 5064
f 6202 5060 5064
f 6198 5060 6202
f 7376 6198 6202
f 7372 6198 7376
f 8532 7372 7376
f 8528 7372 8532
f 316 628 2174
f 628 8532 2174
f 628 8528 8532
f 2172 628 316
f 554 221 2175
f 1666 1321 554
f 554 1321 221
f 2788 2453 1666
f 1666 2453 1321
f 2453 2788 2173
f 2788 3920 2173
f 2788 3924 3920
f 5068 3920 3924
f 5064 3920 5068
f 6206 5064 5068
f 6202 5064 6206
f 7014 7376 2176
f 7376 6206 2176
f 7376 6202 6206
f 8200 8532 7014
f 7014 8532 7376
f 2174 8532 8200
f 7296 6921 2177
f 3245 8107 7296
f 8107 6921 7296
f 8107 8105 6921
f 223 554 2175
f 8105 223 2175
f 8107 223 8105
f 554 223 3246
f 1668 554 3246
f 1666 554 1668
f 2790 1666 1668
f 2788 1666 2790
f 3562 3924 2178
f 3924 2790 2178
f 3924 2788 2790
f 4686 5068 3562
f 3562 5068 3924
f 5838 6206 4686
f 4686 6206 5068
f 2176 6206 5838
f 6128 5759 2179
f 6923 7296 2177
f 6923 2177 5759
f 3247 6923 5759
f 6128 3247 5759
f 3245 7296 6923
f 1323 1668 3246
f 1668 1323 3248
f 2792 1668 3248
f 2790 1668 2792
f 2178 2790 2180
f 2180 2790 2792
f 2181 6130 2179
f 2179 6130 6128
f 3247 6128 6130
f 3247 6130 3249
f 3250 2794 2792
f 3250 2792 3248
f 2180 2792 2182
f 2182 2792 2794
f 2183 6132 2181
f 2181 6132 6130
f 3249 6130 6132
f 3249 6132 3251
f 3252 2796 2794
f 3252 2794 3250
f 2182 2794 2184
f 2184 2794 2796
f 2185 6134 2183
f 2183 6134 6132
f 3251 6132 6134
f 3251 6134 3253
f 3254 2798 2796
f 3254 2796 3252
f 2184 2796 2186
f 2186 2796 2798
f 2187 6136 2185
f 2185 6136 6134
f 3253 6134 6136
f 3253 6136 3255
f 3256 2800 2798
f 3256 2798 3254
f 2186 2798 2188
f 2188 2798 2800
f 2189 6138 2187
f 2187 6138 6136
f 3255 6136 6138
f 3255 6138 3257
f 3258 2802 2800
f 3258 2800 3256
f 2188 2800 2190
f 2190 2800 2802
f 5006 4609 2191
f 4609 5006 2189
f 5006 6138 2189
f 5006 6140 6138
f 3257 6138 6140
f 3257 6140 3259
f 3260 2804 2802
f 3260 2802 3258
f 2190 2802 2192
f 2192 2802 2804
f 2193 5008 2191
f 2191 5008 5006
f 5008 3261 5761
f 6140 5008 5761
f 5006 5008 6140
f 3259 6140 5761
f 2194 2454 2804
f 3260 2194 2804
f 3262 2194 3260
f 2192 2804 2454
f 3880 3511 2195
f 3511 3880 2193
f 3880 5008 2193
f 3880 5010 5008
f 3261 5008 5010
f 3261 5010 3263
f 3264 2808 2455
f 2194 3264 2455
f 3262 3264 2194
f 2808 2196 2455
f 2197 3882 2195
f 2195 3882 3880
f 3882 3265 4611
f 5010 3882 4611
f 3880 3882 5010
f 3263 5010 4611
f 2457 2808 3264
f 2457 3266 2808
f 3266 2196 2808
f 3266 2198 2196
f 2199 3884 2197
f 2197 3884 3882
f 3265 3882 3884
f 3265 3884 3267
f 2198 3268 2200
f 3266 3268 2198
f 2201 3886 2199
f 2199 3886 3884
f 3267 3884 3886
f 3267 3886 3269
f 3563 2200 3268
f 3563 3268 3565
f 3565 3270 3563
f 3563 3270 2202
f 3512 3886 2201
f 4612 3269 5018
f 5018 3269 2203
f 3269 3886 2203
f 3886 3512 2203
f 3271 4612 5018
f 2202 3272 2204
f 3270 3272 2202
f 4610 5018 2203
f 5762 3271 6154
f 6154 3271 2205
f 3271 5018 2205
f 5018 4610 2205
f 3273 5762 6154
f 4687 2204 3272
f 4687 3272 4689
f 4689 3274 4687
f 4687 3274 2206
f 5760 6154 2205
f 3273 6154 5760
f 2207 3273 5760
f 3275 3273 2207
f 2206 3276 2208
f 3274 3276 2206
f 6924 3275 7330
f 3275 2209 7330
f 3275 2207 2209
f 3277 6924 7330
f 4690 3278 2210
f 4690 2210 4688
f 4688 2208 4690
f 4690 2208 3276
f 6922 7330 2209
f 8108 3277 8490
f 8490 3277 2211
f 3277 7330 2211
f 7330 6922 2211
f 3279 8108 8490
f 3566 3280 2212
f 3566 2212 3564
f 3564 2210 3566
f 3566 2210 3278
f 8106 8490 2211
f 8490 8106 3279
f 8106 224 3279
f 8106 222 224
f 1322 224 222
f 1322 1324 224
f 2456 1324 1322
f 2456 2458 1324
f 2456 2212 2458
f 2458 2212 3280
f 580 237 2213
f 1692 1337 580
f 580 1337 237
f 1692 2214 1337
f 8482 8121 2215
f 239 580 2213
f 239 2213 8121
f 3281 239 8121
f 8482 3281 8121
f 580 239 1339
f 580 1339 1692
f 3282 2816 2471
f 3282 2471 2214
f 1339 3282 2214
f 1692 1339 2214
f 2816 2216 2471
f 3283 6939 2217
f 2217 6939 6937
f 8123 8482 2215
f 6937 8123 2215
f 6939 8123 6937
f 3281 8482 8123
f 2473 2816 3282
f 3284 3956 3579
f 3284 3579 2216
f 2473 3284 2216
f 2816 2473 2216
f 3956 2218 3579
f 3285 5773 2219
f 2219 5773 5771
f 2217 5771 5773
f 2217 5773 3283
f 3286 3958 3956
f 3286 3956 3284
f 2218 3956 2220
f 2220 3956 3958
f 3287 4617 2221
f 2221 4617 4615
f 2219 4615 4617
f 2219 4617 3285
f 2474 3288 2822
f 3958 3286 2474
f 3958 2474 2822
f 3580 3958 2822
f 2222 3580 2822
f 2220 3958 3580
f 3289 2221 2223
f 3289 3287 2221
f 2224 2472 2822
f 3288 2224 2822
f 3290 2224 3288
f 2222 2822 2472
f 5029 3291 4616
f 3291 2223 4616
f 3291 3289 2223
f 2225 5029 4616
f 2224 3292 2226
f 3290 3292 2224
f 5029 4618 3291
f 3293 4618 5029
f 2225 3293 5029
f 2227 3293 2225
f 1338 1709 2228
f 1338 2226 1709
f 2226 3294 1709
f 2226 3292 3294
f 3295 2227 2229
f 3295 3293 2227
f 1711 2230 2228
f 1711 2228 1709
f 1709 3294 1711
f 1711 3294 3296
f 6171 3297 5772
f 3297 2229 5772
f 3297 3295 2229
f 2231 6171 5772
f 238 601 2232
f 1711 1340 2230
f 2230 1340 238
f 1340 3298 238
f 3298 601 238
f 1711 3296 1340
f 6171 5774 3297
f 2231 6938 6171
f 6938 5774 6171
f 6938 6940 5774
f 8122 6940 6938
f 8122 8124 6940
f 601 240 2232
f 240 8122 2232
f 240 8124 8122
f 601 3298 240
f 4037 1161 1541
f 1541 1161 2673
f 2673 1161 2297
f 2673 2297 3799
f 3799 2297 3387
f 3387 4038 3799
f 4039 51 437
f 4037 1541 51
f 51 1541 437
f 1541 1159 437
f 1159 2913 437
f 2673 2295 1159
f 2673 1159 1541
f 3801 2914 2295
f 2673 3801 2295
f 3799 3801 2673
f 3799 4038 3801
f 3801 4038 4040
f 4041 7933 8333
f 4039 437 7933
f 7933 437 8333
f 437 49 8333
f 49 2915 8333
f 437 2913 49
f 3801 3385 2914
f 3801 4040 3385
f 4040 2916 3385
f 4040 4042 2916
f 7931 2917 8333
f 2917 4041 8333
f 2917 4043 4041
f 8333 2915 7931
f 4042 4489 4935
f 2918 4042 4935
f 2916 4042 2918
f 4489 4044 4935
f 4045 6755 7169
f 2919 7169 6755
f 4043 2919 6755
f 2917 2919 4043
f 4943 2920 2918
f 4943 2918 4935
f 4935 4044 4943
f 4943 4044 4046
f 6753 2921 7169
f 2921 4045 7169
f 2921 4047 4045
f 7169 2919 6753
f 4951 2922 2920
f 4951 2920 4943
f 4943 4046 4951
f 4951 4046 4048
f 7177 4049 6754
f 4049 2921 6754
f 4049 4047 2921
f 2923 7177 6754
f 4951 4487 2922
f 4951 4048 4487
f 4048 2924 4487
f 4048 4050 2924
f 7181 4051 7177
f 7177 4051 4049
f 7177 2923 2925
f 7177 2925 7181
f 2924 4052 2926
f 4050 4052 2924
f 7185 4053 7181
f 7181 4053 4051
f 7181 2925 2927
f 7181 2927 7185
f 2926 4054 2928
f 4052 4054 2926
f 7189 4055 7185
f 7185 4055 4053
f 7185 2927 2929
f 7185 2929 7189
f 2928 4056 2930
f 4054 4056 2928
f 7195 4057 7189
f 7189 4057 4055
f 7189 2929 2931
f 7189 2931 7195
f 4490 4058 4978
f 4978 2932 4490
f 2932 4056 4490
f 2932 2930 4056
f 7199 4059 7195
f 7195 4059 4057
f 7195 2931 2933
f 7195 2933 7199
f 2934 4488 4978
f 4058 2934 4978
f 4060 2934 4058
f 2932 4978 4488
f 7199 6756 4059
f 8373 4061 7932
f 7932 4061 2933
f 4061 6756 2933
f 6756 7199 2933
f 2935 8373 7932
f 2296 2717 2936
f 3388 4062 2717
f 2296 3388 2717
f 3386 3388 2296
f 3386 2934 3388
f 3388 2934 4060
f 8373 7934 4061
f 483 4063 50
f 50 4063 2935
f 4063 7934 2935
f 7934 8373 2935
f 1160 1591 483
f 1160 483 50
f 2717 2298 2936
f 2936 2298 1160
f 2298 4064 1160
f 4064 1591 1160
f 2717 4062 2298
f 483 52 4063
f 52 483 1162
f 1162 483 1591
f 1591 4064 1162
f 4065 5687 6041
f 6041 5687 7225
f 7225 5687 6857
f 6857 4066 7225
f 4067 4511 2937
f 2937 4511 4507
f 4511 4065 6041
f 5685 4511 6041
f 4507 4511 5685
f 7225 6855 5685
f 7225 5685 6041
f 6855 7225 4066
f 8037 6855 4066
f 8035 6855 8037
f 8037 4068 8035
f 8035 4068 2938
f 4069 3405 2939
f 2939 3405 3401
f 2937 3401 3405
f 2937 3405 4067
f 4068 143 493
f 2940 4068 493
f 2938 4068 2940
f 143 4070 493
f 4071 2315 2941
f 2941 2315 2311
f 2939 2311 2315
f 2939 2315 4069
f 493 141 2940
f 493 4070 141
f 4070 2942 141
f 4070 4072 2942
f 4073 2941 2943
f 4073 4071 2941
f 4072 1249 1601
f 2944 4072 1601
f 2942 4072 2944
f 1249 4074 1601
f 4075 1181 2945
f 2945 1181 1177
f 2943 1177 1181
f 2943 1181 4073
f 1603 2946 2944
f 1603 2944 1601
f 1601 4074 1603
f 1603 4074 4076
f 4077 2945 2947
f 4077 4075 2945
f 2946 1603 1250
f 4078 2946 1250
f 2948 2946 4078
f 1603 4076 1250
f 2947 1178 4077
f 4077 1178 1182
f 4079 1182 1178
f 4079 1178 2949
f 144 4080 504
f 504 2950 144
f 2950 4078 144
f 2950 2948 4078
f 2316 4079 2656
f 4079 2951 2656
f 4079 2949 2951
f 4081 2316 2656
f 8038 4082 8406
f 504 4080 8038
f 504 8038 8406
f 142 504 8406
f 2952 142 8406
f 2950 504 142
f 2312 2656 2951
f 3406 4081 3782
f 3782 4081 2953
f 4081 2656 2953
f 2656 2312 2953
f 3406 3782 4908
f 3406 4908 4512
f 4512 4908 6060
f 4512 6060 5688
f 5688 6060 7244
f 5688 7244 6858
f 8406 4082 6858
f 8406 6858 7244
f 8036 8406 7244
f 2954 8036 7244
f 2952 8406 8036
f 3402 3782 2953
f 4508 4908 3402
f 3402 4908 3782
f 5686 6060 4508
f 4508 6060 4908
f 6856 7244 5686
f 5686 7244 6060
f 2954 7244 6856
f 1532 1179 2955
f 2664 2313 1532
f 1532 2313 1179
f 3788 3403 2664
f 2664 3403 2313
f 3788 2956 3403
f 4083 67 2957
f 2957 67 65
f 1183 1532 2955
f 65 1183 2955
f 67 1183 65
f 1532 1183 2317
f 1532 2317 2664
f 2664 2317 3407
f 2664 3407 3788
f 4084 4916 4509
f 4084 4509 2956
f 3407 4084 2956
f 3788 3407 2956
f 4916 2958 4509
f 4085 7949 2959
f 2959 7949 7947
f 2957 7947 7949
f 2957 7949 4083
f 4513 4916 4084
f 4513 4086 4916
f 4086 2958 4916
f 4086 2960 2958
f 4087 6771 2961
f 2961 6771 6769
f 2959 6769 6771
f 2959 6771 4085
f 2960 4088 2962
f 4086 4088 2960
f 4089 5595 5969
f 2963 5969 5595
f 4087 2963 5595
f 2961 2963 4087
f 2962 4090 2964
f 4088 4090 2962
f 5593 2965 5969
f 2965 4089 5969
f 2965 4091 4089
f 5969 2963 5593
f 2964 4092 2966
f 4090 4092 2964
f 4093 2965 2967
f 4093 4091 2965
f 4514 4094 2968
f 4514 2968 4510
f 4510 2966 4514
f 4514 2966 4092
f 4095 2967 2969
f 4095 4093 2967
f 2968 4096 2970
f 4094 4096 2968
f 4097 2969 2971
f 4097 4095 2969
f 2970 4098 2972
f 4096 4098 2970
f 4838 4419 2973
f 2971 4419 4838
f 4099 2971 4838
f 4097 2971 4099
f 2972 4100 2974
f 4098 4100 2972
f 3720 3319 2975
f 4421 4838 2973
f 4421 2973 3319
f 4101 4421 3319
f 3720 4101 3319
f 4099 4838 4421
f 2974 4102 2976
f 4100 4102 2974
f 2977 3724 2975
f 2975 3724 3720
f 4101 3720 3724
f 4101 3724 4103
f 3408 4104 2978
f 3408 2978 3404
f 3404 2976 3408
f 3408 2976 4102
f 2979 3728 2977
f 2977 3728 3724
f 4103 3724 3728
f 4103 3728 4105
f 2318 4106 2980
f 2318 2980 2314
f 2314 2978 2318
f 2318 2978 4104
f 2981 3732 2979
f 2979 3732 3728
f 4105 3728 3732
f 4105 3732 4107
f 68 4108 466
f 68 466 2982
f 1180 68 2982
f 1184 68 1180
f 1180 2980 1184
f 1184 2980 4106
f 3732 2981 3321
f 2981 4109 3321
f 2981 2983 4109
f 4107 3732 3321
f 2984 66 466
f 4108 2984 466
f 4110 2984 4108
f 2982 466 66
f 4111 2239 2985
f 2985 2239 2237
f 2983 2237 2239
f 2983 2239 4109
f 2984 4112 2986
f 4110 4112 2984
f 1514 1109 2987
f 2985 1109 1514
f 4113 2985 1514
f 4111 2985 4113
f 2986 4114 2988
f 4112 4114 2986
f 2989 1518 2987
f 2987 1518 1514
f 4113 1514 1518
f 4113 1518 4115
f 2988 4116 2990
f 4114 4116 2988
f 1110 1518 2989
f 4115 1518 1110
f 2991 4115 1110
f 4117 4115 2991
f 7950 4118 8382
f 8382 2992 7950
f 2992 4116 7950
f 2992 2990 4116
f 2991 2238 4117
f 4117 2238 2240
f 4119 2240 2238
f 4119 2238 2993
f 6772 4120 7216
f 8382 4118 6772
f 8382 6772 7216
f 7948 8382 7216
f 2994 7948 7216
f 2992 8382 7948
f 2993 3320 4119
f 4119 3320 3322
f 3320 2995 4884
f 4422 3320 4884
f 3322 3320 4422
f 4422 4884 6034
f 4422 6034 5596
f 7216 4120 5596
f 7216 5596 6034
f 6770 7216 6034
f 2996 6770 6034
f 2994 7216 6770
f 4420 4884 2995
f 5594 6034 4420
f 4420 6034 4884
f 2996 6034 5594
f 6046 5707 2997
f 7230 6875 6046
f 6046 6875 5707
f 7230 2998 6875
f 4896 4539 2999
f 4539 4896 2997
f 4896 6046 2997
f 4896 6048 6046
f 7232 6046 6048
f 7230 6046 7232
f 2998 7230 8051
f 7230 8396 8051
f 7230 7232 8396
f 8396 3000 8051
f 3001 4898 2999
f 2999 4898 4896
f 6050 4896 4898
f 6048 4896 6050
f 7234 6048 6050
f 7232 6048 7234
f 8398 7232 7234
f 8396 7232 8398
f 3000 8396 3002
f 3002 8396 8398
f 4540 4898 3001
f 3003 6052 4540
f 6052 4898 4540
f 6052 6050 4898
f 7236 6050 6052
f 7234 6050 7236
f 8052 8398 3004
f 8398 7236 3004
f 8398 7234 7236
f 3002 8398 8052
f 5708 6052 3003
f 6876 7236 5708
f 5708 7236 6052
f 3004 7236 6876
f 4121 5915 3005
f 3005 5915 5913
f 5915 7087 5913
f 7089 7087 5915
f 7089 4122 7087
f 7087 4122 3006
f 4123 3657 4009
f 4009 3657 3007
f 3657 4773 3007
f 3657 4775 4773
f 3005 4773 4775
f 3005 4775 4121
f 8271 3006 4122
f 8271 4122 8273
f 3008 8271 699
f 8271 377 699
f 8271 8273 377
f 377 4124 699
f 4125 1421 1769
f 1769 1421 2877
f 2877 1421 2551
f 4123 4009 2551
f 2551 4009 2877
f 4009 3655 2877
f 3655 3009 2877
f 4009 3007 3655
f 699 375 3008
f 699 4124 375
f 4124 3010 375
f 4124 4126 3010
f 4127 323 3011
f 3011 323 321
f 323 4125 1769
f 1419 323 1769
f 321 323 1419
f 2877 2549 1419
f 2877 1419 1769
f 2877 3009 2549
f 1467 3010 4126
f 1467 4126 1469
f 1469 4128 1467
f 1467 4128 3012
f 4129 8205 3013
f 3013 8205 8203
f 3011 8203 8205
f 3011 8205 4127
f 3012 4130 3014
f 4128 4130 3012
f 4131 5613 3015
f 3015 5613 5611
f 5613 6787 5611
f 6789 6787 5613
f 6789 7963 6787
f 7965 7963 6789
f 7965 81 7963
f 83 81 7965
f 83 1197 81
f 1199 1197 83
f 1199 2341 1197
f 2343 2341 1199
f 2343 3433 2341
f 3435 3433 2343
f 3435 4132 3433
f 3433 4132 3016
f 4133 6951 7365
f 7365 6951 8521
f 8521 6951 8135
f 8135 4134 8521
f 4135 5843 6263
f 6263 5843 3017
f 5843 7017 3017
f 5843 7019 7017
f 3013 7017 7019
f 3013 7019 4129
f 1470 4136 3018
f 1470 3018 1468
f 1468 3014 1470
f 1470 3014 4130
f 4137 4433 3019
f 3019 4433 4431
f 3015 4431 4433
f 3015 4433 4131
f 4541 3016 4132
f 4541 4132 4543
f 4543 4138 4541
f 4541 4138 3020
f 4139 5785 3021
f 3021 5785 5783
f 5785 4133 7365
f 6949 5785 7365
f 5783 5785 6949
f 8521 8133 6949
f 8521 6949 7365
f 8133 8521 4134
f 251 8133 4134
f 249 8133 251
f 3022 249 1735
f 249 1349 1735
f 249 251 1349
f 1735 1349 2849
f 2849 1349 2479
f 2849 2479 3981
f 3981 2479 3585
f 3981 3585 3023
f 3585 4701 3023
f 3585 4703 4701
f 4703 4135 6263
f 5841 4703 6263
f 4701 4703 5841
f 6263 3017 5841
f 376 709 3024
f 376 3018 709
f 3018 4140 709
f 3018 4136 4140
f 4141 3331 3025
f 3025 3331 3329
f 3019 3329 3331
f 3019 3331 4137
f 5709 3020 4138
f 5709 4138 5711
f 5711 4142 5709
f 5709 4142 3026
f 4143 4627 3027
f 3027 4627 4625
f 3021 4625 4627
f 3021 4627 4139
f 1735 1347 3022
f 2849 2477 1347
f 2849 1347 1735
f 3981 3583 2477
f 3981 2477 2849
f 3981 3023 3583
f 3024 709 378
f 4144 3024 378
f 3028 3024 4144
f 709 4140 378
f 4145 3025 3029
f 4145 4141 3025
f 3026 4146 3030
f 4142 4146 3026
f 4147 3515 3031
f 3031 3515 3513
f 3027 3513 3515
f 3027 3515 4143
f 8274 4148 3032
f 8274 3032 8272
f 8272 3028 8274
f 8274 3028 4144
f 4149 3029 3033
f 4149 4145 3029
f 4150 7258 6877
f 3030 4150 6877
f 4146 4150 3030
f 7258 3034 6877
f 4151 3031 3035
f 4151 4147 3031
f 7090 4152 3036
f 7090 3036 7088
f 7088 3032 7090
f 7090 3032 4148
f 3711 4153 3330
f 4153 3033 3330
f 4153 4149 3033
f 3037 3711 3330
f 4154 7262 7258
f 4154 7258 4150
f 3034 7258 3038
f 3038 7258 7262
f 3035 3514 4151
f 4151 3514 3516
f 4155 3516 3514
f 4155 3514 3039
f 3656 4027 3040
f 4776 4156 4027
f 3656 4776 4027
f 4774 4776 3656
f 5914 4776 4774
f 5914 5916 4776
f 5914 3036 5916
f 5916 3036 4152
f 3711 3332 4153
f 4833 4157 4432
f 4432 4157 3037
f 4157 3332 3037
f 3332 3711 3037
f 3041 4833 4432
f 4158 7266 7262
f 4158 7262 4154
f 3038 7262 3042
f 3042 7262 7266
f 3039 4626 4155
f 4155 4626 4628
f 4159 4628 4626
f 4159 4626 3043
f 8134 8541 3044
f 3045 8541 8134
f 2550 2895 3046
f 4027 3658 3040
f 3040 3658 2550
f 3658 4160 2550
f 4160 2895 2550
f 4027 4156 3658
f 4833 4434 4157
f 3041 5612 4833
f 5612 4434 4833
f 5612 5614 4434
f 6788 5614 5612
f 6788 6790 5614
f 7964 6790 6788
f 7964 7966 6790
f 82 7966 7964
f 82 84 7966
f 1198 84 82
f 1198 1200 84
f 4161 1200 1198
f 4161 1198 3047
f 5712 4162 6092
f 7266 4158 5712
f 7266 5712 6092
f 6878 7266 6092
f 3048 6878 6092
f 3042 7266 6878
f 3043 5784 4159
f 4159 5784 5786
f 6950 5786 5784
f 6950 6952 5786
f 8541 8136 3044
f 8136 6950 3044
f 8136 6952 6950
f 3045 250 8541
f 250 8136 8541
f 250 252 8136
f 1348 252 250
f 1348 1350 252
f 4163 1350 1348
f 4163 1348 3049
f 1420 1791 3050
f 2895 2552 3046
f 3046 2552 1420
f 2552 4164 1420
f 4164 1791 1420
f 2895 4160 2552
f 3047 2342 4161
f 4161 2342 2344
f 2342 3051 3820
f 3436 2342 3820
f 2344 2342 3436
f 3436 3820 4954
f 3436 4954 4544
f 6092 4162 4544
f 6092 4544 4954
f 5710 6092 4954
f 3052 5710 4954
f 3048 6092 5710
f 3049 2478 4163
f 4163 2478 2480
f 3584 3997 4165
f 2480 3584 4165
f 2478 3584 2480
f 4702 5145 3997
f 4702 3997 3584
f 5842 6281 5145
f 5842 5145 4702
f 7018 7449 6281
f 7018 6281 5842
f 8204 8599 7449
f 8204 7449 7018
f 322 685 8599
f 322 8599 8204
f 1791 1422 3050
f 3050 1422 322
f 1422 4166 322
f 4166 685 322
f 1791 4164 1422
f 3434 3820 3051
f 4542 4954 3434
f 3434 4954 3820
f 3052 4954 4542
f 3997 3586 4165
f 3586 3997 4704
f 4704 3997 5145
f 4704 5145 5844
f 5844 5145 6281
f 5844 6281 7020
f 7020 6281 7449
f 7020 7449 8206
f 8206 7449 8599
f 8206 8599 324
f 324 8599 685
f 685 4166 324
f 4167 7105 3053
f 3053 7105 7103
f 7105 8287 7103
f 8289 8287 7105
f 8289 4168 8287
f 8287 4168 3054
f 4169 5931 3055
f 3055 5931 5929
f 3053 5929 5931
f 3053 5931 4167
f 391 3054 4168
f 391 4168 393
f 393 4170 391
f 391 4170 3056
f 4171 4791 3057
f 3057 4791 4789
f 3055 4789 4791
f 3055 4791 4169
f 1479 3056 4170
f 1479 4170 1481
f 1481 4172 1479
f 1479 4172 3058
f 4173 1437 3059
f 3059 1437 1435
f 1437 2565 1435
f 2567 2565 1437
f 2567 3671 2565
f 3673 3671 2567
f 3057 3671 3673
f 3057 3673 4171
f 3058 4174 3060
f 4172 4174 3058
f 4175 8221 8577
f 8577 8221 3061
f 8221 337 3061
f 8221 339 337
f 3059 337 339
f 3059 339 4173
f 2593 3060 4174
f 2593 4174 2595
f 2595 4176 2593
f 2593 4176 3062
f 4177 7035 7429
f 4175 8577 7035
f 7035 8577 7429
f 8577 8219 7429
f 8219 3063 7429
f 8577 3061 8219
f 3062 4178 3064
f 4176 4178 3062
f 7033 3065 7429
f 3065 4177 7429
f 3065 4179 4177
f 7429 3063 7033
f 3064 4180 3066
f 4178 4180 3064
f 4181 5859 6265
f 3067 6265 5859
f 4179 3067 5859
f 3065 3067 4179
f 2596 4182 3068
f 2596 3068 2594
f 2594 3066 2596
f 2596 3066 4180
f 7152 6803 3069
f 8322 7979 7152
f 7152 7979 6803
f 8322 3070 7979
f 4183 2495 2851
f 2851 2495 3983
f 3983 2495 3601
f 3983 3601 5131
f 5131 3601 4719
f 4181 6265 4719
f 4719 6265 5131
f 6265 5857 5131
f 5857 3071 5131
f 6265 3067 5857
f 1482 4184 3072
f 1482 3072 1480
f 1480 3068 1482
f 1482 3068 4182
f 5966 5627 3073
f 6805 7152 3069
f 6805 3069 5627
f 4185 6805 5627
f 5966 4185 5627
f 7152 6805 7981
f 7152 7981 8322
f 4186 432 97
f 4186 97 3070
f 7981 4186 3070
f 8322 7981 3070
f 1540 1213 432
f 432 1213 97
f 1540 3074 1213
f 4187 267 631
f 631 267 3075
f 267 1363 3075
f 267 1365 1363
f 1365 4183 2851
f 2493 1365 2851
f 1363 1365 2493
f 3983 3599 2493
f 3983 2493 2851
f 5131 4717 3599
f 5131 3599 3983
f 5131 3071 4717
f 8290 4188 8630
f 8290 8630 3076
f 392 8290 3076
f 394 8290 392
f 392 3072 394
f 394 3072 4184
f 4826 4447 3077
f 5629 5966 3073
f 5629 3073 4447
f 4189 5629 4447
f 4826 4189 4447
f 4185 5966 5629
f 99 432 4186
f 432 99 1215
f 432 1215 1540
f 4190 2674 2357
f 4190 2357 3074
f 1215 4190 3074
f 1540 1215 3074
f 2674 3078 2357
f 265 3079 631
f 3079 4187 631
f 3079 4191 4187
f 631 3075 265
f 3080 8288 8630
f 4188 3080 8630
f 4192 3080 4188
f 3076 8630 8288
f 4826 3077 4449
f 3077 4193 4449
f 3077 3081 4193
f 4189 4826 4449
f 2359 2674 4190
f 4194 3802 3449
f 4194 3449 3078
f 2359 4194 3078
f 2674 2359 3078
f 3802 3082 3449
f 4195 8151 3083
f 3083 8151 8149
f 3079 8149 8151
f 3079 8151 4191
f 7104 7483 3084
f 7104 3080 7483
f 3080 4196 7483
f 3080 4192 4196
f 4197 2257 2603
f 2603 2257 3085
f 2257 3345 3085
f 2257 3347 3345
f 3081 3345 3347
f 3081 3347 4193
f 3451 3802 4194
f 4198 4932 4557
f 4198 4557 3082
f 3451 4198 3082
f 3802 3451 3082
f 4932 3086 4557
f 4199 6963 7387
f 3087 7387 6963
f 4195 3087 6963
f 3083 3087 4195
f 5930 6319 3088
f 7483 7106 3084
f 3084 7106 5930
f 7106 4200 5930
f 4200 6319 5930
f 7483 4196 7106
f 4201 1123 3089
f 3089 1123 1121
f 1123 4197 2603
f 2255 1123 2603
f 1121 1123 2255
f 2603 3085 2255
f 4559 4932 4198
f 4559 4202 4932
f 4202 3086 4932
f 4202 3090 3086
f 7391 4203 7387
f 7387 4203 4199
f 7387 3087 3091
f 7387 3091 7391
f 3088 6319 5932
f 4204 3088 5932
f 3092 3088 4204
f 6319 4200 5932
f 4205 13 3093
f 3093 13 11
f 3089 11 13
f 3089 13 4201
f 3090 4206 3094
f 4202 4206 3090
f 7391 6964 4203
f 4207 6964 7391
f 3091 4207 7391
f 3095 4207 3091
f 4790 5181 3096
f 4790 3092 5181
f 3092 4208 5181
f 3092 4204 4208
f 4209 5573 3097
f 3097 5573 5571
f 5573 6725 5571
f 6727 6725 5573
f 6727 7895 6725
f 7897 7895 6727
f 3093 7895 7897
f 3093 7897 4205
f 3094 4210 3098
f 4206 4210 3094
f 8545 4211 8150
f 4211 3095 8150
f 4211 4207 3095
f 3099 8545 8150
f 3096 5181 4792
f 4212 3096 4792
f 3100 3096 4212
f 5181 4208 4792
f 4213 4407 3101
f 3101 4407 4405
f 3097 4405 4407
f 3097 4407 4209
f 3098 4214 3102
f 4210 4214 3098
f 8545 8152 4211
f 645 4215 266
f 266 4215 3099
f 4215 8152 3099
f 8152 8545 3099
f 1364 1755 645
f 1364 645 266
f 2494 2867 1755
f 2494 1755 1364
f 3600 3999 2867
f 3600 2867 2494
f 4718 5147 3999
f 4718 3999 3600
f 5858 6283 5147
f 5858 5147 4718
f 7034 7451 6283
f 7034 6283 5858
f 3103 7451 7034
f 3674 4216 3104
f 3674 3104 3672
f 3672 3100 3674
f 3674 3100 4212
f 4217 3307 3105
f 3105 3307 3305
f 3101 3305 3307
f 3101 3307 4213
f 4560 4218 3106
f 4560 3106 4558
f 4558 3102 4560
f 4560 3102 4214
f 645 268 4215
f 268 645 1366
f 1366 645 1755
f 1366 1755 2496
f 2496 1755 2867
f 2496 2867 3602
f 3602 2867 3999
f 3602 3999 4720
f 4720 3999 5147
f 4720 5147 5860
f 5860 5147 6283
f 5860 6283 7036
f 7036 6283 7451
f 3103 8220 7451
f 8220 7036 7451
f 8220 8222 7036
f 338 689 4219
f 8222 338 4219
f 8220 338 8222
f 1436 1797 689
f 1436 689 338
f 2568 4220 1797
f 1436 2568 1797
f 2566 2568 1436
f 2566 3104 2568
f 2568 3104 4216
f 4221 3105 3107
f 4221 4217 3105
f 3452 4222 3108
f 3452 3108 3450
f 3450 3106 3452
f 3452 3106 4218
f 689 340 4219
f 340 689 1438
f 1438 689 1797
f 1797 4220 1438
f 4223 3107 3109
f 4223 4221 3107
f 1214 1575 3110
f 2360 4224 1575
f 1214 2360 1575
f 2358 2360 1214
f 2358 3108 2360
f 2360 3108 4222
f 3109 3306 4223
f 4223 3306 3308
f 4225 3308 3306
f 4225 3306 3111
f 2258 4226 2622
f 2258 2622 3112
f 3346 2258 3112
f 3348 2258 3346
f 4448 3348 3346
f 4448 4450 3348
f 5628 4450 4448
f 5628 5630 4450
f 6804 5630 5628
f 6804 6806 5630
f 7980 6806 6804
f 7980 7982 6806
f 98 7982 7980
f 98 100 7982
f 1575 1216 3110
f 1216 98 3110
f 1216 100 98
f 1575 4224 1216
f 3111 4406 4225
f 4225 4406 4408
f 4227 4408 4406
f 4227 4406 3113
f 7898 4228 3114
f 7898 3114 7896
f 12 7898 7896
f 12 14 7898
f 1122 14 12
f 1122 1124 14
f 4226 1124 2622
f 1124 2256 2622
f 1124 1122 2256
f 3112 2622 2256
f 3113 5572 4227
f 4227 5572 5574
f 6726 5574 5572
f 6726 6728 5574
f 6726 3114 6728
f 6728 3114 4228
f 4229 7051 7423
f 7423 7051 8569
f 8569 7051 8237
f 8237 4230 8569
f 4231 5875 6255
f 4229 7423 5875
f 5875 7423 6255
f 7423 7049 6255
f 7049 3115 6255
f 8569 8235 7049
f 8569 7049 7423
f 4230 355 661
f 4230 661 3116
f 8569 4230 3116
f 8235 8569 3116
f 355 4232 661
f 4233 4735 3117
f 3117 4735 4733
f 4735 4231 6255
f 5873 4735 6255
f 4733 4735 5873
f 6255 3115 5873
f 661 353 3116
f 4232 1453 1771
f 4232 1771 3118
f 661 4232 3118
f 353 661 3118
f 1453 4234 1771
f 4235 3617 3975
f 3119 3975 3617
f 4233 3119 3617
f 3117 3119 4233
f 1771 1451 3118
f 1771 4234 1451
f 4234 3120 1451
f 4234 4236 3120
f 3615 3121 3975
f 3121 4235 3975
f 3121 4237 4235
f 3975 3119 3615
f 2581 3120 4236
f 2581 4236 2583
f 2583 4238 2581
f 2581 4238 3122
f 4239 3121 3123
f 4239 4237 3121
f 4240 4018 3687
f 3122 4240 3687
f 4238 4240 3122
f 4018 3124 3687
f 4241 2511 3125
f 3125 2511 2509
f 3123 2509 2511
f 3123 2511 4239
f 3689 4018 4240
f 3689 4242 4018
f 4242 3124 4018
f 4242 3126 3124
f 4243 5645 3127
f 3127 5645 5643
f 5645 6819 5643
f 6821 6819 5645
f 6821 4244 6819
f 6819 4244 3128
f 4245 2421 3129
f 3129 2421 2419
f 2421 3525 2419
f 3527 3525 2421
f 3527 4641 3525
f 4643 4641 3527
f 4643 5803 4641
f 5805 5803 4643
f 5805 6977 5803
f 6979 6977 5805
f 6979 8165 6977
f 8167 8165 6979
f 8167 281 8165
f 283 281 8167
f 283 1379 281
f 1381 1379 283
f 3125 1379 1381
f 3125 1381 4241
f 4246 5170 4805
f 3126 4246 4805
f 4242 4246 3126
f 5170 3130 4805
f 4247 4465 3131
f 3131 4465 4463
f 3127 4463 4465
f 3127 4465 4243
f 7995 3128 4244
f 7995 4244 7997
f 3132 7995 435
f 7995 115 435
f 7995 7997 115
f 115 4248 435
f 4249 177 553
f 553 177 3133
f 177 1281 3133
f 177 1283 1281
f 3129 1281 1283
f 3129 1283 4245
f 4807 5170 4246
f 4807 4250 5170
f 4250 3130 5170
f 4250 3134 3130
f 4251 3363 3135
f 3135 3363 3361
f 3131 3361 3363
f 3131 3363 4247
f 435 113 3132
f 113 435 4248
f 1231 113 4248
f 1229 113 1231
f 1231 4252 1229
f 1229 4252 3136
f 175 3137 553
f 3137 4249 553
f 3137 4253 4249
f 553 3133 175
f 4254 6318 5945
f 3134 4254 5945
f 4250 4254 3134
f 6318 3138 5945
f 4255 2273 3139
f 3139 2273 2271
f 3135 2271 2273
f 3135 2273 4251
f 2373 3136 4252
f 2373 4252 2375
f 2375 4256 2373
f 2373 4256 3140
f 4257 3137 3141
f 4257 4253 3137
f 4258 6320 6318
f 4258 6318 4254
f 3138 6318 3142
f 3142 6318 6320
f 4259 1139 3143
f 3143 1139 1137
f 3139 1137 1139
f 3139 1139 4255
f 3465 3140 4256
f 3465 4256 3467
f 3467 4260 3465
f 3465 4260 3144
f 559 4261 176
f 4261 3141 176
f 4261 4257 3141
f 3145 559 176
f 4262 6322 6320
f 4262 6320 4258
f 3142 6320 3146
f 3146 6320 6322
f 4263 7913 8293
f 8293 7913 3147
f 7913 27 3147
f 7913 29 27
f 3143 27 29
f 3143 29 4259
f 3144 4264 3148
f 4260 4264 3144
f 559 178 4261
f 4265 178 559
f 3145 4265 559
f 3149 4265 3145
f 4266 6324 6322
f 4266 6322 4262
f 3146 6322 3150
f 3150 6322 6324
f 7911 3151 8293
f 3151 4263 8293
f 3151 4267 4263
f 8293 3147 7911
f 3148 4268 3152
f 4264 4268 3148
f 3149 1282 4265
f 4265 1282 1284
f 4269 1284 1282
f 4269 1282 3153
f 4808 4270 5184
f 6324 4266 4808
f 6324 4808 5184
f 5946 6324 5184
f 3154 5946 5184
f 3150 6324 5946
f 4271 6737 7125
f 3155 7125 6737
f 4267 3155 6737
f 3151 3155 4267
f 3466 3829 3156
f 3466 3152 3829
f 3152 4272 3829
f 3152 4268 4272
f 3153 2420 4269
f 4269 2420 2422
f 3526 2422 2420
f 3526 3528 2422
f 4273 3528 3526
f 4273 3526 3157
f 3690 4274 4036
f 5184 4270 3690
f 5184 3690 4036
f 4806 5184 4036
f 3158 4806 4036
f 3154 5184 4806
f 7129 4275 7125
f 7125 4275 4271
f 7125 3155 3159
f 7125 3159 7129
f 2376 4276 3160
f 2376 3160 2374
f 3829 3468 3156
f 3468 2374 3156
f 3468 2376 2374
f 3829 4272 3468
f 3157 4642 4273
f 4273 4642 4644
f 4642 3161 6226
f 5806 4642 6226
f 4644 4642 5806
f 4277 5806 6226
f 1454 4278 1798
f 1454 1798 3162
f 2582 1454 3162
f 2584 1454 2582
f 4274 2584 4036
f 2584 3688 4036
f 2584 2582 3688
f 3158 4036 3688
f 7129 6738 4275
f 8303 4279 7912
f 7912 4279 3159
f 4279 6738 3159
f 6738 7129 3159
f 3163 8303 7912
f 1230 1571 3164
f 1230 3160 1571
f 3160 4280 1571
f 3160 4276 4280
f 5804 6226 3161
f 6226 5804 4277
f 5804 6980 4277
f 5804 6978 6980
f 4281 6980 6978
f 4281 6978 3165
f 356 4282 3166
f 356 3166 354
f 4278 356 1798
f 356 1452 1798
f 356 354 1452
f 3162 1798 1452
f 8303 7914 4279
f 411 4283 28
f 28 4283 3163
f 4283 7914 3163
f 7914 8303 3163
f 3167 411 28
f 114 469 3168
f 1571 1232 3164
f 3164 1232 114
f 1232 4284 114
f 4284 469 114
f 1571 4280 1232
f 3165 8166 4281
f 4281 8166 8168
f 282 651 4285
f 8168 282 4285
f 8166 282 8168
f 1380 1761 651
f 1380 651 282
f 2512 4286 1761
f 1380 2512 1761
f 2510 2512 1380
f 3616 2512 2510
f 3616 3618 2512
f 4734 3618 3616
f 4734 4736 3618
f 5874 4736 4734
f 5874 5876 4736
f 7050 5876 5874
f 7050 7052 5876
f 8236 7052 7050
f 8236 8238 7052
f 8236 3166 8238
f 8238 3166 4282
f 411 30 4283
f 1509 4287 1138
f 1138 4287 3167
f 4287 30 3167
f 30 411 3167
f 2272 2623 1509
f 2272 1509 1138
f 3362 3741 2623
f 3362 2623 2272
f 4464 4861 3741
f 4464 3741 3362
f 5644 6011 4861
f 5644 4861 4464
f 6820 7197 6011
f 6820 6011 5644
f 7998 4288 7197
f 6820 7998 7197
f 7996 7998 6820
f 469 116 3168
f 116 7996 3168
f 116 7998 7996
f 469 4284 116
f 651 284 4285
f 284 651 1382
f 1382 651 1761
f 1761 4286 1382
f 1509 1140 4287
f 1140 1509 4289
f 1509 2627 4289
f 1509 2623 2627
f 2623 3745 2627
f 2623 3741 3745
f 3741 4865 3745
f 3741 4861 4865
f 4861 6015 4865
f 4861 6011 6015
f 4290 6015 6822
f 6015 7197 6822
f 6015 6011 7197
f 7197 4288 6822
f 2627 2274 4289
f 2274 2627 3364
f 3364 2627 3745
f 3364 3745 4466
f 4466 3745 4865
f 4466 4865 5646
f 5646 4865 6015
f 6015 4290 5646
f 4291 2439 2761
f 2761 2439 3169
f 2439 3543 3169
f 2439 3545 3543
f 3545 4659 3543
f 4661 4659 3545
f 4661 4292 4659
f 4659 4292 3170
f 4293 1301 1641
f 4291 2761 1301
f 1301 2761 1641
f 2761 2437 1641
f 2437 3171 1641
f 2761 3169 2437
f 5819 3170 4292
f 5819 4292 5821
f 5821 4294 5819
f 5819 4294 3172
f 4295 195 539
f 4293 1641 195
f 195 1641 539
f 1641 1299 539
f 1299 3173 539
f 1641 3171 1299
f 6993 3172 4294
f 6993 4294 6995
f 6995 4296 6993
f 6993 4296 3174
f 541 4297 539
f 539 4297 4295
f 539 3173 3175
f 539 3175 541
f 4296 8183 8507
f 3176 4296 8507
f 3174 4296 3176
f 8507 8183 605
f 605 8183 299
f 299 4298 605
f 541 196 4297
f 4299 196 541
f 3175 4299 541
f 3177 4299 3175
f 8507 8181 3176
f 605 297 8181
f 605 8181 8507
f 297 605 4298
f 1397 297 4298
f 1395 297 1397
f 3178 1395 2831
f 1395 2527 2831
f 1395 1397 2527
f 2831 2527 3965
f 3965 2527 3633
f 3633 4300 3965
f 4301 3177 3179
f 4301 4299 3177
f 2831 2525 3178
f 3965 3631 2525
f 3965 2525 2831
f 3631 3965 4300
f 4751 3631 4300
f 4749 3631 4751
f 4751 5889 4749
f 5891 5889 4751
f 5891 7065 5889
f 7067 7065 5891
f 7067 4302 7065
f 7065 4302 3180
f 4303 3179 3181
f 4303 4301 3179
f 8251 3180 4302
f 8251 4302 8253
f 8253 4304 8251
f 8251 4304 3182
f 4305 3181 3183
f 4305 4303 3181
f 4306 664 369
f 3182 4306 369
f 4304 4306 3182
f 664 3184 369
f 4307 3183 3185
f 4307 4305 3183
f 4308 666 664
f 4308 664 4306
f 3184 664 3186
f 3186 664 666
f 546 193 3187
f 3185 193 546
f 4309 3185 546
f 4307 3185 4309
f 4310 668 666
f 4310 666 4308
f 3186 666 3188
f 3188 666 668
f 546 3187 197
f 3187 4311 197
f 3187 3189 4311
f 4309 546 197
f 3190 370 668
f 4310 3190 668
f 4312 3190 4310
f 3188 668 370
f 4313 8085 3191
f 3191 8085 8083
f 3189 8083 8085
f 3189 8085 4311
f 3190 4314 3192
f 4312 4314 3190
f 4315 1267 1605
f 1605 1267 3193
f 1267 2403 3193
f 1267 2405 2403
f 2405 3497 2403
f 3499 3497 2405
f 3499 4595 3497
f 4597 4595 3499
f 6122 5745 4316
f 5745 4597 4316
f 5745 4595 4597
f 4317 6909 6122
f 6909 5745 6122
f 6909 6907 5745
f 3191 6907 6909
f 3191 6909 4313
f 3192 4318 3194
f 4314 4318 3192
f 4319 165 505
f 4315 1605 165
f 165 1605 505
f 1605 1265 505
f 1265 3195 505
f 1605 3193 1265
f 5747 6122 4316
f 4317 6122 5747
f 8254 4320 8590
f 8590 3196 8254
f 3196 4318 8254
f 3196 3194 4318
f 4321 5727 3197
f 3197 5727 5725
f 5727 6887 5725
f 6889 6887 5727
f 6889 8059 6887
f 8061 8059 6889
f 8061 4319 505
f 163 8061 505
f 8059 8061 163
f 505 3195 163
f 3198 8252 8590
f 4320 3198 8590
f 4322 3198 4320
f 3196 8590 8252
f 5978 5659 3199
f 7164 6835 5978
f 5978 6835 5659
f 7164 3200 6835
f 3806 3481 3201
f 4323 4579 3806
f 4579 3481 3806
f 4579 4577 3481
f 3197 4577 4579
f 3197 4579 4321
f 5892 4324 6276
f 5892 6276 7444
f 5892 7444 7068
f 7444 3202 7068
f 3202 4322 7068
f 3202 3198 4322
f 4834 4479 3203
f 4479 4834 3199
f 4834 5978 3199
f 4834 5982 5978
f 7168 5978 5982
f 7164 5978 7168
f 3200 7164 8011
f 7164 8338 8011
f 7164 7168 8338
f 444 129 8338
f 8338 129 8011
f 1550 1245 444
f 444 1245 129
f 2682 2389 1550
f 1550 2389 1245
f 3483 3806 3201
f 3483 3201 2389
f 4325 3483 2389
f 2682 4325 2389
f 4323 3806 3483
f 6996 4326 7392
f 6996 7392 8542
f 6996 8542 8184
f 8184 8542 640
f 8184 640 300
f 300 640 1750
f 300 1750 1398
f 1398 1750 2862
f 1398 2862 2528
f 2528 2862 3994
f 2528 3994 3634
f 3634 3994 5142
f 3634 5142 4752
f 6276 4324 4752
f 6276 4752 5142
f 5890 6276 5142
f 3204 5890 5142
f 7066 7444 5890
f 5890 7444 6276
f 3202 7444 7066
f 3205 4836 3203
f 3203 4836 4834
f 5986 4834 4836
f 5982 4834 5986
f 7172 5982 5986
f 7168 5982 7172
f 8342 7168 7172
f 8338 7168 8342
f 448 8338 8342
f 444 8338 448
f 1554 444 448
f 1550 444 1554
f 1554 4327 2391
f 2682 1554 2391
f 1550 1554 2682
f 4325 2682 2391
f 4328 7394 7392
f 4328 7392 4326
f 8544 7392 7394
f 8542 7392 8544
f 642 8542 8544
f 640 8542 642
f 1752 640 642
f 1750 640 1752
f 2864 1750 1752
f 2862 1750 2864
f 3632 3994 3206
f 3994 2864 3206
f 3994 2862 2864
f 4750 5142 3632
f 3632 5142 3994
f 3204 5142 4750
f 3207 4840 3205
f 3205 4840 4836
f 5990 4836 4840
f 5986 4836 5990
f 7176 5986 5990
f 7172 5986 7176
f 8346 7172 7176
f 8342 7172 8346
f 452 8342 8346
f 448 8342 452
f 1558 448 452
f 1554 448 1558
f 4327 1554 1558
f 4327 1558 4329
f 4330 7396 7394
f 4330 7394 4328
f 8546 7394 7396
f 8544 7394 8546
f 644 8544 8546
f 642 8544 644
f 1754 642 644
f 1752 642 1754
f 2866 1752 1754
f 2864 1752 2866
f 3206 2864 3208
f 3208 2864 2866
f 3209 4844 3207
f 3207 4844 4840
f 5994 4840 4844
f 5990 4840 5994
f 7180 5990 5994
f 7176 5990 7180
f 8350 7176 7180
f 8346 7176 8350
f 456 8346 8350
f 452 8346 456
f 1562 452 456
f 1558 452 1562
f 4329 1558 1562
f 4329 1562 4331
f 4332 7398 7396
f 4332 7396 4330
f 8548 7396 7398
f 8546 7396 8548
f 646 8546 8548
f 644 8546 646
f 1756 644 646
f 1754 644 1756
f 2526 2866 3210
f 2866 1756 3210
f 2866 1754 1756
f 3208 2866 2526
f 3211 4848 3209
f 3209 4848 4844
f 5998 4844 4848
f 5994 4844 5998
f 7184 5994 5998
f 7180 5994 7184
f 8354 7180 7184
f 8350 7180 8354
f 460 8350 8354
f 456 8350 460
f 1566 456 460
f 1562 456 1566
f 4331 1562 1566
f 4331 1566 4333
f 6997 7398 4332
f 7398 6997 8185
f 7398 8185 8548
f 8548 8185 301
f 8548 301 646
f 646 301 4334
f 1758 646 4334
f 1756 646 1758
f 3210 1756 3212
f 3212 1756 1758
f 2618 2287 3213
f 3730 3377 2618
f 2618 3377 2287
f 3377 3730 3211
f 3730 4848 3211
f 3730 4852 4848
f 6002 4848 4852
f 5998 4848 6002
f 7188 5998 6002
f 7184 5998 7188
f 8358 7184 7188
f 8354 7184 8358
f 464 8354 8358
f 460 8354 464
f 1572 460 464
f 1566 460 1572
f 4333 1566 1572
f 4333 1572 4335
f 4336 1760 1758
f 4336 1758 4334
f 3212 1758 3214
f 3214 1758 1760
f 412 43 3215
f 1506 1153 412
f 412 1153 43
f 1153 1506 3213
f 1506 2618 3213
f 1506 2620 2618
f 3736 2618 2620
f 3730 2618 3736
f 4858 3730 3736
f 4852 3730 4858
f 6008 4852 4858
f 6002 4852 6008
f 7194 6002 6008
f 7188 6002 7194
f 8364 7188 7194
f 8358 7188 8364
f 470 8358 8364
f 464 8358 470
f 1578 464 470
f 1572 464 1578
f 4335 1572 1578
f 4335 1578 4337
f 1399 1760 4336
f 1399 4338 1760
f 4338 3214 1760
f 4338 3216 3214
f 8312 7927 3217
f 7927 8312 3215
f 8312 412 3215
f 8312 416 412
f 1510 412 416
f 1506 412 1510
f 2624 1506 1510
f 2620 1506 2624
f 3742 2620 2624
f 3736 2620 3742
f 4862 3736 3742
f 4858 3736 4862
f 6012 4858 4862
f 6008 4858 6012
f 7198 6008 6012
f 7194 6008 7198
f 8368 7194 7198
f 8364 7194 8368
f 474 8364 8368
f 470 8364 474
f 1582 470 474
f 1578 470 1582
f 2712 2392 4337
f 1578 2712 4337
f 1582 2712 1578
f 4339 2392 2712
f 3216 4340 3218
f 4338 4340 3216
f 3219 8314 3217
f 3217 8314 8312
f 418 8312 8314
f 416 8312 418
f 1512 416 418
f 1510 416 1512
f 2628 1510 1512
f 2624 1510 2628
f 3746 2624 2628
f 3742 2624 3746
f 4866 3742 3746
f 4862 3742 4866
f 6016 4862 4866
f 6012 4862 6016
f 7202 6012 6016
f 7198 6012 7202
f 8372 7198 7202
f 8368 7198 8372
f 478 8368 8372
f 474 8368 478
f 1586 474 478
f 1582 474 1586
f 1586 4341 2393
f 2712 1586 2393
f 1582 1586 2712
f 4339 2712 2393
f 1400 4342 3220
f 1400 3220 1396
f 1396 3218 1400
f 1400 3218 4340
f 3221 8316 3219
f 3219 8316 8314
f 420 8314 8316
f 418 8314 420
f 1516 418 420
f 1512 418 1516
f 1516 4343 2289
f 2628 1516 2289
f 1512 1516 2628
f 2628 2289 3379
f 2628 3379 3746
f 3746 3379 4481
f 3746 4481 4866
f 4866 4481 5661
f 4866 5661 6016
f 6016 5661 6837
f 6016 6837 7202
f 7202 6837 8013
f 7202 8013 8372
f 8372 8013 131
f 8372 131 478
f 478 131 4344
f 1590 478 4344
f 1586 478 1590
f 4341 1586 1590
f 4341 1590 4345
f 302 4346 3222
f 302 3222 298
f 298 3220 302
f 302 3220 4342
f 7928 8316 3221
f 3223 422 7928
f 422 8316 7928
f 422 420 8316
f 1520 420 422
f 1516 420 1520
f 4343 1516 1520
f 4343 1520 4347
f 1247 1590 4344
f 4345 1590 1247
f 3222 4348 3224
f 4346 4348 3222
f 44 422 3223
f 3225 1522 44
f 1522 422 44
f 1522 1520 422
f 4347 1520 1522
f 4347 1522 4349
f 1248 4350 1596
f 1248 1596 3226
f 2390 1248 3226
f 2394 1248 2390
f 3482 2394 2390
f 3482 3484 2394
f 4578 3484 3482
f 4578 4580 3484
f 4351 4580 4578
f 4351 4578 3227
f 8060 8443 3228
f 164 533 8443
f 164 8443 8060
f 1266 1635 533
f 1266 533 164
f 3229 1635 1266
f 8186 4352 8564
f 8564 3230 8186
f 3230 4348 8186
f 3230 3224 4348
f 1154 1522 3225
f 2290 4349 2642
f 2642 4349 3231
f 4349 1522 3231
f 1522 1154 3231
f 4353 2290 2642
f 4354 1598 1596
f 4354 1596 4350
f 3226 1596 3232
f 3232 1596 1598
f 3227 5726 4351
f 4351 5726 5728
f 6888 5728 5726
f 6888 6890 5728
f 8443 8062 3228
f 8062 6888 3228
f 8062 6890 6888
f 8062 8443 166
f 166 8443 533
f 166 533 1268
f 1268 533 1635
f 2755 4355 2404
f 2404 4355 3229
f 4355 1268 3229
f 1268 1635 3229
f 3233 2755 2404
f 6998 4356 7416
f 8564 4352 6998
f 8564 6998 7416
f 8182 8564 7416
f 3234 8182 7416
f 3230 8564 8182
f 3235 2644 3231
f 3231 2644 2642
f 4353 2642 2644
f 4353 2644 4357
f 3236 1246 1598
f 4354 3236 1598
f 4358 3236 4354
f 3232 1598 1246
f 2755 2406 4355
f 3891 4359 3498
f 3498 4359 3233
f 4359 2406 3233
f 2406 2755 3233
f 3237 3891 3498
f 4662 4360 3238
f 4662 3238 4660
f 5820 4662 4660
f 5820 5822 4662
f 4356 5822 7416
f 5822 6994 7416
f 5822 5820 6994
f 3234 7416 6994
f 2288 2644 3235
f 3380 4357 3766
f 3766 4357 3239
f 4357 2644 3239
f 2644 2288 3239
f 4361 3380 3766
f 132 4362 3240
f 132 3240 130
f 130 3236 132
f 132 3236 4358
f 3891 3500 4359
f 3237 4596 3891
f 4596 3500 3891
f 4596 4598 3500
f 4363 4598 4596
f 4363 4596 3241
f 2438 2821 3242
f 3546 4364 2821
f 2438 3546 2821
f 3544 3546 2438
f 3544 3238 3546
f 3546 3238 4360
f 3378 3766 3239
f 4482 4361 4890
f 4890 4361 3243
f 4361 3766 3243
f 3766 3378 3243
f 4482 4890 6040
f 4482 6040 5662
f 5662 6040 7224
f 5662 7224 6838
f 6838 7224 3244
f 8012 6838 3244
f 8014 6838 8012
f 8012 3240 8014
f 8014 3240 4362
f 3241 5746 4363
f 4363 5746 5748
f 6908 5748 5746
f 6908 6910 5748
f 8084 6910 6908
f 8084 8086 6910
f 194 8086 8084
f 194 198 8086
f 1300 198 194
f 1300 1302 198
f 2821 2440 3242
f 2440 1300 3242
f 2440 1302 1300
f 2821 4364 2440
f 4480 4890 3243
f 5660 6040 4480
f 4480 6040 4890
f 6836 7224 5660
f 5660 7224 6040
f 3244 7224 6836
f 8456 8107 3245
f 556 223 8456
f 8456 223 8107
f 556 3246 223
f 7298 6923 3247
f 6923 7298 3245
f 7298 8456 3245
f 7298 8458 8456
f 558 8456 8458
f 556 8456 558
f 3246 556 1323
f 556 1670 1323
f 556 558 1670
f 1670 3248 1323
f 3249 7300 3247
f 3247 7300 7298
f 8460 7298 7300
f 8458 7298 8460
f 560 8458 8460
f 558 8458 560
f 1672 558 560
f 1670 558 1672
f 3248 1670 3250
f 3250 1670 1672
f 3251 7302 3249
f 3249 7302 7300
f 8462 7300 7302
f 8460 7300 8462
f 562 8460 8462
f 560 8460 562
f 1674 560 562
f 1672 560 1674
f 3250 1672 3252
f 3252 1672 1674
f 3253 7304 3251
f 3251 7304 7302
f 8464 7302 7304
f 8462 7302 8464
f 564 8462 8464
f 562 8462 564
f 1676 562 564
f 1674 562 1676
f 3252 1674 3254
f 3254 1674 1676
f 3255 7306 3253
f 3253 7306 7304
f 8466 7304 7306
f 8464 7304 8466
f 566 8464 8466
f 564 8464 566
f 1678 564 566
f 1676 564 1678
f 3254 1676 3256
f 3256 1676 1678
f 3257 7308 3255
f 3255 7308 7306
f 8468 7306 7308
f 8466 7306 8468
f 568 8466 8468
f 566 8466 568
f 1680 566 568
f 1678 566 1680
f 3256 1678 3258
f 3258 1678 1680
f 3259 7310 3257
f 3257 7310 7308
f 8470 7308 7310
f 8468 7308 8470
f 570 8468 8470
f 568 8468 570
f 1682 568 570
f 1680 568 1682
f 3258 1680 3260
f 3260 1680 1682
f 6142 5761 3261
f 5761 6142 3259
f 6142 7310 3259
f 6142 7312 7310
f 8472 7310 7312
f 8470 7310 8472
f 572 8470 8472
f 570 8470 572
f 1684 570 572
f 1682 570 1684
f 3260 1682 3262
f 3262 1682 1684
f 3263 6144 3261
f 3261 6144 6142
f 6144 4365 6925
f 7312 6144 6925
f 6142 6144 7312
f 7312 6925 8109
f 7312 8109 8472
f 8472 8109 225
f 8472 225 572
f 572 225 4366
f 1686 572 4366
f 1684 572 1686
f 3262 1684 3264
f 3264 1684 1686
f 5012 4611 3265
f 5763 6144 3263
f 5763 3263 4611
f 4367 5763 4611
f 5012 4367 4611
f 4365 6144 5763
f 1325 1686 4366
f 2457 3264 1686
f 1325 2457 1686
f 2459 2457 1325
f 2459 4368 2457
f 2457 4368 3266
f 3267 5014 3265
f 3265 5014 5012
f 4367 5012 5014
f 4367 5014 4369
f 3266 4370 3268
f 4368 4370 3266
f 3269 5016 3267
f 3267 5016 5014
f 4369 5014 5016
f 4369 5016 4371
f 3565 3268 4370
f 3565 4370 3567
f 3567 4372 3565
f 3565 4372 3270
f 4612 5016 3269
f 4371 5016 4612
f 3271 4371 4612
f 4373 4371 3271
f 3270 4374 3272
f 4372 4374 3270
f 3271 5762 4373
f 4373 5762 5764
f 4375 5764 5762
f 4375 5762 3273
f 4376 5102 4689
f 3272 4376 4689
f 4374 4376 3272
f 5102 3274 4689
f 6926 4375 7326
f 4375 3275 7326
f 4375 3273 3275
f 4377 6926 7326
f 4378 5106 5102
f 4378 5102 4376
f 3274 5102 3276
f 3276 5102 5106
f 6924 7326 3275
f 4377 7326 6924
f 3277 4377 6924
f 4379 4377 3277
f 3278 4690 5106
f 4378 3278 5106
f 4380 3278 4378
f 3276 5106 4690
f 3277 8108 4379
f 4379 8108 8110
f 8108 3279 590
f 226 8108 590
f 8110 8108 226
f 226 590 1702
f 226 1702 1326
f 1326 1702 2824
f 1326 2824 2460
f 2460 2824 3280
f 3566 2460 3280
f 3568 2460 3566
f 3566 3278 3568
f 3568 3278 4380
f 224 590 3279
f 1324 1702 224
f 224 1702 590
f 2458 2824 1324
f 1324 2824 1702
f 3280 2824 2458
f 582 239 3281
f 1694 1339 582
f 582 1339 239
f 1694 3282 1339
f 7324 6939 3283
f 8484 8123 7324
f 7324 8123 6939
f 8123 8484 3281
f 8484 582 3281
f 8484 584 582
f 1696 582 584
f 1694 582 1696
f 3282 1694 2473
f 1694 2818 2473
f 1694 1696 2818
f 2818 3284 2473
f 4381 5775 3285
f 3285 5775 5773
f 6941 7324 3283
f 5773 6941 3283
f 5775 6941 5773
f 7324 6941 8125
f 7324 8125 8484
f 8484 8125 241
f 8484 241 584
f 584 241 4382
f 1698 584 4382
f 1696 584 1698
f 2820 1696 1698
f 2818 1696 2820
f 3284 2818 3286
f 3286 2818 2820
f 5026 4617 3287
f 3285 4617 5026
f 4383 3285 5026
f 4381 3285 4383
f 4384 1700 1698
f 4384 1698 4382
f 2474 2820 3288
f 2820 1700 3288
f 2820 1698 1700
f 3286 2820 2474
f 3289 5028 3287
f 3287 5028 5026
f 4383 5026 5028
f 4383 5028 4385
f 4386 1704 1700
f 4386 1700 4384
f 3288 1700 3290
f 3290 1700 1704
f 3291 5030 3289
f 3289 5030 5028
f 4385 5028 5030
f 4385 5030 4387
f 1341 1704 4386
f 1341 4388 1704
f 4388 3290 1704
f 4388 3292 3290
f 5030 3291 4618
f 4389 4619 5031
f 3293 5031 4619
f 4387 3293 4619
f 3293 5030 4618
f 3293 4387 5030
f 3292 4390 3294
f 4388 4390 3292
f 5033 4391 5031
f 5031 4391 4389
f 5031 3293 3295
f 5031 3295 5033
f 3294 4392 3296
f 4390 4392 3294
f 5033 4620 4391
f 4393 4620 5033
f 3295 4393 5033
f 3297 4393 3295
f 1342 4394 3298
f 1342 3298 1340
f 1340 3296 1342
f 1342 3296 4392
f 3297 5774 4393
f 4393 5774 5776
f 6940 7345 4395
f 5776 6940 4395
f 5774 6940 5776
f 8124 8503 7345
f 8124 7345 6940
f 242 4396 8503
f 8124 242 8503
f 240 242 8124
f 240 3298 242
f 242 3298 4394
f 7345 6942 4395
f 6942 7345 8126
f 8126 7345 8503
f 8503 4396 8126
f 5185 3389 3785
f 3785 3389 4911
f 4911 3389 4491
f 4911 4491 6063
f 6063 4491 5665
f 5665 5186 6063
f 5187 1163 1531
f 1531 1163 2663
f 2663 1163 2299
f 5185 3785 2299
f 3785 2663 2299
f 3785 3787 2663
f 3785 4913 3787
f 3785 4911 4913
f 4911 6065 4913
f 4911 6063 6065
f 6841 7249 5186
f 7249 6063 5186
f 7249 6065 6063
f 6841 5188 7249
f 1533 5189 1531
f 1531 5189 5187
f 1531 2665 1533
f 1531 2663 2665
f 2663 3789 2665
f 2663 3787 3789
f 3787 4915 3789
f 3787 4913 4915
f 4913 6067 4915
f 4913 6065 6067
f 6065 7251 6067
f 6065 7249 7251
f 7249 5188 7251
f 7251 5188 5190
f 1537 5191 1533
f 1533 5191 5189
f 1533 2669 1537
f 1533 2665 2669
f 2665 3793 2669
f 2665 3789 3793
f 3789 4917 3793
f 3789 4915 4917
f 4915 6069 4917
f 4915 6067 6069
f 5192 6069 6842
f 6069 7251 6842
f 6069 6067 7251
f 7251 5190 6842
f 1539 5193 1537
f 1537 5193 5191
f 1537 2671 1539
f 1537 2669 2671
f 2669 3797 2671
f 2669 3793 3797
f 3793 4921 3797
f 3793 4917 4921
f 5194 4921 5666
f 4921 6069 5666
f 4921 4917 6069
f 6069 5192 5666
f 5195 53 433
f 5193 1539 53
f 53 1539 433
f 1539 1161 433
f 1161 4037 433
f 2671 2297 1161
f 2671 1161 1539
f 3797 3387 2297
f 3797 2297 2671
f 4925 4038 3387
f 3797 4925 3387
f 4921 4925 3797
f 4921 5194 4925
f 4925 5194 5196
f 51 4039 433
f 4039 5195 433
f 4039 5197 5195
f 433 4037 51
f 4927 4040 4038
f 4927 4038 4925
f 4925 5196 4927
f 4927 5196 5198
f 5199 7935 4041
f 4041 7935 7933
f 4039 7933 7935
f 4039 7935 5197
f 4929 4042 4040
f 4929 4040 4927
f 4927 5198 4929
f 4929 5198 5200
f 5201 4041 4043
f 5201 5199 4041
f 4929 4489 4042
f 4929 5200 4489
f 5200 4044 4489
f 5200 5202 4044
f 5203 6757 4045
f 4045 6757 6755
f 4043 6755 6757
f 4043 6757 5201
f 4044 5204 4046
f 5202 5204 4044
f 5205 4045 4047
f 5205 5203 4045
f 5204 5667 6095
f 4048 5204 6095
f 4046 5204 4048
f 5667 5206 6095
f 5207 4047 4049
f 5207 5205 4047
f 6099 4050 4048
f 6099 4048 6095
f 6095 5206 6099
f 6099 5206 5208
f 5209 4049 4051
f 5209 5207 4049
f 6103 4052 4050
f 6103 4050 6099
f 6099 5208 6103
f 6103 5208 5210
f 5211 4051 4053
f 5211 5209 4051
f 4052 6103 5668
f 5212 4052 5668
f 4054 4052 5212
f 6103 5210 5668
f 5213 4053 4055
f 5213 5211 4053
f 4054 5214 4056
f 5212 5214 4054
f 5215 4055 4057
f 5215 5213 4055
f 4492 5216 4058
f 4492 4058 4490
f 4490 4056 4492
f 4492 4056 5214
f 5217 4057 4059
f 5217 5215 4057
f 4058 5218 4060
f 5216 5218 4058
f 4059 6756 5217
f 5217 6756 6758
f 5219 6758 6756
f 5219 6756 4061
f 3390 5220 4062
f 3390 4062 3388
f 3388 4060 3390
f 3390 4060 5218
f 4061 7934 5219
f 5219 7934 7936
f 5221 7936 7934
f 5221 7934 4063
f 2300 5222 4064
f 2300 4064 2298
f 2298 4062 2300
f 2300 4062 5220
f 4063 52 5221
f 5221 52 54
f 1162 54 52
f 1162 1164 54
f 1162 4064 1164
f 1164 4064 5222
f 5223 5689 4065
f 4065 5689 5687
f 5689 6857 5687
f 6859 6857 5689
f 6859 5224 6857
f 6857 5224 4066
f 5225 4515 4067
f 4067 4515 4511
f 4065 4511 4515
f 4065 4515 5223
f 8037 4066 5224
f 8037 5224 8039
f 8039 5226 8037
f 8037 5226 4068
f 5227 3409 4069
f 4069 3409 3405
f 4067 3405 3409
f 4067 3409 5225
f 143 4068 5226
f 143 5226 145
f 145 5228 143
f 143 5228 4070
f 5229 2319 4071
f 4071 2319 2315
f 4069 2315 2319
f 4069 2319 5227
f 5228 1251 1599
f 4072 5228 1599
f 4070 5228 4072
f 1251 5230 1599
f 5231 4071 4073
f 5231 5229 4071
f 1599 1249 4072
f 1599 5230 1249
f 5230 4074 1249
f 5230 5232 4074
f 1526 1181 4075
f 4073 1181 1526
f 5233 4073 1526
f 5231 4073 5233
f 4074 5234 4076
f 5232 5234 4074
f 4077 1528 4075
f 4075 1528 1526
f 5233 1526 1528
f 5233 1528 5235
f 1252 5236 4078
f 1252 4078 1250
f 1250 4076 1252
f 1252 4076 5234
f 1182 1528 4077
f 5235 1528 1182
f 4079 5235 1182
f 5237 5235 4079
f 146 5238 4080
f 146 4080 144
f 144 4078 146
f 146 4078 5236
f 4079 2316 5237
f 5237 2316 2320
f 5239 2320 2316
f 5239 2316 4081
f 8040 5240 4082
f 8040 4082 8038
f 8038 4080 8040
f 8040 4080 5238
f 4081 3406 5239
f 5239 3406 3410
f 4512 3410 3406
f 4512 4516 3410
f 5688 4516 4512
f 5688 5690 4516
f 6858 5690 5688
f 6858 6860 5690
f 6858 4082 6860
f 6860 4082 5240
f 5241 69 4083
f 4083 69 67
f 69 1183 67
f 1185 1183 69
f 1185 2317 1183
f 2321 2317 1185
f 3790 3407 5242
f 3407 2321 5242
f 3407 2317 2321
f 3790 4084 3407
f 5243 7951 4085
f 4085 7951 7949
f 4083 7949 7951
f 4083 7951 5241
f 3411 3790 5242
f 5244 4918 4513
f 5244 4513 4084
f 3411 5244 4084
f 3790 3411 4084
f 4918 4086 4513
f 5245 6773 4087
f 4087 6773 6771
f 4085 6771 6773
f 4085 6773 5243
f 4517 4918 5244
f 4517 5246 4918
f 5246 4086 4918
f 5246 4088 4086
f 5247 5597 4089
f 4089 5597 5595
f 4087 5595 5597
f 4087 5597 5245
f 4088 5248 4090
f 5246 5248 4088
f 5249 4089 4091
f 5249 5247 4089
f 4090 5250 4092
f 5248 5250 4090
f 5251 4091 4093
f 5251 5249 4091
f 4518 5252 4094
f 4518 4094 4514
f 4514 4092 4518
f 4518 4092 5250
f 5598 5251 5980
f 5251 4095 5980
f 5251 4093 4095
f 5253 5598 5980
f 4094 5254 4096
f 5252 5254 4094
f 4097 5984 4095
f 4095 5984 5980
f 5253 5980 5984
f 5253 5984 5255
f 3412 5256 3812
f 3812 4098 3412
f 4098 5254 3412
f 4098 4096 5254
f 4099 5988 4097
f 4097 5988 5984
f 7174 6774 5255
f 5984 7174 5255
f 5988 7174 5984
f 5257 6774 7174
f 5258 3818 3812
f 5258 3812 5256
f 4098 3812 4100
f 4100 3812 3818
f 4842 4421 4101
f 4421 4842 4099
f 4842 5988 4099
f 4842 5992 5988
f 7178 5988 5992
f 7174 5988 7178
f 5257 7174 7178
f 5257 7178 5259
f 5260 3826 3818
f 5260 3818 5258
f 4100 3818 4102
f 4102 3818 3826
f 4103 4846 4101
f 4101 4846 4842
f 5996 4842 4846
f 5992 4842 5996
f 7182 5992 5996
f 7178 5992 7182
f 5259 7178 7182
f 5259 7182 5261
f 4104 3408 3826
f 5260 4104 3826
f 5262 4104 5260
f 4102 3826 3408
f 4105 4850 4103
f 4103 4850 4846
f 6000 4846 4850
f 5996 4846 6000
f 7186 5996 6000
f 7182 5996 7186
f 8356 7952 5261
f 7182 8356 5261
f 7186 8356 7182
f 7952 8356 462
f 7952 462 70
f 70 462 1568
f 70 1568 1186
f 1186 1568 4106
f 2318 1186 4106
f 2322 1186 2318
f 2318 4104 2322
f 2322 4104 5262
f 4107 4854 4105
f 4105 4854 4850
f 6004 4850 4854
f 6000 4850 6004
f 7190 6000 6004
f 7186 6000 7190
f 8360 7186 7190
f 8356 7186 8360
f 68 462 4108
f 462 8360 4108
f 462 8356 8360
f 1184 1568 68
f 68 1568 462
f 4106 1568 1184
f 3738 3321 4109
f 4423 4854 4107
f 4423 4107 3321
f 5263 4423 3321
f 3738 5263 3321
f 4854 4423 5599
f 4854 5599 6004
f 6004 5599 5264
f 7196 6004 5264
f 7190 6004 7196
f 8366 7190 7196
f 8360 7190 8366
f 4108 8360 4110
f 4110 8360 8366
f 2626 2239 4111
f 3323 3738 4109
f 3323 4109 2239
f 5265 3323 2239
f 2626 5265 2239
f 5263 3738 3323
f 6775 7196 5264
f 7196 6775 5266
f 8370 7196 5266
f 8366 7196 8370
f 4110 8366 4112
f 4112 8366 8370
f 2626 4111 2241
f 4111 5267 2241
f 4111 4113 5267
f 5265 2626 2241
f 5268 8374 8370
f 5268 8370 5266
f 4112 8370 4114
f 4114 8370 8374
f 5269 4113 4115
f 5269 5267 4113
f 5270 8378 8374
f 5270 8374 5268
f 4114 8374 4116
f 4116 8374 8378
f 2242 5269 2638
f 5269 4117 2638
f 5269 4115 4117
f 5271 2242 2638
f 6776 5272 7212
f 8378 5270 6776
f 8378 6776 7212
f 7950 8378 7212
f 4118 7950 7212
f 4116 8378 7950
f 2240 2638 4117
f 3324 5271 3760
f 3760 5271 4119
f 5271 2638 4119
f 2638 2240 4119
f 3324 3760 4880
f 3324 4880 4424
f 4424 4880 6030
f 4424 6030 5600
f 7212 5272 5600
f 7212 5600 6030
f 6772 7212 6030
f 4120 6772 6030
f 4118 7212 6772
f 3322 3760 4119
f 4422 4880 3322
f 3322 4880 3760
f 5596 6030 4422
f 4422 6030 4880
f 4120 6030 5596
f 5273 4777 5155
f 5155 4777 4121
f 4777 5915 4121
f 4777 5917 5915
f 5917 7089 5915
f 7091 7089 5917
f 4122 7089 8613
f 7089 8275 8613
f 7089 7091 8275
f 8275 5274 8613
f 5275 1423 1765
f 1765 1423 2875
f 2875 1423 2553
f 2875 2553 4123
f 2553 3657 4123
f 2553 3659 3657
f 3659 5273 5155
f 4775 3659 5155
f 3657 3659 4775
f 5155 4121 4775
f 8613 8273 4122
f 8273 8613 5274
f 379 8273 5274
f 377 8273 379
f 379 5276 377
f 377 5276 4124
f 5277 325 663
f 5275 1765 325
f 325 1765 663
f 1765 1421 663
f 1421 4125 663
f 2875 2551 1421
f 2875 1421 1765
f 2875 4123 2551
f 4124 5278 4126
f 5276 5278 4124
f 5279 8207 8579
f 5277 663 8207
f 8207 663 8579
f 663 323 8579
f 323 4127 8579
f 663 4125 323
f 1469 4126 5278
f 1469 5278 1471
f 1471 5280 1469
f 1469 5280 4128
f 8205 4129 8579
f 4129 5279 8579
f 4129 5281 5279
f 8579 4127 8205
f 4128 5282 4130
f 5280 5282 4128
f 5283 5615 4131
f 4131 5615 5613
f 5615 6789 5613
f 6791 6789 5615
f 6791 7965 6789
f 7967 7965 6791
f 7967 83 7965
f 85 83 7967
f 85 1199 83
f 1201 1199 85
f 1201 2343 1199
f 2345 2343 1201
f 2345 3435 2343
f 3437 3435 2345
f 3437 5284 3435
f 3435 5284 4132
f 5285 6953 4133
f 4133 6953 6951
f 6953 8135 6951
f 8137 8135 6953
f 4134 8135 619
f 8135 253 619
f 8135 8137 253
f 253 5286 619
f 5287 5845 4135
f 4135 5845 5843
f 5845 7019 5843
f 7021 7019 5845
f 4129 7019 7021
f 4129 7021 5281
f 1472 5288 4136
f 1472 4136 1470
f 1470 4130 1472
f 1472 4130 5282
f 5289 4435 4137
f 4137 4435 4433
f 4131 4433 4435
f 4131 4435 5283
f 4543 4132 5284
f 4543 5284 4545
f 4545 5290 4543
f 4543 5290 4138
f 5291 5787 4139
f 4139 5787 5785
f 4133 5785 5787
f 4133 5787 5285
f 619 251 4134
f 251 619 5286
f 1351 251 5286
f 1349 251 1351
f 1351 2479 1349
f 2481 2479 1351
f 2481 3585 2479
f 3587 3585 2481
f 3587 4703 3585
f 4705 4703 3587
f 4135 4703 4705
f 4135 4705 5287
f 380 5292 710
f 710 4140 380
f 4140 5288 380
f 4140 4136 5288
f 5293 3333 4141
f 4141 3333 3331
f 4137 3331 3333
f 4137 3333 5289
f 5711 4138 5290
f 5711 5290 5713
f 5713 5294 5711
f 5711 5294 4142
f 5295 4629 4143
f 4143 4629 4627
f 4139 4627 4629
f 4139 4629 5291
f 4144 378 710
f 5292 4144 710
f 5296 4144 5292
f 4140 710 378
f 5297 4141 4145
f 5297 5293 4141
f 4142 5298 4146
f 5294 5298 4142
f 5299 3517 4147
f 4147 3517 3515
f 4143 3515 3517
f 4143 3517 5295
f 8276 5300 4148
f 8276 4148 8274
f 8274 4144 8276
f 8276 4144 5296
f 5301 2243 2597
f 4149 2597 2243
f 5297 4149 2243
f 4145 4149 5297
f 4146 5302 4150
f 5298 5302 4146
f 5303 4147 4151
f 5303 5299 4147
f 5918 5304 6316
f 5918 6316 4152
f 7090 5918 4152
f 7092 5918 7090
f 7090 4148 7092
f 7092 4148 5300
f 2601 5305 2597
f 2597 5305 5301
f 2597 4149 4153
f 2597 4153 2601
f 5714 5306 6084
f 6084 4154 5714
f 4154 5302 5714
f 4154 4150 5302
f 4151 3516 5303
f 5303 3516 3518
f 5307 3518 3516
f 5307 3516 4155
f 4778 5308 4156
f 4778 4156 4776
f 5304 4778 6316
f 4778 5916 6316
f 4778 4776 5916
f 4152 6316 5916
f 2601 2244 5305
f 3713 5309 3332
f 3332 5309 4153
f 5309 2244 4153
f 2244 2601 4153
f 4157 3713 3332
f 5310 6088 6084
f 5310 6084 5306
f 4154 6084 4158
f 4158 6084 6088
f 4155 4628 5307
f 5307 4628 4630
f 5311 4630 4628
f 5311 4628 4159
f 3660 5312 4160
f 3660 4160 3658
f 3658 4156 3660
f 3660 4156 5308
f 3715 5313 3713
f 3713 5313 5309
f 3713 4157 4434
f 4835 3713 4434
f 3715 3713 4835
f 5614 5985 4835
f 5614 4835 4434
f 6790 7171 5985
f 6790 5985 5614
f 7968 5314 7171
f 6790 7968 7171
f 7966 7968 6790
f 84 7968 7966
f 84 86 7968
f 1200 1553 5315
f 86 1200 5315
f 84 1200 86
f 4161 1553 1200
f 4546 5316 4946
f 6088 5310 4546
f 6088 4546 4946
f 5712 6088 4946
f 4162 5712 4946
f 4158 6088 5712
f 4159 5786 5311
f 5311 5786 5788
f 6952 5788 5786
f 6952 6954 5788
f 8136 6954 6952
f 8136 8138 6954
f 252 8138 8136
f 252 254 8138
f 1350 1751 5317
f 254 1350 5317
f 252 1350 254
f 4163 1751 1350
f 2554 5318 4164
f 2554 4164 2552
f 2552 4160 2554
f 2554 4160 5312
f 3715 3334 5313
f 3334 3715 4436
f 4436 3715 4835
f 4436 4835 5616
f 5616 4835 5985
f 5616 5985 6792
f 6792 5985 7171
f 7171 5314 6792
f 1553 1202 5315
f 4161 2344 1553
f 2344 1202 1553
f 2344 2346 1202
f 3436 2346 2344
f 3436 3438 2346
f 5316 3438 4946
f 3438 4544 4946
f 3438 3436 4544
f 4162 4946 4544
f 1751 1352 5317
f 2865 5319 2480
f 2480 5319 4163
f 5319 1352 4163
f 1352 1751 4163
f 4165 2865 2480
f 1424 5320 4166
f 1424 4166 1422
f 1422 4164 1424
f 1424 4164 5318
f 2865 2482 5319
f 4165 3586 2865
f 3586 2482 2865
f 3586 3588 2482
f 4704 3588 3586
f 4704 4706 3588
f 5844 4706 4704
f 5844 5846 4706
f 7020 5846 5844
f 7020 7022 5846
f 8206 7022 7020
f 8206 8208 7022
f 324 8208 8206
f 324 326 8208
f 324 4166 326
f 326 4166 5320
f 7460 7105 4167
f 8610 8289 7460
f 7460 8289 7105
f 8610 4168 8289
f 6294 5931 4169
f 7107 7460 4167
f 7107 4167 5931
f 5321 7107 5931
f 6294 5321 5931
f 7460 7107 8291
f 7460 8291 8610
f 5322 696 393
f 5322 393 4168
f 8291 5322 4168
f 8610 8291 4168
f 696 4170 393
f 5156 4791 4171
f 5933 6294 4169
f 5933 4169 4791
f 5323 5933 4791
f 5156 5323 4791
f 5321 6294 5933
f 395 696 5322
f 5324 1802 1481
f 5324 1481 4170
f 395 5324 4170
f 696 395 4170
f 1802 4172 1481
f 1766 1437 4173
f 2876 2567 1766
f 1766 2567 1437
f 4010 3673 2876
f 2876 3673 2567
f 4793 5156 4171
f 4793 4171 3673
f 5325 4793 3673
f 4010 5325 3673
f 5323 5156 4793
f 5326 1804 1802
f 5326 1802 5324
f 4172 1802 4174
f 4174 1802 1804
f 5327 7037 7427
f 7427 7037 4175
f 7037 8221 4175
f 7037 8223 8221
f 8223 339 8221
f 341 339 8223
f 1439 1766 4173
f 339 1439 4173
f 341 1439 339
f 1766 1439 2569
f 1766 2569 2876
f 2876 2569 3675
f 2876 3675 4010
f 5325 4010 3675
f 1483 1804 5326
f 5328 2908 2595
f 5328 2595 4174
f 1483 5328 4174
f 1804 1483 4174
f 2908 4176 2595
f 5329 5861 6259
f 5327 7427 5861
f 5861 7427 6259
f 7427 7035 6259
f 7035 4177 6259
f 7427 4175 7035
f 5330 2910 2908
f 5330 2908 5328
f 4176 2908 4178
f 4178 2908 2910
f 6261 5331 6259
f 6259 5331 5329
f 6259 4177 4179
f 6259 4179 6261
f 5332 2912 2910
f 5332 2910 5330
f 4178 2910 4180
f 4180 2910 2912
f 5333 4721 5127
f 5331 6261 4721
f 4721 6261 5127
f 6261 5859 5127
f 5859 4181 5127
f 6261 4179 5859
f 1484 5334 1816
f 2912 5332 1484
f 2912 1484 1816
f 2596 2912 1816
f 4182 2596 1816
f 4180 2912 2596
f 5335 1367 1737
f 1737 1367 4183
f 1367 2495 4183
f 1367 2497 2495
f 2497 3601 2495
f 3603 3601 2497
f 3603 5333 5127
f 4719 3603 5127
f 3601 3603 4719
f 5127 4181 4719
f 396 5336 712
f 1816 5334 396
f 1816 396 712
f 1482 1816 712
f 4184 1482 712
f 4182 1816 1482
f 7154 6805 4185
f 8324 7981 7154
f 7154 7981 6805
f 8324 4186 7981
f 5337 269 4187
f 4187 269 267
f 269 5335 1737
f 1365 269 1737
f 267 269 1365
f 1737 4183 1365
f 8292 5338 4188
f 8292 4188 8290
f 5336 8292 712
f 8292 394 712
f 8292 8290 394
f 4184 712 394
f 5339 5631 4189
f 4189 5631 5629
f 6807 7154 4185
f 5629 6807 4185
f 5631 6807 5629
f 7154 6807 5340
f 8326 7154 5340
f 8324 7154 8326
f 4186 8324 99
f 8324 434 99
f 8324 8326 434
f 1542 1215 434
f 434 1215 99
f 1542 4190 1215
f 5341 8153 8535
f 4191 8535 8153
f 5337 4191 8153
f 4187 4191 5337
f 4188 5342 4192
f 5338 5342 4188
f 5343 4451 4193
f 4193 4451 4449
f 4189 4449 4451
f 4189 4451 5339
f 7983 8326 5340
f 8326 7983 101
f 8326 101 434
f 434 101 1217
f 434 1217 1542
f 5344 2676 2359
f 5344 2359 4190
f 1217 5344 4190
f 1542 1217 4190
f 2676 4194 2359
f 8151 4195 8535
f 4195 5341 8535
f 4195 5345 5341
f 8535 4191 8151
f 4192 5346 4196
f 5342 5346 4192
f 2604 2257 4197
f 5347 3349 2604
f 3349 2257 2604
f 3349 3347 2257
f 4193 3347 3349
f 4193 3349 5343
f 2361 2676 5344
f 3451 4194 2676
f 2361 3451 2676
f 3453 3451 2361
f 3453 5348 3451
f 3451 5348 4198
f 5349 6965 4199
f 4199 6965 6963
f 4195 6963 6965
f 4195 6965 5345
f 7106 7485 4200
f 7106 4196 7485
f 4196 5350 7485
f 4196 5346 5350
f 1488 1123 4201
f 2259 2604 4197
f 2259 4197 1123
f 5351 2259 1123
f 1488 5351 1123
f 5347 2604 2259
f 5352 4940 4559
f 4198 5352 4559
f 5348 5352 4198
f 4940 4202 4559
f 5353 4199 4203
f 5353 5349 4199
f 5932 6321 4204
f 7485 7108 4200
f 4200 7108 5932
f 7108 5354 5932
f 5354 6321 5932
f 7485 5350 7108
f 5355 15 4205
f 4205 15 13
f 1125 1488 4201
f 13 1125 4201
f 15 1125 13
f 5351 1488 1125
f 4561 4940 5352
f 4561 5356 4940
f 5356 4202 4940
f 5356 4206 4202
f 7393 5357 6964
f 5357 4203 6964
f 5357 5353 4203
f 4207 7393 6964
f 4204 6321 5934
f 5358 4204 5934
f 4208 4204 5358
f 6321 5354 5934
f 5359 5575 4209
f 4209 5575 5573
f 5575 6727 5573
f 6729 6727 5575
f 6729 7897 6727
f 7899 7897 6729
f 4205 7897 7899
f 4205 7899 5355
f 4206 5360 4210
f 5356 5360 4206
f 7395 5361 7393
f 7393 5361 5357
f 7393 4207 4211
f 7393 4211 7395
f 4792 5183 4212
f 4792 4208 5183
f 4208 5362 5183
f 4208 5358 5362
f 5363 4409 4213
f 4213 4409 4407
f 4209 4407 4409
f 4209 4409 5359
f 4210 5364 4214
f 5360 5364 4210
f 7395 6966 5361
f 8547 5365 8152
f 8152 5365 4211
f 5365 6966 4211
f 6966 7395 4211
f 4215 8547 8152
f 3674 4035 4216
f 5183 4794 4212
f 4212 4794 3674
f 4794 5366 3674
f 5366 4035 3674
f 5183 5362 4794
f 5367 3309 4217
f 4217 3309 3307
f 4213 3307 3309
f 4213 3309 5363
f 4562 5368 4218
f 4562 4218 4560
f 4560 4214 4562
f 4562 4214 5364
f 8547 8154 5365
f 647 5369 268
f 268 5369 4215
f 5369 8154 4215
f 8154 8547 4215
f 1366 1757 647
f 1366 647 268
f 2496 2869 1757
f 2496 1757 1366
f 3602 4001 2869
f 3602 2869 2496
f 4720 5149 4001
f 4720 4001 3602
f 5860 6285 5149
f 5860 5149 4720
f 7036 7453 6285
f 7036 6285 5860
f 8222 8603 7453
f 8222 7453 7036
f 4219 8603 8222
f 2568 2903 4220
f 4035 3676 4216
f 4216 3676 2568
f 3676 5370 2568
f 5370 2903 2568
f 4035 5366 3676
f 5371 4217 4221
f 5371 5367 4217
f 3454 5372 4222
f 3454 4222 3452
f 3452 4218 3454
f 3454 4218 5368
f 647 270 5369
f 270 647 1368
f 1368 647 1757
f 1368 1757 2498
f 2498 1757 2869
f 2498 2869 3604
f 3604 2869 4001
f 3604 4001 4722
f 4722 4001 5149
f 4722 5149 5862
f 5862 5149 6285
f 5862 6285 7038
f 7038 6285 7453
f 7038 7453 5373
f 7453 8605 5373
f 7453 8603 8605
f 8603 4219 340
f 691 8603 340
f 8605 8603 691
f 1438 1799 691
f 1438 691 340
f 2903 2570 4220
f 4220 2570 1438
f 2570 5374 1438
f 5374 1799 1438
f 2903 5370 2570
f 5375 4221 4223
f 5375 5371 4221
f 4452 5376 4856
f 4452 4856 6006
f 4452 6006 5632
f 5377 5632 6006
f 2362 5378 4224
f 2362 4224 2360
f 2360 4222 2362
f 2362 4222 5372
f 8605 8224 5373
f 8224 8605 342
f 342 8605 691
f 342 691 1440
f 1440 691 1799
f 1799 5374 1440
f 4223 3308 5375
f 5375 3308 3310
f 5379 3310 3308
f 5379 3308 4225
f 2260 5380 4226
f 2260 4226 2258
f 3348 2260 2258
f 3348 3350 2260
f 5376 3350 4856
f 3350 4450 4856
f 3350 3348 4450
f 5630 6006 4450
f 4450 6006 4856
f 6006 5630 5377
f 5630 6808 5377
f 5630 6806 6808
f 7982 6808 6806
f 7982 7984 6808
f 100 7984 7982
f 100 102 7984
f 1216 102 100
f 1216 1218 102
f 1216 4224 1218
f 1218 4224 5378
f 4225 4408 5379
f 5379 4408 4410
f 5381 4410 4408
f 5381 4408 4227
f 7900 5382 4228
f 7900 4228 7898
f 14 7900 7898
f 14 16 7900
f 1124 16 14
f 1124 1126 16
f 1124 4226 1126
f 1126 4226 5380
f 4227 5574 5381
f 5381 5574 5576
f 6728 5576 5574
f 6728 6730 5576
f 6728 4228 6730
f 6730 4228 5382
f 5383 7053 7419
f 7419 7053 8565
f 8565 7053 8239
f 8239 5384 8565
f 5385 5877 6251
f 5383 7419 5877
f 5877 7419 6251
f 7419 7051 6251
f 7051 4229 6251
f 8565 8237 7051
f 8565 7051 7419
f 5384 357 657
f 5384 657 4230
f 8565 5384 4230
f 8237 8565 4230
f 357 5386 657
f 5387 4737 5119
f 5385 6251 4737
f 4737 6251 5119
f 6251 5875 5119
f 5875 4231 5119
f 6251 4229 5875
f 657 355 4230
f 5386 1455 1767
f 5386 1767 4232
f 657 5386 4232
f 355 657 4232
f 1455 5388 1767
f 5389 3619 3971
f 5387 5119 3619
f 3619 5119 3971
f 5119 4735 3971
f 4735 4233 3971
f 5119 4231 4735
f 1767 1453 4232
f 1767 5388 1453
f 5388 4234 1453
f 5388 5390 4234
f 3617 4235 3971
f 4235 5389 3971
f 4235 5391 5389
f 3971 4233 3617
f 4234 5392 4236
f 5390 5392 4234
f 5393 4235 4237
f 5393 5391 4235
f 5394 2882 2583
f 4236 5394 2583
f 5392 5394 4236
f 2882 4238 2583
f 5395 4237 4239
f 5395 5393 4237
f 2585 2882 5394
f 2585 5396 2882
f 5396 4238 2882
f 5396 4240 4238
f 5397 2513 4241
f 4241 2513 2511
f 4239 2511 2513
f 4239 2513 5395
f 5398 4020 3689
f 4240 5398 3689
f 5396 5398 4240
f 4020 4242 3689
f 5399 5647 4243
f 4243 5647 5645
f 5647 6821 5645
f 6823 6821 5647
f 6823 5400 6821
f 6821 5400 4244
f 5401 1285 1663
f 1663 1285 4245
f 1285 2421 4245
f 1285 2423 2421
f 2423 3527 2421
f 3529 3527 2423
f 3529 4643 3527
f 4645 4643 3529
f 4645 5805 4643
f 5807 5805 4645
f 5807 6979 5805
f 6981 6979 5807
f 6981 8167 6979
f 8169 8167 6981
f 8169 283 8167
f 285 283 8169
f 285 1381 283
f 1383 1381 285
f 4241 1381 1383
f 4241 1383 5397
f 3691 4020 5398
f 3691 5402 4020
f 5402 4242 4020
f 5402 4246 4242
f 5403 4467 4247
f 4247 4467 4465
f 4243 4465 4467
f 4243 4467 5399
f 7997 4244 5400
f 7997 5400 7999
f 436 115 5404
f 115 7999 5404
f 115 7997 7999
f 436 4248 115
f 5405 179 4249
f 4249 179 177
f 179 5401 1663
f 1283 179 1663
f 177 179 1283
f 1663 4245 1283
f 4807 4246 5402
f 4807 5402 4809
f 4809 5406 4807
f 4807 5406 4250
f 5407 3365 4251
f 4251 3365 3363
f 4247 3363 3365
f 4247 3365 5403
f 117 436 5404
f 1231 4248 436
f 117 1231 436
f 1233 1231 117
f 1233 5408 1231
f 1231 5408 4252
f 5409 8069 8455
f 4253 8455 8069
f 5405 4253 8069
f 4249 4253 5405
f 4250 5410 4254
f 5406 5410 4250
f 5411 1141 1485
f 1485 1141 4255
f 1141 2273 4255
f 1141 2275 2273
f 4251 2273 2275
f 4251 2275 5407
f 2375 4252 5408
f 2375 5408 2377
f 2377 5412 2375
f 2375 5412 4256
f 8457 5413 8455
f 8455 5413 5409
f 8455 4253 4257
f 8455 4257 8457
f 4254 5414 4258
f 5410 5414 4254
f 5415 31 397
f 5411 1485 31
f 31 1485 397
f 1485 1139 397
f 1139 4259 397
f 1485 4255 1139
f 3467 4256 5412
f 3467 5412 3469
f 3469 5416 3467
f 3467 5416 4260
f 8459 5417 8457
f 8457 5417 5413
f 8457 4257 4261
f 8457 4261 8459
f 4258 5418 4262
f 5414 5418 4258
f 5419 7915 4263
f 4263 7915 7913
f 7915 5415 397
f 29 7915 397
f 7913 7915 29
f 397 4259 29
f 5416 4565 4949
f 4264 5416 4949
f 4260 5416 4264
f 4565 5420 4949
f 8459 8070 5417
f 561 5421 178
f 178 5421 4261
f 5421 8070 4261
f 8070 8459 4261
f 4265 561 178
f 4810 5422 5182
f 5182 4266 4810
f 4266 5418 4810
f 4266 4262 5418
f 5423 6739 7121
f 4267 7121 6739
f 5419 4267 6739
f 4263 4267 5419
f 4957 4268 4264
f 4957 4264 4949
f 4949 5420 4957
f 4957 5420 5424
f 561 180 5421
f 1675 5425 1284
f 1284 5425 4265
f 5425 180 4265
f 180 561 4265
f 4269 1675 1284
f 3692 5426 4034
f 5182 5422 3692
f 5182 3692 4034
f 4808 5182 4034
f 4270 4808 4034
f 4266 5182 4808
f 6737 4271 7121
f 4271 5423 7121
f 4271 5427 5423
f 7121 4267 6737
f 4963 4272 4268
f 4963 4268 4957
f 4957 5424 4963
f 4963 5424 5428
f 1675 1286 5425
f 4269 2422 1675
f 2422 1286 1675
f 2422 2424 1286
f 3528 2424 2422
f 3528 3530 2424
f 5429 3530 3528
f 5429 3528 4273
f 2586 5430 2902
f 4034 5426 2586
f 4034 2586 2902
f 3690 4034 2902
f 4274 3690 2902
f 4270 4034 3690
f 5431 4271 4275
f 5431 5427 4271
f 2376 2697 4276
f 3468 3835 2697
f 3468 2697 2376
f 4963 4566 4272
f 4272 4566 3468
f 4566 5432 3468
f 5432 3835 3468
f 4963 5428 4566
f 4273 4644 5429
f 5429 4644 4646
f 5806 4646 4644
f 5806 5808 4646
f 5433 5808 5806
f 5433 5806 4277
f 1456 5434 4278
f 1456 4278 1454
f 5430 1456 2902
f 1456 2584 2902
f 1456 1454 2584
f 4274 2902 2584
f 7133 5435 6738
f 5435 4275 6738
f 5435 5431 4275
f 4279 7133 6738
f 2703 4280 4276
f 2703 4276 2697
f 5436 2703 3470
f 2703 3835 3470
f 2703 2697 3835
f 3835 5432 3470
f 4277 6980 5433
f 5433 6980 6982
f 5437 6982 6980
f 5437 6980 4281
f 358 5438 4282
f 358 4282 356
f 356 4278 358
f 358 4278 5434
f 7133 6740 5435
f 8307 5439 7914
f 7914 5439 4279
f 5439 6740 4279
f 6740 7133 4279
f 4283 8307 7914
f 1232 1577 4284
f 2703 2378 4280
f 4280 2378 1232
f 2378 5440 1232
f 5440 1577 1232
f 2703 5436 2378
f 8553 5441 8168
f 5441 4281 8168
f 5441 5437 4281
f 4285 8553 8168
f 2512 2873 4286
f 3620 5442 2873
f 2512 3620 2873
f 3618 3620 2512
f 4736 3620 3618
f 4736 4738 3620
f 5876 4738 4736
f 5876 5878 4738
f 7052 5878 5876
f 7052 7054 5878
f 8238 7054 7052
f 8238 8240 7054
f 8238 4282 8240
f 8240 4282 5438
f 8307 7916 5439
f 415 5443 30
f 30 5443 4283
f 5443 7916 4283
f 7916 8307 4283
f 4287 415 30
f 7998 8367 4288
f 116 473 8367
f 116 8367 7998
f 1577 1234 4284
f 4284 1234 116
f 1234 5444 116
f 5444 473 116
f 1577 5440 1234
f 8553 8170 5441
f 4285 284 8553
f 284 8170 8553
f 284 286 8170
f 1382 286 284
f 1382 1384 286
f 2873 2514 4286
f 2514 1382 4286
f 2514 1384 1382
f 2873 5442 2514
f 417 5445 415
f 415 5445 5443
f 415 4287 1140
f 1511 415 1140
f 417 415 1511
f 4289 1511 1140
f 6822 7201 4290
f 7201 6822 4288
f 8367 7201 4288
f 8371 7201 8367
f 5446 8371 118
f 8371 473 118
f 8371 8367 473
f 473 5444 118
f 419 5447 417
f 417 5447 5445
f 417 1515 419
f 417 1511 1515
f 1511 4289 2274
f 2631 1511 2274
f 1515 1511 2631
f 3364 3749 2631
f 3364 2631 2274
f 4466 4869 3749
f 4466 3749 3364
f 5646 6019 4869
f 5646 4869 4466
f 6019 5646 4290
f 7201 6019 4290
f 7205 6019 7201
f 7201 8375 7205
f 7201 8371 8375
f 8371 5446 8375
f 8375 5446 5448
f 419 32 5447
f 32 419 5449
f 419 1519 5449
f 419 1515 1519
f 1515 2635 1519
f 1515 2631 2635
f 2631 3753 2635
f 2631 3749 3753
f 3749 4873 3753
f 3749 4869 4873
f 4869 6023 4873
f 4869 6019 6023
f 6019 7209 6023
f 6019 7205 7209
f 7205 8379 7209
f 7205 8375 8379
f 8375 5448 8379
f 8379 5448 5450
f 1519 1142 5449
f 1142 1519 5451
f 1519 2639 5451
f 1519 2635 2639
f 2635 3757 2639
f 2635 3753 3757
f 3753 4877 3757
f 3753 4873 4877
f 4873 6027 4877
f 4873 6023 6027
f 6023 7213 6027
f 6023 7209 7213
f 7209 8383 7213
f 7209 8379 8383
f 8379 5450 8383
f 8383 5450 5452
f 2639 2276 5451
f 2276 2639 5453
f 2639 3761 5453
f 2639 3757 3761
f 3757 4881 3761
f 3757 4877 4881
f 4877 6031 4881
f 4877 6027 6031
f 6027 7217 6031
f 6027 7213 7217
f 7213 8385 7217
f 7213 8383 8385
f 8383 5452 8385
f 8385 5452 5454
f 3763 5455 3761
f 3761 5455 5453
f 3761 4885 3763
f 3761 4881 4885
f 4881 6035 4885
f 4881 6031 6035
f 6031 7219 6035
f 6031 7217 7219
f 7217 8387 7219
f 7217 8385 8387
f 8385 5454 8387
f 8387 5454 5456
f 3763 3366 5455
f 3366 3763 5457
f 3763 4887 5457
f 3763 4885 4887
f 4885 6037 4887
f 4885 6035 6037
f 6035 7221 6037
f 6035 7219 7221
f 5458 7221 8000
f 7221 8387 8000
f 7221 7219 8387
f 8387 5456 8000
f 4887 4468 5457
f 4468 4887 5648
f 5648 4887 6037
f 5648 6037 6824
f 6824 6037 7221
f 7221 5458 6824
f 5459 2441 2759
f 2759 2441 3893
f 3893 2441 3547
f 3893 3547 5035
f 5035 3547 4663
f 4663 5460 5035
f 5461 1303 1639
f 5459 2759 1303
f 1303 2759 1639
f 2759 2439 1639
f 2439 4291 1639
f 3893 3545 2439
f 3893 2439 2759
f 5035 4661 3545
f 5035 3545 3893
f 5460 5823 6173
f 5460 6173 4292
f 5035 5460 4292
f 4661 5035 4292
f 5823 5462 6173
f 5463 199 537
f 5461 1639 199
f 199 1639 537
f 1639 1301 537
f 1301 4293 537
f 1639 4291 1301
f 6173 5821 4292
f 5462 6999 7347
f 5462 7347 4294
f 6173 5462 4294
f 5821 6173 4294
f 6999 5464 7347
f 195 4295 537
f 4295 5463 537
f 4295 5465 5463
f 537 4293 195
f 7347 6995 4294
f 7347 5464 6995
f 5464 4296 6995
f 5464 5466 4296
f 5467 4295 4297
f 5467 5465 4295
f 8183 4296 5466
f 8183 5466 8187
f 8187 299 8183
f 303 299 8187
f 4298 299 1715
f 299 1401 1715
f 299 303 1401
f 1715 1401 2829
f 2829 1401 2529
f 2829 2529 3963
f 3963 2529 3635
f 3963 3635 5111
f 5111 3635 4753
f 5111 4753 6247
f 6247 4753 5893
f 5893 5468 6247
f 543 5469 196
f 5469 4297 196
f 5469 5467 4297
f 4299 543 196
f 1715 1397 4298
f 2829 2527 1397
f 2829 1397 1715
f 3963 3633 2527
f 3963 2527 2829
f 5113 4300 3633
f 3963 5113 3633
f 5111 5113 3963
f 5111 6249 5113
f 5111 6247 6249
f 7069 7421 5468
f 7421 6247 5468
f 7421 6249 6247
f 7069 5470 7421
f 543 200 5469
f 5471 200 543
f 4299 5471 543
f 4301 5471 4299
f 5113 4751 4300
f 6249 5891 4751
f 6249 4751 5113
f 7421 7067 5891
f 7421 5891 6249
f 7421 5470 7067
f 5470 4302 7067
f 5470 5472 4302
f 5473 4301 4303
f 5473 5471 4301
f 5474 8574 8253
f 4302 5474 8253
f 5472 5474 4302
f 8574 4304 8253
f 5475 4303 4305
f 5475 5473 4303
f 8255 8574 5474
f 8255 5476 8574
f 5476 4304 8574
f 5476 4306 4304
f 5477 4305 4307
f 5477 5475 4305
f 4306 5478 4308
f 5476 5478 4306
f 5479 4307 4309
f 5479 5477 4307
f 4308 5480 4310
f 5478 5480 4308
f 5481 201 4311
f 4311 201 197
f 4309 197 201
f 4309 201 5479
f 4310 5482 4312
f 5480 5482 4310
f 8450 8085 4313
f 4311 8085 8450
f 5483 4311 8450
f 5481 4311 5483
f 4312 5484 4314
f 5482 5484 4312
f 5485 1269 4315
f 4315 1269 1267
f 1269 2405 1267
f 2407 2405 1269
f 2407 3499 2405
f 3501 3499 2407
f 4988 4597 5486
f 4597 3501 5486
f 4597 3499 3501
f 4988 4316 4597
f 7292 6909 4317
f 8087 8450 4313
f 8087 4313 6909
f 5487 8087 6909
f 7292 5487 6909
f 5483 8450 8087
f 4314 5488 4318
f 5484 5488 4314
f 5489 167 4319
f 4319 167 165
f 4315 165 167
f 4315 167 5485
f 4599 4988 5486
f 5747 4316 4988
f 4599 5747 4988
f 5749 5747 4599
f 6911 7292 4317
f 5747 6911 4317
f 5749 6911 5747
f 5487 7292 6911
f 8256 5490 4320
f 8256 4320 8254
f 8254 4318 8256
f 8256 4318 5488
f 6082 5727 4321
f 5491 6891 6082
f 6891 5727 6082
f 6891 6889 5727
f 6891 8061 6889
f 8063 8061 6891
f 4319 8061 8063
f 4319 8063 5489
f 7070 5492 7442
f 7442 4322 7070
f 4322 5490 7070
f 4322 4320 5490
f 4934 4579 4323
f 5729 6082 4321
f 5729 4321 4579
f 5493 5729 4579
f 4934 5493 4579
f 5491 6082 5729
f 7000 5494 7388
f 7000 7388 8540
f 7000 8540 8188
f 8188 8540 638
f 8188 638 304
f 304 638 1748
f 304 1748 1402
f 1402 1748 2860
f 1402 2860 2530
f 2530 2860 3992
f 2530 3992 3636
f 3636 3992 5140
f 3636 5140 4754
f 4754 5140 4324
f 5892 4754 4324
f 5894 4754 5892
f 5492 5894 7442
f 5894 7068 7442
f 5894 5892 7068
f 4322 7442 7068
f 3810 3483 4325
f 4581 4934 4323
f 4581 4323 3483
f 5495 4581 3483
f 3810 5495 3483
f 5493 4934 4581
f 5824 5496 6218
f 7388 5494 5824
f 7388 5824 6218
f 6996 7388 6218
f 4326 6996 6218
f 8184 8540 6996
f 6996 8540 7388
f 300 638 8184
f 8184 638 8540
f 1398 1748 300
f 300 1748 638
f 2528 2860 1398
f 1398 2860 1748
f 3634 3992 2528
f 2528 3992 2860
f 4752 5140 3634
f 3634 5140 3992
f 4324 5140 4752
f 2684 2391 4327
f 2391 2684 4325
f 2684 3810 4325
f 2684 3816 3810
f 5495 3810 3816
f 5495 3816 5497
f 5498 6220 6218
f 5498 6218 5496
f 4326 6218 4328
f 4328 6218 6220
f 4329 2688 4327
f 4327 2688 2684
f 3824 2684 2688
f 3816 2684 3824
f 5497 3816 3824
f 5497 3824 5499
f 5500 6222 6220
f 5500 6220 5498
f 4328 6220 4330
f 4330 6220 6222
f 4331 2692 4329
f 4329 2692 2688
f 3830 2688 2692
f 3824 2688 3830
f 5499 3824 3830
f 5499 3830 5501
f 5502 6224 6222
f 5502 6222 5500
f 4330 6222 4332
f 4332 6222 6224
f 4333 2698 4331
f 4331 2698 2692
f 3836 2692 2698
f 3830 2692 3836
f 5501 3830 3836
f 5501 3836 5503
f 5825 6224 5502
f 5504 7400 6997
f 5504 6997 4332
f 5825 5504 4332
f 6224 5825 4332
f 8550 8185 7400
f 7400 8185 6997
f 648 301 8550
f 8550 301 8185
f 648 4334 301
f 4335 2704 4333
f 4333 2704 2698
f 3840 2698 2704
f 3836 2698 3840
f 5503 3836 3840
f 5503 3840 5505
f 7001 7400 5504
f 7400 7001 8189
f 7400 8189 8550
f 8550 8189 5506
f 650 8550 5506
f 648 8550 650
f 4334 648 4336
f 4336 648 650
f 4337 2708 4335
f 4335 2708 2704
f 3844 2704 2708
f 3840 2704 3844
f 5505 3840 3844
f 5505 3844 5507
f 305 650 5506
f 5508 1762 1399
f 5508 1399 4336
f 305 5508 4336
f 650 305 4336
f 1762 4338 1399
f 2392 2708 4337
f 4339 3848 2392
f 3848 2708 2392
f 3848 3844 2708
f 5507 3844 3848
f 5507 3848 5509
f 5510 1764 1762
f 5510 1762 5508
f 4338 1762 4340
f 4340 1762 1764
f 2716 2393 4341
f 3485 3848 4339
f 3485 4339 2393
f 5511 3485 2393
f 2716 5511 2393
f 5509 3848 3485
f 306 5512 656
f 1764 5510 306
f 1764 306 656
f 1400 1764 656
f 4342 1400 656
f 4340 1764 1400
f 2632 2289 4343
f 3750 3379 2632
f 2632 3379 2289
f 4870 4481 3750
f 3750 4481 3379
f 6020 5661 4870
f 4870 5661 4481
f 7206 6837 6020
f 6020 6837 5661
f 8376 8013 7206
f 7206 8013 6837
f 482 131 8376
f 8376 131 8013
f 482 4344 131
f 4345 2720 4341
f 4341 2720 2716
f 5511 2716 2720
f 5511 2720 5513
f 8190 5514 8560
f 656 5512 8190
f 656 8190 8560
f 302 656 8560
f 4346 302 8560
f 4342 656 302
f 4347 2636 4343
f 4343 2636 2632
f 3754 2632 2636
f 3750 2632 3754
f 4874 3750 3754
f 4870 3750 4874
f 6024 4870 4874
f 6020 4870 6024
f 7210 6020 6024
f 7206 6020 7210
f 8380 7206 7210
f 8376 7206 8380
f 486 8376 8380
f 482 8376 486
f 4344 482 1247
f 482 1594 1247
f 482 486 1594
f 1247 1594 4345
f 1594 2720 4345
f 1594 2722 2720
f 3856 3486 5513
f 2720 3856 5513
f 2722 3856 2720
f 5515 3486 3856
f 5516 8562 8560
f 5516 8560 5514
f 4346 8560 4348
f 4348 8560 8562
f 4349 2640 4347
f 4347 2640 2636
f 3758 2636 2640
f 3754 2636 3758
f 3758 5517 4483
f 4874 3758 4483
f 3754 3758 4874
f 4874 4483 5663
f 4874 5663 6024
f 6024 5663 6839
f 6024 6839 7210
f 7210 6839 5518
f 8384 7210 5518
f 8380 7210 8384
f 488 8380 8384
f 486 8380 488
f 1248 1594 4350
f 1594 488 4350
f 1594 486 488
f 2394 2722 1248
f 1248 2722 1594
f 3484 3856 2394
f 2394 3856 2722
f 3856 3484 5515
f 3484 4582 5515
f 3484 4580 4582
f 4580 4351 6120
f 5730 4580 6120
f 4582 4580 5730
f 5519 5730 6120
f 7002 5520 7414
f 8562 5516 7002
f 8562 7002 7414
f 8186 8562 7414
f 4352 8186 7414
f 4348 8562 8186
f 2290 2640 4349
f 4353 3762 2290
f 3762 2640 2290
f 3762 3758 2640
f 5517 3758 3762
f 5517 3762 5521
f 8015 8384 5518
f 8384 8015 5522
f 490 8384 5522
f 488 8384 490
f 4350 488 4354
f 4354 488 490
f 5728 6120 4351
f 6120 5728 5519
f 5728 6892 5519
f 5728 6890 6892
f 8062 6892 6890
f 8062 8064 6892
f 166 8064 8062
f 166 168 8064
f 1268 1637 5523
f 168 1268 5523
f 166 1268 168
f 4355 1637 1268
f 5826 5524 6244
f 7414 5520 5826
f 7414 5826 6244
f 6998 7414 6244
f 4356 6998 6244
f 4352 7414 6998
f 4357 3764 4353
f 4353 3764 3762
f 5521 3762 3764
f 5521 3764 5525
f 5526 492 490
f 5526 490 5522
f 4354 490 4358
f 4358 490 492
f 1637 1270 5523
f 2757 5527 2406
f 2406 5527 4355
f 5527 1270 4355
f 1270 1637 4355
f 4359 2757 2406
f 4662 5105 4360
f 5524 5528 5105
f 5822 5524 5105
f 4662 5822 5105
f 6244 5524 5822
f 4356 6244 5822
f 3380 3764 4357
f 4484 5525 4888
f 4888 5525 4361
f 5525 3764 4361
f 3764 3380 4361
f 5529 4484 4888
f 8016 5530 8390
f 492 5526 8016
f 492 8016 8390
f 132 492 8390
f 4362 132 8390
f 4358 492 132
f 2757 2408 5527
f 4359 3500 2757
f 3500 2408 2757
f 3500 3502 2408
f 4598 5023 5531
f 3502 4598 5531
f 3500 4598 3502
f 4363 5023 4598
f 3546 3959 4364
f 5105 4664 4360
f 4360 4664 3546
f 4664 5532 3546
f 5532 3959 3546
f 5105 5528 4664
f 4482 4888 4361
f 4888 4482 5529
f 4482 5664 5529
f 4482 5662 5664
f 6838 5664 5662
f 6838 6840 5664
f 5530 6840 8390
f 6840 8014 8390
f 6840 6838 8014
f 4362 8390 8014
f 5023 4600 5531
f 4363 5748 5023
f 5748 4600 5023
f 5748 5750 4600
f 6910 7333 5533
f 5750 6910 5533
f 5748 6910 5750
f 8086 8489 7333
f 8086 7333 6910
f 198 589 8489
f 198 8489 8086
f 1302 1701 589
f 1302 589 198
f 2440 2823 1701
f 2440 1701 1302
f 3959 3548 4364
f 4364 3548 2440
f 3548 5534 2440
f 5534 2823 2440
f 3959 5532 3548
f 7333 6912 5533
f 6912 7333 8088
f 8088 7333 8489
f 8088 8489 202
f 202 8489 589
f 202 589 1304
f 1304 589 1701
f 1304 1701 2442
f 2442 1701 2823
f 2823 5534 2442
f 7314 6925 4365
f 8474 8109 7314
f 7314 8109 6925
f 574 225 8474
f 8474 225 8109
f 574 4366 225
f 6146 5763 4367
f 5763 6146 4365
f 6146 7314 4365
f 6146 7316 7314
f 7316 5535 8111
f 8474 7316 8111
f 7314 7316 8474
f 8474 8111 227
f 8474 227 574
f 1325 4366 574
f 227 1325 574
f 1327 1325 227
f 1327 2459 1325
f 2461 2459 1327
f 2461 5536 2459
f 2459 5536 4368
f 4369 6148 4367
f 4367 6148 6146
f 6148 5537 6927
f 7316 6148 6927
f 6146 6148 7316
f 5535 7316 6927
f 4368 5538 4370
f 5536 5538 4368
f 6148 4369 5765
f 4369 5539 5765
f 4369 4371 5539
f 5537 6148 5765
f 3567 4370 5538
f 3567 5538 3569
f 3569 5540 3567
f 3567 5540 4372
f 5541 4371 4373
f 5541 5539 4371
f 4372 5542 4374
f 5540 5542 4372
f 4373 5764 5541
f 5541 5764 5766
f 5543 5766 5764
f 5543 5764 4375
f 4374 5544 4376
f 5542 5544 4374
f 4375 6926 5543
f 5543 6926 6928
f 5545 6928 6926
f 5545 6926 4377
f 4376 5546 4378
f 5544 5546 4376
f 5547 4377 4379
f 5547 5545 4377
f 4378 5548 4380
f 5546 5548 4378
f 4379 8110 5547
f 5547 8110 8112
f 226 8112 8110
f 226 228 8112
f 1326 228 226
f 1326 1328 228
f 2460 1328 1326
f 2460 2462 1328
f 3568 2462 2460
f 3568 3570 2462
f 3568 4380 3570
f 3570 4380 5548
f 6158 5775 4381
f 7328 6941 6158
f 6158 6941 5775
f 8486 8125 7328
f 7328 8125 6941
f 586 241 8486
f 8486 241 8125
f 586 4382 241
f 4383 6162 4381
f 4381 6162 6158
f 7332 6158 6162
f 7328 6158 7332
f 8488 7328 7332
f 8486 7328 8488
f 588 8486 8488
f 586 8486 588
f 4382 586 4384
f 4384 586 588
f 4385 6164 4383
f 4383 6164 6162
f 6164 5549 6943
f 7332 6164 6943
f 6162 6164 7332
f 7332 6943 8127
f 7332 8127 8488
f 8488 8127 5550
f 592 8488 5550
f 588 8488 592
f 4384 588 4386
f 4386 588 592
f 6164 4385 5777
f 4385 5551 5777
f 4385 4387 5551
f 5549 6164 5777
f 243 592 5550
f 5552 1708 1341
f 5552 1341 4386
f 243 5552 4386
f 592 243 4386
f 1708 4388 1341
f 5553 4621 4389
f 4389 4621 4619
f 4387 4619 4621
f 4387 4621 5551
f 1343 1708 5552
f 1343 5554 1708
f 5554 4388 1708
f 5554 4390 4388
f 4622 5553 5034
f 5553 4391 5034
f 5553 4389 4391
f 5555 4622 5034
f 4390 5556 4392
f 5554 5556 4390
f 4620 5034 4391
f 5555 5034 4620
f 4393 5555 4620
f 5557 5555 4393
f 1344 5558 4394
f 1344 4394 1342
f 1342 4392 1344
f 1344 4392 5556
f 4393 5776 5557
f 5557 5776 5778
f 5776 4395 7346
f 6944 5776 7346
f 5778 5776 6944
f 5559 6944 7346
f 244 5560 4396
f 244 4396 242
f 242 4394 244
f 244 4394 5558
f 6942 7346 4395
f 7346 6942 5559
f 6942 8128 5559
f 6942 8126 8128
f 8126 4396 8128
f 8128 4396 5560
f 6325 4493 4897
f 4897 4493 6049
f 6049 4493 5669
f 6049 5669 7233
f 7233 5669 6843
f 6843 6326 7233
f 4899 6327 4897
f 4897 6327 6325
f 4897 6051 4899
f 4897 6049 6051
f 6049 7235 6051
f 6049 7233 7235
f 8017 8399 6326
f 8399 7233 6326
f 8399 7235 7233
f 8017 6328 8399
f 4901 6329 4899
f 4899 6329 6327
f 4899 6053 4901
f 4899 6051 6053
f 6051 7237 6053
f 6051 7235 7237
f 7235 8401 7237
f 7235 8399 8401
f 8399 6328 8401
f 8401 6328 6330
f 4903 6331 4901
f 4901 6331 6329
f 4901 6055 4903
f 4901 6053 6055
f 6053 7239 6055
f 6053 7237 7239
f 6332 7239 8018
f 7239 8401 8018
f 7239 7237 8401
f 8401 6330 8018
f 4903 4494 6331
f 4494 4903 6333
f 4903 6057 6333
f 4903 6055 6057
f 6334 6057 6844
f 6057 7239 6844
f 6057 6055 7239
f 7239 6332 6844
f 6057 5670 6333
f 6057 6334 5670
f 6335 3391 3783
f 3783 3391 4909
f 4909 3391 4495
f 4909 4495 6061
f 6061 4495 5671
f 5671 6336 6061
f 6337 2301 2661
f 6335 3783 2301
f 2301 3783 2661
f 3783 3389 2661
f 3389 5185 2661
f 4909 4491 3389
f 4909 3389 3783
f 6061 5665 4491
f 6061 4491 4909
f 6336 6845 7247
f 6336 7247 5186
f 6061 6336 5186
f 5665 6061 5186
f 6845 6338 7247
f 6339 1165 5187
f 5187 1165 1163
f 1165 6337 2661
f 2299 1165 2661
f 1163 1165 2299
f 2661 5185 2299
f 7247 6841 5186
f 6338 8019 8411
f 6338 8411 5188
f 7247 6338 5188
f 6841 7247 5188
f 8019 6340 8411
f 6341 55 425
f 5189 425 55
f 6339 5189 55
f 5187 5189 6339
f 8413 5190 5188
f 8413 5188 8411
f 8411 6340 8413
f 8413 6340 6342
f 429 6343 425
f 425 6343 6341
f 425 5189 5191
f 425 5191 429
f 6842 7253 5192
f 8413 8020 5190
f 5190 8020 6842
f 8020 6344 6842
f 6344 7253 6842
f 8413 6342 8020
f 431 6345 429
f 429 6345 6343
f 429 5191 5193
f 429 5193 431
f 5666 6071 5194
f 7253 6846 5192
f 5192 6846 5666
f 6846 6346 5666
f 6346 6071 5666
f 7253 6344 6846
f 53 5195 431
f 5195 6345 431
f 5195 6347 6345
f 431 5193 53
f 6075 5196 5194
f 6075 5194 6071
f 6071 6346 6075
f 6075 6346 6348
f 6349 5195 5197
f 6349 6347 5195
f 5196 6075 5672
f 6350 5196 5672
f 5198 5196 6350
f 6075 6348 5672
f 6351 7937 5199
f 5199 7937 7935
f 5197 7935 7937
f 5197 7937 6349
f 5198 6352 5200
f 6350 6352 5198
f 6353 6759 7165
f 5201 7165 6759
f 6351 5201 6759
f 5199 5201 6351
f 5200 6354 5202
f 6352 6354 5200
f 6757 5203 7165
f 5203 6353 7165
f 5203 6355 6353
f 7165 5201 6757
f 5202 6356 5204
f 6354 6356 5202
f 6357 5581 5987
f 5205 5987 5581
f 6355 5205 5581
f 5203 5205 6355
f 5667 5204 6356
f 5667 6356 5673
f 5673 6358 5667
f 5667 6358 5206
f 5991 6359 5987
f 5987 6359 6357
f 5987 5205 5207
f 5987 5207 5991
f 5206 6360 5208
f 6358 6360 5206
f 5995 6361 5991
f 5991 6361 6359
f 5991 5207 5209
f 5991 5209 5995
f 5208 6362 5210
f 6360 6362 5208
f 5995 5582 6361
f 6363 5582 5995
f 5209 6363 5995
f 5211 6363 5209
f 5674 6364 5212
f 5674 5212 5668
f 5668 5210 5674
f 5674 5210 6362
f 6365 5211 5213
f 6365 6363 5211
f 4496 6366 4974
f 4974 5214 4496
f 5214 6364 4496
f 5214 5212 6364
f 6367 5213 5215
f 6367 6365 5213
f 5216 4492 4974
f 6366 5216 4974
f 6368 5216 6366
f 5214 4974 4492
f 6369 5215 5217
f 6369 6367 5215
f 5216 6370 5218
f 6368 6370 5216
f 7203 6371 6758
f 6371 5217 6758
f 6371 6369 5217
f 5219 7203 6758
f 3392 6372 5220
f 3392 5220 3390
f 3390 5218 3392
f 3392 5218 6370
f 7203 6760 6371
f 8377 6373 7936
f 7936 6373 5219
f 6373 6760 5219
f 6760 7203 5219
f 5221 8377 7936
f 2302 6374 5222
f 2302 5222 2300
f 2300 5220 2302
f 2302 5220 6372
f 8377 7938 6373
f 5221 54 8377
f 54 7938 8377
f 54 56 7938
f 1164 56 54
f 1164 1166 56
f 1164 5222 1166
f 1166 5222 6374
f 6375 5691 5223
f 5223 5691 5689
f 5691 6859 5689
f 6861 6859 5691
f 6861 6376 6859
f 6859 6376 5224
f 6377 4519 5225
f 5225 4519 4515
f 5223 4515 4519
f 5223 4519 6375
f 8039 5224 6376
f 8039 6376 8041
f 8041 6378 8039
f 8039 6378 5226
f 6379 3413 5227
f 5227 3413 3409
f 5225 3409 3413
f 5225 3413 6377
f 145 5226 6378
f 145 6378 147
f 147 6380 145
f 145 6380 5228
f 2646 2319 5229
f 5227 2319 2646
f 6381 5227 2646
f 6379 5227 6381
f 1251 5228 6380
f 1251 6380 1253
f 1253 6382 1251
f 1251 6382 5230
f 2646 5229 2323
f 5229 6383 2323
f 5229 5231 6383
f 6381 2646 2323
f 5230 6384 5232
f 6382 6384 5230
f 6385 5231 5233
f 6385 6383 5231
f 5232 6386 5234
f 6384 6386 5232
f 6387 5233 5235
f 6387 6385 5233
f 1254 6388 5236
f 1254 5236 1252
f 1252 5234 1254
f 1254 5234 6386
f 2324 6387 2654
f 6387 5237 2654
f 6387 5235 5237
f 6389 2324 2654
f 148 6390 5238
f 148 5238 146
f 146 5236 148
f 148 5236 6388
f 2320 2654 5237
f 3414 6389 3780
f 3780 6389 5239
f 6389 2654 5239
f 2654 2320 5239
f 3414 3780 4906
f 3414 4906 4520
f 4520 4906 6058
f 4520 6058 5692
f 5692 6058 7242
f 5692 7242 6862
f 6862 7242 5240
f 8040 6862 5240
f 8042 6862 8040
f 8040 5238 8042
f 8042 5238 6390
f 3410 3780 5239
f 4516 4906 3410
f 3410 4906 3780
f 5690 6058 4516
f 4516 6058 4906
f 6860 7242 5690
f 5690 7242 6058
f 5240 7242 6860
f 426 69 5241
f 1534 1185 426
f 426 1185 69
f 2666 2321 1534
f 1534 2321 1185
f 2666 5242 2321
f 6391 7953 5243
f 5243 7953 7951
f 71 426 5241
f 7951 71 5241
f 7953 71 7951
f 426 71 1187
f 426 1187 1534
f 1534 1187 2325
f 1534 2325 2666
f 3411 5242 2666
f 2325 3411 2666
f 3415 3411 2325
f 3415 6392 3411
f 3411 6392 5244
f 6393 6777 5245
f 5245 6777 6773
f 5243 6773 6777
f 5243 6777 6391
f 6394 4922 4517
f 5244 6394 4517
f 6392 6394 5244
f 4922 5246 4517
f 6395 5601 5247
f 5247 5601 5597
f 5245 5597 5601
f 5245 5601 6393
f 4521 4922 6394
f 4521 6396 4922
f 6396 5246 4922
f 6396 5248 5246
f 6397 5247 5249
f 6397 6395 5247
f 5248 6398 5250
f 6396 6398 5248
f 5602 6397 5976
f 6397 5251 5976
f 6397 5249 5251
f 6399 5602 5976
f 4522 6400 5252
f 4522 5252 4518
f 4518 5250 4522
f 4522 5250 6398
f 5598 5976 5251
f 6778 6399 7166
f 7166 6399 5253
f 6399 5976 5253
f 5976 5598 5253
f 6401 6778 7166
f 5252 6402 5254
f 6400 6402 5252
f 5255 7170 5253
f 5253 7170 7166
f 8340 7954 6401
f 7166 8340 6401
f 7170 8340 7166
f 6403 7954 8340
f 3416 6404 5256
f 3416 5256 3412
f 3412 5254 3416
f 3416 5254 6402
f 6774 7170 5255
f 5257 8344 6774
f 8344 7170 6774
f 8344 8340 7170
f 6403 8340 8344
f 6403 8344 6405
f 5256 6406 5258
f 6404 6406 5256
f 5259 8348 5257
f 5257 8348 8344
f 454 72 6405
f 8344 454 6405
f 8348 454 8344
f 72 454 1560
f 72 1560 1188
f 1188 1560 2690
f 1188 2690 2326
f 2690 5260 2326
f 5260 6406 2326
f 5260 5258 6406
f 5261 8352 5259
f 5259 8352 8348
f 458 8348 8352
f 454 8348 458
f 1564 454 458
f 1560 454 1564
f 2694 1560 1564
f 2690 1560 2694
f 5260 2690 5262
f 5262 2690 2694
f 7952 8352 5261
f 70 458 7952
f 7952 458 8352
f 1186 1564 70
f 70 1564 458
f 2322 2694 1186
f 1186 2694 1564
f 5262 2694 2322
f 4860 4423 5263
f 6010 5599 4860
f 4860 5599 4423
f 6010 5264 5599
f 3744 3323 5265
f 3323 3744 5263
f 3744 4860 5263
f 3744 4864 4860
f 6014 4860 4864
f 6010 4860 6014
f 5264 6010 6775
f 6010 7200 6775
f 6010 6014 7200
f 7200 5266 6775
f 2630 2241 5267
f 2241 2630 5265
f 2630 3744 5265
f 2630 3748 3744
f 4868 3744 3748
f 4864 3744 4868
f 6018 4864 4868
f 6014 4864 6018
f 7204 6014 6018
f 7200 6014 7204
f 5266 7200 5268
f 5268 7200 7204
f 5269 2634 5267
f 5267 2634 2630
f 3752 2630 2634
f 3748 2630 3752
f 4872 3748 3752
f 4868 3748 4872
f 6022 4868 4872
f 6018 4868 6022
f 7208 6018 6022
f 7204 6018 7208
f 5268 7204 5270
f 5270 7204 7208
f 2242 2634 5269
f 5271 3756 2242
f 3756 2634 2242
f 3756 3752 2634
f 4876 3752 3756
f 4872 3752 4876
f 6026 4872 4876
f 6022 4872 6026
f 6776 7208 5272
f 7208 6026 5272
f 7208 6022 6026
f 5270 7208 6776
f 3324 3756 5271
f 4424 4876 3324
f 3324 4876 3756
f 5600 6026 4424
f 4424 6026 4876
f 5272 6026 5600
f 6407 5919 6293
f 6293 5919 7461
f 7461 5919 7093
f 7093 6408 7461
f 6409 4779 5273
f 5273 4779 4777
f 4779 6407 6293
f 5917 4779 6293
f 4777 4779 5917
f 7461 7091 5917
f 7461 5917 6293
f 7091 7461 6408
f 8277 7091 6408
f 8275 7091 8277
f 8277 6410 8275
f 8275 6410 5274
f 6411 1425 5275
f 5275 1425 1423
f 1425 2553 1423
f 2555 2553 1425
f 2555 3659 2553
f 3661 3659 2555
f 5273 3659 3661
f 5273 3661 6409
f 379 5274 6410
f 379 6410 381
f 381 6412 379
f 379 6412 5276
f 6413 327 5277
f 5277 327 325
f 5275 325 327
f 5275 327 6411
f 5276 6414 5278
f 6412 6414 5276
f 6415 8209 5279
f 5279 8209 8207
f 5277 8207 8209
f 5277 8209 6413
f 6416 1808 1471
f 5278 6416 1471
f 6414 6416 5278
f 1808 5280 1471
f 6417 5279 5281
f 6417 6415 5279
f 6418 1812 1808
f 6418 1808 6416
f 5280 1808 5282
f 5282 1808 1812
f 6419 5617 5283
f 5283 5617 5615
f 5617 6791 5615
f 6793 6791 5617
f 6793 7967 6791
f 7969 7967 6793
f 7969 85 7967
f 87 85 7969
f 87 1201 85
f 1203 1201 87
f 2668 2345 6420
f 2345 1203 6420
f 2345 1201 1203
f 3792 3437 2668
f 2668 3437 2345
f 3792 5284 3437
f 6421 6955 5285
f 5285 6955 6953
f 6955 8137 6953
f 8139 8137 6955
f 8139 253 8137
f 255 253 8139
f 5286 253 1729
f 253 1353 1729
f 253 255 1353
f 1353 6422 1729
f 6423 5847 5287
f 5287 5847 5845
f 5847 7021 5845
f 7023 7021 5847
f 5281 7021 7023
f 5281 7023 6417
f 5288 1472 1812
f 6418 5288 1812
f 6424 5288 6418
f 5282 1812 1472
f 6425 4437 5289
f 5289 4437 4435
f 5283 4435 4437
f 5283 4437 6419
f 2347 2668 6420
f 2668 2347 3439
f 2668 3439 3792
f 6426 4920 4545
f 6426 4545 5284
f 3439 6426 5284
f 3792 3439 5284
f 4920 5290 4545
f 6427 5789 5291
f 5291 5789 5787
f 5285 5787 5789
f 5285 5789 6421
f 1729 1351 5286
f 1351 1729 6422
f 2483 1351 6422
f 2481 1351 2483
f 2483 3587 2481
f 3589 3587 2483
f 3589 4705 3587
f 4707 4705 3589
f 5287 4705 4707
f 5287 4707 6423
f 382 6428 5292
f 382 5292 380
f 380 5288 382
f 382 5288 6424
f 6429 3335 5293
f 5293 3335 3333
f 5289 3333 3335
f 5289 3335 6425
f 4547 4920 6426
f 6430 6074 5713
f 6430 5713 5290
f 4547 6430 5290
f 4920 4547 5290
f 6074 5294 5713
f 6431 4631 5295
f 5295 4631 4629
f 5291 4629 4631
f 5291 4631 6427
f 8278 6432 8628
f 8628 5296 8278
f 5296 6428 8278
f 5296 5292 6428
f 6433 5293 5297
f 6433 6429 5293
f 6434 6078 6074
f 6434 6074 6430
f 5294 6074 5298
f 5298 6074 6078
f 3922 3517 5299
f 5295 3517 3922
f 6435 5295 3922
f 6431 5295 6435
f 7094 6436 7480
f 8628 6432 7094
f 8628 7094 7480
f 8276 8628 7480
f 5300 8276 7480
f 5296 8628 8276
f 6437 2245 5301
f 5301 2245 2243
f 5297 2243 2245
f 5297 2245 6433
f 6438 6080 6078
f 6438 6078 6434
f 5298 6078 5302
f 5302 6078 6080
f 3922 5299 3519
f 5299 6439 3519
f 5299 5303 6439
f 6435 3922 3519
f 5920 6440 5304
f 5920 5304 5918
f 6436 5920 7480
f 5920 7092 7480
f 5920 5918 7092
f 5300 7480 7092
f 6441 5301 5305
f 6441 6437 5301
f 5306 5714 6080
f 6438 5306 6080
f 6442 5306 6438
f 5302 6080 5714
f 5303 3518 6439
f 6439 3518 3520
f 6443 3520 3518
f 6443 3518 5307
f 4780 6444 5308
f 4780 5308 4778
f 4778 5304 4780
f 4780 5304 6440
f 2607 6445 2244
f 6445 5305 2244
f 6445 6441 5305
f 5309 2607 2244
f 4548 6446 4938
f 4938 5310 4548
f 5310 6442 4548
f 5310 5306 6442
f 5307 4630 6443
f 6443 4630 4632
f 6447 4632 4630
f 6447 4630 5311
f 3660 4029 5312
f 3660 5308 4029
f 5308 6448 4029
f 5308 6444 6448
f 6449 1111 1493
f 6445 2607 1111
f 2607 1493 1111
f 2607 2609 1493
f 2607 5309 5313
f 2607 5313 2609
f 7968 8341 5314
f 86 447 8341
f 86 8341 7968
f 5315 447 86
f 3440 6450 3814
f 4938 6446 3440
f 4938 3440 3814
f 4546 4938 3814
f 5316 4546 3814
f 5310 4938 4546
f 5311 5788 6447
f 6447 5788 5790
f 6954 5790 5788
f 6954 6956 5790
f 8138 6956 6954
f 8138 8140 6956
f 254 641 6451
f 8140 254 6451
f 8138 254 8140
f 5317 641 254
f 2554 2897 5318
f 4029 3662 5312
f 5312 3662 2554
f 3662 6452 2554
f 6452 2897 2554
f 4029 6448 3662
f 6453 1 401
f 6449 1493 1
f 1493 401 1
f 1493 1495 401
f 1493 2611 1495
f 1493 2609 2611
f 2609 5313 3334
f 3717 2609 3334
f 2611 2609 3717
f 4436 4839 3717
f 4436 3717 3334
f 5616 5989 4839
f 5616 4839 4436
f 6792 7175 5989
f 6792 5989 5616
f 8341 7970 5314
f 5314 7970 6792
f 7970 6454 6792
f 6454 7175 6792
f 7970 8341 6455
f 8341 451 6455
f 8341 447 451
f 447 5315 1202
f 1557 447 1202
f 451 447 1557
f 2346 2687 1557
f 2346 1557 1202
f 6450 6456 2687
f 3438 6450 2687
f 2346 3438 2687
f 3814 6450 3438
f 5316 3814 3438
f 641 256 6451
f 5317 1352 641
f 1352 256 641
f 1352 1354 256
f 6457 1354 1352
f 6457 1352 5319
f 1424 1793 5320
f 2897 2556 5318
f 5318 2556 1424
f 2556 6458 1424
f 6458 1793 1424
f 2897 6452 2556
f 6459 6715 7123
f 7123 6715 8297
f 8297 6715 7885
f 6453 401 7885
f 401 8297 7885
f 401 403 8297
f 401 1497 403
f 401 1495 1497
f 1495 2613 1497
f 1495 2611 2613
f 2611 3721 2613
f 2611 3717 3721
f 6460 3721 4438
f 3721 4839 4438
f 3721 3717 4839
f 4438 4839 5618
f 5618 4839 5989
f 5618 5989 6794
f 6794 5989 7175
f 7175 6454 6794
f 451 88 6455
f 88 451 1204
f 1204 451 1557
f 1204 1557 2348
f 2348 1557 2687
f 2687 6456 2348
f 5319 2482 6457
f 6457 2482 2484
f 3588 2484 2482
f 3588 3590 2484
f 4706 3590 3588
f 4706 4708 3590
f 5846 4708 4706
f 5846 5848 4708
f 7022 5848 5846
f 7022 7024 5848
f 8208 7024 7022
f 8208 8210 7024
f 326 8210 8208
f 326 328 8210
f 1793 1426 5320
f 1426 326 5320
f 1426 328 326
f 1793 6458 1426
f 6461 5561 5951
f 6459 7123 5561
f 7123 5951 5561
f 7123 7127 5951
f 7123 8299 7127
f 7123 8297 8299
f 8297 405 8299
f 8297 403 405
f 403 1499 405
f 403 1497 1499
f 1497 2615 1499
f 1497 2613 2615
f 6462 2615 3336
f 2615 3721 3336
f 2615 2613 3721
f 3721 6460 3336
f 5953 6463 5951
f 5951 6463 6461
f 5951 7131 5953
f 5951 7127 7131
f 7127 8301 7131
f 7127 8299 8301
f 8299 407 8301
f 8299 405 407
f 405 1501 407
f 405 1499 1501
f 6464 1501 2246
f 1501 2615 2246
f 1501 1499 2615
f 2615 6462 2246
f 5953 5562 6463
f 5562 5953 6465
f 5953 7135 6465
f 5953 7131 7135
f 7131 8305 7135
f 7131 8301 8305
f 6466 8305 2
f 8305 407 2
f 8305 8301 407
f 2 407 1112
f 1112 407 1501
f 1501 6464 1112
f 7135 6716 6465
f 6716 7135 7886
f 7886 7135 8305
f 8305 6466 7886
f 7462 7107 5321
f 8612 8291 7462
f 7462 8291 7107
f 8612 5322 8291
f 6296 5933 5323
f 5933 6296 5321
f 6296 7462 5321
f 6296 7464 7462
f 8614 7462 7464
f 8612 7462 8614
f 5322 8612 395
f 8612 698 395
f 8612 8614 698
f 698 5324 395
f 6467 7039 7425
f 7425 7039 8573
f 8573 7039 8225
f 8573 8225 659
f 659 8225 343
f 343 6468 659
f 5158 4793 5325
f 4793 5158 5323
f 5158 6296 5323
f 5158 6298 6296
f 7466 6296 6298
f 7464 6296 7466
f 8616 7464 7466
f 8614 7464 8616
f 700 8614 8616
f 698 8614 700
f 5324 698 5326
f 5326 698 700
f 6469 5863 6257
f 6467 7425 5863
f 5863 7425 6257
f 7425 7037 6257
f 7037 5327 6257
f 8573 8223 7037
f 8573 7037 7425
f 659 341 8223
f 659 8223 8573
f 341 659 6468
f 1441 341 6468
f 1439 341 1441
f 1441 2569 1439
f 2571 2569 1441
f 4012 3675 6470
f 3675 2571 6470
f 3675 2569 2571
f 3675 4012 5325
f 4012 5158 5325
f 4012 5160 5158
f 6300 5158 5160
f 6298 5158 6300
f 7468 6298 6300
f 7466 6298 7468
f 8618 7466 7468
f 8616 7466 8618
f 702 8616 8618
f 700 8616 702
f 5326 700 1483
f 700 1806 1483
f 700 702 1806
f 1806 5328 1483
f 6471 4723 5123
f 6469 6257 4723
f 4723 6257 5123
f 6257 5861 5123
f 5861 5329 5123
f 6257 5327 5861
f 3677 4012 6470
f 4012 3677 4795
f 4012 4795 5160
f 5160 4795 6472
f 6302 5160 6472
f 6300 5160 6302
f 7470 6300 6302
f 7468 6300 7470
f 8620 7468 7470
f 8618 7468 8620
f 704 8618 8620
f 702 8618 704
f 1810 702 704
f 1806 702 1810
f 5328 1806 5330
f 5330 1806 1810
f 5125 6473 5123
f 5123 6473 6471
f 5123 5329 5331
f 5123 5331 5125
f 5935 6302 6472
f 6302 5935 6474
f 7472 6302 6474
f 7470 6302 7472
f 8622 7470 7472
f 8620 7470 8622
f 706 8620 8622
f 704 8620 706
f 1814 704 706
f 1810 704 1814
f 5330 1810 5332
f 5332 1810 1814
f 6475 1369 1731
f 1731 1369 2845
f 2845 1369 2499
f 2845 2499 3979
f 3979 2499 3605
f 6473 5125 3605
f 3605 5125 3979
f 5125 4721 3979
f 4721 5333 3979
f 5125 5331 4721
f 7109 7472 6474
f 7472 7109 6476
f 8624 7472 6476
f 8622 7472 8624
f 708 8622 8624
f 706 8622 708
f 1484 1814 5334
f 1814 708 5334
f 1814 706 708
f 5332 1814 1484
f 6477 271 625
f 6475 1731 271
f 271 1731 625
f 1731 1367 625
f 1367 5335 625
f 2845 2497 1367
f 2845 1367 1731
f 3979 3603 2497
f 3979 2497 2845
f 3979 5333 3603
f 6478 8626 8624
f 6478 8624 6476
f 396 708 5336
f 708 8626 5336
f 708 8624 8626
f 5334 708 396
f 6479 8155 8531
f 6477 625 8155
f 8155 625 8531
f 625 269 8531
f 269 5337 8531
f 625 5335 269
f 5338 8292 8626
f 6478 5338 8626
f 6480 5338 6478
f 5336 8626 8292
f 5970 5631 5339
f 7158 6807 5970
f 5970 6807 5631
f 7158 5340 6807
f 8153 5341 8531
f 5341 6479 8531
f 5341 6481 6479
f 8531 5337 8153
f 5338 6482 5342
f 6480 6482 5338
f 6483 4453 5343
f 5343 4453 4451
f 5633 5970 5339
f 4451 5633 5339
f 4453 5633 4451
f 5970 5633 6809
f 5970 6809 7158
f 7983 5340 7158
f 6809 7983 7158
f 7985 7983 6809
f 438 101 6484
f 101 7985 6484
f 101 7983 7985
f 1544 1217 438
f 438 1217 101
f 1544 5344 1217
f 6485 5341 5345
f 6485 6481 5341
f 5342 6486 5346
f 6482 6486 5342
f 6487 3351 5347
f 5347 3351 3349
f 5343 3349 3351
f 5343 3351 6483
f 103 438 6484
f 438 103 1219
f 438 1219 1544
f 2361 5344 1544
f 1219 2361 1544
f 2363 2361 1219
f 3804 3453 6488
f 3453 2363 6488
f 3453 2361 2363
f 3804 5348 3453
f 6489 6967 5349
f 5349 6967 6965
f 5345 6965 6967
f 5345 6967 6485
f 5346 6490 5350
f 6486 6490 5346
f 6491 1127 1489
f 1489 1127 5351
f 1127 2259 5351
f 1127 2261 2259
f 5347 2259 2261
f 5347 2261 6487
f 3455 3804 6488
f 3455 6492 3804
f 6492 5348 3804
f 6492 5352 5348
f 6493 5349 5353
f 6493 6489 5349
f 7108 7487 5354
f 7108 5350 7487
f 5350 6494 7487
f 5350 6490 6494
f 6495 17 5355
f 5355 17 15
f 17 6491 1489
f 1125 17 1489
f 15 17 1125
f 1489 5351 1125
f 6496 4948 4561
f 5352 6496 4561
f 6492 6496 5352
f 4948 5356 4561
f 6497 5353 5357
f 6497 6493 5353
f 5934 6323 5358
f 7487 7110 5354
f 5354 7110 5934
f 7110 6498 5934
f 6498 6323 5934
f 7487 6494 7110
f 5948 5575 5359
f 6499 6731 5948
f 6731 5575 5948
f 6731 6729 5575
f 6731 7899 6729
f 7901 7899 6731
f 5355 7899 7901
f 5355 7901 6495
f 4563 4948 6496
f 4563 6500 4948
f 6500 5356 4948
f 6500 5360 5356
f 6501 5357 5361
f 6501 6497 5357
f 5358 6323 5936
f 6502 5358 5936
f 5362 5358 6502
f 6323 6498 5936
f 4812 4409 5363
f 5577 5948 5359
f 5577 5359 4409
f 6503 5577 4409
f 4812 6503 4409
f 6499 5948 5577
f 5360 6504 5364
f 6500 6504 5360
f 5361 6966 6501
f 6501 6966 6968
f 6505 6968 6966
f 6505 6966 5365
f 4796 6506 5366
f 4796 5366 4794
f 4794 5362 4796
f 4796 5362 6502
f 3696 3309 5367
f 4411 4812 5363
f 4411 5363 3309
f 6507 4411 3309
f 3696 6507 3309
f 6503 4812 4411
f 4564 6508 5368
f 4564 5368 4562
f 4562 5364 4564
f 4564 5364 6504
f 5365 8154 6505
f 6505 8154 8156
f 6509 8156 8154
f 6509 8154 5369
f 3678 6510 5370
f 3678 5370 3676
f 3676 5366 3678
f 3678 5366 6506
f 5371 3698 5367
f 5367 3698 3696
f 6507 3696 3698
f 6507 3698 6511
f 3456 6512 5372
f 3456 5372 3454
f 3454 5368 3456
f 3456 5368 6508
f 5369 270 6509
f 6509 270 272
f 1368 272 270
f 1368 1370 272
f 2498 1370 1368
f 2498 2500 1370
f 3604 4003 6513
f 2500 3604 6513
f 2498 3604 2500
f 4722 5151 4003
f 4722 4003 3604
f 5862 6287 5151
f 5862 5151 4722
f 7038 7455 6287
f 7038 6287 5862
f 5373 7455 7038
f 2572 6514 5374
f 2572 5374 2570
f 2570 5370 2572
f 2572 5370 6510
f 5375 3700 5371
f 5371 3700 3698
f 6511 3698 3700
f 6511 3700 6515
f 3352 6516 3734
f 3352 3734 5376
f 4452 3352 5376
f 4454 3352 4452
f 5632 4454 4452
f 5632 5634 4454
f 5632 5377 7192
f 6810 5632 7192
f 5634 5632 6810
f 6517 6810 7192
f 2364 6518 5378
f 2364 5378 2362
f 2362 5372 2364
f 2364 5372 6512
f 4003 3606 6513
f 3606 4003 4724
f 4724 4003 5151
f 4724 5151 5864
f 5864 5151 6287
f 5864 6287 7040
f 7040 6287 7455
f 8607 6519 8224
f 8224 6519 5373
f 6519 7040 5373
f 7040 7455 5373
f 342 693 8607
f 342 8607 8224
f 1442 6520 693
f 342 1442 693
f 1440 1442 342
f 1440 5374 1442
f 1442 5374 6514
f 3310 3700 5375
f 4412 6515 4820
f 4820 6515 5379
f 6515 3700 5379
f 3700 3310 5379
f 6521 4412 4820
f 2262 6522 5380
f 2262 5380 2260
f 6516 2262 3734
f 2262 3350 3734
f 2262 2260 3350
f 5376 3734 3350
f 6808 7192 5377
f 7192 6808 6517
f 6808 7986 6517
f 6808 7984 7986
f 102 7986 7984
f 102 104 7986
f 1218 104 102
f 1218 1220 104
f 1218 5378 1220
f 1220 5378 6518
f 8607 8226 6519
f 8226 8607 344
f 344 8607 693
f 693 6520 344
f 4410 4820 5379
f 5578 6521 5960
f 5960 6521 5381
f 6521 4820 5381
f 4820 4410 5381
f 5578 5960 7144
f 5578 7144 6732
f 6732 7144 5382
f 7900 6732 5382
f 7902 6732 7900
f 16 7902 7900
f 16 18 7902
f 1126 18 16
f 1126 1128 18
f 1126 5380 1128
f 1128 5380 6522
f 5576 5960 5381
f 6730 7144 5576
f 5576 7144 5960
f 5382 7144 6730
f 6523 7055 5383
f 5383 7055 7053
f 7055 8239 7053
f 8241 8239 7055
f 8241 6524 8239
f 8239 6524 5384
f 6525 4739 5115
f 5115 4739 5385
f 4739 5877 5385
f 4739 5879 5877
f 5383 5877 5879
f 5383 5879 6523
f 357 5384 6524
f 357 6524 359
f 359 6526 357
f 357 6526 5386
f 6527 3621 3969
f 6525 5115 3621
f 3621 5115 3969
f 5115 4737 3969
f 4737 5387 3969
f 5115 5385 4737
f 1455 5386 6526
f 1455 6526 1457
f 1457 6528 1455
f 1455 6528 5388
f 6529 2515 2837
f 6527 3969 2515
f 2515 3969 2837
f 3969 3619 2837
f 3619 5389 2837
f 3969 5387 3619
f 5388 6530 5390
f 6528 6530 5388
f 2839 6531 2837
f 2837 6531 6529
f 2837 5389 5391
f 2837 5391 2839
f 5390 6532 5392
f 6530 6532 5390
f 6533 1385 1727
f 6531 2839 1385
f 2839 1727 1385
f 2839 2843 1727
f 2839 5391 5393
f 2839 5393 2843
f 5392 6534 5394
f 6532 6534 5392
f 6535 287 621
f 6533 1727 287
f 1727 621 287
f 1727 1733 621
f 1727 2847 1733
f 1727 2843 2847
f 2843 5393 5395
f 2843 5395 2847
f 6536 2884 2585
f 5394 6536 2585
f 6534 6536 5394
f 2884 5396 2585
f 6537 8171 8527
f 6535 621 8171
f 621 8527 8171
f 621 627 8527
f 621 1739 627
f 621 1733 1739
f 2847 2513 5397
f 1739 2847 5397
f 1733 2847 1739
f 2847 5395 2513
f 2587 2884 6536
f 2587 6538 2884
f 6538 5396 2884
f 6538 5398 5396
f 5968 5647 5399
f 7156 6823 5968
f 5968 6823 5647
f 7156 5400 6823
f 6539 181 551
f 551 181 5401
f 181 1285 5401
f 181 1287 1285
f 1287 2423 1285
f 2425 2423 1287
f 2425 3529 2423
f 3531 3529 2425
f 3531 4645 3529
f 4647 4645 3531
f 4647 5807 4645
f 5809 5807 4647
f 5809 6981 5807
f 6983 6981 5809
f 6983 6537 8527
f 8169 6983 8527
f 6981 6983 8169
f 627 285 8169
f 627 8169 8527
f 1739 1383 285
f 1739 285 627
f 1739 5397 1383
f 3691 5398 6538
f 3691 6538 3693
f 3693 6540 3691
f 3691 6540 5402
f 6541 4469 5403
f 5403 4469 4467
f 5649 5968 5399
f 4467 5649 5399
f 4469 5649 4467
f 5968 5649 6825
f 5968 6825 7156
f 6542 8328 7999
f 6542 7999 5400
f 6825 6542 5400
f 7156 6825 5400
f 8328 5404 7999
f 6543 8071 8453
f 6539 551 8071
f 8071 551 8453
f 551 179 8453
f 179 5405 8453
f 551 5401 179
f 6544 5172 4809
f 5402 6544 4809
f 6540 6544 5402
f 5172 5406 4809
f 6545 2277 2599
f 2599 2277 5407
f 2277 3365 5407
f 2277 3367 3365
f 5403 3365 3367
f 5403 3367 6541
f 8001 8328 6542
f 6546 440 117
f 6546 117 5404
f 8001 6546 5404
f 8328 8001 5404
f 1546 1233 440
f 440 1233 117
f 1546 5408 1233
f 8069 5409 8453
f 5409 6543 8453
f 5409 6547 6543
f 8453 5405 8069
f 6548 5176 5172
f 6548 5172 6544
f 5406 5172 5410
f 5410 5172 5176
f 6549 1143 5411
f 5411 1143 1141
f 1143 6545 2599
f 2275 1143 2599
f 1141 1143 2275
f 2599 5407 2275
f 119 440 6546
f 440 119 1235
f 440 1235 1546
f 2377 5408 1546
f 1235 2377 1546
f 2379 2377 1235
f 2379 6550 2377
f 2377 6550 5412
f 6551 5409 5413
f 6551 6547 5409
f 3694 6552 4028
f 5176 6548 3694
f 4028 5176 3694
f 5178 5176 4028
f 5410 5176 5414
f 5414 5176 5178
f 6553 33 5415
f 5415 33 31
f 5411 31 33
f 5411 33 6549
f 3469 5412 6550
f 3469 6550 3471
f 5416 3469 4941
f 3469 4567 4941
f 3469 3471 4567
f 4567 6554 4941
f 6555 5413 5417
f 6555 6551 5413
f 6556 4030 4028
f 6556 4028 6552
f 5180 4028 4030
f 5178 4028 5180
f 5414 5178 5418
f 5418 5178 5180
f 6557 7917 5419
f 5419 7917 7915
f 5415 7915 7917
f 5415 7917 6553
f 4941 4565 5416
f 4941 6554 4565
f 6554 5420 4565
f 6554 6558 5420
f 8461 6559 8070
f 6559 5417 8070
f 6559 6555 5417
f 5421 8461 8070
f 2588 6560 2898
f 4030 6556 2588
f 2898 4030 2588
f 4032 4030 2898
f 4810 5180 5422
f 5180 4032 5422
f 5180 4030 4032
f 5418 5180 4810
f 6561 6741 5423
f 5423 6741 6739
f 5419 6739 6741
f 5419 6741 6557
f 6558 5715 6097
f 5424 6558 6097
f 5420 6558 5424
f 5715 6562 6097
f 8463 6563 8461
f 8461 6563 6559
f 8461 5421 180
f 563 8461 180
f 8463 8461 563
f 5425 563 180
f 6564 2900 2898
f 6564 2898 6560
f 3692 4032 5426
f 4032 2900 5426
f 4032 2898 2900
f 5422 4032 3692
f 6565 5423 5427
f 6565 6561 5423
f 6101 5428 5424
f 6101 5424 6097
f 6097 6562 6101
f 6101 6562 6566
f 8463 8072 6563
f 8072 8463 182
f 182 8463 563
f 5425 1286 563
f 1286 182 563
f 1286 1288 182
f 2424 1288 1286
f 2424 2426 1288
f 3530 2426 2424
f 3530 3532 2426
f 6567 3532 3530
f 6567 3530 5429
f 5430 2586 2900
f 6564 5430 2900
f 6568 5430 6564
f 5426 2900 2586
f 6569 5427 5431
f 6569 6565 5427
f 4566 4967 5432
f 6101 5716 5428
f 5428 5716 4566
f 5716 6570 4566
f 6570 4967 4566
f 6101 6566 5716
f 5429 4646 6567
f 6567 4646 4648
f 5808 6227 6571
f 4648 5808 6571
f 4646 5808 4648
f 5433 6227 5808
f 1458 6572 5434
f 1458 5434 1456
f 1456 5430 1458
f 1458 5430 6568
f 6573 5431 5435
f 6573 6569 5431
f 3470 3839 5436
f 4967 4568 5432
f 5432 4568 3470
f 4568 6574 3470
f 6574 3839 3470
f 4967 6570 4568
f 6575 4585 5005
f 5005 4585 6139
f 6139 4585 5735
f 5735 6576 6139
f 6227 5810 6571
f 7401 6577 6982
f 6982 6577 5433
f 6577 5810 5433
f 5810 6227 5433
f 5437 7401 6982
f 360 6578 5438
f 360 5438 358
f 358 5434 360
f 360 5434 6572
f 5435 6740 6573
f 6573 6740 6742
f 6579 6742 6740
f 6579 6740 5439
f 2378 2707 5440
f 3839 3472 5436
f 5436 3472 2378
f 3472 6580 2378
f 6580 2707 2378
f 3839 6574 3472
f 6581 3487 3877
f 6575 5005 3487
f 5005 3877 3487
f 5005 5007 3877
f 5005 6141 5007
f 5005 6139 6141
f 6897 7311 6576
f 7311 6139 6576
f 7311 6141 6139
f 6897 6582 7311
f 7401 6984 6577
f 6583 6984 7401
f 5437 6583 7401
f 5441 6583 5437
f 3622 6584 5442
f 3622 5442 3620
f 4738 3622 3620
f 4738 4740 3622
f 5878 4740 4738
f 5878 5880 4740
f 7054 5880 5878
f 7054 7056 5880
f 8240 7056 7054
f 8240 8242 7056
f 8240 5438 8242
f 8242 5438 6578
f 8311 6585 7916
f 6585 5439 7916
f 6585 6579 5439
f 5443 8311 7916
f 1234 1581 5444
f 2707 2380 5440
f 5440 2380 1234
f 2380 6586 1234
f 6586 1581 1234
f 2707 6580 2380
f 3879 6587 3877
f 3877 6587 6581
f 3877 5009 3879
f 3877 5007 5009
f 5007 6143 5009
f 5007 6141 6143
f 6141 7313 6143
f 6141 7311 7313
f 7311 6582 7313
f 7313 6582 6588
f 5441 8170 6583
f 6583 8170 8172
f 286 653 6589
f 8172 286 6589
f 8170 286 8172
f 1384 1763 653
f 1384 653 286
f 2516 6590 1763
f 1384 2516 1763
f 2514 2516 1384
f 2514 5442 2516
f 2516 5442 6584
f 8313 6591 8311
f 8311 6591 6585
f 8311 5443 5445
f 8311 5445 8313
f 118 477 5446
f 1581 1236 5444
f 5444 1236 118
f 1236 6592 118
f 6592 477 118
f 1581 6586 1236
f 3881 6593 3879
f 3879 6593 6587
f 3879 5011 3881
f 3879 5009 5011
f 5009 6145 5011
f 5009 6143 6145
f 6143 7315 6145
f 6143 7313 7315
f 7313 6588 7315
f 7315 6588 6594
f 653 288 6589
f 288 653 1386
f 1386 653 1763
f 1763 6590 1386
f 8315 6595 8313
f 8313 6595 6591
f 8313 5445 5447
f 8313 5447 8315
f 481 5448 5446
f 481 5446 477
f 477 6592 481
f 481 6592 6596
f 3881 3488 6593
f 3488 3881 6597
f 3881 5013 6597
f 3881 5011 5013
f 5011 6147 5013
f 5011 6145 6147
f 6145 7317 6147
f 6145 7315 7317
f 8073 8477 6594
f 8477 7315 6594
f 8477 7317 7315
f 8073 6598 8477
f 8315 7918 6595
f 421 6599 32
f 32 6599 5447
f 6599 7918 5447
f 7918 8315 5447
f 5449 421 32
f 485 5450 5448
f 485 5448 481
f 481 6596 485
f 485 6596 6600
f 5015 6601 5013
f 5013 6601 6597
f 5013 6149 5015
f 5013 6147 6149
f 6147 7319 6149
f 6147 7317 7319
f 7317 8479 7319
f 7317 8477 8479
f 8477 6598 8479
f 8479 6598 6602
f 421 34 6599
f 1521 6603 1142
f 1142 6603 5449
f 6603 34 5449
f 34 421 5449
f 5451 1521 1142
f 487 5452 5450
f 487 5450 485
f 485 6600 487
f 487 6600 6604
f 5015 4586 6601
f 4586 5015 6605
f 5015 6151 6605
f 5015 6149 6151
f 6149 7321 6151
f 6149 7319 7321
f 6606 7321 8074
f 7321 8479 8074
f 7321 7319 8479
f 8479 6602 8074
f 1521 1144 6603
f 2641 6607 2276
f 2276 6607 5451
f 6607 1144 5451
f 1144 1521 5451
f 5453 2641 2276
f 489 5454 5452
f 489 5452 487
f 487 6604 489
f 489 6604 6608
f 6151 5736 6605
f 5736 6151 6898
f 6898 6151 7321
f 7321 6606 6898
f 2643 6609 2641
f 2641 6609 6607
f 2641 5453 5455
f 2641 5455 2643
f 491 5456 5454
f 491 5454 489
f 489 6608 491
f 491 6608 6610
f 2643 2278 6609
f 3765 6611 3366
f 3366 6611 5455
f 6611 2278 5455
f 2278 2643 5455
f 5457 3765 3366
f 8000 8389 5458
f 491 120 5456
f 5456 120 8000
f 120 6612 8000
f 6612 8389 8000
f 491 6610 120
f 3765 3368 6611
f 5457 4468 3765
f 4468 3368 3765
f 4468 4470 3368
f 5648 6039 6613
f 4470 5648 6613
f 4468 5648 4470
f 6826 6614 6039
f 5648 6826 6039
f 6824 6826 5648
f 8389 8002 5458
f 8002 6824 5458
f 8002 6826 6824
f 8389 6612 8002
f 6039 5650 6613
f 6039 6614 5650
f 6615 2443 5459
f 5459 2443 2441
f 2443 3547 2441
f 3549 3547 2443
f 3549 4663 3547
f 4665 4663 3549
f 4665 6616 4663
f 4663 6616 5460
f 6617 1305 5461
f 5461 1305 1303
f 5459 1303 1305
f 5459 1305 6615
f 5823 5460 6616
f 5823 6616 5827
f 5827 6618 5823
f 5823 6618 5462
f 6619 203 5463
f 5463 203 199
f 5461 199 203
f 5461 203 6617
f 6999 5462 6618
f 6999 6618 7003
f 7003 6620 6999
f 6999 6620 5464
f 6621 8089 8445
f 5465 8445 8089
f 6619 5465 8089
f 5463 5465 6619
f 6620 8191 8505
f 5466 6620 8505
f 5464 6620 5466
f 8191 6622 8505
f 6623 2531 2827
f 2827 2531 3961
f 3961 2531 3637
f 3961 3637 5109
f 5109 3637 4755
f 5109 4755 6245
f 6245 4755 5895
f 5895 6624 6245
f 8447 6625 8445
f 8445 6625 6621
f 8445 5465 5467
f 8445 5467 8447
f 8505 8187 5466
f 8187 8505 6622
f 307 8187 6622
f 303 8187 307
f 307 1401 303
f 1403 1401 307
f 1403 6623 2827
f 2529 1403 2827
f 1401 1403 2529
f 3961 3635 2529
f 3961 2529 2827
f 5109 4753 3635
f 5109 3635 3961
f 6245 5893 4753
f 6245 4753 5109
f 6624 7071 7417
f 6624 7417 5468
f 6245 6624 5468
f 5893 6245 5468
f 7071 6626 7417
f 8447 8090 6625
f 6627 8090 8447
f 5467 6627 8447
f 5469 6627 5467
f 7417 7069 5468
f 6626 8257 8567
f 6626 8567 5470
f 7417 6626 5470
f 7069 7417 5470
f 8257 6628 8567
f 5469 200 6627
f 6627 200 204
f 6629 204 200
f 6629 200 5471
f 8571 5472 5470
f 8571 5470 8567
f 8567 6628 8571
f 8571 6628 6630
f 6631 5471 5473
f 6631 6629 5471
f 8575 5474 5472
f 8575 5472 8571
f 8571 6630 8575
f 8575 6630 6632
f 6633 5473 5475
f 6633 6631 5473
f 8575 8255 5474
f 8575 6632 8255
f 6632 5476 8255
f 6632 6634 5476
f 6635 5475 5477
f 6635 6633 5475
f 5476 6636 5478
f 6634 6636 5476
f 6637 5477 5479
f 6637 6635 5477
f 5478 6638 5480
f 6636 6638 5478
f 548 201 5481
f 5479 201 548
f 6639 5479 548
f 6637 5479 6639
f 5480 6640 5482
f 6638 6640 5480
f 548 5481 205
f 5481 6641 205
f 5481 5483 6641
f 6639 548 205
f 5482 6642 5484
f 6640 6642 5482
f 6643 1271 5485
f 5485 1271 1269
f 1271 2407 1269
f 2409 2407 1271
f 3858 3501 6644
f 3501 2409 6644
f 3501 2407 2409
f 3858 5486 3501
f 8452 8087 5487
f 5483 8087 8452
f 6645 5483 8452
f 6641 5483 6645
f 8258 6646 8588
f 8588 5488 8258
f 5488 6642 8258
f 5488 5484 6642
f 6647 169 5489
f 5489 169 167
f 5485 167 169
f 5485 169 6643
f 3503 3858 6644
f 4599 5486 3858
f 3503 4599 3858
f 4601 4599 3503
f 4601 5749 4599
f 5751 5749 4601
f 7294 6911 6648
f 6911 5751 6648
f 6911 5749 5751
f 8091 8452 5487
f 8091 5487 6911
f 6649 8091 6911
f 7294 6649 6911
f 6645 8452 8091
f 5490 8256 8588
f 6646 5490 8588
f 6650 5490 6646
f 5488 8588 8256
f 7260 6891 5491
f 6651 8065 7260
f 8065 6891 7260
f 8065 8063 6891
f 5489 8063 8065
f 5489 8065 6647
f 6913 7294 6648
f 6649 7294 6913
f 1404 6652 1746
f 1404 1746 2858
f 1404 2858 2532
f 2532 2858 3990
f 2532 3990 3638
f 6653 3638 3990
f 5896 6654 6274
f 5896 6274 5492
f 7070 5896 5492
f 7072 5896 7070
f 7070 5490 7072
f 7072 5490 6650
f 6086 5729 5493
f 6893 7260 5491
f 6893 5491 5729
f 6655 6893 5729
f 6086 6655 5729
f 6651 7260 6893
f 5828 6656 6214
f 5828 6214 5494
f 7000 5828 5494
f 7004 5828 7000
f 8188 7004 7000
f 8188 8192 7004
f 304 8192 8188
f 304 308 8192
f 6652 308 1746
f 308 1402 1746
f 308 304 1402
f 2530 2858 1402
f 1402 2858 1746
f 3636 3990 2530
f 2530 3990 2858
f 3990 3636 6653
f 3636 4756 6653
f 3636 4754 4756
f 6654 4756 6274
f 4756 5894 6274
f 4756 4754 5894
f 5492 6274 5894
f 4942 4581 5495
f 5731 6086 5493
f 5731 5493 4581
f 6657 5731 4581
f 4942 6657 4581
f 6655 6086 5731
f 4666 6658 5078
f 6214 6656 4666
f 6214 4666 5078
f 5824 6214 5078
f 5496 5824 5078
f 5494 6214 5824
f 5497 4950 5495
f 5495 4950 4942
f 6657 4942 4950
f 6657 4950 6659
f 6660 5080 5078
f 6660 5078 6658
f 5496 5078 5498
f 5498 5078 5080
f 5499 4958 5497
f 5497 4958 4950
f 6098 5732 6659
f 4950 6098 6659
f 4958 6098 4950
f 6661 5732 6098
f 6662 5082 5080
f 6662 5080 6660
f 5498 5080 5500
f 5500 5080 5082
f 5501 4964 5499
f 5499 4964 4958
f 6102 4958 4964
f 6098 4958 6102
f 6661 6098 6102
f 6661 6102 6663
f 4667 5082 6662
f 4667 6664 5082
f 6664 5500 5082
f 6664 5502 5500
f 5503 4968 5501
f 5501 4968 4964
f 4968 6665 5733
f 6102 4968 5733
f 4964 4968 6102
f 6663 6102 5733
f 6666 6228 5825
f 5502 6666 5825
f 6664 6666 5502
f 6228 5504 5825
f 5505 4972 5503
f 5503 4972 4968
f 6665 4968 4972
f 6665 4972 6667
f 5829 6228 6666
f 6668 7402 7001
f 6668 7001 5504
f 5829 6668 5504
f 6228 5829 5504
f 8552 8189 7402
f 7402 8189 7001
f 8552 5506 8189
f 5507 4976 5505
f 5505 4976 4972
f 6667 4972 4976
f 6667 4976 6669
f 7005 7402 6668
f 7402 7005 6670
f 8554 7402 6670
f 8552 7402 8554
f 5506 8552 305
f 8552 652 305
f 8552 8554 652
f 652 5508 305
f 5509 4980 5507
f 5507 4980 4976
f 6669 4976 4980
f 6669 4980 6671
f 6672 8556 8554
f 6672 8554 6670
f 654 8554 8556
f 652 8554 654
f 5508 652 5510
f 5510 652 654
f 3852 3485 5511
f 4583 4980 5509
f 4583 5509 3485
f 6673 4583 3485
f 3852 6673 3485
f 6671 4980 4583
f 7006 6674 7408
f 8556 6672 7006
f 7408 8556 7006
f 8558 8556 7408
f 306 654 5512
f 654 8558 5512
f 654 8556 8558
f 5510 654 306
f 5513 3854 5511
f 5511 3854 3852
f 6673 3852 3854
f 6673 3854 6675
f 6676 7410 7408
f 6676 7408 6674
f 8190 8558 5514
f 8558 7410 5514
f 8558 7408 7410
f 5512 8558 8190
f 3486 3854 5513
f 4584 6675 4986
f 4986 6675 5515
f 6675 3854 5515
f 3854 3486 5515
f 6677 4584 4986
f 6678 7412 7410
f 6678 7410 6676
f 5514 7410 5516
f 5516 7410 7412
f 4878 4483 5517
f 6028 5663 4878
f 4878 5663 4483
f 7214 6839 6028
f 6028 6839 5663
f 7214 5518 6839
f 4582 4986 5515
f 4986 4582 6677
f 4582 5734 6677
f 4582 5730 5734
f 5730 5519 7290
f 6894 5730 7290
f 5734 5730 6894
f 6679 6894 7290
f 5520 7002 7412
f 6678 5520 7412
f 6680 5520 6678
f 5516 7412 7002
f 5521 4882 5517
f 5517 4882 4878
f 6032 4878 4882
f 6028 4878 6032
f 7218 6028 6032
f 7214 6028 7218
f 5518 7214 8015
f 7214 8386 8015
f 7214 7218 8386
f 8386 5522 8015
f 6892 7290 5519
f 7290 6892 6679
f 6892 8066 6679
f 6892 8064 8066
f 168 535 6681
f 8066 168 6681
f 8064 168 8066
f 5523 535 168
f 5830 6682 5524
f 5830 5524 5826
f 5826 5520 5830
f 5830 5520 6680
f 5525 4886 5521
f 5521 4886 4882
f 6036 4882 4886
f 6032 4882 6036
f 7220 6032 6036
f 7218 6032 7220
f 8388 7218 7220
f 8386 7218 8388
f 5522 8386 5526
f 5526 8386 8388
f 535 170 6681
f 5523 1270 535
f 1270 170 535
f 1270 1272 170
f 6683 1272 1270
f 6683 1270 5527
f 5524 6684 5528
f 6682 6684 5524
f 4484 4886 5525
f 5529 6038 4484
f 6038 4886 4484
f 6038 6036 4886
f 7222 6036 6038
f 7220 6036 7222
f 8016 8388 5530
f 8388 7222 5530
f 8388 7220 7222
f 5526 8388 8016
f 5527 2408 6683
f 6683 2408 2410
f 3502 2410 2408
f 3502 3504 2410
f 6685 3504 3502
f 6685 3502 5531
f 4668 6686 5532
f 4668 5532 4664
f 4664 5528 4668
f 4668 5528 6684
f 5664 6038 5529
f 6840 7222 5664
f 5664 7222 6038
f 5530 7222 6840
f 5531 4600 6685
f 6685 4600 4602
f 5750 4602 4600
f 5750 5752 4602
f 6687 5752 5750
f 6687 5750 5533
f 3550 6688 5534
f 3550 5534 3548
f 3548 5532 3550
f 3550 5532 6686
f 5533 6912 6687
f 6687 6912 6914
f 8088 8493 6689
f 6914 8088 6689
f 6912 8088 6914
f 202 593 8493
f 202 8493 8088
f 1306 6690 593
f 202 1306 593
f 1304 1306 202
f 2442 1306 1304
f 2442 2444 1306
f 2442 5534 2444
f 2444 5534 6688
f 8493 8092 6689
f 8092 8493 206
f 206 8493 593
f 593 6690 206
f 8476 8111 5535
f 6691 229 8476
f 229 8111 8476
f 229 227 8111
f 229 1327 227
f 1329 1327 229
f 2810 2461 6692
f 2461 1329 6692
f 2461 1327 1329
f 2810 5536 2461
f 6693 6929 5537
f 5537 6929 6927
f 8113 8476 5535
f 6927 8113 5535
f 6929 8113 6927
f 6691 8476 8113
f 2463 2810 6692
f 2463 6694 2810
f 6694 5536 2810
f 6694 5538 5536
f 6150 5765 5539
f 5537 5765 6150
f 6695 5537 6150
f 6693 5537 6695
f 3569 5538 6694
f 3569 6694 3571
f 3571 6696 3569
f 3569 6696 5540
f 5541 6152 5539
f 5539 6152 6150
f 6695 6150 6152
f 6695 6152 6697
f 5540 6698 5542
f 6696 6698 5540
f 5766 6152 5541
f 6697 6152 5766
f 5543 6697 5766
f 6699 6697 5543
f 6698 4691 5103
f 5544 6698 5103
f 5542 6698 5544
f 4691 6700 5103
f 7327 6701 6928
f 6701 5543 6928
f 6701 6699 5543
f 5545 7327 6928
f 5107 5546 5544
f 5107 5544 5103
f 5103 6700 5107
f 5107 6700 6702
f 7327 6930 6701
f 6703 6930 7327
f 5545 6703 7327
f 5547 6703 5545
f 5546 5107 4692
f 6704 5546 4692
f 5548 5546 6704
f 5107 6702 4692
f 5547 8112 6703
f 6703 8112 8114
f 228 8114 8112
f 228 230 8114
f 1328 1703 6705
f 230 1328 6705
f 228 1328 230
f 2462 2825 1703
f 2462 1703 1328
f 3572 6706 2825
f 2462 3572 2825
f 3570 3572 2462
f 3570 5548 3572
f 3572 5548 6704
f 1703 1330 6705
f 1330 1703 2464
f 2464 1703 2825
f 2825 6706 2464
f 7336 6943 5549
f 8492 8127 7336
f 7336 8127 6943
f 8492 5550 8127
f 6166 5777 5551
f 6945 7336 5549
f 6945 5549 5777
f 6707 6945 5777
f 6166 6707 5777
f 7336 6945 8129
f 7336 8129 8492
f 243 5550 8492
f 8129 243 8492
f 245 243 8129
f 245 6708 243
f 243 6708 5552
f 5032 4621 5553
f 5779 6166 5551
f 5779 5551 4621
f 6709 5779 4621
f 5032 6709 4621
f 6707 6166 5779
f 6710 1710 1343
f 5552 6710 1343
f 6708 6710 5552
f 1710 5554 1343
f 4622 5032 5553
f 6709 5032 4622
f 5555 6709 4622
f 6711 6709 5555
f 6712 1712 1710
f 6712 1710 6710
f 5554 1710 5556
f 5556 1710 1712
f 5780 6711 6172
f 6711 5557 6172
f 6711 5555 5557
f 6713 5780 6172
f 246 6714 602
f 1712 6712 246
f 1712 246 602
f 1344 1712 602
f 5558 1344 602
f 5556 1712 1344
f 5778 6172 5557
f 6172 5778 6713
f 5778 6946 6713
f 5778 6944 6946
f 6944 5559 8504
f 8130 6944 8504
f 6946 6944 8130
f 602 6714 8130
f 602 8130 8504
f 244 602 8504
f 5560 244 8504
f 5558 602 244
f 8128 8504 5559
f 5560 8504 8128
f 7489 5675 6047
f 6047 5675 7231
f 7231 5675 6847
f 6847 7490 7231
f 7491 4497 6325
f 6325 4497 4493
f 4497 7489 6047
f 5669 4497 6047
f 4493 4497 5669
f 7231 6843 5669
f 7231 5669 6047
f 7490 8021 8397
f 7490 8397 6326
f 7231 7490 6326
f 6843 7231 6326
f 8021 7492 8397
f 7493 3393 3773
f 6327 3773 3393
f 7491 6327 3393
f 6325 6327 7491
f 8397 8017 6326
f 7492 133 499
f 7492 499 6328
f 8397 7492 6328
f 8017 8397 6328
f 133 7494 499
f 3775 7495 3773
f 3773 7495 7493
f 3773 6327 6329
f 3773 6329 3775
f 6328 499 134
f 7496 6328 134
f 6330 6328 7496
f 499 7494 134
f 3777 7497 3775
f 3775 7497 7495
f 3775 6329 6331
f 3775 6331 3777
f 8018 8403 6332
f 8018 6330 8403
f 6330 7498 8403
f 6330 7496 7498
f 3779 7499 3777
f 3777 7499 7497
f 3777 6331 4494
f 4905 3777 4494
f 3779 3777 4905
f 6333 4905 4494
f 6844 7241 6334
f 8403 8022 6332
f 6332 8022 6844
f 8022 7500 6844
f 7500 7241 6844
f 8403 7498 8022
f 3781 7501 3779
f 3779 7501 7499
f 3779 4907 3781
f 3779 4905 4907
f 4905 6333 5670
f 6059 4905 5670
f 4907 4905 6059
f 6059 5670 6334
f 7241 6059 6334
f 7243 6059 7241
f 7241 7500 7243
f 7243 7500 7502
f 7503 2303 2659
f 7501 3781 2303
f 2303 3781 2659
f 3781 3391 2659
f 3391 6335 2659
f 4907 4495 3391
f 4907 3391 3781
f 6059 5671 4495
f 6059 4495 4907
f 7245 6336 5671
f 6059 7245 5671
f 7243 7245 6059
f 7243 7502 7245
f 7245 7502 7504
f 7505 1167 1529
f 7503 2659 1167
f 1167 2659 1529
f 2659 2301 1529
f 2301 6337 1529
f 2659 6335 2301
f 7245 6845 6336
f 7245 7504 6845
f 7504 6338 6845
f 7504 7506 6338
f 1165 6339 1529
f 6339 7505 1529
f 6339 7507 7505
f 1529 6337 1165
f 8019 6338 7506
f 8019 7506 8023
f 8023 7508 8019
f 8019 7508 6340
f 7509 57 6341
f 6341 57 55
f 6339 55 57
f 6339 57 7507
f 6340 7510 6342
f 7508 7510 6340
f 7511 6341 6343
f 7511 7509 6341
f 8020 8415 6344
f 8020 6342 8415
f 6342 7512 8415
f 6342 7510 7512
f 7513 6343 6345
f 7513 7511 6343
f 6846 7255 6346
f 8415 8024 6344
f 6344 8024 6846
f 8024 7514 6846
f 7514 7255 6846
f 8415 7512 8024
f 7515 6345 6347
f 7515 7513 6345
f 6346 7255 6848
f 7516 6346 6848
f 6348 6346 7516
f 7255 7514 6848
f 7517 6347 6349
f 7517 7515 6347
f 5676 7518 6350
f 5676 6350 5672
f 5672 6348 5676
f 5676 6348 7516
f 7519 7939 6351
f 6351 7939 7937
f 6349 7937 7939
f 6349 7939 7517
f 6350 7520 6352
f 7518 7520 6350
f 7521 6761 6353
f 6353 6761 6759
f 6351 6759 6761
f 6351 6761 7519
f 6352 7522 6354
f 7520 7522 6352
f 7523 6353 6355
f 7523 7521 6353
f 6354 7524 6356
f 7522 7524 6354
f 7525 5583 6357
f 6357 5583 5581
f 6355 5581 5583
f 6355 5583 7523
f 5673 6356 7524
f 5673 7524 5677
f 5677 7526 5673
f 5673 7526 6358
f 7527 6357 6359
f 7527 7525 6357
f 6358 7528 6360
f 7526 7528 6358
f 7529 6359 6361
f 7529 7527 6359
f 6360 7530 6362
f 7528 7530 6360
f 5999 7531 5582
f 7531 6361 5582
f 7531 7529 6361
f 6363 5999 5582
f 5678 7532 6364
f 5678 6364 5674
f 5674 6362 5678
f 5678 6362 7530
f 5999 5584 7531
f 7533 5584 5999
f 6363 7533 5999
f 6365 7533 6363
f 4498 7534 6366
f 4498 6366 4496
f 4496 6364 4498
f 4498 6364 7532
f 7535 6365 6367
f 7535 7533 6365
f 3394 7536 3846
f 3846 6368 3394
f 6368 7534 3394
f 6368 6366 7534
f 7537 5585 6013
f 6369 6013 5585
f 7535 6369 5585
f 6367 6369 7535
f 7538 3850 3846
f 7538 3846 7536
f 6368 3846 6370
f 6370 3846 3850
f 6017 7539 6013
f 6013 7539 7537
f 6013 6369 6371
f 6013 6371 6017
f 2304 7540 2718
f 3850 7538 2304
f 3850 2304 2718
f 3392 3850 2718
f 6372 3392 2718
f 6370 3850 3392
f 6021 7541 6017
f 6017 7541 7539
f 6017 6371 6760
f 7207 6017 6760
f 6021 6017 7207
f 6373 7207 6760
f 58 7542 484
f 58 484 1592
f 58 1592 1168
f 2718 7540 1168
f 2718 1168 1592
f 2302 2718 1592
f 6374 2302 1592
f 6372 2718 2302
f 6021 5586 7541
f 5586 6021 6762
f 6762 6021 7207
f 6373 7938 7207
f 7938 6762 7207
f 7938 7940 6762
f 7542 7940 484
f 7940 56 484
f 7940 7938 56
f 1166 1592 56
f 56 1592 484
f 6374 1592 1166
f 7543 5693 6375
f 6375 5693 5691
f 5693 6861 5691
f 6863 6861 5693
f 6863 7544 6861
f 6861 7544 6376
f 7545 4523 6377
f 6377 4523 4519
f 6375 4519 4523
f 6375 4523 7543
f 8041 6376 7544
f 8041 7544 8043
f 8043 7546 8041
f 8041 7546 6378
f 7547 3417 6379
f 6379 3417 3413
f 6377 3413 3417
f 6377 3417 7545
f 147 6378 7546
f 147 7546 149
f 149 7548 147
f 147 7548 6380
f 7549 6379 6381
f 7549 7547 6379
f 1253 6380 7548
f 1253 7548 1255
f 1255 7550 1253
f 1253 7550 6382
f 7551 2327 6383
f 6383 2327 2323
f 6381 2323 2327
f 6381 2327 7549
f 6382 7552 6384
f 7550 7552 6382
f 7553 6383 6385
f 7553 7551 6383
f 6384 7554 6386
f 7552 7554 6384
f 2328 7553 2652
f 7553 6387 2652
f 7553 6385 6387
f 7555 2328 2652
f 1256 7556 6388
f 1256 6388 1254
f 1254 6386 1256
f 1256 6386 7554
f 2324 2652 6387
f 3418 7555 3778
f 3778 7555 6389
f 7555 2652 6389
f 2652 2324 6389
f 7557 3418 3778
f 150 7558 6390
f 150 6390 148
f 148 6388 150
f 150 6388 7556
f 3414 3778 6389
f 3778 3414 7557
f 3414 4524 7557
f 3414 4520 4524
f 5692 4524 4520
f 5692 5694 4524
f 6862 5694 5692
f 6862 6864 5694
f 8042 6864 6862
f 8042 8044 6864
f 8042 6390 8044
f 8044 6390 7558
f 7559 3647 4015
f 4015 3647 5163
f 5163 3647 4765
f 4765 7560 5163
f 7561 2541 2883
f 7559 4015 2541
f 4015 2883 2541
f 4015 4017 2883
f 4015 5165 4017
f 4015 5163 5165
f 5905 6305 7560
f 6305 5163 7560
f 6305 5165 5163
f 5905 7562 6305
f 7563 7955 6391
f 6391 7955 7953
f 7955 71 7953
f 73 71 7955
f 73 1187 71
f 1189 1187 73
f 1189 2325 1187
f 2329 2325 1189
f 3794 3415 7564
f 3415 2329 7564
f 3415 2325 2329
f 3794 6392 3415
f 2885 7565 2883
f 2883 7565 7561
f 2883 4019 2885
f 2883 4017 4019
f 4017 5167 4019
f 4017 5165 5167
f 5165 6307 5167
f 5165 6305 6307
f 6305 7562 6307
f 6307 7562 7566
f 7567 5603 5965
f 5965 5603 6393
f 5603 6777 6393
f 5603 6779 6777
f 6391 6777 6779
f 6391 6779 7563
f 3419 3794 7564
f 3419 7568 3794
f 7568 6392 3794
f 7568 6394 6392
f 2885 2542 7565
f 2542 2885 7569
f 2885 4021 7569
f 2885 4019 4021
f 4019 5169 4021
f 4019 5167 5169
f 7570 5169 5906
f 5169 6307 5906
f 5169 5167 6307
f 6307 7566 5906
f 5601 6395 5965
f 6395 7567 5965
f 6395 7571 7567
f 5965 6393 5601
f 4521 6394 7568
f 4521 7568 4525
f 4525 7572 4521
f 4521 7572 6396
f 4021 3648 7569
f 3648 4021 4766
f 4766 4021 5169
f 5169 7570 4766
f 7573 6395 6397
f 7573 7571 6395
f 6396 7574 6398
f 7572 7574 6396
f 6397 5602 7573
f 7573 5602 5604
f 7575 5604 5602
f 7575 5602 6399
f 4522 4931 6400
f 4522 6398 4931
f 6398 7576 4931
f 6398 7574 7576
f 6399 6778 7575
f 7575 6778 6780
f 7577 6780 6778
f 7577 6778 6401
f 6400 4931 4526
f 7578 6400 4526
f 6402 6400 7578
f 4931 7576 4526
f 6401 7954 7577
f 7577 7954 7956
f 7579 7956 7954
f 7579 7954 6403
f 3416 3813 6404
f 3416 6402 3813
f 6402 7580 3813
f 6402 7578 7580
f 74 7579 450
f 7579 6405 450
f 7579 6403 6405
f 74 450 1556
f 74 1556 1190
f 1190 1556 2686
f 1190 2686 2330
f 3420 2330 2686
f 6404 3420 2686
f 6406 6404 2686
f 3420 6404 3813
f 3813 7580 3420
f 72 450 6405
f 1188 1556 72
f 72 1556 450
f 2326 2686 1188
f 1188 2686 1556
f 6406 2686 2326
f 7581 5921 6291
f 6291 5921 7459
f 7459 5921 7095
f 7095 7582 7459
f 7583 4781 5153
f 7581 6291 4781
f 4781 6291 5153
f 6291 5919 5153
f 5919 6407 5153
f 7459 7093 5919
f 7459 5919 6291
f 7582 8279 8611
f 7582 8611 6408
f 7459 7582 6408
f 7093 7459 6408
f 8279 7584 8611
f 7585 3663 4007
f 7583 5153 3663
f 3663 5153 4007
f 5153 4779 4007
f 4779 6409 4007
f 5153 6407 4779
f 8611 8277 6408
f 7584 383 697
f 7584 697 6410
f 8611 7584 6410
f 8277 8611 6410
f 383 7586 697
f 7587 1427 6411
f 6411 1427 1425
f 1427 2555 1425
f 2557 2555 1427
f 2557 7585 4007
f 3661 2557 4007
f 2555 2557 3661
f 4007 6409 3661
f 697 381 6410
f 697 7586 381
f 7586 6412 381
f 7586 7588 6412
f 7589 329 6413
f 6413 329 327
f 6411 327 329
f 6411 329 7587
f 6412 7590 6414
f 7588 7590 6412
f 7591 8211 6415
f 6415 8211 8209
f 6413 8209 8211
f 6413 8211 7589
f 6414 7592 6416
f 7590 7592 6414
f 7593 7025 7431
f 6417 7431 7025
f 7591 6417 7025
f 6415 6417 7591
f 6416 7594 6418
f 7592 7594 6416
f 5962 5617 6419
f 7595 6795 5962
f 6795 5617 5962
f 6795 6793 5617
f 6795 7969 6793
f 7971 7969 6795
f 7971 87 7969
f 89 87 7971
f 1536 1203 7596
f 1203 89 7596
f 1203 87 89
f 1536 6420 1203
f 7597 6957 6421
f 6421 6957 6955
f 6957 8139 6955
f 8141 8139 6957
f 8141 255 8139
f 257 255 8141
f 1730 1353 7598
f 1353 257 7598
f 1353 255 257
f 1730 6422 1353
f 7599 5849 6423
f 6423 5849 5847
f 5849 7593 7431
f 7023 5849 7431
f 5847 5849 7023
f 7431 6417 7023
f 6418 7600 6424
f 7594 7600 6418
f 4822 4437 6425
f 5619 5962 6419
f 5619 6419 4437
f 7601 5619 4437
f 4822 7601 4437
f 7595 5962 5619
f 1205 1536 7596
f 2347 6420 1536
f 1205 2347 1536
f 2349 2347 1205
f 3796 3439 7602
f 3439 2349 7602
f 3439 2347 2349
f 3796 6426 3439
f 7603 5791 6427
f 6427 5791 5789
f 6421 5789 5791
f 6421 5791 7597
f 1355 1730 7598
f 2483 6422 1730
f 1355 2483 1730
f 2485 2483 1355
f 2485 3589 2483
f 3591 3589 2485
f 3591 4707 3589
f 4709 4707 3591
f 6423 4707 4709
f 6423 4709 7599
f 384 7604 6428
f 384 6428 382
f 382 6424 384
f 384 6424 7600
f 3702 3335 6429
f 4439 4822 6425
f 4439 6425 3335
f 7605 4439 3335
f 3702 7605 3335
f 7601 4822 4439
f 3441 3796 7602
f 7606 4924 4547
f 7606 4547 6426
f 3441 7606 6426
f 3796 3441 6426
f 4924 6430 4547
f 7607 4633 6431
f 6431 4633 4631
f 6427 4631 4633
f 6427 4633 7603
f 8280 7608 6432
f 8280 6432 8278
f 8278 6428 8280
f 8280 6428 7604
f 3702 6429 3337
f 6429 7609 3337
f 6429 6433 7609
f 7605 3702 3337
f 4549 4924 7606
f 4549 7610 4924
f 7610 6430 4924
f 7610 6434 6430
f 7611 6431 6435
f 7611 7607 6431
f 7096 7612 6436
f 7096 6436 7094
f 7094 6432 7096
f 7096 6432 7608
f 7613 2247 6437
f 6437 2247 2245
f 6433 2245 2247
f 6433 2247 7609
f 6434 7614 6438
f 7610 7614 6434
f 3926 3519 6439
f 6435 3519 3926
f 7615 6435 3926
f 7611 6435 7615
f 5922 7616 6440
f 5922 6440 5920
f 5920 6436 5922
f 5922 6436 7612
f 7617 6437 6441
f 7617 7613 6437
f 6438 7618 6442
f 7614 7618 6438
f 3520 3926 6439
f 4634 7615 5074
f 5074 7615 6443
f 7615 3926 6443
f 3926 3520 6443
f 7619 4634 5074
f 4782 7620 6444
f 4782 6444 4780
f 4780 6440 4782
f 4782 6440 7616
f 7621 1113 1487
f 6445 1487 1113
f 7617 6445 1113
f 6441 6445 7617
f 4550 7622 6446
f 4550 6446 4548
f 4548 6442 4550
f 4550 6442 7618
f 4632 5074 6443
f 5792 7619 6216
f 6216 7619 6447
f 7619 5074 6447
f 5074 4632 6447
f 7623 5792 6216
f 6444 7624 6448
f 7620 7624 6444
f 7625 3 399
f 7621 1487 3
f 3 1487 399
f 1487 1111 399
f 1111 6449 399
f 1487 6445 1111
f 3440 3815 6450
f 3440 6446 3815
f 6446 7626 3815
f 6446 7622 7626
f 5790 6216 6447
f 6216 5790 7623
f 5790 6958 7623
f 5790 6956 6958
f 8140 6958 6956
f 8140 8142 6958
f 7627 8142 8140
f 7627 8140 6451
f 3664 7628 6452
f 3664 6452 3662
f 3662 6448 3664
f 3664 6448 7624
f 7629 6717 7119
f 7119 6717 8295
f 8295 6717 7887
f 7625 399 7887
f 7887 399 8295
f 399 1 8295
f 1 6453 8295
f 399 6449 1
f 7970 8345 6454
f 6455 8345 7970
f 6450 3815 3442
f 7630 6450 3442
f 6456 6450 7630
f 3815 7626 3442
f 6451 256 7627
f 7627 256 258
f 1354 258 256
f 1354 1356 258
f 7631 1356 1354
f 7631 1354 6457
f 2558 7632 6458
f 2558 6458 2556
f 2556 6452 2558
f 2558 6452 7628
f 7633 5563 5949
f 7629 7119 5563
f 5563 7119 5949
f 7119 6715 5949
f 6715 6459 5949
f 8295 7885 6715
f 8295 6715 7119
f 8295 6453 7885
f 4438 4843 6460
f 5618 5993 4843
f 5618 4843 4438
f 6794 7179 5993
f 6794 5993 5618
f 7179 6794 6454
f 8345 7179 6454
f 8349 7179 8345
f 8345 6455 88
f 455 8345 88
f 8349 8345 455
f 1204 1561 455
f 1204 455 88
f 2348 2691 1561
f 2348 1561 1204
f 2348 6456 2691
f 6456 7634 2691
f 6456 7630 7634
f 6457 2484 7631
f 7631 2484 2486
f 3590 2486 2484
f 3590 3592 2486
f 4708 3592 3590
f 4708 4710 3592
f 5848 4710 4708
f 5848 5850 4710
f 7024 5850 5848
f 7024 7026 5850
f 8210 7026 7024
f 8210 8212 7026
f 328 8212 8210
f 328 330 8212
f 1426 330 328
f 1426 1428 330
f 1426 6458 1428
f 1428 6458 7632
f 7635 4397 4813
f 7633 5949 4397
f 4397 5949 4813
f 5949 5561 4813
f 5561 6461 4813
f 5949 6459 5561
f 3336 3725 6462
f 3725 3336 6460
f 4843 3725 6460
f 4847 3725 4843
f 4843 5997 4847
f 4843 5993 5997
f 5993 7183 5997
f 5993 7179 7183
f 7179 8353 7183
f 7179 8349 8353
f 8349 459 8353
f 8349 455 459
f 455 1565 459
f 455 1561 1565
f 7636 1565 2350
f 1565 2691 2350
f 1565 1561 2691
f 2691 7634 2350
f 4815 7637 4813
f 4813 7637 7635
f 4813 6461 6463
f 4813 6463 4815
f 2246 2617 6464
f 3725 3338 6462
f 6462 3338 2246
f 3338 7638 2246
f 7638 2617 2246
f 3338 3725 4440
f 4440 3725 4847
f 4440 4847 5620
f 5620 4847 5997
f 5620 5997 6796
f 6796 5997 7183
f 6796 7183 7972
f 7972 7183 8353
f 7972 8353 90
f 90 8353 459
f 90 459 1206
f 1206 459 1565
f 1565 7636 1206
f 4817 7639 4815
f 4815 7639 7637
f 4815 6463 5562
f 5955 4815 5562
f 4817 4815 5955
f 6465 5955 5562
f 2 409 6466
f 1112 1503 409
f 1112 409 2
f 2617 2248 6464
f 6464 2248 1112
f 2248 7640 1112
f 7640 1503 1112
f 2617 7638 2248
f 4817 4398 7639
f 4398 4817 7641
f 4817 5957 7641
f 4817 5955 5957
f 5955 6465 6716
f 7139 5955 6716
f 5957 5955 7139
f 7886 8309 7139
f 7886 7139 6716
f 409 4 6466
f 6466 4 7886
f 4 7642 7886
f 7642 8309 7886
f 4 409 1114
f 1114 409 1503
f 1503 7640 1114
f 5957 5564 7641
f 5564 5957 6718
f 6718 5957 7139
f 6718 7139 7888
f 7888 7139 8309
f 8309 7642 7888
f 7643 7041 6467
f 6467 7041 7039
f 7041 8225 7039
f 8227 8225 7041
f 8227 343 8225
f 345 343 8227
f 345 7644 343
f 343 7644 6468
f 7645 5865 6469
f 6469 5865 5863
f 6467 5863 5865
f 6467 5865 7643
f 1441 6468 7644
f 1441 7644 1443
f 1443 2571 1441
f 2573 2571 1443
f 2573 7646 2571
f 2571 7646 6470
f 7647 4725 6471
f 6471 4725 4723
f 6469 4723 4725
f 6469 4725 7645
f 7648 4014 3677
f 6470 7648 3677
f 7646 7648 6470
f 5162 4795 4014
f 4014 4795 3677
f 5162 6472 4795
f 7649 3607 3977
f 6473 3977 3607
f 7647 6473 3607
f 6471 6473 7647
f 3679 4014 7648
f 4014 3679 7650
f 5164 4014 7650
f 5162 4014 5164
f 6472 5162 5935
f 5162 6304 5935
f 5162 5164 6304
f 6304 6474 5935
f 7651 1371 6475
f 6475 1371 1369
f 1371 2499 1369
f 2501 2499 1371
f 2501 7649 3977
f 3605 2501 3977
f 2499 2501 3605
f 3977 6473 3605
f 4797 5164 7650
f 5164 4797 7652
f 6306 5164 7652
f 6304 5164 6306
f 6474 6304 7109
f 6304 7474 7109
f 6304 6306 7474
f 7474 6476 7109
f 7653 273 6477
f 6477 273 271
f 6475 271 273
f 6475 273 7651
f 5937 6306 7652
f 6306 5937 7654
f 7476 6306 7654
f 7474 6306 7476
f 6476 7474 6478
f 6478 7474 7476
f 7655 8157 6479
f 6479 8157 8155
f 6477 8155 8157
f 6477 8157 7653
f 7111 7476 7654
f 7111 7656 7476
f 7656 6478 7476
f 7656 6480 6478
f 7657 6479 6481
f 7657 7655 6479
f 6480 7658 6482
f 7656 7658 6480
f 7659 4455 6483
f 6483 4455 4453
f 4455 5633 4453
f 5635 5633 4455
f 5635 6809 5633
f 6811 6809 5635
f 8330 7985 7660
f 7985 6811 7660
f 7985 6809 6811
f 8330 6484 7985
f 7661 6481 6485
f 7661 7657 6481
f 6482 7662 6486
f 7658 7662 6482
f 7663 3353 6487
f 6487 3353 3351
f 6483 3351 3353
f 6483 3353 7659
f 7987 8330 7660
f 103 6484 8330
f 7987 103 8330
f 105 103 7987
f 105 1219 103
f 1221 1219 105
f 2678 2363 7664
f 2363 1221 7664
f 2363 1219 1221
f 2678 6488 2363
f 7665 6969 6489
f 6489 6969 6967
f 6485 6967 6969
f 6485 6969 7661
f 6486 7666 6490
f 7662 7666 6486
f 1490 1127 6491
f 7667 2263 1490
f 2263 1127 1490
f 2263 2261 1127
f 6487 2261 2263
f 6487 2263 7663
f 2365 2678 7664
f 7668 3808 3455
f 7668 3455 6488
f 2365 7668 6488
f 2678 2365 6488
f 3808 6492 3455
f 7669 5795 6217
f 6493 6217 5795
f 7665 6493 5795
f 6489 6493 7665
f 6490 7670 6494
f 7666 7670 6490
f 7671 19 6495
f 6495 19 17
f 1129 1490 6491
f 17 1129 6491
f 19 1129 17
f 7667 1490 1129
f 3457 3808 7668
f 3457 7672 3808
f 7672 6492 3808
f 7672 6496 6492
f 6219 7673 6217
f 6217 7673 7669
f 6217 6493 6497
f 6217 6497 6219
f 7112 7674 6498
f 7112 6498 7110
f 7110 6494 7112
f 7112 6494 7670
f 7120 6731 6499
f 7675 7903 7120
f 7903 6731 7120
f 7903 7901 6731
f 6495 7901 7903
f 6495 7903 7671
f 7676 4956 4563
f 6496 7676 4563
f 7672 7676 6496
f 4956 6500 4563
f 6221 7677 6219
f 6219 7677 7673
f 6219 6497 6501
f 6219 6501 6221
f 5938 7678 6502
f 5938 6502 5936
f 5936 6498 5938
f 5938 6498 7674
f 7679 5579 6503
f 6503 5579 5577
f 6733 7120 6499
f 5577 6733 6499
f 5579 6733 5577
f 7675 7120 6733
f 7680 4962 4956
f 7680 4956 7676
f 6500 4956 6504
f 6504 4956 4962
f 6221 5796 7677
f 7397 7681 6968
f 6968 7681 6501
f 7681 5796 6501
f 5796 6221 6501
f 6505 7397 6968
f 4798 7682 6506
f 4798 6506 4796
f 4796 6502 4798
f 4798 6502 7678
f 4814 4411 6507
f 6503 4411 4814
f 7683 6503 4814
f 7679 6503 7683
f 6508 4564 4962
f 7680 6508 4962
f 7684 6508 7680
f 6504 4962 4564
f 7397 6970 7681
f 8549 7685 8156
f 8156 7685 6505
f 7685 6970 6505
f 6970 7397 6505
f 6509 8549 8156
f 3680 7686 6510
f 3680 6510 3678
f 3678 6506 3680
f 3680 6506 7682
f 6511 4816 6507
f 6507 4816 4814
f 7683 4814 4816
f 7683 4816 7687
f 3458 7688 6512
f 3458 6512 3456
f 3456 6508 3458
f 3458 6508 7684
f 8549 8158 7685
f 6509 272 8549
f 272 8158 8549
f 272 274 8158
f 1370 274 272
f 1370 1372 274
f 2500 1372 1370
f 2500 2502 1372
f 7689 2502 2500
f 7689 2500 6513
f 2572 2905 6514
f 2572 6510 2905
f 6510 7690 2905
f 6510 7686 7690
f 6515 4818 6511
f 6511 4818 4816
f 5956 5580 7687
f 4816 5956 7687
f 4818 5956 4816
f 7691 5580 5956
f 3354 7692 6516
f 3354 6516 3352
f 4454 3354 3352
f 4454 4456 3354
f 5634 4456 4454
f 5634 5636 4456
f 6810 5636 5634
f 6810 6812 5636
f 7693 6812 6810
f 7693 6810 6517
f 2366 7694 6518
f 2366 6518 2364
f 2364 6512 2366
f 2366 6512 7688
f 6513 3606 7689
f 7689 3606 3608
f 4724 3608 3606
f 4724 4726 3608
f 5864 6289 7695
f 4726 5864 7695
f 4724 5864 4726
f 7040 7457 6289
f 7040 6289 5864
f 6519 7457 7040
f 1444 7696 6520
f 1444 6520 1442
f 2905 2574 6514
f 2574 1442 6514
f 2574 1444 1442
f 2905 7690 2574
f 4412 4818 6515
f 6521 5958 4412
f 5958 4818 4412
f 5958 5956 4818
f 7140 6734 7691
f 5956 7140 7691
f 5958 7140 5956
f 6734 7140 8310
f 6734 8310 7904
f 7904 8310 414
f 7904 414 20
f 20 414 1508
f 20 1508 1130
f 1130 1508 6522
f 2262 1130 6522
f 2264 1130 2262
f 2262 6516 2264
f 2264 6516 7692
f 6517 7986 7693
f 7693 7986 7988
f 104 7988 7986
f 104 106 7988
f 1220 106 104
f 1220 1222 106
f 1220 6518 1222
f 1222 6518 7694
f 6289 5866 7695
f 5866 6289 7042
f 7042 6289 7457
f 6519 8226 7457
f 8226 7042 7457
f 8226 8228 7042
f 344 8228 8226
f 344 346 8228
f 344 6520 346
f 346 6520 7696
f 5578 5958 6521
f 6732 7140 5578
f 5578 7140 5958
f 7902 8310 6732
f 6732 8310 7140
f 18 414 7902
f 7902 414 8310
f 1128 1508 18
f 18 1508 414
f 6522 1508 1128
f 7697 7057 6523
f 6523 7057 7055
f 7057 8241 7055
f 8243 8241 7057
f 8243 7698 8241
f 8241 7698 6524
f 7699 4741 6525
f 6525 4741 4739
f 4741 5879 4739
f 5881 5879 4741
f 6523 5879 5881
f 6523 5881 7697
f 359 6524 7698
f 359 7698 361
f 361 7700 359
f 359 7700 6526
f 7701 2517 2835
f 2835 2517 6527
f 2517 3621 6527
f 2517 3623 3621
f 6525 3621 3623
f 6525 3623 7699
f 1457 6526 7700
f 1457 7700 1459
f 1459 7702 1457
f 1457 7702 6528
f 7703 1387 1723
f 7701 2835 1387
f 1387 2835 1723
f 2835 2515 1723
f 2515 6529 1723
f 2835 6527 2515
f 6528 7704 6530
f 7702 7704 6528
f 7705 8173 8517
f 8517 8173 615
f 615 8173 289
f 7703 1723 289
f 1723 615 289
f 1723 1725 615
f 1723 6529 6531
f 1723 6531 1725
f 6530 7706 6532
f 7704 7706 6530
f 8519 7707 8517
f 8517 7707 7705
f 8517 617 8519
f 8517 615 617
f 1725 1385 6533
f 617 1725 6533
f 615 1725 617
f 1725 6531 1385
f 6532 7708 6534
f 7706 7708 6532
f 8523 7709 8519
f 8519 7709 7707
f 617 287 6535
f 8523 617 6535
f 8519 617 8523
f 617 6533 287
f 6534 7710 6536
f 7708 7710 6534
f 7711 183 549
f 549 183 1661
f 1661 183 1289
f 1289 7712 1661
f 7713 6985 7371
f 7709 8523 6985
f 6985 8523 7371
f 8523 8171 7371
f 8171 6537 7371
f 8523 6535 8171
f 7714 2886 2587
f 6536 7714 2587
f 7710 7714 6536
f 2886 6538 2587
f 7715 8075 8451
f 7711 549 8075
f 8075 549 8451
f 549 181 8451
f 181 6539 8451
f 1661 1287 181
f 1661 181 549
f 1287 1661 7712
f 2427 1287 7712
f 2425 1287 2427
f 2427 3531 2425
f 3533 3531 2427
f 3533 4647 3531
f 4649 4647 3533
f 4649 5809 4647
f 5811 5809 4649
f 5811 7713 7371
f 6983 5811 7371
f 5809 5811 6983
f 7371 6537 6983
f 2589 2886 7714
f 7716 4022 3693
f 7716 3693 6538
f 2589 7716 6538
f 2886 2589 6538
f 4022 6540 3693
f 7717 3369 3705
f 3705 3369 6541
f 3369 4469 6541
f 3369 4471 4469
f 4471 5649 4469
f 5651 5649 4471
f 5651 6825 5649
f 6827 6825 5651
f 6827 7718 6825
f 6825 7718 6542
f 7719 6899 7293
f 7715 8451 6899
f 6899 8451 7293
f 8451 8071 7293
f 8071 6543 7293
f 8451 6539 8071
f 7720 4024 4022
f 7720 4022 7716
f 6540 4022 6544
f 6544 4022 4024
f 7721 2279 6545
f 6545 2279 2277
f 2279 7717 3705
f 3367 2279 3705
f 2277 2279 3367
f 3705 6541 3367
f 8001 6542 7718
f 8001 7718 8003
f 8003 7722 8001
f 8001 7722 6546
f 7295 7723 7293
f 7293 7723 7719
f 7293 6543 6547
f 7293 6547 7295
f 2590 7724 2892
f 4024 7720 2590
f 2892 4024 2590
f 4026 4024 2892
f 6544 4024 6548
f 6548 4024 4026
f 7725 1145 6549
f 6549 1145 1143
f 6545 1143 1145
f 6545 1145 7721
f 119 6546 7722
f 119 7722 121
f 121 1235 119
f 1237 1235 121
f 2680 2379 7726
f 2379 1237 7726
f 2379 1235 1237
f 2680 6550 2379
f 7297 7727 7295
f 7295 7727 7723
f 7295 6547 6551
f 7295 6551 7297
f 7728 2894 2892
f 7728 2892 7724
f 3694 4026 6552
f 4026 2894 6552
f 4026 2892 2894
f 6548 4026 3694
f 7729 35 6553
f 6553 35 33
f 6549 33 35
f 6549 35 7725
f 2381 2680 7726
f 3471 6550 2680
f 2381 3471 2680
f 3473 3471 2381
f 3473 4567 3471
f 4569 4567 3473
f 6554 4567 6089
f 4567 5717 6089
f 4567 4569 5717
f 5717 7730 6089
f 7299 7731 7297
f 7297 7731 7727
f 7297 6551 6555
f 7297 6555 7299
f 7732 2896 2894
f 7732 2894 7728
f 6552 2894 6556
f 6556 2894 2896
f 7733 7919 6557
f 6557 7919 7917
f 6553 7917 7919
f 6553 7919 7729
f 6093 6558 6554
f 6093 6554 6089
f 6879 7269 7730
f 7269 6089 7730
f 7269 6093 6089
f 6879 7734 7269
f 7301 7735 7299
f 7299 7735 7731
f 7299 6555 6559
f 7299 6559 7301
f 6560 2588 2896
f 7732 6560 2896
f 7736 6560 7732
f 6556 2896 2588
f 7737 6743 6561
f 6561 6743 6741
f 6557 6741 6743
f 6557 6743 7733
f 6093 5715 6558
f 7271 6562 5715
f 6093 7271 5715
f 7269 7271 6093
f 7269 7734 7271
f 7271 7734 7738
f 7739 5737 6133
f 7735 7301 5737
f 7301 6133 5737
f 7301 7303 6133
f 7301 6559 6563
f 7301 6563 7303
f 6560 7740 6564
f 7736 7740 6560
f 7741 6561 6565
f 7741 7737 6561
f 7273 6566 6562
f 7273 6562 7271
f 7271 7738 7273
f 7273 7738 7742
f 7743 4587 5001
f 7739 6133 4587
f 6133 5001 4587
f 6133 6135 5001
f 6133 7305 6135
f 6133 7303 7305
f 7303 6563 8072
f 8465 7303 8072
f 7305 7303 8465
f 182 565 8465
f 182 8465 8072
f 1290 7744 565
f 182 1290 565
f 1288 1290 182
f 2426 1290 1288
f 2426 2428 1290
f 3532 2428 2426
f 3532 3534 2428
f 7745 3534 3532
f 7745 3532 6567
f 6564 7746 6568
f 7740 7746 6564
f 7747 6565 6569
f 7747 7741 6565
f 5716 6105 6570
f 7273 6880 6566
f 6566 6880 5716
f 6880 7748 5716
f 7748 6105 5716
f 7273 7742 6880
f 5003 7749 5001
f 5001 7749 7743
f 5001 6137 5003
f 5001 6135 6137
f 6135 7307 6137
f 6135 7305 7307
f 7305 8467 7307
f 7305 8465 8467
f 7750 8467 184
f 8467 565 184
f 8467 8465 565
f 565 7744 184
f 6567 4648 7745
f 7745 4648 4650
f 7751 4650 4648
f 7751 4648 6571
f 1460 7752 6572
f 1460 6572 1458
f 1458 6568 1460
f 1460 6568 7746
f 7753 6569 6573
f 7753 7747 6569
f 4568 4971 6574
f 6105 5718 6570
f 6570 5718 4568
f 5718 7754 4568
f 7754 4971 4568
f 6105 7748 5718
f 7755 2395 2741
f 2741 2395 3875
f 3875 2395 3489
f 7749 5003 3489
f 3489 5003 3875
f 5003 4585 3875
f 4585 6575 3875
f 6137 5735 4585
f 6137 4585 5003
f 7309 6576 5735
f 6137 7309 5735
f 7307 7309 6137
f 7307 8469 7309
f 7307 8467 8469
f 8467 7750 8469
f 8469 7750 7756
f 6571 5810 7751
f 7751 5810 5812
f 7757 5812 5810
f 7757 5810 6577
f 362 7758 6578
f 362 6578 360
f 360 6572 362
f 362 6572 7752
f 6573 6742 7753
f 7753 6742 6744
f 7759 6744 6742
f 7759 6742 6579
f 3472 3843 6580
f 4971 4570 6574
f 6574 4570 3472
f 4570 7760 3472
f 7760 3843 3472
f 4971 7754 4570
f 2743 7761 2741
f 2741 7761 7755
f 3875 3487 6581
f 2743 3875 6581
f 2741 3875 2743
f 3875 6575 3487
f 7309 6897 6576
f 8471 6582 6897
f 7309 8471 6897
f 8469 8471 7309
f 8469 7756 8471
f 8471 7756 7762
f 7403 7763 6984
f 7763 6577 6984
f 7763 7757 6577
f 6583 7403 6984
f 3622 4005 6584
f 4742 7764 4005
f 3622 4742 4005
f 4740 4742 3622
f 5880 4742 4740
f 5880 5882 4742
f 7056 5882 5880
f 7056 7058 5882
f 8242 7058 7056
f 8242 8244 7058
f 8242 6578 8244
f 8244 6578 7758
f 7765 6579 6585
f 7765 7759 6579
f 2380 2711 6586
f 3843 3474 6580
f 6580 3474 2380
f 3474 7766 2380
f 7766 2711 2380
f 3843 7760 3474
f 2745 7767 2743
f 2743 7767 7761
f 2743 6581 6587
f 2743 6587 2745
f 8473 6588 6582
f 8473 6582 8471
f 8471 7762 8473
f 8473 7762 7768
f 7405 7769 7403
f 7403 7769 7763
f 7403 6583 8172
f 8555 7403 8172
f 7405 7403 8555
f 6589 8555 8172
f 2518 7770 6590
f 2518 6590 2516
f 4005 3624 6584
f 3624 2516 6584
f 3624 2518 2516
f 4005 7764 3624
f 7771 6585 6591
f 7771 7765 6585
f 1236 1585 6592
f 2711 2382 6586
f 6586 2382 1236
f 2382 7772 1236
f 7772 1585 1236
f 2711 7766 2382
f 2747 7773 2745
f 2745 7773 7767
f 2745 6587 6593
f 2745 6593 2747
f 8475 6594 6588
f 8475 6588 8473
f 185 575 7768
f 575 8473 7768
f 575 8475 8473
f 185 7774 575
f 7405 6986 7769
f 6986 7405 8174
f 8174 7405 8555
f 6589 288 8555
f 288 8174 8555
f 288 290 8174
f 1386 290 288
f 1386 1388 290
f 1386 6590 1388
f 1388 6590 7770
f 7775 6591 6595
f 7775 7771 6591
f 1589 6596 6592
f 1589 6592 1585
f 1585 7772 1589
f 1589 7772 7776
f 2747 2396 7773
f 3883 7777 3488
f 3488 7777 6593
f 7777 2396 6593
f 2396 2747 6593
f 6597 3883 3488
f 8475 8073 6594
f 577 6598 8073
f 8475 577 8073
f 575 577 8475
f 575 7774 577
f 577 7774 7778
f 8317 7779 7918
f 7779 6595 7918
f 7779 7775 6595
f 6599 8317 7918
f 1593 6600 6596
f 1593 6596 1589
f 1589 7776 1593
f 1593 7776 7780
f 3885 7781 3883
f 3883 7781 7777
f 3883 6597 6601
f 3883 6601 3885
f 579 6602 6598
f 579 6598 577
f 577 7778 579
f 579 7778 7782
f 8317 7920 7779
f 423 7783 34
f 34 7783 6599
f 7783 7920 6599
f 7920 8317 6599
f 6603 423 34
f 1595 6604 6600
f 1595 6600 1593
f 1593 7780 1595
f 1595 7780 7784
f 3885 3490 7781
f 5017 7785 4586
f 4586 7785 6601
f 7785 3490 6601
f 3490 3885 6601
f 6605 5017 4586
f 8074 8481 6606
f 8481 8074 6602
f 579 8481 6602
f 581 8481 579
f 579 7782 581
f 581 7782 7786
f 423 36 7783
f 1523 7787 1144
f 1144 7787 6603
f 7787 36 6603
f 36 423 6603
f 6607 1523 1144
f 1597 6608 6604
f 1597 6604 1595
f 1595 7784 1597
f 1597 7784 7788
f 5017 4588 7785
f 6605 5736 5017
f 5736 4588 5017
f 5736 5738 4588
f 6898 7323 7789
f 5738 6898 7789
f 5736 6898 5738
f 8481 8076 6606
f 6606 8076 6898
f 8076 7790 6898
f 7790 7323 6898
f 8076 8481 186
f 186 8481 581
f 581 7786 186
f 1523 1146 7787
f 7791 1146 1523
f 6607 7791 1523
f 6609 7791 6607
f 6608 1597 1238
f 7792 6608 1238
f 6610 6608 7792
f 1597 7788 1238
f 7323 6900 7789
f 7323 7790 6900
f 6609 2278 7791
f 7791 2278 2280
f 7793 2280 2278
f 7793 2278 6611
f 122 7794 6612
f 122 6612 120
f 120 6610 122
f 122 6610 7792
f 6611 3368 7793
f 7793 3368 3370
f 4470 4889 7795
f 3370 4470 7795
f 3368 4470 3370
f 6613 4889 4470
f 6826 7223 6614
f 8004 7796 7223
f 6826 8004 7223
f 8002 8004 6826
f 8002 6612 8004
f 8004 6612 7794
f 4889 4472 7795
f 6613 5650 4889
f 5650 4472 4889
f 5650 5652 4472
f 7223 6828 6614
f 6828 5650 6614
f 6828 5652 5650
f 7223 7796 6828
f 7797 2445 6615
f 6615 2445 2443
f 2445 3549 2443
f 3551 3549 2445
f 3551 4665 3549
f 4669 4665 3551
f 4669 7798 4665
f 4665 7798 6616
f 7799 1307 6617
f 6617 1307 1305
f 6615 1305 1307
f 6615 1307 7797
f 5827 6616 7798
f 5827 7798 5831
f 5831 7800 5827
f 5827 7800 6618
f 7801 207 6619
f 6619 207 203
f 6617 203 207
f 6617 207 7799
f 7003 6618 7800
f 7003 7800 7007
f 7007 7802 7003
f 7003 7802 6620
f 7803 8093 6621
f 6621 8093 8089
f 6619 8089 8093
f 6619 8093 7801
f 8191 6620 7802
f 8191 7802 8193
f 6622 8191 603
f 8191 309 603
f 8191 8193 309
f 603 309 1713
f 1713 309 1405
f 1713 1405 6623
f 1405 2531 6623
f 1405 2533 2531
f 2533 3637 2531
f 3639 3637 2533
f 3639 4755 3637
f 4757 4755 3639
f 4757 5895 4755
f 5897 5895 4757
f 5897 7804 5895
f 5895 7804 6624
f 7805 6621 6625
f 7805 7803 6621
f 603 307 6622
f 1713 1403 307
f 1713 307 603
f 1713 6623 1403
f 7071 6624 7804
f 7071 7804 7073
f 7073 7806 7071
f 7071 7806 6626
f 6625 8090 7805
f 7805 8090 8094
f 7807 8094 8090
f 7807 8090 6627
f 8257 6626 7806
f 8257 7806 8259
f 8259 7808 8257
f 8257 7808 6628
f 6627 204 7807
f 7807 204 208
f 7809 208 204
f 7809 204 6629
f 6628 7810 6630
f 7808 7810 6628
f 7811 6629 6631
f 7811 7809 6629
f 6630 7812 6632
f 7810 7812 6630
f 1308 7811 1654
f 7811 6633 1654
f 7811 6631 6633
f 7813 1308 1654
f 6632 7814 6634
f 7812 7814 6632
f 6635 1656 6633
f 6633 1656 1654
f 7813 1654 1656
f 7813 1656 7815
f 6634 7816 6636
f 7814 7816 6634
f 6637 1658 6635
f 6635 1658 1656
f 7815 1656 1658
f 7815 1658 7817
f 6636 7818 6638
f 7816 7818 6636
f 1658 6637 1309
f 6637 7819 1309
f 6637 6639 7819
f 7817 1658 1309
f 6638 7820 6640
f 7818 7820 6638
f 550 205 6641
f 6639 205 550
f 7821 6639 550
f 7819 6639 7821
f 8260 7822 8586
f 8586 6642 8260
f 6642 7820 8260
f 6642 6640 7820
f 1606 1271 6643
f 2724 2409 1606
f 1606 2409 1271
f 2724 6644 2409
f 550 6641 209
f 6641 7823 209
f 6641 6645 7823
f 7821 550 209
f 6646 8258 8586
f 7822 6646 8586
f 7824 6646 7822
f 6642 8586 8258
f 506 169 6647
f 1273 1606 6643
f 1273 6643 169
f 7825 1273 169
f 506 7825 169
f 1606 1273 2411
f 1606 2411 2724
f 3503 6644 2724
f 2411 3503 2724
f 3505 3503 2411
f 3505 4601 3503
f 4603 4601 3505
f 6124 5751 7826
f 5751 4603 7826
f 5751 4601 4603
f 6124 6648 5751
f 7827 8095 6649
f 6649 8095 8091
f 6645 8091 8095
f 6645 8095 7823
f 1406 7828 1744
f 1406 1744 2856
f 1406 2856 2534
f 2534 2856 3988
f 2534 3988 3640
f 7829 3640 3988
f 7074 7830 7440
f 7440 6650 7074
f 6650 7824 7074
f 6650 6646 7824
f 8418 8065 6651
f 171 506 6647
f 171 6647 8065
f 7831 171 8065
f 8418 7831 8065
f 7825 506 171
f 5753 6124 7826
f 6913 6648 6124
f 5753 6913 6124
f 6915 6913 5753
f 6649 6913 6915
f 6649 6915 7827
f 8194 7832 8538
f 8194 8538 636
f 8194 636 310
f 1744 7828 310
f 1744 310 636
f 1404 1744 636
f 6652 1404 636
f 2532 2856 1404
f 1404 2856 1744
f 3638 3988 2532
f 2532 3988 2856
f 4758 7829 5138
f 5138 7829 6653
f 7829 3988 6653
f 3988 3638 6653
f 4758 5138 6654
f 5896 4758 6654
f 5898 4758 5896
f 7830 5898 7440
f 5898 7072 7440
f 5898 5896 7072
f 6650 7440 7072
f 7264 6893 6655
f 6893 7264 6651
f 7264 8418 6651
f 7264 8420 8418
f 7831 8418 8420
f 7831 8420 7833
f 5832 7834 6656
f 5832 6656 5828
f 7004 5832 5828
f 7004 7008 5832
f 7832 7008 8538
f 7008 8192 8538
f 7008 7004 8192
f 308 636 8192
f 8192 636 8538
f 6652 636 308
f 4756 5138 6653
f 6654 5138 4756
f 6090 5731 6657
f 5731 6090 6655
f 6090 7264 6655
f 6090 7268 7264
f 8422 7264 7268
f 8420 7264 8422
f 7833 8420 8422
f 7833 8422 7835
f 4670 7836 6658
f 4670 6658 4666
f 4666 6656 4670
f 4670 6656 7834
f 6659 6094 6657
f 6657 6094 6090
f 7270 6090 6094
f 7268 6090 7270
f 8424 7268 7270
f 8422 7268 8424
f 7835 8422 8424
f 7835 8424 7837
f 6658 7838 6660
f 7836 7838 6658
f 5732 6094 6659
f 6661 7272 5732
f 7272 6094 5732
f 7272 7270 6094
f 8426 7270 7272
f 8424 7270 8426
f 7837 8424 8426
f 7837 8426 7839
f 6660 7840 6662
f 7838 7840 6660
f 6663 7274 6661
f 6661 7274 7272
f 8428 7272 7274
f 8426 7272 8428
f 7839 8426 8428
f 7839 8428 7841
f 4667 6662 7840
f 4667 7840 4671
f 4671 7842 4667
f 4667 7842 6664
f 6106 5733 6665
f 5733 6106 6663
f 6106 7274 6663
f 6106 7276 7274
f 8430 7274 7276
f 8428 7274 8430
f 7841 8428 8430
f 7841 8430 7843
f 6664 7844 6666
f 7842 7844 6664
f 6667 6108 6665
f 6665 6108 6106
f 7278 6106 6108
f 7276 6106 7278
f 7278 7845 8067
f 8430 7278 8067
f 7276 7278 8430
f 7843 8430 8067
f 7846 6230 5829
f 6666 7846 5829
f 7844 7846 6666
f 6230 6668 5829
f 6669 6110 6667
f 6667 6110 6108
f 7280 6108 6110
f 7278 6108 7280
f 7845 7278 7280
f 7845 7280 7847
f 7848 6232 6230
f 7848 6230 7846
f 6668 6230 7005
f 6230 7404 7005
f 6230 6232 7404
f 7404 6670 7005
f 6671 6112 6669
f 6669 6112 6110
f 7282 6110 6112
f 7280 6110 7282
f 7847 7280 7282
f 7847 7282 7849
f 7850 6234 6232
f 7850 6232 7848
f 7406 6232 6234
f 7404 6232 7406
f 6670 7404 6672
f 6672 7404 7406
f 4982 4583 6673
f 4583 4982 6671
f 4982 6112 6671
f 4982 6114 6112
f 6114 7851 6895
f 7282 6114 6895
f 6112 6114 7282
f 7849 7282 6895
f 4672 7852 5094
f 6234 7850 4672
f 5094 6234 4672
f 6236 6234 5094
f 7006 7406 6674
f 7406 6236 6674
f 7406 6234 6236
f 6672 7406 7006
f 6675 4984 6673
f 6673 4984 4982
f 6116 4982 4984
f 6114 4982 6116
f 7851 6114 6116
f 7851 6116 7853
f 4673 5094 7852
f 5094 4673 7854
f 6238 5094 7854
f 6236 5094 6238
f 6674 6236 6676
f 6676 6236 6238
f 4584 4984 6675
f 6677 6118 4584
f 6118 4984 4584
f 6118 6116 4984
f 7288 6896 7853
f 6116 7288 7853
f 6118 7288 6116
f 7855 6896 7288
f 7856 6240 6238
f 7856 6238 7854
f 6676 6238 6678
f 6678 6238 6240
f 5734 6118 6677
f 6894 7288 5734
f 5734 7288 6118
f 8068 7855 8444
f 8444 7855 6679
f 7855 7288 6679
f 7288 6894 6679
f 7857 8068 8444
f 7858 6242 6240
f 7858 6240 7856
f 6678 6240 6680
f 6680 6240 6242
f 8066 8444 6679
f 172 7857 536
f 536 7857 6681
f 7857 8444 6681
f 8444 8066 6681
f 7859 172 536
f 6682 5830 6242
f 7858 6682 6242
f 7860 6682 7858
f 6680 6242 5830
f 170 536 6681
f 536 170 7859
f 170 1274 7859
f 170 1272 1274
f 7861 1274 1272
f 7861 1272 6683
f 6682 7862 6684
f 7860 7862 6682
f 6683 2410 7861
f 7861 2410 2412
f 3504 2412 2410
f 3504 3506 2412
f 7863 3506 3504
f 7863 3504 6685
f 4674 7864 6686
f 4674 6686 4668
f 4668 6684 4674
f 4674 6684 7862
f 6685 4602 7863
f 7863 4602 4604
f 5752 4604 4602
f 5752 5754 4604
f 7865 5754 5752
f 7865 5752 6687
f 3552 7866 6688
f 3552 6688 3550
f 3550 6686 3552
f 3552 6686 7864
f 6687 6914 7865
f 7865 6914 6916
f 7867 6916 6914
f 7867 6914 6689
f 1306 1705 6690
f 2446 7868 1705
f 1306 2446 1705
f 2444 2446 1306
f 2444 6688 2446
f 2446 6688 7866
f 6689 8092 7867
f 7867 8092 8096
f 206 8096 8092
f 206 210 8096
f 1705 1310 6690
f 1310 206 6690
f 1310 210 206
f 1705 7868 1310
f 7869 231 6691
f 6691 231 229
f 231 1329 229
f 1331 1329 231
f 1331 7870 1329
f 1329 7870 6692
f 7318 6929 6693
f 7871 8115 7318
f 8115 6929 7318
f 8115 8113 6929
f 6691 8113 8115
f 6691 8115 7869
f 2463 6692 7870
f 2463 7870 2465
f 2465 7872 2463
f 2463 7872 6694
f 7318 6693 6931
f 6693 7873 6931
f 6693 6695 7873
f 7871 7318 6931
f 3571 6694 7872
f 3571 7872 3573
f 3573 7874 3571
f 3571 7874 6696
f 7875 6695 6697
f 7875 7873 6695
f 6696 7876 6698
f 7874 7876 6696
f 7877 6697 6699
f 7877 7875 6697
f 4691 6698 7876
f 4691 7876 4693
f 4693 7878 4691
f 4691 7878 6700
f 7879 6699 6701
f 7879 7877 6699
f 6700 7880 6702
f 7878 7880 6700
f 7331 7881 6930
f 7881 6701 6930
f 7881 7879 6701
f 6703 7331 6930
f 4694 7882 6704
f 4694 6704 4692
f 4692 6702 4694
f 4694 6702 7880
f 7331 6932 7881
f 8491 7883 8114
f 8114 7883 6703
f 7883 6932 6703
f 6932 7331 6703
f 230 591 8491
f 230 8491 8114
f 6705 591 230
f 3574 7884 6706
f 3574 6706 3572
f 3572 6704 3574
f 3574 6704 7882
f 8491 8116 7883
f 8116 8491 232
f 232 8491 591
f 6705 1330 591
f 1330 232 591
f 1330 1332 232
f 2464 1332 1330
f 2464 2466 1332
f 2464 6706 2466
f 2466 6706 7884
f 7338 6945 6707
f 8496 8129 7338
f 7338 8129 6945
f 596 245 8496
f 8496 245 8129
f 596 6708 245
f 6168 5779 6709
f 5779 6168 6707
f 6168 7338 6707
f 6168 7340 7338
f 8498 7338 7340
f 8496 7338 8498
f 598 8496 8498
f 596 8496 598
f 6708 596 6710
f 6710 596 598
f 6711 6170 6709
f 6709 6170 6168
f 7342 6168 6170
f 7340 6168 7342
f 8500 7340 7342
f 8498 7340 8500
f 600 8498 8500
f 598 8498 600
f 6710 598 6712
f 6712 598 600
f 5780 6170 6711
f 6713 7344 5780
f 7344 6170 5780
f 7344 7342 6170
f 8502 7342 7344
f 8500 7342 8502
f 246 600 6714
f 600 8502 6714
f 600 8500 8502
f 6712 600 246
f 6946 7344 6713
f 8130 8502 6946
f 6946 8502 7344
f 6714 8502 8130
f 8631 4499 4895
f 4895 4499 7489
f 4499 5675 7489
f 4499 5679 5675
f 5679 6847 5675
f 6849 6847 5679
f 7490 6847 8395
f 6847 8025 8395
f 6847 6849 8025
f 8025 8632 8395
f 8633 3395 3771
f 8631 4895 3395
f 3395 4895 3771
f 4895 4497 3771
f 4497 7491 3771
f 4895 7489 4497
f 8395 8021 7490
f 8395 8632 8021
f 8632 7492 8021
f 8632 8634 7492
f 8635 2305 2649
f 8633 3771 2305
f 2305 3771 2649
f 3771 3393 2649
f 3393 7493 2649
f 3771 7491 3393
f 133 7492 8634
f 133 8634 135
f 135 8636 133
f 133 8636 7494
f 2651 8637 2649
f 2649 8637 8635
f 2649 7493 7495
f 2649 7495 2651
f 134 501 7496
f 134 7494 501
f 7494 8638 501
f 7494 8636 8638
f 2653 8639 2651
f 2651 8639 8637
f 2651 7495 7497
f 2651 7497 2653
f 503 7498 7496
f 503 7496 501
f 501 8638 503
f 503 8638 8640
f 2655 8641 2653
f 2653 8641 8639
f 2653 7497 7499
f 2653 7499 2655
f 8022 8405 7500
f 503 136 7498
f 7498 136 8022
f 136 8642 8022
f 8642 8405 8022
f 503 8640 136
f 2657 8643 2655
f 2655 8643 8641
f 2655 7499 7501
f 2655 7501 2657
f 7500 8405 8026
f 8644 7500 8026
f 7502 7500 8644
f 8405 8642 8026
f 2303 7503 2657
f 7503 8643 2657
f 7503 8645 8643
f 2657 7501 2303
f 7502 8646 7504
f 8644 8646 7502
f 8647 1169 7505
f 7505 1169 1167
f 7503 1167 1169
f 7503 1169 8645
f 8646 8027 8409
f 7506 8646 8409
f 7504 8646 7506
f 8027 8648 8409
f 8649 7505 7507
f 8649 8647 7505
f 8409 8023 7506
f 8409 8648 8023
f 8648 7508 8023
f 8648 8650 7508
f 8651 59 7509
f 7509 59 57
f 7507 57 59
f 7507 59 8649
f 7508 8652 7510
f 8650 8652 7508
f 8653 7509 7511
f 8653 8651 7509
f 7510 8654 7512
f 8652 8654 7510
f 8655 7511 7513
f 8655 8653 7511
f 8028 8656 7514
f 8028 7514 8024
f 8024 7512 8028
f 8028 7512 8654
f 8657 7513 7515
f 8657 8655 7513
f 6850 8658 7516
f 6850 7516 6848
f 6848 7514 6850
f 6850 7514 8656
f 8659 7941 8329
f 7517 8329 7941
f 8657 7517 7941
f 7515 7517 8657
f 5680 8660 7518
f 5680 7518 5676
f 5676 7516 5680
f 5680 7516 8658
f 7939 7519 8329
f 7519 8659 8329
f 7519 8661 8659
f 8329 7517 7939
f 7518 8662 7520
f 8660 8662 7518
f 8663 6763 7521
f 7521 6763 6761
f 7519 6761 6763
f 7519 6763 8661
f 4500 8664 4936
f 4936 7522 4500
f 7522 8662 4500
f 7522 7520 8662
f 8665 5587 5983
f 7523 5983 5587
f 8663 7523 5587
f 7521 7523 8663
f 8666 4944 4936
f 8666 4936 8664
f 7522 4936 7524
f 7524 4936 4944
f 5583 7525 5983
f 7525 8665 5983
f 7525 8667 8665
f 5983 7523 5583
f 4501 4944 8666
f 8668 6096 5677
f 8668 5677 7524
f 4501 8668 7524
f 4944 4501 7524
f 6096 7526 5677
f 8669 4413 4841
f 7527 4841 4413
f 8667 7527 4413
f 7525 7527 8667
f 8670 6100 6096
f 8670 6096 8668
f 7526 6096 7528
f 7528 6096 6100
f 4845 8671 4841
f 4841 8671 8669
f 4841 7527 7529
f 4841 7529 4845
f 8672 6104 6100
f 8672 6100 8670
f 7528 6100 7530
f 7530 6100 6104
f 4849 8673 4845
f 4845 8673 8671
f 4845 7529 7531
f 4845 7531 4849
f 4502 8674 4970
f 6104 8672 4502
f 6104 4502 4970
f 5678 6104 4970
f 7532 5678 4970
f 7530 6104 5678
f 4853 8675 4849
f 4849 8675 8673
f 4849 7531 5584
f 6003 4849 5584
f 4853 4849 6003
f 7533 6003 5584
f 2306 8676 2706
f 2306 2706 3842
f 2306 3842 3396
f 4970 8674 3396
f 4970 3396 3842
f 4498 4970 3842
f 7534 4498 3842
f 7532 4970 4498
f 4859 8677 4853
f 4853 8677 8675
f 4853 6009 4859
f 4853 6003 6009
f 6003 7533 7535
f 6003 7535 6009
f 1170 8678 1580
f 2706 8676 1170
f 1580 2706 1170
f 2710 2706 1580
f 3394 3842 7536
f 3842 2710 7536
f 3842 2706 2710
f 7534 3842 3394
f 4863 8679 4859
f 4859 8679 8677
f 6009 5585 7537
f 4863 6009 7537
f 4859 6009 4863
f 6009 7535 5585
f 8680 1584 1580
f 8680 1580 8678
f 2714 1580 1584
f 2710 1580 2714
f 7536 2710 7538
f 7538 2710 2714
f 8681 3311 3747
f 8679 4863 3311
f 4863 3747 3311
f 4863 4867 3747
f 4863 7537 7539
f 4863 7539 4867
f 8682 1588 1584
f 8682 1584 8680
f 2304 2714 7540
f 2714 1588 7540
f 2714 1584 1588
f 7538 2714 2304
f 3751 8683 3747
f 3747 8683 8681
f 3747 4871 3751
f 3747 4867 4871
f 4867 7539 7541
f 4867 7541 4871
f 60 8684 7542
f 60 7542 58
f 8682 60 1588
f 60 1168 1588
f 60 58 1168
f 7540 1588 1168
f 3755 8685 3751
f 3751 8685 8683
f 3751 4875 3755
f 3751 4871 4875
f 4871 7541 5586
f 6025 4871 5586
f 4875 4871 6025
f 6762 7211 6025
f 6762 6025 5586
f 7942 8686 7211
f 6762 7942 7211
f 7940 7942 6762
f 7940 7542 7942
f 7942 7542 8684
f 3755 3312 8685
f 3312 3755 8687
f 3755 4879 8687
f 3755 4875 4879
f 4875 6029 4879
f 4875 6025 6029
f 8688 6029 6764
f 6029 7211 6764
f 6029 6025 7211
f 7211 8686 6764
f 4879 4414 8687
f 4414 4879 5588
f 5588 4879 6029
f 6029 8688 5588
f 8689 5695 7543
f 7543 5695 5693
f 5695 6863 5693
f 6865 6863 5695
f 6865 8690 6863
f 6863 8690 7544
f 8691 4527 7545
f 7545 4527 4523
f 7543 4523 4527
f 7543 4527 8689
f 8043 7544 8690
f 8043 8690 8045
f 8045 8692 8043
f 8043 8692 7546
f 8693 3421 7547
f 7547 3421 3417
f 7545 3417 3421
f 7545 3421 8691
f 149 7546 8692
f 149 8692 151
f 151 8694 149
f 149 8694 7548
f 8695 7547 7549
f 8695 8693 7547
f 1255 7548 8694
f 1255 8694 1257
f 1257 8696 1255
f 1255 8696 7550
f 8697 2331 7551
f 7551 2331 2327
f 7549 2327 2331
f 7549 2331 8695
f 7550 8698 7552
f 8696 8698 7550
f 8699 7551 7553
f 8699 8697 7551
f 7552 8700 7554
f 8698 8700 7552
f 7553 2328 8699
f 8699 2328 2332
f 8701 2332 2328
f 8701 2328 7555
f 1258 8702 7556
f 1258 7556 1256
f 1256 7554 1258
f 1258 7554 8700
f 7555 3418 8701
f 8701 3418 3422
f 8703 3422 3418
f 8703 3418 7557
f 152 8704 7558
f 152 7558 150
f 150 7556 152
f 152 7556 8702
f 7557 4524 8703
f 8703 4524 4528
f 5694 4528 4524
f 5694 5696 4528
f 6864 5696 5694
f 6864 6866 5696
f 8044 6866 6864
f 8044 8046 6866
f 8044 7558 8046
f 8046 7558 8704
f 8705 4767 5161
f 5161 4767 6301
f 6301 4767 5907
f 6301 5907 7469
f 7469 5907 7081
f 7081 8706 7469
f 8707 2543 2881
f 2881 2543 7559
f 2543 3647 7559
f 2543 3649 3647
f 3649 8705 5161
f 4765 3649 5161
f 3647 3649 4765
f 6303 7560 4765
f 5161 6303 4765
f 6301 6303 5161
f 6301 7471 6303
f 6301 7469 7471
f 8265 8621 8706
f 8621 7469 8706
f 8621 7471 7469
f 8265 8708 8621
f 2541 7561 2881
f 7561 8707 2881
f 7561 8709 8707
f 2881 7559 2541
f 6303 5905 7560
f 7473 7562 5905
f 6303 7473 5905
f 7471 7473 6303
f 7471 8623 7473
f 7471 8621 8623
f 8621 8708 8623
f 8623 8708 8710
f 8711 5605 5963
f 5963 5605 7151
f 7151 5605 6781
f 7151 6781 7563
f 6781 7955 7563
f 6781 7957 7955
f 7957 73 7955
f 75 73 7957
f 75 1189 73
f 1191 1189 75
f 1191 2329 1189
f 2333 2329 1191
f 2333 8712 2329
f 2329 8712 7564
f 8713 1413 1779
f 7565 1779 1413
f 8709 7565 1413
f 7561 7565 8709
f 7475 7566 7562
f 7475 7562 7473
f 8714 7475 8266
f 7475 8623 8266
f 7475 7473 8623
f 8623 8710 8266
f 8715 4425 4823
f 8711 5963 4425
f 4425 5963 4823
f 5963 5603 4823
f 5603 7567 4823
f 7151 6779 5603
f 7151 5603 5963
f 7151 7563 6779
f 3419 7564 8712
f 3419 8712 3423
f 7568 3419 4923
f 3419 4529 4923
f 3419 3423 4529
f 4529 8716 4923
f 1779 1414 8713
f 2887 8717 2542
f 2542 8717 7565
f 8717 1414 7565
f 1414 1779 7565
f 7569 2887 2542
f 5906 6309 7570
f 6309 5906 7566
f 7475 6309 7566
f 7477 6309 7475
f 7475 8714 7477
f 7477 8714 8718
f 4825 8719 4823
f 4823 8719 8715
f 4823 7567 7571
f 4823 7571 4825
f 4923 4525 7568
f 8716 5697 6077
f 8716 6077 7572
f 4923 8716 7572
f 4525 4923 7572
f 5697 8720 6077
f 2887 2544 8717
f 4023 8721 3648
f 3648 8721 7569
f 8721 2544 7569
f 2544 2887 7569
f 4766 5171 4023
f 4766 4023 3648
f 5171 4766 7570
f 6309 5171 7570
f 6311 5171 6309
f 8722 6311 7082
f 6311 7477 7082
f 6311 6309 7477
f 7477 8718 7082
f 4825 4426 8719
f 8723 4426 4825
f 7571 8723 4825
f 7573 8723 7571
f 6079 7574 7572
f 6079 7572 6077
f 6077 8720 6079
f 6079 8720 8724
f 4023 3650 8721
f 3650 4023 4768
f 4768 4023 5171
f 4768 5171 5908
f 5908 5171 6311
f 6311 8722 5908
f 7573 5604 8723
f 8723 5604 5606
f 8725 5606 5604
f 8725 5604 7575
f 6083 7576 7574
f 6083 7574 6079
f 6079 8724 6083
f 6083 8724 8726
f 7575 6780 8725
f 8725 6780 6782
f 6780 7577 8336
f 7958 6780 8336
f 6782 6780 7958
f 8727 7958 8336
f 4526 4937 7578
f 4937 4526 7576
f 6083 4937 7576
f 6087 4937 6083
f 6083 8726 6087
f 6087 8726 8728
f 7956 8336 7577
f 76 8727 446
f 446 8727 7579
f 8727 8336 7579
f 8336 7956 7579
f 8729 76 446
f 4945 7580 7578
f 4945 7578 4937
f 8730 4945 5698
f 4945 6087 5698
f 4945 4937 6087
f 6087 8728 5698
f 74 446 7579
f 446 74 8729
f 74 1192 8729
f 74 1190 1192
f 2330 1192 1190
f 2330 2334 1192
f 3420 2334 2330
f 3420 3424 2334
f 4945 4530 7580
f 4530 3420 7580
f 4530 3424 3420
f 4945 8730 4530
f 8731 5923 7581
f 7581 5923 5921
f 5923 7095 5921
f 7097 7095 5923
f 7097 8732 7095
f 7095 8732 7582
f 8733 4783 7583
f 7583 4783 4781
f 7581 4781 4783
f 7581 4783 8731
f 8279 7582 8732
f 8279 8732 8281
f 7584 8279 695
f 8279 385 695
f 8279 8281 385
f 385 8734 695
f 8735 3665 7585
f 7585 3665 3663
f 7583 3663 3665
f 7583 3665 8733
f 695 383 7584
f 695 8734 383
f 8734 7586 383
f 8734 8736 7586
f 8737 1429 7587
f 7587 1429 1427
f 1429 2557 1427
f 2559 2557 1429
f 7585 2557 2559
f 7585 2559 8735
f 7586 8738 7588
f 8736 8738 7586
f 8739 331 7589
f 7589 331 329
f 7587 329 331
f 7587 331 8737
f 7588 8740 7590
f 8738 8740 7588
f 8741 8213 7591
f 7591 8213 8211
f 7589 8211 8213
f 7589 8213 8739
f 8740 1473 1809
f 7592 8740 1809
f 7590 8740 7592
f 1473 8742 1809
f 8743 7027 7593
f 7593 7027 7025
f 7591 7025 7027
f 7591 7027 8741
f 1813 7594 7592
f 1813 7592 1809
f 1809 8742 1813
f 1813 8742 8744
f 8745 6797 7595
f 7595 6797 6795
f 6797 7971 6795
f 7973 7971 6797
f 428 89 8746
f 89 7973 8746
f 89 7971 7973
f 428 7596 89
f 7366 6957 7597
f 8522 8141 7366
f 7366 8141 6957
f 620 257 8522
f 8522 257 8141
f 620 7598 257
f 8747 5851 7599
f 7599 5851 5849
f 7593 5849 5851
f 7593 5851 8743
f 7594 1813 1474
f 8748 7594 1474
f 7600 7594 8748
f 1813 8744 1474
f 8749 5621 7601
f 7601 5621 5619
f 7595 5619 5621
f 7595 5621 8745
f 91 428 8746
f 1205 7596 428
f 91 1205 428
f 1207 1205 91
f 2670 2349 8750
f 2349 1207 8750
f 2349 1205 1207
f 2670 7602 2349
f 6196 5791 7603
f 6959 7366 7597
f 6959 7597 5791
f 8751 6959 5791
f 6196 8751 5791
f 7366 6959 8143
f 7366 8143 8522
f 8522 8143 259
f 8522 259 620
f 1355 7598 620
f 259 1355 620
f 1357 1355 259
f 1357 2485 1355
f 2487 2485 1357
f 2487 3591 2485
f 3593 3591 2487
f 3593 4709 3591
f 4711 4709 3593
f 7599 4709 4711
f 7599 4711 8747
f 384 711 7604
f 384 7600 711
f 7600 8752 711
f 7600 8748 8752
f 8753 4441 7605
f 7605 4441 4439
f 7601 4439 4441
f 7601 4441 8749
f 2351 2670 8750
f 8754 3798 3441
f 8754 3441 7602
f 2351 8754 7602
f 2670 2351 7602
f 3798 7606 3441
f 5062 4633 7607
f 5793 6196 7603
f 5793 7603 4633
f 8755 5793 4633
f 5062 8755 4633
f 8751 6196 5793
f 8282 8756 7608
f 8282 7608 8280
f 711 386 7604
f 386 8280 7604
f 386 8282 8280
f 711 8752 386
f 8757 3339 7609
f 7609 3339 3337
f 7605 3337 3339
f 7605 3339 8753
f 3443 3798 8754
f 8758 4926 4549
f 8758 4549 7606
f 3443 8758 7606
f 3798 3443 7606
f 4926 7610 4549
f 7611 5066 7607
f 7607 5066 5062
f 8755 5062 5066
f 8755 5066 8759
f 5924 8760 6312
f 5924 6312 7612
f 7096 5924 7612
f 7098 5924 7096
f 7096 7608 7098
f 7098 7608 8756
f 2598 2247 7613
f 7609 2247 2598
f 8761 7609 2598
f 8757 7609 8761
f 4551 4926 8758
f 4551 8762 4926
f 8762 7610 4926
f 8762 7614 7610
f 7615 5070 7611
f 7611 5070 5066
f 8759 5066 5070
f 8759 5070 8763
f 4784 8764 5174
f 6312 8760 4784
f 6312 4784 5174
f 5922 6312 5174
f 7616 5922 5174
f 7612 6312 5922
f 2598 7613 2249
f 7613 8765 2249
f 7613 7617 8765
f 8761 2598 2249
f 7614 8766 7618
f 8762 8766 7614
f 4634 5070 7615
f 5794 8763 6212
f 6212 8763 7619
f 8763 5070 7619
f 5070 4634 7619
f 8767 5794 6212
f 7620 4782 5174
f 8764 7620 5174
f 8768 7620 8764
f 7616 5174 4782
f 8769 1115 7621
f 7621 1115 1113
f 7617 1113 1115
f 7617 1115 8765
f 4552 8770 7622
f 4552 7622 4550
f 4550 7618 4552
f 4552 7618 8766
f 5792 6212 7619
f 6960 8767 7390
f 7390 8767 7623
f 8767 6212 7623
f 6212 5792 7623
f 8771 6960 7390
f 7620 8772 7624
f 8768 8772 7620
f 8773 5 7625
f 7625 5 3
f 7621 3 5
f 7621 5 8769
f 7622 8774 7626
f 8770 8774 7622
f 6958 7390 7623
f 7390 6958 8771
f 6958 8144 8771
f 6958 8142 8144
f 8775 8144 8142
f 8775 8142 7627
f 3666 8776 7628
f 3666 7628 3664
f 3664 7624 3666
f 3666 7624 8772
f 8777 5565 5947
f 5947 5565 7629
f 5565 6717 7629
f 5565 6719 6717
f 6719 7887 6717
f 7889 7887 6719
f 7625 7887 7889
f 7625 7889 8773
f 3442 3821 7630
f 3442 7626 3821
f 7626 8778 3821
f 7626 8774 8778
f 7627 258 8775
f 8775 258 260
f 1356 260 258
f 1356 1358 260
f 8779 1358 1356
f 8779 1356 7631
f 2558 2899 7632
f 2558 7628 2899
f 7628 8780 2899
f 7628 8776 8780
f 8781 4399 4811
f 8777 5947 4399
f 4399 5947 4811
f 5947 5563 4811
f 5563 7633 4811
f 5947 7629 5563
f 3827 7634 7630
f 3827 7630 3821
f 3821 8778 3827
f 3827 8778 8782
f 7631 2486 8779
f 8779 2486 2488
f 3592 2488 2486
f 3592 3594 2488
f 4710 3594 3592
f 4710 4712 3594
f 5850 4712 4710
f 5850 5852 4712
f 7026 5852 5850
f 7026 7028 5852
f 8212 7028 7026
f 8212 8214 7028
f 330 8214 8212
f 330 332 8214
f 1428 332 330
f 1428 1430 332
f 2899 2560 7632
f 2560 1428 7632
f 2560 1430 1428
f 2899 8780 2560
f 8783 3299 3695
f 8781 4811 3299
f 3299 4811 3695
f 4811 4397 3695
f 4397 7635 3695
f 4811 7633 4397
f 2350 2695 7636
f 3827 3444 7634
f 7634 3444 2350
f 3444 8784 2350
f 8784 2695 2350
f 3827 8782 3444
f 3697 8785 3695
f 3695 8785 8783
f 3695 7635 7637
f 3695 7637 3697
f 3338 3729 7638
f 4440 4851 3729
f 4440 3729 3338
f 5620 6001 4851
f 5620 4851 4440
f 6796 7187 6001
f 6796 6001 5620
f 7972 8357 7187
f 7972 7187 6796
f 90 463 8357
f 90 8357 7972
f 1206 1569 463
f 1206 463 90
f 2695 2352 7636
f 7636 2352 1206
f 2352 8786 1206
f 8786 1569 1206
f 2695 8784 2352
f 3699 8787 3697
f 3697 8787 8785
f 3697 7637 7639
f 3697 7639 3699
f 2248 2619 7640
f 2619 2248 7638
f 3729 2619 7638
f 3733 2619 3729
f 8788 3733 4442
f 3733 4851 4442
f 3733 3729 4851
f 4442 4851 5622
f 5622 4851 6001
f 5622 6001 6798
f 6798 6001 7187
f 6798 7187 7974
f 7974 7187 8357
f 7974 8357 92
f 92 8357 463
f 92 463 1208
f 1208 463 1569
f 1569 8786 1208
f 3699 3300 8787
f 4819 8789 4398
f 4398 8789 7639
f 8789 3300 7639
f 3300 3699 7639
f 7641 4819 4398
f 6 8790 7642
f 6 7642 4
f 1114 6 4
f 1114 1116 6
f 2619 2250 7640
f 2250 1114 7640
f 2250 1116 1114
f 2250 2619 3340
f 3340 2619 3733
f 3733 8788 3340
f 4819 4400 8789
f 5959 8791 5564
f 5564 8791 7641
f 8791 4400 7641
f 4400 4819 7641
f 6718 7143 5959
f 6718 5959 5564
f 7890 8792 7143
f 6718 7890 7143
f 7888 7890 6718
f 7888 7642 7890
f 7890 7642 8790
f 5959 5566 8791
f 5566 5959 6720
f 6720 5959 7143
f 7143 8792 6720
f 8793 7043 7643
f 7643 7043 7041
f 7043 8227 7041
f 8229 8227 7043
f 660 345 8794
f 345 8229 8794
f 345 8227 8229
f 660 7644 345
f 8795 5867 7645
f 7645 5867 5865
f 7643 5865 5867
f 7643 5867 8793
f 347 660 8794
f 1443 7644 660
f 347 1443 660
f 1445 1443 347
f 2878 2573 8796
f 2573 1445 8796
f 2573 1443 1445
f 2878 7646 2573
f 8797 3609 3973
f 3973 3609 7647
f 3609 4725 7647
f 3609 4727 4725
f 7645 4725 4727
f 7645 4727 8795
f 2575 2878 8796
f 2575 8798 2878
f 8798 7646 2878
f 8798 7648 7646
f 8799 2503 2841
f 8797 3973 2503
f 2503 3973 2841
f 3973 3607 2841
f 3607 7649 2841
f 3973 7647 3607
f 3679 7648 8798
f 3679 8798 3681
f 3681 8800 3679
f 3679 8800 7650
f 8801 1373 7651
f 7651 1373 1371
f 1373 8799 2841
f 2501 1373 2841
f 1371 1373 2501
f 2841 7649 2501
f 4797 7650 8800
f 4797 8800 4799
f 4799 8802 4797
f 4797 8802 7652
f 8803 275 7653
f 7653 275 273
f 7651 273 275
f 7651 275 8801
f 8804 6308 5937
f 7652 8804 5937
f 8802 8804 7652
f 6308 7654 5937
f 8805 8159 7655
f 7655 8159 8157
f 7653 8157 8159
f 7653 8159 8803
f 5939 6308 8804
f 8806 7478 7111
f 8806 7111 7654
f 5939 8806 7654
f 6308 5939 7654
f 7478 7656 7111
f 8807 7655 7657
f 8807 8805 7655
f 7113 7478 8806
f 7113 8808 7478
f 8808 7656 7478
f 8808 7658 7656
f 8809 4457 7659
f 7659 4457 4455
f 4457 5635 4455
f 5637 5635 4457
f 5637 6811 5635
f 6813 6811 5637
f 7660 6811 8331
f 6811 7989 8331
f 6811 6813 7989
f 7989 8810 8331
f 8811 6971 7383
f 7661 7383 6971
f 8807 7661 6971
f 7657 7661 8807
f 7658 8812 7662
f 8808 8812 7658
f 8813 3355 7663
f 7663 3355 3353
f 7659 3353 3355
f 7659 3355 8809
f 8331 7987 7660
f 7987 8331 8810
f 107 7987 8810
f 105 7987 107
f 107 1221 105
f 1223 1221 107
f 1223 8814 1221
f 1221 8814 7664
f 8815 5797 6213
f 8811 7383 5797
f 5797 7383 6213
f 7383 6969 6213
f 6969 7665 6213
f 7383 7661 6969
f 7662 8816 7666
f 8812 8816 7662
f 8817 2265 7667
f 7667 2265 2263
f 7663 2263 2265
f 7663 2265 8813
f 2365 7664 8814
f 2365 8814 2367
f 2367 8818 2365
f 2365 8818 7668
f 5795 7669 6213
f 7669 8815 6213
f 7669 8819 8815
f 6213 7665 5795
f 7666 8820 7670
f 8816 8820 7666
f 8821 21 7671
f 7671 21 19
f 21 1129 19
f 1131 1129 21
f 7667 1129 1131
f 7667 1131 8817
f 3457 7668 8818
f 3457 8818 3459
f 3459 8822 3457
f 3457 8822 7672
f 8823 4635 5079
f 7673 5079 4635
f 8819 7673 4635
f 7669 7673 8819
f 7114 8824 7674
f 7114 7674 7112
f 7112 7670 7114
f 7114 7670 8820
f 8825 7905 7675
f 7675 7905 7903
f 7671 7903 7905
f 7671 7905 8821
f 7672 8826 7676
f 8822 8826 7672
f 5081 8827 5079
f 5079 8827 8823
f 5079 7673 7677
f 5079 7677 5081
f 5940 8828 7678
f 5940 7678 5938
f 5938 7674 5940
f 5940 7674 8824
f 5950 5579 7679
f 8829 6735 5950
f 6735 5579 5950
f 6735 6733 5579
f 7675 6733 6735
f 7675 6735 8825
f 7676 8830 7680
f 8826 8830 7676
f 5081 4636 8827
f 6223 8831 5796
f 5796 8831 7677
f 8831 4636 7677
f 4636 5081 7677
f 7681 6223 5796
f 4800 8832 7682
f 4800 7682 4798
f 4798 7678 4800
f 4800 7678 8828
f 7683 5952 7679
f 7679 5952 5950
f 8829 5950 5952
f 8829 5952 8833
f 3460 8834 3834
f 3834 7684 3460
f 7684 8830 3460
f 7684 7680 8830
f 6223 5798 8831
f 7399 8835 6970
f 6970 8835 7681
f 8835 5798 7681
f 5798 6223 7681
f 7685 7399 6970
f 3682 8836 7686
f 3682 7686 3680
f 3680 7682 3682
f 3682 7682 8832
f 7687 5954 7683
f 7683 5954 5952
f 7132 6736 8833
f 5952 7132 8833
f 5954 7132 5952
f 8837 6736 7132
f 2368 8838 2702
f 3834 8834 2368
f 3834 2368 2702
f 3458 3834 2702
f 7688 3458 2702
f 7684 3834 3458
f 7399 6972 8835
f 7685 8158 7399
f 8158 6972 7399
f 8158 8160 6972
f 274 8160 8158
f 274 276 8160
f 1372 276 274
f 1372 1374 276
f 2502 1374 1372
f 2502 2504 1374
f 8839 2504 2502
f 8839 2502 7689
f 2576 8840 2906
f 2906 7690 2576
f 7690 8836 2576
f 7690 7686 8836
f 5580 5954 7687
f 7691 7136 5580
f 7136 5954 5580
f 7136 7132 5954
f 8306 7906 8837
f 7132 8306 8837
f 7136 8306 7132
f 7906 8306 410
f 7906 410 22
f 8841 22 410
f 3356 8842 7692
f 3356 7692 3354
f 4456 3356 3354
f 4456 4458 3356
f 5636 4458 4456
f 5636 5638 4458
f 6812 5638 5636
f 6812 6814 5638
f 6812 7693 8362
f 7990 6812 8362
f 6814 6812 7990
f 7990 8362 468
f 7990 468 108
f 108 468 1576
f 108 1576 1224
f 2702 8838 1224
f 2702 1224 1576
f 2366 2702 1576
f 7694 2366 1576
f 7688 2702 2366
f 7689 3608 8839
f 8839 3608 3610
f 4726 3610 3608
f 4726 4728 3610
f 8843 4728 4726
f 8843 4726 7695
f 1446 8844 7696
f 1446 7696 1444
f 8840 1446 2906
f 1446 2574 2906
f 1446 1444 2574
f 7690 2906 2574
f 6734 7136 7691
f 7904 8306 6734
f 6734 8306 7136
f 20 410 7904
f 7904 410 8306
f 410 20 8841
f 20 1132 8841
f 20 1130 1132
f 2264 1132 1130
f 2264 2266 1132
f 2264 7692 2266
f 2266 7692 8842
f 7988 8362 7693
f 106 468 7988
f 7988 468 8362
f 1222 1576 106
f 106 1576 468
f 7694 1576 1222
f 7695 5866 8843
f 8843 5866 5868
f 7042 5868 5866
f 7042 7044 5868
f 8228 7044 7042
f 8228 8230 7044
f 346 8230 8228
f 346 348 8230
f 346 7696 348
f 348 7696 8844
f 8845 7059 7697
f 7697 7059 7057
f 7059 8243 7057
f 8245 8243 7059
f 8245 8846 8243
f 8243 8846 7698
f 8847 3625 3967
f 3967 3625 7699
f 3625 4741 7699
f 3625 4743 4741
f 4743 5881 4741
f 5883 5881 4743
f 7697 5881 5883
f 7697 5883 8845
f 361 7698 8846
f 361 8846 363
f 363 8848 361
f 361 8848 7700
f 8849 8175 8513
f 8513 8175 611
f 611 8175 291
f 611 291 1721
f 1721 291 1389
f 1721 1389 7701
f 1389 2517 7701
f 1389 2519 2517
f 2519 8847 3967
f 3623 2519 3967
f 2517 2519 3623
f 3967 7699 3623
f 1459 7700 8848
f 1459 8848 1461
f 1461 8850 1459
f 1459 8850 7702
f 8851 6987 7359
f 8849 8513 6987
f 8513 7359 6987
f 8513 8515 7359
f 8513 613 8515
f 8513 611 613
f 1721 1387 7703
f 613 1721 7703
f 611 1721 613
f 1721 7701 1387
f 7702 8852 7704
f 8850 8852 7702
f 7361 8853 7359
f 7359 8853 8851
f 8515 8173 7705
f 7361 8515 7705
f 7359 8515 7361
f 613 289 8173
f 613 8173 8515
f 613 7703 289
f 7704 8854 7706
f 8852 8854 7704
f 8855 5813 6191
f 8853 7361 5813
f 7361 6191 5813
f 7361 7363 6191
f 7361 7705 7707
f 7361 7707 7363
f 7706 8856 7708
f 8854 8856 7706
f 8857 187 547
f 547 187 1659
f 1659 187 1291
f 1659 1291 2781
f 2781 1291 2429
f 2429 8858 2781
f 8859 4651 5057
f 8855 6191 4651
f 6191 5057 4651
f 6191 6193 5057
f 6191 7367 6193
f 6191 7363 7367
f 7363 7707 7709
f 7363 7709 7367
f 7708 8860 7710
f 8856 8860 7708
f 8861 8077 8449
f 8857 547 8077
f 8077 547 8449
f 547 183 8449
f 183 7711 8449
f 1659 1289 183
f 1659 183 547
f 2783 7712 1289
f 1659 2783 1289
f 2781 2783 1659
f 3535 3917 8858
f 3917 2781 8858
f 3917 2783 2781
f 8859 5057 3535
f 5057 3917 3535
f 5057 5059 3917
f 5057 6197 5059
f 5057 6193 6197
f 7367 6985 7713
f 6197 7367 7713
f 6193 7367 6197
f 7367 7709 6985
f 7710 8862 7714
f 8860 8862 7710
f 8863 6901 7291
f 8861 8449 6901
f 6901 8449 7291
f 8449 8075 7291
f 8075 7715 7291
f 8449 7711 8075
f 2783 2427 7712
f 3917 3533 2427
f 3917 2427 2783
f 5059 4649 3533
f 5059 3533 3917
f 6197 5811 4649
f 6197 4649 5059
f 6197 7713 5811
f 1462 8864 1782
f 1782 2888 2589
f 8862 1782 2589
f 7714 8862 2589
f 1462 1782 8862
f 2888 7716 2589
f 8865 3371 7717
f 7717 3371 3369
f 3371 4471 3369
f 4473 4471 3371
f 4473 5651 4471
f 5653 5651 4473
f 7160 6827 8866
f 6827 5653 8866
f 6827 5651 5653
f 7160 7718 6827
f 6899 7719 7291
f 7719 8863 7291
f 7719 8867 8863
f 7291 7715 6899
f 8868 1784 1782
f 8868 1782 8864
f 2890 1782 1784
f 2888 1782 2890
f 7716 2888 7720
f 7720 2888 2890
f 8869 2281 7721
f 7721 2281 2279
f 7717 2279 2281
f 7717 2281 8865
f 6829 7160 8866
f 8870 8332 8003
f 8870 8003 7718
f 6829 8870 7718
f 7160 6829 7718
f 8332 7722 8003
f 8871 7719 7723
f 8871 8867 7719
f 1463 1784 8868
f 8872 7724 2590
f 1784 8872 2590
f 2890 1784 2590
f 8872 1784 1463
f 7720 2890 2590
f 8873 1147 7725
f 7725 1147 1145
f 7721 1145 1147
f 7721 1147 8869
f 8005 8332 8870
f 121 7722 8332
f 8005 121 8332
f 123 121 8005
f 1548 1237 8874
f 1237 123 8874
f 1237 121 123
f 1548 7726 1237
f 8875 3475 3805
f 3805 3475 4933
f 4933 3475 4571
f 4933 4571 6085
f 6085 4571 5719
f 5719 8876 6085
f 8877 7723 7727
f 8877 8871 7723
f 7724 8878 7728
f 8872 8878 7724
f 8879 37 7729
f 7729 37 35
f 7725 35 37
f 7725 37 8873
f 1239 1548 8874
f 2381 7726 1548
f 1239 2381 1548
f 2383 2381 1239
f 2383 8875 3805
f 3473 2383 3805
f 2381 2383 3473
f 4933 4569 3473
f 4933 3473 3805
f 6085 5717 4569
f 6085 4569 4933
f 8876 6881 7267
f 8876 7267 7730
f 6085 8876 7730
f 5717 6085 7730
f 7267 6881 8421
f 8421 6881 8053
f 8053 8880 8421
f 8881 5739 6129
f 7731 6129 5739
f 8877 7731 5739
f 7727 7731 8877
f 1464 8882 1790
f 1790 7732 1464
f 7732 8878 1464
f 7732 7728 8878
f 8883 7921 7733
f 7733 7921 7919
f 7729 7919 7921
f 7729 7921 8879
f 7267 6879 7730
f 8423 7734 6879
f 7267 8423 6879
f 8421 8423 7267
f 8421 8880 8423
f 8423 8880 8884
f 8885 4589 4997
f 8881 6129 4589
f 6129 4997 4589
f 6129 6131 4997
f 6129 7731 7735
f 6129 7735 6131
f 8886 1792 1790
f 8886 1790 8882
f 7732 1790 7736
f 7736 1790 1792
f 8887 6745 7737
f 7737 6745 6743
f 7733 6743 6745
f 7733 6745 8883
f 8425 7738 7734
f 8425 7734 8423
f 8423 8884 8425
f 8425 8884 8888
f 8889 3491 3869
f 8885 4997 3491
f 4997 3869 3491
f 4997 4999 3869
f 6131 5737 7739
f 4999 6131 7739
f 4997 6131 4999
f 6131 7735 5737
f 8890 1794 1792
f 8890 1792 8886
f 7736 1792 7740
f 7740 1792 1794
f 8891 7737 7741
f 8891 8887 7737
f 8427 7742 7738
f 8427 7738 8425
f 8425 8888 8427
f 8427 8888 8892
f 8893 2397 2737
f 8889 3869 2397
f 3869 2737 2397
f 3869 3871 2737
f 4999 4587 7743
f 3871 4999 7743
f 3869 4999 3871
f 4999 7739 4587
f 1290 1677 7744
f 2428 2799 1677
f 2428 1677 1290
f 3534 3937 2799
f 3534 2799 2428
f 7745 3937 3534
f 8894 1796 1794
f 8894 1794 8890
f 7740 1794 7746
f 7746 1794 1796
f 8895 7741 7747
f 8895 8891 7741
f 6880 7275 7748
f 7275 6880 7742
f 8427 7275 7742
f 8429 7275 8427
f 157 519 8892
f 519 8427 8892
f 519 8429 8427
f 519 157 1621
f 1621 157 1259
f 8893 2737 1259
f 2737 1621 1259
f 2737 2739 1621
f 2737 3873 2739
f 2737 3871 3873
f 3871 7743 7749
f 3871 7749 3873
f 184 567 7750
f 567 184 7744
f 1677 567 7744
f 1679 567 1677
f 8896 1679 2430
f 1679 2799 2430
f 1679 1677 2799
f 2430 2799 8897
f 2799 3939 8897
f 2799 3937 3939
f 3937 7745 4650
f 5085 3937 4650
f 3939 3937 5085
f 7751 5085 4650
f 364 8898 690
f 1796 8894 364
f 1796 364 690
f 1460 1796 690
f 7752 1460 690
f 7746 1796 1460
f 8899 7747 7753
f 8899 8895 7747
f 5718 6107 7754
f 6107 5718 7748
f 7275 6107 7748
f 7277 6107 7275
f 7275 8431 7277
f 7275 8429 8431
f 8429 521 8431
f 8429 519 521
f 519 1623 521
f 519 1621 1623
f 2739 2395 7755
f 1623 2739 7755
f 1621 2739 1623
f 3873 3489 2395
f 3873 2395 2739
f 3873 7749 3489
f 569 7756 7750
f 569 7750 567
f 8900 569 1292
f 569 1679 1292
f 569 567 1679
f 1679 8896 1292
f 3939 3536 8897
f 3536 3939 8901
f 3939 5087 8901
f 3939 5085 5087
f 5085 7751 5812
f 6229 5085 5812
f 5087 5085 6229
f 7757 6229 5812
f 4744 8902 5152
f 4744 5152 6288
f 4744 6288 5884
f 5884 6288 7456
f 5884 7456 7060
f 7060 7456 8606
f 7060 8606 8246
f 690 8898 8246
f 690 8246 8606
f 362 690 8606
f 7758 362 8606
f 7752 690 362
f 7137 8903 6744
f 8903 7753 6744
f 8903 8899 7753
f 7759 7137 6744
f 4570 4975 7760
f 6107 5720 7754
f 7754 5720 4570
f 5720 8904 4570
f 8904 4975 4570
f 5720 6107 6882
f 6882 6107 7277
f 6882 7277 8054
f 8054 7277 8431
f 8054 8431 158
f 158 8431 521
f 158 521 8905
f 521 1625 8905
f 521 1623 1625
f 1623 7755 7761
f 1623 7761 1625
f 571 7762 7756
f 571 7756 569
f 569 8900 571
f 571 8900 8906
f 5087 4652 8901
f 4652 5087 8907
f 5087 6231 8907
f 5087 6229 6231
f 6229 7757 7763
f 6229 7763 6231
f 3626 8908 4006
f 5152 8902 3626
f 5152 3626 4006
f 4742 5152 4006
f 7764 4742 4006
f 5882 6288 4742
f 4742 6288 5152
f 7058 7456 5882
f 5882 7456 6288
f 8244 8606 7058
f 7058 8606 7456
f 7758 8606 8244
f 7137 6746 8903
f 8909 6746 7137
f 7759 8909 7137
f 7765 8909 7759
f 3474 3847 7766
f 4975 4572 7760
f 7760 4572 3474
f 4572 8910 3474
f 8910 3847 3474
f 4975 8904 4572
f 1627 8911 1625
f 1625 8911 8905
f 1625 7761 7767
f 1625 7767 1627
f 573 7768 7762
f 573 7762 571
f 1293 1685 8906
f 1685 571 8906
f 1685 573 571
f 1293 8912 1685
f 6233 8913 6231
f 6231 8913 8907
f 6231 7763 7769
f 6231 7769 6233
f 2520 8914 7770
f 2520 7770 2518
f 8908 2520 4006
f 2520 3624 4006
f 2520 2518 3624
f 7764 4006 3624
f 8915 6747 7145
f 7771 7145 6747
f 8909 7771 6747
f 7765 7771 8909
f 2382 2715 7772
f 3847 3476 7766
f 7766 3476 2382
f 3476 8916 2382
f 8916 2715 2382
f 3847 8910 3476
f 1629 8917 1627
f 1627 8917 8911
f 1627 7767 7773
f 1627 7773 1629
f 573 185 7768
f 1687 7774 185
f 573 1687 185
f 1685 1687 573
f 2431 2809 8912
f 2809 1685 8912
f 2809 1687 1685
f 2809 2431 3947
f 3947 2431 3537
f 3947 3537 5093
f 5093 3537 4653
f 8913 6233 4653
f 6233 5093 4653
f 6233 6235 5093
f 6233 7769 6986
f 7407 6233 6986
f 6235 6233 7407
f 8174 8557 7407
f 8174 7407 6986
f 290 655 8557
f 290 8557 8174
f 1390 8918 655
f 290 1390 655
f 1388 1390 290
f 1388 7770 1390
f 1390 7770 8914
f 7147 8919 7145
f 7145 8919 8915
f 7145 7771 7775
f 7145 7775 7147
f 2719 7776 7772
f 2719 7772 2715
f 2715 8916 2719
f 2719 8916 8920
f 1629 1260 8917
f 2749 8921 2396
f 2396 8921 7773
f 8921 1260 7773
f 1260 1629 7773
f 7777 2749 2396
f 1689 7778 7774
f 1689 7774 1687
f 1687 2811 1689
f 1687 2809 2811
f 2809 3949 2811
f 2809 3947 3949
f 3947 5095 3949
f 3947 5093 5095
f 5093 6237 5095
f 5093 6235 6237
f 6235 7409 6237
f 6235 7407 7409
f 8922 7409 8176
f 7409 8557 8176
f 7409 7407 8557
f 8176 8557 292
f 292 8557 655
f 655 8918 292
f 7147 6748 8919
f 8923 6748 7147
f 7775 8923 7147
f 7779 8923 7775
f 7776 2719 2384
f 8924 7776 2384
f 7780 7776 8924
f 2719 8920 2384
f 2749 2398 8921
f 8925 2398 2749
f 7777 8925 2749
f 7781 8925 7777
f 1691 7782 7778
f 1691 7778 1689
f 1689 2813 1691
f 1689 2811 2813
f 2811 3951 2813
f 2811 3949 3951
f 3949 5097 3951
f 3949 5095 5097
f 5095 6239 5097
f 5095 6237 6239
f 6237 7411 6239
f 6237 7409 7411
f 7409 8922 7411
f 7411 8922 8926
f 7779 7920 8923
f 8923 7920 7922
f 8927 7922 7920
f 8927 7920 7783
f 7780 8928 7784
f 8924 8928 7780
f 7781 3490 8925
f 8925 3490 3492
f 8929 3492 3490
f 8929 3490 7785
f 1693 7786 7782
f 1693 7782 1691
f 1691 2815 1693
f 1691 2813 2815
f 2813 3953 2815
f 2813 3951 3953
f 3951 5099 3953
f 3951 5097 5099
f 5097 6241 5099
f 5097 6239 6241
f 8930 6241 6988
f 6241 7411 6988
f 6241 6239 7411
f 7411 8926 6988
f 7783 36 8927
f 8927 36 38
f 8931 38 36
f 8931 36 7787
f 7784 8932 7788
f 8928 8932 7784
f 7785 4588 8929
f 8929 4588 4590
f 5738 6153 8933
f 4590 5738 8933
f 4588 5738 4590
f 7789 6153 5738
f 8076 8483 7790
f 186 583 8483
f 186 8483 8076
f 583 186 7786
f 1693 583 7786
f 1695 583 1693
f 1693 2817 1695
f 1693 2815 2817
f 2815 3955 2817
f 2815 3953 3955
f 8934 3955 4654
f 3955 5099 4654
f 3955 3953 5099
f 4654 5099 5814
f 5814 5099 6241
f 6241 8930 5814
f 7787 1146 8931
f 8931 1146 1148
f 8935 1148 1146
f 8935 1146 7791
f 1240 8936 7792
f 1240 7792 1238
f 1238 7788 1240
f 1240 7788 8932
f 6153 5740 8933
f 7789 6900 6153
f 6900 5740 6153
f 6900 6902 5740
f 8483 8078 7790
f 8078 6900 7790
f 8078 6902 6900
f 8078 8483 188
f 188 8483 583
f 188 583 1294
f 1294 583 1695
f 1294 1695 2432
f 2432 1695 2817
f 2432 2817 3538
f 3538 2817 3955
f 3955 8934 3538
f 7791 2280 8935
f 8935 2280 2282
f 8937 2282 2280
f 8937 2280 7793
f 124 8938 7794
f 124 7794 122
f 122 7792 124
f 124 7792 8936
f 7793 3370 8937
f 8937 3370 3372
f 8939 3372 3370
f 8939 3370 7795
f 8006 8940 7796
f 8006 7796 8004
f 8004 7794 8006
f 8006 7794 8938
f 7795 4472 8939
f 8939 4472 4474
f 5652 4474 4472
f 5652 5654 4474
f 6828 5654 5652
f 6828 6830 5654
f 6828 7796 6830
f 6830 7796 8940
f 8941 2447 7797
f 7797 2447 2445
f 2447 3551 2445
f 3553 3551 2447
f 3553 4669 3551
f 4675 4669 3553
f 4675 8942 4669
f 4669 8942 7798
f 8943 1311 7799
f 7799 1311 1307
f 7797 1307 1311
f 7797 1311 8941
f 5831 7798 8942
f 5831 8942 5833
f 5833 8944 5831
f 5831 8944 7800
f 8945 211 7801
f 7801 211 207
f 7799 207 211
f 7799 211 8943
f 7007 7800 8944
f 7007 8944 7009
f 7009 8946 7007
f 7007 8946 7802
f 8947 8097 7803
f 7803 8097 8093
f 7801 8093 8097
f 7801 8097 8945
f 8193 7802 8946
f 8193 8946 8195
f 604 309 8948
f 309 8195 8948
f 309 8193 8195
f 1714 1405 604
f 604 1405 309
f 8949 2535 1714
f 2535 1405 1714
f 2535 2533 1405
f 2535 3639 2533
f 3641 3639 2535
f 3641 4757 3639
f 4759 4757 3641
f 4759 5897 4757
f 5899 5897 4759
f 5899 8950 5897
f 5897 8950 7804
f 8951 7803 7805
f 8951 8947 7803
f 311 604 8948
f 604 311 1407
f 604 1407 1714
f 8949 1714 1407
f 7073 7804 8950
f 7073 8950 7075
f 7075 8952 7073
f 7073 8952 7806
f 7805 8094 8951
f 8951 8094 8098
f 8953 8098 8094
f 8953 8094 7807
f 8259 7806 8952
f 8259 8952 8261
f 8261 8954 8259
f 8259 8954 7808
f 7807 208 8953
f 8953 208 212
f 8955 212 208
f 8955 208 7809
f 7808 8956 7810
f 8954 8956 7808
f 1312 8955 1652
f 8955 7811 1652
f 8955 7809 7811
f 8957 1312 1652
f 7810 8958 7812
f 8956 8958 7810
f 1308 1652 7811
f 8957 1652 1308
f 7813 8957 1308
f 8959 8957 7813
f 7812 8960 7814
f 8958 8960 7812
f 8961 7813 7815
f 8961 8959 7813
f 7814 8962 7816
f 8960 8962 7814
f 8963 7815 7817
f 8963 8961 7815
f 7816 8964 7818
f 8962 8964 7816
f 1660 1309 7819
f 7817 1309 1660
f 8965 7817 1660
f 8963 7817 8965
f 8262 8966 8584
f 8584 7820 8262
f 7820 8964 8262
f 7820 7818 8964
f 1660 7819 1313
f 7819 8967 1313
f 7819 7821 8967
f 8965 1660 1313
f 7822 8260 8584
f 8966 7822 8584
f 8968 7822 8966
f 7820 8584 8260
f 552 209 7823
f 7821 209 552
f 8969 7821 552
f 8967 7821 8969
f 2536 8970 2854
f 2536 2854 3986
f 2536 3986 3642
f 3642 3986 5134
f 3642 5134 4760
f 4760 5134 6270
f 4760 6270 5900
f 5900 6270 7438
f 5900 7438 7076
f 7438 7824 7076
f 7824 8968 7076
f 7824 7822 8968
f 1608 1273 7825
f 2726 2411 1608
f 1608 2411 1273
f 3860 3505 2726
f 2726 3505 2411
f 4990 4603 3860
f 3860 4603 3505
f 4990 7826 4603
f 8971 8099 7827
f 7827 8099 8095
f 213 552 7823
f 8095 213 7823
f 8099 213 8095
f 8969 552 213
f 1408 8972 7828
f 1408 7828 1406
f 8970 1408 2854
f 1408 2534 2854
f 1408 1406 2534
f 3640 3986 2534
f 2534 3986 2854
f 7829 5136 3640
f 5136 3986 3640
f 5136 5134 3986
f 6272 5134 5136
f 6270 5134 6272
f 7074 7438 7830
f 7438 6272 7830
f 7438 6270 6272
f 7824 7438 7074
f 508 171 7831
f 171 508 7825
f 508 1608 7825
f 508 1610 1608
f 1610 8973 2413
f 2726 1610 2413
f 1608 1610 2726
f 2726 2413 3507
f 2726 3507 3860
f 3860 3507 4605
f 3860 4605 4990
f 5753 7826 4990
f 4605 5753 4990
f 5755 5753 4605
f 5755 6915 5753
f 6917 6915 5755
f 7827 6915 6917
f 7827 6917 8971
f 7010 8974 7384
f 7010 7384 7832
f 8194 7010 7832
f 8196 7010 8194
f 310 8196 8194
f 310 312 8196
f 310 7828 312
f 312 7828 8972
f 4758 5136 7829
f 5898 6272 4758
f 4758 6272 5136
f 7830 6272 5898
f 7833 510 7831
f 7831 510 508
f 1612 508 510
f 1610 508 1612
f 8973 1610 1612
f 8973 1612 8975
f 5834 8976 7834
f 5834 7834 5832
f 8974 5834 7384
f 5834 7008 7384
f 5834 5832 7008
f 7832 7384 7008
f 7835 512 7833
f 7833 512 510
f 1614 510 512
f 1612 510 1614
f 8975 1612 1614
f 8975 1614 8977
f 4676 8978 7836
f 4676 7836 4670
f 4670 7834 4676
f 4676 7834 8976
f 7837 514 7835
f 7835 514 512
f 1616 512 514
f 1614 512 1616
f 8977 1614 1616
f 8977 1616 8979
f 7836 8980 7838
f 8978 8980 7836
f 7839 516 7837
f 7837 516 514
f 1618 514 516
f 1616 514 1618
f 8979 1616 1618
f 8979 1618 8981
f 7838 8982 7840
f 8980 8982 7838
f 7841 518 7839
f 7839 518 516
f 1620 516 518
f 1618 516 1620
f 8981 1618 1620
f 8981 1620 8983
f 4671 7840 8982
f 4671 8982 4677
f 4677 8984 4671
f 4671 8984 7842
f 7843 520 7841
f 7841 520 518
f 1622 518 520
f 1620 518 1622
f 8983 1620 1622
f 8983 1622 8985
f 7842 8986 7844
f 8984 8986 7842
f 8432 8067 7845
f 8067 8432 7843
f 8432 520 7843
f 8432 522 520
f 1624 520 522
f 1622 520 1624
f 8985 1622 1624
f 8985 1624 8987
f 4678 8988 5088
f 5088 7846 4678
f 7846 8986 4678
f 7846 7844 8986
f 7847 8434 7845
f 7845 8434 8432
f 524 8432 8434
f 522 8432 524
f 524 8989 1275
f 1624 524 1275
f 522 524 1624
f 8987 1624 1275
f 8990 5090 5088
f 8990 5088 8988
f 7846 5088 7848
f 7848 5088 5090
f 7849 8436 7847
f 7847 8436 8434
f 8436 8991 173
f 524 8436 173
f 8434 8436 524
f 8989 524 173
f 8992 5092 5090
f 8992 5090 8990
f 7848 5090 7850
f 7850 5090 5092
f 7284 6895 7851
f 6895 7284 7849
f 7284 8436 7849
f 7284 8438 8436
f 8991 8436 8438
f 8991 8438 8993
f 7852 4672 5092
f 8992 7852 5092
f 8994 7852 8992
f 7850 5092 4672
f 7853 7286 7851
f 7851 7286 7284
f 8440 7284 7286
f 8438 7284 8440
f 8993 8438 8440
f 8993 8440 8995
f 8996 5096 4673
f 7852 8996 4673
f 8994 8996 7852
f 5096 7854 4673
f 6896 7286 7853
f 7855 8442 6896
f 8442 7286 6896
f 8442 8440 7286
f 8995 8440 8442
f 8995 8442 8997
f 8998 5098 5096
f 8998 5096 8996
f 7854 5096 7856
f 7856 5096 5098
f 8068 8442 7855
f 174 8997 534
f 534 8997 7857
f 8997 8442 7857
f 8442 8068 7857
f 8999 174 534
f 4679 5098 8998
f 4679 9000 5098
f 9000 7856 5098
f 9000 7858 7856
f 172 534 7857
f 1276 8999 1638
f 1638 8999 7859
f 8999 534 7859
f 534 172 7859
f 9001 1276 1638
f 7858 9002 7860
f 9000 9002 7858
f 1274 1638 7859
f 2414 9001 2758
f 2758 9001 7861
f 9001 1638 7861
f 1638 1274 7861
f 2414 2758 3892
f 2414 3892 3508
f 9003 3508 3892
f 7860 9004 7862
f 9002 9004 7860
f 2412 2758 7861
f 3506 3892 2412
f 2412 3892 2758
f 4606 9003 5024
f 5024 9003 7863
f 9003 3892 7863
f 3892 3506 7863
f 9005 4606 5024
f 4680 9006 7864
f 4680 7864 4674
f 4674 7862 4680
f 4680 7862 9004
f 4604 5024 7863
f 5024 4604 9005
f 4604 5756 9005
f 4604 5754 5756
f 9007 5756 5754
f 9007 5754 7865
f 3554 9008 7866
f 3554 7866 3552
f 3552 7864 3554
f 3554 7864 9006
f 7865 6916 9007
f 9007 6916 6918
f 9009 6918 6916
f 9009 6916 7867
f 1314 9010 1706
f 1314 1706 7868
f 2446 1314 7868
f 2448 1314 2446
f 2446 7866 2448
f 2448 7866 9008
f 7867 8096 9009
f 9009 8096 8100
f 210 8100 8096
f 210 214 8100
f 9010 214 1706
f 214 1310 1706
f 214 210 1310
f 7868 1706 1310
f 576 231 7869
f 1688 1331 576
f 576 1331 231
f 1688 7870 1331
f 8478 8115 7871
f 233 576 7869
f 233 7869 8115
f 9011 233 8115
f 8478 9011 8115
f 576 233 1333
f 576 1333 1688
f 9012 2812 2465
f 9012 2465 7870
f 1333 9012 7870
f 1688 1333 7870
f 2812 7872 2465
f 7320 6931 7873
f 8117 8478 7871
f 8117 7871 6931
f 9013 8117 6931
f 7320 9013 6931
f 9011 8478 8117
f 2467 2812 9012
f 3573 7872 2812
f 2467 3573 2812
f 3575 3573 2467
f 3575 9014 3573
f 3573 9014 7874
f 7320 7873 6933
f 7873 9015 6933
f 7873 7875 9015
f 9013 7320 6933
f 7874 9016 7876
f 9014 9016 7874
f 9017 7875 7877
f 9017 9015 7875
f 4693 7876 9016
f 4693 9016 4695
f 4695 9018 4693
f 4693 9018 7878
f 9019 5767 6157
f 7879 6157 5767
f 9017 7879 5767
f 7877 7879 9017
f 7878 9020 7880
f 9018 9020 7878
f 6161 9021 6157
f 6157 9021 9019
f 6157 7879 7881
f 6157 7881 6161
f 4696 9022 7882
f 4696 7882 4694
f 4694 7880 4696
f 4696 7880 9020
f 6163 9023 6161
f 6161 9023 9021
f 6161 7881 6932
f 7335 6161 6932
f 6163 6161 7335
f 7883 7335 6932
f 3576 9024 7884
f 3576 7884 3574
f 3574 7882 3576
f 3576 7882 9022
f 6163 5768 9023
f 5768 6163 9025
f 6163 7337 9025
f 6163 7335 7337
f 7335 7883 8116
f 8495 7335 8116
f 7337 7335 8495
f 232 595 8495
f 232 8495 8116
f 1334 9026 595
f 232 1334 595
f 1332 1334 232
f 2466 1334 1332
f 2466 2468 1334
f 2466 7884 2468
f 2468 7884 9024
f 7337 6934 9025
f 6934 7337 8118
f 8118 7337 8495
f 8118 8495 234
f 234 8495 595
f 595 9026 234
f 713 1155 1559
f 1559 1155 2689
f 2689 1155 2291
f 2291 714 2689
f 715 45 457
f 713 1559 45
f 1559 457 45
f 1559 1563 457
f 1559 2693 1563
f 1559 2689 2693
f 3381 3831 714
f 3831 2689 714
f 3831 2693 2689
f 3381 716 3831
f 461 717 457
f 457 717 715
f 457 1567 461
f 457 1563 1567
f 1563 2699 1567
f 1563 2693 2699
f 2693 3837 2699
f 2693 3831 3837
f 3831 716 3837
f 3837 716 718
f 465 719 461
f 461 719 717
f 461 1573 465
f 461 1567 1573
f 1567 2705 1573
f 1567 2699 2705
f 2699 3841 2705
f 2699 3837 3841
f 3837 718 3841
f 3841 718 720
f 465 46 719
f 46 465 721
f 465 1579 721
f 465 1573 1579
f 1573 2709 1579
f 1573 2705 2709
f 722 2709 3382
f 2709 3841 3382
f 2709 2705 3841
f 3841 720 3382
f 1579 1156 721
f 1156 1579 2292
f 2292 1579 2709
f 2709 722 2292
f 723 4503 4893
f 4893 4503 6045
f 6045 4503 5681
f 6045 5681 7229
f 7229 5681 6851
f 6851 724 7229
f 725 3397 3769
f 723 4893 3397
f 3397 4893 3769
f 4893 4499 3769
f 4499 8631 3769
f 6045 5679 4499
f 6045 4499 4893
f 7229 6849 5679
f 7229 5679 6045
f 6849 7229 724
f 8029 6849 724
f 8025 6849 8029
f 8029 726 8025
f 8025 726 8632
f 727 2307 2647
f 725 3769 2307
f 2307 3769 2647
f 3769 3395 2647
f 3395 8633 2647
f 3769 8631 3395
f 726 137 497
f 8634 726 497
f 8632 726 8634
f 137 728 497
f 2305 8635 2647
f 8635 727 2647
f 8635 729 727
f 2647 8633 2305
f 497 135 8634
f 497 728 135
f 728 8636 135
f 728 730 8636
f 731 8635 8637
f 731 729 8635
f 8636 732 8638
f 730 732 8636
f 733 8637 8639
f 733 731 8637
f 8638 734 8640
f 732 734 8638
f 735 8639 8641
f 735 733 8639
f 138 736 8642
f 138 8642 136
f 136 8640 138
f 138 8640 734
f 737 8641 8643
f 737 735 8641
f 8026 8407 8644
f 8026 8642 8407
f 8642 738 8407
f 8642 736 738
f 739 8643 8645
f 739 737 8643
f 8644 8407 8030
f 740 8644 8030
f 8646 8644 740
f 8407 738 8030
f 741 1171 8647
f 8647 1171 1169
f 8645 1169 1171
f 8645 1171 739
f 742 8410 8027
f 8646 742 8027
f 740 742 8646
f 8410 8648 8027
f 743 8647 8649
f 743 741 8647
f 8031 8410 742
f 8031 744 8410
f 744 8648 8410
f 744 8650 8648
f 745 61 8651
f 8651 61 59
f 8649 59 61
f 8649 61 743
f 8650 746 8652
f 744 746 8650
f 747 7943 8321
f 8653 8321 7943
f 745 8653 7943
f 8651 8653 745
f 8652 748 8654
f 746 748 8652
f 8323 749 8321
f 8321 749 747
f 8321 8653 8655
f 8321 8655 8323
f 8032 750 8656
f 8032 8656 8028
f 8028 8654 8032
f 8032 8654 748
f 8325 751 8323
f 8323 751 749
f 8323 8655 8657
f 8323 8657 8325
f 6852 752 8658
f 6852 8658 6850
f 6850 8656 6852
f 6852 8656 750
f 7941 8659 8325
f 8659 751 8325
f 8659 753 751
f 8325 8657 7941
f 5682 754 8660
f 5682 8660 5680
f 5680 8658 5682
f 5682 8658 752
f 755 6765 7163
f 8661 7163 6765
f 753 8661 6765
f 8659 8661 753
f 4504 756 4930
f 4930 8662 4504
f 8662 754 4504
f 8662 8660 754
f 6763 8663 7163
f 8663 755 7163
f 8663 757 755
f 7163 8661 6763
f 8664 4500 4930
f 756 8664 4930
f 758 8664 756
f 8662 4930 4500
f 759 5589 8665
f 8665 5589 5587
f 8663 5587 5589
f 8663 5589 757
f 8664 760 8666
f 758 760 8664
f 761 4415 4837
f 8667 4837 4415
f 759 8667 4415
f 8665 8667 759
f 762 4952 4501
f 8666 762 4501
f 760 762 8666
f 4952 8668 4501
f 763 3313 3719
f 761 4837 3313
f 3313 4837 3719
f 4837 4413 3719
f 4413 8669 3719
f 4837 8667 4413
f 764 4960 4952
f 764 4952 762
f 8668 4952 8670
f 8670 4952 4960
f 3723 765 3719
f 3719 765 763
f 3719 8669 8671
f 3719 8671 3723
f 766 4966 4960
f 766 4960 764
f 8670 4960 8672
f 8672 4960 4966
f 3727 767 3723
f 3723 767 765
f 3723 8671 8673
f 3723 8673 3727
f 3398 768 3838
f 4966 766 3398
f 4966 3398 3838
f 4502 4966 3838
f 8674 4502 3838
f 8672 4966 4502
f 3727 3314 767
f 769 3314 3727
f 8673 769 3727
f 8675 769 8673
f 1172 770 1574
f 1172 1574 8676
f 2306 1172 8676
f 2308 1172 2306
f 768 2308 3838
f 2308 3396 3838
f 2308 2306 3396
f 8674 3838 3396
f 771 3315 3737
f 8677 3737 3315
f 769 8677 3315
f 8675 8677 769
f 62 772 472
f 1574 770 62
f 1574 62 472
f 1170 1574 472
f 8678 1170 472
f 8676 1574 1170
f 3743 773 3737
f 3737 773 771
f 3737 8677 8679
f 3737 8679 3743
f 774 476 472
f 774 472 772
f 8678 472 8680
f 8680 472 476
f 775 2233 2629
f 773 3743 2233
f 2233 3743 2629
f 3743 3311 2629
f 3311 8681 2629
f 3743 8679 3311
f 776 480 476
f 776 476 774
f 8680 476 8682
f 8682 476 480
f 2633 777 2629
f 2629 777 775
f 2629 8681 8683
f 2629 8683 2633
f 8684 60 480
f 776 8684 480
f 778 8684 776
f 8682 480 60
f 2637 779 2633
f 2633 779 777
f 2633 8683 8685
f 2633 8685 2637
f 7942 8381 8686
f 7942 8684 8381
f 8684 780 8381
f 8684 778 780
f 2637 2234 779
f 3759 781 3312
f 3312 781 8685
f 781 2234 8685
f 2234 2637 8685
f 8687 3759 3312
f 6764 7215 8688
f 8381 7944 8686
f 8686 7944 6764
f 7944 782 6764
f 782 7215 6764
f 8381 780 7944
f 3759 3316 781
f 4883 783 4414
f 4414 783 8687
f 783 3316 8687
f 3316 3759 8687
f 5588 6033 4883
f 5588 4883 4414
f 7215 6766 8688
f 8688 6766 5588
f 6766 784 5588
f 784 6033 5588
f 7215 782 6766
f 4883 4416 783
f 4416 4883 5590
f 5590 4883 6033
f 6033 784 5590
f 6042 5695 8689
f 7226 6865 6042
f 6042 6865 5695
f 7226 8690 6865
f 4892 4527 8691
f 5699 6042 8689
f 5699 8689 4527
f 785 5699 4527
f 4892 785 4527
f 6042 5699 6867
f 6042 6867 7226
f 8045 8690 7226
f 6867 8045 7226
f 8047 8045 6867
f 8047 786 8045
f 8045 786 8692
f 3768 3421 8693
f 4531 4892 8691
f 4531 8691 3421
f 787 4531 3421
f 3768 787 3421
f 785 4892 4531
f 151 8692 786
f 151 786 153
f 153 788 151
f 151 788 8694
f 3768 8693 3425
f 8693 789 3425
f 8693 8695 789
f 787 3768 3425
f 790 1600 1257
f 8694 790 1257
f 788 790 8694
f 1600 8696 1257
f 791 2335 8697
f 8697 2335 2331
f 8695 2331 2335
f 8695 2335 789
f 792 1602 1600
f 792 1600 790
f 8696 1600 8698
f 8698 1600 1602
f 793 8697 8699
f 793 791 8697
f 794 1604 1602
f 794 1602 792
f 8698 1602 8700
f 8700 1602 1604
f 8699 2332 793
f 793 2332 2336
f 795 2336 2332
f 795 2332 8701
f 154 796 502
f 1604 794 154
f 1604 154 502
f 1258 1604 502
f 8702 1258 502
f 8700 1604 1258
f 8701 3422 795
f 795 3422 3426
f 797 3426 3422
f 797 3422 8703
f 8048 798 8404
f 502 796 8048
f 502 8048 8404
f 152 502 8404
f 8704 152 8404
f 8702 502 152
f 8703 4528 797
f 797 4528 4532
f 5696 4532 4528
f 5696 5700 4532
f 6866 5700 5696
f 6866 6868 5700
f 798 6868 8404
f 6868 8046 8404
f 6868 6866 8046
f 8704 8404 8046
f 799 4769 5159
f 5159 4769 6299
f 6299 4769 5909
f 6299 5909 7467
f 7467 5909 7083
f 7467 7083 8617
f 8617 7083 8267
f 8267 800 8617
f 801 3651 4013
f 799 5159 3651
f 3651 5159 4013
f 5159 4767 4013
f 4767 8705 4013
f 6299 5907 4767
f 6299 4767 5159
f 7467 7081 5907
f 7467 5907 6299
f 8619 8706 7081
f 7467 8619 7081
f 8617 8619 7467
f 371 703 800
f 703 8617 800
f 703 8619 8617
f 371 802 703
f 803 2545 8707
f 8707 2545 2543
f 2545 801 4013
f 3649 2545 4013
f 2543 2545 3649
f 4013 8705 3649
f 8619 8265 8706
f 705 8708 8265
f 8619 705 8265
f 703 705 8619
f 703 802 705
f 705 802 804
f 805 5607 5961
f 5961 5607 7149
f 7149 5607 6783
f 6783 806 7149
f 807 1415 1777
f 8709 1777 1415
f 803 8709 1415
f 8707 8709 803
f 707 8710 8708
f 707 8708 705
f 705 804 707
f 707 804 808
f 809 4427 4821
f 805 5961 4427
f 4427 5961 4821
f 5961 5605 4821
f 5605 8711 4821
f 7149 6781 5605
f 7149 5605 5961
f 6781 7149 806
f 7959 6781 806
f 7957 6781 7959
f 7959 75 7957
f 77 75 7959
f 77 1191 75
f 1193 1191 77
f 1193 2333 1191
f 2337 2333 1193
f 8712 2333 3795
f 2333 3427 3795
f 2333 2337 3427
f 3427 810 3795
f 811 317 671
f 807 1777 317
f 317 1777 671
f 1777 1413 671
f 1413 8713 671
f 1777 8709 1413
f 8266 8625 8714
f 707 372 8710
f 8710 372 8266
f 372 812 8266
f 812 8625 8266
f 707 808 372
f 813 3325 3701
f 809 4821 3325
f 3325 4821 3701
f 4821 4425 3701
f 4425 8715 3701
f 4821 8711 4425
f 3795 3423 8712
f 3423 3795 810
f 4533 3423 810
f 4529 3423 4533
f 4533 814 4529
f 4529 814 8716
f 673 815 671
f 671 815 811
f 671 8713 1414
f 1781 671 1414
f 673 671 1781
f 8717 1781 1414
f 8627 8718 8714
f 8627 8714 8625
f 8625 812 8627
f 8627 812 816
f 3703 817 3701
f 3701 817 813
f 3701 8715 8719
f 3701 8719 3703
f 5697 8716 814
f 5697 814 5701
f 5701 818 5697
f 5697 818 8720
f 673 318 815
f 318 673 1416
f 1416 673 1781
f 2889 819 2544
f 2544 819 8717
f 819 1416 8717
f 1416 1781 8717
f 8721 2889 2544
f 7082 7479 8722
f 8627 8268 8718
f 8718 8268 7082
f 8268 820 7082
f 820 7479 7082
f 8627 816 8268
f 3703 3326 817
f 4829 821 4426
f 4426 821 8719
f 821 3326 8719
f 3326 3703 8719
f 8723 4829 4426
f 818 6869 7257
f 8724 818 7257
f 8720 818 8724
f 6869 822 7257
f 2889 2546 819
f 8721 3650 2889
f 3650 2546 2889
f 3650 3652 2546
f 4768 3652 3650
f 4768 4770 3652
f 5908 4770 4768
f 5908 5910 4770
f 7479 7084 8722
f 7084 5908 8722
f 7084 5910 5908
f 7479 820 7084
f 4829 4428 821
f 5977 823 5606
f 5606 823 8723
f 823 4428 8723
f 4428 4829 8723
f 8725 5977 5606
f 7261 8726 8724
f 7261 8724 7257
f 7257 822 7261
f 7261 822 824
f 5977 5608 823
f 8725 6782 5977
f 6782 5608 5977
f 6782 6784 5608
f 7958 8337 825
f 6784 7958 825
f 6782 7958 6784
f 8727 8337 7958
f 7265 8728 8726
f 7265 8726 7261
f 7261 824 7265
f 7265 824 826
f 8337 7960 825
f 8727 76 8337
f 76 7960 8337
f 76 78 7960
f 827 78 76
f 827 76 8729
f 5698 6091 8730
f 7265 6870 8728
f 8728 6870 5698
f 6870 828 5698
f 828 6091 5698
f 7265 826 6870
f 8729 1192 827
f 827 1192 1194
f 2334 1194 1192
f 2334 2338 1194
f 3424 3819 829
f 2338 3424 829
f 2334 3424 2338
f 4530 4953 3819
f 4530 3819 3424
f 6091 5702 8730
f 8730 5702 4530
f 5702 830 4530
f 830 4953 4530
f 6091 828 5702
f 3819 3428 829
f 3428 3819 4534
f 4534 3819 4953
f 4953 830 4534
f 831 5925 8731
f 8731 5925 5923
f 5925 7097 5923
f 7099 7097 5925
f 8732 7097 8609
f 7097 8283 8609
f 7097 7099 8283
f 8283 832 8609
f 833 4785 8733
f 8733 4785 4783
f 8731 4783 4785
f 8731 4785 831
f 8609 8281 8732
f 8281 8609 832
f 387 8281 832
f 385 8281 387
f 387 834 385
f 385 834 8734
f 835 3667 8735
f 8735 3667 3665
f 8733 3665 3667
f 8733 3667 833
f 834 1475 1801
f 8736 834 1801
f 8734 834 8736
f 1475 836 1801
f 837 1431 8737
f 8737 1431 1429
f 1431 2559 1429
f 2561 2559 1431
f 8735 2559 2561
f 8735 2561 835
f 1803 8738 8736
f 1803 8736 1801
f 1801 836 1803
f 1803 836 838
f 839 333 8739
f 8739 333 331
f 8737 331 333
f 8737 333 837
f 1805 8740 8738
f 1805 8738 1803
f 1803 838 1805
f 1805 838 840
f 841 8215 8741
f 8741 8215 8213
f 8739 8213 8215
f 8739 8215 839
f 1805 1473 8740
f 1805 840 1473
f 840 8742 1473
f 840 842 8742
f 843 7029 8743
f 8743 7029 7027
f 8741 7027 7029
f 8741 7029 841
f 8742 844 8744
f 842 844 8742
f 845 6799 8745
f 8745 6799 6797
f 6799 7973 6797
f 7975 7973 6799
f 7975 846 7973
f 7973 846 8746
f 6264 5851 8747
f 8743 5851 6264
f 847 8743 6264
f 843 8743 847
f 1474 1815 8748
f 1474 8744 1815
f 8744 848 1815
f 8744 844 848
f 849 5623 8749
f 8749 5623 5621
f 8745 5621 5623
f 8745 5623 845
f 91 8746 846
f 91 846 93
f 1538 1207 850
f 1207 93 850
f 1207 91 93
f 1538 8750 1207
f 7370 6959 8751
f 8526 8143 7370
f 7370 8143 6959
f 624 259 8526
f 8526 259 8143
f 1736 1357 624
f 624 1357 259
f 851 2489 1736
f 2489 1357 1736
f 2489 2487 1357
f 2489 3593 2487
f 3595 3593 2489
f 3595 4711 3593
f 4713 4711 3595
f 5853 6264 8747
f 4711 5853 8747
f 4713 5853 4711
f 847 6264 5853
f 8748 1815 1476
f 852 8748 1476
f 8752 8748 852
f 1815 848 1476
f 853 4443 8753
f 8753 4443 4441
f 8749 4441 4443
f 8749 4443 849
f 1209 1538 850
f 2351 8750 1538
f 1209 2351 1538
f 2353 2351 1209
f 2353 854 2351
f 2351 854 8754
f 6200 5793 8755
f 5793 6200 8751
f 6200 7370 8751
f 6200 7374 7370
f 7374 855 8145
f 8526 7374 8145
f 7370 7374 8526
f 8526 8145 261
f 8526 261 624
f 624 261 1359
f 624 1359 1736
f 851 1736 1359
f 8282 8629 8756
f 388 856 8629
f 8282 388 8629
f 386 388 8282
f 386 8752 388
f 388 8752 852
f 3704 3339 8757
f 8753 3339 3704
f 857 8753 3704
f 853 8753 857
f 3443 8754 854
f 3443 854 3445
f 3445 858 3443
f 3443 858 8758
f 8759 6204 8755
f 8755 6204 6200
f 6204 859 6961
f 7374 6204 6961
f 6200 6204 7374
f 855 7374 6961
f 5926 860 8760
f 5926 8760 5924
f 7098 5926 5924
f 7098 7100 5926
f 8629 8284 8756
f 8284 7098 8756
f 8284 7100 7098
f 8629 856 8284
f 3704 8757 3341
f 8757 861 3341
f 8757 8761 861
f 857 3704 3341
f 4551 8758 858
f 4551 858 4553
f 4553 862 4551
f 4551 862 8762
f 8763 6208 8759
f 8759 6208 6204
f 859 6204 6208
f 859 6208 863
f 4784 5175 8764
f 4784 8760 5175
f 8760 864 5175
f 8760 860 864
f 865 2251 8765
f 8765 2251 2249
f 8761 2249 2251
f 8761 2251 861
f 8762 866 8766
f 862 866 8762
f 5794 6208 8763
f 863 6208 5794
f 8767 863 5794
f 867 863 8767
f 8764 5175 4786
f 868 8764 4786
f 8768 8764 868
f 5175 864 4786
f 869 1117 8769
f 8769 1117 1115
f 8765 1115 1117
f 8765 1117 865
f 4552 4939 8770
f 4552 8766 4939
f 8766 870 4939
f 8766 866 870
f 8767 6960 867
f 867 6960 6962
f 871 6962 6960
f 871 6960 8771
f 8768 872 8772
f 868 872 8768
f 873 7 8773
f 8773 7 5
f 8769 5 7
f 8769 7 869
f 4947 8774 8770
f 4947 8770 4939
f 4939 870 4947
f 4947 870 874
f 8771 8144 871
f 871 8144 8146
f 875 8146 8144
f 875 8144 8775
f 3666 4031 8776
f 3666 8772 4031
f 8772 876 4031
f 8772 872 876
f 877 5567 8777
f 8777 5567 5565
f 5567 6719 5565
f 6721 6719 5567
f 6721 7889 6719
f 7891 7889 6721
f 8773 7889 7891
f 8773 7891 873
f 4955 8778 8774
f 4955 8774 4947
f 4947 874 4955
f 4955 874 878
f 8775 260 875
f 875 260 262
f 1358 262 260
f 1358 1360 262
f 879 1360 1358
f 879 1358 8779
f 8776 4031 3668
f 880 8776 3668
f 8780 8776 880
f 4031 876 3668
f 881 4401 8781
f 8781 4401 4399
f 8777 4399 4401
f 8777 4401 877
f 8778 4955 4554
f 882 8778 4554
f 8782 8778 882
f 4955 878 4554
f 8779 2488 879
f 879 2488 2490
f 3594 2490 2488
f 3594 3596 2490
f 4712 3596 3594
f 4712 4714 3596
f 5852 4714 4712
f 5852 5854 4714
f 7028 5854 5852
f 7028 7030 5854
f 8214 7030 7028
f 8214 8216 7030
f 332 687 883
f 8216 332 883
f 8214 332 8216
f 1430 1795 687
f 1430 687 332
f 2562 884 1795
f 1430 2562 1795
f 2560 2562 1430
f 2560 8780 2562
f 2562 8780 880
f 885 3301 8783
f 8783 3301 3299
f 8781 3299 3301
f 8781 3301 881
f 3444 3833 8784
f 3444 8782 3833
f 8782 886 3833
f 8782 882 886
f 687 334 883
f 334 687 1432
f 1432 687 1795
f 1795 884 1432
f 887 8783 8785
f 887 885 8783
f 2354 888 8786
f 2354 8786 2352
f 3833 3446 8784
f 3446 2352 8784
f 3446 2354 2352
f 3833 886 3446
f 889 8785 8787
f 889 887 8785
f 4442 4855 8788
f 5622 6005 4855
f 5622 4855 4442
f 6798 7191 6005
f 6798 6005 5622
f 7974 8361 7191
f 7974 7191 6798
f 92 467 8361
f 92 8361 7974
f 1210 890 467
f 92 1210 467
f 1208 1210 92
f 1208 8786 1210
f 1210 8786 888
f 8787 3300 889
f 889 3300 3302
f 891 3302 3300
f 891 3300 8789
f 6 413 8790
f 1116 1507 413
f 1116 413 6
f 2250 2621 1507
f 2250 1507 1116
f 3340 3739 2621
f 3340 2621 2250
f 4855 4444 8788
f 8788 4444 3340
f 4444 892 3340
f 892 3739 3340
f 4444 4855 5624
f 5624 4855 6005
f 5624 6005 6800
f 6800 6005 7191
f 6800 7191 7976
f 7976 7191 8361
f 7976 8361 94
f 94 8361 467
f 467 890 94
f 8789 4400 891
f 891 4400 4402
f 893 4402 4400
f 893 4400 8791
f 7892 894 8792
f 7892 8792 7890
f 413 8 8790
f 8 7890 8790
f 8 7892 7890
f 8 413 1118
f 1118 413 1507
f 1118 1507 2252
f 2252 1507 2621
f 2252 2621 3342
f 3342 2621 3739
f 3739 892 3342
f 8791 5566 893
f 893 5566 5568
f 6720 5568 5566
f 6720 6722 5568
f 6720 8792 6722
f 6722 8792 894
f 895 7045 8793
f 8793 7045 7043
f 7045 8229 7043
f 8231 8229 7045
f 8231 896 8229
f 8229 896 8794
f 897 5869 8795
f 8795 5869 5867
f 8793 5867 5869
f 8793 5869 895
f 347 8794 896
f 347 896 349
f 349 1445 347
f 1447 1445 349
f 1447 898 1445
f 1445 898 8796
f 3974 3609 8797
f 899 4729 3974
f 4729 3609 3974
f 4729 4727 3609
f 8795 4727 4729
f 8795 4729 897
f 900 2880 2575
f 8796 900 2575
f 898 900 8796
f 2880 8798 2575
f 2842 2503 8799
f 3611 3974 8797
f 3611 8797 2503
f 901 3611 2503
f 2842 901 2503
f 899 3974 3611
f 2577 2880 900
f 902 4016 3681
f 902 3681 8798
f 2577 902 8798
f 2880 2577 8798
f 4016 8800 3681
f 1732 1373 8801
f 2505 2842 8799
f 2505 8799 1373
f 903 2505 1373
f 1732 903 1373
f 901 2842 2505
f 3683 4016 902
f 904 5166 4799
f 904 4799 8800
f 3683 904 8800
f 4016 3683 8800
f 5166 8802 4799
f 626 275 8803
f 1375 1732 8801
f 1375 8801 275
f 905 1375 275
f 626 905 275
f 903 1732 1375
f 4801 5166 904
f 4801 906 5166
f 906 8802 5166
f 906 8804 8802
f 907 8161 8805
f 8805 8161 8159
f 277 626 8803
f 8159 277 8803
f 8161 277 8159
f 905 626 277
f 908 6310 5939
f 8804 908 5939
f 906 908 8804
f 6310 8806 5939
f 909 5639 5971
f 5971 5639 7159
f 7159 5639 6815
f 6815 910 7159
f 911 6973 7379
f 8807 7379 6973
f 907 8807 6973
f 8805 8807 907
f 5941 6310 908
f 912 7482 7113
f 912 7113 8806
f 5941 912 8806
f 6310 5941 8806
f 7482 8808 7113
f 913 3357 3709
f 3709 3357 8809
f 3357 4457 8809
f 3357 4459 4457
f 4459 909 5971
f 5637 4459 5971
f 4457 4459 5637
f 7159 6813 5637
f 7159 5637 5971
f 6813 7159 910
f 7991 6813 910
f 7989 6813 7991
f 7991 914 7989
f 7989 914 8810
f 915 5799 6209
f 911 7379 5799
f 5799 7379 6209
f 7379 6971 6209
f 6971 8811 6209
f 7379 8807 6971
f 7115 7482 912
f 7115 916 7482
f 916 8808 7482
f 916 8812 8808
f 3355 8813 3709
f 8813 913 3709
f 8813 917 913
f 3709 8809 3355
f 107 8810 914
f 107 914 109
f 109 1223 107
f 1225 1223 109
f 8814 1223 2679
f 1223 2369 2679
f 1223 1225 2369
f 2369 918 2679
f 919 4637 5075
f 915 6209 4637
f 4637 6209 5075
f 6209 5797 5075
f 5797 8815 5075
f 6209 8811 5797
f 8812 920 8816
f 916 920 8812
f 921 2267 8817
f 8817 2267 2265
f 8813 2265 2267
f 8813 2267 917
f 2679 2367 8814
f 2679 918 2367
f 918 8818 2367
f 918 922 8818
f 923 3521 3931
f 919 5075 3521
f 5075 3931 3521
f 5075 5077 3931
f 5075 8815 8819
f 5075 8819 5077
f 8816 924 8820
f 920 924 8816
f 925 23 8821
f 8821 23 21
f 23 1131 21
f 1133 1131 23
f 8817 1131 1133
f 8817 1133 921
f 3459 8818 922
f 3459 922 3461
f 3461 926 3459
f 3459 926 8822
f 3933 927 3931
f 3931 927 923
f 5077 4635 8823
f 3933 5077 8823
f 3931 5077 3933
f 5077 8819 4635
f 7116 928 8824
f 7116 8824 7114
f 7114 8820 7116
f 7116 8820 924
f 929 7907 8825
f 8825 7907 7905
f 8821 7905 7907
f 8821 7907 925
f 3462 930 3822
f 3822 8826 3462
f 8826 926 3462
f 8826 8822 926
f 3935 931 3933
f 3933 931 927
f 3933 8823 8827
f 3933 8827 3935
f 5942 932 8828
f 5942 8828 5940
f 5940 8824 5942
f 5942 8824 928
f 7124 6735 8829
f 8825 6735 7124
f 933 8825 7124
f 929 8825 933
f 934 3828 3822
f 934 3822 930
f 8826 3822 8830
f 8830 3822 3828
f 3935 3522 931
f 5083 935 4636
f 4636 935 8827
f 935 3522 8827
f 3522 3935 8827
f 8831 5083 4636
f 4802 936 8832
f 4802 8832 4800
f 4800 8828 4802
f 4802 8828 932
f 8833 7128 8829
f 8829 7128 7124
f 933 7124 7128
f 933 7128 937
f 2370 938 2696
f 3828 934 2370
f 3828 2370 2696
f 3460 3828 2696
f 8834 3460 2696
f 8830 3828 3460
f 5083 4638 935
f 6225 939 5798
f 5798 939 8831
f 939 4638 8831
f 4638 5083 8831
f 8835 6225 5798
f 3684 940 8836
f 3684 8836 3682
f 3682 8832 3684
f 3684 8832 936
f 6736 7128 8833
f 7908 937 8302
f 8302 937 8837
f 937 7128 8837
f 7128 6736 8837
f 941 7908 8302
f 1226 942 1570
f 2696 938 1226
f 2696 1226 1570
f 2368 2696 1570
f 8838 2368 1570
f 8834 2696 2368
f 6225 5800 939
f 8835 6972 6225
f 6972 5800 6225
f 6972 6974 5800
f 8160 6974 6972
f 8160 8162 6974
f 276 8162 8160
f 276 278 8162
f 1374 278 276
f 1374 1376 278
f 2504 1376 1374
f 2504 2506 1376
f 943 2506 2504
f 943 2504 8839
f 1448 944 1800
f 1448 1800 8840
f 2576 1448 8840
f 2578 1448 2576
f 2576 8836 2578
f 2578 8836 940
f 7906 8302 8837
f 8302 7906 941
f 7906 24 941
f 7906 22 24
f 22 8841 1504
f 1134 22 1504
f 24 22 1134
f 945 1134 1504
f 3356 3735 8842
f 4458 4857 3735
f 4458 3735 3356
f 5638 6007 4857
f 5638 4857 4458
f 6814 7193 6007
f 6814 6007 5638
f 7992 946 7193
f 6814 7992 7193
f 7990 7992 6814
f 108 7992 7990
f 108 110 7992
f 942 110 1570
f 110 1224 1570
f 110 108 1224
f 8838 1570 1224
f 8839 3610 943
f 943 3610 3612
f 4728 3612 3610
f 4728 4730 3612
f 947 4730 4728
f 947 4728 8843
f 350 948 694
f 1800 944 350
f 1800 350 694
f 1446 1800 694
f 8844 1446 694
f 8840 1800 1446
f 1132 1504 8841
f 1504 1132 945
f 1132 2268 945
f 1132 2266 2268
f 3735 3358 8842
f 3358 2266 8842
f 3358 2268 2266
f 3358 3735 4460
f 4460 3735 4857
f 4460 4857 5640
f 5640 4857 6007
f 5640 6007 6816
f 6816 6007 7193
f 7193 946 6816
f 8843 5868 947
f 947 5868 5870
f 7044 5870 5868
f 7044 7046 5870
f 8230 7046 7044
f 8230 8232 7046
f 948 8232 694
f 8232 348 694
f 8232 8230 348
f 8844 694 348
f 949 3539 3903
f 3903 3539 5045
f 5045 3539 4655
f 5045 4655 6181
f 6181 4655 5815
f 5815 950 6181
f 7420 7059 8845
f 8566 8245 7420
f 7420 8245 7059
f 8566 8846 8245
f 951 2433 2771
f 949 3903 2433
f 3903 2771 2433
f 3903 3905 2771
f 3903 5047 3905
f 3903 5045 5047
f 5045 6183 5047
f 5045 6181 6183
f 6989 7355 950
f 7355 6181 950
f 7355 6183 6181
f 7355 6989 8511
f 8511 6989 8177
f 8511 8177 609
f 609 8177 293
f 609 293 1719
f 1719 293 1391
f 1719 1391 2833
f 2833 1391 2521
f 2833 2521 8847
f 2521 3625 8847
f 2521 3627 3625
f 3627 4743 3625
f 4745 4743 3627
f 4745 5883 4743
f 5885 5883 4745
f 7061 7420 8845
f 5883 7061 8845
f 5885 7061 5883
f 7420 7061 8247
f 7420 8247 8566
f 952 658 363
f 952 363 8846
f 8247 952 8846
f 8566 8247 8846
f 658 8848 363
f 2773 953 2771
f 2771 953 951
f 2771 3907 2773
f 2771 3905 3907
f 3905 5049 3907
f 3905 5047 5049
f 5047 6185 5049
f 5047 6183 6185
f 6183 7357 6185
f 6183 7355 7357
f 8511 8175 8849
f 7357 8511 8849
f 7355 8511 7357
f 609 291 8175
f 609 8175 8511
f 1719 1389 291
f 1719 291 609
f 2833 2519 1389
f 2833 1389 1719
f 2833 8847 2519
f 365 658 952
f 954 1768 1461
f 954 1461 8848
f 365 954 8848
f 658 365 8848
f 1768 8850 1461
f 2775 955 2773
f 2773 955 953
f 2773 3909 2775
f 2773 3907 3909
f 3907 5051 3909
f 3907 5049 5051
f 5049 6187 5051
f 5049 6185 6187
f 7357 6987 8851
f 6187 7357 8851
f 6185 7357 6187
f 7357 8849 6987
f 1465 1768 954
f 1465 956 1768
f 956 8850 1768
f 956 8852 8850
f 2777 957 2775
f 2775 957 955
f 2775 3911 2777
f 2775 3909 3911
f 3909 5053 3911
f 3909 5051 5053
f 5051 6189 5053
f 5051 6187 6189
f 6187 8851 8853
f 6187 8853 6189
f 8852 958 8854
f 956 958 8852
f 959 1295 1657
f 957 2777 1295
f 2777 1657 1295
f 2777 2779 1657
f 2777 3913 2779
f 2777 3911 3913
f 3911 5055 3913
f 3911 5053 5055
f 6189 5813 8855
f 5055 6189 8855
f 5053 6189 5055
f 6189 8853 5813
f 8854 960 8856
f 958 960 8854
f 961 189 8857
f 8857 189 187
f 189 959 1657
f 1291 189 1657
f 187 189 1291
f 2779 2429 1291
f 2779 1291 1657
f 3915 8858 2429
f 2779 3915 2429
f 3913 3915 2779
f 5055 4651 8859
f 3915 5055 8859
f 3913 5055 3915
f 5055 8855 4651
f 1466 962 1778
f 1778 8860 1466
f 8860 960 1466
f 8860 8856 960
f 963 8079 8861
f 8861 8079 8077
f 8857 8077 8079
f 8857 8079 961
f 3915 3535 8858
f 3915 8859 3535
f 964 1780 1778
f 964 1778 962
f 8860 1778 8862
f 8862 1778 1780
f 965 6903 8863
f 8863 6903 6901
f 8861 6901 6903
f 8861 6903 963
f 8864 1462 1780
f 964 8864 1780
f 966 8864 964
f 8862 1780 1462
f 967 3373 8865
f 8865 3373 3371
f 3373 4473 3371
f 4475 4473 3373
f 5972 5653 968
f 5653 4475 968
f 5653 4473 4475
f 5972 8866 5653
f 969 5741 6123
f 8867 6123 5741
f 965 8867 5741
f 8863 8867 965
f 8864 970 8868
f 966 970 8864
f 971 2283 8869
f 8869 2283 2281
f 8865 2281 2283
f 8865 2283 967
f 5655 5972 968
f 6829 8866 5972
f 5655 6829 5972
f 6831 6829 5655
f 6831 972 6829
f 6829 972 8870
f 6125 973 6123
f 6123 973 969
f 6123 8867 8871
f 6123 8871 6125
f 974 1786 1463
f 8868 974 1463
f 970 974 8868
f 1786 8872 1463
f 975 1149 8873
f 8873 1149 1147
f 8869 1147 1149
f 8869 1149 971
f 8005 8870 972
f 8005 972 8007
f 8007 123 8005
f 125 123 8007
f 125 976 123
f 123 976 8874
f 977 3477 8875
f 8875 3477 3475
f 3477 4571 3475
f 4573 4571 3477
f 4573 5719 4571
f 5721 5719 4573
f 8876 5719 7263
f 5719 6883 7263
f 5719 5721 6883
f 7263 6883 8419
f 8419 6883 8055
f 8419 8055 509
f 509 8055 159
f 509 159 1611
f 1611 159 1261
f 1261 978 1611
f 979 4591 4993
f 973 6125 4591
f 6125 4993 4591
f 6125 6127 4993
f 6125 8871 8877
f 6125 8877 6127
f 980 1788 1786
f 980 1786 974
f 8872 1786 8878
f 8878 1786 1788
f 981 39 8879
f 8879 39 37
f 8873 37 39
f 8873 39 975
f 1239 8874 976
f 1239 976 1241
f 1241 2383 1239
f 2385 2383 1241
f 8875 2383 2385
f 8875 2385 977
f 7263 6881 8876
f 8419 8053 6881
f 8419 6881 7263
f 511 8880 8053
f 8419 511 8053
f 509 511 8419
f 509 1613 511
f 509 1611 1613
f 2399 2731 978
f 2731 1611 978
f 2731 1613 1611
f 2731 2399 3865
f 3865 2399 3493
f 979 4993 3493
f 4993 3865 3493
f 4993 4995 3865
f 6127 5739 8881
f 4995 6127 8881
f 4993 6127 4995
f 6127 8877 5739
f 8882 1464 1788
f 980 8882 1788
f 982 8882 980
f 8878 1788 1464
f 983 7923 8883
f 8883 7923 7921
f 8879 7921 7923
f 8879 7923 981
f 513 8884 8880
f 513 8880 511
f 511 1615 513
f 511 1613 1615
f 1613 2733 1615
f 1613 2731 2733
f 2731 3867 2733
f 2731 3865 3867
f 4995 4589 8885
f 3867 4995 8885
f 3865 4995 3867
f 4995 8881 4589
f 8882 984 8886
f 982 984 8882
f 985 6749 8887
f 8887 6749 6745
f 8883 6745 6749
f 8883 6749 983
f 515 8888 8884
f 515 8884 513
f 513 1617 515
f 513 1615 1617
f 1615 2735 1617
f 1615 2733 2735
f 3867 3491 8889
f 2735 3867 8889
f 2733 3867 2735
f 3867 8885 3491
f 366 986 686
f 686 8890 366
f 8890 984 366
f 8890 8886 984
f 987 8887 8891
f 987 985 8887
f 517 8892 8888
f 517 8888 515
f 515 1619 517
f 515 1617 1619
f 2735 2397 8893
f 1619 2735 8893
f 1617 2735 1619
f 2735 8889 2397
f 8248 988 8602
f 686 986 8248
f 8602 686 8248
f 688 686 8602
f 8890 686 8894
f 8894 686 688
f 989 8891 8895
f 989 987 8891
f 517 157 8892
f 1619 1259 157
f 1619 157 517
f 1619 8893 1259
f 2430 2801 8896
f 8897 2801 2430
f 4746 990 5150
f 4746 5150 6286
f 4746 6286 5886
f 5886 6286 7454
f 5886 7454 7062
f 8602 988 7062
f 7454 8602 7062
f 8604 8602 7454
f 364 688 8898
f 688 8604 8898
f 688 8602 8604
f 8894 688 364
f 991 8895 8899
f 991 989 8895
f 1292 1681 8900
f 1681 1292 8896
f 2801 1681 8896
f 2803 1681 2801
f 2801 8897 3536
f 3941 2801 3536
f 2803 2801 3941
f 8901 3941 3536
f 3628 992 4004
f 5150 990 3628
f 5150 3628 4004
f 4744 5150 4004
f 8902 4744 4004
f 5884 6286 4744
f 4744 6286 5150
f 7060 7454 5884
f 5884 7454 6286
f 8246 8604 7060
f 7060 8604 7454
f 8898 8604 8246
f 993 8899 8903
f 993 991 8899
f 5720 6109 8904
f 6882 7279 6109
f 6882 6109 5720
f 8054 8433 7279
f 8054 7279 6882
f 158 523 8433
f 158 8433 8054
f 8905 523 158
f 1683 8906 8900
f 1683 8900 1681
f 1681 2805 1683
f 1681 2803 2805
f 2803 3943 2805
f 2803 3941 3943
f 3941 8901 4652
f 5089 3941 4652
f 3943 3941 5089
f 8907 5089 4652
f 8908 3626 4004
f 992 8908 4004
f 994 8908 992
f 8902 4004 3626
f 7141 995 6746
f 995 8903 6746
f 995 993 8903
f 8909 7141 6746
f 4572 4979 8910
f 4979 4572 8904
f 6109 4979 8904
f 6111 4979 6109
f 996 6111 6884
f 6111 7279 6884
f 6111 6109 7279
f 6884 7279 8056
f 8056 7279 8433
f 8056 8433 997
f 8433 525 997
f 8433 523 525
f 523 8905 8911
f 523 8911 525
f 1683 1293 8906
f 2807 8912 1293
f 1683 2807 1293
f 2805 2807 1683
f 2805 3945 2807
f 2805 3943 3945
f 3943 5091 3945
f 3943 5089 5091
f 5089 8907 8913
f 5089 8913 5091
f 2522 998 8914
f 2522 8914 2520
f 2520 8908 2522
f 2522 8908 994
f 6747 8915 7141
f 8915 995 7141
f 8915 999 995
f 7141 8909 6747
f 3476 3851 8916
f 3851 3476 8910
f 4979 3851 8910
f 4981 3851 4979
f 1000 4981 5722
f 4981 6111 5722
f 4981 4979 6111
f 6111 996 5722
f 527 1001 525
f 525 1001 997
f 525 8911 8917
f 525 8917 527
f 2807 2431 8912
f 3945 3537 2431
f 3945 2431 2807
f 5091 4653 3537
f 5091 3537 3945
f 5091 8913 4653
f 1392 1002 8918
f 1392 8918 1390
f 1390 8914 1392
f 1392 8914 998
f 1003 8915 8919
f 1003 999 8915
f 3853 8920 8916
f 3853 8916 3851
f 1004 3853 4574
f 3853 4981 4574
f 3853 3851 4981
f 4981 1000 4574
f 527 160 1001
f 1631 1005 1260
f 1260 1005 8917
f 1005 160 8917
f 160 527 8917
f 8921 1631 1260
f 8176 8559 8922
f 294 1006 8559
f 8176 294 8559
f 292 294 8176
f 292 8918 294
f 294 8918 1002
f 8919 6748 1003
f 1003 6748 6750
f 1007 6750 6748
f 1007 6748 8923
f 2384 2721 8924
f 3853 3478 8920
f 8920 3478 2384
f 3478 1008 2384
f 1008 2721 2384
f 3853 1004 3478
f 1631 1262 1005
f 8921 2398 1631
f 2398 1262 1631
f 2398 2400 1262
f 1009 2400 2398
f 1009 2398 8925
f 8561 8926 8922
f 8561 8922 8559
f 8559 1006 8561
f 8561 1006 1010
f 8923 7922 1007
f 1007 7922 7924
f 1011 7924 7922
f 1011 7922 8927
f 8924 2721 2386
f 1012 8924 2386
f 8928 8924 1012
f 2721 1008 2386
f 3887 1013 3492
f 1013 8925 3492
f 1013 1009 8925
f 8929 3887 3492
f 6988 7413 8930
f 8561 8178 8926
f 8926 8178 6988
f 8178 1014 6988
f 1014 7413 6988
f 8561 1010 8178
f 8927 38 1011
f 1011 38 40
f 1015 40 38
f 1015 38 8931
f 8928 1016 8932
f 1012 1016 8928
f 3887 3494 1013
f 5019 1017 4590
f 4590 1017 8929
f 1017 3494 8929
f 3494 3887 8929
f 8933 5019 4590
f 4654 5101 8934
f 5814 6243 5101
f 5814 5101 4654
f 7413 6990 8930
f 8930 6990 5814
f 6990 1018 5814
f 1018 6243 5814
f 7413 1014 6990
f 8931 1148 1015
f 1015 1148 1150
f 1019 1150 1148
f 1019 1148 8935
f 1242 1020 8936
f 1242 8936 1240
f 1240 8932 1242
f 1242 8932 1016
f 5019 4592 1017
f 8933 5740 5019
f 5740 4592 5019
f 5740 5742 4592
f 6902 7325 1021
f 5742 6902 1021
f 5740 6902 5742
f 8078 8485 7325
f 8078 7325 6902
f 188 585 8485
f 188 8485 8078
f 1294 1697 585
f 1294 585 188
f 2432 2819 1697
f 2432 1697 1294
f 3538 3957 2819
f 3538 2819 2432
f 5101 4656 8934
f 8934 4656 3538
f 4656 1022 3538
f 1022 3957 3538
f 4656 5101 5816
f 5816 5101 6243
f 6243 1018 5816
f 8935 2282 1019
f 1019 2282 2284
f 1023 2284 2282
f 1023 2282 8937
f 126 1024 8938
f 126 8938 124
f 124 8936 126
f 126 8936 1020
f 7325 6904 1021
f 6904 7325 8080
f 8080 7325 8485
f 8080 8485 190
f 190 8485 585
f 190 585 1296
f 1296 585 1697
f 1296 1697 2434
f 2434 1697 2819
f 2434 2819 3540
f 3540 2819 3957
f 3957 1022 3540
f 8937 3372 1023
f 1023 3372 3374
f 1025 3374 3372
f 1025 3372 8939
f 8008 1026 8940
f 8008 8940 8006
f 8006 8938 8008
f 8008 8938 1024
f 8939 4474 1025
f 1025 4474 4476
f 5654 4476 4474
f 5654 5656 4476
f 6830 5656 5654
f 6830 6832 5656
f 6830 8940 6832
f 6832 8940 1026
f 2760 2447 8941
f 3894 3553 2760
f 2760 3553 2447
f 5036 4675 3894
f 3894 4675 3553
f 5036 8942 4675
f 1027 1315 8943
f 8943 1315 1311
f 2449 2760 8941
f 1311 2449 8941
f 1315 2449 1311
f 2760 2449 3555
f 2760 3555 3894
f 3894 3555 4681
f 3894 4681 5036
f 1028 6174 5833
f 1028 5833 8942
f 4681 1028 8942
f 5036 4681 8942
f 6174 8944 5833
f 1029 215 8945
f 8945 215 211
f 8943 211 215
f 8943 215 1027
f 5835 6174 1028
f 1030 7348 7009
f 1030 7009 8944
f 5835 1030 8944
f 6174 5835 8944
f 7348 8946 7009
f 1031 8101 8947
f 8947 8101 8097
f 8945 8097 8101
f 8945 8101 1029
f 7011 7348 1030
f 1032 8506 8195
f 1032 8195 8946
f 7011 1032 8946
f 7348 7011 8946
f 8506 8948 8195
f 2828 2535 8949
f 3962 3641 2828
f 2828 3641 2535
f 5110 4759 3962
f 3962 4759 3641
f 6246 5899 5110
f 5110 5899 4759
f 6246 8950 5899
f 1033 8947 8951
f 1033 1031 8947
f 8197 8506 1032
f 311 8948 8506
f 8197 311 8506
f 313 311 8197
f 313 1407 311
f 1409 1407 313
f 2537 2828 8949
f 1407 2537 8949
f 1409 2537 1407
f 2828 2537 3643
f 2828 3643 3962
f 3962 3643 4761
f 3962 4761 5110
f 5110 4761 5901
f 5110 5901 6246
f 1034 7418 7075
f 1034 7075 8950
f 5901 1034 8950
f 6246 5901 8950
f 7418 8952 7075
f 8951 8098 1033
f 1033 8098 8102
f 1035 8102 8098
f 1035 8098 8953
f 7077 7418 1034
f 1036 8568 8261
f 1036 8261 8952
f 7077 1036 8952
f 7418 7077 8952
f 8568 8954 8261
f 8953 212 1035
f 1035 212 216
f 1037 216 212
f 1037 212 8955
f 1038 8572 8568
f 1038 8568 1036
f 8954 8568 8956
f 8956 8568 8572
f 8955 1312 1037
f 1037 1312 1316
f 1039 1316 1312
f 1039 1312 8957
f 1040 8576 8572
f 1040 8572 1038
f 8956 8572 8958
f 8958 8572 8576
f 1041 8957 8959
f 1041 1039 8957
f 8263 8576 1040
f 8263 1042 8576
f 1042 8958 8576
f 1042 8960 8958
f 1043 8959 8961
f 1043 1041 8959
f 8960 1044 8962
f 1042 1044 8960
f 1045 8961 8963
f 1045 1043 8961
f 8962 1046 8964
f 1044 1046 8962
f 1047 8963 8965
f 1047 1045 8963
f 8264 1048 8966
f 8264 8966 8262
f 8262 8964 8264
f 8264 8964 1046
f 1662 1313 8967
f 8965 1313 1662
f 1049 8965 1662
f 1047 8965 1049
f 7078 1050 7436
f 7436 8968 7078
f 8968 1048 7078
f 8968 8966 1048
f 1662 8967 1317
f 8967 1051 1317
f 8967 8969 1051
f 1049 1662 1317
f 1410 1052 1742
f 1410 1742 8970
f 2536 1410 8970
f 2538 1410 2536
f 3642 2538 2536
f 3642 3644 2538
f 4760 3644 3642
f 4760 4762 3644
f 5900 4762 4760
f 5900 5902 4762
f 1050 5902 7436
f 5902 7076 7436
f 5902 5900 7076
f 8968 7436 7076
f 1053 8103 8971
f 8971 8103 8099
f 8103 213 8099
f 217 213 8103
f 8969 213 217
f 8969 217 1051
f 314 1054 634
f 1742 1052 314
f 1742 314 634
f 1408 1742 634
f 8972 1408 634
f 8970 1742 1408
f 2728 2413 8973
f 3862 3507 2728
f 2728 3507 2413
f 4992 4605 3862
f 3862 4605 3507
f 1055 5757 4992
f 5757 4605 4992
f 5757 5755 4605
f 5757 6917 5755
f 6919 6917 5757
f 8971 6917 6919
f 8971 6919 1053
f 7012 1056 8974
f 7012 8974 7010
f 8196 7012 7010
f 8196 8198 7012
f 1054 8198 634
f 8198 312 634
f 8198 8196 312
f 8972 634 312
f 8975 2730 8973
f 8973 2730 2728
f 3864 2728 2730
f 3862 2728 3864
f 3864 1057 4607
f 4992 3864 4607
f 3862 3864 4992
f 1055 4992 4607
f 4682 1058 5076
f 4682 5076 8976
f 5834 4682 8976
f 5836 4682 5834
f 5834 8974 5836
f 5836 8974 1056
f 8977 2732 8975
f 8975 2732 2730
f 2732 1059 3509
f 3864 2732 3509
f 2730 2732 3864
f 1057 3864 3509
f 8978 4676 5076
f 1058 8978 5076
f 1060 8978 1058
f 8976 5076 4676
f 8979 2734 8977
f 8977 2734 2732
f 1059 2732 2734
f 1059 2734 1061
f 8978 1062 8980
f 1060 1062 8978
f 8981 2736 8979
f 8979 2736 2734
f 1061 2734 2736
f 1061 2736 1063
f 8980 1064 8982
f 1062 1064 8980
f 8983 2738 8981
f 8981 2738 2736
f 1063 2736 2738
f 1063 2738 1065
f 1066 5084 4677
f 8982 1066 4677
f 1064 1066 8982
f 5084 8984 4677
f 8985 2740 8983
f 8983 2740 2738
f 1065 2738 2740
f 1065 2740 1067
f 1068 5086 5084
f 1068 5084 1066
f 8984 5084 8986
f 8986 5084 5086
f 8987 2742 8985
f 8985 2742 2740
f 1067 2740 2742
f 1067 2742 1069
f 8988 4678 5086
f 1068 8988 5086
f 1070 8988 1068
f 8986 5086 4678
f 1626 1275 8989
f 1275 1626 8987
f 1626 2742 8987
f 1626 2744 2742
f 1069 2742 2744
f 1069 2744 1071
f 3556 1072 3944
f 3944 8990 3556
f 8990 1070 3556
f 8990 8988 1070
f 526 173 8991
f 173 526 8989
f 526 1626 8989
f 526 1628 1626
f 1628 1073 2415
f 2744 1628 2415
f 1626 1628 2744
f 1071 2744 2415
f 1074 3946 3944
f 1074 3944 1072
f 8990 3944 8992
f 8992 3944 3946
f 8993 528 8991
f 8991 528 526
f 528 1075 1277
f 1628 528 1277
f 526 528 1628
f 1073 1628 1277
f 1076 3948 3946
f 1076 3946 1074
f 8992 3946 8994
f 8994 3946 3948
f 8995 530 8993
f 8993 530 528
f 1075 528 530
f 1075 530 1077
f 3557 3948 1076
f 3557 1078 3948
f 1078 8994 3948
f 1078 8996 8994
f 8997 532 8995
f 8995 532 530
f 1077 530 532
f 1077 532 1079
f 8996 1080 8998
f 1078 1080 8996
f 174 532 8997
f 1278 1079 1636
f 1636 1079 8999
f 1079 532 8999
f 532 174 8999
f 1081 1278 1636
f 1082 5100 4679
f 8998 1082 4679
f 1080 1082 8998
f 5100 9000 4679
f 1276 1636 8999
f 2416 1081 2756
f 2756 1081 9001
f 1081 1636 9001
f 1636 1276 9001
f 2416 2756 3890
f 2416 3890 3510
f 1083 3510 3890
f 4683 5100 1082
f 4683 1084 5100
f 1084 9000 5100
f 1084 9002 9000
f 2414 2756 9001
f 3508 3890 2414
f 2414 3890 2756
f 4608 1083 5022
f 5022 1083 9003
f 1083 3890 9003
f 3890 3508 9003
f 1085 4608 5022
f 9002 1086 9004
f 1084 1086 9002
f 4606 5022 9003
f 5758 1085 6160
f 6160 1085 9005
f 1085 5022 9005
f 5022 4606 9005
f 1087 5758 6160
f 4684 1088 9006
f 4684 9006 4680
f 4680 9004 4684
f 4684 9004 1086
f 5756 6160 9005
f 6920 1087 7334
f 7334 1087 9007
f 1087 6160 9007
f 6160 5756 9007
f 1089 6920 7334
f 3558 1090 9008
f 3558 9008 3554
f 3554 9006 3558
f 3558 9006 1088
f 6918 7334 9007
f 8104 1089 8494
f 8494 1089 9009
f 1089 7334 9009
f 7334 6918 9009
f 8104 8494 594
f 8104 594 218
f 218 594 9010
f 1314 218 9010
f 1318 218 1314
f 2448 1318 1314
f 2448 2450 1318
f 2448 9008 2450
f 2450 9008 1090
f 8100 8494 9009
f 214 594 8100
f 8100 594 8494
f 9010 594 214
f 578 233 9011
f 1690 1333 578
f 578 1333 233
f 1690 9012 1333
f 1091 8119 9013
f 9013 8119 8117
f 235 578 9011
f 8117 235 9011
f 8119 235 8117
f 578 235 1335
f 578 1335 1690
f 2467 9012 1690
f 1335 2467 1690
f 2469 2467 1335
f 3952 3575 1092
f 3575 2469 1092
f 3575 2467 2469
f 3952 9014 3575
f 1093 6935 9015
f 9015 6935 6933
f 9013 6933 6935
f 9013 6935 1091
f 3577 3952 1092
f 3577 1094 3952
f 1094 9014 3952
f 1094 9016 9014
f 1095 9015 9017
f 1095 1093 9015
f 4695 9016 1094
f 4695 1094 4697
f 4697 1096 4695
f 4695 1096 9018
f 1097 5769 9019
f 9019 5769 5767
f 9017 5767 5769
f 9017 5769 1095
f 9018 1098 9020
f 1096 1098 9018
f 1099 4613 5025
f 9021 5025 4613
f 1097 9021 4613
f 9019 9021 1097
f 4698 1100 9022
f 4698 9022 4696
f 4696 9020 4698
f 4698 9020 1098
f 5027 1101 5025
f 5025 1101 1099
f 5025 9021 9023
f 5025 9023 5027
f 3578 1102 9024
f 3578 9024 3576
f 3576 9022 3578
f 3578 9022 1100
f 5027 4614 1101
f 6165 1103 5768
f 5768 1103 9023
f 1103 4614 9023
f 4614 5027 9023
f 9025 6165 5768
f 1336 1104 9026
f 1336 9026 1334
f 2468 1336 1334
f 2468 2470 1336
f 2468 9024 2470
f 2470 9024 1102
f 6165 5770 1103
f 7339 1105 6934
f 6934 1105 9025
f 1105 5770 9025
f 5770 6165 9025
f 8118 8497 7339
f 8118 7339 6934
f 236 1106 8497
f 8118 236 8497
f 234 236 8118
f 234 9026 236
f 236 9026 1104
f 7339 6936 1105
f 6936 7339 8120
f 8120 7339 8497
f 8497 1106 8120
