# Converted from NanoShaper .vert/.face
v 4.417000 -15.807000 -3.607000
v 5.538000 -15.807000 -3.607000
v 3.805000 -15.807000 -3.107000
v 6.117000 -15.807000 -3.107000
v 2.888000 -15.807000 -2.607000
v 6.348000 -15.807000 -2.607000
v 2.273000 -15.807000 -2.107000
v 6.361000 -15.807000 -2.107000
v 1.643000 -15.807000 -1.607000
v 6.314000 -15.807000 -1.607000
v 1.378000 -15.807000 -1.107000
v 6.126000 -15.807000 -1.107000
v 1.360000 -15.807000 -0.607000
v 5.675000 -15.807000 -0.607000
v 1.574000 -15.807000 -0.107000
v 5.168000 -15.807000 -0.107000
v 1.901000 -15.807000 0.393000
v 4.551000 -15.807000 0.393000
v 2.041000 -15.807000 0.893000
v 3.770000 -15.807000 0.893000
v 1.846000 -15.807000 1.393000
v 3.302000 -15.807000 1.393000
v 1.847000 -15.807000 1.893000
v 3.108000 -15.807000 1.893000
v 5.256000 -11.807000 -7.607000
v 6.584000 -11.807000 -7.607000
v 4.708000 -11.807000 -7.107000
v 6.685000 -11.807000 -7.107000
v 4.097000 -11.807000 -6.607000
v 7.111000 -11.807000 -6.607000
v 3.418000 -11.807000 -6.107000
v 7.545000 -11.807000 -6.107000
v 2.219000 -11.807000 -5.607000
v 7.764000 -11.807000 -5.607000
v 1.603000 -11.807000 -5.107000
v 7.704000 -11.807000 -5.107000
v 1.374000 -11.807000 -4.607000
v 7.455000 -11.807000 -4.607000
v 1.298000 -11.807000 -4.107000
v 6.972000 -11.807000 -4.107000
v 1.172000 -11.807000 -3.607000
v 6.477000 -11.807000 -3.607000
v 1.173000 -11.807000 -3.107000
v 5.743000 -11.807000 -3.107000
v 1.373000 -11.807000 -2.607000
v 5.097000 -11.807000 -2.607000
v 1.948000 -11.807000 -2.107000
v 4.464000 -11.807000 -2.107000
v 5.859000 -7.807000 -9.107000
v 8.866000 -7.807000 -9.107000
v 5.066000 -7.807000 -8.607000
v 10.162000 -7.807000 -8.607000
v 4.822000 -7.807000 -8.107000
v 10.198000 -7.807000 -8.107000
v 4.798000 -7.807000 -7.607000
v 10.162000 -7.807000 -7.607000
v 4.755000 -7.807000 -7.107000
v 10.156000 -7.807000 -7.107000
v 4.543000 -7.807000 -6.607000
v 10.195000 -7.807000 -6.607000
v 4.064000 -7.807000 -6.107000
v 10.178000 -7.807000 -6.107000
v 3.792000 -7.807000 -5.607000
v 9.921000 -7.807000 -5.607000
v 3.370000 -7.807000 -5.107000
v 9.015000 -7.807000 -5.107000
v 2.833000 -7.807000 -4.607000
v 8.072000 -7.807000 -4.607000
v 2.629000 -7.807000 -4.107000
v 7.362000 -7.807000 -4.107000
v 2.596000 -7.807000 -3.607000
v 6.935000 -7.807000 -3.607000
v 2.612000 -7.807000 -3.107000
v 6.824000 -7.807000 -3.107000
v 2.830000 -7.807000 -2.607000
v 6.848000 -7.807000 -2.607000
v 3.066000 -7.807000 -2.107000
v 6.845000 -7.807000 -2.107000
v 3.274000 -7.807000 -1.607000
v 6.658000 -7.807000 -1.607000
v 3.835000 -7.807000 -1.107000
v 6.124000 -7.807000 -1.107000
v 1.734000 -15.807000 -1.699000
v 1.734000 -15.807000 0.121000
v 2.234000 -15.807000 -2.072000
v 2.234000 -15.807000 2.275000
v 2.734000 -15.807000 -2.522000
v 2.734000 -15.807000 2.270000
v 3.234000 -15.807000 -2.750000
v 3.234000 -15.807000 1.523000
v 3.734000 -15.807000 -3.044000
v 3.734000 -15.807000 0.921000
v 4.234000 -15.807000 -3.502000
v 4.234000 -15.807000 0.577000
v 4.734000 -15.807000 -3.716000
v 4.734000 -15.807000 0.287000
v 5.234000 -15.807000 -3.714000
v 5.234000 -15.807000 -0.162000
v 5.734000 -15.807000 -3.490000
v 5.734000 -15.807000 -0.673000
v 6.234000 -15.807000 -2.918000
v 6.234000 -15.807000 -1.324000
v 1.234000 -11.807000 -3.847000
v 1.234000 -11.807000 -2.886000
v 1.734000 -11.807000 -5.248000
v 1.734000 -11.807000 -2.232000
v 2.234000 -11.807000 -5.616000
v 2.234000 -11.807000 -2.011000
v 2.734000 -11.807000 -5.853000
v 2.734000 -11.807000 -1.933000
v 3.234000 -11.807000 -6.015000
v 3.234000 -11.807000 -1.887000
v 3.734000 -11.807000 -6.326000
v 3.734000 -11.807000 -1.895000
v 4.234000 -11.807000 -6.716000
v 4.234000 -11.807000 -1.985000
v 4.734000 -11.807000 -7.130000
v 4.734000 -11.807000 -2.300000
v 5.234000 -11.807000 -7.586000
v 5.234000 -11.807000 -2.747000
v 5.734000 -11.807000 -8.010000
v 5.734000 -11.807000 -3.100000
v 6.234000 -11.807000 -7.994000
v 6.234000 -11.807000 -3.469000
v 6.734000 -11.807000 -7.018000
v 6.734000 -11.807000 -3.827000
v 7.234000 -11.807000 -6.451000
v 7.234000 -11.807000 -4.399000
v 7.734000 -11.807000 -5.778000
v 7.734000 -11.807000 -5.236000
v 2.734000 -7.807000 -4.431000
v 2.734000 -7.807000 -2.770000
v 3.234000 -7.807000 -5.003000
v 3.234000 -7.807000 -1.674000
v 3.734000 -7.807000 -5.509000
v 3.734000 -7.807000 -1.162000
v 4.234000 -7.807000 -6.278000
v 4.234000 -7.807000 -0.984000
v 4.734000 -7.807000 -7.020000
v 4.734000 -7.807000 -0.971000
v 5.234000 -7.807000 -8.779000
v 5.234000 -7.807000 -0.959000
v 5.734000 -7.807000 -9.035000
v 5.734000 -7.807000 -0.971000
v 6.234000 -7.807000 -9.396000
v 6.234000 -7.807000 -1.172000
v 6.734000 -7.807000 -9.551000
v 6.734000 -7.807000 -1.748000
v 7.234000 -7.807000 -9.569000
v 7.234000 -7.807000 -3.990000
v 7.734000 -7.807000 -9.530000
v 7.734000 -7.807000 -4.399000
v 8.234000 -7.807000 -9.467000
v 8.234000 -7.807000 -4.666000
v 8.734000 -7.807000 -9.157000
v 8.734000 -7.807000 -4.919000
v 9.234000 -7.807000 -9.046000
v 9.234000 -7.807000 -5.197000
v 9.734000 -7.807000 -9.004000
v 9.734000 -7.807000 -5.430000
v 5.234000 -10.568000 -12.607000
v 5.234000 -9.603000 -12.607000
v 5.734000 -10.617000 -12.607000
v 5.734000 -9.554000 -12.607000
v 4.234000 -10.614000 -8.607000
v 4.234000 -8.615000 -8.607000
v 4.734000 -11.178000 -8.607000
v 4.734000 -8.099000 -8.607000
v 5.234000 -11.424000 -8.607000
v 5.234000 -7.674000 -8.607000
v 5.734000 -11.500000 -8.607000
v 5.734000 -7.445000 -8.607000
v 6.234000 -11.436000 -8.607000
v 6.234000 -7.183000 -8.607000
v 6.734000 -11.237000 -8.607000
v 6.734000 -6.936000 -8.607000
v 7.234000 -10.912000 -8.607000
v 7.234000 -6.935000 -8.607000
v 7.734000 -10.751000 -8.607000
v 7.734000 -7.175000 -8.607000
v 8.234000 -10.549000 -8.607000
v 8.234000 -7.381000 -8.607000
v 8.734000 -10.440000 -8.607000
v 8.734000 -7.417000 -8.607000
v 9.234000 -10.400000 -8.607000
v 9.234000 -7.430000 -8.607000
v 9.734000 -10.389000 -8.607000
v 9.734000 -7.624000 -8.607000
v 10.234000 -10.209000 -8.607000
v 10.234000 -7.848000 -8.607000
v 10.734000 -9.689000 -8.607000
v 10.734000 -8.368000 -8.607000
v 1.234000 -11.557000 -4.607000
v 1.234000 -10.464000 -4.607000
v 1.734000 -12.238000 -4.607000
v 1.734000 -9.862000 -4.607000
v 2.234000 -13.260000 -4.607000
v 2.234000 -9.552000 -4.607000
v 2.734000 -13.802000 -4.607000
v 2.734000 -8.936000 -4.607000
v 3.234000 -14.219000 -4.607000
v 3.234000 -7.179000 -4.607000
v 3.734000 -14.496000 -4.607000
v 3.734000 -6.941000 -4.607000
v 4.234000 -14.677000 -4.607000
v 4.234000 -6.866000 -4.607000
v 4.734000 -14.689000 -4.607000
v 4.734000 -6.853000 -4.607000
v 5.234000 -14.466000 -4.607000
v 5.234000 -6.945000 -4.607000
v 5.734000 -13.985000 -4.607000
v 5.734000 -7.001000 -4.607000
v 6.234000 -13.402000 -4.607000
v 6.234000 -6.940000 -4.607000
v 6.734000 -12.697000 -4.607000
v 6.734000 -7.103000 -4.607000
v 7.234000 -12.031000 -4.607000
v 7.234000 -7.326000 -4.607000
v 7.734000 -11.128000 -4.607000
v 7.734000 -7.588000 -4.607000
v 8.234000 -10.466000 -4.607000
v 8.234000 -7.884000 -4.607000
v 8.734000 -10.199000 -4.607000
v 8.734000 -8.184000 -4.607000
v 9.234000 -10.109000 -4.607000
v 9.234000 -8.512000 -4.607000
v 1.234000 -17.021000 -0.607000
v 1.234000 -16.063000 -0.607000
v 1.734000 -17.673000 -0.607000
v 1.734000 -15.412000 -0.607000
v 2.234000 -17.894000 -0.607000
v 2.234000 -15.174000 -0.607000
v 2.734000 -17.951000 -0.607000
v 2.734000 -14.830000 -0.607000
v 3.234000 -17.946000 -0.607000
v 3.234000 -14.351000 -0.607000
v 3.734000 -17.752000 -0.607000
v 3.734000 -14.163000 -0.607000
v 4.234000 -17.476000 -0.607000
v 4.234000 -14.116000 -0.607000
v 4.734000 -17.249000 -0.607000
v 4.734000 -14.234000 -0.607000
v 5.234000 -16.676000 -0.607000
v 5.234000 -14.410000 -0.607000
v 4.042000 -15.307000 -3.607000
v 5.947000 -15.307000 -3.607000
v 3.660000 -15.307000 -3.107000
v 6.446000 -15.307000 -3.107000
v 3.056000 -15.307000 -2.607000
v 6.694000 -15.307000 -2.607000
v 2.545000 -15.307000 -2.107000
v 6.703000 -15.307000 -2.107000
v 2.259000 -15.307000 -1.607000
v 6.496000 -15.307000 -1.607000
v 1.941000 -15.307000 -1.107000
v 6.160000 -15.307000 -1.107000
v 1.907000 -15.307000 -0.607000
v 5.701000 -15.307000 -0.607000
v 2.397000 -15.307000 -0.107000
v 5.158000 -15.307000 -0.107000
v 2.979000 -15.307000 0.393000
v 4.561000 -15.307000 0.393000
v 4.907000 -11.307000 -11.607000
v 6.157000 -11.307000 -11.607000
v 4.452000 -11.307000 -11.107000
v 6.180000 -11.307000 -11.107000
v 4.371000 -11.307000 -10.607000
v 6.089000 -11.307000 -10.607000
v 4.349000 -11.307000 -10.107000
v 6.112000 -11.307000 -10.107000
v 4.389000 -11.307000 -9.607000
v 6.107000 -11.307000 -9.607000
v 4.840000 -11.307000 -9.107000
v 6.144000 -11.307000 -9.107000
v 4.953000 -11.307000 -8.607000
v 6.609000 -11.307000 -8.607000
v 4.911000 -11.307000 -8.107000
v 6.947000 -11.307000 -8.107000
v 4.769000 -11.307000 -7.607000
v 7.366000 -11.307000 -7.607000
v 4.575000 -11.307000 -7.107000
v 8.062000 -11.307000 -7.107000
v 4.370000 -11.307000 -6.607000
v 9.958000 -11.307000 -6.607000
v 3.980000 -11.307000 -6.107000
v 9.998000 -11.307000 -6.107000
v 1.875000 -11.307000 -5.607000
v 8.711000 -11.307000 -5.607000
v 1.338000 -11.307000 -5.107000
v 8.058000 -11.307000 -5.107000
v 1.154000 -11.307000 -4.607000
v 7.683000 -11.307000 -4.607000
v 1.133000 -11.307000 -4.107000
v 7.202000 -11.307000 -4.107000
v 1.102000 -11.307000 -3.607000
v 6.653000 -11.307000 -3.607000
v 1.103000 -11.307000 -3.107000
v 5.742000 -11.307000 -3.107000
v 1.301000 -11.307000 -2.607000
v 5.035000 -11.307000 -2.607000
v 1.869000 -11.307000 -2.107000
v 4.553000 -11.307000 -2.107000
v 6.056000 -7.307000 -8.607000
v 7.983000 -7.307000 -8.607000
v 5.422000 -7.307000 -8.107000
v 9.480000 -7.307000 -8.107000
v 5.279000 -7.307000 -7.607000
v 9.534000 -7.307000 -7.607000
v 5.070000 -7.307000 -7.107000
v 9.557000 -7.307000 -7.107000
v 4.839000 -7.307000 -6.607000
v 9.644000 -7.307000 -6.607000
v 4.675000 -7.307000 -6.107000
v 9.624000 -7.307000 -6.107000
v 4.399000 -7.307000 -5.607000
v 8.744000 -7.307000 -5.607000
v 3.915000 -7.307000 -5.107000
v 7.885000 -7.307000 -5.107000
v 3.099000 -7.307000 -4.607000
v 7.180000 -7.307000 -4.607000
v 2.845000 -7.307000 -4.107000
v 6.824000 -7.307000 -4.107000
v 2.813000 -7.307000 -3.607000
v 6.783000 -7.307000 -3.607000
v 2.834000 -7.307000 -3.107000
v 6.822000 -7.307000 -3.107000
v 3.003000 -7.307000 -2.607000
v 6.886000 -7.307000 -2.607000
v 3.090000 -7.307000 -2.107000
v 6.870000 -7.307000 -2.107000
v 3.287000 -7.307000 -1.607000
v 6.662000 -7.307000 -1.607000
v 3.861000 -7.307000 -1.107000
v 6.094000 -7.307000 -1.107000
v 2.234000 -15.307000 -1.565000
v 2.234000 -15.307000 -0.220000
v 2.734000 -15.307000 -2.332000
v 2.734000 -15.307000 0.224000
v 3.234000 -15.307000 -2.720000
v 3.234000 -15.307000 0.551000
v 3.734000 -15.307000 -3.195000
v 3.734000 -15.307000 0.606000
v 4.234000 -15.307000 -3.802000
v 4.234000 -15.307000 0.508000
v 4.734000 -15.307000 -4.045000
v 4.734000 -15.307000 0.292000
v 5.234000 -15.307000 -4.050000
v 5.234000 -15.307000 -0.171000
v 5.734000 -15.307000 -3.821000
v 5.734000 -15.307000 -0.641000
v 6.234000 -15.307000 -3.307000
v 6.234000 -15.307000 -1.213000
v 1.234000 -11.307000 -4.900000
v 1.234000 -11.307000 -2.723000
v 1.734000 -11.307000 -5.523000
v 1.734000 -11.307000 -2.181000
v 2.234000 -11.307000 -5.734000
v 2.234000 -11.307000 -1.928000
v 2.734000 -11.307000 -5.788000
v 2.734000 -11.307000 -1.750000
v 3.234000 -11.307000 -5.830000
v 3.234000 -11.307000 -1.647000
v 3.734000 -11.307000 -5.976000
v 3.734000 -11.307000 -1.640000
v 4.234000 -11.307000 -6.355000
v 4.234000 -11.307000 -1.832000
v 4.734000 -11.307000 -11.402000
v 4.734000 -11.307000 -9.246000
v 4.734000 -11.307000 -7.513000
v 4.734000 -11.307000 -2.324000
v 5.234000 -11.307000 -11.942000
v 5.234000 -11.307000 -2.812000
v 5.734000 -11.307000 -11.981000
v 5.734000 -11.307000 -3.103000
v 6.234000 -11.307000 -8.989000
v 6.234000 -11.307000 -3.397000
v 6.734000 -11.307000 -8.418000
v 6.734000 -11.307000 -3.653000
v 7.234000 -11.307000 -7.736000
v 7.234000 -11.307000 -4.143000
v 7.734000 -11.307000 -7.378000
v 7.734000 -11.307000 -4.678000
v 8.234000 -11.307000 -7.003000
v 8.234000 -11.307000 -5.297000
v 8.734000 -11.307000 -7.025000
v 8.734000 -11.307000 -5.615000
v 9.234000 -11.307000 -6.989000
v 9.234000 -11.307000 -5.728000
v 9.734000 -11.307000 -6.803000
v 9.734000 -11.307000 -5.837000
v 3.234000 -7.307000 -4.740000
v 3.234000 -7.307000 -1.697000
v 3.734000 -7.307000 -5.012000
v 3.734000 -7.307000 -1.175000
v 4.234000 -7.307000 -5.352000
v 4.234000 -7.307000 -0.995000
v 4.734000 -7.307000 -6.264000
v 4.734000 -7.307000 -0.984000
v 5.234000 -7.307000 -7.440000
v 5.234000 -7.307000 -0.975000
v 5.734000 -7.307000 -8.408000
v 5.734000 -7.307000 -0.988000
v 6.234000 -7.307000 -8.735000
v 6.234000 -7.307000 -1.186000
v 6.734000 -7.307000 -9.005000
v 6.734000 -7.307000 -1.729000
v 7.234000 -7.307000 -8.997000
v 7.234000 -7.307000 -4.650000
v 7.734000 -7.307000 -8.759000
v 7.734000 -7.307000 -5.051000
v 8.234000 -7.307000 -8.501000
v 8.234000 -7.307000 -5.188000
v 8.734000 -7.307000 -8.408000
v 8.734000 -7.307000 -5.601000
v 9.234000 -7.307000 -8.359000
v 9.234000 -7.307000 -5.747000
v 4.734000 -10.929000 -12.107000
v 4.734000 -9.237000 -12.107000
v 5.234000 -11.209000 -12.107000
v 5.234000 -8.874000 -12.107000
v 5.734000 -11.231000 -12.107000
v 5.734000 -8.852000 -12.107000
v 6.234000 -11.014000 -12.107000
v 6.234000 -9.149000 -12.107000
v 4.234000 -10.168000 -8.107000
v 4.234000 -8.890000 -8.107000
v 4.734000 -11.119000 -8.107000
v 4.734000 -7.953000 -8.107000
v 5.234000 -11.553000 -8.107000
v 5.234000 -7.420000 -8.107000
v 5.734000 -11.754000 -8.107000
v 5.734000 -7.090000 -8.107000
v 6.234000 -11.746000 -8.107000
v 6.234000 -6.853000 -8.107000
v 6.734000 -11.500000 -8.107000
v 6.734000 -6.724000 -8.107000
v 7.234000 -11.121000 -8.107000
v 7.234000 -6.723000 -8.107000
v 7.734000 -10.949000 -8.107000
v 7.734000 -6.874000 -8.107000
v 8.234000 -10.815000 -8.107000
v 8.234000 -7.073000 -8.107000
v 8.734000 -10.747000 -8.107000
v 8.734000 -7.202000 -8.107000
v 9.234000 -10.587000 -8.107000
v 9.234000 -7.240000 -8.107000
v 9.734000 -10.470000 -8.107000
v 9.734000 -7.434000 -8.107000
v 10.234000 -10.275000 -8.107000
v 10.234000 -7.835000 -8.107000
v 10.734000 -9.759000 -8.107000
v 10.734000 -8.360000 -8.107000
v 1.234000 -11.628000 -4.107000
v 1.234000 -10.427000 -4.107000
v 1.734000 -12.490000 -4.107000
v 1.734000 -9.760000 -4.107000
v 2.234000 -13.269000 -4.107000
v 2.234000 -9.161000 -4.107000
v 2.734000 -13.809000 -4.107000
v 2.734000 -7.498000 -4.107000
v 3.234000 -14.234000 -4.107000
v 3.234000 -6.933000 -4.107000
v 3.734000 -14.659000 -4.107000
v 3.734000 -6.738000 -4.107000
v 4.234000 -14.992000 -4.107000
v 4.234000 -6.672000 -4.107000
v 4.734000 -15.209000 -4.107000
v 4.734000 -6.650000 -4.107000
v 5.234000 -15.202000 -4.107000
v 5.234000 -6.768000 -4.107000
v 5.734000 -14.651000 -4.107000
v 5.734000 -6.849000 -4.107000
v 6.234000 -13.917000 -4.107000
v 6.234000 -6.911000 -4.107000
v 6.734000 -12.181000 -4.107000
v 6.734000 -7.255000 -4.107000
v 7.234000 -11.131000 -4.107000
v 7.234000 -7.651000 -4.107000
v 7.734000 -9.921000 -4.107000
v 7.734000 -8.298000 -4.107000
v 8.234000 -9.546000 -4.107000
v 8.234000 -8.560000 -4.107000
v 1.734000 -17.562000 -0.107000
v 1.734000 -15.636000 -0.107000
v 2.234000 -17.824000 -0.107000
v 2.234000 -15.369000 -0.107000
v 2.734000 -17.955000 -0.107000
v 2.734000 -15.100000 -0.107000
v 3.234000 -17.954000 -0.107000
v 3.234000 -14.583000 -0.107000
v 3.734000 -17.762000 -0.107000
v 3.734000 -14.360000 -0.107000
v 4.234000 -17.339000 -0.107000
v 4.234000 -14.373000 -0.107000
v 4.734000 -16.986000 -0.107000
v 4.734000 -14.632000 -0.107000
v 3.941000 -14.807000 -4.107000
v 5.629000 -14.807000 -4.107000
v 3.708000 -14.807000 -3.607000
v 6.355000 -14.807000 -3.607000
v 3.486000 -14.807000 -3.107000
v 6.678000 -14.807000 -3.107000
v 3.126000 -14.807000 -2.607000
v 6.878000 -14.807000 -2.607000
v 2.857000 -14.807000 -2.107000
v 6.886000 -14.807000 -2.107000
v 2.773000 -14.807000 -1.607000
v 6.697000 -14.807000 -1.607000
v 2.757000 -14.807000 -1.107000
v 6.213000 -14.807000 -1.107000
v 2.756000 -14.807000 -0.607000
v 5.621000 -14.807000 -0.607000
v 3.010000 -14.807000 -0.107000
v 4.901000 -14.807000 -0.107000
v 4.622000 -10.807000 -12.107000
v 6.445000 -10.807000 -12.107000
v 4.110000 -10.807000 -11.607000
v 6.700000 -10.807000 -11.607000
v 3.857000 -10.807000 -11.107000
v 6.713000 -10.807000 -11.107000
v 3.826000 -10.807000 -10.607000
v 6.654000 -10.807000 -10.607000
v 3.802000 -10.807000 -10.107000
v 6.693000 -10.807000 -10.107000
v 3.817000 -10.807000 -9.607000
v 6.831000 -10.807000 -9.607000
v 4.076000 -10.807000 -9.107000
v 7.170000 -10.807000 -9.107000
v 4.359000 -10.807000 -8.607000
v 7.525000 -10.807000 -8.607000
v 4.527000 -10.807000 -8.107000
v 8.275000 -10.807000 -8.107000
v 4.588000 -10.807000 -7.607000
v 9.335000 -10.807000 -7.607000
v 4.569000 -10.807000 -7.107000
v 10.352000 -10.807000 -7.107000
v 4.506000 -10.807000 -6.607000
v 10.627000 -10.807000 -6.607000
v 4.191000 -10.807000 -6.107000
v 10.643000 -10.807000 -6.107000
v 1.839000 -10.807000 -5.607000
v 10.416000 -10.807000 -5.607000
v 1.318000 -10.807000 -5.107000
v 8.730000 -10.807000 -5.107000
v 1.136000 -10.807000 -4.607000
v 7.903000 -10.807000 -4.607000
v 1.118000 -10.807000 -4.107000
v 7.337000 -10.807000 -4.107000
v 1.112000 -10.807000 -3.607000
v 6.682000 -10.807000 -3.607000
v 1.120000 -10.807000 -3.107000
v 6.011000 -10.807000 -3.107000
v 1.321000 -10.807000 -2.607000
v 5.169000 -10.807000 -2.607000
v 1.830000 -10.807000 -2.107000
v 4.724000 -10.807000 -2.107000
v 2.519000 -10.807000 -1.607000
v 4.164000 -10.807000 -1.607000
v 6.401000 -6.807000 -8.107000
v 7.532000 -6.807000 -8.107000
v 5.850000 -6.807000 -7.607000
v 8.100000 -6.807000 -7.607000
v 5.744000 -6.807000 -7.107000
v 8.083000 -6.807000 -7.107000
v 5.369000 -6.807000 -6.607000
v 7.950000 -6.807000 -6.607000
v 5.348000 -6.807000 -6.107000
v 7.294000 -6.807000 -6.107000
v 5.820000 -6.807000 -5.607000
v 7.164000 -6.807000 -5.607000
v 3.483000 -6.807000 -4.107000
v 5.394000 -6.807000 -4.107000
v 3.406000 -6.807000 -3.607000
v 6.437000 -6.807000 -3.607000
v 3.335000 -6.807000 -3.107000
v 6.722000 -6.807000 -3.107000
v 3.305000 -6.807000 -2.607000
v 6.883000 -6.807000 -2.607000
v 3.304000 -6.807000 -2.107000
v 6.867000 -6.807000 -2.107000
v 3.547000 -6.807000 -1.607000
v 6.647000 -6.807000 -1.607000
v 4.453000 -6.807000 -1.107000
v 5.994000 -6.807000 -1.107000
v 3.234000 -14.807000 -2.750000
v 3.234000 -14.807000 0.112000
v 3.734000 -14.807000 -3.677000
v 3.734000 -14.807000 0.331000
v 4.234000 -14.807000 -4.372000
v 4.234000 -14.807000 0.318000
v 4.734000 -14.807000 -4.460000
v 4.734000 -14.807000 0.064000
v 5.234000 -14.807000 -4.319000
v 5.234000 -14.807000 -0.393000
v 5.734000 -14.807000 -4.049000
v 5.734000 -14.807000 -0.674000
v 6.234000 -14.807000 -3.730000
v 6.234000 -14.807000 -1.126000
v 6.734000 -14.807000 -3.003000
v 6.734000 -14.807000 -1.671000
v 1.234000 -10.807000 -4.944000
v 1.234000 -10.807000 -2.760000
v 1.734000 -10.807000 -5.544000
v 1.734000 -10.807000 -2.188000
v 2.234000 -10.807000 -5.751000
v 2.234000 -10.807000 -1.762000
v 2.734000 -10.807000 -5.763000
v 2.734000 -10.807000 -1.542000
v 3.234000 -10.807000 -5.737000
v 3.234000 -10.807000 -1.465000
v 3.734000 -10.807000 -5.844000
v 3.734000 -10.807000 -1.459000
v 4.234000 -10.807000 -11.732000
v 4.234000 -10.807000 -8.889000
v 4.234000 -10.807000 -6.150000
v 4.234000 -10.807000 -1.646000
v 4.734000 -10.807000 -12.222000
v 4.734000 -10.807000 -2.121000
v 5.234000 -10.807000 -12.489000
v 5.234000 -10.807000 -2.676000
v 5.734000 -10.807000 -12.510000
v 5.734000 -10.807000 -3.001000
v 6.234000 -10.807000 -12.302000
v 6.234000 -10.807000 -3.227000
v 6.734000 -10.807000 -9.862000
v 6.734000 -10.807000 -3.651000
v 7.234000 -10.807000 -8.945000
v 7.234000 -10.807000 -4.028000
v 7.734000 -10.807000 -8.509000
v 7.734000 -10.807000 -4.425000
v 8.234000 -10.807000 -8.126000
v 8.234000 -10.807000 -4.880000
v 8.734000 -10.807000 -8.010000
v 8.734000 -10.807000 -5.108000
v 9.234000 -10.807000 -7.664000
v 9.234000 -10.807000 -5.170000
v 9.734000 -10.807000 -7.485000
v 9.734000 -10.807000 -5.190000
v 10.234000 -10.807000 -7.217000
v 10.234000 -10.807000 -5.423000
v 3.734000 -6.807000 -4.349000
v 3.734000 -6.807000 -1.428000
v 4.234000 -6.807000 -4.504000
v 4.234000 -6.807000 -1.182000
v 4.734000 -6.807000 -4.513000
v 4.734000 -6.807000 -1.037000
v 5.234000 -6.807000 -4.180000
v 5.234000 -6.807000 -1.037000
v 5.734000 -6.807000 -7.088000
v 5.734000 -6.807000 -5.676000
v 5.734000 -6.807000 -4.048000
v 5.734000 -6.807000 -1.040000
v 6.234000 -6.807000 -8.020000
v 6.234000 -6.807000 -5.158000
v 6.234000 -6.807000 -3.887000
v 6.234000 -6.807000 -1.222000
v 6.734000 -6.807000 -8.374000
v 6.734000 -6.807000 -5.174000
v 6.734000 -6.807000 -3.079000
v 6.734000 -6.807000 -1.748000
v 7.234000 -6.807000 -8.376000
v 7.234000 -6.807000 -5.952000
v 7.734000 -6.807000 -7.959000
v 7.734000 -6.807000 -6.410000
v 4.234000 -10.933000 -11.607000
v 4.234000 -9.164000 -11.607000
v 4.734000 -11.226000 -11.607000
v 4.734000 -8.610000 -11.607000
v 5.234000 -11.424000 -11.607000
v 5.234000 -8.359000 -11.607000
v 5.734000 -11.443000 -11.607000
v 5.734000 -8.346000 -11.607000
v 6.234000 -11.265000 -11.607000
v 6.234000 -8.563000 -11.607000
v 6.734000 -10.750000 -11.607000
v 6.734000 -9.363000 -11.607000
v 4.734000 -11.238000 -7.607000
v 4.734000 -7.910000 -7.607000
v 5.234000 -11.796000 -7.607000
v 5.234000 -7.350000 -7.607000
v 5.734000 -11.943000 -7.607000
v 5.734000 -6.875000 -7.607000
v 6.234000 -11.927000 -7.607000
v 6.234000 -6.677000 -7.607000
v 6.734000 -11.720000 -7.607000
v 6.734000 -6.668000 -7.607000
v 7.234000 -11.372000 -7.607000
v 7.234000 -6.677000 -7.607000
v 7.734000 -11.191000 -7.607000
v 7.734000 -6.700000 -7.607000
v 8.234000 -11.041000 -7.607000
v 8.234000 -6.877000 -7.607000
v 8.734000 -10.976000 -7.607000
v 8.734000 -7.129000 -7.607000
v 9.234000 -10.842000 -7.607000
v 9.234000 -7.218000 -7.607000
v 9.734000 -10.713000 -7.607000
v 9.734000 -7.413000 -7.607000
v 10.234000 -10.465000 -7.607000
v 10.234000 -7.877000 -7.607000
v 10.734000 -9.809000 -7.607000
v 10.734000 -8.407000 -7.607000
v 1.234000 -12.047000 -3.607000
v 1.234000 -10.444000 -3.607000
v 1.734000 -12.720000 -3.607000
v 1.734000 -9.554000 -3.607000
v 2.234000 -13.235000 -3.607000
v 2.234000 -8.858000 -3.607000
v 2.734000 -13.769000 -3.607000
v 2.734000 -7.435000 -3.607000
v 3.234000 -14.302000 -3.607000
v 3.234000 -6.911000 -3.607000
v 3.734000 -14.843000 -3.607000
v 3.734000 -6.622000 -3.607000
v 4.234000 -15.576000 -3.607000
v 4.234000 -6.430000 -3.607000
v 4.734000 -16.077000 -3.607000
v 4.734000 -6.337000 -3.607000
v 5.234000 -16.066000 -3.607000
v 5.234000 -6.350000 -3.607000
v 5.734000 -15.580000 -3.607000
v 5.734000 -6.352000 -3.607000
v 6.234000 -14.933000 -3.607000
v 6.234000 -6.587000 -3.607000
v 6.734000 -9.313000 -3.607000
v 6.734000 -7.217000 -3.607000
v 1.734000 -17.627000 0.393000
v 1.734000 -15.945000 0.393000
v 2.234000 -17.908000 0.393000
v 2.234000 -15.630000 0.393000
v 2.734000 -17.996000 0.393000
v 2.734000 -15.414000 0.393000
v 3.234000 -17.903000 0.393000
v 3.234000 -15.150000 0.393000
v 3.734000 -17.591000 0.393000
v 3.734000 -14.918000 0.393000
v 4.234000 -16.922000 0.393000
v 4.234000 -14.945000 0.393000
v 1.957000 -18.307000 1.393000
v 2.998000 -18.307000 1.393000
v 1.957000 -18.307000 1.893000
v 2.997000 -18.307000 1.893000
v 3.367000 -14.307000 -5.607000
v 4.528000 -14.307000 -5.607000
v 3.360000 -14.307000 -5.107000
v 4.838000 -14.307000 -5.107000
v 3.377000 -14.307000 -4.607000
v 5.401000 -14.307000 -4.607000
v 3.334000 -14.307000 -4.107000
v 6.048000 -14.307000 -4.107000
v 3.240000 -14.307000 -3.607000
v 6.602000 -14.307000 -3.607000
v 3.162000 -14.307000 -3.107000
v 6.808000 -14.307000 -3.107000
v 3.082000 -14.307000 -2.607000
v 6.898000 -14.307000 -2.607000
v 3.091000 -14.307000 -2.107000
v 6.894000 -14.307000 -2.107000
v 3.178000 -14.307000 -1.607000
v 6.696000 -14.307000 -1.607000
v 3.205000 -14.307000 -1.107000
v 6.141000 -14.307000 -1.107000
v 3.310000 -14.307000 -0.607000
v 4.983000 -14.307000 -0.607000
v 5.011000 -10.307000 -12.607000
v 6.056000 -10.307000 -12.607000
v 4.373000 -10.307000 -12.107000
v 6.675000 -10.307000 -12.107000
v 3.860000 -10.307000 -11.607000
v 6.888000 -10.307000 -11.607000
v 3.653000 -10.307000 -11.107000
v 6.930000 -10.307000 -11.107000
v 3.633000 -10.307000 -10.607000
v 6.945000 -10.307000 -10.607000
v 3.609000 -10.307000 -10.107000
v 7.125000 -10.307000 -10.107000
v 3.621000 -10.307000 -9.607000
v 7.662000 -10.307000 -9.607000
v 3.773000 -10.307000 -9.107000
v 8.573000 -10.307000 -9.107000
v 4.018000 -10.307000 -8.607000
v 10.035000 -10.307000 -8.607000
v 4.310000 -10.307000 -8.107000
v 10.176000 -10.307000 -8.107000
v 4.461000 -10.307000 -7.607000
v 10.405000 -10.307000 -7.607000
v 4.558000 -10.307000 -7.107000
v 10.654000 -10.307000 -7.107000
v 4.492000 -10.307000 -6.607000
v 10.849000 -10.307000 -6.607000
v 4.175000 -10.307000 -6.107000
v 10.863000 -10.307000 -6.107000
v 2.546000 -10.307000 -5.607000
v 10.679000 -10.307000 -5.607000
v 1.527000 -10.307000 -5.107000
v 10.145000 -10.307000 -5.107000
v 1.313000 -10.307000 -4.607000
v 8.452000 -10.307000 -4.607000
v 1.297000 -10.307000 -4.107000
v 7.611000 -10.307000 -4.107000
v 1.311000 -10.307000 -3.607000
v 6.662000 -10.307000 -3.607000
v 1.341000 -10.307000 -3.107000
v 6.143000 -10.307000 -3.107000
v 1.575000 -10.307000 -2.607000
v 5.534000 -10.307000 -2.607000
v 1.883000 -10.307000 -2.107000
v 5.156000 -10.307000 -2.107000
v 2.498000 -10.307000 -1.607000
v 4.636000 -10.307000 -1.607000
v 3.928000 -6.307000 -3.107000
v 6.466000 -6.307000 -3.107000
v 3.783000 -6.307000 -2.607000
v 6.683000 -6.307000 -2.607000
v 3.799000 -6.307000 -2.107000
v 6.664000 -6.307000 -2.107000
v 4.077000 -6.307000 -1.607000
v 6.395000 -6.307000 -1.607000
v 2.234000 -18.307000 1.119000
v 2.234000 -18.307000 2.165000
v 2.734000 -18.307000 1.125000
v 2.734000 -18.307000 2.159000
v 3.234000 -14.307000 -3.568000
v 3.234000 -14.307000 -0.888000
v 3.734000 -14.307000 -5.956000
v 3.734000 -14.307000 -0.198000
v 4.234000 -14.307000 -5.924000
v 4.234000 -14.307000 -0.221000
v 4.734000 -14.307000 -5.224000
v 4.734000 -14.307000 -0.519000
v 5.234000 -14.307000 -4.771000
v 5.234000 -14.307000 -0.674000
v 5.734000 -14.307000 -4.301000
v 5.734000 -14.307000 -0.871000
v 6.234000 -14.307000 -3.981000
v 6.234000 -14.307000 -1.159000
v 6.734000 -14.307000 -3.358000
v 6.734000 -14.307000 -1.669000
v 1.734000 -10.307000 -5.327000
v 1.734000 -10.307000 -2.350000
v 2.234000 -10.307000 -5.573000
v 2.234000 -10.307000 -1.752000
v 2.734000 -10.307000 -5.626000
v 2.734000 -10.307000 -1.534000
v 3.234000 -10.307000 -5.731000
v 3.234000 -10.307000 -1.454000
v 3.734000 -10.307000 -11.374000
v 3.734000 -10.307000 -9.225000
v 3.734000 -10.307000 -5.855000
v 3.734000 -10.307000 -1.421000
v 4.234000 -10.307000 -11.985000
v 4.234000 -10.307000 -8.281000
v 4.234000 -10.307000 -6.166000
v 4.234000 -10.307000 -1.466000
v 4.734000 -10.307000 -12.455000
v 4.734000 -10.307000 -1.665000
v 5.234000 -10.307000 -12.677000
v 5.234000 -10.307000 -2.244000
v 5.734000 -10.307000 -12.696000
v 5.734000 -10.307000 -2.794000
v 6.234000 -10.307000 -12.520000
v 6.234000 -10.307000 -3.188000
v 6.734000 -10.307000 -12.014000
v 6.734000 -10.307000 -3.669000
v 7.234000 -10.307000 -9.935000
v 7.234000 -10.307000 -3.954000
v 7.734000 -10.307000 -9.578000
v 7.734000 -10.307000 -4.185000
v 8.234000 -10.307000 -9.440000
v 8.234000 -10.307000 -4.520000
v 8.734000 -10.307000 -8.991000
v 8.734000 -10.307000 -4.668000
v 9.234000 -10.307000 -8.887000
v 9.234000 -10.307000 -4.718000
v 9.734000 -10.307000 -8.881000
v 9.734000 -10.307000 -4.932000
v 10.234000 -10.307000 -7.967000
v 10.234000 -10.307000 -5.158000
v 10.734000 -10.307000 -6.936000
v 10.734000 -10.307000 -5.706000
v 4.234000 -6.307000 -3.414000
v 4.234000 -6.307000 -1.464000
v 4.734000 -6.307000 -3.575000
v 4.734000 -6.307000 -1.245000
v 5.234000 -6.307000 -3.568000
v 5.234000 -6.307000 -1.240000
v 5.734000 -6.307000 -3.570000
v 5.734000 -6.307000 -1.240000
v 6.234000 -6.307000 -3.342000
v 6.234000 -6.307000 -1.461000
v 3.734000 -10.577000 -11.107000
v 3.734000 -9.516000 -11.107000
v 4.234000 -11.188000 -11.107000
v 4.234000 -8.670000 -11.107000
v 4.734000 -11.396000 -11.107000
v 4.734000 -8.373000 -11.107000
v 5.234000 -11.448000 -11.107000
v 5.234000 -8.180000 -11.107000
v 5.734000 -11.453000 -11.107000
v 5.734000 -8.169000 -11.107000
v 6.234000 -11.278000 -11.107000
v 6.234000 -8.354000 -11.107000
v 6.734000 -10.772000 -11.107000
v 6.734000 -8.834000 -11.107000
v 4.734000 -11.851000 -7.107000
v 4.734000 -7.843000 -7.107000
v 5.234000 -12.133000 -7.107000
v 5.234000 -7.139000 -7.107000
v 5.734000 -12.105000 -7.107000
v 5.734000 -6.812000 -7.107000
v 6.234000 -11.984000 -7.107000
v 6.234000 -6.682000 -7.107000
v 6.734000 -11.787000 -7.107000
v 6.734000 -6.656000 -7.107000
v 7.234000 -11.528000 -7.107000
v 7.234000 -6.662000 -7.107000
v 7.734000 -11.385000 -7.107000
v 7.734000 -6.705000 -7.107000
v 8.234000 -11.275000 -7.107000
v 8.234000 -6.885000 -7.107000
v 8.734000 -11.260000 -7.107000
v 8.734000 -7.114000 -7.107000
v 9.234000 -11.239000 -7.107000
v 9.234000 -7.205000 -7.107000
v 9.734000 -11.148000 -7.107000
v 9.734000 -7.405000 -7.107000
v 10.234000 -10.917000 -7.107000
v 10.234000 -7.885000 -7.107000
v 10.734000 -10.097000 -7.107000
v 10.734000 -8.430000 -7.107000
v 1.234000 -12.044000 -3.107000
v 1.234000 -10.486000 -3.107000
v 1.734000 -12.722000 -3.107000
v 1.734000 -9.529000 -3.107000
v 2.234000 -13.220000 -3.107000
v 2.234000 -8.855000 -3.107000
v 2.734000 -13.774000 -3.107000
v 2.734000 -7.472000 -3.107000
v 3.234000 -14.402000 -3.107000
v 3.234000 -6.904000 -3.107000
v 3.734000 -15.510000 -3.107000
v 3.734000 -6.432000 -3.107000
v 4.234000 -16.440000 -3.107000
v 4.234000 -6.103000 -3.107000
v 4.734000 -16.677000 -3.107000
v 4.734000 -5.892000 -3.107000
v 5.234000 -16.672000 -3.107000
v 5.234000 -5.878000 -3.107000
v 5.734000 -16.420000 -3.107000
v 5.734000 -5.872000 -3.107000
v 6.234000 -15.577000 -3.107000
v 6.234000 -12.669000 -3.107000
v 6.234000 -9.857000 -3.107000
v 6.234000 -6.086000 -3.107000
v 6.734000 -14.610000 -3.107000
v 6.734000 -13.542000 -3.107000
v 6.734000 -8.344000 -3.107000
v 6.734000 -6.845000 -3.107000
v 1.734000 -17.952000 0.893000
v 1.734000 -15.994000 0.893000
v 2.234000 -18.189000 0.893000
v 2.234000 -15.724000 0.893000
v 2.734000 -18.189000 0.893000
v 2.734000 -15.610000 0.893000
v 3.234000 -17.990000 0.893000
v 3.234000 -15.560000 0.893000
v 3.734000 -17.479000 0.893000
v 3.734000 -15.768000 0.893000
v 2.010000 -17.807000 -1.107000
v 3.078000 -17.807000 -1.107000
v 1.971000 -17.807000 -0.607000
v 3.639000 -17.807000 -0.607000
v 2.175000 -17.807000 -0.107000
v 3.656000 -17.807000 -0.107000
v 1.978000 -17.807000 0.393000
v 3.439000 -17.807000 0.393000
v 1.585000 -17.807000 0.893000
v 3.470000 -17.807000 0.893000
v 1.339000 -17.807000 1.393000
v 3.616000 -17.807000 1.393000
v 1.339000 -17.807000 1.893000
v 3.616000 -17.807000 1.893000
v 1.586000 -17.807000 2.393000
v 3.369000 -17.807000 2.393000
v 3.029000 -13.807000 -6.107000
v 4.866000 -13.807000 -6.107000
v 2.791000 -13.807000 -5.607000
v 5.134000 -13.807000 -5.607000
v 2.777000 -13.807000 -5.107000
v 5.391000 -13.807000 -5.107000
v 2.740000 -13.807000 -4.607000
v 5.906000 -13.807000 -4.607000
v 2.732000 -13.807000 -4.107000
v 6.280000 -13.807000 -4.107000
v 2.771000 -13.807000 -3.607000
v 6.613000 -13.807000 -3.607000
v 2.767000 -13.807000 -3.107000
v 6.810000 -13.807000 -3.107000
v 2.879000 -13.807000 -2.607000
v 6.886000 -13.807000 -2.607000
v 3.174000 -13.807000 -2.107000
v 6.879000 -13.807000 -2.107000
v 3.635000 -13.807000 -1.607000
v 6.669000 -13.807000 -1.607000
v 4.119000 -13.807000 -1.107000
v 6.054000 -13.807000 -1.107000
v 5.039000 -9.807000 -12.607000
v 6.029000 -9.807000 -12.607000
v 4.380000 -9.807000 -12.107000
v 6.663000 -9.807000 -12.107000
v 3.856000 -9.807000 -11.607000
v 6.877000 -9.807000 -11.607000
v 3.649000 -9.807000 -11.107000
v 6.996000 -9.807000 -11.107000
v 3.619000 -9.807000 -10.607000
v 7.213000 -9.807000 -10.607000
v 3.601000 -9.807000 -10.107000
v 7.964000 -9.807000 -10.107000
v 3.584000 -9.807000 -9.607000
v 9.039000 -9.807000 -9.607000
v 3.599000 -9.807000 -9.107000
v 10.410000 -9.807000 -9.107000
v 3.796000 -9.807000 -8.607000
v 10.661000 -9.807000 -8.607000
v 4.097000 -9.807000 -8.107000
v 10.705000 -9.807000 -8.107000
v 4.290000 -9.807000 -7.607000
v 10.734000 -9.807000 -7.607000
v 4.423000 -9.807000 -7.107000
v 10.815000 -9.807000 -7.107000
v 4.347000 -9.807000 -6.607000
v 10.871000 -9.807000 -6.607000
v 3.965000 -9.807000 -6.107000
v 10.879000 -9.807000 -6.107000
v 3.221000 -9.807000 -5.607000
v 10.698000 -9.807000 -5.607000
v 2.323000 -9.807000 -5.107000
v 10.196000 -9.807000 -5.107000
v 1.819000 -9.807000 -4.607000
v 9.518000 -9.807000 -4.607000
v 1.697000 -9.807000 -4.107000
v 7.803000 -9.807000 -4.107000
v 1.623000 -9.807000 -3.607000
v 6.668000 -9.807000 -3.607000
v 1.640000 -9.807000 -3.107000
v 6.248000 -9.807000 -3.107000
v 1.826000 -9.807000 -2.607000
v 5.920000 -9.807000 -2.607000
v 2.116000 -9.807000 -2.107000
v 5.639000 -9.807000 -2.107000
v 2.820000 -9.807000 -1.607000
v 5.354000 -9.807000 -1.607000
v 4.395000 -5.807000 -2.607000
v 6.108000 -5.807000 -2.607000
v 4.431000 -5.807000 -2.107000
v 6.070000 -5.807000 -2.107000
v 1.734000 -17.807000 0.712000
v 1.734000 -17.807000 2.540000
v 2.234000 -17.807000 -1.335000
v 2.234000 -17.807000 2.782000
v 2.734000 -17.807000 -1.380000
v 2.734000 -17.807000 2.779000
v 3.234000 -17.807000 -0.997000
v 3.234000 -17.807000 2.529000
v 2.734000 -13.807000 -4.527000
v 2.734000 -13.807000 -4.080000
v 3.234000 -13.807000 -6.305000
v 3.234000 -13.807000 -2.034000
v 3.734000 -13.807000 -6.525000
v 3.734000 -13.807000 -1.504000
v 4.234000 -13.807000 -6.510000
v 4.234000 -13.807000 -1.044000
v 4.734000 -13.807000 -6.245000
v 4.734000 -13.807000 -0.961000
v 5.234000 -13.807000 -5.353000
v 5.234000 -13.807000 -0.997000
v 5.734000 -13.807000 -4.787000
v 5.734000 -13.807000 -1.019000
v 6.234000 -13.807000 -4.162000
v 6.234000 -13.807000 -1.197000
v 6.734000 -13.807000 -3.363000
v 6.734000 -13.807000 -1.713000
v 1.734000 -9.807000 -4.312000
v 1.734000 -9.807000 -2.807000
v 2.234000 -9.807000 -5.066000
v 2.234000 -9.807000 -1.988000
v 2.734000 -9.807000 -5.335000
v 2.734000 -9.807000 -1.655000
v 3.234000 -9.807000 -5.615000
v 3.234000 -9.807000 -1.459000
v 3.734000 -9.807000 -11.382000
v 3.734000 -9.807000 -8.715000
v 3.734000 -9.807000 -5.933000
v 3.734000 -9.807000 -1.326000
v 4.234000 -9.807000 -11.988000
v 4.234000 -9.807000 -7.741000
v 4.234000 -9.807000 -6.396000
v 4.234000 -9.807000 -1.204000
v 4.734000 -9.807000 -12.443000
v 4.734000 -9.807000 -1.223000
v 5.234000 -9.807000 -12.667000
v 5.234000 -9.807000 -1.486000
v 5.734000 -9.807000 -12.685000
v 5.734000 -9.807000 -2.304000
v 6.234000 -9.807000 -12.508000
v 6.234000 -9.807000 -3.088000
v 6.734000 -9.807000 -11.993000
v 6.734000 -9.807000 -3.664000
v 7.234000 -9.807000 -10.577000
v 7.234000 -9.807000 -3.947000
v 7.734000 -9.807000 -10.192000
v 7.734000 -9.807000 -4.088000
v 8.234000 -9.807000 -10.033000
v 8.234000 -9.807000 -4.238000
v 8.734000 -9.807000 -9.777000
v 8.734000 -9.807000 -4.413000
v 9.234000 -9.807000 -9.548000
v 9.234000 -9.807000 -4.511000
v 9.734000 -9.807000 -9.496000
v 9.734000 -9.807000 -4.733000
v 10.234000 -9.807000 -9.274000
v 10.234000 -9.807000 -5.135000
v 10.734000 -9.807000 -7.614000
v 10.734000 -9.807000 -5.671000
v 4.734000 -5.807000 -2.942000
v 4.734000 -5.807000 -1.848000
v 5.234000 -5.807000 -2.972000
v 5.234000 -5.807000 -1.825000
v 5.734000 -5.807000 -2.985000
v 5.734000 -5.807000 -1.816000
v 3.734000 -10.636000 -10.607000
v 3.734000 -9.036000 -10.607000
v 4.234000 -11.227000 -10.607000
v 4.234000 -8.436000 -10.607000
v 4.734000 -11.434000 -10.607000
v 4.734000 -8.230000 -10.607000
v 5.234000 -11.451000 -10.607000
v 5.234000 -8.176000 -10.607000
v 5.734000 -11.425000 -10.607000
v 5.734000 -8.166000 -10.607000
v 6.234000 -11.227000 -10.607000
v 6.234000 -8.312000 -10.607000
v 6.734000 -10.670000 -10.607000
v 6.734000 -8.551000 -10.607000
v 7.234000 -9.734000 -10.607000
v 7.234000 -9.066000 -10.607000
v 3.734000 -13.662000 -6.607000
v 3.734000 -12.377000 -6.607000
v 4.234000 -13.631000 -6.607000
v 4.234000 -11.567000 -6.607000
v 4.234000 -9.605000 -6.607000
v 4.234000 -8.420000 -6.607000
v 4.734000 -13.230000 -6.607000
v 4.734000 -7.477000 -6.607000
v 5.234000 -12.754000 -6.607000
v 5.234000 -6.890000 -6.607000
v 5.734000 -12.446000 -6.607000
v 5.734000 -6.676000 -6.607000
v 6.234000 -12.196000 -6.607000
v 6.234000 -6.662000 -6.607000
v 6.734000 -11.977000 -6.607000
v 6.734000 -6.661000 -6.607000
v 7.234000 -11.735000 -6.607000
v 7.234000 -6.674000 -6.607000
v 7.734000 -11.491000 -6.607000
v 7.734000 -6.749000 -6.607000
v 8.234000 -11.405000 -6.607000
v 8.234000 -6.942000 -6.607000
v 8.734000 -11.455000 -6.607000
v 8.734000 -7.114000 -6.607000
v 9.234000 -11.438000 -6.607000
v 9.234000 -7.172000 -6.607000
v 9.734000 -11.364000 -6.607000
v 9.734000 -7.359000 -6.607000
v 10.234000 -11.176000 -6.607000
v 10.234000 -7.855000 -6.607000
v 10.734000 -10.630000 -6.607000
v 10.734000 -8.481000 -6.607000
v 1.734000 -12.454000 -2.607000
v 1.734000 -10.035000 -2.607000
v 2.234000 -12.984000 -2.607000
v 2.234000 -9.130000 -2.607000
v 2.734000 -13.546000 -2.607000
v 2.734000 -8.449000 -2.607000
v 3.234000 -16.643000 -2.607000
v 3.234000 -6.907000 -2.607000
v 3.734000 -16.729000 -2.607000
v 3.734000 -6.363000 -2.607000
v 4.234000 -16.804000 -2.607000
v 4.234000 -5.889000 -2.607000
v 4.734000 -16.884000 -2.607000
v 4.734000 -5.711000 -2.607000
v 5.234000 -16.879000 -2.607000
v 5.234000 -12.059000 -2.607000
v 5.234000 -10.675000 -2.607000
v 5.234000 -5.699000 -2.607000
v 5.734000 -16.674000 -2.607000
v 5.734000 -12.484000 -2.607000
v 5.734000 -10.031000 -2.607000
v 5.734000 -5.694000 -2.607000
v 6.234000 -16.075000 -2.607000
v 6.234000 -12.814000 -2.607000
v 6.234000 -9.217000 -2.607000
v 6.234000 -5.875000 -2.607000
v 6.734000 -15.238000 -2.607000
v 6.734000 -13.401000 -2.607000
v 6.734000 -8.234000 -2.607000
v 6.734000 -6.393000 -2.607000
v 1.234000 -17.625000 1.393000
v 1.234000 -16.439000 1.393000
v 1.734000 -18.192000 1.393000
v 1.734000 -15.872000 1.393000
v 2.234000 -18.388000 1.393000
v 2.234000 -15.676000 1.393000
v 2.734000 -18.386000 1.393000
v 2.734000 -15.649000 1.393000
v 3.234000 -18.183000 1.393000
v 3.234000 -15.772000 1.393000
v 3.734000 -17.597000 1.393000
v 3.734000 -16.276000 1.393000
v 1.669000 -17.307000 -1.607000
v 4.142000 -17.307000 -1.607000
v 1.398000 -17.307000 -1.107000
v 4.660000 -17.307000 -1.107000
v 1.379000 -17.307000 -0.607000
v 4.636000 -17.307000 -0.607000
v 1.513000 -17.307000 -0.107000
v 4.273000 -17.307000 -0.107000
v 1.504000 -17.307000 0.393000
v 3.972000 -17.307000 0.393000
v 1.321000 -17.307000 0.893000
v 3.820000 -17.307000 0.893000
v 1.128000 -17.307000 1.393000
v 3.832000 -17.307000 1.393000
v 1.128000 -17.307000 1.893000
v 3.827000 -17.307000 1.893000
v 1.328000 -17.307000 2.393000
v 3.627000 -17.307000 2.393000
v 1.911000 -17.307000 2.893000
v 3.043000 -17.307000 2.893000
v 3.357000 -13.307000 -6.607000
v 4.605000 -13.307000 -6.607000
v 2.789000 -13.307000 -6.107000
v 5.407000 -13.307000 -6.107000
v 2.562000 -13.307000 -5.607000
v 5.752000 -13.307000 -5.607000
v 2.366000 -13.307000 -5.107000
v 6.143000 -13.307000 -5.107000
v 2.261000 -13.307000 -4.607000
v 6.320000 -13.307000 -4.607000
v 2.258000 -13.307000 -4.107000
v 6.450000 -13.307000 -4.107000
v 2.305000 -13.307000 -3.607000
v 6.547000 -13.307000 -3.607000
v 2.326000 -13.307000 -3.107000
v 6.625000 -13.307000 -3.107000
v 2.583000 -13.307000 -2.607000
v 6.676000 -13.307000 -2.607000
v 3.131000 -13.307000 -2.107000
v 6.667000 -13.307000 -2.107000
v 4.059000 -13.307000 -1.607000
v 6.408000 -13.307000 -1.607000
v 4.670000 -9.307000 -12.107000
v 6.398000 -9.307000 -12.107000
v 4.094000 -9.307000 -11.607000
v 6.715000 -9.307000 -11.607000
v 3.817000 -9.307000 -11.107000
v 6.925000 -9.307000 -11.107000
v 3.649000 -9.307000 -10.607000
v 7.283000 -9.307000 -10.607000
v 3.625000 -9.307000 -10.107000
v 8.594000 -9.307000 -10.107000
v 3.608000 -9.307000 -9.607000
v 10.077000 -9.307000 -9.607000
v 3.611000 -9.307000 -9.107000
v 10.671000 -9.307000 -9.107000
v 3.811000 -9.307000 -8.607000
v 10.874000 -9.307000 -8.607000
v 4.089000 -9.307000 -8.107000
v 10.895000 -9.307000 -8.107000
v 4.249000 -9.307000 -7.607000
v 10.899000 -9.307000 -7.607000
v 4.298000 -9.307000 -7.107000
v 10.888000 -9.307000 -7.107000
v 4.150000 -9.307000 -6.607000
v 10.870000 -9.307000 -6.607000
v 3.821000 -9.307000 -6.107000
v 10.855000 -9.307000 -6.107000
v 3.466000 -9.307000 -5.607000
v 10.671000 -9.307000 -5.607000
v 3.028000 -9.307000 -5.107000
v 10.201000 -9.307000 -5.107000
v 2.500000 -9.307000 -4.607000
v 9.595000 -9.307000 -4.607000
v 2.107000 -9.307000 -4.107000
v 8.458000 -9.307000 -4.107000
v 1.855000 -9.307000 -3.607000
v 6.735000 -9.307000 -3.607000
v 1.844000 -9.307000 -3.107000
v 6.375000 -9.307000 -3.107000
v 2.067000 -9.307000 -2.607000
v 6.199000 -9.307000 -2.607000
v 2.536000 -9.307000 -2.107000
v 6.117000 -9.307000 -2.107000
v 3.141000 -9.307000 -1.607000
v 5.870000 -9.307000 -1.607000
v 3.920000 -9.307000 -1.107000
v 4.974000 -9.307000 -1.107000
v 1.234000 -17.307000 1.061000
v 1.234000 -17.307000 2.223000
v 1.734000 -17.307000 -1.673000
v 1.734000 -17.307000 2.796000
v 2.234000 -17.307000 -1.949000
v 2.234000 -17.307000 2.993000
v 2.734000 -17.307000 -1.980000
v 2.734000 -17.307000 2.990000
v 3.234000 -17.307000 -1.974000
v 3.234000 -17.307000 2.787000
v 3.734000 -17.307000 -1.930000
v 3.734000 -17.307000 2.195000
v 4.234000 -17.307000 -1.559000
v 4.234000 -17.307000 -0.049000
v 2.734000 -13.307000 -6.015000
v 2.734000 -13.307000 -2.444000
v 3.234000 -13.307000 -6.541000
v 3.234000 -13.307000 -2.048000
v 3.734000 -13.307000 -6.724000
v 3.734000 -13.307000 -1.821000
v 4.234000 -13.307000 -6.710000
v 4.234000 -13.307000 -1.478000
v 4.734000 -13.307000 -6.567000
v 4.734000 -13.307000 -1.245000
v 5.234000 -13.307000 -6.298000
v 5.234000 -13.307000 -1.232000
v 5.734000 -13.307000 -5.631000
v 5.734000 -13.307000 -1.229000
v 6.234000 -13.307000 -4.872000
v 6.234000 -13.307000 -1.446000
v 2.234000 -9.307000 -4.248000
v 2.234000 -9.307000 -2.429000
v 2.734000 -9.307000 -4.833000
v 2.734000 -9.307000 -1.906000
v 3.234000 -9.307000 -5.328000
v 3.234000 -9.307000 -1.541000
v 3.734000 -9.307000 -10.903000
v 3.734000 -9.307000 -8.741000
v 3.734000 -9.307000 -5.986000
v 3.734000 -9.307000 -1.199000
v 4.234000 -9.307000 -11.747000
v 4.234000 -9.307000 -7.666000
v 4.234000 -9.307000 -6.805000
v 4.234000 -9.307000 -1.021000
v 4.734000 -9.307000 -12.173000
v 4.734000 -9.307000 -1.038000
v 5.234000 -9.307000 -12.452000
v 5.234000 -9.307000 -1.198000
v 5.734000 -9.307000 -12.474000
v 5.734000 -9.307000 -1.468000
v 6.234000 -9.307000 -12.258000
v 6.234000 -9.307000 -2.735000
v 6.734000 -9.307000 -11.566000
v 6.734000 -9.307000 -3.607000
v 7.234000 -9.307000 -10.654000
v 7.234000 -9.307000 -3.886000
v 7.734000 -9.307000 -10.357000
v 7.734000 -9.307000 -3.985000
v 8.234000 -9.307000 -10.236000
v 8.234000 -9.307000 -4.040000
v 8.734000 -9.307000 -10.023000
v 8.734000 -9.307000 -4.254000
v 9.234000 -9.307000 -9.781000
v 9.234000 -9.307000 -4.488000
v 9.734000 -9.307000 -9.707000
v 9.734000 -9.307000 -4.682000
v 10.234000 -9.307000 -9.527000
v 10.234000 -9.307000 -5.138000
v 10.734000 -9.307000 -9.002000
v 10.734000 -9.307000 -5.726000
v 3.734000 -10.686000 -10.107000
v 3.734000 -8.987000 -10.107000
v 4.234000 -11.241000 -10.107000
v 4.234000 -8.421000 -10.107000
v 4.734000 -11.438000 -10.107000
v 4.734000 -8.221000 -10.107000
v 5.234000 -11.453000 -10.107000
v 5.234000 -8.184000 -10.107000
v 5.734000 -11.434000 -10.107000
v 5.734000 -8.140000 -10.107000
v 6.234000 -11.238000 -10.107000
v 6.234000 -8.183000 -10.107000
v 6.734000 -10.760000 -10.107000
v 6.734000 -8.284000 -10.107000
v 7.234000 -10.205000 -10.107000
v 7.234000 -8.328000 -10.107000
v 7.734000 -9.913000 -10.107000
v 7.734000 -8.382000 -10.107000
v 8.234000 -9.681000 -10.107000
v 8.234000 -8.423000 -10.107000
v 3.234000 -14.004000 -6.107000
v 3.234000 -11.991000 -6.107000
v 3.734000 -14.224000 -6.107000
v 3.734000 -11.533000 -6.107000
v 4.234000 -14.208000 -6.107000
v 4.234000 -7.638000 -6.107000
v 4.734000 -13.944000 -6.107000
v 4.734000 -7.263000 -6.107000
v 5.234000 -13.495000 -6.107000
v 5.234000 -6.877000 -6.107000
v 5.734000 -13.006000 -6.107000
v 5.734000 -6.666000 -6.107000
v 6.234000 -12.521000 -6.107000
v 6.234000 -6.645000 -6.107000
v 6.734000 -12.273000 -6.107000
v 6.734000 -6.673000 -6.107000
v 7.234000 -12.057000 -6.107000
v 7.234000 -6.790000 -6.107000
v 7.734000 -11.690000 -6.107000
v 7.734000 -6.948000 -6.107000
v 8.234000 -11.511000 -6.107000
v 8.234000 -7.094000 -6.107000
v 8.734000 -11.466000 -6.107000
v 8.734000 -7.174000 -6.107000
v 9.234000 -11.438000 -6.107000
v 9.234000 -7.181000 -6.107000
v 9.734000 -11.378000 -6.107000
v 9.734000 -7.369000 -6.107000
v 10.234000 -11.192000 -6.107000
v 10.234000 -7.877000 -6.107000
v 10.734000 -10.660000 -6.107000
v 10.734000 -8.493000 -6.107000
v 2.234000 -16.990000 -2.107000
v 2.234000 -15.888000 -2.107000
v 2.234000 -12.150000 -2.107000
v 2.234000 -9.681000 -2.107000
v 2.734000 -17.136000 -2.107000
v 2.734000 -15.004000 -2.107000
v 2.734000 -12.705000 -2.107000
v 2.734000 -9.097000 -2.107000
v 3.234000 -17.216000 -2.107000
v 3.234000 -6.920000 -2.107000
v 3.734000 -17.210000 -2.107000
v 3.734000 -6.376000 -2.107000
v 4.234000 -17.051000 -2.107000
v 4.234000 -5.905000 -2.107000
v 4.734000 -16.965000 -2.107000
v 4.734000 -12.314000 -2.107000
v 4.734000 -10.789000 -2.107000
v 4.734000 -5.725000 -2.107000
v 5.234000 -16.903000 -2.107000
v 5.234000 -12.554000 -2.107000
v 5.234000 -10.232000 -2.107000
v 5.234000 -5.714000 -2.107000
v 5.734000 -16.695000 -2.107000
v 5.734000 -12.699000 -2.107000
v 5.734000 -9.720000 -2.107000
v 5.734000 -5.710000 -2.107000
v 6.234000 -16.104000 -2.107000
v 6.234000 -12.901000 -2.107000
v 6.234000 -9.074000 -2.107000
v 6.234000 -5.893000 -2.107000
v 6.734000 -15.254000 -2.107000
v 6.734000 -13.416000 -2.107000
v 6.734000 -8.181000 -2.107000
v 6.734000 -6.426000 -2.107000
v 1.234000 -17.624000 1.893000
v 1.234000 -16.440000 1.893000
v 1.734000 -18.192000 1.893000
v 1.734000 -15.873000 1.893000
v 2.234000 -18.388000 1.893000
v 2.234000 -15.676000 1.893000
v 2.734000 -18.385000 1.893000
v 2.734000 -15.679000 1.893000
v 3.234000 -18.183000 1.893000
v 3.234000 -15.881000 1.893000
v 3.734000 -17.596000 1.893000
v 3.734000 -16.468000 1.893000
v 4.258000 -16.807000 -2.607000
v 5.480000 -16.807000 -2.607000
v 2.064000 -16.807000 -2.107000
v 5.531000 -16.807000 -2.107000
v 1.409000 -16.807000 -1.607000
v 5.528000 -16.807000 -1.607000
v 1.190000 -16.807000 -1.107000
v 5.301000 -16.807000 -1.107000
v 1.174000 -16.807000 -0.607000
v 5.156000 -16.807000 -0.607000
v 1.321000 -16.807000 -0.107000
v 4.902000 -16.807000 -0.107000
v 1.386000 -16.807000 0.393000
v 4.320000 -16.807000 0.393000
v 1.289000 -16.807000 0.893000
v 3.997000 -16.807000 0.893000
v 1.118000 -16.807000 1.393000
v 3.881000 -16.807000 1.393000
v 1.118000 -16.807000 1.893000
v 3.836000 -16.807000 1.893000
v 1.317000 -16.807000 2.393000
v 3.638000 -16.807000 2.393000
v 1.889000 -16.807000 2.893000
v 3.065000 -16.807000 2.893000
v 3.357000 -12.807000 -6.607000
v 5.183000 -12.807000 -6.607000
v 2.782000 -12.807000 -6.107000
v 5.940000 -12.807000 -6.107000
v 2.371000 -12.807000 -5.607000
v 6.460000 -12.807000 -5.607000
v 2.153000 -12.807000 -5.107000
v 6.684000 -12.807000 -5.107000
v 2.066000 -12.807000 -4.607000
v 6.673000 -12.807000 -4.607000
v 1.955000 -12.807000 -4.107000
v 6.571000 -12.807000 -4.107000
v 1.817000 -12.807000 -3.607000
v 6.446000 -12.807000 -3.607000
v 1.812000 -12.807000 -3.107000
v 6.338000 -12.807000 -3.107000
v 2.054000 -12.807000 -2.607000
v 6.226000 -12.807000 -2.607000
v 2.881000 -12.807000 -2.107000
v 6.050000 -12.807000 -2.107000
v 4.547000 -8.807000 -11.607000
v 6.480000 -8.807000 -11.607000
v 4.095000 -8.807000 -11.107000
v 6.716000 -8.807000 -11.107000
v 3.860000 -8.807000 -10.607000
v 7.046000 -8.807000 -10.607000
v 3.837000 -8.807000 -10.107000
v 8.598000 -8.807000 -10.107000
v 3.822000 -8.807000 -9.607000
v 10.103000 -8.807000 -9.607000
v 3.826000 -8.807000 -9.107000
v 10.684000 -8.807000 -9.107000
v 4.068000 -8.807000 -8.607000
v 10.885000 -8.807000 -8.607000
v 4.281000 -8.807000 -8.107000
v 10.894000 -8.807000 -8.107000
v 4.401000 -8.807000 -7.607000
v 10.886000 -8.807000 -7.607000
v 4.385000 -8.807000 -7.107000
v 10.874000 -8.807000 -7.107000
v 4.176000 -8.807000 -6.607000
v 10.844000 -8.807000 -6.607000
v 3.812000 -8.807000 -6.107000
v 10.838000 -8.807000 -6.107000
v 3.569000 -8.807000 -5.607000
v 10.659000 -8.807000 -5.607000
v 3.277000 -8.807000 -5.107000
v 10.184000 -8.807000 -5.107000
v 2.778000 -8.807000 -4.607000
v 9.561000 -8.807000 -4.607000
v 2.453000 -8.807000 -4.107000
v 8.462000 -8.807000 -4.107000
v 2.272000 -8.807000 -3.607000
v 6.871000 -8.807000 -3.607000
v 2.272000 -8.807000 -3.107000
v 6.497000 -8.807000 -3.107000
v 2.553000 -8.807000 -2.607000
v 6.376000 -8.807000 -2.607000
v 2.936000 -8.807000 -2.107000
v 6.339000 -8.807000 -2.107000
v 3.281000 -8.807000 -1.607000
v 6.115000 -8.807000 -1.607000
v 3.885000 -8.807000 -1.107000
v 5.506000 -8.807000 -1.107000
v 1.234000 -16.807000 -1.265000
v 1.234000 -16.807000 -0.366000
v 1.234000 -16.807000 1.036000
v 1.234000 -16.807000 2.245000
v 1.734000 -16.807000 -1.934000
v 1.734000 -16.807000 2.807000
v 2.234000 -16.807000 -2.157000
v 2.234000 -16.807000 3.002000
v 2.734000 -16.807000 -2.314000
v 2.734000 -16.807000 3.000000
v 3.234000 -16.807000 -2.516000
v 3.234000 -16.807000 2.798000
v 3.734000 -16.807000 -2.543000
v 3.734000 -16.807000 2.217000
v 4.234000 -16.807000 -2.601000
v 4.234000 -16.807000 0.488000
v 4.734000 -16.807000 -2.862000
v 4.734000 -16.807000 0.056000
v 5.234000 -16.807000 -2.851000
v 5.234000 -16.807000 -0.898000
v 2.234000 -12.807000 -5.361000
v 2.234000 -12.807000 -2.429000
v 2.734000 -12.807000 -6.047000
v 2.734000 -12.807000 -2.150000
v 3.234000 -12.807000 -6.541000
v 3.234000 -12.807000 -2.033000
v 3.734000 -12.807000 -6.724000
v 3.734000 -12.807000 -1.936000
v 4.234000 -12.807000 -6.771000
v 4.234000 -12.807000 -1.791000
v 4.734000 -12.807000 -6.760000
v 4.734000 -12.807000 -1.691000
v 5.234000 -12.807000 -6.578000
v 5.234000 -12.807000 -1.762000
v 5.734000 -12.807000 -6.305000
v 5.734000 -12.807000 -1.830000
v 6.234000 -12.807000 -5.829000
v 6.234000 -12.807000 -2.642000
v 2.734000 -8.807000 -4.550000
v 2.734000 -8.807000 -2.419000
v 3.234000 -8.807000 -5.060000
v 3.234000 -8.807000 -1.662000
v 3.734000 -8.807000 -5.964000
v 3.734000 -8.807000 -1.189000
v 4.234000 -8.807000 -11.252000
v 4.234000 -8.807000 -8.274000
v 4.234000 -8.807000 -6.710000
v 4.234000 -8.807000 -0.998000
v 4.734000 -8.807000 -11.811000
v 4.734000 -8.807000 -0.993000
v 5.234000 -8.807000 -12.067000
v 5.234000 -8.807000 -1.020000
v 5.734000 -8.807000 -12.080000
v 5.734000 -8.807000 -1.234000
v 6.234000 -8.807000 -11.859000
v 6.234000 -8.807000 -1.805000
v 6.734000 -8.807000 -11.065000
v 6.734000 -8.807000 -3.478000
v 7.234000 -8.807000 -10.474000
v 7.234000 -8.807000 -3.798000
v 7.734000 -8.807000 -10.310000
v 7.734000 -8.807000 -3.954000
v 8.234000 -8.807000 -10.238000
v 8.234000 -8.807000 -4.038000
v 8.734000 -8.807000 -10.026000
v 8.734000 -8.807000 -4.254000
v 9.234000 -8.807000 -9.789000
v 9.234000 -8.807000 -4.506000
v 9.734000 -8.807000 -9.718000
v 9.734000 -8.807000 -4.697000
v 10.234000 -8.807000 -9.539000
v 10.234000 -8.807000 -5.153000
v 10.734000 -8.807000 -9.024000
v 10.734000 -8.807000 -5.752000
v 3.734000 -10.658000 -9.607000
v 3.734000 -8.954000 -9.607000
v 4.234000 -11.222000 -9.607000
v 4.234000 -8.413000 -9.607000
v 4.734000 -11.416000 -9.607000
v 4.734000 -8.223000 -9.607000
v 5.234000 -11.436000 -9.607000
v 5.234000 -8.163000 -9.607000
v 5.734000 -11.430000 -9.607000
v 5.734000 -8.072000 -9.607000
v 6.234000 -11.240000 -9.607000
v 6.234000 -7.935000 -9.607000
v 6.734000 -10.877000 -9.607000
v 6.734000 -7.872000 -9.607000
v 7.234000 -10.520000 -9.607000
v 7.234000 -7.844000 -9.607000
v 7.734000 -10.289000 -9.607000
v 7.734000 -7.853000 -9.607000
v 8.234000 -10.220000 -9.607000
v 8.234000 -7.883000 -9.607000
v 8.734000 -9.979000 -9.607000
v 8.734000 -8.117000 -9.607000
v 9.234000 -9.722000 -9.607000
v 9.234000 -8.351000 -9.607000
v 9.734000 -9.610000 -9.607000
v 9.734000 -8.447000 -9.607000
v 2.234000 -11.845000 -5.607000
v 2.234000 -10.369000 -5.607000
v 2.734000 -13.711000 -5.607000
v 2.734000 -10.262000 -5.607000
v 3.234000 -14.237000 -5.607000
v 3.234000 -9.786000 -5.607000
v 3.734000 -14.419000 -5.607000
v 3.734000 -7.905000 -5.607000
v 4.234000 -14.406000 -5.607000
v 4.234000 -7.395000 -5.607000
v 4.734000 -14.189000 -5.607000
v 4.734000 -7.189000 -5.607000
v 5.234000 -13.722000 -5.607000
v 5.234000 -6.979000 -5.607000
v 5.734000 -13.319000 -5.607000
v 5.734000 -6.835000 -5.607000
v 6.234000 -13.027000 -5.607000
v 6.234000 -6.679000 -5.607000
v 6.734000 -12.567000 -5.607000
v 6.734000 -6.666000 -5.607000
v 7.234000 -12.280000 -5.607000
v 7.234000 -6.847000 -5.607000
v 7.734000 -11.835000 -5.607000
v 7.734000 -7.079000 -5.607000
v 8.234000 -11.470000 -5.607000
v 8.234000 -7.159000 -5.607000
v 8.734000 -11.303000 -5.607000
v 8.734000 -7.305000 -5.607000
v 9.234000 -11.238000 -5.607000
v 9.234000 -7.390000 -5.607000
v 9.734000 -11.197000 -5.607000
v 9.734000 -7.621000 -5.607000
v 10.234000 -10.976000 -5.607000
v 10.234000 -8.135000 -5.607000
v 1.734000 -17.375000 -1.607000
v 1.734000 -15.709000 -1.607000
v 2.234000 -17.657000 -1.607000
v 2.234000 -15.329000 -1.607000
v 2.734000 -17.679000 -1.607000
v 2.734000 -14.842000 -1.607000
v 2.734000 -11.031000 -1.607000
v 2.734000 -9.985000 -1.607000
v 3.234000 -17.519000 -1.607000
v 3.234000 -14.232000 -1.607000
v 3.234000 -11.238000 -1.607000
v 3.234000 -9.070000 -1.607000
v 3.734000 -17.408000 -1.607000
v 3.734000 -13.708000 -1.607000
v 3.734000 -11.250000 -1.607000
v 3.734000 -6.636000 -1.607000
v 4.234000 -17.282000 -1.607000
v 4.234000 -13.128000 -1.607000
v 4.234000 -10.679000 -1.607000
v 4.234000 -6.162000 -1.607000
v 4.734000 -17.101000 -1.607000
v 4.734000 -12.895000 -1.607000
v 4.734000 -10.248000 -1.607000
v 4.734000 -5.940000 -1.607000
v 5.234000 -16.918000 -1.607000
v 5.234000 -12.923000 -1.607000
v 5.234000 -9.939000 -1.607000
v 5.234000 -5.931000 -1.607000
v 5.734000 -16.691000 -1.607000
v 5.734000 -12.930000 -1.607000
v 5.734000 -9.452000 -1.607000
v 5.734000 -5.928000 -1.607000
v 6.234000 -16.070000 -1.607000
v 6.234000 -13.147000 -1.607000
v 6.234000 -8.581000 -1.607000
v 6.234000 -6.154000 -1.607000
v 1.734000 -17.951000 2.393000
v 1.734000 -16.113000 2.393000
v 2.234000 -18.189000 2.393000
v 2.234000 -15.876000 2.393000
v 2.734000 -18.186000 2.393000
v 2.734000 -15.878000 2.393000
v 3.234000 -17.940000 2.393000
v 3.234000 -16.124000 2.393000
v 4.083000 -16.307000 -3.107000
v 5.849000 -16.307000 -3.107000
v 2.892000 -16.307000 -2.607000
v 6.106000 -16.307000 -2.607000
v 2.046000 -16.307000 -2.107000
v 6.121000 -16.307000 -2.107000
v 1.403000 -16.307000 -1.607000
v 6.109000 -16.307000 -1.607000
v 1.184000 -16.307000 -1.107000
v 5.885000 -16.307000 -1.107000
v 1.168000 -16.307000 -0.607000
v 5.436000 -16.307000 -0.607000
v 1.339000 -16.307000 -0.107000
v 5.122000 -16.307000 -0.107000
v 1.486000 -16.307000 0.393000
v 4.539000 -16.307000 0.393000
v 1.464000 -16.307000 0.893000
v 3.973000 -16.307000 0.893000
v 1.306000 -16.307000 1.393000
v 3.748000 -16.307000 1.393000
v 1.306000 -16.307000 1.893000
v 3.649000 -16.307000 1.893000
v 1.544000 -16.307000 2.393000
v 3.411000 -16.307000 2.393000
v 3.782000 -12.307000 -6.607000
v 5.957000 -12.307000 -6.607000
v 2.939000 -12.307000 -6.107000
v 6.628000 -12.307000 -6.107000
v 2.327000 -12.307000 -5.607000
v 7.185000 -12.307000 -5.607000
v 1.982000 -12.307000 -5.107000
v 7.185000 -12.307000 -5.107000
v 1.779000 -12.307000 -4.607000
v 6.974000 -12.307000 -4.607000
v 1.588000 -12.307000 -4.107000
v 6.681000 -12.307000 -4.107000
v 1.359000 -12.307000 -3.607000
v 6.396000 -12.307000 -3.607000
v 1.360000 -12.307000 -3.107000
v 5.951000 -12.307000 -3.107000
v 1.599000 -12.307000 -2.607000
v 5.482000 -12.307000 -2.607000
v 2.357000 -12.307000 -2.107000
v 4.727000 -12.307000 -2.107000
v 4.871000 -8.307000 -11.107000
v 6.152000 -8.307000 -11.107000
v 4.475000 -8.307000 -10.607000
v 6.223000 -8.307000 -10.607000
v 4.448000 -8.307000 -10.107000
v 7.001000 -8.307000 -10.107000
v 4.440000 -8.307000 -9.607000
v 9.116000 -8.307000 -9.607000
v 4.444000 -8.307000 -9.107000
v 10.458000 -8.307000 -9.107000
v 4.520000 -8.307000 -8.607000
v 10.699000 -8.307000 -8.607000
v 4.560000 -8.307000 -8.107000
v 10.703000 -8.307000 -8.107000
v 4.582000 -8.307000 -7.607000
v 10.671000 -8.307000 -7.607000
v 4.514000 -8.307000 -7.107000
v 10.658000 -8.307000 -7.107000
v 4.262000 -8.307000 -6.607000
v 10.634000 -8.307000 -6.607000
v 3.823000 -8.307000 -6.107000
v 10.628000 -8.307000 -6.107000
v 3.604000 -8.307000 -5.607000
v 10.411000 -8.307000 -5.607000
v 3.289000 -8.307000 -5.107000
v 9.895000 -8.307000 -5.107000
v 2.812000 -8.307000 -4.607000
v 8.914000 -8.307000 -4.607000
v 2.582000 -8.307000 -4.107000
v 7.746000 -8.307000 -4.107000
v 2.513000 -8.307000 -3.607000
v 6.987000 -8.307000 -3.607000
v 2.525000 -8.307000 -3.107000
v 6.750000 -8.307000 -3.107000
v 2.768000 -8.307000 -2.607000
v 6.697000 -8.307000 -2.607000
v 3.088000 -8.307000 -2.107000
v 6.668000 -8.307000 -2.107000
v 3.320000 -8.307000 -1.607000
v 6.448000 -8.307000 -1.607000
v 3.891000 -8.307000 -1.107000
v 5.703000 -8.307000 -1.107000
v 1.234000 -16.307000 -1.282000
v 1.234000 -16.307000 -0.349000
v 1.734000 -16.307000 -1.941000
v 1.734000 -16.307000 2.581000
v 2.234000 -16.307000 -2.196000
v 2.234000 -16.307000 2.815000
v 2.734000 -16.307000 -2.521000
v 2.734000 -16.307000 2.812000
v 3.234000 -16.307000 -2.716000
v 3.234000 -16.307000 2.571000
v 3.734000 -16.307000 -2.882000
v 3.734000 -16.307000 1.449000
v 4.234000 -16.307000 -3.241000
v 4.234000 -16.307000 0.617000
v 4.734000 -16.307000 -3.481000
v 4.734000 -16.307000 0.271000
v 5.234000 -16.307000 -3.476000
v 5.234000 -16.307000 -0.286000
v 5.734000 -16.307000 -3.222000
v 5.734000 -16.307000 -0.945000
v 1.734000 -12.307000 -4.424000
v 1.734000 -12.307000 -2.466000
v 2.234000 -12.307000 -5.498000
v 2.234000 -12.307000 -2.164000
v 2.734000 -12.307000 -5.974000
v 2.734000 -12.307000 -1.987000
v 3.234000 -12.307000 -6.307000
v 3.234000 -12.307000 -1.987000
v 3.734000 -12.307000 -6.585000
v 3.734000 -12.307000 -1.984000
v 4.234000 -12.307000 -6.786000
v 4.234000 -12.307000 -1.962000
v 4.734000 -12.307000 -6.919000
v 4.734000 -12.307000 -2.111000
v 5.234000 -12.307000 -6.928000
v 5.234000 -12.307000 -2.384000
v 5.734000 -12.307000 -6.768000
v 5.734000 -12.307000 -2.849000
v 6.234000 -12.307000 -6.438000
v 6.234000 -12.307000 -3.406000
v 6.734000 -12.307000 -6.053000
v 6.734000 -12.307000 -4.206000
v 2.734000 -8.307000 -4.475000
v 2.734000 -8.307000 -2.653000
v 3.234000 -8.307000 -5.048000
v 3.234000 -8.307000 -1.761000
v 3.734000 -8.307000 -5.947000
v 3.734000 -8.307000 -1.194000
v 4.234000 -8.307000 -6.572000
v 4.234000 -8.307000 -0.998000
v 4.734000 -8.307000 -10.905000
v 4.734000 -8.307000 -0.977000
v 5.234000 -8.307000 -11.513000
v 5.234000 -8.307000 -0.988000
v 5.734000 -8.307000 -11.537000
v 5.734000 -8.307000 -1.118000
v 6.234000 -8.307000 -10.574000
v 6.234000 -8.307000 -1.387000
v 6.734000 -8.307000 -10.145000
v 6.734000 -8.307000 -3.015000
v 7.234000 -8.307000 -10.089000
v 7.234000 -8.307000 -3.829000
v 7.734000 -8.307000 -10.060000
v 7.734000 -8.307000 -4.103000
v 8.234000 -8.307000 -10.041000
v 8.234000 -8.307000 -4.236000
v 8.734000 -8.307000 -9.789000
v 8.734000 -8.307000 -4.495000
v 9.234000 -8.307000 -9.579000
v 9.234000 -8.307000 -4.727000
v 9.734000 -8.307000 -9.533000
v 9.734000 -8.307000 -4.954000
v 10.234000 -8.307000 -9.320000
v 10.234000 -8.307000 -5.421000
v 3.734000 -10.225000 -9.107000
v 3.734000 -8.961000 -9.107000
v 4.234000 -10.969000 -9.107000
v 4.234000 -8.420000 -9.107000
v 4.734000 -11.269000 -9.107000
v 4.734000 -8.177000 -9.107000
v 5.234000 -11.399000 -9.107000
v 5.234000 -8.004000 -9.107000
v 5.734000 -11.409000 -9.107000
v 5.734000 -7.858000 -9.107000
v 6.234000 -11.280000 -9.107000
v 6.234000 -7.615000 -9.107000
v 6.734000 -11.013000 -9.107000
v 6.734000 -7.394000 -9.107000
v 7.234000 -10.772000 -9.107000
v 7.234000 -7.407000 -9.107000
v 7.734000 -10.508000 -9.107000
v 7.734000 -7.565000 -9.107000
v 8.234000 -10.406000 -9.107000
v 8.234000 -7.679000 -9.107000
v 8.734000 -10.264000 -9.107000
v 8.734000 -7.773000 -9.107000
v 9.234000 -10.191000 -9.107000
v 9.234000 -7.861000 -9.107000
v 9.734000 -10.188000 -9.107000
v 9.734000 -7.869000 -9.107000
v 10.234000 -9.971000 -9.107000
v 10.234000 -8.086000 -9.107000
v 1.734000 -11.944000 -5.107000
v 1.734000 -10.086000 -5.107000
v 2.234000 -13.066000 -5.107000
v 2.234000 -9.835000 -5.107000
v 2.734000 -13.752000 -5.107000
v 2.734000 -9.579000 -5.107000
v 3.234000 -14.240000 -5.107000
v 3.234000 -8.954000 -5.107000
v 3.734000 -14.435000 -5.107000
v 3.734000 -7.404000 -5.107000
v 4.234000 -14.483000 -5.107000
v 4.234000 -7.205000 -5.107000
v 4.734000 -14.362000 -5.107000
v 4.734000 -7.083000 -5.107000
v 5.234000 -13.954000 -5.107000
v 5.234000 -7.014000 -5.107000
v 5.734000 -13.539000 -5.107000
v 5.734000 -6.951000 -5.107000
v 6.234000 -13.250000 -5.107000
v 6.234000 -6.823000 -5.107000
v 6.734000 -12.740000 -5.107000
v 6.734000 -6.840000 -5.107000
v 7.234000 -12.273000 -5.107000
v 7.234000 -7.058000 -5.107000
v 7.734000 -11.762000 -5.107000
v 7.734000 -7.280000 -5.107000
v 8.234000 -11.101000 -5.107000
v 8.234000 -7.355000 -5.107000
v 8.734000 -10.807000 -5.107000
v 8.734000 -7.609000 -5.107000
v 9.234000 -10.736000 -5.107000
v 9.234000 -7.908000 -5.107000
v 9.734000 -10.675000 -5.107000
v 9.734000 -8.159000 -5.107000
v 1.234000 -16.975000 -1.107000
v 1.234000 -16.110000 -1.107000
v 1.734000 -17.654000 -1.107000
v 1.734000 -15.430000 -1.107000
v 2.234000 -17.878000 -1.107000
v 2.234000 -15.183000 -1.107000
v 2.734000 -17.897000 -1.107000
v 2.734000 -14.831000 -1.107000
v 3.234000 -17.755000 -1.107000
v 3.234000 -14.286000 -1.107000
v 3.734000 -17.570000 -1.107000
v 3.734000 -14.021000 -1.107000
v 4.234000 -17.463000 -1.107000
v 4.234000 -13.750000 -1.107000
v 4.234000 -9.616000 -1.107000
v 4.234000 -6.975000 -1.107000
v 4.734000 -17.262000 -1.107000
v 4.734000 -13.559000 -1.107000
v 4.734000 -9.571000 -1.107000
v 4.734000 -6.569000 -1.107000
v 5.234000 -16.861000 -1.107000
v 5.234000 -13.541000 -1.107000
v 5.234000 -9.109000 -1.107000
v 5.234000 -6.564000 -1.107000
v 5.734000 -16.463000 -1.107000
v 5.734000 -13.529000 -1.107000
v 5.734000 -8.274000 -1.107000
v 5.734000 -6.569000 -1.107000
v 2.234000 -17.612000 2.893000
v 2.234000 -16.452000 2.893000
v 2.734000 -17.607000 2.893000
v 2.734000 -16.457000 2.893000
f 417 515 617
f 617 515 855
f 855 515 767
f 855 767 1099
f 1099 767 1009
f 1099 1009 1353
f 1353 1009 1263
f 1263 418 1353
f 619 419 617
f 617 419 417
f 855 765 161
f 619 855 161
f 617 855 619
f 1099 1007 765
f 1099 765 855
f 1355 162 1007
f 1099 1355 1007
f 1353 1355 1099
f 1353 418 1355
f 1355 418 420
f 621 421 619
f 619 421 419
f 619 161 163
f 619 163 621
f 1357 164 162
f 1357 162 1355
f 1355 420 1357
f 1357 420 422
f 623 423 621
f 621 423 421
f 621 163 766
f 861 621 766
f 623 621 861
f 1008 1105 861
f 1008 861 766
f 1105 1008 164
f 1357 1105 164
f 1359 1105 1357
f 1357 422 1359
f 1359 422 424
f 623 516 423
f 516 623 768
f 768 623 861
f 768 861 1010
f 1010 861 1105
f 1010 1105 1264
f 1264 1105 1359
f 1359 424 1264
f 852 781 165
f 425 1025 852
f 1025 781 852
f 1025 1023 781
f 1025 1277 1023
f 1279 1277 1025
f 1610 1533 426
f 1533 1279 426
f 1533 1277 1279
f 1610 166 1533
f 427 531 167
f 167 531 529
f 783 852 165
f 529 783 165
f 531 783 529
f 425 852 783
f 1535 1610 426
f 1797 166 1610
f 1535 1797 1610
f 1799 1797 1535
f 1799 428 1797
f 1797 428 168
f 429 277 169
f 169 277 275
f 167 275 277
f 167 277 427
f 51 168 428
f 51 428 53
f 53 430 51
f 51 430 170
f 431 169 171
f 431 429 169
f 430 305 401
f 172 430 401
f 170 430 172
f 305 432 401
f 433 171 173
f 433 431 171
f 401 303 172
f 401 432 303
f 432 174 303
f 432 434 174
f 377 435 276
f 435 173 276
f 435 433 173
f 175 377 276
f 434 559 657
f 176 434 657
f 174 434 176
f 559 436 657
f 377 278 435
f 437 278 377
f 175 437 377
f 177 437 175
f 661 178 176
f 661 176 657
f 657 436 661
f 661 436 438
f 629 439 530
f 439 177 530
f 439 437 177
f 179 629 530
f 178 661 560
f 440 178 560
f 180 178 440
f 661 438 560
f 631 441 629
f 629 441 439
f 629 179 181
f 629 181 631
f 304 411 182
f 304 180 411
f 180 442 411
f 180 440 442
f 631 532 441
f 443 532 631
f 181 443 631
f 183 443 181
f 413 184 182
f 413 182 411
f 411 442 413
f 413 442 444
f 445 183 185
f 445 443 183
f 415 186 184
f 415 184 413
f 413 444 415
f 415 444 446
f 447 185 187
f 447 445 185
f 186 415 306
f 448 186 306
f 188 186 448
f 415 446 306
f 187 782 447
f 447 782 784
f 449 784 782
f 449 782 189
f 54 450 190
f 54 190 52
f 52 188 54
f 54 188 448
f 189 1024 449
f 449 1024 1026
f 451 1026 1024
f 451 1024 191
f 1800 452 192
f 1800 192 1798
f 1798 190 1800
f 1800 190 450
f 191 1278 451
f 451 1278 1280
f 1534 1280 1278
f 1534 1536 1280
f 1534 192 1536
f 1536 192 452
f 453 293 193
f 193 293 291
f 293 545 291
f 547 545 293
f 547 454 545
f 545 454 194
f 455 1777 1849
f 1849 1777 195
f 1777 37 195
f 1777 39 37
f 193 37 39
f 193 39 453
f 797 194 454
f 797 454 799
f 196 797 1083
f 797 1041 1083
f 797 799 1041
f 1041 456 1083
f 457 1511 197
f 197 1511 1509
f 1511 455 1849
f 1775 1511 1849
f 1509 1511 1775
f 1849 195 1775
f 1083 1039 196
f 456 1295 1339
f 456 1339 198
f 1083 456 198
f 1039 1083 198
f 1295 458 1339
f 459 993 1065
f 1065 993 199
f 993 1249 199
f 993 1251 1249
f 197 1249 1251
f 197 1251 457
f 1339 1293 198
f 458 1551 1603
f 458 1603 200
f 1339 458 200
f 1293 1339 200
f 1603 1551 1871
f 1871 1551 1815
f 1871 1815 131
f 131 1815 69
f 69 460 131
f 991 201 1065
f 201 459 1065
f 201 461 459
f 1065 199 991
f 1603 1549 200
f 1871 1813 1549
f 1871 1549 1603
f 131 67 1813
f 131 1813 1871
f 67 131 460
f 321 67 460
f 319 67 321
f 321 462 319
f 319 462 202
f 463 749 203
f 203 749 747
f 201 747 749
f 201 749 461
f 462 571 641
f 204 462 641
f 202 462 204
f 571 464 641
f 465 497 589
f 205 589 497
f 463 205 497
f 203 205 463
f 643 206 204
f 643 204 641
f 641 464 643
f 643 464 466
f 591 467 589
f 589 467 465
f 589 205 207
f 589 207 591
f 645 208 206
f 645 206 643
f 643 466 645
f 645 466 468
f 593 469 591
f 591 469 467
f 591 207 209
f 591 209 593
f 647 210 208
f 647 208 645
f 645 468 647
f 647 468 470
f 593 498 469
f 833 471 748
f 748 471 209
f 471 498 209
f 498 593 209
f 211 833 748
f 210 647 572
f 472 210 572
f 212 210 472
f 647 470 572
f 833 750 471
f 1079 473 992
f 992 473 211
f 473 750 211
f 750 833 211
f 213 1079 992
f 212 474 214
f 472 474 212
f 1079 994 473
f 213 1250 1079
f 1250 994 1079
f 1250 1252 994
f 1510 1252 1250
f 1510 1512 1252
f 1510 215 1870
f 1778 1510 1870
f 1512 1510 1778
f 475 1778 1870
f 214 476 216
f 474 476 214
f 1776 1870 215
f 40 475 128
f 128 475 217
f 475 1870 217
f 1870 1776 217
f 40 128 380
f 40 380 294
f 477 294 380
f 322 478 218
f 322 218 320
f 320 216 322
f 322 216 476
f 38 128 217
f 292 380 38
f 38 380 128
f 548 477 630
f 630 477 219
f 477 380 219
f 380 292 219
f 548 630 868
f 548 868 800
f 479 800 868
f 70 480 152
f 152 220 70
f 220 478 70
f 220 218 478
f 546 630 219
f 221 870 546
f 870 630 546
f 870 868 630
f 1114 1042 479
f 868 1114 479
f 870 1114 868
f 481 1042 1114
f 1816 482 1894
f 152 480 1816
f 152 1816 1894
f 68 152 1894
f 222 68 1894
f 220 152 68
f 798 870 221
f 223 1116 798
f 1116 870 798
f 1116 1114 870
f 1370 1296 481
f 1114 1370 481
f 1116 1370 1114
f 1296 1370 1630
f 1296 1630 1552
f 1894 482 1552
f 1630 1894 1552
f 1896 1894 1630
f 222 1894 224
f 224 1894 1896
f 225 1118 223
f 223 1118 1116
f 1372 1116 1118
f 1370 1116 1372
f 1632 1370 1372
f 1630 1370 1632
f 1814 1896 226
f 1896 1632 226
f 1896 1630 1632
f 224 1896 1814
f 1040 1118 225
f 1294 1372 1040
f 1040 1372 1118
f 1550 1632 1294
f 1294 1632 1372
f 226 1632 1550
f 1566 1485 227
f 1830 1753 1566
f 1566 1753 1485
f 1830 228 1753
f 483 1227 229
f 229 1227 1225
f 1487 1566 227
f 1225 1487 227
f 1227 1487 1225
f 1566 1487 1755
f 1566 1755 1830
f 13 228 1830
f 1755 13 1830
f 15 13 1755
f 15 484 13
f 13 484 230
f 485 973 231
f 231 973 971
f 229 971 973
f 229 973 483
f 486 336 257
f 230 486 257
f 484 486 230
f 336 232 257
f 487 231 233
f 487 485 231
f 259 336 486
f 259 488 336
f 488 232 336
f 488 234 232
f 489 233 235
f 489 487 233
f 511 234 488
f 511 488 513
f 513 490 511
f 511 490 236
f 235 972 489
f 489 972 974
f 491 974 972
f 491 972 237
f 492 826 763
f 236 492 763
f 490 492 236
f 826 238 763
f 493 237 239
f 493 491 237
f 494 828 826
f 494 826 492
f 238 826 240
f 240 826 828
f 239 1226 493
f 493 1226 1228
f 495 1228 1226
f 495 1226 241
f 496 830 828
f 496 828 494
f 240 828 242
f 242 828 830
f 241 1486 495
f 495 1486 1488
f 1486 243 1846
f 1756 1486 1846
f 1488 1486 1756
f 1756 1846 98
f 1756 98 16
f 16 98 348
f 16 348 260
f 260 348 594
f 260 594 514
f 830 496 514
f 830 514 594
f 764 830 594
f 244 764 594
f 242 830 764
f 1754 1846 243
f 14 98 1754
f 1754 98 1846
f 258 348 14
f 14 348 98
f 512 594 258
f 258 594 348
f 244 594 512
f 665 517 613
f 613 517 851
f 851 517 769
f 851 769 1095
f 1095 769 1011
f 1095 1011 1349
f 1349 1011 1265
f 1265 666 1349
f 515 417 613
f 417 665 613
f 417 667 665
f 851 767 515
f 851 515 613
f 1095 1009 767
f 1095 767 851
f 1349 1263 1009
f 1349 1009 1095
f 666 1521 1613
f 666 1613 418
f 1349 666 418
f 1263 1349 418
f 1521 668 1613
f 669 263 371
f 419 371 263
f 667 419 263
f 417 419 667
f 1615 420 418
f 1615 418 1613
f 1613 668 1615
f 1615 668 670
f 373 671 371
f 371 671 669
f 371 419 421
f 371 421 373
f 1617 422 420
f 1617 420 1615
f 1615 670 1617
f 1617 670 672
f 373 264 671
f 673 264 373
f 421 673 373
f 423 673 421
f 1619 424 422
f 1619 422 1617
f 1617 672 1619
f 1619 672 674
f 423 516 673
f 673 516 518
f 768 863 675
f 518 768 675
f 516 768 518
f 1010 1107 863
f 1010 863 768
f 1266 676 1107
f 1010 1266 1107
f 1264 1266 1010
f 1619 1522 424
f 1522 1264 424
f 1522 1266 1264
f 1619 674 1522
f 863 770 675
f 770 863 1012
f 1012 863 1107
f 1107 676 1012
f 1096 1025 425
f 1350 1279 1096
f 1096 1279 1025
f 1350 426 1279
f 677 533 427
f 427 533 531
f 533 783 531
f 785 783 533
f 1027 1096 425
f 783 1027 425
f 785 1027 783
f 1096 1027 1281
f 1096 1281 1350
f 1535 426 1350
f 1281 1535 1350
f 1537 1535 1281
f 1537 1799 1535
f 1801 1799 1537
f 1801 678 1799
f 1799 678 428
f 679 279 429
f 429 279 277
f 427 277 279
f 427 279 677
f 53 428 678
f 53 678 55
f 55 680 53
f 53 680 430
f 681 25 121
f 431 121 25
f 679 431 25
f 429 431 679
f 305 430 680
f 305 680 307
f 307 682 305
f 305 682 432
f 123 683 121
f 121 683 681
f 121 431 433
f 121 433 123
f 682 561 653
f 434 682 653
f 432 682 434
f 561 684 653
f 123 26 683
f 685 26 123
f 433 685 123
f 435 685 433
f 653 559 434
f 653 684 559
f 684 436 559
f 684 686 436
f 379 687 278
f 687 435 278
f 687 685 435
f 437 379 278
f 436 688 438
f 686 688 436
f 379 280 687
f 689 280 379
f 437 689 379
f 439 689 437
f 560 663 440
f 560 438 663
f 438 690 663
f 438 688 690
f 691 439 441
f 691 689 439
f 440 663 562
f 692 440 562
f 442 440 692
f 663 690 562
f 633 693 532
f 693 441 532
f 693 691 441
f 443 633 532
f 442 694 444
f 692 694 442
f 635 695 633
f 633 695 693
f 633 443 445
f 633 445 635
f 444 696 446
f 694 696 444
f 635 534 695
f 697 534 635
f 445 697 635
f 447 697 445
f 308 698 448
f 308 448 306
f 306 446 308
f 308 446 696
f 877 699 784
f 699 447 784
f 699 697 447
f 449 877 784
f 56 700 450
f 56 450 54
f 54 448 56
f 56 448 698
f 877 786 699
f 1123 701 1026
f 1026 701 449
f 701 786 449
f 786 877 449
f 451 1123 1026
f 1802 702 452
f 1802 452 1800
f 1800 450 1802
f 1802 450 700
f 1123 1028 701
f 451 1280 1123
f 1280 1028 1123
f 1280 1282 1028
f 1536 1282 1280
f 1536 1538 1282
f 1536 452 1538
f 1538 452 702
f 703 41 103
f 103 41 453
f 41 293 453
f 41 295 293
f 295 547 293
f 549 547 295
f 549 704 547
f 547 704 454
f 705 1779 455
f 455 1779 1777
f 1779 703 103
f 39 1779 103
f 1777 1779 39
f 103 453 39
f 799 454 704
f 799 704 801
f 801 1041 799
f 1043 1041 801
f 1043 706 1041
f 1041 706 456
f 707 1513 457
f 457 1513 1511
f 455 1511 1513
f 455 1513 705
f 1295 456 706
f 1295 706 1297
f 1297 708 1295
f 1295 708 458
f 1066 993 459
f 709 1253 1066
f 1253 993 1066
f 1253 1251 993
f 457 1251 1253
f 457 1253 707
f 1551 458 708
f 1551 708 1553
f 1553 1815 1551
f 1817 1815 1553
f 1817 69 1815
f 71 69 1817
f 71 710 69
f 69 710 460
f 1066 459 995
f 459 711 995
f 459 461 711
f 709 1066 995
f 321 460 710
f 321 710 323
f 323 712 321
f 321 712 462
f 713 499 587
f 587 499 463
f 499 749 463
f 499 751 749
f 461 749 751
f 461 751 711
f 571 462 712
f 571 712 573
f 573 714 571
f 571 714 464
f 715 245 343
f 713 587 245
f 245 587 343
f 587 497 343
f 497 465 343
f 587 463 497
f 464 716 466
f 714 716 464
f 717 1 95
f 715 343 1
f 343 95 1
f 343 345 95
f 343 465 467
f 343 467 345
f 466 718 468
f 716 718 466
f 97 719 95
f 95 719 717
f 95 347 97
f 95 345 347
f 345 467 469
f 345 469 347
f 468 720 470
f 718 720 468
f 97 2 719
f 2 97 721
f 97 349 721
f 97 347 349
f 347 469 498
f 595 347 498
f 349 347 595
f 471 595 498
f 572 651 472
f 572 470 651
f 470 722 651
f 470 720 722
f 349 246 721
f 246 349 723
f 349 597 723
f 349 595 597
f 595 471 750
f 835 595 750
f 597 595 835
f 473 835 750
f 655 474 472
f 655 472 651
f 651 722 655
f 655 722 724
f 597 500 723
f 500 597 752
f 752 597 835
f 473 994 835
f 994 752 835
f 994 996 752
f 1252 996 994
f 1252 1254 996
f 1512 1254 1252
f 1512 1514 1254
f 1778 1514 1512
f 1778 1780 1514
f 1778 475 126
f 42 1778 126
f 1780 1778 42
f 42 126 378
f 42 378 296
f 296 378 626
f 296 626 550
f 550 626 864
f 550 864 802
f 802 864 1108
f 802 1108 1044
f 725 1044 1108
f 474 655 574
f 726 474 574
f 476 474 726
f 655 724 574
f 40 126 475
f 294 378 40
f 40 378 126
f 477 628 294
f 628 378 294
f 628 626 378
f 866 626 628
f 864 626 866
f 1110 864 866
f 1108 864 1110
f 1364 1298 725
f 1108 1364 725
f 1110 1364 1108
f 1298 1364 1624
f 1298 1624 1554
f 1554 1624 1890
f 1554 1890 1818
f 1818 1890 150
f 1818 150 72
f 72 150 478
f 322 72 478
f 324 72 322
f 322 476 324
f 324 476 726
f 548 628 477
f 800 866 548
f 548 866 628
f 479 1112 800
f 1112 866 800
f 1112 1110 866
f 1366 1110 1112
f 1364 1110 1366
f 1626 1364 1366
f 1624 1364 1626
f 1892 1624 1626
f 1890 1624 1892
f 70 150 480
f 150 1892 480
f 150 1890 1892
f 478 150 70
f 1042 1112 479
f 481 1368 1042
f 1368 1112 1042
f 1368 1366 1112
f 1628 1366 1368
f 1626 1366 1628
f 1816 1892 482
f 1892 1628 482
f 1892 1626 1628
f 480 1892 1816
f 1296 1368 481
f 1552 1628 1296
f 1296 1628 1368
f 482 1628 1552
f 727 1229 483
f 483 1229 1227
f 1229 1487 1227
f 1489 1487 1229
f 1489 1755 1487
f 1757 1755 1489
f 84 15 728
f 15 1757 728
f 15 1755 1757
f 84 484 15
f 729 975 485
f 485 975 973
f 483 973 975
f 483 975 727
f 17 84 728
f 17 730 84
f 730 484 84
f 730 486 484
f 731 485 487
f 731 729 485
f 732 338 259
f 486 732 259
f 730 732 486
f 338 488 259
f 733 487 489
f 733 731 487
f 261 338 732
f 734 586 513
f 734 513 488
f 261 734 488
f 338 261 488
f 586 490 513
f 489 974 733
f 733 974 976
f 735 976 974
f 735 974 491
f 736 588 586
f 736 586 734
f 490 586 492
f 492 586 588
f 1230 735 1322
f 735 493 1322
f 735 491 493
f 737 1230 1322
f 738 590 588
f 738 588 736
f 492 588 494
f 494 588 590
f 1228 1322 493
f 1490 737 1582
f 1582 737 495
f 737 1322 495
f 1322 1228 495
f 1490 1582 1844
f 1490 1844 1758
f 1758 1844 96
f 1758 96 18
f 18 96 346
f 18 346 262
f 590 738 262
f 346 590 262
f 592 590 346
f 494 590 496
f 496 590 592
f 1488 1582 495
f 1756 1844 1488
f 1488 1844 1582
f 16 96 1756
f 1756 96 1844
f 260 346 16
f 16 346 96
f 514 592 260
f 260 592 346
f 496 592 514
f 891 771 847
f 847 771 1091
f 1091 771 1013
f 1013 892 1091
f 893 519 665
f 665 519 517
f 519 891 847
f 769 519 847
f 517 519 769
f 1091 1011 769
f 1091 769 847
f 1011 1091 892
f 1267 1011 892
f 1265 1011 1267
f 666 1265 1609
f 1265 1523 1609
f 1265 1267 1523
f 1523 894 1609
f 895 265 367
f 667 367 265
f 893 667 265
f 665 667 893
f 1609 1521 666
f 1609 894 1521
f 894 668 1521
f 894 896 668
f 263 669 367
f 669 895 367
f 669 897 895
f 367 667 263
f 896 1787 1881
f 670 896 1881
f 668 896 670
f 1787 898 1881
f 899 669 671
f 899 897 669
f 1883 672 670
f 1883 670 1881
f 1881 898 1883
f 1883 898 900
f 671 264 899
f 899 264 266
f 901 266 264
f 901 264 673
f 672 1883 1788
f 902 672 1788
f 674 672 902
f 1883 900 1788
f 673 518 901
f 901 518 520
f 903 520 518
f 903 518 675
f 1266 1361 676
f 1524 904 1361
f 1266 1524 1361
f 1522 1524 1266
f 1522 674 1524
f 1524 674 902
f 675 770 903
f 903 770 772
f 1012 772 770
f 1012 1014 772
f 1361 1268 676
f 1268 1012 676
f 1268 1014 1012
f 1361 904 1268
f 905 27 117
f 117 27 369
f 369 27 281
f 369 281 677
f 281 533 677
f 281 535 533
f 535 785 533
f 787 785 535
f 787 1027 785
f 1029 1027 787
f 1029 1281 1027
f 1283 1281 1029
f 1283 1537 1281
f 1539 1537 1283
f 1539 1801 1537
f 1803 1801 1539
f 1803 906 1801
f 1801 906 678
f 119 907 117
f 117 907 905
f 369 279 679
f 119 369 679
f 117 369 119
f 369 677 279
f 55 678 906
f 55 906 57
f 680 55 399
f 55 309 399
f 55 57 309
f 309 908 399
f 25 681 119
f 681 907 119
f 681 909 907
f 119 679 25
f 399 307 680
f 399 908 307
f 908 682 307
f 908 910 682
f 911 681 683
f 911 909 681
f 561 682 910
f 561 910 563
f 563 912 561
f 561 912 684
f 683 26 911
f 911 26 28
f 913 28 26
f 913 26 685
f 684 914 686
f 912 914 684
f 915 685 687
f 915 913 685
f 686 916 688
f 914 916 686
f 381 917 280
f 917 687 280
f 917 915 687
f 689 381 280
f 688 918 690
f 916 918 688
f 381 282 917
f 919 282 381
f 689 919 381
f 691 919 689
f 564 920 692
f 564 692 562
f 562 690 564
f 564 690 918
f 921 691 693
f 921 919 691
f 692 922 694
f 920 922 692
f 923 693 695
f 923 921 693
f 694 924 696
f 922 924 694
f 637 925 534
f 925 695 534
f 925 923 695
f 697 637 534
f 310 926 698
f 310 698 308
f 308 696 310
f 310 696 924
f 639 927 637
f 637 927 925
f 637 697 699
f 637 699 639
f 58 928 700
f 58 700 56
f 56 698 58
f 58 698 926
f 639 536 927
f 699 786 639
f 786 536 639
f 786 788 536
f 929 788 786
f 929 786 701
f 1804 930 702
f 1804 702 1802
f 1802 700 1804
f 1804 700 928
f 701 1028 929
f 929 1028 1030
f 1282 1030 1028
f 1282 1284 1030
f 1538 1284 1282
f 1538 1540 1284
f 1538 702 1540
f 1540 702 930
f 931 43 703
f 703 43 41
f 43 295 41
f 297 295 43
f 297 549 295
f 551 549 297
f 551 932 549
f 549 932 704
f 933 1781 705
f 705 1781 1779
f 703 1779 1781
f 703 1781 931
f 801 704 932
f 801 932 803
f 803 1043 801
f 1045 1043 803
f 1045 934 1043
f 1043 934 706
f 935 1515 707
f 707 1515 1513
f 705 1513 1515
f 705 1515 933
f 1297 706 934
f 1297 934 1299
f 1299 936 1297
f 1297 936 708
f 937 1255 709
f 709 1255 1253
f 707 1253 1255
f 707 1255 935
f 1553 708 936
f 1553 936 1555
f 1555 1817 1553
f 1819 1817 1555
f 1819 71 1817
f 73 71 1819
f 73 938 71
f 71 938 710
f 939 753 823
f 823 753 711
f 753 995 711
f 753 997 995
f 709 995 997
f 709 997 937
f 323 710 938
f 323 938 325
f 325 940 323
f 323 940 712
f 941 247 341
f 341 247 713
f 247 499 713
f 247 501 499
f 501 939 823
f 751 501 823
f 499 501 751
f 823 711 751
f 573 712 940
f 573 940 575
f 575 942 573
f 573 942 714
f 943 1743 1841
f 1841 1743 93
f 93 1743 3
f 941 341 3
f 3 341 93
f 341 245 93
f 245 715 93
f 341 713 245
f 942 811 881
f 716 942 881
f 714 942 716
f 811 944 881
f 1843 945 1841
f 1841 945 943
f 93 1 717
f 1843 93 717
f 1841 93 1843
f 93 715 1
f 883 718 716
f 883 716 881
f 881 944 883
f 883 944 946
f 1845 947 1843
f 1843 947 945
f 1843 717 719
f 1843 719 1845
f 885 720 718
f 885 718 883
f 883 946 885
f 885 946 948
f 1847 949 1845
f 1845 949 947
f 1845 719 2
f 99 1845 2
f 1847 1845 99
f 721 99 2
f 887 722 720
f 887 720 885
f 885 948 887
f 887 948 950
f 1847 1744 949
f 1744 1847 4
f 4 1847 99
f 351 951 246
f 246 951 721
f 951 4 721
f 4 99 721
f 723 351 246
f 1782 952 1868
f 1782 1868 124
f 1782 124 44
f 44 124 376
f 44 376 298
f 298 376 624
f 298 624 552
f 552 624 862
f 552 862 804
f 953 804 862
f 889 724 722
f 889 722 887
f 887 950 889
f 889 950 954
f 351 248 951
f 723 500 351
f 500 248 351
f 500 502 248
f 752 837 955
f 502 752 955
f 500 752 502
f 996 1081 837
f 996 837 752
f 1256 956 1081
f 996 1256 1081
f 1254 1256 996
f 1514 1256 1254
f 1514 1516 1256
f 952 1516 1868
f 1516 1780 1868
f 1516 1514 1780
f 42 124 1780
f 1780 124 1868
f 296 376 42
f 42 376 124
f 550 624 296
f 296 624 376
f 802 862 550
f 550 862 624
f 862 802 953
f 802 1046 953
f 802 1044 1046
f 1044 725 1362
f 1300 1044 1362
f 1046 1044 1300
f 1300 1362 1622
f 1300 1622 1556
f 957 1556 1622
f 576 958 726
f 576 726 574
f 889 812 724
f 812 574 724
f 812 576 574
f 889 954 812
f 837 754 955
f 754 837 998
f 998 837 1081
f 1081 956 998
f 1298 1362 725
f 1554 1622 1298
f 1298 1622 1362
f 1622 1554 957
f 1554 1820 957
f 1554 1818 1820
f 72 1820 1818
f 72 74 1820
f 324 74 72
f 324 326 74
f 324 726 326
f 326 726 958
f 959 977 1057
f 1057 977 727
f 977 1229 727
f 977 1231 1229
f 1231 1489 1229
f 1491 1489 1231
f 1491 1757 1489
f 1759 1757 1491
f 1759 960 1757
f 1757 960 728
f 975 729 1057
f 729 959 1057
f 729 961 959
f 1057 727 975
f 17 728 960
f 17 960 19
f 19 962 17
f 17 962 730
f 963 729 731
f 963 961 729
f 730 964 732
f 962 964 730
f 965 731 733
f 965 963 731
f 966 340 261
f 732 966 261
f 964 966 732
f 340 734 261
f 733 976 965
f 965 976 978
f 967 978 976
f 967 976 735
f 968 342 340
f 968 340 966
f 734 340 736
f 736 340 342
f 735 1230 967
f 967 1230 1232
f 1230 737 1580
f 1492 1230 1580
f 1232 1230 1492
f 1492 1580 1842
f 1492 1842 1760
f 1760 1842 94
f 1760 94 20
f 342 968 20
f 94 342 20
f 344 342 94
f 736 342 738
f 738 342 344
f 1490 1580 737
f 1758 1842 1490
f 1490 1842 1580
f 18 94 1758
f 1758 94 1842
f 262 344 18
f 18 344 94
f 738 344 262
f 1131 773 891
f 891 773 771
f 773 1013 771
f 1015 1013 773
f 892 1013 1345
f 1013 1269 1345
f 1013 1015 1269
f 1269 1132 1345
f 1133 521 893
f 893 521 519
f 891 519 521
f 891 521 1131
f 1345 1267 892
f 1267 1345 1132
f 1525 1267 1132
f 1523 1267 1525
f 1525 1134 1523
f 1523 1134 894
f 1135 267 895
f 895 267 265
f 893 265 267
f 893 267 1133
f 1134 1789 1879
f 896 1134 1879
f 894 1134 896
f 1789 1136 1879
f 1137 895 897
f 1137 1135 895
f 1879 1787 896
f 1879 1136 1787
f 1136 898 1787
f 1136 1138 898
f 1139 897 899
f 1139 1137 897
f 898 1140 900
f 1138 1140 898
f 899 266 1139
f 1139 266 268
f 1141 268 266
f 1141 266 901
f 1790 1142 902
f 1790 902 1788
f 1788 900 1790
f 1790 900 1140
f 901 520 1141
f 1141 520 522
f 1143 522 520
f 1143 520 903
f 1524 1621 904
f 1524 902 1621
f 902 1144 1621
f 902 1142 1144
f 903 772 1143
f 1143 772 774
f 1014 774 772
f 1014 1016 774
f 1268 1363 1145
f 1016 1268 1145
f 1014 1268 1016
f 1621 1526 904
f 904 1526 1268
f 1526 1146 1268
f 1146 1363 1268
f 1621 1144 1526
f 1363 1270 1145
f 1363 1146 1270
f 1147 1241 1327
f 1327 1241 1591
f 1591 1241 1501
f 1501 1148 1591
f 1329 1149 1327
f 1327 1149 1147
f 1327 1593 1329
f 1327 1591 1593
f 1767 1859 1148
f 1859 1591 1148
f 1859 1593 1591
f 1859 1767 115
f 115 1767 29
f 29 1150 115
f 1151 1285 1351
f 1351 1285 1611
f 1611 1285 1541
f 1541 1152 1611
f 1329 1242 1149
f 1242 1329 1153
f 1329 1595 1153
f 1329 1593 1595
f 1593 1861 1595
f 1593 1859 1861
f 115 27 905
f 1861 115 905
f 1859 115 1861
f 27 115 1150
f 283 27 1150
f 281 27 283
f 283 535 281
f 537 535 283
f 537 787 535
f 789 787 537
f 789 1029 787
f 1031 1029 789
f 1031 1151 1351
f 1283 1031 1351
f 1029 1031 1283
f 1611 1539 1283
f 1611 1283 1351
f 1539 1611 1152
f 1805 1539 1152
f 1803 1539 1805
f 906 1803 139
f 1803 59 139
f 1803 1805 59
f 59 1154 139
f 1595 1502 1153
f 1502 1595 1155
f 1595 1863 1155
f 1595 1861 1863
f 1861 905 907
f 1861 907 1863
f 139 57 906
f 57 139 1154
f 311 57 1154
f 309 57 311
f 311 1156 309
f 309 1156 908
f 1865 1157 1863
f 1863 1157 1155
f 1863 907 909
f 1863 909 1865
f 1156 565 649
f 910 1156 649
f 908 1156 910
f 565 1158 649
f 1865 1768 1157
f 1159 1768 1865
f 909 1159 1865
f 911 1159 909
f 649 563 910
f 649 1158 563
f 1158 912 563
f 1158 1160 912
f 125 1161 28
f 1161 911 28
f 1161 1159 911
f 913 125 28
f 912 1162 914
f 1160 1162 912
f 125 30 1161
f 1163 30 125
f 913 1163 125
f 915 1163 913
f 914 1164 916
f 1162 1164 914
f 1165 915 917
f 1165 1163 915
f 916 1166 918
f 1164 1166 916
f 383 1167 282
f 1167 917 282
f 1167 1165 917
f 919 383 282
f 566 1168 920
f 566 920 564
f 564 918 566
f 566 918 1166
f 385 1169 383
f 383 1169 1167
f 383 919 921
f 383 921 385
f 920 1170 922
f 1168 1170 920
f 387 1171 385
f 385 1171 1169
f 385 921 923
f 385 923 387
f 922 1172 924
f 1170 1172 922
f 389 1173 387
f 387 1173 1171
f 387 923 925
f 387 925 389
f 312 1174 926
f 312 926 310
f 310 924 312
f 312 924 1172
f 389 284 1173
f 1175 284 389
f 925 1175 389
f 927 1175 925
f 60 1176 928
f 60 928 58
f 58 926 60
f 60 926 1174
f 927 536 1175
f 1175 536 538
f 788 879 1177
f 538 788 1177
f 536 788 538
f 929 879 788
f 1806 1178 930
f 1806 930 1804
f 1804 928 1806
f 1806 928 1176
f 879 790 1177
f 929 1030 879
f 1030 790 879
f 1030 1032 790
f 1284 1032 1030
f 1284 1286 1032
f 1540 1286 1284
f 1540 1542 1286
f 1540 930 1542
f 1542 930 1178
f 104 43 931
f 354 297 104
f 104 297 43
f 602 551 354
f 354 551 297
f 602 932 551
f 1179 1783 933
f 933 1783 1781
f 45 104 931
f 1781 45 931
f 1783 45 1781
f 104 45 299
f 104 299 354
f 354 299 553
f 354 553 602
f 803 932 602
f 553 803 602
f 805 803 553
f 1084 1045 1180
f 1045 805 1180
f 1045 803 805
f 1084 934 1045
f 1181 1517 935
f 935 1517 1515
f 933 1515 1517
f 933 1517 1179
f 1047 1084 1180
f 1299 934 1084
f 1047 1299 1084
f 1301 1299 1047
f 1301 1182 1299
f 1299 1182 936
f 1183 1257 937
f 937 1257 1255
f 935 1255 1257
f 935 1257 1181
f 1555 936 1182
f 1555 1182 1557
f 1872 1819 1184
f 1819 1557 1184
f 1819 1555 1557
f 132 73 1872
f 1872 73 1819
f 132 938 73
f 1185 1745 1837
f 1837 1745 89
f 89 1745 5
f 89 5 339
f 339 5 249
f 339 249 585
f 585 249 503
f 585 503 939
f 503 753 939
f 503 755 753
f 755 997 753
f 999 997 755
f 937 997 999
f 937 999 1183
f 1821 1872 1184
f 1872 1821 75
f 1872 75 132
f 325 938 132
f 75 325 132
f 327 325 75
f 327 1186 325
f 325 1186 940
f 1839 1187 1837
f 1837 1187 1185
f 1837 91 1839
f 1837 89 91
f 339 247 941
f 91 339 941
f 89 339 91
f 585 501 247
f 585 247 339
f 585 939 501
f 575 940 1186
f 575 1186 577
f 577 1188 575
f 575 1188 942
f 1743 943 1839
f 943 1187 1839
f 943 1189 1187
f 91 3 1743
f 91 1743 1839
f 91 941 3
f 811 942 1188
f 811 1188 813
f 813 1190 811
f 811 1190 944
f 1191 1477 1581
f 945 1581 1477
f 1189 945 1477
f 943 945 1189
f 1190 1053 1125
f 946 1190 1125
f 944 1190 946
f 1053 1192 1125
f 1583 1193 1581
f 1581 1193 1191
f 1581 945 947
f 1581 947 1583
f 46 1194 120
f 46 120 372
f 46 372 300
f 300 372 620
f 300 620 554
f 1195 554 620
f 1127 948 946
f 1127 946 1125
f 1125 1192 1127
f 1127 1192 1196
f 1583 1478 1193
f 1197 1478 1583
f 947 1197 1583
f 949 1197 947
f 1784 1198 1866
f 120 1194 1784
f 1866 120 1784
f 122 120 1866
f 374 120 122
f 372 120 374
f 622 372 374
f 620 372 622
f 860 806 1195
f 620 860 1195
f 622 860 620
f 1199 806 860
f 1129 950 948
f 1129 948 1127
f 1127 1196 1129
f 1129 1196 1200
f 949 1744 1197
f 1197 1744 1746
f 4 101 1201
f 1746 4 1201
f 1744 4 1746
f 951 101 4
f 1518 1202 1602
f 1866 1198 1518
f 1866 1518 1602
f 1782 1866 1602
f 952 1782 1602
f 44 122 1782
f 1782 122 1866
f 298 374 44
f 44 374 122
f 552 622 298
f 298 622 374
f 804 860 552
f 552 860 622
f 1048 1199 1106
f 1106 1199 953
f 1199 860 953
f 860 804 953
f 1048 1106 1360
f 1048 1360 1302
f 1203 1302 1360
f 950 1129 1054
f 1204 950 1054
f 954 950 1204
f 1129 1200 1054
f 101 6 1201
f 951 248 101
f 248 6 101
f 248 250 6
f 502 599 1205
f 250 502 1205
f 248 502 250
f 955 599 502
f 1258 1206 956
f 1258 956 1256
f 1202 1258 1602
f 1258 1516 1602
f 1258 1256 1516
f 952 1602 1516
f 1046 1106 953
f 1300 1360 1046
f 1046 1360 1106
f 1360 1300 1203
f 1300 1558 1203
f 1300 1556 1558
f 1556 957 1888
f 1822 1556 1888
f 1558 1556 1822
f 1207 1822 1888
f 576 659 958
f 814 1208 659
f 576 814 659
f 812 814 576
f 812 954 814
f 814 954 1204
f 599 504 1205
f 955 754 599
f 754 504 599
f 754 756 504
f 998 756 754
f 998 1000 756
f 998 956 1000
f 1000 956 1206
f 1820 1888 957
f 1888 1820 1207
f 1820 76 1207
f 1820 74 76
f 326 76 74
f 326 328 76
f 659 578 958
f 578 326 958
f 578 328 326
f 659 1208 578
f 1209 1233 1309
f 1309 1233 1567
f 1567 1233 1493
f 1493 1210 1567
f 1211 979 959
f 959 979 977
f 979 1209 1309
f 1231 979 1309
f 977 979 1231
f 1567 1491 1231
f 1567 1231 1309
f 1491 1567 1210
f 1761 1491 1210
f 1759 1491 1761
f 1761 1212 1759
f 1759 1212 960
f 1213 739 819
f 961 819 739
f 1211 961 739
f 959 961 1211
f 19 960 1212
f 19 1212 21
f 21 1214 19
f 19 1214 962
f 821 1215 819
f 819 1215 1213
f 819 961 963
f 819 963 821
f 962 1216 964
f 1214 1216 962
f 821 740 1215
f 1217 740 821
f 963 1217 821
f 965 1217 963
f 964 1218 966
f 1216 1218 964
f 965 978 1217
f 1217 978 980
f 1219 980 978
f 1219 978 967
f 22 1220 92
f 92 968 22
f 968 1218 22
f 968 966 1218
f 967 1232 1219
f 1219 1232 1234
f 1492 1234 1232
f 1492 1494 1234
f 1760 1494 1492
f 1760 1762 1494
f 1220 1762 92
f 1762 20 92
f 1762 1760 20
f 968 92 20
f 1379 775 1131
f 1131 775 773
f 775 1015 773
f 1017 1015 775
f 1017 1269 1015
f 1271 1269 1017
f 1271 1380 1269
f 1269 1380 1132
f 1381 523 1133
f 1133 523 521
f 1131 521 523
f 1131 523 1379
f 1525 1132 1380
f 1525 1380 1527
f 1527 1382 1525
f 1525 1382 1134
f 1383 269 1135
f 1135 269 267
f 1133 267 269
f 1133 269 1381
f 1789 1134 1382
f 1789 1382 1791
f 1791 1384 1789
f 1789 1384 1136
f 1385 1135 1137
f 1385 1383 1135
f 1136 1386 1138
f 1384 1386 1136
f 1387 1137 1139
f 1387 1385 1137
f 1138 1388 1140
f 1386 1388 1138
f 1139 268 1387
f 1387 268 270
f 1389 270 268
f 1389 268 1141
f 1790 1885 1142
f 1790 1140 1885
f 1140 1390 1885
f 1140 1388 1390
f 1141 522 1389
f 1389 522 524
f 1391 524 522
f 1391 522 1143
f 1887 1144 1142
f 1887 1142 1885
f 1885 1390 1887
f 1887 1390 1392
f 1143 774 1391
f 1391 774 776
f 1016 1109 1393
f 776 1016 1393
f 774 1016 776
f 1145 1109 1016
f 1526 1623 1146
f 1887 1792 1144
f 1144 1792 1526
f 1792 1394 1526
f 1394 1623 1526
f 1887 1392 1792
f 1111 1395 1109
f 1109 1395 1393
f 1109 1145 1270
f 1365 1109 1270
f 1111 1109 1365
f 1365 1270 1146
f 1623 1365 1146
f 1625 1365 1623
f 1623 1394 1625
f 1625 1394 1396
f 1111 1018 1395
f 1018 1111 1397
f 1111 1367 1397
f 1111 1365 1367
f 1365 1627 1367
f 1365 1625 1627
f 1625 1396 1627
f 1627 1396 1398
f 1367 1272 1397
f 1272 1367 1528
f 1528 1367 1627
f 1627 1398 1528
f 1399 985 1067
f 1067 985 1325
f 1325 985 1243
f 1325 1243 1589
f 1589 1243 1503
f 1589 1503 1855
f 1855 1503 1769
f 1769 1400 1855
f 1069 1401 1067
f 1067 1401 1399
f 1325 1241 1147
f 1069 1325 1147
f 1067 1325 1069
f 1589 1501 1241
f 1589 1241 1325
f 1857 1148 1501
f 1589 1857 1501
f 1855 1857 1589
f 31 113 1400
f 113 1855 1400
f 113 1857 1855
f 31 1402 113
f 1071 1403 1069
f 1069 1403 1401
f 1069 1147 1149
f 1069 1149 1071
f 1857 1767 1148
f 113 29 1767
f 113 1767 1857
f 1402 285 365
f 1402 365 1150
f 113 1402 1150
f 29 113 1150
f 365 285 615
f 615 285 539
f 615 539 853
f 853 539 791
f 853 791 1097
f 1097 791 1033
f 1097 1033 1151
f 1033 1285 1151
f 1033 1287 1285
f 1287 1541 1285
f 1543 1541 1287
f 1152 1541 1877
f 1541 1807 1877
f 1541 1543 1807
f 1877 1807 137
f 137 1807 61
f 61 1404 137
f 1073 1405 1071
f 1071 1405 1403
f 1071 1149 1242
f 1331 1071 1242
f 1073 1071 1331
f 1153 1331 1242
f 365 283 1150
f 615 537 283
f 615 283 365
f 853 789 537
f 853 537 615
f 1097 1031 789
f 1097 789 853
f 1097 1151 1031
f 1877 1805 1152
f 137 59 1805
f 137 1805 1877
f 1404 313 397
f 1404 397 1154
f 137 1404 1154
f 59 137 1154
f 313 1406 397
f 1073 986 1405
f 986 1073 1407
f 1073 1333 1407
f 1073 1331 1333
f 1331 1153 1502
f 1597 1331 1502
f 1333 1331 1597
f 1155 1597 1502
f 397 311 1154
f 397 1406 311
f 1406 1156 311
f 1406 1408 1156
f 1333 1244 1407
f 1244 1333 1409
f 1333 1599 1409
f 1333 1597 1599
f 1597 1155 1157
f 1597 1157 1599
f 565 1156 1408
f 565 1408 567
f 567 1410 565
f 565 1410 1158
f 1599 1504 1409
f 1867 1411 1768
f 1768 1411 1157
f 1411 1504 1157
f 1504 1599 1157
f 1159 1867 1768
f 1158 1412 1160
f 1410 1412 1158
f 1867 1770 1411
f 1413 1770 1867
f 1159 1413 1867
f 1161 1413 1159
f 1160 1414 1162
f 1412 1414 1160
f 127 1415 30
f 1415 1161 30
f 1415 1413 1161
f 1163 127 30
f 1162 1416 1164
f 1414 1416 1162
f 127 32 1415
f 1417 32 127
f 1163 1417 127
f 1165 1417 1163
f 568 1418 664
f 664 1166 568
f 1166 1416 568
f 1166 1164 1416
f 1419 1165 1167
f 1419 1417 1165
f 1168 566 664
f 1418 1168 664
f 1420 1168 1418
f 1166 664 566
f 1421 1167 1169
f 1421 1419 1167
f 1168 1422 1170
f 1420 1422 1168
f 1423 1169 1171
f 1423 1421 1169
f 1170 1424 1172
f 1422 1424 1170
f 1425 1171 1173
f 1425 1423 1171
f 314 1426 1174
f 314 1174 312
f 312 1172 314
f 314 1172 1424
f 1173 284 1425
f 1425 284 286
f 1427 286 284
f 1427 284 1175
f 62 1428 1176
f 62 1176 60
f 60 1174 62
f 62 1174 1426
f 1175 538 1427
f 1427 538 540
f 1429 540 538
f 1429 538 1177
f 1808 1430 1178
f 1808 1178 1806
f 1806 1176 1808
f 1808 1176 1428
f 1177 790 1429
f 1429 790 792
f 1032 792 790
f 1032 1034 792
f 1286 1034 1032
f 1286 1288 1034
f 1542 1288 1286
f 1542 1544 1288
f 1542 1178 1544
f 1544 1178 1430
f 1850 1783 1179
f 106 45 1850
f 1850 45 1783
f 356 299 106
f 106 299 45
f 604 553 356
f 356 553 299
f 840 805 604
f 604 805 553
f 840 1180 805
f 1431 1479 1571
f 1571 1479 1833
f 1833 1479 1747
f 1747 1432 1833
f 1586 1517 1181
f 1517 1586 1179
f 1586 1850 1179
f 1586 1852 1850
f 1852 1433 47
f 106 1852 47
f 1850 1852 106
f 106 47 301
f 106 301 356
f 356 301 555
f 356 555 604
f 604 555 807
f 604 807 840
f 1047 1180 840
f 807 1047 840
f 1049 1047 807
f 1340 1301 1434
f 1301 1049 1434
f 1301 1047 1049
f 1340 1182 1301
f 1573 1435 1571
f 1571 1435 1431
f 1571 1835 1573
f 1571 1833 1835
f 7 87 1432
f 87 1833 1432
f 87 1835 1833
f 87 7 337
f 337 7 251
f 251 1436 337
f 1324 1257 1183
f 1257 1324 1181
f 1324 1586 1181
f 1324 1588 1586
f 1588 1437 1785
f 1852 1588 1785
f 1586 1588 1852
f 1433 1852 1785
f 1303 1340 1434
f 1438 1604 1557
f 1438 1557 1182
f 1303 1438 1182
f 1340 1303 1182
f 1604 1184 1557
f 1575 1439 1573
f 1573 1439 1435
f 1835 1745 1185
f 1575 1835 1185
f 1573 1835 1575
f 87 5 1745
f 87 1745 1835
f 337 249 5
f 337 5 87
f 249 337 1436
f 505 249 1436
f 503 249 505
f 505 755 503
f 757 755 505
f 757 999 755
f 1001 999 757
f 1259 1324 1183
f 999 1259 1183
f 1001 1259 999
f 1324 1259 1519
f 1324 1519 1588
f 1437 1588 1519
f 1559 1604 1438
f 1821 1184 1604
f 1559 1821 1604
f 1823 1821 1559
f 1823 75 1821
f 77 75 1823
f 77 327 75
f 329 327 77
f 329 1440 327
f 327 1440 1186
f 1577 1441 1575
f 1575 1441 1439
f 1575 1185 1187
f 1575 1187 1577
f 577 1186 1440
f 577 1440 579
f 579 1442 577
f 577 1442 1188
f 1579 1443 1577
f 1577 1443 1441
f 1577 1187 1189
f 1577 1189 1579
f 813 1188 1442
f 813 1442 815
f 815 1444 813
f 813 1444 1190
f 1477 1191 1579
f 1191 1443 1579
f 1191 1445 1443
f 1579 1189 1477
f 1786 1446 1862
f 1786 1862 118
f 1786 118 48
f 48 118 370
f 48 370 302
f 302 370 618
f 302 618 556
f 1447 556 618
f 1053 1190 1444
f 1053 1444 1055
f 1055 1448 1053
f 1053 1448 1192
f 1449 1191 1193
f 1449 1445 1191
f 1450 1864 1862
f 1450 1862 1446
f 46 118 1194
f 118 1864 1194
f 118 1862 1864
f 300 370 46
f 46 370 118
f 554 618 300
f 300 618 370
f 808 1447 858
f 858 1447 1195
f 1447 618 1195
f 618 554 1195
f 1451 808 858
f 1192 1452 1196
f 1448 1452 1192
f 1193 1478 1449
f 1449 1478 1480
f 1453 1480 1478
f 1453 1478 1197
f 1198 1784 1864
f 1450 1198 1864
f 1454 1198 1450
f 1194 1864 1784
f 806 858 1195
f 1050 1451 1104
f 1104 1451 1199
f 1451 858 1199
f 858 806 1199
f 1455 1050 1104
f 1196 1456 1200
f 1452 1456 1196
f 1197 1746 1453
f 1453 1746 1748
f 1457 1748 1746
f 1457 1746 1201
f 1520 1458 1202
f 1520 1202 1518
f 1518 1198 1520
f 1520 1198 1454
f 1048 1104 1199
f 1104 1048 1455
f 1048 1304 1455
f 1048 1302 1304
f 1459 1304 1302
f 1459 1302 1203
f 1056 1460 1204
f 1056 1204 1054
f 1054 1200 1056
f 1056 1200 1456
f 1201 6 1457
f 1457 6 8
f 250 8 6
f 250 252 8
f 1461 252 250
f 1461 250 1205
f 1260 1462 1206
f 1260 1206 1258
f 1258 1202 1260
f 1260 1202 1458
f 1203 1558 1459
f 1459 1558 1560
f 1822 1560 1558
f 1822 1824 1560
f 1463 1824 1822
f 1463 1822 1207
f 816 1464 1208
f 816 1208 814
f 814 1204 816
f 816 1204 1460
f 1205 504 1461
f 1461 504 506
f 756 506 504
f 756 758 506
f 1000 758 756
f 1000 1002 758
f 1000 1206 1002
f 1002 1206 1462
f 1207 76 1463
f 1463 76 78
f 328 78 76
f 328 330 78
f 578 330 328
f 578 580 330
f 578 1208 580
f 580 1208 1464
f 1465 1235 1209
f 1209 1235 1233
f 1235 1493 1233
f 1495 1493 1235
f 1495 1466 1493
f 1493 1466 1210
f 1467 981 1211
f 1211 981 979
f 1209 979 981
f 1209 981 1465
f 1761 1210 1466
f 1761 1466 1763
f 1763 1468 1761
f 1761 1468 1212
f 1469 741 1213
f 1213 741 739
f 1211 739 741
f 1211 741 1467
f 21 1212 1468
f 21 1468 23
f 23 1470 21
f 21 1470 1214
f 1471 1213 1215
f 1471 1469 1213
f 1214 1472 1216
f 1470 1472 1214
f 1215 740 1471
f 1471 740 742
f 1473 742 740
f 1473 740 1217
f 24 1474 90
f 90 1218 24
f 1218 1472 24
f 1218 1216 1472
f 1217 980 1473
f 1473 980 982
f 1475 982 980
f 1475 980 1219
f 1764 1476 1840
f 90 1474 1764
f 90 1764 1840
f 22 90 1840
f 1220 22 1840
f 1218 90 22
f 1219 1234 1475
f 1475 1234 1236
f 1494 1236 1234
f 1494 1496 1236
f 1476 1496 1840
f 1496 1762 1840
f 1496 1494 1762
f 1220 1840 1762
f 1639 777 1379
f 1379 777 775
f 777 1017 775
f 1019 1017 777
f 1019 1271 1017
f 1273 1271 1019
f 1273 1640 1271
f 1271 1640 1380
f 1641 525 1381
f 1381 525 523
f 1379 523 525
f 1379 525 1639
f 1527 1380 1640
f 1527 1640 1529
f 1529 1642 1527
f 1527 1642 1382
f 1643 271 1383
f 1383 271 269
f 1381 269 271
f 1381 271 1641
f 1791 1382 1642
f 1791 1642 1793
f 1793 1644 1791
f 1791 1644 1384
f 1645 1383 1385
f 1645 1643 1383
f 1384 1646 1386
f 1644 1646 1384
f 1647 1385 1387
f 1647 1645 1385
f 1386 1648 1388
f 1646 1648 1386
f 1387 270 1647
f 1647 270 272
f 1649 272 270
f 1649 270 1389
f 1388 1650 1390
f 1648 1650 1388
f 625 1651 524
f 1651 1389 524
f 1651 1649 1389
f 1391 625 524
f 1390 1652 1392
f 1650 1652 1390
f 625 526 1651
f 865 1653 776
f 776 1653 1391
f 1653 526 1391
f 526 625 1391
f 1393 865 776
f 1792 1889 1394
f 1792 1392 1889
f 1392 1654 1889
f 1392 1652 1654
f 865 778 1653
f 1655 778 865
f 1393 1655 865
f 1395 1655 1393
f 1891 1396 1394
f 1891 1394 1889
f 1889 1654 1891
f 1891 1654 1656
f 1113 1657 1018
f 1657 1395 1018
f 1657 1655 1395
f 1397 1113 1018
f 1893 1398 1396
f 1893 1396 1891
f 1891 1656 1893
f 1893 1656 1658
f 1115 1659 1113
f 1113 1659 1657
f 1113 1397 1272
f 1369 1113 1272
f 1115 1113 1369
f 1528 1629 1369
f 1528 1369 1272
f 1629 1528 1398
f 1893 1629 1398
f 1895 1629 1893
f 1893 1658 1895
f 1895 1658 1660
f 1115 1020 1659
f 1020 1115 1661
f 1115 1371 1661
f 1115 1369 1371
f 1369 1631 1371
f 1369 1629 1631
f 1662 1631 1794
f 1631 1895 1794
f 1631 1629 1895
f 1895 1660 1794
f 1373 1663 1371
f 1371 1663 1661
f 1371 1633 1373
f 1371 1631 1633
f 1631 1662 1633
f 1633 1662 1664
f 1373 1274 1663
f 1274 1373 1530
f 1530 1373 1633
f 1633 1664 1530
f 1665 33 107
f 107 33 357
f 357 33 287
f 357 287 605
f 605 287 541
f 541 1666 605
f 1667 1245 1323
f 1323 1245 1587
f 1587 1245 1505
f 1587 1505 1853
f 1853 1505 1771
f 1665 107 1771
f 107 1853 1771
f 107 109 1853
f 107 359 109
f 107 357 359
f 357 607 359
f 357 605 607
f 793 843 1666
f 843 605 1666
f 843 607 605
f 793 1668 843
f 1669 987 1399
f 1399 987 985
f 987 1667 1323
f 1243 987 1323
f 985 987 1243
f 1587 1503 1243
f 1587 1243 1323
f 1853 1769 1503
f 1853 1503 1587
f 111 1400 1769
f 1853 111 1769
f 109 111 1853
f 109 361 111
f 109 359 361
f 359 609 361
f 359 607 609
f 607 845 609
f 607 843 845
f 1035 1089 1668
f 1089 843 1668
f 1089 845 843
f 1035 1670 1089
f 1671 743 825
f 1401 825 743
f 1669 1401 743
f 1399 1401 1669
f 111 31 1400
f 363 1402 31
f 111 363 31
f 361 363 111
f 361 611 363
f 361 609 611
f 609 849 611
f 609 845 849
f 845 1093 849
f 845 1089 1093
f 1289 1347 1670
f 1347 1089 1670
f 1347 1093 1089
f 1347 1289 1607
f 1607 1289 1545
f 1607 1545 1875
f 1875 1545 1809
f 1809 1672 1875
f 827 1673 825
f 825 1673 1671
f 825 1401 1403
f 825 1403 827
f 363 285 1402
f 611 539 285
f 611 285 363
f 849 791 539
f 849 539 611
f 1093 1033 791
f 1093 791 849
f 1347 1287 1033
f 1347 1033 1093
f 1607 1543 1287
f 1607 1287 1347
f 1875 1807 1543
f 1875 1543 1607
f 1807 1875 1672
f 63 1807 1672
f 61 1807 63
f 63 1674 61
f 61 1674 1404
f 827 744 1673
f 1675 744 827
f 1403 1675 827
f 1405 1675 1403
f 313 1404 1674
f 313 1674 315
f 315 1676 313
f 313 1676 1406
f 1405 986 1675
f 1675 986 988
f 1677 988 986
f 1677 986 1407
f 1406 1678 1408
f 1676 1678 1406
f 1335 1679 1244
f 1679 1407 1244
f 1679 1677 1407
f 1409 1335 1244
f 1680 650 567
f 1408 1680 567
f 1678 1680 1408
f 650 1410 567
f 1335 1246 1679
f 1601 1681 1504
f 1504 1681 1409
f 1681 1246 1409
f 1246 1335 1409
f 1411 1601 1504
f 569 650 1680
f 569 1682 650
f 1682 1410 650
f 1682 1412 1410
f 1601 1506 1681
f 1869 1683 1770
f 1770 1683 1411
f 1683 1506 1411
f 1506 1601 1411
f 1413 1869 1770
f 1412 1684 1414
f 1682 1684 1412
f 1869 1772 1683
f 1685 1772 1869
f 1413 1685 1869
f 1415 1685 1413
f 570 1686 662
f 662 1416 570
f 1416 1684 570
f 1416 1414 1684
f 129 1687 32
f 1687 1415 32
f 1687 1685 1415
f 1417 129 32
f 1418 568 662
f 1686 1418 662
f 1688 1418 1686
f 1416 662 568
f 129 34 1687
f 1689 34 129
f 1417 1689 129
f 1419 1689 1417
f 1418 1690 1420
f 1688 1690 1418
f 288 1689 386
f 1689 1421 386
f 1689 1419 1421
f 1691 288 386
f 1420 1692 1422
f 1690 1692 1420
f 1423 388 1421
f 1421 388 386
f 1691 386 388
f 1691 388 1693
f 316 1694 416
f 416 1424 316
f 1424 1692 316
f 1424 1422 1692
f 1425 390 1423
f 1423 390 388
f 1693 388 390
f 1693 390 1695
f 1426 314 416
f 1694 1426 416
f 1696 1426 1694
f 1424 416 314
f 286 390 1425
f 1695 390 286
f 1427 1695 286
f 1697 1695 1427
f 64 1698 1428
f 64 1428 62
f 62 1426 64
f 64 1426 1696
f 1427 540 1697
f 1697 540 542
f 540 1429 880
f 794 540 880
f 542 540 794
f 794 880 1124
f 794 1124 1036
f 1036 1124 1378
f 1036 1378 1290
f 1290 1378 1638
f 1290 1638 1546
f 1546 1638 1430
f 1808 1546 1430
f 1810 1546 1808
f 1808 1428 1810
f 1810 1428 1698
f 792 880 1429
f 1034 1124 792
f 792 1124 880
f 1288 1378 1034
f 1034 1378 1124
f 1544 1638 1288
f 1288 1638 1378
f 1430 1638 1544
f 1699 1221 1311
f 1311 1221 1569
f 1569 1221 1481
f 1569 1481 1831
f 1831 1481 1749
f 1831 1749 83
f 83 1749 9
f 9 1700 83
f 1313 1701 1311
f 1311 1701 1699
f 1569 1479 1431
f 1313 1569 1431
f 1311 1569 1313
f 1831 1747 1479
f 1831 1479 1569
f 85 1432 1747
f 1831 85 1747
f 83 85 1831
f 83 1700 85
f 85 1700 1702
f 108 47 1433
f 358 301 108
f 108 301 47
f 606 555 358
f 358 555 301
f 842 807 606
f 606 807 555
f 1086 1049 842
f 842 1049 807
f 1086 1434 1049
f 1315 1703 1313
f 1313 1703 1701
f 1313 1431 1435
f 1313 1435 1315
f 85 7 1432
f 7 85 1702
f 253 7 1702
f 251 7 253
f 253 1704 251
f 251 1704 1436
f 1854 1785 1437
f 1785 1854 1433
f 1854 108 1433
f 1854 110 108
f 360 108 110
f 358 108 360
f 360 1705 557
f 606 360 557
f 358 360 606
f 606 557 809
f 606 809 842
f 842 809 1706
f 1088 842 1706
f 1086 842 1088
f 1434 1086 1303
f 1086 1342 1303
f 1086 1088 1342
f 1342 1438 1303
f 1317 1707 1315
f 1315 1707 1703
f 1315 1435 1439
f 1315 1439 1317
f 505 1436 1704
f 505 1704 507
f 507 757 505
f 759 757 507
f 1068 1001 1708
f 1001 759 1708
f 1001 757 759
f 1326 1259 1068
f 1068 1259 1001
f 1590 1519 1326
f 1326 1519 1259
f 1519 1590 1437
f 1590 1854 1437
f 1590 1856 1854
f 112 1854 1856
f 110 1854 112
f 362 110 112
f 360 110 362
f 1705 360 362
f 1705 362 1709
f 1051 1088 1706
f 1088 1051 1305
f 1088 1305 1342
f 1710 1606 1559
f 1710 1559 1438
f 1305 1710 1438
f 1342 1305 1438
f 1874 1823 1606
f 1606 1823 1559
f 134 77 1874
f 1874 77 1823
f 392 329 134
f 134 329 77
f 392 1440 329
f 1319 1711 1317
f 1317 1711 1707
f 1317 1439 1441
f 1317 1441 1319
f 1003 1068 1708
f 1068 1003 1712
f 1328 1068 1712
f 1326 1068 1328
f 1592 1326 1328
f 1590 1326 1592
f 1858 1590 1592
f 1856 1590 1858
f 114 1856 1858
f 112 1856 114
f 364 112 114
f 362 112 364
f 1709 362 364
f 1709 364 1713
f 1561 1606 1710
f 1606 1561 1825
f 1606 1825 1874
f 1874 1825 79
f 1874 79 134
f 134 79 331
f 134 331 392
f 579 1440 392
f 331 579 392
f 581 579 331
f 581 1714 579
f 579 1714 1442
f 1319 1222 1711
f 1715 1222 1319
f 1441 1715 1319
f 1443 1715 1441
f 1261 1328 1712
f 1328 1261 1716
f 1594 1328 1716
f 1592 1328 1594
f 1860 1592 1594
f 1858 1592 1860
f 116 1858 1860
f 114 1858 116
f 366 114 116
f 364 114 366
f 616 558 1713
f 364 616 1713
f 366 616 364
f 1717 558 616
f 815 1442 1714
f 815 1714 817
f 817 1718 815
f 815 1718 1444
f 1719 1443 1445
f 1719 1715 1443
f 1720 1596 1594
f 1720 1594 1716
f 1786 1860 1446
f 1860 1596 1446
f 1860 1594 1596
f 48 116 1786
f 1786 116 1860
f 302 366 48
f 48 366 116
f 556 616 302
f 302 616 366
f 810 1717 856
f 856 1717 1447
f 1717 616 1447
f 616 556 1447
f 1721 810 856
f 1722 1126 1055
f 1444 1722 1055
f 1718 1722 1444
f 1126 1448 1055
f 1723 1445 1449
f 1723 1719 1445
f 1724 1598 1596
f 1724 1596 1720
f 1446 1596 1450
f 1450 1596 1598
f 808 856 1447
f 1721 856 808
f 1451 1721 808
f 1725 1721 1451
f 1726 1128 1126
f 1726 1126 1722
f 1448 1126 1452
f 1452 1126 1128
f 1449 1480 1723
f 1723 1480 1482
f 1727 1482 1480
f 1727 1480 1453
f 1728 1600 1598
f 1728 1598 1724
f 1450 1598 1454
f 1454 1598 1600
f 1451 1050 1725
f 1725 1050 1052
f 1729 1052 1050
f 1729 1050 1455
f 1730 1130 1128
f 1730 1128 1726
f 1452 1128 1456
f 1456 1128 1130
f 1453 1748 1727
f 1727 1748 1750
f 1731 1750 1748
f 1731 1748 1457
f 1458 1520 1600
f 1728 1458 1600
f 1732 1458 1728
f 1454 1600 1520
f 1455 1304 1729
f 1729 1304 1306
f 1304 1459 1620
f 1562 1304 1620
f 1306 1304 1562
f 1733 1562 1620
f 1460 1056 1130
f 1730 1460 1130
f 1734 1460 1730
f 1456 1130 1056
f 1457 8 1731
f 1731 8 10
f 252 10 8
f 252 254 10
f 252 1461 600
f 508 252 600
f 254 252 508
f 508 600 838
f 508 838 760
f 760 838 1082
f 760 1082 1004
f 1004 1082 1462
f 1260 1004 1462
f 1262 1004 1260
f 1260 1458 1262
f 1262 1458 1732
f 1560 1620 1459
f 1620 1560 1733
f 1560 1826 1733
f 1560 1824 1826
f 1824 1463 148
f 80 1824 148
f 1826 1824 80
f 80 148 406
f 80 406 332
f 332 406 660
f 332 660 582
f 582 660 1464
f 816 582 1464
f 818 582 816
f 816 1460 818
f 818 1460 1734
f 506 600 1461
f 758 838 506
f 506 838 600
f 1002 1082 758
f 758 1082 838
f 1462 1082 1002
f 78 148 1463
f 330 406 78
f 78 406 148
f 580 660 330
f 330 660 406
f 1464 660 580
f 1310 1235 1465
f 1568 1495 1310
f 1310 1495 1235
f 1568 1466 1495
f 1735 983 1467
f 1467 983 981
f 1237 1310 1465
f 981 1237 1465
f 983 1237 981
f 1310 1237 1497
f 1310 1497 1568
f 1763 1466 1568
f 1497 1763 1568
f 1765 1763 1497
f 1765 1736 1763
f 1763 1736 1468
f 820 741 1469
f 1467 741 820
f 1737 1467 820
f 1735 1467 1737
f 1738 86 23
f 1468 1738 23
f 1736 1738 1468
f 86 1470 23
f 1471 822 1469
f 1469 822 820
f 1737 820 822
f 1737 822 1739
f 1740 88 86
f 1740 86 1738
f 1470 86 1472
f 1472 86 88
f 742 822 1471
f 1739 822 742
f 1473 1739 742
f 1741 1739 1473
f 1474 24 88
f 1740 1474 88
f 1742 1474 1740
f 1472 88 24
f 1473 982 1741
f 1741 982 984
f 982 1475 1320
f 1238 982 1320
f 984 982 1238
f 1238 1320 1578
f 1238 1578 1498
f 1498 1578 1476
f 1764 1498 1476
f 1766 1498 1764
f 1764 1474 1766
f 1766 1474 1742
f 1236 1320 1475
f 1496 1578 1236
f 1236 1578 1320
f 1476 1578 1496
f 848 777 1639
f 1903 1021 848
f 1021 777 848
f 1021 1019 777
f 1021 1273 1019
f 1275 1273 1021
f 1275 1904 1273
f 1273 1904 1640
f 1905 527 1641
f 1641 527 525
f 779 848 1639
f 525 779 1639
f 527 779 525
f 1903 848 779
f 1529 1640 1904
f 1529 1904 1531
f 1531 1906 1529
f 1529 1906 1642
f 368 271 1643
f 1641 271 368
f 1907 1641 368
f 1905 1641 1907
f 1793 1642 1906
f 1793 1906 1795
f 1795 1908 1793
f 1793 1908 1644
f 368 1643 273
f 1643 1909 273
f 1643 1645 1909
f 1907 368 273
f 1644 1910 1646
f 1908 1910 1644
f 1911 1645 1647
f 1911 1909 1645
f 1646 1912 1648
f 1910 1912 1646
f 1647 272 1911
f 1911 272 274
f 1913 274 272
f 1913 272 1649
f 1912 49 145
f 1650 1912 145
f 1648 1912 1650
f 49 1914 145
f 1915 1649 1651
f 1915 1913 1649
f 147 1652 1650
f 147 1650 145
f 145 1914 147
f 147 1914 1916
f 1651 526 1915
f 1915 526 528
f 1917 528 526
f 1917 526 1653
f 149 1654 1652
f 149 1652 147
f 147 1916 149
f 149 1916 1918
f 867 1919 778
f 1919 1653 778
f 1919 1917 1653
f 1655 867 778
f 151 1656 1654
f 151 1654 149
f 149 1918 151
f 151 1918 1920
f 869 1921 867
f 867 1921 1919
f 867 1655 1657
f 867 1657 869
f 153 1658 1656
f 153 1656 151
f 151 1920 153
f 153 1920 1922
f 869 780 1921
f 1923 780 869
f 1657 1923 869
f 1659 1923 1657
f 155 1660 1658
f 155 1658 153
f 153 1922 155
f 155 1922 1924
f 1117 1925 1020
f 1925 1659 1020
f 1925 1923 1659
f 1661 1117 1020
f 1794 1897 1662
f 155 50 1660
f 1660 50 1794
f 50 1926 1794
f 1926 1897 1794
f 155 1924 50
f 1119 1927 1117
f 1117 1927 1925
f 1117 1661 1663
f 1117 1663 1119
f 1899 1664 1662
f 1899 1662 1897
f 1897 1926 1899
f 1899 1926 1928
f 1121 1929 1119
f 1119 1929 1927
f 1119 1663 1274
f 1375 1119 1274
f 1121 1119 1375
f 1530 1635 1375
f 1530 1375 1274
f 1635 1530 1664
f 1899 1635 1664
f 1901 1635 1899
f 1899 1928 1901
f 1901 1928 1930
f 1121 1022 1929
f 1022 1121 1276
f 1276 1121 1375
f 1276 1375 1532
f 1532 1375 1635
f 1532 1635 1796
f 1796 1635 1901
f 1901 1930 1796
f 1931 35 105
f 105 35 355
f 355 35 289
f 355 289 603
f 603 289 543
f 603 543 839
f 839 543 795
f 795 1932 839
f 1933 1507 1585
f 1585 1507 1851
f 1851 1507 1773
f 1931 105 1773
f 1773 105 1851
f 105 33 1851
f 33 1665 1851
f 355 287 33
f 355 33 105
f 603 541 287
f 603 287 355
f 841 1666 541
f 603 841 541
f 839 841 603
f 839 1932 841
f 841 1932 1934
f 1935 1247 1667
f 1667 1247 1245
f 1247 1933 1585
f 1505 1247 1585
f 1245 1247 1505
f 1851 1771 1505
f 1851 1505 1585
f 1851 1665 1771
f 841 793 1666
f 1934 1037 1087
f 1934 1087 1668
f 841 1934 1668
f 793 841 1668
f 1037 1936 1087
f 1937 989 1669
f 1669 989 987
f 1667 987 989
f 1667 989 1935
f 1087 1035 1668
f 1936 1291 1343
f 1936 1343 1670
f 1087 1936 1670
f 1035 1087 1670
f 1291 1938 1343
f 1939 745 1671
f 1671 745 743
f 1669 743 745
f 1669 745 1937
f 1343 1289 1670
f 1289 1343 1938
f 1547 1289 1938
f 1545 1289 1547
f 1547 1809 1545
f 1811 1809 1547
f 1672 1809 135
f 1809 65 135
f 1809 1811 65
f 65 1940 135
f 1941 1671 1673
f 1941 1939 1671
f 135 63 1672
f 1940 317 395
f 1940 395 1674
f 135 1940 1674
f 63 135 1674
f 317 1942 395
f 829 1943 744
f 1943 1673 744
f 1943 1941 1673
f 1675 829 744
f 395 315 1674
f 395 1942 315
f 1942 1676 315
f 1942 1944 1676
f 829 746 1943
f 1075 1945 988
f 988 1945 1675
f 1945 746 1675
f 746 829 1675
f 1677 1075 988
f 1676 1946 1678
f 1944 1946 1676
f 1075 990 1945
f 1947 990 1075
f 1677 1947 1075
f 1679 1947 1677
f 1678 1948 1680
f 1946 1948 1678
f 1679 1246 1947
f 1947 1246 1248
f 1949 1248 1246
f 1949 1246 1681
f 1950 654 569
f 1680 1950 569
f 1948 1950 1680
f 654 1682 569
f 1681 1506 1949
f 1949 1506 1508
f 1951 1508 1506
f 1951 1506 1683
f 1952 658 654
f 1952 654 1950
f 1682 654 1684
f 1684 654 658
f 1683 1772 1951
f 1951 1772 1774
f 1953 1774 1772
f 1953 1772 1685
f 1686 570 658
f 1952 1686 658
f 1954 1686 1952
f 1684 658 570
f 36 1953 130
f 1953 1687 130
f 1953 1685 1687
f 1955 36 130
f 1686 1956 1688
f 1954 1956 1686
f 34 130 1687
f 290 1955 384
f 384 1955 1689
f 1955 130 1689
f 130 34 1689
f 1957 290 384
f 318 1958 412
f 412 1690 318
f 1690 1956 318
f 1690 1688 1956
f 288 384 1689
f 544 1957 634
f 634 1957 1691
f 1957 384 1691
f 384 288 1691
f 1959 544 634
f 1960 414 412
f 1960 412 1958
f 1690 412 1692
f 1692 412 414
f 1693 636 1691
f 1691 636 634
f 1959 634 636
f 1959 636 1961
f 66 1962 158
f 414 1960 66
f 414 66 158
f 316 414 158
f 1694 316 158
f 1692 414 316
f 1695 638 1693
f 1693 638 636
f 1961 636 638
f 1961 638 1963
f 1964 160 158
f 1964 158 1962
f 1694 158 1696
f 1696 158 160
f 1697 640 1695
f 1695 640 638
f 878 796 1963
f 638 878 1963
f 640 878 638
f 796 878 1122
f 796 1122 1038
f 1038 1122 1376
f 1038 1376 1292
f 1292 1376 1636
f 1292 1636 1548
f 1548 1636 1902
f 1548 1902 1812
f 160 1964 1812
f 160 1812 1902
f 64 160 1902
f 1698 64 1902
f 1696 160 64
f 542 640 1697
f 794 878 542
f 542 878 640
f 1036 1122 794
f 794 1122 878
f 1290 1376 1036
f 1036 1376 1122
f 1546 1636 1290
f 1290 1636 1376
f 1810 1902 1546
f 1546 1902 1636
f 1698 1902 1810
f 1965 1483 1565
f 1565 1483 1829
f 1829 1483 1751
f 1751 1966 1829
f 1967 1223 1699
f 1699 1223 1221
f 1223 1965 1565
f 1481 1223 1565
f 1221 1223 1481
f 1829 1749 1481
f 1829 1481 1565
f 1749 1829 1966
f 11 1749 1966
f 9 1749 11
f 11 1968 9
f 9 1968 1700
f 1969 969 1059
f 1701 1059 969
f 1967 1701 969
f 1699 1701 1967
f 1968 255 335
f 1702 1968 335
f 1700 1968 1702
f 255 1970 335
f 1061 1971 1059
f 1059 1971 1969
f 1059 1701 1703
f 1059 1703 1061
f 335 253 1702
f 335 1970 253
f 1970 1704 253
f 1970 1972 1704
f 608 557 1705
f 844 809 608
f 608 809 557
f 844 1706 809
f 1061 970 1971
f 1973 970 1061
f 1703 1973 1061
f 1707 1973 1703
f 507 1704 1972
f 507 1972 509
f 509 759 507
f 761 759 509
f 761 1974 759
f 759 1974 1708
f 1709 610 1705
f 1705 610 608
f 846 608 610
f 844 608 846
f 1706 844 1051
f 844 1090 1051
f 844 846 1090
f 1344 1305 1090
f 1090 1305 1051
f 1344 1710 1305
f 1975 1707 1711
f 1975 1973 1707
f 1976 1070 1003
f 1708 1976 1003
f 1974 1976 1708
f 1070 1712 1003
f 1713 612 1709
f 1709 612 610
f 850 610 612
f 846 610 850
f 1094 846 850
f 1090 846 1094
f 1348 1090 1094
f 1344 1090 1348
f 1710 1344 1561
f 1344 1608 1561
f 1344 1348 1608
f 1876 1825 1608
f 1608 1825 1561
f 136 79 1876
f 1876 79 1825
f 394 331 136
f 136 331 79
f 642 581 394
f 394 581 331
f 642 1714 581
f 1321 1977 1222
f 1977 1711 1222
f 1977 1975 1711
f 1715 1321 1222
f 1005 1070 1976
f 1978 1330 1261
f 1978 1261 1712
f 1005 1978 1712
f 1070 1005 1712
f 1330 1716 1261
f 558 612 1713
f 1717 854 558
f 854 612 558
f 854 850 612
f 1098 850 854
f 1094 850 1098
f 1098 1979 1307
f 1348 1098 1307
f 1094 1098 1348
f 1348 1307 1563
f 1348 1563 1608
f 1608 1563 1827
f 1608 1827 1876
f 1876 1827 81
f 1876 81 136
f 136 81 333
f 136 333 394
f 394 333 1980
f 644 394 1980
f 642 394 644
f 1714 642 817
f 642 882 817
f 642 644 882
f 882 1718 817
f 1321 1224 1977
f 1981 1224 1321
f 1715 1981 1321
f 1719 1981 1715
f 1982 1332 1330
f 1982 1330 1978
f 1716 1330 1720
f 1720 1330 1332
f 810 854 1717
f 1721 1100 810
f 1100 854 810
f 1100 1098 854
f 1979 1098 1100
f 1979 1100 1983
f 583 644 1980
f 644 583 1984
f 884 644 1984
f 882 644 884
f 1718 882 1722
f 1722 882 884
f 1985 1719 1723
f 1985 1981 1719
f 1986 1334 1332
f 1986 1332 1982
f 1720 1332 1724
f 1724 1332 1334
f 1725 1102 1721
f 1721 1102 1100
f 1356 1308 1983
f 1100 1356 1983
f 1102 1356 1100
f 1987 1308 1356
f 1988 886 884
f 1988 884 1984
f 1722 884 1726
f 1726 884 886
f 1723 1482 1985
f 1985 1482 1484
f 1989 1484 1482
f 1989 1482 1727
f 1990 1336 1334
f 1990 1334 1986
f 1724 1334 1728
f 1728 1334 1336
f 1052 1102 1725
f 1729 1358 1052
f 1358 1102 1052
f 1358 1356 1102
f 1618 1564 1987
f 1356 1618 1987
f 1358 1618 1356
f 1564 1618 1884
f 1564 1884 1828
f 1991 1828 1884
f 1992 888 886
f 1992 886 1988
f 1726 886 1730
f 1730 886 888
f 1727 1750 1989
f 1989 1750 1752
f 1750 1731 102
f 12 1750 102
f 1752 1750 12
f 12 102 352
f 12 352 256
f 256 352 598
f 256 598 510
f 510 598 836
f 510 836 762
f 762 836 1080
f 762 1080 1006
f 1336 1990 1006
f 1080 1336 1006
f 1338 1336 1080
f 1728 1336 1732
f 1732 1336 1338
f 1306 1358 1729
f 1562 1618 1306
f 1306 1618 1358
f 1733 1886 1562
f 1886 1618 1562
f 1886 1884 1618
f 146 82 1991
f 1884 146 1991
f 1886 146 1884
f 82 146 404
f 82 404 334
f 334 404 656
f 334 656 584
f 888 1992 584
f 656 888 584
f 890 888 656
f 1730 888 1734
f 1734 888 890
f 10 102 1731
f 254 352 10
f 10 352 102
f 508 598 254
f 254 598 352
f 760 836 508
f 508 836 598
f 1004 1080 760
f 760 1080 836
f 1262 1338 1004
f 1004 1338 1080
f 1732 1338 1262
f 1826 1886 1733
f 80 146 1826
f 1826 146 1886
f 332 404 80
f 80 404 146
f 582 656 332
f 332 656 404
f 818 890 582
f 582 890 656
f 1734 890 818
f 1058 983 1735
f 1312 1237 1058
f 1058 1237 983
f 1570 1497 1312
f 1312 1497 1237
f 1832 1765 1570
f 1570 1765 1497
f 1832 1736 1765
f 1737 1060 1735
f 1735 1060 1058
f 1060 1993 1239
f 1312 1060 1239
f 1058 1060 1312
f 1312 1239 1499
f 1312 1499 1570
f 1570 1499 1994
f 1834 1570 1994
f 1832 1570 1834
f 1736 1832 1738
f 1738 1832 1834
f 1739 1062 1737
f 1737 1062 1060
f 1993 1060 1062
f 1993 1062 1995
f 1996 1836 1834
f 1996 1834 1994
f 1738 1834 1740
f 1740 1834 1836
f 1741 1064 1739
f 1739 1064 1062
f 1318 1240 1995
f 1062 1318 1995
f 1064 1318 1062
f 1240 1318 1576
f 1240 1576 1500
f 1836 1996 1500
f 1576 1836 1500
f 1838 1836 1576
f 1740 1836 1742
f 1742 1836 1838
f 984 1064 1741
f 1238 1318 984
f 984 1318 1064
f 1498 1576 1238
f 1238 1576 1318
f 1766 1838 1498
f 1498 1838 1576
f 1742 1838 1766
f 161 765 857
f 857 765 1101
f 1101 765 1007
f 1007 162 1101
f 859 163 857
f 857 163 161
f 857 1103 859
f 857 1101 1103
f 1101 162 1103
f 1103 162 164
f 859 766 163
f 766 859 1008
f 1008 859 1103
f 1103 164 1008
f 1092 1021 1903
f 1346 1275 1092
f 1092 1275 1021
f 1346 1904 1275
f 614 527 1905
f 165 781 614
f 781 527 614
f 781 779 527
f 1023 1092 1903
f 779 1023 1903
f 781 1023 779
f 1092 1023 1277
f 1092 1277 1346
f 1531 1904 1346
f 1277 1531 1346
f 1533 1531 1277
f 1533 166 1531
f 1531 166 1906
f 614 1905 529
f 1905 167 529
f 1905 1907 167
f 165 614 529
f 1795 1906 166
f 1795 166 1797
f 1797 168 1795
f 1795 168 1908
f 169 275 1909
f 1909 275 273
f 1907 273 275
f 1907 275 167
f 168 51 141
f 1910 168 141
f 1908 168 1910
f 51 170 141
f 171 1909 1911
f 171 169 1909
f 143 1912 1910
f 143 1910 141
f 141 170 143
f 143 170 172
f 375 173 274
f 173 1911 274
f 173 171 1911
f 1913 375 274
f 143 49 1912
f 172 303 403
f 172 403 1914
f 143 172 1914
f 49 143 1914
f 303 174 403
f 375 276 173
f 175 276 375
f 1913 175 375
f 1915 175 1913
f 405 1916 1914
f 405 1914 403
f 403 174 405
f 405 174 176
f 627 177 528
f 177 1915 528
f 177 175 1915
f 1917 627 528
f 407 1918 1916
f 407 1916 405
f 405 176 407
f 407 176 178
f 627 530 177
f 179 530 627
f 1917 179 627
f 1919 179 1917
f 409 1920 1918
f 409 1918 407
f 407 178 409
f 409 178 180
f 181 1919 1921
f 181 179 1919
f 1920 409 304
f 182 1920 304
f 1922 1920 182
f 409 180 304
f 871 183 780
f 183 1921 780
f 183 181 1921
f 1923 871 780
f 1922 184 1924
f 182 184 1922
f 873 185 871
f 871 185 183
f 871 1923 1925
f 871 1925 873
f 50 157 1926
f 50 1924 157
f 1924 186 157
f 1924 184 186
f 875 187 873
f 873 187 185
f 873 1925 1927
f 873 1927 875
f 159 1928 1926
f 159 1926 157
f 157 186 159
f 159 186 188
f 875 782 187
f 189 782 875
f 1927 189 875
f 1929 189 1927
f 1928 159 52
f 190 1928 52
f 1930 1928 190
f 159 188 52
f 1929 1022 189
f 189 1022 1024
f 1276 1377 191
f 1024 1276 191
f 1022 1276 1024
f 1532 1637 1377
f 1532 1377 1276
f 1798 192 1637
f 1532 1798 1637
f 1796 1798 1532
f 1796 1930 1798
f 1798 1930 190
f 1377 1278 191
f 1278 1377 1534
f 1534 1377 1637
f 1637 192 1534
f 193 291 353
f 353 291 601
f 601 291 545
f 545 194 601
f 195 37 1931
f 1931 37 35
f 37 193 353
f 289 37 353
f 35 37 289
f 601 543 289
f 601 289 353
f 543 601 194
f 797 543 194
f 795 543 797
f 797 196 795
f 795 196 1932
f 197 1509 1933
f 1933 1509 1507
f 1509 1773 1507
f 1775 1773 1509
f 1931 1773 1775
f 1931 1775 195
f 196 1039 1085
f 1934 196 1085
f 1932 196 1934
f 1039 198 1085
f 199 1249 1935
f 1935 1249 1247
f 1933 1247 1249
f 1933 1249 197
f 1085 1037 1934
f 198 1293 1341
f 198 1341 1936
f 1085 198 1936
f 1037 1085 1936
f 1293 200 1341
f 201 991 1937
f 1937 991 989
f 1935 989 991
f 1935 991 199
f 1341 1291 1936
f 200 1549 1605
f 200 1605 1938
f 1341 200 1938
f 1291 1341 1938
f 1605 1549 1873
f 1873 1549 1813
f 1873 1813 133
f 133 1813 67
f 133 67 391
f 391 67 319
f 319 202 391
f 203 747 1939
f 1939 747 745
f 1937 745 747
f 1937 747 201
f 1605 1547 1938
f 1873 1811 1547
f 1873 1547 1605
f 133 65 1811
f 133 1811 1873
f 393 1940 65
f 133 393 65
f 391 393 133
f 391 202 393
f 393 202 204
f 205 1939 1941
f 205 203 1939
f 393 317 1940
f 393 204 317
f 204 1942 317
f 204 206 1942
f 207 1941 1943
f 207 205 1941
f 1942 208 1944
f 206 208 1942
f 831 209 746
f 209 1943 746
f 209 207 1943
f 1945 831 746
f 1944 210 1946
f 208 210 1944
f 831 748 209
f 1077 211 990
f 990 211 1945
f 211 748 1945
f 748 831 1945
f 1947 1077 990
f 1946 212 1948
f 210 212 1946
f 1077 992 211
f 1337 213 1248
f 1248 213 1947
f 213 992 1947
f 992 1077 1947
f 1949 1337 1248
f 1948 214 1950
f 212 214 1948
f 1337 1250 213
f 1949 1508 1337
f 1508 1250 1337
f 1508 1510 1250
f 215 1510 1508
f 215 1508 1951
f 1950 216 1952
f 214 216 1950
f 1951 1774 215
f 215 1774 1776
f 217 1776 1774
f 217 1774 1953
f 320 218 408
f 408 1954 320
f 1954 216 320
f 1954 1952 216
f 1953 36 217
f 217 36 38
f 36 1955 382
f 292 36 382
f 38 36 292
f 219 292 382
f 220 410 408
f 220 408 218
f 1954 408 1956
f 1956 408 410
f 290 382 1955
f 546 219 632
f 632 219 1957
f 219 382 1957
f 382 290 1957
f 221 546 632
f 68 222 154
f 410 220 68
f 410 68 154
f 318 410 154
f 1958 318 154
f 1956 410 318
f 544 632 1957
f 798 221 872
f 872 221 1959
f 221 632 1959
f 632 544 1959
f 223 798 872
f 224 156 154
f 224 154 222
f 1958 154 1960
f 1960 154 156
f 1961 874 1959
f 1959 874 872
f 223 872 874
f 223 874 225
f 1814 226 1898
f 156 224 1814
f 156 1814 1898
f 66 156 1898
f 1962 66 1898
f 1960 156 66
f 1963 876 1961
f 1961 876 874
f 1120 1040 225
f 874 1120 225
f 876 1120 874
f 1040 1120 1374
f 1040 1374 1294
f 1294 1374 1634
f 1294 1634 1550
f 1898 226 1550
f 1634 1898 1550
f 1900 1898 1634
f 1962 1898 1964
f 1964 1898 1900
f 796 876 1963
f 1038 1120 796
f 796 1120 876
f 1292 1374 1038
f 1038 1374 1120
f 1548 1634 1292
f 1292 1634 1374
f 1812 1900 1548
f 1548 1900 1634
f 1964 1900 1812
f 227 1485 1965
f 1965 1485 1483
f 1485 1751 1483
f 1753 1751 1485
f 1753 228 1751
f 1751 228 1966
f 229 1225 1967
f 1967 1225 1223
f 1965 1223 1225
f 1965 1225 227
f 11 1966 228
f 11 228 13
f 13 230 11
f 11 230 1968
f 231 971 1969
f 1969 971 969
f 1967 969 971
f 1967 971 229
f 255 1968 230
f 255 230 257
f 257 232 255
f 255 232 1970
f 233 1969 1971
f 233 231 1969
f 1970 234 1972
f 232 234 1970
f 1063 235 970
f 235 1971 970
f 235 233 1971
f 1973 1063 970
f 509 1972 234
f 509 234 511
f 824 761 236
f 761 511 236
f 761 509 511
f 824 1974 761
f 1063 972 235
f 237 972 1063
f 1973 237 1063
f 1975 237 1973
f 763 824 236
f 763 238 824
f 238 1974 824
f 238 1976 1974
f 239 1975 1977
f 239 237 1975
f 240 1072 1005
f 1976 240 1005
f 238 240 1976
f 1072 1978 1005
f 1352 1307 1979
f 1612 1563 1352
f 1352 1563 1307
f 1878 1827 1612
f 1612 1827 1563
f 138 81 1878
f 1878 81 1827
f 396 333 138
f 138 333 81
f 396 1980 333
f 1977 1224 239
f 239 1224 1226
f 241 1226 1224
f 241 1224 1981
f 242 1074 1072
f 242 1072 240
f 1978 1072 1982
f 1982 1072 1074
f 1983 1354 1979
f 1979 1354 1352
f 1614 1352 1354
f 1612 1352 1614
f 1880 1612 1614
f 1878 1612 1880
f 140 1878 1880
f 138 1878 140
f 398 138 140
f 396 138 398
f 1980 396 583
f 396 646 583
f 396 398 646
f 646 1984 583
f 1486 241 1584
f 241 1985 1584
f 241 1981 1985
f 243 1486 1584
f 764 244 832
f 1074 242 764
f 832 1074 764
f 1076 1074 832
f 1982 1074 1986
f 1986 1074 1076
f 1308 1354 1983
f 1987 1616 1308
f 1616 1354 1308
f 1616 1614 1354
f 1882 1614 1616
f 1880 1614 1882
f 142 1880 1882
f 140 1880 142
f 400 140 142
f 398 140 400
f 648 398 400
f 646 398 648
f 1984 646 1988
f 1988 646 648
f 1484 1584 1985
f 1754 243 1848
f 1848 243 1989
f 243 1584 1989
f 1584 1484 1989
f 1754 1848 100
f 1754 100 14
f 14 100 350
f 14 350 258
f 258 350 596
f 258 596 512
f 832 244 512
f 596 832 512
f 834 832 596
f 1078 832 834
f 1076 832 1078
f 1986 1076 1990
f 1990 1076 1078
f 1564 1616 1987
f 1828 1882 1564
f 1564 1882 1616
f 1991 144 1828
f 144 1882 1828
f 144 142 1882
f 402 142 144
f 400 142 402
f 652 400 402
f 648 400 652
f 1988 648 1992
f 1992 648 652
f 1752 1848 1989
f 12 100 1752
f 1752 100 1848
f 256 350 12
f 12 350 100
f 510 596 256
f 256 596 350
f 762 834 510
f 510 834 596
f 1006 1078 762
f 762 1078 834
f 1990 1078 1006
f 82 144 1991
f 334 402 82
f 82 402 144
f 584 652 334
f 334 652 402
f 1992 652 584
f 1314 1239 1993
f 1572 1499 1314
f 1314 1499 1239
f 1572 1994 1499
f 1995 1316 1993
f 1993 1316 1314
f 1574 1314 1316
f 1572 1314 1574
f 1994 1572 1996
f 1996 1572 1574
f 1240 1316 1995
f 1500 1574 1240
f 1240 1574 1316
f 1996 1574 1500
