# Converted from NanoShaper .vert/.face
v -6.799000 -14.450000 -2.362000
v -5.427000 -14.450000 -2.362000
v -7.265000 -14.450000 -1.862000
v -5.129000 -14.450000 -1.862000
v -7.553000 -14.450000 -1.362000
v -5.130000 -14.450000 -1.362000
v -7.536000 -14.450000 -0.862000
v -5.205000 -14.450000 -0.862000
v -7.236000 -14.450000 -0.362000
v -5.166000 -14.450000 -0.362000
v -7.063000 -14.450000 0.138000
v -5.148000 -14.450000 0.138000
v -6.789000 -14.450000 0.638000
v -5.422000 -14.450000 0.638000
v -6.794000 -14.450000 5.638000
v -5.388000 -14.450000 5.638000
v -7.069000 -14.450000 6.138000
v -5.113000 -14.450000 6.138000
v -7.305000 -14.450000 6.638000
v -5.001000 -14.450000 6.638000
v -7.771000 -14.450000 7.138000
v -4.839000 -14.450000 7.138000
v -8.058000 -14.450000 7.638000
v -4.755000 -14.450000 7.638000
v -8.093000 -14.450000 8.138000
v -4.691000 -14.450000 8.138000
v -8.118000 -14.450000 8.638000
v -4.686000 -14.450000 8.638000
v -8.107000 -14.450000 9.138000
v -4.701000 -14.450000 9.138000
v -8.065000 -14.450000 9.638000
v -4.816000 -14.450000 9.638000
v -8.005000 -14.450000 10.138000
v -5.031000 -14.450000 10.138000
v -8.032000 -14.450000 10.638000
v -5.443000 -14.450000 10.638000
v -8.219000 -14.450000 11.138000
v -5.732000 -14.450000 11.138000
v -8.410000 -14.450000 11.638000
v -5.842000 -14.450000 11.638000
v -8.405000 -14.450000 12.138000
v -5.871000 -14.450000 12.138000
v -8.184000 -14.450000 12.638000
v -6.093000 -14.450000 12.638000
v -7.420000 -14.450000 13.138000
v -6.856000 -14.450000 13.138000
v -4.453000 -10.450000 -7.862000
v -2.418000 -10.450000 -7.862000
v -7.270000 -10.450000 -7.362000
v -1.894000 -10.450000 -7.362000
v -7.588000 -10.450000 -6.862000
v -1.708000 -10.450000 -6.862000
v -7.585000 -10.450000 -6.362000
v -1.715000 -10.450000 -6.362000
v -7.261000 -10.450000 -5.862000
v -1.770000 -10.450000 -5.862000
v -6.873000 -10.450000 -5.362000
v -1.963000 -10.450000 -5.362000
v -6.661000 -10.450000 -4.862000
v -2.383000 -10.450000 -4.862000
v -6.524000 -10.450000 -4.362000
v -2.864000 -10.450000 -4.362000
v -6.396000 -10.450000 -3.862000
v -3.256000 -10.450000 -3.862000
v -6.261000 -10.450000 -3.362000
v -3.511000 -10.450000 -3.362000
v -6.174000 -10.450000 -2.862000
v -4.231000 -10.450000 -2.862000
v -6.369000 -10.450000 -2.362000
v -5.592000 -10.450000 -2.362000
v -7.279000 -10.450000 -1.862000
v -5.717000 -10.450000 -1.862000
v -7.692000 -10.450000 -1.362000
v -5.631000 -10.450000 -1.362000
v -8.127000 -10.450000 -0.862000
v -5.521000 -10.450000 -0.862000
v -9.168000 -10.450000 -0.362000
v -5.247000 -10.450000 -0.362000
v -9.548000 -10.450000 0.138000
v -4.924000 -10.450000 0.138000
v -9.745000 -10.450000 0.638000
v -4.743000 -10.450000 0.638000
v -9.915000 -10.450000 1.138000
v -4.557000 -10.450000 1.138000
v -9.901000 -10.450000 1.638000
v -4.356000 -10.450000 1.638000
v -9.672000 -10.450000 2.138000
v -4.306000 -10.450000 2.138000
v -9.159000 -10.450000 2.638000
v -4.241000 -10.450000 2.638000
v -8.434000 -10.450000 3.138000
v -4.019000 -10.450000 3.138000
v -8.106000 -10.450000 3.638000
v -3.811000 -10.450000 3.638000
v -8.140000 -10.450000 4.138000
v -3.637000 -10.450000 4.138000
v -10.019000 -10.450000 4.638000
v -7.961000 -10.450000 4.638000
v -7.566000 -10.450000 4.638000
v -3.628000 -10.450000 4.638000
v -10.715000 -10.450000 5.138000
v -3.634000 -10.450000 5.138000
v -10.933000 -10.450000 5.638000
v -3.669000 -10.450000 5.638000
v -10.937000 -10.450000 6.138000
v -3.966000 -10.450000 6.138000
v -10.940000 -10.450000 6.638000
v -4.203000 -10.450000 6.638000
v -10.944000 -10.450000 7.138000
v -4.295000 -10.450000 7.138000
v -10.741000 -10.450000 7.638000
v -4.514000 -10.450000 7.638000
v -10.392000 -10.450000 8.138000
v -4.762000 -10.450000 8.138000
v -10.150000 -10.450000 8.638000
v -5.051000 -10.450000 8.638000
v -9.891000 -10.450000 9.138000
v -5.448000 -10.450000 9.138000
v -9.695000 -10.450000 9.638000
v -5.901000 -10.450000 9.638000
v -9.374000 -10.450000 10.138000
v -6.161000 -10.450000 10.138000
v -8.802000 -10.450000 10.638000
v -6.502000 -10.450000 10.638000
v -8.114000 -14.450000 8.272000
v -8.114000 -14.450000 9.054000
v -8.114000 -14.450000 10.899000
v -8.114000 -14.450000 12.725000
v -7.614000 -14.450000 6.975000
v -7.614000 -14.450000 13.078000
v -7.114000 -14.450000 -1.993000
v -7.114000 -14.450000 -0.097000
v -7.114000 -14.450000 6.287000
v -7.114000 -14.450000 13.168000
v -6.614000 -14.450000 -2.497000
v -6.614000 -14.450000 0.785000
v -6.614000 -14.450000 5.474000
v -6.614000 -14.450000 13.058000
v -6.114000 -14.450000 -2.630000
v -6.114000 -14.450000 1.010000
v -6.114000 -14.450000 5.230000
v -6.114000 -14.450000 12.665000
v -5.614000 -14.450000 -2.499000
v -5.614000 -14.450000 0.805000
v -5.614000 -14.450000 5.440000
v -5.614000 -14.450000 10.892000
v -5.114000 -14.450000 6.134000
v -5.114000 -14.450000 10.250000
v -10.614000 -10.450000 5.014000
v -10.614000 -10.450000 7.799000
v -10.114000 -10.450000 4.675000
v -10.114000 -10.450000 8.688000
v -9.614000 -10.450000 0.312000
v -9.614000 -10.450000 2.210000
v -9.614000 -10.450000 4.523000
v -9.614000 -10.450000 9.757000
v -9.114000 -10.450000 -0.395000
v -9.114000 -10.450000 2.668000
v -9.114000 -10.450000 4.393000
v -9.114000 -10.450000 10.419000
v -8.614000 -10.450000 -0.563000
v -8.614000 -10.450000 2.935000
v -8.614000 -10.450000 4.374000
v -8.614000 -10.450000 10.727000
v -8.114000 -10.450000 -0.875000
v -8.114000 -10.450000 3.605000
v -8.114000 -10.450000 4.033000
v -8.114000 -10.450000 10.870000
v -7.614000 -10.450000 -1.447000
v -7.614000 -10.450000 4.595000
v -7.614000 -10.450000 5.000000
v -7.614000 -10.450000 10.900000
v -7.114000 -10.450000 -7.468000
v -7.114000 -10.450000 -5.711000
v -7.114000 -10.450000 -1.975000
v -7.114000 -10.450000 10.844000
v -6.614000 -10.450000 -7.585000
v -6.614000 -10.450000 -4.726000
v -6.614000 -10.450000 -2.213000
v -6.614000 -10.450000 10.713000
v -6.114000 -10.450000 -7.640000
v -6.114000 -10.450000 10.010000
v -5.614000 -10.450000 -7.605000
v -5.614000 -10.450000 -2.343000
v -5.614000 -10.450000 -1.271000
v -5.614000 -10.450000 9.294000
v -5.114000 -10.450000 -7.643000
v -5.114000 -10.450000 -2.581000
v -5.114000 -10.450000 -0.165000
v -5.114000 -10.450000 8.722000
v -4.614000 -10.450000 -7.811000
v -4.614000 -10.450000 -2.746000
v -4.614000 -10.450000 1.016000
v -4.614000 -10.450000 7.805000
v -4.114000 -10.450000 -7.902000
v -4.114000 -10.450000 -2.902000
v -4.114000 -10.450000 2.976000
v -4.114000 -10.450000 6.390000
v -3.614000 -10.450000 -7.951000
v -3.614000 -10.450000 -3.237000
v -3.114000 -10.450000 -8.033000
v -3.114000 -10.450000 -4.086000
v -2.614000 -10.450000 -7.951000
v -2.614000 -10.450000 -4.576000
v -2.114000 -10.450000 -7.638000
v -2.114000 -10.450000 -5.164000
v -8.614000 -9.072000 -8.862000
v -8.614000 -7.737000 -8.862000
v -8.114000 -9.488000 -8.862000
v -8.114000 -7.321000 -8.862000
v -7.614000 -9.601000 -8.862000
v -7.614000 -7.221000 -8.862000
v -7.114000 -9.695000 -8.862000
v -7.114000 -7.294000 -8.862000
v -6.614000 -9.596000 -8.862000
v -6.614000 -7.396000 -8.862000
v -6.114000 -9.191000 -8.862000
v -6.114000 -7.799000 -8.862000
v -6.614000 -10.624000 -4.862000
v -6.614000 -9.337000 -4.862000
v -6.114000 -11.970000 -4.862000
v -6.114000 -8.561000 -4.862000
v -5.614000 -12.310000 -4.862000
v -5.614000 -8.329000 -4.862000
v -5.114000 -12.566000 -4.862000
v -5.114000 -8.313000 -4.862000
v -4.614000 -12.655000 -4.862000
v -4.614000 -8.240000 -4.862000
v -4.114000 -12.524000 -4.862000
v -4.114000 -8.387000 -4.862000
v -3.614000 -12.137000 -4.862000
v -3.614000 -8.721000 -4.862000
v -3.114000 -11.676000 -4.862000
v -3.114000 -8.895000 -4.862000
v -2.614000 -11.156000 -4.862000
v -2.614000 -9.332000 -4.862000
v -9.114000 -12.539000 -0.862000
v -9.114000 -11.129000 -0.862000
v -8.614000 -13.385000 -0.862000
v -8.614000 -10.772000 -0.862000
v -8.114000 -13.876000 -0.862000
v -8.114000 -10.440000 -0.862000
v -7.614000 -14.371000 -0.862000
v -7.614000 -9.964000 -0.862000
v -7.114000 -14.722000 -0.862000
v -7.114000 -9.752000 -0.862000
v -6.614000 -14.824000 -0.862000
v -6.614000 -9.694000 -0.862000
v -6.114000 -14.806000 -0.862000
v -6.114000 -9.838000 -0.862000
v -5.614000 -14.707000 -0.862000
v -5.614000 -10.320000 -0.862000
v -5.114000 -14.360000 -0.862000
v -5.114000 -10.922000 -0.862000
v -9.114000 -11.831000 3.138000
v -9.114000 -10.991000 3.138000
v -8.614000 -12.354000 3.138000
v -8.614000 -10.596000 3.138000
v -8.114000 -12.943000 3.138000
v -8.114000 -10.275000 3.138000
v -7.614000 -13.467000 3.138000
v -7.614000 -9.922000 3.138000
v -7.114000 -13.789000 3.138000
v -7.114000 -9.364000 3.138000
v -6.614000 -14.000000 3.138000
v -6.614000 -9.105000 3.138000
v -6.114000 -14.127000 3.138000
v -6.114000 -9.042000 3.138000
v -5.614000 -14.036000 3.138000
v -5.614000 -9.158000 3.138000
v -5.114000 -13.647000 3.138000
v -5.114000 -9.478000 3.138000
v -4.614000 -12.757000 3.138000
v -4.614000 -9.841000 3.138000
v -4.114000 -12.138000 3.138000
v -4.114000 -10.288000 3.138000
v -10.614000 -11.881000 7.138000
v -10.614000 -9.925000 7.138000
v -10.114000 -12.199000 7.138000
v -10.114000 -9.607000 7.138000
v -9.614000 -12.464000 7.138000
v -9.614000 -9.493000 7.138000
v -9.114000 -12.877000 7.138000
v -9.114000 -9.395000 7.138000
v -8.614000 -13.475000 7.138000
v -8.614000 -9.312000 7.138000
v -8.114000 -14.080000 7.138000
v -8.114000 -9.316000 7.138000
v -7.614000 -14.610000 7.138000
v -7.614000 -9.243000 7.138000
v -7.114000 -15.105000 7.138000
v -7.114000 -9.242000 7.138000
v -6.614000 -15.542000 7.138000
v -6.614000 -9.162000 7.138000
v -6.114000 -15.678000 7.138000
v -6.114000 -9.067000 7.138000
v -5.614000 -15.535000 7.138000
v -5.614000 -9.155000 7.138000
v -5.114000 -15.041000 7.138000
v -5.114000 -9.512000 7.138000
v -4.614000 -13.072000 7.138000
v -4.614000 -9.966000 7.138000
v -8.114000 -15.667000 11.138000
v -8.114000 -14.196000 11.138000
v -8.114000 -9.742000 11.138000
v -8.114000 -9.229000 11.138000
v -7.614000 -16.076000 11.138000
v -7.614000 -13.662000 11.138000
v -7.614000 -10.074000 11.138000
v -7.614000 -8.896000 11.138000
v -7.114000 -16.179000 11.138000
v -7.114000 -13.562000 11.138000
v -7.114000 -10.062000 11.138000
v -7.114000 -8.766000 11.138000
v -6.614000 -16.113000 11.138000
v -6.614000 -13.581000 11.138000
v -6.614000 -9.863000 11.138000
v -6.614000 -8.965000 11.138000
v -6.114000 -15.854000 11.138000
v -6.114000 -13.816000 11.138000
v -7.248000 -13.950000 -2.862000
v -5.480000 -13.950000 -2.862000
v -7.567000 -13.950000 -2.362000
v -4.999000 -13.950000 -2.362000
v -7.749000 -13.950000 -1.862000
v -4.815000 -13.950000 -1.862000
v -8.029000 -13.950000 -1.362000
v -4.816000 -13.950000 -1.362000
v -8.037000 -13.950000 -0.862000
v -4.856000 -13.950000 -0.862000
v -7.778000 -13.950000 -0.362000
v -4.826000 -13.950000 -0.362000
v -7.615000 -13.950000 0.138000
v -4.814000 -13.950000 0.138000
v -7.328000 -13.950000 0.638000
v -4.979000 -13.950000 0.638000
v -7.100000 -13.950000 1.138000
v -5.104000 -13.950000 1.138000
v -6.999000 -13.950000 1.638000
v -5.149000 -13.950000 1.638000
v -6.756000 -13.950000 2.138000
v -5.432000 -13.950000 2.138000
v -6.518000 -13.950000 2.638000
v -5.628000 -13.950000 2.638000
v -6.730000 -13.950000 3.138000
v -5.446000 -13.950000 3.138000
v -6.993000 -13.950000 3.638000
v -5.153000 -13.950000 3.638000
v -7.047000 -13.950000 4.138000
v -5.136000 -13.950000 4.138000
v -7.060000 -13.950000 4.638000
v -5.152000 -13.950000 4.638000
v -7.095000 -13.950000 5.138000
v -5.110000 -13.950000 5.138000
v -7.339000 -13.950000 5.638000
v -4.951000 -13.950000 5.638000
v -7.681000 -13.950000 6.138000
v -4.793000 -13.950000 6.138000
v -8.003000 -13.950000 6.638000
v -4.788000 -13.950000 6.638000
v -8.203000 -13.950000 7.138000
v -4.743000 -13.950000 7.138000
v -8.375000 -13.950000 7.638000
v -4.726000 -13.950000 7.638000
v -8.438000 -13.950000 8.138000
v -4.727000 -13.950000 8.138000
v -8.429000 -13.950000 8.638000
v -4.710000 -13.950000 8.638000
v -8.409000 -13.950000 9.138000
v -4.694000 -13.950000 9.138000
v -8.220000 -13.950000 9.638000
v -4.868000 -13.950000 9.638000
v -8.015000 -13.950000 10.138000
v -5.260000 -13.950000 10.138000
v -7.899000 -13.950000 10.638000
v -5.575000 -13.950000 10.638000
v -7.972000 -13.950000 11.138000
v -5.977000 -13.950000 11.138000
v -8.091000 -13.950000 11.638000
v -6.177000 -13.950000 11.638000
v -8.044000 -13.950000 12.138000
v -6.233000 -13.950000 12.138000
v -7.693000 -13.950000 12.638000
v -6.584000 -13.950000 12.638000
v -7.762000 -9.950000 -7.862000
v -2.493000 -9.950000 -7.862000
v -8.047000 -9.950000 -7.362000
v -1.933000 -9.950000 -7.362000
v -8.054000 -9.950000 -6.862000
v -1.736000 -9.950000 -6.862000
v -7.933000 -9.950000 -6.362000
v -1.731000 -9.950000 -6.362000
v -7.714000 -9.950000 -5.862000
v -1.764000 -9.950000 -5.862000
v -7.154000 -9.950000 -5.362000
v -1.964000 -9.950000 -5.362000
v -6.746000 -9.950000 -4.862000
v -2.431000 -9.950000 -4.862000
v -6.445000 -9.950000 -4.362000
v -2.988000 -9.950000 -4.362000
v -6.193000 -9.950000 -3.862000
v -3.531000 -9.950000 -3.862000
v -5.745000 -9.950000 -3.362000
v -3.948000 -9.950000 -3.362000
v -7.598000 -9.950000 -0.862000
v -5.950000 -9.950000 -0.862000
v -8.256000 -9.950000 -0.362000
v -5.531000 -9.950000 -0.362000
v -8.771000 -9.950000 0.138000
v -5.057000 -9.950000 0.138000
v -9.340000 -9.950000 0.638000
v -4.848000 -9.950000 0.638000
v -9.607000 -9.950000 1.138000
v -4.804000 -9.950000 1.138000
v -9.588000 -9.950000 1.638000
v -4.695000 -9.950000 1.638000
v -9.256000 -9.950000 2.138000
v -4.629000 -9.950000 2.138000
v -8.278000 -9.950000 2.638000
v -4.600000 -9.950000 2.638000
v -7.641000 -9.950000 3.138000
v -4.443000 -9.950000 3.138000
v -7.309000 -9.950000 3.638000
v -4.182000 -9.950000 3.638000
v -6.840000 -9.950000 4.138000
v -4.186000 -9.950000 4.138000
v -6.675000 -9.950000 4.638000
v -4.155000 -9.950000 4.638000
v -10.261000 -9.950000 5.138000
v -9.040000 -9.950000 5.138000
v -6.659000 -9.950000 5.138000
v -4.176000 -9.950000 5.138000
v -10.591000 -9.950000 5.638000
v -8.670000 -9.950000 5.638000
v -6.743000 -9.950000 5.638000
v -4.478000 -9.950000 5.638000
v -10.600000 -9.950000 6.138000
v -7.838000 -9.950000 6.138000
v -7.355000 -9.950000 6.138000
v -4.612000 -9.950000 6.138000
v -10.633000 -9.950000 6.638000
v -4.613000 -9.950000 6.638000
v -10.639000 -9.950000 7.138000
v -4.628000 -9.950000 7.138000
v -10.354000 -9.950000 7.638000
v -4.718000 -9.950000 7.638000
v -10.046000 -9.950000 8.138000
v -4.843000 -9.950000 8.138000
v -9.906000 -9.950000 8.638000
v -4.911000 -9.950000 8.638000
v -9.677000 -9.950000 9.138000
v -5.059000 -9.950000 9.138000
v -9.413000 -9.950000 9.638000
v -5.198000 -9.950000 9.638000
v -9.201000 -9.950000 10.138000
v -5.502000 -9.950000 10.138000
v -8.748000 -9.950000 10.638000
v -6.018000 -9.950000 10.638000
v -7.946000 -9.950000 11.138000
v -6.718000 -9.950000 11.138000
v -8.114000 -13.950000 6.943000
v -8.114000 -13.950000 9.876000
v -7.614000 -13.950000 -2.188000
v -7.614000 -13.950000 0.140000
v -7.614000 -13.950000 6.051000
v -7.614000 -13.950000 12.689000
v -7.114000 -13.950000 -2.953000
v -7.114000 -13.950000 1.079000
v -7.114000 -13.950000 5.217000
v -7.114000 -13.950000 12.818000
v -6.614000 -13.950000 -3.070000
v -6.614000 -13.950000 2.327000
v -6.614000 -13.950000 2.973000
v -6.614000 -13.950000 12.659000
v -6.114000 -13.950000 -3.109000
v -6.114000 -13.950000 11.406000
v -5.614000 -13.950000 -2.953000
v -5.614000 -13.950000 2.522000
v -5.614000 -13.950000 2.775000
v -5.614000 -13.950000 10.689000
v -5.114000 -13.950000 -2.544000
v -5.114000 -13.950000 1.273000
v -5.114000 -13.950000 5.110000
v -5.114000 -13.950000 9.970000
v -10.614000 -9.950000 6.558000
v -10.614000 -9.950000 7.225000
v -10.114000 -9.950000 5.041000
v -10.114000 -9.950000 7.970000
v -9.614000 -9.950000 4.926000
v -9.614000 -9.950000 9.233000
v -9.114000 -9.950000 0.462000
v -9.114000 -9.950000 2.235000
v -9.114000 -9.950000 5.086000
v -9.114000 -9.950000 10.255000
v -8.614000 -9.950000 -0.030000
v -8.614000 -9.950000 2.427000
v -8.614000 -9.950000 5.705000
v -8.614000 -9.950000 10.752000
v -8.114000 -9.950000 -0.497000
v -8.114000 -9.950000 2.738000
v -8.114000 -9.950000 6.025000
v -8.114000 -9.950000 11.077000
v -7.614000 -9.950000 -7.982000
v -7.614000 -9.950000 -5.738000
v -7.614000 -9.950000 -0.853000
v -7.614000 -9.950000 3.177000
v -7.614000 -9.950000 6.169000
v -7.614000 -9.950000 11.188000
v -7.114000 -9.950000 -8.180000
v -7.114000 -9.950000 -5.326000
v -7.114000 -9.950000 -1.101000
v -7.114000 -9.950000 3.830000
v -7.114000 -9.950000 6.036000
v -7.114000 -9.950000 11.190000
v -6.614000 -9.950000 -8.173000
v -6.614000 -9.950000 -4.663000
v -6.614000 -9.950000 -1.218000
v -6.614000 -9.950000 11.102000
v -6.114000 -9.950000 -8.090000
v -6.114000 -9.950000 -3.750000
v -6.114000 -9.950000 -1.009000
v -6.114000 -9.950000 10.754000
v -5.614000 -9.950000 -7.975000
v -5.614000 -9.950000 -3.263000
v -5.614000 -9.950000 -0.473000
v -5.614000 -9.950000 10.228000
v -5.114000 -9.950000 -7.909000
v -5.114000 -9.950000 -3.122000
v -5.114000 -9.950000 0.061000
v -5.114000 -9.950000 9.322000
v -4.614000 -9.950000 -7.928000
v -4.614000 -9.950000 -3.141000
v -4.614000 -9.950000 2.205000
v -4.614000 -9.950000 7.041000
v -4.114000 -9.950000 -7.987000
v -4.114000 -9.950000 -3.253000
v -3.614000 -9.950000 -7.990000
v -3.614000 -9.950000 -3.752000
v -3.114000 -9.950000 -8.007000
v -3.114000 -9.950000 -4.263000
v -2.614000 -9.950000 -7.915000
v -2.614000 -9.950000 -4.651000
v -2.114000 -9.950000 -7.589000
v -2.114000 -9.950000 -5.170000
v -8.614000 -9.376000 -8.362000
v -8.614000 -7.434000 -8.362000
v -8.114000 -9.697000 -8.362000
v -8.114000 -7.112000 -8.362000
v -7.614000 -9.799000 -8.362000
v -7.614000 -7.027000 -8.362000
v -7.114000 -9.885000 -8.362000
v -7.114000 -7.105000 -8.362000
v -6.614000 -9.839000 -8.362000
v -6.614000 -7.187000 -8.362000
v -6.114000 -9.687000 -8.362000
v -6.114000 -7.346000 -8.362000
v -5.614000 -9.249000 -8.362000
v -5.614000 -7.778000 -8.362000
v -6.114000 -12.538000 -4.362000
v -6.114000 -9.273000 -4.362000
v -5.614000 -12.750000 -4.362000
v -5.614000 -8.856000 -4.362000
v -5.114000 -12.827000 -4.362000
v -5.114000 -8.758000 -4.362000
v -4.614000 -12.845000 -4.362000
v -4.614000 -8.753000 -4.362000
v -4.114000 -12.732000 -4.362000
v -4.114000 -8.870000 -4.362000
v -3.614000 -12.365000 -4.362000
v -3.614000 -9.202000 -4.362000
v -3.114000 -11.427000 -4.362000
v -3.114000 -9.652000 -4.362000
v -9.614000 -12.158000 -0.362000
v -9.614000 -10.833000 -0.362000
v -9.114000 -12.859000 -0.362000
v -9.114000 -10.426000 -0.362000
v -8.614000 -13.392000 -0.362000
v -8.614000 -10.241000 -0.362000
v -8.114000 -13.747000 -0.362000
v -8.114000 -9.758000 -0.362000
v -7.614000 -14.096000 -0.362000
v -7.614000 -9.347000 -0.362000
v -7.114000 -14.536000 -0.362000
v -7.114000 -9.248000 -0.362000
v -6.614000 -14.753000 -0.362000
v -6.614000 -9.235000 -0.362000
v -6.114000 -14.826000 -0.362000
v -6.114000 -9.358000 -0.362000
v -5.614000 -14.732000 -0.362000
v -5.614000 -9.804000 -0.362000
v -5.114000 -14.399000 -0.362000
v -5.114000 -10.693000 -0.362000
v -9.114000 -11.878000 3.638000
v -9.114000 -10.974000 3.638000
v -8.614000 -12.344000 3.638000
v -8.614000 -10.702000 3.638000
v -8.114000 -12.965000 3.638000
v -8.114000 -10.455000 3.638000
v -7.614000 -13.454000 3.638000
v -7.614000 -10.163000 3.638000
v -7.114000 -13.852000 3.638000
v -7.114000 -9.775000 3.638000
v -6.614000 -14.192000 3.638000
v -6.614000 -9.370000 3.638000
v -6.114000 -14.303000 3.638000
v -6.114000 -9.265000 3.638000
v -5.614000 -14.225000 3.638000
v -5.614000 -9.364000 3.638000
v -5.114000 -13.914000 3.638000
v -5.114000 -9.531000 3.638000
v -4.614000 -13.102000 3.638000
v -4.614000 -9.687000 3.638000
v -4.114000 -12.541000 3.638000
v -4.114000 -10.016000 3.638000
v -3.614000 -12.081000 3.638000
v -3.614000 -10.779000 3.638000
v -10.614000 -11.588000 7.638000
v -10.614000 -10.219000 7.638000
v -10.114000 -12.038000 7.638000
v -10.114000 -9.782000 7.638000
v -9.614000 -12.420000 7.638000
v -9.614000 -9.507000 7.638000
v -9.114000 -12.901000 7.638000
v -9.114000 -9.226000 7.638000
v -8.614000 -13.495000 7.638000
v -8.614000 -9.112000 7.638000
v -8.114000 -14.390000 7.638000
v -8.114000 -9.076000 7.638000
v -7.614000 -14.904000 7.638000
v -7.614000 -8.979000 7.638000
v -7.114000 -15.615000 7.638000
v -7.114000 -8.954000 7.638000
v -6.614000 -16.048000 7.638000
v -6.614000 -8.921000 7.638000
v -6.114000 -16.160000 7.638000
v -6.114000 -8.799000 7.638000
v -5.614000 -16.056000 7.638000
v -5.614000 -8.807000 7.638000
v -5.114000 -15.642000 7.638000
v -5.114000 -9.252000 7.638000
v -4.614000 -13.004000 7.638000
v -4.614000 -10.184000 7.638000
v -8.114000 -15.961000 11.638000
v -8.114000 -13.976000 11.638000
v -7.614000 -16.280000 11.638000
v -7.614000 -13.628000 11.638000
v -7.114000 -16.365000 11.638000
v -7.114000 -13.586000 11.638000
v -6.614000 -16.261000 11.638000
v -6.614000 -13.686000 11.638000
v -6.114000 -15.909000 11.638000
v -6.114000 -14.013000 11.638000
v -7.060000 -13.450000 -3.362000
v -5.039000 -13.450000 -3.362000
v -7.725000 -13.450000 -2.862000
v -4.700000 -13.450000 -2.862000
v -7.932000 -13.450000 -2.362000
v -4.654000 -13.450000 -2.362000
v -8.162000 -13.450000 -1.862000
v -4.675000 -13.450000 -1.862000
v -8.391000 -13.450000 -1.362000
v -4.736000 -13.450000 -1.362000
v -8.551000 -13.450000 -0.862000
v -4.754000 -13.450000 -0.862000
v -8.558000 -13.450000 -0.362000
v -4.728000 -13.450000 -0.362000
v -8.261000 -13.450000 0.138000
v -4.720000 -13.450000 0.138000
v -7.813000 -13.450000 0.638000
v -4.789000 -13.450000 0.638000
v -7.589000 -13.450000 1.138000
v -4.791000 -13.450000 1.138000
v -7.610000 -13.450000 1.638000
v -4.799000 -13.450000 1.638000
v -7.624000 -13.450000 2.138000
v -4.984000 -13.450000 2.138000
v -7.589000 -13.450000 2.638000
v -5.087000 -13.450000 2.638000
v -7.631000 -13.450000 3.138000
v -4.992000 -13.450000 3.138000
v -7.617000 -13.450000 3.638000
v -4.802000 -13.450000 3.638000
v -7.567000 -13.450000 4.138000
v -4.705000 -13.450000 4.138000
v -7.567000 -13.450000 4.638000
v -4.626000 -13.450000 4.638000
v -7.777000 -13.450000 5.138000
v -4.618000 -13.450000 5.138000
v -8.074000 -13.450000 5.638000
v -4.638000 -13.450000 5.638000
v -8.278000 -13.450000 6.138000
v -4.574000 -13.450000 6.138000
v -8.539000 -13.450000 6.638000
v -4.645000 -13.450000 6.638000
v -8.638000 -13.450000 7.138000
v -4.706000 -13.450000 7.138000
v -8.647000 -13.450000 7.638000
v -4.727000 -13.450000 7.638000
v -8.657000 -13.450000 8.138000
v -4.720000 -13.450000 8.138000
v -8.637000 -13.450000 8.638000
v -4.749000 -13.450000 8.638000
v -8.593000 -13.450000 9.138000
v -4.799000 -13.450000 9.138000
v -8.380000 -13.450000 9.638000
v -4.989000 -13.450000 9.638000
v -7.995000 -13.450000 10.138000
v -5.521000 -13.450000 10.138000
v -7.482000 -13.450000 10.638000
v -6.057000 -13.450000 10.638000
v -8.192000 -9.450000 -8.862000
v -6.366000 -9.450000 -8.862000
v -8.534000 -9.450000 -8.362000
v -5.760000 -9.450000 -8.362000
v -8.552000 -9.450000 -7.862000
v -2.477000 -9.450000 -7.862000
v -8.521000 -9.450000 -7.362000
v -1.953000 -9.450000 -7.362000
v -8.392000 -9.450000 -6.862000
v -1.767000 -9.450000 -6.862000
v -8.181000 -9.450000 -6.362000
v -1.773000 -9.450000 -6.362000
v -7.832000 -9.450000 -5.862000
v -1.869000 -9.450000 -5.862000
v -7.274000 -9.450000 -5.362000
v -2.091000 -9.450000 -5.362000
v -6.661000 -9.450000 -4.862000
v -2.549000 -9.450000 -4.862000
v -6.212000 -9.450000 -4.362000
v -3.292000 -9.450000 -4.362000
v -5.700000 -9.450000 -3.862000
v -3.983000 -9.450000 -3.862000
v -7.803000 -9.450000 -0.362000
v -5.955000 -9.450000 -0.362000
v -8.264000 -9.450000 0.138000
v -5.491000 -9.450000 0.138000
v -8.553000 -9.450000 0.638000
v -5.183000 -9.450000 0.638000
v -8.700000 -9.450000 1.138000
v -5.108000 -9.450000 1.138000
v -8.679000 -9.450000 1.638000
v -5.071000 -9.450000 1.638000
v -8.360000 -9.450000 2.138000
v -5.109000 -9.450000 2.138000
v -7.723000 -9.450000 2.638000
v -5.150000 -9.450000 2.638000
v -7.203000 -9.450000 3.138000
v -5.151000 -9.450000 3.138000
v -6.762000 -9.450000 3.638000
v -5.370000 -9.450000 3.638000
v -6.702000 -9.450000 6.638000
v -5.425000 -9.450000 6.638000
v -9.395000 -9.450000 7.138000
v -5.177000 -9.450000 7.138000
v -9.516000 -9.450000 7.638000
v -4.999000 -9.450000 7.638000
v -9.588000 -9.450000 8.138000
v -4.834000 -9.450000 8.138000
v -9.569000 -9.450000 8.638000
v -4.703000 -9.450000 8.638000
v -9.297000 -9.450000 9.138000
v -4.598000 -9.450000 9.138000
v -9.103000 -9.450000 9.638000
v -4.620000 -9.450000 9.638000
v -8.989000 -9.450000 10.138000
v -4.938000 -9.450000 10.138000
v -8.752000 -9.450000 10.638000
v -5.668000 -9.450000 10.638000
v -8.172000 -9.450000 11.138000
v -6.435000 -9.450000 11.138000
v -8.614000 -13.450000 7.047000
v -8.614000 -13.450000 8.954000
v -8.114000 -13.450000 -1.936000
v -8.114000 -13.450000 0.263000
v -8.114000 -13.450000 5.797000
v -8.114000 -13.450000 9.991000
v -7.614000 -13.450000 -3.003000
v -7.614000 -13.450000 1.028000
v -7.614000 -13.450000 1.656000
v -7.614000 -13.450000 2.180000
v -7.614000 -13.450000 3.000000
v -7.614000 -13.450000 3.656000
v -7.614000 -13.450000 4.835000
v -7.614000 -13.450000 10.527000
v -7.114000 -13.450000 -3.342000
v -7.114000 -13.450000 10.825000
v -6.614000 -13.450000 -3.545000
v -6.614000 -13.450000 10.863000
v -6.114000 -13.450000 -3.671000
v -6.114000 -13.450000 10.676000
v -5.614000 -13.450000 -3.564000
v -5.614000 -13.450000 10.213000
v -5.114000 -13.450000 -3.414000
v -5.114000 -13.450000 9.802000
v -4.614000 -13.450000 5.839000
v -4.614000 -13.450000 6.466000
v -9.114000 -9.450000 6.998000
v -9.114000 -9.450000 9.587000
v -8.614000 -9.450000 0.811000
v -8.614000 -9.450000 1.782000
v -8.614000 -9.450000 6.887000
v -8.614000 -9.450000 10.814000
v -8.114000 -9.450000 -8.914000
v -8.114000 -9.450000 -6.271000
v -8.114000 -9.450000 -0.023000
v -8.114000 -9.450000 2.334000
v -8.114000 -9.450000 6.918000
v -8.114000 -9.450000 11.163000
v -7.614000 -9.450000 -9.058000
v -7.614000 -9.450000 -5.600000
v -7.614000 -9.450000 -0.485000
v -7.614000 -9.450000 2.754000
v -7.614000 -9.450000 6.875000
v -7.614000 -9.450000 11.267000
v -7.114000 -9.450000 -9.163000
v -7.114000 -9.450000 -5.268000
v -7.114000 -9.450000 -0.592000
v -7.114000 -9.450000 3.232000
v -7.114000 -9.450000 6.846000
v -7.114000 -9.450000 11.296000
v -6.614000 -9.450000 -9.046000
v -6.614000 -9.450000 -4.807000
v -6.614000 -9.450000 -0.636000
v -6.614000 -9.450000 3.737000
v -6.614000 -9.450000 6.582000
v -6.614000 -9.450000 11.216000
v -6.114000 -9.450000 -8.604000
v -6.114000 -9.450000 -4.237000
v -6.114000 -9.450000 -0.486000
v -6.114000 -9.450000 3.967000
v -6.114000 -9.450000 6.332000
v -6.114000 -9.450000 10.915000
v -5.614000 -9.450000 -8.287000
v -5.614000 -9.450000 -3.813000
v -5.614000 -9.450000 0.019000
v -5.614000 -9.450000 3.838000
v -5.614000 -9.450000 6.383000
v -5.614000 -9.450000 10.612000
v -5.114000 -9.450000 -8.062000
v -5.114000 -9.450000 -3.690000
v -5.114000 -9.450000 1.063000
v -5.114000 -9.450000 2.157000
v -5.114000 -9.450000 7.312000
v -5.114000 -9.450000 10.284000
v -4.614000 -9.450000 -7.999000
v -4.614000 -9.450000 -3.617000
v -4.614000 -9.450000 9.023000
v -4.614000 -9.450000 9.613000
v -4.114000 -9.450000 -8.049000
v -4.114000 -9.450000 -3.768000
v -3.614000 -9.450000 -8.055000
v -3.614000 -9.450000 -4.185000
v -3.114000 -9.450000 -8.033000
v -3.114000 -9.450000 -4.436000
v -2.614000 -9.450000 -7.928000
v -2.614000 -9.450000 -4.783000
v -2.114000 -9.450000 -7.577000
v -2.114000 -9.450000 -5.331000
v -8.614000 -9.392000 -7.862000
v -8.614000 -7.429000 -7.862000
v -8.114000 -9.757000 -7.862000
v -8.114000 -7.107000 -7.862000
v -7.614000 -10.015000 -7.862000
v -7.614000 -7.020000 -7.862000
v -7.114000 -10.130000 -7.862000
v -7.114000 -7.016000 -7.862000
v -6.614000 -10.178000 -7.862000
v -6.614000 -7.044000 -7.862000
v -6.114000 -10.174000 -7.862000
v -6.114000 -7.135000 -7.862000
v -5.614000 -10.116000 -7.862000
v -5.614000 -7.466000 -7.862000
v -5.114000 -10.056000 -7.862000
v -5.114000 -8.029000 -7.862000
v -4.614000 -10.292000 -7.862000
v -4.614000 -8.567000 -7.862000
v -4.114000 -10.553000 -7.862000
v -4.114000 -8.715000 -7.862000
v -3.614000 -10.895000 -7.862000
v -3.614000 -8.753000 -7.862000
v -3.114000 -11.148000 -7.862000
v -3.114000 -8.744000 -7.862000
v -2.614000 -10.951000 -7.862000
v -2.614000 -9.007000 -7.862000
v -6.614000 -13.003000 -3.862000
v -6.614000 -11.074000 -3.862000
v -6.114000 -13.210000 -3.862000
v -6.114000 -9.825000 -3.862000
v -5.614000 -13.199000 -3.862000
v -5.614000 -9.403000 -3.862000
v -5.114000 -13.110000 -3.862000
v -5.114000 -9.284000 -3.862000
v -4.614000 -13.002000 -3.862000
v -4.614000 -9.237000 -3.862000
v -4.114000 -12.761000 -3.862000
v -4.114000 -9.369000 -3.862000
v -3.614000 -12.356000 -3.862000
v -3.614000 -9.834000 -3.862000
v -9.614000 -12.480000 0.138000
v -9.614000 -10.512000 0.138000
v -9.114000 -12.872000 0.138000
v -9.114000 -10.174000 0.138000
v -8.614000 -13.224000 0.138000
v -8.614000 -9.798000 0.138000
v -8.114000 -13.540000 0.138000
v -8.114000 -9.269000 0.138000
v -7.614000 -13.951000 0.138000
v -7.614000 -8.874000 0.138000
v -7.114000 -14.399000 0.138000
v -7.114000 -8.777000 0.138000
v -6.614000 -14.738000 0.138000
v -6.614000 -8.763000 0.138000
v -6.114000 -14.835000 0.138000
v -6.114000 -8.886000 0.138000
v -5.614000 -14.745000 0.138000
v -5.614000 -9.321000 0.138000
v -5.114000 -14.417000 0.138000
v -5.114000 -9.846000 0.138000
v -9.614000 -11.789000 4.138000
v -9.614000 -10.987000 4.138000
v -9.114000 -12.203000 4.138000
v -9.114000 -10.635000 4.138000
v -8.614000 -12.546000 4.138000
v -8.614000 -10.561000 4.138000
v -8.114000 -12.949000 4.138000
v -8.114000 -10.445000 4.138000
v -7.614000 -13.402000 4.138000
v -7.614000 -10.358000 4.138000
v -7.114000 -13.887000 4.138000
v -7.114000 -10.167000 4.138000
v -6.614000 -14.217000 4.138000
v -6.614000 -9.732000 4.138000
v -6.114000 -14.317000 4.138000
v -6.114000 -9.516000 4.138000
v -5.614000 -14.238000 4.138000
v -5.614000 -9.528000 4.138000
v -5.114000 -13.930000 4.138000
v -5.114000 -9.580000 4.138000
v -4.614000 -13.354000 4.138000
v -4.614000 -9.685000 4.138000
v -4.114000 -12.835000 4.138000
v -4.114000 -10.020000 4.138000
v -3.614000 -12.387000 4.138000
v -3.614000 -10.474000 4.138000
v -10.114000 -11.839000 8.138000
v -10.114000 -10.022000 8.138000
v -9.614000 -12.415000 8.138000
v -9.614000 -9.475000 8.138000
v -9.114000 -12.936000 8.138000
v -9.114000 -9.150000 8.138000
v -8.614000 -13.526000 8.138000
v -8.614000 -8.991000 8.138000
v -8.114000 -14.428000 8.138000
v -8.114000 -8.750000 8.138000
v -7.614000 -15.120000 8.138000
v -7.614000 -8.464000 8.138000
v -7.114000 -15.901000 8.138000
v -7.114000 -8.305000 8.138000
v -6.614000 -16.241000 8.138000
v -6.614000 -8.356000 8.138000
v -6.114000 -16.338000 8.138000
v -6.114000 -8.074000 8.138000
v -5.614000 -16.248000 8.138000
v -5.614000 -7.815000 8.138000
v -5.114000 -15.920000 8.138000
v -5.114000 -8.015000 8.138000
v -4.614000 -12.723000 8.138000
v -4.614000 -10.826000 8.138000
v -8.114000 -15.954000 12.138000
v -8.114000 -14.016000 12.138000
v -7.614000 -16.275000 12.138000
v -7.614000 -13.695000 12.138000
v -7.114000 -16.360000 12.138000
v -7.114000 -13.610000 12.138000
v -6.614000 -16.256000 12.138000
v -6.614000 -13.714000 12.138000
v -6.114000 -15.902000 12.138000
v -6.114000 -14.068000 12.138000
v -6.664000 -12.950000 -3.862000
v -4.481000 -12.950000 -3.862000
v -7.344000 -12.950000 -3.362000
v -4.224000 -12.950000 -3.362000
v -7.853000 -12.950000 -2.862000
v -4.217000 -12.950000 -2.862000
v -8.045000 -12.950000 -2.362000
v -4.334000 -12.950000 -2.362000
v -8.287000 -12.950000 -1.862000
v -4.532000 -12.950000 -1.862000
v -8.660000 -12.950000 -1.362000
v -4.700000 -12.950000 -1.362000
v -8.886000 -12.950000 -0.862000
v -4.710000 -12.950000 -0.862000
v -9.025000 -12.950000 -0.362000
v -4.699000 -12.950000 -0.362000
v -9.018000 -12.950000 0.138000
v -4.737000 -12.950000 0.138000
v -8.738000 -12.950000 0.638000
v -4.740000 -12.950000 0.638000
v -8.349000 -12.950000 1.138000
v -4.695000 -12.950000 1.138000
v -8.232000 -12.950000 1.638000
v -4.694000 -12.950000 1.638000
v -8.123000 -12.950000 2.138000
v -4.798000 -12.950000 2.138000
v -8.080000 -12.950000 2.638000
v -4.796000 -12.950000 2.638000
v -8.107000 -12.950000 3.138000
v -4.732000 -12.950000 3.138000
v -8.128000 -12.950000 3.638000
v -4.505000 -12.950000 3.638000
v -8.113000 -12.950000 4.138000
v -4.232000 -12.950000 4.138000
v -8.261000 -12.950000 4.638000
v -4.187000 -12.950000 4.638000
v -8.581000 -12.950000 5.138000
v -4.170000 -12.950000 5.138000
v -8.898000 -12.950000 5.638000
v -4.130000 -12.950000 5.638000
v -9.165000 -12.950000 6.138000
v -4.128000 -12.950000 6.138000
v -9.062000 -12.950000 6.638000
v -4.351000 -12.950000 6.638000
v -9.037000 -12.950000 7.138000
v -4.561000 -12.950000 7.138000
v -9.062000 -12.950000 7.638000
v -4.592000 -12.950000 7.638000
v -9.100000 -12.950000 8.138000
v -4.674000 -12.950000 8.138000
v -9.077000 -12.950000 8.638000
v -4.814000 -12.950000 8.638000
v -8.998000 -12.950000 9.138000
v -5.050000 -12.950000 9.138000
v -8.758000 -12.950000 9.638000
v -5.437000 -12.950000 9.638000
v -8.169000 -12.950000 10.138000
v -6.493000 -12.950000 10.138000
v -7.964000 -8.950000 -9.362000
v -6.583000 -8.950000 -9.362000
v -8.687000 -8.950000 -8.862000
v -5.981000 -8.950000 -8.862000
v -8.901000 -8.950000 -8.362000
v -5.487000 -8.950000 -8.362000
v -8.910000 -8.950000 -7.862000
v -2.662000 -8.950000 -7.862000
v -8.881000 -8.950000 -7.362000
v -2.046000 -8.950000 -7.362000
v -8.645000 -8.950000 -6.862000
v -1.847000 -8.950000 -6.862000
v -8.290000 -8.950000 -6.362000
v -1.855000 -8.950000 -6.362000
v -7.805000 -8.950000 -5.862000
v -2.075000 -8.950000 -5.862000
v -7.255000 -8.950000 -5.362000
v -2.551000 -8.950000 -5.362000
v -6.362000 -8.950000 -4.862000
v -3.007000 -8.950000 -4.862000
v -5.789000 -8.950000 -4.362000
v -3.963000 -8.950000 -4.362000
v -7.766000 -8.950000 0.138000
v -6.002000 -8.950000 0.138000
v -8.093000 -8.950000 0.638000
v -5.515000 -8.950000 0.638000
v -8.095000 -8.950000 1.138000
v -5.292000 -8.950000 1.138000
v -8.039000 -8.950000 1.638000
v -5.280000 -8.950000 1.638000
v -7.772000 -8.950000 2.138000
v -5.444000 -8.950000 2.138000
v -7.252000 -8.950000 2.638000
v -5.721000 -8.950000 2.638000
v -6.831000 -8.950000 7.638000
v -5.369000 -8.950000 7.638000
v -8.521000 -8.950000 8.138000
v -4.859000 -8.950000 8.138000
v -8.809000 -8.950000 8.638000
v -4.492000 -8.950000 8.638000
v -8.881000 -8.950000 9.138000
v -4.292000 -8.950000 9.138000
v -8.866000 -8.950000 9.638000
v -4.298000 -8.950000 9.638000
v -8.848000 -8.950000 10.138000
v -4.516000 -8.950000 10.138000
v -8.623000 -8.950000 10.638000
v -5.223000 -8.950000 10.638000
v -7.832000 -8.950000 11.138000
v -6.629000 -8.950000 11.138000
v -9.114000 -12.950000 5.867000
v -9.114000 -12.950000 6.436000
v -8.614000 -12.950000 -1.423000
v -8.614000 -12.950000 0.750000
v -8.614000 -12.950000 5.223000
v -8.614000 -12.950000 9.811000
v -8.114000 -12.950000 -2.171000
v -8.114000 -12.950000 2.172000
v -8.114000 -12.950000 3.173000
v -8.114000 -12.950000 3.707000
v -8.114000 -12.950000 4.145000
v -8.114000 -12.950000 10.164000
v -7.614000 -12.950000 -3.156000
v -7.614000 -12.950000 10.299000
v -7.114000 -12.950000 -3.542000
v -7.114000 -12.950000 10.311000
v -6.614000 -12.950000 -3.884000
v -6.614000 -12.950000 10.193000
v -6.114000 -12.950000 -4.068000
v -6.114000 -12.950000 9.937000
v -5.614000 -12.950000 -4.169000
v -5.614000 -12.950000 9.766000
v -5.114000 -12.950000 -4.116000
v -5.114000 -12.950000 9.242000
v -4.614000 -12.950000 -3.992000
v -4.614000 -12.950000 -1.681000
v -4.614000 -12.950000 3.461000
v -4.614000 -12.950000 7.860000
v -8.614000 -8.950000 -8.956000
v -8.614000 -8.950000 -6.823000
v -8.614000 -8.950000 8.260000
v -8.614000 -8.950000 10.649000
v -8.114000 -8.950000 -9.313000
v -8.114000 -8.950000 -6.135000
v -8.114000 -8.950000 7.868000
v -8.114000 -8.950000 11.048000
v -7.614000 -8.950000 -9.406000
v -7.614000 -8.950000 -5.649000
v -7.614000 -8.950000 0.037000
v -7.614000 -8.950000 2.299000
v -7.614000 -8.950000 7.680000
v -7.614000 -8.950000 11.161000
v -7.114000 -8.950000 -9.463000
v -7.114000 -8.950000 -5.293000
v -7.114000 -8.950000 -0.075000
v -7.114000 -8.950000 2.727000
v -7.114000 -8.950000 7.642000
v -7.114000 -8.950000 11.218000
v -6.614000 -8.950000 -9.375000
v -6.614000 -8.950000 -5.041000
v -6.614000 -8.950000 -0.062000
v -6.614000 -8.950000 2.909000
v -6.614000 -8.950000 7.591000
v -6.614000 -8.950000 11.132000
v -6.114000 -8.950000 -9.033000
v -6.114000 -8.950000 -4.644000
v -6.114000 -8.950000 0.066000
v -6.114000 -8.950000 2.936000
v -6.114000 -8.950000 7.400000
v -6.114000 -8.950000 10.896000
v -5.614000 -8.950000 -8.466000
v -5.614000 -8.950000 -4.247000
v -5.614000 -8.950000 0.511000
v -5.614000 -8.950000 2.478000
v -5.614000 -8.950000 7.481000
v -5.614000 -8.950000 10.734000
v -5.114000 -8.950000 -8.131000
v -5.114000 -8.950000 -4.134000
v -5.114000 -8.950000 7.864000
v -5.114000 -8.950000 10.601000
v -4.614000 -8.950000 -7.987000
v -4.614000 -8.950000 -4.127000
v -4.614000 -8.950000 8.445000
v -4.614000 -8.950000 10.259000
v -4.114000 -8.950000 -7.970000
v -4.114000 -8.950000 -4.255000
v -3.614000 -8.950000 -7.958000
v -3.614000 -8.950000 -4.613000
v -3.114000 -8.950000 -7.954000
v -3.114000 -8.950000 -4.794000
v -2.614000 -8.950000 -7.842000
v -2.614000 -8.950000 -5.301000
v -2.114000 -8.950000 -7.456000
v -2.114000 -8.950000 -5.809000
v -8.614000 -9.358000 -7.362000
v -8.614000 -7.476000 -7.362000
v -8.114000 -9.883000 -7.362000
v -8.114000 -7.140000 -7.362000
v -7.614000 -10.244000 -7.362000
v -7.614000 -7.047000 -7.362000
v -7.114000 -10.530000 -7.362000
v -7.114000 -7.033000 -7.362000
v -6.614000 -10.625000 -7.362000
v -6.614000 -7.045000 -7.362000
v -6.114000 -10.679000 -7.362000
v -6.114000 -7.136000 -7.362000
v -5.614000 -10.656000 -7.362000
v -5.614000 -7.423000 -7.362000
v -5.114000 -10.758000 -7.362000
v -5.114000 -7.692000 -7.362000
v -4.614000 -11.036000 -7.362000
v -4.614000 -7.898000 -7.362000
v -4.114000 -11.220000 -7.362000
v -4.114000 -8.166000 -7.362000
v -3.614000 -11.551000 -7.362000
v -3.614000 -8.253000 -7.362000
v -3.114000 -11.672000 -7.362000
v -3.114000 -8.219000 -7.362000
v -2.614000 -11.574000 -7.362000
v -2.614000 -8.344000 -7.362000
v -2.114000 -11.169000 -7.362000
v -2.114000 -8.813000 -7.362000
v -7.114000 -13.405000 -3.362000
v -7.114000 -11.691000 -3.362000
v -6.614000 -13.642000 -3.362000
v -6.614000 -10.962000 -3.362000
v -6.114000 -13.704000 -3.362000
v -6.114000 -10.260000 -3.362000
v -5.614000 -13.606000 -3.362000
v -5.614000 -9.876000 -3.362000
v -5.114000 -13.488000 -3.362000
v -5.114000 -9.746000 -3.362000
v -4.614000 -13.208000 -3.362000
v -4.614000 -9.743000 -3.362000
v -4.114000 -12.838000 -3.362000
v -4.114000 -9.861000 -3.362000
v -3.614000 -12.038000 -3.362000
v -3.614000 -10.270000 -3.362000
v -9.614000 -12.494000 0.638000
v -9.614000 -10.240000 0.638000
v -9.114000 -12.801000 0.638000
v -9.114000 -9.814000 0.638000
v -8.614000 -13.001000 0.638000
v -8.614000 -9.500000 0.638000
v -8.114000 -13.243000 0.638000
v -8.114000 -8.970000 0.638000
v -7.614000 -13.653000 0.638000
v -7.614000 -8.649000 0.638000
v -7.114000 -14.142000 0.638000
v -7.114000 -8.367000 0.638000
v -6.614000 -14.550000 0.638000
v -6.614000 -8.241000 0.638000
v -6.114000 -14.661000 0.638000
v -6.114000 -8.341000 0.638000
v -5.614000 -14.557000 0.638000
v -5.614000 -8.769000 0.638000
v -5.114000 -14.158000 0.638000
v -5.114000 -9.532000 0.638000
v -10.114000 -11.913000 4.638000
v -10.114000 -10.543000 4.638000
v -9.614000 -12.440000 4.638000
v -9.614000 -10.295000 4.638000
v -9.114000 -12.586000 4.638000
v -9.114000 -10.276000 4.638000
v -8.614000 -12.729000 4.638000
v -8.614000 -10.325000 4.638000
v -8.114000 -13.056000 4.638000
v -8.114000 -10.423000 4.638000
v -7.614000 -13.407000 4.638000
v -7.614000 -10.455000 4.638000
v -7.114000 -13.898000 4.638000
v -7.114000 -10.301000 4.638000
v -6.614000 -14.230000 4.638000
v -6.614000 -9.890000 4.638000
v -6.114000 -14.326000 4.638000
v -6.114000 -9.598000 4.638000
v -5.614000 -14.238000 4.638000
v -5.614000 -9.533000 4.638000
v -5.114000 -13.913000 4.638000
v -5.114000 -9.586000 4.638000
v -4.614000 -13.438000 4.638000
v -4.614000 -9.677000 4.638000
v -4.114000 -12.876000 4.638000
v -4.114000 -9.988000 4.638000
v -3.614000 -12.387000 4.638000
v -3.614000 -10.465000 4.638000
v -10.114000 -11.559000 8.638000
v -10.114000 -10.376000 8.638000
v -9.614000 -12.399000 8.638000
v -9.614000 -9.496000 8.638000
v -9.114000 -12.913000 8.638000
v -9.114000 -9.140000 8.638000
v -8.614000 -13.491000 8.638000
v -8.614000 -8.820000 8.638000
v -8.114000 -14.457000 8.638000
v -8.114000 -8.272000 8.638000
v -7.614000 -15.413000 8.638000
v -7.614000 -7.875000 8.638000
v -7.114000 -15.900000 8.638000
v -7.114000 -7.780000 8.638000
v -6.614000 -16.236000 8.638000
v -6.614000 -7.689000 8.638000
v -6.114000 -16.331000 8.638000
v -6.114000 -7.405000 8.638000
v -5.614000 -16.240000 8.638000
v -5.614000 -7.282000 8.638000
v -5.114000 -15.909000 8.638000
v -5.114000 -7.380000 8.638000
v -4.614000 -9.261000 8.638000
v -4.614000 -7.786000 8.638000
v -8.114000 -15.638000 12.638000
v -8.114000 -14.332000 12.638000
v -7.614000 -16.058000 12.638000
v -7.614000 -13.912000 12.638000
v -7.114000 -16.159000 12.638000
v -7.114000 -13.811000 12.638000
v -6.614000 -16.035000 12.638000
v -6.614000 -13.935000 12.638000
v -6.114000 -15.558000 12.638000
v -6.114000 -14.412000 12.638000
v -5.332000 -12.450000 -4.862000
v -3.990000 -12.450000 -4.862000
v -6.209000 -12.450000 -4.362000
v -3.694000 -12.450000 -4.362000
v -6.857000 -12.450000 -3.862000
v -3.702000 -12.450000 -3.862000
v -7.372000 -12.450000 -3.362000
v -3.824000 -12.450000 -3.362000
v -7.847000 -12.450000 -2.862000
v -3.871000 -12.450000 -2.862000
v -8.042000 -12.450000 -2.362000
v -4.079000 -12.450000 -2.362000
v -8.317000 -12.450000 -1.862000
v -4.422000 -12.450000 -1.862000
v -8.770000 -12.450000 -1.362000
v -4.654000 -12.450000 -1.362000
v -9.160000 -12.450000 -0.862000
v -4.708000 -12.450000 -0.862000
v -9.406000 -12.450000 -0.362000
v -4.711000 -12.450000 -0.362000
v -9.643000 -12.450000 0.138000
v -4.728000 -12.450000 0.138000
v -9.658000 -12.450000 0.638000
v -4.726000 -12.450000 0.638000
v -9.563000 -12.450000 1.138000
v -4.676000 -12.450000 1.138000
v -9.277000 -12.450000 1.638000
v -4.594000 -12.450000 1.638000
v -9.048000 -12.450000 2.138000
v -4.571000 -12.450000 2.138000
v -8.761000 -12.450000 2.638000
v -4.562000 -12.450000 2.638000
v -8.537000 -12.450000 3.138000
v -4.377000 -12.450000 3.138000
v -8.535000 -12.450000 3.638000
v -3.997000 -12.450000 3.638000
v -8.756000 -12.450000 4.138000
v -3.679000 -12.450000 4.138000
v -9.593000 -12.450000 4.638000
v -3.679000 -12.450000 4.638000
v -9.979000 -12.450000 5.138000
v -3.708000 -12.450000 5.138000
v -10.160000 -12.450000 5.638000
v -3.723000 -12.450000 5.638000
v -10.143000 -12.450000 6.138000
v -3.799000 -12.450000 6.138000
v -9.854000 -12.450000 6.638000
v -4.007000 -12.450000 6.638000
v -9.632000 -12.450000 7.138000
v -4.260000 -12.450000 7.138000
v -9.582000 -12.450000 7.638000
v -4.334000 -12.450000 7.638000
v -9.579000 -12.450000 8.138000
v -4.521000 -12.450000 8.138000
v -9.564000 -12.450000 8.638000
v -4.872000 -12.450000 8.638000
v -9.538000 -12.450000 9.138000
v -5.437000 -12.450000 9.138000
v -9.528000 -12.450000 9.638000
v -6.181000 -12.450000 9.638000
v -9.183000 -12.450000 10.138000
v -7.263000 -12.450000 10.138000
v -8.271000 -8.450000 -9.362000
v -6.411000 -8.450000 -9.362000
v -8.819000 -8.450000 -8.862000
v -5.880000 -8.450000 -8.862000
v -9.013000 -8.450000 -8.362000
v -5.402000 -8.450000 -8.362000
v -9.019000 -8.450000 -7.862000
v -4.744000 -8.450000 -7.862000
v -8.988000 -8.450000 -7.362000
v -2.440000 -8.450000 -7.362000
v -8.775000 -8.450000 -6.862000
v -2.158000 -8.450000 -6.862000
v -8.244000 -8.450000 -6.362000
v -2.169000 -8.450000 -6.362000
v -7.686000 -8.450000 -5.862000
v -2.487000 -8.450000 -5.862000
v -7.069000 -8.450000 -5.362000
v -3.424000 -8.450000 -5.362000
v -5.984000 -8.450000 -4.862000
v -4.013000 -8.450000 -4.862000
v -7.258000 -8.450000 0.638000
v -5.921000 -8.450000 0.638000
v -7.576000 -8.450000 1.138000
v -5.599000 -8.450000 1.138000
v -7.592000 -8.450000 1.638000
v -5.582000 -8.450000 1.638000
v -7.324000 -8.450000 2.138000
v -5.851000 -8.450000 2.138000
v -7.592000 -8.450000 8.138000
v -4.921000 -8.450000 8.138000
v -8.244000 -8.450000 8.638000
v -4.396000 -8.450000 8.638000
v -8.473000 -8.450000 9.138000
v -4.207000 -8.450000 9.138000
v -8.509000 -8.450000 9.638000
v -4.213000 -8.450000 9.638000
v -8.486000 -8.450000 10.138000
v -4.415000 -8.450000 10.138000
v -8.127000 -8.450000 10.638000
v -4.988000 -8.450000 10.638000
v -10.114000 -12.450000 5.483000
v -10.114000 -12.450000 6.223000
v -9.614000 -12.450000 0.050000
v -9.614000 -12.450000 0.803000
v -9.614000 -12.450000 4.652000
v -9.614000 -12.450000 7.417000
v -9.114000 -12.450000 -0.926000
v -9.114000 -12.450000 1.916000
v -9.114000 -12.450000 4.428000
v -9.114000 -12.450000 10.187000
v -8.614000 -12.450000 -1.561000
v -8.614000 -12.450000 2.899000
v -8.614000 -12.450000 3.880000
v -8.614000 -12.450000 10.430000
v -8.114000 -12.450000 -2.184000
v -8.114000 -12.450000 10.428000
v -7.614000 -12.450000 -3.155000
v -7.614000 -12.450000 10.255000
v -7.114000 -12.450000 -3.646000
v -7.114000 -12.450000 10.069000
v -6.614000 -12.450000 -4.066000
v -6.614000 -12.450000 9.849000
v -6.114000 -12.450000 -4.418000
v -6.114000 -12.450000 9.605000
v -5.614000 -12.450000 -4.659000
v -5.614000 -12.450000 9.259000
v -5.114000 -12.450000 -5.012000
v -5.114000 -12.450000 8.889000
v -4.614000 -12.450000 -5.121000
v -4.614000 -12.450000 -1.488000
v -4.614000 -12.450000 1.424000
v -4.614000 -12.450000 8.291000
v -4.114000 -12.450000 -4.958000
v -4.114000 -12.450000 -2.315000
v -4.114000 -12.450000 3.526000
v -4.114000 -12.450000 6.800000
v -8.614000 -8.450000 -9.116000
v -8.614000 -8.450000 -6.668000
v -8.114000 -8.450000 -9.431000
v -8.114000 -8.450000 -6.253000
v -8.114000 -8.450000 8.469000
v -8.114000 -8.450000 10.647000
v -7.614000 -8.450000 -9.515000
v -7.614000 -8.450000 -5.773000
v -7.614000 -8.450000 8.146000
v -7.614000 -8.450000 10.813000
v -7.114000 -8.450000 -9.539000
v -7.114000 -8.450000 -5.382000
v -7.114000 -8.450000 0.537000
v -7.114000 -8.450000 2.304000
v -7.114000 -8.450000 8.062000
v -7.114000 -8.450000 10.912000
v -6.614000 -8.450000 -9.455000
v -6.614000 -8.450000 -5.198000
v -6.614000 -8.450000 0.393000
v -6.614000 -8.450000 2.448000
v -6.614000 -8.450000 8.081000
v -6.614000 -8.450000 10.834000
v -6.114000 -8.450000 -9.141000
v -6.114000 -8.450000 -4.910000
v -6.114000 -8.450000 0.508000
v -6.114000 -8.450000 2.333000
v -6.114000 -8.450000 7.954000
v -6.114000 -8.450000 10.778000
v -5.614000 -8.450000 -8.601000
v -5.614000 -8.450000 -4.775000
v -5.614000 -8.450000 1.090000
v -5.614000 -8.450000 1.752000
v -5.614000 -8.450000 7.881000
v -5.614000 -8.450000 10.772000
v -5.114000 -8.450000 -8.084000
v -5.114000 -8.450000 -4.715000
v -5.114000 -8.450000 8.032000
v -5.114000 -8.450000 10.690000
v -4.614000 -8.450000 -7.810000
v -4.614000 -8.450000 -4.639000
v -4.614000 -8.450000 8.367000
v -4.614000 -8.450000 10.379000
v -4.114000 -8.450000 -7.678000
v -4.114000 -8.450000 -4.791000
v -3.614000 -8.450000 -7.623000
v -3.614000 -8.450000 -5.176000
v -3.114000 -8.450000 -7.649000
v -3.114000 -8.450000 -5.573000
v -2.614000 -8.450000 -7.498000
v -2.614000 -8.450000 -5.770000
v -8.614000 -9.009000 -6.862000
v -8.614000 -7.828000 -6.862000
v -8.114000 -9.889000 -6.862000
v -8.114000 -7.372000 -6.862000
v -7.614000 -10.426000 -6.862000
v -7.614000 -7.258000 -6.862000
v -7.114000 -10.737000 -6.862000
v -7.114000 -7.184000 -6.862000
v -6.614000 -10.820000 -6.862000
v -6.614000 -7.113000 -6.862000
v -6.114000 -10.901000 -6.862000
v -6.114000 -7.219000 -6.862000
v -5.614000 -11.074000 -6.862000
v -5.614000 -7.460000 -6.862000
v -5.114000 -11.186000 -6.862000
v -5.114000 -7.572000 -6.862000
v -4.614000 -11.311000 -6.862000
v -4.614000 -7.674000 -6.862000
v -4.114000 -11.553000 -6.862000
v -4.114000 -7.850000 -6.862000
v -3.614000 -11.755000 -6.862000
v -3.614000 -8.005000 -6.862000
v -3.114000 -11.858000 -6.862000
v -3.114000 -8.033000 -6.862000
v -2.614000 -11.774000 -6.862000
v -2.614000 -8.140000 -6.862000
v -2.114000 -11.456000 -6.862000
v -2.114000 -8.498000 -6.862000
v -7.614000 -13.629000 -2.862000
v -7.614000 -11.725000 -2.862000
v -7.114000 -14.016000 -2.862000
v -7.114000 -11.279000 -2.862000
v -6.614000 -14.122000 -2.862000
v -6.614000 -10.786000 -2.862000
v -6.114000 -14.176000 -2.862000
v -6.114000 -10.410000 -2.862000
v -5.614000 -14.033000 -2.862000
v -5.614000 -10.220000 -2.862000
v -5.114000 -13.741000 -2.862000
v -5.114000 -10.230000 -2.862000
v -4.614000 -13.370000 -2.862000
v -4.614000 -10.300000 -2.862000
v -4.114000 -12.844000 -2.862000
v -4.114000 -10.551000 -2.862000
v -9.614000 -12.403000 1.138000
v -9.614000 -9.957000 1.138000
v -9.114000 -12.717000 1.138000
v -9.114000 -9.621000 1.138000
v -8.614000 -12.843000 1.138000
v -8.614000 -9.401000 1.138000
v -8.114000 -13.066000 1.138000
v -8.114000 -8.968000 1.138000
v -7.614000 -13.425000 1.138000
v -7.614000 -8.492000 1.138000
v -7.114000 -13.937000 1.138000
v -7.114000 -8.135000 1.138000
v -6.614000 -14.286000 1.138000
v -6.614000 -8.030000 1.138000
v -6.114000 -14.402000 1.138000
v -6.114000 -8.114000 1.138000
v -5.614000 -14.309000 1.138000
v -5.614000 -8.435000 1.138000
v -5.114000 -13.961000 1.138000
v -5.114000 -9.439000 1.138000
v -4.614000 -12.173000 1.138000
v -4.614000 -10.309000 1.138000
v -10.614000 -11.636000 5.138000
v -10.614000 -10.279000 5.138000
v -10.114000 -12.313000 5.138000
v -10.114000 -9.876000 5.138000
v -9.614000 -12.682000 5.138000
v -9.614000 -9.783000 5.138000
v -9.114000 -12.795000 5.138000
v -9.114000 -9.913000 5.138000
v -8.614000 -12.935000 5.138000
v -8.614000 -10.137000 5.138000
v -8.114000 -13.226000 5.138000
v -8.114000 -10.340000 5.138000
v -7.614000 -13.563000 5.138000
v -7.614000 -10.430000 5.138000
v -7.114000 -13.934000 5.138000
v -7.114000 -10.291000 5.138000
v -6.614000 -14.304000 5.138000
v -6.614000 -9.915000 5.138000
v -6.114000 -14.417000 5.138000
v -6.114000 -9.617000 5.138000
v -5.614000 -14.320000 5.138000
v -5.614000 -9.536000 5.138000
v -5.114000 -13.955000 5.138000
v -5.114000 -9.605000 5.138000
v -4.614000 -13.446000 5.138000
v -4.614000 -9.698000 5.138000
v -4.114000 -12.896000 5.138000
v -4.114000 -10.007000 5.138000
v -3.614000 -12.358000 5.138000
v -3.614000 -10.472000 5.138000
v -9.614000 -12.375000 9.138000
v -9.614000 -9.840000 9.138000
v -9.114000 -12.837000 9.138000
v -9.114000 -9.243000 9.138000
v -8.614000 -13.411000 9.138000
v -8.614000 -8.601000 9.138000
v -8.114000 -14.439000 9.138000
v -8.114000 -7.989000 9.138000
v -7.614000 -15.407000 9.138000
v -7.614000 -7.676000 9.138000
v -7.114000 -15.912000 9.138000
v -7.114000 -7.590000 9.138000
v -6.614000 -16.239000 9.138000
v -6.614000 -7.466000 9.138000
v -6.114000 -16.330000 9.138000
v -6.114000 -7.198000 9.138000
v -5.614000 -16.234000 9.138000
v -5.614000 -12.281000 9.138000
v -5.614000 -10.604000 9.138000
v -5.614000 -7.094000 9.138000
v -5.114000 -15.899000 9.138000
v -5.114000 -12.842000 9.138000
v -5.114000 -10.019000 9.138000
v -5.114000 -7.177000 9.138000
v -4.614000 -9.470000 9.138000
v -4.614000 -7.495000 9.138000
v -7.614000 -15.358000 13.138000
v -7.614000 -14.612000 13.138000
v -7.114000 -15.589000 13.138000
v -7.114000 -14.381000 13.138000
v -6.614000 -15.286000 13.138000
v -6.614000 -14.685000 13.138000
v -6.785000 -15.950000 7.638000
v -5.425000 -15.950000 7.638000
v -7.065000 -15.950000 8.138000
v -5.144000 -15.950000 8.138000
v -7.064000 -15.950000 8.638000
v -5.156000 -15.950000 8.638000
v -7.074000 -15.950000 9.138000
v -5.166000 -15.950000 9.138000
v -7.075000 -15.950000 9.638000
v -5.172000 -15.950000 9.638000
v -6.984000 -15.950000 10.138000
v -5.464000 -15.950000 10.138000
v -7.153000 -15.950000 10.638000
v -6.121000 -15.950000 10.638000
v -7.834000 -15.950000 11.138000
v -6.251000 -15.950000 11.138000
v -8.124000 -15.950000 11.638000
v -6.153000 -15.950000 11.638000
v -8.118000 -15.950000 12.138000
v -6.159000 -15.950000 12.138000
v -7.806000 -15.950000 12.638000
v -6.470000 -15.950000 12.638000
v -5.774000 -11.950000 -5.362000
v -3.603000 -11.950000 -5.362000
v -6.130000 -11.950000 -4.862000
v -3.407000 -11.950000 -4.862000
v -6.475000 -11.950000 -4.362000
v -3.355000 -11.950000 -4.362000
v -6.860000 -11.950000 -3.862000
v -3.374000 -11.950000 -3.862000
v -7.237000 -11.950000 -3.362000
v -3.582000 -11.950000 -3.362000
v -7.744000 -11.950000 -2.862000
v -3.768000 -11.950000 -2.862000
v -7.994000 -11.950000 -2.362000
v -3.961000 -11.950000 -2.362000
v -8.365000 -11.950000 -1.862000
v -4.383000 -11.950000 -1.862000
v -8.837000 -11.950000 -1.362000
v -4.630000 -11.950000 -1.362000
v -9.282000 -11.950000 -0.862000
v -4.684000 -11.950000 -0.862000
v -9.728000 -11.950000 -0.362000
v -4.686000 -11.950000 -0.362000
v -9.952000 -11.950000 0.138000
v -4.701000 -11.950000 0.138000
v -9.964000 -11.950000 0.638000
v -4.677000 -11.950000 0.638000
v -9.920000 -11.950000 1.138000
v -4.540000 -11.950000 1.138000
v -9.726000 -11.950000 1.638000
v -4.363000 -11.950000 1.638000
v -9.413000 -11.950000 2.138000
v -4.287000 -11.950000 2.138000
v -9.215000 -11.950000 2.638000
v -4.225000 -11.950000 2.638000
v -9.031000 -11.950000 3.138000
v -3.994000 -11.950000 3.138000
v -9.033000 -11.950000 3.638000
v -3.540000 -11.950000 3.638000
v -9.500000 -11.950000 4.138000
v -3.330000 -11.950000 4.138000
v -10.096000 -11.950000 4.638000
v -3.330000 -11.950000 4.638000
v -10.372000 -11.950000 5.138000
v -3.353000 -11.950000 5.138000
v -10.606000 -11.950000 5.638000
v -3.381000 -11.950000 5.638000
v -10.611000 -11.950000 6.138000
v -3.602000 -11.950000 6.138000
v -10.552000 -11.950000 6.638000
v -3.901000 -11.950000 6.638000
v -10.539000 -11.950000 7.138000
v -4.150000 -11.950000 7.138000
v -10.235000 -11.950000 7.638000
v -4.230000 -11.950000 7.638000
v -10.010000 -11.950000 8.138000
v -4.404000 -11.950000 8.138000
v -9.898000 -11.950000 8.638000
v -4.895000 -11.950000 8.638000
v -9.887000 -11.950000 9.138000
v -5.813000 -11.950000 9.138000
v -9.878000 -11.950000 9.638000
v -6.413000 -11.950000 9.638000
v -9.656000 -11.950000 10.138000
v -7.367000 -11.950000 10.138000
v -8.899000 -11.950000 10.638000
v -8.222000 -11.950000 10.638000
v -8.082000 -7.950000 -9.362000
v -6.682000 -7.950000 -9.362000
v -8.729000 -7.950000 -8.862000
v -6.016000 -7.950000 -8.862000
v -8.937000 -7.950000 -8.362000
v -5.521000 -7.950000 -8.362000
v -8.941000 -7.950000 -7.862000
v -5.184000 -7.950000 -7.862000
v -8.907000 -7.950000 -7.362000
v -4.521000 -7.950000 -7.362000
v -8.677000 -7.950000 -6.862000
v -3.853000 -7.950000 -6.862000
v -7.961000 -7.950000 -6.362000
v -3.468000 -7.950000 -6.362000
v -7.281000 -7.950000 -5.862000
v -3.628000 -7.950000 -5.862000
v -6.222000 -7.950000 -5.362000
v -3.959000 -7.950000 -5.362000
v -5.988000 -7.950000 8.138000
v -5.186000 -7.950000 8.138000
v -7.762000 -7.950000 8.638000
v -4.517000 -7.950000 8.638000
v -8.073000 -7.950000 9.138000
v -4.310000 -7.950000 9.138000
v -8.061000 -7.950000 9.638000
v -4.316000 -7.950000 9.638000
v -7.706000 -7.950000 10.138000
v -4.538000 -7.950000 10.138000
v -5.882000 -7.950000 10.638000
v -5.293000 -7.950000 10.638000
v -8.114000 -15.950000 11.599000
v -8.114000 -15.950000 12.151000
v -7.614000 -15.950000 10.978000
v -7.614000 -15.950000 12.770000
v -7.114000 -15.950000 10.593000
v -7.114000 -15.950000 12.888000
v -6.614000 -15.950000 7.506000
v -6.614000 -15.950000 12.743000
v -6.114000 -15.950000 7.364000
v -6.114000 -15.950000 10.629000
v -5.614000 -15.950000 7.496000
v -5.614000 -15.950000 10.250000
v -10.114000 -11.950000 4.661000
v -10.114000 -11.950000 7.833000
v -9.614000 -11.950000 -0.499000
v -9.614000 -11.950000 1.788000
v -9.614000 -11.950000 4.225000
v -9.614000 -11.950000 10.192000
v -9.114000 -11.950000 -1.073000
v -9.114000 -11.950000 2.888000
v -9.114000 -11.950000 3.773000
v -9.114000 -11.950000 10.568000
v -8.614000 -11.950000 -1.638000
v -8.614000 -11.950000 10.675000
v -8.114000 -11.950000 -2.171000
v -8.114000 -11.950000 10.604000
v -7.614000 -11.950000 -3.031000
v -7.614000 -11.950000 10.291000
v -7.114000 -11.950000 -3.499000
v -7.114000 -11.950000 10.005000
v -6.614000 -11.950000 -4.187000
v -6.614000 -11.950000 9.740000
v -6.114000 -11.950000 -4.889000
v -6.114000 -11.950000 9.432000
v -5.614000 -11.950000 -5.474000
v -5.614000 -11.950000 8.988000
v -5.114000 -11.950000 -5.634000
v -5.114000 -11.950000 8.757000
v -4.614000 -11.950000 -5.680000
v -4.614000 -11.950000 -1.416000
v -4.614000 -11.950000 0.936000
v -4.614000 -11.950000 8.415000
v -4.114000 -11.950000 -5.664000
v -4.114000 -11.950000 -2.160000
v -4.114000 -11.950000 2.945000
v -4.114000 -11.950000 7.033000
v -3.614000 -11.950000 -5.376000
v -3.614000 -11.950000 -3.296000
v -3.614000 -11.950000 3.541000
v -3.614000 -11.950000 6.157000
v -8.614000 -7.950000 -9.008000
v -8.614000 -7.950000 -6.785000
v -8.114000 -7.950000 -9.350000
v -8.114000 -7.950000 -6.428000
v -7.614000 -7.950000 -9.440000
v -7.614000 -7.950000 -6.166000
v -7.614000 -7.950000 8.535000
v -7.614000 -7.950000 10.196000
v -7.114000 -7.950000 -9.429000
v -7.114000 -7.950000 -5.730000
v -7.114000 -7.950000 8.413000
v -7.114000 -7.950000 10.318000
v -6.614000 -7.950000 -9.338000
v -6.614000 -7.950000 -5.558000
v -6.614000 -7.950000 8.370000
v -6.614000 -7.950000 10.395000
v -6.114000 -7.950000 -8.981000
v -6.114000 -7.950000 -5.288000
v -6.114000 -7.950000 8.186000
v -6.114000 -7.950000 10.565000
v -5.614000 -7.950000 -8.482000
v -5.614000 -7.950000 -5.155000
v -5.614000 -7.950000 8.074000
v -5.614000 -7.950000 10.671000
v -5.114000 -7.950000 -7.786000
v -5.114000 -7.950000 -5.184000
v -5.114000 -7.950000 8.163000
v -5.114000 -7.950000 10.582000
v -4.614000 -7.950000 -7.431000
v -4.614000 -7.950000 -5.106000
v -4.614000 -7.950000 8.513000
v -4.614000 -7.950000 10.233000
v -4.114000 -7.950000 -7.000000
v -4.114000 -7.950000 -5.249000
v -3.614000 -7.950000 -6.696000
v -3.614000 -7.950000 -5.893000
v -8.114000 -9.582000 -6.362000
v -8.114000 -8.137000 -6.362000
v -7.614000 -10.423000 -6.362000
v -7.614000 -7.706000 -6.362000
v -7.114000 -10.735000 -6.362000
v -7.114000 -7.399000 -6.362000
v -6.614000 -10.863000 -6.362000
v -6.614000 -7.302000 -6.362000
v -6.114000 -11.011000 -6.362000
v -6.114000 -7.404000 -6.362000
v -5.614000 -11.284000 -6.362000
v -5.614000 -7.538000 -6.362000
v -5.114000 -11.558000 -6.362000
v -5.114000 -7.570000 -6.362000
v -4.614000 -11.661000 -6.362000
v -4.614000 -7.539000 -6.362000
v -4.114000 -11.752000 -6.362000
v -4.114000 -7.640000 -6.362000
v -3.614000 -11.828000 -6.362000
v -3.614000 -7.895000 -6.362000
v -3.114000 -11.850000 -6.362000
v -3.114000 -8.035000 -6.362000
v -2.614000 -11.766000 -6.362000
v -2.614000 -8.149000 -6.362000
v -2.114000 -11.445000 -6.362000
v -2.114000 -8.510000 -6.362000
v -7.614000 -13.908000 -2.362000
v -7.614000 -11.335000 -2.362000
v -7.114000 -14.244000 -2.362000
v -7.114000 -10.875000 -2.362000
v -6.614000 -14.558000 -2.362000
v -6.614000 -10.550000 -2.362000
v -6.114000 -14.670000 -2.362000
v -6.114000 -10.400000 -2.362000
v -5.614000 -14.559000 -2.362000
v -5.614000 -10.446000 -2.362000
v -5.114000 -14.122000 -2.362000
v -5.114000 -10.599000 -2.362000
v -4.614000 -13.395000 -2.362000
v -4.614000 -10.869000 -2.362000
v -4.114000 -12.517000 -2.362000
v -4.114000 -11.349000 -2.362000
v -9.614000 -12.134000 1.638000
v -9.614000 -9.978000 1.638000
v -9.114000 -12.550000 1.638000
v -9.114000 -9.636000 1.638000
v -8.614000 -12.801000 1.638000
v -8.614000 -9.410000 1.638000
v -8.114000 -13.016000 1.638000
v -8.114000 -9.020000 1.638000
v -7.614000 -13.446000 1.638000
v -7.614000 -8.474000 1.638000
v -7.114000 -13.851000 1.638000
v -7.114000 -8.122000 1.638000
v -6.614000 -14.197000 1.638000
v -6.614000 -8.018000 1.638000
v -6.114000 -14.307000 1.638000
v -6.114000 -8.101000 1.638000
v -5.614000 -14.229000 1.638000
v -5.614000 -8.418000 1.638000
v -5.114000 -13.918000 1.638000
v -5.114000 -9.369000 1.638000
v -4.614000 -12.513000 1.638000
v -4.614000 -10.034000 1.638000
v -10.614000 -11.943000 5.638000
v -10.614000 -9.972000 5.638000
v -10.114000 -12.497000 5.638000
v -10.114000 -9.661000 5.638000
v -9.614000 -12.802000 5.638000
v -9.614000 -9.582000 5.638000
v -9.114000 -12.901000 5.638000
v -9.114000 -9.692000 5.638000
v -8.614000 -13.061000 5.638000
v -8.614000 -9.985000 5.638000
v -8.114000 -13.413000 5.638000
v -8.114000 -10.212000 5.638000
v -7.614000 -13.766000 5.638000
v -7.614000 -10.328000 5.638000
v -7.114000 -14.140000 5.638000
v -7.114000 -10.184000 5.638000
v -6.614000 -14.557000 5.638000
v -6.614000 -9.880000 5.638000
v -6.114000 -14.677000 5.638000
v -6.114000 -9.606000 5.638000
v -5.614000 -14.579000 5.638000
v -5.614000 -9.520000 5.638000
v -5.114000 -14.184000 5.638000
v -5.114000 -9.615000 5.638000
v -4.614000 -13.417000 5.638000
v -4.614000 -9.855000 5.638000
v -4.114000 -12.935000 5.638000
v -4.114000 -10.148000 5.638000
v -3.614000 -12.322000 5.638000
v -3.614000 -10.509000 5.638000
v -9.614000 -12.365000 9.638000
v -9.614000 -10.290000 9.638000
v -9.114000 -12.715000 9.638000
v -9.114000 -9.470000 9.638000
v -8.614000 -13.089000 9.638000
v -8.614000 -8.556000 9.638000
v -8.114000 -14.286000 9.638000
v -8.114000 -8.001000 9.638000
v -7.614000 -15.438000 9.638000
v -7.614000 -7.685000 9.638000
v -7.114000 -15.912000 9.638000
v -7.114000 -7.598000 9.638000
v -6.614000 -16.240000 9.638000
v -6.614000 -7.473000 9.638000
v -6.114000 -16.330000 9.638000
v -6.114000 -12.514000 9.638000
v -6.114000 -10.673000 9.638000
v -6.114000 -7.204000 9.638000
v -5.614000 -16.233000 9.638000
v -5.614000 -12.850000 9.638000
v -5.614000 -10.250000 9.638000
v -5.614000 -7.099000 9.638000
v -5.114000 -15.892000 9.638000
v -5.114000 -13.246000 9.638000
v -5.114000 -9.865000 9.638000
v -5.114000 -7.183000 9.638000
v -4.614000 -9.444000 9.638000
v -4.614000 -7.503000 9.638000
v -6.763000 -15.450000 7.138000
v -5.485000 -15.450000 7.138000
v -7.207000 -15.450000 7.638000
v -5.005000 -15.450000 7.638000
v -7.413000 -15.450000 8.138000
v -4.813000 -15.450000 8.138000
v -7.578000 -15.450000 8.638000
v -4.819000 -15.450000 8.638000
v -7.573000 -15.450000 9.138000
v -4.827000 -15.450000 9.138000
v -7.601000 -15.450000 9.638000
v -4.836000 -15.450000 9.638000
v -7.651000 -15.450000 10.138000
v -5.034000 -15.450000 10.138000
v -7.849000 -15.450000 10.638000
v -5.506000 -15.450000 10.638000
v -8.234000 -15.450000 11.138000
v -5.781000 -15.450000 11.138000
v -8.437000 -15.450000 11.638000
v -5.831000 -15.450000 11.638000
v -8.432000 -15.450000 12.138000
v -5.844000 -15.450000 12.138000
v -8.216000 -15.450000 12.638000
v -6.061000 -15.450000 12.638000
v -7.524000 -15.450000 13.138000
v -6.753000 -15.450000 13.138000
v -3.782000 -11.450000 -7.362000
v -2.395000 -11.450000 -7.362000
v -4.309000 -11.450000 -6.862000
v -2.109000 -11.450000 -6.862000
v -5.316000 -11.450000 -6.362000
v -2.120000 -11.450000 -6.362000
v -5.758000 -11.450000 -5.862000
v -2.225000 -11.450000 -5.862000
v -6.212000 -11.450000 -5.362000
v -2.544000 -11.450000 -5.362000
v -6.407000 -11.450000 -4.862000
v -2.885000 -11.450000 -4.862000
v -6.544000 -11.450000 -4.362000
v -3.123000 -11.450000 -4.362000
v -6.749000 -11.450000 -3.862000
v -3.276000 -11.450000 -3.862000
v -6.969000 -11.450000 -3.362000
v -3.483000 -11.450000 -3.362000
v -7.333000 -11.450000 -2.862000
v -3.791000 -11.450000 -2.862000
v -7.728000 -11.450000 -2.362000
v -4.063000 -11.450000 -2.362000
v -8.218000 -11.450000 -1.862000
v -4.507000 -11.450000 -1.862000
v -8.703000 -11.450000 -1.362000
v -4.736000 -11.450000 -1.362000
v -9.262000 -11.450000 -0.862000
v -4.774000 -11.450000 -0.862000
v -9.820000 -11.450000 -0.362000
v -4.754000 -11.450000 -0.362000
v -10.029000 -11.450000 0.138000
v -4.688000 -11.450000 0.138000
v -10.043000 -11.450000 0.638000
v -4.635000 -11.450000 0.638000
v -10.028000 -11.450000 1.138000
v -4.443000 -11.450000 1.138000
v -9.885000 -11.450000 1.638000
v -4.261000 -11.450000 1.638000
v -9.634000 -11.450000 2.138000
v -4.192000 -11.450000 2.138000
v -9.351000 -11.450000 2.638000
v -4.111000 -11.450000 2.638000
v -9.222000 -11.450000 3.138000
v -3.853000 -11.450000 3.138000
v -9.298000 -11.450000 3.638000
v -3.420000 -11.450000 3.638000
v -9.712000 -11.450000 4.138000
v -3.228000 -11.450000 4.138000
v -10.238000 -11.450000 4.638000
v -3.228000 -11.450000 4.638000
v -10.721000 -11.450000 5.138000
v -3.246000 -11.450000 5.138000
v -10.938000 -11.450000 5.638000
v -3.273000 -11.450000 5.638000
v -10.942000 -11.450000 6.138000
v -3.478000 -11.450000 6.138000
v -10.908000 -11.450000 6.638000
v -3.908000 -11.450000 6.638000
v -10.907000 -11.450000 7.138000
v -4.147000 -11.450000 7.138000
v -10.697000 -11.450000 7.638000
v -4.227000 -11.450000 7.638000
v -10.369000 -11.450000 8.138000
v -4.435000 -11.450000 8.138000
v -10.158000 -11.450000 8.638000
v -5.019000 -11.450000 8.638000
v -10.025000 -11.450000 9.138000
v -5.920000 -11.450000 9.138000
v -9.980000 -11.450000 9.638000
v -6.392000 -11.450000 9.638000
v -9.777000 -11.450000 10.138000
v -7.136000 -11.450000 10.138000
v -9.202000 -11.450000 10.638000
v -8.003000 -11.450000 10.638000
v -8.337000 -7.450000 -8.862000
v -6.504000 -7.450000 -8.862000
v -8.630000 -7.450000 -8.362000
v -5.931000 -7.450000 -8.362000
v -8.635000 -7.450000 -7.862000
v -5.629000 -7.450000 -7.862000
v -8.589000 -7.450000 -7.362000
v -5.569000 -7.450000 -7.362000
v -8.253000 -7.450000 -6.862000
v -5.639000 -7.450000 -6.862000
v -7.220000 -7.450000 -6.362000
v -5.946000 -7.450000 -6.362000
v -6.198000 -7.450000 8.638000
v -4.976000 -7.450000 8.638000
v -6.579000 -7.450000 9.138000
v -4.661000 -7.450000 9.138000
v -6.563000 -7.450000 9.638000
v -4.669000 -7.450000 9.638000
v -6.161000 -7.450000 10.138000
v -5.014000 -7.450000 10.138000
v -8.114000 -15.450000 10.985000
v -8.114000 -15.450000 12.765000
v -7.614000 -15.450000 9.698000
v -7.614000 -15.450000 13.107000
v -7.114000 -15.450000 7.506000
v -7.114000 -15.450000 13.195000
v -6.614000 -15.450000 7.039000
v -6.614000 -15.450000 13.087000
v -6.114000 -15.450000 6.914000
v -6.114000 -15.450000 12.708000
v -5.614000 -15.450000 7.054000
v -5.614000 -15.450000 10.778000
v -5.114000 -15.450000 7.492000
v -5.114000 -15.450000 10.246000
v -10.614000 -11.450000 5.006000
v -10.614000 -11.450000 7.744000
v -10.114000 -11.450000 4.501000
v -10.114000 -11.450000 8.754000
v -9.614000 -11.450000 -0.605000
v -9.614000 -11.450000 2.166000
v -9.614000 -11.450000 4.051000
v -9.614000 -11.450000 10.342000
v -9.114000 -11.450000 -0.972000
v -9.114000 -11.450000 10.676000
v -8.614000 -11.450000 -1.478000
v -8.614000 -11.450000 10.771000
v -8.114000 -11.450000 -1.990000
v -8.114000 -11.450000 10.682000
v -7.614000 -11.450000 -2.494000
v -7.614000 -11.450000 10.407000
v -7.114000 -11.450000 -3.116000
v -7.114000 -11.450000 10.129000
v -6.614000 -11.450000 -4.169000
v -6.614000 -11.450000 9.802000
v -6.114000 -11.450000 -5.505000
v -6.114000 -11.450000 9.361000
v -5.614000 -11.450000 -5.998000
v -5.614000 -11.450000 8.899000
v -5.114000 -11.450000 -6.504000
v -5.114000 -11.450000 8.683000
v -4.614000 -11.450000 -6.672000
v -4.614000 -11.450000 -1.691000
v -4.614000 -11.450000 0.728000
v -4.614000 -11.450000 8.355000
v -4.114000 -11.450000 -7.010000
v -4.114000 -11.450000 -2.293000
v -4.114000 -11.450000 2.628000
v -4.114000 -11.450000 7.029000
v -3.614000 -11.450000 -7.492000
v -3.614000 -11.450000 -3.177000
v -3.614000 -11.450000 3.393000
v -3.614000 -11.450000 6.313000
v -3.114000 -11.450000 -7.640000
v -3.114000 -11.450000 -4.387000
v -2.614000 -11.450000 -7.521000
v -2.614000 -11.450000 -5.281000
v -2.114000 -11.450000 -6.883000
v -2.114000 -11.450000 -6.384000
v -8.614000 -7.450000 -8.420000
v -8.614000 -7.450000 -7.464000
v -8.114000 -7.450000 -9.021000
v -8.114000 -7.450000 -6.768000
v -7.614000 -7.450000 -9.140000
v -7.614000 -7.450000 -6.603000
v -7.114000 -7.450000 -9.071000
v -7.114000 -7.450000 -6.291000
v -6.614000 -7.450000 -8.940000
v -6.614000 -7.450000 -6.164000
v -6.114000 -7.450000 -8.496000
v -6.114000 -7.450000 -6.261000
v -6.114000 -7.450000 8.575000
v -6.114000 -7.450000 10.170000
v -5.614000 -7.450000 -7.792000
v -5.614000 -7.450000 -7.060000
v -5.614000 -7.450000 8.417000
v -5.614000 -7.450000 10.328000
v -5.114000 -7.450000 8.542000
v -5.114000 -7.450000 10.203000
v -7.614000 -10.120000 -5.862000
v -7.614000 -8.319000 -5.862000
v -7.114000 -10.550000 -5.862000
v -7.114000 -7.847000 -5.862000
v -6.614000 -10.879000 -5.862000
v -6.614000 -7.717000 -5.862000
v -6.114000 -11.212000 -5.862000
v -6.114000 -7.636000 -5.862000
v -5.614000 -11.549000 -5.862000
v -5.614000 -7.592000 -5.862000
v -5.114000 -11.807000 -5.862000
v -5.114000 -7.603000 -5.862000
v -4.614000 -11.863000 -5.862000
v -4.614000 -7.541000 -5.862000
v -4.114000 -11.870000 -5.862000
v -4.114000 -7.642000 -5.862000
v -3.614000 -11.851000 -5.862000
v -3.614000 -7.960000 -5.862000
v -3.114000 -11.810000 -5.862000
v -3.114000 -8.215000 -5.862000
v -2.614000 -11.698000 -5.862000
v -2.614000 -8.375000 -5.862000
v -2.114000 -11.338000 -5.862000
v -2.114000 -8.870000 -5.862000
v -8.114000 -13.539000 -1.862000
v -8.114000 -11.288000 -1.862000
v -7.614000 -14.110000 -1.862000
v -7.614000 -10.795000 -1.862000
v -7.114000 -14.537000 -1.862000
v -7.114000 -10.355000 -1.862000
v -6.614000 -14.769000 -1.862000
v -6.614000 -10.239000 -1.862000
v -6.114000 -14.864000 -1.862000
v -6.114000 -10.286000 -1.862000
v -5.614000 -14.770000 -1.862000
v -5.614000 -10.506000 -1.862000
v -5.114000 -14.435000 -1.862000
v -5.114000 -10.836000 -1.862000
v -4.614000 -13.233000 -1.862000
v -4.614000 -11.286000 -1.862000
v -9.614000 -11.492000 2.138000
v -9.614000 -10.335000 2.138000
v -9.114000 -12.386000 2.138000
v -9.114000 -9.869000 2.138000
v -8.614000 -12.719000 2.138000
v -8.614000 -9.648000 2.138000
v -8.114000 -12.956000 2.138000
v -8.114000 -9.265000 2.138000
v -7.614000 -13.460000 2.138000
v -7.614000 -8.770000 2.138000
v -7.114000 -13.777000 2.138000
v -7.114000 -8.320000 2.138000
v -6.614000 -14.009000 2.138000
v -6.614000 -8.199000 2.138000
v -6.114000 -14.135000 2.138000
v -6.114000 -8.295000 2.138000
v -5.614000 -14.045000 2.138000
v -5.614000 -8.695000 2.138000
v -5.114000 -13.659000 2.138000
v -5.114000 -9.445000 2.138000
v -4.614000 -12.524000 2.138000
v -4.614000 -9.965000 2.138000
v -10.614000 -11.948000 6.138000
v -10.614000 -9.964000 6.138000
v -10.114000 -12.479000 6.138000
v -10.114000 -9.653000 6.138000
v -9.614000 -12.789000 6.138000
v -9.614000 -9.568000 6.138000
v -9.114000 -12.974000 6.138000
v -9.114000 -9.639000 6.138000
v -8.614000 -13.253000 6.138000
v -8.614000 -9.726000 6.138000
v -8.114000 -13.584000 6.138000
v -8.114000 -9.865000 6.138000
v -7.614000 -13.995000 6.138000
v -7.614000 -9.975000 6.138000
v -7.114000 -14.403000 6.138000
v -7.114000 -9.880000 6.138000
v -6.614000 -14.761000 6.138000
v -6.614000 -9.715000 6.138000
v -6.114000 -14.871000 6.138000
v -6.114000 -9.519000 6.138000
v -5.614000 -14.777000 6.138000
v -5.614000 -9.490000 6.138000
v -5.114000 -14.451000 6.138000
v -5.114000 -9.625000 6.138000
v -4.614000 -13.519000 6.138000
v -4.614000 -9.949000 6.138000
v -4.114000 -12.936000 6.138000
v -4.114000 -10.330000 6.138000
v -3.614000 -11.979000 6.138000
v -3.614000 -10.867000 6.138000
v -9.614000 -12.028000 10.138000
v -9.614000 -10.834000 10.138000
v -9.114000 -12.488000 10.138000
v -9.114000 -9.778000 10.138000
v -8.614000 -12.706000 10.138000
v -8.614000 -8.578000 10.138000
v -8.114000 -13.013000 10.138000
v -8.114000 -8.202000 10.138000
v -7.614000 -15.488000 10.138000
v -7.614000 -7.906000 10.138000
v -7.114000 -15.865000 10.138000
v -7.114000 -12.632000 10.138000
v -7.114000 -11.426000 10.138000
v -7.114000 -7.809000 10.138000
v -6.614000 -16.102000 10.138000
v -6.614000 -12.891000 10.138000
v -6.614000 -10.877000 10.138000
v -6.614000 -7.716000 10.138000
v -6.114000 -16.153000 10.138000
v -6.114000 -13.124000 10.138000
v -6.114000 -10.400000 10.138000
v -6.114000 -7.426000 10.138000
v -5.614000 -16.034000 10.138000
v -5.614000 -13.364000 10.138000
v -5.614000 -10.014000 10.138000
v -5.614000 -7.301000 10.138000
v -5.114000 -15.597000 10.138000
v -5.114000 -14.293000 10.138000
v -5.114000 -9.597000 10.138000
v -5.114000 -7.401000 10.138000
v -4.614000 -9.127000 10.138000
v -4.614000 -7.819000 10.138000
v -6.760000 -14.950000 6.638000
v -5.486000 -14.950000 6.638000
v -7.278000 -14.950000 7.138000
v -5.065000 -14.950000 7.138000
v -7.570000 -14.950000 7.638000
v -4.837000 -14.950000 7.638000
v -7.725000 -14.950000 8.138000
v -4.721000 -14.950000 8.138000
v -7.891000 -14.950000 8.638000
v -4.723000 -14.950000 8.638000
v -7.892000 -14.950000 9.138000
v -4.729000 -14.950000 9.138000
v -7.919000 -14.950000 9.638000
v -4.741000 -14.950000 9.638000
v -7.941000 -14.950000 10.138000
v -4.923000 -14.950000 10.138000
v -8.051000 -14.950000 10.638000
v -5.365000 -14.950000 10.638000
v -8.328000 -14.950000 11.138000
v -5.664000 -14.950000 11.138000
v -8.518000 -14.950000 11.638000
v -5.744000 -14.950000 11.638000
v -8.513000 -14.950000 12.138000
v -5.764000 -14.950000 12.138000
v -8.312000 -14.950000 12.638000
v -5.965000 -14.950000 12.638000
v -7.742000 -14.950000 13.138000
v -6.535000 -14.950000 13.138000
v -3.564000 -10.950000 -7.862000
v -2.613000 -10.950000 -7.862000
v -4.770000 -10.950000 -7.362000
v -1.991000 -10.950000 -7.362000
v -5.929000 -10.950000 -6.862000
v -1.791000 -10.950000 -6.862000
v -6.276000 -10.950000 -6.362000
v -1.799000 -10.950000 -6.362000
v -6.505000 -10.950000 -5.862000
v -1.873000 -10.950000 -5.862000
v -6.546000 -10.950000 -5.362000
v -2.085000 -10.950000 -5.362000
v -6.535000 -10.950000 -4.862000
v -2.495000 -10.950000 -4.862000
v -6.524000 -10.950000 -4.362000
v -2.930000 -10.950000 -4.362000
v -6.570000 -10.950000 -3.862000
v -3.190000 -10.950000 -3.862000
v -6.606000 -10.950000 -3.362000
v -3.404000 -10.950000 -3.362000
v -6.803000 -10.950000 -2.862000
v -3.891000 -10.950000 -2.862000
v -7.201000 -10.950000 -2.362000
v -4.478000 -10.950000 -2.362000
v -7.764000 -10.950000 -1.862000
v -4.945000 -10.950000 -1.862000
v -8.242000 -10.950000 -1.362000
v -5.106000 -10.950000 -1.362000
v -8.933000 -10.950000 -0.862000
v -5.091000 -10.950000 -0.862000
v -9.685000 -10.950000 -0.362000
v -4.957000 -10.950000 -0.362000
v -9.917000 -10.950000 0.138000
v -4.784000 -10.950000 0.138000
v -9.950000 -10.950000 0.638000
v -4.687000 -10.950000 0.638000
v -9.998000 -10.950000 1.138000
v -4.455000 -10.950000 1.138000
v -9.979000 -10.950000 1.638000
v -4.259000 -10.950000 1.638000
v -9.766000 -10.950000 2.138000
v -4.220000 -10.950000 2.138000
v -9.408000 -10.950000 2.638000
v -4.138000 -10.950000 2.638000
v -9.090000 -10.950000 3.138000
v -3.894000 -10.950000 3.138000
v -9.089000 -10.950000 3.638000
v -3.521000 -10.950000 3.638000
v -9.591000 -10.950000 4.138000
v -3.314000 -10.950000 4.138000
v -10.268000 -10.950000 4.638000
v -3.312000 -10.950000 4.638000
v -10.830000 -10.950000 5.138000
v -3.326000 -10.950000 5.138000
v -11.030000 -10.950000 5.638000
v -3.354000 -10.950000 5.638000
v -11.033000 -10.950000 6.138000
v -3.574000 -10.950000 6.138000
v -11.018000 -10.950000 6.638000
v -3.980000 -10.950000 6.638000
v -11.020000 -10.950000 7.138000
v -4.195000 -10.950000 7.138000
v -10.830000 -10.950000 7.638000
v -4.331000 -10.950000 7.638000
v -10.487000 -10.950000 8.138000
v -4.562000 -10.950000 8.138000
v -10.254000 -10.950000 8.638000
v -5.063000 -10.950000 8.638000
v -10.002000 -10.950000 9.138000
v -5.832000 -10.950000 9.138000
v -9.894000 -10.950000 9.638000
v -6.257000 -10.950000 9.638000
v -9.674000 -10.950000 10.138000
v -6.686000 -10.950000 10.138000
v -8.973000 -10.950000 10.638000
v -7.625000 -10.950000 10.638000
v -8.114000 -14.950000 10.783000
v -8.114000 -14.950000 12.878000
v -7.614000 -14.950000 7.817000
v -7.614000 -14.950000 13.191000
v -7.114000 -14.950000 6.992000
v -7.114000 -14.950000 13.274000
v -6.614000 -14.950000 6.527000
v -6.614000 -14.950000 13.172000
v -6.114000 -14.950000 6.323000
v -6.114000 -14.950000 12.828000
v -5.614000 -14.950000 6.528000
v -5.614000 -14.950000 11.012000
v -5.114000 -14.950000 7.065000
v -5.114000 -14.950000 10.387000
v -10.614000 -10.950000 4.879000
v -10.614000 -10.950000 7.926000
v -10.114000 -10.950000 4.546000
v -10.114000 -10.950000 8.875000
v -9.614000 -10.950000 -0.448000
v -9.614000 -10.950000 2.351000
v -9.614000 -10.950000 4.158000
v -9.614000 -10.950000 10.216000
v -9.114000 -10.950000 -0.789000
v -9.114000 -10.950000 3.082000
v -9.114000 -10.950000 3.683000
v -9.114000 -10.950000 10.584000
v -8.614000 -10.950000 -1.032000
v -8.614000 -10.950000 10.725000
v -8.114000 -10.950000 -1.479000
v -8.114000 -10.950000 10.743000
v -7.614000 -10.950000 -2.001000
v -7.614000 -10.950000 10.634000
v -7.114000 -10.950000 -2.446000
v -7.114000 -10.950000 10.377000
v -6.614000 -10.950000 -3.315000
v -6.614000 -10.950000 10.068000
v -6.114000 -10.950000 -6.676000
v -6.114000 -10.950000 9.436000
v -5.614000 -10.950000 -7.031000
v -5.614000 -10.950000 8.952000
v -5.114000 -10.950000 -7.182000
v -5.114000 -10.950000 8.674000
v -4.614000 -10.950000 -7.467000
v -4.614000 -10.950000 -2.255000
v -4.614000 -10.950000 0.839000
v -4.614000 -10.950000 8.210000
v -4.114000 -10.950000 -7.633000
v -4.114000 -10.950000 -2.667000
v -4.114000 -10.950000 2.711000
v -4.114000 -10.950000 6.902000
v -3.614000 -10.950000 -7.842000
v -3.614000 -10.950000 -3.112000
v -3.614000 -10.950000 3.517000
v -3.614000 -10.950000 6.191000
v -3.114000 -10.950000 -7.951000
v -3.114000 -10.950000 -4.049000
v -2.614000 -10.950000 -7.863000
v -2.614000 -10.950000 -4.708000
v -2.114000 -10.950000 -7.520000
v -2.114000 -10.950000 -5.322000
v -8.114000 -8.825000 -9.362000
v -8.114000 -7.984000 -9.362000
v -7.614000 -9.046000 -9.362000
v -7.614000 -7.769000 -9.362000
v -7.114000 -9.177000 -9.362000
v -7.114000 -7.815000 -9.362000
v -6.614000 -8.983000 -9.362000
v -6.614000 -8.009000 -9.362000
v -7.114000 -10.037000 -5.362000
v -7.114000 -8.503000 -5.362000
v -6.614000 -10.847000 -5.362000
v -6.614000 -8.169000 -5.362000
v -6.114000 -11.593000 -5.362000
v -6.114000 -7.894000 -5.362000
v -5.614000 -12.043000 -5.362000
v -5.614000 -7.789000 -5.362000
v -5.114000 -12.159000 -5.362000
v -5.114000 -7.808000 -5.362000
v -4.614000 -12.187000 -5.362000
v -4.614000 -7.739000 -5.362000
v -4.114000 -12.120000 -5.362000
v -4.114000 -7.859000 -5.362000
v -3.614000 -11.954000 -5.362000
v -3.614000 -8.289000 -5.362000
v -3.114000 -11.756000 -5.362000
v -3.114000 -8.613000 -5.362000
v -2.614000 -11.496000 -5.362000
v -2.614000 -8.895000 -5.362000
v -2.114000 -11.006000 -5.362000
v -2.114000 -9.406000 -5.362000
v -8.614000 -13.042000 -1.362000
v -8.614000 -11.303000 -1.362000
v -8.114000 -13.868000 -1.362000
v -8.114000 -10.836000 -1.362000
v -7.614000 -14.388000 -1.362000
v -7.614000 -10.400000 -1.362000
v -7.114000 -14.735000 -1.362000
v -7.114000 -10.103000 -1.362000
v -6.614000 -14.837000 -1.362000
v -6.614000 -10.018000 -1.362000
v -6.114000 -14.863000 -1.362000
v -6.114000 -10.125000 -1.362000
v -5.614000 -14.769000 -1.362000
v -5.614000 -10.468000 -1.362000
v -5.114000 -14.434000 -1.362000
v -5.114000 -10.943000 -1.362000
v -9.114000 -12.114000 2.638000
v -9.114000 -10.414000 2.638000
v -8.614000 -12.561000 2.638000
v -8.614000 -10.174000 2.638000
v -8.114000 -12.924000 2.638000
v -8.114000 -9.844000 2.638000
v -7.614000 -13.426000 2.638000
v -7.614000 -9.301000 2.638000
v -7.114000 -13.756000 2.638000
v -7.114000 -8.859000 2.638000
v -6.614000 -13.912000 2.638000
v -6.614000 -8.684000 2.638000
v -6.114000 -14.043000 2.638000
v -6.114000 -8.753000 2.638000
v -5.614000 -13.944000 2.638000
v -5.614000 -9.024000 2.638000
v -5.114000 -13.494000 2.638000
v -5.114000 -9.490000 2.638000
v -4.614000 -12.533000 2.638000
v -4.614000 -9.938000 2.638000
v -4.114000 -11.524000 2.638000
v -4.114000 -11.362000 2.638000
v -10.614000 -11.890000 6.638000
v -10.614000 -9.931000 6.638000
v -10.114000 -12.292000 6.638000
v -10.114000 -9.612000 6.638000
v -9.614000 -12.596000 6.638000
v -9.614000 -9.528000 6.638000
v -9.114000 -12.909000 6.638000
v -9.114000 -9.565000 6.638000
v -8.614000 -13.372000 6.638000
v -8.614000 -9.540000 6.638000
v -8.114000 -13.843000 6.638000
v -8.114000 -9.589000 6.638000
v -7.614000 -14.227000 6.638000
v -7.614000 -9.662000 6.638000
v -7.114000 -14.637000 6.638000
v -7.114000 -9.599000 6.638000
v -6.614000 -15.032000 6.638000
v -6.614000 -9.406000 6.638000
v -6.114000 -15.161000 6.638000
v -6.114000 -9.292000 6.638000
v -5.614000 -15.028000 6.638000
v -5.614000 -9.373000 6.638000
v -5.114000 -14.612000 6.638000
v -5.114000 -9.615000 6.638000
v -4.614000 -13.384000 6.638000
v -4.614000 -9.950000 6.638000
v -4.114000 -12.638000 6.638000
v -4.114000 -10.606000 6.638000
v -9.114000 -11.744000 10.638000
v -9.114000 -11.118000 10.638000
v -8.614000 -12.057000 10.638000
v -8.614000 -8.934000 10.638000
v -8.114000 -11.792000 10.638000
v -8.114000 -8.444000 10.638000
v -7.614000 -15.689000 10.638000
v -7.614000 -13.546000 10.638000
v -7.614000 -10.941000 10.638000
v -7.614000 -8.313000 10.638000
v -7.114000 -15.965000 10.638000
v -7.114000 -13.327000 10.638000
v -7.114000 -10.666000 10.638000
v -7.114000 -8.226000 10.638000
v -6.614000 -16.045000 10.638000
v -6.614000 -13.304000 10.638000
v -6.614000 -10.506000 10.638000
v -6.614000 -8.215000 10.638000
v -6.114000 -15.948000 10.638000
v -6.114000 -13.421000 10.638000
v -6.114000 -10.102000 10.638000
v -6.114000 -8.097000 10.638000
v -5.614000 -15.600000 10.638000
v -5.614000 -13.879000 10.638000
v -5.614000 -9.388000 10.638000
v -5.614000 -7.874000 10.638000
v -5.114000 -8.842000 10.638000
v -5.114000 -8.104000 10.638000
f 545 1041 207
f 207 1041 1039
f 1041 1361 1039
f 1363 1361 1041
f 1363 1703 1361
f 1705 1703 1363
f 208 1703 2117
f 1703 2041 2117
f 1703 1705 2041
f 2041 546 2117
f 547 713 209
f 209 713 711
f 207 711 713
f 207 713 545
f 2117 2039 208
f 2117 546 2039
f 546 210 2039
f 546 548 210
f 549 209 211
f 549 547 209
f 210 550 212
f 548 550 210
f 551 211 213
f 551 549 211
f 212 552 214
f 550 552 212
f 553 213 215
f 553 551 213
f 214 554 216
f 552 554 214
f 827 555 712
f 555 215 712
f 555 553 215
f 217 827 712
f 2040 2127 218
f 2040 216 2127
f 216 556 2127
f 216 554 556
f 827 714 555
f 1147 557 1040
f 1040 557 217
f 557 714 217
f 714 827 217
f 1362 1463 1147
f 1362 1147 1040
f 1704 1801 1463
f 1704 1463 1362
f 2127 2042 218
f 218 2042 1704
f 2042 558 1704
f 558 1801 1704
f 2127 556 2042
f 1147 1042 557
f 1042 1147 1364
f 1364 1147 1463
f 1364 1463 1706
f 1706 1463 1801
f 1801 558 1706
f 178 59 219
f 516 397 178
f 178 397 59
f 822 727 516
f 516 727 397
f 822 220 727
f 559 1299 1421
f 1421 1299 221
f 1299 1637 221
f 1299 1639 1637
f 1639 1975 1637
f 1977 1975 1639
f 1977 2301 1975
f 2303 2301 1977
f 61 178 219
f 2301 61 219
f 2303 61 2301
f 178 61 399
f 178 399 516
f 516 399 729
f 516 729 822
f 560 1142 1055
f 560 1055 220
f 729 560 220
f 822 729 220
f 1142 222 1055
f 1423 561 1421
f 1421 561 559
f 1421 221 223
f 1421 223 1423
f 1057 1142 560
f 562 1464 1377
f 562 1377 222
f 1057 562 222
f 1142 1057 222
f 1464 224 1377
f 1297 225 1423
f 225 561 1423
f 225 563 561
f 1423 223 1297
f 564 1470 1464
f 564 1464 562
f 224 1464 226
f 226 1464 1470
f 565 225 227
f 565 563 225
f 566 1474 1470
f 566 1470 564
f 226 1470 228
f 228 1470 1474
f 567 227 229
f 567 565 227
f 568 1478 1474
f 568 1474 566
f 228 1474 230
f 230 1474 1478
f 229 1298 567
f 567 1298 1300
f 569 1300 1298
f 569 1298 231
f 1058 570 1164
f 1478 568 1058
f 1478 1058 1164
f 1378 1478 1164
f 232 1378 1164
f 230 1478 1378
f 231 1638 569
f 569 1638 1640
f 1638 233 2112
f 1978 1638 2112
f 1640 1638 1978
f 571 1978 2112
f 730 572 854
f 1164 570 730
f 854 1164 730
f 1166 1164 854
f 232 1164 234
f 234 1164 1166
f 1976 2112 233
f 2304 571 2422
f 2422 571 235
f 571 2112 235
f 2112 1976 235
f 2304 2422 204
f 2304 204 62
f 62 204 542
f 62 542 400
f 854 572 400
f 542 854 400
f 856 854 542
f 1056 1166 236
f 1166 856 236
f 1166 854 856
f 234 1166 1056
f 2302 2422 235
f 60 204 2302
f 2302 204 2422
f 398 542 60
f 60 542 204
f 728 856 398
f 398 856 542
f 236 856 728
f 573 1655 1745
f 1745 1655 2077
f 2077 1655 1993
f 2077 1993 2383
f 2383 1993 2319
f 2319 574 2383
f 575 1315 237
f 237 1315 1313
f 1315 573 1745
f 1653 1315 1745
f 1313 1315 1653
f 2077 1991 1653
f 2077 1653 1745
f 2387 238 1991
f 2077 2387 1991
f 2383 2387 2077
f 77 157 574
f 157 2383 574
f 157 2387 2383
f 77 576 157
f 577 993 239
f 239 993 991
f 237 991 993
f 237 993 575
f 2387 2317 238
f 161 240 2317
f 2387 161 2317
f 157 161 2387
f 157 576 161
f 161 576 578
f 579 665 241
f 241 665 663
f 239 663 665
f 239 665 577
f 161 75 240
f 578 407 499
f 578 499 242
f 161 578 242
f 75 161 242
f 407 580 499
f 581 331 243
f 243 331 329
f 241 329 331
f 241 331 579
f 505 244 242
f 505 242 499
f 733 811 580
f 811 499 580
f 811 505 499
f 733 582 811
f 583 9 245
f 245 9 7
f 243 7 9
f 243 9 581
f 505 405 244
f 817 246 405
f 505 817 405
f 811 817 505
f 811 582 817
f 817 582 584
f 585 245 247
f 585 583 245
f 823 248 246
f 823 246 817
f 817 584 823
f 823 584 586
f 587 247 249
f 587 585 247
f 829 250 248
f 829 248 823
f 823 586 829
f 829 586 588
f 589 249 251
f 589 587 249
f 406 525 252
f 829 734 250
f 250 734 406
f 734 590 406
f 590 525 406
f 829 588 734
f 251 8 589
f 589 8 10
f 591 10 8
f 591 8 253
f 78 592 254
f 78 254 76
f 525 408 252
f 408 76 252
f 408 78 76
f 525 590 408
f 253 330 591
f 591 330 332
f 664 332 330
f 664 666 332
f 992 666 664
f 992 994 666
f 1314 994 992
f 1314 1316 994
f 1654 1316 1314
f 1654 1656 1316
f 1992 1656 1654
f 1992 1994 1656
f 2318 1994 1992
f 2318 2320 1994
f 2318 254 2320
f 2320 254 592
f 593 2009 255
f 255 2009 2007
f 2009 594 2007
f 2007 594 256
f 595 1671 257
f 257 1671 1669
f 255 1669 1671
f 255 1671 593
f 2333 256 594
f 2333 594 2335
f 2335 596 2333
f 2333 596 258
f 597 1009 1095
f 1095 1009 259
f 1009 1329 259
f 1009 1331 1329
f 257 1329 1331
f 257 1331 595
f 598 166 91
f 258 598 91
f 596 598 258
f 166 260 91
f 599 681 261
f 261 681 679
f 681 597 1095
f 1007 681 1095
f 679 681 1007
f 1095 259 1007
f 93 166 598
f 600 506 421
f 600 421 260
f 93 600 260
f 166 93 260
f 506 262 421
f 601 261 263
f 601 599 261
f 423 506 600
f 602 818 747
f 602 747 262
f 423 602 262
f 506 423 262
f 818 264 747
f 603 347 265
f 265 347 345
f 263 345 347
f 263 347 601
f 749 818 602
f 749 604 818
f 604 264 818
f 604 266 264
f 605 265 267
f 605 603 265
f 266 606 268
f 604 606 266
f 607 267 269
f 607 605 267
f 268 608 270
f 606 608 268
f 269 346 607
f 607 346 348
f 609 348 346
f 609 346 271
f 750 610 272
f 750 272 748
f 748 270 750
f 750 270 608
f 271 680 609
f 609 680 682
f 1008 1113 611
f 682 1008 611
f 680 1008 682
f 273 1113 1008
f 272 612 274
f 610 612 272
f 1113 1010 611
f 1433 613 1330
f 1330 613 273
f 613 1010 273
f 1010 1113 273
f 275 1433 1330
f 424 614 276
f 424 276 422
f 422 274 424
f 424 274 612
f 1433 1332 613
f 1779 615 1670
f 1670 615 275
f 615 1332 275
f 1332 1433 275
f 2008 2109 1779
f 2008 1779 1670
f 2334 2417 2109
f 2334 2109 2008
f 94 616 2417
f 2334 94 2417
f 92 94 2334
f 92 276 94
f 94 276 614
f 1779 1672 615
f 1672 1779 2010
f 2010 1779 2109
f 2010 2109 2336
f 2336 2109 2417
f 2417 616 2336
f 617 2025 277
f 277 2025 2023
f 2025 2349 2023
f 2351 2349 2025
f 2351 109 2349
f 111 109 2351
f 486 443 618
f 443 111 618
f 443 109 111
f 486 278 443
f 619 1687 279
f 279 1687 1685
f 277 1685 1687
f 277 1687 617
f 445 486 618
f 445 620 486
f 620 278 486
f 620 280 278
f 1404 1345 281
f 279 1345 1404
f 621 279 1404
f 619 279 621
f 280 622 282
f 620 622 280
f 1404 281 1347
f 281 623 1347
f 281 283 623
f 621 1404 1347
f 753 282 622
f 753 622 755
f 755 624 753
f 753 624 284
f 625 697 285
f 285 697 695
f 697 1023 695
f 1025 1023 697
f 283 1023 1025
f 283 1025 623
f 284 626 286
f 624 626 284
f 627 363 287
f 287 363 361
f 285 361 363
f 285 363 625
f 286 628 288
f 626 628 286
f 629 23 289
f 289 23 21
f 287 21 23
f 287 23 627
f 288 630 290
f 628 630 288
f 631 1941 2063
f 2063 1941 291
f 1941 2263 291
f 1941 2265 2263
f 289 2263 2265
f 289 2265 629
f 290 632 292
f 630 632 290
f 633 1613 1737
f 631 2063 1613
f 1613 2063 1737
f 2063 1939 1737
f 1939 293 1737
f 2063 291 1939
f 632 1071 1139
f 294 632 1139
f 292 632 294
f 1071 634 1139
f 1739 635 1737
f 1737 635 633
f 1737 293 295
f 1737 295 1739
f 1145 296 294
f 1145 294 1139
f 1139 634 1145
f 1145 634 636
f 1741 637 1739
f 1739 637 635
f 1739 295 297
f 1739 297 1741
f 1151 298 296
f 1151 296 1145
f 1145 636 1151
f 1151 636 638
f 1741 1614 637
f 2071 639 1940
f 1940 639 297
f 639 1614 297
f 1614 1741 297
f 299 2071 1940
f 754 843 300
f 1151 1072 298
f 298 1072 754
f 1072 640 754
f 640 843 754
f 1151 638 1072
f 2071 1942 639
f 299 2264 2071
f 2264 1942 2071
f 2264 2266 1942
f 22 2266 2264
f 22 24 2266
f 362 24 22
f 362 364 24
f 696 364 362
f 696 698 364
f 641 698 696
f 641 696 301
f 446 642 302
f 446 302 444
f 843 756 300
f 756 444 300
f 756 446 444
f 843 640 756
f 301 1024 641
f 641 1024 1026
f 1346 1026 1024
f 1346 1348 1026
f 1686 1348 1346
f 1686 1688 1348
f 2024 1688 1686
f 2024 2026 1688
f 2350 2026 2024
f 2350 2352 2026
f 110 2352 2350
f 110 112 2352
f 110 302 112
f 112 302 642
f 643 1629 1731
f 1731 1629 303
f 1629 1955 303
f 1629 1957 1955
f 1957 2279 1955
f 2281 2279 1957
f 2281 37 2279
f 39 37 2281
f 39 644 37
f 37 644 304
f 808 769 305
f 808 306 769
f 1627 307 1731
f 307 643 1731
f 307 645 643
f 1731 303 1627
f 377 304 644
f 377 644 379
f 379 646 377
f 377 646 308
f 508 459 309
f 459 508 305
f 508 808 305
f 508 814 808
f 306 808 1085
f 808 1128 1085
f 808 814 1128
f 1128 310 1085
f 647 307 311
f 647 645 307
f 308 648 312
f 646 648 308
f 313 514 309
f 309 514 508
f 820 508 514
f 814 508 820
f 1134 814 820
f 1128 814 1134
f 310 1128 314
f 314 1128 1134
f 649 311 315
f 649 647 311
f 312 650 316
f 648 650 312
f 460 514 313
f 317 826 460
f 826 514 460
f 826 820 514
f 1086 1134 318
f 1134 826 318
f 1134 820 826
f 314 1134 1086
f 315 1628 649
f 649 1628 1630
f 651 1630 1628
f 651 1628 319
f 380 652 476
f 476 320 380
f 320 650 380
f 320 316 650
f 770 826 317
f 318 826 770
f 319 1956 651
f 651 1956 1958
f 2280 1958 1956
f 2280 2282 1958
f 38 2282 2280
f 38 40 2282
f 652 40 476
f 40 378 476
f 40 38 378
f 320 476 378
f 859 1043 545
f 545 1043 1041
f 1043 1363 1041
f 1365 1363 1043
f 1365 1705 1363
f 1707 1705 1365
f 1707 2041 1705
f 2043 2041 1707
f 2043 860 2041
f 2041 860 546
f 861 715 547
f 547 715 713
f 545 713 715
f 545 715 859
f 546 862 548
f 860 862 546
f 863 385 503
f 549 503 385
f 861 549 385
f 547 549 861
f 548 864 550
f 862 864 548
f 509 865 503
f 503 865 863
f 503 549 551
f 503 551 509
f 550 866 552
f 864 866 550
f 515 867 509
f 509 867 865
f 509 551 553
f 509 553 515
f 552 868 554
f 866 868 552
f 519 869 515
f 515 869 867
f 515 553 555
f 515 555 519
f 554 870 556
f 868 870 554
f 523 871 519
f 519 871 869
f 519 555 714
f 833 519 714
f 523 519 833
f 557 833 714
f 2044 872 558
f 2044 558 2042
f 2042 556 2044
f 2044 556 870
f 527 873 523
f 523 873 871
f 523 839 527
f 523 833 839
f 833 557 1042
f 1153 833 1042
f 839 833 1153
f 1364 1469 1153
f 1364 1153 1042
f 1708 874 1469
f 1364 1708 1469
f 1706 1708 1364
f 1706 558 1708
f 1708 558 872
f 531 875 527
f 527 875 873
f 527 845 531
f 527 839 845
f 839 1157 845
f 839 1153 1157
f 876 1157 1366
f 1157 1469 1366
f 1157 1153 1469
f 1469 874 1366
f 877 47 195
f 875 531 47
f 531 195 47
f 531 535 195
f 531 849 535
f 531 845 849
f 845 1161 849
f 845 1157 1161
f 1157 876 1161
f 1161 876 878
f 199 879 195
f 195 879 877
f 195 537 199
f 195 535 537
f 535 851 537
f 535 849 851
f 849 1163 851
f 849 1161 1163
f 1161 878 1163
f 1163 878 880
f 881 2289 2419
f 879 199 2289
f 199 2419 2289
f 199 201 2419
f 199 539 201
f 199 537 539
f 537 853 539
f 537 851 853
f 851 1165 853
f 851 1163 1165
f 1163 880 1165
f 1165 880 882
f 2421 883 2419
f 2419 883 881
f 2419 203 2421
f 2419 201 203
f 201 541 203
f 201 539 541
f 539 855 541
f 539 853 855
f 884 855 1044
f 855 1165 1044
f 855 853 1165
f 1165 882 1044
f 2421 2290 883
f 2290 2421 48
f 48 2421 203
f 48 203 386
f 386 203 541
f 386 541 716
f 716 541 855
f 855 884 716
f 885 979 1103
f 1103 979 1419
f 1419 979 1301
f 1419 1301 1761
f 1761 1301 1641
f 1761 1641 2091
f 2091 1641 1979
f 1979 886 2091
f 1105 887 1103
f 1103 887 885
f 1419 1299 559
f 1105 1419 559
f 1103 1419 1105
f 1761 1639 1299
f 1761 1299 1419
f 2091 1977 1639
f 2091 1639 1761
f 1977 2091 886
f 2305 1977 886
f 2303 1977 2305
f 2305 61 2303
f 63 61 2305
f 63 399 61
f 401 399 63
f 828 729 888
f 729 401 888
f 729 399 401
f 828 560 729
f 1107 889 1105
f 1105 889 887
f 1105 559 561
f 1105 561 1107
f 731 828 888
f 890 1148 1057
f 890 1057 560
f 731 890 560
f 828 731 560
f 1148 562 1057
f 1109 891 1107
f 1107 891 889
f 1107 561 563
f 1107 563 1109
f 892 1154 1148
f 892 1148 890
f 562 1148 564
f 564 1148 1154
f 1111 893 1109
f 1109 893 891
f 1109 563 565
f 1109 565 1111
f 894 1158 1154
f 894 1154 892
f 564 1154 566
f 566 1154 1158
f 1111 980 893
f 895 980 1111
f 565 895 1111
f 567 895 565
f 896 1162 1158
f 896 1158 894
f 566 1158 568
f 568 1158 1162
f 567 1300 895
f 895 1300 1302
f 897 1302 1300
f 897 1300 569
f 732 898 852
f 1162 896 732
f 1162 732 852
f 1058 1162 852
f 570 1058 852
f 568 1162 1058
f 569 1640 897
f 897 1640 1642
f 1978 1642 1640
f 1978 1980 1642
f 1978 571 2420
f 2306 1978 2420
f 1980 1978 2306
f 2306 2420 202
f 2306 202 64
f 64 202 540
f 64 540 402
f 852 898 402
f 852 402 540
f 730 852 540
f 572 730 540
f 570 852 730
f 2304 2420 571
f 62 202 2304
f 2304 202 2420
f 400 540 62
f 62 540 202
f 572 540 400
f 899 1317 1401
f 1401 1317 573
f 1317 1655 573
f 1317 1657 1655
f 1657 1993 1655
f 1995 1993 1657
f 1995 2319 1993
f 2321 2319 1995
f 2321 900 2319
f 2319 900 574
f 1315 575 1401
f 575 899 1401
f 575 901 899
f 1401 573 1315
f 77 574 900
f 77 900 79
f 79 902 77
f 77 902 576
f 903 995 577
f 577 995 993
f 575 993 995
f 575 995 901
f 902 409 495
f 578 902 495
f 576 902 578
f 409 904 495
f 905 667 579
f 579 667 665
f 577 665 667
f 577 667 903
f 495 407 578
f 904 735 805
f 904 805 580
f 495 904 580
f 407 495 580
f 735 906 805
f 907 333 581
f 581 333 331
f 579 331 333
f 579 333 905
f 805 733 580
f 906 1059 1125
f 906 1125 582
f 805 906 582
f 733 805 582
f 1059 908 1125
f 132 9 583
f 581 9 132
f 909 581 132
f 907 581 909
f 1131 584 582
f 1131 582 1125
f 1125 908 1131
f 1131 908 910
f 132 583 11
f 583 911 11
f 583 585 911
f 909 132 11
f 1137 586 584
f 1137 584 1131
f 1131 910 1137
f 1137 910 912
f 913 585 587
f 913 911 585
f 1143 588 586
f 1143 586 1137
f 1137 912 1143
f 1143 912 914
f 915 587 589
f 915 913 587
f 734 835 590
f 1143 1060 588
f 588 1060 734
f 1060 916 734
f 916 835 734
f 1143 914 1060
f 589 10 915
f 915 10 12
f 917 12 10
f 917 10 591
f 78 189 592
f 408 529 189
f 408 189 78
f 835 736 590
f 590 736 408
f 736 918 408
f 918 529 408
f 835 916 736
f 591 332 917
f 917 332 334
f 666 334 332
f 666 668 334
f 994 668 666
f 994 996 668
f 1316 996 994
f 1316 1318 996
f 1656 1318 1316
f 1656 1658 1318
f 1994 1658 1656
f 1994 1996 1658
f 2320 1996 1994
f 2320 2322 1996
f 189 80 592
f 80 2320 592
f 80 2322 2320
f 80 189 410
f 410 189 529
f 529 918 410
f 919 2011 2079
f 2011 920 2079
f 921 1673 1751
f 919 2079 1673
f 1673 2079 1751
f 2079 2009 1751
f 2009 593 1751
f 920 2337 2389
f 920 2389 594
f 2079 920 594
f 2009 2079 594
f 2337 922 2389
f 923 1333 1411
f 921 1751 1333
f 1333 1751 1411
f 1751 1671 1411
f 1671 595 1411
f 1751 593 1671
f 2389 2335 594
f 2389 922 2335
f 922 596 2335
f 922 924 596
f 1096 1009 597
f 925 923 1096
f 923 1331 1096
f 1331 1009 1096
f 923 1411 1331
f 1411 595 1331
f 924 95 167
f 598 924 167
f 596 924 598
f 95 926 167
f 782 681 599
f 1011 1096 597
f 1011 597 681
f 927 1011 681
f 782 927 681
f 925 1096 1011
f 167 93 598
f 167 926 93
f 926 600 93
f 926 928 600
f 782 599 683
f 599 929 683
f 599 601 929
f 927 782 683
f 930 512 423
f 600 930 423
f 928 930 600
f 512 602 423
f 931 349 603
f 603 349 347
f 601 347 349
f 601 349 929
f 425 512 930
f 932 824 749
f 932 749 602
f 425 932 602
f 512 425 602
f 824 604 749
f 933 603 605
f 933 931 603
f 934 830 824
f 934 824 932
f 604 824 606
f 606 824 830
f 935 605 607
f 935 933 605
f 936 836 830
f 936 830 934
f 606 830 608
f 608 830 836
f 607 348 935
f 935 348 350
f 937 350 348
f 937 348 609
f 610 750 836
f 936 610 836
f 938 610 936
f 608 836 750
f 609 682 937
f 937 682 684
f 939 684 682
f 939 682 611
f 610 940 612
f 938 940 610
f 611 1010 939
f 939 1010 1012
f 941 1012 1010
f 941 1010 613
f 426 942 614
f 426 614 424
f 424 612 426
f 426 612 940
f 613 1332 941
f 941 1332 1334
f 943 1334 1332
f 943 1332 615
f 96 944 616
f 96 616 94
f 94 614 96
f 96 614 942
f 615 1672 943
f 943 1672 1674
f 2010 1674 1672
f 2010 2012 1674
f 2336 2012 2010
f 2336 2338 2012
f 2336 616 2338
f 2338 616 944
f 2074 2025 617
f 2380 2351 2074
f 2074 2351 2025
f 150 111 2380
f 2380 111 2351
f 150 618 111
f 1744 1687 619
f 2027 2074 617
f 2027 617 1687
f 945 2027 1687
f 1744 945 1687
f 2074 2027 2353
f 2074 2353 2380
f 2380 2353 113
f 2380 113 150
f 946 488 445
f 946 445 618
f 113 946 618
f 150 113 618
f 488 620 445
f 1744 619 1689
f 619 947 1689
f 619 621 947
f 945 1744 1689
f 447 488 946
f 447 948 488
f 948 620 488
f 948 622 620
f 949 1349 623
f 623 1349 1347
f 621 1347 1349
f 621 1349 947
f 755 622 948
f 755 948 757
f 757 950 755
f 755 950 624
f 951 699 625
f 625 699 697
f 699 1025 697
f 1027 1025 699
f 623 1025 1027
f 623 1027 949
f 624 952 626
f 950 952 624
f 953 365 627
f 627 365 363
f 625 363 365
f 625 365 951
f 952 1073 1121
f 628 952 1121
f 626 952 628
f 1073 954 1121
f 955 2267 2367
f 2367 2267 629
f 2267 23 629
f 2267 25 23
f 627 23 25
f 627 25 953
f 1127 630 628
f 1127 628 1121
f 1121 954 1127
f 1127 954 956
f 957 1943 631
f 631 1943 1941
f 1943 955 2367
f 2265 1943 2367
f 1941 1943 2265
f 2367 629 2265
f 1133 632 630
f 1133 630 1127
f 1387 1449 956
f 1449 1127 956
f 1449 1133 1127
f 1387 958 1449
f 959 1615 633
f 633 1615 1613
f 631 1613 1615
f 631 1615 957
f 1133 1071 632
f 1455 634 1071
f 1133 1455 1071
f 1449 1455 1133
f 1449 958 1455
f 1455 958 960
f 961 633 635
f 961 959 633
f 1461 636 634
f 1461 634 1455
f 1455 960 1461
f 1461 960 962
f 963 635 637
f 963 961 635
f 1467 638 636
f 1467 636 1461
f 1719 1803 962
f 1803 1461 962
f 1803 1467 1461
f 1719 964 1803
f 637 1614 963
f 963 1614 1616
f 965 1616 1614
f 965 1614 639
f 1072 1155 640
f 1155 1072 638
f 1467 1155 638
f 1471 1155 1467
f 966 1471 1720
f 1471 1803 1720
f 1471 1467 1803
f 1803 964 1720
f 639 1942 965
f 965 1942 1944
f 2266 1944 1942
f 2266 2268 1944
f 24 2268 2266
f 24 26 2268
f 364 26 24
f 364 366 26
f 698 366 364
f 698 700 366
f 698 641 1114
f 1028 698 1114
f 700 698 1028
f 967 1028 1114
f 114 968 194
f 114 194 642
f 446 114 642
f 448 114 446
f 756 448 446
f 756 758 448
f 1155 1074 640
f 1074 756 640
f 1074 758 756
f 1074 1155 1388
f 1388 1155 1471
f 1471 966 1388
f 1026 1114 641
f 1114 1026 967
f 1026 1350 967
f 1026 1348 1350
f 1688 1350 1348
f 1688 1690 1350
f 2026 1690 1688
f 2026 2028 1690
f 2352 2028 2026
f 2352 2354 2028
f 968 2354 194
f 2354 112 194
f 2354 2352 112
f 642 194 112
f 969 1631 643
f 643 1631 1629
f 1631 1957 1629
f 1959 1957 1631
f 1959 2281 1957
f 2283 2281 1959
f 2283 39 2281
f 41 39 2283
f 41 970 39
f 39 970 644
f 971 643 645
f 971 969 643
f 379 644 970
f 379 970 381
f 381 972 379
f 379 972 646
f 973 645 647
f 973 971 645
f 646 974 648
f 972 974 646
f 975 647 649
f 975 973 647
f 648 976 650
f 974 976 648
f 649 1630 975
f 975 1630 1632
f 977 1632 1630
f 977 1630 651
f 382 978 652
f 382 652 380
f 380 650 382
f 382 650 976
f 651 1958 977
f 977 1958 1960
f 2282 1960 1958
f 2282 2284 1960
f 40 2284 2282
f 40 42 2284
f 40 652 42
f 42 652 978
f 1171 1045 859
f 859 1045 1043
f 1045 1365 1043
f 1367 1365 1045
f 1367 1707 1365
f 1709 1707 1367
f 2118 2043 1172
f 2043 1709 1172
f 2043 1707 1709
f 2118 860 2043
f 1173 717 861
f 861 717 715
f 859 715 717
f 859 717 1171
f 2045 2118 1172
f 2045 1174 2118
f 1174 860 2118
f 1174 862 860
f 1175 387 863
f 863 387 385
f 861 385 387
f 861 387 1173
f 862 1176 864
f 1174 1176 862
f 1177 49 173
f 865 173 49
f 1175 865 49
f 863 865 1175
f 864 1178 866
f 1176 1178 864
f 177 1179 173
f 173 1179 1177
f 173 865 867
f 173 867 177
f 866 1180 868
f 1178 1180 866
f 181 1181 177
f 177 1181 1179
f 177 867 869
f 177 869 181
f 868 1182 870
f 1180 1182 868
f 183 1183 181
f 181 1183 1181
f 181 869 871
f 181 871 183
f 2044 2131 872
f 2044 870 2131
f 870 1184 2131
f 870 1182 1184
f 187 1185 183
f 183 1185 1183
f 183 871 873
f 183 873 187
f 1708 1805 874
f 2131 2046 872
f 872 2046 1708
f 2046 1186 1708
f 1186 1805 1708
f 2131 1184 2046
f 1187 2291 2407
f 1185 187 2291
f 187 2407 2291
f 187 191 2407
f 187 873 875
f 187 875 191
f 1366 1473 876
f 1473 1366 874
f 1805 1473 874
f 1809 1473 1805
f 1805 1186 1809
f 1809 1186 1188
f 2411 1189 2407
f 2407 1189 1187
f 191 47 877
f 2411 191 877
f 2407 191 2411
f 191 875 47
f 1477 878 876
f 1477 876 1473
f 1190 1477 1710
f 1477 1809 1710
f 1477 1473 1809
f 1809 1188 1710
f 1191 1965 2107
f 1189 2411 1965
f 2411 2107 1965
f 2411 2415 2107
f 2411 877 879
f 2411 879 2415
f 1479 880 878
f 1479 878 1477
f 1477 1190 1479
f 1479 1190 1192
f 2111 1193 2107
f 2107 1193 1191
f 2415 2289 881
f 2111 2415 881
f 2107 2415 2111
f 2415 879 2289
f 1481 882 880
f 1481 880 1479
f 1479 1192 1481
f 1481 1192 1194
f 2113 1195 2111
f 2111 1195 1193
f 2111 881 883
f 2111 883 2113
f 1044 1167 884
f 1167 1044 882
f 1481 1167 882
f 1483 1167 1481
f 1481 1194 1483
f 1483 1194 1196
f 2113 1966 1195
f 2423 1197 2290
f 2290 1197 883
f 1197 1966 883
f 1966 2113 883
f 48 205 2423
f 48 2423 2290
f 386 543 205
f 386 205 48
f 716 857 543
f 716 543 386
f 857 716 884
f 1167 857 884
f 1169 857 1167
f 1198 1169 1368
f 1169 1483 1368
f 1169 1167 1483
f 1483 1196 1368
f 2423 2292 1197
f 2292 2423 50
f 50 2423 205
f 50 205 388
f 388 205 543
f 388 543 718
f 718 543 857
f 718 857 1046
f 1046 857 1169
f 1169 1198 1046
f 1199 981 1101
f 1101 981 1417
f 1417 981 1303
f 1417 1303 1759
f 1759 1303 1643
f 1643 1200 1759
f 1201 653 787
f 1199 1101 653
f 653 1101 787
f 1101 979 787
f 979 885 787
f 1417 1301 979
f 1417 979 1101
f 1759 1641 1301
f 1759 1301 1417
f 1641 1759 1200
f 1981 1641 1200
f 1979 1641 1981
f 1981 1202 1979
f 1979 1202 886
f 789 1203 787
f 787 1203 1201
f 787 885 887
f 787 887 789
f 2305 886 1202
f 2305 1202 2307
f 2307 63 2305
f 65 63 2307
f 520 401 1204
f 401 65 1204
f 401 63 65
f 520 888 401
f 791 1205 789
f 789 1205 1203
f 789 887 889
f 789 889 791
f 403 520 1204
f 1206 834 731
f 1206 731 888
f 403 1206 888
f 520 403 888
f 834 890 731
f 793 1207 791
f 791 1207 1205
f 791 889 891
f 791 891 793
f 1208 840 834
f 1208 834 1206
f 890 834 892
f 892 834 840
f 793 654 1207
f 1209 654 793
f 891 1209 793
f 893 1209 891
f 1210 846 840
f 1210 840 1208
f 892 840 894
f 894 840 846
f 893 980 1209
f 1209 980 982
f 1211 982 980
f 1211 980 895
f 1212 850 846
f 1212 846 1210
f 894 846 896
f 896 846 850
f 895 1302 1211
f 1211 1302 1304
f 1213 1304 1302
f 1213 1302 897
f 404 1214 538
f 850 1212 404
f 850 404 538
f 732 850 538
f 898 732 538
f 896 850 732
f 897 1642 1213
f 1213 1642 1644
f 1980 1644 1642
f 1980 1982 1644
f 2306 1982 1980
f 2306 2308 1982
f 64 2308 2306
f 64 66 2308
f 1214 66 538
f 66 402 538
f 66 64 402
f 898 538 402
f 1215 1319 899
f 899 1319 1317
f 1319 1657 1317
f 1659 1657 1319
f 1659 1995 1657
f 1997 1995 1659
f 1997 2321 1995
f 2323 2321 1997
f 900 2321 153
f 2321 81 153
f 2321 2323 81
f 81 1216 153
f 1217 899 901
f 1217 1215 899
f 153 79 900
f 1216 411 491
f 1216 491 902
f 153 1216 902
f 79 153 902
f 411 1218 491
f 1219 997 903
f 903 997 995
f 901 995 997
f 901 997 1217
f 491 409 902
f 491 1218 409
f 1218 904 409
f 1218 1220 904
f 774 667 905
f 903 667 774
f 1221 903 774
f 1219 903 1221
f 735 904 1220
f 735 1220 737
f 737 1222 735
f 735 1222 906
f 464 333 907
f 669 774 905
f 669 905 333
f 1223 669 333
f 464 1223 333
f 1221 774 669
f 1059 906 1222
f 1059 1222 1061
f 1061 1224 1059
f 1059 1224 908
f 464 907 335
f 907 1225 335
f 907 909 1225
f 1223 464 335
f 1224 1379 1447
f 910 1224 1447
f 908 1224 910
f 1379 1226 1447
f 1227 13 911
f 911 13 11
f 909 11 13
f 909 13 1225
f 1453 912 910
f 1453 910 1447
f 1447 1226 1453
f 1453 1226 1228
f 1229 911 913
f 1229 1227 911
f 1459 914 912
f 1459 912 1453
f 1453 1228 1459
f 1459 1228 1230
f 1231 913 915
f 1231 1229 913
f 1060 1149 916
f 1459 1380 914
f 914 1380 1060
f 1380 1232 1060
f 1232 1149 1060
f 1459 1230 1380
f 915 12 1231
f 1231 12 14
f 1233 14 12
f 1233 12 917
f 738 1234 918
f 738 918 736
f 1149 1062 916
f 1062 736 916
f 1062 738 736
f 1149 1232 1062
f 917 334 1233
f 1233 334 336
f 668 336 334
f 668 670 336
f 996 670 668
f 996 998 670
f 1318 998 996
f 1318 1320 998
f 1658 1320 1318
f 1658 1660 1320
f 1996 1660 1658
f 1996 1998 1660
f 2322 1998 1996
f 2322 2324 1998
f 80 2324 2322
f 80 82 2324
f 410 82 80
f 410 412 82
f 410 918 412
f 412 918 1234
f 1235 2013 2075
f 2075 2013 2381
f 2381 2013 2339
f 2339 1236 2381
f 1237 1675 1747
f 1235 2075 1675
f 1675 2075 1747
f 2075 2011 1747
f 2011 919 1747
f 2385 920 2011
f 2075 2385 2011
f 2381 2385 2075
f 97 155 1236
f 155 2381 1236
f 155 2385 2381
f 97 1238 155
f 1239 1335 1407
f 1237 1747 1335
f 1335 1747 1407
f 1747 1673 1407
f 1673 921 1407
f 1747 919 1673
f 2385 2337 920
f 159 922 2337
f 2385 159 2337
f 155 159 2385
f 155 1238 159
f 159 1238 1240
f 1333 923 1407
f 923 1239 1407
f 923 1241 1239
f 1407 921 1333
f 163 924 922
f 163 922 159
f 159 1240 163
f 163 1240 1242
f 1243 1013 1097
f 925 1097 1013
f 1241 925 1013
f 923 925 1241
f 163 95 924
f 163 1242 95
f 1242 926 95
f 1242 1244 926
f 1011 927 1097
f 927 1243 1097
f 927 1245 1243
f 1097 925 1011
f 98 1246 170
f 170 928 98
f 928 1244 98
f 928 926 1244
f 1247 685 929
f 929 685 683
f 927 683 685
f 927 685 1245
f 99 170 1246
f 99 1248 170
f 1248 928 170
f 1248 930 928
f 1249 351 931
f 931 351 349
f 929 349 351
f 929 351 1247
f 425 930 1248
f 425 1248 427
f 427 1250 425
f 425 1250 932
f 1251 931 933
f 1251 1249 931
f 932 1252 934
f 1250 1252 932
f 1253 933 935
f 1253 1251 933
f 934 1254 936
f 1252 1254 934
f 935 350 1253
f 1253 350 352
f 1255 352 350
f 1255 350 937
f 936 1256 938
f 1254 1256 936
f 937 684 1255
f 1255 684 686
f 1257 686 684
f 1257 684 939
f 938 1258 940
f 1256 1258 938
f 939 1012 1257
f 1257 1012 1014
f 1259 1014 1012
f 1259 1012 941
f 428 1260 942
f 428 942 426
f 426 940 428
f 428 940 1258
f 941 1334 1259
f 1259 1334 1336
f 1261 1336 1334
f 1261 1334 943
f 100 1262 944
f 100 944 96
f 96 942 100
f 100 942 1260
f 943 1674 1261
f 1261 1674 1676
f 2012 1676 1674
f 2012 2014 1676
f 2338 2014 2012
f 2338 2340 2014
f 2338 944 2340
f 2340 944 1262
f 1263 2029 945
f 945 2029 2027
f 2029 2353 2027
f 2355 2353 2029
f 2355 113 2353
f 115 113 2355
f 115 1264 113
f 113 1264 946
f 1265 1691 947
f 947 1691 1689
f 945 1689 1691
f 945 1691 1263
f 447 946 1264
f 447 1264 449
f 449 1266 447
f 447 1266 948
f 1267 1351 949
f 949 1351 1349
f 947 1349 1351
f 947 1351 1265
f 757 948 1266
f 757 1266 759
f 759 1268 757
f 757 1268 950
f 1269 701 951
f 951 701 699
f 701 1027 699
f 1029 1027 701
f 949 1027 1029
f 949 1029 1267
f 1268 1075 1117
f 952 1268 1117
f 950 1268 952
f 1075 1270 1117
f 1271 27 125
f 125 27 953
f 27 365 953
f 27 367 365
f 951 365 367
f 951 367 1269
f 1117 1073 952
f 1270 1389 1439
f 1270 1439 954
f 1117 1270 954
f 1073 1117 954
f 1389 1272 1439
f 1273 2269 955
f 955 2269 2267
f 2269 1271 125
f 25 2269 125
f 2267 2269 25
f 125 953 25
f 1443 956 954
f 1443 954 1439
f 1721 1787 1272
f 1787 1439 1272
f 1787 1443 1439
f 1721 1274 1787
f 1275 1945 957
f 957 1945 1943
f 955 1943 1945
f 955 1945 1273
f 1443 1387 956
f 1791 958 1387
f 1443 1791 1387
f 1787 1791 1443
f 1787 1274 1791
f 1791 1274 1276
f 1277 1617 959
f 959 1617 1615
f 957 1615 1617
f 957 1617 1275
f 1795 960 958
f 1795 958 1791
f 1791 1276 1795
f 1795 1276 1278
f 1279 959 961
f 1279 1277 959
f 1799 962 960
f 1799 960 1795
f 2051 2129 1278
f 2129 1795 1278
f 2129 1799 1795
f 2051 1280 2129
f 1281 961 963
f 1281 1279 961
f 1799 1719 962
f 2133 964 1719
f 1799 2133 1719
f 2129 2133 1799
f 2129 1280 2133
f 2133 1280 1282
f 963 1616 1281
f 1281 1616 1618
f 1283 1618 1616
f 1283 1616 965
f 1720 1807 966
f 1807 1720 964
f 2133 1807 964
f 2135 1807 2133
f 2133 1282 2135
f 2135 1282 1284
f 965 1944 1283
f 1283 1944 1946
f 2268 1946 1944
f 2268 2270 1946
f 26 2270 2268
f 26 28 2270
f 366 28 26
f 366 368 28
f 700 368 366
f 700 702 368
f 1028 702 700
f 1028 1030 702
f 1028 967 1430
f 1352 1028 1430
f 1030 1028 1352
f 1352 1430 1772
f 1352 1772 1692
f 1692 1772 2102
f 1692 2102 2030
f 2030 2102 2410
f 2030 2410 2356
f 2356 2410 968
f 114 2356 968
f 116 2356 114
f 448 116 114
f 448 450 116
f 758 450 448
f 758 760 450
f 1074 1159 1285
f 760 1074 1285
f 758 1074 760
f 1388 1475 1159
f 1388 1159 1074
f 1475 1388 966
f 1807 1475 966
f 1811 1475 1807
f 1286 1811 2052
f 1811 2135 2052
f 1811 1807 2135
f 2135 1284 2052
f 1350 1430 967
f 1690 1772 1350
f 1350 1772 1430
f 2028 2102 1690
f 1690 2102 1772
f 2354 2410 2028
f 2028 2410 2102
f 968 2410 2354
f 1159 1076 1285
f 1076 1159 1390
f 1390 1159 1475
f 1390 1475 1722
f 1722 1475 1811
f 1811 1286 1722
f 1732 1631 969
f 1287 1961 1732
f 1961 1631 1732
f 1961 1959 1631
f 1961 2283 1959
f 2285 2283 1961
f 2285 41 2283
f 43 41 2285
f 43 1288 41
f 41 1288 970
f 1732 969 1633
f 969 1289 1633
f 969 971 1289
f 1287 1732 1633
f 381 970 1288
f 381 1288 383
f 383 1290 381
f 381 1290 972
f 1291 971 973
f 1291 1289 971
f 972 1292 974
f 1290 1292 972
f 1293 973 975
f 1293 1291 973
f 974 1294 976
f 1292 1294 974
f 975 1632 1293
f 1293 1632 1634
f 1295 1634 1632
f 1295 1632 977
f 384 1296 978
f 384 978 382
f 382 976 384
f 384 976 1294
f 977 1960 1295
f 1295 1960 1962
f 2284 1962 1960
f 2284 2286 1962
f 42 2286 2284
f 42 44 2286
f 42 978 44
f 44 978 1296
f 1485 1047 1171
f 1171 1047 1045
f 1047 1367 1045
f 1369 1367 1047
f 1369 1709 1367
f 1711 1709 1369
f 1711 1486 1709
f 1709 1486 1172
f 1487 719 1173
f 1173 719 717
f 1171 717 719
f 1171 719 1485
f 2045 1172 1486
f 2045 1486 2047
f 2047 1488 2045
f 2045 1488 1174
f 1489 389 1175
f 1175 389 387
f 1173 387 389
f 1173 389 1487
f 1174 1490 1176
f 1488 1490 1174
f 1491 51 1177
f 1177 51 49
f 1175 49 51
f 1175 51 1489
f 1176 1492 1178
f 1490 1492 1176
f 1493 1177 1179
f 1493 1491 1177
f 1178 1494 1180
f 1492 1494 1178
f 1495 1179 1181
f 1495 1493 1179
f 1180 1496 1182
f 1494 1496 1180
f 1497 2293 2403
f 1183 2403 2293
f 1495 1183 2293
f 1181 1183 1495
f 2048 1498 2132
f 2132 1184 2048
f 1184 1496 2048
f 1184 1182 1496
f 2405 1499 2403
f 2403 1499 1497
f 2403 1183 1185
f 2403 1185 2405
f 1186 2046 2132
f 1498 1186 2132
f 1500 1186 1498
f 1184 2132 2046
f 2291 1187 2405
f 1187 1499 2405
f 1187 1501 1499
f 2405 1185 2291
f 1186 1502 1188
f 1500 1502 1186
f 1503 1967 2103
f 1189 2103 1967
f 1501 1189 1967
f 1187 1189 1501
f 1710 1813 1190
f 1710 1188 1813
f 1188 1504 1813
f 1188 1502 1504
f 1965 1191 2103
f 1191 1503 2103
f 1191 1505 1503
f 2103 1189 1965
f 1190 1813 1712
f 1506 1190 1712
f 1192 1190 1506
f 1813 1504 1712
f 1507 1191 1193
f 1507 1505 1191
f 1192 1508 1194
f 1506 1508 1192
f 1509 1193 1195
f 1509 1507 1193
f 1194 1510 1196
f 1508 1510 1194
f 2115 1511 1966
f 1511 1195 1966
f 1511 1509 1195
f 1197 2115 1966
f 1370 1512 1198
f 1370 1198 1368
f 1368 1196 1370
f 1370 1196 1510
f 2115 1968 1511
f 1197 2292 2115
f 2292 1968 2115
f 2292 2294 1968
f 50 2294 2292
f 50 52 2294
f 388 52 50
f 388 390 52
f 718 390 388
f 718 720 390
f 1046 720 718
f 1046 1048 720
f 1046 1198 1048
f 1048 1198 1512
f 1513 655 777
f 777 655 1099
f 1099 655 983
f 1099 983 1415
f 1415 983 1305
f 1415 1305 1757
f 1757 1305 1645
f 1645 1514 1757
f 1515 321 467
f 1513 777 321
f 777 467 321
f 777 785 467
f 1099 981 1199
f 785 1099 1199
f 777 1099 785
f 1415 1303 981
f 1415 981 1099
f 1757 1643 1303
f 1757 1303 1415
f 1514 1983 2089
f 1514 2089 1200
f 1757 1514 1200
f 1643 1757 1200
f 1983 1516 2089
f 471 1517 467
f 467 1517 1515
f 785 653 1201
f 471 785 1201
f 467 785 471
f 785 1199 653
f 2089 1981 1200
f 1516 2309 2399
f 1516 2399 1202
f 2089 1516 1202
f 1981 2089 1202
f 2309 1518 2399
f 475 1519 471
f 471 1519 1517
f 471 1201 1203
f 471 1203 475
f 2399 2307 1202
f 2307 2399 1518
f 67 2307 1518
f 65 2307 67
f 67 1520 65
f 65 1520 1204
f 477 1521 475
f 475 1521 1519
f 475 1203 1205
f 475 1205 477
f 1522 524 403
f 1204 1522 403
f 1520 1522 1204
f 524 1206 403
f 477 322 1521
f 1523 322 477
f 1205 1523 477
f 1207 1523 1205
f 1524 528 524
f 1524 524 1522
f 1206 524 1208
f 1208 524 528
f 1207 654 1523
f 1523 654 656
f 1525 656 654
f 1525 654 1209
f 1526 532 528
f 1526 528 1524
f 1208 528 1210
f 1210 528 532
f 1209 982 1525
f 1525 982 984
f 1527 984 982
f 1527 982 1211
f 68 1528 196
f 532 1526 68
f 196 532 68
f 536 532 196
f 1210 532 1212
f 1212 532 536
f 1211 1304 1527
f 1527 1304 1306
f 1304 1213 1778
f 1646 1304 1778
f 1306 1304 1646
f 1646 1778 2108
f 1646 2108 1984
f 1984 2108 2416
f 1984 2416 2310
f 196 1528 2310
f 2416 196 2310
f 200 196 2416
f 404 536 1214
f 536 200 1214
f 536 196 200
f 1212 536 404
f 1644 1778 1213
f 1982 2108 1644
f 1644 2108 1778
f 2308 2416 1982
f 1982 2416 2108
f 66 200 2308
f 2308 200 2416
f 1214 200 66
f 1402 1319 1215
f 1529 1661 1402
f 1661 1319 1402
f 1661 1659 1319
f 1661 1997 1659
f 1999 1997 1661
f 1999 2323 1997
f 2325 2323 1999
f 2325 81 2323
f 83 81 2325
f 83 1530 81
f 81 1530 1216
f 1402 1215 1321
f 1215 1531 1321
f 1215 1217 1531
f 1529 1402 1321
f 411 1216 1530
f 411 1530 413
f 413 1532 411
f 411 1532 1218
f 1090 997 1219
f 1217 997 1090
f 1533 1217 1090
f 1531 1217 1533
f 1532 739 799
f 1220 1532 799
f 1218 1532 1220
f 739 1534 799
f 1090 1219 999
f 1219 1535 999
f 1219 1221 1535
f 1533 1090 999
f 799 737 1220
f 799 1534 737
f 1534 1222 737
f 1534 1536 1222
f 778 669 1223
f 1221 669 778
f 1537 1221 778
f 1535 1221 1537
f 1061 1222 1536
f 1061 1536 1063
f 1063 1538 1061
f 1061 1538 1224
f 468 335 1225
f 671 778 1223
f 671 1223 335
f 1539 671 335
f 468 1539 335
f 1537 778 671
f 1379 1224 1538
f 1379 1538 1381
f 1381 1540 1379
f 1379 1540 1226
f 136 13 1227
f 337 468 1225
f 337 1225 13
f 1541 337 13
f 136 1541 13
f 1539 468 337
f 1226 1542 1228
f 1540 1542 1226
f 1229 140 1227
f 1227 140 136
f 1541 136 140
f 1541 140 1543
f 1228 1544 1230
f 1542 1544 1228
f 1231 144 1229
f 1229 144 140
f 1543 140 144
f 1543 144 1545
f 1380 1465 1232
f 1380 1230 1465
f 1230 1546 1465
f 1230 1544 1546
f 14 144 1231
f 1545 144 14
f 1233 1545 14
f 1547 1545 1233
f 738 841 1234
f 1064 1548 841
f 738 1064 841
f 1062 1064 738
f 1465 1382 1232
f 1382 1062 1232
f 1382 1064 1062
f 1465 1546 1382
f 1233 336 1547
f 1547 336 338
f 670 338 336
f 670 672 338
f 998 672 670
f 998 1000 672
f 1320 1000 998
f 1320 1322 1000
f 1660 1771 1549
f 1322 1660 1549
f 1320 1660 1322
f 1998 2101 1771
f 1998 1771 1660
f 2324 2409 2101
f 2324 2101 1998
f 82 193 2409
f 82 2409 2324
f 414 1550 193
f 82 414 193
f 412 414 82
f 841 740 1234
f 740 412 1234
f 740 414 412
f 841 1548 740
f 1771 1662 1549
f 1662 1771 2000
f 2000 1771 2101
f 2000 2101 2326
f 2326 2101 2409
f 2326 2409 84
f 84 2409 193
f 193 1550 84
f 1551 2015 2073
f 2073 2015 2379
f 2379 2015 2341
f 2379 2341 149
f 149 2341 101
f 101 1552 149
f 1553 1677 1743
f 1551 2073 1677
f 1677 2073 1743
f 2073 2013 1743
f 2013 1235 1743
f 2379 2339 2013
f 2379 2013 2073
f 151 1236 2339
f 2379 151 2339
f 149 151 2379
f 429 487 1552
f 487 149 1552
f 487 151 149
f 429 1554 487
f 1555 1337 1403
f 1553 1743 1337
f 1337 1743 1403
f 1743 1675 1403
f 1675 1237 1403
f 1743 1235 1675
f 151 97 1236
f 489 1238 97
f 151 489 97
f 487 489 151
f 487 1554 489
f 489 1554 1556
f 1335 1239 1403
f 1239 1555 1403
f 1239 1557 1555
f 1403 1237 1335
f 493 1240 1238
f 493 1238 489
f 489 1556 493
f 493 1556 1558
f 1559 1239 1241
f 1559 1557 1239
f 1240 493 430
f 1560 1240 430
f 1242 1240 1560
f 493 1558 430
f 1561 1015 1243
f 1243 1015 1013
f 1241 1013 1015
f 1241 1015 1559
f 1242 1562 1244
f 1560 1562 1242
f 1563 687 783
f 1245 783 687
f 1561 1245 687
f 1243 1245 1561
f 98 171 1246
f 98 1244 171
f 1244 1564 171
f 1244 1562 1564
f 685 1247 783
f 1247 1563 783
f 1247 1565 1563
f 783 1245 685
f 171 99 1246
f 171 1564 99
f 1564 1248 99
f 1564 1566 1248
f 1567 353 1249
f 1249 353 351
f 1247 351 353
f 1247 353 1565
f 427 1248 1566
f 427 1566 431
f 431 1568 427
f 427 1568 1250
f 1569 1249 1251
f 1569 1567 1249
f 1250 1570 1252
f 1568 1570 1250
f 1571 1251 1253
f 1571 1569 1251
f 1252 1572 1254
f 1570 1572 1252
f 483 1573 352
f 1573 1253 352
f 1573 1571 1253
f 1255 483 352
f 1254 1574 1256
f 1572 1574 1254
f 483 354 1573
f 1255 686 483
f 686 354 483
f 686 688 354
f 1575 688 686
f 1575 686 1257
f 1256 1576 1258
f 1574 1576 1256
f 1257 1014 1575
f 1575 1014 1016
f 1577 1016 1014
f 1577 1014 1259
f 432 1578 1260
f 432 1260 428
f 428 1258 432
f 432 1258 1576
f 1259 1336 1577
f 1577 1336 1338
f 1579 1338 1336
f 1579 1336 1261
f 102 1580 1262
f 102 1262 100
f 100 1260 102
f 102 1260 1578
f 1261 1676 1579
f 1579 1676 1678
f 2014 1678 1676
f 2014 2016 1678
f 2340 2016 2014
f 2340 2342 2016
f 2340 1262 2342
f 2342 1262 1580
f 2076 2029 1263
f 2382 2355 2076
f 2076 2355 2029
f 152 115 2382
f 2382 115 2355
f 152 1264 115
f 1581 1693 1265
f 1265 1693 1691
f 2031 2076 1263
f 1691 2031 1263
f 1693 2031 1691
f 2076 2031 2357
f 2076 2357 2382
f 2382 2357 117
f 2382 117 152
f 449 1264 152
f 117 449 152
f 451 449 117
f 451 1582 449
f 449 1582 1266
f 1583 1353 1267
f 1267 1353 1351
f 1265 1351 1353
f 1265 1353 1581
f 759 1266 1582
f 759 1582 761
f 761 1584 759
f 759 1584 1268
f 772 701 1269
f 1585 1031 772
f 1031 701 772
f 1031 1029 701
f 1267 1029 1031
f 1267 1031 1583
f 1075 1268 1584
f 1075 1584 1077
f 1077 1586 1075
f 1075 1586 1270
f 126 27 1271
f 1587 369 126
f 369 27 126
f 369 367 27
f 703 772 1269
f 367 703 1269
f 369 703 367
f 1585 772 703
f 1389 1270 1586
f 1389 1586 1391
f 1391 1588 1389
f 1389 1588 1272
f 1589 2271 1273
f 1273 2271 2269
f 29 126 1271
f 2269 29 1271
f 2271 29 2269
f 1587 126 29
f 1721 1272 1588
f 1721 1588 1723
f 1723 1590 1721
f 1721 1590 1274
f 1591 1947 1275
f 1275 1947 1945
f 1273 1945 1947
f 1273 1947 1589
f 1274 1592 1276
f 1590 1592 1274
f 1593 1619 1277
f 1277 1619 1617
f 1275 1617 1619
f 1275 1619 1591
f 1276 1594 1278
f 1592 1594 1276
f 1595 1277 1279
f 1595 1593 1277
f 2051 1278 1594
f 2051 1594 2053
f 2053 1596 2051
f 2051 1596 1280
f 1597 1279 1281
f 1597 1595 1279
f 1694 1598 1766
f 1694 1766 2096
f 1694 2096 2032
f 2032 2096 2404
f 2032 2404 2358
f 1599 2358 2404
f 1280 1600 1282
f 1596 1600 1280
f 1281 1618 1597
f 1597 1618 1620
f 1601 1620 1618
f 1601 1618 1283
f 1354 1602 1426
f 1766 1598 1354
f 1426 1766 1354
f 1768 1766 1426
f 2098 1766 1768
f 2096 1766 2098
f 2406 2096 2098
f 2404 2096 2406
f 190 118 1599
f 2404 190 1599
f 2406 190 2404
f 1603 118 190
f 1282 1604 1284
f 1600 1604 1282
f 1283 1946 1601
f 1601 1946 1948
f 2270 1948 1946
f 2270 2272 1948
f 28 2272 2270
f 28 30 2272
f 368 30 28
f 368 370 30
f 702 370 368
f 702 704 370
f 1030 704 702
f 1030 1032 704
f 1602 1032 1426
f 1032 1352 1426
f 1032 1030 1352
f 1692 1768 1352
f 1352 1768 1426
f 2030 2098 1692
f 1692 2098 1768
f 2356 2406 2030
f 2030 2406 2098
f 116 190 2356
f 2356 190 2406
f 190 116 1603
f 116 452 1603
f 116 450 452
f 760 847 1605
f 452 760 1605
f 450 760 452
f 1285 847 760
f 2054 1606 1286
f 2054 1286 2052
f 2052 1284 2054
f 2054 1284 1604
f 847 762 1605
f 1285 1076 847
f 1076 762 847
f 1076 1078 762
f 1390 1078 1076
f 1390 1392 1078
f 1722 1392 1390
f 1722 1724 1392
f 1722 1286 1724
f 1724 1286 1606
f 2060 1961 1287
f 2366 2285 2060
f 2060 2285 1961
f 128 43 2366
f 2366 43 2285
f 128 1288 43
f 1734 1633 1289
f 1633 1734 1287
f 1734 2060 1287
f 1734 2062 2060
f 2062 1607 2287
f 2366 2062 2287
f 2060 2062 2366
f 2366 2287 1608
f 130 2366 1608
f 128 2366 130
f 1288 128 383
f 128 466 383
f 128 130 466
f 466 1290 383
f 1291 1736 1289
f 1289 1736 1734
f 1736 1609 1963
f 2062 1736 1963
f 1734 1736 2062
f 1607 2062 1963
f 45 130 1608
f 130 45 1610
f 470 130 1610
f 466 130 470
f 1290 466 1292
f 1292 466 470
f 1293 1738 1291
f 1291 1738 1736
f 2066 1964 1609
f 1736 2066 1609
f 1738 2066 1736
f 1611 1964 2066
f 46 1612 138
f 470 1610 46
f 138 470 46
f 474 470 138
f 1292 470 1294
f 1294 470 474
f 1634 1738 1293
f 1295 2068 1634
f 2068 1738 1634
f 2068 2066 1738
f 2374 2288 1611
f 2066 2374 1611
f 2068 2374 2066
f 138 1612 2288
f 2374 138 2288
f 142 138 2374
f 384 474 1296
f 474 142 1296
f 474 138 142
f 1294 474 384
f 1962 2068 1295
f 2286 2374 1962
f 1962 2374 2068
f 44 142 2286
f 2286 142 2374
f 1296 142 44
f 1116 1047 1485
f 1436 1369 1116
f 1116 1369 1047
f 1782 1711 1436
f 1436 1711 1369
f 1782 1486 1711
f 1817 721 1487
f 1487 721 719
f 1049 1116 1485
f 719 1049 1485
f 721 1049 719
f 1116 1049 1371
f 1116 1371 1436
f 1436 1371 1818
f 1784 1436 1818
f 1782 1436 1784
f 1486 1782 2047
f 1782 2120 2047
f 1782 1784 2120
f 2120 1488 2047
f 1819 391 1489
f 1489 391 389
f 1487 389 391
f 1487 391 1817
f 1713 1784 1818
f 1784 1713 1820
f 2122 1784 1820
f 2120 1784 2122
f 1488 2120 1490
f 1490 2120 2122
f 1821 53 1491
f 1491 53 51
f 1489 51 53
f 1489 53 1819
f 2049 2122 1820
f 2049 1822 2122
f 1822 1490 2122
f 1822 1492 1490
f 1823 1491 1493
f 1823 1821 1491
f 1492 1824 1494
f 1822 1824 1492
f 1825 2295 2401
f 1495 2401 2295
f 1823 1495 2295
f 1493 1495 1823
f 1494 1826 1496
f 1824 1826 1494
f 2293 1497 2401
f 1497 1825 2401
f 1497 1827 1825
f 2401 1495 2293
f 2050 1828 1498
f 2050 1498 2048
f 2048 1496 2050
f 2050 1496 1826
f 1829 1969 2097
f 1499 2097 1969
f 1827 1499 1969
f 1497 1499 1827
f 1498 1830 1500
f 1828 1830 1498
f 2099 1831 2097
f 2097 1831 1829
f 2097 1499 1501
f 2097 1501 2099
f 1500 1832 1502
f 1830 1832 1500
f 1967 1503 2099
f 1503 1831 2099
f 1503 1833 1831
f 2099 1501 1967
f 1502 1834 1504
f 1832 1834 1502
f 1835 1503 1505
f 1835 1833 1503
f 1712 1815 1506
f 1712 1504 1815
f 1504 1836 1815
f 1504 1834 1836
f 1837 1505 1507
f 1837 1835 1505
f 1506 1815 1714
f 1838 1506 1714
f 1508 1506 1838
f 1815 1836 1714
f 1839 1507 1509
f 1839 1837 1507
f 1508 1840 1510
f 1838 1840 1508
f 1970 1839 2116
f 1839 1511 2116
f 1839 1509 1511
f 1841 1970 2116
f 1372 1842 1512
f 1372 1512 1370
f 1370 1510 1372
f 1372 1510 1840
f 1968 2116 1511
f 2116 1968 1841
f 1968 2296 1841
f 1968 2294 2296
f 52 2296 2294
f 52 54 2296
f 390 54 52
f 390 392 54
f 720 392 390
f 720 722 392
f 1048 722 720
f 1048 1050 722
f 1048 1512 1050
f 1050 1512 1842
f 1843 657 1513
f 1513 657 655
f 657 983 655
f 985 983 657
f 985 1305 983
f 1307 1305 985
f 1307 1645 1305
f 1647 1645 1307
f 1514 1645 2087
f 1645 1985 2087
f 1645 1647 1985
f 1985 1844 2087
f 1845 323 1515
f 1515 323 321
f 1513 321 323
f 1513 323 1843
f 2087 1983 1514
f 1844 2311 2397
f 1844 2397 1516
f 2087 1844 1516
f 1983 2087 1516
f 2311 1846 2397
f 1847 1 135
f 1517 135 1
f 1845 1517 1
f 1515 1517 1845
f 2397 2309 1516
f 2397 1846 2309
f 1846 1518 2309
f 1846 1848 1518
f 139 1849 135
f 135 1849 1847
f 135 1517 1519
f 135 1519 139
f 67 1518 1848
f 67 1848 69
f 69 1850 67
f 67 1850 1520
f 143 1851 139
f 139 1851 1849
f 139 1519 1521
f 139 1521 143
f 1520 1852 1522
f 1850 1852 1520
f 143 2 1851
f 481 1853 322
f 322 1853 1521
f 1853 2 1521
f 2 143 1521
f 1523 481 322
f 70 1854 188
f 188 1524 70
f 1524 1852 70
f 1524 1522 1852
f 481 324 1853
f 1523 656 481
f 656 324 481
f 656 658 324
f 1855 658 656
f 1855 656 1525
f 1856 192 188
f 1856 188 1854
f 1524 188 1526
f 1526 188 192
f 1525 984 1855
f 1855 984 986
f 1857 986 984
f 1857 984 1527
f 2312 1858 2412
f 192 1856 2312
f 192 2312 2412
f 68 192 2412
f 1528 68 2412
f 1526 192 68
f 1527 1306 1857
f 1857 1306 1308
f 1646 1308 1306
f 1646 1648 1308
f 1984 1648 1646
f 1984 1986 1648
f 1858 1986 2412
f 1986 2310 2412
f 1986 1984 2310
f 1528 2412 2310
f 1859 1663 1529
f 1529 1663 1661
f 1663 1999 1661
f 2001 1999 1663
f 2001 2325 1999
f 2327 2325 2001
f 2327 83 2325
f 85 83 2327
f 85 1860 83
f 83 1860 1530
f 1861 1323 1531
f 1531 1323 1321
f 1529 1321 1323
f 1529 1323 1859
f 413 1530 1860
f 413 1860 415
f 415 1862 413
f 413 1862 1532
f 1863 1531 1533
f 1863 1861 1531
f 739 1532 1862
f 739 1862 741
f 741 1864 739
f 739 1864 1534
f 1865 1001 1535
f 1535 1001 999
f 1533 999 1001
f 1533 1001 1863
f 1534 1866 1536
f 1864 1866 1534
f 1867 1535 1537
f 1867 1865 1535
f 1063 1536 1866
f 1063 1866 1065
f 1065 1868 1063
f 1063 1868 1538
f 1869 673 1539
f 1539 673 671
f 1537 671 673
f 1537 673 1867
f 1381 1538 1868
f 1381 1868 1383
f 1383 1870 1381
f 1381 1870 1540
f 1871 339 1541
f 1541 339 337
f 1539 337 339
f 1539 339 1869
f 1540 1872 1542
f 1870 1872 1540
f 1873 1541 1543
f 1873 1871 1541
f 1542 1874 1544
f 1872 1874 1542
f 1875 1543 1545
f 1875 1873 1543
f 1544 1876 1546
f 1874 1876 1544
f 340 1875 482
f 1875 1547 482
f 1875 1545 1547
f 1877 340 482
f 1066 1878 1548
f 1066 1548 1064
f 1382 1066 1064
f 1382 1384 1066
f 1382 1546 1384
f 1384 1546 1876
f 338 482 1547
f 482 338 1877
f 338 674 1877
f 338 672 674
f 1000 674 672
f 1000 1002 674
f 1322 1429 1879
f 1002 1322 1879
f 1000 1322 1002
f 1549 1429 1322
f 416 1880 1550
f 416 1550 414
f 740 416 414
f 740 742 416
f 740 1548 742
f 742 1548 1878
f 1429 1324 1879
f 1549 1662 1429
f 1662 1324 1429
f 1662 1664 1324
f 2000 1664 1662
f 2000 2002 1664
f 2326 2002 2000
f 2326 2328 2002
f 84 2328 2326
f 84 86 2328
f 84 1550 86
f 86 1550 1880
f 1881 2017 1551
f 1551 2017 2015
f 2017 2341 2015
f 2343 2341 2017
f 2343 101 2341
f 103 101 2343
f 103 1882 101
f 101 1882 1552
f 1883 1339 1399
f 1399 1339 1553
f 1339 1677 1553
f 1339 1679 1677
f 1551 1677 1679
f 1551 1679 1881
f 429 1552 1882
f 429 1882 433
f 433 1884 429
f 429 1884 1554
f 1337 1555 1399
f 1555 1883 1399
f 1555 1885 1883
f 1399 1553 1337
f 1554 1886 1556
f 1884 1886 1554
f 1887 1555 1557
f 1887 1885 1555
f 1556 1888 1558
f 1886 1888 1556
f 1889 1017 1091
f 1559 1091 1017
f 1887 1559 1017
f 1557 1559 1887
f 434 1890 1560
f 434 1560 430
f 430 1558 434
f 434 1558 1888
f 1015 1561 1091
f 1561 1889 1091
f 1561 1891 1889
f 1091 1559 1015
f 1560 1892 1562
f 1890 1892 1560
f 1893 689 1563
f 1563 689 687
f 1561 687 689
f 1561 689 1891
f 1562 1894 1564
f 1892 1894 1562
f 1895 355 469
f 1565 469 355
f 1893 1565 355
f 1563 1565 1893
f 1564 1896 1566
f 1894 1896 1564
f 1897 15 137
f 1895 469 15
f 15 469 137
f 469 353 137
f 353 1567 137
f 469 1565 353
f 431 1566 1896
f 431 1896 435
f 435 1898 431
f 431 1898 1568
f 141 1899 137
f 137 1899 1897
f 137 1567 1569
f 137 1569 141
f 1568 1900 1570
f 1898 1900 1568
f 145 1901 141
f 141 1901 1899
f 141 1569 1571
f 141 1571 145
f 1570 1902 1572
f 1900 1902 1570
f 145 16 1901
f 1903 16 145
f 1571 1903 145
f 1573 1903 1571
f 1572 1904 1574
f 1902 1904 1572
f 1573 354 1903
f 1903 354 356
f 688 356 354
f 688 690 356
f 1905 690 688
f 1905 688 1575
f 1574 1906 1576
f 1904 1906 1574
f 1575 1016 1905
f 1905 1016 1018
f 1907 1018 1016
f 1907 1016 1577
f 436 1908 1578
f 436 1578 432
f 432 1576 436
f 436 1576 1906
f 1577 1338 1907
f 1907 1338 1340
f 1909 1340 1338
f 1909 1338 1579
f 104 1910 1580
f 104 1580 102
f 102 1578 104
f 104 1578 1908
f 1579 1678 1909
f 1909 1678 1680
f 2016 1680 1678
f 2016 2018 1680
f 2342 2018 2016
f 2342 2344 2018
f 2342 1580 2344
f 2344 1580 1910
f 1911 1695 1581
f 1581 1695 1693
f 1695 2031 1693
f 2033 2031 1695
f 2033 2357 2031
f 2359 2357 2033
f 2359 117 2357
f 119 117 2359
f 490 451 1912
f 451 119 1912
f 451 117 119
f 490 1582 451
f 1913 1355 1583
f 1583 1355 1353
f 1581 1353 1355
f 1581 1355 1911
f 453 490 1912
f 1914 798 761
f 1914 761 1582
f 453 1914 1582
f 490 453 1582
f 798 1584 761
f 1915 1033 1585
f 1585 1033 1031
f 1583 1031 1033
f 1583 1033 1913
f 763 798 1914
f 1077 1584 798
f 763 1077 798
f 1079 1077 763
f 1079 1916 1077
f 1077 1916 1586
f 1917 371 1587
f 1587 371 369
f 371 703 369
f 705 703 371
f 1585 703 705
f 1585 705 1915
f 1391 1586 1916
f 1391 1916 1393
f 1393 1918 1391
f 1391 1918 1588
f 1919 2273 1589
f 1589 2273 2271
f 2273 29 2271
f 31 29 2273
f 1587 29 31
f 1587 31 1917
f 1723 1588 1918
f 1723 1918 1725
f 1725 1920 1723
f 1723 1920 1590
f 1921 1949 1591
f 1591 1949 1947
f 1589 1947 1949
f 1589 1949 1919
f 1590 1922 1592
f 1920 1922 1590
f 1923 1621 1593
f 1593 1621 1619
f 1591 1619 1621
f 1591 1621 1921
f 1592 1924 1594
f 1922 1924 1592
f 1925 1593 1595
f 1925 1923 1593
f 1356 1926 1422
f 1356 1422 1764
f 1356 1764 1696
f 1696 1764 2094
f 1696 2094 2034
f 2034 2094 2402
f 2034 2402 2360
f 1927 2360 2402
f 2053 1594 1924
f 2053 1924 2055
f 2055 1928 2053
f 2053 1928 1596
f 1929 1595 1597
f 1929 1925 1595
f 1930 1424 1422
f 1930 1422 1926
f 1694 1764 1598
f 1764 1424 1598
f 1764 1422 1424
f 2032 2094 1694
f 1694 2094 1764
f 2358 2402 2032
f 2032 2402 2094
f 120 1927 186
f 186 1927 1599
f 1927 2402 1599
f 2402 2358 1599
f 1931 120 186
f 1596 1932 1600
f 1928 1932 1596
f 1597 1620 1929
f 1929 1620 1622
f 1933 1622 1620
f 1933 1620 1601
f 1034 1934 1110
f 1424 1930 1034
f 1424 1034 1110
f 1354 1424 1110
f 1602 1354 1110
f 1598 1424 1354
f 118 186 1599
f 454 1931 530
f 530 1931 1603
f 1931 186 1603
f 186 118 1603
f 1935 454 530
f 1600 1936 1604
f 1932 1936 1600
f 1601 1948 1933
f 1933 1948 1950
f 2272 1950 1948
f 2272 2274 1950
f 30 2274 2272
f 30 32 2274
f 370 32 30
f 370 372 32
f 704 372 370
f 704 706 372
f 1934 706 1110
f 706 1032 1110
f 706 704 1032
f 1602 1110 1032
f 452 530 1603
f 764 1935 848
f 848 1935 1605
f 1935 530 1605
f 530 452 1605
f 1937 764 848
f 2056 1938 1606
f 2056 1606 2054
f 2054 1604 2056
f 2056 1604 1936
f 762 848 1605
f 848 762 1937
f 762 1080 1937
f 762 1078 1080
f 1392 1080 1078
f 1392 1394 1080
f 1724 1394 1392
f 1724 1726 1394
f 1724 1606 1726
f 1726 1606 1938
f 2368 2287 1607
f 2368 1608 2287
f 2064 1963 1609
f 1963 2064 1607
f 2064 2368 1607
f 2064 2370 2368
f 1608 2368 45
f 2368 134 45
f 2368 2370 134
f 134 1610 45
f 1964 2064 1609
f 1611 2372 1964
f 2372 2064 1964
f 2372 2370 2064
f 46 134 1612
f 134 2372 1612
f 134 2370 2372
f 1610 134 46
f 2288 2372 1611
f 1612 2372 2288
f 804 721 1817
f 1120 1049 804
f 804 1049 721
f 1438 1371 1120
f 1120 1371 1049
f 1438 1818 1371
f 2137 393 1819
f 1819 393 391
f 723 804 1817
f 391 723 1817
f 393 723 391
f 804 723 1051
f 804 1051 1120
f 1120 1051 1373
f 1120 1373 1438
f 2138 1786 1713
f 2138 1713 1818
f 1373 2138 1818
f 1438 1373 1818
f 1786 1820 1713
f 2139 55 1821
f 1821 55 53
f 1819 53 55
f 1819 55 2137
f 1715 1786 2138
f 2140 2124 2049
f 2140 2049 1820
f 1715 2140 1820
f 1786 1715 1820
f 2124 1822 2049
f 2141 1821 1823
f 2141 2139 1821
f 2142 2126 2124
f 2142 2124 2140
f 1822 2124 1824
f 1824 2124 2126
f 2143 2297 1825
f 1825 2297 2295
f 1823 2295 2297
f 1823 2297 2141
f 2144 2128 2126
f 2144 2126 2142
f 1824 2126 1826
f 1826 2126 2128
f 2145 1971 2095
f 1827 2095 1971
f 2143 1827 1971
f 1825 1827 2143
f 1828 2050 2128
f 2144 1828 2128
f 2146 1828 2144
f 1826 2128 2050
f 1969 1829 2095
f 1829 2145 2095
f 1829 2147 2145
f 2095 1827 1969
f 1828 2148 1830
f 2146 2148 1828
f 2149 1829 1831
f 2149 2147 1829
f 1830 2150 1832
f 2148 2150 1830
f 2151 1831 1833
f 2151 2149 1831
f 1832 2152 1834
f 2150 2152 1832
f 2153 1833 1835
f 2153 2151 1833
f 1716 2154 1816
f 1816 1836 1716
f 1836 2152 1716
f 1836 1834 2152
f 2155 1835 1837
f 2155 2153 1835
f 1838 1714 1816
f 2154 1838 1816
f 2156 1838 2154
f 1836 1816 1714
f 2157 1837 1839
f 2157 2155 1837
f 1838 2158 1840
f 2156 2158 1838
f 1839 1970 2157
f 2157 1970 1972
f 2159 1972 1970
f 2159 1970 1841
f 1374 2160 1842
f 1374 1842 1372
f 1372 1840 1374
f 1374 1840 2158
f 1841 2296 2159
f 2159 2296 2298
f 54 2298 2296
f 54 56 2298
f 392 56 54
f 392 394 56
f 722 394 392
f 722 724 394
f 1050 724 722
f 1050 1052 724
f 1050 1842 1052
f 1052 1842 2160
f 2161 659 773
f 773 659 1093
f 1093 659 987
f 1093 987 1413
f 1413 987 1309
f 1413 1309 1755
f 1755 1309 1649
f 1755 1649 2085
f 2085 1649 1987
f 1987 2162 2085
f 2163 325 463
f 2161 773 325
f 325 773 463
f 773 657 463
f 657 1843 463
f 1093 985 657
f 1093 657 773
f 1413 1307 985
f 1413 985 1093
f 1755 1647 1307
f 1755 1307 1413
f 2085 1985 1647
f 2085 1647 1755
f 2162 2313 2395
f 2162 2395 1844
f 2085 2162 1844
f 1985 2085 1844
f 2313 2164 2395
f 2165 3 131
f 2163 463 3
f 3 463 131
f 463 323 131
f 323 1845 131
f 463 1843 323
f 2395 2311 1844
f 2164 71 175
f 2164 175 1846
f 2395 2164 1846
f 2311 2395 1846
f 71 2166 175
f 1 1847 131
f 1847 2165 131
f 1847 2167 2165
f 131 1845 1
f 179 1848 1846
f 179 1846 175
f 175 2166 179
f 179 2166 2168
f 2169 1847 1849
f 2169 2167 1847
f 179 69 1848
f 179 2168 69
f 2168 1850 69
f 2168 2170 1850
f 2171 1849 1851
f 2171 2169 1849
f 72 2172 184
f 184 1852 72
f 1852 2170 72
f 1852 1850 2170
f 1851 2 2171
f 2171 2 4
f 2173 4 2
f 2173 2 1853
f 1854 70 184
f 2172 1854 184
f 2174 1854 2172
f 1852 184 70
f 1853 324 2173
f 2173 324 326
f 658 326 324
f 658 660 326
f 2175 660 658
f 2175 658 1855
f 2314 2176 2408
f 2408 1856 2314
f 1856 2174 2314
f 1856 1854 2174
f 1855 986 2175
f 2175 986 988
f 986 1857 1432
f 1310 986 1432
f 988 986 1310
f 1310 1432 1774
f 1310 1774 1650
f 1650 1774 2104
f 1650 2104 1988
f 2408 2176 1988
f 2408 1988 2104
f 2312 2408 2104
f 1858 2312 2104
f 1856 2408 2312
f 1308 1432 1857
f 1648 1774 1308
f 1308 1774 1432
f 1986 2104 1648
f 1648 2104 1774
f 1858 2104 1986
f 1746 1663 1859
f 2177 2003 1746
f 2003 1663 1746
f 2003 2001 1663
f 2003 2327 2001
f 2329 2327 2003
f 2329 85 2327
f 87 85 2329
f 87 2178 85
f 85 2178 1860
f 1406 1323 1861
f 1665 1746 1859
f 1665 1859 1323
f 2179 1665 1323
f 1406 2179 1323
f 2177 1746 1665
f 415 1860 2178
f 415 2178 417
f 417 2180 415
f 415 2180 1862
f 1406 1861 1325
f 1861 2181 1325
f 1861 1863 2181
f 2179 1406 1325
f 2182 800 741
f 1862 2182 741
f 2180 2182 1862
f 800 1864 741
f 2183 1003 1865
f 1865 1003 1001
f 1863 1001 1003
f 1863 1003 2181
f 743 800 2182
f 743 2184 800
f 2184 1864 800
f 2184 1866 1864
f 2185 675 779
f 1867 779 675
f 2183 1867 675
f 1865 1867 2183
f 1065 1866 2184
f 1065 2184 1067
f 1067 2186 1065
f 1065 2186 1868
f 673 1869 779
f 1869 2185 779
f 1869 2187 2185
f 779 1867 673
f 1383 1868 2186
f 1383 2186 1385
f 1385 2188 1383
f 1383 2188 1870
f 2189 341 1871
f 1871 341 339
f 1869 339 341
f 1869 341 2187
f 1870 2190 1872
f 2188 2190 1870
f 2191 1871 1873
f 2191 2189 1871
f 1872 2192 1874
f 2190 2192 1872
f 2193 1873 1875
f 2193 2191 1873
f 1386 2194 1466
f 1466 1876 1386
f 1876 2192 1386
f 1876 1874 2192
f 1875 340 2193
f 2193 340 342
f 2195 342 340
f 2195 340 1877
f 1068 2196 1878
f 1068 1878 1066
f 2194 1068 1466
f 1068 1384 1466
f 1068 1066 1384
f 1876 1466 1384
f 1877 674 2195
f 2195 674 676
f 1002 676 674
f 1002 1004 676
f 2197 1004 1002
f 2197 1002 1879
f 418 2198 1880
f 418 1880 416
f 742 418 416
f 742 744 418
f 742 1878 744
f 744 1878 2196
f 1879 1324 2197
f 2197 1324 1326
f 1664 1326 1324
f 1664 1666 1326
f 2002 1666 1664
f 2002 2004 1666
f 2328 2004 2002
f 2328 2330 2004
f 86 2330 2328
f 86 88 2330
f 86 1880 88
f 88 1880 2198
f 2199 2019 1881
f 1881 2019 2017
f 2019 2343 2017
f 2345 2343 2019
f 2345 103 2343
f 105 103 2345
f 105 2200 103
f 103 2200 1882
f 2201 1341 1883
f 1883 1341 1339
f 1341 1679 1339
f 1681 1679 1341
f 1881 1679 1681
f 1881 1681 2199
f 433 1882 2200
f 433 2200 437
f 437 2202 433
f 433 2202 1884
f 2203 1883 1885
f 2203 2201 1883
f 1884 2204 1886
f 2202 2204 1884
f 2205 1019 1087
f 1887 1087 1019
f 2203 1887 1019
f 1885 1887 2203
f 1886 2206 1888
f 2204 2206 1886
f 1017 1889 1087
f 1889 2205 1087
f 1889 2207 2205
f 1087 1887 1017
f 434 497 1890
f 434 1888 497
f 1888 2208 497
f 1888 2206 2208
f 2209 691 775
f 1891 775 691
f 2207 1891 691
f 1889 1891 2207
f 501 1892 1890
f 501 1890 497
f 497 2208 501
f 501 2208 2210
f 2211 357 465
f 2209 775 357
f 357 775 465
f 775 689 465
f 689 1893 465
f 775 1891 689
f 1892 501 438
f 2212 1892 438
f 1894 1892 2212
f 501 2210 438
f 355 1895 465
f 1895 2211 465
f 1895 2213 2211
f 465 1893 355
f 2212 439 513
f 1896 2212 513
f 1894 2212 1896
f 439 2214 513
f 2215 17 1897
f 1897 17 15
f 1895 15 17
f 1895 17 2213
f 513 435 1896
f 513 2214 435
f 2214 1898 435
f 2214 2216 1898
f 2217 1897 1899
f 2217 2215 1897
f 1898 2218 1900
f 2216 2218 1898
f 2219 1899 1901
f 2219 2217 1899
f 1900 2220 1902
f 2218 2220 1900
f 147 2221 16
f 2221 1901 16
f 2221 2219 1901
f 1903 147 16
f 1902 2222 1904
f 2220 2222 1902
f 147 18 2221
f 1903 356 147
f 356 18 147
f 356 358 18
f 690 795 2223
f 358 690 2223
f 356 690 358
f 1905 795 690
f 1904 2224 1906
f 2222 2224 1904
f 795 692 2223
f 1905 1018 795
f 1018 692 795
f 1018 1020 692
f 2225 1020 1018
f 2225 1018 1907
f 440 2226 1908
f 440 1908 436
f 436 1906 440
f 440 1906 2224
f 1907 1340 2225
f 2225 1340 1342
f 2227 1342 1340
f 2227 1340 1909
f 106 2228 1910
f 106 1910 104
f 104 1908 106
f 106 1908 2226
f 1909 1680 2227
f 2227 1680 1682
f 2018 1682 1680
f 2018 2020 1682
f 2344 2020 2018
f 2344 2346 2020
f 2344 1910 2346
f 2346 1910 2228
f 2229 1697 1911
f 1911 1697 1695
f 1697 2033 1695
f 2035 2033 1697
f 2035 2359 2033
f 2361 2359 2035
f 156 119 2230
f 119 2361 2230
f 119 2359 2361
f 156 1912 119
f 2231 1357 1913
f 1913 1357 1355
f 1911 1355 1357
f 1911 1357 2229
f 121 156 2230
f 453 1912 156
f 121 453 156
f 455 453 121
f 455 2232 453
f 453 2232 1914
f 1092 1033 1915
f 1913 1033 1092
f 2233 1913 1092
f 2231 1913 2233
f 763 1914 2232
f 763 2232 765
f 765 1079 763
f 1081 1079 765
f 1081 2234 1079
f 1079 2234 1916
f 462 371 1917
f 776 705 462
f 462 705 371
f 1035 1092 1915
f 1035 1915 705
f 2235 1035 705
f 776 2235 705
f 2233 1092 1035
f 1393 1916 2234
f 1393 2234 1395
f 1395 2236 1393
f 1393 2236 1918
f 2237 1951 2061
f 2061 1951 1919
f 1951 2273 1919
f 1951 2275 2273
f 2275 31 2273
f 33 31 2275
f 373 462 1917
f 31 373 1917
f 33 373 31
f 462 373 707
f 462 707 776
f 2235 776 707
f 1725 1918 2236
f 1725 2236 1727
f 1727 2238 1725
f 1725 2238 1920
f 1949 1921 2061
f 1921 2237 2061
f 1921 2239 2237
f 2061 1919 1949
f 1358 2240 1418
f 1358 1418 1760
f 1358 1760 1698
f 1698 1760 2090
f 1698 2090 2036
f 2241 2036 2090
f 1920 2242 1922
f 2238 2242 1920
f 2243 1623 1923
f 1923 1623 1621
f 1921 1621 1623
f 1921 1623 2239
f 2244 1420 1418
f 2244 1418 2240
f 1762 1418 1420
f 1760 1418 1762
f 2092 1760 1762
f 2090 1760 2092
f 2400 2362 2241
f 2090 2400 2241
f 2092 2400 2090
f 2245 2362 2400
f 1922 2246 1924
f 2242 2246 1922
f 2247 1923 1925
f 2247 2243 1923
f 1036 2248 1106
f 1420 2244 1036
f 1420 1036 1106
f 1356 1420 1106
f 1926 1356 1106
f 1696 1762 1356
f 1356 1762 1420
f 2034 2092 1696
f 1696 2092 1762
f 2360 2400 2034
f 2034 2400 2092
f 122 2245 182
f 182 2245 1927
f 2245 2400 1927
f 2400 2360 1927
f 2249 122 182
f 2055 1924 2246
f 2055 2246 2057
f 2057 2250 2055
f 2055 2250 1928
f 2251 1925 1929
f 2251 2247 1925
f 2252 1108 1106
f 2252 1106 2248
f 1926 1106 1930
f 1930 1106 1108
f 120 182 1927
f 2249 182 120
f 1931 2249 120
f 2253 2249 1931
f 1928 2254 1932
f 2250 2254 1928
f 1929 1622 2251
f 2251 1622 1624
f 2255 1624 1622
f 2255 1622 1933
f 374 2256 484
f 374 484 794
f 374 794 708
f 1108 2252 708
f 1108 708 794
f 1034 1108 794
f 1934 1034 794
f 1930 1108 1034
f 1931 454 2253
f 2253 454 456
f 2257 456 454
f 2257 454 1935
f 1932 2258 1936
f 2254 2258 1932
f 1933 1950 2255
f 2255 1950 1952
f 2274 1952 1950
f 2274 2276 1952
f 32 2276 2274
f 32 34 2276
f 2256 34 484
f 34 372 484
f 34 32 372
f 706 794 372
f 372 794 484
f 1934 794 706
f 1935 764 2257
f 2257 764 766
f 2259 766 764
f 2259 764 1937
f 2058 2260 1938
f 2058 1938 2056
f 2056 1936 2058
f 2058 1936 2258
f 1937 1080 2259
f 2259 1080 1082
f 1394 1082 1080
f 1394 1396 1082
f 1726 1396 1394
f 1726 1728 1396
f 1726 1938 1728
f 1728 1938 2260
f 2425 1359 1437
f 1359 2426 1437
f 2427 1037 1123
f 2425 1437 1037
f 1437 1123 1037
f 1437 1441 1123
f 1701 1785 2426
f 1785 1437 2426
f 1785 1441 1437
f 1701 2428 1785
f 1129 2429 1123
f 1123 2429 2427
f 1123 1445 1129
f 1123 1441 1445
f 1441 1789 1445
f 1441 1785 1789
f 1785 2428 1789
f 1789 2428 2430
f 1135 2431 1129
f 1129 2431 2429
f 1129 1451 1135
f 1129 1445 1451
f 2432 1451 1702
f 1451 1789 1702
f 1451 1445 1789
f 1789 2430 1702
f 1135 1038 2431
f 1038 1135 1360
f 1360 1135 1451
f 1451 2432 1360
f 504 393 2137
f 810 723 504
f 504 723 393
f 1124 1051 810
f 810 1051 723
f 1442 1373 1124
f 1124 1373 1051
f 1442 2138 1373
f 174 55 2139
f 395 504 2137
f 395 2137 55
f 2433 395 55
f 174 2433 55
f 504 395 725
f 504 725 810
f 810 725 1053
f 810 1053 1124
f 1124 1053 2434
f 1446 1124 2434
f 1442 1124 1446
f 2138 1442 1715
f 1442 1790 1715
f 1442 1446 1790
f 1790 2140 1715
f 174 2139 57
f 2139 2435 57
f 2139 2141 2435
f 2433 174 57
f 1375 1446 2434
f 1446 1375 2436
f 1794 1446 2436
f 1790 1446 1794
f 2140 1790 2142
f 2142 1790 1794
f 2437 1973 2093
f 2093 1973 2143
f 1973 2297 2143
f 1973 2299 2297
f 2141 2297 2299
f 2141 2299 2435
f 1717 1794 2436
f 1717 2438 1794
f 2438 2142 1794
f 2438 2144 2142
f 2439 1635 1765
f 2437 2093 1635
f 1635 2093 1765
f 2093 1971 1765
f 1971 2145 1765
f 2093 2143 1971
f 2144 2440 2146
f 2438 2440 2144
f 1767 2441 1765
f 1765 2441 2439
f 1765 2145 2147
f 1765 2147 1767
f 2146 2442 2148
f 2440 2442 2146
f 1769 2443 1767
f 1767 2443 2441
f 1767 2147 2149
f 1767 2149 1769
f 2148 2444 2150
f 2442 2444 2148
f 1773 2445 1769
f 1769 2445 2443
f 1769 2149 2151
f 1769 2151 1773
f 2150 2446 2152
f 2444 2446 2150
f 1777 2447 1773
f 1773 2447 2445
f 1773 2151 2153
f 1773 2153 1777
f 1718 2448 2154
f 1718 2154 1716
f 1716 2152 1718
f 1718 2152 2446
f 1777 1636 2447
f 2449 1636 1777
f 2153 2449 1777
f 2155 2449 2153
f 1376 2450 1482
f 1482 2156 1376
f 2156 2448 1376
f 2156 2154 2448
f 2451 2155 2157
f 2451 2449 2155
f 2452 1484 1482
f 2452 1482 2450
f 2156 1482 2158
f 2158 1482 1484
f 2157 1972 2451
f 2451 1972 1974
f 2453 1974 1972
f 2453 1972 2159
f 1054 2454 1170
f 1484 2452 1054
f 1484 1054 1170
f 1374 1484 1170
f 2160 1374 1170
f 2158 1484 1374
f 2159 2298 2453
f 2453 2298 2300
f 56 2300 2298
f 56 58 2300
f 394 58 56
f 394 396 58
f 724 396 394
f 724 726 396
f 2454 726 1170
f 726 1052 1170
f 726 724 1052
f 2160 1170 1052
f 2455 989 1089
f 1089 989 1409
f 1409 989 1311
f 1409 1311 1753
f 1753 1311 1651
f 1753 1651 2083
f 2083 1651 1989
f 1989 2456 2083
f 2457 661 2161
f 2161 661 659
f 661 2455 1089
f 987 661 1089
f 659 661 987
f 1409 1309 987
f 1409 987 1089
f 1753 1649 1309
f 1753 1309 1409
f 2083 1987 1649
f 2083 1649 1753
f 2456 2315 2393
f 2456 2393 2162
f 2083 2456 2162
f 1987 2083 2162
f 2315 2458 2393
f 2459 327 2163
f 2163 327 325
f 2161 325 327
f 2161 327 2457
f 2393 2313 2162
f 2458 73 169
f 2458 169 2164
f 2393 2458 2164
f 2313 2393 2164
f 73 2460 169
f 2461 5 2165
f 2165 5 3
f 2163 3 5
f 2163 5 2459
f 169 71 2164
f 169 2460 71
f 2460 2166 71
f 2460 2462 2166
f 2463 2165 2167
f 2463 2461 2165
f 2166 2464 2168
f 2462 2464 2166
f 2465 2167 2169
f 2465 2463 2167
f 2168 2466 2170
f 2464 2466 2168
f 2467 2169 2171
f 2467 2465 2169
f 74 2468 2172
f 74 2172 72
f 72 2170 74
f 74 2170 2466
f 2171 4 2467
f 2467 4 6
f 2469 6 4
f 2469 4 2173
f 2172 2470 2174
f 2468 2470 2172
f 2173 326 2469
f 2469 326 328
f 660 328 326
f 660 662 328
f 660 2175 1112
f 990 660 1112
f 662 660 990
f 990 1112 1428
f 990 1428 1312
f 1312 1428 1770
f 1312 1770 1652
f 1652 1770 2100
f 1652 2100 1990
f 1990 2100 2176
f 2314 1990 2176
f 2316 1990 2314
f 2314 2174 2316
f 2316 2174 2470
f 988 1112 2175
f 1310 1428 988
f 988 1428 1112
f 1650 1770 1310
f 1310 1770 1428
f 1988 2100 1650
f 1650 2100 1770
f 2176 2100 1988
f 2078 2003 2177
f 2384 2329 2078
f 2078 2329 2003
f 154 87 2384
f 2384 87 2329
f 154 2178 87
f 2471 1667 2179
f 2179 1667 1665
f 2005 2078 2177
f 1665 2005 2177
f 1667 2005 1665
f 2078 2005 2331
f 2078 2331 2384
f 2384 2331 89
f 2384 89 154
f 2472 492 417
f 2472 417 2178
f 89 2472 2178
f 154 89 2178
f 492 2180 417
f 2473 1327 2181
f 2181 1327 1325
f 2179 1325 1327
f 2179 1327 2471
f 2474 496 492
f 2474 492 2472
f 2180 492 2182
f 2182 492 496
f 1094 1003 2183
f 2181 1003 1094
f 2475 2181 1094
f 2473 2181 2475
f 419 496 2474
f 2476 806 743
f 2476 743 2182
f 419 2476 2182
f 496 419 2182
f 806 2184 743
f 780 675 2185
f 1005 1094 2183
f 1005 2183 675
f 2477 1005 675
f 780 2477 675
f 2475 1094 1005
f 745 806 2476
f 2478 1126 1067
f 2478 1067 2184
f 745 2478 2184
f 806 745 2184
f 1126 2186 1067
f 780 2185 677
f 2185 2479 677
f 2185 2187 2479
f 2477 780 677
f 1069 1126 2478
f 2480 1448 1385
f 2480 1385 2186
f 1069 2480 2186
f 1126 1069 2186
f 1448 2188 1385
f 472 341 2189
f 2187 341 472
f 2481 2187 472
f 2479 2187 2481
f 2482 1454 1448
f 2482 1448 2480
f 2188 1448 2190
f 2190 1448 1454
f 472 2189 343
f 2189 2483 343
f 2189 2191 2483
f 2481 472 343
f 2484 1460 1454
f 2484 1454 2482
f 2190 1454 2192
f 2192 1454 1460
f 344 2483 478
f 2483 2193 478
f 2483 2191 2193
f 2485 344 478
f 1070 2486 1150
f 1460 2484 1070
f 1460 1070 1150
f 1386 1460 1150
f 2194 1386 1150
f 2192 1460 1386
f 342 478 2193
f 2485 478 342
f 2195 2485 342
f 2487 2485 2195
f 746 2488 842
f 1150 2486 746
f 1150 746 842
f 1068 1150 842
f 2196 1068 842
f 2194 1150 1068
f 2195 676 2487
f 2487 676 678
f 1004 678 676
f 1004 1006 678
f 2489 1006 1004
f 2489 1004 2197
f 418 533 2198
f 2488 2490 533
f 744 2488 533
f 418 744 533
f 842 2488 744
f 2196 842 744
f 2197 1326 2489
f 2489 1326 1328
f 1666 1328 1326
f 1666 1668 1328
f 2004 2105 2491
f 1668 2004 2491
f 1666 2004 1668
f 2332 2492 2105
f 2004 2332 2105
f 2330 2332 2004
f 88 2332 2330
f 88 90 2332
f 533 420 2198
f 420 88 2198
f 420 90 88
f 533 2490 420
f 2105 2006 2491
f 2105 2492 2006
f 2493 2021 2199
f 2199 2021 2019
f 2021 2345 2019
f 2347 2345 2021
f 2347 105 2345
f 107 105 2347
f 2200 105 485
f 105 441 485
f 105 107 441
f 441 2494 485
f 1400 1341 2201
f 2495 1683 1400
f 1683 1341 1400
f 1683 1681 1341
f 2199 1681 1683
f 2199 1683 2493
f 485 437 2200
f 485 2494 437
f 2494 2202 437
f 2494 2496 2202
f 1400 2201 1343
f 2201 2497 1343
f 2201 2203 2497
f 2495 1400 1343
f 2202 2498 2204
f 2496 2498 2202
f 1088 1019 2205
f 2203 1019 1088
f 2499 2203 1088
f 2497 2203 2499
f 2204 2500 2206
f 2498 2500 2204
f 1088 2205 1021
f 2205 2501 1021
f 2205 2207 2501
f 2499 1088 1021
f 2206 2502 2208
f 2500 2502 2206
f 2503 693 2209
f 2209 693 691
f 2207 691 693
f 2207 693 2501
f 2208 2504 2210
f 2502 2504 2208
f 2505 359 2211
f 2211 359 357
f 2209 357 359
f 2209 359 2503
f 438 507 2212
f 438 2210 507
f 2210 2506 507
f 2210 2504 2506
f 2507 19 133
f 2213 133 19
f 2505 2213 19
f 2211 2213 2505
f 507 439 2212
f 507 2506 439
f 2506 2214 439
f 2506 2508 2214
f 2509 2261 2371
f 2507 133 2261
f 2261 133 2371
f 133 17 2371
f 17 2215 2371
f 133 2213 17
f 2508 751 825
f 2216 2508 825
f 2214 2508 2216
f 751 2510 825
f 2373 2511 2371
f 2371 2511 2509
f 2371 2215 2217
f 2371 2217 2373
f 831 2218 2216
f 831 2216 825
f 825 2510 831
f 831 2510 2512
f 2375 2513 2373
f 2373 2513 2511
f 2373 2217 2219
f 2373 2219 2375
f 837 2220 2218
f 837 2218 831
f 831 2512 837
f 837 2512 2514
f 2375 2262 2513
f 2515 2262 2375
f 2219 2515 2375
f 2221 2515 2219
f 2220 837 752
f 2516 2220 752
f 2222 2220 2516
f 837 2514 752
f 2221 18 2515
f 2515 18 20
f 358 20 18
f 358 360 20
f 358 2223 796
f 694 358 796
f 360 358 694
f 2517 694 796
f 2222 2518 2224
f 2516 2518 2222
f 692 796 2223
f 796 692 2517
f 692 1022 2517
f 692 1020 1022
f 2519 1022 1020
f 2519 1020 2225
f 108 2520 198
f 108 198 2226
f 440 108 2226
f 442 108 440
f 440 2224 442
f 442 2224 2518
f 2225 1342 2519
f 2519 1342 1344
f 1342 2227 1780
f 1684 1342 1780
f 1344 1342 1684
f 1684 1780 2110
f 1684 2110 2022
f 2022 2110 2418
f 2022 2418 2348
f 198 2520 2348
f 198 2348 2418
f 106 198 2418
f 2228 106 2418
f 2226 198 106
f 1682 1780 2227
f 2020 2110 1682
f 1682 2110 1780
f 2346 2418 2020
f 2020 2418 2110
f 2228 2418 2346
f 1748 1697 2229
f 2080 2035 1748
f 1748 2035 1697
f 2386 2361 2080
f 2080 2361 2035
f 2386 2230 2361
f 1408 1357 2231
f 1357 1408 2229
f 1408 1748 2229
f 1408 1752 1748
f 1752 2521 2037
f 2080 1752 2037
f 1748 1752 2080
f 2080 2037 2522
f 2390 2080 2522
f 2386 2080 2390
f 2230 2386 121
f 2386 160 121
f 2386 2390 160
f 494 455 160
f 160 455 121
f 494 2232 455
f 2233 1412 2231
f 2231 1412 1408
f 1412 2523 1699
f 1752 1412 1699
f 1408 1412 1752
f 2521 1752 1699
f 2363 2390 2522
f 2390 2363 123
f 2390 123 160
f 160 123 457
f 160 457 494
f 765 2232 494
f 457 765 494
f 767 765 457
f 767 1081 765
f 1083 1081 767
f 1083 2524 1081
f 1081 2524 2234
f 1098 1035 2235
f 1035 1098 2233
f 1098 1412 2233
f 1098 1414 1412
f 1756 1700 2523
f 1412 1756 2523
f 1414 1756 1412
f 2525 1700 1756
f 1395 2234 2524
f 1395 2524 1397
f 1397 2526 1395
f 1395 2526 2236
f 2527 1953 2237
f 2237 1953 1951
f 1953 2275 1951
f 2277 2275 1953
f 2277 33 2275
f 35 33 2277
f 35 373 33
f 375 373 35
f 784 707 2528
f 707 375 2528
f 707 373 375
f 707 784 2235
f 784 1098 2235
f 784 1100 1098
f 1416 1098 1100
f 1414 1098 1416
f 1758 1414 1416
f 1756 1414 1758
f 2088 2038 2525
f 1756 2088 2525
f 1758 2088 1756
f 2038 2088 2396
f 2038 2396 2364
f 2529 2364 2396
f 2530 1788 1727
f 2236 2530 1727
f 2526 2530 2236
f 1788 2238 1727
f 2531 1625 1735
f 2239 1735 1625
f 2527 2239 1625
f 2237 2239 2527
f 709 784 2528
f 784 709 2532
f 1102 784 2532
f 1100 784 1102
f 1358 1416 2240
f 1416 1102 2240
f 1416 1100 1102
f 1698 1758 1358
f 1358 1758 1416
f 2036 2088 1698
f 1698 2088 1758
f 2241 2398 2036
f 2398 2088 2036
f 2398 2396 2088
f 2529 2396 2398
f 2529 2398 2533
f 2534 1792 1788
f 2534 1788 2530
f 2238 1788 2242
f 2242 1788 1792
f 1623 2243 1735
f 2243 2531 1735
f 2243 2535 2531
f 1735 2239 1623
f 2536 1104 1102
f 2536 1102 2532
f 2240 1102 2244
f 2244 1102 1104
f 2362 2398 2241
f 2533 2398 2362
f 2245 2533 2362
f 2537 2533 2245
f 2538 1796 1792
f 2538 1792 2534
f 2242 1792 2246
f 2246 1792 1796
f 1626 2535 1740
f 2535 2247 1740
f 2535 2243 2247
f 2539 1626 1740
f 2248 1036 1104
f 2536 2248 1104
f 2540 2248 2536
f 2244 1104 1036
f 2245 122 2537
f 2537 122 124
f 2541 124 122
f 2541 122 2249
f 2542 1800 1796
f 2542 1796 2538
f 2246 1796 2057
f 1796 2130 2057
f 1796 1800 2130
f 2130 2250 2057
f 2251 1742 2247
f 2247 1742 1740
f 2539 1740 1742
f 2539 1742 2543
f 710 2544 792
f 792 2252 710
f 2252 2540 710
f 2252 2248 2540
f 458 2541 526
f 2541 2253 526
f 2541 2249 2253
f 458 526 838
f 458 838 768
f 2545 768 838
f 1729 1800 2542
f 1800 1729 2546
f 2134 1800 2546
f 2130 1800 2134
f 2250 2130 2254
f 2254 2130 2134
f 1624 1742 2251
f 1954 2543 2072
f 2072 2543 2255
f 2543 1742 2255
f 1742 1624 2255
f 1954 2072 2378
f 1954 2378 2278
f 2278 2378 148
f 2278 148 36
f 36 148 2256
f 374 36 2256
f 376 36 374
f 2544 376 792
f 376 708 792
f 376 374 708
f 2252 792 708
f 456 526 2253
f 2257 844 456
f 844 526 456
f 844 838 526
f 1156 1084 2545
f 838 1156 2545
f 844 1156 838
f 2547 1084 1156
f 1730 2548 1808
f 2134 2546 1730
f 1808 2134 1730
f 2136 2134 1808
f 2254 2134 2258
f 2258 2134 2136
f 1952 2072 2255
f 2276 2378 1952
f 1952 2378 2072
f 34 148 2276
f 2276 148 2378
f 2256 148 34
f 766 844 2257
f 2259 1160 766
f 1160 844 766
f 1160 1156 844
f 1476 1398 2547
f 1156 1476 2547
f 1160 1476 1156
f 1808 2548 1398
f 1476 1808 1398
f 1812 1808 1476
f 2058 2136 2260
f 2136 1812 2260
f 2136 1808 1812
f 2258 2136 2058
f 1082 1160 2259
f 1396 1476 1082
f 1082 1476 1160
f 1728 1812 1396
f 1396 1812 1476
f 2260 1812 1728
f 207 1039 1115
f 1115 1039 1435
f 1435 1039 1361
f 1435 1361 1781
f 1781 1361 1703
f 1703 208 1781
f 209 711 803
f 207 1115 711
f 1115 803 711
f 1115 1119 803
f 1435 1359 2425
f 1119 1435 2425
f 1115 1435 1119
f 1783 2426 1359
f 1435 1783 1359
f 1781 1783 1435
f 2039 2119 208
f 2119 1781 208
f 2119 1783 1781
f 2039 210 2119
f 809 211 803
f 803 211 209
f 1119 1037 2427
f 809 1119 2427
f 803 1119 809
f 1119 2425 1037
f 1783 1701 2426
f 2121 2428 1701
f 1783 2121 1701
f 2119 2121 1783
f 2119 210 2121
f 2121 210 212
f 815 213 809
f 809 213 211
f 809 2427 2429
f 809 2429 815
f 2123 2430 2428
f 2123 2428 2121
f 2121 212 2123
f 2123 212 214
f 821 215 815
f 815 215 213
f 815 2429 2431
f 815 2431 821
f 1702 1793 2432
f 1793 1702 2430
f 2123 1793 2430
f 2125 1793 2123
f 2123 214 2125
f 2125 214 216
f 821 712 215
f 1141 217 1038
f 1038 217 2431
f 217 712 2431
f 712 821 2431
f 1360 1457 1141
f 1360 1141 1038
f 1457 1360 2432
f 1793 1457 2432
f 1797 1457 1793
f 218 1797 2040
f 1797 2125 2040
f 1797 1793 2125
f 2125 216 2040
f 1141 1040 217
f 1040 1141 1362
f 1362 1141 1457
f 1362 1457 1704
f 1704 1457 1797
f 1797 218 1704
f 510 395 2433
f 816 725 510
f 510 725 395
f 1130 1053 816
f 816 1053 725
f 1130 2434 1053
f 219 59 2435
f 2435 59 57
f 397 510 2433
f 57 397 2433
f 59 397 57
f 510 397 727
f 510 727 816
f 816 727 220
f 1136 816 220
f 1130 816 1136
f 2434 1130 1375
f 1130 1452 1375
f 1130 1136 1452
f 1452 2436 1375
f 221 1637 1763
f 1763 1637 2437
f 1637 1973 2437
f 1637 1975 1973
f 1975 2299 1973
f 2301 2299 1975
f 2435 2299 2301
f 2435 2301 219
f 1055 1136 220
f 1136 1055 222
f 1458 1136 222
f 1452 1136 1458
f 2436 1452 1717
f 1452 1798 1717
f 1452 1458 1798
f 1798 2438 1717
f 1635 2439 1763
f 2439 221 1763
f 2439 223 221
f 1763 2437 1635
f 1377 1458 222
f 1458 1377 224
f 1802 1458 224
f 1798 1458 1802
f 2438 1798 2440
f 2440 1798 1802
f 225 1297 1425
f 2441 1425 1297
f 223 2441 1297
f 2439 2441 223
f 226 1806 1802
f 226 1802 224
f 2440 1802 2442
f 2442 1802 1806
f 1427 227 1425
f 1425 227 225
f 1425 2441 2443
f 1425 2443 1427
f 228 1810 1806
f 228 1806 226
f 2442 1806 2444
f 2444 1806 1810
f 1431 229 1427
f 1427 229 227
f 1427 2443 2445
f 1427 2445 1431
f 230 1814 1810
f 230 1810 228
f 2444 1810 2446
f 2446 1810 1814
f 1431 1298 229
f 231 1298 1431
f 2445 231 1431
f 2447 231 2445
f 1378 232 1480
f 1814 230 1378
f 1814 1378 1480
f 1718 1814 1480
f 2448 1718 1480
f 2446 1814 1718
f 2447 1636 231
f 231 1636 1638
f 233 1638 1636
f 233 1636 2449
f 2450 1376 1480
f 232 2450 1480
f 234 2450 232
f 2448 1480 1376
f 1976 233 2114
f 233 2451 2114
f 233 2449 2451
f 235 1976 2114
f 1056 236 1168
f 1168 2452 1056
f 2452 234 1056
f 2452 2450 234
f 1974 2114 2451
f 2302 235 2424
f 2424 235 2453
f 235 2114 2453
f 2114 1974 2453
f 2302 2424 206
f 2302 206 60
f 60 206 544
f 60 544 398
f 398 544 858
f 398 858 728
f 1168 236 728
f 1168 728 858
f 1054 1168 858
f 2454 1054 858
f 2452 1168 1054
f 2300 2424 2453
f 58 206 2300
f 2300 206 2424
f 396 544 58
f 58 544 206
f 726 858 396
f 396 858 544
f 2454 858 726
f 237 1313 1405
f 1405 1313 1749
f 1749 1313 1653
f 1749 1653 2081
f 2081 1653 1991
f 1991 238 2081
f 239 991 2455
f 2455 991 989
f 991 237 1405
f 1311 991 1405
f 989 991 1311
f 1749 1651 1311
f 1749 1311 1405
f 2081 1989 1651
f 2081 1651 1749
f 238 2317 2391
f 238 2391 2456
f 2081 238 2456
f 1989 2081 2456
f 2317 240 2391
f 241 663 2457
f 2457 663 661
f 2455 661 663
f 2455 663 239
f 2391 2315 2456
f 240 75 165
f 240 165 2458
f 2391 240 2458
f 2315 2391 2458
f 75 242 165
f 243 329 2459
f 2459 329 327
f 2457 327 329
f 2457 329 241
f 165 73 2458
f 165 242 73
f 242 2460 73
f 242 244 2460
f 245 7 2461
f 2461 7 5
f 2459 5 7
f 2459 7 243
f 244 405 511
f 2462 244 511
f 2460 244 2462
f 405 246 511
f 247 2461 2463
f 247 245 2461
f 517 2464 2462
f 517 2462 511
f 511 246 517
f 517 246 248
f 249 2463 2465
f 249 247 2463
f 521 2466 2464
f 521 2464 517
f 517 248 521
f 521 248 250
f 251 2465 2467
f 251 249 2465
f 74 185 2468
f 521 406 2466
f 2466 406 74
f 406 252 74
f 252 185 74
f 521 250 406
f 2467 6 251
f 251 6 8
f 253 8 6
f 253 6 2469
f 2468 185 76
f 254 2468 76
f 2470 2468 254
f 185 252 76
f 2469 328 253
f 253 328 330
f 662 330 328
f 662 664 330
f 990 664 662
f 990 992 664
f 1312 992 990
f 1312 1314 992
f 1652 1314 1312
f 1652 1654 1314
f 1990 1654 1652
f 1990 1992 1654
f 2316 1992 1990
f 2316 2318 1992
f 2316 2470 2318
f 2318 2470 254
f 1750 1667 2471
f 255 2007 1750
f 2007 1667 1750
f 2007 2005 1667
f 2388 2331 256
f 2331 2007 256
f 2331 2005 2007
f 158 89 2388
f 2388 89 2331
f 158 2472 89
f 1410 1327 2473
f 1669 1750 2471
f 1669 2471 1327
f 257 1669 1327
f 1410 257 1327
f 255 1750 1669
f 2333 2388 256
f 2388 2333 258
f 162 2388 258
f 158 2388 162
f 2472 158 2474
f 2474 158 162
f 1410 2473 1329
f 2473 259 1329
f 2473 2475 259
f 257 1410 1329
f 91 162 258
f 260 500 419
f 260 419 2474
f 91 260 2474
f 162 91 2474
f 500 2476 419
f 261 679 781
f 781 679 2477
f 679 1005 2477
f 679 1007 1005
f 2475 1005 1007
f 2475 1007 259
f 421 500 260
f 262 812 745
f 262 745 2476
f 421 262 2476
f 500 421 2476
f 812 2478 745
f 677 2479 781
f 2479 261 781
f 2479 263 261
f 781 2477 677
f 747 812 262
f 264 1132 1069
f 264 1069 2478
f 747 264 2478
f 812 747 2478
f 1132 2480 1069
f 265 345 473
f 2481 473 345
f 263 2481 345
f 2479 2481 263
f 266 1138 1132
f 266 1132 264
f 2480 1132 2482
f 2482 1132 1138
f 343 2483 473
f 2483 265 473
f 2483 267 265
f 473 2481 343
f 268 1144 1138
f 268 1138 266
f 2482 1138 2484
f 2484 1138 1144
f 479 269 344
f 269 2483 344
f 269 267 2483
f 2485 479 344
f 2486 1070 1144
f 268 2486 1144
f 270 2486 268
f 2484 1144 1070
f 479 346 269
f 271 346 479
f 2485 271 479
f 2487 271 2485
f 748 272 2488
f 748 2488 746
f 746 2486 748
f 748 2486 270
f 2487 678 271
f 271 678 680
f 1006 680 678
f 1006 1008 680
f 273 1008 1006
f 273 1006 2489
f 2488 274 2490
f 272 274 2488
f 2489 1328 273
f 273 1328 1330
f 1668 1775 275
f 1330 1668 275
f 1328 1668 1330
f 2491 1775 1668
f 2332 2413 2492
f 90 197 2413
f 90 2413 2332
f 422 276 197
f 90 422 197
f 420 422 90
f 420 2490 422
f 422 2490 274
f 1775 1670 275
f 2491 2006 1775
f 2006 1670 1775
f 2006 2008 1670
f 2413 2334 2492
f 2334 2006 2492
f 2334 2008 2006
f 2334 2413 92
f 92 2413 197
f 197 276 92
f 277 2023 2493
f 2493 2023 2021
f 2023 2347 2021
f 2349 2347 2023
f 2349 107 2347
f 109 107 2349
f 109 441 107
f 443 441 109
f 443 278 441
f 441 278 2494
f 279 1685 2495
f 2495 1685 1683
f 2493 1683 1685
f 2493 1685 277
f 2494 280 2496
f 278 280 2494
f 281 1345 2497
f 2497 1345 1343
f 2495 1343 1345
f 2495 1345 279
f 2496 282 2498
f 280 282 2496
f 283 2497 2499
f 283 281 2497
f 282 753 797
f 2500 282 797
f 2498 282 2500
f 753 284 797
f 285 695 771
f 771 695 2501
f 695 1021 2501
f 695 1023 1021
f 2499 1021 1023
f 2499 1023 283
f 801 2502 2500
f 801 2500 797
f 797 284 801
f 801 284 286
f 287 361 461
f 285 771 361
f 361 771 461
f 771 693 461
f 693 2503 461
f 771 2501 693
f 807 2504 2502
f 807 2502 801
f 801 286 807
f 807 286 288
f 289 21 129
f 287 461 21
f 21 461 129
f 461 359 129
f 359 2505 129
f 461 2503 359
f 813 2506 2504
f 813 2504 807
f 807 288 813
f 813 288 290
f 291 2263 2369
f 289 129 2263
f 2263 129 2369
f 129 19 2369
f 19 2507 2369
f 129 2505 19
f 819 2508 2506
f 819 2506 813
f 813 290 819
f 819 290 292
f 293 1939 2065
f 291 2369 1939
f 1939 2369 2065
f 2369 2261 2065
f 2261 2509 2065
f 2369 2507 2261
f 819 751 2508
f 819 292 751
f 292 2510 751
f 292 294 2510
f 2067 295 2065
f 2065 295 293
f 2065 2509 2511
f 2065 2511 2067
f 2510 296 2512
f 294 296 2510
f 2069 297 2067
f 2067 297 295
f 2067 2511 2513
f 2067 2513 2069
f 2512 298 2514
f 296 298 2512
f 2069 1940 297
f 2377 299 2262
f 2262 299 2513
f 299 1940 2513
f 1940 2069 2513
f 2515 2377 2262
f 754 300 2516
f 754 2516 752
f 752 2514 754
f 754 2514 298
f 2377 2264 299
f 2515 20 2377
f 20 2264 2377
f 20 22 2264
f 360 22 20
f 360 362 22
f 694 362 360
f 694 696 362
f 301 696 694
f 301 694 2517
f 444 302 534
f 534 2518 444
f 2518 300 444
f 2518 2516 300
f 2517 1022 301
f 301 1022 1024
f 1022 2519 1434
f 1346 1022 1434
f 1024 1022 1346
f 1346 1434 1776
f 1346 1776 1686
f 1686 1776 2106
f 1686 2106 2024
f 2024 2106 2414
f 2024 2414 2350
f 2350 2414 2520
f 108 2350 2520
f 110 2350 108
f 302 110 534
f 110 442 534
f 110 108 442
f 2518 534 442
f 1344 1434 2519
f 1684 1776 1344
f 1344 1776 1434
f 2022 2106 1684
f 1684 2106 1776
f 2348 2414 2022
f 2022 2414 2106
f 2520 2414 2348
f 2082 2037 2521
f 2082 2522 2037
f 1754 1699 2523
f 1699 1754 2521
f 1754 2082 2521
f 1754 2084 2082
f 2522 2082 2363
f 2082 2392 2363
f 2082 2084 2392
f 164 123 2392
f 2392 123 2363
f 498 457 164
f 164 457 123
f 802 767 498
f 498 767 457
f 1118 1083 802
f 802 1083 767
f 1118 2524 1083
f 303 1955 2059
f 2059 1955 2365
f 2365 1955 2279
f 2365 2279 127
f 127 2279 37
f 37 304 127
f 1700 1754 2523
f 2525 2086 1700
f 2086 1754 1700
f 2086 2084 1754
f 2394 2084 2086
f 2392 2084 2394
f 168 2392 2394
f 164 2392 168
f 502 164 168
f 498 164 502
f 502 305 769
f 802 502 769
f 498 502 802
f 802 769 306
f 1122 802 306
f 1118 802 1122
f 2524 1118 1397
f 1118 1440 1397
f 1118 1122 1440
f 1440 2526 1397
f 307 1627 1733
f 303 2059 1627
f 1627 2059 1733
f 2059 1953 1733
f 1953 2527 1733
f 2365 2277 1953
f 2365 1953 2059
f 127 35 2277
f 127 2277 2365
f 35 127 304
f 377 35 304
f 375 35 377
f 377 308 375
f 375 308 2528
f 2038 2086 2525
f 2364 2394 2038
f 2038 2394 2086
f 2529 172 2364
f 172 2394 2364
f 172 168 2394
f 172 309 459
f 502 172 459
f 168 172 502
f 305 502 459
f 1085 1122 306
f 1122 1085 310
f 1444 1122 310
f 1440 1122 1444
f 2526 1440 2530
f 2530 1440 1444
f 1625 2531 1733
f 2531 307 1733
f 2531 311 307
f 1733 2527 1625
f 312 786 709
f 2528 312 709
f 308 312 2528
f 786 2532 709
f 2533 176 2529
f 2529 176 172
f 309 172 176
f 309 176 313
f 314 1450 1444
f 314 1444 310
f 2530 1444 2534
f 2534 1444 1450
f 315 2531 2535
f 315 311 2531
f 316 788 786
f 316 786 312
f 2532 786 2536
f 2536 786 788
f 2537 180 2533
f 2533 180 176
f 518 460 313
f 176 518 313
f 180 518 176
f 317 460 518
f 1086 318 1140
f 1450 314 1086
f 1140 1450 1086
f 1456 1450 1140
f 2534 1450 2538
f 2538 1450 1456
f 2535 1626 315
f 315 1626 1628
f 319 1628 1626
f 319 1626 2539
f 320 790 788
f 320 788 316
f 2536 788 2540
f 2540 788 790
f 124 180 2537
f 2541 522 124
f 522 180 124
f 522 518 180
f 832 770 317
f 518 832 317
f 522 832 518
f 1140 318 770
f 832 1140 770
f 1146 1140 832
f 1462 1140 1146
f 1456 1140 1462
f 2538 1456 2542
f 2542 1456 1462
f 1956 319 2070
f 319 2543 2070
f 319 2539 2543
f 1956 2070 2376
f 1956 2376 2280
f 2280 2376 146
f 2280 146 38
f 38 146 480
f 38 480 378
f 790 320 378
f 790 378 480
f 710 790 480
f 2544 710 480
f 2540 790 710
f 458 522 2541
f 768 832 458
f 458 832 522
f 2545 1152 768
f 1152 832 768
f 1152 1146 832
f 1468 1146 1152
f 1462 1146 1468
f 2542 1462 1729
f 1462 1804 1729
f 1462 1468 1804
f 1804 2546 1729
f 1954 2070 2543
f 2278 2376 1954
f 1954 2376 2070
f 36 146 2278
f 2278 146 2376
f 376 480 36
f 36 480 146
f 2544 480 376
f 1084 1152 2545
f 2547 1472 1084
f 1472 1152 1084
f 1472 1468 1152
f 1730 1804 2548
f 1804 1472 2548
f 1804 1468 1472
f 2546 1804 1730
f 1398 1472 2547
f 2548 1472 1398
