# Converted from NanoShaper .vert/.face
v 6.781000 3.862000 1.877000
v 7.748000 3.862000 1.877000
v 6.558000 3.862000 2.377000
v 7.971000 3.862000 2.377000
v 6.439000 3.862000 2.877000
v 7.915000 3.862000 2.877000
v 6.170000 3.862000 3.377000
v 8.033000 3.862000 3.377000
v 6.194000 3.862000 3.877000
v 7.856000 3.862000 3.877000
v 6.448000 3.862000 4.377000
v 7.215000 3.862000 4.377000
v 5.135000 7.862000 -11.623000
v 6.442000 7.862000 -11.623000
v 4.726000 7.862000 -11.123000
v 7.265000 7.862000 -11.123000
v 4.633000 7.862000 -10.623000
v 7.618000 7.862000 -10.623000
v 4.574000 7.862000 -10.123000
v 7.722000 7.862000 -10.123000
v 4.483000 7.862000 -9.623000
v 7.717000 7.862000 -9.623000
v 4.415000 7.862000 -9.123000
v 7.649000 7.862000 -9.123000
v 4.455000 7.862000 -8.623000
v 7.567000 7.862000 -8.623000
v 4.414000 7.862000 -8.123000
v 7.449000 7.862000 -8.123000
v 4.213000 7.862000 -7.623000
v 7.304000 7.862000 -7.623000
v 4.126000 7.862000 -7.123000
v 7.298000 7.862000 -7.123000
v 4.094000 7.862000 -6.623000
v 8.272000 7.862000 -6.623000
v 4.211000 7.862000 -6.123000
v 8.863000 7.862000 -6.123000
v 4.384000 7.862000 -5.623000
v 9.314000 7.862000 -5.623000
v 4.420000 7.862000 -5.123000
v 9.626000 7.862000 -5.123000
v 4.450000 7.862000 -4.623000
v 9.718000 7.862000 -4.623000
v 4.399000 7.862000 -4.123000
v 9.851000 7.862000 -4.123000
v 4.451000 7.862000 -3.623000
v 10.109000 7.862000 -3.623000
v 4.415000 7.862000 -3.123000
v 10.189000 7.862000 -3.123000
v 4.393000 7.862000 -2.623000
v 10.089000 7.862000 -2.623000
v 4.379000 7.862000 -2.123000
v 9.999000 7.862000 -2.123000
v 4.469000 7.862000 -1.623000
v 10.030000 7.862000 -1.623000
v 4.697000 7.862000 -1.123000
v 10.052000 7.862000 -1.123000
v 5.027000 7.862000 -0.623000
v 10.137000 7.862000 -0.623000
v 5.392000 7.862000 -0.123000
v 10.221000 7.862000 -0.123000
v 5.739000 7.862000 0.377000
v 10.123000 7.862000 0.377000
v 5.850000 7.862000 0.877000
v 9.828000 7.862000 0.877000
v 5.888000 7.862000 1.377000
v 9.614000 7.862000 1.377000
v 5.948000 7.862000 1.877000
v 9.291000 7.862000 1.877000
v 6.188000 7.862000 2.377000
v 8.757000 7.862000 2.377000
v 3.270000 11.862000 -7.623000
v 5.437000 11.862000 -7.623000
v 2.961000 11.862000 -7.123000
v 6.039000 11.862000 -7.123000
v 2.883000 11.862000 -6.623000
v 6.513000 11.862000 -6.623000
v 2.993000 11.862000 -6.123000
v 7.465000 11.862000 -6.123000
v 3.356000 11.862000 -5.623000
v 8.402000 11.862000 -5.623000
v 3.843000 11.862000 -5.123000
v 9.256000 11.862000 -5.123000
v 4.255000 11.862000 -4.623000
v 9.616000 11.862000 -4.623000
v 4.415000 11.862000 -4.123000
v 9.793000 11.862000 -4.123000
v 4.440000 11.862000 -3.623000
v 10.067000 11.862000 -3.623000
v 4.409000 11.862000 -3.123000
v 10.213000 11.862000 -3.123000
v 4.393000 11.862000 -2.623000
v 10.443000 11.862000 -2.623000
v 4.480000 11.862000 -2.123000
v 10.604000 11.862000 -2.123000
v 4.800000 11.862000 -1.623000
v 10.729000 11.862000 -1.623000
v 5.279000 11.862000 -1.123000
v 10.982000 11.862000 -1.123000
v 5.511000 11.862000 -0.623000
v 11.339000 11.862000 -0.623000
v 5.770000 11.862000 -0.123000
v 11.441000 11.862000 -0.123000
v 5.904000 11.862000 0.377000
v 11.511000 11.862000 0.377000
v 5.913000 11.862000 0.877000
v 11.394000 11.862000 0.877000
v 6.026000 11.862000 1.377000
v 11.109000 11.862000 1.377000
v 6.238000 11.862000 1.877000
v 10.784000 11.862000 1.877000
v 6.655000 11.862000 2.377000
v 10.272000 11.862000 2.377000
v 7.290000 11.862000 2.877000
v 9.846000 11.862000 2.877000
v 7.788000 11.862000 3.377000
v 9.577000 11.862000 3.377000
v 8.116000 11.862000 3.877000
v 9.533000 11.862000 3.877000
v 8.431000 11.862000 4.377000
v 9.269000 11.862000 4.377000
v 6.559000 3.862000 2.355000
v 6.559000 3.862000 4.443000
v 7.059000 3.862000 1.716000
v 7.059000 3.862000 4.463000
v 7.559000 3.862000 1.749000
v 7.559000 3.862000 4.083000
v 4.559000 7.862000 -10.051000
v 4.559000 7.862000 -1.411000
v 5.059000 7.862000 -11.566000
v 5.059000 7.862000 -0.571000
v 5.559000 7.862000 -11.802000
v 5.559000 7.862000 0.069000
v 6.059000 7.862000 -11.793000
v 6.059000 7.862000 2.183000
v 6.559000 7.862000 -11.554000
v 6.559000 7.862000 2.631000
v 7.059000 7.862000 -11.277000
v 7.059000 7.862000 2.774000
v 7.559000 7.862000 -10.749000
v 7.559000 7.862000 -8.586000
v 7.559000 7.862000 -6.909000
v 7.559000 7.862000 2.865000
v 8.059000 7.862000 -6.743000
v 8.059000 7.862000 2.795000
v 8.559000 7.862000 -6.407000
v 8.559000 7.862000 2.540000
v 9.059000 7.862000 -5.917000
v 9.059000 7.862000 2.079000
v 9.559000 7.862000 -5.278000
v 9.559000 7.862000 1.506000
v 10.059000 7.862000 -3.745000
v 10.059000 7.862000 -2.502000
v 10.059000 7.862000 -1.014000
v 10.059000 7.862000 0.511000
v 3.059000 11.862000 -7.339000
v 3.059000 11.862000 -5.990000
v 3.559000 11.862000 -7.852000
v 3.559000 11.862000 -5.444000
v 4.059000 11.862000 -8.030000
v 4.059000 11.862000 -4.910000
v 4.559000 11.862000 -8.014000
v 4.559000 11.862000 -1.950000
v 5.059000 11.862000 -7.813000
v 5.059000 11.862000 -1.388000
v 5.559000 11.862000 -7.545000
v 5.559000 11.862000 -0.515000
v 6.059000 11.862000 -7.110000
v 6.059000 11.862000 1.454000
v 6.559000 11.862000 -6.581000
v 6.559000 11.862000 2.302000
v 7.059000 11.862000 -6.298000
v 7.059000 11.862000 2.687000
v 7.559000 11.862000 -6.058000
v 7.559000 11.862000 3.125000
v 8.059000 11.862000 -5.817000
v 8.059000 11.862000 3.769000
v 8.559000 11.862000 -5.537000
v 8.559000 11.862000 4.455000
v 9.059000 11.862000 -5.268000
v 9.059000 11.862000 4.487000
v 9.559000 11.862000 -4.744000
v 9.559000 11.862000 3.445000
v 10.059000 11.862000 -3.645000
v 10.059000 11.862000 2.613000
v 10.559000 11.862000 -2.294000
v 10.559000 11.862000 2.087000
v 11.059000 11.862000 -1.025000
v 11.059000 11.862000 1.471000
v 4.559000 7.594000 -8.623000
v 4.559000 10.184000 -8.623000
v 5.059000 7.012000 -8.623000
v 5.059000 10.528000 -8.623000
v 5.559000 6.812000 -8.623000
v 5.559000 10.547000 -8.623000
v 6.059000 6.771000 -8.623000
v 6.059000 10.426000 -8.623000
v 6.559000 6.790000 -8.623000
v 6.559000 10.225000 -8.623000
v 7.059000 7.028000 -8.623000
v 7.059000 9.859000 -8.623000
v 7.559000 7.826000 -8.623000
v 7.559000 9.204000 -8.623000
v 4.559000 7.510000 -4.623000
v 4.559000 8.730000 -4.623000
v 4.559000 10.443000 -4.623000
v 4.559000 12.449000 -4.623000
v 5.059000 6.914000 -4.623000
v 5.059000 12.812000 -4.623000
v 5.559000 6.411000 -4.623000
v 5.559000 12.996000 -4.623000
v 6.059000 6.204000 -4.623000
v 6.059000 13.287000 -4.623000
v 6.559000 6.194000 -4.623000
v 6.559000 13.731000 -4.623000
v 7.059000 6.198000 -4.623000
v 7.059000 13.933000 -4.623000
v 7.559000 6.055000 -4.623000
v 7.559000 13.925000 -4.623000
v 8.059000 5.861000 -4.623000
v 8.059000 13.705000 -4.623000
v 8.559000 5.864000 -4.623000
v 8.559000 13.188000 -4.623000
v 9.059000 6.079000 -4.623000
v 9.059000 12.677000 -4.623000
v 9.559000 6.778000 -4.623000
v 9.559000 8.633000 -4.623000
v 9.559000 11.119000 -4.623000
v 9.559000 12.053000 -4.623000
v 5.059000 6.000000 -0.623000
v 5.059000 7.947000 -0.623000
v 5.559000 5.572000 -0.623000
v 5.559000 8.783000 -0.623000
v 5.559000 11.230000 -0.623000
v 5.559000 13.034000 -0.623000
v 6.059000 5.396000 -0.623000
v 6.059000 13.773000 -0.623000
v 6.559000 5.237000 -0.623000
v 6.559000 14.251000 -0.623000
v 7.059000 4.997000 -0.623000
v 7.059000 14.448000 -0.623000
v 7.559000 4.799000 -0.623000
v 7.559000 14.438000 -0.623000
v 8.059000 4.795000 -0.623000
v 8.059000 14.229000 -0.623000
v 8.559000 5.001000 -0.623000
v 8.559000 13.973000 -0.623000
v 9.059000 5.518000 -0.623000
v 9.059000 13.714000 -0.623000
v 9.559000 5.931000 -0.623000
v 9.559000 13.374000 -0.623000
v 10.059000 6.438000 -0.623000
v 10.059000 12.989000 -0.623000
v 10.559000 9.579000 -0.623000
v 10.559000 12.724000 -0.623000
v 11.059000 9.975000 -0.623000
v 11.059000 12.168000 -0.623000
v 11.559000 10.842000 -0.623000
v 11.559000 11.351000 -0.623000
v 5.059000 5.064000 3.377000
v 5.059000 6.123000 3.377000
v 5.559000 4.399000 3.377000
v 5.559000 6.747000 3.377000
v 6.059000 3.919000 3.377000
v 6.059000 7.075000 3.377000
v 6.559000 3.746000 3.377000
v 6.559000 7.189000 3.377000
v 7.059000 3.693000 3.377000
v 7.059000 7.155000 3.377000
v 7.559000 3.688000 3.377000
v 7.559000 7.123000 3.377000
v 7.559000 12.282000 3.377000
v 7.559000 13.669000 3.377000
v 8.059000 3.877000 3.377000
v 8.059000 6.915000 3.377000
v 8.059000 11.690000 3.377000
v 8.059000 14.258000 3.377000
v 8.559000 4.406000 3.377000
v 8.559000 6.640000 3.377000
v 8.559000 11.629000 3.377000
v 8.559000 14.465000 3.377000
v 9.059000 11.690000 3.377000
v 9.059000 14.474000 3.377000
v 9.559000 11.850000 3.377000
v 9.559000 14.290000 3.377000
v 10.059000 12.411000 3.377000
v 10.059000 13.771000 3.377000
v 6.889000 4.362000 0.877000
v 7.761000 4.362000 0.877000
v 6.509000 4.362000 1.377000
v 8.083000 4.362000 1.377000
v 6.173000 4.362000 1.877000
v 8.356000 4.362000 1.877000
v 6.012000 4.362000 2.377000
v 8.474000 4.362000 2.377000
v 5.719000 4.362000 2.877000
v 8.491000 4.362000 2.877000
v 5.588000 4.362000 3.377000
v 8.531000 4.362000 3.377000
v 5.641000 4.362000 3.877000
v 8.437000 4.362000 3.877000
v 5.762000 4.362000 4.377000
v 8.044000 4.362000 4.377000
v 6.213000 4.362000 4.877000
v 7.451000 4.362000 4.877000
v 4.803000 8.362000 -11.623000
v 6.771000 8.362000 -11.623000
v 4.495000 8.362000 -11.123000
v 7.257000 8.362000 -11.123000
v 4.419000 8.362000 -10.623000
v 7.612000 8.362000 -10.623000
v 4.465000 8.362000 -10.123000
v 7.716000 8.362000 -10.123000
v 4.436000 8.362000 -9.623000
v 7.716000 8.362000 -9.623000
v 4.410000 8.362000 -9.123000
v 7.653000 8.362000 -9.123000
v 4.344000 8.362000 -8.623000
v 7.631000 8.362000 -8.623000
v 4.223000 8.362000 -8.123000
v 7.665000 8.362000 -8.123000
v 4.015000 8.362000 -7.623000
v 7.864000 8.362000 -7.623000
v 3.941000 8.362000 -7.123000
v 8.456000 8.362000 -7.123000
v 3.911000 8.362000 -6.623000
v 8.869000 8.362000 -6.623000
v 4.012000 8.362000 -6.123000
v 9.059000 8.362000 -6.123000
v 4.273000 8.362000 -5.623000
v 9.271000 8.362000 -5.623000
v 4.416000 8.362000 -5.123000
v 9.544000 8.362000 -5.123000
v 4.445000 8.362000 -4.623000
v 9.637000 8.362000 -4.623000
v 4.415000 8.362000 -4.123000
v 9.712000 8.362000 -4.123000
v 4.433000 8.362000 -3.623000
v 9.887000 8.362000 -3.623000
v 4.396000 8.362000 -3.123000
v 9.986000 8.362000 -3.123000
v 4.401000 8.362000 -2.623000
v 9.893000 8.362000 -2.623000
v 4.411000 8.362000 -2.123000
v 9.794000 8.362000 -2.123000
v 4.504000 8.362000 -1.623000
v 9.804000 8.362000 -1.623000
v 4.840000 8.362000 -1.123000
v 9.943000 8.362000 -1.123000
v 5.251000 8.362000 -0.623000
v 10.137000 8.362000 -0.623000
v 5.588000 8.362000 -0.123000
v 10.234000 8.362000 -0.123000
v 5.811000 8.362000 0.377000
v 10.150000 8.362000 0.377000
v 5.904000 8.362000 0.877000
v 9.926000 8.362000 0.877000
v 5.964000 8.362000 1.377000
v 9.662000 8.362000 1.377000
v 6.163000 8.362000 1.877000
v 9.276000 8.362000 1.877000
v 6.561000 8.362000 2.377000
v 8.777000 8.362000 2.377000
v 3.550000 12.362000 -7.623000
v 4.977000 12.362000 -7.623000
v 3.160000 12.362000 -7.123000
v 5.416000 12.362000 -7.123000
v 3.069000 12.362000 -6.623000
v 5.923000 12.362000 -6.623000
v 3.198000 12.362000 -6.123000
v 6.809000 12.362000 -6.123000
v 3.657000 12.362000 -5.623000
v 7.838000 12.362000 -5.623000
v 4.149000 12.362000 -5.123000
v 8.894000 12.362000 -5.123000
v 4.490000 12.362000 -4.623000
v 9.388000 12.362000 -4.623000
v 4.614000 12.362000 -4.123000
v 9.571000 12.362000 -4.123000
v 4.570000 12.362000 -3.623000
v 9.872000 12.362000 -3.623000
v 4.486000 12.362000 -3.123000
v 9.981000 12.362000 -3.123000
v 4.420000 12.362000 -2.623000
v 10.106000 12.362000 -2.623000
v 4.518000 12.362000 -2.123000
v 10.398000 12.362000 -2.123000
v 4.860000 12.362000 -1.623000
v 10.495000 12.362000 -1.623000
v 5.276000 12.362000 -1.123000
v 10.617000 12.362000 -1.123000
v 5.499000 12.362000 -0.623000
v 10.910000 12.362000 -0.623000
v 5.778000 12.362000 -0.123000
v 11.013000 12.362000 -0.123000
v 5.965000 12.362000 0.377000
v 11.023000 12.362000 0.377000
v 6.075000 12.362000 0.877000
v 11.001000 12.362000 0.877000
v 6.262000 12.362000 1.377000
v 10.904000 12.362000 1.377000
v 6.704000 12.362000 1.877000
v 10.620000 12.362000 1.877000
v 7.068000 12.362000 2.377000
v 10.331000 12.362000 2.377000
v 7.344000 12.362000 2.877000
v 10.122000 12.362000 2.877000
v 7.539000 12.362000 3.377000
v 10.031000 12.362000 3.377000
v 7.639000 12.362000 3.877000
v 10.049000 12.362000 3.877000
v 7.779000 12.362000 4.377000
v 9.921000 12.362000 4.377000
v 8.253000 12.362000 4.877000
v 9.447000 12.362000 4.877000
v 6.059000 4.362000 2.239000
v 6.059000 4.362000 4.764000
v 6.559000 4.362000 1.308000
v 6.559000 4.362000 5.019000
v 7.059000 4.362000 0.772000
v 7.059000 4.362000 5.029000
v 7.559000 4.362000 0.759000
v 7.559000 4.362000 4.802000
v 8.059000 4.362000 1.331000
v 8.059000 4.362000 4.366000
v 4.059000 8.362000 -7.739000
v 4.059000 8.362000 -6.021000
v 4.559000 8.362000 -11.276000
v 4.559000 8.362000 -1.502000
v 5.059000 8.362000 -11.831000
v 5.059000 8.362000 -0.889000
v 5.559000 8.362000 -12.022000
v 5.559000 8.362000 -0.170000
v 6.059000 8.362000 -12.014000
v 6.059000 8.362000 1.658000
v 6.559000 8.362000 -11.803000
v 6.559000 8.362000 2.375000
v 7.059000 8.362000 -11.315000
v 7.059000 8.362000 2.602000
v 7.559000 8.362000 -10.737000
v 7.559000 8.362000 2.770000
v 8.059000 8.362000 -7.417000
v 8.059000 8.362000 2.754000
v 8.559000 8.362000 -7.044000
v 8.559000 8.362000 2.548000
v 9.059000 8.362000 -6.126000
v 9.059000 8.362000 2.086000
v 9.559000 8.362000 -5.084000
v 9.559000 8.362000 1.533000
v 10.059000 8.362000 -0.841000
v 10.059000 8.362000 0.575000
v 3.559000 12.362000 -7.630000
v 3.559000 12.362000 -5.699000
v 4.059000 12.362000 -7.842000
v 4.059000 12.362000 -5.213000
v 4.559000 12.362000 -7.823000
v 4.559000 12.362000 -4.450000
v 4.559000 12.362000 -3.565000
v 4.559000 12.362000 -2.032000
v 5.059000 12.362000 -7.557000
v 5.059000 12.362000 -1.407000
v 5.559000 12.362000 -6.987000
v 5.559000 12.362000 -0.482000
v 6.059000 12.362000 -6.503000
v 6.059000 12.362000 0.817000
v 6.559000 12.362000 -6.213000
v 6.559000 12.362000 1.733000
v 7.059000 12.362000 -6.023000
v 7.059000 12.362000 2.362000
v 7.559000 12.362000 -5.789000
v 7.559000 12.362000 3.464000
v 8.059000 12.362000 -5.526000
v 8.059000 12.362000 4.737000
v 8.559000 12.362000 -5.301000
v 8.559000 12.362000 5.000000
v 9.059000 12.362000 -5.018000
v 9.059000 12.362000 5.017000
v 9.559000 12.362000 -4.150000
v 9.559000 12.362000 4.804000
v 10.059000 12.362000 -2.739000
v 10.059000 12.362000 3.151000
v 10.559000 12.362000 -1.276000
v 10.559000 12.362000 1.985000
v 4.059000 8.719000 -8.123000
v 4.059000 9.842000 -8.123000
v 4.559000 7.634000 -8.123000
v 4.559000 11.147000 -8.123000
v 5.059000 7.214000 -8.123000
v 5.059000 11.128000 -8.123000
v 5.559000 7.057000 -8.123000
v 5.559000 11.056000 -8.123000
v 6.059000 7.030000 -8.123000
v 6.059000 10.768000 -8.123000
v 6.559000 7.104000 -8.123000
v 6.559000 10.429000 -8.123000
v 7.059000 7.419000 -8.123000
v 7.059000 10.170000 -8.123000
v 7.559000 8.077000 -8.123000
v 7.559000 9.510000 -8.123000
v 4.559000 7.392000 -4.123000
v 4.559000 8.971000 -4.123000
v 4.559000 10.304000 -4.123000
v 4.559000 12.259000 -4.123000
v 5.059000 6.805000 -4.123000
v 5.059000 12.861000 -4.123000
v 5.559000 6.343000 -4.123000
v 5.559000 13.099000 -4.123000
v 6.059000 6.171000 -4.123000
v 6.059000 13.448000 -4.123000
v 6.559000 6.175000 -4.123000
v 6.559000 13.868000 -4.123000
v 7.059000 6.141000 -4.123000
v 7.059000 14.032000 -4.123000
v 7.559000 5.953000 -4.123000
v 7.559000 14.012000 -4.123000
v 8.059000 5.771000 -4.123000
v 8.059000 13.808000 -4.123000
v 8.559000 5.774000 -4.123000
v 8.559000 13.306000 -4.123000
v 9.059000 5.972000 -4.123000
v 9.059000 12.828000 -4.123000
v 9.559000 6.528000 -4.123000
v 9.559000 8.742000 -4.123000
v 9.559000 10.837000 -4.123000
v 9.559000 12.378000 -4.123000
v 5.559000 5.790000 -0.123000
v 5.559000 8.298000 -0.123000
v 6.059000 5.426000 -0.123000
v 6.059000 13.285000 -0.123000
v 6.559000 5.177000 -0.123000
v 6.559000 13.857000 -0.123000
v 7.059000 4.877000 -0.123000
v 7.059000 14.141000 -0.123000
v 7.559000 4.704000 -0.123000
v 7.559000 14.169000 -0.123000
v 8.059000 4.711000 -0.123000
v 8.059000 14.083000 -0.123000
v 8.559000 4.902000 -0.123000
v 8.559000 14.011000 -0.123000
v 9.059000 5.398000 -0.123000
v 9.059000 13.869000 -0.123000
v 9.559000 5.870000 -0.123000
v 9.559000 13.627000 -0.123000
v 10.059000 6.413000 -0.123000
v 10.059000 13.167000 -0.123000
v 10.559000 9.118000 -0.123000
v 10.559000 12.824000 -0.123000
v 11.059000 9.551000 -0.123000
v 11.059000 12.301000 -0.123000
v 11.559000 10.301000 -0.123000
v 11.559000 11.643000 -0.123000
v 5.059000 5.105000 3.877000
v 5.059000 6.165000 3.877000
v 5.559000 4.457000 3.877000
v 5.559000 6.786000 3.877000
v 6.059000 3.940000 3.877000
v 6.059000 7.004000 3.877000
v 6.559000 3.734000 3.877000
v 6.559000 7.035000 3.877000
v 7.059000 3.721000 3.877000
v 7.059000 6.922000 3.877000
v 7.559000 3.770000 3.877000
v 7.559000 6.856000 3.877000
v 7.559000 12.537000 3.877000
v 7.559000 13.622000 3.877000
v 8.059000 3.973000 3.877000
v 8.059000 6.642000 3.877000
v 8.059000 11.896000 3.877000
v 8.059000 14.237000 3.877000
v 8.559000 4.607000 3.877000
v 8.559000 6.203000 3.877000
v 8.559000 11.700000 3.877000
v 8.559000 14.452000 3.877000
v 9.059000 11.699000 3.877000
v 9.059000 14.467000 3.877000
v 9.559000 11.876000 3.877000
v 9.559000 14.290000 3.877000
v 10.059000 12.378000 3.877000
v 10.059000 13.788000 3.877000
v 7.344000 4.862000 -0.623000
v 8.293000 4.862000 -0.623000
v 7.085000 4.862000 -0.123000
v 8.490000 4.862000 -0.123000
v 6.648000 4.862000 0.377000
v 8.489000 4.862000 0.377000
v 6.246000 4.862000 0.877000
v 8.479000 4.862000 0.877000
v 6.114000 4.862000 1.377000
v 8.522000 4.862000 1.377000
v 5.941000 4.862000 1.877000
v 8.591000 4.862000 1.877000
v 5.668000 4.862000 2.377000
v 8.831000 4.862000 2.377000
v 5.278000 4.862000 2.877000
v 8.953000 4.862000 2.877000
v 5.161000 4.862000 3.377000
v 8.855000 4.862000 3.377000
v 5.187000 4.862000 3.877000
v 8.629000 4.862000 3.877000
v 5.288000 4.862000 4.377000
v 8.311000 4.862000 4.377000
v 5.714000 4.862000 4.877000
v 7.769000 4.862000 4.877000
v 4.781000 8.862000 -11.623000
v 6.793000 8.862000 -11.623000
v 4.478000 8.862000 -11.123000
v 7.111000 8.862000 -11.123000
v 4.403000 8.862000 -10.623000
v 7.389000 8.862000 -10.623000
v 4.455000 8.862000 -10.123000
v 7.513000 8.862000 -10.123000
v 4.437000 8.862000 -9.623000
v 7.519000 8.862000 -9.623000
v 4.423000 8.862000 -9.123000
v 7.573000 8.862000 -9.123000
v 4.276000 8.862000 -8.623000
v 7.649000 8.862000 -8.623000
v 4.021000 8.862000 -8.123000
v 7.758000 8.862000 -8.123000
v 3.938000 8.862000 -7.623000
v 8.091000 8.862000 -7.623000
v 3.924000 8.862000 -7.123000
v 8.749000 8.862000 -7.123000
v 3.880000 8.862000 -6.623000
v 9.071000 8.862000 -6.623000
v 3.990000 8.862000 -6.123000
v 9.161000 8.862000 -6.123000
v 4.293000 8.862000 -5.623000
v 9.253000 8.862000 -5.623000
v 4.519000 8.862000 -5.123000
v 9.365000 8.862000 -5.123000
v 4.605000 8.862000 -4.623000
v 9.442000 8.862000 -4.623000
v 4.529000 8.862000 -4.123000
v 9.497000 8.862000 -4.123000
v 4.441000 8.862000 -3.623000
v 9.577000 8.862000 -3.623000
v 4.386000 8.862000 -3.123000
v 9.728000 8.862000 -3.123000
v 4.475000 8.862000 -2.623000
v 9.755000 8.862000 -2.623000
v 4.582000 8.862000 -2.123000
v 9.740000 8.862000 -2.123000
v 4.724000 8.862000 -1.623000
v 9.751000 8.862000 -1.623000
v 5.154000 8.862000 -1.123000
v 9.885000 8.862000 -1.123000
v 5.600000 8.862000 -0.623000
v 10.201000 8.862000 -0.623000
v 5.795000 8.862000 -0.123000
v 10.398000 8.862000 -0.123000
v 5.896000 8.862000 0.377000
v 10.373000 8.862000 0.377000
v 5.902000 8.862000 0.877000
v 10.155000 8.862000 0.877000
v 5.968000 8.862000 1.377000
v 9.787000 8.862000 1.377000
v 6.163000 8.862000 1.877000
v 9.296000 8.862000 1.877000
v 6.579000 8.862000 2.377000
v 8.768000 8.862000 2.377000
v 3.774000 12.862000 -7.123000
v 4.753000 12.862000 -7.123000
v 3.594000 12.862000 -6.623000
v 5.066000 12.862000 -6.623000
v 3.867000 12.862000 -6.123000
v 5.642000 12.862000 -6.123000
v 4.504000 12.862000 -5.623000
v 7.423000 12.862000 -5.623000
v 4.858000 12.862000 -5.123000
v 8.457000 12.862000 -5.123000
v 5.179000 12.862000 -4.623000
v 8.873000 12.862000 -4.623000
v 5.060000 12.862000 -4.123000
v 9.022000 12.862000 -4.123000
v 4.824000 12.862000 -3.623000
v 9.266000 12.862000 -3.623000
v 4.702000 12.862000 -3.123000
v 9.469000 12.862000 -3.123000
v 4.630000 12.862000 -2.623000
v 9.500000 12.862000 -2.623000
v 4.747000 12.862000 -2.123000
v 9.790000 12.862000 -2.123000
v 4.990000 12.862000 -1.623000
v 9.975000 12.862000 -1.623000
v 5.299000 12.862000 -1.123000
v 10.010000 12.862000 -1.123000
v 5.512000 12.862000 -0.623000
v 10.307000 12.862000 -0.623000
v 5.824000 12.862000 -0.123000
v 10.502000 12.862000 -0.123000
v 6.136000 12.862000 0.377000
v 10.514000 12.862000 0.377000
v 6.316000 12.862000 0.877000
v 10.532000 12.862000 0.877000
v 6.688000 12.862000 1.377000
v 10.507000 12.862000 1.377000
v 7.049000 12.862000 1.877000
v 10.400000 12.862000 1.877000
v 7.289000 12.862000 2.377000
v 10.265000 12.862000 2.377000
v 7.390000 12.862000 2.877000
v 10.195000 12.862000 2.877000
v 7.448000 12.862000 3.377000
v 10.215000 12.862000 3.377000
v 7.468000 12.862000 3.877000
v 10.232000 12.862000 3.877000
v 7.578000 12.862000 4.377000
v 10.122000 12.862000 4.377000
v 7.940000 12.862000 4.877000
v 9.760000 12.862000 4.877000
v 5.559000 4.862000 2.500000
v 5.559000 4.862000 4.754000
v 6.059000 4.862000 1.571000
v 6.059000 4.862000 5.050000
v 6.559000 4.862000 0.457000
v 6.559000 4.862000 5.217000
v 7.059000 4.862000 -0.077000
v 7.059000 4.862000 5.226000
v 7.559000 4.862000 -0.767000
v 7.559000 4.862000 5.037000
v 8.059000 4.862000 -0.775000
v 8.059000 4.862000 4.588000
v 8.559000 4.862000 1.751000
v 8.559000 4.862000 4.031000
v 4.059000 8.862000 -8.217000
v 4.059000 8.862000 -5.983000
v 4.559000 8.862000 -11.311000
v 4.559000 8.862000 -4.981000
v 4.559000 8.862000 -4.232000
v 4.559000 8.862000 -2.270000
v 5.059000 8.862000 -11.850000
v 5.059000 8.862000 -1.201000
v 5.559000 8.862000 -12.038000
v 5.559000 8.862000 -0.695000
v 6.059000 8.862000 -12.030000
v 6.059000 8.862000 1.628000
v 6.559000 8.862000 -11.822000
v 6.559000 8.862000 2.363000
v 7.059000 8.862000 -11.226000
v 7.059000 8.862000 2.585000
v 7.559000 8.862000 -9.210000
v 7.559000 8.862000 2.705000
v 8.059000 8.862000 -7.655000
v 8.059000 8.862000 2.714000
v 8.559000 8.862000 -7.281000
v 8.559000 8.862000 2.532000
v 9.059000 8.862000 -6.657000
v 9.059000 8.862000 2.097000
v 9.559000 8.862000 -3.731000
v 9.559000 8.862000 1.581000
v 10.059000 8.862000 -0.833000
v 10.059000 8.862000 1.047000
v 4.059000 12.862000 -7.303000
v 4.059000 12.862000 -6.019000
v 4.559000 12.862000 -7.267000
v 4.559000 12.862000 -5.568000
v 5.059000 12.862000 -6.631000
v 5.059000 12.862000 -4.930000
v 5.059000 12.862000 -4.120000
v 5.059000 12.862000 -1.479000
v 5.559000 12.862000 -6.174000
v 5.559000 12.862000 -0.511000
v 6.059000 12.862000 -5.878000
v 6.059000 12.862000 0.219000
v 6.559000 12.862000 -5.811000
v 6.559000 12.862000 1.206000
v 7.059000 12.862000 -5.776000
v 7.059000 12.862000 1.890000
v 7.559000 12.862000 -5.555000
v 7.559000 12.862000 4.329000
v 8.059000 12.862000 -5.327000
v 8.059000 12.862000 4.969000
v 8.559000 12.862000 -5.044000
v 8.559000 12.862000 5.187000
v 9.059000 12.862000 -4.016000
v 9.059000 12.862000 5.202000
v 9.559000 12.862000 -2.422000
v 9.559000 12.862000 5.023000
v 10.059000 12.862000 -0.989000
v 10.059000 12.862000 4.507000
v 5.059000 7.931000 -11.623000
v 5.059000 9.379000 -11.623000
v 5.559000 7.654000 -11.623000
v 5.559000 9.657000 -11.623000
v 6.059000 7.665000 -11.623000
v 6.059000 9.646000 -11.623000
v 6.559000 7.974000 -11.623000
v 6.559000 9.333000 -11.623000
v 3.559000 10.880000 -7.623000
v 3.559000 12.369000 -7.623000
v 4.059000 8.186000 -7.623000
v 4.059000 12.632000 -7.623000
v 4.559000 7.503000 -7.623000
v 4.559000 12.609000 -7.623000
v 5.059000 7.255000 -7.623000
v 5.059000 12.272000 -7.623000
v 5.559000 7.176000 -7.623000
v 5.559000 11.742000 -7.623000
v 6.059000 7.180000 -7.623000
v 6.059000 11.243000 -7.623000
v 6.559000 7.364000 -7.623000
v 6.559000 10.820000 -7.623000
v 7.059000 7.728000 -7.623000
v 7.059000 10.396000 -7.623000
v 7.559000 8.028000 -7.623000
v 7.559000 10.130000 -7.623000
v 8.059000 8.723000 -7.623000
v 8.059000 9.231000 -7.623000
v 4.559000 7.280000 -3.623000
v 4.559000 12.323000 -3.623000
v 5.059000 6.488000 -3.623000
v 5.059000 13.098000 -3.623000
v 5.559000 6.120000 -3.623000
v 5.559000 13.369000 -3.623000
v 6.059000 6.005000 -3.623000
v 6.059000 13.783000 -3.623000
v 6.559000 6.017000 -3.623000
v 6.559000 14.116000 -3.623000
v 7.059000 5.998000 -3.623000
v 7.059000 14.182000 -3.623000
v 7.559000 5.854000 -3.623000
v 7.559000 14.061000 -3.623000
v 8.059000 5.747000 -3.623000
v 8.059000 13.750000 -3.623000
v 8.559000 5.757000 -3.623000
v 8.559000 13.304000 -3.623000
v 9.059000 5.958000 -3.623000
v 9.059000 12.963000 -3.623000
v 9.559000 6.347000 -3.623000
v 9.559000 8.905000 -3.623000
v 9.559000 10.363000 -3.623000
v 9.559000 12.694000 -3.623000
v 10.059000 7.136000 -3.623000
v 10.059000 8.037000 -3.623000
v 10.059000 11.382000 -3.623000
v 10.059000 11.908000 -3.623000
v 5.559000 5.894000 0.377000
v 5.559000 7.447000 0.377000
v 6.059000 5.342000 0.377000
v 6.059000 12.706000 0.377000
v 6.559000 4.927000 0.377000
v 6.559000 13.390000 0.377000
v 7.059000 4.631000 0.377000
v 7.059000 13.830000 0.377000
v 7.559000 4.566000 0.377000
v 7.559000 13.986000 0.377000
v 8.059000 4.678000 0.377000
v 8.059000 13.999000 0.377000
v 8.559000 4.904000 0.377000
v 8.559000 13.998000 0.377000
v 9.059000 5.443000 0.377000
v 9.059000 13.963000 0.377000
v 9.559000 5.978000 0.377000
v 9.559000 13.753000 0.377000
v 10.059000 6.621000 0.377000
v 10.059000 13.295000 0.377000
v 10.559000 9.081000 0.377000
v 10.559000 12.820000 0.377000
v 11.059000 9.443000 0.377000
v 11.059000 12.327000 0.377000
v 11.559000 10.031000 0.377000
v 11.559000 11.781000 0.377000
v 5.059000 5.400000 4.377000
v 5.059000 5.869000 4.377000
v 5.559000 4.582000 4.377000
v 5.559000 6.684000 4.377000
v 6.059000 4.058000 4.377000
v 6.059000 6.918000 4.377000
v 6.559000 3.833000 4.377000
v 6.559000 6.935000 4.377000
v 7.059000 3.824000 4.377000
v 7.059000 6.753000 4.377000
v 7.559000 4.018000 4.377000
v 7.559000 6.541000 4.377000
v 8.059000 4.376000 4.377000
v 8.059000 6.225000 4.377000
v 8.059000 12.063000 4.377000
v 8.059000 14.104000 4.377000
v 8.559000 11.825000 4.377000
v 8.559000 14.341000 4.377000
v 9.059000 11.809000 4.377000
v 9.059000 14.357000 4.377000
v 9.559000 12.004000 4.377000
v 9.559000 14.163000 4.377000
v 10.059000 12.628000 4.377000
v 10.059000 13.538000 4.377000
v 5.436000 5.362000 -2.623000
v 7.304000 5.362000 -2.623000
v 5.237000 5.362000 -2.123000
v 7.562000 5.362000 -2.123000
v 5.164000 5.362000 -1.623000
v 7.832000 5.362000 -1.623000
v 5.394000 5.362000 -1.123000
v 8.592000 5.362000 -1.123000
v 6.163000 5.362000 -0.623000
v 8.921000 5.362000 -0.623000
v 6.202000 5.362000 -0.123000
v 9.026000 5.362000 -0.123000
v 6.037000 5.362000 0.377000
v 9.003000 5.362000 0.377000
v 5.949000 5.362000 0.877000
v 8.876000 5.362000 0.877000
v 5.728000 5.362000 1.377000
v 8.758000 5.362000 1.377000
v 5.599000 5.362000 1.877000
v 8.825000 5.362000 1.877000
v 5.375000 5.362000 2.377000
v 9.036000 5.362000 2.377000
v 5.074000 5.362000 2.877000
v 9.140000 5.362000 2.877000
v 4.974000 5.362000 3.377000
v 9.056000 5.362000 3.377000
v 4.981000 5.362000 3.877000
v 8.739000 5.362000 3.877000
v 5.066000 5.362000 4.377000
v 8.303000 5.362000 4.377000
v 5.388000 5.362000 4.877000
v 7.767000 5.362000 4.877000
v 5.041000 9.362000 -11.623000
v 6.532000 9.362000 -11.623000
v 4.666000 9.362000 -11.123000
v 6.908000 9.362000 -11.123000
v 4.579000 9.362000 -10.623000
v 7.002000 9.362000 -10.623000
v 4.638000 9.362000 -10.123000
v 7.049000 9.362000 -10.123000
v 4.633000 9.362000 -9.623000
v 7.116000 9.362000 -9.623000
v 4.534000 9.362000 -9.123000
v 7.364000 9.362000 -9.123000
v 4.307000 9.362000 -8.623000
v 7.483000 9.362000 -8.623000
v 4.014000 9.362000 -8.123000
v 7.638000 9.362000 -8.123000
v 3.930000 9.362000 -7.623000
v 8.041000 9.362000 -7.623000
v 3.930000 9.362000 -7.123000
v 8.760000 9.362000 -7.123000
v 3.875000 9.362000 -6.623000
v 9.086000 9.362000 -6.623000
v 3.994000 9.362000 -6.123000
v 9.180000 9.362000 -6.123000
v 4.354000 9.362000 -5.623000
v 9.222000 9.362000 -5.623000
v 4.666000 9.362000 -5.123000
v 9.213000 9.362000 -5.123000
v 4.766000 9.362000 -4.623000
v 9.245000 9.362000 -4.623000
v 4.680000 9.362000 -4.123000
v 9.268000 9.362000 -4.123000
v 4.523000 9.362000 -3.623000
v 9.401000 9.362000 -3.623000
v 4.446000 9.362000 -3.123000
v 9.622000 9.362000 -3.123000
v 4.532000 9.362000 -2.623000
v 9.777000 9.362000 -2.623000
v 4.754000 9.362000 -2.123000
v 9.799000 9.362000 -2.123000
v 5.055000 9.362000 -1.623000
v 9.816000 9.362000 -1.623000
v 5.546000 9.362000 -1.123000
v 9.975000 9.362000 -1.123000
v 5.766000 9.362000 -0.623000
v 10.382000 9.362000 -0.623000
v 5.862000 9.362000 -0.123000
v 10.797000 9.362000 -0.123000
v 5.907000 9.362000 0.377000
v 10.927000 9.362000 0.377000
v 5.933000 9.362000 0.877000
v 10.700000 9.362000 0.877000
v 5.917000 9.362000 1.377000
v 10.031000 9.362000 1.377000
v 6.026000 9.362000 1.877000
v 9.315000 9.362000 1.877000
v 6.390000 9.362000 2.377000
v 8.475000 9.362000 2.377000
v 6.455000 13.362000 -5.123000
v 7.979000 13.362000 -5.123000
v 6.143000 13.362000 -4.623000
v 8.393000 13.362000 -4.623000
v 5.966000 13.362000 -4.123000
v 8.506000 13.362000 -4.123000
v 5.545000 13.362000 -3.623000
v 8.486000 13.362000 -3.623000
v 5.206000 13.362000 -3.123000
v 8.522000 13.362000 -3.123000
v 5.107000 13.362000 -2.623000
v 8.568000 13.362000 -2.623000
v 5.112000 13.362000 -2.123000
v 8.836000 13.362000 -2.123000
v 5.227000 13.362000 -1.623000
v 9.027000 13.362000 -1.623000
v 5.506000 13.362000 -1.123000
v 9.347000 13.362000 -1.123000
v 5.725000 13.362000 -0.623000
v 9.576000 13.362000 -0.623000
v 6.128000 13.362000 -0.123000
v 9.830000 13.362000 -0.123000
v 6.536000 13.362000 0.377000
v 9.980000 13.362000 0.377000
v 6.758000 13.362000 0.877000
v 10.004000 13.362000 0.877000
v 7.155000 13.362000 1.377000
v 10.028000 13.362000 1.377000
v 7.424000 13.362000 1.877000
v 10.036000 13.362000 1.877000
v 7.459000 13.362000 2.377000
v 10.115000 13.362000 2.377000
v 7.439000 13.362000 2.877000
v 10.173000 13.362000 2.877000
v 7.460000 13.362000 3.377000
v 10.208000 13.362000 3.377000
v 7.478000 13.362000 3.877000
v 10.221000 13.362000 3.877000
v 7.589000 13.362000 4.377000
v 10.111000 13.362000 4.377000
v 7.956000 13.362000 4.877000
v 9.744000 13.362000 4.877000
v 5.059000 5.362000 2.916000
v 5.059000 5.362000 4.355000
v 5.559000 5.362000 -2.709000
v 5.559000 5.362000 -1.017000
v 5.559000 5.362000 2.001000
v 5.559000 5.362000 5.020000
v 6.059000 5.362000 -2.773000
v 6.059000 5.362000 -0.778000
v 6.059000 5.362000 0.291000
v 6.059000 5.362000 5.241000
v 6.559000 5.362000 -2.767000
v 6.559000 5.362000 5.267000
v 7.059000 5.362000 -2.756000
v 7.059000 5.362000 5.224000
v 7.559000 5.362000 -2.146000
v 7.559000 5.362000 5.036000
v 8.059000 5.362000 -1.434000
v 8.059000 5.362000 4.588000
v 8.559000 5.362000 -1.155000
v 8.559000 5.362000 4.072000
v 9.059000 5.362000 2.434000
v 9.059000 5.362000 3.371000
v 4.059000 9.362000 -8.233000
v 4.059000 9.362000 -5.998000
v 4.559000 9.362000 -9.207000
v 4.559000 9.362000 -5.339000
v 4.559000 9.362000 -3.746000
v 4.559000 9.362000 -2.554000
v 5.059000 9.362000 -11.637000
v 5.059000 9.362000 -1.619000
v 5.559000 9.362000 -11.859000
v 5.559000 9.362000 -1.105000
v 6.059000 9.362000 -11.850000
v 6.059000 9.362000 1.947000
v 6.559000 9.362000 -11.602000
v 6.559000 9.362000 2.501000
v 7.059000 9.362000 -9.868000
v 7.059000 9.362000 2.693000
v 7.559000 9.362000 -8.318000
v 7.559000 9.362000 2.696000
v 8.059000 9.362000 -7.609000
v 8.059000 9.362000 2.589000
v 8.559000 9.362000 -7.288000
v 8.559000 9.362000 2.323000
v 9.059000 9.362000 -6.691000
v 9.059000 9.362000 2.059000
v 9.559000 9.362000 -3.252000
v 9.559000 9.362000 1.698000
v 10.059000 9.362000 -0.989000
v 10.059000 9.362000 1.361000
v 10.559000 9.362000 -0.452000
v 10.559000 9.362000 1.019000
v 5.559000 13.362000 -3.638000
v 5.559000 13.362000 -1.013000
v 6.059000 13.362000 -4.314000
v 6.059000 13.362000 -0.183000
v 6.559000 13.362000 -5.192000
v 6.559000 13.362000 0.413000
v 7.059000 13.362000 -5.333000
v 7.059000 13.362000 1.271000
v 7.559000 13.362000 -5.311000
v 7.559000 13.362000 4.299000
v 8.059000 13.362000 -5.062000
v 8.059000 13.362000 4.957000
v 8.559000 13.362000 -2.654000
v 8.559000 13.362000 5.176000
v 9.059000 13.362000 -1.522000
v 9.059000 13.362000 5.192000
v 9.559000 13.362000 -0.667000
v 9.559000 13.362000 5.011000
v 10.059000 13.362000 2.024000
v 10.059000 13.362000 4.485000
v 4.559000 8.158000 -11.123000
v 4.559000 9.153000 -11.123000
v 5.059000 7.548000 -11.123000
v 5.059000 9.762000 -11.123000
v 5.559000 7.336000 -11.123000
v 5.559000 9.961000 -11.123000
v 6.059000 7.186000 -11.123000
v 6.059000 9.952000 -11.123000
v 6.559000 7.168000 -11.123000
v 6.559000 9.733000 -11.123000
v 7.059000 7.468000 -11.123000
v 7.059000 9.030000 -11.123000
v 3.059000 11.088000 -7.123000
v 3.059000 12.177000 -7.123000
v 3.559000 10.456000 -7.123000
v 3.559000 12.752000 -7.123000
v 4.059000 7.987000 -7.123000
v 4.059000 12.939000 -7.123000
v 4.559000 7.416000 -7.123000
v 4.559000 12.922000 -7.123000
v 5.059000 7.215000 -7.123000
v 5.059000 12.690000 -7.123000
v 5.559000 7.198000 -7.123000
v 5.559000 12.235000 -7.123000
v 6.059000 7.222000 -7.123000
v 6.059000 11.842000 -7.123000
v 6.559000 7.429000 -7.123000
v 6.559000 11.254000 -7.123000
v 7.059000 7.754000 -7.123000
v 7.059000 10.823000 -7.123000
v 7.559000 7.917000 -7.123000
v 7.559000 10.616000 -7.123000
v 8.059000 8.090000 -7.123000
v 8.059000 10.555000 -7.123000
v 8.559000 8.471000 -7.123000
v 8.559000 10.224000 -7.123000
v 4.559000 6.713000 -3.123000
v 4.559000 12.597000 -3.123000
v 5.059000 5.961000 -3.123000
v 5.059000 13.229000 -3.123000
v 5.559000 5.636000 -3.123000
v 5.559000 13.676000 -3.123000
v 6.059000 5.605000 -3.123000
v 6.059000 14.194000 -3.123000
v 6.559000 5.627000 -3.123000
v 6.559000 14.430000 -3.123000
v 7.059000 5.637000 -3.123000
v 7.059000 14.448000 -3.123000
v 7.559000 5.677000 -3.123000
v 7.559000 14.257000 -3.123000
v 8.059000 5.688000 -3.123000
v 8.059000 13.814000 -3.123000
v 8.559000 5.714000 -3.123000
v 8.559000 13.328000 -3.123000
v 9.059000 5.839000 -3.123000
v 9.059000 13.027000 -3.123000
v 9.559000 6.059000 -3.123000
v 9.559000 12.806000 -3.123000
v 10.059000 6.758000 -3.123000
v 10.059000 8.232000 -3.123000
v 10.059000 10.462000 -3.123000
v 10.059000 12.216000 -3.123000
v 5.559000 5.948000 0.877000
v 5.559000 7.264000 0.877000
v 6.059000 5.188000 0.877000
v 6.059000 12.315000 0.877000
v 6.559000 4.536000 0.877000
v 6.559000 13.117000 0.877000
v 7.059000 4.314000 0.877000
v 7.059000 13.656000 0.877000
v 7.559000 4.307000 0.877000
v 7.559000 13.874000 0.877000
v 8.059000 4.513000 0.877000
v 8.059000 14.006000 0.877000
v 8.559000 4.945000 0.877000
v 8.559000 14.016000 0.877000
v 9.059000 5.719000 0.877000
v 9.059000 13.960000 0.877000
v 9.559000 6.354000 0.877000
v 9.559000 13.771000 0.877000
v 10.059000 8.687000 0.877000
v 10.059000 13.310000 0.877000
v 10.559000 9.276000 0.877000
v 10.559000 12.836000 0.877000
v 11.059000 9.561000 0.877000
v 11.059000 12.284000 0.877000
v 11.559000 10.337000 0.877000
v 11.559000 11.544000 0.877000
v 5.559000 5.023000 4.877000
v 5.559000 6.247000 4.877000
v 6.059000 4.523000 4.877000
v 6.059000 6.594000 4.877000
v 6.559000 4.177000 4.877000
v 6.559000 6.617000 4.877000
v 7.059000 4.165000 4.877000
v 7.059000 6.350000 4.877000
v 7.559000 4.466000 4.877000
v 7.559000 5.750000 4.877000
v 8.059000 12.582000 4.877000
v 8.059000 13.584000 4.877000
v 8.559000 12.193000 4.877000
v 8.559000 13.973000 4.877000
v 9.059000 12.170000 4.877000
v 9.059000 13.996000 4.877000
v 9.559000 12.471000 4.877000
v 9.559000 13.695000 4.877000
v 8.058000 5.862000 -4.623000
v 8.545000 5.862000 -4.623000
v 7.752000 5.862000 -4.123000
v 8.850000 5.862000 -4.123000
v 7.524000 5.862000 -3.623000
v 8.876000 5.862000 -3.623000
v 5.155000 5.862000 -3.123000
v 9.142000 5.862000 -3.123000
v 4.759000 5.862000 -2.623000
v 9.384000 5.862000 -2.623000
v 4.670000 5.862000 -2.123000
v 9.455000 5.862000 -2.123000
v 4.643000 5.862000 -1.623000
v 9.385000 5.862000 -1.623000
v 4.756000 5.862000 -1.123000
v 9.449000 5.862000 -1.123000
v 5.170000 5.862000 -0.623000
v 9.464000 5.862000 -0.623000
v 5.498000 5.862000 -0.123000
v 9.548000 5.862000 -0.123000
v 5.577000 5.862000 0.377000
v 9.413000 5.862000 0.377000
v 5.601000 5.862000 0.877000
v 9.144000 5.862000 0.877000
v 5.497000 5.862000 1.377000
v 9.026000 5.862000 1.377000
v 5.414000 5.862000 1.877000
v 9.027000 5.862000 1.877000
v 5.308000 5.862000 2.377000
v 9.071000 5.862000 2.377000
v 5.081000 5.862000 2.877000
v 9.133000 5.862000 2.877000
v 4.980000 5.862000 3.377000
v 9.049000 5.862000 3.377000
v 4.973000 5.862000 3.877000
v 8.728000 5.862000 3.877000
v 5.057000 5.862000 4.377000
v 8.260000 5.862000 4.377000
v 5.376000 5.862000 4.877000
v 7.444000 5.862000 4.877000
v 5.238000 9.862000 -11.123000
v 6.336000 9.862000 -11.123000
v 5.078000 9.862000 -10.623000
v 6.496000 9.862000 -10.623000
v 5.154000 9.862000 -10.123000
v 6.520000 9.862000 -10.123000
v 5.118000 9.862000 -9.623000
v 6.474000 9.862000 -9.623000
v 4.835000 9.862000 -9.123000
v 6.776000 9.862000 -9.123000
v 4.391000 9.862000 -8.623000
v 7.056000 9.862000 -8.623000
v 4.062000 9.862000 -8.123000
v 7.344000 9.862000 -8.123000
v 3.922000 9.862000 -7.623000
v 7.835000 9.862000 -7.623000
v 3.867000 9.862000 -7.123000
v 8.742000 9.862000 -7.123000
v 3.817000 9.862000 -6.623000
v 9.077000 9.862000 -6.623000
v 3.969000 9.862000 -6.123000
v 9.171000 9.862000 -6.123000
v 4.345000 9.862000 -5.623000
v 9.180000 9.862000 -5.623000
v 4.678000 9.862000 -5.123000
v 9.217000 9.862000 -5.123000
v 4.780000 9.862000 -4.623000
v 9.196000 9.862000 -4.623000
v 4.695000 9.862000 -4.123000
v 9.225000 9.862000 -4.123000
v 4.531000 9.862000 -3.623000
v 9.377000 9.862000 -3.623000
v 4.434000 9.862000 -3.123000
v 9.688000 9.862000 -3.123000
v 4.520000 9.862000 -2.623000
v 9.987000 9.862000 -2.623000
v 4.813000 9.862000 -2.123000
v 10.067000 9.862000 -2.123000
v 5.211000 9.862000 -1.623000
v 10.101000 9.862000 -1.623000
v 5.665000 9.862000 -1.123000
v 10.357000 9.862000 -1.123000
v 5.851000 9.862000 -0.623000
v 10.935000 9.862000 -0.623000
v 5.891000 9.862000 -0.123000
v 11.361000 9.862000 -0.123000
v 5.914000 9.862000 0.377000
v 11.467000 9.862000 0.377000
v 5.945000 9.862000 0.877000
v 11.351000 9.862000 0.877000
v 5.906000 9.862000 1.377000
v 10.900000 9.862000 1.377000
v 6.004000 9.862000 1.877000
v 9.235000 9.862000 1.877000
v 6.332000 9.862000 2.377000
v 8.316000 9.862000 2.377000
v 6.807000 13.862000 -4.623000
v 7.772000 13.862000 -4.623000
v 6.548000 13.862000 -4.123000
v 7.970000 13.862000 -4.123000
v 6.150000 13.862000 -3.623000
v 7.906000 13.862000 -3.623000
v 5.745000 13.862000 -3.123000
v 8.006000 13.862000 -3.123000
v 5.613000 13.862000 -2.623000
v 8.074000 13.862000 -2.623000
v 5.641000 13.862000 -2.123000
v 8.122000 13.862000 -2.123000
v 5.646000 13.862000 -1.623000
v 8.382000 13.862000 -1.623000
v 5.746000 13.862000 -1.123000
v 8.541000 13.862000 -1.123000
v 6.132000 13.862000 -0.623000
v 8.793000 13.862000 -0.623000
v 6.563000 13.862000 -0.123000
v 9.081000 13.862000 -0.123000
v 7.119000 13.862000 0.377000
v 9.366000 13.862000 0.377000
v 7.512000 13.862000 0.877000
v 9.385000 13.862000 0.877000
v 7.846000 13.862000 1.377000
v 9.484000 13.862000 1.377000
v 7.892000 13.862000 1.877000
v 9.599000 13.862000 1.877000
v 7.750000 13.862000 2.377000
v 9.859000 13.862000 2.377000
v 7.657000 13.862000 2.877000
v 9.955000 13.862000 2.877000
v 7.664000 13.862000 3.377000
v 10.004000 13.862000 3.377000
v 7.687000 13.862000 3.877000
v 10.013000 13.862000 3.877000
v 7.819000 13.862000 4.377000
v 9.880000 13.862000 4.377000
v 8.329000 13.862000 4.877000
v 9.370000 13.862000 4.877000
v 5.059000 5.862000 -3.046000
v 5.059000 5.862000 -0.725000
v 5.059000 5.862000 2.935000
v 5.059000 5.862000 4.380000
v 5.559000 5.862000 -3.328000
v 5.559000 5.862000 0.129000
v 5.559000 5.862000 1.142000
v 5.559000 5.862000 5.030000
v 6.059000 5.862000 -3.400000
v 6.059000 5.862000 5.250000
v 6.559000 5.862000 -3.380000
v 6.559000 5.862000 5.267000
v 7.059000 5.862000 -3.402000
v 7.059000 5.862000 5.095000
v 7.559000 5.862000 -3.651000
v 7.559000 5.862000 4.812000
v 8.059000 5.862000 -4.624000
v 8.059000 5.862000 4.542000
v 8.559000 5.862000 -4.617000
v 8.559000 5.862000 4.032000
v 9.059000 5.862000 -3.198000
v 9.059000 5.862000 1.137000
v 9.059000 5.862000 2.275000
v 9.059000 5.862000 3.350000
v 4.059000 9.862000 -8.114000
v 4.059000 9.862000 -5.983000
v 4.559000 9.862000 -8.802000
v 4.559000 9.862000 -5.359000
v 4.559000 9.862000 -3.714000
v 4.559000 9.862000 -2.531000
v 5.059000 9.862000 -9.471000
v 5.059000 9.862000 -1.765000
v 5.559000 9.862000 -11.345000
v 5.559000 9.862000 -1.275000
v 6.059000 9.862000 -11.329000
v 6.059000 9.862000 2.000000
v 6.559000 9.862000 -9.381000
v 6.559000 9.862000 2.558000
v 7.059000 9.862000 -8.619000
v 7.059000 9.862000 2.757000
v 7.559000 9.862000 -7.847000
v 7.559000 9.862000 2.756000
v 8.059000 9.862000 -7.507000
v 8.059000 9.862000 2.564000
v 8.559000 9.862000 -7.270000
v 8.559000 9.862000 2.197000
v 9.059000 9.862000 -6.669000
v 9.059000 9.862000 1.950000
v 9.559000 9.862000 -3.308000
v 9.559000 9.862000 1.776000
v 10.059000 9.862000 -2.246000
v 10.059000 9.862000 1.616000
v 10.559000 9.862000 -0.889000
v 10.559000 9.862000 1.517000
v 11.059000 9.862000 -0.529000
v 11.059000 9.862000 1.261000
v 6.059000 13.862000 -3.540000
v 6.059000 13.862000 -0.702000
v 6.559000 13.862000 -4.144000
v 6.559000 13.862000 -0.127000
v 7.059000 13.862000 -4.784000
v 7.059000 13.862000 0.308000
v 7.559000 13.862000 -4.769000
v 7.559000 13.862000 0.917000
v 8.059000 13.862000 -2.798000
v 8.059000 13.862000 4.689000
v 8.559000 13.862000 -1.073000
v 8.559000 13.862000 4.962000
v 9.059000 13.862000 -0.151000
v 9.059000 13.862000 4.981000
v 9.559000 13.862000 1.774000
v 9.559000 13.862000 4.759000
v 4.559000 7.985000 -10.623000
v 4.559000 9.325000 -10.623000
v 5.059000 7.409000 -10.623000
v 5.059000 9.850000 -10.623000
v 5.559000 7.061000 -10.623000
v 5.559000 10.036000 -10.623000
v 6.059000 6.830000 -10.623000
v 6.059000 10.028000 -10.623000
v 6.559000 6.817000 -10.623000
v 6.559000 9.822000 -10.623000
v 7.059000 7.014000 -10.623000
v 7.059000 9.283000 -10.623000
v 7.559000 7.646000 -10.623000
v 7.559000 8.546000 -10.623000
v 3.059000 10.922000 -6.623000
v 3.059000 12.344000 -6.623000
v 3.559000 10.348000 -6.623000
v 3.559000 12.841000 -6.623000
v 4.059000 7.924000 -6.623000
v 4.059000 13.017000 -6.623000
v 4.559000 7.391000 -6.623000
v 4.559000 13.001000 -6.623000
v 5.059000 7.194000 -6.623000
v 5.059000 12.864000 -6.623000
v 5.559000 7.107000 -6.623000
v 5.559000 12.635000 -6.623000
v 6.059000 7.121000 -6.623000
v 6.059000 12.266000 -6.623000
v 6.559000 7.332000 -6.623000
v 6.559000 11.809000 -6.623000
v 7.059000 7.573000 -6.623000
v 7.059000 11.322000 -6.623000
v 7.559000 7.752000 -6.623000
v 7.559000 11.129000 -6.623000
v 8.059000 7.798000 -6.623000
v 8.059000 11.071000 -6.623000
v 8.559000 8.028000 -6.623000
v 8.559000 10.730000 -6.623000
v 9.059000 8.799000 -6.623000
v 9.059000 9.943000 -6.623000
v 4.559000 6.301000 -2.623000
v 4.559000 12.743000 -2.623000
v 5.059000 5.555000 -2.623000
v 5.059000 13.308000 -2.623000
v 5.559000 5.328000 -2.623000
v 5.559000 13.809000 -2.623000
v 6.059000 5.299000 -2.623000
v 6.059000 14.309000 -2.623000
v 6.559000 5.295000 -2.623000
v 6.559000 14.525000 -2.623000
v 7.059000 5.295000 -2.623000
v 7.059000 14.541000 -2.623000
v 7.559000 5.476000 -2.623000
v 7.559000 14.366000 -2.623000
v 8.059000 5.653000 -2.623000
v 8.059000 13.881000 -2.623000
v 8.559000 5.716000 -2.623000
v 8.559000 13.370000 -2.623000
v 9.059000 5.757000 -2.623000
v 9.059000 13.059000 -2.623000
v 9.559000 5.958000 -2.623000
v 9.559000 12.830000 -2.623000
v 10.059000 6.527000 -2.623000
v 10.059000 7.961000 -2.623000
v 10.059000 9.957000 -2.623000
v 10.059000 12.423000 -2.623000
v 10.559000 10.631000 -2.623000
v 10.559000 11.648000 -2.623000
v 5.559000 5.666000 1.377000
v 5.559000 7.217000 1.377000
v 6.059000 4.952000 1.377000
v 6.059000 11.977000 1.377000
v 6.559000 4.323000 1.377000
v 6.559000 12.687000 1.377000
v 7.059000 4.095000 1.377000
v 7.059000 13.255000 1.377000
v 7.559000 4.106000 1.377000
v 7.559000 13.688000 1.377000
v 8.059000 4.343000 1.377000
v 8.059000 13.944000 1.377000
v 8.559000 4.925000 1.377000
v 8.559000 14.016000 1.377000
v 9.059000 5.911000 1.377000
v 9.059000 14.014000 1.377000
v 9.559000 7.636000 1.377000
v 9.559000 13.817000 1.377000
v 10.059000 9.392000 1.377000
v 10.059000 13.330000 1.377000
v 10.559000 9.680000 1.377000
v 10.559000 12.796000 1.377000
v 11.059000 10.028000 1.377000
v 11.059000 12.017000 1.377000
v 5.847000 6.362000 -5.123000
v 8.904000 6.362000 -5.123000
v 5.638000 6.362000 -4.623000
v 9.349000 6.362000 -4.623000
v 5.528000 6.362000 -4.123000
v 9.459000 6.362000 -4.123000
v 5.196000 6.362000 -3.623000
v 9.571000 6.362000 -3.623000
v 4.751000 6.362000 -3.123000
v 9.864000 6.362000 -3.123000
v 4.543000 6.362000 -2.623000
v 9.965000 6.362000 -2.623000
v 4.470000 6.362000 -2.123000
v 10.001000 6.362000 -2.123000
v 4.458000 6.362000 -1.623000
v 9.986000 6.362000 -1.623000
v 4.555000 6.362000 -1.123000
v 9.986000 6.362000 -1.123000
v 4.896000 6.362000 -0.623000
v 10.011000 6.362000 -0.623000
v 5.262000 6.362000 -0.123000
v 10.030000 6.362000 -0.123000
v 5.396000 6.362000 0.377000
v 9.931000 6.362000 0.377000
v 5.417000 6.362000 0.877000
v 9.564000 6.362000 0.877000
v 5.425000 6.362000 1.377000
v 9.284000 6.362000 1.377000
v 5.384000 6.362000 1.877000
v 9.149000 6.362000 1.877000
v 5.357000 6.362000 2.377000
v 9.023000 6.362000 2.377000
v 5.277000 6.362000 2.877000
v 8.939000 6.362000 2.877000
v 5.184000 6.362000 3.377000
v 8.829000 6.362000 3.377000
v 5.158000 6.362000 3.877000
v 8.417000 6.362000 3.877000
v 5.256000 6.362000 4.377000
v 7.914000 6.362000 4.377000
v 5.662000 6.362000 4.877000
v 7.046000 6.362000 4.877000
v 4.735000 10.362000 -8.623000
v 6.281000 10.362000 -8.623000
v 4.167000 10.362000 -8.123000
v 6.723000 10.362000 -8.123000
v 3.821000 10.362000 -7.623000
v 7.120000 10.362000 -7.623000
v 3.634000 10.362000 -7.123000
v 8.424000 10.362000 -7.123000
v 3.547000 10.362000 -6.623000
v 8.864000 10.362000 -6.623000
v 3.718000 10.362000 -6.123000
v 9.051000 10.362000 -6.123000
v 4.103000 10.362000 -5.623000
v 9.159000 10.362000 -5.623000
v 4.486000 10.362000 -5.123000
v 9.244000 10.362000 -5.123000
v 4.605000 10.362000 -4.623000
v 9.254000 10.362000 -4.623000
v 4.538000 10.362000 -4.123000
v 9.317000 10.362000 -4.123000
v 4.451000 10.362000 -3.623000
v 9.558000 10.362000 -3.623000
v 4.444000 10.362000 -3.123000
v 9.973000 10.362000 -3.123000
v 4.502000 10.362000 -2.623000
v 10.405000 10.362000 -2.623000
v 4.689000 10.362000 -2.123000
v 10.520000 10.362000 -2.123000
v 5.079000 10.362000 -1.623000
v 10.621000 10.362000 -1.623000
v 5.547000 10.362000 -1.123000
v 10.967000 10.362000 -1.123000
v 5.790000 10.362000 -0.623000
v 11.360000 10.362000 -0.623000
v 5.897000 10.362000 -0.123000
v 11.572000 10.362000 -0.123000
v 5.912000 10.362000 0.377000
v 11.661000 10.362000 0.377000
v 5.952000 10.362000 0.877000
v 11.563000 10.362000 0.877000
v 5.912000 10.362000 1.377000
v 11.220000 10.362000 1.377000
v 6.001000 10.362000 1.877000
v 9.434000 10.362000 1.877000
v 6.318000 10.362000 2.377000
v 8.354000 10.362000 2.377000
v 6.347000 14.362000 -3.123000
v 7.360000 14.362000 -3.123000
v 6.141000 14.362000 -2.623000
v 7.566000 14.362000 -2.623000
v 6.224000 14.362000 -2.123000
v 7.494000 14.362000 -2.123000
v 6.255000 14.362000 -1.623000
v 7.734000 14.362000 -1.623000
v 6.484000 14.362000 -1.123000
v 7.979000 14.362000 -1.123000
v 6.764000 14.362000 -0.623000
v 7.801000 14.362000 -0.623000
v 8.284000 14.362000 2.877000
v 9.328000 14.362000 2.877000
v 8.244000 14.362000 3.377000
v 9.424000 14.362000 3.377000
v 8.281000 14.362000 3.877000
v 9.419000 14.362000 3.877000
v 4.559000 6.362000 -2.675000
v 4.559000 6.362000 -1.116000
v 5.059000 6.362000 -3.492000
v 5.059000 6.362000 -0.447000
v 5.559000 6.362000 -4.213000
v 5.559000 6.362000 4.794000
v 6.059000 6.362000 -5.265000
v 6.059000 6.362000 5.060000
v 6.559000 6.362000 -5.284000
v 6.559000 6.362000 5.079000
v 7.059000 6.362000 -5.133000
v 7.059000 6.362000 4.868000
v 7.559000 6.362000 -5.259000
v 7.559000 6.362000 4.536000
v 8.059000 6.362000 -5.317000
v 8.059000 6.362000 4.267000
v 8.559000 6.362000 -5.282000
v 8.559000 6.362000 3.757000
v 9.059000 6.362000 -5.007000
v 9.059000 6.362000 2.218000
v 9.559000 6.362000 -3.652000
v 9.559000 6.362000 0.883000
v 3.559000 10.362000 -6.814000
v 3.559000 10.362000 -6.516000
v 4.059000 10.362000 -7.991000
v 4.059000 10.362000 -5.684000
v 4.559000 10.362000 -8.496000
v 4.559000 10.362000 -4.929000
v 4.559000 10.362000 -4.228000
v 4.559000 10.362000 -2.421000
v 5.059000 10.362000 -8.770000
v 5.059000 10.362000 -1.640000
v 5.559000 10.362000 -8.827000
v 5.559000 10.362000 -1.107000
v 6.059000 10.362000 -8.756000
v 6.059000 10.362000 2.011000
v 6.559000 10.362000 -8.262000
v 6.559000 10.362000 2.573000
v 7.059000 10.362000 -7.688000
v 7.059000 10.362000 2.770000
v 7.559000 10.362000 -7.386000
v 7.559000 10.362000 2.781000
v 8.059000 10.362000 -7.276000
v 8.059000 10.362000 2.607000
v 8.559000 10.362000 -7.025000
v 8.559000 10.362000 2.216000
v 9.059000 10.362000 -6.098000
v 9.059000 10.362000 1.971000
v 9.559000 10.362000 -3.622000
v 9.559000 10.362000 1.852000
v 10.059000 10.362000 -3.052000
v 10.059000 10.362000 1.773000
v 10.559000 10.362000 -1.817000
v 10.559000 10.362000 1.716000
v 11.059000 10.362000 -1.043000
v 11.059000 10.362000 1.505000
v 11.559000 10.362000 -0.157000
v 11.559000 10.362000 0.889000
v 6.559000 14.362000 -3.271000
v 6.559000 14.362000 -1.010000
v 7.059000 14.362000 -3.305000
v 7.059000 14.362000 -0.429000
v 7.559000 14.362000 -2.727000
v 7.559000 14.362000 -2.517000
v 7.559000 14.362000 -1.856000
v 7.559000 14.362000 -0.449000
v 8.559000 14.362000 2.378000
v 8.559000 14.362000 4.326000
v 9.059000 14.362000 2.381000
v 9.059000 14.362000 4.367000
v 4.559000 7.912000 -10.123000
v 4.559000 9.210000 -10.123000
v 5.059000 7.120000 -10.123000
v 5.059000 9.803000 -10.123000
v 5.559000 6.871000 -10.123000
v 5.559000 10.012000 -10.123000
v 6.059000 6.725000 -10.123000
v 6.059000 10.022000 -10.123000
v 6.559000 6.713000 -10.123000
v 6.559000 9.839000 -10.123000
v 7.059000 6.894000 -10.123000
v 7.059000 9.350000 -10.123000
v 7.559000 7.404000 -10.123000
v 7.559000 8.788000 -10.123000
v 3.059000 11.170000 -6.123000
v 3.059000 12.096000 -6.123000
v 3.559000 10.532000 -6.123000
v 3.559000 12.714000 -6.123000
v 4.059000 8.176000 -6.123000
v 4.059000 12.908000 -6.123000
v 4.559000 7.470000 -6.123000
v 4.559000 12.967000 -6.123000
v 5.059000 7.094000 -6.123000
v 5.059000 12.958000 -6.123000
v 5.559000 6.879000 -6.123000
v 5.559000 12.883000 -6.123000
v 6.059000 6.869000 -6.123000
v 6.059000 12.697000 -6.123000
v 6.559000 7.029000 -6.123000
v 6.559000 12.470000 -6.123000
v 7.059000 7.157000 -6.123000
v 7.059000 12.150000 -6.123000
v 7.559000 7.356000 -6.123000
v 7.559000 11.777000 -6.123000
v 8.059000 7.389000 -6.123000
v 8.059000 11.531000 -6.123000
v 8.559000 7.513000 -6.123000
v 8.559000 11.212000 -6.123000
v 9.059000 8.359000 -6.123000
v 9.059000 10.331000 -6.123000
v 4.559000 6.070000 -2.123000
v 4.559000 8.801000 -2.123000
v 4.559000 10.696000 -2.123000
v 4.559000 12.505000 -2.123000
v 5.059000 5.464000 -2.123000
v 5.059000 13.284000 -2.123000
v 5.559000 5.252000 -2.123000
v 5.559000 13.789000 -2.123000
v 6.059000 5.220000 -2.123000
v 6.059000 14.264000 -2.123000
v 6.559000 5.193000 -2.123000
v 6.559000 14.480000 -2.123000
v 7.059000 5.182000 -2.123000
v 7.059000 14.496000 -2.123000
v 7.559000 5.360000 -2.123000
v 7.559000 14.333000 -2.123000
v 8.059000 5.619000 -2.123000
v 8.059000 13.941000 -2.123000
v 8.559000 5.709000 -2.123000
v 8.559000 13.495000 -2.123000
v 9.059000 5.728000 -2.123000
v 9.059000 13.241000 -2.123000
v 9.559000 5.920000 -2.123000
v 9.559000 12.942000 -2.123000
v 10.059000 6.463000 -2.123000
v 10.059000 7.751000 -2.123000
v 10.059000 9.851000 -2.123000
v 10.059000 12.714000 -2.123000
v 10.559000 10.421000 -2.123000
v 10.559000 12.016000 -2.123000
v 5.559000 5.432000 1.877000
v 5.559000 7.305000 1.877000
v 6.059000 4.580000 1.877000
v 6.059000 8.062000 1.877000
v 6.059000 9.239000 1.877000
v 6.059000 11.497000 1.877000
v 6.559000 3.976000 1.877000
v 6.559000 12.217000 1.877000
v 7.059000 3.785000 1.877000
v 7.059000 12.876000 1.877000
v 7.559000 3.802000 1.877000
v 7.559000 13.548000 1.877000
v 8.059000 4.039000 1.877000
v 8.059000 13.966000 1.877000
v 8.559000 4.794000 1.877000
v 8.559000 14.122000 1.877000
v 9.059000 5.962000 1.877000
v 9.059000 14.120000 1.877000
v 9.559000 10.439000 1.877000
v 9.559000 13.893000 1.877000
v 10.059000 10.609000 1.877000
v 10.059000 13.335000 1.877000
v 10.559000 10.953000 1.877000
v 10.559000 12.533000 1.877000
v 5.942000 6.862000 -10.623000
v 6.741000 6.862000 -10.623000
v 5.587000 6.862000 -10.123000
v 7.002000 6.862000 -10.123000
v 5.269000 6.862000 -9.623000
v 6.978000 6.862000 -9.623000
v 5.173000 6.862000 -9.123000
v 6.973000 6.862000 -9.123000
v 5.366000 6.862000 -8.623000
v 6.775000 6.862000 -8.623000
v 5.275000 6.862000 -5.623000
v 8.983000 6.862000 -5.623000
v 5.129000 6.862000 -5.123000
v 9.405000 6.862000 -5.123000
v 5.108000 6.862000 -4.623000
v 9.583000 6.862000 -4.623000
v 5.003000 6.862000 -4.123000
v 9.712000 6.862000 -4.123000
v 4.761000 6.862000 -3.623000
v 9.921000 6.862000 -3.623000
v 4.515000 6.862000 -3.123000
v 10.087000 6.862000 -3.123000
v 4.403000 6.862000 -2.623000
v 10.170000 6.862000 -2.623000
v 4.402000 6.862000 -2.123000
v 10.194000 6.862000 -2.123000
v 4.451000 6.862000 -1.623000
v 10.197000 6.862000 -1.623000
v 4.540000 6.862000 -1.123000
v 10.177000 6.862000 -1.123000
v 4.854000 6.862000 -0.623000
v 10.221000 6.862000 -0.623000
v 5.229000 6.862000 -0.123000
v 10.206000 6.862000 -0.123000
v 5.398000 6.862000 0.377000
v 10.120000 6.862000 0.377000
v 5.419000 6.862000 0.877000
v 9.801000 6.862000 0.877000
v 5.436000 6.862000 1.377000
v 9.365000 6.862000 1.377000
v 5.392000 6.862000 1.877000
v 9.157000 6.862000 1.877000
v 5.470000 6.862000 2.377000
v 8.879000 6.862000 2.377000
v 5.596000 6.862000 2.877000
v 8.629000 6.862000 2.877000
v 5.711000 6.862000 3.377000
v 8.194000 6.862000 3.377000
v 5.680000 6.862000 3.877000
v 7.532000 6.862000 3.877000
v 5.876000 6.862000 4.377000
v 6.832000 6.862000 4.377000
v 4.316000 10.862000 -8.123000
v 5.928000 10.862000 -8.123000
v 3.572000 10.862000 -7.623000
v 6.512000 10.862000 -7.623000
v 3.189000 10.862000 -7.123000
v 7.004000 10.862000 -7.123000
v 3.096000 10.862000 -6.623000
v 8.418000 10.862000 -6.623000
v 3.228000 10.862000 -6.123000
v 8.852000 10.862000 -6.123000
v 3.657000 10.862000 -5.623000
v 9.043000 10.862000 -5.623000
v 4.064000 10.862000 -5.123000
v 9.250000 10.862000 -5.123000
v 4.336000 10.862000 -4.623000
v 9.443000 10.862000 -4.623000
v 4.424000 10.862000 -4.123000
v 9.574000 10.862000 -4.123000
v 4.414000 10.862000 -3.623000
v 9.839000 10.862000 -3.623000
v 4.407000 10.862000 -3.123000
v 10.290000 10.862000 -3.123000
v 4.431000 10.862000 -2.623000
v 10.632000 10.862000 -2.623000
v 4.522000 10.862000 -2.123000
v 10.734000 10.862000 -2.123000
v 4.851000 10.862000 -1.623000
v 10.873000 10.862000 -1.623000
v 5.326000 10.862000 -1.123000
v 11.247000 10.862000 -1.123000
v 5.698000 10.862000 -0.623000
v 11.562000 10.862000 -0.623000
v 5.845000 10.862000 -0.123000
v 11.649000 10.862000 -0.123000
v 5.899000 10.862000 0.377000
v 11.709000 10.862000 0.377000
v 5.938000 10.862000 0.877000
v 11.610000 10.862000 0.877000
v 5.913000 10.862000 1.377000
v 11.268000 10.862000 1.377000
v 6.008000 10.862000 1.877000
v 10.489000 10.862000 1.877000
v 6.337000 10.862000 2.377000
v 8.568000 10.862000 2.377000
v 4.559000 6.862000 -3.217000
v 4.559000 6.862000 -1.075000
v 5.059000 6.862000 -4.360000
v 5.059000 6.862000 -0.397000
v 5.559000 6.862000 -10.094000
v 5.559000 6.862000 -8.500000
v 5.559000 6.862000 -6.077000
v 5.559000 6.862000 2.731000
v 6.059000 6.862000 -10.695000
v 6.059000 6.862000 -8.431000
v 6.059000 6.862000 -6.104000
v 6.059000 6.862000 4.507000
v 6.559000 6.862000 -10.722000
v 6.559000 6.862000 -8.469000
v 6.559000 6.862000 -5.874000
v 6.559000 6.862000 4.543000
v 7.059000 6.862000 -5.800000
v 7.059000 6.862000 4.098000
v 7.559000 6.862000 -5.791000
v 7.559000 6.862000 3.863000
v 8.059000 6.862000 -5.803000
v 8.059000 6.862000 3.456000
v 8.559000 6.862000 -5.798000
v 8.559000 6.862000 2.989000
v 9.059000 6.862000 -5.569000
v 9.059000 6.862000 2.086000
v 9.559000 6.862000 -4.701000
v 9.559000 6.862000 1.114000
v 10.059000 6.862000 -3.217000
v 10.059000 6.862000 0.519000
v 3.559000 10.862000 -7.611000
v 3.559000 10.862000 -5.727000
v 4.059000 10.862000 -7.989000
v 4.059000 10.862000 -5.130000
v 4.559000 10.862000 -8.217000
v 4.559000 10.862000 -2.036000
v 5.059000 10.862000 -8.305000
v 5.059000 10.862000 -1.435000
v 5.559000 10.862000 -8.283000
v 5.559000 10.862000 -0.858000
v 6.059000 10.862000 -8.028000
v 6.059000 10.862000 1.992000
v 6.559000 10.862000 -7.587000
v 6.559000 10.862000 2.554000
v 7.059000 10.862000 -7.078000
v 7.059000 10.862000 2.755000
v 7.559000 10.862000 -6.858000
v 7.559000 10.862000 2.786000
v 8.059000 10.862000 -6.796000
v 8.059000 10.862000 2.664000
v 8.559000 10.862000 -6.515000
v 8.559000 10.862000 2.381000
v 9.059000 10.862000 -5.581000
v 9.059000 10.862000 2.204000
v 9.559000 10.862000 -4.177000
v 9.559000 10.862000 2.100000
v 10.059000 10.862000 -3.348000
v 10.059000 10.862000 2.037000
v 10.559000 10.862000 -2.779000
v 10.559000 10.862000 1.842000
v 11.059000 10.862000 -1.329000
v 11.059000 10.862000 1.538000
v 11.559000 10.862000 -0.634000
v 11.559000 10.862000 0.990000
v 4.559000 7.607000 -9.623000
v 4.559000 9.228000 -9.623000
v 5.059000 6.982000 -9.623000
v 5.059000 9.823000 -9.623000
v 5.559000 6.765000 -9.623000
v 5.559000 10.016000 -9.623000
v 6.059000 6.729000 -9.623000
v 6.059000 10.013000 -9.623000
v 6.559000 6.724000 -9.623000
v 6.559000 9.823000 -9.623000
v 7.059000 6.906000 -9.623000
v 7.059000 9.430000 -9.623000
v 7.559000 7.419000 -9.623000
v 7.559000 8.795000 -9.623000
v 3.559000 10.988000 -5.623000
v 3.559000 12.253000 -5.623000
v 4.059000 10.421000 -5.623000
v 4.059000 12.672000 -5.623000
v 4.559000 7.529000 -5.623000
v 4.559000 12.877000 -5.623000
v 5.059000 6.982000 -5.623000
v 5.059000 12.998000 -5.623000
v 5.559000 6.737000 -5.623000
v 5.559000 13.000000 -5.623000
v 6.059000 6.605000 -5.623000
v 6.059000 12.999000 -5.623000
v 6.559000 6.620000 -5.623000
v 6.559000 13.055000 -5.623000
v 7.059000 6.688000 -5.623000
v 7.059000 13.040000 -5.623000
v 7.559000 6.647000 -5.623000
v 7.559000 12.727000 -5.623000
v 8.059000 6.628000 -5.623000
v 8.059000 12.147000 -5.623000
v 8.559000 6.648000 -5.623000
v 8.559000 11.747000 -5.623000
v 9.059000 6.933000 -5.623000
v 9.059000 10.800000 -5.623000
v 4.559000 6.023000 -1.623000
v 4.559000 8.551000 -1.623000
v 5.059000 5.426000 -1.623000
v 5.059000 9.368000 -1.623000
v 5.059000 10.401000 -1.623000
v 5.059000 13.070000 -1.623000
v 5.559000 5.216000 -1.623000
v 5.559000 13.752000 -1.623000
v 6.059000 5.190000 -1.623000
v 6.059000 14.258000 -1.623000
v 6.559000 5.188000 -1.623000
v 6.559000 14.453000 -1.623000
v 7.059000 5.198000 -1.623000
v 7.059000 14.478000 -1.623000
v 7.559000 5.267000 -1.623000
v 7.559000 14.418000 -1.623000
v 8.059000 5.468000 -1.623000
v 8.059000 14.183000 -1.623000
v 8.559000 5.594000 -1.623000
v 8.559000 13.710000 -1.623000
v 9.059000 5.742000 -1.623000
v 9.059000 13.343000 -1.623000
v 9.559000 5.952000 -1.623000
v 9.559000 13.053000 -1.623000
v 10.059000 6.480000 -1.623000
v 10.059000 7.810000 -1.623000
v 10.059000 9.812000 -1.623000
v 10.059000 12.811000 -1.623000
v 10.559000 10.286000 -1.623000
v 10.559000 12.250000 -1.623000
v 5.559000 5.015000 2.377000
v 5.559000 7.110000 2.377000
v 6.059000 4.298000 2.377000
v 6.059000 7.733000 2.377000
v 6.559000 3.861000 2.377000
v 6.559000 8.355000 2.377000
v 6.559000 8.931000 2.377000
v 6.559000 11.762000 2.377000
v 7.059000 3.685000 2.377000
v 7.059000 12.345000 2.377000
v 7.559000 3.701000 2.377000
v 7.559000 13.566000 2.377000
v 8.059000 3.917000 2.377000
v 8.059000 14.153000 2.377000
v 8.559000 4.487000 2.377000
v 8.559000 9.247000 2.377000
v 8.559000 10.852000 2.377000
v 8.559000 14.361000 2.377000
v 9.059000 5.541000 2.377000
v 9.059000 6.098000 2.377000
v 9.059000 11.090000 2.377000
v 9.059000 14.360000 2.377000
v 9.559000 11.159000 2.377000
v 9.559000 14.149000 2.377000
v 10.059000 11.462000 2.377000
v 10.059000 13.501000 2.377000
v 5.480000 7.362000 -11.123000
v 6.949000 7.362000 -11.123000
v 5.127000 7.362000 -10.623000
v 7.411000 7.362000 -10.623000
v 4.823000 7.362000 -10.123000
v 7.533000 7.362000 -10.123000
v 4.688000 7.362000 -9.623000
v 7.524000 7.362000 -9.623000
v 4.613000 7.362000 -9.123000
v 7.469000 7.362000 -9.123000
v 4.699000 7.362000 -8.623000
v 7.364000 7.362000 -8.623000
v 4.829000 7.362000 -8.123000
v 6.987000 7.362000 -8.123000
v 4.788000 7.362000 -7.623000
v 6.555000 7.362000 -7.623000
v 4.650000 7.362000 -7.123000
v 6.423000 7.362000 -7.123000
v 4.609000 7.362000 -6.623000
v 6.631000 7.362000 -6.623000
v 4.682000 7.362000 -6.123000
v 7.581000 7.362000 -6.123000
v 4.675000 7.362000 -5.623000
v 9.299000 7.362000 -5.623000
v 4.612000 7.362000 -5.123000
v 9.622000 7.362000 -5.123000
v 4.639000 7.362000 -4.623000
v 9.715000 7.362000 -4.623000
v 4.576000 7.362000 -4.123000
v 9.857000 7.362000 -4.123000
v 4.533000 7.362000 -3.623000
v 10.119000 7.362000 -3.623000
v 4.445000 7.362000 -3.123000
v 10.198000 7.362000 -3.123000
v 4.387000 7.362000 -2.623000
v 10.177000 7.362000 -2.623000
v 4.378000 7.362000 -2.123000
v 10.192000 7.362000 -2.123000
v 4.445000 7.362000 -1.623000
v 10.210000 7.362000 -1.623000
v 4.539000 7.362000 -1.123000
v 10.183000 7.362000 -1.123000
v 4.844000 7.362000 -0.623000
v 10.233000 7.362000 -0.623000
v 5.278000 7.362000 -0.123000
v 10.227000 7.362000 -0.123000
v 5.528000 7.362000 0.377000
v 10.130000 7.362000 0.377000
v 5.613000 7.362000 0.877000
v 9.809000 7.362000 0.877000
v 5.643000 7.362000 1.377000
v 9.457000 7.362000 1.377000
v 5.594000 7.362000 1.877000
v 9.163000 7.362000 1.877000
v 5.700000 7.362000 2.377000
v 8.795000 7.362000 2.377000
v 6.096000 7.362000 2.877000
v 8.221000 7.362000 2.877000
v 3.281000 11.362000 -7.623000
v 5.923000 11.362000 -7.623000
v 2.969000 11.362000 -7.123000
v 6.442000 11.362000 -7.123000
v 2.891000 11.362000 -6.623000
v 7.006000 11.362000 -6.623000
v 3.001000 11.362000 -6.123000
v 8.381000 11.362000 -6.123000
v 3.368000 11.362000 -5.623000
v 8.869000 11.362000 -5.623000
v 3.826000 11.362000 -5.123000
v 9.286000 11.362000 -5.123000
v 4.239000 11.362000 -4.623000
v 9.626000 11.362000 -4.623000
v 4.401000 11.362000 -4.123000
v 9.790000 11.362000 -4.123000
v 4.417000 11.362000 -3.623000
v 10.054000 11.362000 -3.623000
v 4.397000 11.362000 -3.123000
v 10.328000 11.362000 -3.123000
v 4.409000 11.362000 -2.623000
v 10.642000 11.362000 -2.623000
v 4.496000 11.362000 -2.123000
v 10.743000 11.362000 -2.123000
v 4.818000 11.362000 -1.623000
v 10.876000 11.362000 -1.623000
v 5.282000 11.362000 -1.123000
v 11.239000 11.362000 -1.123000
v 5.527000 11.362000 -0.623000
v 11.556000 11.362000 -0.623000
v 5.788000 11.362000 -0.123000
v 11.644000 11.362000 -0.123000
v 5.907000 11.362000 0.377000
v 11.707000 11.362000 0.377000
v 5.900000 11.362000 0.877000
v 11.609000 11.362000 0.877000
v 5.935000 11.362000 1.377000
v 11.264000 11.362000 1.377000
v 6.024000 11.362000 1.877000
v 10.761000 11.362000 1.877000
v 6.346000 11.362000 2.377000
v 9.955000 11.362000 2.377000
v 7.337000 11.362000 2.877000
v 8.305000 11.362000 2.877000
v 4.559000 7.362000 -3.794000
v 4.559000 7.362000 -1.070000
v 5.059000 7.362000 -10.512000
v 5.059000 7.362000 -0.408000
v 5.559000 7.362000 -11.173000
v 5.559000 7.362000 0.496000
v 6.059000 7.362000 -11.295000
v 6.059000 7.362000 2.844000
v 6.559000 7.362000 -11.270000
v 6.559000 7.362000 -7.630000
v 6.559000 7.362000 -6.707000
v 6.559000 7.362000 3.104000
v 7.059000 7.362000 -11.050000
v 7.059000 7.362000 -8.189000
v 7.059000 7.362000 -6.337000
v 7.059000 7.362000 3.106000
v 7.559000 7.362000 -6.128000
v 7.559000 7.362000 3.135000
v 8.059000 7.362000 -6.101000
v 8.059000 7.362000 2.962000
v 8.559000 7.362000 -6.039000
v 8.559000 7.362000 2.633000
v 9.059000 7.362000 -5.813000
v 9.059000 7.362000 2.006000
v 9.559000 7.362000 -5.268000
v 9.559000 7.362000 1.230000
v 10.059000 7.362000 -3.766000
v 10.059000 7.362000 0.530000
v 3.059000 11.362000 -7.323000
v 3.059000 11.362000 -6.006000
v 3.559000 11.362000 -7.843000
v 3.559000 11.362000 -5.440000
v 4.059000 11.362000 -8.028000
v 4.059000 11.362000 -4.884000
v 4.559000 11.362000 -8.076000
v 4.559000 11.362000 -1.979000
v 5.059000 11.362000 -8.007000
v 5.059000 11.362000 -1.394000
v 5.559000 11.362000 -7.857000
v 5.559000 11.362000 -0.556000
v 6.059000 11.362000 -7.521000
v 6.059000 11.362000 1.961000
v 6.559000 11.362000 -7.013000
v 6.559000 11.362000 2.548000
v 7.059000 11.362000 -6.593000
v 7.059000 11.362000 2.780000
v 7.559000 11.362000 -6.434000
v 7.559000 11.362000 2.935000
v 8.059000 11.362000 -6.287000
v 8.059000 11.362000 2.955000
v 8.559000 11.362000 -5.984000
v 8.559000 11.362000 2.758000
v 9.059000 11.362000 -5.393000
v 9.059000 11.362000 2.620000
v 9.559000 11.362000 -4.763000
v 9.559000 11.362000 2.558000
v 10.059000 11.362000 -3.613000
v 10.059000 11.362000 2.319000
v 10.559000 11.362000 -2.800000
v 10.559000 11.362000 2.046000
v 11.059000 11.362000 -1.325000
v 11.059000 11.362000 1.568000
v 11.559000 11.362000 -0.618000
v 11.559000 11.362000 0.987000
v 4.559000 7.454000 -9.123000
v 4.559000 9.429000 -9.123000
v 5.059000 6.925000 -9.123000
v 5.059000 10.038000 -9.123000
v 5.559000 6.737000 -9.123000
v 5.559000 10.165000 -9.123000
v 6.059000 6.680000 -9.123000
v 6.059000 10.154000 -9.123000
v 6.559000 6.698000 -9.123000
v 6.559000 9.949000 -9.123000
v 7.059000 6.916000 -9.123000
v 7.059000 9.695000 -9.123000
v 7.559000 7.541000 -9.123000
v 7.559000 8.911000 -9.123000
v 4.059000 10.869000 -5.123000
v 4.059000 12.255000 -5.123000
v 4.559000 7.455000 -5.123000
v 4.559000 9.010000 -5.123000
v 4.559000 10.231000 -5.123000
v 4.559000 12.717000 -5.123000
v 5.059000 6.912000 -5.123000
v 5.059000 12.913000 -5.123000
v 5.559000 6.522000 -5.123000
v 5.559000 13.012000 -5.123000
v 6.059000 6.297000 -5.123000
v 6.059000 13.187000 -5.123000
v 6.559000 6.287000 -5.123000
v 6.559000 13.407000 -5.123000
v 7.059000 6.358000 -5.123000
v 7.059000 13.610000 -5.123000
v 7.559000 6.296000 -5.123000
v 7.559000 13.600000 -5.123000
v 8.059000 6.189000 -5.123000
v 8.059000 13.276000 -5.123000
v 8.559000 6.195000 -5.123000
v 8.559000 12.752000 -5.123000
v 9.059000 6.482000 -5.123000
v 9.059000 12.214000 -5.123000
v 9.559000 7.145000 -5.123000
v 9.559000 8.269000 -5.123000
v 4.559000 6.344000 -1.123000
v 4.559000 7.457000 -1.123000
v 5.059000 5.543000 -1.123000
v 5.059000 8.757000 -1.123000
v 5.559000 5.314000 -1.123000
v 5.559000 9.387000 -1.123000
v 5.559000 10.334000 -1.123000
v 5.559000 13.506000 -1.123000
v 6.059000 5.273000 -1.123000
v 6.059000 14.163000 -1.123000
v 6.559000 5.190000 -1.123000
v 6.559000 14.387000 -1.123000
v 7.059000 5.127000 -1.123000
v 7.059000 14.529000 -1.123000
v 7.559000 5.064000 -1.123000
v 7.559000 14.519000 -1.123000
v 8.059000 5.113000 -1.123000
v 8.059000 14.312000 -1.123000
v 8.559000 5.341000 -1.123000
v 8.559000 13.846000 -1.123000
v 9.059000 5.663000 -1.123000
v 9.059000 13.487000 -1.123000
v 9.559000 5.926000 -1.123000
v 9.559000 13.245000 -1.123000
v 10.059000 6.493000 -1.123000
v 10.059000 7.830000 -1.123000
v 10.059000 9.526000 -1.123000
v 10.059000 12.826000 -1.123000
v 10.559000 10.015000 -1.123000
v 10.559000 12.437000 -1.123000
v 11.059000 10.469000 -1.123000
v 11.059000 11.747000 -1.123000
v 5.559000 4.554000 2.877000
v 5.559000 6.813000 2.877000
v 6.059000 4.043000 2.877000
v 6.059000 7.335000 2.877000
v 6.559000 3.824000 2.877000
v 6.559000 7.569000 2.877000
v 7.059000 3.731000 2.877000
v 7.059000 7.659000 2.877000
v 7.559000 3.737000 2.877000
v 7.559000 7.829000 2.877000
v 7.559000 11.190000 2.877000
v 7.559000 13.698000 2.877000
v 8.059000 3.946000 2.877000
v 8.059000 7.544000 2.877000
v 8.059000 11.271000 2.877000
v 8.059000 14.246000 2.877000
v 8.559000 4.430000 2.877000
v 8.559000 6.961000 2.877000
v 8.559000 11.440000 2.877000
v 8.559000 14.440000 2.877000
v 9.059000 5.071000 2.877000
v 9.059000 6.114000 2.877000
v 9.059000 11.535000 2.877000
v 9.059000 14.439000 2.877000
v 9.559000 11.640000 2.877000
v 9.559000 14.243000 2.877000
v 10.059000 12.190000 2.877000
v 10.059000 13.687000 2.877000
f 483 617 725
f 725 617 1041
f 1041 617 933
f 933 484 1041
f 485 27 189
f 189 27 25
f 27 317 25
f 319 317 27
f 319 483 725
f 615 319 725
f 317 319 615
f 1041 931 615
f 1041 615 725
f 931 1041 484
f 1249 931 484
f 1247 931 1249
f 190 1247 1629
f 1247 1541 1629
f 1247 1249 1541
f 1629 1541 1897
f 1897 1541 1819
f 1819 486 1897
f 487 2033 191
f 191 2033 2031
f 189 2031 2033
f 189 2033 485
f 1629 1539 190
f 1899 192 1539
f 1629 1899 1539
f 1897 1899 1629
f 1897 486 1899
f 1899 486 488
f 1868 1775 193
f 191 1775 1868
f 489 191 1868
f 487 191 489
f 1901 194 192
f 1901 192 1899
f 1899 488 1901
f 1901 488 490
f 195 1872 193
f 193 1872 1868
f 489 1868 1872
f 489 1872 491
f 194 1901 1820
f 492 194 1820
f 196 194 492
f 1901 490 1820
f 197 1876 195
f 195 1876 1872
f 491 1872 1876
f 491 1876 493
f 1540 1639 198
f 1540 196 1639
f 196 494 1639
f 196 492 494
f 1776 1876 197
f 2034 493 2136
f 2136 493 199
f 493 1876 199
f 1876 1776 199
f 495 2034 2136
f 1248 1371 200
f 1639 1542 198
f 198 1542 1248
f 1542 496 1248
f 496 1371 1248
f 1639 494 1542
f 2032 2136 199
f 28 495 140
f 140 495 201
f 495 2136 201
f 2136 2032 201
f 497 28 140
f 932 1057 202
f 1371 1250 200
f 200 1250 932
f 1250 498 932
f 498 1057 932
f 1371 496 1250
f 26 140 201
f 140 26 497
f 26 320 497
f 26 318 320
f 616 320 318
f 616 618 320
f 1057 934 202
f 934 616 202
f 934 618 616
f 1057 498 934
f 499 43 203
f 203 43 41
f 43 333 41
f 335 333 43
f 204 333 729
f 333 633 729
f 333 335 633
f 633 500 729
f 501 1557 1631
f 1631 1557 205
f 1557 1833 205
f 1557 1835 1833
f 1835 2091 1833
f 2093 2091 1835
f 2093 83 2091
f 85 83 2093
f 456 375 502
f 375 85 502
f 375 83 85
f 456 206 375
f 503 1783 1865
f 1865 1783 207
f 1783 2047 207
f 1783 2049 2047
f 203 2047 2049
f 203 2049 499
f 729 631 204
f 631 729 500
f 949 631 500
f 947 631 949
f 949 1263 947
f 1265 1263 949
f 1265 501 1631
f 1555 1265 1631
f 1263 1265 1555
f 1631 205 1555
f 377 456 502
f 377 504 456
f 504 206 456
f 504 208 206
f 505 1501 1607
f 503 1865 1501
f 1501 1865 1607
f 1865 1781 1607
f 1781 209 1607
f 1865 207 1781
f 671 208 504
f 671 504 673
f 673 506 671
f 671 506 210
f 1499 211 1607
f 211 505 1607
f 211 507 505
f 1607 209 1499
f 506 981 1073
f 212 506 1073
f 210 506 212
f 981 508 1073
f 509 211 213
f 509 507 211
f 1073 979 212
f 508 1295 1391
f 508 1391 214
f 1073 508 214
f 979 1073 214
f 1295 510 1391
f 511 213 215
f 511 509 213
f 1391 1293 214
f 1391 510 1293
f 510 216 1293
f 510 512 216
f 513 215 217
f 513 511 215
f 216 514 218
f 512 514 216
f 515 1199 219
f 219 1199 1197
f 217 1197 1199
f 217 1199 513
f 1296 516 220
f 1296 220 1294
f 1294 218 1296
f 1296 218 514
f 1351 517 1198
f 517 219 1198
f 517 515 219
f 221 1351 1198
f 982 518 222
f 982 222 980
f 980 220 982
f 982 220 516
f 1351 1200 517
f 519 1200 1351
f 221 519 1351
f 223 519 221
f 674 520 224
f 674 224 672
f 672 222 674
f 674 222 518
f 223 1500 519
f 519 1500 1502
f 521 1502 1500
f 521 1500 225
f 634 522 226
f 634 226 632
f 948 634 632
f 948 950 634
f 1264 950 948
f 1264 1266 950
f 1556 1266 1264
f 1556 1558 1266
f 1834 1917 523
f 1558 1834 523
f 1556 1834 1558
f 227 1917 1834
f 376 477 228
f 376 224 477
f 224 524 477
f 224 520 524
f 225 1782 521
f 521 1782 1784
f 2048 1784 1782
f 2048 2050 1784
f 42 2050 2048
f 42 44 2050
f 334 44 42
f 334 336 44
f 334 226 336
f 336 226 522
f 1917 1836 523
f 227 2092 1917
f 2092 1836 1917
f 2092 2094 1836
f 84 2094 2092
f 84 86 2094
f 477 378 228
f 378 84 228
f 378 86 84
f 477 524 378
f 1606 1515 229
f 1866 1797 1606
f 1606 1797 1515
f 2126 2063 1866
f 1866 2063 1797
f 130 57 2126
f 2126 57 2063
f 130 230 57
f 525 1215 231
f 231 1215 1213
f 1517 1606 229
f 1213 1517 229
f 1215 1517 1213
f 1606 1517 1799
f 1606 1799 1866
f 1866 1799 2065
f 1866 2065 2126
f 2126 2065 59
f 2126 59 130
f 526 432 349
f 526 349 230
f 59 526 230
f 130 59 230
f 432 232 349
f 2162 2107 233
f 166 99 2162
f 2162 99 2107
f 462 391 166
f 166 391 99
f 762 687 462
f 462 687 391
f 762 234 687
f 527 231 235
f 527 525 231
f 351 432 526
f 647 232 432
f 351 647 432
f 649 647 351
f 649 963 647
f 965 963 649
f 965 1279 963
f 1281 1279 965
f 1281 1571 1279
f 1573 1571 1281
f 1573 1849 1571
f 1851 1849 1573
f 2109 2162 233
f 1849 2109 233
f 1851 2109 1849
f 2162 2109 101
f 2162 101 166
f 166 101 393
f 166 393 462
f 462 393 689
f 462 689 762
f 528 1074 995
f 528 995 234
f 689 528 234
f 762 689 234
f 1074 236 995
f 529 897 237
f 237 897 895
f 235 895 897
f 235 897 527
f 997 1074 528
f 530 1392 1309
f 530 1309 236
f 997 530 236
f 1074 997 236
f 1392 238 1309
f 531 237 239
f 531 529 237
f 1311 1392 530
f 532 1664 1595
f 532 1595 238
f 1311 532 238
f 1392 1311 238
f 1664 240 1595
f 533 581 241
f 241 581 579
f 239 579 581
f 239 581 531
f 534 1668 1664
f 534 1664 532
f 240 1664 242
f 242 1664 1668
f 535 241 243
f 535 533 241
f 244 1596 1668
f 534 244 1668
f 536 244 534
f 242 1668 1596
f 243 580 535
f 535 580 582
f 537 582 580
f 537 580 245
f 244 538 246
f 536 538 244
f 245 896 537
f 537 896 898
f 539 898 896
f 539 896 247
f 1310 1401 248
f 1310 246 1401
f 246 540 1401
f 246 538 540
f 247 1214 539
f 539 1214 1216
f 541 1216 1214
f 541 1214 249
f 248 1401 1312
f 542 248 1312
f 250 248 542
f 1401 540 1312
f 249 1516 541
f 541 1516 1518
f 543 1518 1516
f 543 1516 251
f 998 544 252
f 998 252 996
f 996 250 998
f 998 250 542
f 251 1798 543
f 543 1798 1800
f 2064 1800 1798
f 2064 2066 1800
f 58 2066 2064
f 58 60 2066
f 350 60 58
f 350 352 60
f 648 352 350
f 648 650 352
f 964 1069 545
f 650 964 545
f 648 964 650
f 253 1069 964
f 690 546 254
f 690 254 688
f 688 252 690
f 690 252 544
f 1069 966 545
f 1387 547 1280
f 1280 547 253
f 547 966 253
f 966 1069 253
f 255 1387 1280
f 394 548 256
f 394 256 392
f 392 254 394
f 394 254 546
f 1387 1282 547
f 1659 549 1572
f 1572 549 255
f 549 1282 255
f 1282 1387 255
f 257 1659 1572
f 2108 2185 258
f 102 550 2185
f 2108 102 2185
f 100 102 2108
f 100 256 102
f 102 256 548
f 1659 1574 549
f 257 1850 1659
f 1850 1574 1659
f 1850 1852 1574
f 2185 2110 258
f 2110 1850 258
f 2110 1852 1850
f 2185 550 2110
f 551 913 259
f 259 913 911
f 913 1229 911
f 1231 1229 913
f 1231 552 1229
f 1229 552 260
f 553 597 261
f 261 597 595
f 259 595 597
f 259 597 551
f 1531 260 552
f 1531 552 1533
f 1533 554 1531
f 1531 554 262
f 555 299 263
f 263 299 297
f 261 297 299
f 261 299 553
f 1813 262 554
f 1813 554 1815
f 1815 556 1813
f 1813 556 264
f 557 9 265
f 265 9 7
f 263 7 9
f 263 9 555
f 264 558 266
f 556 558 264
f 559 265 267
f 559 557 265
f 266 560 268
f 558 560 266
f 561 267 269
f 561 559 267
f 1816 562 1882
f 1882 270 1816
f 270 560 1816
f 270 268 560
f 470 407 271
f 563 705 470
f 705 407 470
f 705 703 407
f 705 1011 703
f 1013 1011 705
f 1013 564 1011
f 1011 564 272
f 269 8 561
f 561 8 10
f 565 10 8
f 565 8 273
f 566 1884 1882
f 566 1882 562
f 270 1882 274
f 274 1882 1884
f 176 115 275
f 409 470 271
f 409 271 115
f 567 409 115
f 176 567 115
f 563 470 409
f 1325 272 564
f 1325 564 1327
f 1327 568 1325
f 1325 568 276
f 273 298 565
f 565 298 300
f 569 300 298
f 569 298 277
f 1534 570 1620
f 1884 566 1534
f 1884 1534 1620
f 1814 1884 1620
f 278 1814 1620
f 274 1884 1814
f 176 275 117
f 275 571 117
f 275 279 571
f 567 176 117
f 1599 276 568
f 1599 568 1601
f 1601 572 1599
f 1599 572 280
f 277 596 569
f 569 596 598
f 912 598 596
f 912 914 598
f 1230 914 912
f 1230 1232 914
f 570 1232 1620
f 1232 1532 1620
f 1232 1230 1532
f 278 1620 1532
f 573 279 281
f 573 571 279
f 280 574 282
f 572 574 280
f 118 573 182
f 573 283 182
f 573 281 283
f 575 118 182
f 1602 576 284
f 1602 284 1600
f 1600 282 1602
f 1602 282 574
f 116 182 283
f 182 116 575
f 116 410 575
f 116 408 410
f 577 410 408
f 577 408 285
f 1328 578 286
f 1328 286 1326
f 1326 284 1328
f 1328 284 576
f 285 704 577
f 577 704 706
f 1012 706 704
f 1012 1014 706
f 1012 286 1014
f 1014 286 578
f 781 305 429
f 429 305 731
f 731 305 603
f 731 603 1047
f 1047 603 919
f 919 782 1047
f 783 13 131
f 781 429 13
f 429 131 13
f 429 431 131
f 429 733 431
f 429 731 733
f 731 1049 733
f 731 1047 1049
f 1047 782 1049
f 1049 782 784
f 133 785 131
f 131 785 783
f 131 433 133
f 131 431 433
f 431 735 433
f 431 733 735
f 733 1051 735
f 733 1049 1051
f 1049 784 1051
f 1051 784 786
f 133 14 785
f 14 133 787
f 133 435 787
f 133 433 435
f 433 737 435
f 433 735 737
f 788 737 920
f 737 1051 920
f 737 735 1051
f 1051 786 920
f 435 306 787
f 306 435 604
f 604 435 737
f 737 788 604
f 789 2079 2153
f 2153 2079 157
f 157 2079 71
f 157 71 451
f 451 71 363
f 363 790 451
f 791 321 425
f 425 321 483
f 321 617 483
f 321 619 617
f 619 933 617
f 935 933 619
f 484 933 1357
f 933 1251 1357
f 933 935 1251
f 1357 1251 1627
f 1627 1251 1543
f 1627 1543 1895
f 1895 1543 1821
f 789 2153 1821
f 2153 1895 1821
f 2153 2155 1895
f 2153 159 2155
f 2153 157 159
f 157 453 159
f 157 451 453
f 451 790 453
f 453 790 792
f 793 29 485
f 485 29 27
f 29 791 425
f 319 29 425
f 27 29 319
f 425 483 319
f 1357 1249 484
f 1627 1541 1249
f 1627 1249 1357
f 1895 1819 1541
f 1895 1541 1627
f 2157 486 1819
f 1895 2157 1819
f 2155 2157 1895
f 2155 161 2157
f 2155 159 161
f 159 455 161
f 159 453 455
f 453 792 455
f 455 792 794
f 795 2035 487
f 487 2035 2033
f 485 2033 2035
f 485 2035 793
f 2159 488 486
f 2159 486 2157
f 2157 163 2159
f 2157 161 163
f 796 163 364
f 163 455 364
f 163 161 455
f 455 794 364
f 797 487 489
f 797 795 487
f 2161 490 488
f 2161 488 2159
f 798 2161 72
f 2161 163 72
f 2161 2159 163
f 163 796 72
f 799 489 491
f 799 797 489
f 1820 1903 492
f 2161 2080 490
f 490 2080 1820
f 2080 800 1820
f 800 1903 1820
f 2161 798 2080
f 2036 799 2132
f 799 493 2132
f 799 491 493
f 801 2036 2132
f 492 1903 1822
f 802 492 1822
f 494 492 802
f 1903 800 1822
f 2034 2132 493
f 801 2132 2034
f 495 801 2034
f 803 801 495
f 1542 1641 496
f 1542 494 1641
f 494 804 1641
f 494 802 804
f 495 28 803
f 803 28 30
f 805 30 28
f 805 28 497
f 1250 1373 498
f 1641 1544 496
f 496 1544 1250
f 1544 806 1250
f 806 1373 1250
f 1641 804 1544
f 497 320 805
f 805 320 322
f 618 743 807
f 322 618 807
f 320 618 322
f 936 808 743
f 618 936 743
f 934 936 618
f 1373 1252 498
f 1252 934 498
f 1252 936 934
f 1373 806 1252
f 743 620 807
f 743 808 620
f 809 2051 2123
f 2123 2051 499
f 2051 43 499
f 2051 45 43
f 45 335 43
f 337 335 45
f 337 633 335
f 635 633 337
f 500 633 1045
f 633 951 1045
f 633 635 951
f 1045 951 1361
f 1361 951 1267
f 1361 1267 501
f 1267 1557 501
f 1267 1559 1557
f 1559 1835 1557
f 1837 1835 1559
f 1837 2093 1835
f 2095 2093 1837
f 2095 85 2093
f 87 85 2095
f 87 810 85
f 85 810 502
f 811 1785 503
f 503 1785 1783
f 1785 809 2123
f 2049 1785 2123
f 1783 1785 2049
f 2123 499 2049
f 1045 949 500
f 1361 1265 949
f 1361 949 1045
f 1361 501 1265
f 377 502 810
f 377 810 379
f 504 377 759
f 377 675 759
f 377 379 675
f 675 812 759
f 813 1503 505
f 505 1503 1501
f 503 1501 1503
f 503 1503 811
f 759 673 504
f 812 983 1071
f 812 1071 506
f 759 812 506
f 673 759 506
f 983 814 1071
f 815 505 507
f 815 813 505
f 1071 981 506
f 1071 814 981
f 814 508 981
f 814 816 508
f 817 507 509
f 817 815 507
f 1295 508 816
f 1295 816 1297
f 1297 818 1295
f 1295 818 510
f 819 509 511
f 819 817 509
f 510 820 512
f 818 820 510
f 821 1201 1347
f 513 1347 1201
f 819 513 1201
f 511 513 819
f 512 822 514
f 820 822 512
f 1199 515 1347
f 515 821 1347
f 515 823 821
f 1347 513 1199
f 1298 824 516
f 1298 516 1296
f 1296 514 1298
f 1298 514 822
f 825 515 517
f 825 823 515
f 984 826 518
f 984 518 982
f 982 516 984
f 984 516 824
f 517 1200 825
f 825 1200 1202
f 827 1202 1200
f 827 1200 519
f 674 775 520
f 674 518 775
f 518 828 775
f 518 826 828
f 1623 829 1502
f 829 519 1502
f 829 827 519
f 521 1623 1502
f 634 749 522
f 952 830 749
f 634 952 749
f 950 952 634
f 1266 952 950
f 1266 1268 952
f 1558 1268 1266
f 1558 1560 1268
f 831 1560 1558
f 831 1558 523
f 520 775 676
f 832 520 676
f 524 520 832
f 775 828 676
f 1623 1504 829
f 521 1784 1623
f 1784 1504 1623
f 1784 1786 1504
f 2050 2149 833
f 1786 2050 833
f 1784 2050 1786
f 44 151 2149
f 44 2149 2050
f 338 834 151
f 44 338 151
f 336 338 44
f 749 636 522
f 636 336 522
f 636 338 336
f 749 830 636
f 523 1836 831
f 831 1836 1838
f 2094 1838 1836
f 2094 2096 1838
f 86 183 835
f 2096 86 835
f 2094 86 2096
f 380 836 183
f 86 380 183
f 378 380 86
f 378 524 380
f 380 524 832
f 2149 2052 833
f 2052 2149 46
f 46 2149 151
f 151 834 46
f 183 88 835
f 183 836 88
f 1338 1215 525
f 837 1519 1338
f 1519 1215 1338
f 1519 1517 1215
f 1519 1799 1517
f 1801 1799 1519
f 1801 2065 1799
f 2067 2065 1801
f 132 59 838
f 59 2067 838
f 59 2065 2067
f 132 526 59
f 839 899 1027
f 899 1217 1027
f 1217 525 1027
f 525 527 1027
f 525 1217 1338
f 837 1338 1217
f 61 132 838
f 351 526 132
f 61 351 132
f 353 351 61
f 353 649 351
f 651 649 353
f 651 965 649
f 967 965 651
f 967 1281 965
f 1283 1281 967
f 1283 1573 1281
f 1575 1573 1283
f 1575 1851 1573
f 1853 1851 1575
f 1853 2109 1851
f 2111 2109 1853
f 2111 101 2109
f 103 101 2111
f 103 393 101
f 395 393 103
f 764 689 840
f 689 395 840
f 689 393 395
f 764 528 689
f 897 529 1027
f 529 839 1027
f 529 841 839
f 1027 527 897
f 691 764 840
f 997 528 764
f 691 997 764
f 999 997 691
f 999 842 997
f 997 842 530
f 843 583 717
f 531 717 583
f 841 531 583
f 529 531 841
f 844 1394 1311
f 530 844 1311
f 842 844 530
f 1394 532 1311
f 581 533 717
f 533 843 717
f 533 845 843
f 717 531 581
f 1313 1394 844
f 1313 846 1394
f 846 532 1394
f 846 534 532
f 847 533 535
f 847 845 533
f 534 848 536
f 846 848 534
f 535 582 847
f 847 582 584
f 849 584 582
f 849 582 537
f 536 850 538
f 848 850 536
f 537 898 849
f 849 898 900
f 851 900 898
f 851 898 539
f 538 852 540
f 850 852 538
f 539 1216 851
f 851 1216 1218
f 853 1218 1216
f 853 1216 541
f 1314 854 542
f 1314 542 1312
f 1312 540 1314
f 1314 540 852
f 541 1518 853
f 853 1518 1520
f 855 1520 1518
f 855 1518 543
f 1000 856 544
f 1000 544 998
f 998 542 1000
f 1000 542 854
f 543 1800 855
f 855 1800 1802
f 2066 1802 1800
f 2066 2068 1802
f 60 2068 2066
f 60 62 2068
f 352 62 60
f 352 354 62
f 650 354 352
f 650 652 354
f 857 652 650
f 857 650 545
f 692 858 546
f 692 546 690
f 690 544 692
f 692 544 856
f 545 966 857
f 857 966 968
f 859 968 966
f 859 966 547
f 396 860 548
f 396 548 394
f 394 546 396
f 396 546 858
f 547 1282 859
f 859 1282 1284
f 861 1284 1282
f 861 1282 549
f 104 862 550
f 104 550 102
f 102 548 104
f 104 548 860
f 549 1574 861
f 861 1574 1576
f 1852 1576 1574
f 1852 1854 1576
f 2110 1854 1852
f 2110 2112 1854
f 2110 550 2112
f 2112 550 862
f 1020 913 551
f 863 1233 1020
f 1233 913 1020
f 1233 1231 913
f 1233 864 1231
f 1231 864 552
f 865 599 553
f 553 599 597
f 915 1020 551
f 597 915 551
f 599 915 597
f 863 1020 915
f 1533 552 864
f 1533 864 1535
f 1535 866 1533
f 1533 866 554
f 867 301 555
f 555 301 299
f 553 299 301
f 553 301 865
f 1815 554 866
f 1815 866 1817
f 1817 868 1815
f 1815 868 556
f 869 11 557
f 557 11 9
f 555 9 11
f 555 11 867
f 556 870 558
f 868 870 556
f 871 557 559
f 871 869 557
f 1818 872 1880
f 1880 560 1818
f 560 870 1818
f 560 558 870
f 12 871 126
f 871 561 126
f 871 559 561
f 873 12 126
f 562 1816 1880
f 872 562 1880
f 874 562 872
f 560 1880 1816
f 770 705 563
f 1080 1013 770
f 770 1013 705
f 1080 564 1013
f 10 126 561
f 302 873 424
f 424 873 565
f 873 126 565
f 126 10 565
f 875 302 424
f 1536 876 1618
f 1618 566 1536
f 566 874 1536
f 566 562 874
f 877 411 567
f 567 411 409
f 707 770 563
f 409 707 563
f 411 707 409
f 770 707 1015
f 770 1015 1080
f 1327 564 1080
f 1015 1327 1080
f 1329 1327 1015
f 1329 878 1327
f 1327 878 568
f 300 424 565
f 600 875 724
f 724 875 569
f 875 424 569
f 424 300 569
f 600 724 1038
f 600 1038 916
f 916 1038 1352
f 916 1352 1234
f 1618 876 1234
f 1618 1234 1352
f 1534 1618 1352
f 570 1534 1352
f 566 1618 1534
f 879 119 571
f 571 119 117
f 567 117 119
f 567 119 877
f 880 1670 1601
f 568 880 1601
f 878 880 568
f 1670 572 1601
f 598 724 569
f 914 1038 598
f 598 1038 724
f 1232 1352 914
f 914 1352 1038
f 570 1352 1232
f 881 571 573
f 881 879 571
f 882 1672 1670
f 882 1670 880
f 572 1670 574
f 574 1670 1672
f 573 118 881
f 881 118 120
f 883 120 118
f 883 118 575
f 576 1602 1672
f 882 576 1672
f 884 576 882
f 574 1672 1602
f 575 410 883
f 883 410 412
f 885 412 410
f 885 410 577
f 1330 886 578
f 1330 578 1328
f 1328 576 1330
f 1330 576 884
f 577 706 885
f 885 706 708
f 1014 708 706
f 1014 1016 708
f 1014 578 1016
f 1016 578 886
f 1091 307 427
f 427 307 727
f 727 307 605
f 605 1092 727
f 1093 15 129
f 1091 427 15
f 15 427 129
f 427 305 129
f 305 781 129
f 727 603 305
f 727 305 427
f 603 727 1092
f 921 603 1092
f 919 603 921
f 921 1094 919
f 919 1094 782
f 1095 2021 2127
f 1093 129 2021
f 2021 129 2127
f 129 13 2127
f 13 783 2127
f 129 781 13
f 1094 1237 1365
f 784 1094 1365
f 782 1094 784
f 1237 1096 1365
f 2129 1097 2127
f 2127 1097 1095
f 2127 783 785
f 2127 785 2129
f 1367 786 784
f 1367 784 1365
f 1365 1096 1367
f 1367 1096 1098
f 2131 1099 2129
f 2129 1099 1097
f 2129 785 14
f 135 2129 14
f 2131 2129 135
f 787 135 14
f 920 1053 788
f 1367 1238 786
f 786 1238 920
f 1238 1100 920
f 1100 1053 920
f 1367 1098 1238
f 2131 2022 1099
f 2022 2131 1101
f 2131 137 1101
f 2131 135 137
f 135 787 306
f 437 135 306
f 137 135 437
f 604 739 437
f 604 437 306
f 1053 922 788
f 788 922 604
f 922 1102 604
f 1102 739 604
f 1053 1100 922
f 137 16 1101
f 16 137 308
f 308 137 437
f 308 437 606
f 606 437 739
f 739 1102 606
f 1103 2081 2151
f 2151 2081 155
f 155 2081 73
f 73 1104 155
f 1105 1823 1893
f 1103 2151 1823
f 1823 2151 1893
f 2151 2079 1893
f 2079 789 1893
f 155 71 2079
f 155 2079 2151
f 71 155 1104
f 365 71 1104
f 363 71 365
f 365 1106 363
f 363 1106 790
f 1107 323 791
f 791 323 321
f 323 619 321
f 621 619 323
f 621 935 619
f 937 935 621
f 937 1251 935
f 1253 1251 937
f 1253 1543 1251
f 1545 1543 1253
f 1545 1105 1893
f 1821 1545 1893
f 1543 1545 1821
f 1893 789 1821
f 1106 661 753
f 792 1106 753
f 790 1106 792
f 661 1108 753
f 1109 31 793
f 793 31 29
f 791 29 31
f 791 31 1107
f 755 794 792
f 755 792 753
f 753 1108 755
f 755 1108 1110
f 1111 2037 795
f 795 2037 2035
f 793 2035 2037
f 793 2037 1109
f 364 459 796
f 755 662 794
f 794 662 364
f 662 1112 364
f 1112 459 364
f 755 1110 662
f 1113 795 797
f 1113 1111 795
f 72 165 798
f 459 366 796
f 796 366 72
f 366 1114 72
f 1114 165 72
f 459 1112 366
f 1115 797 799
f 1115 1113 797
f 2080 2163 800
f 165 74 798
f 798 74 2080
f 74 1116 2080
f 1116 2163 2080
f 165 1114 74
f 799 2036 1115
f 1115 2036 2038
f 1117 2038 2036
f 1117 2036 801
f 1822 1905 802
f 2163 2082 800
f 800 2082 1822
f 2082 1118 1822
f 1118 1905 1822
f 2163 1116 2082
f 1119 801 803
f 1119 1117 801
f 802 1905 1824
f 1120 802 1824
f 804 802 1120
f 1905 1118 1824
f 803 30 1119
f 1119 30 32
f 1121 32 30
f 1121 30 805
f 1544 1643 806
f 1544 804 1643
f 804 1122 1643
f 804 1120 1122
f 441 1123 322
f 1123 805 322
f 1123 1121 805
f 807 441 322
f 936 1059 808
f 1252 1375 1059
f 1252 1059 936
f 1375 1252 806
f 1643 1375 806
f 1645 1375 1643
f 1643 1122 1645
f 1645 1122 1124
f 441 324 1123
f 745 1125 620
f 620 1125 807
f 1125 324 807
f 324 441 807
f 745 620 808
f 1059 745 808
f 1061 745 1059
f 1059 1377 1061
f 1059 1375 1377
f 1126 1377 1546
f 1377 1645 1546
f 1377 1375 1645
f 1645 1124 1546
f 745 622 1125
f 622 745 938
f 938 745 1061
f 938 1061 1254
f 1254 1061 1377
f 1377 1126 1254
f 1127 1787 1863
f 1863 1787 809
f 1787 2051 809
f 1787 2053 2051
f 2053 45 2051
f 47 45 2053
f 47 337 45
f 339 337 47
f 339 635 337
f 637 635 339
f 637 951 635
f 953 951 637
f 953 1267 951
f 1269 1267 953
f 1269 1559 1267
f 1561 1559 1269
f 1561 1837 1559
f 1839 1837 1561
f 1839 2095 1837
f 2097 2095 1839
f 2097 87 2095
f 89 87 2097
f 810 87 457
f 87 381 457
f 87 89 381
f 381 1128 457
f 1129 1505 1605
f 1127 1863 1505
f 1505 1863 1605
f 1863 1785 1605
f 1785 811 1605
f 1863 809 1785
f 457 379 810
f 379 457 1128
f 677 379 1128
f 675 379 677
f 677 1130 675
f 675 1130 812
f 1131 1203 1337
f 1129 1605 1203
f 1203 1605 1337
f 1605 1503 1337
f 1503 813 1337
f 1605 811 1503
f 983 812 1130
f 983 1130 985
f 985 1132 983
f 983 1132 814
f 1341 1133 1337
f 1337 1133 1131
f 1337 813 815
f 1337 815 1341
f 1132 1299 1389
f 816 1132 1389
f 814 1132 816
f 1299 1134 1389
f 1343 1135 1341
f 1341 1135 1133
f 1341 815 817
f 1341 817 1343
f 1389 1297 816
f 1134 1585 1661
f 1134 1661 818
f 1389 1134 818
f 1297 1389 818
f 1585 1136 1661
f 1345 1137 1343
f 1343 1137 1135
f 1343 817 819
f 1343 819 1345
f 1663 820 818
f 1663 818 1661
f 1661 1136 1663
f 1663 1136 1138
f 1201 821 1345
f 821 1137 1345
f 821 1139 1137
f 1345 819 1201
f 820 1663 1586
f 1140 820 1586
f 822 820 1140
f 1663 1138 1586
f 1141 821 823
f 1141 1139 821
f 1300 1142 824
f 1300 824 1298
f 1298 822 1300
f 1300 822 1140
f 1143 823 825
f 1143 1141 823
f 986 1144 826
f 986 826 984
f 984 824 986
f 986 824 1142
f 1353 1145 1202
f 1145 825 1202
f 1145 1143 825
f 827 1353 1202
f 826 1146 828
f 1144 1146 826
f 1353 1204 1145
f 1147 1204 1353
f 827 1147 1353
f 829 1147 827
f 952 1065 830
f 1268 1381 1065
f 1268 1065 952
f 1560 1651 1381
f 1560 1381 1268
f 831 1651 1560
f 678 1148 832
f 678 832 676
f 676 828 678
f 678 828 1146
f 829 1504 1147
f 1147 1504 1506
f 1786 1891 1149
f 1506 1786 1149
f 1504 1786 1506
f 833 1891 1786
f 340 1150 834
f 340 834 338
f 636 340 338
f 636 638 340
f 1065 954 830
f 954 636 830
f 954 638 636
f 954 1065 1270
f 1270 1065 1381
f 1270 1381 1562
f 1562 1381 1651
f 1919 1151 1838
f 1838 1151 831
f 1151 1562 831
f 1562 1651 831
f 2096 2179 1919
f 2096 1919 1838
f 835 2179 2096
f 382 1152 836
f 382 836 380
f 380 832 382
f 382 832 1148
f 1891 1788 1149
f 833 2052 1891
f 2052 1788 1891
f 2052 2054 1788
f 46 2054 2052
f 46 48 2054
f 46 834 48
f 48 834 1150
f 1919 1840 1151
f 1840 1919 2098
f 2098 1919 2179
f 835 88 2179
f 88 2098 2179
f 88 90 2098
f 88 836 90
f 90 836 1152
f 1153 1521 837
f 837 1521 1519
f 1521 1801 1519
f 1803 1801 1521
f 2128 2067 1154
f 2067 1803 1154
f 2067 1801 1803
f 2128 838 2067
f 1155 901 839
f 839 901 899
f 901 1217 899
f 1219 1217 901
f 837 1217 1219
f 837 1219 1153
f 2069 2128 1154
f 61 838 2128
f 2069 61 2128
f 63 61 2069
f 63 353 61
f 355 353 63
f 355 651 353
f 653 651 355
f 653 967 651
f 969 967 653
f 969 1283 967
f 1285 1283 969
f 1285 1575 1283
f 1577 1575 1285
f 1577 1853 1575
f 1855 1853 1577
f 1855 2111 1853
f 2113 2111 1855
f 2113 103 2111
f 105 103 2113
f 464 395 1156
f 395 105 1156
f 395 103 105
f 464 840 395
f 1157 585 715
f 841 715 585
f 1155 841 585
f 839 841 1155
f 397 464 1156
f 691 840 464
f 397 691 464
f 693 691 397
f 1076 999 1158
f 999 693 1158
f 999 691 693
f 1076 842 999
f 1159 287 419
f 1157 715 287
f 287 715 419
f 715 583 419
f 583 843 419
f 715 841 583
f 1001 1076 1158
f 1001 1160 1076
f 1160 842 1076
f 1160 844 842
f 421 1161 419
f 419 1161 1159
f 419 843 845
f 419 845 421
f 1313 844 1160
f 1313 1160 1315
f 1315 1162 1313
f 1313 1162 846
f 421 288 1161
f 1163 288 421
f 845 1163 421
f 847 1163 845
f 846 1164 848
f 1162 1164 846
f 847 584 1163
f 1163 584 586
f 1165 586 584
f 1165 584 849
f 848 1166 850
f 1164 1166 848
f 849 900 1165
f 1165 900 902
f 1167 902 900
f 1167 900 851
f 850 1168 852
f 1166 1168 850
f 851 1218 1167
f 1167 1218 1220
f 1169 1220 1218
f 1169 1218 853
f 1316 1170 854
f 1316 854 1314
f 1314 852 1316
f 1316 852 1168
f 853 1520 1169
f 1169 1520 1522
f 1520 855 1892
f 1804 1520 1892
f 1522 1520 1804
f 1804 1892 2150
f 1804 2150 2070
f 2070 2150 154
f 2070 154 64
f 64 154 450
f 64 450 356
f 1171 356 450
f 1002 1172 856
f 1002 856 1000
f 1000 854 1002
f 1002 854 1170
f 1802 1892 855
f 2068 2150 1802
f 1802 2150 1892
f 62 154 2068
f 2068 154 2150
f 354 450 62
f 62 450 154
f 450 354 1171
f 354 654 1171
f 354 652 654
f 1173 654 652
f 1173 652 857
f 694 1174 858
f 694 858 692
f 692 856 694
f 694 856 1172
f 857 968 1173
f 1173 968 970
f 1175 970 968
f 1175 968 859
f 398 1176 860
f 398 860 396
f 396 858 398
f 398 858 1174
f 859 1284 1175
f 1175 1284 1286
f 1177 1286 1284
f 1177 1284 861
f 106 1178 862
f 106 862 104
f 104 860 106
f 106 860 1176
f 861 1576 1177
f 1177 1576 1578
f 1854 1578 1576
f 1854 1856 1578
f 2112 1856 1854
f 2112 2114 1856
f 2112 862 2114
f 2114 862 1178
f 1336 1233 863
f 1336 864 1233
f 712 599 865
f 1179 917 712
f 917 599 712
f 917 915 599
f 1235 1336 863
f 915 1235 863
f 917 1235 915
f 1180 1608 1535
f 1180 1535 864
f 1235 1180 864
f 1336 1235 864
f 1608 866 1535
f 416 301 867
f 601 712 865
f 601 865 301
f 1181 601 301
f 416 1181 301
f 1179 712 601
f 1537 1608 1180
f 1182 1874 1817
f 1182 1817 866
f 1537 1182 866
f 1608 1537 866
f 1874 868 1817
f 122 11 869
f 303 416 867
f 303 867 11
f 1183 303 11
f 122 1183 11
f 1181 416 303
f 1184 1878 1874
f 1184 1874 1182
f 868 1874 870
f 870 1874 1878
f 871 124 869
f 869 124 122
f 1183 122 124
f 1183 124 1185
f 1538 1186 1614
f 1878 1184 1538
f 1878 1538 1614
f 1818 1878 1614
f 872 1818 1614
f 870 1878 1818
f 12 124 871
f 304 1185 422
f 422 1185 873
f 1185 124 873
f 124 12 873
f 1187 304 422
f 1236 1188 1348
f 1614 1186 1236
f 1348 1614 1236
f 1616 1614 1348
f 872 1614 874
f 874 1614 1616
f 302 422 873
f 602 1187 722
f 722 1187 875
f 1187 422 875
f 422 302 875
f 602 722 1036
f 602 1036 918
f 1348 1188 918
f 1036 1348 918
f 1350 1348 1036
f 1536 1616 876
f 1616 1350 876
f 1616 1348 1350
f 874 1616 1536
f 472 411 877
f 1189 709 472
f 709 411 472
f 709 707 411
f 709 1015 707
f 1017 1015 709
f 1398 1329 1190
f 1329 1017 1190
f 1329 1015 1017
f 1398 878 1329
f 600 722 875
f 916 1036 600
f 600 1036 722
f 1234 1350 916
f 916 1350 1036
f 876 1350 1234
f 178 119 879
f 413 472 877
f 413 877 119
f 1191 413 119
f 178 1191 119
f 1189 472 413
f 1331 1398 1190
f 1331 1192 1398
f 1192 878 1398
f 1192 880 878
f 881 180 879
f 879 180 178
f 1191 178 180
f 1191 180 1193
f 880 1194 882
f 1192 1194 880
f 120 180 881
f 414 1193 478
f 478 1193 883
f 1193 180 883
f 180 120 883
f 1195 414 478
f 1332 1196 1404
f 1404 884 1332
f 884 1194 1332
f 884 882 1194
f 412 478 883
f 710 1195 780
f 780 1195 885
f 1195 478 885
f 478 412 885
f 710 780 1090
f 710 1090 1018
f 1404 1196 1018
f 1404 1018 1090
f 1330 1404 1090
f 886 1330 1090
f 884 1404 1330
f 708 780 885
f 1016 1090 708
f 708 1090 780
f 886 1090 1016
f 1405 309 1091
f 1091 309 307
f 309 605 307
f 607 605 309
f 607 1406 605
f 605 1406 1092
f 1407 17 1093
f 1093 17 15
f 1091 15 17
f 1091 17 1405
f 921 1092 1406
f 921 1406 923
f 923 1408 921
f 921 1408 1094
f 1409 2023 1095
f 1095 2023 2021
f 1093 2021 2023
f 1093 2023 1407
f 1237 1094 1408
f 1237 1408 1239
f 1239 1410 1237
f 1237 1410 1096
f 1411 1767 1871
f 1097 1871 1767
f 1409 1097 1767
f 1095 1097 1409
f 1096 1412 1098
f 1410 1412 1096
f 1875 1413 1871
f 1871 1413 1411
f 1871 1097 1099
f 1871 1099 1875
f 1240 1414 1100
f 1240 1100 1238
f 1238 1098 1240
f 1240 1098 1412
f 1875 1768 1413
f 2135 1415 2022
f 2022 1415 1099
f 1415 1768 1099
f 1768 1875 1099
f 1101 2135 2022
f 924 1416 1102
f 924 1102 922
f 922 1100 924
f 924 1100 1414
f 2135 2024 1415
f 139 1417 16
f 16 1417 1101
f 1417 2024 1101
f 2024 2135 1101
f 308 439 139
f 308 139 16
f 608 1418 439
f 308 608 439
f 606 608 308
f 606 1102 608
f 608 1102 1416
f 139 18 1417
f 18 139 310
f 310 139 439
f 439 1418 310
f 1419 2083 1103
f 1103 2083 2081
f 2083 73 2081
f 75 73 2083
f 75 1420 73
f 73 1420 1104
f 1421 1547 1625
f 1625 1547 1105
f 1547 1823 1105
f 1547 1825 1823
f 1103 1823 1825
f 1103 1825 1419
f 365 1104 1420
f 365 1420 367
f 367 1422 365
f 365 1422 1106
f 1423 325 1107
f 1107 325 323
f 325 621 323
f 623 621 325
f 623 937 621
f 939 937 623
f 939 1253 937
f 1255 1253 939
f 1255 1421 1625
f 1545 1255 1625
f 1253 1255 1545
f 1625 1105 1545
f 661 1106 1422
f 661 1422 663
f 663 1424 661
f 661 1424 1108
f 1425 33 1109
f 1109 33 31
f 1107 31 33
f 1107 33 1423
f 1108 1426 1110
f 1424 1426 1108
f 1427 2039 1111
f 1111 2039 2037
f 1109 2037 2039
f 1109 2039 1425
f 662 757 1112
f 662 1110 757
f 1110 1428 757
f 1110 1426 1428
f 1429 1111 1113
f 1429 1427 1111
f 366 461 1114
f 757 664 1112
f 1112 664 366
f 664 1430 366
f 1430 461 366
f 757 1428 664
f 1431 1113 1115
f 1431 1429 1113
f 74 167 1116
f 461 368 1114
f 1114 368 74
f 368 1432 74
f 1432 167 74
f 461 1430 368
f 2133 1433 2038
f 1433 1115 2038
f 1433 1431 1115
f 1117 2133 2038
f 2082 2165 1118
f 167 76 1116
f 1116 76 2082
f 76 1434 2082
f 1434 2165 2082
f 167 1432 76
f 2133 2040 1433
f 1435 2040 2133
f 1117 1435 2133
f 1119 1435 1117
f 1824 1907 1120
f 2165 2084 1118
f 1118 2084 1824
f 2084 1436 1824
f 1436 1907 1824
f 2165 1434 2084
f 141 1437 32
f 1437 1119 32
f 1437 1435 1119
f 1121 141 32
f 1909 1122 1120
f 1909 1120 1907
f 1907 1436 1909
f 1909 1436 1438
f 143 1439 141
f 141 1439 1437
f 141 1121 1123
f 141 1123 143
f 1911 1124 1122
f 1911 1122 1909
f 1909 1438 1911
f 1911 1438 1440
f 143 34 1439
f 443 1441 324
f 324 1441 1123
f 1441 34 1123
f 34 143 1123
f 1125 443 324
f 1546 1647 1126
f 1911 1826 1124
f 1124 1826 1546
f 1826 1442 1546
f 1442 1647 1546
f 1911 1440 1826
f 443 326 1441
f 747 1443 622
f 622 1443 1125
f 1443 326 1125
f 326 443 1125
f 938 1063 747
f 938 747 622
f 1254 1379 1063
f 1254 1063 938
f 1647 1548 1126
f 1126 1548 1254
f 1548 1444 1254
f 1444 1379 1254
f 1647 1442 1548
f 747 624 1443
f 624 747 940
f 940 747 1063
f 940 1063 1256
f 1256 1063 1379
f 1379 1444 1256
f 1445 1507 1603
f 1603 1507 1127
f 1507 1787 1127
f 1507 1789 1787
f 1789 2053 1787
f 2055 2053 1789
f 2055 47 2053
f 49 47 2055
f 49 339 47
f 341 339 49
f 341 637 339
f 639 637 341
f 639 953 637
f 955 953 639
f 955 1269 953
f 1271 1269 955
f 1271 1561 1269
f 1563 1561 1271
f 1563 1839 1561
f 1841 1839 1563
f 1841 2097 1839
f 2099 2097 1841
f 2099 89 2097
f 91 89 2099
f 91 381 89
f 383 381 91
f 383 1446 381
f 381 1446 1128
f 1447 1205 1333
f 1445 1603 1205
f 1205 1603 1333
f 1603 1505 1333
f 1505 1129 1333
f 1603 1127 1505
f 677 1128 1446
f 677 1446 679
f 679 1448 677
f 677 1448 1130
f 1449 887 1021
f 1447 1333 887
f 887 1333 1021
f 1333 1203 1021
f 1203 1131 1021
f 1333 1129 1203
f 985 1130 1448
f 985 1448 987
f 987 1450 985
f 985 1450 1132
f 1025 1451 1021
f 1021 1451 1449
f 1021 1131 1133
f 1021 1133 1025
f 1299 1132 1450
f 1299 1450 1301
f 1301 1452 1299
f 1299 1452 1134
f 1029 1453 1025
f 1025 1453 1451
f 1025 1133 1135
f 1025 1135 1029
f 1585 1134 1452
f 1585 1452 1587
f 1587 1454 1585
f 1585 1454 1136
f 1031 1455 1029
f 1029 1455 1453
f 1029 1135 1137
f 1029 1137 1031
f 1136 1456 1138
f 1454 1456 1136
f 1031 888 1455
f 1457 888 1031
f 1137 1457 1031
f 1139 1457 1137
f 1586 1665 1140
f 1586 1138 1665
f 1138 1458 1665
f 1138 1456 1458
f 1459 1139 1141
f 1459 1457 1139
f 1300 1397 1142
f 1665 1588 1140
f 1140 1588 1300
f 1588 1460 1300
f 1460 1397 1300
f 1665 1458 1588
f 1461 1141 1143
f 1461 1459 1141
f 986 1083 1144
f 1397 1302 1142
f 1142 1302 986
f 1302 1462 986
f 1462 1083 986
f 1397 1460 1302
f 1463 1143 1145
f 1463 1461 1143
f 1144 1083 988
f 1464 1144 988
f 1146 1144 1464
f 1083 1462 988
f 1145 1204 1463
f 1463 1204 1206
f 1465 1206 1204
f 1465 1204 1147
f 680 1466 1148
f 680 1148 678
f 678 1146 680
f 680 1146 1464
f 1147 1506 1465
f 1465 1506 1508
f 1467 1508 1506
f 1467 1506 1149
f 342 1468 1150
f 342 1150 340
f 638 342 340
f 638 640 342
f 954 640 638
f 954 956 640
f 1270 956 954
f 1270 1272 956
f 1562 1653 1469
f 1272 1562 1469
f 1270 1562 1272
f 1151 1653 1562
f 382 479 1152
f 382 1148 479
f 1148 1470 479
f 1148 1466 1470
f 1149 1788 1467
f 1467 1788 1790
f 2054 1790 1788
f 2054 2056 1790
f 48 2056 2054
f 48 50 2056
f 48 1150 50
f 50 1150 1468
f 1653 1564 1469
f 1921 1471 1840
f 1840 1471 1151
f 1471 1564 1151
f 1564 1653 1151
f 2098 2181 1921
f 2098 1921 1840
f 92 1472 2181
f 2098 92 2181
f 90 92 2098
f 479 384 1152
f 384 90 1152
f 384 92 90
f 479 1470 384
f 1921 1842 1471
f 1842 1921 2100
f 2100 1921 2181
f 2181 1472 2100
f 1473 1221 1339
f 1339 1221 1153
f 1221 1521 1153
f 1221 1523 1521
f 1523 1803 1521
f 1805 1803 1523
f 1805 1474 1803
f 1803 1474 1154
f 1475 903 1155
f 1155 903 901
f 903 1473 1339
f 1219 903 1339
f 901 903 1219
f 1339 1153 1219
f 2069 1154 1474
f 2069 1474 2071
f 2071 63 2069
f 65 63 2071
f 65 355 63
f 357 355 65
f 357 653 355
f 655 653 357
f 655 969 653
f 971 969 655
f 971 1285 969
f 1287 1285 971
f 1287 1577 1285
f 1579 1577 1287
f 1579 1855 1577
f 1857 1855 1579
f 1857 2113 1855
f 2115 2113 1857
f 2115 105 2113
f 107 105 2115
f 107 1476 105
f 105 1476 1156
f 1477 289 417
f 417 289 1157
f 289 585 1157
f 289 587 585
f 1155 585 587
f 1155 587 1475
f 397 1156 1476
f 397 1476 399
f 766 693 1478
f 693 399 1478
f 693 397 399
f 766 1158 693
f 287 1159 417
f 1159 1477 417
f 1159 1479 1477
f 417 1157 287
f 695 766 1478
f 1480 1078 1001
f 1480 1001 1158
f 695 1480 1158
f 766 695 1158
f 1078 1160 1001
f 1481 1159 1161
f 1481 1479 1159
f 1003 1078 1480
f 1482 1396 1315
f 1482 1315 1160
f 1003 1482 1160
f 1078 1003 1160
f 1396 1162 1315
f 423 1483 288
f 1483 1161 288
f 1483 1481 1161
f 1163 423 288
f 1317 1396 1482
f 1317 1484 1396
f 1484 1162 1396
f 1484 1164 1162
f 423 290 1483
f 1163 586 423
f 586 290 423
f 586 588 290
f 1485 588 586
f 1485 586 1165
f 1164 1486 1166
f 1484 1486 1164
f 1165 902 1485
f 1485 902 904
f 902 1167 1354
f 1222 902 1354
f 904 902 1222
f 1487 1222 1354
f 1166 1488 1168
f 1486 1488 1166
f 1220 1354 1167
f 1524 1487 1624
f 1624 1487 1169
f 1487 1354 1169
f 1354 1220 1169
f 1524 1624 1890
f 1524 1890 1806
f 1806 1890 2148
f 1806 2148 2072
f 1489 2072 2148
f 1318 1490 1170
f 1318 1170 1316
f 1316 1168 1318
f 1318 1168 1488
f 1522 1624 1169
f 1804 1890 1522
f 1522 1890 1624
f 2070 2148 1804
f 1804 2148 1890
f 2148 2070 1489
f 2070 66 1489
f 2070 64 66
f 356 66 64
f 356 358 66
f 356 1171 752
f 656 356 752
f 358 356 656
f 656 752 1068
f 656 1068 972
f 1491 972 1068
f 1004 1492 1172
f 1004 1172 1002
f 1002 1170 1004
f 1004 1170 1490
f 654 752 1171
f 1173 1070 654
f 1070 752 654
f 1070 1068 752
f 1491 1068 1070
f 1491 1070 1493
f 696 1494 1174
f 696 1174 694
f 694 1172 696
f 696 1172 1492
f 970 1070 1173
f 1288 1493 1388
f 1388 1493 1175
f 1493 1070 1175
f 1070 970 1175
f 1495 1288 1388
f 400 1496 1176
f 400 1176 398
f 398 1174 400
f 400 1174 1494
f 1286 1388 1175
f 1580 1495 1660
f 1660 1495 1177
f 1495 1388 1177
f 1388 1286 1177
f 1580 1660 1926
f 1580 1926 1858
f 1858 1926 2186
f 1858 2186 2116
f 2116 2186 1178
f 106 2116 1178
f 108 2116 106
f 106 1176 108
f 108 1176 1496
f 1578 1660 1177
f 1856 1926 1578
f 1578 1926 1660
f 2114 2186 1856
f 1856 2186 1926
f 1178 2186 2114
f 1024 917 1179
f 1340 1235 1024
f 1024 1235 917
f 1340 1180 1235
f 714 601 1181
f 601 714 1179
f 714 1024 1179
f 714 1028 1024
f 1342 1024 1028
f 1340 1024 1342
f 1180 1340 1537
f 1340 1610 1537
f 1340 1342 1610
f 1610 1182 1537
f 418 303 1183
f 303 418 1181
f 418 714 1181
f 418 716 714
f 1030 714 716
f 1028 714 1030
f 1344 1028 1030
f 1342 1028 1344
f 1612 1342 1344
f 1610 1342 1612
f 1182 1610 1184
f 1184 1610 1612
f 1185 420 1183
f 1183 420 418
f 718 418 420
f 716 418 718
f 1032 716 718
f 1030 716 1032
f 1346 1030 1032
f 1344 1030 1346
f 1538 1612 1186
f 1612 1346 1186
f 1612 1344 1346
f 1184 1612 1538
f 304 420 1185
f 1187 720 304
f 720 420 304
f 720 718 420
f 1034 718 720
f 1032 718 1034
f 1236 1346 1188
f 1346 1034 1188
f 1346 1032 1034
f 1186 1346 1236
f 602 720 1187
f 918 1034 602
f 602 1034 720
f 1188 1034 918
f 772 709 1189
f 1082 1017 772
f 772 1017 709
f 1082 1190 1017
f 474 413 1191
f 413 474 1189
f 474 772 1189
f 474 774 772
f 1084 772 774
f 1082 772 1084
f 1190 1082 1331
f 1082 1400 1331
f 1082 1084 1400
f 1400 1192 1331
f 1193 476 1191
f 1191 476 474
f 776 474 476
f 774 474 776
f 1086 774 776
f 1084 774 1086
f 1402 1084 1086
f 1400 1084 1402
f 1192 1400 1194
f 1194 1400 1402
f 414 476 1193
f 1195 778 414
f 778 476 414
f 778 776 476
f 1088 776 778
f 1086 776 1088
f 1332 1402 1196
f 1402 1088 1196
f 1402 1086 1088
f 1194 1402 1332
f 710 778 1195
f 1018 1088 710
f 710 1088 778
f 1196 1088 1018
f 1673 311 1405
f 1405 311 309
f 311 607 309
f 609 607 311
f 609 1674 607
f 607 1674 1406
f 1675 2025 2125
f 2125 2025 1407
f 2025 17 1407
f 2025 19 17
f 1405 17 19
f 1405 19 1673
f 923 1406 1674
f 923 1674 925
f 925 1676 923
f 923 1676 1408
f 2023 1409 2125
f 1409 1675 2125
f 1409 1677 1675
f 2125 1407 2023
f 1239 1408 1676
f 1239 1676 1241
f 1241 1678 1239
f 1239 1678 1410
f 1679 1769 1411
f 1411 1769 1767
f 1409 1767 1769
f 1409 1769 1677
f 1410 1680 1412
f 1678 1680 1410
f 1681 1411 1413
f 1681 1679 1411
f 1242 1682 1414
f 1242 1414 1240
f 1240 1412 1242
f 1242 1412 1680
f 1413 1768 1681
f 1681 1768 1770
f 1683 1770 1768
f 1683 1768 1415
f 926 1684 1416
f 926 1416 924
f 924 1414 926
f 926 1414 1682
f 1415 2024 1683
f 1683 2024 2026
f 1685 2026 2024
f 1685 2024 1417
f 610 1686 1418
f 610 1418 608
f 608 1416 610
f 610 1416 1684
f 1417 18 1685
f 1685 18 20
f 310 20 18
f 310 312 20
f 310 1418 312
f 312 1418 1686
f 1687 2085 1419
f 1419 2085 2083
f 2085 75 2083
f 77 75 2085
f 77 1688 75
f 75 1688 1420
f 1626 1547 1421
f 1689 1827 1626
f 1827 1547 1626
f 1827 1825 1547
f 1419 1825 1827
f 1419 1827 1687
f 367 1420 1688
f 367 1688 369
f 369 1690 367
f 367 1690 1422
f 1691 327 1423
f 1423 327 325
f 327 623 325
f 625 623 327
f 625 939 623
f 941 939 625
f 941 1255 939
f 1257 1255 941
f 1549 1626 1421
f 1255 1549 1421
f 1257 1549 1255
f 1689 1626 1549
f 663 1422 1690
f 663 1690 665
f 665 1692 663
f 663 1692 1424
f 1693 35 1425
f 1425 35 33
f 1423 33 35
f 1423 35 1691
f 1424 1694 1426
f 1692 1694 1424
f 1695 2041 1427
f 1427 2041 2039
f 1425 2039 2041
f 1425 2041 1693
f 1426 1696 1428
f 1694 1696 1426
f 1697 1427 1429
f 1697 1695 1427
f 664 761 1430
f 664 1428 761
f 1428 1698 761
f 1428 1696 1698
f 1699 1429 1431
f 1699 1697 1429
f 368 463 1432
f 761 666 1430
f 1430 666 368
f 666 1700 368
f 1700 463 368
f 761 1698 666
f 1701 1431 1433
f 1701 1699 1431
f 76 169 1434
f 169 76 1432
f 463 169 1432
f 465 169 463
f 463 1700 465
f 465 1700 1702
f 2137 1703 2040
f 1703 1433 2040
f 1703 1701 1433
f 1435 2137 2040
f 2084 2167 1436
f 2167 2084 1434
f 169 2167 1434
f 171 2167 169
f 1704 171 370
f 171 465 370
f 171 169 465
f 465 1702 370
f 2139 1705 2137
f 2137 1705 1703
f 2137 1435 1437
f 2137 1437 2139
f 2169 1438 1436
f 2169 1436 2167
f 1706 2169 78
f 2169 171 78
f 2169 2167 171
f 171 1704 78
f 2139 2042 1705
f 1707 2042 2139
f 1437 1707 2139
f 1439 1707 1437
f 2171 1440 1438
f 2171 1438 2169
f 2169 1706 2171
f 2171 1706 1708
f 145 1709 34
f 1709 1439 34
f 1709 1707 1439
f 1441 145 34
f 1826 1913 1442
f 2171 2086 1440
f 1440 2086 1826
f 2086 1710 1826
f 1710 1913 1826
f 2171 1708 2086
f 145 36 1709
f 445 1711 326
f 326 1711 1441
f 1711 36 1441
f 36 145 1441
f 1443 445 326
f 1550 1712 1444
f 1550 1444 1548
f 1913 1828 1442
f 1828 1548 1442
f 1828 1550 1548
f 1913 1710 1828
f 445 328 1711
f 1443 624 445
f 624 328 445
f 624 626 328
f 940 626 624
f 940 942 626
f 1256 942 940
f 1256 1258 942
f 1256 1444 1258
f 1258 1444 1712
f 1713 1509 1445
f 1445 1509 1507
f 1509 1789 1507
f 1791 1789 1509
f 1791 2055 1789
f 2057 2055 1791
f 2057 49 2055
f 51 49 2057
f 51 341 49
f 343 341 51
f 730 639 1714
f 639 343 1714
f 639 341 343
f 1046 955 730
f 730 955 639
f 1362 1271 1046
f 1046 1271 955
f 1632 1563 1362
f 1362 1563 1271
f 1715 1843 1632
f 1843 1563 1632
f 1843 1841 1563
f 1843 2099 1841
f 2101 2099 1843
f 2101 91 2099
f 93 91 2101
f 93 383 91
f 385 383 93
f 385 1716 383
f 383 1716 1446
f 1717 1207 1447
f 1447 1207 1205
f 1445 1205 1207
f 1445 1207 1713
f 641 730 1714
f 730 641 957
f 730 957 1046
f 1046 957 1273
f 1046 1273 1362
f 1362 1273 1565
f 1362 1565 1632
f 1715 1632 1565
f 679 1446 1716
f 679 1716 681
f 681 1718 679
f 679 1718 1448
f 1719 889 1449
f 1449 889 887
f 1447 887 889
f 1447 889 1717
f 987 1448 1718
f 987 1718 989
f 989 1720 987
f 987 1720 1450
f 1721 1449 1451
f 1721 1719 1449
f 1301 1450 1720
f 1301 1720 1303
f 1303 1722 1301
f 1301 1722 1452
f 1723 1451 1453
f 1723 1721 1451
f 1587 1452 1722
f 1587 1722 1589
f 1589 1724 1587
f 1587 1724 1454
f 1725 1453 1455
f 1725 1723 1453
f 1454 1726 1456
f 1724 1726 1454
f 1033 1727 888
f 1727 1455 888
f 1727 1725 1455
f 1457 1033 888
f 1590 1728 1666
f 1666 1458 1590
f 1458 1726 1590
f 1458 1456 1726
f 1033 890 1727
f 1729 890 1033
f 1457 1729 1033
f 1459 1729 1457
f 1460 1588 1666
f 1728 1460 1666
f 1730 1460 1728
f 1458 1666 1588
f 1731 1459 1461
f 1731 1729 1459
f 1304 1732 1462
f 1304 1462 1302
f 1302 1460 1304
f 1304 1460 1730
f 1733 1461 1463
f 1733 1731 1461
f 990 1734 1464
f 990 1464 988
f 988 1462 990
f 990 1462 1732
f 1463 1206 1733
f 1733 1206 1208
f 1735 1208 1206
f 1735 1206 1465
f 680 777 1466
f 680 1464 777
f 1464 1736 777
f 1464 1734 1736
f 1465 1508 1735
f 1735 1508 1510
f 1737 1510 1508
f 1737 1508 1467
f 52 1738 152
f 52 152 1468
f 342 52 1468
f 344 52 342
f 640 344 342
f 640 642 344
f 956 642 640
f 956 958 642
f 1272 1383 1739
f 958 1272 1739
f 956 1272 958
f 1469 1383 1272
f 1466 777 682
f 1740 1466 682
f 1470 1466 1740
f 777 1736 682
f 1467 1790 1737
f 1737 1790 1792
f 2056 1792 1790
f 2056 2058 1792
f 1738 2058 152
f 2058 50 152
f 2058 2056 50
f 1468 152 50
f 1383 1274 1739
f 1469 1564 1383
f 1564 1274 1383
f 1564 1566 1274
f 1741 1566 1564
f 1741 1564 1471
f 92 185 1472
f 386 1742 185
f 92 386 185
f 384 386 92
f 384 1470 386
f 386 1470 1740
f 1471 1842 1741
f 1741 1842 1844
f 2100 1844 1842
f 2100 2102 1844
f 185 94 1472
f 94 2100 1472
f 94 2102 2100
f 185 1742 94
f 1743 1223 1473
f 1473 1223 1221
f 1223 1523 1221
f 1525 1523 1223
f 1525 1805 1523
f 1807 1805 1525
f 1807 1744 1805
f 1805 1744 1474
f 1745 589 713
f 713 589 1475
f 589 903 1475
f 589 905 903
f 1473 903 905
f 1473 905 1743
f 2071 1474 1744
f 2071 1744 2073
f 2073 65 2071
f 67 65 2073
f 434 357 1746
f 357 67 1746
f 357 65 67
f 736 655 434
f 434 655 357
f 1747 973 736
f 973 655 736
f 973 971 655
f 973 1287 971
f 1289 1287 973
f 1289 1579 1287
f 1581 1579 1289
f 1581 1857 1579
f 1859 1857 1581
f 1859 2115 1857
f 2117 2115 1859
f 168 107 1748
f 107 2117 1748
f 107 2115 2117
f 168 1476 107
f 1749 291 1477
f 1477 291 289
f 291 1745 713
f 587 291 713
f 289 291 587
f 713 1475 587
f 359 434 1746
f 434 359 657
f 434 657 736
f 1747 736 657
f 109 168 1748
f 1750 466 399
f 1750 399 1476
f 109 1750 1476
f 168 109 1476
f 466 1478 399
f 1751 1 123
f 1479 123 1
f 1749 1479 1
f 1477 1479 1749
f 401 466 1750
f 695 1478 466
f 401 695 466
f 697 695 401
f 697 1752 695
f 695 1752 1480
f 125 1753 123
f 123 1753 1751
f 123 1479 1481
f 123 1481 125
f 1003 1480 1752
f 1003 1752 1005
f 1005 1754 1003
f 1003 1754 1482
f 125 2 1753
f 1755 2 125
f 1481 1755 125
f 1483 1755 1481
f 1317 1482 1754
f 1317 1754 1319
f 1319 1756 1317
f 1317 1756 1484
f 1483 290 1755
f 1755 290 292
f 588 723 1757
f 292 588 1757
f 290 588 292
f 1485 723 588
f 1484 1758 1486
f 1756 1758 1484
f 723 590 1757
f 1485 904 723
f 904 590 723
f 904 906 590
f 1222 906 904
f 1222 1224 906
f 1759 1224 1222
f 1759 1222 1487
f 1486 1760 1488
f 1758 1760 1486
f 1487 1524 1759
f 1759 1524 1526
f 1806 1526 1524
f 1806 1808 1526
f 2072 1808 1806
f 2072 2074 1808
f 2072 1489 150
f 68 2072 150
f 2074 2072 68
f 68 150 448
f 68 448 360
f 360 448 750
f 360 750 658
f 658 750 1066
f 658 1066 974
f 974 1066 1382
f 974 1382 1290
f 1290 1382 1652
f 1290 1652 1582
f 1761 1582 1652
f 1318 1403 1490
f 1318 1488 1403
f 1488 1762 1403
f 1488 1760 1762
f 66 150 1489
f 358 448 66
f 66 448 150
f 656 750 358
f 358 750 448
f 972 1066 656
f 656 1066 750
f 1491 1384 972
f 1384 1066 972
f 1384 1382 1066
f 1654 1382 1384
f 1652 1382 1654
f 1761 1652 1654
f 1761 1654 1763
f 1006 1764 1492
f 1006 1492 1004
f 1403 1320 1490
f 1320 1004 1490
f 1320 1006 1004
f 1403 1762 1320
f 1493 1386 1491
f 1491 1386 1384
f 1656 1384 1386
f 1654 1384 1656
f 1922 1860 1763
f 1654 1922 1763
f 1656 1922 1654
f 1765 1860 1922
f 698 1766 1494
f 698 1494 696
f 696 1492 698
f 698 1492 1764
f 1288 1386 1493
f 1495 1658 1288
f 1658 1386 1288
f 1658 1656 1386
f 1924 1656 1658
f 1922 1656 1924
f 2184 2118 1765
f 1922 2184 1765
f 1924 2184 1922
f 2118 2184 188
f 2118 188 110
f 110 188 1496
f 400 110 1496
f 402 110 400
f 400 1494 402
f 402 1494 1766
f 1580 1658 1495
f 1858 1924 1580
f 1580 1924 1658
f 2116 2184 1858
f 1858 2184 1924
f 108 188 2116
f 2116 188 2184
f 1496 188 108
f 1927 21 127
f 127 21 1673
f 21 311 1673
f 21 313 311
f 313 609 311
f 611 609 313
f 611 1928 609
f 609 1928 1674
f 1929 2027 1675
f 1675 2027 2025
f 2027 1927 127
f 19 2027 127
f 2025 2027 19
f 127 1673 19
f 925 1674 1928
f 925 1928 927
f 927 1930 925
f 925 1930 1676
f 1931 1771 1867
f 1677 1867 1771
f 1929 1677 1771
f 1675 1677 1929
f 1241 1676 1930
f 1241 1930 1243
f 1243 1932 1241
f 1241 1932 1678
f 1769 1679 1867
f 1679 1931 1867
f 1679 1933 1931
f 1867 1677 1769
f 1678 1934 1680
f 1932 1934 1678
f 1935 1679 1681
f 1935 1933 1679
f 1244 1936 1682
f 1244 1682 1242
f 1242 1680 1244
f 1244 1680 1934
f 1681 1770 1935
f 1935 1770 1772
f 1937 1772 1770
f 1937 1770 1683
f 926 1055 1684
f 926 1682 1055
f 1682 1938 1055
f 1682 1936 1938
f 1683 2026 1937
f 1937 2026 2028
f 1939 2028 2026
f 1939 2026 1685
f 612 1940 1686
f 612 1686 610
f 1055 928 1684
f 928 610 1684
f 928 612 610
f 1055 1938 928
f 1685 20 1939
f 1939 20 22
f 312 22 20
f 312 314 22
f 312 1686 314
f 314 1686 1940
f 2152 2085 1687
f 156 77 2152
f 2152 77 2085
f 156 1688 77
f 1894 1827 1689
f 2087 2152 1687
f 2087 1687 1827
f 1941 2087 1827
f 1894 1941 1827
f 2152 2087 79
f 2152 79 156
f 1942 452 369
f 1942 369 1688
f 79 1942 1688
f 156 79 1688
f 452 1690 369
f 426 327 1691
f 726 625 426
f 426 625 327
f 1042 941 726
f 726 941 625
f 1358 1257 1042
f 1042 1257 941
f 1628 1549 1358
f 1358 1549 1257
f 1829 1894 1689
f 1829 1689 1549
f 1943 1829 1549
f 1628 1943 1549
f 1941 1894 1829
f 371 452 1942
f 1944 754 665
f 1944 665 1690
f 371 1944 1690
f 452 371 1690
f 754 1692 665
f 1945 37 1693
f 1693 37 35
f 329 426 1691
f 35 329 1691
f 37 329 35
f 426 329 627
f 426 627 726
f 726 627 943
f 726 943 1042
f 1042 943 1259
f 1042 1259 1358
f 1358 1259 1551
f 1358 1551 1628
f 1943 1628 1551
f 667 754 1944
f 667 1946 754
f 1946 1692 754
f 1946 1694 1692
f 1947 2043 1695
f 1695 2043 2041
f 1693 2041 2043
f 1693 2043 1945
f 1694 1948 1696
f 1946 1948 1694
f 1949 1777 1869
f 1697 1869 1777
f 1947 1697 1777
f 1695 1697 1947
f 1696 1950 1698
f 1948 1950 1696
f 1873 1951 1869
f 1869 1951 1949
f 1869 1697 1699
f 1869 1699 1873
f 666 763 1700
f 666 1698 763
f 1698 1952 763
f 1698 1950 1952
f 1877 1953 1873
f 1873 1953 1951
f 1873 1699 1701
f 1873 1701 1877
f 765 1702 1700
f 765 1700 763
f 763 1952 765
f 765 1952 1954
f 1879 1955 1877
f 1877 1955 1953
f 1877 1701 1703
f 1877 1703 1879
f 370 467 1704
f 467 370 1702
f 765 467 1702
f 767 467 765
f 765 1954 767
f 767 1954 1956
f 1881 1957 1879
f 1879 1957 1955
f 1879 1703 1705
f 1879 1705 1881
f 78 173 1706
f 173 78 1704
f 467 173 1704
f 469 173 467
f 1958 469 668
f 469 767 668
f 469 467 767
f 767 1956 668
f 1883 1959 1881
f 1881 1959 1957
f 1881 1705 2042
f 2141 1881 2042
f 1883 1881 2141
f 1707 2141 2042
f 175 1708 1706
f 175 1706 173
f 1960 175 372
f 175 469 372
f 175 173 469
f 469 1958 372
f 1885 1961 1883
f 1883 1961 1959
f 1883 2143 1885
f 1883 2141 2143
f 2141 1707 1709
f 2141 1709 2143
f 2086 2173 1710
f 175 80 1708
f 1708 80 2086
f 80 1962 2086
f 1962 2173 2086
f 175 1960 80
f 1885 1778 1961
f 1778 1885 1963
f 1885 2145 1963
f 1885 2143 2145
f 2143 1709 36
f 147 2143 36
f 2145 2143 147
f 1711 147 36
f 1550 1649 1712
f 1830 1964 1649
f 1550 1830 1649
f 1828 1830 1550
f 2173 2088 1710
f 2088 1828 1710
f 2088 1830 1828
f 2173 1962 2088
f 2145 2044 1963
f 2044 2145 38
f 38 2145 147
f 1711 328 147
f 328 38 147
f 328 330 38
f 626 330 328
f 626 628 330
f 942 628 626
f 942 944 628
f 1258 944 942
f 1258 1260 944
f 1649 1552 1712
f 1552 1258 1712
f 1552 1260 1258
f 1649 1964 1552
f 1965 1511 1713
f 1713 1511 1509
f 1511 1791 1509
f 1793 1791 1511
f 1793 2057 1791
f 2059 2057 1793
f 2059 51 2057
f 53 51 2059
f 53 343 51
f 345 343 53
f 345 1966 343
f 343 1966 1714
f 1898 1843 1715
f 2158 2101 1898
f 1898 2101 1843
f 162 93 2158
f 2158 93 2101
f 458 385 162
f 162 385 93
f 458 1716 385
f 1967 1209 1717
f 1717 1209 1207
f 1713 1207 1209
f 1713 1209 1965
f 641 1714 1966
f 641 1966 643
f 643 957 641
f 959 957 643
f 1364 1273 1968
f 1273 959 1968
f 1273 957 959
f 1634 1565 1364
f 1364 1565 1273
f 1845 1898 1715
f 1845 1715 1565
f 1969 1845 1565
f 1634 1969 1565
f 1898 1845 2103
f 1898 2103 2158
f 2158 2103 95
f 2158 95 162
f 162 95 387
f 162 387 458
f 681 1716 458
f 387 681 458
f 683 681 387
f 683 1970 681
f 681 1970 1718
f 1971 891 1719
f 1719 891 889
f 1717 889 891
f 1717 891 1967
f 1275 1364 1968
f 1364 1275 1567
f 1364 1567 1634
f 1969 1634 1567
f 989 1718 1970
f 989 1970 991
f 991 1972 989
f 989 1972 1720
f 1973 1719 1721
f 1973 1971 1719
f 1303 1720 1972
f 1303 1972 1305
f 1305 1974 1303
f 1303 1974 1722
f 1975 1721 1723
f 1975 1973 1721
f 1589 1722 1974
f 1589 1974 1591
f 1591 1976 1589
f 1589 1976 1724
f 1977 1723 1725
f 1977 1975 1723
f 1724 1978 1726
f 1976 1978 1724
f 1979 1725 1727
f 1979 1977 1725
f 1590 1667 1728
f 1590 1726 1667
f 1726 1980 1667
f 1726 1978 1980
f 1727 890 1979
f 1979 890 892
f 1981 892 890
f 1981 890 1729
f 1728 1667 1592
f 1982 1728 1592
f 1730 1728 1982
f 1667 1980 1592
f 1983 1729 1731
f 1983 1981 1729
f 1306 1984 1732
f 1306 1732 1304
f 1304 1730 1306
f 1306 1730 1982
f 1985 1731 1733
f 1985 1983 1731
f 992 1986 1734
f 992 1734 990
f 990 1732 992
f 992 1732 1984
f 1733 1208 1985
f 1985 1208 1210
f 1987 1210 1208
f 1987 1208 1735
f 1734 1988 1736
f 1986 1988 1734
f 1735 1510 1987
f 1987 1510 1512
f 1989 1512 1510
f 1989 1510 1737
f 54 1990 1738
f 54 1738 52
f 344 54 52
f 344 346 54
f 642 346 344
f 642 644 346
f 958 644 642
f 958 960 644
f 1991 960 958
f 1991 958 1739
f 684 1992 1740
f 684 1740 682
f 682 1736 684
f 684 1736 1988
f 1737 1792 1989
f 1989 1792 1794
f 2058 1794 1792
f 2058 2060 1794
f 2058 1738 2060
f 2060 1738 1990
f 1739 1274 1991
f 1991 1274 1276
f 1566 1655 1993
f 1276 1566 1993
f 1274 1566 1276
f 1741 1655 1566
f 388 1994 1742
f 388 1742 386
f 386 1740 388
f 388 1740 1992
f 1655 1568 1993
f 1741 1844 1655
f 1844 1568 1655
f 1844 1846 1568
f 2102 1846 1844
f 2102 2104 1846
f 94 2104 2102
f 94 96 2104
f 94 1742 96
f 96 1742 1994
f 1995 907 1023
f 1023 907 1743
f 907 1223 1743
f 907 1225 1223
f 1225 1525 1223
f 1527 1525 1225
f 1527 1807 1525
f 1809 1807 1527
f 1809 1996 1807
f 1807 1996 1744
f 1997 293 415
f 415 293 1745
f 293 589 1745
f 293 591 589
f 591 1995 1023
f 905 591 1023
f 589 591 905
f 1023 1743 905
f 2073 1744 1996
f 2073 1996 2075
f 134 67 1998
f 67 2075 1998
f 67 2073 2075
f 134 1746 67
f 1052 973 1747
f 1368 1289 1052
f 1052 1289 973
f 1638 1581 1368
f 1368 1581 1289
f 1904 1859 1638
f 1638 1859 1581
f 2164 2117 1904
f 1904 2117 1859
f 2164 1748 2117
f 1999 3 121
f 1997 415 3
f 3 415 121
f 415 291 121
f 291 1749 121
f 415 1745 291
f 69 134 1998
f 2000 436 359
f 2000 359 1746
f 69 2000 1746
f 134 69 1746
f 738 657 436
f 436 657 359
f 975 1052 1747
f 975 1747 657
f 2001 975 657
f 738 2001 657
f 1052 975 1291
f 1052 1291 1368
f 1368 1291 1583
f 1368 1583 1638
f 1638 1583 1861
f 1638 1861 1904
f 1904 1861 2119
f 1904 2119 2164
f 2002 170 109
f 2002 109 1748
f 2119 2002 1748
f 2164 2119 1748
f 170 1750 109
f 1 1751 121
f 1751 1999 121
f 1751 2003 1999
f 121 1749 1
f 361 436 2000
f 436 361 659
f 436 659 738
f 2001 738 659
f 111 170 2002
f 2004 468 401
f 2004 401 1750
f 111 2004 1750
f 170 111 1750
f 768 697 468
f 468 697 401
f 768 1752 697
f 2005 1751 1753
f 2005 2003 1751
f 403 468 2004
f 468 403 699
f 468 699 768
f 1005 1752 768
f 699 1005 768
f 1007 1005 699
f 1007 2006 1005
f 1005 2006 1754
f 1753 2 2005
f 2005 2 4
f 2007 4 2
f 2007 2 1755
f 1319 1754 2006
f 1319 2006 1321
f 1321 2008 1319
f 1319 2008 1756
f 1755 292 2007
f 2007 292 294
f 2009 294 292
f 2009 292 1757
f 976 2010 1062
f 976 1062 1378
f 976 1378 1292
f 1292 1378 1648
f 1292 1648 1584
f 2011 1584 1648
f 1756 2012 1758
f 2008 2012 1756
f 1757 590 2009
f 2009 590 592
f 906 592 590
f 906 908 592
f 1224 1355 2013
f 908 1224 2013
f 906 1224 908
f 1224 1759 1622
f 1528 1224 1622
f 1224 2014 1355
f 1224 1528 2014
f 1528 1622 1888
f 1528 1888 1810
f 1810 1888 2146
f 1810 2146 2076
f 2076 2146 148
f 2076 148 70
f 70 148 446
f 70 446 362
f 362 446 748
f 362 748 660
f 1062 2010 660
f 748 1062 660
f 1064 1062 748
f 1380 1062 1064
f 1378 1062 1380
f 1650 1378 1380
f 1648 1378 1650
f 1916 1862 2011
f 1648 1916 2011
f 1650 1916 1648
f 2015 1862 1916
f 1758 2016 1760
f 2012 2016 1758
f 1355 1226 2013
f 2014 1226 1355
f 1526 1622 1759
f 1808 1888 1526
f 1526 1888 1622
f 2074 2146 1808
f 1808 2146 1888
f 68 148 2074
f 2074 148 2146
f 360 446 68
f 68 446 148
f 658 748 360
f 360 748 446
f 974 1064 658
f 658 1064 748
f 1290 1380 974
f 974 1380 1064
f 1582 1650 1290
f 1290 1650 1380
f 1761 1918 1582
f 1918 1650 1582
f 1918 1916 1650
f 2015 1916 1918
f 2015 1918 2017
f 1760 2018 1762
f 2016 2018 1760
f 1763 1920 1761
f 1761 1920 1918
f 2180 2120 2017
f 1918 2180 2017
f 1920 2180 1918
f 2019 2120 2180
f 1006 1089 1764
f 1322 2020 1089
f 1006 1322 1089
f 1320 1322 1006
f 1320 1762 1322
f 1322 1762 2018
f 1860 1920 1763
f 1765 2182 1860
f 2182 1920 1860
f 2182 2180 1920
f 186 112 2019
f 2180 186 2019
f 2182 186 2180
f 112 186 482
f 112 482 404
f 404 482 1766
f 698 404 1766
f 700 404 698
f 1089 1008 1764
f 1008 698 1764
f 1008 700 698
f 1089 2020 1008
f 2118 2182 1765
f 110 186 2118
f 2118 186 2182
f 402 482 110
f 110 482 186
f 1766 482 402
f 2187 23 1927
f 1927 23 21
f 23 313 21
f 315 313 23
f 315 611 313
f 613 611 315
f 1928 611 1043
f 611 929 1043
f 611 613 929
f 929 2188 1043
f 2189 2029 1929
f 1929 2029 2027
f 1927 2027 2029
f 1927 2029 2187
f 1043 927 1928
f 2188 1245 1363
f 2188 1363 1930
f 1043 2188 1930
f 927 1043 1930
f 1245 2190 1363
f 2191 1773 1931
f 1931 1773 1771
f 1929 1771 1773
f 1929 1773 2189
f 1363 1243 1930
f 1363 2190 1243
f 2190 1932 1243
f 2190 2192 1932
f 2193 1931 1933
f 2193 2191 1931
f 1932 2194 1934
f 2192 2194 1932
f 2195 1933 1935
f 2195 2193 1933
f 1244 1369 1936
f 1244 1934 1369
f 1934 2196 1369
f 1934 2194 2196
f 1935 1772 2195
f 2195 1772 1774
f 2197 1774 1772
f 2197 1772 1937
f 1936 1369 1246
f 2198 1936 1246
f 1938 1936 2198
f 1369 2196 1246
f 1937 2028 2197
f 2197 2028 2030
f 2199 2030 2028
f 2199 2028 1939
f 612 741 1940
f 930 2200 741
f 612 930 741
f 928 930 612
f 928 1938 930
f 930 1938 2198
f 1939 22 2199
f 2199 22 24
f 314 24 22
f 314 316 24
f 741 614 1940
f 614 314 1940
f 614 316 314
f 741 2200 614
f 2154 2087 1941
f 158 79 2154
f 2154 79 2087
f 158 1942 79
f 1896 1829 1943
f 2089 2154 1941
f 2089 1941 1829
f 2201 2089 1829
f 1896 2201 1829
f 2154 2089 81
f 2154 81 158
f 2202 454 371
f 2202 371 1942
f 81 2202 1942
f 158 81 1942
f 454 1944 371
f 2203 39 1945
f 1945 39 37
f 39 329 37
f 331 329 39
f 331 627 329
f 629 627 331
f 1044 943 2204
f 943 629 2204
f 943 627 629
f 1360 1259 1044
f 1044 1259 943
f 2205 1553 1360
f 1553 1259 1360
f 1553 1551 1259
f 1831 1896 1943
f 1551 1831 1943
f 1553 1831 1551
f 2201 1896 1831
f 373 454 2202
f 2206 756 667
f 2206 667 1944
f 373 2206 1944
f 454 373 1944
f 756 1946 667
f 2207 2045 1947
f 1947 2045 2043
f 1945 2043 2045
f 1945 2045 2203
f 945 1044 2204
f 1044 945 1261
f 1044 1261 1360
f 2205 1360 1261
f 669 756 2206
f 669 2208 756
f 2208 1946 756
f 2208 1948 1946
f 2209 1779 1949
f 1949 1779 1777
f 1947 1777 1779
f 1947 1779 2207
f 1948 2210 1950
f 2208 2210 1948
f 2211 1497 1609
f 1951 1609 1497
f 2209 1951 1497
f 1949 1951 2209
f 1950 2212 1952
f 2210 2212 1950
f 1611 2213 1609
f 1609 2213 2211
f 1609 1951 1953
f 1609 1953 1611
f 2212 977 1075
f 1954 2212 1075
f 1952 2212 1954
f 977 2214 1075
f 1613 2215 1611
f 1611 2215 2213
f 1611 1953 1955
f 1611 1955 1613
f 1077 1956 1954
f 1077 1954 1075
f 1075 2214 1077
f 1077 2214 2216
f 1615 2217 1613
f 1613 2217 2215
f 1613 1955 1957
f 1613 1957 1615
f 668 769 1958
f 769 668 1956
f 1077 769 1956
f 1079 769 1077
f 1077 2216 1079
f 1079 2216 2218
f 1617 2219 1615
f 1615 2219 2217
f 1615 1957 1959
f 1615 1959 1617
f 372 471 1960
f 471 372 1958
f 769 471 1958
f 771 471 769
f 2220 771 978
f 771 1079 978
f 771 769 1079
f 1079 2218 978
f 1619 2221 1617
f 1617 2221 2219
f 1617 1959 1961
f 1617 1961 1619
f 80 177 1962
f 177 80 1960
f 471 177 1960
f 473 177 471
f 2222 473 670
f 473 771 670
f 473 471 771
f 771 2220 670
f 1619 1498 2221
f 1887 2223 1778
f 1778 2223 1961
f 2223 1498 1961
f 1498 1619 1961
f 1963 1887 1778
f 1830 1915 1964
f 2088 2175 1915
f 2088 1915 1830
f 2175 2088 1962
f 177 2175 1962
f 179 2175 177
f 2224 179 374
f 179 473 374
f 179 177 473
f 473 2222 374
f 1887 1780 2223
f 2147 2225 2044
f 2044 2225 1963
f 2225 1780 1963
f 1780 1887 1963
f 38 149 2147
f 38 2147 2044
f 332 2226 149
f 38 332 149
f 330 332 38
f 628 332 330
f 628 630 332
f 944 630 628
f 944 946 630
f 1260 946 944
f 1260 1262 946
f 1552 1262 1260
f 1552 1554 1262
f 1915 1832 1964
f 1832 1552 1964
f 1832 1554 1552
f 1832 1915 2090
f 2090 1915 2175
f 2090 2175 82
f 82 2175 179
f 179 2224 82
f 2147 2046 2225
f 2046 2147 40
f 40 2147 149
f 149 2226 40
f 2227 1513 1965
f 1965 1513 1511
f 1513 1793 1511
f 1795 1793 1513
f 1795 2059 1793
f 2061 2059 1795
f 128 53 2228
f 53 2061 2228
f 53 2059 2061
f 428 345 128
f 128 345 53
f 428 1966 345
f 2229 1211 1967
f 1967 1211 1209
f 1965 1209 1211
f 1965 1211 2227
f 55 128 2228
f 128 55 347
f 128 347 428
f 2230 732 643
f 2230 643 1966
f 347 2230 1966
f 428 347 1966
f 1048 959 732
f 732 959 643
f 1048 1968 959
f 1900 1845 1969
f 2160 2103 1900
f 1900 2103 1845
f 164 95 2160
f 2160 95 2103
f 460 387 164
f 164 387 95
f 760 683 460
f 460 683 387
f 760 1970 683
f 2231 893 1971
f 1971 893 891
f 1967 891 893
f 1967 893 2229
f 645 732 2230
f 732 645 961
f 732 961 1048
f 2232 1366 1275
f 2232 1275 1968
f 961 2232 1968
f 1048 961 1968
f 2233 1569 1366
f 1569 1275 1366
f 1569 1567 1275
f 1847 1900 1969
f 1567 1847 1969
f 1569 1847 1567
f 1900 1847 2105
f 1900 2105 2160
f 2160 2105 97
f 2160 97 164
f 164 97 389
f 164 389 460
f 460 389 685
f 460 685 760
f 991 1970 760
f 685 991 760
f 993 991 685
f 993 2234 991
f 991 2234 1972
f 2235 1971 1973
f 2235 2231 1971
f 1277 1366 2232
f 2233 1366 1277
f 1305 1972 2234
f 1305 2234 1307
f 1307 2236 1305
f 1305 2236 1974
f 2237 1973 1975
f 2237 2235 1973
f 1591 1974 2236
f 1591 2236 1593
f 1593 2238 1591
f 1591 2238 1976
f 2239 1975 1977
f 2239 2237 1975
f 1976 2240 1978
f 2238 2240 1976
f 2241 1977 1979
f 2241 2239 1977
f 1978 2242 1980
f 2240 2242 1978
f 1035 2243 892
f 2243 1979 892
f 2243 2241 1979
f 1981 1035 892
f 1594 2244 1982
f 1594 1982 1592
f 1592 1980 1594
f 1594 1980 2242
f 1037 2245 1035
f 1035 2245 2243
f 1035 1981 1983
f 1035 1983 1037
f 1308 2246 1984
f 1308 1984 1306
f 1306 1982 1308
f 1308 1982 2244
f 1037 894 2245
f 2247 894 1037
f 1983 2247 1037
f 1985 2247 1983
f 992 1085 1986
f 992 1984 1085
f 1984 2248 1085
f 1984 2246 2248
f 1985 1210 2247
f 2247 1210 1212
f 2249 1212 1210
f 2249 1210 1987
f 1986 1085 994
f 2250 1986 994
f 1988 1986 2250
f 1085 2248 994
f 1987 1512 2249
f 2249 1512 1514
f 2251 1514 1512
f 2251 1512 1989
f 56 2252 1990
f 56 1990 54
f 346 56 54
f 346 348 56
f 644 348 346
f 644 646 348
f 960 646 644
f 960 962 646
f 2253 962 960
f 2253 960 1991
f 686 2254 1992
f 686 1992 684
f 684 1988 686
f 686 1988 2250
f 1989 1794 2251
f 2251 1794 1796
f 2060 1796 1794
f 2060 2062 1796
f 2060 1990 2062
f 2062 1990 2252
f 1991 1276 2253
f 2253 1276 1278
f 2255 1278 1276
f 2255 1276 1993
f 388 481 1994
f 388 1992 481
f 1992 2256 481
f 1992 2254 2256
f 1993 1568 2255
f 2255 1568 1570
f 1846 1923 2257
f 1570 1846 2257
f 1568 1846 1570
f 2104 2183 1923
f 2104 1923 1846
f 98 2258 2183
f 2104 98 2183
f 96 98 2104
f 481 390 1994
f 390 96 1994
f 390 98 96
f 481 2256 390
f 1923 1848 2257
f 1848 1923 2106
f 2106 1923 2183
f 2183 2258 2106
f 2259 593 711
f 711 593 1995
f 593 907 1995
f 593 909 907
f 909 1225 907
f 1227 1225 909
f 1227 1527 1225
f 1529 1527 1227
f 1870 1809 2260
f 1809 1529 2260
f 1809 1527 1529
f 1870 1996 1809
f 2261 295 1997
f 1997 295 293
f 295 2259 711
f 591 295 711
f 293 295 591
f 711 1995 591
f 1811 1870 2260
f 2262 2130 2075
f 2262 2075 1996
f 1811 2262 1996
f 1870 1811 1996
f 2130 1998 2075
f 2263 5 1999
f 1999 5 3
f 1997 3 5
f 1997 5 2261
f 2077 2130 2262
f 2264 136 69
f 2264 69 1998
f 2077 2264 1998
f 2130 2077 1998
f 136 2000 69
f 1054 975 2001
f 1370 1291 1054
f 1054 1291 975
f 1640 1583 1370
f 1370 1583 1291
f 1906 1861 1640
f 1640 1861 1583
f 2166 2119 1906
f 1906 2119 1861
f 2166 2002 2119
f 2265 1999 2003
f 2265 2263 1999
f 2266 138 136
f 2266 136 2264
f 2000 136 361
f 136 438 361
f 136 138 438
f 740 659 438
f 438 659 361
f 659 740 2001
f 740 1054 2001
f 740 1056 1054
f 1372 1054 1056
f 1370 1054 1372
f 1642 1370 1372
f 1640 1370 1642
f 1908 1640 1642
f 1906 1640 1908
f 2168 1906 1908
f 2166 1906 2168
f 2002 2166 111
f 2166 172 111
f 2166 2168 172
f 172 2004 111
f 2267 2003 2005
f 2267 2265 2003
f 2268 142 138
f 2268 138 2266
f 440 138 142
f 438 138 440
f 742 438 440
f 740 438 742
f 1058 740 742
f 1056 740 1058
f 1374 1056 1058
f 1372 1056 1374
f 1644 1372 1374
f 1642 1372 1644
f 1910 1642 1644
f 1908 1642 1910
f 1910 2269 2121
f 2168 1910 2121
f 1908 1910 2168
f 2168 2121 113
f 2168 113 172
f 403 2004 172
f 113 403 172
f 405 403 113
f 405 699 403
f 701 699 405
f 701 1007 699
f 1009 1007 701
f 1009 2270 1007
f 1007 2270 2006
f 2005 4 2267
f 2267 4 6
f 2271 6 4
f 2271 4 2007
f 2272 144 142
f 2272 142 2268
f 442 142 144
f 440 142 442
f 744 440 442
f 742 440 744
f 1060 742 744
f 1058 742 1060
f 1376 1058 1060
f 1374 1058 1376
f 1646 1374 1376
f 1644 1374 1646
f 1912 1644 1646
f 1910 1644 1912
f 2269 1910 1912
f 2269 1912 2273
f 1321 2006 2270
f 1321 2270 1323
f 1323 2274 1321
f 1321 2274 2008
f 2007 294 2271
f 2271 294 296
f 2275 296 294
f 2275 294 2009
f 2078 2276 2144
f 144 2272 2078
f 2144 144 2078
f 146 144 2144
f 444 144 146
f 442 144 444
f 746 442 444
f 744 442 746
f 976 1060 2010
f 1060 746 2010
f 1060 744 746
f 1292 1376 976
f 976 1376 1060
f 1584 1646 1292
f 1292 1646 1376
f 2011 1914 1584
f 1914 1646 1584
f 1914 1912 1646
f 2174 2122 2273
f 1912 2174 2273
f 1914 2174 1912
f 2277 2122 2174
f 2274 1597 1669
f 2012 2274 1669
f 2008 2274 2012
f 1597 2278 1669
f 2009 592 2275
f 2275 592 594
f 908 1039 2279
f 594 908 2279
f 592 908 594
f 2013 1039 908
f 1530 2280 2014
f 1530 2014 1528
f 1810 1530 1528
f 1810 1812 1530
f 2276 1812 2144
f 1812 2076 2144
f 1812 1810 2076
f 70 146 2076
f 2076 146 2144
f 362 444 70
f 70 444 146
f 660 746 362
f 362 746 444
f 2010 746 660
f 1862 1914 2011
f 2015 2176 1862
f 2176 1914 1862
f 2176 2174 1914
f 2277 2174 2176
f 2277 2176 2281
f 1671 2016 2012
f 1671 2012 1669
f 1669 2278 1671
f 1671 2278 2282
f 1039 910 2279
f 2013 1226 1039
f 1226 910 1039
f 1226 1228 910
f 1226 2014 1228
f 1228 2014 2280
f 2017 2178 2015
f 2015 2178 2176
f 2281 2176 2178
f 2281 2178 2283
f 2016 1671 1598
f 2284 2016 1598
f 2018 2016 2284
f 1671 2282 1598
f 2120 2178 2017
f 114 2283 184
f 184 2283 2019
f 2283 2178 2019
f 2178 2120 2019
f 2285 114 184
f 1324 2286 2020
f 1324 2020 1322
f 1322 2018 1324
f 1324 2018 2284
f 112 184 2019
f 184 112 2285
f 112 406 2285
f 112 404 406
f 700 406 404
f 700 702 406
f 1008 702 700
f 1008 1010 702
f 1008 2020 1010
f 1010 2020 2286
f 189 25 2187
f 2187 25 23
f 25 315 23
f 317 315 25
f 317 613 315
f 615 613 317
f 615 929 613
f 931 929 615
f 2188 929 1359
f 929 1247 1359
f 929 931 1247
f 1247 190 1359
f 191 2031 2189
f 2189 2031 2029
f 2187 2029 2031
f 2187 2031 189
f 1359 1245 2188
f 190 1539 1633
f 190 1633 2190
f 1359 190 2190
f 1245 1359 2190
f 1539 192 1633
f 193 1775 2191
f 2191 1775 1773
f 2189 1773 1775
f 2189 1775 191
f 1635 2192 2190
f 1635 2190 1633
f 1633 192 1635
f 1635 192 194
f 195 2191 2193
f 195 193 2191
f 1637 2194 2192
f 1637 2192 1635
f 1635 194 1637
f 1637 194 196
f 197 2193 2195
f 197 195 2193
f 2194 1637 1540
f 198 2194 1540
f 2196 2194 198
f 1637 196 1540
f 2195 1774 197
f 197 1774 1776
f 199 1776 1774
f 199 1774 2197
f 1248 200 2198
f 1248 2198 1246
f 1246 2196 1248
f 1248 2196 198
f 2197 2030 199
f 199 2030 2032
f 201 2032 2030
f 201 2030 2199
f 932 202 2200
f 932 2200 930
f 930 2198 932
f 932 2198 200
f 2199 24 201
f 201 24 26
f 316 26 24
f 316 318 26
f 614 318 316
f 614 616 318
f 614 2200 616
f 616 2200 202
f 2156 2089 2201
f 160 81 2156
f 2156 81 2089
f 160 2202 81
f 203 41 2203
f 2203 41 39
f 41 331 39
f 333 331 41
f 728 629 204
f 629 333 204
f 629 331 333
f 728 2204 629
f 1630 1553 2205
f 205 1833 1630
f 1833 1553 1630
f 1833 1831 1553
f 2091 2156 2201
f 1831 2091 2201
f 1833 2091 1831
f 2156 2091 83
f 2156 83 160
f 373 2202 160
f 83 373 160
f 375 373 83
f 375 206 373
f 373 206 2206
f 207 2047 2207
f 2207 2047 2045
f 2203 2045 2047
f 2203 2047 203
f 631 728 204
f 945 2204 728
f 631 945 728
f 947 945 631
f 947 1261 945
f 1263 1261 947
f 1555 1630 2205
f 1261 1555 2205
f 1263 1555 1261
f 205 1630 1555
f 208 758 669
f 2206 208 669
f 206 208 2206
f 758 2208 669
f 209 1781 2209
f 2209 1781 1779
f 2207 1779 1781
f 2207 1781 207
f 671 758 208
f 671 210 758
f 210 2208 758
f 210 2210 2208
f 211 1499 2211
f 2211 1499 1497
f 2209 1497 1499
f 2209 1499 209
f 2210 212 2212
f 210 212 2210
f 213 2211 2213
f 213 211 2211
f 977 2212 212
f 977 212 979
f 979 214 977
f 977 214 2214
f 215 2213 2215
f 215 213 2213
f 214 1293 1393
f 2216 214 1393
f 2214 214 2216
f 1293 216 1393
f 217 2215 2217
f 217 215 2215
f 1395 2218 2216
f 1395 2216 1393
f 1393 216 1395
f 1395 216 218
f 219 1197 1349
f 2219 1349 1197
f 217 2219 1197
f 2217 2219 217
f 978 1081 2220
f 1395 1294 2218
f 2218 1294 978
f 1294 220 978
f 220 1081 978
f 1395 218 1294
f 1349 1198 219
f 221 1198 1349
f 2219 221 1349
f 2221 221 2219
f 670 773 2222
f 1081 980 2220
f 2220 980 670
f 980 222 670
f 222 773 670
f 1081 220 980
f 1621 223 1498
f 223 2221 1498
f 223 221 2221
f 2223 1621 1498
f 374 475 2224
f 773 672 2222
f 2222 672 374
f 672 224 374
f 224 475 374
f 773 222 672
f 1621 1500 223
f 1889 225 1780
f 1780 225 2223
f 225 1500 2223
f 1500 1621 2223
f 2225 1889 1780
f 332 447 2226
f 632 226 447
f 332 632 447
f 630 632 332
f 946 632 630
f 946 948 632
f 1262 948 946
f 1262 1264 948
f 1554 1264 1262
f 1554 1556 1264
f 1832 1556 1554
f 1832 1834 1556
f 2090 2177 227
f 1834 2090 227
f 1832 2090 1834
f 82 181 2177
f 82 2177 2090
f 475 376 2224
f 2224 376 82
f 376 228 82
f 228 181 82
f 475 224 376
f 1889 1782 225
f 2225 2046 1889
f 2046 1782 1889
f 2046 2048 1782
f 40 2048 2046
f 40 42 2048
f 447 334 2226
f 334 40 2226
f 334 42 40
f 447 226 334
f 2177 2092 227
f 2092 2177 84
f 84 2177 181
f 181 228 84
f 1604 1513 2227
f 1864 1795 1604
f 1604 1795 1513
f 2124 2061 1864
f 1864 2061 1795
f 2124 2228 2061
f 1334 1211 2229
f 1515 1604 2227
f 1515 2227 1211
f 229 1515 1211
f 1334 229 1211
f 1604 1515 1797
f 1604 1797 1864
f 1864 1797 2063
f 1864 2063 2124
f 55 2228 2124
f 2063 55 2124
f 57 55 2063
f 430 347 230
f 347 57 230
f 347 55 57
f 430 2230 347
f 1022 893 2231
f 1213 1334 2229
f 1213 2229 893
f 231 1213 893
f 1022 231 893
f 229 1334 1213
f 349 430 230
f 232 734 645
f 232 645 2230
f 349 232 2230
f 430 349 2230
f 1050 961 734
f 734 961 645
f 1050 2232 961
f 1636 1569 2233
f 1902 1847 1636
f 1636 1847 1569
f 233 2107 1902
f 2107 1847 1902
f 2107 2105 1847
f 2107 97 2105
f 99 97 2107
f 99 389 97
f 391 389 99
f 391 685 389
f 687 685 391
f 1072 993 234
f 993 687 234
f 993 685 687
f 1072 2234 993
f 2235 1026 2231
f 2231 1026 1022
f 231 1022 1026
f 231 1026 235
f 647 734 232
f 734 647 963
f 734 963 1050
f 1277 2232 1050
f 963 1277 1050
f 1279 1277 963
f 1571 1636 2233
f 1277 1571 2233
f 1279 1571 1277
f 1636 1571 1849
f 1636 1849 1902
f 233 1902 1849
f 995 1072 234
f 236 1390 1307
f 236 1307 2234
f 995 236 2234
f 1072 995 2234
f 1390 2236 1307
f 1026 2235 895
f 2235 237 895
f 2235 2237 237
f 235 1026 895
f 1309 1390 236
f 238 1662 1593
f 238 1593 2236
f 1309 238 2236
f 1390 1309 2236
f 1662 2238 1593
f 239 2237 2239
f 239 237 2237
f 1595 1662 238
f 1595 240 1662
f 240 2238 1662
f 240 2240 2238
f 241 579 719
f 2241 719 579
f 239 2241 579
f 2239 2241 239
f 2240 242 2242
f 240 242 2240
f 721 243 719
f 719 243 241
f 719 2241 2243
f 719 2243 721
f 1596 244 2244
f 1596 2244 1594
f 1594 2242 1596
f 1596 2242 242
f 721 580 243
f 245 580 721
f 2243 245 721
f 2245 245 2243
f 1308 1399 2246
f 1308 2244 1399
f 2244 246 1399
f 2244 244 246
f 2245 894 245
f 245 894 896
f 247 896 894
f 247 894 2247
f 2246 1399 1310
f 248 2246 1310
f 2248 2246 248
f 1399 246 1310
f 2247 1212 247
f 247 1212 1214
f 249 1214 1212
f 249 1212 2249
f 994 1087 2250
f 994 2248 1087
f 2248 250 1087
f 2248 248 250
f 2249 1514 249
f 249 1514 1516
f 251 1516 1514
f 251 1514 2251
f 56 153 2252
f 348 449 153
f 348 153 56
f 646 751 449
f 646 449 348
f 962 1067 751
f 962 751 646
f 2253 1067 962
f 686 779 2254
f 1087 996 2250
f 2250 996 686
f 996 252 686
f 252 779 686
f 1087 250 996
f 2251 1796 251
f 251 1796 1798
f 2062 1798 1796
f 2062 2064 1798
f 153 58 2252
f 58 2062 2252
f 58 2064 2062
f 58 153 350
f 350 153 449
f 350 449 648
f 648 449 751
f 648 751 964
f 964 751 1067
f 1385 253 1278
f 1278 253 2253
f 253 964 2253
f 964 1067 2253
f 2255 1385 1278
f 2254 779 688
f 254 2254 688
f 2256 2254 254
f 779 252 688
f 1385 1280 253
f 1657 255 1570
f 1570 255 2255
f 255 1280 2255
f 1280 1385 2255
f 2257 1657 1570
f 98 187 2258
f 392 256 187
f 98 392 187
f 390 392 98
f 390 2256 392
f 392 2256 254
f 1657 1572 255
f 1925 257 1848
f 1848 257 2257
f 257 1572 2257
f 1572 1657 2257
f 2108 258 1925
f 1848 2108 1925
f 2106 2108 1848
f 187 100 2258
f 100 2106 2258
f 100 2108 2106
f 187 256 100
f 1925 1850 257
f 1925 258 1850
f 259 911 1019
f 1019 911 1335
f 1335 911 1229
f 1229 260 1335
f 261 595 2259
f 2259 595 593
f 595 259 1019
f 909 595 1019
f 593 595 909
f 1335 1227 909
f 1335 909 1019
f 1227 1335 260
f 1531 1227 260
f 1529 1227 1531
f 1531 262 1529
f 1529 262 2260
f 263 297 2261
f 2261 297 295
f 2259 295 297
f 2259 297 261
f 1811 2260 262
f 1811 262 1813
f 1813 264 1811
f 1811 264 2262
f 265 7 2263
f 2263 7 5
f 2261 5 7
f 2261 7 263
f 266 2134 2077
f 2262 266 2077
f 264 266 2262
f 2134 2264 2077
f 267 2263 2265
f 267 265 2263
f 268 2138 2134
f 268 2134 266
f 2264 2134 2266
f 2266 2134 2138
f 269 2265 2267
f 269 267 2265
f 270 2140 2138
f 270 2138 268
f 2266 2138 2268
f 2268 2138 2140
f 2170 2121 2269
f 174 113 2170
f 2170 113 2121
f 271 407 174
f 407 113 174
f 407 405 113
f 407 701 405
f 703 701 407
f 703 1009 701
f 1011 1009 703
f 1011 272 1009
f 1009 272 2270
f 2267 6 269
f 269 6 8
f 273 8 6
f 273 6 2271
f 274 2142 2140
f 274 2140 270
f 2268 2140 2272
f 2272 2140 2142
f 2273 2172 2269
f 2269 2172 2170
f 2172 275 115
f 174 2172 115
f 2170 2172 174
f 271 174 115
f 1323 2270 272
f 1323 272 1325
f 1325 276 1323
f 1323 276 2274
f 2271 296 273
f 273 296 298
f 277 298 296
f 277 296 2275
f 1814 278 1886
f 2142 274 1814
f 2142 1814 1886
f 2078 2142 1886
f 2276 2078 1886
f 2272 2142 2078
f 2122 2172 2273
f 275 2172 2122
f 2277 275 2122
f 279 275 2277
f 1597 2274 276
f 1597 276 1599
f 1599 280 1597
f 1597 280 2278
f 2275 594 277
f 277 594 596
f 594 2279 1040
f 912 594 1040
f 596 594 912
f 912 1040 1356
f 912 1356 1230
f 1230 1356 2280
f 1530 1230 2280
f 1532 1230 1530
f 278 1532 1886
f 1532 1812 1886
f 1532 1530 1812
f 2276 1886 1812
f 281 2277 2281
f 281 279 2277
f 2278 282 2282
f 280 282 2278
f 910 1040 2279
f 1228 1356 910
f 910 1356 1040
f 2280 1356 1228
f 283 2281 2283
f 283 281 2281
f 1600 284 2284
f 1600 2284 1598
f 1598 2282 1600
f 1600 2282 282
f 2283 114 283
f 283 114 116
f 114 2285 480
f 408 114 480
f 116 114 408
f 285 408 480
f 1326 286 2286
f 1326 2286 1324
f 1324 2284 1326
f 1326 2284 284
f 406 480 2285
f 480 406 285
f 406 704 285
f 406 702 704
f 1010 704 702
f 1010 1012 704
f 1010 2286 1012
f 1012 2286 286
