# Converted from NanoShaper .vert/.face
v -3.306000 -14.138000 7.127000
v -2.038000 -14.138000 7.127000
v -3.812000 -14.138000 7.627000
v -2.036000 -14.138000 7.627000
v -3.855000 -14.138000 8.127000
v -2.037000 -14.138000 8.127000
v -3.839000 -14.138000 8.627000
v -1.887000 -14.138000 8.627000
v -3.768000 -14.138000 9.127000
v -1.369000 -14.138000 9.127000
v -3.923000 -14.138000 9.627000
v -0.207000 -14.138000 9.627000
v -4.202000 -14.138000 10.127000
v -0.167000 -14.138000 10.127000
v -4.373000 -14.138000 10.627000
v -0.384000 -14.138000 10.627000
v -4.297000 -14.138000 11.127000
v -0.459000 -14.138000 11.127000
v -3.987000 -14.138000 11.627000
v -0.317000 -14.138000 11.627000
v -4.005000 -14.138000 12.127000
v -0.054000 -14.138000 12.127000
v -4.007000 -14.138000 12.627000
v 0.164000 -14.138000 12.627000
v -4.166000 -14.138000 13.127000
v 0.488000 -14.138000 13.127000
v -4.435000 -14.138000 13.627000
v 0.694000 -14.138000 13.627000
v -4.533000 -14.138000 14.127000
v 0.772000 -14.138000 14.127000
v -4.578000 -14.138000 14.627000
v 0.980000 -14.138000 14.627000
v -4.655000 -14.138000 15.127000
v 1.285000 -14.138000 15.127000
v -4.883000 -14.138000 15.627000
v 1.768000 -14.138000 15.627000
v -5.100000 -14.138000 16.127000
v 2.000000 -14.138000 16.127000
v -5.435000 -14.138000 16.627000
v 1.997000 -14.138000 16.627000
v -5.901000 -14.138000 17.127000
v 1.756000 -14.138000 17.127000
v -6.255000 -14.138000 17.627000
v -0.942000 -14.138000 17.627000
v -6.746000 -14.138000 18.127000
v -1.506000 -14.138000 18.127000
v -7.731000 -14.138000 18.627000
v -2.111000 -14.138000 18.627000
v -7.691000 -14.138000 19.127000
v -3.008000 -14.138000 19.127000
v -5.940000 -14.138000 19.627000
v -3.686000 -14.138000 19.627000
v -4.164000 -10.138000 12.627000
v -1.928000 -10.138000 12.627000
v -4.423000 -10.138000 13.127000
v -0.824000 -10.138000 13.127000
v -4.666000 -10.138000 13.627000
v -0.586000 -10.138000 13.627000
v -4.930000 -10.138000 14.127000
v -0.569000 -10.138000 14.127000
v -5.218000 -10.138000 14.627000
v -0.556000 -10.138000 14.627000
v -5.569000 -10.138000 15.127000
v -0.576000 -10.138000 15.127000
v -5.839000 -10.138000 15.627000
v -0.819000 -10.138000 15.627000
v -6.139000 -10.138000 16.127000
v -1.312000 -10.138000 16.127000
v -6.463000 -10.138000 16.627000
v -1.696000 -10.138000 16.627000
v -6.755000 -10.138000 17.127000
v -2.016000 -10.138000 17.127000
v -7.004000 -10.138000 17.627000
v -2.200000 -10.138000 17.627000
v -7.529000 -10.138000 18.127000
v -2.319000 -10.138000 18.127000
v -8.223000 -10.138000 18.627000
v -2.511000 -10.138000 18.627000
v -8.334000 -10.138000 19.127000
v -2.816000 -10.138000 19.127000
v -8.350000 -10.138000 19.627000
v -3.461000 -10.138000 19.627000
v -8.310000 -10.138000 20.127000
v -4.006000 -10.138000 20.127000
v -7.708000 -10.138000 20.627000
v -4.630000 -10.138000 20.627000
v -7.083000 -10.138000 21.127000
v -5.274000 -10.138000 21.127000
v -4.635000 -6.138000 15.127000
v -3.653000 -6.138000 15.127000
v -5.426000 -6.138000 15.627000
v -2.986000 -6.138000 15.627000
v -5.761000 -6.138000 16.127000
v -2.171000 -6.138000 16.127000
v -5.747000 -6.138000 16.627000
v -1.143000 -6.138000 16.627000
v -5.423000 -6.138000 17.127000
v -0.540000 -6.138000 17.127000
v -4.910000 -6.138000 17.627000
v -0.232000 -6.138000 17.627000
v -4.668000 -6.138000 18.127000
v -0.034000 -6.138000 18.127000
v -4.584000 -6.138000 18.627000
v -0.009000 -6.138000 18.627000
v -4.526000 -6.138000 19.127000
v -0.029000 -6.138000 19.127000
v -4.313000 -6.138000 19.627000
v -0.276000 -6.138000 19.627000
v -3.681000 -6.138000 20.127000
v -1.215000 -6.138000 20.127000
v -7.691000 -14.138000 18.546000
v -7.691000 -14.138000 19.126000
v -7.191000 -14.138000 18.266000
v -7.191000 -14.138000 19.405000
v -6.691000 -14.138000 18.089000
v -6.691000 -14.138000 19.452000
v -6.191000 -14.138000 17.542000
v -6.191000 -14.138000 19.576000
v -5.691000 -14.138000 16.871000
v -5.691000 -14.138000 19.790000
v -5.191000 -14.138000 16.304000
v -5.191000 -14.138000 20.059000
v -4.691000 -14.138000 15.246000
v -4.691000 -14.138000 20.031000
v -4.191000 -14.138000 10.106000
v -4.191000 -14.138000 11.234000
v -4.191000 -14.138000 13.167000
v -4.191000 -14.138000 19.915000
v -3.691000 -14.138000 7.428000
v -3.691000 -14.138000 19.630000
v -3.191000 -14.138000 6.984000
v -3.191000 -14.138000 19.260000
v -2.691000 -14.138000 6.713000
v -2.691000 -14.138000 18.906000
v -2.191000 -14.138000 6.900000
v -2.191000 -14.138000 18.658000
v -1.691000 -14.138000 8.843000
v -1.691000 -14.138000 18.344000
v -1.191000 -14.138000 9.187000
v -1.191000 -14.138000 17.825000
v -0.691000 -14.138000 9.314000
v -0.691000 -14.138000 17.478000
v -0.191000 -14.138000 9.656000
v -0.191000 -14.138000 10.184000
v -0.191000 -14.138000 11.869000
v -0.191000 -14.138000 17.367000
v 0.309000 -14.138000 12.886000
v 0.309000 -14.138000 17.464000
v 0.809000 -14.138000 14.250000
v 0.809000 -14.138000 17.572000
v 1.309000 -14.138000 15.156000
v 1.309000 -14.138000 17.469000
v 1.809000 -14.138000 15.681000
v 1.809000 -14.138000 17.057000
v -8.191000 -10.138000 18.572000
v -8.191000 -10.138000 20.333000
v -7.691000 -10.138000 18.212000
v -7.691000 -10.138000 20.635000
v -7.191000 -10.138000 17.882000
v -7.191000 -10.138000 21.005000
v -6.691000 -10.138000 17.012000
v -6.691000 -10.138000 21.430000
v -6.191000 -10.138000 16.207000
v -6.191000 -10.138000 21.548000
v -5.691000 -10.138000 15.317000
v -5.691000 -10.138000 21.444000
v -5.191000 -10.138000 14.586000
v -5.191000 -10.138000 21.033000
v -4.691000 -10.138000 13.665000
v -4.691000 -10.138000 20.660000
v -4.191000 -10.138000 12.665000
v -4.191000 -10.138000 20.319000
v -3.691000 -10.138000 12.272000
v -3.691000 -10.138000 19.836000
v -3.191000 -10.138000 12.179000
v -3.191000 -10.138000 19.426000
v -2.691000 -10.138000 12.306000
v -2.691000 -10.138000 18.952000
v -2.191000 -10.138000 12.534000
v -2.191000 -10.138000 17.591000
v -1.691000 -10.138000 12.684000
v -1.691000 -10.138000 16.620000
v -1.191000 -10.138000 12.825000
v -1.191000 -10.138000 15.978000
v -0.691000 -10.138000 13.329000
v -0.691000 -10.138000 15.437000
v -5.691000 -6.138000 15.961000
v -5.691000 -6.138000 16.757000
v -5.191000 -6.138000 15.437000
v -5.191000 -6.138000 17.341000
v -4.691000 -6.138000 15.150000
v -4.691000 -6.138000 18.041000
v -4.191000 -6.138000 15.037000
v -4.191000 -6.138000 19.778000
v -3.691000 -6.138000 15.112000
v -3.691000 -6.138000 20.122000
v -3.191000 -6.138000 15.419000
v -3.191000 -6.138000 20.220000
v -2.691000 -6.138000 15.858000
v -2.691000 -6.138000 20.236000
v -2.191000 -6.138000 16.118000
v -2.191000 -6.138000 20.284000
v -1.691000 -6.138000 16.316000
v -1.691000 -6.138000 20.234000
v -1.191000 -6.138000 16.600000
v -1.191000 -6.138000 20.119000
v -0.691000 -6.138000 16.943000
v -0.691000 -6.138000 19.948000
v -0.191000 -6.138000 17.709000
v -0.191000 -6.138000 19.511000
v -3.191000 -15.692000 6.127000
v -3.191000 -15.048000 6.127000
v -2.691000 -15.994000 6.127000
v -2.691000 -14.745000 6.127000
v -2.191000 -15.790000 6.127000
v -2.191000 -14.949000 6.127000
v -4.191000 -16.348000 10.127000
v -4.191000 -14.125000 10.127000
v -3.691000 -16.669000 10.127000
v -3.691000 -13.772000 10.127000
v -3.191000 -16.830000 10.127000
v -3.191000 -13.810000 10.127000
v -2.691000 -17.017000 10.127000
v -2.691000 -13.779000 10.127000
v -2.191000 -17.133000 10.127000
v -2.191000 -13.715000 10.127000
v -1.691000 -17.197000 10.127000
v -1.691000 -13.705000 10.127000
v -1.191000 -17.279000 10.127000
v -1.191000 -13.799000 10.127000
v -0.691000 -17.311000 10.127000
v -0.691000 -13.957000 10.127000
v -0.191000 -17.223000 10.127000
v -0.191000 -14.128000 10.127000
v 0.309000 -16.896000 10.127000
v 0.309000 -14.494000 10.127000
v -4.691000 -13.512000 14.127000
v -4.691000 -9.101000 14.127000
v -4.191000 -14.810000 14.127000
v -4.191000 -8.780000 14.127000
v -3.691000 -15.338000 14.127000
v -3.691000 -8.629000 14.127000
v -3.191000 -16.066000 14.127000
v -3.191000 -8.657000 14.127000
v -2.691000 -16.465000 14.127000
v -2.691000 -8.749000 14.127000
v -2.191000 -16.564000 14.127000
v -2.191000 -8.991000 14.127000
v -1.691000 -16.447000 14.127000
v -1.691000 -9.304000 14.127000
v -1.191000 -16.186000 14.127000
v -1.191000 -9.597000 14.127000
v -0.691000 -15.994000 14.127000
v -0.691000 -9.976000 14.127000
v -0.191000 -15.750000 14.127000
v -0.191000 -12.510000 14.127000
v 0.309000 -15.374000 14.127000
v 0.309000 -13.158000 14.127000
v -9.191000 -12.955000 18.127000
v -9.191000 -11.837000 18.127000
v -8.691000 -13.181000 18.127000
v -8.691000 -10.780000 18.127000
v -8.191000 -13.571000 18.127000
v -8.191000 -10.342000 18.127000
v -7.691000 -13.963000 18.127000
v -7.691000 -10.190000 18.127000
v -7.191000 -14.068000 18.127000
v -7.191000 -9.946000 18.127000
v -6.691000 -14.155000 18.127000
v -6.691000 -9.225000 18.127000
v -6.191000 -14.410000 18.127000
v -6.191000 -7.802000 18.127000
v -5.691000 -14.878000 18.127000
v -5.691000 -7.306000 18.127000
v -5.191000 -15.201000 18.127000
v -5.191000 -6.912000 18.127000
v -4.691000 -15.476000 18.127000
v -4.691000 -6.201000 18.127000
v -4.191000 -15.691000 18.127000
v -4.191000 -5.014000 18.127000
v -3.691000 -15.774000 18.127000
v -3.691000 -4.365000 18.127000
v -3.191000 -15.670000 18.127000
v -3.191000 -3.899000 18.127000
v -2.691000 -15.464000 18.127000
v -2.691000 -3.594000 18.127000
v -2.191000 -15.061000 18.127000
v -2.191000 -11.964000 18.127000
v -2.191000 -9.059000 18.127000
v -2.191000 -3.518000 18.127000
v -1.691000 -14.554000 18.127000
v -1.691000 -13.113000 18.127000
v -1.691000 -8.447000 18.127000
v -1.691000 -3.630000 18.127000
v -1.191000 -8.255000 18.127000
v -1.191000 -3.996000 18.127000
v -0.691000 -8.125000 18.127000
v -0.691000 -4.912000 18.127000
v -0.191000 -7.779000 18.127000
v -0.191000 -5.883000 18.127000
v -4.440000 -13.638000 10.627000
v -1.077000 -13.638000 10.627000
v -5.139000 -13.638000 11.127000
v -1.019000 -13.638000 11.127000
v -6.746000 -13.638000 11.627000
v -0.796000 -13.638000 11.627000
v -6.730000 -13.638000 12.127000
v -0.315000 -13.638000 12.127000
v -5.267000 -13.638000 12.627000
v 0.002000 -13.638000 12.627000
v -4.928000 -13.638000 13.127000
v 0.278000 -13.638000 13.127000
v -4.746000 -13.638000 13.627000
v 0.507000 -13.638000 13.627000
v -4.652000 -13.638000 14.127000
v 0.650000 -13.638000 14.127000
v -4.622000 -13.638000 14.627000
v 0.963000 -13.638000 14.627000
v -4.668000 -13.638000 15.127000
v 1.455000 -13.638000 15.127000
v -4.891000 -13.638000 15.627000
v 1.989000 -13.638000 15.627000
v -5.091000 -13.638000 16.127000
v 2.184000 -13.638000 16.127000
v -5.418000 -13.638000 16.627000
v 2.181000 -13.638000 16.627000
v -5.948000 -13.638000 17.127000
v 1.979000 -13.638000 17.127000
v -6.859000 -13.638000 17.627000
v -0.671000 -13.638000 17.627000
v 0.218000 -13.638000 17.627000
v 1.399000 -13.638000 17.627000
v -8.126000 -13.638000 18.127000
v -1.495000 -13.638000 18.127000
v -8.713000 -13.638000 18.627000
v -2.112000 -13.638000 18.627000
v -9.360000 -13.638000 19.127000
v -2.947000 -13.638000 19.127000
v -9.321000 -13.638000 19.627000
v -3.485000 -13.638000 19.627000
v -6.327000 -13.638000 20.127000
v -4.105000 -13.638000 20.127000
v -4.083000 -9.638000 13.127000
v -1.657000 -9.638000 13.127000
v -4.408000 -9.638000 13.627000
v -1.168000 -9.638000 13.627000
v -4.868000 -9.638000 14.127000
v -1.127000 -9.638000 14.127000
v -5.419000 -9.638000 14.627000
v -1.065000 -9.638000 14.627000
v -6.106000 -9.638000 15.127000
v -1.088000 -9.638000 15.127000
v -6.368000 -9.638000 15.627000
v -1.269000 -9.638000 15.627000
v -6.442000 -9.638000 16.127000
v -1.551000 -9.638000 16.127000
v -6.566000 -9.638000 16.627000
v -1.914000 -9.638000 16.627000
v -6.650000 -9.638000 17.127000
v -2.125000 -9.638000 17.127000
v -6.724000 -9.638000 17.627000
v -2.275000 -9.638000 17.627000
v -6.934000 -9.638000 18.127000
v -2.302000 -9.638000 18.127000
v -7.275000 -9.638000 18.627000
v -2.364000 -9.638000 18.627000
v -7.680000 -9.638000 19.127000
v -2.571000 -9.638000 19.127000
v -7.638000 -9.638000 19.627000
v -3.177000 -9.638000 19.627000
v -7.210000 -9.638000 20.127000
v -4.152000 -9.638000 20.127000
v -6.738000 -9.638000 20.627000
v -5.350000 -9.638000 20.627000
v -5.015000 -5.638000 15.627000
v -3.217000 -5.638000 15.627000
v -5.281000 -5.638000 16.127000
v -1.647000 -5.638000 16.127000
v -5.296000 -5.638000 16.627000
v -1.028000 -5.638000 16.627000
v -5.072000 -5.638000 17.127000
v -0.560000 -5.638000 17.127000
v -4.687000 -5.638000 17.627000
v -0.344000 -5.638000 17.627000
v -4.506000 -5.638000 18.127000
v -0.311000 -5.638000 18.127000
v -4.405000 -5.638000 18.627000
v -0.314000 -5.638000 18.627000
v -4.309000 -5.638000 19.127000
v -0.446000 -5.638000 19.127000
v -4.043000 -5.638000 19.627000
v -0.863000 -5.638000 19.627000
v -3.185000 -5.638000 20.127000
v -1.520000 -5.638000 20.127000
v -9.191000 -13.638000 18.857000
v -9.191000 -13.638000 19.802000
v -8.691000 -13.638000 18.616000
v -8.691000 -13.638000 19.983000
v -8.191000 -13.638000 18.200000
v -8.191000 -13.638000 19.973000
v -7.691000 -13.638000 17.781000
v -7.691000 -13.638000 19.994000
v -7.191000 -13.638000 17.671000
v -7.191000 -13.638000 20.077000
v -6.691000 -13.638000 11.526000
v -6.691000 -13.638000 12.193000
v -6.691000 -13.638000 17.582000
v -6.691000 -13.638000 20.064000
v -6.191000 -13.638000 11.259000
v -6.191000 -13.638000 12.459000
v -6.191000 -13.638000 17.326000
v -6.191000 -13.638000 20.180000
v -5.691000 -13.638000 11.267000
v -5.691000 -13.638000 12.397000
v -5.691000 -13.638000 16.870000
v -5.691000 -13.638000 20.478000
v -5.191000 -13.638000 11.148000
v -5.191000 -13.638000 12.721000
v -5.191000 -13.638000 16.330000
v -5.191000 -13.638000 20.602000
v -4.691000 -13.638000 10.821000
v -4.691000 -13.638000 13.920000
v -4.691000 -13.638000 15.208000
v -4.691000 -13.638000 20.506000
v -4.191000 -13.638000 10.493000
v -4.191000 -13.638000 20.182000
v -3.691000 -13.638000 10.276000
v -3.691000 -13.638000 19.833000
v -3.191000 -13.638000 10.391000
v -3.191000 -13.638000 19.381000
v -2.691000 -13.638000 10.327000
v -2.691000 -13.638000 18.904000
v -2.191000 -13.638000 10.265000
v -2.191000 -13.638000 18.658000
v -1.691000 -13.638000 10.239000
v -1.691000 -13.638000 18.343000
v -1.191000 -13.638000 10.453000
v -1.191000 -13.638000 17.871000
v -0.691000 -13.638000 11.750000
v -0.691000 -13.638000 17.632000
v -0.191000 -13.638000 12.299000
v -0.191000 -13.638000 17.562000
v 0.309000 -13.638000 13.179000
v 0.309000 -13.638000 17.655000
v 0.809000 -13.638000 14.411000
v 0.809000 -13.638000 17.752000
v 1.309000 -13.638000 15.009000
v 1.309000 -13.638000 17.664000
v 1.809000 -13.638000 15.400000
v 1.809000 -13.638000 17.339000
v -7.191000 -9.638000 18.518000
v -7.191000 -9.638000 20.163000
v -6.691000 -9.638000 17.514000
v -6.691000 -9.638000 20.704000
v -6.191000 -9.638000 15.236000
v -6.191000 -9.638000 20.984000
v -5.691000 -9.638000 14.793000
v -5.691000 -9.638000 20.781000
v -5.191000 -9.638000 14.445000
v -5.191000 -9.638000 20.575000
v -4.691000 -9.638000 13.937000
v -4.691000 -9.638000 20.431000
v -4.191000 -9.638000 13.292000
v -4.191000 -9.638000 20.148000
v -3.691000 -9.638000 12.798000
v -3.691000 -9.638000 19.859000
v -3.191000 -9.638000 12.665000
v -3.191000 -9.638000 19.633000
v -2.691000 -9.638000 12.670000
v -2.691000 -9.638000 19.281000
v -2.191000 -9.638000 12.769000
v -2.191000 -9.638000 17.278000
v -1.691000 -9.638000 13.100000
v -1.691000 -9.638000 16.316000
v -1.191000 -9.638000 13.577000
v -1.191000 -9.638000 15.450000
v -5.191000 -5.638000 15.885000
v -5.191000 -5.638000 16.936000
v -4.691000 -5.638000 15.374000
v -4.691000 -5.638000 17.619000
v -4.191000 -5.638000 15.239000
v -4.191000 -5.638000 19.421000
v -3.691000 -5.638000 15.329000
v -3.691000 -5.638000 19.895000
v -3.191000 -5.638000 15.643000
v -3.191000 -5.638000 20.124000
v -2.691000 -5.638000 15.888000
v -2.691000 -5.638000 20.220000
v -2.191000 -5.638000 16.002000
v -2.191000 -5.638000 20.290000
v -1.691000 -5.638000 16.108000
v -1.691000 -5.638000 20.204000
v -1.191000 -5.638000 16.448000
v -1.191000 -5.638000 19.915000
v -0.691000 -5.638000 16.964000
v -0.691000 -5.638000 19.452000
v -3.691000 -15.935000 6.627000
v -3.691000 -14.801000 6.627000
v -3.191000 -16.421000 6.627000
v -3.191000 -14.318000 6.627000
v -2.691000 -16.550000 6.627000
v -2.691000 -14.190000 6.627000
v -2.191000 -16.456000 6.627000
v -2.191000 -14.284000 6.627000
v -1.691000 -16.052000 6.627000
v -1.691000 -14.687000 6.627000
v -6.691000 -12.810000 10.627000
v -6.691000 -11.937000 10.627000
v -6.191000 -13.036000 10.627000
v -6.191000 -11.711000 10.627000
v -5.691000 -13.011000 10.627000
v -5.691000 -11.682000 10.627000
v -5.191000 -12.941000 10.627000
v -5.191000 -11.795000 10.627000
v -4.691000 -13.237000 10.627000
v -4.691000 -11.724000 10.627000
v -4.191000 -16.047000 10.627000
v -4.191000 -11.731000 10.627000
v -3.691000 -16.510000 10.627000
v -3.691000 -12.036000 10.627000
v -3.191000 -16.862000 10.627000
v -3.191000 -13.313000 10.627000
v -2.691000 -17.198000 10.627000
v -2.691000 -13.395000 10.627000
v -2.191000 -17.310000 10.627000
v -2.191000 -13.489000 10.627000
v -1.691000 -17.275000 10.627000
v -1.691000 -13.497000 10.627000
v -1.191000 -17.287000 10.627000
v -1.191000 -13.589000 10.627000
v -0.691000 -17.200000 10.627000
v -0.691000 -13.899000 10.627000
v -0.191000 -17.024000 10.627000
v -0.191000 -14.281000 10.627000
v 0.309000 -16.598000 10.627000
v 0.309000 -14.797000 10.627000
v -5.691000 -9.164000 14.627000
v -5.691000 -7.911000 14.627000
v -5.191000 -10.233000 14.627000
v -5.191000 -7.594000 14.627000
v -4.691000 -11.912000 14.627000
v -4.691000 -7.327000 14.627000
v -4.191000 -14.857000 14.627000
v -4.191000 -7.655000 14.627000
v -3.691000 -15.342000 14.627000
v -3.691000 -8.005000 14.627000
v -3.191000 -15.787000 14.627000
v -3.191000 -8.192000 14.627000
v -2.691000 -16.052000 14.627000
v -2.691000 -8.343000 14.627000
v -2.191000 -16.116000 14.627000
v -2.191000 -8.769000 14.627000
v -1.691000 -16.071000 14.627000
v -1.691000 -9.144000 14.627000
v -1.191000 -15.941000 14.627000
v -1.191000 -9.521000 14.627000
v -0.691000 -15.796000 14.627000
v -0.691000 -9.959000 14.627000
v -0.191000 -15.692000 14.627000
v -0.191000 -11.879000 14.627000
v 0.309000 -15.377000 14.627000
v 0.309000 -12.760000 14.627000
v 0.809000 -14.644000 14.627000
v 0.809000 -13.282000 14.627000
v -9.691000 -13.147000 18.627000
v -9.691000 -11.655000 18.627000
v -9.191000 -13.523000 18.627000
v -9.191000 -11.171000 18.627000
v -8.691000 -13.644000 18.627000
v -8.691000 -10.465000 18.627000
v -8.191000 -13.862000 18.627000
v -8.191000 -10.122000 18.627000
v -7.691000 -14.154000 18.627000
v -7.691000 -9.836000 18.627000
v -7.191000 -14.244000 18.627000
v -7.191000 -9.597000 18.627000
v -6.691000 -14.257000 18.627000
v -6.691000 -9.237000 18.627000
v -6.191000 -14.417000 18.627000
v -6.191000 -8.645000 18.627000
v -5.691000 -14.703000 18.627000
v -5.691000 -7.750000 18.627000
v -5.191000 -14.976000 18.627000
v -5.191000 -7.260000 18.627000
v -4.691000 -15.219000 18.627000
v -4.691000 -6.512000 18.627000
v -4.191000 -15.487000 18.627000
v -4.191000 -5.308000 18.627000
v -3.691000 -15.584000 18.627000
v -3.691000 -4.649000 18.627000
v -3.191000 -15.461000 18.627000
v -3.191000 -11.940000 18.627000
v -3.191000 -11.322000 18.627000
v -3.191000 -4.170000 18.627000
v -2.691000 -15.001000 18.627000
v -2.691000 -12.541000 18.627000
v -2.691000 -10.555000 18.627000
v -2.691000 -3.790000 18.627000
v -2.191000 -14.269000 18.627000
v -2.191000 -13.511000 18.627000
v -2.191000 -8.992000 18.627000
v -2.191000 -3.701000 18.627000
v -1.691000 -8.441000 18.627000
v -1.691000 -3.832000 18.627000
v -1.191000 -8.271000 18.627000
v -1.191000 -4.315000 18.627000
v -0.691000 -8.149000 18.627000
v -0.691000 -4.948000 18.627000
v -0.191000 -7.811000 18.627000
v -0.191000 -5.872000 18.627000
v -0.694000 -17.138000 8.627000
v 0.301000 -17.138000 8.627000
v -0.890000 -17.138000 9.127000
v 0.302000 -17.138000 9.127000
v -1.345000 -17.138000 9.627000
v 0.038000 -17.138000 9.627000
v -2.086000 -17.138000 10.127000
v -0.009000 -17.138000 10.127000
v -2.812000 -17.138000 10.627000
v -0.466000 -17.138000 10.627000
v -2.858000 -17.138000 11.127000
v -0.702000 -17.138000 11.127000
v -2.869000 -17.138000 11.627000
v -1.097000 -17.138000 11.627000
v -2.798000 -17.138000 12.127000
v -1.157000 -17.138000 12.127000
v -2.775000 -17.138000 12.627000
v -1.181000 -17.138000 12.627000
v -4.797000 -13.138000 10.627000
v -3.459000 -13.138000 10.627000
v -7.108000 -13.138000 11.127000
v -2.457000 -13.138000 11.127000
v -7.342000 -13.138000 11.627000
v -1.928000 -13.138000 11.627000
v -7.335000 -13.138000 12.127000
v -1.226000 -13.138000 12.127000
v -7.080000 -13.138000 12.627000
v -0.245000 -13.138000 12.627000
v -5.724000 -13.138000 13.127000
v 0.016000 -13.138000 13.127000
v -5.128000 -13.138000 13.627000
v 0.080000 -13.138000 13.627000
v -4.812000 -13.138000 14.127000
v 0.292000 -13.138000 14.127000
v -4.610000 -13.138000 14.627000
v 0.697000 -13.138000 14.627000
v -4.599000 -13.138000 15.127000
v 1.401000 -13.138000 15.127000
v -4.726000 -13.138000 15.627000
v 1.974000 -13.138000 15.627000
v -4.917000 -13.138000 16.127000
v 2.171000 -13.138000 16.127000
v -5.232000 -13.138000 16.627000
v 2.168000 -13.138000 16.627000
v -5.972000 -13.138000 17.127000
v 1.965000 -13.138000 17.127000
v -7.850000 -13.138000 17.627000
v -0.687000 -13.138000 17.627000
v 0.260000 -13.138000 17.627000
v 1.369000 -13.138000 17.627000
v -8.785000 -13.138000 18.127000
v -1.673000 -13.138000 18.127000
v -9.698000 -13.138000 18.627000
v -2.452000 -13.138000 18.627000
v -9.911000 -13.138000 19.127000
v -2.988000 -13.138000 19.127000
v -9.890000 -13.138000 19.627000
v -3.474000 -13.138000 19.627000
v -9.622000 -13.138000 20.127000
v -3.956000 -13.138000 20.127000
v -7.315000 -13.138000 20.627000
v -7.049000 -13.138000 20.627000
v -6.100000 -13.138000 20.627000
v -4.500000 -13.138000 20.627000
v -3.830000 -9.138000 13.627000
v -2.050000 -9.138000 13.627000
v -4.715000 -9.138000 14.127000
v -1.976000 -9.138000 14.127000
v -5.704000 -9.138000 14.627000
v -1.700000 -9.138000 14.627000
v -6.342000 -9.138000 15.127000
v -1.549000 -9.138000 15.127000
v -6.559000 -9.138000 15.627000
v -1.561000 -9.138000 15.627000
v -6.575000 -9.138000 16.127000
v -1.716000 -9.138000 16.127000
v -6.589000 -9.138000 16.627000
v -1.931000 -9.138000 16.627000
v -6.611000 -9.138000 17.127000
v -2.101000 -9.138000 17.127000
v -6.650000 -9.138000 17.627000
v -2.218000 -9.138000 17.627000
v -6.648000 -9.138000 18.127000
v -2.218000 -9.138000 18.127000
v -6.590000 -9.138000 18.627000
v -2.246000 -9.138000 18.627000
v -6.241000 -9.138000 19.127000
v -2.467000 -9.138000 19.127000
v -5.789000 -9.138000 19.627000
v -3.001000 -9.138000 19.627000
v -4.671000 -5.138000 16.127000
v -1.586000 -5.138000 16.127000
v -4.702000 -5.138000 16.627000
v -1.007000 -5.138000 16.627000
v -4.483000 -5.138000 17.127000
v -0.718000 -5.138000 17.127000
v -4.362000 -5.138000 17.627000
v -0.559000 -5.138000 17.627000
v -4.289000 -5.138000 18.127000
v -0.533000 -5.138000 18.127000
v -4.053000 -5.138000 18.627000
v -0.542000 -5.138000 18.627000
v -3.864000 -5.138000 19.127000
v -0.782000 -5.138000 19.127000
v -3.599000 -5.138000 19.627000
v -1.204000 -5.138000 19.627000
v -2.691000 -17.138000 10.399000
v -2.691000 -17.138000 12.757000
v -2.191000 -17.138000 10.136000
v -2.191000 -17.138000 12.982000
v -1.691000 -17.138000 9.956000
v -1.691000 -17.138000 12.986000
v -1.191000 -17.138000 9.400000
v -1.191000 -17.138000 12.650000
v -0.691000 -17.138000 8.621000
v -0.691000 -17.138000 11.104000
v -0.191000 -17.138000 8.320000
v -0.191000 -17.138000 10.406000
v -9.691000 -13.138000 18.618000
v -9.691000 -13.138000 20.042000
v -9.191000 -13.138000 18.229000
v -9.191000 -13.138000 20.430000
v -8.691000 -13.138000 18.101000
v -8.691000 -13.138000 20.538000
v -8.191000 -13.138000 17.860000
v -8.191000 -13.138000 20.587000
v -7.691000 -13.138000 17.554000
v -7.691000 -13.138000 20.597000
v -7.191000 -13.138000 11.245000
v -7.191000 -13.138000 12.474000
v -7.191000 -13.138000 17.464000
v -7.191000 -13.138000 20.636000
v -6.691000 -13.138000 10.798000
v -6.691000 -13.138000 12.921000
v -6.691000 -13.138000 17.450000
v -6.691000 -13.138000 20.573000
v -6.191000 -13.138000 10.687000
v -6.191000 -13.138000 13.033000
v -6.191000 -13.138000 17.268000
v -6.191000 -13.138000 20.606000
v -5.691000 -13.138000 10.699000
v -5.691000 -13.138000 13.140000
v -5.691000 -13.138000 16.971000
v -5.691000 -13.138000 20.738000
v -5.191000 -13.138000 10.708000
v -5.191000 -13.138000 13.542000
v -5.191000 -13.138000 16.582000
v -5.191000 -13.138000 20.807000
v -4.691000 -13.138000 10.598000
v -4.691000 -13.138000 14.368000
v -4.691000 -13.138000 15.514000
v -4.691000 -13.138000 20.713000
v -4.191000 -13.138000 10.517000
v -4.191000 -13.138000 20.397000
v -3.691000 -13.138000 10.526000
v -3.691000 -13.138000 19.855000
v -3.191000 -13.138000 10.697000
v -3.191000 -13.138000 19.382000
v -2.691000 -13.138000 10.971000
v -2.691000 -13.138000 18.825000
v -2.191000 -13.138000 11.355000
v -2.191000 -13.138000 18.475000
v -1.691000 -13.138000 11.890000
v -1.691000 -13.138000 18.138000
v -1.191000 -13.138000 12.137000
v -1.191000 -13.138000 17.820000
v -0.691000 -13.138000 12.306000
v -0.691000 -13.138000 17.628000
v -0.191000 -13.138000 12.692000
v -0.191000 -13.138000 17.553000
v 0.309000 -13.138000 14.152000
v 0.309000 -13.138000 17.642000
v 0.809000 -13.138000 14.739000
v 0.809000 -13.138000 17.740000
v 1.309000 -13.138000 15.082000
v 1.309000 -13.138000 17.651000
v 1.809000 -13.138000 15.418000
v 1.809000 -13.138000 17.321000
v -6.191000 -9.138000 14.945000
v -6.191000 -9.138000 19.180000
v -5.691000 -9.138000 14.622000
v -5.691000 -9.138000 19.751000
v -5.191000 -9.138000 14.409000
v -5.191000 -9.138000 20.031000
v -4.691000 -9.138000 14.114000
v -4.691000 -9.138000 20.028000
v -4.191000 -9.138000 13.841000
v -4.191000 -9.138000 19.944000
v -3.691000 -9.138000 13.523000
v -3.691000 -9.138000 19.839000
v -3.191000 -9.138000 13.280000
v -3.191000 -9.138000 19.712000
v -2.691000 -9.138000 13.204000
v -2.691000 -9.138000 19.398000
v -2.191000 -9.138000 13.404000
v -2.191000 -9.138000 17.456000
v -1.691000 -9.138000 14.642000
v -1.691000 -9.138000 16.072000
v -4.691000 -5.138000 16.169000
v -4.691000 -5.138000 16.652000
v -4.191000 -5.138000 15.814000
v -4.191000 -5.138000 18.402000
v -3.691000 -5.138000 15.881000
v -3.691000 -5.138000 19.507000
v -3.191000 -5.138000 15.937000
v -3.191000 -5.138000 19.929000
v -2.691000 -5.138000 15.975000
v -2.691000 -5.138000 20.039000
v -2.191000 -5.138000 15.997000
v -2.191000 -5.138000 20.114000
v -1.691000 -5.138000 16.083000
v -1.691000 -5.138000 20.014000
v -1.191000 -5.138000 16.401000
v -1.191000 -5.138000 19.609000
v -0.691000 -5.138000 17.187000
v -0.691000 -5.138000 18.999000
v -4.191000 -15.896000 7.127000
v -4.191000 -14.797000 7.127000
v -3.691000 -16.392000 7.127000
v -3.691000 -14.302000 7.127000
v -3.191000 -16.638000 7.127000
v -3.191000 -14.097000 7.127000
v -2.691000 -16.746000 7.127000
v -2.691000 -13.993000 7.127000
v -2.191000 -16.666000 7.127000
v -2.191000 -14.073000 7.127000
v -1.691000 -16.388000 7.127000
v -1.691000 -14.386000 7.127000
v -1.191000 -15.888000 7.127000
v -1.191000 -15.135000 7.127000
v -7.191000 -13.026000 11.127000
v -7.191000 -11.721000 11.127000
v -6.691000 -13.457000 11.127000
v -6.691000 -11.290000 11.127000
v -6.191000 -13.567000 11.127000
v -6.191000 -11.181000 11.127000
v -5.691000 -13.569000 11.127000
v -5.691000 -11.153000 11.127000
v -5.191000 -13.627000 11.127000
v -5.191000 -11.195000 11.127000
v -4.691000 -13.835000 11.127000
v -4.691000 -11.179000 11.127000
v -4.191000 -14.236000 11.127000
v -4.191000 -11.178000 11.127000
v -3.691000 -16.254000 11.127000
v -3.691000 -11.318000 11.127000
v -3.191000 -16.886000 11.127000
v -3.191000 -11.808000 11.127000
v -2.691000 -17.216000 11.127000
v -2.691000 -12.955000 11.127000
v -2.191000 -17.311000 11.127000
v -2.191000 -13.256000 11.127000
v -1.691000 -17.280000 11.127000
v -1.691000 -13.402000 11.127000
v -1.191000 -17.248000 11.127000
v -1.191000 -13.562000 11.127000
v -0.691000 -17.134000 11.127000
v -0.691000 -13.873000 11.127000
v -0.191000 -16.771000 11.127000
v -0.191000 -14.410000 11.127000
v -6.191000 -9.518000 15.127000
v -6.191000 -7.730000 15.127000
v -5.691000 -10.009000 15.127000
v -5.691000 -6.965000 15.127000
v -5.191000 -10.641000 15.127000
v -5.191000 -6.686000 15.127000
v -4.691000 -11.590000 15.127000
v -4.691000 -6.259000 15.127000
v -4.191000 -14.905000 15.127000
v -4.191000 -5.848000 15.127000
v -3.691000 -15.364000 15.127000
v -3.691000 -6.077000 15.127000
v -3.191000 -15.682000 15.127000
v -3.191000 -7.668000 15.127000
v -2.691000 -15.818000 15.127000
v -2.691000 -8.094000 15.127000
v -2.191000 -15.782000 15.127000
v -2.191000 -8.498000 15.127000
v -1.691000 -15.708000 15.127000
v -1.691000 -8.971000 15.127000
v -1.191000 -15.607000 15.127000
v -1.191000 -9.542000 15.127000
v -0.691000 -15.588000 15.127000
v -0.691000 -9.981000 15.127000
v -0.191000 -15.499000 15.127000
v -0.191000 -11.525000 15.127000
v 0.309000 -15.263000 15.127000
v 0.309000 -12.336000 15.127000
v 0.809000 -14.882000 15.127000
v 0.809000 -12.663000 15.127000
v 1.309000 -14.089000 15.127000
v 1.309000 -12.999000 15.127000
v -9.691000 -13.406000 19.127000
v -9.691000 -11.230000 19.127000
v -9.191000 -13.710000 19.127000
v -9.191000 -10.765000 19.127000
v -8.691000 -13.793000 19.127000
v -8.691000 -10.426000 19.127000
v -8.191000 -13.905000 19.127000
v -8.191000 -9.994000 19.127000
v -7.691000 -14.138000 19.127000
v -7.691000 -9.643000 19.127000
v -7.191000 -14.229000 19.127000
v -7.191000 -9.511000 19.127000
v -6.691000 -14.239000 19.127000
v -6.691000 -9.377000 19.127000
v -6.191000 -14.317000 19.127000
v -6.191000 -9.105000 19.127000
v -5.691000 -14.466000 19.127000
v -5.691000 -8.654000 19.127000
v -5.191000 -14.665000 19.127000
v -5.191000 -7.836000 19.127000
v -4.691000 -14.980000 19.127000
v -4.691000 -7.135000 19.127000
v -4.191000 -15.079000 19.127000
v -4.191000 -5.493000 19.127000
v -3.691000 -15.059000 19.127000
v -3.691000 -11.972000 19.127000
v -3.691000 -11.275000 19.127000
v -3.691000 -4.915000 19.127000
v -3.191000 -14.784000 19.127000
v -3.191000 -12.688000 19.127000
v -3.191000 -10.544000 19.127000
v -3.191000 -4.546000 19.127000
v -2.691000 -9.957000 19.127000
v -2.691000 -4.279000 19.127000
v -2.191000 -8.673000 19.127000
v -2.191000 -4.173000 19.127000
v -1.691000 -8.339000 19.127000
v -1.691000 -4.325000 19.127000
v -1.191000 -8.238000 19.127000
v -1.191000 -4.771000 19.127000
v -0.691000 -8.131000 19.127000
v -0.691000 -5.265000 19.127000
v -0.191000 -7.787000 19.127000
v -0.191000 -5.924000 19.127000
v -3.190000 -16.638000 7.127000
v -2.120000 -16.638000 7.127000
v -3.624000 -16.638000 7.627000
v -2.068000 -16.638000 7.627000
v -3.742000 -16.638000 8.127000
v -2.004000 -16.638000 8.127000
v -1.455000 -16.638000 8.127000
v 0.687000 -16.638000 8.127000
v -3.848000 -16.638000 8.627000
v 0.935000 -16.638000 8.627000
v -3.873000 -16.638000 9.127000
v 0.936000 -16.638000 9.127000
v -3.794000 -16.638000 9.627000
v 0.698000 -16.638000 9.627000
v -3.768000 -16.638000 10.127000
v 0.507000 -16.638000 10.127000
v -3.495000 -16.638000 10.627000
v 0.280000 -16.638000 10.627000
v -3.422000 -16.638000 11.127000
v -0.083000 -16.638000 11.127000
v -3.394000 -16.638000 11.627000
v -0.342000 -16.638000 11.627000
v -3.371000 -16.638000 12.127000
v -0.536000 -16.638000 12.127000
v -3.361000 -16.638000 12.627000
v -0.580000 -16.638000 12.627000
v -3.114000 -16.638000 13.127000
v -0.815000 -16.638000 13.127000
v -2.755000 -16.638000 13.627000
v -1.505000 -16.638000 13.627000
v -6.801000 -12.638000 10.627000
v -3.582000 -12.638000 10.627000
v -7.356000 -12.638000 11.127000
v -2.914000 -12.638000 11.127000
v -7.548000 -12.638000 11.627000
v -2.360000 -12.638000 11.627000
v -7.541000 -12.638000 12.127000
v -1.844000 -12.638000 12.127000
v -7.334000 -12.638000 12.627000
v -0.809000 -12.638000 12.627000
v -6.726000 -12.638000 13.127000
v -0.404000 -12.638000 13.127000
v -5.430000 -12.638000 13.627000
v -0.283000 -12.638000 13.627000
v -4.947000 -12.638000 14.127000
v -0.126000 -12.638000 14.127000
v -4.652000 -12.638000 14.627000
v 0.221000 -12.638000 14.627000
v -4.568000 -12.638000 15.127000
v 0.767000 -12.638000 15.127000
v -4.600000 -12.638000 15.627000
v 1.713000 -12.638000 15.627000
v -4.701000 -12.638000 16.127000
v 1.956000 -12.638000 16.127000
v -4.984000 -12.638000 16.627000
v 1.953000 -12.638000 16.627000
v -6.282000 -12.638000 17.127000
v 1.701000 -12.638000 17.127000
v -7.882000 -12.638000 17.627000
v -1.222000 -12.638000 17.627000
v -9.413000 -12.638000 18.127000
v -1.975000 -12.638000 18.127000
v -9.925000 -12.638000 18.627000
v -2.640000 -12.638000 18.627000
v -10.103000 -12.638000 19.127000
v -3.229000 -12.638000 19.127000
v -10.085000 -12.638000 19.627000
v -3.691000 -12.638000 19.627000
v -9.871000 -12.638000 20.127000
v -3.982000 -12.638000 20.127000
v -9.519000 -12.638000 20.627000
v -4.443000 -12.638000 20.627000
v -5.720000 -12.638000 21.127000
v -5.492000 -12.638000 21.127000
v -3.766000 -8.638000 14.127000
v -3.362000 -8.638000 14.127000
v -5.881000 -8.638000 14.627000
v -2.306000 -8.638000 14.627000
v -6.394000 -8.638000 15.127000
v -2.067000 -8.638000 15.127000
v -6.576000 -8.638000 15.627000
v -2.012000 -8.638000 15.627000
v -6.590000 -8.638000 16.127000
v -1.951000 -8.638000 16.127000
v -6.598000 -8.638000 16.627000
v -1.919000 -8.638000 16.627000
v -6.596000 -8.638000 17.127000
v -1.918000 -8.638000 17.127000
v -6.584000 -8.638000 17.627000
v -1.942000 -8.638000 17.627000
v -6.447000 -8.638000 18.127000
v -1.934000 -8.638000 18.127000
v -6.187000 -8.638000 18.627000
v -1.950000 -8.638000 18.627000
v -5.680000 -8.638000 19.127000
v -2.159000 -8.638000 19.127000
v -5.060000 -8.638000 19.627000
v -2.907000 -8.638000 19.627000
v -2.808000 -4.638000 16.127000
v -1.558000 -4.638000 16.127000
v -3.640000 -4.638000 16.627000
v -0.990000 -4.638000 16.627000
v -3.849000 -4.638000 17.127000
v -0.791000 -4.638000 17.127000
v -3.917000 -4.638000 17.627000
v -0.778000 -4.638000 17.627000
v -3.904000 -4.638000 18.127000
v -0.850000 -4.638000 18.127000
v -3.684000 -4.638000 18.627000
v -0.975000 -4.638000 18.627000
v -3.340000 -4.638000 19.127000
v -1.308000 -4.638000 19.127000
v -2.269000 -4.638000 19.627000
v -2.116000 -4.638000 19.627000
v -3.691000 -16.638000 7.862000
v -3.691000 -16.638000 10.255000
v -3.191000 -16.638000 7.129000
v -3.191000 -16.638000 13.015000
v -2.691000 -16.638000 6.788000
v -2.691000 -16.638000 13.711000
v -2.191000 -16.638000 7.011000
v -2.191000 -16.638000 13.979000
v -1.691000 -16.638000 8.281000
v -1.691000 -16.638000 13.744000
v -1.191000 -16.638000 7.951000
v -1.191000 -16.638000 13.468000
v -0.691000 -16.638000 7.800000
v -0.691000 -16.638000 12.939000
v -0.191000 -16.638000 7.718000
v -0.191000 -16.638000 11.387000
v 0.309000 -16.638000 7.834000
v 0.309000 -16.638000 10.588000
v 0.809000 -16.638000 8.300000
v 0.809000 -16.638000 9.456000
v -9.691000 -12.638000 18.332000
v -9.691000 -12.638000 20.405000
v -9.191000 -12.638000 18.027000
v -9.191000 -12.638000 20.872000
v -8.691000 -12.638000 17.938000
v -8.691000 -12.638000 21.005000
v -8.191000 -12.638000 17.797000
v -8.191000 -12.638000 21.095000
v -7.691000 -12.638000 17.517000
v -7.691000 -12.638000 21.086000
v -7.191000 -12.638000 10.915000
v -7.191000 -12.638000 12.804000
v -7.191000 -12.638000 17.316000
v -7.191000 -12.638000 21.107000
v -6.691000 -12.638000 10.579000
v -6.691000 -12.638000 13.141000
v -6.691000 -12.638000 17.229000
v -6.691000 -12.638000 21.074000
v -6.191000 -12.638000 10.485000
v -6.191000 -12.638000 13.249000
v -6.191000 -12.638000 17.106000
v -6.191000 -12.638000 21.072000
v -5.691000 -12.638000 10.491000
v -5.691000 -12.638000 13.431000
v -5.691000 -12.638000 16.975000
v -5.691000 -12.638000 21.129000
v -5.191000 -12.638000 10.535000
v -5.191000 -12.638000 13.877000
v -5.191000 -12.638000 16.784000
v -5.191000 -12.638000 21.061000
v -4.691000 -12.638000 10.493000
v -4.691000 -12.638000 14.523000
v -4.691000 -12.638000 16.095000
v -4.691000 -12.638000 20.813000
v -4.191000 -12.638000 10.481000
v -4.191000 -12.638000 20.394000
v -3.691000 -12.638000 10.574000
v -3.691000 -12.638000 19.628000
v -3.191000 -12.638000 10.857000
v -3.191000 -12.638000 19.081000
v -2.691000 -12.638000 11.293000
v -2.691000 -12.638000 18.657000
v -2.191000 -12.638000 11.773000
v -2.191000 -12.638000 18.313000
v -1.691000 -12.638000 12.216000
v -1.691000 -12.638000 17.951000
v -1.191000 -12.638000 12.423000
v -1.191000 -12.638000 17.612000
v -0.691000 -12.638000 12.732000
v -0.691000 -12.638000 17.411000
v -0.191000 -12.638000 13.991000
v -0.191000 -12.638000 17.310000
v 0.309000 -12.638000 14.745000
v 0.309000 -12.638000 17.413000
v 0.809000 -12.638000 15.146000
v 0.809000 -12.638000 17.529000
v 1.309000 -12.638000 15.316000
v 1.309000 -12.638000 17.422000
v 1.809000 -12.638000 15.759000
v 1.809000 -12.638000 16.979000
v -6.191000 -8.638000 14.864000
v -6.191000 -8.638000 18.620000
v -5.691000 -8.638000 14.538000
v -5.691000 -8.638000 19.113000
v -5.191000 -8.638000 14.415000
v -5.191000 -8.638000 19.538000
v -4.691000 -8.638000 14.307000
v -4.691000 -8.638000 19.763000
v -4.191000 -8.638000 14.218000
v -4.191000 -8.638000 19.792000
v -3.691000 -8.638000 14.119000
v -3.691000 -8.638000 19.810000
v -3.191000 -8.638000 14.148000
v -3.191000 -8.638000 19.733000
v -2.691000 -8.638000 14.278000
v -2.691000 -8.638000 19.531000
v -2.191000 -8.638000 14.804000
v -2.191000 -8.638000 19.166000
v -3.691000 -4.638000 16.698000
v -3.691000 -4.638000 18.615000
v -3.191000 -4.638000 16.293000
v -3.191000 -4.638000 19.320000
v -2.691000 -4.638000 16.089000
v -2.691000 -4.638000 19.553000
v -2.191000 -4.638000 15.993000
v -2.191000 -4.638000 19.630000
v -1.691000 -4.638000 16.071000
v -1.691000 -4.638000 19.478000
v -1.191000 -4.638000 16.381000
v -1.191000 -4.638000 18.954000
v -4.191000 -16.249000 7.627000
v -4.191000 -14.444000 7.627000
v -3.691000 -16.612000 7.627000
v -3.691000 -14.080000 7.627000
v -3.191000 -16.722000 7.627000
v -3.191000 -13.971000 7.627000
v -2.691000 -16.760000 7.627000
v -2.691000 -13.983000 7.627000
v -2.191000 -16.672000 7.627000
v -2.191000 -14.071000 7.627000
v -1.691000 -16.546000 7.627000
v -1.691000 -14.372000 7.627000
v -1.191000 -16.452000 7.627000
v -1.191000 -14.734000 7.627000
v -0.691000 -16.422000 7.627000
v -0.691000 -15.032000 7.627000
v -0.191000 -16.482000 7.627000
v -0.191000 -15.216000 7.627000
v 0.309000 -16.227000 7.627000
v 0.309000 -15.482000 7.627000
v -7.191000 -13.327000 11.627000
v -7.191000 -11.420000 11.627000
v -6.691000 -13.661000 11.627000
v -6.691000 -11.086000 11.627000
v -6.191000 -13.754000 11.627000
v -6.191000 -10.993000 11.627000
v -5.691000 -13.730000 11.627000
v -5.691000 -10.965000 11.627000
v -5.191000 -13.752000 11.627000
v -5.191000 -10.962000 11.627000
v -4.691000 -13.843000 11.627000
v -4.691000 -10.832000 11.627000
v -4.191000 -13.992000 11.627000
v -4.191000 -10.719000 11.627000
v -3.691000 -14.995000 11.627000
v -3.691000 -10.818000 11.627000
v -3.191000 -16.898000 11.627000
v -3.191000 -11.225000 11.627000
v -2.691000 -17.219000 11.627000
v -2.691000 -11.716000 11.627000
v -2.191000 -17.305000 11.627000
v -2.191000 -12.875000 11.627000
v -1.691000 -17.262000 11.627000
v -1.691000 -13.299000 11.627000
v -1.191000 -17.167000 11.627000
v -1.191000 -13.476000 11.627000
v -0.691000 -16.947000 11.627000
v -0.691000 -13.713000 11.627000
v -0.191000 -16.403000 11.627000
v -0.191000 -14.340000 11.627000
v -6.191000 -9.863000 15.627000
v -6.191000 -6.796000 15.627000
v -5.691000 -10.266000 15.627000
v -5.691000 -6.314000 15.627000
v -5.191000 -10.861000 15.627000
v -5.191000 -5.886000 15.627000
v -4.691000 -14.570000 15.627000
v -4.691000 -13.039000 15.627000
v -4.691000 -11.636000 15.627000
v -4.691000 -5.382000 15.627000
v -4.191000 -15.084000 15.627000
v -4.191000 -5.245000 15.627000
v -3.691000 -15.492000 15.627000
v -3.691000 -5.333000 15.627000
v -3.191000 -15.683000 15.627000
v -3.191000 -5.670000 15.627000
v -2.691000 -15.737000 15.627000
v -2.691000 -7.758000 15.627000
v -2.191000 -15.635000 15.627000
v -2.191000 -8.430000 15.627000
v -1.691000 -15.466000 15.627000
v -1.691000 -8.967000 15.627000
v -1.191000 -15.352000 15.627000
v -1.191000 -9.743000 15.627000
v -0.691000 -15.313000 15.627000
v -0.691000 -10.337000 15.627000
v -0.191000 -15.308000 15.627000
v -0.191000 -11.631000 15.627000
v 0.309000 -15.214000 15.627000
v 0.309000 -12.015000 15.627000
v 0.809000 -14.908000 15.627000
v 0.809000 -12.198000 15.627000
v 1.309000 -14.539000 15.627000
v 1.309000 -12.340000 15.627000
v 1.809000 -14.081000 15.627000
v 1.809000 -12.763000 15.627000
v -9.691000 -13.382000 19.627000
v -9.691000 -10.942000 19.627000
v -9.191000 -13.692000 19.627000
v -9.191000 -10.590000 19.627000
v -8.691000 -13.768000 19.627000
v -8.691000 -10.390000 19.627000
v -8.191000 -13.774000 19.627000
v -8.191000 -10.003000 19.627000
v -7.691000 -13.908000 19.627000
v -7.691000 -9.660000 19.627000
v -7.191000 -14.015000 19.627000
v -7.191000 -9.550000 19.627000
v -6.691000 -14.045000 19.627000
v -6.691000 -9.471000 19.627000
v -6.191000 -14.110000 19.627000
v -6.191000 -9.348000 19.627000
v -5.691000 -14.191000 19.627000
v -5.691000 -9.072000 19.627000
v -5.191000 -14.386000 19.627000
v -5.191000 -8.749000 19.627000
v -4.691000 -14.521000 19.627000
v -4.691000 -8.137000 19.627000
v -4.191000 -14.506000 19.627000
v -4.191000 -5.841000 19.627000
v -3.691000 -14.147000 19.627000
v -3.691000 -12.637000 19.627000
v -3.691000 -10.574000 19.627000
v -3.691000 -5.269000 19.627000
v -3.191000 -9.669000 19.627000
v -3.191000 -4.813000 19.627000
v -2.691000 -8.265000 19.627000
v -2.691000 -4.697000 19.627000
v -2.191000 -8.127000 19.627000
v -2.191000 -4.636000 19.627000
v -1.691000 -8.068000 19.627000
v -1.691000 -4.747000 19.627000
v -1.191000 -8.026000 19.627000
v -1.191000 -5.156000 19.627000
v -0.691000 -7.909000 19.627000
v -0.691000 -5.788000 19.627000
v -0.191000 -7.447000 19.627000
v -0.191000 -6.264000 19.627000
v -3.551000 -16.138000 6.627000
v -1.759000 -16.138000 6.627000
v -4.020000 -16.138000 7.127000
v -1.386000 -16.138000 7.127000
v -4.278000 -16.138000 7.627000
v 0.363000 -16.138000 7.627000
v -4.353000 -16.138000 8.127000
v 0.950000 -16.138000 8.127000
v -4.383000 -16.138000 8.627000
v 1.151000 -16.138000 8.627000
v -4.390000 -16.138000 9.127000
v 1.151000 -16.138000 9.127000
v -4.363000 -16.138000 9.627000
v 0.951000 -16.138000 9.627000
v -4.362000 -16.138000 10.127000
v 0.694000 -16.138000 10.127000
v -4.122000 -16.138000 10.627000
v 0.494000 -16.138000 10.627000
v -3.753000 -16.138000 11.127000
v 0.142000 -16.138000 11.127000
v -3.582000 -16.138000 11.627000
v -0.096000 -16.138000 11.627000
v -3.571000 -16.138000 12.127000
v -0.310000 -16.138000 12.127000
v -3.562000 -16.138000 12.627000
v -0.355000 -16.138000 12.627000
v -3.426000 -16.138000 13.127000
v -0.399000 -16.138000 13.127000
v -3.352000 -16.138000 13.627000
v -0.548000 -16.138000 13.627000
v -3.133000 -16.138000 14.127000
v -1.091000 -16.138000 14.127000
v -6.813000 -12.138000 10.627000
v -3.640000 -12.138000 10.627000
v -7.362000 -12.138000 11.127000
v -3.053000 -12.138000 11.127000
v -7.553000 -12.138000 11.627000
v -2.542000 -12.138000 11.627000
v -7.547000 -12.138000 12.127000
v -1.885000 -12.138000 12.127000
v -7.340000 -12.138000 12.627000
v -1.065000 -12.138000 12.627000
v -6.740000 -12.138000 13.127000
v -0.681000 -12.138000 13.127000
v -5.454000 -12.138000 13.627000
v -0.477000 -12.138000 13.627000
v -4.975000 -12.138000 14.127000
v -0.302000 -12.138000 14.127000
v -4.686000 -12.138000 14.627000
v -0.093000 -12.138000 14.627000
v -4.603000 -12.138000 15.127000
v 0.106000 -12.138000 15.127000
v -4.612000 -12.138000 15.627000
v 0.611000 -12.138000 15.627000
v -4.660000 -12.138000 16.127000
v 1.325000 -12.138000 16.127000
v -4.921000 -12.138000 16.627000
v 1.318000 -12.138000 16.627000
v -7.219000 -12.138000 17.127000
v -0.899000 -12.138000 17.127000
v -7.958000 -12.138000 17.627000
v -1.489000 -12.138000 17.627000
v -9.404000 -12.138000 18.127000
v -2.085000 -12.138000 18.127000
v -9.920000 -12.138000 18.627000
v -3.074000 -12.138000 18.627000
v -10.098000 -12.138000 19.127000
v -3.619000 -12.138000 19.127000
v -10.086000 -12.138000 19.627000
v -3.946000 -12.138000 19.627000
v -10.004000 -12.138000 20.127000
v -4.154000 -12.138000 20.127000
v -9.781000 -12.138000 20.627000
v -4.398000 -12.138000 20.627000
v -9.112000 -12.138000 21.127000
v -4.748000 -12.138000 21.127000
v -5.852000 -8.138000 14.627000
v -3.380000 -8.138000 14.627000
v -6.378000 -8.138000 15.127000
v -2.632000 -8.138000 15.127000
v -6.558000 -8.138000 15.627000
v -2.431000 -8.138000 15.627000
v -6.584000 -8.138000 16.127000
v -2.176000 -8.138000 16.127000
v -6.607000 -8.138000 16.627000
v -1.921000 -8.138000 16.627000
v -6.601000 -8.138000 17.127000
v -1.646000 -8.138000 17.127000
v -6.521000 -8.138000 17.627000
v -1.285000 -8.138000 17.627000
v -6.331000 -8.138000 18.127000
v -0.726000 -8.138000 18.127000
v -5.876000 -8.138000 18.627000
v -0.665000 -8.138000 18.627000
v -5.353000 -8.138000 19.127000
v -0.711000 -8.138000 19.127000
v -4.692000 -8.138000 19.627000
v -2.271000 -8.138000 19.627000
v -3.105000 -4.138000 16.627000
v -1.203000 -4.138000 16.627000
v -3.357000 -4.138000 17.127000
v -0.968000 -4.138000 17.127000
v -3.419000 -4.138000 17.627000
v -0.968000 -4.138000 17.627000
v -3.424000 -4.138000 18.127000
v -1.084000 -4.138000 18.127000
v -3.164000 -4.138000 18.627000
v -1.312000 -4.138000 18.627000
v -4.191000 -16.138000 7.384000
v -4.191000 -16.138000 10.533000
v -3.691000 -16.138000 6.808000
v -3.691000 -16.138000 11.261000
v -3.191000 -16.138000 6.339000
v -3.191000 -16.138000 14.043000
v -2.691000 -16.138000 6.209000
v -2.691000 -16.138000 14.513000
v -2.191000 -16.138000 6.305000
v -2.191000 -16.138000 14.604000
v -1.691000 -16.138000 6.715000
v -1.691000 -16.138000 14.535000
v -1.191000 -16.138000 7.287000
v -1.191000 -16.138000 14.238000
v -0.691000 -16.138000 7.472000
v -0.691000 -16.138000 13.836000
v -0.191000 -16.138000 7.507000
v -0.191000 -16.138000 11.796000
v 0.309000 -16.138000 7.604000
v 0.309000 -16.138000 10.869000
v 0.809000 -16.138000 7.946000
v 0.809000 -16.138000 9.854000
v -9.691000 -12.138000 18.339000
v -9.691000 -12.138000 20.739000
v -9.191000 -12.138000 18.031000
v -9.191000 -12.138000 21.096000
v -8.691000 -12.138000 17.898000
v -8.691000 -12.138000 21.207000
v -8.191000 -12.138000 17.744000
v -8.191000 -12.138000 21.285000
v -7.691000 -12.138000 17.440000
v -7.691000 -12.138000 21.318000
v -7.191000 -12.138000 10.907000
v -7.191000 -12.138000 12.812000
v -7.191000 -12.138000 17.116000
v -7.191000 -12.138000 21.476000
v -6.691000 -12.138000 10.573000
v -6.691000 -12.138000 13.147000
v -6.691000 -12.138000 17.027000
v -6.691000 -12.138000 21.572000
v -6.191000 -12.138000 10.479000
v -6.191000 -12.138000 13.257000
v -6.191000 -12.138000 16.978000
v -6.191000 -12.138000 21.561000
v -5.691000 -12.138000 10.475000
v -5.691000 -12.138000 13.448000
v -5.691000 -12.138000 16.963000
v -5.691000 -12.138000 21.592000
v -5.191000 -12.138000 10.523000
v -5.191000 -12.138000 13.901000
v -5.191000 -12.138000 16.830000
v -5.191000 -12.138000 21.478000
v -4.691000 -12.138000 10.489000
v -4.691000 -12.138000 14.609000
v -4.691000 -12.138000 16.236000
v -4.691000 -12.138000 21.058000
v -4.191000 -12.138000 10.490000
v -4.191000 -12.138000 20.217000
v -3.691000 -12.138000 10.603000
v -3.691000 -12.138000 19.225000
v -3.191000 -12.138000 10.972000
v -3.191000 -12.138000 18.700000
v -2.691000 -12.138000 11.452000
v -2.691000 -12.138000 18.456000
v -2.191000 -12.138000 11.920000
v -2.191000 -12.138000 18.179000
v -1.691000 -12.138000 12.234000
v -1.691000 -12.138000 17.850000
v -1.191000 -12.138000 12.520000
v -1.191000 -12.138000 17.352000
v -0.691000 -12.138000 13.112000
v -0.691000 -12.138000 16.977000
v -0.191000 -12.138000 14.391000
v -0.191000 -12.138000 16.691000
v 0.309000 -12.138000 15.385000
v 0.309000 -12.138000 16.741000
v 0.809000 -12.138000 15.746000
v 0.809000 -12.138000 16.928000
v 1.309000 -12.138000 16.095000
v 1.309000 -12.138000 16.644000
v -6.191000 -8.138000 14.884000
v -6.191000 -8.138000 18.312000
v -5.691000 -8.138000 14.553000
v -5.691000 -8.138000 18.849000
v -5.191000 -8.138000 14.463000
v -5.191000 -8.138000 19.266000
v -4.691000 -8.138000 14.482000
v -4.691000 -8.138000 19.627000
v -4.191000 -8.138000 14.471000
v -4.191000 -8.138000 19.749000
v -3.691000 -8.138000 14.531000
v -3.691000 -8.138000 19.809000
v -3.191000 -8.138000 14.688000
v -3.191000 -8.138000 19.750000
v -2.691000 -8.138000 15.035000
v -2.691000 -8.138000 19.670000
v -2.191000 -8.138000 16.099000
v -2.191000 -8.138000 19.618000
v -1.691000 -8.138000 17.051000
v -1.691000 -8.138000 19.520000
v -1.191000 -8.138000 17.718000
v -1.191000 -8.138000 19.418000
v -0.691000 -8.138000 18.193000
v -0.691000 -8.138000 19.088000
v -3.191000 -4.138000 16.749000
v -3.191000 -4.138000 18.591000
v -2.691000 -4.138000 16.292000
v -2.691000 -4.138000 18.991000
v -2.191000 -4.138000 16.166000
v -2.191000 -4.138000 19.093000
v -1.691000 -4.138000 16.257000
v -1.691000 -4.138000 18.945000
v -1.191000 -4.138000 16.641000
v -1.191000 -4.138000 18.439000
v -4.191000 -16.336000 8.127000
v -4.191000 -14.394000 8.127000
v -3.691000 -16.659000 8.127000
v -3.691000 -14.062000 8.127000
v -3.191000 -16.748000 8.127000
v -3.191000 -13.963000 8.127000
v -2.691000 -16.758000 8.127000
v -2.691000 -13.966000 8.127000
v -2.191000 -16.669000 8.127000
v -2.191000 -14.065000 8.127000
v -1.691000 -16.619000 8.127000
v -1.691000 -14.383000 8.127000
v -1.191000 -16.711000 8.127000
v -1.191000 -14.631000 8.127000
v -0.691000 -16.927000 8.127000
v -0.691000 -14.688000 8.127000
v -0.191000 -17.036000 8.127000
v -0.191000 -14.673000 8.127000
v 0.309000 -16.922000 8.127000
v 0.309000 -14.787000 8.127000
v 0.809000 -16.475000 8.127000
v 0.809000 -15.234000 8.127000
v -7.191000 -13.318000 12.127000
v -7.191000 -11.429000 12.127000
v -6.691000 -13.654000 12.127000
v -6.691000 -11.093000 12.127000
v -6.191000 -13.748000 12.127000
v -6.191000 -10.999000 12.127000
v -5.691000 -13.718000 12.127000
v -5.691000 -10.963000 12.127000
v -5.191000 -13.736000 12.127000
v -5.191000 -10.851000 12.127000
v -4.691000 -13.812000 12.127000
v -4.691000 -10.616000 12.127000
v -4.191000 -14.001000 12.127000
v -4.191000 -10.454000 12.127000
v -3.691000 -14.702000 12.127000
v -3.691000 -10.312000 12.127000
v -3.191000 -16.861000 12.127000
v -3.191000 -10.227000 12.127000
v -2.691000 -17.183000 12.127000
v -2.691000 -10.491000 12.127000
v -2.191000 -17.269000 12.127000
v -2.191000 -10.829000 12.127000
v -1.691000 -17.254000 12.127000
v -1.691000 -12.852000 12.127000
v -1.191000 -17.153000 12.127000
v -1.191000 -13.150000 12.127000
v -0.691000 -16.817000 12.127000
v -0.691000 -13.341000 12.127000
v -0.191000 -15.761000 12.127000
v -0.191000 -13.810000 12.127000
v -6.191000 -10.075000 16.127000
v -6.191000 -6.482000 16.127000
v -5.691000 -10.522000 16.127000
v -5.691000 -6.089000 16.127000
v -5.191000 -11.043000 16.127000
v -5.191000 -5.520000 16.127000
v -4.691000 -15.046000 16.127000
v -4.691000 -12.587000 16.127000
v -4.691000 -11.802000 16.127000
v -4.691000 -5.147000 16.127000
v -4.191000 -15.447000 16.127000
v -4.191000 -5.031000 16.127000
v -3.691000 -15.669000 16.127000
v -3.691000 -4.970000 16.127000
v -3.191000 -15.754000 16.127000
v -3.191000 -4.862000 16.127000
v -2.691000 -15.676000 16.127000
v -2.691000 -4.509000 16.127000
v -2.191000 -15.478000 16.127000
v -2.191000 -8.106000 16.127000
v -2.191000 -6.162000 16.127000
v -2.191000 -4.212000 16.127000
v -1.691000 -15.313000 16.127000
v -1.691000 -9.191000 16.127000
v -1.691000 -5.722000 16.127000
v -1.691000 -4.414000 16.127000
v -1.191000 -15.256000 16.127000
v -1.191000 -10.316000 16.127000
v -0.691000 -15.172000 16.127000
v -0.691000 -11.511000 16.127000
v -0.191000 -15.110000 16.127000
v -0.191000 -11.915000 16.127000
v 0.309000 -15.015000 16.127000
v 0.309000 -11.985000 16.127000
v 0.809000 -14.866000 16.127000
v 0.809000 -12.033000 16.127000
v 1.309000 -14.712000 16.127000
v 1.309000 -12.132000 16.127000
v 1.809000 -14.385000 16.127000
v 1.809000 -12.459000 16.127000
v -9.691000 -13.046000 20.127000
v -9.691000 -10.969000 20.127000
v -9.191000 -13.459000 20.127000
v -9.191000 -10.609000 20.127000
v -8.691000 -13.551000 20.127000
v -8.691000 -10.390000 20.127000
v -8.191000 -13.551000 20.127000
v -8.191000 -10.085000 20.127000
v -7.691000 -13.555000 20.127000
v -7.691000 -9.885000 20.127000
v -7.191000 -13.606000 20.127000
v -7.191000 -9.631000 20.127000
v -6.691000 -13.580000 20.127000
v -6.691000 -9.517000 20.127000
v -6.191000 -13.691000 20.127000
v -6.191000 -9.463000 20.127000
v -5.691000 -13.979000 20.127000
v -5.691000 -9.322000 20.127000
v -5.191000 -14.101000 20.127000
v -5.191000 -9.216000 20.127000
v -4.691000 -14.041000 20.127000
v -4.691000 -9.272000 20.127000
v -4.191000 -13.755000 20.127000
v -4.191000 -12.017000 20.127000
v -4.191000 -11.180000 20.127000
v -4.191000 -9.582000 20.127000
v -3.691000 -6.692000 20.127000
v -3.691000 -6.158000 20.127000
v -3.191000 -6.998000 20.127000
v -3.191000 -5.651000 20.127000
v -2.691000 -6.929000 20.127000
v -2.691000 -5.310000 20.127000
v -2.191000 -7.305000 20.127000
v -2.191000 -5.160000 20.127000
v -1.691000 -7.501000 20.127000
v -1.691000 -5.358000 20.127000
v -1.191000 -7.450000 20.127000
v -1.191000 -6.163000 20.127000
v -0.691000 -7.160000 20.127000
v -0.691000 -6.550000 20.127000
v -3.220000 -15.638000 6.127000
v -2.090000 -15.638000 6.127000
v -3.813000 -15.638000 6.627000
v -1.505000 -15.638000 6.627000
v -4.291000 -15.638000 7.127000
v -1.106000 -15.638000 7.127000
v -4.498000 -15.638000 7.627000
v 0.393000 -15.638000 7.627000
v -4.563000 -15.638000 8.127000
v 0.965000 -15.638000 8.127000
v -4.575000 -15.638000 8.627000
v 1.163000 -15.638000 8.627000
v -4.570000 -15.638000 9.127000
v 1.164000 -15.638000 9.127000
v -4.565000 -15.638000 9.627000
v 0.966000 -15.638000 9.627000
v -4.567000 -15.638000 10.127000
v 0.684000 -15.638000 10.127000
v -4.370000 -15.638000 10.627000
v 0.481000 -15.638000 10.627000
v -3.932000 -15.638000 11.127000
v 0.168000 -15.638000 11.127000
v -3.671000 -15.638000 11.627000
v -0.044000 -15.638000 11.627000
v -3.596000 -15.638000 12.127000
v -0.160000 -15.638000 12.127000
v -3.578000 -15.638000 12.627000
v -0.138000 -15.638000 12.627000
v -3.560000 -15.638000 13.127000
v 0.003000 -15.638000 13.127000
v -3.572000 -15.638000 13.627000
v 0.023000 -15.638000 13.627000
v -3.489000 -15.638000 14.127000
v -0.023000 -15.638000 14.127000
v -3.382000 -15.638000 14.627000
v -0.063000 -15.638000 14.627000
v -3.289000 -15.638000 15.127000
v -1.454000 -15.638000 15.127000
v -3.350000 -15.638000 15.627000
v -2.203000 -15.638000 15.627000
v -3.770000 -15.638000 16.127000
v -2.572000 -15.638000 16.127000
v -4.297000 -15.638000 16.627000
v -2.527000 -15.638000 16.627000
v -4.856000 -15.638000 17.127000
v -2.501000 -15.638000 17.127000
v -4.831000 -15.638000 17.627000
v -2.575000 -15.638000 17.627000
v -4.331000 -15.638000 18.127000
v -3.108000 -15.638000 18.127000
v -7.132000 -11.638000 11.127000
v -3.308000 -11.638000 11.127000
v -7.361000 -11.638000 11.627000
v -2.747000 -11.638000 11.627000
v -7.354000 -11.638000 12.127000
v -1.710000 -11.638000 12.127000
v -7.105000 -11.638000 12.627000
v -1.063000 -11.638000 12.627000
v -6.052000 -11.638000 13.127000
v -0.707000 -11.638000 13.127000
v -5.380000 -11.638000 13.627000
v -0.495000 -11.638000 13.627000
v -5.009000 -11.638000 14.127000
v -0.322000 -11.638000 14.127000
v -4.746000 -11.638000 14.627000
v -0.242000 -11.638000 14.627000
v -4.677000 -11.638000 15.127000
v -0.151000 -11.638000 15.127000
v -4.691000 -11.638000 15.627000
v -0.185000 -11.638000 15.627000
v -4.729000 -11.638000 16.127000
v -0.595000 -11.638000 16.127000
v -5.032000 -11.638000 16.627000
v -0.908000 -11.638000 16.627000
v -7.267000 -11.638000 17.127000
v -1.262000 -11.638000 17.127000
v -8.285000 -11.638000 17.627000
v -1.744000 -11.638000 17.627000
v -9.053000 -11.638000 18.127000
v -2.406000 -11.638000 18.127000
v -9.678000 -11.638000 18.627000
v -3.251000 -11.638000 18.627000
v -9.908000 -11.638000 19.127000
v -3.750000 -11.638000 19.127000
v -10.029000 -11.638000 19.627000
v -4.030000 -11.638000 19.627000
v -10.011000 -11.638000 20.127000
v -4.252000 -11.638000 20.127000
v -9.789000 -11.638000 20.627000
v -4.340000 -11.638000 20.627000
v -9.131000 -11.638000 21.127000
v -4.537000 -11.638000 21.127000
v -7.352000 -11.638000 21.627000
v -5.100000 -11.638000 21.627000
v -5.243000 -7.638000 14.627000
v -4.204000 -7.638000 14.627000
v -6.128000 -7.638000 15.127000
v -3.220000 -7.638000 15.127000
v -6.408000 -7.638000 15.627000
v -2.755000 -7.638000 15.627000
v -6.552000 -7.638000 16.127000
v -2.408000 -7.638000 16.127000
v -6.582000 -7.638000 16.627000
v -1.942000 -7.638000 16.627000
v -6.587000 -7.638000 17.127000
v -1.289000 -7.638000 17.127000
v -6.400000 -7.638000 17.627000
v -0.351000 -7.638000 17.627000
v -6.072000 -7.638000 18.127000
v -0.079000 -7.638000 18.127000
v -5.608000 -7.638000 18.627000
v -0.052000 -7.638000 18.627000
v -5.032000 -7.638000 19.127000
v -0.073000 -7.638000 19.127000
v -4.367000 -7.638000 19.627000
v -0.332000 -7.638000 19.627000
v -2.828000 -3.638000 17.127000
v -1.480000 -3.638000 17.127000
v -2.841000 -3.638000 17.627000
v -1.479000 -3.638000 17.627000
v -2.804000 -3.638000 18.127000
v -1.671000 -3.638000 18.127000
v -4.691000 -15.638000 16.867000
v -4.691000 -15.638000 17.824000
v -4.191000 -15.638000 6.996000
v -4.191000 -15.638000 10.850000
v -4.191000 -15.638000 16.533000
v -4.191000 -15.638000 18.324000
v -3.691000 -15.638000 6.477000
v -3.691000 -15.638000 11.566000
v -3.691000 -15.638000 16.000000
v -3.691000 -15.638000 18.531000
v -3.191000 -15.638000 6.114000
v -3.191000 -15.638000 18.255000
v -2.691000 -15.638000 6.005000
v -2.691000 -15.638000 17.792000
v -2.191000 -15.638000 6.085000
v -2.191000 -15.638000 15.613000
v -1.691000 -15.638000 6.399000
v -1.691000 -15.638000 15.255000
v -1.191000 -15.638000 7.045000
v -1.191000 -15.638000 15.074000
v -0.691000 -15.638000 7.378000
v -0.691000 -15.638000 15.037000
v -0.191000 -15.638000 7.490000
v -0.191000 -15.638000 14.833000
v 0.309000 -15.638000 7.590000
v 0.309000 -15.638000 10.875000
v 0.809000 -15.638000 7.928000
v 0.809000 -15.638000 9.861000
v -9.691000 -11.638000 18.644000
v -9.691000 -11.638000 20.749000
v -9.191000 -11.638000 18.220000
v -9.191000 -11.638000 21.103000
v -8.691000 -11.638000 17.882000
v -8.691000 -11.638000 21.211000
v -8.191000 -11.638000 17.587000
v -8.191000 -11.638000 21.292000
v -7.691000 -11.638000 17.378000
v -7.691000 -11.638000 21.445000
v -7.191000 -11.638000 11.210000
v -7.191000 -11.638000 12.510000
v -7.191000 -11.638000 17.095000
v -7.191000 -11.638000 21.696000
v -6.691000 -11.638000 10.777000
v -6.691000 -11.638000 12.942000
v -6.691000 -11.638000 17.002000
v -6.691000 -11.638000 21.777000
v -6.191000 -11.638000 10.668000
v -6.191000 -11.638000 13.082000
v -6.191000 -11.638000 16.947000
v -6.191000 -11.638000 21.737000
v -5.691000 -11.638000 10.651000
v -5.691000 -11.638000 13.329000
v -5.691000 -11.638000 16.899000
v -5.691000 -11.638000 21.765000
v -5.191000 -11.638000 10.710000
v -5.191000 -11.638000 13.873000
v -5.191000 -11.638000 16.747000
v -5.191000 -11.638000 21.667000
v -4.691000 -11.638000 10.674000
v -4.691000 -11.638000 14.872000
v -4.691000 -11.638000 15.660000
v -4.691000 -11.638000 21.326000
v -4.191000 -11.638000 10.679000
v -4.191000 -11.638000 19.943000
v -3.691000 -11.638000 10.811000
v -3.691000 -11.638000 19.035000
v -3.191000 -11.638000 11.259000
v -3.191000 -11.638000 18.587000
v -2.691000 -11.638000 11.666000
v -2.691000 -11.638000 18.292000
v -2.191000 -11.638000 11.948000
v -2.191000 -11.638000 18.009000
v -1.691000 -11.638000 12.134000
v -1.691000 -11.638000 17.556000
v -1.191000 -11.638000 12.473000
v -1.191000 -11.638000 17.037000
v -0.691000 -11.638000 13.149000
v -0.691000 -11.638000 16.315000
v -0.191000 -11.638000 14.925000
v -0.191000 -11.638000 15.642000
v -6.191000 -7.638000 15.209000
v -6.191000 -7.638000 17.961000
v -5.691000 -7.638000 14.784000
v -5.691000 -7.638000 18.514000
v -5.191000 -7.638000 14.613000
v -5.191000 -7.638000 18.981000
v -4.691000 -7.638000 14.535000
v -4.691000 -7.638000 19.423000
v -4.191000 -7.638000 14.631000
v -4.191000 -7.638000 19.709000
v -3.691000 -7.638000 14.845000
v -3.691000 -7.638000 19.834000
v -3.191000 -7.638000 15.147000
v -3.191000 -7.638000 19.820000
v -2.691000 -7.638000 15.729000
v -2.691000 -7.638000 19.828000
v -2.191000 -7.638000 16.354000
v -2.191000 -7.638000 19.964000
v -1.691000 -7.638000 16.860000
v -1.691000 -7.638000 20.050000
v -1.191000 -7.638000 17.169000
v -1.191000 -7.638000 20.019000
v -0.691000 -7.638000 17.372000
v -0.691000 -7.638000 19.901000
v -0.191000 -7.638000 17.846000
v -0.191000 -7.638000 19.429000
v -2.691000 -3.638000 16.900000
v -2.691000 -3.638000 18.309000
v -2.191000 -3.638000 16.659000
v -2.191000 -3.638000 18.510000
v -1.691000 -3.638000 16.827000
v -1.691000 -3.638000 18.173000
v -4.191000 -16.382000 8.627000
v -4.191000 -14.398000 8.627000
v -3.691000 -16.709000 8.627000
v -3.691000 -14.073000 8.627000
v -3.191000 -16.799000 8.627000
v -3.191000 -13.988000 8.627000
v -2.691000 -16.745000 8.627000
v -2.691000 -13.962000 8.627000
v -2.191000 -16.674000 8.627000
v -2.191000 -14.040000 8.627000
v -1.691000 -16.670000 8.627000
v -1.691000 -14.231000 8.627000
v -1.191000 -16.854000 8.627000
v -1.191000 -14.468000 8.627000
v -0.691000 -17.140000 8.627000
v -0.691000 -14.515000 8.627000
v -0.191000 -17.232000 8.627000
v -0.191000 -14.477000 8.627000
v 0.309000 -17.135000 8.627000
v 0.309000 -14.573000 8.627000
v 0.809000 -16.796000 8.627000
v 0.809000 -14.913000 8.627000
v -7.191000 -12.986000 12.627000
v -7.191000 -11.761000 12.627000
v -6.691000 -13.433000 12.627000
v -6.691000 -11.314000 12.627000
v -6.191000 -13.545000 12.627000
v -6.191000 -11.192000 12.627000
v -5.691000 -13.542000 12.627000
v -5.691000 -11.078000 12.627000
v -5.191000 -13.665000 12.627000
v -5.191000 -10.839000 12.627000
v -4.691000 -13.804000 12.627000
v -4.691000 -10.551000 12.627000
v -4.191000 -13.999000 12.627000
v -4.191000 -10.163000 12.627000
v -3.691000 -14.676000 12.627000
v -3.691000 -9.793000 12.627000
v -3.191000 -16.848000 12.627000
v -3.191000 -9.677000 12.627000
v -2.691000 -17.173000 12.627000
v -2.691000 -9.701000 12.627000
v -2.191000 -17.259000 12.627000
v -2.191000 -9.918000 12.627000
v -1.691000 -17.251000 12.627000
v -1.691000 -10.236000 12.627000
v -1.191000 -17.143000 12.627000
v -1.191000 -10.555000 12.627000
v -0.691000 -16.784000 12.627000
v -0.691000 -12.753000 12.627000
v -0.191000 -15.739000 12.627000
v -0.191000 -13.210000 12.627000
v -6.191000 -10.610000 16.627000
v -6.191000 -6.500000 16.627000
v -5.691000 -11.045000 16.627000
v -5.691000 -6.096000 16.627000
v -5.191000 -15.119000 16.627000
v -5.191000 -13.035000 16.627000
v -5.191000 -11.409000 16.627000
v -5.191000 -5.501000 16.627000
v -4.691000 -15.515000 16.627000
v -4.691000 -5.134000 16.627000
v -4.191000 -15.667000 16.627000
v -4.191000 -4.948000 16.627000
v -3.691000 -15.743000 16.627000
v -3.691000 -4.675000 16.627000
v -3.191000 -15.796000 16.627000
v -3.191000 -4.249000 16.627000
v -2.691000 -15.710000 16.627000
v -2.691000 -3.788000 16.627000
v -2.191000 -15.446000 16.627000
v -2.191000 -3.659000 16.627000
v -1.691000 -15.281000 16.627000
v -1.691000 -10.146000 16.627000
v -1.691000 -6.654000 16.627000
v -1.691000 -3.752000 16.627000
v -1.191000 -15.161000 16.627000
v -1.191000 -11.177000 16.627000
v -1.191000 -6.224000 16.627000
v -1.191000 -4.154000 16.627000
v -0.691000 -14.928000 16.627000
v -0.691000 -11.877000 16.627000
v -0.191000 -14.747000 16.627000
v -0.191000 -12.103000 16.627000
v 0.309000 -14.756000 16.627000
v 0.309000 -12.099000 16.627000
v 0.809000 -14.798000 16.627000
v 0.809000 -12.046000 16.627000
v 1.309000 -14.709000 16.627000
v 1.309000 -12.135000 16.627000
v 1.809000 -14.381000 16.627000
v 1.809000 -12.463000 16.627000
v -9.691000 -12.385000 20.627000
v -9.691000 -11.357000 20.627000
v -9.191000 -12.899000 20.627000
v -9.191000 -10.850000 20.627000
v -8.691000 -13.042000 20.627000
v -8.691000 -10.630000 20.627000
v -8.191000 -13.107000 20.627000
v -8.191000 -10.284000 20.627000
v -7.691000 -13.112000 20.627000
v -7.691000 -10.133000 20.627000
v -7.191000 -13.147000 20.627000
v -7.191000 -9.851000 20.627000
v -6.691000 -13.082000 20.627000
v -6.691000 -9.620000 20.627000
v -6.191000 -13.114000 20.627000
v -6.191000 -9.521000 20.627000
v -5.691000 -13.363000 20.627000
v -5.691000 -9.565000 20.627000
v -5.191000 -13.599000 20.627000
v -5.191000 -9.692000 20.627000
v -4.691000 -13.420000 20.627000
v -4.691000 -10.058000 20.627000
v -3.237000 -15.138000 6.127000
v -2.074000 -15.138000 6.127000
v -3.826000 -15.138000 6.627000
v -1.497000 -15.138000 6.627000
v -4.309000 -15.138000 7.127000
v -1.190000 -15.138000 7.127000
v -4.513000 -15.138000 7.627000
v -0.448000 -15.138000 7.627000
v -4.571000 -15.138000 8.127000
v 0.743000 -15.138000 8.127000
v -4.575000 -15.138000 8.627000
v 0.980000 -15.138000 8.627000
v -4.556000 -15.138000 9.127000
v 0.980000 -15.138000 9.127000
v -4.569000 -15.138000 9.627000
v 0.775000 -15.138000 9.627000
v -4.575000 -15.138000 10.127000
v 0.622000 -15.138000 10.127000
v -4.401000 -15.138000 10.627000
v 0.441000 -15.138000 10.627000
v -3.955000 -15.138000 11.127000
v 0.151000 -15.138000 11.127000
v -3.680000 -15.138000 11.627000
v -0.002000 -15.138000 11.627000
v -3.607000 -15.138000 12.127000
v -0.068000 -15.138000 12.127000
v -3.600000 -15.138000 12.627000
v 0.023000 -15.138000 12.627000
v -3.632000 -15.138000 13.127000
v 0.254000 -15.138000 13.127000
v -3.772000 -15.138000 13.627000
v 0.471000 -15.138000 13.627000
v -3.847000 -15.138000 14.127000
v 0.501000 -15.138000 14.127000
v -3.874000 -15.138000 14.627000
v 0.510000 -15.138000 14.627000
v -3.914000 -15.138000 15.127000
v 0.499000 -15.138000 15.127000
v -4.136000 -15.138000 15.627000
v 0.473000 -15.138000 15.627000
v -4.613000 -15.138000 16.127000
v -0.509000 -15.138000 16.127000
v -5.177000 -15.138000 16.627000
v -1.136000 -15.138000 16.627000
v -5.397000 -15.138000 17.127000
v -1.545000 -15.138000 17.127000
v -5.423000 -15.138000 17.627000
v -1.903000 -15.138000 17.627000
v -5.311000 -15.138000 18.127000
v -2.252000 -15.138000 18.127000
v -4.858000 -15.138000 18.627000
v -2.790000 -15.138000 18.627000
v -6.810000 -11.138000 11.627000
v -3.258000 -11.138000 11.627000
v -6.796000 -11.138000 12.127000
v -1.703000 -11.138000 12.127000
v -5.891000 -11.138000 12.627000
v -1.040000 -11.138000 12.627000
v -5.448000 -11.138000 13.127000
v -0.579000 -11.138000 13.127000
v -5.214000 -11.138000 13.627000
v -0.383000 -11.138000 13.627000
v -5.054000 -11.138000 14.127000
v -0.324000 -11.138000 14.127000
v -4.958000 -11.138000 14.627000
v -0.312000 -11.138000 14.627000
v -4.906000 -11.138000 15.127000
v -0.315000 -11.138000 15.127000
v -4.945000 -11.138000 15.627000
v -0.461000 -11.138000 15.627000
v -5.070000 -11.138000 16.127000
v -0.886000 -11.138000 16.127000
v -5.573000 -11.138000 16.627000
v -1.220000 -11.138000 16.627000
v -7.183000 -11.138000 17.127000
v -1.668000 -11.138000 17.127000
v -8.262000 -11.138000 17.627000
v -1.987000 -11.138000 17.627000
v -8.846000 -11.138000 18.127000
v -2.457000 -11.138000 18.127000
v -9.166000 -11.138000 18.627000
v -3.102000 -11.138000 18.627000
v -9.629000 -11.138000 19.127000
v -3.635000 -11.138000 19.127000
v -9.839000 -11.138000 19.627000
v -3.961000 -11.138000 19.627000
v -9.818000 -11.138000 20.127000
v -4.179000 -11.138000 20.127000
v -9.549000 -11.138000 20.627000
v -4.344000 -11.138000 20.627000
v -8.369000 -11.138000 21.127000
v -4.558000 -11.138000 21.127000
v -7.368000 -11.138000 21.627000
v -5.142000 -11.138000 21.627000
v -5.799000 -7.138000 15.127000
v -3.537000 -7.138000 15.127000
v -6.320000 -7.138000 15.627000
v -2.974000 -7.138000 15.627000
v -6.504000 -7.138000 16.127000
v -2.482000 -7.138000 16.127000
v -6.493000 -7.138000 16.627000
v -1.936000 -7.138000 16.627000
v -6.377000 -7.138000 17.127000
v -0.730000 -7.138000 17.127000
v -6.141000 -7.138000 17.627000
v -0.080000 -7.138000 17.627000
v -5.475000 -7.138000 18.127000
v 0.138000 -7.138000 18.127000
v -5.088000 -7.138000 18.627000
v 0.160000 -7.138000 18.627000
v -4.693000 -7.138000 19.127000
v 0.143000 -7.138000 19.127000
v -4.272000 -7.138000 19.627000
v -0.066000 -7.138000 19.627000
v -2.325000 -7.138000 20.127000
v -0.679000 -7.138000 20.127000
v -5.191000 -15.138000 16.646000
v -5.191000 -15.138000 18.298000
v -4.691000 -15.138000 16.203000
v -4.691000 -15.138000 18.847000
v -4.191000 -15.138000 6.972000
v -4.191000 -15.138000 10.893000
v -4.191000 -15.138000 15.707000
v -4.191000 -15.138000 19.053000
v -3.691000 -15.138000 6.467000
v -3.691000 -15.138000 11.593000
v -3.691000 -15.138000 13.363000
v -3.691000 -15.138000 19.075000
v -3.191000 -15.138000 6.107000
v -3.191000 -15.138000 18.951000
v -2.691000 -15.138000 5.999000
v -2.691000 -15.138000 18.511000
v -2.191000 -15.138000 6.078000
v -2.191000 -15.138000 18.050000
v -1.691000 -15.138000 6.390000
v -1.691000 -15.138000 17.363000
v -1.191000 -15.138000 7.124000
v -1.191000 -15.138000 16.729000
v -0.691000 -15.138000 7.544000
v -0.691000 -15.138000 16.226000
v -0.191000 -15.138000 7.670000
v -0.191000 -15.138000 16.080000
v 0.309000 -15.138000 7.786000
v 0.309000 -15.138000 10.821000
v 0.309000 -15.138000 13.235000
v 0.309000 -15.138000 15.878000
v 0.809000 -15.138000 8.217000
v 0.809000 -15.138000 9.553000
v -9.691000 -11.138000 19.223000
v -9.691000 -11.138000 20.433000
v -9.191000 -11.138000 18.662000
v -9.191000 -11.138000 20.897000
v -8.691000 -11.138000 17.933000
v -8.691000 -11.138000 21.037000
v -8.191000 -11.138000 17.597000
v -8.191000 -11.138000 21.191000
v -7.691000 -11.138000 17.419000
v -7.691000 -11.138000 21.412000
v -7.191000 -11.138000 17.130000
v -7.191000 -11.138000 21.704000
v -6.691000 -11.138000 11.428000
v -6.691000 -11.138000 12.291000
v -6.691000 -11.138000 16.981000
v -6.691000 -11.138000 21.785000
v -6.191000 -11.138000 11.200000
v -6.191000 -11.138000 12.526000
v -6.191000 -11.138000 16.853000
v -6.191000 -11.138000 21.755000
v -5.691000 -11.138000 11.150000
v -5.691000 -11.138000 12.790000
v -5.691000 -11.138000 16.684000
v -5.691000 -11.138000 21.748000
v -5.191000 -11.138000 11.216000
v -5.191000 -11.138000 13.681000
v -5.191000 -11.138000 16.329000
v -5.191000 -11.138000 21.647000
v -4.691000 -11.138000 11.188000
v -4.691000 -11.138000 21.299000
v -4.191000 -11.138000 11.172000
v -4.191000 -11.138000 20.164000
v -3.691000 -11.138000 11.310000
v -3.691000 -11.138000 19.203000
v -3.191000 -11.138000 11.681000
v -3.191000 -11.138000 18.689000
v -2.691000 -11.138000 11.946000
v -2.691000 -11.138000 18.315000
v -2.191000 -11.138000 12.029000
v -2.191000 -11.138000 17.879000
v -1.691000 -11.138000 12.131000
v -1.691000 -11.138000 17.165000
v -1.191000 -11.138000 12.468000
v -1.191000 -11.138000 16.590000
v -0.691000 -11.138000 12.975000
v -0.691000 -11.138000 15.894000
v -6.191000 -7.138000 15.450000
v -6.191000 -7.138000 17.558000
v -5.691000 -7.138000 15.072000
v -5.691000 -7.138000 17.974000
v -5.191000 -7.138000 14.828000
v -5.191000 -7.138000 18.472000
v -4.691000 -7.138000 14.724000
v -4.691000 -7.138000 19.128000
v -4.191000 -7.138000 14.826000
v -4.191000 -7.138000 19.690000
v -3.691000 -7.138000 15.045000
v -3.691000 -7.138000 19.961000
v -3.191000 -7.138000 15.389000
v -3.191000 -7.138000 20.054000
v -2.691000 -7.138000 15.894000
v -2.691000 -7.138000 20.051000
v -2.191000 -7.138000 16.400000
v -2.191000 -7.138000 20.170000
v -1.691000 -7.138000 16.800000
v -1.691000 -7.138000 20.244000
v -1.191000 -7.138000 17.019000
v -1.191000 -7.138000 20.230000
v -0.691000 -7.138000 17.141000
v -0.691000 -7.138000 20.131000
v -0.191000 -7.138000 17.488000
v -0.191000 -7.138000 19.786000
v -4.191000 -16.396000 9.127000
v -4.191000 -14.445000 9.127000
v -3.691000 -16.722000 9.127000
v -3.691000 -14.106000 9.127000
v -3.191000 -16.812000 9.127000
v -3.191000 -14.015000 9.127000
v -2.691000 -16.787000 9.127000
v -2.691000 -13.974000 9.127000
v -2.191000 -16.747000 9.127000
v -2.191000 -13.975000 9.127000
v -1.691000 -16.802000 9.127000
v -1.691000 -14.058000 9.127000
v -1.191000 -17.004000 9.127000
v -1.191000 -14.169000 9.127000
v -0.691000 -17.193000 9.127000
v -0.691000 -14.246000 9.127000
v -0.191000 -17.235000 9.127000
v -0.191000 -14.340000 9.127000
v 0.309000 -17.136000 9.127000
v 0.309000 -14.551000 9.127000
v 0.809000 -16.796000 9.127000
v 0.809000 -14.912000 9.127000
v -6.691000 -12.700000 13.127000
v -6.691000 -12.047000 13.127000
v -6.191000 -12.981000 13.127000
v -6.191000 -11.720000 13.127000
v -5.691000 -13.152000 13.127000
v -5.691000 -11.362000 13.127000
v -5.191000 -13.452000 13.127000
v -5.191000 -10.883000 13.127000
v -4.691000 -13.798000 13.127000
v -4.691000 -10.438000 13.127000
v -4.191000 -14.119000 13.127000
v -4.191000 -9.786000 13.127000
v -3.691000 -14.934000 13.127000
v -3.691000 -9.337000 13.127000
v -3.191000 -16.546000 13.127000
v -3.191000 -9.218000 13.127000
v -2.691000 -16.952000 13.127000
v -2.691000 -9.183000 13.127000
v -2.191000 -17.055000 13.127000
v -2.191000 -9.281000 13.127000
v -1.691000 -17.062000 13.127000
v -1.691000 -9.618000 13.127000
v -1.191000 -16.936000 13.127000
v -1.191000 -9.841000 13.127000
v -0.691000 -16.490000 13.127000
v -0.691000 -12.101000 13.127000
v -0.691000 -11.552000 13.127000
v -0.691000 -10.337000 13.127000
v -0.191000 -15.889000 13.127000
v -0.191000 -12.881000 13.127000
v 0.309000 -15.031000 13.127000
v 0.309000 -13.695000 13.127000
v -7.191000 -12.181000 17.127000
v -7.191000 -11.155000 17.127000
v -6.691000 -12.447000 17.127000
v -6.691000 -9.861000 17.127000
v -6.191000 -12.706000 17.127000
v -6.191000 -6.850000 17.127000
v -5.691000 -14.610000 17.127000
v -5.691000 -6.358000 17.127000
v -5.191000 -15.396000 17.127000
v -5.191000 -5.813000 17.127000
v -4.691000 -15.710000 17.127000
v -4.691000 -5.302000 17.127000
v -4.191000 -15.792000 17.127000
v -4.191000 -4.914000 17.127000
v -3.691000 -15.788000 17.127000
v -3.691000 -4.463000 17.127000
v -3.191000 -15.806000 17.127000
v -3.191000 -3.934000 17.127000
v -2.691000 -15.724000 17.127000
v -2.691000 -3.572000 17.127000
v -2.191000 -15.432000 17.127000
v -2.191000 -3.463000 17.127000
v -1.691000 -15.204000 17.127000
v -1.691000 -11.093000 17.127000
v -1.691000 -8.215000 17.127000
v -1.691000 -3.542000 17.127000
v -1.191000 -14.966000 17.127000
v -1.191000 -11.737000 17.127000
v -1.191000 -7.540000 17.127000
v -1.191000 -3.854000 17.127000
v -0.691000 -14.616000 17.127000
v -0.691000 -12.306000 17.127000
v -0.691000 -7.061000 17.127000
v -0.691000 -5.242000 17.127000
v -0.191000 -14.438000 17.127000
v -0.191000 -12.448000 17.127000
v 0.309000 -14.496000 17.127000
v 0.309000 -12.350000 17.127000
v 0.809000 -14.600000 17.127000
v 0.809000 -12.245000 17.127000
v 1.309000 -14.494000 17.127000
v 1.309000 -12.350000 17.127000
v 1.809000 -14.065000 17.127000
v 1.809000 -12.779000 17.127000
v -8.691000 -12.409000 21.127000
v -8.691000 -11.343000 21.127000
v -8.191000 -12.586000 21.127000
v -8.191000 -10.908000 21.127000
v -7.691000 -12.568000 21.127000
v -7.691000 -10.565000 21.127000
v -7.191000 -12.608000 21.127000
v -7.191000 -10.234000 21.127000
v -6.691000 -12.587000 21.127000
v -6.691000 -9.837000 21.127000
v -6.191000 -12.598000 21.127000
v -6.191000 -9.718000 21.127000
v -5.691000 -12.641000 21.127000
v -5.691000 -9.823000 21.127000
v -5.191000 -12.551000 21.127000
v -5.191000 -10.249000 21.127000
v -4.691000 -12.053000 21.127000
v -4.691000 -10.824000 21.127000
v -3.582000 -14.638000 6.627000
v -1.728000 -14.638000 6.627000
v -4.091000 -14.638000 7.127000
v -1.483000 -14.638000 7.127000
v -4.333000 -14.638000 7.627000
v -1.330000 -14.638000 7.627000
v -4.383000 -14.638000 8.127000
v -1.162000 -14.638000 8.127000
v -4.382000 -14.638000 8.627000
v 0.450000 -14.638000 8.627000
v -4.345000 -14.638000 9.127000
v 0.460000 -14.638000 9.127000
v -4.380000 -14.638000 9.627000
v 0.426000 -14.638000 9.627000
v -4.464000 -14.638000 10.127000
v 0.418000 -14.638000 10.127000
v -4.382000 -14.638000 10.627000
v 0.202000 -14.638000 10.627000
v -3.996000 -14.638000 11.127000
v -0.034000 -14.638000 11.127000
v -3.743000 -14.638000 11.627000
v -0.074000 -14.638000 11.627000
v -3.711000 -14.638000 12.127000
v 0.007000 -14.638000 12.127000
v -3.704000 -14.638000 12.627000
v 0.168000 -14.638000 12.627000
v -3.794000 -14.638000 13.127000
v 0.476000 -14.638000 13.127000
v -4.088000 -14.638000 13.627000
v 0.684000 -14.638000 13.627000
v -4.325000 -14.638000 14.127000
v 0.712000 -14.638000 14.127000
v -4.372000 -14.638000 14.627000
v 0.811000 -14.638000 14.627000
v -4.430000 -14.638000 15.127000
v 0.998000 -14.638000 15.127000
v -4.641000 -14.638000 15.627000
v 1.174000 -14.638000 15.627000
v -4.979000 -14.638000 16.127000
v 1.471000 -14.638000 16.127000
v -5.402000 -14.638000 16.627000
v 1.466000 -14.638000 16.627000
v -5.675000 -14.638000 17.127000
v -0.727000 -14.638000 17.127000
v -5.895000 -14.638000 17.627000
v -1.268000 -14.638000 17.627000
v -5.923000 -14.638000 18.127000
v -1.756000 -14.638000 18.127000
v -5.811000 -14.638000 18.627000
v -2.464000 -14.638000 18.627000
v -5.243000 -14.638000 19.127000
v -3.111000 -14.638000 19.127000
v -4.744000 -10.638000 12.127000
v -2.568000 -10.638000 12.127000
v -4.857000 -10.638000 12.627000
v -1.146000 -10.638000 12.627000
v -4.934000 -10.638000 13.127000
v -0.581000 -10.638000 13.127000
v -4.958000 -10.638000 13.627000
v -0.385000 -10.638000 13.627000
v -5.006000 -10.638000 14.127000
v -0.369000 -10.638000 14.127000
v -5.093000 -10.638000 14.627000
v -0.361000 -10.638000 14.627000
v -5.193000 -10.638000 15.127000
v -0.384000 -10.638000 15.127000
v -5.360000 -10.638000 15.627000
v -0.586000 -10.638000 15.627000
v -5.567000 -10.638000 16.127000
v -1.059000 -10.638000 16.127000
v -6.164000 -10.638000 16.627000
v -1.483000 -10.638000 16.627000
v -6.910000 -10.638000 17.127000
v -1.838000 -10.638000 17.127000
v -7.613000 -10.638000 17.627000
v -2.079000 -10.638000 17.627000
v -8.586000 -10.638000 18.127000
v -2.394000 -10.638000 18.127000
v -8.833000 -10.638000 18.627000
v -2.748000 -10.638000 18.627000
v -9.006000 -10.638000 19.127000
v -3.260000 -10.638000 19.127000
v -9.296000 -10.638000 19.627000
v -3.729000 -10.638000 19.627000
v -9.257000 -10.638000 20.127000
v -4.035000 -10.638000 20.127000
v -8.706000 -10.638000 20.627000
v -4.424000 -10.638000 20.627000
v -7.807000 -10.638000 21.127000
v -4.830000 -10.638000 21.127000
v -6.801000 -10.638000 21.627000
v -5.611000 -10.638000 21.627000
v -5.069000 -6.638000 15.127000
v -3.608000 -6.638000 15.127000
v -6.086000 -6.638000 15.627000
v -2.987000 -6.638000 15.627000
v -6.308000 -6.638000 16.127000
v -2.433000 -6.638000 16.127000
v -6.294000 -6.638000 16.627000
v -1.678000 -6.638000 16.627000
v -6.034000 -6.638000 17.127000
v -0.610000 -6.638000 17.127000
v -5.339000 -6.638000 17.627000
v -0.065000 -6.638000 17.627000
v -4.936000 -6.638000 18.127000
v 0.151000 -6.638000 18.127000
v -4.752000 -6.638000 18.627000
v 0.173000 -6.638000 18.627000
v -4.584000 -6.638000 19.127000
v 0.155000 -6.638000 19.127000
v -4.329000 -6.638000 19.627000
v -0.051000 -6.638000 19.627000
v -3.716000 -6.638000 20.127000
v -0.648000 -6.638000 20.127000
v -5.691000 -14.638000 17.156000
v -5.691000 -14.638000 18.813000
v -5.191000 -14.638000 16.361000
v -5.191000 -14.638000 19.167000
v -4.691000 -14.638000 15.702000
v -4.691000 -14.638000 19.491000
v -4.191000 -14.638000 7.271000
v -4.191000 -14.638000 10.943000
v -4.191000 -14.638000 13.779000
v -4.191000 -14.638000 19.539000
v -3.691000 -14.638000 6.756000
v -3.691000 -14.638000 19.410000
v -3.191000 -14.638000 6.312000
v -3.191000 -14.638000 19.164000
v -2.691000 -14.638000 6.186000
v -2.691000 -14.638000 18.815000
v -2.191000 -14.638000 6.279000
v -2.191000 -14.638000 18.453000
v -1.691000 -14.638000 6.674000
v -1.691000 -14.638000 18.048000
v -1.191000 -14.638000 8.078000
v -1.191000 -14.638000 17.530000
v -0.691000 -14.638000 8.265000
v -0.691000 -14.638000 17.100000
v -0.191000 -14.638000 8.184000
v -0.191000 -14.638000 16.815000
v 0.309000 -14.638000 8.402000
v 0.309000 -14.638000 10.452000
v 0.309000 -14.638000 12.896000
v 0.309000 -14.638000 16.876000
v 0.809000 -14.638000 14.620000
v 0.809000 -14.638000 17.062000
v 1.309000 -14.638000 15.864000
v 1.309000 -14.638000 16.863000
v -9.191000 -10.638000 19.425000
v -9.191000 -10.638000 20.230000
v -8.691000 -10.638000 18.274000
v -8.691000 -10.638000 20.638000
v -8.191000 -10.638000 17.823000
v -8.191000 -10.638000 20.986000
v -7.691000 -10.638000 17.662000
v -7.691000 -10.638000 21.185000
v -7.191000 -10.638000 17.337000
v -7.191000 -10.638000 21.504000
v -6.691000 -10.638000 16.971000
v -6.691000 -10.638000 21.657000
v -6.191000 -10.638000 16.645000
v -6.191000 -10.638000 21.748000
v -5.691000 -10.638000 16.284000
v -5.691000 -10.638000 21.659000
v -5.191000 -10.638000 15.118000
v -5.191000 -10.638000 21.416000
v -4.691000 -10.638000 12.034000
v -4.691000 -10.638000 20.958000
v -4.191000 -10.638000 11.768000
v -4.191000 -10.638000 20.331000
v -3.691000 -10.638000 11.819000
v -3.691000 -10.638000 19.574000
v -3.191000 -10.638000 11.935000
v -3.191000 -10.638000 19.042000
v -2.691000 -10.638000 12.086000
v -2.691000 -10.638000 18.560000
v -2.191000 -10.638000 12.216000
v -2.191000 -10.638000 17.800000
v -1.691000 -10.638000 12.339000
v -1.691000 -10.638000 16.900000
v -1.191000 -10.638000 12.603000
v -1.191000 -10.638000 16.293000
v -0.691000 -10.638000 12.977000
v -0.691000 -10.638000 15.766000
v -6.191000 -6.638000 15.792000
v -6.191000 -6.638000 16.898000
v -5.691000 -6.638000 15.294000
v -5.691000 -6.638000 17.411000
v -5.191000 -6.638000 15.150000
v -5.191000 -6.638000 17.760000
v -4.691000 -6.638000 15.009000
v -4.691000 -6.638000 18.839000
v -4.191000 -6.638000 14.979000
v -4.191000 -6.638000 19.798000
v -3.691000 -6.638000 15.092000
v -3.691000 -6.638000 20.137000
v -3.191000 -6.638000 15.409000
v -3.191000 -6.638000 20.233000
v -2.691000 -6.638000 15.885000
v -2.691000 -6.638000 20.216000
v -2.191000 -6.638000 16.300000
v -2.191000 -6.638000 20.253000
v -1.691000 -6.638000 16.621000
v -1.691000 -6.638000 20.250000
v -1.191000 -6.638000 16.805000
v -1.191000 -6.638000 20.242000
v -0.691000 -6.638000 17.072000
v -0.691000 -6.638000 20.145000
v -0.191000 -6.638000 17.469000
v -0.191000 -6.638000 19.803000
v -4.191000 -16.352000 9.627000
v -4.191000 -14.382000 9.627000
v -3.691000 -16.683000 9.627000
v -3.691000 -14.010000 9.627000
v -3.191000 -16.792000 9.627000
v -3.191000 -13.956000 9.627000
v -2.691000 -16.841000 9.627000
v -2.691000 -13.965000 9.627000
v -2.191000 -16.866000 9.627000
v -2.191000 -13.920000 9.627000
v -1.691000 -16.978000 9.627000
v -1.691000 -13.956000 9.627000
v -1.191000 -17.207000 9.627000
v -1.191000 -13.988000 9.627000
v -0.691000 -17.307000 9.627000
v -0.691000 -14.032000 9.627000
v -0.191000 -17.225000 9.627000
v -0.191000 -14.145000 9.627000
v 0.309000 -16.990000 9.627000
v 0.309000 -14.510000 9.627000
v 0.809000 -16.479000 9.627000
v 0.809000 -15.204000 9.627000
v -5.191000 -13.058000 13.627000
v -5.191000 -11.088000 13.627000
v -4.691000 -13.727000 13.627000
v -4.691000 -10.178000 13.627000
v -4.191000 -14.496000 13.627000
v -4.191000 -9.363000 13.627000
v -3.691000 -15.315000 13.627000
v -3.691000 -9.080000 13.627000
v -3.191000 -16.332000 13.627000
v -3.191000 -9.001000 13.627000
v -2.691000 -16.666000 13.627000
v -2.691000 -8.985000 13.627000
v -2.191000 -16.759000 13.627000
v -2.191000 -9.077000 13.627000
v -1.691000 -16.704000 13.627000
v -1.691000 -9.382000 13.627000
v -1.191000 -16.527000 13.627000
v -1.191000 -9.628000 13.627000
v -0.691000 -16.221000 13.627000
v -0.691000 -9.998000 13.627000
v -0.191000 -15.883000 13.627000
v -0.191000 -12.793000 13.627000
v 0.309000 -15.333000 13.627000
v 0.309000 -13.388000 13.627000
v -8.191000 -11.804000 17.627000
v -8.191000 -11.026000 17.627000
v -7.691000 -13.367000 17.627000
v -7.691000 -10.686000 17.627000
v -7.191000 -13.567000 17.627000
v -7.191000 -10.323000 17.627000
v -6.691000 -13.723000 17.627000
v -6.691000 -9.494000 17.627000
v -6.191000 -14.219000 17.627000
v -6.191000 -7.201000 17.627000
v -5.691000 -14.884000 17.627000
v -5.691000 -6.815000 17.627000
v -5.191000 -15.380000 17.627000
v -5.191000 -6.526000 17.627000
v -4.691000 -15.698000 17.627000
v -4.691000 -5.646000 17.627000
v -4.191000 -15.781000 17.627000
v -4.191000 -4.938000 17.627000
v -3.691000 -15.786000 17.627000
v -3.691000 -4.375000 17.627000
v -3.191000 -15.763000 17.627000
v -3.191000 -3.901000 17.627000
v -2.691000 -15.685000 17.627000
v -2.691000 -3.568000 17.627000
v -2.191000 -15.377000 17.627000
v -2.191000 -10.172000 17.627000
v -2.191000 -9.058000 17.627000
v -2.191000 -3.463000 17.627000
v -1.691000 -15.002000 17.627000
v -1.691000 -11.711000 17.627000
v -1.691000 -8.400000 17.627000
v -1.691000 -3.542000 17.627000
v -1.191000 -14.532000 17.627000
v -1.191000 -12.676000 17.627000
v -1.191000 -8.099000 17.627000
v -1.191000 -3.854000 17.627000
v -0.691000 -13.672000 17.627000
v -0.691000 -13.131000 17.627000
v -0.691000 -7.894000 17.627000
v -0.691000 -4.872000 17.627000
v -0.191000 -7.418000 17.627000
v -0.191000 -6.261000 17.627000
v 0.309000 -13.773000 17.627000
v 0.309000 -13.075000 17.627000
v 0.809000 -14.038000 17.627000
v 0.809000 -12.806000 17.627000
v 1.309000 -13.800000 17.627000
v 1.309000 -13.044000 17.627000
v -7.191000 -11.867000 21.627000
v -7.191000 -10.869000 21.627000
v -6.691000 -12.050000 21.627000
v -6.691000 -10.543000 21.627000
v -6.191000 -12.012000 21.627000
v -6.191000 -10.277000 21.627000
v -5.691000 -12.074000 21.627000
v -5.691000 -10.510000 21.627000
v -5.191000 -11.816000 21.627000
v -5.191000 -11.061000 21.627000
f 497 1655 1781
f 1781 1655 2125
f 2125 1655 2003
f 2003 498 2125
f 499 1299 1411
f 497 1781 1299
f 1299 1781 1411
f 1781 1653 1411
f 1653 211 1411
f 2125 2001 1653
f 2125 1653 1781
f 498 2337 2463
f 498 2463 212
f 2125 498 212
f 2001 2125 212
f 2337 500 2463
f 1413 501 1411
f 1411 501 499
f 1411 211 213
f 1411 213 1413
f 2465 214 212
f 2465 212 2463
f 2463 500 2465
f 2465 500 502
f 1415 503 1413
f 1413 503 501
f 1413 213 215
f 1413 215 1415
f 2467 216 214
f 2467 214 2465
f 2465 502 2467
f 2467 502 504
f 1415 1300 503
f 1791 505 1654
f 1654 505 215
f 505 1300 215
f 1300 1415 215
f 2002 2135 1791
f 2002 1791 1654
f 2467 2338 216
f 216 2338 2002
f 2338 506 2002
f 506 2135 2002
f 2467 504 2338
f 1791 1656 505
f 1656 1791 2004
f 2004 1791 2135
f 2135 506 2004
f 507 977 1095
f 1095 977 1443
f 1443 977 1331
f 1331 508 1443
f 1099 509 1095
f 1095 509 507
f 1095 1447 1099
f 1095 1443 1447
f 1443 508 1447
f 1447 508 510
f 1103 511 1099
f 1099 511 509
f 1099 1451 1103
f 1099 1447 1451
f 1447 510 1451
f 1451 510 512
f 1107 513 1103
f 1103 513 511
f 1103 1455 1107
f 1103 1451 1455
f 1451 512 1455
f 1455 512 514
f 515 629 759
f 513 1107 629
f 1107 759 629
f 1107 1111 759
f 1107 1459 1111
f 1107 1455 1459
f 1455 514 1459
f 1459 514 516
f 1408 1313 217
f 517 1671 1408
f 1671 1313 1408
f 1671 1669 1313
f 1671 2017 1669
f 2019 2017 1671
f 2019 2351 2017
f 2353 2351 2019
f 2353 13 2351
f 15 13 2353
f 218 13 425
f 13 301 425
f 13 15 301
f 515 759 301
f 759 425 301
f 759 763 425
f 759 1115 763
f 759 1111 1115
f 1111 1463 1115
f 1111 1459 1463
f 1459 516 1463
f 1463 516 518
f 1062 961 219
f 1315 1408 217
f 1315 217 961
f 519 1315 961
f 1062 519 961
f 517 1408 1315
f 427 220 218
f 427 218 425
f 425 765 427
f 425 763 765
f 763 1117 765
f 763 1115 1117
f 1115 1465 1117
f 1115 1463 1465
f 1463 518 1465
f 1465 518 520
f 1062 219 963
f 219 521 963
f 219 221 521
f 519 1062 963
f 429 222 220
f 429 220 427
f 522 429 630
f 429 765 630
f 429 427 765
f 630 765 978
f 978 765 1117
f 978 1117 1332
f 1332 1117 1465
f 1465 520 1332
f 523 619 717
f 223 717 619
f 521 223 619
f 221 223 521
f 431 224 222
f 431 222 429
f 429 522 431
f 431 522 524
f 719 525 717
f 717 525 523
f 717 223 225
f 717 225 719
f 433 226 224
f 433 224 431
f 431 524 433
f 433 524 526
f 617 227 719
f 227 525 719
f 227 527 525
f 719 225 617
f 435 228 226
f 435 226 433
f 433 526 435
f 435 526 528
f 529 227 229
f 529 527 227
f 437 230 228
f 437 228 435
f 435 528 437
f 437 528 530
f 531 229 231
f 531 529 229
f 230 437 302
f 532 230 302
f 232 230 532
f 437 530 302
f 620 531 728
f 531 233 728
f 531 231 233
f 533 620 728
f 16 534 144
f 144 234 16
f 234 532 16
f 234 232 532
f 618 728 233
f 964 533 1078
f 1078 533 235
f 533 728 235
f 728 618 235
f 535 964 1078
f 2354 536 2478
f 144 534 2354
f 144 2354 2478
f 14 144 2478
f 236 14 2478
f 234 144 14
f 962 1078 235
f 1078 962 535
f 962 1316 535
f 962 1314 1316
f 1670 1316 1314
f 1670 1672 1316
f 2018 1672 1670
f 2018 2020 1672
f 536 2020 2478
f 2020 2352 2478
f 2020 2018 2352
f 236 2478 2352
f 537 679 791
f 791 679 1143
f 1143 679 1023
f 1143 1023 1489
f 1489 1023 1375
f 1375 538 1489
f 539 61 167
f 167 61 459
f 459 61 349
f 537 791 349
f 791 459 349
f 791 793 459
f 791 1145 793
f 791 1143 1145
f 1143 1491 1145
f 1143 1489 1491
f 1747 1859 538
f 1859 1489 538
f 1859 1491 1489
f 1747 540 1859
f 760 643 237
f 1112 991 760
f 760 991 643
f 1460 1345 1112
f 1112 1345 991
f 541 1717 1460
f 1717 1345 1460
f 1717 1715 1345
f 1717 2063 1715
f 2065 2063 1717
f 2065 2397 2063
f 2399 2397 2065
f 2399 539 167
f 59 2399 167
f 2397 2399 59
f 459 347 59
f 459 59 167
f 793 677 347
f 793 347 459
f 1147 238 677
f 793 1147 677
f 1145 1147 793
f 1145 1493 1147
f 1145 1491 1493
f 1491 1861 1493
f 1491 1859 1861
f 1859 540 1861
f 1861 540 542
f 543 2369 239
f 239 2369 2367
f 2369 29 2367
f 31 29 2369
f 31 315 29
f 317 315 31
f 645 760 237
f 315 645 237
f 317 645 315
f 760 645 993
f 760 993 1112
f 1112 993 1347
f 1112 1347 1460
f 541 1460 1347
f 1149 240 238
f 1149 238 1147
f 1147 1495 1149
f 1147 1493 1495
f 544 1495 1748
f 1495 1861 1748
f 1495 1493 1861
f 1861 542 1748
f 545 2035 241
f 241 2035 2033
f 239 2033 2035
f 239 2035 543
f 1149 1021 240
f 1497 242 1021
f 1149 1497 1021
f 1495 1497 1149
f 1495 544 1497
f 1497 544 546
f 547 1687 243
f 243 1687 1685
f 241 1685 1687
f 241 1687 545
f 1022 1153 244
f 1497 1376 242
f 242 1376 1022
f 1376 548 1022
f 548 1153 1022
f 1497 546 1376
f 1414 1329 245
f 243 1329 1414
f 549 243 1414
f 547 243 549
f 1155 246 244
f 1155 244 1153
f 1153 548 1155
f 1155 548 550
f 247 1416 245
f 245 1416 1414
f 549 1414 1416
f 549 1416 551
f 246 1155 1024
f 552 246 1024
f 248 246 552
f 1155 550 1024
f 249 1418 247
f 247 1418 1416
f 551 1416 1418
f 551 1418 553
f 680 554 250
f 680 250 678
f 678 248 680
f 680 248 552
f 251 1420 249
f 249 1420 1418
f 553 1418 1420
f 553 1420 555
f 250 556 252
f 554 556 250
f 1330 1420 251
f 555 1420 1330
f 253 555 1330
f 557 555 253
f 350 558 254
f 350 254 348
f 348 252 350
f 350 252 556
f 559 253 255
f 559 557 253
f 1346 1479 256
f 1718 560 1479
f 1346 1718 1479
f 1716 1718 1346
f 2064 1718 1716
f 2064 2066 1718
f 2398 2066 2064
f 2398 2400 2066
f 60 2400 2398
f 60 62 2400
f 60 254 62
f 62 254 558
f 255 1686 559
f 559 1686 1688
f 561 1688 1686
f 561 1686 257
f 644 781 258
f 994 562 781
f 644 994 781
f 992 994 644
f 1479 1348 256
f 1348 992 256
f 1348 994 992
f 1479 560 1348
f 257 2034 561
f 561 2034 2036
f 2368 2481 563
f 2036 2368 563
f 2034 2368 2036
f 30 149 2481
f 30 2481 2368
f 316 445 149
f 316 149 30
f 781 646 258
f 258 646 316
f 646 564 316
f 564 445 316
f 781 562 646
f 2481 2370 563
f 2370 2481 32
f 32 2481 149
f 32 149 318
f 318 149 445
f 445 564 318
f 565 663 729
f 729 663 1081
f 1081 663 1009
f 1081 1009 1429
f 1429 1009 1363
f 1363 566 1429
f 731 567 729
f 729 567 565
f 1081 1007 259
f 731 1081 259
f 729 1081 731
f 1429 1361 1007
f 1429 1007 1081
f 566 1733 1805
f 566 1805 260
f 1429 566 260
f 1361 1429 260
f 1733 568 1805
f 569 335 397
f 567 731 335
f 335 731 397
f 731 661 397
f 661 261 397
f 731 259 661
f 1805 1731 260
f 1731 1805 568
f 2081 1731 568
f 2079 1731 2081
f 262 2079 2487
f 2079 2415 2487
f 2079 2081 2415
f 2415 570 2487
f 399 571 397
f 397 571 569
f 397 261 263
f 397 263 399
f 2487 2413 262
f 570 77 155
f 570 155 264
f 2487 570 264
f 2413 2487 264
f 77 572 155
f 573 47 111
f 571 399 47
f 47 399 111
f 399 333 111
f 333 265 111
f 399 263 333
f 157 266 264
f 157 264 155
f 155 572 157
f 157 572 574
f 113 575 111
f 111 575 573
f 111 265 267
f 111 267 113
f 157 75 266
f 574 365 451
f 574 451 268
f 157 574 268
f 75 157 268
f 365 576 451
f 45 269 113
f 269 575 113
f 269 577 575
f 113 267 45
f 451 363 268
f 451 576 363
f 576 270 363
f 576 578 270
f 579 269 271
f 579 577 269
f 693 270 578
f 693 578 695
f 1142 1037 580
f 1037 695 580
f 1037 693 695
f 1488 1389 1142
f 1142 1389 1037
f 1488 272 1389
f 581 2385 273
f 273 2385 2383
f 271 2383 2385
f 271 2385 579
f 1039 1142 580
f 1142 1039 1391
f 1142 1391 1488
f 582 1858 1761
f 582 1761 272
f 1391 582 272
f 1488 1391 272
f 1858 274 1761
f 2118 2049 275
f 273 2049 2118
f 583 273 2118
f 581 273 583
f 1763 1858 582
f 584 2200 2107
f 584 2107 274
f 1763 584 274
f 1858 1763 274
f 2200 276 2107
f 2118 275 2051
f 275 585 2051
f 275 277 585
f 583 2118 2051
f 2109 2200 584
f 2441 276 2200
f 2109 2441 2200
f 2443 2441 2109
f 2443 586 2441
f 2441 586 278
f 1780 1701 279
f 277 1701 1780
f 587 277 1780
f 585 277 587
f 101 278 586
f 101 586 103
f 103 385 101
f 387 385 103
f 812 709 588
f 709 387 588
f 709 385 387
f 812 280 709
f 281 1784 279
f 279 1784 1780
f 587 1780 1784
f 587 1784 589
f 711 812 588
f 590 1160 1053
f 590 1053 280
f 711 590 280
f 812 711 280
f 1160 282 1053
f 283 1786 281
f 281 1786 1784
f 589 1784 1786
f 589 1786 591
f 1734 592 1842
f 593 1734 1842
f 1055 1160 590
f 594 1512 1403
f 594 1403 282
f 1055 594 282
f 1160 1055 282
f 1512 284 1403
f 1702 1786 283
f 2052 591 2132
f 2132 591 285
f 591 1786 285
f 1786 1702 285
f 595 2052 2132
f 1364 596 1470
f 1842 592 1364
f 1470 1842 1364
f 1844 1842 1470
f 2186 2082 593
f 1842 2186 593
f 1844 2186 1842
f 2082 2186 2512
f 2082 2512 2416
f 597 2416 2512
f 1405 1512 594
f 598 1882 1773
f 598 1773 284
f 1405 598 284
f 1512 1405 284
f 1882 286 1773
f 2050 2132 285
f 2386 595 2468
f 2468 595 287
f 595 2132 287
f 2132 2050 287
f 599 2386 2468
f 664 600 772
f 664 772 1124
f 664 1124 1010
f 1470 596 1010
f 1124 1470 1010
f 1472 1470 1124
f 1732 1844 288
f 1844 1472 288
f 1844 1470 1472
f 2080 2186 1732
f 1732 2186 1844
f 2414 2512 2080
f 2080 2512 2186
f 2512 2414 597
f 2414 78 597
f 2414 76 78
f 364 78 76
f 364 366 78
f 694 366 364
f 694 696 366
f 601 696 694
f 601 694 289
f 602 1884 1882
f 602 1882 598
f 286 1882 290
f 290 1882 1884
f 2384 2468 287
f 48 599 138
f 138 599 291
f 599 2468 291
f 2468 2384 291
f 48 138 436
f 48 436 336
f 772 600 336
f 436 772 336
f 774 772 436
f 1008 1124 292
f 1124 774 292
f 1124 772 774
f 1362 1472 1008
f 1008 1472 1124
f 288 1472 1362
f 289 1038 601
f 601 1038 1040
f 603 1040 1038
f 603 1038 293
f 604 1886 1884
f 604 1884 602
f 290 1884 294
f 294 1884 1886
f 46 138 291
f 334 436 46
f 46 436 138
f 662 774 334
f 334 774 436
f 292 774 662
f 605 293 295
f 605 603 293
f 1406 606 1520
f 1886 604 1406
f 1886 1406 1520
f 1774 1886 1520
f 296 1774 1520
f 294 1886 1774
f 1509 607 1390
f 607 295 1390
f 607 605 295
f 297 1509 1390
f 1056 608 298
f 1056 298 1054
f 606 1056 1520
f 1056 1404 1520
f 1056 1054 1404
f 296 1520 1404
f 1509 1392 607
f 609 1392 1509
f 297 609 1509
f 299 609 297
f 388 610 300
f 388 300 386
f 710 388 386
f 710 712 388
f 710 298 712
f 712 298 608
f 299 1762 609
f 609 1762 1764
f 2108 1764 1762
f 2108 2110 1764
f 2442 2110 2108
f 2442 2444 2110
f 102 2444 2442
f 102 104 2444
f 102 300 104
f 104 300 610
f 827 1657 1777
f 1777 1657 2121
f 2121 1657 2005
f 2005 828 2121
f 829 1301 1409
f 827 1777 1301
f 1301 1777 1409
f 1777 1655 1409
f 1655 497 1409
f 2121 2003 1655
f 2121 1655 1777
f 828 2339 2461
f 828 2461 498
f 2121 828 498
f 2003 2121 498
f 2339 830 2461
f 1299 499 1409
f 499 829 1409
f 499 831 829
f 1409 497 1299
f 2461 2337 498
f 830 1 131
f 830 131 500
f 2461 830 500
f 2337 2461 500
f 1 832 131
f 833 947 1065
f 501 1065 947
f 831 501 947
f 499 501 831
f 133 502 500
f 133 500 131
f 131 832 133
f 133 832 834
f 1067 835 1065
f 1065 835 833
f 1065 501 503
f 1065 503 1067
f 135 504 502
f 135 502 133
f 133 834 135
f 135 834 836
f 1067 948 835
f 1417 837 1300
f 1300 837 503
f 837 948 503
f 948 1067 503
f 505 1417 1300
f 2338 2469 506
f 135 2 504
f 504 2 2338
f 2 838 2338
f 838 2469 2338
f 135 836 2
f 1417 1302 837
f 1793 839 1656
f 1656 839 505
f 839 1302 505
f 1302 1417 505
f 2004 2137 1793
f 2004 1793 1656
f 2469 2340 506
f 506 2340 2004
f 2340 840 2004
f 840 2137 2004
f 2469 838 2340
f 1793 1658 839
f 1658 1793 2006
f 2006 1793 2137
f 2137 840 2006
f 841 979 1091
f 1091 979 1439
f 1439 979 1333
f 1333 842 1439
f 843 631 743
f 841 1091 631
f 631 1091 743
f 1091 977 743
f 977 507 743
f 1439 1331 977
f 1439 977 1091
f 842 1703 1817
f 842 1817 508
f 1439 842 508
f 1331 1439 508
f 1703 844 1817
f 747 845 743
f 743 845 843
f 743 507 509
f 743 509 747
f 1821 510 508
f 1821 508 1817
f 1817 844 1821
f 1821 844 846
f 751 847 747
f 747 847 845
f 747 509 511
f 747 511 751
f 1825 512 510
f 1825 510 1821
f 1821 846 1825
f 1825 846 848
f 755 849 751
f 751 849 847
f 751 511 513
f 751 513 755
f 1829 514 512
f 1829 512 1825
f 1825 848 1829
f 1829 848 850
f 851 303 421
f 849 755 303
f 303 755 421
f 755 629 421
f 629 515 421
f 755 513 629
f 1833 516 514
f 1833 514 1829
f 1829 850 1833
f 1833 850 852
f 1778 1671 517
f 2122 2019 1778
f 1778 2019 1671
f 2458 2353 2122
f 2122 2353 2019
f 853 17 2458
f 17 2353 2458
f 17 15 2353
f 17 851 421
f 301 17 421
f 15 17 301
f 421 515 301
f 1837 518 516
f 1837 516 1833
f 1833 852 1837
f 1837 852 854
f 855 1317 519
f 519 1317 1315
f 1673 1778 517
f 1315 1673 517
f 1317 1673 1315
f 1778 1673 2021
f 1778 2021 2122
f 2122 2021 2355
f 2122 2355 2458
f 853 2458 2355
f 1839 520 518
f 1839 518 1837
f 1837 854 1839
f 1839 854 856
f 857 965 521
f 521 965 963
f 519 963 965
f 519 965 855
f 630 767 522
f 978 1119 767
f 978 767 630
f 1332 1467 1119
f 1332 1119 978
f 1839 1704 520
f 520 1704 1332
f 1704 858 1332
f 858 1467 1332
f 1839 856 1704
f 859 621 523
f 523 621 619
f 521 619 621
f 521 621 857
f 769 524 522
f 769 522 767
f 860 769 980
f 769 1119 980
f 769 767 1119
f 980 1119 1334
f 1334 1119 1467
f 1467 858 1334
f 861 523 525
f 861 859 523
f 524 769 632
f 862 524 632
f 526 524 862
f 769 860 632
f 863 525 527
f 863 861 525
f 526 864 528
f 862 864 526
f 865 527 529
f 865 863 527
f 528 866 530
f 864 866 528
f 622 865 726
f 865 531 726
f 865 529 531
f 867 622 726
f 304 868 532
f 304 532 302
f 302 530 304
f 304 530 866
f 620 726 531
f 867 726 620
f 533 867 620
f 869 867 533
f 18 870 534
f 18 534 16
f 16 532 18
f 18 532 868
f 533 964 869
f 869 964 966
f 964 535 1426
f 1318 964 1426
f 966 964 1318
f 1318 1426 1800
f 1318 1800 1674
f 1674 1800 2144
f 1674 2144 2022
f 2022 2144 536
f 2354 2022 536
f 2356 2022 2354
f 2354 534 2356
f 2356 534 870
f 1316 1426 535
f 1672 1800 1316
f 1316 1800 1426
f 2020 2144 1672
f 1672 2144 1800
f 536 2144 2020
f 871 681 789
f 789 681 1141
f 1141 681 1025
f 1141 1025 1487
f 1487 1025 1377
f 1377 872 1487
f 873 351 457
f 871 789 351
f 351 789 457
f 789 679 457
f 679 537 457
f 1141 1023 679
f 1141 679 789
f 1487 1375 1023
f 1487 1023 1141
f 872 1749 1857
f 872 1857 538
f 1487 872 538
f 1375 1487 538
f 1857 1749 2197
f 2197 1749 2095
f 2095 874 2197
f 875 2401 2501
f 2501 2401 539
f 2401 61 539
f 2401 63 61
f 63 873 457
f 349 63 457
f 61 63 349
f 457 537 349
f 1857 1747 538
f 2199 540 1747
f 1857 2199 1747
f 2197 2199 1857
f 2197 874 2199
f 2199 874 876
f 1834 1717 541
f 877 2067 1834
f 2067 1717 1834
f 2067 2065 1717
f 2067 875 2501
f 2399 2067 2501
f 2065 2067 2399
f 2501 539 2399
f 2201 542 540
f 2201 540 2199
f 2429 2527 876
f 2527 2199 876
f 2527 2201 2199
f 2429 878 2527
f 879 2371 543
f 543 2371 2369
f 2371 31 2369
f 33 31 2371
f 33 317 31
f 319 317 33
f 319 645 317
f 647 645 319
f 647 993 645
f 995 993 647
f 995 1347 993
f 1349 1347 995
f 1719 1834 541
f 1347 1719 541
f 1349 1719 1347
f 877 1834 1719
f 1748 1863 544
f 1863 1748 542
f 2201 1863 542
f 2203 1863 2201
f 2201 2529 2203
f 2201 2527 2529
f 89 193 878
f 193 2527 878
f 193 2529 2527
f 89 880 193
f 881 2037 545
f 545 2037 2035
f 543 2035 2037
f 543 2037 879
f 1865 546 544
f 1865 544 1863
f 1863 2205 1865
f 1863 2203 2205
f 2203 2531 2205
f 2203 2529 2531
f 2529 195 2531
f 2529 193 195
f 193 880 195
f 195 880 882
f 883 1689 547
f 547 1689 1687
f 545 1687 1689
f 545 1689 881
f 1376 1499 548
f 1865 1750 546
f 546 1750 1376
f 1750 884 1376
f 884 1499 1376
f 1750 1865 2096
f 2096 1865 2205
f 2096 2205 2430
f 2430 2205 2531
f 2430 2531 90
f 90 2531 195
f 195 882 90
f 885 547 549
f 885 883 547
f 1501 550 548
f 1501 548 1499
f 1499 884 1501
f 1501 884 886
f 887 549 551
f 887 885 549
f 1024 1157 552
f 1501 1378 550
f 550 1378 1024
f 1378 888 1024
f 888 1157 1024
f 1501 886 1378
f 889 551 553
f 889 887 551
f 680 807 554
f 1157 1026 552
f 552 1026 680
f 1026 890 680
f 890 807 680
f 1157 888 1026
f 1690 889 1794
f 889 555 1794
f 889 553 555
f 891 1690 1794
f 554 807 682
f 892 554 682
f 556 554 892
f 807 890 682
f 557 1796 555
f 555 1796 1794
f 891 1794 1796
f 891 1796 893
f 352 894 558
f 352 558 350
f 350 556 352
f 352 556 892
f 559 1798 557
f 557 1798 1796
f 893 1796 1798
f 893 1798 895
f 1718 1853 560
f 2068 896 1853
f 1718 2068 1853
f 2066 2068 1718
f 2400 2068 2066
f 2400 2402 2068
f 62 2402 2400
f 62 64 2402
f 62 558 64
f 64 558 894
f 1688 1798 559
f 895 1798 1688
f 561 895 1688
f 897 895 561
f 994 1133 562
f 1350 898 1133
f 994 1350 1133
f 1348 1350 994
f 1853 1720 560
f 1720 1348 560
f 1720 1350 1348
f 1853 896 1720
f 561 2036 897
f 897 2036 2038
f 899 2038 2036
f 899 2036 563
f 646 783 564
f 1133 996 562
f 562 996 646
f 996 900 646
f 900 783 646
f 1133 898 996
f 563 2370 899
f 899 2370 2372
f 32 2372 2370
f 32 34 2372
f 318 447 901
f 34 318 901
f 32 318 34
f 447 318 564
f 783 447 564
f 785 447 783
f 783 900 785
f 785 900 902
f 447 320 901
f 320 447 648
f 648 447 785
f 785 902 648
f 903 665 565
f 565 665 663
f 665 1009 663
f 1011 1009 665
f 1011 1363 1009
f 1365 1363 1011
f 566 1363 1803
f 1363 1735 1803
f 1363 1365 1735
f 1735 904 1803
f 905 337 395
f 567 395 337
f 903 567 337
f 565 567 903
f 1803 1733 566
f 904 2083 2151
f 904 2151 568
f 1803 904 568
f 1733 1803 568
f 2083 906 2151
f 335 569 395
f 569 905 395
f 569 907 905
f 395 567 335
f 2151 2081 568
f 2081 2151 906
f 2417 2081 906
f 2415 2081 2417
f 2417 908 2415
f 2415 908 570
f 909 569 571
f 909 907 569
f 77 570 908
f 77 908 79
f 79 910 77
f 77 910 572
f 112 47 573
f 571 47 112
f 911 571 112
f 909 571 911
f 572 912 574
f 910 912 572
f 112 573 49
f 573 913 49
f 573 575 913
f 911 112 49
f 365 574 912
f 365 912 367
f 367 914 365
f 365 914 576
f 915 575 577
f 915 913 575
f 576 916 578
f 914 916 576
f 917 577 579
f 917 915 577
f 695 578 916
f 695 916 697
f 697 918 695
f 695 918 580
f 2452 2385 581
f 579 2385 2452
f 919 579 2452
f 917 579 919
f 920 1144 1039
f 580 920 1039
f 918 920 580
f 1490 1391 1144
f 1144 1391 1039
f 1490 582 1391
f 2452 581 2387
f 581 921 2387
f 581 583 921
f 919 2452 2387
f 1041 1144 920
f 1144 1041 1393
f 1144 1393 1490
f 922 1860 1763
f 922 1763 582
f 1393 922 582
f 1490 1393 582
f 1860 584 1763
f 2120 2051 585
f 583 2051 2120
f 923 583 2120
f 921 583 923
f 1765 1860 922
f 2109 584 1860
f 1765 2109 1860
f 2111 2109 1765
f 2528 2443 924
f 2443 2111 924
f 2443 2109 2111
f 2528 586 2443
f 587 2124 585
f 585 2124 2120
f 923 2120 2124
f 923 2124 925
f 2445 2528 924
f 103 586 2528
f 2445 103 2528
f 105 103 2445
f 105 387 103
f 389 387 105
f 389 926 387
f 387 926 588
f 589 2128 587
f 587 2128 2124
f 925 2124 2128
f 925 2128 927
f 1736 928 1840
f 929 1736 1840
f 711 588 926
f 711 926 713
f 713 930 711
f 711 930 590
f 591 2130 589
f 589 2130 2128
f 927 2128 2130
f 927 2130 931
f 1012 932 1120
f 1012 1120 1468
f 1012 1468 1366
f 1840 928 1366
f 1840 1366 1468
f 1734 1840 1468
f 592 1734 1468
f 2084 929 2184
f 2184 929 593
f 929 1840 593
f 1840 1734 593
f 2084 2184 2510
f 2084 2510 2418
f 933 2418 2510
f 1055 590 930
f 1055 930 1057
f 1057 934 1055
f 1055 934 594
f 2052 2130 591
f 2388 931 2466
f 2466 931 595
f 931 2130 595
f 2130 2052 595
f 2388 2466 134
f 2388 134 50
f 50 134 432
f 50 432 338
f 338 432 770
f 338 770 666
f 1120 932 666
f 770 1120 666
f 1122 1120 770
f 1364 1468 596
f 1468 1122 596
f 1468 1120 1122
f 592 1468 1364
f 2082 2184 593
f 2416 2510 2082
f 2082 2510 2184
f 80 933 178
f 178 933 597
f 933 2510 597
f 2510 2416 597
f 935 80 178
f 936 1514 1405
f 594 936 1405
f 934 936 594
f 1514 598 1405
f 2386 2466 595
f 599 136 2386
f 136 2466 2386
f 136 134 2466
f 434 134 136
f 432 134 434
f 664 770 600
f 770 434 600
f 770 432 434
f 1010 1122 664
f 664 1122 770
f 596 1122 1010
f 78 178 597
f 178 78 935
f 78 368 935
f 78 366 368
f 696 368 366
f 696 698 368
f 937 698 696
f 937 696 601
f 938 1516 1514
f 938 1514 936
f 598 1514 602
f 602 1514 1516
f 48 136 599
f 336 434 48
f 48 434 136
f 600 434 336
f 601 1040 937
f 937 1040 1042
f 939 1042 1040
f 939 1040 603
f 940 1518 1516
f 940 1516 938
f 602 1516 604
f 604 1516 1518
f 941 603 605
f 941 939 603
f 1058 942 1170
f 1518 940 1058
f 1518 1058 1170
f 1406 1518 1170
f 606 1406 1170
f 604 1518 1406
f 1394 941 1510
f 941 607 1510
f 941 605 607
f 943 1394 1510
f 714 944 826
f 1170 942 714
f 1170 714 826
f 1056 1170 826
f 608 1056 826
f 606 1170 1056
f 1392 1510 607
f 943 1510 1392
f 609 943 1392
f 945 943 609
f 390 946 610
f 390 610 388
f 944 390 826
f 390 712 826
f 390 388 712
f 608 826 712
f 609 1764 945
f 945 1764 1766
f 2110 1766 1764
f 2110 2112 1766
f 2444 2112 2110
f 2444 2446 2112
f 104 2446 2444
f 104 106 2446
f 104 610 106
f 106 610 946
f 1171 1303 1407
f 1407 1303 827
f 1303 1657 827
f 1303 1659 1657
f 1659 2005 1657
f 2007 2005 1659
f 828 2005 2457
f 2005 2341 2457
f 2005 2007 2341
f 2341 1172 2457
f 1301 829 1407
f 829 1171 1407
f 829 1173 1171
f 1407 827 1301
f 2457 2339 828
f 1172 3 129
f 1172 129 830
f 2457 1172 830
f 2339 2457 830
f 3 1174 129
f 1175 949 1063
f 831 1063 949
f 1173 831 949
f 829 831 1173
f 129 1 830
f 129 1174 1
f 1174 832 1
f 1174 1176 832
f 947 833 1063
f 833 1175 1063
f 833 1177 1175
f 1063 831 947
f 832 1178 834
f 1176 1178 832
f 1179 833 835
f 1179 1177 833
f 834 1180 836
f 1178 1180 834
f 835 948 1179
f 1179 948 950
f 1181 950 948
f 1181 948 837
f 4 1182 838
f 4 838 2
f 2 836 4
f 4 836 1180
f 1419 1183 1302
f 1183 837 1302
f 1183 1181 837
f 839 1419 1302
f 2342 1184 840
f 2342 840 2340
f 2340 838 2342
f 2342 838 1182
f 1421 1185 1419
f 1419 1185 1183
f 1419 839 1658
f 1795 1419 1658
f 1421 1419 1795
f 2006 2139 1795
f 2006 1795 1658
f 2006 840 2139
f 840 1186 2139
f 840 1184 1186
f 1423 1187 1421
f 1421 1187 1185
f 1421 1797 1423
f 1421 1795 1797
f 1188 1797 2008
f 1797 2139 2008
f 1797 1795 2139
f 2139 1186 2008
f 1425 1189 1423
f 1423 1189 1187
f 1423 1799 1425
f 1423 1797 1799
f 1797 1188 1799
f 1799 1188 1190
f 1425 1304 1189
f 1304 1425 1660
f 1660 1425 1799
f 1799 1190 1660
f 1191 633 739
f 739 633 841
f 633 979 841
f 633 981 979
f 981 1333 979
f 1335 1333 981
f 842 1333 1813
f 1333 1705 1813
f 1333 1335 1705
f 1705 1192 1813
f 1193 305 405
f 1191 739 305
f 305 739 405
f 739 631 405
f 631 843 405
f 739 841 631
f 1813 1703 842
f 1192 2053 2161
f 1192 2161 844
f 1813 1192 844
f 1703 1813 844
f 2053 1194 2161
f 409 1195 405
f 405 1195 1193
f 405 843 845
f 405 845 409
f 2165 846 844
f 2165 844 2161
f 2161 1194 2165
f 2165 1194 1196
f 413 1197 409
f 409 1197 1195
f 409 845 847
f 409 847 413
f 2169 848 846
f 2169 846 2165
f 2165 1196 2169
f 2169 1196 1198
f 417 1199 413
f 413 1199 1197
f 413 847 849
f 413 849 417
f 2173 850 848
f 2173 848 2169
f 2169 1198 2173
f 2173 1198 1200
f 303 851 417
f 851 1199 417
f 851 1201 1199
f 417 849 303
f 2177 852 850
f 2177 850 2173
f 2173 1200 2177
f 2177 1200 1202
f 126 17 853
f 851 17 126
f 1203 851 126
f 1201 851 1203
f 2179 854 852
f 2179 852 2177
f 2177 1202 2179
f 2179 1202 1204
f 1410 1317 855
f 1782 1673 1410
f 1410 1673 1317
f 2126 2021 1782
f 1782 2021 1673
f 1205 2357 2126
f 2357 2021 2126
f 2357 2355 2021
f 19 126 853
f 2355 19 853
f 2357 19 2355
f 1203 126 19
f 2181 856 854
f 2181 854 2179
f 2179 1204 2181
f 2181 1204 1206
f 1207 967 857
f 857 967 965
f 1319 1410 855
f 965 1319 855
f 967 1319 965
f 1410 1319 1675
f 1410 1675 1782
f 1782 1675 2023
f 1782 2023 2126
f 1205 2126 2023
f 1704 1841 858
f 2181 2054 856
f 856 2054 1704
f 2054 1208 1704
f 1208 1841 1704
f 2181 1206 2054
f 1209 623 859
f 859 623 621
f 857 621 623
f 857 623 1207
f 980 1121 860
f 1334 1469 1121
f 1334 1121 980
f 1841 1706 858
f 858 1706 1334
f 1706 1210 1334
f 1210 1469 1334
f 1841 1208 1706
f 1211 859 861
f 1211 1209 859
f 632 771 862
f 1121 982 860
f 860 982 632
f 982 1212 632
f 1212 771 632
f 982 1121 1336
f 1336 1121 1469
f 1469 1210 1336
f 1213 861 863
f 1213 1211 861
f 862 771 634
f 1214 862 634
f 864 862 1214
f 771 1212 634
f 1215 863 865
f 1215 1213 863
f 864 1216 866
f 1214 1216 864
f 865 622 1215
f 1215 622 624
f 1217 624 622
f 1217 622 867
f 306 1218 868
f 306 868 304
f 304 866 306
f 306 866 1216
f 968 1217 1076
f 1217 869 1076
f 1217 867 869
f 1219 968 1076
f 20 1220 870
f 20 870 18
f 18 868 20
f 20 868 1218
f 966 1076 869
f 1076 966 1219
f 966 1320 1219
f 966 1318 1320
f 1674 1320 1318
f 1674 1676 1320
f 2022 1676 1674
f 2022 2024 1676
f 2356 2024 2022
f 2356 2358 2024
f 2356 870 2358
f 2358 870 1220
f 1221 353 455
f 455 353 871
f 353 681 871
f 353 683 681
f 683 1025 681
f 1027 1025 683
f 1027 1377 1025
f 1379 1377 1027
f 872 1377 1855
f 1377 1751 1855
f 1377 1379 1751
f 1855 1751 2195
f 2195 1751 2097
f 2097 1222 2195
f 1223 65 165
f 1221 455 65
f 65 455 165
f 455 351 165
f 351 873 165
f 455 871 351
f 1855 1749 872
f 2195 2095 1749
f 2195 1749 1855
f 1222 2431 2523
f 1222 2523 874
f 2195 1222 874
f 2095 2195 874
f 2431 1224 2523
f 1225 2403 875
f 875 2403 2401
f 2403 1223 165
f 63 2403 165
f 2401 2403 63
f 165 873 63
f 2525 876 874
f 2525 874 2523
f 91 189 1224
f 189 2523 1224
f 189 2525 2523
f 91 1226 189
f 1227 35 123
f 123 35 423
f 423 35 321
f 423 321 761
f 761 321 649
f 649 1228 761
f 1229 2069 877
f 877 2069 2067
f 875 2067 2069
f 875 2069 1225
f 2525 2429 876
f 191 878 2429
f 2525 191 2429
f 189 191 2525
f 375 479 1226
f 479 189 1226
f 479 191 189
f 375 1230 479
f 1231 2373 879
f 879 2373 2371
f 2373 1227 123
f 33 2373 123
f 2371 2373 33
f 423 319 33
f 423 33 123
f 761 647 319
f 761 319 423
f 647 761 1228
f 997 647 1228
f 995 647 997
f 997 1349 995
f 1351 1349 997
f 1351 1719 1349
f 1721 1719 1351
f 877 1719 1721
f 877 1721 1229
f 191 89 878
f 481 880 89
f 191 481 89
f 479 481 191
f 479 1230 481
f 481 1230 1232
f 1233 2039 881
f 881 2039 2037
f 879 2037 2039
f 879 2039 1231
f 483 882 880
f 483 880 481
f 481 1232 483
f 483 1232 1234
f 1235 1691 883
f 883 1691 1689
f 881 1689 1691
f 881 1691 1233
f 1750 1867 884
f 2096 2207 1867
f 2096 1867 1750
f 2430 2533 2207
f 2430 2207 2096
f 90 197 2533
f 90 2533 2430
f 483 376 882
f 882 376 90
f 376 1236 90
f 1236 197 90
f 483 1234 376
f 1237 883 885
f 1237 1235 883
f 884 1867 1752
f 1238 884 1752
f 886 884 1238
f 1752 1867 2098
f 2098 1867 2207
f 2098 2207 2432
f 2432 2207 2533
f 2432 2533 92
f 92 2533 197
f 197 1236 92
f 1692 1237 1790
f 1237 887 1790
f 1237 885 887
f 1239 1692 1790
f 1380 1240 888
f 1380 888 1378
f 1378 886 1380
f 1380 886 1238
f 889 1792 887
f 887 1792 1790
f 1239 1790 1792
f 1239 1792 1241
f 1028 1242 890
f 1028 890 1026
f 1026 888 1028
f 1028 888 1240
f 1690 1792 889
f 1241 1792 1690
f 891 1241 1690
f 1243 1241 891
f 354 1244 476
f 354 476 892
f 682 354 892
f 684 354 682
f 682 890 684
f 684 890 1242
f 1245 891 893
f 1245 1243 891
f 66 1246 186
f 476 1244 66
f 476 66 186
f 352 476 186
f 894 352 186
f 892 476 352
f 1247 893 895
f 1247 1245 893
f 2070 1248 896
f 2070 896 2068
f 2402 2070 2068
f 2402 2404 2070
f 1246 2404 186
f 2404 64 186
f 2404 2402 64
f 894 186 64
f 1249 895 897
f 1249 1247 895
f 1350 1481 898
f 1722 1250 1481
f 1350 1722 1481
f 1720 1722 1350
f 1720 896 1722
f 1722 896 1248
f 897 2038 1249
f 1249 2038 2040
f 1251 2040 2038
f 1251 2038 899
f 996 1135 900
f 1481 1352 898
f 898 1352 996
f 1352 1252 996
f 1252 1135 996
f 1481 1250 1352
f 899 2372 1251
f 1251 2372 2374
f 34 151 1253
f 2374 34 1253
f 2372 34 2374
f 901 151 34
f 1137 902 900
f 1137 900 1135
f 1135 1252 1137
f 1137 1252 1254
f 151 36 1253
f 449 1255 320
f 320 1255 901
f 1255 36 901
f 36 151 901
f 648 787 449
f 648 449 320
f 1137 998 902
f 902 998 648
f 998 1256 648
f 1256 787 648
f 1137 1254 998
f 449 322 1255
f 322 449 650
f 650 449 787
f 787 1256 650
f 1257 667 903
f 903 667 665
f 667 1011 665
f 1013 1011 667
f 1013 1365 1011
f 1367 1365 1013
f 1367 1735 1365
f 1737 1735 1367
f 904 1735 2149
f 1735 2085 2149
f 1735 1737 2085
f 2085 1258 2149
f 1259 339 905
f 905 339 337
f 903 337 339
f 903 339 1257
f 2149 2083 904
f 1258 2419 2485
f 1258 2485 906
f 2149 1258 906
f 2083 2149 906
f 2419 1260 2485
f 1261 905 907
f 1261 1259 905
f 2485 2417 906
f 2485 1260 2417
f 1260 908 2417
f 1260 1262 908
f 1263 907 909
f 1263 1261 907
f 79 908 1262
f 79 1262 81
f 81 1264 79
f 79 1264 910
f 1265 909 911
f 1265 1263 909
f 910 1266 912
f 1264 1266 910
f 114 49 913
f 911 49 114
f 1267 911 114
f 1265 911 1267
f 367 912 1266
f 367 1266 369
f 369 1268 367
f 367 1268 914
f 915 116 913
f 913 116 114
f 1267 114 116
f 1267 116 1269
f 914 1270 916
f 1268 1270 914
f 917 118 915
f 915 118 116
f 1269 116 118
f 1269 118 1271
f 1272 790 697
f 916 1272 697
f 1270 1272 916
f 790 918 697
f 118 917 51
f 917 1273 51
f 917 919 1273
f 1271 118 51
f 699 790 1272
f 699 1274 790
f 1274 918 790
f 1274 920 918
f 2454 2387 921
f 919 2387 2454
f 1275 919 2454
f 1273 919 1275
f 1276 1146 1041
f 920 1276 1041
f 1274 1276 920
f 1492 1393 1146
f 1146 1393 1041
f 1492 922 1393
f 923 2456 921
f 921 2456 2454
f 1275 2454 2456
f 1275 2456 1277
f 1043 1146 1276
f 1146 1043 1395
f 1146 1395 1492
f 1278 1862 1765
f 1278 1765 922
f 1395 1278 922
f 1492 1395 922
f 2202 2111 1862
f 1862 2111 1765
f 2202 924 2111
f 925 2460 923
f 923 2460 2456
f 1277 2456 2460
f 1277 2460 1279
f 1767 1862 1278
f 1862 1767 2113
f 1862 2113 2202
f 2445 924 2202
f 2113 2445 2202
f 2447 2445 2113
f 2447 105 2445
f 107 105 2447
f 482 389 1280
f 389 107 1280
f 389 105 107
f 482 926 389
f 927 2462 925
f 925 2462 2460
f 1279 2460 2462
f 1279 2462 1281
f 1368 1282 1466
f 1368 1466 928
f 1736 1368 928
f 1738 1368 1736
f 1736 929 2182
f 2086 1736 2182
f 1738 1736 2086
f 2086 2182 2508
f 2086 2508 2420
f 1283 2420 2508
f 391 482 1280
f 1284 814 713
f 1284 713 926
f 391 1284 926
f 482 391 926
f 814 930 713
f 931 2464 927
f 927 2464 2462
f 132 52 1281
f 2462 132 1281
f 2464 132 2462
f 52 132 430
f 52 430 340
f 340 430 768
f 340 768 668
f 668 768 932
f 1012 668 932
f 1014 668 1012
f 1282 1014 1466
f 1014 1366 1466
f 1014 1012 1366
f 928 1466 1366
f 2084 2182 929
f 2418 2508 2084
f 2084 2508 2182
f 82 1283 176
f 176 1283 933
f 1283 2508 933
f 2508 2418 933
f 1285 82 176
f 715 814 1284
f 1286 1162 1057
f 1286 1057 930
f 715 1286 930
f 814 715 930
f 1162 934 1057
f 2388 2464 931
f 50 132 2388
f 2388 132 2464
f 338 430 50
f 50 430 132
f 666 768 338
f 338 768 430
f 932 768 666
f 80 176 933
f 370 1285 470
f 470 1285 935
f 1285 176 935
f 176 80 935
f 370 470 804
f 370 804 700
f 700 804 1156
f 700 1156 1044
f 1287 1044 1156
f 1288 1164 1162
f 1288 1162 1286
f 934 1162 936
f 936 1162 1164
f 368 470 935
f 698 804 368
f 368 804 470
f 937 1158 698
f 1158 804 698
f 1158 1156 804
f 1504 1396 1287
f 1156 1504 1287
f 1158 1504 1156
f 1289 1396 1504
f 1059 1164 1288
f 1059 1290 1164
f 1290 936 1164
f 1290 938 936
f 1042 1158 937
f 939 1506 1042
f 1506 1158 1042
f 1506 1504 1158
f 1289 1504 1506
f 1289 1506 1291
f 1060 1292 1168
f 1168 940 1060
f 940 1290 1060
f 940 938 1290
f 941 1508 939
f 939 1508 1506
f 1291 1506 1508
f 1291 1508 1293
f 716 1294 824
f 1168 1292 716
f 1168 716 824
f 1058 1168 824
f 942 1058 824
f 940 1168 1058
f 1394 1508 941
f 1293 1508 1394
f 943 1293 1394
f 1295 1293 943
f 392 1296 496
f 824 1294 392
f 824 392 496
f 714 824 496
f 944 714 496
f 942 824 714
f 1768 1295 1880
f 1295 945 1880
f 1295 943 945
f 1297 1768 1880
f 108 1298 210
f 496 1296 108
f 496 108 210
f 390 496 210
f 946 390 210
f 944 496 390
f 1766 1880 945
f 1880 1766 1297
f 1766 2114 1297
f 1766 2112 2114
f 2446 2114 2112
f 2446 2448 2114
f 1298 2448 210
f 2448 106 210
f 2448 2446 106
f 946 210 106
f 1521 1305 1171
f 1171 1305 1303
f 1305 1659 1303
f 1661 1659 1305
f 1661 2007 1659
f 2009 2007 1661
f 2009 2341 2007
f 2343 2341 2009
f 2343 1522 2341
f 2341 1522 1172
f 1523 951 1061
f 1173 1061 951
f 1521 1173 951
f 1171 1173 1521
f 3 1172 1522
f 3 1522 5
f 5 1524 3
f 3 1524 1174
f 949 1175 1061
f 1175 1523 1061
f 1175 1525 1523
f 1061 1173 949
f 1174 1526 1176
f 1524 1526 1174
f 1527 1175 1177
f 1527 1525 1175
f 1176 1528 1178
f 1526 1528 1176
f 1529 1177 1179
f 1529 1527 1177
f 1178 1530 1180
f 1528 1530 1178
f 1179 950 1529
f 1529 950 952
f 1531 952 950
f 1531 950 1181
f 6 1532 1182
f 6 1182 4
f 4 1180 6
f 6 1180 1530
f 1533 953 1071
f 1183 1071 953
f 1531 1183 953
f 1181 1183 1531
f 2342 2471 1184
f 2342 1182 2471
f 1182 1534 2471
f 1182 1532 1534
f 1073 1535 1071
f 1071 1535 1533
f 1071 1183 1185
f 1071 1185 1073
f 1184 2471 2344
f 1536 1184 2344
f 1186 1184 1536
f 2471 1534 2344
f 1075 1537 1073
f 1073 1537 1535
f 1073 1185 1187
f 1073 1187 1075
f 2008 2141 1188
f 2008 1186 2141
f 1186 1538 2141
f 1186 1536 1538
f 1077 1539 1075
f 1075 1539 1537
f 1075 1187 1189
f 1075 1189 1077
f 2143 1190 1188
f 2143 1188 2141
f 2141 1538 2143
f 2143 1538 1540
f 1077 954 1539
f 1427 1541 1304
f 1304 1541 1189
f 1541 954 1189
f 954 1077 1189
f 1660 1801 1427
f 1660 1427 1304
f 2143 2010 1190
f 1190 2010 1660
f 2010 1542 1660
f 1542 1801 1660
f 2143 1540 2010
f 1427 1306 1541
f 1306 1427 1662
f 1662 1427 1801
f 1801 1542 1662
f 1543 635 1191
f 1191 635 633
f 635 981 633
f 983 981 635
f 983 1335 981
f 1337 1335 983
f 1337 1705 1335
f 1707 1705 1337
f 1707 1544 1705
f 1705 1544 1192
f 1545 307 1193
f 1193 307 305
f 1191 305 307
f 1191 307 1543
f 2053 1192 1544
f 2053 1544 2055
f 2055 1546 2053
f 2053 1546 1194
f 1547 1193 1195
f 1547 1545 1193
f 1194 1548 1196
f 1546 1548 1194
f 1549 1195 1197
f 1549 1547 1195
f 1196 1550 1198
f 1548 1550 1196
f 1551 1197 1199
f 1551 1549 1197
f 1198 1552 1200
f 1550 1552 1198
f 1553 1199 1201
f 1553 1551 1199
f 1552 2389 2503
f 1202 1552 2503
f 1200 1552 1202
f 2389 1554 2503
f 1555 1201 1203
f 1555 1553 1201
f 2505 1204 1202
f 2505 1202 2503
f 2503 1554 2505
f 2505 1554 1556
f 1557 2359 1205
f 1205 2359 2357
f 2359 19 2357
f 21 19 2359
f 1203 19 21
f 1203 21 1555
f 2507 1206 1204
f 2507 1204 2505
f 2505 1556 2507
f 2507 1556 1558
f 1559 969 1207
f 1207 969 967
f 969 1319 967
f 1321 1319 969
f 1321 1675 1319
f 1677 1675 1321
f 1677 2023 1675
f 2025 2023 1677
f 1205 2023 2025
f 1205 2025 1557
f 2054 2183 1208
f 2183 2054 1206
f 2507 2183 1206
f 2509 2183 2507
f 2507 1558 2509
f 2509 1558 1560
f 1561 625 1209
f 1209 625 623
f 1207 623 625
f 1207 625 1559
f 1706 1843 1210
f 1843 1706 1208
f 2183 1843 1208
f 2185 1843 2183
f 2183 2511 2185
f 2183 2509 2511
f 2509 1560 2511
f 2511 1560 1562
f 1563 1209 1211
f 1563 1561 1209
f 982 1123 1212
f 1336 1471 1123
f 1336 1123 982
f 1471 1336 1210
f 1843 1471 1210
f 1845 1471 1843
f 1843 2187 1845
f 1843 2185 2187
f 1564 2187 2390
f 2187 2511 2390
f 2187 2185 2511
f 2511 1562 2390
f 1565 1211 1213
f 1565 1563 1211
f 634 773 1214
f 1123 984 1212
f 1212 984 634
f 984 1566 634
f 1566 773 634
f 984 1123 1338
f 1338 1123 1471
f 1338 1471 1708
f 1708 1471 1845
f 1708 1845 2056
f 2056 1845 2187
f 2187 1564 2056
f 1567 1213 1215
f 1567 1565 1213
f 1214 773 636
f 1568 1214 636
f 1216 1214 1568
f 773 1566 636
f 1215 624 1567
f 1567 624 626
f 1569 626 624
f 1569 624 1217
f 306 439 1218
f 306 1216 439
f 1216 1570 439
f 1216 1568 1570
f 1217 968 1569
f 1569 968 970
f 968 1219 1424
f 1322 968 1424
f 970 968 1322
f 1571 1322 1424
f 20 145 1220
f 439 308 1218
f 1218 308 20
f 308 1572 20
f 1572 145 20
f 439 1570 308
f 1320 1424 1219
f 1424 1320 1571
f 1320 1678 1571
f 1320 1676 1678
f 2024 1678 1676
f 2024 2026 1678
f 2358 2026 2024
f 2358 2360 2026
f 145 22 1220
f 22 2358 1220
f 22 2360 2358
f 145 1572 22
f 1573 355 1221
f 1221 355 353
f 355 683 353
f 685 683 355
f 685 1027 683
f 1029 1027 685
f 1029 1379 1027
f 1381 1379 1029
f 1381 1751 1379
f 1753 1751 1381
f 1753 2097 1751
f 2099 2097 1753
f 1222 2097 2521
f 2097 2433 2521
f 2097 2099 2433
f 2433 1574 2521
f 1575 67 1223
f 1223 67 65
f 1221 65 67
f 1221 67 1573
f 2521 2431 1222
f 1574 93 187
f 1574 187 1224
f 2521 1574 1224
f 2431 2521 1224
f 93 1576 187
f 1577 2405 1225
f 1225 2405 2403
f 1223 2403 2405
f 1223 2405 1575
f 187 91 1224
f 1576 377 477
f 1576 477 1226
f 187 1576 1226
f 91 187 1226
f 377 1578 477
f 1579 2375 2455
f 2455 2375 1227
f 2375 35 1227
f 2375 37 35
f 37 321 35
f 323 321 37
f 323 649 321
f 651 649 323
f 1228 649 1113
f 649 999 1113
f 649 651 999
f 999 1580 1113
f 1581 1723 1835
f 1835 1723 1229
f 1723 2069 1229
f 1723 2071 2069
f 1225 2069 2071
f 1225 2071 1577
f 477 375 1226
f 477 1578 375
f 1578 1230 375
f 1578 1582 1230
f 1583 2041 2123
f 1579 2455 2041
f 2041 2455 2123
f 2455 2373 2123
f 2373 1231 2123
f 2455 1227 2373
f 1113 997 1228
f 997 1113 1580
f 1353 997 1580
f 1351 997 1353
f 1353 1581 1835
f 1721 1353 1835
f 1351 1353 1721
f 1835 1229 1721
f 1582 701 811
f 1232 1582 811
f 1230 1582 1232
f 701 1584 811
f 1585 1693 1783
f 1583 2123 1693
f 1693 2123 1783
f 2123 2039 1783
f 2039 1233 1783
f 2123 1231 2039
f 813 1234 1232
f 813 1232 811
f 811 1584 813
f 813 1584 1586
f 1691 1235 1783
f 1235 1585 1783
f 1235 1587 1585
f 1783 1233 1691
f 376 485 1236
f 485 376 1234
f 813 485 1234
f 815 485 813
f 813 1586 815
f 815 1586 1588
f 1589 1235 1237
f 1589 1587 1235
f 1752 1869 1238
f 2098 2209 1869
f 2098 1869 1752
f 2432 2535 2209
f 2432 2209 2098
f 92 199 2535
f 92 2535 2432
f 199 92 1236
f 485 199 1236
f 487 199 485
f 485 817 487
f 485 815 817
f 1045 1163 1588
f 1163 815 1588
f 1163 817 815
f 1045 1590 1163
f 1237 1692 1589
f 1589 1692 1694
f 1591 1694 1692
f 1591 1692 1239
f 1380 1503 1240
f 1869 1754 1238
f 1238 1754 1380
f 1754 1592 1380
f 1592 1503 1380
f 1754 1869 2100
f 2100 1869 2209
f 2100 2209 2434
f 2434 2209 2535
f 2434 2535 1593
f 2535 201 1593
f 2535 199 201
f 199 489 201
f 199 487 489
f 487 819 489
f 487 817 819
f 817 1165 819
f 817 1163 1165
f 1163 1590 1165
f 1165 1590 1594
f 1595 1239 1241
f 1595 1591 1239
f 686 1596 808
f 686 808 1242
f 1028 686 1242
f 1030 686 1028
f 1503 1382 1240
f 1382 1028 1240
f 1382 1030 1028
f 1503 1592 1382
f 201 94 1593
f 94 201 1597
f 201 491 1597
f 201 489 491
f 489 821 491
f 489 819 821
f 819 1167 821
f 819 1165 1167
f 1165 1594 1167
f 1167 1594 1598
f 1599 1241 1243
f 1599 1595 1241
f 68 1600 184
f 68 184 1244
f 354 68 1244
f 356 68 354
f 1596 356 808
f 356 684 808
f 356 354 684
f 1242 808 684
f 491 378 1597
f 378 491 702
f 702 491 821
f 702 821 1046
f 1046 821 1167
f 1167 1598 1046
f 1601 1243 1245
f 1601 1599 1243
f 2072 1602 2194
f 2072 2194 2520
f 2072 2520 2406
f 184 1600 2406
f 184 2406 2520
f 66 184 2520
f 1246 66 2520
f 1244 184 66
f 2042 1601 2142
f 1601 1247 2142
f 1601 1245 1247
f 1603 2042 2142
f 1724 1604 1854
f 2194 1602 1724
f 2194 1724 1854
f 2070 2194 1854
f 1248 2070 1854
f 2404 2520 2070
f 2070 2520 2194
f 1246 2520 2404
f 1249 2146 1247
f 1247 2146 2142
f 1603 2142 2146
f 1603 2146 1605
f 1250 1722 1854
f 1604 1250 1854
f 1606 1250 1604
f 1248 1854 1722
f 2040 2146 1249
f 1605 2146 2040
f 1251 1605 2040
f 1607 1605 1251
f 1352 1483 1252
f 1352 1250 1483
f 1250 1608 1483
f 1250 1606 1608
f 2483 1609 2374
f 1609 1251 2374
f 1609 1607 1251
f 1253 2483 2374
f 1485 1254 1252
f 1485 1252 1483
f 1483 1608 1485
f 1485 1608 1610
f 2483 2376 1609
f 153 1611 36
f 36 1611 1253
f 1611 2376 1253
f 2376 2483 1253
f 1255 153 36
f 998 1139 1256
f 1485 1354 1254
f 1254 1354 998
f 1354 1612 998
f 1612 1139 998
f 1485 1610 1354
f 153 38 1611
f 1255 322 153
f 322 38 153
f 322 324 38
f 650 324 322
f 650 652 324
f 1139 1000 1256
f 1000 650 1256
f 1000 652 650
f 1139 1612 1000
f 730 667 1257
f 1613 1015 730
f 1015 667 730
f 1015 1013 667
f 1015 1367 1013
f 1369 1367 1015
f 1369 1737 1367
f 1739 1737 1369
f 1739 2085 1737
f 2087 2085 1739
f 2087 1614 2085
f 2085 1614 1258
f 396 339 1259
f 669 730 1257
f 669 1257 339
f 1615 669 339
f 396 1615 339
f 1613 730 669
f 2419 1258 1614
f 2419 1614 2421
f 2421 1616 2419
f 2419 1616 1260
f 1261 398 1259
f 1259 398 396
f 1615 396 398
f 1615 398 1617
f 1260 1618 1262
f 1616 1618 1260
f 1263 400 1261
f 1261 400 398
f 1617 398 400
f 1617 400 1619
f 81 1262 1618
f 81 1618 83
f 83 1620 81
f 81 1620 1264
f 1265 402 1263
f 1263 402 400
f 1619 400 402
f 1619 402 1621
f 1264 1622 1266
f 1620 1622 1264
f 1267 404 1265
f 1265 404 402
f 1621 402 404
f 1621 404 1623
f 369 1266 1622
f 369 1622 371
f 371 1624 369
f 369 1624 1268
f 1269 408 1267
f 1267 408 404
f 1623 404 408
f 1623 408 1625
f 1268 1626 1270
f 1624 1626 1268
f 408 1269 341
f 1269 1627 341
f 1269 1271 1627
f 1625 408 341
f 1270 1628 1272
f 1626 1628 1270
f 120 51 1273
f 1271 51 120
f 1629 1271 120
f 1627 1271 1629
f 1630 792 699
f 1272 1630 699
f 1628 1630 1272
f 792 1274 699
f 1275 122 1273
f 1273 122 120
f 1629 120 122
f 1629 122 1631
f 1632 794 792
f 1632 792 1630
f 1274 792 1276
f 1276 792 794
f 1277 124 1275
f 1275 124 122
f 1631 122 124
f 1631 124 1633
f 1634 796 794
f 1634 794 1632
f 1276 794 1043
f 794 1148 1043
f 794 796 1148
f 1494 1395 1148
f 1148 1395 1043
f 1494 1278 1395
f 1279 128 1277
f 1277 128 124
f 1633 124 128
f 1633 128 1635
f 1740 1636 1838
f 1637 1740 1838
f 1638 798 796
f 1638 796 1634
f 1150 796 798
f 1148 796 1150
f 1496 1148 1150
f 1494 1148 1496
f 1278 1494 1767
f 1494 1864 1767
f 1494 1496 1864
f 2204 2113 1864
f 1864 2113 1767
f 2530 2447 2204
f 2204 2447 2113
f 194 107 2530
f 2530 107 2447
f 194 1280 107
f 1281 130 1279
f 1279 130 128
f 428 342 1635
f 128 428 1635
f 130 428 128
f 342 428 766
f 342 766 670
f 670 766 1118
f 670 1118 1016
f 1016 1118 1282
f 1368 1016 1282
f 1370 1016 1368
f 1636 1370 1838
f 1370 1738 1838
f 1370 1368 1738
f 1838 1738 1637
f 1738 2088 1637
f 1738 2086 2088
f 2420 2088 2086
f 2420 2422 2088
f 2420 1283 174
f 84 2420 174
f 2422 2420 84
f 84 174 466
f 84 466 372
f 798 1638 372
f 466 798 372
f 800 798 466
f 1152 798 800
f 1150 798 1152
f 1498 1150 1152
f 1496 1150 1498
f 1866 1496 1498
f 1864 1496 1866
f 2206 1864 1866
f 2204 1864 2206
f 2206 1639 2449
f 2530 2206 2449
f 2204 2206 2530
f 2530 2449 1640
f 196 2530 1640
f 194 2530 196
f 1280 194 391
f 194 484 391
f 194 196 484
f 484 1284 391
f 52 130 1281
f 340 428 52
f 52 428 130
f 668 766 340
f 340 766 428
f 1014 1118 668
f 668 1118 766
f 1282 1118 1014
f 82 174 1283
f 1285 468 82
f 468 174 82
f 468 466 174
f 802 466 468
f 800 466 802
f 1154 800 802
f 1152 800 1154
f 1500 1152 1154
f 1498 1152 1500
f 1868 1498 1500
f 1866 1498 1868
f 2208 1866 1868
f 2206 1866 2208
f 1639 2206 2208
f 1639 2208 1641
f 109 196 1640
f 196 109 1642
f 486 196 1642
f 484 196 486
f 1284 484 715
f 484 816 715
f 484 486 816
f 816 1286 715
f 370 468 1285
f 700 802 370
f 370 802 468
f 1044 1154 700
f 700 1154 802
f 1287 1502 1044
f 1502 1154 1044
f 1502 1500 1154
f 1870 1500 1502
f 1868 1500 1870
f 2210 1868 1870
f 2208 1868 2210
f 1641 2208 2210
f 1641 2210 1643
f 393 486 1642
f 486 393 1644
f 818 486 1644
f 816 486 818
f 1286 816 1288
f 1288 816 818
f 1396 1502 1287
f 1289 1872 1396
f 1872 1502 1396
f 1872 1870 1502
f 1872 1645 2115
f 2210 1872 2115
f 1870 1872 2210
f 1643 2210 2115
f 1646 820 818
f 1646 818 1644
f 1288 818 1059
f 818 1166 1059
f 818 820 1166
f 1166 1290 1059
f 1291 1874 1289
f 1289 1874 1872
f 1645 1872 1874
f 1645 1874 1647
f 1648 822 820
f 1648 820 1646
f 1060 1166 1292
f 1166 822 1292
f 1166 820 822
f 1290 1166 1060
f 1293 1876 1291
f 1291 1876 1874
f 1647 1874 1876
f 1647 1876 1649
f 110 1650 206
f 110 206 494
f 110 494 394
f 822 1648 394
f 822 394 494
f 716 822 494
f 1294 716 494
f 1292 822 716
f 1295 1878 1293
f 1293 1878 1876
f 1649 1876 1878
f 1649 1878 1651
f 1652 208 206
f 1652 206 1650
f 392 494 1296
f 494 208 1296
f 494 206 208
f 1294 494 392
f 1768 1878 1295
f 2116 1651 2220
f 2220 1651 1297
f 1651 1878 1297
f 1878 1768 1297
f 2116 2220 2546
f 2116 2546 2450
f 208 1652 2450
f 208 2450 2546
f 108 208 2546
f 1298 108 2546
f 1296 208 108
f 2114 2220 1297
f 2448 2546 2114
f 2114 2546 2220
f 1298 2546 2448
f 1887 1307 1521
f 1521 1307 1305
f 1307 1661 1305
f 1663 1661 1307
f 1663 2009 1661
f 2011 2009 1663
f 2011 2343 2009
f 2345 2343 2011
f 2345 1888 2343
f 2343 1888 1522
f 1889 955 1523
f 1523 955 951
f 1521 951 955
f 1521 955 1887
f 5 1522 1888
f 5 1888 7
f 7 1890 5
f 5 1890 1524
f 1891 1523 1525
f 1891 1889 1523
f 1524 1892 1526
f 1890 1892 1524
f 1893 1525 1527
f 1893 1891 1525
f 1526 1894 1528
f 1892 1894 1526
f 1895 1527 1529
f 1895 1893 1527
f 1528 1896 1530
f 1894 1896 1528
f 1069 1897 952
f 1897 1529 952
f 1897 1895 1529
f 1531 1069 952
f 8 1898 1532
f 8 1532 6
f 6 1530 8
f 8 1530 1896
f 953 1533 1069
f 1533 1897 1069
f 1533 1899 1897
f 1069 1531 953
f 1532 1900 1534
f 1898 1900 1532
f 1901 611 725
f 1535 725 611
f 1899 1535 611
f 1533 1535 1899
f 2344 2473 1536
f 2344 1534 2473
f 1534 1902 2473
f 1534 1900 1902
f 727 1903 725
f 725 1903 1901
f 725 1535 1537
f 725 1537 727
f 2475 1538 1536
f 2475 1536 2473
f 2473 1902 2475
f 2475 1902 1904
f 727 612 1903
f 1905 612 727
f 1537 1905 727
f 1539 1905 1537
f 2477 1540 1538
f 2477 1538 2475
f 2475 1904 2477
f 2477 1904 1906
f 1079 1907 954
f 1907 1539 954
f 1907 1905 1539
f 1541 1079 954
f 2010 2147 1542
f 2477 2346 1540
f 1540 2346 2010
f 2346 1908 2010
f 1908 2147 2010
f 2477 1906 2346
f 1079 956 1907
f 1541 1306 1079
f 1306 956 1079
f 1306 1308 956
f 1662 1308 1306
f 1662 1664 1308
f 2147 2012 1542
f 2012 1662 1542
f 2012 1664 1662
f 2147 1908 2012
f 740 635 1543
f 1909 985 740
f 985 635 740
f 985 983 635
f 985 1337 983
f 1339 1337 985
f 1814 1707 1910
f 1707 1339 1910
f 1707 1337 1339
f 1814 1544 1707
f 406 307 1545
f 637 740 1543
f 637 1543 307
f 1911 637 307
f 406 1911 307
f 1909 740 637
f 1709 1814 1910
f 1912 2162 2055
f 1912 2055 1544
f 1709 1912 1544
f 1814 1709 1544
f 2162 1546 2055
f 1547 410 1545
f 1545 410 406
f 1911 406 410
f 1911 410 1913
f 1914 2166 2162
f 1914 2162 1912
f 1546 2162 1548
f 1548 2162 2166
f 1549 414 1547
f 1547 414 410
f 1913 410 414
f 1913 414 1915
f 2057 2166 1914
f 2057 1916 2166
f 1916 1548 2166
f 1916 1550 1548
f 414 1549 309
f 1549 1917 309
f 1549 1551 1917
f 1915 414 309
f 1550 1918 1552
f 1916 1918 1550
f 1919 1551 1553
f 1919 1917 1551
f 2389 1552 1918
f 2389 1918 2391
f 2391 1920 2389
f 2389 1920 1554
f 1921 1553 1555
f 1921 1919 1553
f 1554 1922 1556
f 1920 1922 1554
f 1923 2361 1557
f 1557 2361 2359
f 2361 21 2359
f 23 21 2361
f 1555 21 23
f 1555 23 1921
f 1922 53 173
f 1558 1922 173
f 1556 1922 1558
f 53 1924 173
f 1925 971 1559
f 1559 971 969
f 971 1321 969
f 1323 1321 971
f 1323 1677 1321
f 1679 1677 1323
f 1679 2025 1677
f 2027 2025 1679
f 1557 2025 2027
f 1557 2027 1923
f 175 1560 1558
f 175 1558 173
f 173 1924 175
f 175 1924 1926
f 1927 627 1561
f 1561 627 625
f 1559 625 627
f 1559 627 1925
f 177 1562 1560
f 177 1560 175
f 175 1926 177
f 177 1926 1928
f 1929 1561 1563
f 1929 1927 1561
f 2390 2513 1564
f 2513 2390 1562
f 177 2513 1562
f 179 2513 177
f 177 1928 179
f 179 1928 1930
f 1931 1563 1565
f 1931 1929 1563
f 984 1125 1566
f 1338 1473 1125
f 1338 1125 984
f 1708 1847 1473
f 1708 1473 1338
f 2056 2189 1847
f 2056 1847 1708
f 2189 2056 1564
f 2513 2189 1564
f 2515 2189 2513
f 1932 2515 54
f 2515 179 54
f 2515 2513 179
f 179 1930 54
f 1933 1565 1567
f 1933 1931 1565
f 636 775 1568
f 775 636 1566
f 1125 775 1566
f 1127 775 1125
f 1125 1475 1127
f 1125 1473 1475
f 1473 1849 1475
f 1473 1847 1849
f 1847 2191 1849
f 1847 2189 2191
f 2189 2517 2191
f 2189 2515 2517
f 2515 1932 2517
f 2517 1932 1934
f 1567 626 1933
f 1933 626 628
f 1935 628 626
f 1935 626 1569
f 777 1570 1568
f 777 1568 775
f 1936 777 986
f 777 1127 986
f 777 775 1127
f 986 1127 1340
f 1340 1127 1475
f 1340 1475 1710
f 1710 1475 1849
f 1710 1849 2058
f 2058 1849 2191
f 2058 2191 2392
f 2392 2191 2517
f 2517 1934 2392
f 1569 970 1935
f 1935 970 972
f 1322 972 970
f 1322 1324 972
f 1937 1324 1322
f 1937 1322 1571
f 308 441 1572
f 777 638 1570
f 1570 638 308
f 638 1938 308
f 1938 441 308
f 777 1936 638
f 1571 1678 1937
f 1937 1678 1680
f 2026 1680 1678
f 2026 2028 1680
f 2360 2028 2026
f 2360 2362 2028
f 22 2362 2360
f 22 24 2362
f 441 310 1572
f 310 22 1572
f 310 24 22
f 441 1938 310
f 1939 69 163
f 163 69 1573
f 69 355 1573
f 69 357 355
f 357 685 355
f 687 685 357
f 687 1029 685
f 1031 1029 687
f 1031 1381 1029
f 1383 1381 1031
f 1383 1753 1381
f 1755 1753 1383
f 1755 2099 1753
f 2101 2099 1755
f 2101 2433 2099
f 2435 2433 2101
f 2435 1940 2433
f 2433 1940 1574
f 1941 2407 2499
f 1939 163 2407
f 2407 163 2499
f 163 67 2499
f 67 1575 2499
f 163 1573 67
f 93 1574 1940
f 93 1940 95
f 95 1942 93
f 93 1942 1576
f 1943 2377 2453
f 2453 2377 121
f 121 2377 39
f 121 39 419
f 419 39 325
f 419 325 757
f 757 325 653
f 653 1944 757
f 1945 2073 2175
f 1941 2499 2073
f 2073 2499 2175
f 2499 2405 2175
f 2405 1577 2175
f 2499 1575 2405
f 377 1576 1942
f 377 1942 379
f 379 1946 377
f 377 1946 1578
f 1947 2043 2119
f 1943 2453 2043
f 2043 2453 2119
f 2453 2375 2119
f 2375 1579 2119
f 121 37 2375
f 121 2375 2453
f 419 323 37
f 419 37 121
f 757 651 323
f 757 323 419
f 651 757 1944
f 1001 651 1944
f 999 651 1001
f 1580 999 1461
f 999 1355 1461
f 999 1001 1355
f 1461 1355 1581
f 1355 1723 1581
f 1355 1725 1723
f 1725 1945 2175
f 2071 1725 2175
f 1723 1725 2071
f 2175 1577 2071
f 1946 703 809
f 1582 1946 809
f 1578 1946 1582
f 703 1948 809
f 1949 1695 1779
f 1947 2119 1695
f 1695 2119 1779
f 2119 2041 1779
f 2041 1583 1779
f 2119 1579 2041
f 1461 1353 1580
f 1461 1581 1353
f 809 701 1582
f 809 1948 701
f 1948 1584 701
f 1948 1950 1584
f 1693 1585 1779
f 1585 1949 1779
f 1585 1951 1949
f 1779 1583 1693
f 1584 1952 1586
f 1950 1952 1584
f 1953 1585 1587
f 1953 1951 1585
f 1952 1047 1161
f 1588 1952 1161
f 1586 1952 1588
f 1047 1954 1161
f 1955 1587 1589
f 1955 1953 1587
f 1161 1045 1588
f 1954 1397 1513
f 1954 1513 1590
f 1161 1954 1590
f 1045 1161 1590
f 1397 1956 1513
f 1589 1694 1955
f 1955 1694 1696
f 1957 1696 1694
f 1957 1694 1591
f 1754 1871 1592
f 2100 2211 1871
f 2100 1871 1754
f 2434 2537 2211
f 2434 2211 2100
f 1593 2537 2434
f 1515 1594 1590
f 1515 1590 1513
f 1513 1956 1515
f 1515 1956 1958
f 1959 1591 1595
f 1959 1957 1591
f 70 1960 182
f 70 182 474
f 70 474 358
f 358 474 1596
f 686 358 1596
f 688 358 686
f 1030 688 686
f 1030 1032 688
f 1382 1032 1030
f 1382 1384 1032
f 1871 1756 1592
f 1756 1382 1592
f 1756 1384 1382
f 1756 1871 2102
f 2102 1871 2211
f 2102 2211 1961
f 2211 2539 1961
f 2211 2537 2539
f 2537 1593 94
f 203 2537 94
f 2539 2537 203
f 1597 203 94
f 1517 1598 1594
f 1517 1594 1515
f 1515 1958 1517
f 1517 1958 1962
f 1963 1595 1599
f 1963 1959 1595
f 2074 1964 2192
f 2074 2192 2518
f 2074 2518 2408
f 182 1960 2408
f 182 2408 2518
f 68 182 2518
f 1600 68 2518
f 356 474 68
f 68 474 182
f 1596 474 356
f 2539 2436 1961
f 2436 2539 1965
f 2539 205 1965
f 2539 203 205
f 203 1597 378
f 493 203 378
f 205 203 493
f 702 823 493
f 702 493 378
f 1046 1169 823
f 1046 823 702
f 1517 1398 1598
f 1598 1398 1046
f 1398 1966 1046
f 1966 1169 1046
f 1517 1962 1398
f 2044 1963 2140
f 1963 1601 2140
f 1963 1599 1601
f 1967 2044 2140
f 1726 1968 1852
f 2192 1964 1726
f 2192 1726 1852
f 2072 2192 1852
f 1602 2072 1852
f 2406 2518 2072
f 2072 2518 2192
f 1600 2518 2406
f 205 96 1965
f 96 205 380
f 380 205 493
f 380 493 704
f 704 493 823
f 704 823 1048
f 1048 823 1169
f 1169 1966 1048
f 2042 2140 1601
f 1967 2140 2042
f 1603 1967 2042
f 1969 1967 1603
f 1604 1724 1852
f 1968 1604 1852
f 1970 1604 1968
f 1602 1852 1724
f 1971 1603 1605
f 1971 1969 1603
f 1604 1972 1606
f 1970 1972 1604
f 1973 1605 1607
f 1973 1971 1605
f 1606 1974 1608
f 1972 1974 1606
f 1975 1607 1609
f 1975 1973 1607
f 1608 1976 1610
f 1974 1976 1608
f 1609 2376 1975
f 1975 2376 2378
f 1977 2378 2376
f 1977 2376 1611
f 1356 1978 1612
f 1356 1612 1354
f 1354 1610 1356
f 1356 1610 1976
f 1611 38 1977
f 1977 38 40
f 324 40 38
f 324 326 40
f 652 326 324
f 652 654 326
f 1000 654 652
f 1000 1002 654
f 1000 1612 1002
f 1002 1612 1978
f 1082 1015 1613
f 1979 1371 1082
f 1371 1015 1082
f 1371 1369 1015
f 1371 1739 1369
f 1741 1739 1371
f 2150 2087 1980
f 2087 1741 1980
f 2087 1739 1741
f 2150 1614 2087
f 732 669 1615
f 1017 1082 1613
f 1017 1613 669
f 1981 1017 669
f 732 1981 669
f 1979 1082 1017
f 2089 2150 1980
f 1982 2486 2421
f 1982 2421 1614
f 2089 1982 1614
f 2150 2089 1614
f 2486 1616 2421
f 1617 734 1615
f 1615 734 732
f 1981 732 734
f 1981 734 1983
f 2423 2486 1982
f 2423 1984 2486
f 1984 1616 2486
f 1984 1618 1616
f 1619 736 1617
f 1617 736 734
f 1983 734 736
f 1983 736 1985
f 1986 156 83
f 1618 1986 83
f 1984 1986 1618
f 156 1620 83
f 1621 738 1619
f 1619 738 736
f 1985 736 738
f 1985 738 1987
f 85 156 1986
f 85 1988 156
f 1988 1620 156
f 1988 1622 1620
f 738 1621 671
f 1621 1989 671
f 1621 1623 1989
f 1987 738 671
f 1990 452 371
f 1622 1990 371
f 1988 1990 1622
f 452 1624 371
f 672 1989 746
f 1989 1625 746
f 1989 1623 1625
f 1991 672 746
f 373 452 1990
f 373 1992 452
f 1992 1624 452
f 1992 1626 1624
f 412 341 1627
f 341 412 1625
f 412 746 1625
f 412 750 746
f 1991 746 750
f 1991 750 1993
f 1626 1994 1628
f 1992 1994 1626
f 1629 416 1627
f 1627 416 412
f 416 1995 673
f 750 416 673
f 412 416 750
f 1993 750 673
f 1628 1996 1630
f 1994 1996 1628
f 1631 420 1629
f 1629 420 416
f 1995 416 420
f 1995 420 1997
f 374 1998 460
f 460 1632 374
f 1632 1996 374
f 1632 1630 1996
f 1633 424 1631
f 1631 424 420
f 1997 420 424
f 1997 424 1999
f 2000 462 460
f 2000 460 1998
f 1632 460 1634
f 1634 460 462
f 1635 426 1633
f 1633 426 424
f 764 674 1999
f 424 764 1999
f 426 764 424
f 674 764 1116
f 674 1116 1018
f 1018 1116 1464
f 1018 1464 1372
f 1372 1464 1636
f 1740 1372 1636
f 1742 1372 1740
f 1740 1637 2180
f 2090 1740 2180
f 1742 1740 2090
f 2090 2180 2506
f 2090 2506 2424
f 2424 2506 172
f 2424 172 86
f 462 2000 86
f 172 462 86
f 464 462 172
f 1634 462 1638
f 1638 462 464
f 342 426 1635
f 670 764 342
f 342 764 426
f 1016 1116 670
f 670 1116 764
f 1370 1464 1016
f 1016 1464 1116
f 1636 1464 1370
f 2088 2180 1637
f 2422 2506 2088
f 2088 2506 2180
f 84 172 2422
f 2422 172 2506
f 372 464 84
f 84 464 172
f 1638 464 372
f 2532 2449 1639
f 2532 1640 2449
f 1641 2534 1639
f 1639 2534 2532
f 1640 2532 109
f 2532 198 109
f 2532 2534 198
f 198 1642 109
f 1643 2536 1641
f 1641 2536 2534
f 200 2534 2536
f 198 2534 200
f 1642 198 393
f 198 488 393
f 198 200 488
f 488 1644 393
f 2212 2115 1645
f 2115 2212 1643
f 2212 2536 1643
f 2212 2538 2536
f 202 2536 2538
f 200 2536 202
f 490 200 202
f 488 200 490
f 1644 488 1646
f 1646 488 490
f 1647 2214 1645
f 1645 2214 2212
f 2540 2212 2214
f 2538 2212 2540
f 204 2538 2540
f 202 2538 204
f 492 202 204
f 490 202 492
f 1646 490 1648
f 1648 490 492
f 1649 2216 1647
f 1647 2216 2214
f 2542 2214 2216
f 2540 2214 2542
f 110 204 1650
f 204 2542 1650
f 204 2540 2542
f 394 492 110
f 110 492 204
f 1648 492 394
f 1651 2218 1649
f 1649 2218 2216
f 2544 2216 2218
f 2542 2216 2544
f 1650 2542 1652
f 1652 2542 2544
f 2116 2218 1651
f 2450 2544 2116
f 2116 2544 2218
f 1652 2544 2450
f 2221 1309 1887
f 1887 1309 1307
f 1309 1663 1307
f 1665 1663 1309
f 1665 2011 1663
f 2013 2011 1665
f 2013 2345 2011
f 2347 2345 2013
f 2347 2222 2345
f 2345 2222 1888
f 2223 957 1889
f 1889 957 955
f 1887 955 957
f 1887 957 2221
f 7 1888 2222
f 7 2222 9
f 9 2224 7
f 7 2224 1890
f 2225 1889 1891
f 2225 2223 1889
f 1890 2226 1892
f 2224 2226 1890
f 2227 1891 1893
f 2227 2225 1891
f 1892 2228 1894
f 2226 2228 1892
f 2229 1893 1895
f 2229 2227 1893
f 1894 2230 1896
f 2228 2230 1894
f 2231 1895 1897
f 2231 2229 1895
f 8 137 1898
f 8 1896 137
f 1896 2232 137
f 1896 2230 2232
f 2233 1897 1899
f 2233 2231 1897
f 1898 137 10
f 2234 1898 10
f 1900 1898 2234
f 137 2232 10
f 2235 613 1901
f 1901 613 611
f 1899 611 613
f 1899 613 2233
f 1900 2236 1902
f 2234 2236 1900
f 2237 1901 1903
f 2237 2235 1901
f 1902 2238 1904
f 2236 2238 1902
f 1903 612 2237
f 2237 612 614
f 2239 614 612
f 2239 612 1905
f 1904 2240 1906
f 2238 2240 1904
f 2241 1905 1907
f 2241 2239 1905
f 2348 2242 1908
f 2348 1908 2346
f 2346 1906 2348
f 2348 1906 2240
f 1907 956 2241
f 2241 956 958
f 1308 958 956
f 1308 1310 958
f 1664 1310 1308
f 1664 1666 1310
f 2012 1666 1664
f 2012 2014 1666
f 2012 1908 2014
f 2014 1908 2242
f 1092 985 1909
f 1440 1339 1092
f 1092 1339 985
f 1440 1910 1339
f 744 637 1911
f 987 1092 1909
f 987 1909 637
f 2243 987 637
f 744 2243 637
f 1092 987 1341
f 1092 1341 1440
f 2244 1818 1709
f 2244 1709 1910
f 1341 2244 1910
f 1440 1341 1910
f 1818 1912 1709
f 1913 748 1911
f 1911 748 744
f 2243 744 748
f 2243 748 2245
f 2246 1822 1818
f 2246 1818 2244
f 1912 1818 1914
f 1914 1818 1822
f 748 1913 639
f 1913 2247 639
f 1913 1915 2247
f 2245 748 639
f 1711 1822 2246
f 2248 2170 2057
f 2248 2057 1914
f 1711 2248 1914
f 1822 1711 1914
f 2170 1916 2057
f 418 309 1917
f 1915 309 418
f 2249 1915 418
f 2247 1915 2249
f 2059 2170 2248
f 2059 2250 2170
f 2250 1916 2170
f 2250 1918 1916
f 418 1917 311
f 1917 2251 311
f 1917 1919 2251
f 2249 418 311
f 2391 1918 2250
f 2391 2250 2393
f 2393 2252 2391
f 2391 2252 1920
f 2253 1919 1921
f 2253 2251 1919
f 2252 55 171
f 1922 2252 171
f 1920 2252 1922
f 55 2254 171
f 2255 2363 1923
f 1923 2363 2361
f 2363 23 2361
f 25 23 2363
f 1921 23 25
f 1921 25 2253
f 171 53 1922
f 2254 343 465
f 2254 465 1924
f 171 2254 1924
f 53 171 1924
f 343 2256 465
f 1064 971 1925
f 2257 1325 1064
f 1325 971 1064
f 1325 1323 971
f 1325 1679 1323
f 1681 1679 1325
f 1681 2027 1679
f 2029 2027 1681
f 1923 2027 2029
f 1923 2029 2255
f 467 1926 1924
f 467 1924 465
f 465 2256 467
f 467 2256 2258
f 718 627 1927
f 973 1064 1925
f 973 1925 627
f 2259 973 627
f 718 2259 627
f 2257 1064 973
f 469 1928 1926
f 469 1926 467
f 467 2258 469
f 469 2258 2260
f 1929 720 1927
f 1927 720 718
f 2259 718 720
f 2259 720 2261
f 471 1930 1928
f 471 1928 469
f 469 2260 471
f 471 2260 2262
f 1931 722 1929
f 1929 722 720
f 2261 720 722
f 2261 722 2263
f 54 181 1932
f 181 54 1930
f 471 181 1930
f 473 181 471
f 471 2262 473
f 473 2262 2264
f 1933 724 1931
f 1931 724 722
f 2263 722 724
f 2263 724 2265
f 183 1934 1932
f 183 1932 181
f 2266 183 344
f 183 473 344
f 183 181 473
f 473 2264 344
f 628 724 1933
f 974 2265 1074
f 1074 2265 1935
f 2265 724 1935
f 724 628 1935
f 2267 974 1074
f 986 1129 1936
f 1340 1477 1129
f 1340 1129 986
f 1712 2268 1477
f 1340 1712 1477
f 1710 1712 1340
f 2058 2193 2269
f 1712 2058 2269
f 1710 2058 1712
f 2392 2519 2193
f 2392 2193 2058
f 183 56 1934
f 1934 56 2392
f 56 2270 2392
f 2270 2519 2392
f 183 2266 56
f 972 1074 1935
f 1074 972 2267
f 972 1326 2267
f 972 1324 1326
f 2271 1326 1324
f 2271 1324 1937
f 638 779 1938
f 1129 988 1936
f 1936 988 638
f 988 2272 638
f 2272 779 638
f 988 1129 1342
f 1342 1129 1477
f 1477 2268 1342
f 2193 2060 2269
f 2060 2193 2394
f 2394 2193 2519
f 2519 2270 2394
f 1937 1680 2271
f 2271 1680 1682
f 2028 1682 1680
f 2028 2030 1682
f 2362 2479 2273
f 2030 2362 2273
f 2028 2362 2030
f 24 147 2479
f 24 2479 2362
f 312 2274 147
f 24 312 147
f 310 312 24
f 779 640 1938
f 640 310 1938
f 640 312 310
f 779 2272 640
f 2479 2364 2273
f 2364 2479 26
f 26 2479 147
f 147 2274 26
f 2275 1357 1441
f 1441 1357 1815
f 1815 1357 1727
f 1727 2276 1815
f 1445 2277 1441
f 1441 2277 2275
f 1441 1819 1445
f 1441 1815 1819
f 2075 2163 2276
f 2163 1815 2276
f 2163 1819 1815
f 2163 2075 2495
f 2495 2075 2409
f 2495 2409 161
f 161 2409 71
f 71 2278 161
f 2279 1003 1101
f 2277 1445 1003
f 1445 1101 1003
f 1445 1449 1101
f 1445 1823 1449
f 1445 1819 1823
f 1819 2167 1823
f 1819 2163 2167
f 2163 2497 2167
f 2163 2495 2497
f 161 69 1939
f 2497 161 1939
f 2495 161 2497
f 69 161 2278
f 359 69 2278
f 357 69 359
f 359 687 357
f 689 687 359
f 689 1031 687
f 1033 1031 689
f 1033 1383 1031
f 1385 1383 1033
f 1385 1755 1383
f 1757 1755 1385
f 1757 2101 1755
f 2103 2101 1757
f 2522 2435 2280
f 2435 2103 2280
f 2435 2101 2103
f 2522 1940 2435
f 2281 41 119
f 119 41 415
f 415 41 327
f 415 327 753
f 753 327 655
f 2279 1101 655
f 1101 753 655
f 1101 1105 753
f 1101 1453 1105
f 1101 1449 1453
f 1449 1827 1453
f 1449 1823 1827
f 1823 2171 1827
f 1823 2167 2171
f 2497 2407 1941
f 2171 2497 1941
f 2167 2497 2171
f 2497 1939 2407
f 2437 2522 2280
f 2282 188 95
f 2282 95 1940
f 2437 2282 1940
f 2522 2437 1940
f 188 1942 95
f 2283 2045 2117
f 2117 2045 1943
f 2045 2377 1943
f 2045 2379 2377
f 2379 2281 119
f 39 2379 119
f 2377 2379 39
f 415 325 39
f 415 39 119
f 753 653 325
f 753 325 415
f 1109 1944 653
f 753 1109 653
f 1105 1109 753
f 1105 1457 1109
f 1105 1453 1457
f 1453 1831 1457
f 1453 1827 1831
f 2171 2073 1945
f 1831 2171 1945
f 1827 2171 1831
f 2171 1941 2073
f 97 188 2282
f 2284 478 379
f 2284 379 1942
f 97 2284 1942
f 188 97 1942
f 478 1946 379
f 2285 1697 1775
f 2283 2117 1697
f 1697 2117 1775
f 2117 2043 1775
f 2043 1947 1775
f 2117 1943 2043
f 1109 1001 1944
f 1457 1355 1001
f 1457 1001 1109
f 1831 1725 1355
f 1831 1355 1457
f 1831 1945 1725
f 381 478 2284
f 2286 810 703
f 2286 703 1946
f 381 2286 1946
f 478 381 1946
f 810 1948 703
f 1695 1949 1775
f 1949 2285 1775
f 1949 2287 2285
f 1775 1947 1695
f 705 810 2286
f 705 2288 810
f 2288 1948 810
f 2288 1950 1948
f 2289 1949 1951
f 2289 2287 1949
f 2288 1049 1159
f 1952 2288 1159
f 1950 2288 1952
f 1049 2290 1159
f 2291 1951 1953
f 2291 2289 1951
f 1159 1047 1952
f 2290 1399 1511
f 2290 1511 1954
f 1159 2290 1954
f 1047 1159 1954
f 1399 2292 1511
f 2293 1953 1955
f 2293 2291 1953
f 1511 1397 1954
f 2292 1769 1881
f 2292 1881 1956
f 1511 2292 1956
f 1397 1511 1956
f 1769 2294 1881
f 1955 1696 2293
f 2293 1696 1698
f 2295 1698 1696
f 2295 1696 1957
f 1883 1958 1956
f 1883 1956 1881
f 1881 2294 1883
f 1883 2294 2296
f 2297 1957 1959
f 2297 2295 1957
f 2410 2298 2516
f 2410 2516 1960
f 70 2410 1960
f 72 2410 70
f 358 72 70
f 358 360 72
f 688 360 358
f 688 690 360
f 1032 690 688
f 1032 1034 690
f 1384 1505 2299
f 1034 1384 2299
f 1032 1384 1034
f 1756 1873 1505
f 1756 1505 1384
f 2102 2213 1873
f 2102 1873 1756
f 1961 2213 2102
f 1885 1962 1958
f 1885 1958 1883
f 1883 2296 1885
f 1885 2296 2300
f 2046 2297 2138
f 2297 1963 2138
f 2297 1959 1963
f 2301 2046 2138
f 1728 2302 1850
f 1728 1850 1964
f 2074 1728 1964
f 2076 1728 2074
f 2298 2076 2516
f 2076 2408 2516
f 2076 2074 2408
f 1960 2516 2408
f 1505 1386 2299
f 1386 1505 1758
f 1758 1505 1873
f 1758 1873 2303
f 1873 2215 2303
f 1873 2213 2215
f 2213 1961 2436
f 2541 2213 2436
f 2215 2213 2541
f 1965 2541 2436
f 1398 1519 1966
f 1885 1770 1962
f 1962 1770 1398
f 1770 2304 1398
f 2304 1519 1398
f 1885 2300 1770
f 2044 2138 1963
f 2380 2301 2474
f 2474 2301 1967
f 2301 2138 1967
f 2138 2044 1967
f 2305 2380 2474
f 1358 2306 1478
f 1850 2302 1358
f 1850 1358 1478
f 1726 1850 1478
f 1968 1726 1478
f 1964 1850 1726
f 2215 2104 2303
f 2104 2215 2307
f 2215 2543 2307
f 2215 2541 2543
f 2541 1965 96
f 207 2541 96
f 2543 2541 207
f 380 495 207
f 380 207 96
f 706 2308 495
f 380 706 495
f 704 706 380
f 1048 706 704
f 1048 1050 706
f 1519 1400 1966
f 1400 1048 1966
f 1400 1050 1048
f 1519 2304 1400
f 1969 2476 1967
f 1967 2476 2474
f 2305 2474 2476
f 2305 2476 2309
f 2310 1480 1478
f 2310 1478 2306
f 1968 1478 1970
f 1970 1478 1480
f 2543 2438 2307
f 2438 2543 98
f 98 2543 207
f 98 207 382
f 382 207 495
f 495 2308 382
f 1971 2480 1969
f 1969 2480 2476
f 2309 2476 2480
f 2309 2480 2311
f 2312 1482 1480
f 2312 1480 2310
f 1970 1480 1972
f 1972 1480 1482
f 1973 2482 1971
f 1971 2482 2480
f 2311 2480 2482
f 2311 2482 2313
f 2314 1484 1482
f 2314 1482 2312
f 1972 1482 1974
f 1974 1482 1484
f 1975 2484 1973
f 1973 2484 2482
f 2313 2482 2484
f 2313 2484 2315
f 2316 1486 1484
f 2316 1484 2314
f 1974 1484 1976
f 1976 1484 1486
f 2378 2484 1975
f 42 2315 154
f 154 2315 1977
f 2315 2484 1977
f 2484 2378 1977
f 2317 42 154
f 1004 2318 1140
f 1486 2316 1004
f 1486 1004 1140
f 1356 1486 1140
f 1978 1356 1140
f 1976 1486 1356
f 40 154 1977
f 154 40 2317
f 40 328 2317
f 40 326 328
f 654 328 326
f 654 656 328
f 2318 656 1140
f 656 1002 1140
f 656 654 1002
f 1978 1140 1002
f 1430 1371 1979
f 1804 1741 1430
f 1430 1741 1371
f 1804 1980 1741
f 1084 1017 1981
f 1017 1084 1979
f 1084 1430 1979
f 1084 1432 1430
f 1806 1430 1432
f 1804 1430 1806
f 1980 1804 2089
f 1804 2152 2089
f 1804 1806 2152
f 2152 1982 2089
f 1983 1086 1981
f 1981 1086 1084
f 1086 2319 1373
f 1432 1086 1373
f 1084 1086 1432
f 1432 1373 1743
f 1432 1743 1806
f 1806 1743 2320
f 2154 1806 2320
f 2152 1806 2154
f 1982 2152 2423
f 2152 2488 2423
f 2152 2154 2488
f 2488 1984 2423
f 1985 1088 1983
f 1983 1088 1086
f 2319 1086 1088
f 2319 1088 2321
f 2091 2154 2320
f 2154 2091 2322
f 2490 2154 2322
f 2488 2154 2490
f 1984 2488 1986
f 1986 2488 2490
f 1987 1090 1985
f 1985 1090 1088
f 2321 1088 1090
f 2321 1090 2323
f 2425 2490 2322
f 2324 158 85
f 2324 85 1986
f 2425 2324 1986
f 2490 2425 1986
f 158 1988 85
f 742 671 1989
f 671 742 1987
f 742 1090 1987
f 742 1094 1090
f 2323 1090 1094
f 2323 1094 2325
f 2326 160 158
f 2326 158 2324
f 1988 158 1990
f 1990 158 160
f 672 742 1989
f 1991 1098 672
f 1098 742 672
f 1098 1094 742
f 2325 1094 1098
f 2325 1098 2327
f 87 160 2326
f 2328 454 373
f 2328 373 1990
f 87 2328 1990
f 160 87 1990
f 454 1992 373
f 1993 1102 1991
f 1991 1102 1098
f 2327 1098 1102
f 2327 1102 2329
f 2330 456 454
f 2330 454 2328
f 1992 454 1994
f 1994 454 456
f 754 673 1995
f 1019 1102 1993
f 1019 1993 673
f 2331 1019 673
f 754 2331 673
f 2329 1102 1019
f 2332 458 456
f 2332 456 2330
f 1994 456 1996
f 1996 456 458
f 1997 758 1995
f 1995 758 754
f 1110 1020 2331
f 754 1110 2331
f 758 1110 754
f 2333 1020 1110
f 88 2334 168
f 458 2332 88
f 458 88 168
f 374 458 168
f 1998 374 168
f 1996 458 374
f 1999 762 1997
f 1997 762 758
f 1114 758 762
f 1110 758 1114
f 1462 1374 2333
f 1110 1462 2333
f 1114 1462 1110
f 2335 1374 1462
f 2426 2336 2504
f 168 2334 2426
f 2504 168 2426
f 170 168 2504
f 1998 168 2000
f 2000 168 170
f 674 762 1999
f 1018 1114 674
f 674 1114 762
f 1372 1462 1018
f 1018 1462 1114
f 1462 1372 2335
f 1372 1744 2335
f 1372 1742 1744
f 2090 1744 1742
f 2090 2092 1744
f 2336 2092 2504
f 2092 2424 2504
f 2092 2090 2424
f 86 170 2424
f 2424 170 2504
f 2000 170 86
f 2547 1311 2221
f 2221 1311 1309
f 1311 1665 1309
f 1667 1665 1311
f 1667 2013 1665
f 2015 2013 1667
f 2015 2347 2013
f 2349 2347 2015
f 2349 2548 2347
f 2347 2548 2222
f 2549 959 2223
f 2223 959 957
f 2221 957 959
f 2221 959 2547
f 9 2222 2548
f 9 2548 11
f 11 2550 9
f 9 2550 2224
f 2551 2223 2225
f 2551 2549 2223
f 2224 2552 2226
f 2550 2552 2224
f 2553 2225 2227
f 2553 2551 2225
f 2226 2554 2228
f 2552 2554 2226
f 2555 2227 2229
f 2555 2553 2227
f 2228 2556 2230
f 2554 2556 2228
f 2557 2229 2231
f 2557 2555 2229
f 2230 2558 2232
f 2556 2558 2230
f 2559 615 723
f 2233 723 615
f 2557 2233 615
f 2231 2233 2557
f 10 139 2234
f 10 2232 139
f 2232 2560 139
f 2232 2558 2560
f 613 2235 723
f 2235 2559 723
f 2235 2561 2559
f 723 2233 613
f 141 2236 2234
f 141 2234 139
f 139 2560 141
f 141 2560 2562
f 2563 2235 2237
f 2563 2561 2235
f 2236 141 12
f 2564 2236 12
f 2238 2236 2564
f 141 2562 12
f 2237 614 2563
f 2563 614 616
f 2565 616 614
f 2565 614 2239
f 2238 2566 2240
f 2564 2566 2238
f 960 2565 1080
f 2565 2241 1080
f 2565 2239 2241
f 2567 960 1080
f 2016 2568 2148
f 2016 2148 2242
f 2348 2016 2242
f 2350 2016 2348
f 2348 2240 2350
f 2350 2240 2566
f 958 1080 2241
f 1080 958 2567
f 958 1312 2567
f 958 1310 1312
f 1666 1312 1310
f 1666 1668 1312
f 2568 1668 2148
f 1668 2014 2148
f 1668 1666 2014
f 2242 2148 2014
f 1096 987 2243
f 1444 1341 1096
f 1096 1341 987
f 1444 2244 1341
f 2245 1100 2243
f 2243 1100 1096
f 1448 1096 1100
f 1444 1096 1448
f 2244 1444 2246
f 2246 1444 1448
f 752 639 2247
f 639 752 2245
f 752 1100 2245
f 752 1104 1100
f 1452 1100 1104
f 1448 1100 1452
f 2246 1448 1711
f 1448 1826 1711
f 1448 1452 1826
f 1826 2248 1711
f 2249 756 2247
f 2247 756 752
f 756 2569 989
f 1104 756 989
f 752 756 1104
f 1104 989 1343
f 1104 1343 1452
f 1452 1343 1713
f 1452 1713 1826
f 2059 2248 1826
f 1713 2059 1826
f 2061 2059 1713
f 2061 2570 2059
f 2059 2570 2250
f 2571 313 2251
f 2251 313 311
f 641 756 2249
f 311 641 2249
f 313 641 311
f 2569 756 641
f 2393 2250 2570
f 2393 2570 2395
f 2395 2572 2393
f 2393 2572 2252
f 2573 27 127
f 2253 127 27
f 2571 2253 27
f 2251 2253 2571
f 55 2252 2572
f 55 2572 57
f 2254 55 463
f 55 345 463
f 55 57 345
f 345 2574 463
f 2575 2031 2127
f 2127 2031 2255
f 2031 2363 2255
f 2031 2365 2363
f 2365 2573 127
f 25 2365 127
f 2363 2365 25
f 127 2253 25
f 463 343 2254
f 2574 675 799
f 2574 799 2256
f 463 2574 2256
f 343 463 2256
f 675 2576 799
f 2577 1327 2257
f 2257 1327 1325
f 1327 1681 1325
f 1683 1681 1327
f 1683 2575 2127
f 2029 1683 2127
f 1681 1683 2029
f 2127 2255 2029
f 801 2258 2256
f 801 2256 799
f 799 2576 801
f 801 2576 2578
f 2579 975 2259
f 2259 975 973
f 2257 973 975
f 2257 975 2577
f 803 2260 2258
f 803 2258 801
f 801 2578 803
f 803 2578 2580
f 2581 2259 2261
f 2581 2579 2259
f 805 2262 2260
f 805 2260 803
f 803 2580 805
f 805 2580 2582
f 2583 2261 2263
f 2583 2581 2261
f 2262 805 676
f 2584 2262 676
f 2264 2262 2584
f 805 2582 676
f 976 2583 1072
f 2583 2265 1072
f 2583 2263 2265
f 2585 976 1072
f 344 475 2266
f 344 2264 475
f 2264 2586 475
f 2264 2584 2586
f 974 1072 2265
f 2585 1072 974
f 2267 2585 974
f 2587 2585 2267
f 1712 1851 2268
f 2269 1851 1712
f 56 185 2270
f 475 346 2266
f 2266 346 56
f 346 2588 56
f 2588 185 56
f 475 2586 346
f 2267 1326 2587
f 2587 1326 1328
f 2589 1328 1326
f 2589 1326 2271
f 990 2590 2272
f 990 2272 988
f 1342 990 988
f 1342 1344 990
f 1851 1714 2268
f 1714 1342 2268
f 1714 1344 1342
f 2269 2060 1851
f 2060 1714 1851
f 2060 2062 1714
f 2394 2062 2060
f 2394 2396 2062
f 185 58 2270
f 58 2394 2270
f 58 2396 2394
f 185 2588 58
f 2271 1682 2589
f 2589 1682 1684
f 2030 2145 2591
f 1684 2030 2591
f 1682 2030 1684
f 2273 2145 2030
f 312 443 2274
f 642 2592 443
f 312 642 443
f 640 642 312
f 640 2272 642
f 642 2272 2590
f 2145 2032 2591
f 2273 2364 2145
f 2364 2032 2145
f 2364 2366 2032
f 26 2366 2364
f 26 28 2366
f 443 314 2274
f 314 26 2274
f 314 28 26
f 443 2592 314
f 2593 1729 1809
f 1809 1729 2155
f 2155 1729 2077
f 2077 2594 2155
f 2595 657 737
f 737 657 1089
f 1089 657 1005
f 1089 1005 1437
f 1437 1005 1359
f 2593 1809 1359
f 1809 1437 1359
f 1809 1811 1437
f 1809 2157 1811
f 1809 2155 2157
f 2155 2594 2157
f 2157 2594 2596
f 741 2597 737
f 737 2597 2595
f 737 1093 741
f 737 1089 1093
f 1437 1357 2275
f 1093 1437 2275
f 1089 1437 1093
f 1811 1727 1357
f 1811 1357 1437
f 2159 2276 1727
f 1811 2159 1727
f 2157 2159 1811
f 2411 2493 2596
f 2493 2157 2596
f 2493 2159 2157
f 2411 2598 2493
f 2599 329 407
f 2597 741 329
f 741 407 329
f 741 745 407
f 741 1097 745
f 741 1093 1097
f 1093 2275 2277
f 1093 2277 1097
f 2159 2075 2276
f 2493 2409 2075
f 2493 2075 2159
f 2409 2493 2598
f 73 2409 2598
f 71 2409 73
f 2278 71 453
f 71 361 453
f 71 73 361
f 361 2600 453
f 2601 43 117
f 2599 407 43
f 407 117 43
f 407 411 117
f 407 749 411
f 407 745 749
f 1097 1003 2279
f 749 1097 2279
f 745 1097 749
f 1097 2277 1003
f 453 359 2278
f 359 453 2600
f 691 359 2600
f 689 359 691
f 691 1033 689
f 1035 1033 691
f 1035 1385 1033
f 1387 1385 1035
f 1387 1757 1385
f 1759 1757 1387
f 2196 2103 2602
f 2103 1759 2602
f 2103 1757 1759
f 2196 2280 2103
f 2603 2381 2451
f 2601 117 2381
f 2381 117 2451
f 117 41 2451
f 41 2281 2451
f 411 327 41
f 411 41 117
f 749 655 327
f 749 327 411
f 749 2279 655
f 2105 2196 2602
f 2604 2524 2437
f 2604 2437 2280
f 2105 2604 2280
f 2196 2105 2280
f 2524 2282 2437
f 2605 2047 2283
f 2283 2047 2045
f 2047 2603 2451
f 2379 2047 2451
f 2045 2047 2379
f 2451 2281 2379
f 2439 2524 2604
f 2606 190 97
f 2606 97 2282
f 2439 2606 2282
f 2524 2439 2282
f 190 2284 97
f 2607 1699 2285
f 2285 1699 1697
f 2283 1697 1699
f 2283 1699 2605
f 99 190 2606
f 2608 480 381
f 2608 381 2284
f 99 2608 2284
f 190 99 2284
f 480 2286 381
f 2609 2285 2287
f 2609 2607 2285
f 383 480 2608
f 705 2286 480
f 383 705 480
f 707 705 383
f 707 2610 705
f 705 2610 2288
f 2611 2287 2289
f 2611 2609 2287
f 1049 2288 2610
f 1049 2610 1051
f 1051 2612 1049
f 1049 2612 2290
f 2613 2289 2291
f 2613 2611 2289
f 1399 2290 2612
f 1399 2612 1401
f 1401 2614 1399
f 1399 2614 2292
f 2615 2291 2293
f 2615 2613 2291
f 1769 2292 2614
f 1769 2614 1771
f 1771 2616 1769
f 1769 2616 2294
f 2293 1698 2615
f 2615 1698 1700
f 2617 1700 1698
f 2617 1698 2295
f 74 2618 180
f 74 180 472
f 74 472 362
f 362 472 806
f 362 806 692
f 2619 692 806
f 2294 2620 2296
f 2616 2620 2294
f 2048 2617 2136
f 2617 2297 2136
f 2617 2295 2297
f 2621 2048 2136
f 1730 2622 1848
f 1730 1848 2190
f 1730 2190 2078
f 2078 2190 2298
f 2410 2078 2298
f 2412 2078 2410
f 2618 2412 180
f 2412 72 180
f 2412 2410 72
f 360 472 72
f 72 472 180
f 690 806 360
f 360 806 472
f 806 690 2619
f 690 1036 2619
f 690 1034 1036
f 2623 1036 1034
f 2623 1034 2299
f 2296 2624 2300
f 2620 2624 2296
f 2046 2136 2297
f 2382 2621 2472
f 2472 2621 2301
f 2621 2136 2301
f 2136 2046 2301
f 2625 2382 2472
f 1006 2626 1128
f 1006 1128 1476
f 1006 1476 1360
f 1848 2622 1360
f 1848 1360 1476
f 1728 1848 1476
f 2302 1728 1476
f 2076 2190 1728
f 1728 2190 1848
f 2298 2190 2076
f 2299 1386 2623
f 2623 1386 1388
f 1758 1875 2627
f 1388 1758 2627
f 1386 1758 1388
f 2303 1875 1758
f 1772 2628 2304
f 1772 2304 1770
f 1770 2300 1772
f 1772 2300 2624
f 2380 2472 2301
f 44 2625 142
f 142 2625 2305
f 2625 2472 2305
f 2472 2380 2305
f 2629 44 142
f 2630 1130 1128
f 2630 1128 2626
f 1358 1476 2306
f 1476 1130 2306
f 1476 1128 1130
f 2302 1476 1358
f 1877 2631 1875
f 1875 2631 2627
f 1875 2303 2104
f 2217 1875 2104
f 1877 1875 2217
f 2307 2217 2104
f 706 825 2308
f 1052 2632 825
f 706 1052 825
f 1050 1052 706
f 1400 1052 1050
f 1400 1402 1052
f 1400 2304 1402
f 1402 2304 2628
f 2309 146 2305
f 2305 146 142
f 442 330 2629
f 142 442 2629
f 146 442 142
f 330 442 780
f 330 780 658
f 1130 2630 658
f 780 1130 658
f 1132 1130 780
f 2306 1130 2310
f 2310 1130 1132
f 1877 1760 2631
f 1760 1877 2633
f 1877 2219 2633
f 1877 2217 2219
f 2217 2307 2438
f 2545 2217 2438
f 2219 2217 2545
f 100 2634 2545
f 2438 100 2545
f 98 100 2438
f 382 100 98
f 382 384 100
f 825 708 2308
f 708 382 2308
f 708 384 382
f 825 2632 708
f 2311 148 2309
f 2309 148 146
f 148 2635 331
f 442 148 331
f 146 148 442
f 442 331 659
f 442 659 780
f 780 659 2636
f 1134 780 2636
f 1132 780 1134
f 2310 1132 2312
f 2312 1132 1134
f 2219 2106 2633
f 2106 2219 2440
f 2440 2219 2545
f 2545 2634 2440
f 2313 150 2311
f 2311 150 148
f 2635 148 150
f 2635 150 2637
f 2638 1136 1134
f 2638 1134 2636
f 2312 1134 2314
f 2314 1134 1136
f 2315 152 2313
f 2313 152 150
f 2637 150 152
f 2637 152 2639
f 2640 1138 1136
f 2640 1136 2638
f 2314 1136 2316
f 2316 1136 1138
f 42 152 2315
f 332 2639 450
f 450 2639 2317
f 2639 152 2317
f 152 42 2317
f 332 450 788
f 332 788 660
f 1138 2640 660
f 1138 660 788
f 1004 1138 788
f 2318 1004 788
f 2316 1138 1004
f 328 450 2317
f 656 788 328
f 328 788 450
f 2318 788 656
f 1434 1373 2319
f 1808 1743 1434
f 1434 1743 1373
f 1808 2320 1743
f 2321 1436 2319
f 2319 1436 1434
f 1810 1434 1436
f 1808 1434 1810
f 2320 1808 2091
f 1808 2156 2091
f 1808 1810 2156
f 2156 2322 2091
f 2323 1438 2321
f 2321 1438 1436
f 1812 1436 1438
f 1810 1436 1812
f 2158 1810 1812
f 2156 1810 2158
f 2322 2156 2425
f 2156 2492 2425
f 2156 2158 2492
f 2492 2324 2425
f 2325 1442 2323
f 2323 1442 1438
f 1442 2641 1745
f 1812 1442 1745
f 1438 1442 1812
f 1812 1745 2093
f 1812 2093 2158
f 2158 2093 2642
f 2494 2158 2642
f 2492 2158 2494
f 2324 2492 2326
f 2326 2492 2494
f 2327 1446 2325
f 2325 1446 1442
f 2641 1442 1446
f 2641 1446 2643
f 2427 2494 2642
f 2644 162 87
f 2644 87 2326
f 2427 2644 2326
f 2494 2427 2326
f 162 2328 87
f 2329 1450 2327
f 2327 1450 1446
f 2643 1446 1450
f 2643 1450 2645
f 2646 164 162
f 2646 162 2644
f 2328 162 2330
f 2330 162 164
f 1106 1019 2331
f 1019 1106 2329
f 1106 1450 2329
f 1106 1454 1450
f 2645 1450 1454
f 2645 1454 2647
f 2648 166 164
f 2648 164 2646
f 2330 164 2332
f 2332 164 166
f 1020 1106 2331
f 2333 1458 1020
f 1458 1106 1020
f 1458 1454 1106
f 2647 1454 1458
f 2647 1458 2649
f 2428 2650 2502
f 166 2648 2428
f 166 2428 2502
f 88 166 2502
f 2334 88 2502
f 2332 166 88
f 1374 1458 2333
f 1746 2649 1836
f 1836 2649 2335
f 2649 1458 2335
f 1458 1374 2335
f 1746 1836 2178
f 1746 2178 2094
f 2502 2650 2094
f 2502 2094 2178
f 2426 2502 2178
f 2336 2426 2178
f 2334 2502 2426
f 1744 1836 2335
f 2092 2178 1744
f 1744 2178 1836
f 2336 2178 2092
f 211 1653 1785
f 1785 1653 2129
f 2129 1653 2001
f 2001 212 2129
f 1787 213 1785
f 1785 213 211
f 1785 2131 1787
f 1785 2129 2131
f 2129 212 2131
f 2131 212 214
f 1789 215 1787
f 1787 215 213
f 1787 2133 1789
f 1787 2131 2133
f 2131 214 2133
f 2133 214 216
f 1789 1654 215
f 1654 1789 2002
f 2002 1789 2133
f 2133 216 2002
f 217 1313 2547
f 2547 1313 1311
f 1313 1667 1311
f 1669 1667 1313
f 1669 2015 1667
f 2017 2015 1669
f 2017 2349 2015
f 2351 2349 2017
f 2548 2349 125
f 2349 13 125
f 2349 2351 13
f 13 218 125
f 219 961 2549
f 2549 961 959
f 2547 959 961
f 2547 961 217
f 125 11 2548
f 125 218 11
f 218 2550 11
f 218 220 2550
f 221 2549 2551
f 221 219 2549
f 2550 222 2552
f 220 222 2550
f 223 2551 2553
f 223 221 2551
f 2552 224 2554
f 222 224 2552
f 225 2553 2555
f 225 223 2553
f 2554 226 2556
f 224 226 2554
f 227 617 721
f 2557 721 617
f 225 2557 617
f 2555 2557 225
f 2556 228 2558
f 226 228 2556
f 615 2559 721
f 2559 227 721
f 2559 229 227
f 721 2557 615
f 2558 230 2560
f 228 230 2558
f 231 2559 2561
f 231 229 2559
f 2560 232 2562
f 230 232 2560
f 233 2561 2563
f 233 231 2561
f 12 143 2564
f 12 2562 143
f 2562 234 143
f 2562 232 234
f 2563 616 233
f 233 616 618
f 235 618 616
f 235 616 2565
f 2564 143 14
f 236 2564 14
f 2566 2564 236
f 143 234 14
f 2565 960 235
f 235 960 962
f 960 2567 1428
f 1314 960 1428
f 962 960 1314
f 1314 1428 1802
f 1314 1802 1670
f 1670 1802 2568
f 2016 1670 2568
f 2018 1670 2016
f 2350 2018 2016
f 2350 2352 2018
f 2350 2566 2352
f 2352 2566 236
f 1312 1428 2567
f 1668 1802 1312
f 1312 1802 1428
f 2568 1802 1668
f 1108 989 2569
f 1456 1343 1108
f 1108 1343 989
f 1830 1713 1456
f 1456 1713 1343
f 2174 2061 1830
f 1830 2061 1713
f 2174 2570 2061
f 422 313 2571
f 237 643 422
f 643 313 422
f 643 641 313
f 991 1108 2569
f 641 991 2569
f 643 991 641
f 1108 991 1345
f 1108 1345 1456
f 1456 1345 1715
f 1456 1715 1830
f 1830 1715 2063
f 1830 2063 2174
f 2395 2570 2174
f 2063 2395 2174
f 2397 2395 2063
f 2572 2395 169
f 2395 59 169
f 2395 2397 59
f 169 59 461
f 461 59 347
f 461 347 795
f 795 347 677
f 677 238 795
f 239 2367 2459
f 2459 2367 2573
f 2367 27 2573
f 2367 29 27
f 315 422 2571
f 27 315 2571
f 29 315 27
f 237 422 315
f 169 57 2572
f 461 345 57
f 461 57 169
f 797 2574 345
f 461 797 345
f 795 797 461
f 795 238 797
f 797 238 240
f 241 2033 2575
f 2575 2033 2031
f 2033 239 2459
f 2365 2033 2459
f 2031 2033 2365
f 2459 2573 2365
f 797 675 2574
f 240 1021 1151
f 240 1151 2576
f 797 240 2576
f 675 797 2576
f 1021 242 1151
f 1412 1327 2577
f 243 1685 1412
f 1685 1327 1412
f 1685 1683 1327
f 2575 1683 1685
f 2575 1685 241
f 2576 1151 1022
f 244 2576 1022
f 2578 2576 244
f 1151 242 1022
f 1066 975 2579
f 1329 1412 2577
f 1329 2577 975
f 245 1329 975
f 1066 245 975
f 243 1412 1329
f 2578 246 2580
f 244 246 2578
f 2581 1068 2579
f 2579 1068 1066
f 245 1066 1068
f 245 1068 247
f 2580 248 2582
f 246 248 2580
f 2583 1070 2581
f 2581 1070 1068
f 247 1068 1070
f 247 1070 249
f 678 250 2584
f 678 2584 676
f 676 2582 678
f 678 2582 248
f 976 1070 2583
f 249 1070 976
f 2585 249 976
f 251 249 2585
f 2584 252 2586
f 250 252 2584
f 1330 251 1422
f 251 2587 1422
f 251 2585 2587
f 253 1330 1422
f 348 254 2588
f 348 2588 346
f 346 2586 348
f 348 2586 252
f 1328 1422 2587
f 253 1422 1328
f 2589 253 1328
f 255 253 2589
f 990 1131 2590
f 1346 256 1131
f 990 1346 1131
f 1344 1346 990
f 1714 1346 1344
f 1714 1716 1346
f 2062 1716 1714
f 2062 2064 1716
f 2396 2064 2062
f 2396 2398 2064
f 58 2398 2396
f 58 60 2398
f 58 2588 60
f 60 2588 254
f 2589 1684 255
f 255 1684 1686
f 257 1686 1684
f 257 1684 2591
f 644 258 2592
f 644 2592 642
f 1131 992 2590
f 992 642 2590
f 992 644 642
f 1131 256 992
f 2591 2032 257
f 257 2032 2034
f 2366 2034 2032
f 2366 2368 2034
f 28 2368 2366
f 28 30 2368
f 314 30 28
f 314 316 30
f 314 2592 316
f 316 2592 258
f 259 1007 1083
f 1083 1007 1431
f 1431 1007 1361
f 1361 260 1431
f 261 661 733
f 259 1083 661
f 1083 733 661
f 1083 1085 733
f 1083 1433 1085
f 1083 1431 1433
f 1731 1807 260
f 1807 1431 260
f 1807 1433 1431
f 1807 1731 2153
f 2153 1731 2079
f 2079 262 2153
f 735 263 733
f 733 263 261
f 733 1087 735
f 733 1085 1087
f 1085 1435 1087
f 1085 1433 1435
f 1807 1729 2593
f 1435 1807 2593
f 1433 1807 1435
f 2153 2077 1729
f 2153 1729 1807
f 262 2413 2489
f 262 2489 2594
f 2153 262 2594
f 2077 2153 2594
f 2413 264 2489
f 265 333 401
f 263 735 333
f 333 735 401
f 735 657 401
f 657 2595 401
f 1087 1005 657
f 1087 657 735
f 1435 1359 1005
f 1435 1005 1087
f 1435 2593 1359
f 2491 2596 2594
f 2491 2594 2489
f 2489 264 2491
f 2491 264 266
f 403 267 401
f 401 267 265
f 401 2595 2597
f 401 2597 403
f 2491 2411 2596
f 266 75 159
f 266 159 2598
f 2491 266 2598
f 2411 2491 2598
f 75 268 159
f 269 45 115
f 267 403 45
f 45 403 115
f 403 329 115
f 329 2599 115
f 403 2597 329
f 159 73 2598
f 73 159 268
f 363 73 268
f 361 73 363
f 363 270 361
f 361 270 2600
f 43 2601 115
f 2601 269 115
f 2601 271 269
f 115 2599 43
f 691 2600 270
f 691 270 693
f 693 1035 691
f 1037 1035 693
f 1037 1387 1035
f 1389 1387 1037
f 1856 1759 272
f 1759 1389 272
f 1759 1387 1389
f 1856 2602 1759
f 273 2383 2603
f 2603 2383 2381
f 2601 2381 2383
f 2601 2383 271
f 1761 1856 272
f 274 2198 2105
f 274 2105 2602
f 1761 274 2602
f 1856 1761 2602
f 2198 2604 2105
f 275 2049 2605
f 2605 2049 2047
f 2603 2047 2049
f 2603 2049 273
f 2107 2198 274
f 276 2526 2439
f 276 2439 2604
f 2107 276 2604
f 2198 2107 2604
f 2526 2606 2439
f 1776 1699 2607
f 2605 1699 1776
f 277 2605 1776
f 275 2605 277
f 2441 2526 276
f 278 192 99
f 278 99 2606
f 2441 278 2606
f 2526 2441 2606
f 192 2608 99
f 1776 2607 1701
f 2607 279 1701
f 2607 2609 279
f 277 1776 1701
f 101 192 278
f 383 2608 192
f 101 383 192
f 385 383 101
f 385 707 383
f 709 707 385
f 709 280 707
f 707 280 2610
f 281 2609 2611
f 281 279 2609
f 1051 2610 280
f 1051 280 1053
f 1053 282 1051
f 1051 282 2612
f 283 2611 2613
f 283 281 2611
f 1401 2612 282
f 1401 282 1403
f 1403 284 1401
f 1401 284 2614
f 1702 283 1788
f 283 2615 1788
f 283 2613 2615
f 285 1702 1788
f 1771 2614 284
f 1771 284 1773
f 1773 286 1771
f 1771 286 2616
f 1700 1788 2615
f 2050 285 2134
f 2134 285 2617
f 285 1788 2617
f 1788 1700 2617
f 287 2050 2134
f 1732 288 1846
f 1732 1846 2188
f 1732 2188 2080
f 2080 2188 2514
f 2080 2514 2414
f 2414 2514 2618
f 74 2414 2618
f 76 2414 74
f 362 76 74
f 362 364 76
f 692 364 362
f 692 694 364
f 289 694 692
f 289 692 2619
f 2616 290 2620
f 286 290 2616
f 2048 2134 2617
f 2384 287 2470
f 2470 287 2621
f 287 2134 2621
f 2134 2048 2621
f 291 2384 2470
f 1008 292 1126
f 1008 1126 1474
f 1008 1474 1362
f 1846 288 1362
f 1846 1362 1474
f 1730 1846 1474
f 2622 1730 1474
f 2078 2188 1730
f 1730 2188 1846
f 2412 2514 2078
f 2078 2514 2188
f 2618 2514 2412
f 2619 1036 289
f 289 1036 1038
f 293 1038 1036
f 293 1036 2623
f 2620 294 2624
f 290 294 2620
f 2382 2470 2621
f 46 291 140
f 140 291 2625
f 291 2470 2625
f 2470 2382 2625
f 46 140 438
f 46 438 334
f 334 438 776
f 334 776 662
f 1126 292 662
f 1126 662 776
f 1006 1126 776
f 2626 1006 776
f 1360 1474 1006
f 1006 1474 1126
f 2622 1474 1360
f 1507 295 1388
f 295 2623 1388
f 295 293 2623
f 2627 1507 1388
f 1774 296 2628
f 1774 2628 1772
f 1772 2624 1774
f 1774 2624 294
f 44 140 2625
f 2629 440 44
f 440 140 44
f 440 438 140
f 778 438 440
f 776 438 778
f 2626 776 2630
f 2630 776 778
f 1507 1390 295
f 297 1390 1507
f 2627 297 1507
f 2631 297 2627
f 1054 298 2632
f 1054 2632 1052
f 1402 1054 1052
f 1402 1404 1054
f 1402 2628 1404
f 1404 2628 296
f 330 440 2629
f 658 778 330
f 330 778 440
f 2630 778 658
f 1879 299 1760
f 299 2631 1760
f 299 297 2631
f 2633 1879 1760
f 100 209 2634
f 386 300 209
f 100 386 209
f 384 386 100
f 708 386 384
f 708 710 386
f 708 2632 710
f 710 2632 298
f 444 331 2635
f 782 659 444
f 444 659 331
f 782 2636 659
f 1879 1762 299
f 2633 2106 1879
f 2106 1762 1879
f 2106 2108 1762
f 2440 2108 2106
f 2440 2442 2108
f 209 102 2634
f 102 2440 2634
f 102 2442 2440
f 209 300 102
f 2637 446 2635
f 2635 446 444
f 784 444 446
f 782 444 784
f 2636 782 2638
f 2638 782 784
f 2639 448 2637
f 2637 448 446
f 786 446 448
f 784 446 786
f 2638 784 2640
f 2640 784 786
f 332 448 2639
f 660 786 332
f 332 786 448
f 2640 786 660
f 1816 1745 2641
f 2160 2093 1816
f 1816 2093 1745
f 2160 2642 2093
f 2643 1820 2641
f 2641 1820 1816
f 2164 1816 1820
f 2160 1816 2164
f 2642 2160 2427
f 2160 2496 2427
f 2160 2164 2496
f 2496 2644 2427
f 2645 1824 2643
f 2643 1824 1820
f 2168 1820 1824
f 2164 1820 2168
f 2498 2164 2168
f 2496 2164 2498
f 2644 2496 2646
f 2646 2496 2498
f 2647 1828 2645
f 2645 1828 1824
f 2172 1824 1828
f 2168 1824 2172
f 2500 2168 2172
f 2498 2168 2500
f 2646 2498 2648
f 2648 2498 2500
f 2649 1832 2647
f 2647 1832 1828
f 2176 1828 1832
f 2172 1828 2176
f 2428 2500 2650
f 2500 2176 2650
f 2500 2172 2176
f 2648 2500 2428
f 1746 1832 2649
f 2094 2176 1746
f 1746 2176 1832
f 2650 2176 2094
